ply
format ascii 1.0
comment Created by Open3D
element vertex 13506
property double x
property double y
property double z
end_header
-0.0976152 0.850272 -0.111626
-0.0784124 0.852051 -0.111626
-0.0736117 0.852496 -0.111626
-0.068811 0.85294 -0.111626
-0.0496082 0.854719 -0.111626
-0.0448075 0.855163 -0.111626
-0.020804 0.857386 -0.111626
-0.0112026 0.858276 -0.111626
-0.0976152 0.850272 -0.106636
-0.0880138 0.851162 -0.106636
-0.0400068 0.855608 -0.106636
-0.0352061 0.856053 -0.106636
-0.0256047 0.856942 -0.106636
-0.020804 0.857386 -0.106636
-0.0112026 0.858276 -0.106636
-0.0544089 0.854274 -0.106636
-0.102416 0.849828 -0.101646
-0.0976152 0.850272 -0.101646
-0.0880138 0.851162 -0.101646
-0.0736117 0.852496 -0.101646
-0.068811 0.85294 -0.101646
-0.0640103 0.853385 -0.101646
-0.0592096 0.853829 -0.101646
-0.0544089 0.854274 -0.101646
-0.0496082 0.854719 -0.101646
-0.0448075 0.855163 -0.101646
-0.0256047 0.856942 -0.101646
-0.020804 0.857386 -0.101646
-0.0112026 0.858276 -0.101646
-0.102416 0.849828 -0.0966554
-0.0976152 0.850272 -0.0966554
-0.0880138 0.851162 -0.0966554
-0.0352061 0.856053 -0.111626
-0.0832131 0.851606 -0.0966554
-0.0736117 0.852496 -0.0966554
-0.0640103 0.853385 -0.0966554
-0.0544089 0.854274 -0.0966554
-0.020804 0.857386 -0.0966554
-0.0112026 0.858276 -0.0966554
-0.0928145 0.850717 -0.0916651
-0.068811 0.85294 -0.0916651
-0.0640103 0.853385 -0.0916651
-0.102416 0.849828 -0.0916651
-0.0544089 0.854274 -0.0916651
-0.0496082 0.854719 -0.0916651
-0.0448075 0.855163 -0.0916651
-0.0400068 0.855608 -0.0916651
-0.0256047 0.856942 -0.0916651
-0.020804 0.857386 -0.0916651
-0.0112026 0.858276 -0.0916651
-0.0976152 0.850272 -0.0866748
-0.0880138 0.851162 -0.0866748
-0.0784124 0.852051 -0.0866748
-0.0736117 0.852496 -0.0866748
-0.0640103 0.853385 -0.0866748
-0.0592096 0.853829 -0.0866748
-0.0448075 0.855163 -0.0866748
-0.020804 0.857386 -0.0866748
-0.0160033 0.857831 -0.0866748
-0.0112026 0.858276 -0.0866748
-0.102416 0.849828 -0.0816846
-0.0976152 0.850272 -0.0816846
-0.0880138 0.851162 -0.0816846
-0.0832131 0.851606 -0.0816846
-0.0736117 0.852496 -0.0816846
-0.068811 0.85294 -0.0816846
-0.0640103 0.853385 -0.0816846
-0.0352061 0.856053 -0.0816846
-0.0256047 0.856942 -0.0816846
-0.020804 0.857386 -0.0816846
-0.0160033 0.857831 -0.0816846
-0.0112026 0.858276 -0.0816846
-0.102416 0.849828 -0.0766943
-0.0976152 0.850272 -0.0766943
-0.0928145 0.850717 -0.0766943
-0.0352061 0.856053 -0.0916651
-0.0832131 0.851606 -0.0766943
-0.0736117 0.852496 -0.0766943
-0.068811 0.85294 -0.0766943
-0.0592096 0.853829 -0.0766943
-0.0448075 0.855163 -0.0766943
-0.0400068 0.855608 -0.0766943
-0.0256047 0.856942 -0.0766943
-0.020804 0.857386 -0.0766943
-0.0112026 0.858276 -0.0766943
-0.0976152 0.850272 -0.0717041
-0.0880138 0.851162 -0.0717041
-0.0736117 0.852496 -0.0717041
-0.068811 0.85294 -0.0717041
-0.0640103 0.853385 -0.0717041
-0.0592096 0.853829 -0.0717041
-0.0448075 0.855163 -0.0717041
-0.0400068 0.855608 -0.0717041
-0.020804 0.857386 -0.0717041
-0.0160033 0.857831 -0.0717041
-0.0112026 0.858276 -0.0717041
-0.102416 0.849828 -0.0667138
-0.0976152 0.850272 -0.0667138
-0.0928145 0.850717 -0.0667138
-0.0880138 0.851162 -0.0667138
-0.0400068 0.855608 -0.0667138
-0.0352061 0.856053 -0.0667138
-0.0256047 0.856942 -0.0667138
-0.020804 0.857386 -0.0667138
-0.102416 0.849828 -0.0617235
-0.0976152 0.850272 -0.0617235
-0.0880138 0.851162 -0.0617235
-0.0832131 0.851606 -0.0617235
-0.068811 0.85294 -0.0617235
-0.0544089 0.854274 -0.0617235
-0.0400068 0.855608 -0.0617235
-0.0256047 0.856942 -0.0617235
-0.020804 0.857386 -0.0617235
-0.0112026 0.858276 -0.0617235
-0.0880138 0.851162 -0.0567333
-0.0832131 0.851606 -0.0567333
-0.068811 0.85294 -0.106636
-0.0784124 0.852051 -0.0567333
-0.0736117 0.852496 -0.0567333
-0.0352061 0.856053 -0.0567333
-0.0304054 0.856497 -0.0567333
-0.0256047 0.856942 -0.0567333
-0.020804 0.857386 -0.0567333
-0.102416 0.849828 -0.051743
-0.0928145 0.850717 -0.051743
-0.0880138 0.851162 -0.051743
-0.0832131 0.851606 -0.051743
-0.0736117 0.852496 -0.051743
-0.0640103 0.853385 -0.051743
-0.0592096 0.853829 -0.051743
-0.0448075 0.855163 -0.051743
-0.0256047 0.856942 -0.051743
-0.0160033 0.857831 -0.051743
-0.00549727 0.848952 -0.111626
-0.00504495 0.844069 -0.111626
-0.00459262 0.839185 -0.111626
-0.00368797 0.829417 -0.111626
-0.00233099 0.814765 -0.111626
-0.00187867 0.809881 -0.111626
-0.000974018 0.800113 -0.111626
-6.93664e-05 0.790346 -0.111626
0.000382959 0.785462 -0.111626
0.00128761 0.775694 -0.111626
0.00354924 0.751274 -0.111626
0.00626319 0.721971 -0.111626
0.00671552 0.717087 -0.111626
0.00716784 0.712203 -0.111626
0.0080725 0.702435 -0.111626
0.00897715 0.692667 -0.111626
0.0107864 0.673132 -0.111626
0.0116911 0.663364 -0.111626
0.0135004 0.643828 -0.111626
-0.00640193 0.85872 -0.106636
-0.00549727 0.848952 -0.106636
-0.00504495 0.844069 -0.106636
-0.00142634 0.804997 -0.106636
-0.000974018 0.800113 -0.106636
-0.000521692 0.795229 -0.106636
-6.93664e-05 0.790346 -0.106636
0.000835285 0.780578 -0.106636
0.00128761 0.775694 -0.106636
0.00264459 0.761042 -0.106636
0.00309691 0.756158 -0.106636
0.00535854 0.731739 -0.106636
0.00581087 0.726855 -0.106636
0.00626319 0.721971 -0.106636
0.00671552 0.717087 -0.106636
-0.0640103 0.853385 -0.106636
0.0080725 0.702435 -0.106636
0.00897715 0.692667 -0.106636
0.0098818 0.6829 -0.106636
0.0103341 0.678016 -0.106636
0.0107864 0.673132 -0.106636
0.0112388 0.668248 -0.106636
0.0125958 0.653596 -0.106636
0.0130481 0.648712 -0.106636
0.0135004 0.643828 -0.106636
0.0148574 0.629177 -0.106636
-0.0059496 0.853836 -0.101646
-0.00549727 0.848952 -0.101646
-0.00504495 0.844069 -0.101646
-0.00459262 0.839185 -0.101646
-0.0400068 0.855608 -0.111626
-0.00368797 0.829417 -0.101646
-0.00278332 0.819649 -0.101646
-0.00142634 0.804997 -0.101646
-0.000521692 0.795229 -0.101646
-6.93664e-05 0.790346 -0.101646
0.0130481 0.648712 -0.111626
0.00264459 0.761042 -0.101646
0.00490622 0.736623 -0.101646
0.00626319 0.721971 -0.101646
0.00716784 0.712203 -0.101646
0.00762017 0.707319 -0.101646
0.0080725 0.702435 -0.101646
0.00897715 0.692667 -0.101646
0.0121434 0.65848 -0.106636
0.00942947 0.687784 -0.101646
0.0098818 0.6829 -0.101646
0.0148574 0.629177 -0.101646
-0.00640193 0.85872 -0.0966554
-0.0059496 0.853836 -0.0966554
-0.00549727 0.848952 -0.0966554
-0.00504495 0.844069 -0.0966554
-0.00459262 0.839185 -0.0966554
-0.00278332 0.819649 -0.0966554
-0.000521692 0.795229 -0.0966554
-6.93664e-05 0.790346 -0.0966554
0.000835285 0.780578 -0.0966554
0.00354924 0.751274 -0.0966554
0.00400156 0.74639 -0.0966554
0.00671552 0.717087 -0.0966554
0.0080725 0.702435 -0.0966554
0.00852482 0.697551 -0.0966554
0.0116911 0.663364 -0.101646
0.0098818 0.6829 -0.0966554
0.0103341 0.678016 -0.0966554
0.0107864 0.673132 -0.0966554
0.0121434 0.65848 -0.0966554
0.0125958 0.653596 -0.0966554
0.00309691 0.756158 -0.0966554
0.0139527 0.638944 -0.0966554
0.0144051 0.634061 -0.0966554
-0.0059496 0.853836 -0.0916651
-0.00549727 0.848952 -0.0916651
-0.00504495 0.844069 -0.0916651
-0.0041403 0.834301 -0.0916651
-0.0448075 0.855163 -0.0816846
-0.00368797 0.829417 -0.0916651
-0.00278332 0.819649 -0.0916651
-0.00142634 0.804997 -0.0916651
-0.0496082 0.854719 -0.0567333
-0.000974018 0.800113 -0.0916651
-0.000521692 0.795229 -0.0916651
-0.0928145 0.850717 -0.0717041
-6.93664e-05 0.790346 -0.0916651
0.00173994 0.77081 -0.0916651
0.00219226 0.765926 -0.0916651
0.00354924 0.751274 -0.0916651
0.00400156 0.74639 -0.0916651
0.00490622 0.736623 -0.0916651
0.00535854 0.731739 -0.0916651
0.00581087 0.726855 -0.0916651
-0.0544089 0.854274 -0.0866748
0.00626319 0.721971 -0.0916651
0.00671552 0.717087 -0.0916651
0.00762017 0.707319 -0.0916651
0.0080725 0.702435 -0.0916651
0.00897715 0.692667 -0.0916651
0.0139527 0.638944 -0.0916651
0.0148574 0.629177 -0.0916651
0.00852482 0.697551 -0.0916651
-0.00640193 0.85872 -0.0866748
-0.0059496 0.853836 -0.0866748
-0.00549727 0.848952 -0.0866748
-0.00504495 0.844069 -0.0866748
-0.00459262 0.839185 -0.0866748
-0.0400068 0.855608 -0.0966554
-0.00368797 0.829417 -0.0866748
-0.00278332 0.819649 -0.0866748
-0.00142634 0.804997 -0.0866748
-0.0496082 0.854719 -0.051743
-0.000974018 0.800113 -0.0866748
0.000382959 0.785462 -0.0866748
0.000835285 0.780578 -0.0866748
0.00128761 0.775694 -0.0866748
0.00173994 0.77081 -0.0866748
0.0130481 0.648712 -0.101646
0.00264459 0.761042 -0.0866748
0.00535854 0.731739 -0.0866748
-0.0544089 0.854274 -0.0567333
0.00626319 0.721971 -0.0866748
0.00671552 0.717087 -0.0866748
0.00716784 0.712203 -0.0866748
0.00762017 0.707319 -0.0866748
0.0080725 0.702435 -0.0866748
-0.00278332 0.819649 -0.111626
0.00852482 0.697551 -0.0866748
0.00897715 0.692667 -0.0866748
0.00942947 0.687784 -0.0866748
0.0107864 0.673132 -0.0866748
0.0116911 0.663364 -0.0866748
0.0121434 0.65848 -0.0866748
0.0135004 0.643828 -0.0866748
-0.0784124 0.852051 -0.106636
0.0139527 0.638944 -0.0866748
0.0144051 0.634061 -0.0866748
0.0148574 0.629177 -0.0866748
0.0153097 0.624293 -0.0866748
-0.0059496 0.853836 -0.0816846
-0.00549727 0.848952 -0.0816846
-0.00504495 0.844069 -0.0816846
-0.00459262 0.839185 -0.0816846
-0.00368797 0.829417 -0.0816846
-0.0784124 0.852051 -0.101646
-0.00323565 0.824533 -0.0816846
-0.00278332 0.819649 -0.0816846
-0.00233099 0.814765 -0.0816846
-0.00187867 0.809881 -0.0816846
-0.00142634 0.804997 -0.0816846
-6.93664e-05 0.790346 -0.0816846
0.000382959 0.785462 -0.0816846
0.00173994 0.77081 -0.0816846
0.00264459 0.761042 -0.0816846
0.00354924 0.751274 -0.0816846
0.00400156 0.74639 -0.0816846
0.00490622 0.736623 -0.0816846
0.00581087 0.726855 -0.0816846
-0.0544089 0.854274 -0.051743
0.00626319 0.721971 -0.0816846
0.00671552 0.717087 -0.0816846
0.00716784 0.712203 -0.0816846
0.00762017 0.707319 -0.0816846
0.0080725 0.702435 -0.0816846
0.00852482 0.697551 -0.0816846
0.00897715 0.692667 -0.0816846
0.0107864 0.673132 -0.0816846
0.0112388 0.668248 -0.0816846
0.0116911 0.663364 -0.0816846
0.0130481 0.648712 -0.0816846
0.0148574 0.629177 -0.0816846
0.00852482 0.697551 -0.101646
-0.00640193 0.85872 -0.0766943
-0.00549727 0.848952 -0.0766943
-0.00504495 0.844069 -0.0766943
-0.00459262 0.839185 -0.0766943
-0.0400068 0.855608 -0.0866748
-0.00368797 0.829417 -0.0766943
-0.00278332 0.819649 -0.0766943
-0.00142634 0.804997 -0.0766943
-0.000521692 0.795229 -0.0766943
0.000382959 0.785462 -0.0766943
0.000835285 0.780578 -0.0766943
0.00128761 0.775694 -0.0766943
0.00173994 0.77081 -0.0766943
0.0130481 0.648712 -0.0866748
0.00264459 0.761042 -0.0766943
0.00354924 0.751274 -0.0766943
0.00400156 0.74639 -0.0766943
0.00490622 0.736623 -0.0766943
0.00581087 0.726855 -0.0766943
-0.0544089 0.854274 -0.0667138
0.00626319 0.721971 -0.0766943
0.00716784 0.712203 -0.0766943
0.00762017 0.707319 -0.0766943
0.0080725 0.702435 -0.0766943
0.00852482 0.697551 -0.0766943
0.00897715 0.692667 -0.0766943
0.00942947 0.687784 -0.0766943
0.0098818 0.6829 -0.0766943
0.0103341 0.678016 -0.0766943
0.0116911 0.663364 -0.0766943
0.0125958 0.653596 -0.0766943
0.0135004 0.643828 -0.0766943
-0.0784124 0.852051 -0.0916651
0.00309691 0.756158 -0.0766943
0.0139527 0.638944 -0.0766943
0.0148574 0.629177 -0.0766943
0.0153097 0.624293 -0.0766943
-0.0059496 0.853836 -0.0717041
-0.00504495 0.844069 -0.0717041
-0.00459262 0.839185 -0.0717041
-0.0041403 0.834301 -0.0717041
-0.00323565 0.824533 -0.0717041
0.00852482 0.697551 -0.106636
-0.00640193 0.85872 -0.0717041
-0.00278332 0.819649 -0.0717041
-0.0304054 0.856497 -0.106636
-0.000974018 0.800113 -0.0717041
-0.000521692 0.795229 -0.0717041
-6.93664e-05 0.790346 -0.0717041
0.00173994 0.77081 -0.0717041
0.00354924 0.751274 -0.0717041
-0.0160033 0.857831 -0.0916651
0.00400156 0.74639 -0.0717041
0.00490622 0.736623 -0.0717041
0.00535854 0.731739 -0.0717041
0.00581087 0.726855 -0.0717041
0.00626319 0.721971 -0.0717041
0.00716784 0.712203 -0.0717041
0.00762017 0.707319 -0.0717041
0.0080725 0.702435 -0.0717041
0.00852482 0.697551 -0.0717041
0.00897715 0.692667 -0.0717041
0.00942947 0.687784 -0.0717041
0.0103341 0.678016 -0.0717041
0.0107864 0.673132 -0.0717041
0.0121434 0.65848 -0.0717041
0.0125958 0.653596 -0.0717041
0.0130481 0.648712 -0.0717041
0.0135004 0.643828 -0.0717041
0.0148574 0.629177 -0.0717041
0.0153097 0.624293 -0.0717041
-0.00640193 0.85872 -0.0667138
-0.0059496 0.853836 -0.0667138
-0.00549727 0.848952 -0.0667138
-0.00504495 0.844069 -0.0667138
-0.00459262 0.839185 -0.0667138
-0.00368797 0.829417 -0.0667138
-0.00640193 0.85872 -0.101646
-0.00278332 0.819649 -0.0667138
-0.00233099 0.814765 -0.0667138
-0.00187867 0.809881 -0.0667138
-0.00142634 0.804997 -0.0667138
-0.0928145 0.850717 -0.111626
-6.93664e-05 0.790346 -0.0667138
0.000835285 0.780578 -0.0667138
-0.0832131 0.851606 -0.111626
-0.0352061 0.856053 -0.0966554
0.00128761 0.775694 -0.0667138
0.00173994 0.77081 -0.0667138
0.00264459 0.761042 -0.0667138
0.00445389 0.741507 -0.0667138
0.00490622 0.736623 -0.0667138
0.00535854 0.731739 -0.0667138
-0.102416 0.849828 -0.106636
-0.0544089 0.854274 -0.0766943
0.00626319 0.721971 -0.0667138
0.00716784 0.712203 -0.0667138
0.00762017 0.707319 -0.0667138
0.0107864 0.673132 -0.0667138
0.0112388 0.668248 -0.0667138
0.0116911 0.663364 -0.0667138
0.0121434 0.65848 -0.0667138
0.0125958 0.653596 -0.0667138
-0.0784124 0.852051 -0.0816846
0.0139527 0.638944 -0.0667138
0.0144051 0.634061 -0.0667138
-0.0059496 0.853836 -0.0617235
-0.00504495 0.844069 -0.0617235
-0.00640193 0.85872 -0.0916651
-0.00278332 0.819649 -0.0617235
-0.00233099 0.814765 -0.0617235
-0.00142634 0.804997 -0.0617235
0.000835285 0.780578 -0.0617235
0.00128761 0.775694 -0.0617235
0.00219226 0.765926 -0.0617235
-0.00323565 0.824533 -0.0916651
0.0139527 0.638944 -0.0816846
0.00309691 0.756158 -0.0617235
0.00354924 0.751274 -0.0617235
0.00445389 0.741507 -0.0617235
0.00490622 0.736623 -0.0617235
0.00581087 0.726855 -0.0617235
-0.0544089 0.854274 -0.0816846
0.00626319 0.721971 -0.0617235
0.00671552 0.717087 -0.0617235
0.00762017 0.707319 -0.0617235
0.0080725 0.702435 -0.0617235
0.00852482 0.697551 -0.0617235
0.00897715 0.692667 -0.0617235
0.00942947 0.687784 -0.0617235
0.0103341 0.678016 -0.0617235
0.0125958 0.653596 -0.0617235
0.0130481 0.648712 -0.0617235
0.0135004 0.643828 -0.0617235
0.0139527 0.638944 -0.0617235
0.0144051 0.634061 -0.0617235
0.0148574 0.629177 -0.0617235
0.0153097 0.624293 -0.0617235
-0.00640193 0.85872 -0.0567333
-0.00549727 0.848952 -0.0567333
-0.00142634 0.804997 -0.0567333
-0.000521692 0.795229 -0.0567333
0.000382959 0.785462 -0.0567333
0.000835285 0.780578 -0.0567333
0.00264459 0.761042 -0.0567333
0.00490622 0.736623 -0.0567333
0.00535854 0.731739 -0.0567333
0.00581087 0.726855 -0.0567333
-0.102416 0.849828 -0.111626
0.00626319 0.721971 -0.0567333
0.00671552 0.717087 -0.0567333
0.00716784 0.712203 -0.0567333
0.0080725 0.702435 -0.0567333
0.00852482 0.697551 -0.0567333
0.00942947 0.687784 -0.0567333
0.0103341 0.678016 -0.0567333
0.0107864 0.673132 -0.0567333
0.0112388 0.668248 -0.0567333
0.0121434 0.65848 -0.0567333
0.0125958 0.653596 -0.0567333
0.0130481 0.648712 -0.0567333
0.0135004 0.643828 -0.0567333
0.0139527 0.638944 -0.0567333
-0.00640193 0.85872 -0.051743
-0.0059496 0.853836 -0.051743
-0.00504495 0.844069 -0.051743
-0.00459262 0.839185 -0.051743
-0.0041403 0.834301 -0.051743
-0.00187867 0.809881 -0.051743
-0.00142634 0.804997 -0.051743
-0.000521692 0.795229 -0.051743
-6.93664e-05 0.790346 -0.051743
0.000382959 0.785462 -0.051743
0.000835285 0.780578 -0.051743
0.0130481 0.648712 -0.0667138
0.00264459 0.761042 -0.051743
0.00445389 0.741507 -0.051743
0.00490622 0.736623 -0.051743
0.00581087 0.726855 -0.051743
0.00626319 0.721971 -0.051743
0.00762017 0.707319 -0.051743
0.0080725 0.702435 -0.051743
0.0098818 0.6829 -0.051743
0.0107864 0.673132 -0.051743
0.0121434 0.65848 -0.051743
0.00897715 0.692667 -0.0567333
0.0125958 0.653596 -0.051743
0.0135004 0.643828 -0.051743
-0.0784124 0.852051 -0.0717041
0.00309691 0.756158 -0.0567333
0.0139527 0.638944 -0.051743
0.0148574 0.629177 -0.051743
0.0153097 0.624293 -0.051743
0.015762 0.619409 -0.111626
0.0109613 0.618964 -0.111626
-0.00233099 0.814765 -0.0866748
0.00616063 0.61852 -0.111626
-0.00344077 0.61763 -0.111626
-0.0178429 0.616297 -0.111626
-0.0226436 0.615852 -0.111626
-0.0370457 0.614518 -0.111626
-0.0466471 0.613629 -0.111626
0.00942947 0.687784 -0.106636
0.0121434 0.65848 -0.0766943
-0.0562485 0.61274 -0.111626
-0.0658499 0.61185 -0.111626
-0.0706506 0.611406 -0.111626
-0.080252 0.610516 -0.111626
0.015762 0.619409 -0.106636
0.0109613 0.618964 -0.106636
0.00616063 0.61852 -0.106636
0.0135004 0.643828 -0.0966554
0.00135993 0.618075 -0.106636
-0.00344077 0.61763 -0.106636
-0.00824147 0.617186 -0.106636
-0.0178429 0.616297 -0.106636
-0.0226436 0.615852 -0.106636
-0.00323565 0.824533 -0.0617235
-0.0274443 0.615407 -0.106636
-0.032245 0.614963 -0.106636
-0.0466471 0.613629 -0.106636
0.00400156 0.74639 -0.106636
-0.0610492 0.612295 -0.106636
-0.0706506 0.611406 -0.106636
-0.0754513 0.610961 -0.106636
-0.080252 0.610516 -0.106636
0.015762 0.619409 -0.101646
-0.00233099 0.814765 -0.101646
0.00616063 0.61852 -0.101646
0.0135004 0.643828 -0.101646
0.00135993 0.618075 -0.101646
-0.0130422 0.616741 -0.101646
-0.0226436 0.615852 -0.101646
-0.0418464 0.614073 -0.101646
-0.0514478 0.613184 -0.101646
-0.0610492 0.612295 -0.101646
-0.0658499 0.61185 -0.101646
-0.080252 0.610516 -0.101646
0.015762 0.619409 -0.0966554
-0.00233099 0.814765 -0.0966554
0.00616063 0.61852 -0.0966554
-0.00824147 0.617186 -0.0966554
-0.0130422 0.616741 -0.0966554
-0.0178429 0.616297 -0.0966554
-0.0226436 0.615852 -0.0966554
-0.0274443 0.615407 -0.0966554
-0.0418464 0.614073 -0.0966554
-0.0562485 0.61274 -0.0966554
-0.0706506 0.611406 -0.0966554
-0.0754513 0.610961 -0.0966554
0.00616063 0.61852 -0.0916651
0.00135993 0.618075 -0.0916651
-0.00344077 0.61763 -0.0916651
-0.0274443 0.615407 -0.0916651
-0.032245 0.614963 -0.0916651
-0.0418464 0.614073 -0.0916651
-0.0514478 0.613184 -0.0916651
-0.0562485 0.61274 -0.0916651
-0.0706506 0.611406 -0.0916651
-0.080252 0.610516 -0.0916651
0.015762 0.619409 -0.0866748
0.0109613 0.618964 -0.0866748
0.00616063 0.61852 -0.0866748
0.0135004 0.643828 -0.0816846
0.00135993 0.618075 -0.0866748
-0.00344077 0.61763 -0.0866748
-0.00824147 0.617186 -0.0866748
-0.0130422 0.616741 -0.0866748
-0.0178429 0.616297 -0.0866748
-0.0418464 0.614073 -0.0866748
-0.0514478 0.613184 -0.0866748
-0.0610492 0.612295 -0.0866748
-0.0706506 0.611406 -0.0866748
0.0109613 0.618964 -0.0816846
-0.00344077 0.61763 -0.0816846
-0.0130422 0.616741 -0.0816846
-0.0226436 0.615852 -0.0816846
-0.0274443 0.615407 -0.0816846
-0.032245 0.614963 -0.0816846
-0.0562485 0.61274 -0.0816846
-0.0658499 0.61185 -0.0816846
-0.0706506 0.611406 -0.0816846
-0.080252 0.610516 -0.0816846
0.015762 0.619409 -0.0766943
0.0109613 0.618964 -0.0766943
-0.00344077 0.61763 -0.0766943
-0.0130422 0.616741 -0.0766943
-0.0226436 0.615852 -0.0766943
-0.0274443 0.615407 -0.0766943
-0.0370457 0.614518 -0.0766943
-0.0418464 0.614073 -0.0766943
-0.0562485 0.61274 -0.0766943
-0.080252 0.610516 -0.0766943
0.0109613 0.618964 -0.0717041
-0.00824147 0.617186 -0.0717041
-0.0130422 0.616741 -0.0717041
-0.032245 0.614963 -0.0717041
-0.0370457 0.614518 -0.0717041
-0.0418464 0.614073 -0.0717041
-0.0466471 0.613629 -0.0717041
-0.0514478 0.613184 -0.0717041
-0.0754513 0.610961 -0.0866748
-0.0610492 0.612295 -0.0717041
-0.0706506 0.611406 -0.0717041
-0.080252 0.610516 -0.0717041
0.015762 0.619409 -0.0667138
0.0109613 0.618964 -0.0667138
0.00616063 0.61852 -0.0667138
-0.0304054 0.856497 -0.0717041
0.00135993 0.618075 -0.0667138
-0.00824147 0.617186 -0.0667138
-0.0130422 0.616741 -0.0667138
-0.0754513 0.610961 -0.0916651
-0.0610492 0.612295 -0.0667138
-0.0706506 0.611406 -0.0667138
-0.0754513 0.610961 -0.0667138
-0.080252 0.610516 -0.0667138
0.0109613 0.618964 -0.0617235
-0.0304054 0.856497 -0.0816846
0.00135993 0.618075 -0.0617235
-0.00344077 0.61763 -0.0617235
-0.0130422 0.616741 -0.0617235
-0.0178429 0.616297 -0.0617235
-0.0226436 0.615852 -0.0617235
-0.0418464 0.614073 -0.0617235
-0.0466471 0.613629 -0.0617235
-0.0562485 0.61274 -0.0617235
-0.0610492 0.612295 -0.0617235
-0.0658499 0.61185 -0.0617235
-0.0706506 0.611406 -0.0617235
-0.080252 0.610516 -0.0617235
0.00616063 0.61852 -0.0567333
-0.00344077 0.61763 -0.0567333
-0.00824147 0.617186 -0.0567333
-0.0130422 0.616741 -0.0567333
-0.0178429 0.616297 -0.0567333
-0.0274443 0.615407 -0.0567333
-0.0370457 0.614518 -0.0567333
-0.0466471 0.613629 -0.0567333
-0.0514478 0.613184 -0.0567333
-0.0562485 0.61274 -0.0567333
-0.0706506 0.611406 -0.0567333
-0.0754513 0.610961 -0.0567333
-0.080252 0.610516 -0.0567333
0.015762 0.619409 -0.051743
0.0109613 0.618964 -0.051743
-0.00233099 0.814765 -0.051743
0.00616063 0.61852 -0.051743
-0.00344077 0.61763 -0.051743
-0.0178429 0.616297 -0.051743
-0.0226436 0.615852 -0.051743
-0.0418464 0.614073 -0.111626
-0.032245 0.614963 -0.051743
-0.0370457 0.614518 -0.051743
-0.0562485 0.61274 -0.051743
-0.080252 0.610516 -0.051743
-0.0859573 0.61984 -0.111626
-0.0864096 0.624724 -0.111626
-0.086862 0.629607 -0.111626
-0.0873143 0.634491 -0.111626
-0.0658499 0.61185 -0.051743
-0.0877666 0.639375 -0.111626
-0.0882189 0.644259 -0.111626
-0.0886713 0.649143 -0.111626
-0.0895759 0.658911 -0.111626
-0.0900282 0.663795 -0.111626
-0.0610492 0.612295 -0.0966554
-0.0909329 0.673563 -0.111626
-0.0918375 0.68333 -0.111626
-0.0922899 0.688214 -0.111626
-0.0130422 0.616741 -0.051743
-0.0931945 0.697982 -0.111626
-0.0936468 0.702866 -0.111626
0.0144051 0.634061 -0.101646
-0.0945515 0.712634 -0.111626
-0.0041403 0.834301 -0.0567333
-0.0950038 0.717518 -0.111626
-0.00459262 0.839185 -0.0617235
-0.0959085 0.727286 -0.111626
-0.00824147 0.617186 -0.101646
-0.0968131 0.737053 -0.111626
-0.0972654 0.741937 -0.111626
-0.0986224 0.756589 -0.111626
-0.0999794 0.771241 -0.111626
-0.0448075 0.855163 -0.0667138
-0.00368797 0.829417 -0.0717041
-0.100432 0.776125 -0.111626
-0.100884 0.781009 -0.111626
-0.101789 0.790776 -0.111626
-0.102693 0.800544 -0.111626
-0.103146 0.805428 -0.111626
-0.0784124 0.852051 -0.0617235
-0.10405 0.815196 -0.111626
-0.104503 0.82008 -0.111626
-0.104955 0.824964 -0.111626
-0.105407 0.829848 -0.111626
-0.10586 0.834732 -0.111626
-0.106312 0.839615 -0.111626
-0.107217 0.849383 -0.111626
-0.085505 0.614956 -0.106636
0.000382959 0.785462 -0.0667138
-0.0882189 0.644259 -0.106636
-0.0886713 0.649143 -0.106636
-0.0900282 0.663795 -0.106636
-0.0913852 0.678447 -0.106636
-0.0918375 0.68333 -0.106636
-0.0922899 0.688214 -0.106636
-0.0927422 0.693098 -0.106636
-0.0931945 0.697982 -0.106636
0.0112388 0.668248 -0.051743
-0.0940992 0.70775 -0.106636
-0.0945515 0.712634 -0.106636
-0.0950038 0.717518 -0.106636
-0.00824147 0.617186 -0.051743
-0.0963608 0.73217 -0.106636
-0.00824147 0.617186 -0.0816846
-0.0968131 0.737053 -0.106636
0.00762017 0.707319 -0.106636
-0.0972654 0.741937 -0.106636
-0.0990748 0.761473 -0.106636
-0.0995271 0.766357 -0.106636
-0.0999794 0.771241 -0.106636
-0.100884 0.781009 -0.106636
-0.101336 0.785892 -0.106636
-0.101789 0.790776 -0.106636
-0.102693 0.800544 -0.106636
-0.103146 0.805428 -0.106636
-0.0304054 0.856497 -0.051743
-0.10405 0.815196 -0.106636
0.0148574 0.629177 -0.0567333
-0.104955 0.824964 -0.106636
-0.105407 0.829848 -0.106636
-0.106312 0.839615 -0.106636
-0.106764 0.844499 -0.106636
-0.0859573 0.61984 -0.101646
-0.0864096 0.624724 -0.101646
-0.00187867 0.809881 -0.0617235
-0.086862 0.629607 -0.101646
-0.0873143 0.634491 -0.101646
-0.0877666 0.639375 -0.101646
-0.0352061 0.856053 -0.0717041
0.000382959 0.785462 -0.0966554
-0.0882189 0.644259 -0.101646
-0.0886713 0.649143 -0.101646
-0.0304054 0.856497 -0.111626
-0.0891236 0.654027 -0.101646
-0.0370457 0.614518 -0.0816846
-0.0895759 0.658911 -0.101646
-0.0909329 0.673563 -0.101646
-0.0913852 0.678447 -0.101646
-0.0918375 0.68333 -0.101646
-0.0922899 0.688214 -0.101646
-0.0927422 0.693098 -0.101646
-0.0931945 0.697982 -0.101646
-0.0936468 0.702866 -0.101646
-0.0940992 0.70775 -0.101646
0.0144051 0.634061 -0.0916651
-0.0945515 0.712634 -0.101646
-0.0959085 0.727286 -0.101646
-0.0963608 0.73217 -0.101646
-0.0968131 0.737053 -0.101646
-0.0972654 0.741937 -0.101646
-0.0977178 0.746821 -0.101646
-0.00549727 0.848952 -0.0717041
-0.0986224 0.756589 -0.101646
0.00400156 0.74639 -0.051743
-0.0995271 0.766357 -0.101646
-0.102241 0.79566 -0.101646
-0.102693 0.800544 -0.101646
-0.103598 0.810312 -0.101646
-0.104503 0.82008 -0.101646
-0.105407 0.829848 -0.101646
-0.106764 0.844499 -0.101646
0.00219226 0.765926 -0.111626
-0.107217 0.849383 -0.101646
-0.085505 0.614956 -0.0966554
-0.0864096 0.624724 -0.0966554
-0.086862 0.629607 -0.0966554
-0.0877666 0.639375 -0.0966554
-0.0886713 0.649143 -0.0966554
-0.0900282 0.663795 -0.0966554
-0.0913852 0.678447 -0.0966554
-0.0922899 0.688214 -0.0966554
-0.0927422 0.693098 -0.0966554
-0.0658499 0.61185 -0.0916651
-0.0936468 0.702866 -0.0966554
-0.0940992 0.70775 -0.0966554
0.0144051 0.634061 -0.111626
-0.0945515 0.712634 -0.0966554
-0.0954561 0.722402 -0.0966554
0.00616063 0.61852 -0.0617235
-0.0963608 0.73217 -0.0966554
-0.00824147 0.617186 -0.0916651
-0.0968131 0.737053 -0.0966554
-0.0972654 0.741937 -0.0966554
-0.0977178 0.746821 -0.0966554
-0.0986224 0.756589 -0.0966554
-0.0990748 0.761473 -0.0966554
-0.0160033 0.857831 -0.0966554
0.00400156 0.74639 -0.0567333
-0.0995271 0.766357 -0.0966554
-0.100432 0.776125 -0.0966554
-0.102693 0.800544 -0.0966554
-0.103146 0.805428 -0.0966554
-0.103598 0.810312 -0.0966554
-0.0304054 0.856497 -0.0617235
0.00135993 0.618075 -0.0567333
-0.10405 0.815196 -0.0966554
-0.104955 0.824964 -0.0966554
-0.105407 0.829848 -0.0966554
-0.10586 0.834732 -0.0966554
-0.106764 0.844499 -0.0966554
-0.107217 0.849383 -0.0966554
-0.000974018 0.800113 -0.0966554
-0.0859573 0.61984 -0.0916651
-0.0864096 0.624724 -0.0916651
-0.00187867 0.809881 -0.0717041
-0.086862 0.629607 -0.0916651
0.0107864 0.673132 -0.0916651
-0.0873143 0.634491 -0.0916651
-0.0877666 0.639375 -0.0916651
-0.0352061 0.856053 -0.0617235
-0.0882189 0.644259 -0.0916651
-0.0891236 0.654027 -0.0916651
-0.106312 0.839615 -0.0966554
-0.0904806 0.668679 -0.0916651
-0.0909329 0.673563 -0.0916651
-0.0922899 0.688214 -0.0916651
-0.0931945 0.697982 -0.0916651
-0.0936468 0.702866 -0.0916651
-0.0940992 0.70775 -0.0916651
0.0144051 0.634061 -0.106636
-0.0945515 0.712634 -0.0916651
0.0103341 0.678016 -0.0667138
-0.0954561 0.722402 -0.0916651
-0.0959085 0.727286 -0.0916651
-0.00233099 0.814765 -0.106636
-0.0963608 0.73217 -0.0916651
-0.0968131 0.737053 -0.0916651
-0.0981701 0.751705 -0.0916651
-0.0986224 0.756589 -0.0916651
-0.0990748 0.761473 -0.0916651
-0.0995271 0.766357 -0.0916651
-0.0999794 0.771241 -0.0916651
-0.101336 0.785892 -0.0916651
0.00716784 0.712203 -0.106636
-0.101789 0.790776 -0.0916651
-0.102241 0.79566 -0.0916651
-0.102693 0.800544 -0.0916651
-0.103598 0.810312 -0.0916651
-0.104503 0.82008 -0.0916651
-0.104955 0.824964 -0.0916651
-0.105407 0.829848 -0.0916651
-0.0904806 0.668679 -0.101646
-0.106312 0.839615 -0.0916651
-0.0610492 0.612295 -0.111626
-0.106764 0.844499 -0.0916651
0.0153097 0.624293 -0.106636
-0.0850527 0.610072 -0.0866748
-0.0864096 0.624724 -0.0866748
-0.0873143 0.634491 -0.0866748
-0.0891236 0.654027 -0.0866748
-0.0370457 0.614518 -0.106636
-0.0895759 0.658911 -0.0866748
-0.0900282 0.663795 -0.0866748
-0.106312 0.839615 -0.101646
-0.0904806 0.668679 -0.0866748
-0.0913852 0.678447 -0.0866748
-0.0922899 0.688214 -0.0866748
-0.0927422 0.693098 -0.0866748
-0.0931945 0.697982 -0.0866748
-0.0936468 0.702866 -0.0866748
-0.0592096 0.853829 -0.0966554
0.0112388 0.668248 -0.101646
-0.0940992 0.70775 -0.0866748
-0.0945515 0.712634 -0.0866748
0.0098818 0.6829 -0.0667138
-0.0950038 0.717518 -0.0866748
-0.0954561 0.722402 -0.0866748
-0.0959085 0.727286 -0.0866748
-0.0963608 0.73217 -0.0866748
-0.0972654 0.741937 -0.0866748
-0.0977178 0.746821 -0.0866748
-0.00549727 0.848952 -0.051743
-0.0986224 0.756589 -0.0866748
-0.0990748 0.761473 -0.0866748
-0.0160033 0.857831 -0.111626
-0.0995271 0.766357 -0.0866748
-0.0999794 0.771241 -0.0866748
-0.0981701 0.751705 -0.101646
-0.100884 0.781009 -0.0866748
-0.101336 0.785892 -0.0866748
-0.101789 0.790776 -0.0866748
-0.102241 0.79566 -0.0866748
-0.102693 0.800544 -0.0866748
-0.103598 0.810312 -0.0866748
-0.10405 0.815196 -0.0866748
-0.104503 0.82008 -0.0866748
-0.104955 0.824964 -0.0866748
-0.105407 0.829848 -0.0866748
-0.107217 0.849383 -0.0866748
0.0153097 0.624293 -0.101646
-0.0850527 0.610072 -0.0816846
-0.085505 0.614956 -0.0816846
-0.0859573 0.61984 -0.0816846
-0.0864096 0.624724 -0.0816846
-0.086862 0.629607 -0.0816846
-0.0873143 0.634491 -0.0816846
-0.0877666 0.639375 -0.0816846
-0.0886713 0.649143 -0.0816846
-0.0370457 0.614518 -0.101646
-0.0895759 0.658911 -0.0816846
-0.0900282 0.663795 -0.0816846
-0.0909329 0.673563 -0.0816846
-0.0913852 0.678447 -0.0816846
-0.0918375 0.68333 -0.0816846
-0.0922899 0.688214 -0.0816846
-0.0927422 0.693098 -0.0816846
-0.0931945 0.697982 -0.0816846
-0.0945515 0.712634 -0.0816846
-0.0950038 0.717518 -0.0816846
-0.0959085 0.727286 -0.0816846
-0.0963608 0.73217 -0.0816846
0.00535854 0.731739 -0.0816846
-0.0968131 0.737053 -0.0816846
-0.0972654 0.741937 -0.0816846
-0.0977178 0.746821 -0.0816846
-0.0981701 0.751705 -0.0816846
-0.0986224 0.756589 -0.0816846
-0.0990748 0.761473 -0.0816846
-0.100432 0.776125 -0.0816846
-0.0981701 0.751705 -0.0966554
-0.100884 0.781009 -0.0816846
-0.101336 0.785892 -0.0816846
-0.101789 0.790776 -0.0816846
-0.102241 0.79566 -0.0816846
-0.102693 0.800544 -0.0816846
-0.103146 0.805428 -0.0816846
-0.103598 0.810312 -0.0816846
-0.0304054 0.856497 -0.0766943
-0.10405 0.815196 -0.0816846
-0.104503 0.82008 -0.0816846
0.0153097 0.624293 -0.0916651
-0.0850527 0.610072 -0.101646
-0.104955 0.824964 -0.0816846
0.00445389 0.741507 -0.0966554
-0.10586 0.834732 -0.0816846
-0.106312 0.839615 -0.0816846
-0.0850527 0.610072 -0.0766943
-0.0370457 0.614518 -0.0916651
-0.085505 0.614956 -0.0766943
-0.00187867 0.809881 -0.0866748
-0.086862 0.629607 -0.0766943
-0.0873143 0.634491 -0.0766943
-0.0877666 0.639375 -0.0766943
-0.0900282 0.663795 -0.0766943
-0.0913852 0.678447 -0.0766943
-0.0922899 0.688214 -0.0766943
-0.0927422 0.693098 -0.0766943
-0.0936468 0.702866 -0.0766943
-0.0945515 0.712634 -0.0766943
-0.0981701 0.751705 -0.111626
-0.100884 0.781009 -0.0966554
-0.0954561 0.722402 -0.0766943
-0.0959085 0.727286 -0.0766943
-0.0963608 0.73217 -0.0766943
0.00535854 0.731739 -0.0766943
-0.0968131 0.737053 -0.0766943
-0.0972654 0.741937 -0.0766943
0.0103341 0.678016 -0.111626
-0.0977178 0.746821 -0.0766943
0.00942947 0.687784 -0.111626
-0.0562485 0.61274 -0.106636
-0.0981701 0.751705 -0.0766943
-0.0990748 0.761473 -0.0766943
-0.0160033 0.857831 -0.0667138
-0.0995271 0.766357 -0.0766943
-0.0999794 0.771241 -0.0766943
-0.101336 0.785892 -0.0766943
-0.102241 0.79566 -0.0766943
-0.102693 0.800544 -0.0766943
-0.068811 0.85294 -0.0567333
-0.10405 0.815196 -0.0766943
-0.104503 0.82008 -0.0766943
0.0153097 0.624293 -0.0966554
-0.104955 0.824964 -0.0766943
0.00445389 0.741507 -0.111626
-0.10586 0.834732 -0.0766943
-0.106764 0.844499 -0.0766943
0.00219226 0.765926 -0.0866748
-0.107217 0.849383 -0.0766943
-0.0370457 0.614518 -0.0866748
-0.0895759 0.658911 -0.106636
-0.085505 0.614956 -0.0717041
-0.0304054 0.856497 -0.0866748
-0.0891236 0.654027 -0.0766943
-0.0859573 0.61984 -0.0717041
-0.0864096 0.624724 -0.0717041
-0.0873143 0.634491 -0.0717041
-0.0877666 0.639375 -0.0717041
-0.0882189 0.644259 -0.0717041
-0.0886713 0.649143 -0.0717041
-0.0891236 0.654027 -0.0717041
-0.0909329 0.673563 -0.0717041
-0.0913852 0.678447 -0.0717041
-0.0918375 0.68333 -0.0717041
-0.0922899 0.688214 -0.0717041
-0.0936468 0.702866 -0.0717041
0.0112388 0.668248 -0.111626
-0.0940992 0.70775 -0.0717041
-0.0963608 0.73217 -0.0717041
-0.0990748 0.761473 -0.0717041
-0.0995271 0.766357 -0.0717041
-0.0999794 0.771241 -0.0717041
-0.100432 0.776125 -0.0717041
-0.0981701 0.751705 -0.0866748
-0.100884 0.781009 -0.0717041
-0.101336 0.785892 -0.0717041
-0.102241 0.79566 -0.0717041
-0.0274443 0.615407 -0.111626
-0.103598 0.810312 -0.0717041
-0.104503 0.82008 -0.0717041
-0.10586 0.834732 -0.0717041
-0.107217 0.849383 -0.0717041
-0.0859573 0.61984 -0.0667138
-0.086862 0.629607 -0.0667138
-0.0873143 0.634491 -0.0667138
-0.0877666 0.639375 -0.0667138
-0.0882189 0.644259 -0.0667138
-0.000974018 0.800113 -0.0816846
-0.0891236 0.654027 -0.0667138
-0.0895759 0.658911 -0.0667138
-0.0274443 0.615407 -0.0617235
-0.0900282 0.663795 -0.0667138
-0.0904806 0.668679 -0.0667138
-0.0909329 0.673563 -0.0667138
-0.0913852 0.678447 -0.0667138
-0.0918375 0.68333 -0.0667138
-0.0931945 0.697982 -0.0667138
-0.0936468 0.702866 -0.0667138
-0.0940992 0.70775 -0.0667138
-0.0945515 0.712634 -0.0667138
0.0098818 0.6829 -0.0816846
-0.0950038 0.717518 -0.0667138
0.0103341 0.678016 -0.0866748
-0.0954561 0.722402 -0.0667138
-0.0041403 0.834301 -0.111626
-0.0959085 0.727286 -0.0667138
-0.0963608 0.73217 -0.0667138
-0.0972654 0.741937 -0.0667138
0.00942947 0.687784 -0.051743
-0.0981701 0.751705 -0.0667138
-0.0986224 0.756589 -0.0667138
-0.0990748 0.761473 -0.0667138
-0.0995271 0.766357 -0.0667138
-0.0999794 0.771241 -0.0667138
-0.100432 0.776125 -0.0667138
-0.100884 0.781009 -0.0667138
-0.0466471 0.613629 -0.0966554
-0.101336 0.785892 -0.0667138
-0.101789 0.790776 -0.0667138
-0.102241 0.79566 -0.0667138
-0.103146 0.805428 -0.0667138
-0.00323565 0.824533 -0.0667138
-0.103598 0.810312 -0.0667138
-0.068811 0.85294 -0.0966554
-0.10405 0.815196 -0.116616
-0.0402119 0.648705 -0.116616
-0.0363882 0.816537 -0.116616
-0.104503 0.82008 -0.116616
0.0153097 0.624293 -0.0816846
-0.104955 0.824964 -0.116616
-0.00876611 0.779688 -0.0467528
-0.0576054 0.627391 -0.116616
0.0148574 0.629177 -0.0467528
-0.00705937 0.656702 -0.116616
-0.0387524 0.737505 -0.0467528
-0.00389309 0.622514 -0.116616
-0.0400068 0.855608 -0.0816846
0.0112388 0.668248 -0.0467528
0.0107864 0.673132 -0.0467528
-0.0486312 0.687332 -0.116616
0.00897715 0.692667 -0.0467528
0.0080725 0.702435 -0.0467528
-0.0352061 0.856053 -0.051743
-0.0882189 0.644259 -0.0816846
0.000382959 0.785462 -0.116616
0.00445389 0.741507 -0.0467528
0.00354924 0.751274 -0.0467528
-0.0226436 0.615852 -0.0667138
-0.0366657 0.767253 -0.116616
-0.00323565 0.824533 -0.0766943
-0.103598 0.810312 -0.0766943
-0.0872117 0.737943 -0.116616
-0.0891959 0.811646 -0.116616
-0.00333821 0.721082 -0.116616
-0.0986224 0.756589 -0.0766943
-0.00549727 0.848952 -0.0467528
-0.0309603 0.75793 -0.116616
0.0100567 0.628732 -0.0467528
0.00535854 0.731739 -0.051743
0.00824738 0.648268 -0.0467528
0.00779505 0.653152 -0.0467528
0.0068904 0.662919 -0.0467528
-0.0990748 0.761473 -0.111626
-0.0490836 0.692216 -0.116616
-0.0585824 0.794778 -0.0467528
0.00915203 0.6385 -0.0467528
0.00598575 0.672687 -0.0467528
-0.0544089 0.854274 -0.111626
0.0032718 0.701991 -0.0467528
-0.10586 0.834732 -0.116616
-0.0615015 0.617179 -0.116616
-0.020804 0.857386 -0.051743
-0.0734368 0.798328 -0.116616
-0.0400068 0.855608 -0.101646
2.95626e-06 0.632727 -0.116616
-0.00368797 0.829417 -0.116616
-0.0786175 0.645148 -0.0467528
-0.0974403 0.796105 -0.116616
-0.0195496 0.739283 -0.0467528
-0.0262622 0.654923 -0.116616
-0.0290484 0.841845 -0.116616
0.000105516 0.736178 -0.0467528
-0.00170379 0.755714 -0.0467528
0.0144051 0.634061 -0.0816846
-0.00396541 0.780133 -0.0467528
-0.0256047 0.856942 -0.116616
-0.00723425 0.710869 -0.116616
-0.00667937 0.809437 -0.0467528
-0.032245 0.614963 -0.0667138
-0.00713169 0.81432 -0.0467528
-0.0101231 0.79434 -0.116616
-0.00984565 0.843624 -0.0467528
-0.0588599 0.745494 -0.0467528
0.0116911 0.663364 -0.0567333
-0.0954561 0.722402 -0.111626
-0.010298 0.848508 -0.0467528
0.00101017 0.72641 -0.0467528
-0.0400068 0.855608 -0.051743
-0.0901006 0.821414 -0.0467528
-0.067454 0.838288 -0.116616
-0.0112026 0.858276 -0.0467528
-0.105407 0.829848 -0.0617235
0.00570831 0.623403 -0.0467528
-0.0122098 0.764592 -0.0467528
0.00299435 0.652707 -0.0467528
-0.102693 0.800544 -0.0717041
0.00254203 0.657591 -0.0467528
0.000280399 0.68201 -0.0467528
-0.000624252 0.691778 -0.0467528
-0.0296033 0.743278 -0.0467528
0.00490622 0.736623 -0.106636
-0.034404 0.742833 -0.0467528
-0.00198123 0.70643 -0.0467528
-0.0150264 0.690444 -0.0467528
-0.0324198 0.66913 -0.116616
0.0080725 0.702435 -0.116616
-0.0731594 0.847612 -0.116616
-0.00379053 0.725966 -0.0467528
-0.00848867 0.828972 -0.0467528
-0.0426485 0.727292 -0.0467528
0.00490622 0.736623 -0.0467528
-0.0640103 0.853385 -0.111626
-0.0519001 0.618068 -0.0467528
-0.055591 0.814758 -0.0467528
-0.00424286 0.730849 -0.0467528
-0.00525007 0.637166 -0.0467528
-0.0041403 0.834301 -0.0667138
-0.00695681 0.760153 -0.0467528
-0.0468943 0.825415 -0.0467528
-0.0445603 0.643377 -0.0467528
-0.00740914 0.765037 -0.0467528
-0.0995271 0.766357 -0.0816846
0.00400156 0.74639 -0.0467528
0.00671552 0.717087 -0.101646
-0.00967077 0.789456 -0.0467528
-0.0414664 0.766808 -0.0467528
-0.0367682 0.663802 -0.0467528
-0.0466471 0.613629 -0.051743
-0.101336 0.785892 -0.111626
-0.012837 0.823644 -0.0467528
0.000907608 0.622959 -0.0467528
-0.00180635 0.652262 -0.0467528
-0.00225867 0.657146 -0.0467528
-0.0537817 0.795223 -0.0467528
-0.002711 0.66203 -0.0467528
-0.0817838 0.679336 -0.0467528
0.00264459 0.761042 -0.0467528
-0.0045203 0.681566 -0.0467528
-0.00542495 0.691334 -0.0467528
-0.00859123 0.725521 -0.0467528
-0.0131145 0.77436 -0.0467528
-0.0354836 0.806769 -0.0467528
-0.0153761 0.798779 -0.0467528
0.00354924 0.751274 -0.051743
-0.0469968 0.721964 -0.0467528
-0.0171854 0.818315 -0.0467528
0.000557842 0.731294 -0.0467528
-0.0176377 0.823199 -0.0467528
-0.0203517 0.852502 -0.0467528
-0.0119324 0.813876 -0.0467528
-0.032245 0.614963 -0.101646
-0.0667545 0.621618 -0.0467528
-0.0741666 0.753928 -0.116616
-0.029151 0.738394 -0.116616
-0.00434542 0.627398 -0.0467528
-0.0910052 0.831181 -0.0467528
-0.0882189 0.644259 -0.0467528
-0.0839429 0.807207 -0.0467528
-0.0146463 0.843179 -0.0467528
-0.008941 0.833856 -0.0467528
-0.00615472 0.646934 -0.0467528
-0.0117575 0.759708 -0.116616
-0.0950038 0.717518 -0.101646
-0.0041403 0.834301 -0.0467528
0.0109613 0.618964 -0.0467528
-0.00705937 0.656702 -0.0467528
-0.00886867 0.676237 -0.0467528
-0.009321 0.681121 -0.0467528
-0.0185424 0.832967 -0.0467528
-0.0364908 0.713085 -0.0467528
-0.0147489 0.739728 -0.0467528
-0.0816813 0.782787 -0.0467528
-0.0681115 0.63627 -0.0467528
-0.0912827 0.781898 -0.0467528
-0.0152012 0.744612 -0.0467528
-0.0179152 0.773915 -0.0467528
-0.0786899 0.802767 -0.116616
-0.101789 0.790776 -0.0966554
0.00716784 0.712203 -0.116616
-0.0864096 0.624724 -0.0567333
-0.0210815 0.808103 -0.0467528
-0.0228908 0.827638 -0.0467528
-0.0237954 0.837406 -0.0467528
-0.100884 0.781009 -0.051743
0.0135004 0.643828 -0.116616
-0.0041403 0.834301 -0.0866748
-0.0110277 0.804108 -0.0467528
-0.00869379 0.62207 -0.0467528
-0.0137417 0.833411 -0.0467528
-0.0100508 0.636721 -0.0467528
-0.0610492 0.612295 -0.0816846
-0.0874892 0.688659 -0.0467528
-0.0786899 0.802767 -0.0467528
-0.0114077 0.651373 -0.0467528
0.0130481 0.648712 -0.0966554
0.00264459 0.761042 -0.0916651
-0.0258098 0.650039 -0.116616
-0.0295008 0.846729 -0.116616
0.00344668 0.647823 -0.0467528
-0.0177403 0.719748 -0.0467528
-0.0716275 0.778792 -0.0467528
-0.0634857 0.690882 -0.0467528
0.0135004 0.643828 -0.0467528
0.0153097 0.624293 -0.111626
-0.0850527 0.610072 -0.0966554
-0.0664771 0.670902 -0.0467528
-0.00740914 0.765037 -0.116616
-0.0218112 0.763703 -0.0467528
-0.0977178 0.746821 -0.116616
-0.0245252 0.793006 -0.0467528
-6.93664e-05 0.790346 -0.0866748
-0.073262 0.74416 -0.116616
-0.0180901 0.828083 -0.0467528
-0.0148515 0.636277 -0.0467528
-0.0274443 0.615407 -0.051743
-0.019447 0.842735 -0.0467528
-0.0166608 0.655812 -0.0467528
-0.0171131 0.660696 -0.0467528
0.00942947 0.687784 -0.0966554
-0.102241 0.79566 -0.106636
-0.0189224 0.680232 -0.0467528
-0.0272391 0.82231 -0.0467528
-0.0207317 0.699768 -0.0467528
-0.104503 0.82008 -0.106636
-0.021184 0.704651 -0.0467528
-0.099702 0.820524 -0.0467528
-0.0877666 0.639375 -0.0866748
-0.0229933 0.724187 -0.0467528
-0.00497263 0.68645 -0.0467528
-0.0243503 0.738839 -0.0467528
0.015762 0.619409 -0.0816846
-0.0248026 0.743723 -0.0467528
-0.0333245 0.678898 -0.116616
-0.0859573 0.61984 -0.051743
-0.0257073 0.753491 -0.0467528
0.00435133 0.638055 -0.116616
-0.0266119 0.763258 -0.0467528
-0.0529796 0.682003 -0.116616
-0.0886713 0.649143 -0.0567333
-0.0153038 0.641161 -0.0467528
-0.0927422 0.693098 -0.0916651
-0.0275166 0.773026 -0.0467528
-0.00434542 0.627398 -0.116616
-0.0178429 0.616297 -0.0467528
-0.0139468 0.626509 -0.0467528
-0.0180177 0.670464 -0.0467528
-0.022541 0.719303 -0.0467528
-0.0408392 0.707757 -0.0467528
-0.0485287 0.790783 -0.0467528
-0.0895759 0.658911 -0.0617235
-0.0187475 0.626064 -0.0467528
-0.0191998 0.630948 -0.0467528
-0.0570505 0.725959 -0.0467528
-0.0242477 0.84229 -0.0467528
-0.0201045 0.640716 -0.0467528
-0.00723425 0.710869 -0.0467528
-0.0257073 0.753491 -0.116616
-0.085505 0.614956 -0.111626
0.003899 0.642939 -0.0467528
-0.0178429 0.616297 -0.101646
-0.0610492 0.612295 -0.0916651
-0.0276915 0.827194 -0.0467528
-0.0474492 0.726848 -0.0467528
-0.0453624 0.756596 -0.116616
-0.0178429 0.616297 -0.0667138
-0.0465445 0.71708 -0.116616
-0.0241754 0.684671 -0.0467528
-0.0323173 0.772582 -0.116616
-0.0170105 0.764148 -0.0467528
-0.00323565 0.824533 -0.051743
0.00309691 0.756158 -0.116616
-0.0246277 0.689555 -0.0467528
-0.0663745 0.774353 -0.0467528
-0.0250801 0.694439 -0.0467528
-0.0112026 0.858276 -0.051743
-0.0502657 0.6527 -0.0467528
-0.0264371 0.709091 -0.0467528
-0.0402119 0.648705 -0.0467528
-0.0224384 0.822754 -0.116616
-0.0273417 0.718859 -0.0467528
-0.0562485 0.61274 -0.0467528
-0.0603917 0.814314 -0.0467528
-0.0104005 0.745057 -0.0467528
-0.027794 0.723742 -0.0467528
-0.00233099 0.814765 -0.0717041
0.00616063 0.61852 -0.0717041
-0.00532239 0.794785 -0.0467528
-0.030508 0.753046 -0.0467528
-0.0886713 0.649143 -0.0667138
-0.0645652 0.754817 -0.0467528
-0.0309603 0.75793 -0.0467528
-0.0911078 0.72773 -0.0467528
-0.0314126 0.762814 -0.0467528
-0.0891236 0.654027 -0.106636
-0.0332219 0.782349 -0.0467528
-0.0577803 0.681559 -0.0467528
-0.0256047 0.856942 -0.0717041
-0.0345789 0.797001 -0.0467528
-0.0684613 0.744605 -0.116616
-0.0206291 0.803219 -0.0467528
-0.013217 0.670909 -0.0467528
-0.0109554 0.646489 -0.116616
-0.0368405 0.821421 -0.0467528
0.00400156 0.74639 -0.101646
-0.106764 0.844499 -0.0717041
-0.0372929 0.826304 -0.0467528
-0.0416412 0.820976 -0.0467528
-0.0386498 0.840956 -0.0467528
-0.0527022 0.731287 -0.116616
0.015762 0.619409 -0.116616
-0.0267868 0.817426 -0.0467528
-0.0230959 0.620736 -0.0467528
0.000835285 0.780578 -0.0717041
-0.0724599 0.630941 -0.116616
0.0153097 0.624293 -0.116616
-0.0156536 0.749496 -0.0467528
-0.0235482 0.62562 -0.0467528
-0.0775078 0.842283 -0.0467528
-0.087664 0.742827 -0.116616
-0.0887436 0.806762 -0.116616
-0.0496082 0.854719 -0.0667138
-0.0891236 0.654027 -0.051743
-0.0271668 0.664691 -0.0467528
-0.00813891 0.720637 -0.0467528
-0.0289761 0.684227 -0.0467528
-0.0294284 0.68911 -0.0467528
-0.0205568 0.6456 -0.0467528
-0.0918375 0.68333 -0.116616
-0.0307854 0.703762 -0.0467528
-0.0568757 0.671791 -0.116616
-0.0895759 0.658911 -0.0717041
-0.0285961 0.836962 -0.0467528
-0.00803635 0.824088 -0.116616
-0.0362133 0.762369 -0.0467528
0.000382959 0.785462 -0.0467528
-0.101789 0.790776 -0.116616
-0.0380226 0.781905 -0.0467528
-0.0647401 0.808985 -0.116616
-0.0389273 0.791673 -0.0467528
-0.0149238 0.793896 -0.0467528
-0.0672792 0.784121 -0.116616
-0.0281438 0.832078 -0.0467528
-0.0274443 0.615407 -0.0467528
-0.0112026 0.858276 -0.116616
-0.0360385 0.708201 -0.0467528
-0.0977178 0.746821 -0.0916651
-0.0140191 0.784128 -0.0467528
-0.0330471 0.728182 -0.0467528
-0.0295008 0.846729 -0.0467528
-0.0258098 0.650039 -0.0467528
-0.0383001 0.732621 -0.0467528
-0.090378 0.77213 -0.116616
-0.0860296 0.777458 -0.116616
-0.0947264 0.766801 -0.116616
0.00716784 0.712203 -0.0467528
0.00490622 0.736623 -0.0966554
-0.0219861 0.81787 -0.116616
-0.0297059 0.639827 -0.0467528
-0.086862 0.629607 -0.051743
-0.0606692 0.76503 -0.116616
-0.0333968 0.836517 -0.0467528
-0.0301582 0.644711 -0.0467528
-0.00525007 0.637166 -0.116616
-0.0306105 0.649595 -0.0467528
-0.0642154 0.646482 -0.116616
-0.00587728 0.696217 -0.116616
-0.0882189 0.644259 -0.0766943
-0.0352061 0.856053 -0.0467528
-0.0310629 0.654478 -0.0467528
0.00535854 0.731739 -0.0467528
-0.0581301 0.789894 -0.116616
-0.0640103 0.853385 -0.0766943
-0.0315152 0.659362 -0.0467528
-0.0222636 0.768587 -0.0467528
-0.0373954 0.722853 -0.116616
-0.0324198 0.66913 -0.0467528
-0.0342291 0.688666 -0.0467528
-0.0346815 0.69355 -0.0467528
-0.0945515 0.712634 -0.0467528
-0.0394822 0.693105 -0.116616
-0.00215611 0.760598 -0.116616
-0.0126622 0.769476 -0.0467528
-0.0190973 0.734399 -0.0467528
-0.0931945 0.697982 -0.0717041
-0.0481789 0.682448 -0.116616
-0.00660705 0.651818 -0.0467528
-0.0146463 0.843179 -0.116616
-0.0369431 0.717969 -0.0467528
-0.0373954 0.722853 -0.0467528
-0.0378478 0.727737 -0.0467528
-0.0900282 0.663795 -0.0467528
0.0121434 0.65848 -0.0467528
-0.0514478 0.613184 -0.106636
-0.00713169 0.81432 -0.116616
-0.0117575 0.759708 -0.0467528
-0.0630333 0.685998 -0.0467528
0.00219226 0.765926 -0.0567333
-0.0425459 0.830744 -0.0467528
-0.023898 0.733955 -0.116616
-0.0878389 0.796994 -0.0467528
-0.0715552 0.621174 -0.0467528
-0.0752461 0.817864 -0.0467528
-0.0396571 0.747273 -0.0467528
-0.00344077 0.61763 -0.0966554
-0.0405617 0.757041 -0.0467528
-0.000521692 0.795229 -0.0467528
-0.0132894 0.828528 -0.0467528
0.00445389 0.741507 -0.0816846
-0.0870368 0.683775 -0.0467528
0.00128761 0.775694 -0.116616
-0.0588599 0.745494 -0.116616
-0.0419187 0.771692 -0.0467528
-0.0178429 0.616297 -0.0916651
-0.0554161 0.760591 -0.0467528
-0.000171927 0.686894 -0.0467528
-0.0327696 0.777465 -0.0467528
-0.0879415 0.693543 -0.0467528
-0.0807043 0.6154 -0.116616
0.0121434 0.65848 -0.0617235
-0.0432757 0.786344 -0.0467528
-0.0844978 0.708639 -0.0467528
-0.0441803 0.796112 -0.0467528
-0.00622704 0.804553 -0.0467528
-0.100884 0.781009 -0.0467528
-0.0546864 0.80499 -0.116616
-0.0455373 0.810764 -0.0467528
0.0139527 0.638944 -0.111626
0.00309691 0.756158 -0.0916651
-0.0473466 0.830299 -0.0467528
-0.103146 0.805428 -0.0717041
-0.0491559 0.849835 -0.0467528
-0.0706506 0.611406 -0.0467528
0.00146249 0.721526 -0.0467528
-0.0349589 0.644266 -0.0467528
-0.0354112 0.64915 -0.0467528
-0.0395545 0.850724 -0.0467528
-0.0358636 0.654034 -0.0467528
-0.038855 0.634054 -0.0467528
-0.0411166 0.658473 -0.116616
-0.0391022 0.84584 -0.0467528
-0.0363159 0.658918 -0.0467528
-0.0193747 0.685116 -0.0467528
-0.0976152 0.850272 -0.0916651
0.000105516 0.736178 -0.116616
0.0144051 0.634061 -0.0717041
-0.0372205 0.668686 -0.0467528
0.00400156 0.74639 -0.0667138
-0.0995271 0.766357 -0.111626
-0.0690161 0.646038 -0.116616
0.0112388 0.668248 -0.0717041
-0.0376729 0.67357 -0.0467528
-0.0400068 0.855608 -0.0567333
-0.0301582 0.644711 -0.116616
-0.0333968 0.836517 -0.116616
-0.0381252 0.678453 -0.0467528
0.015762 0.619409 -0.0567333
-0.0299531 0.851613 -0.0467528
-0.0138443 0.72996 -0.116616
-0.0278966 0.620291 -0.0467528
-0.019827 0.69 -0.0467528
-0.0178429 0.616297 -0.0717041
-0.0385775 0.683337 -0.0467528
-0.032245 0.614963 -0.0617235
-0.000171927 0.686894 -0.116616
-0.0562485 0.61274 -0.0866748
-0.0399345 0.697989 -0.0467528
-0.0197245 0.793451 -0.116616
-0.0197245 0.793451 -0.0467528
-0.0188198 0.783683 -0.0467528
-0.00904356 0.730405 -0.0467528
-0.0412915 0.712641 -0.0467528
-0.0633108 0.636714 -0.116616
-0.0640103 0.853385 -0.116616
-0.0421961 0.722409 -0.0467528
0.00716784 0.712203 -0.0617235
-0.0672068 0.626502 -0.0467528
-0.0431008 0.732176 -0.0467528
-0.107217 0.849383 -0.106636
-0.0769831 0.67978 -0.0467528
-0.0435531 0.73706 -0.0467528
-0.080252 0.610516 -0.0866748
-0.0612964 0.824081 -0.116616
-0.0479015 0.731732 -0.0467528
-0.0063296 0.701101 -0.0467528
-0.048981 0.795667 -0.0467528
-0.0987973 0.810757 -0.116616
-0.0498857 0.805435 -0.0467528
-0.0525996 0.834738 -0.116616
-0.0375703 0.777021 -0.116616
0.0020897 0.662475 -0.0467528
-0.0541617 0.642488 -0.0467528
-0.101789 0.790776 -0.101646
-0.050338 0.810319 -0.0467528
-0.0986224 0.756589 -0.0717041
-0.0507903 0.815203 -0.0467528
-0.107217 0.849383 -0.0816846
0.00219226 0.765926 -0.0467528
-0.0350312 0.801885 -0.116616
0.0098818 0.6829 -0.0567333
-0.00107658 0.696662 -0.116616
-0.00459262 0.839185 -0.106636
-0.0512426 0.820087 -0.0467528
-0.0706506 0.611406 -0.0766943
-0.0472743 0.67268 -0.0467528
-0.0592096 0.853829 -0.0667138
-0.0209066 0.753935 -0.116616
-0.00650449 0.755269 -0.0467528
-0.0521473 0.829855 -0.0467528
0.00581087 0.726855 -0.0667138
-0.0525996 0.834738 -0.0467528
-0.00487007 0.789901 -0.0467528
0.00490622 0.736623 -0.116616
-0.0592096 0.853829 -0.0617235
-0.0402843 0.806324 -0.0467528
-0.0379503 0.624286 -0.0467528
-0.0398319 0.80144 -0.0467528
-0.0384026 0.62917 -0.0467528
0.00354924 0.751274 -0.0567333
-0.0124873 0.715308 -0.0467528
-0.0850527 0.610072 -0.051743
-0.0142966 0.734844 -0.116616
-0.0909329 0.673563 -0.051743
-0.0386498 0.840956 -0.116616
-0.0832131 0.851606 -0.0467528
0.0121434 0.65848 -0.101646
-0.0981701 0.751705 -0.051743
-0.0784124 0.852051 -0.0966554
-0.00323565 0.824533 -0.0866748
0.00309691 0.756158 -0.0816846
-0.10405 0.815196 -0.0467528
-0.0366657 0.767253 -0.0467528
0.00942947 0.687784 -0.0816846
-0.0981701 0.751705 -0.0467528
-0.0394822 0.693105 -0.0467528
-0.0609466 0.715746 -0.0467528
-0.0819587 0.733503 -0.0467528
-0.0995271 0.766357 -0.051743
-0.0328722 0.674014 -0.116616
-0.0640103 0.853385 -0.0667138
0.00191482 0.716642 -0.116616
-0.107217 0.849383 -0.116616
-0.0321424 0.718414 -0.0467528
-0.00487007 0.789901 -0.116616
-0.0767057 0.729064 -0.0467528
-0.0448075 0.855163 -0.0567333
-0.00577472 0.799669 -0.0467528
-0.0999794 0.771241 -0.116616
-0.0776103 0.738832 -0.0467528
-0.0466471 0.613629 -0.0816846
-0.0822361 0.68422 -0.0467528
-0.0183675 0.778799 -0.0467528
-0.0999794 0.771241 -0.0816846
-0.0415689 0.663357 -0.0467528
-0.106312 0.839615 -0.0617235
-0.0528047 0.627836 -0.0467528
-0.0739917 0.699761 -0.0467528
-0.0560433 0.819642 -0.0467528
0.000835285 0.780578 -0.111626
-0.0825859 0.792555 -0.0467528
0.00942947 0.687784 -0.0467528
-0.0981701 0.751705 -0.0617235
-0.0142966 0.734844 -0.0467528
-0.0746189 0.758812 -0.116616
0.00734273 0.658035 -0.0467528
-0.0922899 0.688214 -0.051743
-0.0759759 0.773464 -0.0467528
-0.0619538 0.622063 -0.116616
-0.100432 0.776125 -0.0467528
-0.0511703 0.662468 -0.116616
-0.101789 0.790776 -0.0467528
0.0103341 0.678016 -0.0916651
-0.100884 0.781009 -0.101646
-0.0954561 0.722402 -0.0717041
-0.0977178 0.746821 -0.0467528
-0.00994821 0.740173 -0.0467528
-0.080252 0.610516 -0.116616
0.000732725 0.677126 -0.0467528
-0.0434505 0.840512 -0.0467528
-0.0496082 0.854719 -0.0766943
0.00344668 0.647823 -0.116616
-0.0940992 0.70775 -0.111626
-0.0741666 0.753928 -0.0467528
-0.102241 0.79566 -0.0567333
-0.0675566 0.734837 -0.0467528
-0.0136694 0.675793 -0.116616
-0.015551 0.852947 -0.0467528
-0.0848475 0.816974 -0.0467528
-0.0263345 0.812542 -0.0467528
-0.0226436 0.615852 -0.0467528
-0.0724599 0.630941 -0.0467528
-0.102241 0.79566 -0.0467528
-0.0729122 0.635825 -0.0467528
-0.0938217 0.757034 -0.0467528
-0.0856799 0.669123 -0.0467528
-0.0326973 0.619847 -0.0467528
-0.0105031 0.641605 -0.116616
-0.014194 0.838295 -0.116616
0.0107864 0.673132 -0.0766943
-0.0873143 0.634491 -0.106636
-0.0223661 0.665136 -0.0467528
-0.0638354 0.799217 -0.0467528
-0.0859573 0.61984 -0.0966554
-0.0728096 0.739276 -0.0467528
-0.0778878 0.689548 -0.0467528
-0.0400068 0.855608 -0.0467528
-0.103598 0.810312 -0.051743
-0.00368797 0.829417 -0.0567333
-0.100432 0.776125 -0.106636
-0.0787924 0.699316 -0.0467528
-0.0642878 0.804101 -0.0467528
-0.0663022 0.616734 -0.0467528
-0.0891959 0.811646 -0.0467528
-0.0872117 0.737943 -0.0467528
-0.0419187 0.771692 -0.116616
-0.0160033 0.857831 -0.0766943
-0.0118601 0.656257 -0.0467528
-0.0972654 0.741937 -0.0567333
0.00173994 0.77081 -0.0567333
-0.060844 0.819197 -0.0467528
-0.0370457 0.614518 -0.0966554
-0.085505 0.614956 -0.0617235
0.00445389 0.741507 -0.0766943
-0.10586 0.834732 -0.0866748
-0.00514751 0.740617 -0.0467528
-0.0815064 0.728619 -0.0467528
-0.0585101 0.637159 -0.116616
-0.0302305 0.80233 -0.0467528
-0.0226436 0.615852 -0.0717041
-0.093092 0.801433 -0.0467528
-0.0174629 0.769031 -0.0467528
-0.082411 0.738387 -0.0467528
-0.032245 0.614963 -0.0866748
-0.0634857 0.690882 -0.116616
-0.00549727 0.848952 -0.116616
-0.0886713 0.649143 -0.0916651
-0.00306076 0.770365 -0.0467528
-0.0609466 0.715746 -0.116616
-0.102693 0.800544 -0.0667138
-0.0760785 0.670013 -0.0467528
-0.0323173 0.772582 -0.0467528
0.0148574 0.629177 -0.111626
0.00525598 0.628287 -0.0467528
0.00445389 0.741507 -0.116616
0.000382959 0.785462 -0.106636
-0.010678 0.695773 -0.0467528
0.0098818 0.6829 -0.0617235
-0.0950038 0.717518 -0.0966554
-0.086482 0.782342 -0.0467528
-0.0918375 0.68333 -0.0467528
-0.0182952 0.62118 -0.0467528
-0.0754513 0.610961 -0.0467528
-0.0650175 0.759701 -0.0467528
-0.0213589 0.758819 -0.0467528
-0.0842203 0.757923 -0.116616
-0.0727071 0.842728 -0.0467528
-0.0304054 0.856497 -0.0467528
-0.0249052 0.640271 -0.0467528
-0.0763559 0.620729 -0.0467528
-0.0795945 0.812535 -0.0467528
-0.0552412 0.706423 -0.0467528
0.015762 0.619409 -0.0617235
-0.0768082 0.625613 -0.0467528
-0.00967077 0.789456 -0.116616
-0.0339517 0.73795 -0.0467528
-0.0270643 0.768142 -0.0467528
-0.101511 0.84006 -0.116616
-0.000974018 0.800113 -0.0667138
-0.0891236 0.654027 -0.0567333
-0.029151 0.738394 -0.0467528
-0.0432033 0.628725 -0.116616
-0.0459896 0.815647 -0.116616
-0.014194 0.838295 -0.0467528
-0.0105031 0.641605 -0.0467528
-0.0833157 0.748155 -0.0467528
0.00191482 0.716642 -0.0467528
-0.0799745 0.6598 -0.0467528
-0.0297782 0.797446 -0.116616
0.00897715 0.692667 -0.051743
-0.0311352 0.812097 -0.0467528
0.00264459 0.761042 -0.111626
-0.0253575 0.645155 -0.0467528
-0.0928145 0.850717 -0.0467528
-0.0939966 0.811201 -0.0467528
-0.0304054 0.856497 -0.0667138
-0.10405 0.815196 -0.0916651
0.00135993 0.618075 -0.0467528
-0.0827608 0.846722 -0.0467528
-0.0804268 0.664684 -0.0467528
-0.014574 0.68556 -0.0467528
-0.0713501 0.828076 -0.0467528
-0.0632082 0.740166 -0.0467528
-0.0144715 0.789012 -0.116616
-0.0968131 0.737053 -0.0667138
-0.00288588 0.716198 -0.0467528
-0.070548 0.714857 -0.0467528
0.00852482 0.697551 -0.0467528
-0.035761 0.757485 -0.0467528
-0.0859573 0.61984 -0.0467528
-0.0347538 0.851169 -0.0467528
0.0098818 0.6829 -0.111626
-0.0950038 0.717518 -0.0467528
-0.0924647 0.742382 -0.0467528
-0.0470994 0.618513 -0.0467528
-0.103598 0.810312 -0.106636
-0.00323565 0.824533 -0.0467528
0.000455282 0.627843 -0.0467528
-0.0393073 0.638938 -0.116616
-0.0658499 0.61185 -0.0467528
-0.0390298 0.688221 -0.0467528
-0.0913852 0.678447 -0.0467528
-0.0803243 0.768135 -0.0467528
-0.0960834 0.781453 -0.116616
-0.0897508 0.713078 -0.0467528
-0.0933694 0.75215 -0.0467528
-0.0908303 0.777014 -0.0467528
-0.0514478 0.613184 -0.051743
-0.0708978 0.823192 -0.0467528
-0.100432 0.776125 -0.0916651
-0.00577472 0.799669 -0.116616
-0.0734368 0.798328 -0.0467528
-0.0123124 0.661141 -0.0467528
-0.0251524 0.852058 -0.0467528
-0.00233099 0.814765 -0.0766943
0.00616063 0.61852 -0.0766943
-0.0963608 0.73217 -0.111626
-0.00824147 0.617186 -0.0467528
-0.0939966 0.811201 -0.116616
-0.0922899 0.688214 -0.0467528
-0.0534319 0.686887 -0.0467528
-0.0240729 0.788122 -0.0467528
-0.0620261 0.779682 -0.0467528
-0.0496082 0.854719 -0.0717041
-0.000974018 0.800113 -0.101646
-0.0198994 0.847619 -0.0467528
-0.0162084 0.650928 -0.0467528
0.00445389 0.741507 -0.0567333
-0.10586 0.834732 -0.0467528
-0.0421961 0.722409 -0.116616
-0.0814038 0.832071 -0.0467528
-0.0268894 0.713975 -0.0467528
-0.0736117 0.852496 -0.0467528
-0.0582326 0.686443 -0.0467528
-0.00824147 0.617186 -0.0766943
-0.0963608 0.73217 -0.0567333
-0.0341266 0.792117 -0.0467528
-0.00758402 0.819204 -0.0467528
-0.0840454 0.703755 -0.0467528
-0.0496082 0.854719 -0.0866748
-0.0370457 0.614518 -0.0617235
0.00480366 0.633171 -0.0467528
-0.085505 0.614956 -0.0467528
-0.0447352 0.697544 -0.0467528
-0.0931945 0.697982 -0.0966554
-0.0130422 0.616741 -0.0467528
-0.00323565 0.824533 -0.0567333
-0.0651201 0.65625 -0.0467528
-0.0679064 0.843172 -0.0467528
-0.00559983 0.745501 -0.0467528
-0.0808792 0.669568 -0.0467528
-0.0288736 0.787678 -0.0467528
-0.0794196 0.758367 -0.0467528
0.00960436 0.633616 -0.0467528
0.00553342 0.677571 -0.0467528
-0.00848867 0.828972 -0.116616
-0.106764 0.844499 -0.116616
-0.0731594 0.847612 -0.0467528
-0.0249775 0.79789 -0.0467528
-0.0807043 0.6154 -0.0467528
-0.0801494 0.713968 -0.116616
-0.0196522 0.635832 -0.0467528
-0.0940992 0.70775 -0.0816846
-0.0282464 0.728626 -0.0467528
-0.0315152 0.659362 -0.116616
-0.0992496 0.815641 -0.0467528
-0.085505 0.614956 -0.0916651
-0.0189947 0.837851 -0.0467528
-0.050718 0.657584 -0.116616
-0.0539566 0.84939 -0.116616
-0.0444578 0.746828 -0.0467528
-0.0178429 0.616297 -0.0816846
-0.106764 0.844499 -0.0467528
-0.0726347 0.685109 -0.116616
-0.102416 0.849828 -0.0717041
0.00581087 0.726855 -0.0467528
-0.0377452 0.831188 -0.116616
0.00354924 0.751274 -0.101646
-0.0377452 0.831188 -0.0467528
-0.0112026 0.858276 -0.0667138
-0.0607717 0.661579 -0.116616
-0.0665494 0.828521 -0.116616
-0.0873143 0.634491 -0.116616
0.0107864 0.673132 -0.116616
0.0130481 0.648712 -0.0467528
-0.0843229 0.654472 -0.0467528
-0.0756985 0.822748 -0.0467528
-0.0990748 0.761473 -0.101646
-0.0831408 0.693987 -0.0467528
-0.0953536 0.825853 -0.0467528
-0.0351338 0.698434 -0.0467528
-0.0418464 0.614073 -0.106636
-0.032245 0.614963 -0.0766943
-0.0811566 0.620284 -0.0467528
-0.105407 0.829848 -0.0467528
0.00236714 0.711758 -0.0467528
-0.0803243 0.768135 -0.116616
-0.0842203 0.757923 -0.0467528
-0.0781652 0.640265 -0.0467528
-0.0873143 0.634491 -0.0467528
-0.0736117 0.852496 -0.0916651
-0.0686361 0.798773 -0.0467528
-0.00640193 0.85872 -0.0467528
-0.00361565 0.671798 -0.0467528
-0.00278332 0.819649 -0.0467528
-0.0528771 0.785455 -0.116616
-0.0754513 0.610961 -0.101646
-0.0610492 0.612295 -0.051743
-0.0549638 0.755707 -0.0467528
-0.0811566 0.620284 -0.116616
-0.0846727 0.762807 -0.0467528
-0.0393796 0.796556 -0.116616
-0.104955 0.824964 -0.0467528
-0.00142634 0.804997 -0.0467528
-0.0783401 0.694432 -0.0467528
-0.103598 0.810312 -0.0467528
-0.0134945 0.621625 -0.116616
-0.0565982 0.721075 -0.0467528
-0.0306829 0.807213 -0.0467528
-0.000521692 0.795229 -0.0866748
-0.0201768 0.798335 -0.0467528
-0.0852275 0.664239 -0.0467528
-0.103146 0.805428 -0.0866748
-0.0886713 0.649143 -0.0467528
-0.0204543 0.749051 -0.116616
-0.085125 0.767691 -0.0467528
-0.0913852 0.678447 -0.051743
0.00671552 0.717087 -0.0467528
-0.0909329 0.673563 -0.0966554
-0.0230959 0.620736 -0.116616
-0.0267868 0.817426 -0.116616
-0.0942741 0.761918 -0.0467528
-0.0915601 0.732614 -0.116616
-0.104503 0.82008 -0.0467528
-0.0375703 0.777021 -0.0467528
-0.0736117 0.852496 -0.0667138
-0.0686361 0.798773 -0.116616
-0.104955 0.824964 -0.0717041
-0.0923622 0.845833 -0.0467528
-0.081054 0.723736 -0.0467528
0.00581087 0.726855 -0.116616
0.0112388 0.668248 -0.0766943
-0.0228184 0.670019 -0.0467528
-0.0940992 0.70775 -0.0617235
-0.0607717 0.661579 -0.0467528
-0.0665494 0.828521 -0.0467528
0.00897715 0.692667 -0.0667138
0.0125958 0.653596 -0.0467528
-0.0693659 0.754373 -0.0467528
-0.0780626 0.743716 -0.0467528
-0.0224384 0.822754 -0.0467528
-0.0730871 0.689993 -0.0467528
-0.0264371 0.709091 -0.116616
-0.0514478 0.613184 -0.0816846
-0.032245 0.614963 -0.0467528
-0.0584075 0.74061 -0.0467528
-0.0867594 0.733059 -0.116616
-0.0896482 0.81653 -0.116616
-0.100607 0.830292 -0.0467528
-0.0736117 0.852496 -0.106636
-0.0258822 0.807658 -0.116616
0.00354924 0.751274 -0.116616
-0.0480764 0.785899 -0.0467528
0.0098818 0.6829 -0.0717041
-0.0950038 0.717518 -0.0916651
-0.0499882 0.701984 -0.0467528
-0.0681838 0.793889 -0.0467528
-0.0426485 0.727292 -0.116616
-0.00831379 0.774805 -0.116616
-0.00549727 0.848952 -0.0617235
0.0050811 0.682455 -0.0467528
-0.0149238 0.793896 -0.116616
-0.0850527 0.610072 -0.0467528
-0.0578526 0.839178 -0.0467528
-0.0904806 0.668679 -0.106636
-0.106312 0.839615 -0.0866748
-0.0857522 0.826742 -0.0467528
-0.0906554 0.722846 -0.0467528
-0.0820613 0.630052 -0.0467528
-0.0954561 0.722402 -0.101646
0.0116911 0.663364 -0.0467528
-0.0202794 0.694884 -0.0467528
-0.0895759 0.658911 -0.0467528
-0.0922899 0.688214 -0.0667138
-0.0133919 0.725076 -0.116616
-0.0338491 0.841401 -0.0467528
-0.0274443 0.615407 -0.0667138
-0.0900282 0.663795 -0.051743
-0.0443552 0.850279 -0.0467528
0.00581087 0.726855 -0.101646
-0.095631 0.776569 -0.0467528
-0.0105754 0.799224 -0.0467528
-0.0887436 0.806762 -0.0467528
-0.087664 0.742827 -0.0467528
-0.0494333 0.800551 -0.0467528
0.0112388 0.668248 -0.0617235
-0.00532239 0.794785 -0.116616
0.00309691 0.756158 -0.0467528
0.0139527 0.638944 -0.0467528
-0.0234457 0.729071 -0.0467528
-0.0360385 0.708201 -0.116616
-0.0633831 0.794333 -0.0467528
-0.0864096 0.624724 -0.106636
-0.025255 0.748607 -0.0467528
-0.073262 0.74416 -0.0467528
-0.0449101 0.751712 -0.0467528
-0.0660247 0.666018 -0.0467528
-0.0821336 0.787671 -0.0467528
-0.106312 0.839615 -0.0467528
-0.00233099 0.814765 -0.0567333
-0.00786146 0.769921 -0.0467528
-0.00678193 0.705985 -0.0467528
-0.0756261 0.665129 -0.0467528
-0.0968131 0.737053 -0.0467528
-0.0896482 0.81653 -0.0467528
-0.0867594 0.733059 -0.0467528
-0.0880138 0.851162 -0.0766943
-0.0690885 0.803657 -0.0467528
-0.0466471 0.613629 -0.0766943
-0.101336 0.785892 -0.0467528
-0.103146 0.805428 -0.0467528
-0.0150987 0.848063 -0.116616
-0.0978927 0.800989 -0.0467528
-0.0171854 0.818315 -0.116616
-0.0759036 0.615845 -0.0467528
-0.0523524 0.622952 -0.0467528
-0.0551387 0.809874 -0.0467528
-0.0237231 0.679787 -0.0467528
-0.041014 0.761924 -0.0467528
-0.0703731 0.660689 -0.0467528
-0.000901695 0.642494 -0.116616
-0.0895759 0.658911 -0.0567333
0.00535854 0.731739 -0.116616
-0.0931945 0.697982 -0.0467528
-0.0795222 0.654916 -0.0467528
-0.0354112 0.64915 -0.116616
-0.0712778 0.670457 -0.0467528
-0.071905 0.729509 -0.0467528
-0.00921844 0.784572 -0.0467528
-0.0226436 0.615852 -0.0567333
-0.0536068 0.741055 -0.116616
-0.0882189 0.644259 -0.116616
-0.0910052 0.831181 -0.116616
-0.0441803 0.796112 -0.116616
-0.0256047 0.856942 -0.0966554
-0.0489087 0.638048 -0.0467528
-0.0915601 0.732614 -0.0467528
-0.0663022 0.616734 -0.116616
-0.00187867 0.809881 -0.0567333
-0.086862 0.629607 -0.106636
-0.0401094 0.752157 -0.116616
0.00535854 0.731739 -0.0617235
-0.0860296 0.777458 -0.0467528
-0.090378 0.77213 -0.0467528
-0.0129396 0.720192 -0.0467528
-0.067834 0.685554 -0.0467528
-0.00344077 0.61763 -0.0467528
0.00372412 0.697107 -0.0467528
-0.050338 0.810319 -0.116616
-0.0648426 0.705534 -0.0467528
-0.0160033 0.857831 -0.101646
-0.0789673 0.753484 -0.0467528
-0.0256047 0.856942 -0.0467528
-0.0800468 0.817419 -0.0467528
0.00173994 0.77081 -0.0966554
-0.0931945 0.697982 -0.0617235
-0.0720075 0.626057 -0.0467528
-0.0747938 0.81298 -0.0467528
-0.0510678 0.765919 -0.116616
0.00135993 0.618075 -0.0717041
-0.068811 0.85294 -0.0467528
-0.0999794 0.771241 -0.0467528
0.00354924 0.751274 -0.0866748
-0.0829659 0.63982 -0.0467528
-0.0922899 0.688214 -0.116616
-0.0891236 0.654027 -0.111626
-0.0859573 0.61984 -0.0567333
-0.0350312 0.801885 -0.0467528
-0.00824147 0.617186 -0.0617235
-0.0283489 0.625175 -0.0467528
-0.0963608 0.73217 -0.0467528
-0.104955 0.824964 -0.0617235
-0.102416 0.849828 -0.0467528
-0.0334994 0.733066 -0.0467528
-0.0589624 0.642043 -0.116616
-0.0626533 0.838733 -0.116616
-0.0965357 0.786337 -0.0467528
-0.0830382 0.797439 -0.0467528
0.0103341 0.678016 -0.0467528
-0.0977178 0.746821 -0.0617235
-0.0995271 0.766357 -0.0467528
-0.0467194 0.771248 -0.116616
-0.0990748 0.761473 -0.0467528
-0.0294284 0.68911 -0.116616
-0.101789 0.790776 -0.0717041
-0.0807766 0.773019 -0.0467528
-0.0875615 0.846278 -0.0467528
-0.0888461 0.703311 -0.0467528
-0.0167331 0.813431 -0.0467528
-0.0909329 0.673563 -0.0467528
-0.0531545 0.736171 -0.116616
-0.0246277 0.689555 -0.116616
-0.0109554 0.646489 -0.0467528
-0.00187867 0.809881 -0.0467528
-0.086862 0.629607 -0.116616
-0.0834906 0.802323 -0.0467528
-0.056948 0.82941 -0.0467528
-0.0962582 0.835621 -0.0467528
-0.0214615 0.655368 -0.0467528
-0.101059 0.835176 -0.0467528
-0.0316901 0.71353 -0.0467528
-0.0204543 0.749051 -0.0467528
-0.0534319 0.686887 -0.116616
-0.00803635 0.824088 -0.0467528
-0.0949013 0.820969 -0.0467528
0.00445389 0.741507 -0.106636
-0.10586 0.834732 -0.0916651
-0.0340543 0.634498 -0.0467528
-0.0453624 0.756596 -0.0467528
-0.100432 0.776125 -0.051743
0.00219226 0.765926 -0.0816846
-0.0871092 0.841394 -0.0467528
-0.0892985 0.708195 -0.0467528
0.00135993 0.618075 -0.116616
-0.0931945 0.697982 -0.0766943
-0.0522498 0.726403 -0.0467528
0.0109613 0.618964 -0.0916651
-0.0115826 0.705541 -0.0467528
-0.0544089 0.854274 -0.0717041
-0.0158284 0.803663 -0.116616
-0.0041403 0.834301 -0.0816846
-0.0959085 0.727286 -0.0467528
0.00626319 0.721971 -0.0467528
-0.0502657 0.6527 -0.116616
-0.0284212 0.782794 -0.0467528
-0.0850527 0.610072 -0.0617235
-0.0636606 0.74505 -0.116616
-0.0816089 0.625168 -0.0467528
-0.079872 0.763251 -0.0467528
-0.0420936 0.82586 -0.0467528
-0.0945515 0.712634 -0.0567333
-0.098345 0.805873 -0.0467528
-0.0974403 0.796105 -0.0467528
-0.096988 0.791221 -0.0467528
-0.0801494 0.713968 -0.0467528
-0.0445603 0.643377 -0.116616
-0.0468943 0.825415 -0.116616
-0.00695681 0.760153 -0.116616
-0.0926396 0.796549 -0.0467528
-0.0929171 0.747266 -0.0467528
-0.100154 0.825408 -0.0467528
0.00716784 0.712203 -0.0916651
-0.0438305 0.687777 -0.0467528
-0.00758402 0.819204 -0.116616
0.00400156 0.74639 -0.0617235
-0.0720799 0.783676 -0.0467528
-0.103598 0.810312 -0.116616
-0.0708978 0.823192 -0.116616
-0.102416 0.849828 -0.0866748
-0.0497108 0.751267 -0.116616
-0.0417438 0.717525 -0.0467528
-0.077158 0.733948 -0.0467528
-0.0353087 0.752601 -0.0467528
-0.0971629 0.845389 -0.0467528
-0.0954561 0.722402 -0.0567333
-0.0883938 0.698427 -0.0467528
0.00445389 0.741507 -0.101646
-0.10586 0.834732 -0.0617235
-0.105407 0.829848 -0.0816846
-0.0401094 0.752157 -0.0467528
-0.091735 0.786782 -0.0467528
-0.0293259 0.792562 -0.0467528
-0.0602168 0.760146 -0.0467528
-0.0562485 0.61274 -0.0667138
-0.0885687 0.752594 -0.0467528
-0.0381975 0.836072 -0.116616
-0.00368797 0.829417 -0.0617235
-0.0286987 0.73351 -0.0467528
-0.0765308 0.674896 -0.0467528
-0.0585101 0.637159 -0.0467528
-0.0659222 0.769469 -0.116616
0.00942947 0.687784 -0.0667138
-0.0869343 0.787226 -0.0467528
-0.0894734 0.762362 -0.0467528
-0.0349589 0.644266 -0.116616
-0.0708254 0.665573 -0.0467528
-0.0160033 0.857831 -0.0467528
-0.0543366 0.696655 -0.116616
-0.102693 0.800544 -0.0467528
-0.0700957 0.709973 -0.116616
0.0109613 0.618964 -0.116616
-0.0359359 0.811653 -0.0467528
-0.0972654 0.741937 -0.0467528
-0.0927422 0.693098 -0.111626
-0.0919099 0.840949 -0.0467528
-0.0843952 0.81209 -0.116616
-0.015931 0.700212 -0.0467528
-0.018645 0.729516 -0.116616
-0.0618512 0.725514 -0.0467528
-0.0130422 0.616741 -0.111626
-0.0918375 0.68333 -0.0916651
-0.0527022 0.731287 -0.0467528
0.0153097 0.624293 -0.0567333
-0.042371 0.776576 -0.116616
-0.0986224 0.756589 -0.051743
-0.0676592 0.631386 -0.0467528
-0.0812289 0.777903 -0.0467528
-0.0631057 0.843617 -0.116616
-0.0658499 0.61185 -0.0717041
-0.0838706 0.649588 -0.0467528
-0.0784124 0.852051 -0.051743
-0.0882913 0.801878 -0.0467528
-0.00278332 0.819649 -0.0567333
-0.042371 0.776576 -0.0467528
-0.0847752 0.659356 -0.116616
-0.0130422 0.616741 -0.106636
-0.0918375 0.68333 -0.0966554
-0.054614 0.647372 -0.0467528
-0.0574003 0.834294 -0.0467528
0.0153097 0.624293 -0.0667138
-0.0850527 0.610072 -0.116616
-0.0826885 0.689104 -0.0467528
-0.0108529 0.74994 -0.116616
-0.037118 0.772137 -0.0467528
-0.0823085 0.841839 -0.0467528
-0.0958059 0.830737 -0.0467528
0.00173994 0.77081 -0.051743
-0.0619538 0.622063 -0.0467528
0.00219226 0.765926 -0.0966554
-0.0936468 0.702866 -0.051743
-0.0850527 0.610072 -0.111626
-0.0303331 0.698878 -0.0467528
-0.0463696 0.662912 -0.0467528
-0.0462671 0.766364 -0.116616
-0.0422987 0.618957 -0.0467528
-0.0582326 0.686443 -0.116616
-0.0880138 0.851162 -0.0467528
-0.0424736 0.673125 -0.0467528
-0.0227159 0.773471 -0.0467528
-0.068811 0.85294 -0.0866748
-0.0393073 0.638938 -0.0467528
-0.00233099 0.814765 -0.116616
-0.0849501 0.713523 -0.0467528
-0.0967106 0.840505 -0.0467528
0.010509 0.623848 -0.0467528
-0.051695 0.824971 -0.116616
0.00445389 0.741507 -0.0916651
-0.0862045 0.831626 -0.0467528
-0.0902031 0.717962 -0.0467528
-0.103598 0.810312 -0.111626
-0.0750713 0.763696 -0.0467528
-0.0987973 0.810757 -0.0467528
-0.0944489 0.816085 -0.0467528
-0.0756261 0.665129 -0.116616
-0.0228908 0.827638 -0.116616
-0.0247001 0.847174 -0.0467528
-0.0828633 0.743271 -0.0467528
-0.0135668 0.779244 -0.0467528
-0.0352061 0.856053 -0.0766943
0.000382959 0.785462 -0.101646
-0.0882189 0.644259 -0.0966554
-0.0482512 0.840067 -0.0467528
-0.045465 0.653145 -0.0467528
-0.0904806 0.668679 -0.0717041
-0.0465445 0.71708 -0.0467528
-0.031865 0.767698 -0.0467528
-0.0532571 0.63272 -0.0467528
-0.0564957 0.824526 -0.0467528
-0.0524247 0.780571 -0.116616
-0.0735394 0.694877 -0.0467528
-0.0882189 0.644259 -0.0567333
-0.0259847 0.704207 -0.0467528
-0.0219138 0.660252 -0.0467528
-0.0754513 0.610961 -0.116616
0.00671552 0.717087 -0.116616
-0.101964 0.844944 -0.0467528
0.00309691 0.756158 -0.111626
-0.0392047 0.742389 -0.116616
-0.0847752 0.659356 -0.0467528
-0.0162808 0.808547 -0.0467528
-0.0768806 0.783232 -0.0467528
-0.0462671 0.766364 -0.0467528
-0.0718024 0.83296 -0.0467528
-0.0448075 0.855163 -0.106636
-0.100432 0.776125 -0.0567333
-0.0927422 0.693098 -0.0717041
-0.0111303 0.700657 -0.0467528
-0.0233431 0.832522 -0.0467528
-0.0210091 0.650484 -0.0467528
-0.0138443 0.72996 -0.0467528
-0.049361 0.642932 -0.0467528
-0.0714526 0.724625 -0.116616
-0.0959085 0.727286 -0.0966554
-0.0899257 0.767246 -0.0467528
-0.052075 0.672236 -0.116616
-0.0348564 0.747717 -0.0467528
-0.0720799 0.783676 -0.116616
-0.0881164 0.74771 -0.0467528
-0.00368797 0.829417 -0.051743
-0.100432 0.776125 -0.0766943
-0.0671043 0.729953 -0.0467528
-0.0041403 0.834301 -0.106636
-0.0475517 0.623397 -0.0467528
-0.0791422 0.807651 -0.0467528
-0.0904806 0.668679 -0.0966554
-0.0865845 0.678891 -0.0467528
-0.0307854 0.703762 -0.116616
-0.0782375 0.797883 -0.0467528
-0.0407366 0.811208 -0.0467528
-0.037498 0.619402 -0.0467528
-0.0490836 0.692216 -0.0467528
-0.0777852 0.792999 -0.0467528
-0.0514478 0.613184 -0.0667138
-0.0833157 0.748155 -0.116616
-0.0592096 0.853829 -0.116616
-0.0376729 0.67357 -0.116616
-0.0544089 0.854274 -0.0467528
-0.0725322 0.78856 -0.116616
-0.0977178 0.746821 -0.106636
-0.0773329 0.788116 -0.0467528
-0.0828633 0.743271 -0.116616
-0.0144715 0.789012 -0.0467528
-0.0835931 0.698871 -0.0467528
-0.0547889 0.701539 -0.0467528
-0.106312 0.839615 -0.116616
-0.000974018 0.800113 -0.0467528
-0.0764282 0.778348 -0.0467528
-0.0616764 0.671346 -0.0467528
-0.0656447 0.818753 -0.0467528
-0.0508929 0.711752 -0.0467528
-0.0777129 0.635381 -0.116616
-0.0804992 0.822303 -0.116616
-0.0723573 0.734393 -0.0467528
-0.0672068 0.626502 -0.116616
-0.0234457 0.729071 -0.116616
-0.098345 0.805873 -0.116616
-0.00796402 0.666469 -0.0467528
-0.0714526 0.724625 -0.0467528
-0.080252 0.610516 -0.0467528
-0.0537094 0.637604 -0.0467528
0.00852482 0.697551 -0.051743
-0.0451875 0.702428 -0.0467528
-0.0710003 0.719741 -0.0467528
-0.0332219 0.782349 -0.116616
-0.0285238 0.679343 -0.0467528
-0.0700957 0.709973 -0.0467528
-0.105407 0.829848 -0.0667138
-0.00949588 0.735289 -0.0467528
0.0135004 0.643828 -0.0667138
-0.0696433 0.705089 -0.0467528
-0.0174629 0.769031 -0.116616
-0.0163833 0.705096 -0.0467528
-0.0904806 0.668679 -0.0567333
-0.0392047 0.742389 -0.0467528
-0.069191 0.700205 -0.0467528
-0.0446326 0.800996 -0.0467528
-0.0418464 0.614073 -0.0467528
-0.0589624 0.642043 -0.0467528
-0.0626533 0.838733 -0.0467528
-0.0216364 0.709535 -0.116616
-0.0336743 0.787233 -0.0467528
-0.0682864 0.690437 -0.0467528
-0.0850527 0.610072 -0.0717041
-0.0770554 0.837399 -0.0467528
-0.0673817 0.68067 -0.0467528
-0.0370457 0.614518 -0.0667138
-0.0669294 0.675786 -0.0467528
-0.0575029 0.730843 -0.0467528
0.00462877 0.687339 -0.0467528
-0.0549638 0.755707 -0.116616
-0.00107658 0.696662 -0.0467528
-0.0153761 0.798779 -0.116616
-0.0328722 0.674014 -0.0467528
-0.0113052 0.754824 -0.116616
-0.00142634 0.804997 -0.0717041
-0.0655724 0.661134 -0.0467528
0.0107864 0.673132 -0.0617235
-0.0684613 0.744605 -0.0467528
-0.0059496 0.853836 -0.111626
-0.0646678 0.651366 -0.0467528
-0.0683587 0.848056 -0.0467528
0.00163738 0.667359 -0.0467528
-0.0397596 0.643821 -0.0467528
-0.0611215 0.769914 -0.116616
0.00219226 0.765926 -0.0717041
-0.0892985 0.708195 -0.116616
-0.0871092 0.841394 -0.116616
-0.0624061 0.626947 -0.0467528
-0.105407 0.829848 -0.116616
-0.0706506 0.611406 -0.051743
-0.0168357 0.70998 -0.0467528
-0.0615015 0.617179 -0.0467528
-0.0456399 0.707312 -0.0467528
-0.0075117 0.661586 -0.0467528
-0.0754513 0.610961 -0.111626
-0.0610492 0.612295 -0.0467528
-0.0015289 0.701546 -0.0467528
-0.014574 0.68556 -0.116616
-0.0442829 0.692661 -0.0467528
-0.0751738 0.660245 -0.116616
-0.0215338 0.812987 -0.0467528
-0.0514478 0.613184 -0.0766943
-0.0418464 0.614073 -0.116616
-0.0446326 0.800996 -0.116616
-0.0784124 0.852051 -0.0467528
-0.0343015 0.846285 -0.0467528
-0.0319675 0.664246 -0.0467528
-0.0909329 0.673563 -0.0866748
-0.0992496 0.815641 -0.116616
0.00852482 0.697551 -0.111626
-0.0300557 0.748162 -0.0467528
-0.0779601 0.847167 -0.0467528
-0.00504495 0.844069 -0.0567333
0.00716784 0.712203 -0.051743
-0.0141217 0.680677 -0.0467528
-0.00640193 0.85872 -0.111626
-0.0776103 0.738832 -0.116616
0.00852482 0.697551 -0.116616
-0.0329445 0.831633 -0.0467528
-0.0555187 0.657139 -0.0467528
-0.0102257 0.690889 -0.0467528
-0.0696433 0.705089 -0.116616
-0.0673817 0.68067 -0.116616
-0.0181926 0.724632 -0.0467528
-0.0304054 0.856497 -0.0916651
-0.0859573 0.61984 -0.0766943
-0.0761508 0.827631 -0.0467528
-0.0738892 0.803212 -0.0467528
-0.0592096 0.853829 -0.0916651
-0.0940992 0.70775 -0.0766943
0.0112388 0.668248 -0.116616
-0.0592096 0.853829 -0.111626
0.0112388 0.668248 -0.0866748
-0.0940992 0.70775 -0.0467528
-0.0496082 0.854719 -0.106636
-0.0411889 0.816092 -0.0467528
-0.0370457 0.614518 -0.0467528
-0.100432 0.776125 -0.0866748
-0.00368797 0.829417 -0.0467528
2.95626e-06 0.632727 -0.0467528
-0.0729845 0.793444 -0.0467528
-0.0127647 0.666025 -0.0467528
-0.0935443 0.806317 -0.0467528
-0.0642154 0.646482 -0.0467528
-0.0352061 0.856053 -0.101646
-0.0832131 0.851606 -0.0916651
0.00128761 0.775694 -0.0467528
-0.0627559 0.735282 -0.0467528
-0.0274443 0.615407 -0.0866748
-0.0059496 0.853836 -0.116616
-0.0209066 0.753935 -0.0467528
-0.0680089 0.739721 -0.0467528
-0.0725322 0.78856 -0.0467528
-0.0755236 0.76858 -0.116616
-0.0711752 0.773908 -0.0467528
-0.0594147 0.646927 -0.0467528
-0.062201 0.833849 -0.0467528
-0.085505 0.614956 -0.101646
-0.0854024 0.718407 -0.116616
-0.0444578 0.746828 -0.116616
-0.0521473 0.829855 -0.116616
-0.0702706 0.764141 -0.0467528
0.00553342 0.677571 -0.116616
0.00960436 0.633616 -0.116616
-0.101511 0.84006 -0.0467528
-0.0698182 0.759257 -0.0467528
-0.0161059 0.75438 -0.0467528
-0.0689136 0.749489 -0.0467528
-0.0832131 0.851606 -0.106636
0.00128761 0.775694 -0.0567333
-0.0657473 0.715302 -0.0467528
-0.0718024 0.83296 -0.116616
0.00671552 0.717087 -0.0667138
-0.0433782 0.682893 -0.0467528
-0.0640103 0.853385 -0.0567333
-0.065295 0.710418 -0.0467528
-0.0285961 0.836962 -0.116616
-0.0886713 0.649143 -0.0617235
-0.00605216 0.750385 -0.116616
-0.0455373 0.810764 -0.116616
-0.0506154 0.761035 -0.0467528
-0.0504405 0.706868 -0.0467528
-0.063938 0.695766 -0.0467528
-0.0514478 0.613184 -0.0467528
-0.054234 0.800106 -0.0467528
-0.0603194 0.656695 -0.0467528
-0.063558 0.848501 -0.0467528
-0.00351309 0.775249 -0.0467528
-0.020804 0.857386 -0.0467528
-0.0175654 0.66558 -0.0467528
-0.0418464 0.614073 -0.0816846
-0.0154787 0.695328 -0.0467528
0.00581087 0.726855 -0.0866748
-0.0429259 0.678009 -0.0467528
-0.0297782 0.797446 -0.0467528
-0.043728 0.791228 -0.0467528
-0.0580578 0.632275 -0.0467528
-0.0976152 0.850272 -0.0467528
0.00762017 0.707319 -0.0966554
0.00236714 0.711758 -0.116616
-0.0539566 0.84939 -0.0467528
-0.050718 0.657584 -0.0467528
-0.032245 0.614963 -0.0966554
-0.0418464 0.614073 -0.0667138
-0.0722547 0.837844 -0.0467528
0.00281947 0.706875 -0.0467528
0.00417645 0.692223 -0.0467528
-0.0813315 0.674452 -0.0467528
0.00671552 0.717087 -0.0717041
-0.0699931 0.813424 -0.0467528
-0.0832131 0.851606 -0.0866748
-0.0695408 0.80854 -0.0467528
-0.0158284 0.803663 -0.0467528
-0.0959085 0.727286 -0.0717041
-0.0677315 0.789005 -0.0467528
-0.0882189 0.644259 -0.0866748
-0.0192722 0.788567 -0.0467528
-0.0420936 0.82586 -0.116616
-0.0284212 0.782794 -0.116616
-0.00504495 0.844069 -0.0467528
-0.0995271 0.766357 -0.116616
-0.0396571 0.747273 -0.116616
-0.0891236 0.654027 -0.0816846
-0.0267145 0.659807 -0.0467528
-0.0905529 0.826298 -0.0467528
-0.0858547 0.723291 -0.0467528
-0.0728096 0.739276 -0.116616
-0.023898 0.733955 -0.0467528
-0.0425459 0.830744 -0.116616
-0.0668268 0.779237 -0.0467528
-0.0755236 0.76858 -0.0467528
-0.0933694 0.75215 -0.116616
-0.0203517 0.852502 -0.116616
-0.0960834 0.781453 -0.0467528
-0.0863071 0.728175 -0.0467528
-0.0306105 0.649595 -0.116616
-0.0101231 0.79434 -0.0467528
-0.0511703 0.662468 -0.0467528
-0.0581301 0.789894 -0.0467528
-0.0866568 0.83651 -0.0467528
-0.0834182 0.644704 -0.0467528
-0.0613989 0.72063 -0.0467528
-0.0259847 0.704207 -0.116616
-0.0971629 0.845389 -0.116616
-0.0920124 0.737498 -0.0467528
-0.0254298 0.802774 -0.116616
-0.0647401 0.808985 -0.0467528
-0.0895759 0.658911 -0.0916651
-0.0641129 0.749934 -0.0467528
-0.0658499 0.61185 -0.0766943
-0.0623036 0.730398 -0.0467528
-0.0231682 0.778355 -0.0467528
-0.0336019 0.629614 -0.0467528
-0.0600419 0.705978 -0.0467528
-0.0693659 0.754373 -0.116616
-0.0595896 0.701095 -0.0467528
-0.0591373 0.696211 -0.0467528
-0.00939332 0.83874 -0.0467528
-0.00570239 0.64205 -0.0467528
-0.0699931 0.813424 -0.116616
0.00480366 0.633171 -0.116616
-0.0895759 0.658911 -0.051743
-0.0568757 0.671791 -0.0467528
-0.0976152 0.850272 -0.051743
0.0109613 0.618964 -0.101646
-0.0156536 0.749496 -0.116616
-0.0567008 0.617623 -0.0467528
-0.0599394 0.80943 -0.0467528
-0.082411 0.738387 -0.116616
-0.0063296 0.701101 -0.116616
-0.0326973 0.619847 -0.116616
-0.00886867 0.676237 -0.116616
-0.00977333 0.686005 -0.0467528
-0.0754513 0.610961 -0.0617235
-0.10586 0.834732 -0.106636
-0.067454 0.838288 -0.0467528
-0.0972654 0.741937 -0.0717041
-0.00333821 0.721082 -0.0467528
-0.00796402 0.666469 -0.116616
-0.0337768 0.683782 -0.0467528
-0.102416 0.849828 -0.0567333
-0.0165582 0.759264 -0.0467528
-0.0651924 0.813869 -0.0467528
-0.0636606 0.74505 -0.0467528
-0.0615738 0.774798 -0.0467528
0.0116911 0.663364 -0.0617235
-0.0428233 0.78146 -0.0467528
-0.0977178 0.746821 -0.0567333
-0.0633108 0.636714 -0.0467528
-0.0640103 0.853385 -0.0467528
0.00762017 0.707319 -0.0467528
-0.0739917 0.699761 -0.116616
-0.0611215 0.769914 -0.0467528
-0.0535043 0.844506 -0.0467528
-0.0873866 0.79211 -0.0467528
-0.089021 0.757478 -0.0467528
-0.00605216 0.750385 -0.0467528
-0.0187475 0.626064 -0.116616
-0.0606692 0.76503 -0.0467528
-6.93664e-05 0.790346 -0.0766943
-0.0864096 0.624724 -0.0467528
-0.0664771 0.670902 -0.116616
-0.0597645 0.755262 -0.0467528
-0.0592096 0.853829 -0.0467528
-0.0593122 0.750378 -0.0467528
-0.075801 0.719296 -0.0467528
-0.0579552 0.735726 -0.0467528
-0.0507903 0.815203 -0.116616
-0.00831379 0.774805 -0.0467528
-0.078515 0.7486 -0.0467528
-0.083768 0.753039 -0.0467528
0.00616063 0.61852 -0.0816846
-0.0878389 0.796994 -0.116616
0.000732725 0.677126 -0.116616
-0.0561459 0.716191 -0.0467528
-0.058305 0.844062 -0.0467528
-0.0538843 0.691771 -0.0467528
-0.0429982 0.835628 -0.0467528
-0.0529796 0.682003 -0.0467528
-0.052075 0.672236 -0.0467528
-0.0530519 0.839622 -0.0467528
-0.0516226 0.667352 -0.0467528
-0.0393796 0.796556 -0.0467528
-0.0676592 0.631386 -0.116616
0.0121434 0.65848 -0.0816846
-0.0562485 0.61274 -0.101646
-0.0981701 0.751705 -0.0717041
-0.0806017 0.718852 -0.0467528
-0.0737143 0.749044 -0.0467528
0.0144051 0.634061 -0.0567333
-0.0524247 0.780571 -0.0467528
-0.00640193 0.85872 -0.0816846
-0.00278332 0.819649 -0.051743
-0.0743415 0.808096 -0.0467528
0.00852482 0.697551 -0.0667138
-0.0498133 0.647816 -0.0467528
-0.101336 0.785892 -0.0966554
-0.0624785 0.784566 -0.116616
-0.0184701 0.675348 -0.0467528
-0.0439029 0.845395 -0.0467528
-0.0406643 0.653589 -0.0467528
-0.0528771 0.785455 -0.0467528
-0.0466471 0.613629 -0.0467528
-0.0747215 0.655361 -0.0467528
-0.0631057 0.843617 -0.0467528
-0.0345066 0.639382 -0.0467528
-0.0753487 0.714412 -0.0467528
-0.0629308 0.789449 -0.0467528
-0.100154 0.825408 -0.116616
0.00445389 0.741507 -0.0866748
-0.10586 0.834732 -0.101646
-0.0748964 0.709528 -0.0467528
-0.0754513 0.610961 -0.0816846
-0.0480764 0.785899 -0.116616
-0.0928145 0.850717 -0.0816846
-0.0864096 0.624724 -0.0766943
-6.93664e-05 0.790346 -0.0467528
-0.074444 0.704645 -0.0467528
-0.0742692 0.650477 -0.0467528
-0.0612964 0.824081 -0.0467528
-0.0666519 0.725069 -0.116616
-0.0466471 0.613629 -0.0667138
-0.0572254 0.780126 -0.0467528
-0.0422987 0.618957 -0.116616
-0.0567731 0.775242 -0.0467528
-0.0315875 0.816981 -0.0467528
-0.0136694 0.675793 -0.0467528
-0.0563208 0.770358 -0.0467528
-0.0671043 0.729953 -0.116616
-0.0112026 0.858276 -0.0567333
-0.0947264 0.766801 -0.0467528
-0.0290484 0.841845 -0.0467528
-0.0262622 0.654923 -0.0467528
-0.0854024 0.718407 -0.0467528
-0.00768658 0.715753 -0.0467528
0.0130481 0.648712 -0.0916651
0.00264459 0.761042 -0.0717041
-0.0800468 0.817419 -0.116616
-0.00260844 0.765481 -0.0467528
-0.0531545 0.736171 -0.0467528
-0.0517975 0.721519 -0.0467528
0.00535854 0.731739 -0.101646
-0.00406797 0.676682 -0.0467528
-0.0513452 0.716635 -0.0467528
-0.0525273 0.67712 -0.0467528
-0.0486312 0.687332 -0.0467528
-0.0855773 0.772575 -0.0467528
-0.0477266 0.677564 -0.0467528
-0.0859573 0.61984 -0.0866748
-0.0496082 0.854719 -0.0467528
-0.0468219 0.667796 -0.0467528
-0.0355861 0.703318 -0.0467528
-0.055971 0.662023 -0.0467528
-0.0481789 0.682448 -0.0467528
0.00671552 0.717087 -0.051743
-0.0563208 0.770358 -0.116616
-0.0459173 0.658029 -0.0467528
-0.0059496 0.853836 -0.0467528
-0.0487036 0.844951 -0.0467528
-0.0450126 0.648261 -0.0467528
-0.0258822 0.807658 -0.0467528
-0.0470994 0.618513 -0.116616
-0.0515201 0.770803 -0.0467528
0.000835285 0.780578 -0.0467528
-0.0459896 0.815647 -0.0467528
-0.0432033 0.628725 -0.0467528
-0.0558685 0.765474 -0.0467528
-0.0268894 0.713975 -0.116616
-0.0843952 0.81209 -0.0467528
-0.000521692 0.795229 -0.0667138
-0.0643903 0.70065 -0.0467528
-0.0276191 0.669575 -0.116616
0.010509 0.623848 -0.116616
-0.0796971 0.709084 -0.0467528
-0.0954561 0.722402 -0.051743
0.0116911 0.663364 -0.0717041
0.0103341 0.678016 -0.051743
-0.0977178 0.746821 -0.0667138
-0.0546864 0.80499 -0.0467528
-0.0791422 0.807651 -0.116616
-0.0477989 0.835183 -0.0467528
-0.0436557 0.633609 -0.0467528
-0.000449369 0.637611 -0.0467528
-0.0411166 0.658473 -0.0467528
-0.00441774 0.785017 -0.0467528
-0.00859123 0.725521 -0.116616
-0.0226436 0.615852 -0.0916651
-0.0255324 0.699323 -0.0467528
-0.0704454 0.818308 -0.0467528
-0.0990748 0.761473 -0.051743
-0.00459262 0.839185 -0.0916651
-0.0114801 0.808992 -0.0467528
-0.0533294 0.790339 -0.0467528
-0.0944489 0.816085 -0.116616
-0.0592096 0.853829 -0.0816846
-0.0228184 0.670019 -0.116616
-0.0448075 0.855163 -0.0966554
-0.0510678 0.765919 -0.0467528
-0.0945515 0.712634 -0.051743
-0.0501631 0.756151 -0.0467528
0.0125958 0.653596 -0.101646
-0.0488061 0.7415 -0.0467528
-0.0519724 0.775687 -0.0467528
-0.0591373 0.696211 -0.116616
-0.0389273 0.791673 -0.116616
-0.017288 0.714864 -0.0467528
-0.0219861 0.81787 -0.0467528
0.015762 0.619409 -0.0467528
-0.00469518 0.735733 -0.0467528
-0.032245 0.614963 -0.116616
-0.0638354 0.799217 -0.116616
0.00400156 0.74639 -0.111626
-0.106764 0.844499 -0.0617235
0.0121434 0.65848 -0.111626
-0.102241 0.79566 -0.116616
-0.0990748 0.761473 -0.116616
-0.101336 0.785892 -0.116616
-0.0986224 0.756589 -0.116616
-0.0223661 0.665136 -0.116616
-0.100884 0.781009 -0.0766943
-0.0981701 0.751705 -0.116616
-0.0300557 0.748162 -0.116616
-0.000901695 0.642494 -0.0467528
-0.0972654 0.741937 -0.116616
-0.0543366 0.696655 -0.0467528
-0.0963608 0.73217 -0.116616
-0.00459262 0.839185 -0.0567333
-0.0959085 0.727286 -0.116616
0.0116911 0.663364 -0.051743
-0.0954561 0.722402 -0.116616
-0.0352061 0.856053 -0.0866748
-0.0832131 0.851606 -0.0717041
-0.0919099 0.840949 -0.116616
-0.0041403 0.834301 -0.0617235
-0.0403868 0.702873 -0.0467528
-0.0280715 0.674459 -0.0467528
0.0098818 0.6829 -0.0467528
-0.0950038 0.717518 -0.116616
-0.0850527 0.610072 -0.0567333
-0.0658499 0.61185 -0.0966554
-0.0936468 0.702866 -0.116616
-0.00323565 0.824533 -0.0966554
0.00309691 0.756158 -0.0667138
-0.10405 0.815196 -0.0567333
-0.0931945 0.697982 -0.116616
0.00445389 0.741507 -0.0717041
-0.0902031 0.717962 -0.116616
-0.0862045 0.831626 -0.116616
-0.0927422 0.693098 -0.116616
-0.106312 0.839615 -0.0717041
-0.0904806 0.668679 -0.116616
-0.0354836 0.806769 -0.116616
-0.00278332 0.819649 -0.106636
-0.0743415 0.808096 -0.116616
-0.0804992 0.822303 -0.0467528
-0.0777129 0.635381 -0.0467528
-0.0131145 0.77436 -0.116616
-0.0738168 0.645593 -0.0467528
-0.0590347 0.799662 -0.0467528
-0.0900282 0.663795 -0.116616
-0.0733645 0.640709 -0.0467528
-0.0766031 0.832515 -0.0467528
-0.085505 0.614956 -0.0567333
-0.0895759 0.658911 -0.116616
-0.0702706 0.764141 -0.116616
-0.0891236 0.654027 -0.116616
-0.0886713 0.649143 -0.116616
-0.0658499 0.61185 -0.0567333
-0.0381975 0.836072 -0.0467528
-0.0877666 0.639375 -0.116616
-0.0914575 0.836065 -0.116616
-0.0134945 0.621625 -0.0467528
-0.0435531 0.73706 -0.116616
-0.0864096 0.624724 -0.116616
-0.0640103 0.853385 -0.0617235
0.00762017 0.707319 -0.0567333
-0.0708254 0.665573 -0.116616
-0.0804268 0.664684 -0.116616
-0.0827608 0.846722 -0.116616
-0.0247001 0.847174 -0.116616
-0.0859573 0.61984 -0.116616
0.00128761 0.775694 -0.0717041
-0.0325947 0.723298 -0.0467528
-0.0628585 0.631831 -0.0467528
-0.0832131 0.851606 -0.116616
-0.0347538 0.851169 -0.116616
-0.0261596 0.758374 -0.0467528
-0.085505 0.614956 -0.116616
-0.102416 0.849828 -0.116616
-0.0850527 0.610072 -0.106636
-0.0104005 0.745057 -0.116616
-0.101964 0.844944 -0.116616
-0.0458147 0.76148 -0.0467528
-0.101059 0.835176 -0.116616
-0.0685638 0.641154 -0.116616
-0.0504405 0.706868 -0.116616
0.00671552 0.717087 -0.0766943
-0.100607 0.830292 -0.116616
-0.0690885 0.803657 -0.116616
-0.000799135 0.745946 -0.0467528
-0.099702 0.820524 -0.116616
0.00135993 0.618075 -0.051743
-0.10405 0.815196 -0.101646
0.0139527 0.638944 -0.116616
-0.0514478 0.613184 -0.0966554
-0.0978927 0.800989 -0.116616
-0.0704454 0.818308 -0.116616
-0.096988 0.791221 -0.116616
-0.0965357 0.786337 -0.116616
-0.095631 0.776569 -0.116616
-0.0951787 0.771685 -0.116616
-0.0877666 0.639375 -0.0567333
-0.0942741 0.761918 -0.116616
-0.0240005 0.630504 -0.116616
-0.0938217 0.757034 -0.116616
0.00435133 0.638055 -0.0467528
-0.0746189 0.758812 -0.0467528
-0.0929171 0.747266 -0.116616
-0.0924647 0.742382 -0.116616
-0.0880138 0.851162 -0.111626
-0.0920124 0.737498 -0.116616
-0.0815064 0.728619 -0.116616
-0.00368797 0.829417 -0.106636
-0.0861322 0.674007 -0.0467528
-0.0400068 0.855608 -0.116616
-0.0216364 0.709535 -0.0467528
-0.0911078 0.72773 -0.116616
-0.015931 0.700212 -0.116616
0.0112388 0.668248 -0.0966554
-0.0940992 0.70775 -0.0567333
-0.0897508 0.713078 -0.116616
0.0153097 0.624293 -0.0467528
-0.0888461 0.703311 -0.116616
-0.0875615 0.846278 -0.116616
-0.0886713 0.649143 -0.0866748
-0.0883938 0.698427 -0.116616
-0.0879415 0.693543 -0.116616
-0.0178429 0.616297 -0.0766943
-0.106764 0.844499 -0.051743
-0.0874892 0.688659 -0.116616
-0.0100508 0.636721 -0.116616
-0.0137417 0.833411 -0.116616
-0.0754513 0.610961 -0.0717041
-0.0687387 0.695321 -0.0467528
-0.0870368 0.683775 -0.116616
-0.0132894 0.828528 -0.116616
-0.0865845 0.678891 -0.116616
-0.0501631 0.756151 -0.116616
-0.0448075 0.855163 -0.0617235
-0.100432 0.776125 -0.101646
-0.0861322 0.674007 -0.116616
-0.0735394 0.694877 -0.116616
-0.0999794 0.771241 -0.101646
-0.0856799 0.669123 -0.116616
-0.00914612 0.626954 -0.0467528
0.0144051 0.634061 -0.0467528
-0.0852275 0.664239 -0.116616
-0.0201768 0.798335 -0.116616
0.00264459 0.761042 -0.0966554
0.0130481 0.648712 -0.116616
-0.0843229 0.654472 -0.116616
-0.104955 0.824964 -0.101646
-0.0645652 0.754817 -0.116616
-0.0834182 0.644704 -0.116616
-0.0866568 0.83651 -0.116616
0.0086997 0.643384 -0.0467528
0.00643808 0.667803 -0.0467528
-0.0936468 0.702866 -0.0467528
-0.0657473 0.715302 -0.116616
0.00525598 0.628287 -0.116616
-0.0928145 0.850717 -0.101646
-6.93664e-05 0.790346 -0.0617235
-0.0864096 0.624724 -0.0617235
-0.0610492 0.612295 -0.0766943
-0.0825136 0.634936 -0.116616
-0.0852999 0.821858 -0.116616
-0.0816089 0.625168 -0.116616
-0.0976152 0.850272 -0.116616
-0.0967106 0.840505 -0.116616
-0.0962582 0.835621 -0.116616
0.00173994 0.77081 -0.106636
-0.0958059 0.830737 -0.116616
-0.0953536 0.825853 -0.116616
-0.0564233 0.666907 -0.0467528
-0.0729845 0.793444 -0.116616
-0.0949013 0.820969 -0.116616
-0.0254298 0.802774 -0.0467528
-0.0716275 0.778792 -0.116616
-0.0185424 0.832967 -0.116616
-0.0935443 0.806317 -0.116616
0.0109613 0.618964 -0.0567333
-0.093092 0.801433 -0.116616
-0.000521692 0.795229 -0.111626
-0.0926396 0.796549 -0.116616
-0.104955 0.824964 -0.0667138
-0.091735 0.786782 -0.116616
-0.00187867 0.809881 -0.0916651
-0.086862 0.629607 -0.0717041
-0.0912827 0.781898 -0.116616
0.00299435 0.652707 -0.116616
0.0130481 0.648712 -0.0766943
0.00264459 0.761042 -0.0617235
-0.0248026 0.743723 -0.116616
0.00897715 0.692667 -0.0966554
-0.00824147 0.617186 -0.111626
-0.089021 0.757478 -0.116616
-0.0873866 0.79211 -0.116616
0.0125958 0.653596 -0.0916651
-0.0885687 0.752594 -0.116616
0.00128761 0.775694 -0.0816846
-0.0881164 0.74771 -0.116616
-0.0654699 0.764585 -0.0467528
-0.00142634 0.804997 -0.116616
-0.00187867 0.809881 -0.0766943
-0.086862 0.629607 -0.0866748
-0.0863071 0.728175 -0.116616
-0.0498857 0.805435 -0.116616
-0.0850527 0.610072 -0.0916651
-0.0849501 0.713523 -0.116616
-0.0844978 0.708639 -0.116616
-0.0858547 0.723291 -0.116616
-0.0905529 0.826298 -0.116616
-0.0590347 0.799662 -0.116616
-0.0222636 0.768587 -0.116616
-0.00424286 0.730849 -0.116616
-0.0840454 0.703755 -0.116616
-0.0835931 0.698871 -0.116616
-0.0986224 0.756589 -0.0617235
-0.0831408 0.693987 -0.116616
-0.0826885 0.689104 -0.116616
-0.0822361 0.68422 -0.116616
-0.0523524 0.622952 -0.116616
-0.0551387 0.809874 -0.116616
-0.0632082 0.740166 -0.116616
0.00219226 0.765926 -0.0766943
-0.0795222 0.654916 -0.116616
0.00173994 0.77081 -0.0617235
-0.0711029 0.61629 -0.0467528
-0.0790699 0.650032 -0.116616
-0.0818561 0.836955 -0.116616
-0.0786175 0.645148 -0.116616
-0.0685638 0.641154 -0.0467528
-0.049361 0.642932 -0.116616
-0.048004 0.628281 -0.0467528
-0.0781652 0.640265 -0.116616
-0.0492585 0.746383 -0.0467528
-0.0772606 0.630497 -0.116616
-0.0809515 0.827187 -0.116616
0.00535854 0.731739 -0.0966554
0.00417645 0.692223 -0.116616
-0.0768082 0.625613 -0.116616
0.00135993 0.618075 -0.111626
-0.0659222 0.769469 -0.0467528
-0.0763559 0.620729 -0.116616
-0.0795945 0.812535 -0.116616
-0.0059496 0.853836 -0.0567333
-0.0759036 0.615845 -0.116616
-0.0864096 0.624724 -0.0667138
-0.0928145 0.850717 -0.116616
-0.0774354 0.684664 -0.116616
-0.0387524 0.737505 -0.116616
-0.103146 0.805428 -0.116616
-0.0923622 0.845833 -0.116616
0.0112388 0.668248 -0.0916651
-0.0901006 0.821414 -0.116616
-0.0882913 0.801878 -0.116616
-0.0945515 0.712634 -0.0717041
-0.0855773 0.772575 -0.116616
-0.085125 0.767691 -0.116616
-0.0408392 0.707757 -0.116616
-0.0846727 0.762807 -0.116616
-0.0783401 0.694432 -0.116616
-0.083768 0.753039 -0.116616
-0.0819587 0.733503 -0.116616
0.0125958 0.653596 -0.0816846
-0.0484564 0.633164 -0.0467528
0.00254203 0.657591 -0.116616
-0.081054 0.723736 -0.116616
-0.0806017 0.718852 -0.116616
-0.0792447 0.7042 -0.116616
-0.0787924 0.699316 -0.116616
-0.0913852 0.678447 -0.111626
-0.0778878 0.689548 -0.116616
-0.0900282 0.663795 -0.0717041
-0.0769831 0.67978 -0.116616
0.00616063 0.61852 -0.0467528
-0.00233099 0.814765 -0.0467528
-0.0765308 0.674896 -0.116616
-0.0059496 0.853836 -0.0766943
-0.0494333 0.800551 -0.116616
-0.0331496 0.62473 -0.0467528
0.00762017 0.707319 -0.116616
-0.0760785 0.670013 -0.116616
-0.00187867 0.809881 -0.0966554
-0.0747215 0.655361 -0.116616
-0.0113052 0.754824 -0.0467528
-0.0738168 0.645593 -0.116616
0.00570831 0.623403 -0.116616
-0.061224 0.666463 -0.0467528
-0.0660971 0.823637 -0.0467528
-0.0733645 0.640709 -0.116616
-0.0766031 0.832515 -0.116616
-0.0886713 0.649143 -0.0766943
-0.0729122 0.635825 -0.116616
-0.0237954 0.837406 -0.116616
-0.0720075 0.626057 -0.116616
-0.0747938 0.81298 -0.116616
-0.0201045 0.640716 -0.116616
-0.0242477 0.84229 -0.116616
-0.0715552 0.621174 -0.116616
-0.0752461 0.817864 -0.116616
-0.031865 0.767698 -0.116616
-0.0818561 0.836955 -0.0467528
-0.0790699 0.650032 -0.0467528
-0.0711029 0.61629 -0.116616
-0.0968131 0.737053 -0.0866748
-0.0314126 0.762814 -0.116616
-0.0706506 0.611406 -0.116616
0.000835285 0.780578 -0.101646
-0.0593122 0.750378 -0.116616
-0.0880138 0.851162 -0.116616
-0.0848475 0.816974 -0.116616
-0.0839429 0.807207 -0.116616
-0.0834906 0.802323 -0.116616
-0.0762533 0.72418 -0.0467528
-0.0384026 0.62917 -0.116616
-0.0398319 0.80144 -0.116616
-0.0830382 0.797439 -0.116616
-0.0825859 0.792555 -0.116616
-0.0821336 0.787671 -0.116616
-0.0816813 0.782787 -0.116616
-0.080252 0.610516 -0.0966554
-0.0812289 0.777903 -0.116616
-0.0807766 0.773019 -0.116616
-0.0232708 0.674903 -0.0467528
-0.079872 0.763251 -0.116616
-0.0817838 0.679336 -0.116616
-0.0794196 0.758367 -0.116616
-0.107217 0.849383 -0.0916651
-0.0712778 0.670457 -0.116616
-0.0789673 0.753484 -0.116616
-0.100432 0.776125 -0.116616
-0.0448075 0.855163 -0.0467528
-0.0420212 0.668241 -0.0467528
-0.078515 0.7486 -0.116616
-0.0780626 0.743716 -0.116616
-0.0316901 0.71353 -0.116616
-0.10586 0.834732 -0.0667138
0.0144051 0.634061 -0.051743
-0.077158 0.733948 -0.116616
-0.0602168 0.760146 -0.116616
-0.0717301 0.675341 -0.0467528
-0.0945515 0.712634 -0.116616
-0.0767057 0.729064 -0.116616
-0.0762533 0.72418 -0.116616
-0.0178429 0.616297 -0.116616
-0.075801 0.719296 -0.116616
-0.0232708 0.674903 -0.116616
-0.0753487 0.714412 -0.116616
-0.0748964 0.709528 -0.116616
-0.104503 0.82008 -0.0966554
-0.0171131 0.660696 -0.116616
-0.074444 0.704645 -0.116616
-0.0730871 0.689993 -0.116616
-0.0045203 0.681566 -0.116616
-0.0592096 0.853829 -0.0567333
-0.00316332 0.666914 -0.0467528
-0.044108 0.638493 -0.0467528
-0.0721824 0.680225 -0.116616
-0.0296033 0.743278 -0.116616
-0.0904806 0.668679 -0.111626
-0.106312 0.839615 -0.0766943
-0.0703731 0.660689 -0.116616
-0.0658499 0.61185 -0.0667138
-0.0661996 0.720185 -0.0467528
-0.0699208 0.655805 -0.116616
-0.0541617 0.642488 -0.116616
-0.0694685 0.650922 -0.116616
-0.010678 0.695773 -0.116616
-0.0681115 0.63627 -0.116616
-0.0345066 0.639382 -0.116616
-0.0604943 0.710862 -0.0467528
-0.0667545 0.621618 -0.116616
-0.0699208 0.655805 -0.0467528
-0.0658499 0.61185 -0.116616
-0.0823085 0.841839 -0.116616
-0.00914612 0.626954 -0.116616
-0.0814038 0.832071 -0.116616
-0.0777852 0.792999 -0.116616
-0.0764282 0.778348 -0.116616
-0.0968131 0.737053 -0.116616
-0.0759759 0.773464 -0.116616
0.0139527 0.638944 -0.106636
-0.0750713 0.763696 -0.116616
-0.0737143 0.749044 -0.116616
-0.0723573 0.734393 -0.116616
-0.071905 0.729509 -0.116616
-0.0595896 0.701095 -0.116616
-0.0710003 0.719741 -0.116616
-0.070548 0.714857 -0.116616
-0.00323565 0.824533 -0.111626
-0.069191 0.700205 -0.116616
-0.0687387 0.695321 -0.116616
-0.00260844 0.765481 -0.116616
-0.0682864 0.690437 -0.116616
0.00163738 0.667359 -0.116616
-0.067834 0.685554 -0.116616
-0.0496082 0.854719 -0.0617235
-0.018645 0.729516 -0.0467528
-0.0891236 0.654027 -0.0467528
-0.0669294 0.675786 -0.116616
0.0130481 0.648712 -0.051743
-0.0660247 0.666018 -0.116616
-0.0655724 0.661134 -0.116616
-0.0921873 0.791666 -0.0467528
-0.0651201 0.65625 -0.116616
-0.0679064 0.843172 -0.116616
-0.0646678 0.651366 -0.116616
-0.0683587 0.848056 -0.116616
-0.0447352 0.697544 -0.116616
-0.0283489 0.625175 -0.116616
-0.0628585 0.631831 -0.116616
-0.0936468 0.702866 -0.106636
-0.0782375 0.797883 -0.116616
-0.0624061 0.626947 -0.116616
-0.0610492 0.612295 -0.116616
0.00354924 0.751274 -0.106636
-0.0161059 0.75438 -0.116616
-0.00323565 0.824533 -0.106636
0.00309691 0.756158 -0.101646
0.0139527 0.638944 -0.101646
-0.0784124 0.852051 -0.116616
-0.00142634 0.804997 -0.0966554
-0.0253575 0.645155 -0.116616
-0.00142634 0.804997 -0.111626
-0.0779601 0.847167 -0.116616
-0.104955 0.824964 -0.051743
-0.0775078 0.842283 -0.116616
-0.0770554 0.837399 -0.116616
-0.0570505 0.725959 -0.116616
0.000382959 0.785462 -0.0717041
-0.0756985 0.822748 -0.116616
-0.0738892 0.803212 -0.116616
-0.101336 0.785892 -0.101646
-0.0707229 0.769025 -0.116616
0.00762017 0.707319 -0.111626
-0.0698182 0.759257 -0.116616
-0.0689136 0.749489 -0.116616
-0.0914575 0.836065 -0.0467528
-0.0877666 0.639375 -0.0467528
0.00643808 0.667803 -0.116616
0.0086997 0.643384 -0.116616
-0.0680089 0.739721 -0.116616
-0.0220887 0.714419 -0.0467528
-0.0661996 0.720185 -0.116616
-0.0859573 0.61984 -0.0617235
0.000382959 0.785462 -0.0916651
-0.065295 0.710418 -0.116616
-0.045085 0.80588 -0.0467528
-0.0249775 0.79789 -0.116616
0.0050811 0.682455 -0.116616
-0.0648426 0.705534 -0.116616
-0.0976152 0.850272 -0.0567333
-0.0643903 0.70065 -0.116616
0.00118505 0.672243 -0.116616
-0.063938 0.695766 -0.116616
-0.0143991 0.631393 -0.0467528
-0.0630333 0.685998 -0.116616
-0.062581 0.681114 -0.116616
-0.0621287 0.67623 -0.116616
-0.0736117 0.852496 -0.0617235
0.00598575 0.672687 -0.116616
0.00915203 0.6385 -0.116616
-0.0616764 0.671346 -0.116616
-0.0656447 0.818753 -0.116616
-0.00841635 0.671353 -0.116616
-0.0107503 0.853392 -0.116616
-0.0244529 0.635388 -0.0467528
-0.061224 0.666463 -0.116616
-0.0660971 0.823637 -0.116616
-0.032245 0.614963 -0.111626
-0.0418464 0.614073 -0.051743
-0.0075117 0.661586 -0.116616
-0.0603194 0.656695 -0.116616
-0.063558 0.848501 -0.116616
-0.0986224 0.756589 -0.0467528
-0.0598671 0.651811 -0.116616
-0.0594147 0.646927 -0.116616
-0.062201 0.833849 -0.116616
-0.0580578 0.632275 -0.116616
-0.0736117 0.852496 -0.116616
-0.0727071 0.842728 -0.116616
-0.0111303 0.700657 -0.116616
-0.0713501 0.828076 -0.116616
-0.0681838 0.793889 -0.116616
-0.0677315 0.789005 -0.116616
-0.0986224 0.756589 -0.106636
-0.0668268 0.779237 -0.116616
-0.0663745 0.774353 -0.116616
-0.0330471 0.728182 -0.116616
-0.10405 0.815196 -0.0667138
-0.0654699 0.764585 -0.116616
0.015762 0.619409 -0.0916651
-0.0650175 0.759701 -0.116616
-0.0927422 0.693098 -0.0467528
-0.0627559 0.735282 -0.116616
-0.0832131 0.851606 -0.101646
0.00128761 0.775694 -0.051743
-0.0310629 0.654478 -0.116616
-0.0352061 0.856053 -0.116616
-0.0618512 0.725514 -0.116616
-0.0613989 0.72063 -0.116616
-0.102693 0.800544 -0.0617235
-0.0604943 0.710862 -0.116616
-0.058685 0.691327 -0.116616
-0.0577803 0.681559 -0.116616
-0.0694685 0.650922 -0.0467528
-0.0227159 0.773471 -0.116616
0.00173994 0.77081 -0.111626
-0.057328 0.676675 -0.116616
-0.00368797 0.829417 -0.0966554
-0.0564233 0.666907 -0.116616
-0.047624 0.781015 -0.116616
-0.0345789 0.797001 -0.116616
-0.055971 0.662023 -0.116616
-0.0963608 0.73217 -0.051743
-0.0555187 0.657139 -0.116616
0.0107864 0.673132 -0.101646
-0.0550664 0.652255 -0.116616
-0.0514478 0.613184 -0.0617235
-0.0369431 0.717969 -0.116616
-0.0706506 0.611406 -0.101646
-0.054614 0.647372 -0.116616
-0.0574003 0.834294 -0.116616
-0.0537094 0.637604 -0.116616
-0.0532571 0.63272 -0.116616
-0.0564957 0.824526 -0.116616
-0.0528047 0.627836 -0.116616
-0.0514478 0.613184 -0.116616
-0.054234 0.800106 -0.116616
0.0103341 0.678016 -0.101646
-0.0981701 0.751705 -0.106636
-0.100884 0.781009 -0.0916651
-0.0954561 0.722402 -0.0816846
-0.00959844 0.631837 -0.116616
-0.0123847 0.81876 -0.116616
-0.0784124 0.852051 -0.0667138
-0.068811 0.85294 -0.116616
-0.038475 0.786789 -0.0467528
-0.0651924 0.813869 -0.116616
-0.0642878 0.804101 -0.116616
-0.0633831 0.794333 -0.116616
-0.00125146 0.75083 -0.0467528
-0.0629308 0.789449 -0.116616
-0.0977178 0.746821 -0.111626
-0.0460922 0.712196 -0.0467528
-0.0620261 0.779682 -0.116616
-0.0440054 0.741944 -0.0467528
-0.00587728 0.696217 -0.0467528
-0.0615738 0.774798 -0.116616
-0.0276191 0.669575 -0.0467528
-0.0597645 0.755262 -0.116616
-0.0584075 0.74061 -0.116616
-0.107217 0.849383 -0.0467528
-0.0623036 0.730398 -0.116616
0.00219226 0.765926 -0.116616
-0.0579552 0.735726 -0.116616
-0.0928145 0.850717 -0.106636
-6.93664e-05 0.790346 -0.0567333
-0.0471717 0.776132 -0.0467528
-0.0575029 0.730843 -0.116616
-0.0900282 0.663795 -0.101646
-0.0565982 0.721075 -0.116616
-0.0561459 0.716191 -0.116616
-0.0556936 0.711307 -0.116616
-0.0540592 0.745939 -0.0467528
-0.0552412 0.706423 -0.116616
-0.0547889 0.701539 -0.116616
0.00490622 0.736623 -0.111626
-0.00479774 0.632282 -0.0467528
-0.0538843 0.691771 -0.116616
-0.0256047 0.856942 -0.0866748
-0.0525273 0.67712 -0.116616
-0.0516226 0.667352 -0.116616
-0.0530519 0.839622 -0.116616
-0.0498133 0.647816 -0.116616
-0.032245 0.614963 -0.0567333
-0.0107503 0.853392 -0.0467528
-0.00841635 0.671353 -0.0467528
-0.00650449 0.755269 -0.116616
-0.0931945 0.697982 -0.0567333
-0.0562485 0.61274 -0.0717041
-0.0484564 0.633164 -0.116616
-0.0337768 0.683782 -0.116616
-0.0341266 0.792117 -0.116616
-0.0218112 0.763703 -0.116616
-0.048004 0.628281 -0.116616
-0.0959085 0.727286 -0.106636
-0.00459262 0.839185 -0.0467528
-0.00135402 0.647378 -0.0467528
-0.0475517 0.623397 -0.116616
-0.0773329 0.788116 -0.116616
-0.0466471 0.613629 -0.116616
-0.0617487 0.828965 -0.116616
0.00173994 0.77081 -0.101646
-0.060844 0.819197 -0.116616
-0.0585824 0.794778 -0.116616
-0.0576778 0.78501 -0.116616
-0.00876611 0.779688 -0.116616
-0.0200019 0.744167 -0.116616
-0.101789 0.790776 -0.051743
-0.0558685 0.765474 -0.116616
-0.106764 0.844499 -0.0866748
-0.0852999 0.821858 -0.0467528
-0.0825136 0.634936 -0.0467528
-0.0554161 0.760591 -0.116616
-0.0545115 0.750823 -0.116616
-0.0540592 0.745939 -0.116616
-0.0522498 0.726403 -0.116616
-0.0517975 0.721519 -0.116616
-0.00389309 0.622514 -0.0467528
-0.0513452 0.716635 -0.116616
-0.0508929 0.711752 -0.116616
0.0098818 0.6829 -0.0916651
-0.0950038 0.717518 -0.0766943
0.0116911 0.663364 -0.116616
-0.0499882 0.701984 -0.116616
-0.0495359 0.6971 -0.116616
-0.0711752 0.773908 -0.116616
-0.0477266 0.677564 -0.116616
-0.0578526 0.839178 -0.116616
-0.0918375 0.68333 -0.0766943
-0.0472743 0.67268 -0.116616
-0.0859573 0.61984 -0.106636
-0.0468219 0.667796 -0.116616
-0.0496082 0.854719 -0.116616
0.015762 0.619409 -0.0717041
-0.0463696 0.662912 -0.116616
-0.0459173 0.658029 -0.116616
0.00146249 0.721526 -0.116616
-0.045465 0.653145 -0.116616
-0.0482512 0.840067 -0.116616
-0.0450126 0.648261 -0.116616
-0.0487036 0.844951 -0.116616
-0.00316332 0.666914 -0.116616
-0.0721824 0.680225 -0.0467528
-0.0940992 0.70775 -0.116616
-0.044108 0.638493 -0.116616
-0.105407 0.829848 -0.0717041
-0.0436557 0.633609 -0.116616
-0.0477989 0.835183 -0.116616
-0.042751 0.623841 -0.116616
-0.0464419 0.820531 -0.116616
-0.0587573 0.848945 -0.116616
-0.058305 0.844062 -0.116616
0.00128761 0.775694 -0.0916651
-0.0927422 0.693098 -0.0667138
-0.0485287 0.790783 -0.116616
-0.056948 0.82941 -0.116616
0.0148574 0.629177 -0.0667138
-0.0567008 0.617623 -0.116616
-0.0599394 0.80943 -0.116616
-0.0491559 0.849835 -0.116616
-0.0560433 0.819642 -0.116616
-0.0399345 0.697989 -0.116616
-0.0533294 0.790339 -0.116616
-0.0304054 0.856497 -0.101646
-0.000974018 0.800113 -0.0766943
-0.0181926 0.724632 -0.116616
-0.102241 0.79566 -0.0966554
-0.0519724 0.775687 -0.116616
-0.0515201 0.770803 -0.116616
-0.0506154 0.761035 -0.116616
-0.0492585 0.746383 -0.116616
-0.0754513 0.610961 -0.051743
-0.0340543 0.634498 -0.116616
-0.0483538 0.736616 -0.116616
-0.0336019 0.629614 -0.116616
-0.0479015 0.731732 -0.116616
0.00135993 0.618075 -0.0966554
-0.0299531 0.851613 -0.116616
-0.0474492 0.726848 -0.116616
-0.0469968 0.721964 -0.116616
-0.0451875 0.702428 -0.116616
-0.0442829 0.692661 -0.116616
-0.0438305 0.687777 -0.116616
-0.0429259 0.678009 -0.116616
-0.0968131 0.737053 -0.0717041
-0.0351338 0.698434 -0.116616
-0.00984565 0.843624 -0.116616
-0.0424736 0.673125 -0.116616
-0.0420212 0.668241 -0.116616
-0.0448075 0.855163 -0.116616
-0.0999794 0.771241 -0.0966554
-0.0726347 0.685109 -0.0467528
-0.0415689 0.663357 -0.116616
0.00118505 0.672243 -0.0467528
-0.0183675 0.778799 -0.116616
-0.0406643 0.653589 -0.116616
-0.0439029 0.845395 -0.116616
-0.0397596 0.643821 -0.116616
-0.038855 0.634054 -0.116616
-0.0127647 0.666025 -0.116616
-0.0379503 0.624286 -0.116616
-0.0402843 0.806324 -0.116616
-0.037498 0.619402 -0.116616
-0.0407366 0.811208 -0.116616
-0.0370457 0.614518 -0.116616
-0.0411889 0.816092 -0.116616
-0.0544089 0.854274 -0.116616
-0.0282464 0.728626 -0.116616
-0.0535043 0.844506 -0.116616
-0.0951787 0.771685 -0.0467528
-0.0512426 0.820087 -0.116616
-0.048981 0.795667 -0.116616
-0.0536068 0.741055 -0.0467528
-0.0175654 0.66558 -0.116616
-0.020804 0.857386 -0.116616
-0.0617487 0.828965 -0.0467528
-0.0458147 0.76148 -0.116616
-0.0466471 0.613629 -0.101646
-0.0449101 0.751712 -0.116616
-0.0707229 0.769025 -0.0467528
-0.0440054 0.741944 -0.116616
-0.0431008 0.732176 -0.116616
-0.0162808 0.808547 -0.116616
-0.0417438 0.717525 -0.116616
-0.0412915 0.712641 -0.116616
-0.00344077 0.61763 -0.0717041
-0.0403868 0.702873 -0.116616
0.00354924 0.751274 -0.0667138
-0.0913852 0.678447 -0.116616
-0.0829659 0.63982 -0.116616
-0.0390298 0.688221 -0.116616
-0.0909329 0.673563 -0.116616
-0.0385775 0.683337 -0.116616
-0.0381252 0.678453 -0.116616
-0.0456399 0.707312 -0.116616
-0.0717301 0.675341 -0.116616
-0.0372205 0.668686 -0.116616
-0.0367682 0.663802 -0.116616
-0.0414664 0.766808 -0.116616
-0.0363159 0.658918 -0.116616
-0.0391022 0.84584 -0.116616
-0.0358636 0.654034 -0.116616
-0.0395545 0.850724 -0.116616
-0.0331496 0.62473 -0.116616
-0.045085 0.80588 -0.116616
0.00897715 0.692667 -0.116616
-0.043728 0.791228 -0.116616
-0.0977178 0.746821 -0.0717041
-0.0954561 0.722402 -0.0467528
-0.0191998 0.630948 -0.116616
0.0103341 0.678016 -0.116616
-0.0908303 0.777014 -0.116616
-0.103598 0.810312 -0.0567333
0.0103341 0.678016 -0.0816846
-0.0428233 0.78146 -0.116616
-0.041014 0.761924 -0.116616
-0.0405617 0.757041 -0.116616
-0.0130422 0.616741 -0.0916651
-0.0918375 0.68333 -0.0617235
-0.0059496 0.853836 -0.106636
-0.0383001 0.732621 -0.116616
-0.0873143 0.634491 -0.0966554
-0.0378478 0.727737 -0.116616
-0.0364908 0.713085 -0.116616
-0.0355861 0.703318 -0.116616
-0.0346815 0.69355 -0.116616
-0.0342291 0.688666 -0.116616
-0.0972654 0.741937 -0.051743
-0.0319675 0.664246 -0.116616
-0.0343015 0.846285 -0.116616
-0.0333245 0.678898 -0.0467528
-0.0292536 0.634943 -0.116616
-0.0320398 0.821865 -0.116616
-0.0288012 0.630059 -0.116616
-0.0324922 0.826749 -0.116616
0.0125958 0.653596 -0.116616
-0.0278966 0.620291 -0.116616
-0.0473466 0.830299 -0.116616
-0.0274443 0.615407 -0.116616
-0.0281438 0.832078 -0.116616
-0.0236205 0.783239 -0.0467528
-0.0434505 0.840512 -0.116616
-0.0256047 0.856942 -0.111626
-0.0429982 0.835628 -0.116616
-0.0416412 0.820976 -0.116616
-0.038475 0.786789 -0.116616
-0.101789 0.790776 -0.0617235
-0.0380226 0.781905 -0.116616
-0.0362133 0.762369 -0.116616
-0.0274443 0.615407 -0.0717041
-0.0166608 0.655812 -0.116616
-0.019447 0.842735 -0.116616
-0.035761 0.757485 -0.116616
-0.057328 0.676675 -0.0467528
-0.0353087 0.752601 -0.116616
-0.0348564 0.747717 -0.116616
-0.0160033 0.857831 -0.106636
-0.034404 0.742833 -0.116616
-0.0339517 0.73795 -0.116616
-0.0334994 0.733066 -0.116616
-0.0832131 0.851606 -0.0667138
-0.0695408 0.80854 -0.116616
-0.0325947 0.723298 -0.116616
-0.0658499 0.61185 -0.106636
-0.0321424 0.718414 -0.116616
-0.0312378 0.708646 -0.116616
-0.0904806 0.668679 -0.0816846
-0.0906554 0.722846 -0.116616
-0.0820613 0.630052 -0.116616
-0.0857522 0.826742 -0.116616
-0.0303331 0.698878 -0.116616
-0.000974018 0.800113 -0.051743
-0.0891236 0.654027 -0.0966554
-0.0289761 0.684227 -0.116616
-0.00344077 0.61763 -0.0667138
-0.0280715 0.674459 -0.116616
-0.0895759 0.658911 -0.0966554
-0.0464419 0.820531 -0.0467528
-0.042751 0.623841 -0.0467528
-0.0267145 0.659807 -0.116616
0.0125958 0.653596 -0.0866748
-0.0432757 0.786344 -0.116616
-0.0196522 0.635832 -0.116616
-0.000974018 0.800113 -0.0617235
-0.0249052 0.640271 -0.116616
-0.0304054 0.856497 -0.116616
-0.0244529 0.635388 -0.116616
-0.00570239 0.64205 -0.116616
-0.00939332 0.83874 -0.116616
0.0109613 0.618964 -0.0966554
-0.0235482 0.62562 -0.116616
-0.0226436 0.615852 -0.116616
-0.0263345 0.812542 -0.116616
-0.106764 0.844499 -0.111626
-0.0372929 0.826304 -0.116616
-0.0928145 0.850717 -0.0866748
-0.0368405 0.821421 -0.116616
-0.0359359 0.811653 -0.116616
-0.0850527 0.610072 -0.0667138
-0.0327696 0.777465 -0.116616
-0.0160033 0.857831 -0.116616
-0.030508 0.753046 -0.116616
-0.0963608 0.73217 -0.0617235
-0.0873143 0.634491 -0.0617235
-0.0286987 0.73351 -0.116616
-0.027794 0.723742 -0.116616
-0.000974018 0.800113 -0.0567333
-0.012035 0.710425 -0.0467528
-0.0273417 0.718859 -0.116616
-0.0255324 0.699323 -0.116616
-0.0250801 0.694439 -0.116616
-0.0193747 0.685116 -0.116616
-0.101789 0.790776 -0.0766943
-0.0241754 0.684671 -0.116616
-0.0999794 0.771241 -0.0567333
-0.0972654 0.741937 -0.0916651
-0.0576778 0.78501 -0.0467528
-0.0237231 0.679787 -0.116616
-0.0219138 0.660252 -0.116616
-0.0214615 0.655368 -0.116616
-0.0210091 0.650484 -0.116616
-0.0233431 0.832522 -0.116616
-0.0205568 0.6456 -0.116616
0.00219226 0.765926 -0.051743
-0.107217 0.849383 -0.0667138
-0.0913852 0.678447 -0.0916651
-0.0182952 0.62118 -0.116616
0.00173994 0.77081 -0.0467528
-0.0133919 0.725076 -0.0467528
-0.0338491 0.841401 -0.116616
-0.0306829 0.807213 -0.116616
-0.0808792 0.669568 -0.116616
-0.0467194 0.771248 -0.0467528
-0.0288736 0.787678 -0.116616
-0.0279689 0.77791 -0.116616
-0.0275166 0.773026 -0.116616
-0.0160033 0.857831 -0.0617235
-0.0270643 0.768142 -0.116616
-0.0266119 0.763258 -0.116616
-0.0895759 0.658911 -0.0766943
-0.085505 0.614956 -0.0667138
-0.0571531 0.622507 -0.0467528
-0.0594871 0.804546 -0.0467528
-0.0261596 0.758374 -0.116616
-0.025255 0.748607 -0.116616
-0.0545115 0.750823 -0.0467528
-0.0243503 0.738839 -0.116616
-0.0877666 0.639375 -0.106636
-0.0229933 0.724187 -0.116616
-0.00344077 0.61763 -0.101646
-0.022541 0.719303 -0.116616
-0.0880138 0.851162 -0.0916651
-0.047624 0.781015 -0.0467528
-0.0220887 0.714419 -0.116616
-0.021184 0.704651 -0.116616
-0.0471717 0.776132 -0.116616
-0.0207317 0.699768 -0.116616
-0.0931945 0.697982 -0.051743
-0.085505 0.614956 -0.0866748
-0.0202794 0.694884 -0.116616
-0.0495359 0.6971 -0.0467528
-0.019827 0.69 -0.116616
-0.0312378 0.708646 -0.0467528
-0.0189224 0.680232 -0.116616
-0.0754513 0.610961 -0.0766943
-0.0272391 0.82231 -0.116616
-0.0180177 0.670464 -0.116616
-0.0162084 0.650928 -0.116616
-0.0198994 0.847619 -0.116616
-0.103146 0.805428 -0.101646
-0.0157561 0.646045 -0.116616
-0.0418464 0.614073 -0.0567333
-0.0722547 0.837844 -0.116616
-0.0153038 0.641161 -0.116616
-0.0148515 0.636277 -0.116616
-0.0180901 0.828083 -0.116616
-0.0143991 0.631393 -0.116616
-0.0918375 0.68333 -0.0866748
-0.0130422 0.616741 -0.116616
-0.0276915 0.827194 -0.116616
-0.0245252 0.793006 -0.116616
-0.0240729 0.788122 -0.116616
-0.0236205 0.783239 -0.116616
-0.0909329 0.673563 -0.0766943
-0.0231682 0.778355 -0.116616
-0.00406797 0.676682 -0.116616
-0.0213589 0.758819 -0.116616
-0.0195496 0.739283 -0.116616
-0.0190973 0.734399 -0.116616
-0.0900282 0.663795 -0.0916651
-0.0177403 0.719748 -0.116616
-0.0904806 0.668679 -0.0766943
-0.017288 0.714864 -0.116616
-0.0168357 0.70998 -0.116616
-0.0163833 0.705096 -0.116616
-0.0514478 0.613184 -0.111626
-0.0154787 0.695328 -0.116616
-0.00479774 0.632282 -0.116616
-0.0537817 0.795223 -0.116616
-0.0150264 0.690444 -0.116616
-0.0363882 0.816537 -0.0467528
-0.0141217 0.680677 -0.116616
-0.013217 0.670909 -0.116616
-0.000521692 0.795229 -0.0617235
-0.0813315 0.674452 -0.116616
-0.0123124 0.661141 -0.116616
-0.0160033 0.857831 -0.0567333
-0.0118601 0.656257 -0.116616
-0.104955 0.824964 -0.0567333
-0.0311352 0.812097 -0.116616
-0.00824147 0.617186 -0.116616
-0.0184701 0.675348 -0.116616
-0.0251524 0.852058 -0.116616
-0.0751738 0.660245 -0.0467528
-0.0215338 0.812987 -0.116616
-0.0279689 0.77791 -0.0467528
-0.0206291 0.803219 -0.116616
0.0080725 0.702435 -0.0667138
-0.058685 0.691327 -0.0467528
-0.0188198 0.783683 -0.116616
-0.0600419 0.705978 -0.116616
-0.0179152 0.773915 -0.116616
-0.0497108 0.751267 -0.0467528
-0.0165582 0.759264 -0.116616
-0.0226436 0.615852 -0.0866748
-0.0152012 0.744612 -0.116616
-0.0147489 0.739728 -0.116616
-0.0129396 0.720192 -0.116616
-0.0124873 0.715308 -0.116616
-0.0774354 0.684664 -0.0467528
-0.012035 0.710425 -0.116616
0.000835285 0.780578 -0.0816846
-0.0115826 0.705541 -0.116616
-0.00977333 0.686005 -0.116616
0.00490622 0.736623 -0.0866748
-0.0567731 0.775242 -0.116616
-0.0114077 0.651373 -0.116616
-0.009321 0.681121 -0.116616
-0.00660705 0.651818 -0.116616
-0.0433782 0.682893 -0.116616
-0.0489087 0.638048 -0.116616
-0.00615472 0.646934 -0.116616
-0.008941 0.833856 -0.116616
-0.00344077 0.61763 -0.116616
-0.0189947 0.837851 -0.116616
-0.0176377 0.823199 -0.116616
-0.0167331 0.813431 -0.116616
-0.0140191 0.784128 -0.116616
-0.0809515 0.827187 -0.0467528
-0.0772606 0.630497 -0.0467528
-0.0315875 0.816981 -0.116616
-0.0135668 0.779244 -0.116616
-0.0784124 0.852051 -0.0766943
0.00309691 0.756158 -0.051743
-0.0666519 0.725069 -0.0467528
-0.0126622 0.769476 -0.116616
-0.0877666 0.639375 -0.051743
0.0135004 0.643828 -0.0916651
-0.0122098 0.764592 -0.116616
-0.00869379 0.62207 -0.116616
-0.0110277 0.804108 -0.116616
-0.00135402 0.647378 -0.116616
-0.00459262 0.839185 -0.116616
-0.0298808 0.693994 -0.0467528
-0.0571531 0.622507 -0.116616
-0.0594871 0.804546 -0.116616
-0.00994821 0.740173 -0.116616
-0.0519001 0.618068 -0.116616
-0.055591 0.814758 -0.116616
-0.0293259 0.792562 -0.116616
-0.00949588 0.735289 -0.116616
-0.00904356 0.730405 -0.116616
-0.00813891 0.720637 -0.116616
-0.000521692 0.795229 -0.0816846
-0.00768658 0.715753 -0.116616
-0.00678193 0.705985 -0.116616
0.00400156 0.74639 -0.0866748
-0.0690161 0.646038 -0.0467528
-0.00542495 0.691334 -0.116616
-0.00497263 0.68645 -0.116616
-0.0200019 0.744167 -0.0467528
-0.00361565 0.671798 -0.116616
-0.00640193 0.85872 -0.116616
-0.068811 0.85294 -0.051743
0.00135993 0.618075 -0.0816846
-0.10405 0.815196 -0.0717041
-0.002711 0.66203 -0.116616
-0.00225867 0.657146 -0.116616
0.0098818 0.6829 -0.0866748
-0.0950038 0.717518 -0.0717041
-0.00180635 0.652262 -0.116616
-0.000449369 0.637611 -0.116616
-0.102241 0.79566 -0.051743
0.00309691 0.756158 -0.0866748
-0.0921873 0.791666 -0.116616
0.000455282 0.627843 -0.116616
-0.00323565 0.824533 -0.116616
-0.0320398 0.821865 -0.0467528
-0.0292536 0.634943 -0.0467528
0.000907608 0.622959 -0.116616
-0.015551 0.852947 -0.116616
-0.012837 0.823644 -0.116616
0.0125958 0.653596 -0.111626
-0.102693 0.800544 -0.116616
-0.0119324 0.813876 -0.116616
-0.0114801 0.808992 -0.116616
-0.0271668 0.664691 -0.116616
-0.0105754 0.799224 -0.116616
-0.00921844 0.784572 -0.116616
-0.00786146 0.769921 -0.116616
-0.0139468 0.626509 -0.116616
-0.00559983 0.745501 -0.116616
-0.0637631 0.641598 -0.0467528
-0.0670017 0.833405 -0.0467528
-0.00514751 0.740617 -0.116616
-0.00469518 0.735733 -0.116616
-0.00379053 0.725966 -0.116616
-0.00288588 0.716198 -0.116616
-0.00243355 0.711314 -0.116616
-0.0768806 0.783232 -0.116616
-0.00198123 0.70643 -0.116616
-0.0015289 0.701546 -0.116616
-0.000624252 0.691778 -0.116616
0.000280399 0.68201 -0.116616
0.0020897 0.662475 -0.116616
-0.103146 0.805428 -0.0916651
-0.0641129 0.749934 -0.116616
0.003899 0.642939 -0.116616
-0.00233099 0.814765 -0.0916651
0.00616063 0.61852 -0.116616
-0.010298 0.848508 -0.116616
-0.0460922 0.712196 -0.116616
-0.00667937 0.809437 -0.116616
-0.00622704 0.804553 -0.116616
-0.0954561 0.722402 -0.106636
-0.00441774 0.785017 -0.116616
0.0144051 0.634061 -0.0766943
-0.0443552 0.850279 -0.116616
-0.00396541 0.780133 -0.116616
-0.00351309 0.775249 -0.116616
0.0148574 0.629177 -0.0966554
-0.0157561 0.646045 -0.0467528
-0.103146 0.805428 -0.0617235
-0.00306076 0.770365 -0.116616
-0.00170379 0.755714 -0.116616
-0.00125146 0.75083 -0.116616
-0.000799135 0.745946 -0.116616
-0.105407 0.829848 -0.0766943
-0.000346809 0.741062 -0.116616
0.000835285 0.780578 -0.0916651
0.000557842 0.731294 -0.116616
-0.0102257 0.690889 -0.116616
0.00101017 0.72641 -0.116616
0.00716784 0.712203 -0.0966554
0.00281947 0.706875 -0.116616
0.00626319 0.721971 -0.0966554
0.0032718 0.701991 -0.116616
0.00581087 0.726855 -0.0966554
0.00372412 0.697107 -0.116616
0.00462877 0.687339 -0.116616
-0.0658499 0.61185 -0.0866748
0.0068904 0.662919 -0.116616
-0.0192722 0.788567 -0.116616
0.00734273 0.658035 -0.116616
0.00779505 0.653152 -0.116616
-0.0041403 0.834301 -0.0766943
0.00824738 0.648268 -0.116616
-0.0556936 0.711307 -0.0467528
0.0100567 0.628732 -0.116616
-0.00504495 0.844069 -0.116616
-0.0909329 0.673563 -0.0567333
-0.0041403 0.834301 -0.116616
-0.00640193 0.85872 -0.0617235
-0.0324922 0.826749 -0.0467528
-0.0288012 0.630059 -0.0467528
-0.00278332 0.819649 -0.116616
-0.086862 0.629607 -0.0467528
-0.0675566 0.734837 -0.116616
-0.00187867 0.809881 -0.116616
-0.0496082 0.854719 -0.0966554
-0.085505 0.614956 -0.051743
-0.0496082 0.854719 -0.0816846
-0.000974018 0.800113 -0.116616
-0.000521692 0.795229 -0.116616
-0.0928145 0.850717 -0.0966554
-0.0108529 0.74994 -0.0467528
-0.0742692 0.650477 -0.116616
-6.93664e-05 0.790346 -0.116616
0.000835285 0.780578 -0.116616
0.00173994 0.77081 -0.116616
0.00264459 0.761042 -0.116616
-0.0621287 0.67623 -0.0467528
-0.0918375 0.68333 -0.0567333
-0.106764 0.844499 -0.0816846
0.00400156 0.74639 -0.116616
0.00626319 0.721971 -0.116616
0.0121434 0.65848 -0.0916651
-0.100884 0.781009 -0.116616
-0.0894734 0.762362 -0.116616
-0.0869343 0.787226 -0.116616
0.00942947 0.687784 -0.116616
0.0116911 0.663364 -0.0916651
-0.051695 0.824971 -0.0467528
0.0098818 0.6829 -0.116616
0.00942947 0.687784 -0.0916651
-0.102241 0.79566 -0.111626
0.0121434 0.65848 -0.116616
-0.0796971 0.709084 -0.116616
-0.0329445 0.831633 -0.116616
0.0144051 0.634061 -0.116616
0.0148574 0.629177 -0.116616
-0.0936468 0.702866 -0.0816846
-0.107217 0.849383 -0.051743
-0.0904806 0.668679 -0.0467528
-0.106312 0.839615 -0.051743
-0.0610492 0.612295 -0.0567333
-0.0483538 0.736616 -0.0467528
-0.0210815 0.808103 -0.116616
-0.10586 0.834732 -0.051743
-0.000346809 0.741062 -0.0467528
-0.105407 0.829848 -0.051743
-0.104503 0.82008 -0.051743
-0.00323565 0.824533 -0.101646
0.00309691 0.756158 -0.0717041
0.0139527 0.638944 -0.0717041
-0.10405 0.815196 -0.051743
-0.0298808 0.693994 -0.116616
-0.103146 0.805428 -0.051743
-0.0488061 0.7415 -0.116616
-0.102693 0.800544 -0.051743
-0.0466471 0.613629 -0.0866748
-0.0576054 0.627391 -0.0467528
-0.101336 0.785892 -0.051743
-0.0899257 0.767246 -0.116616
-0.0959085 0.727286 -0.0617235
-0.0297059 0.639827 -0.116616
-0.0999794 0.771241 -0.051743
-0.0672792 0.784121 -0.0467528
-0.0968131 0.737053 -0.051743
-0.0041403 0.834301 -0.101646
-0.0792447 0.7042 -0.0467528
-0.0959085 0.727286 -0.051743
0.0116911 0.663364 -0.0966554
-0.0950038 0.717518 -0.051743
-0.0592096 0.853829 -0.106636
-0.0940992 0.70775 -0.051743
-0.0927422 0.693098 -0.051743
-0.0918375 0.68333 -0.051743
-0.0904806 0.668679 -0.051743
-0.103146 0.805428 -0.0766943
-0.0886713 0.649143 -0.051743
-0.0882189 0.644259 -0.051743
-0.0550664 0.652255 -0.0467528
-0.0873143 0.634491 -0.051743
-0.037118 0.772137 -0.116616
-0.0864096 0.624724 -0.051743
-0.107217 0.849383 -0.0567333
-0.0909329 0.673563 -0.106636
-0.106764 0.844499 -0.0567333
-0.106312 0.839615 -0.0567333
-0.103146 0.805428 -0.0567333
-0.10586 0.834732 -0.0567333
-0.105407 0.829848 -0.0567333
-0.0928145 0.850717 -0.0567333
-0.0285238 0.679343 -0.116616
-0.104503 0.82008 -0.0567333
-0.102693 0.800544 -0.0567333
-0.101789 0.790776 -0.0567333
-0.0466471 0.613629 -0.0916651
-0.101336 0.785892 -0.0567333
-0.100884 0.781009 -0.0567333
-0.0995271 0.766357 -0.0567333
-0.0990748 0.761473 -0.0567333
-0.0598671 0.651811 -0.0467528
-0.0986224 0.756589 -0.0567333
-0.00243355 0.711314 -0.0467528
-0.0562485 0.61274 -0.116616
-0.0603917 0.814314 -0.116616
-0.0123847 0.81876 -0.0467528
-0.00959844 0.631837 -0.0467528
-0.0981701 0.751705 -0.0567333
-0.0968131 0.737053 -0.0567333
-0.0041403 0.834301 -0.0966554
-0.0959085 0.727286 -0.0567333
-0.0950038 0.717518 -0.0567333
0.00219226 0.765926 -0.101646
-0.0240005 0.630504 -0.0467528
-0.0936468 0.702866 -0.0567333
0.00128761 0.775694 -0.0966554
-0.0927422 0.693098 -0.0567333
-0.062581 0.681114 -0.0467528
-0.0922899 0.688214 -0.0567333
-0.0913852 0.678447 -0.0567333
-0.0900282 0.663795 -0.0567333
-0.0873143 0.634491 -0.0567333
-0.00187867 0.809881 -0.106636
-0.0587573 0.848945 -0.0467528
-0.086862 0.629607 -0.0567333
0.00219226 0.765926 -0.0667138
-0.0302305 0.80233 -0.116616
-0.107217 0.849383 -0.0617235
-0.0928145 0.850717 -0.0617235
-0.0336743 0.787233 -0.116616
-0.104503 0.82008 -0.0617235
-0.068811 0.85294 -0.0667138
0.00135993 0.618075 -0.0766943
-0.10405 0.815196 -0.0617235
-0.0274443 0.615407 -0.101646
-0.103598 0.810312 -0.0617235
-0.102241 0.79566 -0.0617235
-0.0572254 0.780126 -0.116616
-0.101336 0.785892 -0.0617235
-0.100884 0.781009 -0.0617235
-0.100432 0.776125 -0.0617235
-0.0999794 0.771241 -0.0617235
0.00581087 0.726855 -0.111626
-0.0150987 0.848063 -0.0467528
-0.0170105 0.764148 -0.116616
-0.0995271 0.766357 -0.0617235
-0.0990748 0.761473 -0.0617235
-0.0624785 0.784566 -0.0467528
-0.0972654 0.741937 -0.0617235
0.00535854 0.731739 -0.111626
-0.0968131 0.737053 -0.0617235
-0.0977178 0.746821 -0.051743
-0.0954561 0.722402 -0.0617235
0.0116911 0.663364 -0.106636
-0.086482 0.782342 -0.116616
-0.0950038 0.717518 -0.0617235
-0.0945515 0.712634 -0.0617235
0.00219226 0.765926 -0.106636
-0.0936468 0.702866 -0.0617235
0.00128761 0.775694 -0.101646
-0.0927422 0.693098 -0.0617235
-0.0922899 0.688214 -0.0617235
-0.0913852 0.678447 -0.0617235
-0.0909329 0.673563 -0.0617235
-0.0904806 0.668679 -0.0617235
-0.0900282 0.663795 -0.0617235
-0.0304054 0.856497 -0.0966554
-0.0761508 0.827631 -0.116616
-0.0891236 0.654027 -0.0617235
0.000382959 0.785462 -0.0617235
-0.0799745 0.6598 -0.116616
-0.0882189 0.644259 -0.0617235
-0.00215611 0.760598 -0.0467528
-0.0838706 0.649588 -0.116616
-0.0877666 0.639375 -0.0617235
-0.00187867 0.809881 -0.101646
-0.086862 0.629607 -0.0617235
-0.106764 0.844499 -0.0667138
-0.0637631 0.641598 -0.116616
-0.0670017 0.833405 -0.116616
-0.106312 0.839615 -0.0667138
-0.104503 0.82008 -0.0667138
-0.201227 0.849434 -0.231229
-0.196335 0.84989 -0.231229
-0.176769 0.851715 -0.231229
-0.171878 0.852172 -0.231229
-0.166987 0.852628 -0.231229
-0.157204 0.853541 -0.231229
-0.152312 0.853997 -0.231229
-0.142529 0.85491 -0.231229
-0.137638 0.855366 -0.231229
-0.132747 0.855822 -0.231229
-0.118072 0.857191 -0.231229
-0.0936151 0.859473 -0.231229
-0.0887237 0.85993 -0.231229
-0.0740494 0.861299 -0.231229
-0.0642665 0.862211 -0.231229
-0.0495922 0.86358 -0.231229
-0.025135 0.865862 -0.231229
-0.0202436 0.866318 -0.231229
-0.0153522 0.866775 -0.231229
-0.000677855 0.868144 -0.231229
-0.201227 0.849434 -0.226249
-0.186552 0.850803 -0.226249
-0.181661 0.851259 -0.226249
-0.176769 0.851715 -0.226249
-0.142529 0.85491 -0.226249
-0.108289 0.858104 -0.226249
-0.0936151 0.859473 -0.226249
-0.0887237 0.85993 -0.226249
-0.0740494 0.861299 -0.226249
-0.0642665 0.862211 -0.226249
-0.0593751 0.862668 -0.226249
-0.0495922 0.86358 -0.226249
-0.0447008 0.864037 -0.226249
-0.025135 0.865862 -0.226249
-0.0202436 0.866318 -0.226249
-0.201227 0.849434 -0.221268
-0.181661 0.851259 -0.221268
-0.137638 0.855366 -0.221268
-0.132747 0.855822 -0.221268
-0.122964 0.856735 -0.221268
-0.108289 0.858104 -0.221268
-0.103398 0.858561 -0.221268
-0.0985065 0.859017 -0.221268
-0.0936151 0.859473 -0.221268
-0.0789408 0.860842 -0.221268
-0.0642665 0.862211 -0.221268
-0.0447008 0.864037 -0.221268
-0.0398093 0.864493 -0.221268
-0.0349179 0.864949 -0.221268
-0.025135 0.865862 -0.221268
-0.0202436 0.866318 -0.221268
-0.0153522 0.866775 -0.221268
-0.000677855 0.868144 -0.221268
0.00421358 0.8686 -0.221268
-0.201227 0.849434 -0.216287
-0.196335 0.84989 -0.216287
-0.181661 0.851259 -0.216287
-0.176769 0.851715 -0.216287
-0.162095 0.853084 -0.216287
-0.157204 0.853541 -0.216287
-0.137638 0.855366 -0.216287
-0.132747 0.855822 -0.216287
-0.122964 0.856735 -0.216287
-0.113181 0.857648 -0.216287
-0.103398 0.858561 -0.216287
-0.0936151 0.859473 -0.216287
-0.0838322 0.860386 -0.216287
-0.0789408 0.860842 -0.216287
-0.0740494 0.861299 -0.216287
-0.0642665 0.862211 -0.216287
-0.0495922 0.86358 -0.216287
-0.0202436 0.866318 -0.216287
-0.0153522 0.866775 -0.216287
-0.0104607 0.867231 -0.216287
-0.00556929 0.867687 -0.216287
-0.201227 0.849434 -0.211306
-0.196335 0.84989 -0.211306
-0.157204 0.853541 -0.211306
-0.137638 0.855366 -0.211306
-0.132747 0.855822 -0.211306
-0.118072 0.857191 -0.211306
-0.108289 0.858104 -0.211306
-0.0985065 0.859017 -0.211306
-0.0936151 0.859473 -0.211306
-0.0887237 0.85993 -0.211306
-0.0740494 0.861299 -0.211306
-0.0642665 0.862211 -0.211306
-0.0593751 0.862668 -0.211306
-0.0495922 0.86358 -0.211306
-0.0398093 0.864493 -0.211306
-0.0300265 0.865406 -0.211306
-0.0153522 0.866775 -0.211306
-0.00556929 0.867687 -0.211306
-0.0300265 0.865406 -0.216287
0.00421358 0.8686 -0.211306
-0.201227 0.849434 -0.206326
-0.196335 0.84989 -0.206326
-0.186552 0.850803 -0.206326
-0.176769 0.851715 -0.206326
-0.127855 0.856279 -0.221268
-0.166987 0.852628 -0.206326
-0.152312 0.853997 -0.206326
-0.132747 0.855822 -0.206326
-0.122964 0.856735 -0.206326
-0.118072 0.857191 -0.206326
-0.113181 0.857648 -0.206326
-0.108289 0.858104 -0.206326
-0.103398 0.858561 -0.206326
-0.0985065 0.859017 -0.206326
-0.0936151 0.859473 -0.206326
-0.0153522 0.866775 -0.226249
-0.0887237 0.85993 -0.206326
-0.0740494 0.861299 -0.206326
-0.0642665 0.862211 -0.206326
-0.0544836 0.863124 -0.206326
-0.0447008 0.864037 -0.206326
-0.0398093 0.864493 -0.206326
-0.0202436 0.866318 -0.206326
-0.0887237 0.85993 -0.216287
-0.0153522 0.866775 -0.206326
-0.00556929 0.867687 -0.206326
-0.000677855 0.868144 -0.206326
0.00421358 0.8686 -0.206326
-0.201227 0.849434 -0.201345
-0.196335 0.84989 -0.201345
-0.186552 0.850803 -0.201345
-0.157204 0.853541 -0.201345
-0.147421 0.854453 -0.201345
-0.142529 0.85491 -0.201345
-0.132747 0.855822 -0.201345
-0.122964 0.856735 -0.201345
-0.118072 0.857191 -0.201345
-0.103398 0.858561 -0.201345
-0.0789408 0.860842 -0.201345
-0.0740494 0.861299 -0.201345
-0.0495922 0.86358 -0.201345
-0.0398093 0.864493 -0.201345
-0.0300265 0.865406 -0.201345
-0.0104607 0.867231 -0.201345
-0.00556929 0.867687 -0.201345
0.00421358 0.8686 -0.201345
-0.201227 0.849434 -0.196364
-0.196335 0.84989 -0.196364
-0.162095 0.853084 -0.196364
-0.157204 0.853541 -0.196364
-0.152312 0.853997 -0.196364
-0.137638 0.855366 -0.196364
-0.132747 0.855822 -0.196364
-0.108289 0.858104 -0.196364
-0.0936151 0.859473 -0.196364
-0.0887237 0.85993 -0.196364
-0.0740494 0.861299 -0.196364
-0.0495922 0.86358 -0.196364
-0.0447008 0.864037 -0.196364
-0.025135 0.865862 -0.196364
-0.0202436 0.866318 -0.196364
-0.0153522 0.866775 -0.196364
-0.0104607 0.867231 -0.196364
-0.00556929 0.867687 -0.196364
0.00421358 0.8686 -0.196364
0.00910501 0.869056 -0.196364
-0.201227 0.849434 -0.191383
-0.196335 0.84989 -0.191383
-0.186552 0.850803 -0.191383
-0.176769 0.851715 -0.191383
-0.157204 0.853541 -0.191383
-0.152312 0.853997 -0.191383
-0.132747 0.855822 -0.191383
-0.122964 0.856735 -0.191383
-0.113181 0.857648 -0.191383
-0.108289 0.858104 -0.191383
-0.0936151 0.859473 -0.191383
-0.0887237 0.85993 -0.191383
-0.0740494 0.861299 -0.191383
-0.0642665 0.862211 -0.191383
-0.0593751 0.862668 -0.191383
-0.0544836 0.863124 -0.191383
-0.0447008 0.864037 -0.191383
-0.0153522 0.866775 -0.191383
-0.171878 0.852172 -0.201345
-0.000677855 0.868144 -0.191383
-0.127855 0.856279 -0.206326
-0.166987 0.852628 -0.186403
-0.157204 0.853541 -0.186403
-0.147421 0.854453 -0.186403
-0.132747 0.855822 -0.186403
-0.113181 0.857648 -0.186403
-0.108289 0.858104 -0.186403
-0.0936151 0.859473 -0.186403
-0.0740494 0.861299 -0.186403
-0.0642665 0.862211 -0.186403
-0.0544836 0.863124 -0.186403
-0.0495922 0.86358 -0.186403
-0.0447008 0.864037 -0.186403
-0.00556929 0.867687 -0.186403
-0.196335 0.84989 -0.181422
-0.176769 0.851715 -0.181422
-0.127855 0.856279 -0.196364
-0.166987 0.852628 -0.181422
-0.157204 0.853541 -0.181422
-0.152312 0.853997 -0.181422
-0.147421 0.854453 -0.181422
-0.132747 0.855822 -0.181422
-0.127855 0.856279 -0.181422
-0.122964 0.856735 -0.181422
-0.103398 0.858561 -0.181422
-0.0985065 0.859017 -0.181422
-0.0838322 0.860386 -0.181422
-0.0593751 0.862668 -0.181422
-0.0544836 0.863124 -0.181422
-0.0398093 0.864493 -0.181422
-0.0349179 0.864949 -0.181422
-0.0300265 0.865406 -0.181422
-0.0153522 0.866775 -0.181422
-0.0104607 0.867231 -0.181422
-0.00556929 0.867687 -0.181422
-0.201227 0.849434 -0.176441
-0.196335 0.84989 -0.176441
-0.171878 0.852172 -0.176441
-0.166987 0.852628 -0.176441
-0.162095 0.853084 -0.176441
-0.152312 0.853997 -0.176441
-0.147421 0.854453 -0.176441
-0.142529 0.85491 -0.176441
-0.132747 0.855822 -0.176441
-0.127855 0.856279 -0.176441
-0.113181 0.857648 -0.176441
-0.108289 0.858104 -0.176441
-0.0887237 0.85993 -0.176441
-0.0838322 0.860386 -0.176441
-0.0593751 0.862668 -0.176441
-0.0495922 0.86358 -0.176441
-0.0398093 0.864493 -0.176441
-0.0153522 0.866775 -0.176441
-0.0104607 0.867231 -0.176441
-0.00556929 0.867687 -0.176441
-0.166987 0.852628 -0.171461
-0.157204 0.853541 -0.171461
-0.152312 0.853997 -0.171461
-0.147421 0.854453 -0.171461
-0.0300265 0.865406 -0.226249
0.00421358 0.8686 -0.176441
-0.142529 0.85491 -0.171461
-0.137638 0.855366 -0.171461
-0.132747 0.855822 -0.171461
-0.0985065 0.859017 -0.171461
-0.0936151 0.859473 -0.171461
-0.0887237 0.85993 -0.171461
-0.0789408 0.860842 -0.171461
-0.0740494 0.861299 -0.171461
-0.0642665 0.862211 -0.171461
-0.0544836 0.863124 -0.171461
-0.0447008 0.864037 -0.171461
-0.0398093 0.864493 -0.171461
-0.025135 0.865862 -0.171461
-0.0202436 0.866318 -0.171461
-0.0104607 0.867231 -0.171461
-0.00556929 0.867687 -0.171461
-0.196335 0.84989 -0.16648
-0.186552 0.850803 -0.16648
-0.176769 0.851715 -0.16648
-0.166987 0.852628 -0.16648
-0.157204 0.853541 -0.16648
-0.0300265 0.865406 -0.231229
-0.142529 0.85491 -0.16648
-0.137638 0.855366 -0.16648
-0.132747 0.855822 -0.16648
-0.127855 0.856279 -0.16648
-0.122964 0.856735 -0.16648
-0.0985065 0.859017 -0.16648
-0.0887237 0.85993 -0.16648
-0.0838322 0.860386 -0.16648
-0.0740494 0.861299 -0.16648
-0.0593751 0.862668 -0.16648
-0.0544836 0.863124 -0.16648
-0.0398093 0.864493 -0.16648
-0.025135 0.865862 -0.16648
-0.0202436 0.866318 -0.16648
-0.0153522 0.866775 -0.16648
-0.0104607 0.867231 -0.16648
-0.00556929 0.867687 -0.16648
-0.201227 0.849434 -0.161499
-0.196335 0.84989 -0.161499
-0.181661 0.851259 -0.161499
-0.176769 0.851715 -0.161499
-0.157204 0.853541 -0.161499
-0.142529 0.85491 -0.161499
-0.122964 0.856735 -0.161499
-0.118072 0.857191 -0.161499
-0.0985065 0.859017 -0.161499
-0.0936151 0.859473 -0.161499
-0.0887237 0.85993 -0.161499
-0.0740494 0.861299 -0.161499
-0.0642665 0.862211 -0.161499
-0.0593751 0.862668 -0.161499
-0.0495922 0.86358 -0.161499
-0.0447008 0.864037 -0.161499
-0.0398093 0.864493 -0.161499
-0.0349179 0.864949 -0.161499
-0.025135 0.865862 -0.161499
-0.0153522 0.866775 -0.161499
-0.00556929 0.867687 -0.161499
0.00910501 0.869056 -0.161499
-0.176769 0.851715 -0.156518
-0.166987 0.852628 -0.156518
-0.157204 0.853541 -0.156518
-0.137638 0.855366 -0.156518
-0.132747 0.855822 -0.156518
-0.108289 0.858104 -0.156518
-0.0936151 0.859473 -0.156518
-0.0887237 0.85993 -0.156518
-0.0838322 0.860386 -0.156518
-0.0740494 0.861299 -0.156518
-0.0642665 0.862211 -0.156518
-0.0593751 0.862668 -0.156518
-0.0544836 0.863124 -0.156518
-0.0447008 0.864037 -0.156518
-0.0398093 0.864493 -0.156518
-0.025135 0.865862 -0.156518
-0.0202436 0.866318 -0.156518
-0.0153522 0.866775 -0.156518
-0.196335 0.84989 -0.151538
-0.181661 0.851259 -0.151538
-0.176769 0.851715 -0.151538
-0.171878 0.852172 -0.151538
-0.157204 0.853541 -0.151538
-0.152312 0.853997 -0.151538
-0.147421 0.854453 -0.151538
0.00421358 0.8686 -0.181422
-0.142529 0.85491 -0.151538
-0.132747 0.855822 -0.151538
-0.113181 0.857648 -0.151538
-0.0985065 0.859017 -0.151538
-0.0936151 0.859473 -0.151538
-0.118072 0.857191 -0.191383
-0.0887237 0.85993 -0.151538
-0.0838322 0.860386 -0.151538
-0.0789408 0.860842 -0.151538
-0.0398093 0.864493 -0.151538
-0.0300265 0.865406 -0.151538
-0.0202436 0.866318 -0.151538
-0.00556929 0.867687 -0.151538
0.00910501 0.869056 -0.151538
-0.196335 0.84989 -0.146557
-0.176769 0.851715 -0.146557
-0.171878 0.852172 -0.146557
-0.166987 0.852628 -0.146557
-0.157204 0.853541 -0.146557
-0.132747 0.855822 -0.146557
-0.118072 0.857191 -0.146557
-0.113181 0.857648 -0.146557
-0.108289 0.858104 -0.146557
-0.0936151 0.859473 -0.146557
-0.0740494 0.861299 -0.146557
-0.0593751 0.862668 -0.146557
-0.0544836 0.863124 -0.146557
-0.0398093 0.864493 -0.146557
-0.0202436 0.866318 -0.146557
-0.00556929 0.867687 -0.146557
-0.0789408 0.860842 -0.181422
-0.000677855 0.868144 -0.146557
-0.196335 0.84989 -0.141576
-0.176769 0.851715 -0.141576
-0.166987 0.852628 -0.141576
-0.157204 0.853541 -0.141576
-0.147421 0.854453 -0.141576
-0.137638 0.855366 -0.141576
-0.0985065 0.859017 -0.201345
-0.132747 0.855822 -0.141576
-0.113181 0.857648 -0.141576
-0.0985065 0.859017 -0.141576
-0.0936151 0.859473 -0.141576
-0.0740494 0.861299 -0.141576
-0.108289 0.858104 -0.201345
-0.0642665 0.862211 -0.141576
-0.0544836 0.863124 -0.141576
-0.0300265 0.865406 -0.141576
-0.0202436 0.866318 -0.141576
-0.000677855 0.868144 -0.141576
0.00910501 0.869056 -0.141576
-0.176769 0.851715 -0.136595
-0.157204 0.853541 -0.136595
-0.152312 0.853997 -0.136595
-0.147421 0.854453 -0.136595
-0.122964 0.856735 -0.136595
-0.103398 0.858561 -0.136595
-0.0936151 0.859473 -0.136595
-0.0887237 0.85993 -0.136595
-0.0740494 0.861299 -0.136595
-0.0398093 0.864493 -0.136595
-0.0202436 0.866318 -0.136595
-0.00556929 0.867687 -0.136595
-0.0789408 0.860842 -0.191383
-0.000677855 0.868144 -0.136595
0.00421358 0.8686 -0.136595
-0.142529 0.85491 -0.186403
0.00910501 0.869056 -0.136595
-0.166987 0.852628 -0.131615
-0.157204 0.853541 -0.131615
-0.152312 0.853997 -0.131615
-0.147421 0.854453 -0.131615
0.00421358 0.8686 -0.191383
-0.142529 0.85491 -0.131615
-0.137638 0.855366 -0.131615
-0.0985065 0.859017 -0.191383
-0.132747 0.855822 -0.131615
-0.122964 0.856735 -0.131615
-0.103398 0.858561 -0.131615
-0.0985065 0.859017 -0.131615
-0.0936151 0.859473 -0.131615
-0.0887237 0.85993 -0.131615
-0.0740494 0.861299 -0.131615
-0.0447008 0.864037 -0.141576
-0.0593751 0.862668 -0.131615
-0.0398093 0.864493 -0.131615
-0.0202436 0.866318 -0.131615
-0.0153522 0.866775 -0.131615
-0.0789408 0.860842 -0.196364
-0.000677855 0.868144 -0.131615
0.0144606 0.864538 -0.231229
0.015853 0.849612 -0.231229
-0.025135 0.865862 -0.146557
0.0163172 0.844637 -0.231229
0.0172455 0.834687 -0.231229
0.0177097 0.829712 -0.231229
-0.113181 0.857648 -0.201345
0.0181738 0.824736 -0.231229
0.0186379 0.819761 -0.231229
0.0191021 0.814786 -0.231229
0.0223512 0.77996 -0.231229
0.0237436 0.765035 -0.231229
0.0242078 0.76006 -0.231229
0.0246719 0.755085 -0.231229
0.0251361 0.750109 -0.231229
0.027921 0.720259 -0.231229
0.0297776 0.700358 -0.231229
-0.142529 0.85491 -0.211306
0.0339549 0.655582 -0.231229
0.0353474 0.640656 -0.231229
0.0358115 0.635681 -0.231229
0.0367398 0.625731 -0.231229
0.037204 0.620756 -0.231229
0.0385964 0.60583 -0.231229
0.0139964 0.869513 -0.226249
0.0144606 0.864538 -0.226249
-0.137638 0.855366 -0.146557
0.0153889 0.854587 -0.226249
0.015853 0.849612 -0.226249
0.0167813 0.839662 -0.226249
0.0177097 0.829712 -0.226249
0.0195663 0.809811 -0.226249
0.0204946 0.799861 -0.226249
0.0209587 0.794886 -0.226249
0.0228153 0.774985 -0.226249
0.0232795 0.77001 -0.226249
0.0246719 0.755085 -0.226249
0.0256002 0.745134 -0.226249
0.0260644 0.740159 -0.226249
0.0265285 0.735184 -0.226249
0.027921 0.720259 -0.226249
0.0293134 0.705333 -0.226249
0.0297776 0.700358 -0.226249
0.0302417 0.695383 -0.226249
0.0307059 0.690408 -0.226249
-0.181661 0.851259 -0.186403
0.03117 0.685433 -0.226249
0.0316342 0.680457 -0.226249
0.0334908 0.660557 -0.226249
0.0339549 0.655582 -0.226249
0.037204 0.620756 -0.226249
0.0385964 0.60583 -0.226249
0.0390606 0.600855 -0.226249
-0.181661 0.851259 -0.136595
0.0395247 0.59588 -0.226249
0.0139964 0.869513 -0.221268
0.0144606 0.864538 -0.221268
0.015853 0.849612 -0.221268
0.0163172 0.844637 -0.221268
0.0167813 0.839662 -0.221268
0.0172455 0.834687 -0.221268
0.0177097 0.829712 -0.221268
0.0181738 0.824736 -0.221268
0.0191021 0.814786 -0.221268
0.0228153 0.774985 -0.221268
0.0246719 0.755085 -0.221268
0.0256002 0.745134 -0.221268
0.0269927 0.730209 -0.221268
0.0274568 0.725234 -0.221268
0.027921 0.720259 -0.221268
0.0288493 0.710308 -0.221268
0.0293134 0.705333 -0.221268
0.0302417 0.695383 -0.221268
0.0307059 0.690408 -0.221268
0.0316342 0.680457 -0.221268
0.0320983 0.675482 -0.221268
-0.103398 0.858561 -0.156518
0.0330266 0.665532 -0.221268
0.0339549 0.655582 -0.221268
0.0348832 0.645631 -0.221268
0.0358115 0.635681 -0.221268
0.0362757 0.630706 -0.221268
0.037204 0.620756 -0.221268
0.0385964 0.60583 -0.221268
0.0395247 0.59588 -0.221268
-0.162095 0.853084 -0.181422
0.0144606 0.864538 -0.216287
0.0149247 0.859562 -0.216287
0.0153889 0.854587 -0.216287
0.015853 0.849612 -0.216287
0.0167813 0.839662 -0.216287
0.0172455 0.834687 -0.216287
-0.118072 0.857191 -0.16648
0.0186379 0.819761 -0.216287
-0.186552 0.850803 -0.211306
0.0195663 0.809811 -0.216287
0.0204946 0.799861 -0.216287
0.0223512 0.77996 -0.216287
0.0237436 0.765035 -0.216287
0.0251361 0.750109 -0.216287
0.0256002 0.745134 -0.216287
0.0260644 0.740159 -0.216287
0.0265285 0.735184 -0.216287
-0.0593751 0.862668 -0.201345
0.0269927 0.730209 -0.216287
0.0297776 0.700358 -0.216287
0.0307059 0.690408 -0.216287
0.0320983 0.675482 -0.216287
0.0330266 0.665532 -0.216287
0.0348832 0.645631 -0.216287
0.0362757 0.630706 -0.216287
0.0367398 0.625731 -0.216287
0.037204 0.620756 -0.216287
0.0376681 0.615781 -0.216287
0.0385964 0.60583 -0.216287
-0.181661 0.851259 -0.231229
0.0390606 0.600855 -0.216287
-0.162095 0.853084 -0.186403
0.0144606 0.864538 -0.211306
-0.137638 0.855366 -0.161499
0.0153889 0.854587 -0.211306
0.015853 0.849612 -0.211306
-0.025135 0.865862 -0.141576
0.0163172 0.844637 -0.211306
0.0172455 0.834687 -0.211306
0.0177097 0.829712 -0.211306
-0.118072 0.857191 -0.171461
0.0186379 0.819761 -0.211306
-0.186552 0.850803 -0.196364
0.0195663 0.809811 -0.211306
-0.171878 0.852172 -0.206326
-0.000677855 0.868144 -0.161499
0.021887 0.784935 -0.211306
0.0223512 0.77996 -0.211306
0.0237436 0.765035 -0.211306
0.0246719 0.755085 -0.211306
0.0251361 0.750109 -0.211306
0.0265285 0.735184 -0.211306
0.027921 0.720259 -0.211306
0.0297776 0.700358 -0.211306
0.0316342 0.680457 -0.211306
-0.103398 0.858561 -0.231229
0.0330266 0.665532 -0.211306
0.0334908 0.660557 -0.211306
-0.142529 0.85491 -0.206326
0.0339549 0.655582 -0.211306
0.0348832 0.645631 -0.211306
0.0367398 0.625731 -0.211306
0.037204 0.620756 -0.211306
0.0376681 0.615781 -0.211306
-0.162095 0.853084 -0.141576
0.0381323 0.610806 -0.211306
0.0385964 0.60583 -0.211306
0.0390606 0.600855 -0.211306
-0.162095 0.853084 -0.226249
0.0144606 0.864538 -0.206326
0.015853 0.849612 -0.206326
0.0163172 0.844637 -0.206326
0.0172455 0.834687 -0.206326
0.0177097 0.829712 -0.206326
0.0181738 0.824736 -0.206326
0.0186379 0.819761 -0.206326
0.0191021 0.814786 -0.206326
0.0195663 0.809811 -0.206326
0.0200304 0.804836 -0.206326
0.0223512 0.77996 -0.206326
0.00910501 0.869056 -0.231229
0.0232795 0.77001 -0.206326
0.0246719 0.755085 -0.206326
0.0256002 0.745134 -0.206326
0.0260644 0.740159 -0.206326
0.0269927 0.730209 -0.206326
0.0274568 0.725234 -0.206326
0.027921 0.720259 -0.206326
0.0283851 0.715283 -0.206326
0.0293134 0.705333 -0.206326
0.0297776 0.700358 -0.206326
0.0307059 0.690408 -0.206326
-0.181661 0.851259 -0.206326
0.0167813 0.839662 -0.231229
0.03117 0.685433 -0.206326
0.0334908 0.660557 -0.206326
0.0362757 0.630706 -0.206326
0.037204 0.620756 -0.206326
0.0376681 0.615781 -0.206326
-0.162095 0.853084 -0.146557
0.0381323 0.610806 -0.206326
0.0385964 0.60583 -0.206326
0.0395247 0.59588 -0.206326
0.0139964 0.869513 -0.201345
0.0163172 0.844637 -0.201345
0.0167813 0.839662 -0.201345
0.0172455 0.834687 -0.201345
0.0191021 0.814786 -0.201345
0.0223512 0.77996 -0.201345
0.0232795 0.77001 -0.201345
0.0237436 0.765035 -0.201345
0.0242078 0.76006 -0.201345
0.0256002 0.745134 -0.201345
0.0260644 0.740159 -0.201345
0.0265285 0.735184 -0.201345
0.0274568 0.725234 -0.201345
0.027921 0.720259 -0.201345
0.0200304 0.804836 -0.201345
0.0283851 0.715283 -0.201345
0.0288493 0.710308 -0.201345
0.0297776 0.700358 -0.201345
0.0302417 0.695383 -0.201345
0.0307059 0.690408 -0.201345
0.0325625 0.670507 -0.201345
0.0334908 0.660557 -0.201345
0.0339549 0.655582 -0.201345
0.0362757 0.630706 -0.201345
0.0367398 0.625731 -0.201345
0.037204 0.620756 -0.201345
0.0376681 0.615781 -0.201345
0.0385964 0.60583 -0.201345
0.0390606 0.600855 -0.201345
0.0139964 0.869513 -0.196364
-0.162095 0.853084 -0.211306
0.0144606 0.864538 -0.196364
-0.137638 0.855366 -0.151538
0.0153889 0.854587 -0.196364
0.015853 0.849612 -0.196364
0.0163172 0.844637 -0.196364
0.0191021 0.814786 -0.196364
0.0195663 0.809811 -0.196364
0.0204946 0.799861 -0.196364
0.0237436 0.765035 -0.196364
0.0242078 0.76006 -0.196364
0.0246719 0.755085 -0.196364
0.0251361 0.750109 -0.196364
0.0256002 0.745134 -0.196364
0.0265285 0.735184 -0.196364
0.0274568 0.725234 -0.196364
-0.186552 0.850803 -0.221268
0.027921 0.720259 -0.196364
0.0288493 0.710308 -0.196364
0.0293134 0.705333 -0.196364
0.0302417 0.695383 -0.196364
0.0307059 0.690408 -0.196364
0.03117 0.685433 -0.196364
-0.103398 0.858561 -0.226249
0.0330266 0.665532 -0.196364
0.0334908 0.660557 -0.196364
0.0339549 0.655582 -0.196364
0.0348832 0.645631 -0.196364
0.0376681 0.615781 -0.196364
0.0385964 0.60583 -0.196364
0.0153889 0.854587 -0.191383
0.015853 0.849612 -0.191383
0.0163172 0.844637 -0.191383
0.0167813 0.839662 -0.191383
0.0172455 0.834687 -0.191383
0.0177097 0.829712 -0.191383
0.0191021 0.814786 -0.191383
0.0209587 0.794886 -0.191383
0.0232795 0.77001 -0.191383
0.0242078 0.76006 -0.191383
0.0251361 0.750109 -0.191383
0.0265285 0.735184 -0.191383
0.0288493 0.710308 -0.191383
0.0293134 0.705333 -0.191383
0.0297776 0.700358 -0.191383
0.0302417 0.695383 -0.191383
0.03117 0.685433 -0.191383
0.0316342 0.680457 -0.191383
-0.103398 0.858561 -0.186403
0.0330266 0.665532 -0.191383
0.0334908 0.660557 -0.191383
0.0339549 0.655582 -0.191383
0.0353474 0.640656 -0.191383
0.037204 0.620756 -0.191383
0.0144606 0.864538 -0.186403
0.0149247 0.859562 -0.186403
0.0153889 0.854587 -0.186403
0.015853 0.849612 -0.186403
0.0163172 0.844637 -0.186403
0.0181738 0.824736 -0.186403
-0.118072 0.857191 -0.186403
0.0186379 0.819761 -0.186403
0.0191021 0.814786 -0.186403
0.0237436 0.765035 -0.186403
0.0256002 0.745134 -0.186403
0.0260644 0.740159 -0.186403
0.0265285 0.735184 -0.186403
0.0288493 0.710308 -0.186403
0.0293134 0.705333 -0.186403
0.0297776 0.700358 -0.186403
0.03117 0.685433 -0.186403
0.0316342 0.680457 -0.186403
0.0320983 0.675482 -0.186403
-0.103398 0.858561 -0.191383
0.0330266 0.665532 -0.186403
0.0334908 0.660557 -0.186403
-0.142529 0.85491 -0.221268
0.0339549 0.655582 -0.186403
-0.0691579 0.861755 -0.131615
0.0353474 0.640656 -0.186403
0.0358115 0.635681 -0.186403
0.0367398 0.625731 -0.186403
-0.162095 0.853084 -0.131615
0.0381323 0.610806 -0.186403
0.0385964 0.60583 -0.186403
0.0390606 0.600855 -0.186403
0.0395247 0.59588 -0.186403
0.0144606 0.864538 -0.181422
0.015853 0.849612 -0.181422
0.0163172 0.844637 -0.181422
0.0390606 0.600855 -0.191383
0.0167813 0.839662 -0.181422
0.0172455 0.834687 -0.181422
0.0177097 0.829712 -0.181422
0.027921 0.720259 -0.191383
0.0195663 0.809811 -0.181422
0.0209587 0.794886 -0.181422
-0.171878 0.852172 -0.141576
0.021887 0.784935 -0.181422
0.0223512 0.77996 -0.181422
0.0242078 0.76006 -0.181422
0.0251361 0.750109 -0.181422
0.0265285 0.735184 -0.181422
0.0288493 0.710308 -0.181422
0.0297776 0.700358 -0.181422
0.0316342 0.680457 -0.181422
0.0320983 0.675482 -0.181422
0.0339549 0.655582 -0.181422
0.0358115 0.635681 -0.181422
0.0362757 0.630706 -0.181422
0.0367398 0.625731 -0.181422
0.037204 0.620756 -0.181422
0.0376681 0.615781 -0.181422
0.0381323 0.610806 -0.181422
0.0385964 0.60583 -0.181422
0.0395247 0.59588 -0.181422
0.0144606 0.864538 -0.176441
0.0149247 0.859562 -0.176441
0.0153889 0.854587 -0.176441
0.015853 0.849612 -0.176441
-0.025135 0.865862 -0.201345
0.0163172 0.844637 -0.176441
0.0167813 0.839662 -0.176441
0.0177097 0.829712 -0.176441
0.0191021 0.814786 -0.176441
0.0200304 0.804836 -0.176441
0.0204946 0.799861 -0.176441
0.0223512 0.77996 -0.176441
0.0242078 0.76006 -0.176441
0.0256002 0.745134 -0.176441
0.0260644 0.740159 -0.176441
0.0265285 0.735184 -0.176441
0.0274568 0.725234 -0.176441
-0.186552 0.850803 -0.231229
0.0195663 0.809811 -0.186403
0.027921 0.720259 -0.176441
0.0293134 0.705333 -0.176441
0.0297776 0.700358 -0.176441
0.0302417 0.695383 -0.176441
0.0334908 0.660557 -0.176441
0.0339549 0.655582 -0.176441
0.0344191 0.650607 -0.176441
0.0353474 0.640656 -0.176441
0.0358115 0.635681 -0.176441
0.0362757 0.630706 -0.176441
0.0376681 0.615781 -0.176441
0.0385964 0.60583 -0.176441
0.0390606 0.600855 -0.176441
0.0395247 0.59588 -0.176441
0.0139964 0.869513 -0.171461
-0.181661 0.851259 -0.171461
0.0167813 0.839662 -0.171461
0.0172455 0.834687 -0.171461
0.0177097 0.829712 -0.171461
0.0181738 0.824736 -0.171461
0.0191021 0.814786 -0.171461
0.0200304 0.804836 -0.171461
0.0204946 0.799861 -0.171461
0.021887 0.784935 -0.171461
0.0223512 0.77996 -0.171461
0.0237436 0.765035 -0.171461
0.0246719 0.755085 -0.171461
0.0256002 0.745134 -0.171461
0.0274568 0.725234 -0.171461
0.027921 0.720259 -0.171461
0.0288493 0.710308 -0.171461
0.0293134 0.705333 -0.171461
0.0297776 0.700358 -0.171461
0.03117 0.685433 -0.171461
0.0316342 0.680457 -0.171461
0.0334908 0.660557 -0.171461
0.0367398 0.625731 -0.171461
0.0385964 0.60583 -0.171461
0.0390606 0.600855 -0.171461
0.0395247 0.59588 -0.171461
0.0144606 0.864538 -0.16648
0.0149247 0.859562 -0.16648
0.0153889 0.854587 -0.16648
0.015853 0.849612 -0.16648
0.0163172 0.844637 -0.16648
-0.181661 0.851259 -0.16648
0.0167813 0.839662 -0.16648
0.0172455 0.834687 -0.16648
0.0177097 0.829712 -0.16648
-0.113181 0.857648 -0.161499
0.0181738 0.824736 -0.16648
0.0186379 0.819761 -0.16648
-0.171878 0.852172 -0.161499
0.0223512 0.77996 -0.16648
0.0251361 0.750109 -0.16648
0.0256002 0.745134 -0.16648
0.0265285 0.735184 -0.16648
0.027921 0.720259 -0.16648
0.0283851 0.715283 -0.16648
0.0293134 0.705333 -0.16648
0.0302417 0.695383 -0.16648
0.0307059 0.690408 -0.16648
0.03117 0.685433 -0.16648
0.0316342 0.680457 -0.16648
0.0320983 0.675482 -0.16648
-0.103398 0.858561 -0.161499
0.0330266 0.665532 -0.16648
0.0339549 0.655582 -0.16648
0.0358115 0.635681 -0.16648
0.0367398 0.625731 -0.16648
0.0376681 0.615781 -0.16648
0.0395247 0.59588 -0.16648
0.0139964 0.869513 -0.161499
0.0153889 0.854587 -0.161499
0.015853 0.849612 -0.161499
-0.025135 0.865862 -0.186403
0.0163172 0.844637 -0.161499
0.0172455 0.834687 -0.161499
0.0177097 0.829712 -0.161499
0.0181738 0.824736 -0.161499
0.0186379 0.819761 -0.161499
0.0195663 0.809811 -0.161499
0.0200304 0.804836 -0.161499
0.0232795 0.77001 -0.161499
0.0237436 0.765035 -0.161499
0.0251361 0.750109 -0.161499
0.0256002 0.745134 -0.161499
0.0260644 0.740159 -0.161499
0.0265285 0.735184 -0.161499
0.0269927 0.730209 -0.161499
0.0274568 0.725234 -0.161499
0.0283851 0.715283 -0.161499
0.0288493 0.710308 -0.161499
0.0297776 0.700358 -0.161499
0.0302417 0.695383 -0.161499
0.0307059 0.690408 -0.161499
0.0316342 0.680457 -0.161499
-0.103398 0.858561 -0.16648
0.0330266 0.665532 -0.161499
0.0339549 0.655582 -0.161499
0.0358115 0.635681 -0.161499
0.0362757 0.630706 -0.161499
0.0376681 0.615781 -0.161499
0.0381323 0.610806 -0.161499
0.0385964 0.60583 -0.161499
0.0153889 0.854587 -0.156518
0.015853 0.849612 -0.156518
-0.181661 0.851259 -0.131615
0.0167813 0.839662 -0.156518
0.0172455 0.834687 -0.156518
0.0177097 0.829712 -0.156518
0.0181738 0.824736 -0.156518
0.0186379 0.819761 -0.156518
0.021887 0.784935 -0.156518
0.0223512 0.77996 -0.156518
0.00421358 0.8686 -0.171461
-0.142529 0.85491 -0.141576
0.0228153 0.774985 -0.156518
0.0232795 0.77001 -0.156518
0.0242078 0.76006 -0.156518
0.0251361 0.750109 -0.156518
0.0256002 0.745134 -0.156518
0.0260644 0.740159 -0.156518
0.0288493 0.710308 -0.156518
0.0297776 0.700358 -0.156518
0.0307059 0.690408 -0.156518
0.0316342 0.680457 -0.156518
0.0320983 0.675482 -0.156518
0.0334908 0.660557 -0.156518
0.0362757 0.630706 -0.156518
0.037204 0.620756 -0.156518
0.0376681 0.615781 -0.156518
0.0381323 0.610806 -0.156518
0.0390606 0.600855 -0.156518
0.0395247 0.59588 -0.156518
0.0139964 0.869513 -0.151538
-0.113181 0.857648 -0.171461
0.0181738 0.824736 -0.151538
0.0186379 0.819761 -0.151538
0.0191021 0.814786 -0.151538
0.0200304 0.804836 -0.151538
0.021887 0.784935 -0.151538
0.0223512 0.77996 -0.151538
-0.142529 0.85491 -0.136595
0.0228153 0.774985 -0.151538
0.0242078 0.76006 -0.151538
0.0251361 0.750109 -0.151538
0.0362757 0.630706 -0.186403
0.0256002 0.745134 -0.151538
0.0260644 0.740159 -0.151538
0.0265285 0.735184 -0.151538
0.0269927 0.730209 -0.151538
0.0274568 0.725234 -0.151538
0.027921 0.720259 -0.151538
0.0283851 0.715283 -0.151538
0.0288493 0.710308 -0.151538
-0.0838322 0.860386 -0.211306
0.0297776 0.700358 -0.151538
0.0302417 0.695383 -0.151538
0.0307059 0.690408 -0.151538
0.03117 0.685433 -0.151538
0.0316342 0.680457 -0.151538
0.0334908 0.660557 -0.151538
0.0348832 0.645631 -0.151538
-0.0691579 0.861755 -0.141576
0.0353474 0.640656 -0.151538
0.0362757 0.630706 -0.151538
0.0367398 0.625731 -0.151538
0.0381323 0.610806 -0.151538
0.0385964 0.60583 -0.151538
0.0395247 0.59588 -0.151538
0.0139964 0.869513 -0.146557
0.0149247 0.859562 -0.146557
0.0153889 0.854587 -0.146557
0.015853 0.849612 -0.146557
-0.181661 0.851259 -0.146557
0.0395247 0.59588 -0.231229
0.0167813 0.839662 -0.146557
0.0181738 0.824736 -0.146557
0.0186379 0.819761 -0.146557
0.0191021 0.814786 -0.146557
0.0200304 0.804836 -0.146557
0.0209587 0.794886 -0.146557
0.0232795 0.77001 -0.146557
0.0242078 0.76006 -0.146557
0.0251361 0.750109 -0.146557
0.027921 0.720259 -0.146557
0.0283851 0.715283 -0.146557
0.0302417 0.695383 -0.146557
0.03117 0.685433 -0.146557
0.0320983 0.675482 -0.146557
0.0325625 0.670507 -0.146557
0.0334908 0.660557 -0.146557
0.0353474 0.640656 -0.146557
0.0358115 0.635681 -0.146557
0.0362757 0.630706 -0.146557
0.0381323 0.610806 -0.146557
-0.181661 0.851259 -0.196364
0.03117 0.685433 -0.216287
0.0390606 0.600855 -0.146557
0.0395247 0.59588 -0.146557
0.0149247 0.859562 -0.141576
0.0153889 0.854587 -0.141576
0.0172455 0.834687 -0.141576
0.0181738 0.824736 -0.141576
0.0186379 0.819761 -0.141576
0.0191021 0.814786 -0.141576
0.0195663 0.809811 -0.141576
0.0223512 0.77996 -0.141576
0.0242078 0.76006 -0.141576
0.0251361 0.750109 -0.141576
0.0256002 0.745134 -0.141576
0.0260644 0.740159 -0.141576
0.0265285 0.735184 -0.141576
0.0274568 0.725234 -0.141576
0.0293134 0.705333 -0.141576
0.0297776 0.700358 -0.141576
0.0167813 0.839662 -0.211306
0.03117 0.685433 -0.141576
0.0316342 0.680457 -0.141576
0.0344191 0.650607 -0.141576
0.0348832 0.645631 -0.141576
-0.0691579 0.861755 -0.151538
0.0353474 0.640656 -0.141576
0.037204 0.620756 -0.141576
0.0144606 0.864538 -0.156518
0.0376681 0.615781 -0.141576
0.0381323 0.610806 -0.141576
0.0385964 0.60583 -0.141576
0.0381323 0.610806 -0.176441
0.0144606 0.864538 -0.136595
0.0149247 0.859562 -0.136595
0.0153889 0.854587 -0.136595
0.015853 0.849612 -0.136595
0.0167813 0.839662 -0.136595
0.0181738 0.824736 -0.136595
0.0186379 0.819761 -0.136595
0.0288493 0.710308 -0.141576
0.0200304 0.804836 -0.136595
0.0228153 0.774985 -0.136595
0.0232795 0.77001 -0.136595
0.0237436 0.765035 -0.136595
0.0242078 0.76006 -0.136595
0.0246719 0.755085 -0.136595
0.0251361 0.750109 -0.136595
0.0260644 0.740159 -0.136595
0.0265285 0.735184 -0.136595
0.027921 0.720259 -0.136595
0.0283851 0.715283 -0.136595
0.0293134 0.705333 -0.136595
-0.0838322 0.860386 -0.221268
0.0297776 0.700358 -0.136595
0.0302417 0.695383 -0.136595
0.03117 0.685433 -0.136595
0.0316342 0.680457 -0.136595
0.0334908 0.660557 -0.136595
-0.0300265 0.865406 -0.191383
0.0344191 0.650607 -0.136595
0.0209587 0.794886 -0.16648
0.0353474 0.640656 -0.136595
0.0362757 0.630706 -0.136595
0.0367398 0.625731 -0.136595
0.0144606 0.864538 -0.151538
0.0376681 0.615781 -0.136595
0.0381323 0.610806 -0.136595
0.0385964 0.60583 -0.136595
0.0153889 0.854587 -0.131615
0.0163172 0.844637 -0.131615
0.0390606 0.600855 -0.151538
0.0167813 0.839662 -0.131615
0.0181738 0.824736 -0.131615
0.0186379 0.819761 -0.131615
0.0283851 0.715283 -0.141576
0.0191021 0.814786 -0.131615
0.021887 0.784935 -0.131615
0.0223512 0.77996 -0.131615
0.0242078 0.76006 -0.131615
0.0251361 0.750109 -0.131615
0.0256002 0.745134 -0.131615
0.0274568 0.725234 -0.131615
0.027921 0.720259 -0.131615
0.0283851 0.715283 -0.131615
-0.0838322 0.860386 -0.226249
0.0297776 0.700358 -0.131615
0.0167813 0.839662 -0.196364
0.0390606 0.600855 -0.181422
0.03117 0.685433 -0.131615
0.0316342 0.680457 -0.131615
0.0320983 0.675482 -0.131615
0.0334908 0.660557 -0.131615
-0.0104607 0.867231 -0.151538
0.0339549 0.655582 -0.131615
-0.0300265 0.865406 -0.196364
0.0344191 0.650607 -0.131615
0.0367398 0.625731 -0.131615
0.0144606 0.864538 -0.146557
0.0376681 0.615781 -0.131615
0.0385964 0.60583 -0.131615
0.0390606 0.600855 -0.131615
0.030206 0.589992 -0.231229
0.0204231 0.58908 -0.231229
0.0155317 0.588623 -0.231229
0.000857397 0.587254 -0.231229
-0.0284912 0.584516 -0.231229
0.0200304 0.804836 -0.211306
-0.0431655 0.583147 -0.231229
-0.0480569 0.582691 -0.231229
-0.0529484 0.582234 -0.231229
-0.0627312 0.581322 -0.231229
-0.0725141 0.580409 -0.231229
-0.0774055 0.579953 -0.231229
-0.082297 0.579496 -0.231229
-0.0871884 0.57904 -0.231229
0.0209587 0.794886 -0.201345
-0.0920798 0.578584 -0.231229
0.0353474 0.640656 -0.211306
-0.101863 0.577671 -0.231229
-0.106754 0.577215 -0.231229
-0.111646 0.576758 -0.231229
-0.121428 0.575846 -0.231229
0.0209587 0.794886 -0.161499
-0.12632 0.575389 -0.231229
-0.136103 0.574477 -0.231229
-0.155668 0.572651 -0.231229
0.0325625 0.670507 -0.171461
0.0204946 0.799861 -0.151538
-0.165451 0.571739 -0.231229
-0.170343 0.571282 -0.231229
-0.175234 0.570826 -0.231229
0.0350974 0.590449 -0.226249
0.030206 0.589992 -0.226249
0.0214229 0.78991 -0.226249
0.0253146 0.589536 -0.226249
0.0204231 0.58908 -0.226249
0.0155317 0.588623 -0.226249
0.0106403 0.588167 -0.226249
0.0242078 0.76006 -0.221268
0.000857397 0.587254 -0.226249
-0.00892547 0.586342 -0.226249
0.0237436 0.765035 -0.226249
-0.0187083 0.585429 -0.226249
-0.0333826 0.58406 -0.226249
-0.0382741 0.583604 -0.226249
0.0200304 0.804836 -0.191383
-0.0431655 0.583147 -0.226249
0.0288493 0.710308 -0.176441
-0.0578398 0.581778 -0.226249
-0.0627312 0.581322 -0.226249
-0.0725141 0.580409 -0.226249
-0.0774055 0.579953 -0.226249
-0.082297 0.579496 -0.226249
-0.0871884 0.57904 -0.226249
0.0209587 0.794886 -0.196364
-0.0920798 0.578584 -0.226249
0.0358115 0.635681 -0.216287
-0.0969713 0.578127 -0.226249
0.0353474 0.640656 -0.216287
-0.101863 0.577671 -0.226249
0.0339549 0.655582 -0.156518
-0.106754 0.577215 -0.226249
-0.111646 0.576758 -0.226249
-0.116537 0.576302 -0.226249
-0.121428 0.575846 -0.226249
-0.12632 0.575389 -0.226249
-0.131211 0.574933 -0.226249
0.0163172 0.844637 -0.146557
-0.140994 0.57402 -0.226249
-0.150777 0.573108 -0.226249
-0.155668 0.572651 -0.226249
-0.16056 0.572195 -0.226249
0.0350974 0.590449 -0.221268
0.0204231 0.58908 -0.221268
0.0155317 0.588623 -0.221268
0.0106403 0.588167 -0.221268
-0.0691579 0.861755 -0.191383
0.0325625 0.670507 -0.151538
-0.0138169 0.585885 -0.221268
-0.0187083 0.585429 -0.221268
-0.0284912 0.584516 -0.221268
-0.0382741 0.583604 -0.221268
0.0200304 0.804836 -0.196364
0.0283851 0.715283 -0.191383
-0.0431655 0.583147 -0.221268
-0.0480569 0.582691 -0.221268
-0.0578398 0.581778 -0.221268
-0.0627312 0.581322 -0.221268
-0.0725141 0.580409 -0.221268
-0.082297 0.579496 -0.221268
-0.0969713 0.578127 -0.221268
-0.101863 0.577671 -0.221268
-0.121428 0.575846 -0.221268
0.0209587 0.794886 -0.151538
-0.12632 0.575389 -0.221268
0.0163172 0.844637 -0.141576
-0.140994 0.57402 -0.221268
-0.145886 0.573564 -0.221268
-0.16056 0.572195 -0.221268
-0.175234 0.570826 -0.221268
0.0399889 0.590905 -0.216287
0.0350974 0.590449 -0.216287
0.0155317 0.588623 -0.216287
0.0106403 0.588167 -0.216287
0.000857397 0.587254 -0.216287
-0.0480569 0.582691 -0.216287
-0.0578398 0.581778 -0.216287
-0.0627312 0.581322 -0.216287
0.021887 0.784935 -0.201345
-0.0676227 0.580865 -0.216287
-0.0725141 0.580409 -0.216287
-0.082297 0.579496 -0.216287
-0.0920798 0.578584 -0.216287
-0.0349179 0.864949 -0.216287
0.0358115 0.635681 -0.226249
-0.0969713 0.578127 -0.216287
0.0353474 0.640656 -0.226249
-0.101863 0.577671 -0.216287
0.00421358 0.8686 -0.131615
-0.106754 0.577215 -0.216287
-0.111646 0.576758 -0.216287
-0.12632 0.575389 -0.216287
-0.145886 0.573564 -0.216287
-0.150777 0.573108 -0.216287
0.0399889 0.590905 -0.211306
0.0350974 0.590449 -0.211306
0.030206 0.589992 -0.211306
0.0214229 0.78991 -0.211306
0.0253146 0.589536 -0.211306
0.0106403 0.588167 -0.211306
-0.00892547 0.586342 -0.211306
-0.0691579 0.861755 -0.176441
-0.0138169 0.585885 -0.211306
-0.0284912 0.584516 -0.211306
-0.0333826 0.58406 -0.211306
-0.132747 0.855822 -0.226249
-0.0529484 0.582234 -0.211306
-0.0578398 0.581778 -0.211306
-0.0627312 0.581322 -0.211306
-0.0871884 0.57904 -0.211306
-0.0349179 0.864949 -0.206326
-0.0969713 0.578127 -0.211306
-0.101863 0.577671 -0.211306
-0.111646 0.576758 -0.211306
-0.121428 0.575846 -0.211306
-0.131211 0.574933 -0.211306
0.0223512 0.77996 -0.191383
-0.165451 0.571739 -0.211306
0.0350974 0.590449 -0.206326
0.030206 0.589992 -0.206326
0.0214229 0.78991 -0.206326
0.0253146 0.589536 -0.206326
0.0204231 0.58908 -0.206326
0.0155317 0.588623 -0.206326
0.0106403 0.588167 -0.206326
0.000857397 0.587254 -0.206326
-0.0187083 0.585429 -0.206326
0.0228153 0.774985 -0.196364
-0.0235998 0.584973 -0.206326
-0.0284912 0.584516 -0.206326
-0.0333826 0.58406 -0.206326
0.0200304 0.804836 -0.141576
0.0288493 0.710308 -0.131615
-0.0431655 0.583147 -0.206326
-0.171878 0.852172 -0.196364
-0.000677855 0.868144 -0.151538
0.021887 0.784935 -0.196364
-0.0676227 0.580865 -0.206326
-0.0725141 0.580409 -0.206326
-0.0871884 0.57904 -0.206326
-0.101863 0.577671 -0.206326
-0.111646 0.576758 -0.206326
-0.121428 0.575846 -0.206326
0.0209587 0.794886 -0.136595
-0.12632 0.575389 -0.206326
0.0163172 0.844637 -0.156518
-0.140994 0.57402 -0.206326
-0.155668 0.572651 -0.206326
-0.175234 0.570826 -0.206326
0.0399889 0.590905 -0.201345
0.0350974 0.590449 -0.201345
0.030206 0.589992 -0.201345
0.0204231 0.58908 -0.201345
0.0155317 0.588623 -0.201345
-0.0187083 0.585429 -0.201345
-0.0284912 0.584516 -0.201345
-0.0382741 0.583604 -0.201345
-0.0480569 0.582691 -0.201345
-0.0985065 0.859017 -0.226249
-0.0529484 0.582234 -0.201345
-0.000677855 0.868144 -0.171461
0.021887 0.784935 -0.216287
-0.0676227 0.580865 -0.201345
-0.082297 0.579496 -0.201345
-0.0969713 0.578127 -0.201345
-0.0235998 0.584973 -0.231229
-0.101863 0.577671 -0.201345
-0.111646 0.576758 -0.201345
-0.121428 0.575846 -0.201345
0.0209587 0.794886 -0.131615
-0.12632 0.575389 -0.201345
-0.131211 0.574933 -0.201345
-0.145886 0.573564 -0.201345
-0.16056 0.572195 -0.201345
0.00574883 0.587711 -0.196364
0.000857397 0.587254 -0.196364
-0.00403404 0.586798 -0.196364
-0.0691579 0.861755 -0.16648
-0.0138169 0.585885 -0.196364
-0.0187083 0.585429 -0.196364
-0.0284912 0.584516 -0.196364
-0.0333826 0.58406 -0.196364
-0.0382741 0.583604 -0.196364
-0.0480569 0.582691 -0.196364
-0.0985065 0.859017 -0.231229
-0.0529484 0.582234 -0.196364
0.0288493 0.710308 -0.231229
-0.0578398 0.581778 -0.196364
-0.171878 0.852172 -0.211306
-0.000677855 0.868144 -0.156518
0.021887 0.784935 -0.206326
-0.0676227 0.580865 -0.196364
-0.0725141 0.580409 -0.196364
-0.0871884 0.57904 -0.196364
-0.0969713 0.578127 -0.196364
-0.12632 0.575389 -0.196364
-0.131211 0.574933 -0.196364
-0.140994 0.57402 -0.196364
-0.145886 0.573564 -0.196364
-0.150777 0.573108 -0.196364
-0.155668 0.572651 -0.196364
-0.0691579 0.861755 -0.206326
-0.165451 0.571739 -0.196364
0.0399889 0.590905 -0.191383
0.0350974 0.590449 -0.191383
0.030206 0.589992 -0.191383
0.0214229 0.78991 -0.191383
0.0253146 0.589536 -0.191383
0.0155317 0.588623 -0.191383
0.0228153 0.774985 -0.206326
-0.0235998 0.584973 -0.191383
-0.0333826 0.58406 -0.191383
-0.0382741 0.583604 -0.191383
-0.0431655 0.583147 -0.191383
-0.0480569 0.582691 -0.191383
0.021887 0.784935 -0.176441
-0.0676227 0.580865 -0.191383
-0.00556929 0.867687 -0.226249
-0.0725141 0.580409 -0.191383
-0.082297 0.579496 -0.191383
-0.0920798 0.578584 -0.191383
0.00910501 0.869056 -0.16648
-0.0235998 0.584973 -0.226249
-0.101863 0.577671 -0.191383
-0.116537 0.576302 -0.231229
-0.12632 0.575389 -0.191383
-0.145886 0.573564 -0.191383
-0.0529484 0.582234 -0.206326
-0.155668 0.572651 -0.191383
0.0350974 0.590449 -0.186403
0.030206 0.589992 -0.186403
0.0204231 0.58908 -0.186403
-0.0138169 0.585885 -0.186403
-0.0284912 0.584516 -0.186403
-0.0333826 0.58406 -0.186403
-0.0382741 0.583604 -0.186403
-0.0529484 0.582234 -0.186403
-0.0578398 0.581778 -0.186403
-0.0627312 0.581322 -0.186403
0.0320983 0.675482 -0.211306
-0.0774055 0.579953 -0.186403
-0.082297 0.579496 -0.186403
-0.0969713 0.578127 -0.186403
0.0348832 0.645631 -0.206326
-0.106754 0.577215 -0.186403
-0.162095 0.853084 -0.136595
-0.111646 0.576758 -0.186403
-0.150777 0.573108 -0.186403
-0.155668 0.572651 -0.186403
-0.16056 0.572195 -0.186403
0.00574883 0.587711 -0.231229
-0.170343 0.571282 -0.186403
-0.175234 0.570826 -0.186403
0.0399889 0.590905 -0.181422
0.030206 0.589992 -0.181422
0.0214229 0.78991 -0.181422
0.0253146 0.589536 -0.181422
0.0204231 0.58908 -0.181422
0.0155317 0.588623 -0.181422
0.0106403 0.588167 -0.181422
0.00574883 0.587711 -0.181422
-0.00403404 0.586798 -0.181422
0.0325625 0.670507 -0.196364
-0.0138169 0.585885 -0.181422
-0.0284912 0.584516 -0.181422
-0.0333826 0.58406 -0.181422
-0.0431655 0.583147 -0.181422
0.0149247 0.859562 -0.231229
-0.00403404 0.586798 -0.206326
-0.0480569 0.582691 -0.181422
-0.0627312 0.581322 -0.181422
-0.171878 0.852172 -0.221268
-0.0676227 0.580865 -0.181422
-0.0725141 0.580409 -0.181422
-0.0774055 0.579953 -0.181422
-0.0920798 0.578584 -0.181422
-0.0969713 0.578127 -0.181422
-0.101863 0.577671 -0.181422
-0.106754 0.577215 -0.181422
-0.111646 0.576758 -0.181422
-0.116537 0.576302 -0.181422
-0.121428 0.575846 -0.181422
-0.12632 0.575389 -0.181422
-0.145886 0.573564 -0.181422
-0.150777 0.573108 -0.181422
-0.0529484 0.582234 -0.221268
-0.155668 0.572651 -0.181422
-0.0691579 0.861755 -0.186403
-0.165451 0.571739 -0.181422
0.00574883 0.587711 -0.226249
-0.170343 0.571282 -0.181422
-0.175234 0.570826 -0.181422
0.0399889 0.590905 -0.176441
0.0350974 0.590449 -0.176441
0.030206 0.589992 -0.176441
0.0155317 0.588623 -0.176441
-0.0187083 0.585429 -0.176441
-0.0431655 0.583147 -0.176441
-0.00403404 0.586798 -0.211306
-0.0480569 0.582691 -0.176441
-0.0578398 0.581778 -0.176441
-0.171878 0.852172 -0.226249
-0.0676227 0.580865 -0.176441
-0.082297 0.579496 -0.176441
-0.101863 0.577671 -0.176441
-0.106754 0.577215 -0.176441
0.0381323 0.610806 -0.201345
-0.111646 0.576758 -0.176441
-0.136103 0.574477 -0.176441
-0.150777 0.573108 -0.176441
-0.0529484 0.582234 -0.226249
-0.155668 0.572651 -0.176441
0.0350974 0.590449 -0.171461
0.030206 0.589992 -0.171461
0.0214229 0.78991 -0.171461
0.0253146 0.589536 -0.171461
0.0204231 0.58908 -0.171461
0.000857397 0.587254 -0.171461
0.0376681 0.615781 -0.221268
-0.00403404 0.586798 -0.171461
-0.00892547 0.586342 -0.171461
-0.0235998 0.584973 -0.171461
-0.0382741 0.583604 -0.171461
-0.0431655 0.583147 -0.171461
-0.0480569 0.582691 -0.171461
-0.0529484 0.582234 -0.171461
-0.0578398 0.581778 -0.171461
-0.0627312 0.581322 -0.171461
-0.0774055 0.579953 -0.171461
-0.082297 0.579496 -0.171461
-0.0871884 0.57904 -0.171461
-0.0969713 0.578127 -0.171461
-0.162095 0.853084 -0.171461
0.0381323 0.610806 -0.231229
-0.111646 0.576758 -0.171461
-0.121428 0.575846 -0.171461
0.0214229 0.78991 -0.186403
0.0253146 0.589536 -0.186403
-0.131211 0.574933 -0.171461
-0.136103 0.574477 -0.171461
-0.145886 0.573564 -0.171461
-0.16056 0.572195 -0.171461
-0.175234 0.570826 -0.171461
0.030206 0.589992 -0.16648
-0.0789408 0.860842 -0.161499
0.0214229 0.78991 -0.16648
0.0253146 0.589536 -0.16648
0.0204231 0.58908 -0.16648
0.0155317 0.588623 -0.16648
0.00574883 0.587711 -0.16648
-0.0187083 0.585429 -0.16648
-0.0235998 0.584973 -0.16648
-0.0284912 0.584516 -0.16648
0.0358115 0.635681 -0.131615
-0.0333826 0.58406 -0.16648
-0.0382741 0.583604 -0.16648
-0.0529484 0.582234 -0.16648
-0.0627312 0.581322 -0.16648
-0.000677855 0.868144 -0.196364
-0.0676227 0.580865 -0.16648
-0.0774055 0.579953 -0.16648
-0.0593751 0.862668 -0.216287
-0.0871884 0.57904 -0.16648
-0.0920798 0.578584 -0.16648
-0.0969713 0.578127 -0.16648
-0.101863 0.577671 -0.16648
-0.121428 0.575846 -0.16648
-0.131211 0.574933 -0.16648
-0.140994 0.57402 -0.16648
-0.150777 0.573108 -0.16648
-0.16056 0.572195 -0.16648
-0.175234 0.570826 -0.16648
0.0399889 0.590905 -0.161499
0.0155317 0.588623 -0.161499
-0.00403404 0.586798 -0.161499
-0.00892547 0.586342 -0.161499
-0.0691579 0.861755 -0.226249
-0.0138169 0.585885 -0.161499
-0.0187083 0.585429 -0.161499
-0.0284912 0.584516 -0.161499
-0.137638 0.855366 -0.201345
-0.0382741 0.583604 -0.161499
0.0283851 0.715283 -0.226249
-0.0431655 0.583147 -0.161499
-0.0529484 0.582234 -0.161499
-0.0578398 0.581778 -0.161499
-0.0725141 0.580409 -0.161499
-0.131211 0.574933 -0.221268
-0.082297 0.579496 -0.161499
-0.0969713 0.578127 -0.161499
-0.121428 0.575846 -0.161499
-0.131211 0.574933 -0.161499
-0.136103 0.574477 -0.161499
-0.140994 0.57402 -0.161499
-0.145886 0.573564 -0.161499
-0.155668 0.572651 -0.161499
-0.16056 0.572195 -0.161499
-0.165451 0.571739 -0.161499
-0.175234 0.570826 -0.161499
0.0399889 0.590905 -0.156518
0.0350974 0.590449 -0.156518
-0.176769 0.851715 -0.221268
0.030206 0.589992 -0.156518
0.0214229 0.78991 -0.156518
0.0253146 0.589536 -0.156518
0.0204231 0.58908 -0.156518
0.0155317 0.588623 -0.156518
0.000857397 0.587254 -0.156518
-0.0138169 0.585885 -0.156518
-0.0284912 0.584516 -0.156518
-0.0382741 0.583604 -0.156518
0.0283851 0.715283 -0.186403
-0.0431655 0.583147 -0.156518
-0.0578398 0.581778 -0.156518
-0.0676227 0.580865 -0.156518
-0.0725141 0.580409 -0.156518
0.0330266 0.665532 -0.136595
-0.0774055 0.579953 -0.156518
-0.0969713 0.578127 -0.156518
0.00910501 0.869056 -0.131615
-0.101863 0.577671 -0.156518
-0.106754 0.577215 -0.156518
-0.121428 0.575846 -0.156518
-0.12632 0.575389 -0.156518
0.0214229 0.78991 -0.176441
0.0253146 0.589536 -0.176441
-0.131211 0.574933 -0.156518
-0.136103 0.574477 -0.156518
-0.140994 0.57402 -0.156518
-0.155668 0.572651 -0.156518
-0.175234 0.570826 -0.156518
0.0399889 0.590905 -0.151538
0.0350974 0.590449 -0.151538
0.030206 0.589992 -0.151538
0.00574883 0.587711 -0.151538
-0.00892547 0.586342 -0.151538
-0.0691579 0.861755 -0.211306
-0.0138169 0.585885 -0.151538
-0.0235998 0.584973 -0.151538
-0.0284912 0.584516 -0.151538
-0.0333826 0.58406 -0.151538
0.0283851 0.715283 -0.171461
-0.0431655 0.583147 -0.151538
-0.0627312 0.581322 -0.151538
-0.0676227 0.580865 -0.151538
-0.103398 0.858561 -0.146557
0.0330266 0.665532 -0.151538
-0.0774055 0.579953 -0.151538
-0.082297 0.579496 -0.151538
-0.0871884 0.57904 -0.151538
-0.0969713 0.578127 -0.151538
-0.162095 0.853084 -0.151538
-0.111646 0.576758 -0.151538
0.0106403 0.588167 -0.176441
-0.116537 0.576302 -0.151538
-0.140994 0.57402 -0.151538
-0.150777 0.573108 -0.151538
-0.16056 0.572195 -0.151538
0.0223512 0.77996 -0.226249
-0.165451 0.571739 -0.151538
0.0399889 0.590905 -0.146557
0.0350974 0.590449 -0.146557
0.030206 0.589992 -0.146557
0.0204231 0.58908 -0.146557
0.0293134 0.705333 -0.146557
0.0155317 0.588623 -0.146557
-0.00403404 0.586798 -0.146557
-0.0138169 0.585885 -0.146557
-0.0235998 0.584973 -0.146557
-0.0284912 0.584516 -0.146557
-0.0382741 0.583604 -0.146557
0.0283851 0.715283 -0.176441
-0.0431655 0.583147 -0.146557
-0.0529484 0.582234 -0.146557
-0.0578398 0.581778 -0.146557
-0.0627312 0.581322 -0.146557
-0.000677855 0.868144 -0.211306
-0.0676227 0.580865 -0.146557
-0.0725141 0.580409 -0.146557
-0.082297 0.579496 -0.146557
-0.0871884 0.57904 -0.146557
-0.0969713 0.578127 -0.146557
-0.106754 0.577215 -0.146557
-0.12632 0.575389 -0.146557
-0.131211 0.574933 -0.146557
-0.145886 0.573564 -0.146557
-0.136103 0.574477 -0.196364
-0.170343 0.571282 -0.146557
0.0204231 0.58908 -0.216287
-0.175234 0.570826 -0.146557
0.0399889 0.590905 -0.141576
0.0350974 0.590449 -0.141576
0.030206 0.589992 -0.141576
0.0155317 0.588623 -0.141576
-0.00403404 0.586798 -0.141576
-0.0187083 0.585429 -0.141576
-0.0284912 0.584516 -0.141576
-0.0382741 0.583604 -0.141576
-0.0431655 0.583147 -0.141576
0.0149247 0.859562 -0.211306
-0.00403404 0.586798 -0.201345
-0.0480569 0.582691 -0.141576
-0.0529484 0.582234 -0.141576
-0.000677855 0.868144 -0.181422
0.021887 0.784935 -0.226249
-0.0676227 0.580865 -0.141576
-0.0725141 0.580409 -0.141576
0.0330266 0.665532 -0.141576
-0.0774055 0.579953 -0.141576
-0.0871884 0.57904 -0.141576
-0.0920798 0.578584 -0.141576
-0.106754 0.577215 -0.141576
-0.121428 0.575846 -0.141576
-0.116537 0.576302 -0.186403
0.0106403 0.588167 -0.156518
-0.12632 0.575389 -0.141576
-0.0789408 0.860842 -0.136595
-0.131211 0.574933 -0.141576
-0.140994 0.57402 -0.141576
-0.155668 0.572651 -0.211306
-0.145886 0.573564 -0.141576
-0.150777 0.573108 -0.141576
-0.155668 0.572651 -0.141576
-0.16056 0.572195 -0.141576
-0.136103 0.574477 -0.191383
-0.170343 0.571282 -0.141576
0.0399889 0.590905 -0.136595
0.030206 0.589992 -0.136595
0.0214229 0.78991 -0.136595
0.0253146 0.589536 -0.136595
0.0293134 0.705333 -0.161499
0.0155317 0.588623 -0.136595
-0.116537 0.576302 -0.216287
0.0106403 0.588167 -0.136595
-0.00403404 0.586798 -0.136595
-0.0138169 0.585885 -0.136595
-0.0187083 0.585429 -0.136595
0.0228153 0.774985 -0.211306
-0.0235998 0.584973 -0.136595
0.0283851 0.715283 -0.156518
-0.0431655 0.583147 -0.136595
-0.0529484 0.582234 -0.136595
-0.000677855 0.868144 -0.216287
-0.0676227 0.580865 -0.136595
-0.0725141 0.580409 -0.136595
0.0330266 0.665532 -0.226249
-0.0774055 0.579953 -0.136595
-0.082297 0.579496 -0.136595
-0.0969713 0.578127 -0.136595
-0.106754 0.577215 -0.136595
-0.111646 0.576758 -0.136595
-0.121428 0.575846 -0.136595
-0.131211 0.574933 -0.136595
-0.136103 0.574477 -0.136595
-0.140994 0.57402 -0.136595
0.0320983 0.675482 -0.151538
-0.165451 0.571739 -0.136595
0.0399889 0.590905 -0.131615
0.030206 0.589992 -0.131615
0.0214229 0.78991 -0.131615
0.0253146 0.589536 -0.131615
0.0204231 0.58908 -0.131615
0.0293134 0.705333 -0.156518
0.0155317 0.588623 -0.131615
0.0106403 0.588167 -0.131615
0.000857397 0.587254 -0.131615
-0.137638 0.855366 -0.226249
-0.00403404 0.586798 -0.131615
-0.00892547 0.586342 -0.131615
-0.0187083 0.585429 -0.131615
-0.0284912 0.584516 -0.131615
-0.0382741 0.583604 -0.131615
-0.0480569 0.582691 -0.131615
-0.0578398 0.581778 -0.131615
-0.0627312 0.581322 -0.131615
0.0223512 0.77996 -0.146557
-0.0676227 0.580865 -0.131615
-0.082297 0.579496 -0.131615
-0.0627312 0.581322 -0.191383
-0.0871884 0.57904 -0.131615
-0.0920798 0.578584 -0.131615
-0.0969713 0.578127 -0.131615
-0.106754 0.577215 -0.131615
-0.111646 0.576758 -0.131615
-0.116537 0.576302 -0.131615
-0.121428 0.575846 -0.131615
0.0214229 0.78991 -0.201345
0.0253146 0.589536 -0.201345
-0.131211 0.574933 -0.131615
-0.025135 0.865862 -0.206326
-0.140994 0.57402 -0.131615
-0.155668 0.572651 -0.216287
-0.145886 0.573564 -0.131615
-0.150777 0.573108 -0.131615
-0.155668 0.572651 -0.131615
-0.165451 0.571739 -0.131615
-0.175234 0.570826 -0.131615
0.0181738 0.824736 -0.201345
-0.18059 0.575345 -0.231229
-0.181054 0.58032 -0.231229
-0.182446 0.595245 -0.231229
-0.183375 0.605196 -0.231229
-0.147421 0.854453 -0.196364
-0.184303 0.615146 -0.231229
-0.185231 0.625096 -0.231229
-0.106754 0.577215 -0.196364
-0.185695 0.630071 -0.231229
-0.18616 0.635046 -0.231229
-0.191444 0.850346 -0.231229
-0.188016 0.654947 -0.231229
-0.18848 0.659922 -0.231229
-0.136103 0.574477 -0.131615
-0.188945 0.664897 -0.231229
-0.189409 0.669872 -0.231229
-0.189873 0.674847 -0.231229
-0.190337 0.679823 -0.231229
-0.0593751 0.862668 -0.141576
0.0269927 0.730209 -0.131615
-0.190801 0.684798 -0.231229
-0.191265 0.689773 -0.231229
-0.191729 0.694748 -0.231229
-0.192194 0.699723 -0.231229
-0.193122 0.709673 -0.231229
-0.193586 0.714649 -0.231229
-0.19405 0.719624 -0.231229
0.0325625 0.670507 -0.191383
-0.0138169 0.585885 -0.201345
-0.195907 0.739524 -0.231229
-0.0774055 0.579953 -0.221268
-0.196371 0.744499 -0.231229
-0.196835 0.749475 -0.231229
-0.197763 0.759425 -0.231229
-0.198228 0.7644 -0.231229
-0.198692 0.769375 -0.231229
-0.199156 0.77435 -0.231229
-0.19962 0.779325 -0.231229
-0.200548 0.789276 -0.231229
-0.201012 0.794251 -0.231229
-0.201477 0.799226 -0.231229
-0.201941 0.804201 -0.231229
-0.181518 0.585295 -0.231229
-0.203797 0.824102 -0.231229
-0.204261 0.829077 -0.231229
-0.204726 0.834052 -0.231229
-0.201227 0.849434 -0.136595
-0.205654 0.844002 -0.231229
0.0246719 0.755085 -0.191383
-0.206118 0.848977 -0.231229
-0.180126 0.57037 -0.226249
-0.181054 0.58032 -0.226249
-0.182911 0.60022 -0.226249
-0.183375 0.605196 -0.226249
0.0320983 0.675482 -0.136595
-0.183839 0.610171 -0.226249
-0.147421 0.854453 -0.206326
-0.184303 0.615146 -0.226249
0.0228153 0.774985 -0.231229
-0.0235998 0.584973 -0.216287
-0.185231 0.625096 -0.226249
0.0348832 0.645631 -0.191383
-0.185695 0.630071 -0.226249
-0.186624 0.640022 -0.226249
-0.187088 0.644997 -0.226249
-0.16056 0.572195 -0.146557
-0.187552 0.649972 -0.226249
-0.18848 0.659922 -0.226249
-0.127855 0.856279 -0.231229
-0.188945 0.664897 -0.226249
0.00574883 0.587711 -0.221268
-0.170343 0.571282 -0.176441
-0.189409 0.669872 -0.226249
-0.189873 0.674847 -0.226249
-0.0593751 0.862668 -0.136595
-0.190801 0.684798 -0.226249
-0.191265 0.689773 -0.226249
-0.191729 0.694748 -0.226249
-0.192194 0.699723 -0.226249
-0.192658 0.704698 -0.226249
0.0260644 0.740159 -0.181422
-0.193122 0.709673 -0.226249
-0.193586 0.714649 -0.226249
-0.122964 0.856735 -0.211306
-0.19405 0.719624 -0.226249
-0.194514 0.724599 -0.226249
-0.194978 0.729574 -0.226249
0.0344191 0.650607 -0.196364
-0.195443 0.734549 -0.226249
-0.0774055 0.579953 -0.211306
-0.196371 0.744499 -0.226249
-0.196835 0.749475 -0.226249
-0.197299 0.75445 -0.226249
-0.198692 0.769375 -0.226249
-0.19962 0.779325 -0.226249
-0.200548 0.789276 -0.226249
-0.201012 0.794251 -0.226249
-0.201477 0.799226 -0.226249
-0.201941 0.804201 -0.226249
-0.202405 0.809176 -0.226249
-0.202869 0.814151 -0.226249
-0.0333826 0.58406 -0.221268
-0.203333 0.819126 -0.226249
-0.203797 0.824102 -0.226249
-0.20519 0.839027 -0.226249
-0.205654 0.844002 -0.226249
-0.206118 0.848977 -0.226249
0.0186379 0.819761 -0.191383
-0.180126 0.57037 -0.221268
-0.181054 0.58032 -0.221268
-0.182446 0.595245 -0.221268
-0.0349179 0.864949 -0.141576
-0.182911 0.60022 -0.221268
-0.183839 0.610171 -0.221268
-0.147421 0.854453 -0.211306
-0.184303 0.615146 -0.221268
0.0232795 0.77001 -0.211306
-0.197299 0.75445 -0.231229
-0.184767 0.620121 -0.221268
0.0348832 0.645631 -0.186403
-0.106754 0.577215 -0.151538
-0.185695 0.630071 -0.221268
-0.200084 0.784301 -0.231229
-0.187088 0.644997 -0.221268
-0.188945 0.664897 -0.221268
0.00574883 0.587711 -0.216287
-0.170343 0.571282 -0.171461
-0.189409 0.669872 -0.221268
-0.189873 0.674847 -0.221268
-0.190801 0.684798 -0.221268
-0.191729 0.694748 -0.221268
-0.192194 0.699723 -0.221268
-0.192658 0.704698 -0.221268
-0.193122 0.709673 -0.221268
-0.19405 0.719624 -0.221268
-0.00892547 0.586342 -0.136595
-0.194514 0.724599 -0.221268
-0.0920798 0.578584 -0.151538
-0.194978 0.729574 -0.221268
0.0344191 0.650607 -0.191383
-0.18616 0.635046 -0.226249
-0.195443 0.734549 -0.221268
0.0325625 0.670507 -0.211306
-0.165451 0.571739 -0.201345
-0.195907 0.739524 -0.221268
-0.196371 0.744499 -0.221268
-0.196835 0.749475 -0.221268
-0.197299 0.75445 -0.221268
-0.197763 0.759425 -0.221268
-0.198228 0.7644 -0.221268
-0.198692 0.769375 -0.221268
-0.19962 0.779325 -0.221268
-0.187088 0.644997 -0.231229
-0.200084 0.784301 -0.221268
-0.201012 0.794251 -0.221268
-0.202405 0.809176 -0.221268
-0.0333826 0.58406 -0.216287
-0.203333 0.819126 -0.221268
-0.181518 0.585295 -0.226249
-0.203797 0.824102 -0.221268
-0.204726 0.834052 -0.221268
-0.20519 0.839027 -0.221268
0.0246719 0.755085 -0.176441
-0.206118 0.848977 -0.221268
0.0186379 0.819761 -0.196364
-0.180126 0.57037 -0.216287
0.0181738 0.824736 -0.196364
-0.18059 0.575345 -0.216287
-0.152312 0.853997 -0.221268
-0.181982 0.59027 -0.216287
-0.182446 0.595245 -0.216287
-0.183375 0.605196 -0.216287
-0.183839 0.610171 -0.216287
-0.184303 0.615146 -0.216287
-0.184767 0.620121 -0.216287
-0.0235998 0.584973 -0.131615
-0.185231 0.625096 -0.216287
-0.185695 0.630071 -0.216287
-0.187552 0.649972 -0.216287
-0.191444 0.850346 -0.216287
-0.188016 0.654947 -0.216287
-0.18848 0.659922 -0.216287
-0.166987 0.852628 -0.196364
-0.188945 0.664897 -0.216287
-0.189409 0.669872 -0.216287
-0.189873 0.674847 -0.216287
-0.190337 0.679823 -0.216287
-0.190801 0.684798 -0.216287
-0.191265 0.689773 -0.216287
-0.191729 0.694748 -0.216287
-0.192194 0.699723 -0.216287
-0.192658 0.704698 -0.216287
-0.193586 0.714649 -0.216287
-0.19405 0.719624 -0.216287
-0.194514 0.724599 -0.216287
-0.0920798 0.578584 -0.146557
-0.194978 0.729574 -0.216287
-0.195443 0.734549 -0.216287
-0.197763 0.759425 -0.216287
-0.0300265 0.865406 -0.131615
-0.198228 0.7644 -0.216287
-0.199156 0.77435 -0.216287
-0.108289 0.858104 -0.171461
-0.201012 0.794251 -0.216287
-0.201477 0.799226 -0.216287
-0.202405 0.809176 -0.216287
-0.0495922 0.86358 -0.131615
-0.202869 0.814151 -0.216287
-0.203333 0.819126 -0.216287
-0.203797 0.824102 -0.216287
-0.186552 0.850803 -0.186403
0.0195663 0.809811 -0.151538
-0.204726 0.834052 -0.216287
-0.20519 0.839027 -0.216287
-0.201227 0.849434 -0.146557
-0.205654 0.844002 -0.216287
-0.118072 0.857191 -0.151538
-0.180126 0.57037 -0.211306
-0.182911 0.60022 -0.211306
-0.147421 0.854453 -0.216287
-0.184303 0.615146 -0.211306
0.0228153 0.774985 -0.216287
-0.0235998 0.584973 -0.141576
-0.185231 0.625096 -0.211306
0.0348832 0.645631 -0.176441
-0.106754 0.577215 -0.16648
-0.185695 0.630071 -0.211306
-0.18616 0.635046 -0.211306
-0.186624 0.640022 -0.211306
-0.200084 0.784301 -0.216287
-0.187088 0.644997 -0.211306
-0.16056 0.572195 -0.156518
-0.187552 0.649972 -0.211306
-0.191444 0.850346 -0.211306
-0.188016 0.654947 -0.211306
-0.18848 0.659922 -0.211306
0.00574883 0.587711 -0.201345
-0.170343 0.571282 -0.156518
-0.189409 0.669872 -0.211306
-0.189873 0.674847 -0.211306
-0.0447008 0.864037 -0.16648
-0.190337 0.679823 -0.211306
-0.190801 0.684798 -0.211306
-0.191265 0.689773 -0.211306
-0.192658 0.704698 -0.211306
-0.193586 0.714649 -0.211306
-0.194514 0.724599 -0.211306
-0.194978 0.729574 -0.211306
-0.196371 0.744499 -0.211306
-0.197299 0.75445 -0.211306
-0.197763 0.759425 -0.211306
-0.198692 0.769375 -0.211306
-0.199156 0.77435 -0.211306
-0.200548 0.789276 -0.211306
-0.108289 0.858104 -0.16648
-0.201012 0.794251 -0.211306
-0.201477 0.799226 -0.211306
0.037204 0.620756 -0.171461
-0.201941 0.804201 -0.211306
-0.202405 0.809176 -0.211306
-0.202869 0.814151 -0.211306
-0.0333826 0.58406 -0.201345
-0.203333 0.819126 -0.211306
-0.186552 0.850803 -0.181422
0.0195663 0.809811 -0.136595
-0.204726 0.834052 -0.211306
-0.205654 0.844002 -0.211306
0.0181738 0.824736 -0.176441
-0.18059 0.575345 -0.206326
-0.182911 0.60022 -0.206326
0.0348832 0.645631 -0.171461
-0.185695 0.630071 -0.206326
-0.186624 0.640022 -0.206326
-0.187088 0.644997 -0.206326
-0.187552 0.649972 -0.206326
-0.127855 0.856279 -0.161499
-0.188945 0.664897 -0.206326
-0.190337 0.679823 -0.206326
-0.190801 0.684798 -0.206326
0.0177097 0.829712 -0.201345
-0.191265 0.689773 -0.206326
-0.191729 0.694748 -0.206326
0.0260644 0.740159 -0.196364
-0.193122 0.709673 -0.206326
-0.19405 0.719624 -0.206326
-0.194978 0.729574 -0.206326
0.0344191 0.650607 -0.206326
-0.195443 0.734549 -0.206326
0.0325625 0.670507 -0.216287
-0.195907 0.739524 -0.206326
-0.196371 0.744499 -0.206326
-0.197763 0.759425 -0.206326
-0.198228 0.7644 -0.206326
-0.198692 0.769375 -0.206326
-0.200548 0.789276 -0.206326
-0.108289 0.858104 -0.161499
-0.201012 0.794251 -0.206326
-0.202405 0.809176 -0.206326
-0.204261 0.829077 -0.206326
-0.20519 0.839027 -0.206326
-0.205654 0.844002 -0.206326
0.0246719 0.755085 -0.16648
-0.206118 0.848977 -0.206326
-0.118072 0.857191 -0.141576
0.0186379 0.819761 -0.181422
-0.180126 0.57037 -0.201345
0.0181738 0.824736 -0.181422
-0.18059 0.575345 -0.201345
-0.181054 0.58032 -0.201345
-0.181982 0.59027 -0.201345
-0.185695 0.630071 -0.201345
-0.186624 0.640022 -0.201345
-0.16056 0.572195 -0.191383
-0.187552 0.649972 -0.201345
-0.18848 0.659922 -0.201345
-0.190337 0.679823 -0.201345
-0.190801 0.684798 -0.201345
-0.192658 0.704698 -0.201345
-0.193122 0.709673 -0.201345
-0.193586 0.714649 -0.201345
-0.194514 0.724599 -0.201345
0.0325625 0.670507 -0.136595
0.0204946 0.799861 -0.131615
-0.195907 0.739524 -0.201345
-0.196371 0.744499 -0.201345
-0.197763 0.759425 -0.201345
0.00421358 0.8686 -0.226249
-0.198228 0.7644 -0.201345
-0.198692 0.769375 -0.201345
-0.199156 0.77435 -0.201345
-0.19962 0.779325 -0.201345
-0.200548 0.789276 -0.201345
-0.201012 0.794251 -0.201345
-0.201941 0.804201 -0.201345
-0.0333826 0.58406 -0.141576
-0.203333 0.819126 -0.201345
-0.203797 0.824102 -0.201345
-0.204261 0.829077 -0.201345
-0.20519 0.839027 -0.201345
-0.205654 0.844002 -0.201345
-0.18059 0.575345 -0.196364
-0.181054 0.58032 -0.196364
-0.181982 0.59027 -0.196364
-0.183375 0.605196 -0.196364
-0.0235998 0.584973 -0.221268
-0.185231 0.625096 -0.196364
0.0348832 0.645631 -0.161499
-0.185695 0.630071 -0.196364
-0.186624 0.640022 -0.196364
-0.187088 0.644997 -0.196364
-0.187552 0.649972 -0.196364
-0.191444 0.850346 -0.196364
0.0106403 0.588167 -0.231229
-0.188016 0.654947 -0.196364
-0.18848 0.659922 -0.196364
-0.166987 0.852628 -0.226249
-0.127855 0.856279 -0.151538
-0.188945 0.664897 -0.196364
-0.189409 0.669872 -0.196364
-0.189873 0.674847 -0.196364
0.0274568 0.725234 -0.156518
-0.190337 0.679823 -0.196364
-0.191265 0.689773 -0.196364
-0.191729 0.694748 -0.196364
-0.192194 0.699723 -0.196364
-0.192658 0.704698 -0.196364
-0.193122 0.709673 -0.196364
-0.19405 0.719624 -0.196364
-0.194514 0.724599 -0.196364
-0.194978 0.729574 -0.196364
0.0344191 0.650607 -0.216287
-0.195443 0.734549 -0.196364
-0.196835 0.749475 -0.196364
0.0232795 0.77001 -0.221268
-0.184767 0.620121 -0.231229
-0.197299 0.75445 -0.196364
-0.198692 0.769375 -0.196364
-0.199156 0.77435 -0.196364
-0.19962 0.779325 -0.196364
-0.201012 0.794251 -0.196364
-0.201477 0.799226 -0.196364
-0.201941 0.804201 -0.196364
-0.0495922 0.86358 -0.136595
-0.202869 0.814151 -0.196364
-0.203333 0.819126 -0.196364
-0.186552 0.850803 -0.216287
-0.204726 0.834052 -0.196364
0.0246719 0.755085 -0.151538
-0.206118 0.848977 -0.196364
-0.180126 0.57037 -0.191383
-0.18059 0.575345 -0.191383
-0.181054 0.58032 -0.191383
-0.181982 0.59027 -0.191383
-0.182446 0.595245 -0.191383
-0.182911 0.60022 -0.191383
-0.183375 0.605196 -0.191383
-0.184303 0.615146 -0.191383
0.0348832 0.645631 -0.156518
-0.185695 0.630071 -0.191383
-0.18616 0.635046 -0.191383
-0.187552 0.649972 -0.191383
-0.191444 0.850346 -0.191383
-0.188016 0.654947 -0.191383
-0.18848 0.659922 -0.191383
-0.127855 0.856279 -0.146557
-0.188945 0.664897 -0.191383
-0.189873 0.674847 -0.191383
0.0274568 0.725234 -0.186403
-0.190337 0.679823 -0.191383
-0.190801 0.684798 -0.191383
-0.191265 0.689773 -0.191383
-0.192194 0.699723 -0.191383
-0.192658 0.704698 -0.191383
-0.193122 0.709673 -0.191383
-0.19405 0.719624 -0.191383
-0.194514 0.724599 -0.191383
-0.195443 0.734549 -0.191383
-0.0138169 0.585885 -0.226249
-0.165451 0.571739 -0.171461
-0.195907 0.739524 -0.191383
-0.196371 0.744499 -0.191383
-0.196835 0.749475 -0.191383
-0.197763 0.759425 -0.191383
-0.198692 0.769375 -0.191383
-0.199156 0.77435 -0.191383
-0.200548 0.789276 -0.191383
-0.201012 0.794251 -0.191383
-0.201477 0.799226 -0.191383
-0.0495922 0.86358 -0.156518
-0.202869 0.814151 -0.191383
-0.181518 0.585295 -0.196364
-0.203797 0.824102 -0.191383
-0.204261 0.829077 -0.191383
-0.186552 0.850803 -0.161499
0.0195663 0.809811 -0.176441
-0.204726 0.834052 -0.191383
-0.205654 0.844002 -0.191383
-0.180126 0.57037 -0.186403
-0.181518 0.585295 -0.186403
-0.0349179 0.864949 -0.176441
-0.182911 0.60022 -0.186403
-0.183375 0.605196 -0.186403
-0.183839 0.610171 -0.186403
-0.184303 0.615146 -0.186403
0.0232795 0.77001 -0.176441
-0.184767 0.620121 -0.186403
-0.0235998 0.584973 -0.186403
-0.101863 0.577671 -0.136595
-0.185231 0.625096 -0.186403
-0.185695 0.630071 -0.186403
-0.18616 0.635046 -0.186403
-0.16056 0.572195 -0.176441
-0.187552 0.649972 -0.186403
-0.18848 0.659922 -0.186403
-0.188945 0.664897 -0.186403
0.0274568 0.725234 -0.191383
-0.190337 0.679823 -0.186403
-0.191265 0.689773 -0.186403
0.0269927 0.730209 -0.171461
-0.191729 0.694748 -0.186403
-0.192194 0.699723 -0.186403
-0.192658 0.704698 -0.186403
-0.193122 0.709673 -0.186403
-0.193586 0.714649 -0.186403
-0.194514 0.724599 -0.186403
0.0344191 0.650607 -0.226249
-0.195443 0.734549 -0.186403
-0.196371 0.744499 -0.186403
-0.198228 0.7644 -0.186403
-0.199156 0.77435 -0.186403
-0.19962 0.779325 -0.186403
-0.200084 0.784301 -0.186403
-0.200548 0.789276 -0.186403
-0.201012 0.794251 -0.186403
-0.201941 0.804201 -0.186403
-0.202405 0.809176 -0.186403
-0.0333826 0.58406 -0.131615
-0.203333 0.819126 -0.186403
-0.181518 0.585295 -0.191383
-0.203797 0.824102 -0.186403
-0.204261 0.829077 -0.186403
-0.186552 0.850803 -0.156518
0.0195663 0.809811 -0.171461
-0.204726 0.834052 -0.186403
-0.20519 0.839027 -0.186403
-0.205654 0.844002 -0.186403
-0.180126 0.57037 -0.181422
-0.181054 0.58032 -0.181422
-0.181982 0.59027 -0.181422
-0.182446 0.595245 -0.181422
-0.0349179 0.864949 -0.191383
-0.182911 0.60022 -0.181422
-0.183375 0.605196 -0.181422
-0.0838322 0.860386 -0.186403
-0.183839 0.610171 -0.181422
-0.184303 0.615146 -0.181422
0.0348832 0.645631 -0.146557
-0.185695 0.630071 -0.181422
0.0307059 0.690408 -0.136595
-0.18616 0.635046 -0.181422
-0.186624 0.640022 -0.181422
-0.187088 0.644997 -0.181422
-0.18848 0.659922 -0.181422
-0.170343 0.571282 -0.221268
0.00574883 0.587711 -0.171461
-0.189409 0.669872 -0.181422
-0.189873 0.674847 -0.181422
-0.190801 0.684798 -0.181422
-0.191265 0.689773 -0.181422
-0.191729 0.694748 -0.181422
-0.192194 0.699723 -0.181422
-0.193122 0.709673 -0.181422
-0.193586 0.714649 -0.181422
-0.194514 0.724599 -0.181422
-0.194978 0.729574 -0.181422
-0.196371 0.744499 -0.181422
-0.0104607 0.867231 -0.146557
0.0339549 0.655582 -0.136595
-0.198228 0.7644 -0.181422
-0.198692 0.769375 -0.181422
-0.199156 0.77435 -0.181422
-0.19962 0.779325 -0.181422
-0.200084 0.784301 -0.181422
-0.201012 0.794251 -0.181422
-0.201477 0.799226 -0.181422
-0.201941 0.804201 -0.181422
-0.202405 0.809176 -0.181422
-0.0333826 0.58406 -0.171461
-0.203333 0.819126 -0.181422
-0.204261 0.829077 -0.181422
-0.186552 0.850803 -0.151538
0.0195663 0.809811 -0.156518
-0.204726 0.834052 -0.181422
-0.20519 0.839027 -0.181422
-0.205654 0.844002 -0.181422
-0.180126 0.57037 -0.176441
-0.18059 0.575345 -0.176441
-0.181982 0.59027 -0.176441
-0.182446 0.595245 -0.176441
-0.182911 0.60022 -0.176441
-0.183375 0.605196 -0.176441
-0.0838322 0.860386 -0.191383
-0.195907 0.739524 -0.181422
-0.183839 0.610171 -0.176441
-0.184303 0.615146 -0.176441
0.0307059 0.690408 -0.131615
-0.18616 0.635046 -0.176441
-0.187088 0.644997 -0.176441
-0.187552 0.649972 -0.176441
-0.191444 0.850346 -0.176441
-0.116537 0.576302 -0.161499
-0.188016 0.654947 -0.176441
-0.188945 0.664897 -0.176441
-0.170343 0.571282 -0.216287
-0.189409 0.669872 -0.176441
-0.190337 0.679823 -0.176441
-0.192658 0.704698 -0.176441
-0.193122 0.709673 -0.176441
-0.193586 0.714649 -0.176441
-0.19405 0.719624 -0.176441
-0.194978 0.729574 -0.176441
-0.0104607 0.867231 -0.231229
-0.195443 0.734549 -0.176441
-0.196371 0.744499 -0.176441
0.00910501 0.869056 -0.226249
-0.184767 0.620121 -0.201345
-0.196835 0.749475 -0.176441
-0.0235998 0.584973 -0.201345
-0.185231 0.625096 -0.201345
-0.197299 0.75445 -0.176441
0.0325625 0.670507 -0.161499
0.0204946 0.799861 -0.156518
-0.197763 0.759425 -0.176441
-0.0104607 0.867231 -0.141576
0.0344191 0.650607 -0.146557
-0.198228 0.7644 -0.176441
-0.0202436 0.866318 -0.176441
-0.199156 0.77435 -0.176441
-0.19962 0.779325 -0.176441
-0.200084 0.784301 -0.176441
-0.200548 0.789276 -0.176441
-0.201012 0.794251 -0.176441
-0.202405 0.809176 -0.176441
-0.181518 0.585295 -0.176441
-0.203797 0.824102 -0.176441
-0.204261 0.829077 -0.176441
-0.204726 0.834052 -0.176441
-0.20519 0.839027 -0.176441
-0.18059 0.575345 -0.171461
-0.181054 0.58032 -0.171461
-0.181518 0.585295 -0.171461
-0.181982 0.59027 -0.171461
-0.182446 0.595245 -0.171461
-0.0349179 0.864949 -0.156518
-0.182911 0.60022 -0.171461
-0.183375 0.605196 -0.171461
-0.184303 0.615146 -0.171461
-0.196835 0.749475 -0.181422
-0.184767 0.620121 -0.171461
-0.0235998 0.584973 -0.181422
-0.101863 0.577671 -0.151538
-0.197299 0.75445 -0.181422
-0.185231 0.625096 -0.171461
-0.18616 0.635046 -0.171461
-0.186624 0.640022 -0.171461
-0.187552 0.649972 -0.171461
-0.191444 0.850346 -0.171461
0.0106403 0.588167 -0.196364
-0.188016 0.654947 -0.171461
-0.18848 0.659922 -0.171461
-0.188945 0.664897 -0.171461
-0.189873 0.674847 -0.171461
-0.0447008 0.864037 -0.131615
-0.190801 0.684798 -0.171461
-0.191265 0.689773 -0.171461
-0.191729 0.694748 -0.171461
0.0177097 0.829712 -0.131615
-0.192194 0.699723 -0.171461
-0.192658 0.704698 -0.171461
-0.00892547 0.586342 -0.221268
-0.193586 0.714649 -0.171461
-0.194514 0.724599 -0.171461
-0.195907 0.739524 -0.171461
0.0232795 0.77001 -0.196364
-0.184767 0.620121 -0.206326
-0.196835 0.749475 -0.171461
-0.185231 0.625096 -0.206326
-0.197299 0.75445 -0.171461
-0.0202436 0.866318 -0.181422
-0.199156 0.77435 -0.171461
-0.19962 0.779325 -0.171461
-0.200084 0.784301 -0.171461
-0.200548 0.789276 -0.171461
-0.201012 0.794251 -0.171461
-0.201477 0.799226 -0.171461
-0.0495922 0.86358 -0.141576
-0.202869 0.814151 -0.171461
-0.204261 0.829077 -0.171461
-0.186552 0.850803 -0.141576
-0.204726 0.834052 -0.171461
-0.20519 0.839027 -0.171461
-0.205654 0.844002 -0.171461
0.0246719 0.755085 -0.131615
-0.206118 0.848977 -0.171461
-0.180126 0.57037 -0.16648
-0.181054 0.58032 -0.16648
-0.181518 0.585295 -0.16648
-0.181982 0.59027 -0.16648
-0.182446 0.595245 -0.16648
-0.0349179 0.864949 -0.171461
-0.182911 0.60022 -0.16648
-0.184303 0.615146 -0.16648
0.0232795 0.77001 -0.171461
-0.184767 0.620121 -0.16648
-0.185695 0.630071 -0.16648
0.0307059 0.690408 -0.146557
-0.18616 0.635046 -0.16648
-0.187088 0.644997 -0.16648
-0.16056 0.572195 -0.181422
-0.187552 0.649972 -0.16648
-0.18848 0.659922 -0.16648
-0.127855 0.856279 -0.171461
-0.188945 0.664897 -0.16648
-0.170343 0.571282 -0.211306
0.00574883 0.587711 -0.161499
-0.189409 0.669872 -0.16648
-0.189873 0.674847 -0.16648
-0.190337 0.679823 -0.16648
-0.190801 0.684798 -0.16648
-0.191265 0.689773 -0.16648
-0.192194 0.699723 -0.16648
-0.193122 0.709673 -0.16648
-0.0104607 0.867231 -0.221268
-0.195443 0.734549 -0.16648
-0.185231 0.625096 -0.191383
-0.197299 0.75445 -0.16648
0.0325625 0.670507 -0.176441
-0.197763 0.759425 -0.16648
-0.198692 0.769375 -0.16648
-0.199156 0.77435 -0.16648
-0.19962 0.779325 -0.16648
-0.200548 0.789276 -0.16648
-0.201012 0.794251 -0.16648
-0.201477 0.799226 -0.16648
-0.201941 0.804201 -0.16648
-0.202869 0.814151 -0.16648
0.0358115 0.635681 -0.136595
-0.0333826 0.58406 -0.161499
-0.203333 0.819126 -0.16648
-0.203797 0.824102 -0.16648
-0.204261 0.829077 -0.16648
-0.186552 0.850803 -0.136595
-0.204726 0.834052 -0.16648
-0.20519 0.839027 -0.16648
-0.205654 0.844002 -0.16648
-0.180126 0.57037 -0.161499
-0.18059 0.575345 -0.161499
-0.181518 0.585295 -0.161499
-0.181982 0.59027 -0.161499
-0.182446 0.595245 -0.161499
-0.0349179 0.864949 -0.151538
-0.182911 0.60022 -0.161499
-0.183375 0.605196 -0.161499
-0.0838322 0.860386 -0.201345
-0.195907 0.739524 -0.16648
-0.183839 0.610171 -0.161499
-0.184303 0.615146 -0.161499
-0.185695 0.630071 -0.161499
0.0307059 0.690408 -0.141576
-0.18616 0.635046 -0.161499
-0.186624 0.640022 -0.161499
-0.188945 0.664897 -0.161499
-0.170343 0.571282 -0.206326
0.00574883 0.587711 -0.156518
-0.189409 0.669872 -0.161499
-0.189873 0.674847 -0.161499
-0.190337 0.679823 -0.161499
-0.191265 0.689773 -0.161499
-0.192194 0.699723 -0.161499
-0.192658 0.704698 -0.161499
-0.193586 0.714649 -0.161499
-0.19405 0.719624 -0.161499
-0.194514 0.724599 -0.161499
0.0209587 0.794886 -0.231229
-0.0920798 0.578584 -0.211306
-0.194978 0.729574 -0.161499
-0.0104607 0.867231 -0.226249
-0.195443 0.734549 -0.161499
-0.196371 0.744499 -0.161499
0.00910501 0.869056 -0.211306
-0.196835 0.749475 -0.161499
-0.0104607 0.867231 -0.156518
-0.198228 0.7644 -0.161499
-0.19962 0.779325 -0.161499
-0.201012 0.794251 -0.161499
-0.201477 0.799226 -0.161499
-0.201941 0.804201 -0.161499
-0.202405 0.809176 -0.161499
-0.0333826 0.58406 -0.156518
-0.203333 0.819126 -0.161499
-0.204261 0.829077 -0.161499
-0.186552 0.850803 -0.131615
-0.204726 0.834052 -0.161499
-0.20519 0.839027 -0.161499
-0.205654 0.844002 -0.161499
-0.206118 0.848977 -0.161499
-0.18059 0.575345 -0.156518
-0.181054 0.58032 -0.156518
-0.203797 0.824102 -0.196364
-0.181518 0.585295 -0.156518
-0.0349179 0.864949 -0.226249
-0.181982 0.59027 -0.156518
-0.182446 0.595245 -0.156518
-0.182911 0.60022 -0.156518
0.0232795 0.77001 -0.151538
-0.184303 0.615146 -0.156518
-0.185695 0.630071 -0.156518
-0.186624 0.640022 -0.156518
-0.187088 0.644997 -0.156518
0.0106403 0.588167 -0.171461
-0.18848 0.659922 -0.156518
-0.188945 0.664897 -0.156518
-0.170343 0.571282 -0.151538
-0.189409 0.669872 -0.156518
-0.190337 0.679823 -0.156518
-0.190801 0.684798 -0.156518
0.0269927 0.730209 -0.201345
-0.191729 0.694748 -0.156518
-0.192658 0.704698 -0.156518
-0.193122 0.709673 -0.156518
-0.193586 0.714649 -0.156518
-0.0920798 0.578584 -0.206326
-0.194978 0.729574 -0.156518
-0.195443 0.734549 -0.156518
-0.183839 0.610171 -0.196364
-0.195907 0.739524 -0.156518
0.0228153 0.774985 -0.181422
-0.101863 0.577671 -0.131615
-0.197299 0.75445 -0.156518
-0.197763 0.759425 -0.156518
-0.198692 0.769375 -0.156518
-0.0202436 0.866318 -0.191383
-0.199156 0.77435 -0.156518
-0.19962 0.779325 -0.156518
-0.187088 0.644997 -0.201345
-0.200084 0.784301 -0.156518
-0.200548 0.789276 -0.156518
-0.201941 0.804201 -0.156518
-0.202405 0.809176 -0.156518
-0.205654 0.844002 -0.156518
0.000857397 0.587254 -0.136595
-0.206118 0.848977 -0.156518
-0.18059 0.575345 -0.151538
-0.181518 0.585295 -0.151538
-0.181982 0.59027 -0.151538
-0.152312 0.853997 -0.161499
-0.182446 0.595245 -0.151538
-0.182911 0.60022 -0.151538
-0.184767 0.620121 -0.151538
0.00421358 0.8686 -0.16648
-0.185695 0.630071 -0.151538
-0.18616 0.635046 -0.151538
-0.186624 0.640022 -0.151538
-0.191444 0.850346 -0.151538
-0.188016 0.654947 -0.151538
-0.116537 0.576302 -0.191383
0.0106403 0.588167 -0.161499
-0.18848 0.659922 -0.151538
-0.188945 0.664897 -0.151538
-0.136103 0.574477 -0.201345
-0.189409 0.669872 -0.151538
-0.192194 0.699723 -0.151538
-0.192658 0.704698 -0.151538
-0.193122 0.709673 -0.151538
-0.19405 0.719624 -0.151538
-0.194514 0.724599 -0.151538
0.0209587 0.794886 -0.221268
-0.194978 0.729574 -0.151538
-0.0104607 0.867231 -0.206326
-0.195443 0.734549 -0.151538
-0.0920798 0.578584 -0.171461
-0.196371 0.744499 -0.151538
-0.165451 0.571739 -0.221268
-0.197763 0.759425 -0.151538
0.0344191 0.650607 -0.171461
-0.198228 0.7644 -0.151538
-0.198692 0.769375 -0.151538
-0.0202436 0.866318 -0.201345
-0.199156 0.77435 -0.151538
-0.19962 0.779325 -0.151538
-0.200084 0.784301 -0.151538
-0.200548 0.789276 -0.151538
-0.201012 0.794251 -0.151538
-0.201477 0.799226 -0.151538
-0.201941 0.804201 -0.151538
-0.202405 0.809176 -0.151538
-0.0495922 0.86358 -0.171461
-0.202869 0.814151 -0.151538
0.0358115 0.635681 -0.151538
-0.203333 0.819126 -0.151538
-0.186552 0.850803 -0.171461
-0.204726 0.834052 -0.151538
-0.20519 0.839027 -0.151538
0.000857397 0.587254 -0.151538
-0.206118 0.848977 -0.151538
-0.180126 0.57037 -0.146557
-0.18059 0.575345 -0.146557
-0.181054 0.58032 -0.146557
-0.181518 0.585295 -0.146557
-0.182911 0.60022 -0.146557
-0.183375 0.605196 -0.146557
0.0320983 0.675482 -0.201345
-0.183839 0.610171 -0.146557
-0.184303 0.615146 -0.146557
0.00421358 0.8686 -0.161499
0.0228153 0.774985 -0.141576
-0.185695 0.630071 -0.146557
-0.186624 0.640022 -0.146557
-0.191444 0.850346 -0.146557
-0.16056 0.572195 -0.196364
-0.188016 0.654947 -0.146557
-0.170343 0.571282 -0.136595
-0.189409 0.669872 -0.146557
-0.189873 0.674847 -0.146557
-0.190801 0.684798 -0.146557
0.0177097 0.829712 -0.141576
-0.191265 0.689773 -0.146557
-0.191729 0.694748 -0.146557
-0.192194 0.699723 -0.146557
-0.192658 0.704698 -0.146557
-0.193586 0.714649 -0.146557
-0.19405 0.719624 -0.146557
0.0330266 0.665532 -0.131615
-0.00892547 0.586342 -0.201345
-0.194514 0.724599 -0.146557
0.0209587 0.794886 -0.216287
-0.0920798 0.578584 -0.221268
-0.194978 0.729574 -0.146557
-0.0838322 0.860386 -0.131615
-0.195907 0.739524 -0.146557
0.0209587 0.794886 -0.171461
-0.0920798 0.578584 -0.176441
-0.196371 0.744499 -0.146557
0.00910501 0.869056 -0.221268
-0.184767 0.620121 -0.181422
-0.196835 0.749475 -0.146557
0.0228153 0.774985 -0.186403
-0.101863 0.577671 -0.141576
-0.185231 0.625096 -0.181422
-0.197299 0.75445 -0.146557
-0.198692 0.769375 -0.146557
-0.199156 0.77435 -0.146557
-0.19962 0.779325 -0.146557
-0.187088 0.644997 -0.186403
-0.200084 0.784301 -0.146557
-0.200548 0.789276 -0.146557
-0.201477 0.799226 -0.146557
-0.202405 0.809176 -0.146557
-0.202869 0.814151 -0.146557
-0.203333 0.819126 -0.146557
-0.203797 0.824102 -0.146557
-0.204261 0.829077 -0.146557
-0.204726 0.834052 -0.146557
-0.20519 0.839027 -0.146557
-0.181518 0.585295 -0.141576
0.0358115 0.635681 -0.201345
-0.181982 0.59027 -0.141576
-0.182911 0.60022 -0.141576
0.0358115 0.635681 -0.171461
-0.183375 0.605196 -0.141576
-0.183839 0.610171 -0.141576
0.00910501 0.869056 -0.191383
-0.184767 0.620121 -0.141576
-0.186624 0.640022 -0.141576
-0.187552 0.649972 -0.141576
-0.191444 0.850346 -0.141576
-0.188016 0.654947 -0.141576
-0.170343 0.571282 -0.131615
-0.189409 0.669872 -0.141576
-0.189873 0.674847 -0.141576
0.0177097 0.829712 -0.146557
-0.191265 0.689773 -0.141576
-0.192194 0.699723 -0.141576
-0.192658 0.704698 -0.141576
-0.193122 0.709673 -0.141576
0.0209587 0.794886 -0.176441
-0.196371 0.744499 -0.141576
0.0228153 0.774985 -0.16648
-0.101863 0.577671 -0.146557
-0.197299 0.75445 -0.141576
0.0204946 0.799861 -0.16648
-0.197763 0.759425 -0.141576
-0.198228 0.7644 -0.141576
-0.198692 0.769375 -0.141576
-0.199156 0.77435 -0.141576
-0.19962 0.779325 -0.141576
-0.187088 0.644997 -0.191383
-0.200084 0.784301 -0.141576
-0.200548 0.789276 -0.141576
-0.201477 0.799226 -0.141576
0.037204 0.620756 -0.146557
-0.201941 0.804201 -0.141576
-0.202405 0.809176 -0.141576
0.0358115 0.635681 -0.141576
-0.203333 0.819126 -0.141576
-0.204261 0.829077 -0.141576
-0.204726 0.834052 -0.141576
-0.20519 0.839027 -0.141576
-0.205654 0.844002 -0.141576
-0.180126 0.57037 -0.136595
-0.113181 0.857648 -0.221268
-0.18059 0.575345 -0.136595
-0.181518 0.585295 -0.136595
-0.152312 0.853997 -0.141576
-0.182446 0.595245 -0.136595
-0.182911 0.60022 -0.136595
-0.183375 0.605196 -0.136595
-0.184303 0.615146 -0.136595
-0.184767 0.620121 -0.136595
-0.101863 0.577671 -0.186403
-0.185231 0.625096 -0.136595
-0.185695 0.630071 -0.136595
-0.18616 0.635046 -0.136595
-0.186624 0.640022 -0.136595
-0.187088 0.644997 -0.136595
-0.187552 0.649972 -0.136595
-0.191444 0.850346 -0.136595
-0.16056 0.572195 -0.231229
-0.188016 0.654947 -0.136595
-0.188945 0.664897 -0.136595
-0.136103 0.574477 -0.186403
-0.189409 0.669872 -0.136595
-0.189873 0.674847 -0.136595
-0.190337 0.679823 -0.136595
-0.190801 0.684798 -0.136595
-0.191265 0.689773 -0.136595
-0.193122 0.709673 -0.136595
-0.19405 0.719624 -0.136595
-0.00892547 0.586342 -0.196364
-0.194514 0.724599 -0.136595
-0.195443 0.734549 -0.136595
-0.0920798 0.578584 -0.156518
-0.196371 0.744499 -0.136595
-0.0104607 0.867231 -0.131615
0.0344191 0.650607 -0.156518
-0.198228 0.7644 -0.136595
-0.198692 0.769375 -0.136595
-0.199156 0.77435 -0.136595
-0.19962 0.779325 -0.136595
-0.200084 0.784301 -0.136595
-0.200548 0.789276 -0.136595
-0.108289 0.858104 -0.141576
-0.201012 0.794251 -0.136595
-0.201477 0.799226 -0.136595
-0.202405 0.809176 -0.136595
-0.203333 0.819126 -0.136595
-0.203797 0.824102 -0.136595
-0.204726 0.834052 -0.136595
-0.20519 0.839027 -0.136595
-0.205654 0.844002 -0.136595
-0.180126 0.57037 -0.131615
-0.113181 0.857648 -0.226249
-0.18059 0.575345 -0.131615
-0.181054 0.58032 -0.131615
-0.181518 0.585295 -0.131615
0.0358115 0.635681 -0.191383
-0.181982 0.59027 -0.131615
-0.182446 0.595245 -0.131615
-0.182911 0.60022 -0.131615
-0.183375 0.605196 -0.131615
-0.183839 0.610171 -0.131615
-0.184303 0.615146 -0.131615
-0.184767 0.620121 -0.131615
0.00910501 0.869056 -0.156518
-0.185231 0.625096 -0.131615
-0.186624 0.640022 -0.131615
-0.187552 0.649972 -0.131615
-0.191444 0.850346 -0.131615
-0.188016 0.654947 -0.131615
0.0106403 0.588167 -0.146557
-0.12632 0.575389 -0.131615
-0.18848 0.659922 -0.131615
-0.127855 0.856279 -0.136595
-0.136103 0.574477 -0.226249
-0.189409 0.669872 -0.131615
-0.189873 0.674847 -0.131615
-0.190337 0.679823 -0.131615
-0.190801 0.684798 -0.131615
-0.191265 0.689773 -0.131615
-0.192658 0.704698 -0.131615
-0.193586 0.714649 -0.131615
-0.19405 0.719624 -0.131615
-0.194514 0.724599 -0.131615
-0.194978 0.729574 -0.131615
-0.0104607 0.867231 -0.186403
-0.195443 0.734549 -0.131615
-0.184767 0.620121 -0.156518
-0.196835 0.749475 -0.131615
-0.198228 0.7644 -0.131615
-0.0284912 0.584516 -0.176441
-0.198692 0.769375 -0.131615
-0.199156 0.77435 -0.131615
-0.200084 0.784301 -0.131615
-0.200548 0.789276 -0.131615
-0.201477 0.799226 -0.131615
0.037204 0.620756 -0.131615
-0.201941 0.804201 -0.131615
-0.202405 0.809176 -0.131615
-0.0495922 0.86358 -0.191383
-0.202869 0.814151 -0.131615
-0.181054 0.58032 -0.141576
-0.204261 0.829077 -0.131615
-0.204726 0.834052 -0.131615
0.0399889 0.590905 -0.23621
0.0167813 0.839662 -0.141576
0.0395247 0.59588 -0.23621
0.0385964 0.60583 -0.23621
0.0381323 0.610806 -0.23621
-0.00403404 0.586798 -0.191383
0.0376681 0.615781 -0.23621
0.037204 0.620756 -0.23621
0.0362757 0.630706 -0.23621
0.0358115 0.635681 -0.23621
0.0353474 0.640656 -0.23621
0.0348832 0.645631 -0.23621
0.0344191 0.650607 -0.23621
0.0334908 0.660557 -0.23621
0.0330266 0.665532 -0.23621
0.0325625 0.670507 -0.23621
-0.0838322 0.860386 -0.136595
-0.195907 0.739524 -0.151538
0.0320983 0.675482 -0.23621
0.0316342 0.680457 -0.23621
0.0302417 0.695383 -0.23621
0.027921 0.720259 -0.23621
-0.190337 0.679823 -0.151538
0.0274568 0.725234 -0.23621
0.0265285 0.735184 -0.23621
0.0251361 0.750109 -0.23621
0.0246719 0.755085 -0.23621
0.000857397 0.587254 -0.211306
0.0242078 0.76006 -0.23621
0.0223512 0.77996 -0.23621
0.0195663 0.809811 -0.23621
0.015853 0.849612 -0.23621
-0.137638 0.855366 -0.186403
0.0153889 0.854587 -0.23621
0.0376681 0.615781 -0.226249
-0.00403404 0.586798 -0.176441
0.0149247 0.859562 -0.23621
0.0350974 0.590449 -0.23621
0.0346333 0.595424 -0.23621
0.0332408 0.610349 -0.23621
0.0327767 0.615324 -0.23621
0.0323125 0.620299 -0.23621
0.0304559 0.6402 -0.23621
-0.0300265 0.865406 -0.161499
0.0295276 0.65015 -0.23621
-0.0593751 0.862668 -0.231229
0.0290635 0.655125 -0.23621
0.0285993 0.660101 -0.23621
0.0281352 0.665076 -0.23621
0.027671 0.670051 -0.23621
-0.0529484 0.582234 -0.151538
0.0272069 0.675026 -0.23621
-0.175234 0.570826 -0.151538
0.0267427 0.680001 -0.23621
0.00574883 0.587711 -0.136595
-0.189409 0.669872 -0.191383
0.0262786 0.684976 -0.23621
0.0258144 0.689951 -0.23621
0.0253503 0.694927 -0.23621
0.0248861 0.699902 -0.23621
-0.204261 0.829077 -0.226249
0.0239578 0.709852 -0.23621
-0.0544836 0.863124 -0.151538
0.0234937 0.714827 -0.23621
0.0230295 0.719802 -0.23621
0.0225654 0.724777 -0.23621
-0.193122 0.709673 -0.216287
0.0216371 0.734728 -0.23621
0.0211729 0.739703 -0.23621
0.0207088 0.744678 -0.23621
0.0202446 0.749653 -0.23621
0.0193163 0.759603 -0.23621
0.0188522 0.764578 -0.23621
0.018388 0.769554 -0.23621
-0.189873 0.674847 -0.176441
0.0179239 0.774529 -0.23621
0.0191021 0.814786 -0.216287
0.0132824 0.82428 -0.23621
-0.196835 0.749475 -0.186403
0.00910501 0.869056 -0.23621
0.030206 0.589992 -0.23621
0.0297418 0.594967 -0.23621
-0.188945 0.664897 -0.141576
0.0292777 0.599943 -0.23621
0.0283494 0.609893 -0.23621
0.0274211 0.619843 -0.23621
0.0264928 0.629793 -0.23621
0.0255645 0.639744 -0.23621
0.0149247 0.859562 -0.161499
0.0237079 0.659644 -0.23621
-0.0187083 0.585429 -0.211306
0.0232437 0.664619 -0.23621
0.000857397 0.587254 -0.146557
-0.206118 0.848977 -0.146557
0.0227796 0.669594 -0.23621
0.0223154 0.67457 -0.23621
0.0218513 0.679545 -0.23621
0.0213871 0.68452 -0.23621
0.0204588 0.69447 -0.23621
0.0186022 0.714371 -0.23621
-0.0495922 0.86358 -0.16648
-0.202869 0.814151 -0.156518
0.0176739 0.724321 -0.23621
0.0172098 0.729296 -0.23621
0.0167456 0.734271 -0.23621
-0.176769 0.851715 -0.131615
0.0158173 0.744222 -0.23621
-0.101863 0.577671 -0.161499
0.0153532 0.749197 -0.23621
-0.0936151 0.859473 -0.176441
0.014889 0.754172 -0.23621
0.0139607 0.764122 -0.23621
0.0134966 0.769097 -0.23621
0.00324957 0.77316 -0.126634
-0.138852 0.709718 -0.126634
-0.0985065 0.859017 -0.156518
-0.155668 0.572651 -0.221268
-0.0912943 0.834597 -0.126634
0.0353474 0.640656 -0.221268
0.000928817 0.798035 -0.126634
-0.0691579 0.861755 -0.161499
-0.0138169 0.585885 -0.216287
-0.195907 0.739524 -0.226249
-0.0899733 0.608891 -0.23621
-0.093865 0.809265 -0.23621
0.0155317 0.588623 -0.126634
-0.116537 0.576302 -0.156518
-0.18848 0.659922 -0.141576
-0.173985 0.821865 -0.126634
-0.0398093 0.864493 -0.196364
-0.106897 0.843179 -0.126634
0.0334908 0.660557 -0.181422
0.0141392 0.603549 -0.126634
0.0102475 0.803923 -0.126634
-0.0494494 0.597616 -0.126634
-0.0740494 0.861299 -0.176441
0.0136751 0.608524 -0.126634
0.0107117 0.798948 -0.126634
0.0122826 0.623449 -0.126634
-0.0780482 0.745501 -0.23621
0.0108902 0.638375 -0.126634
0.00746263 0.833774 -0.126634
-0.00556929 0.867687 -0.221268
-0.0725141 0.580409 -0.186403
0.00671284 0.683151 -0.126634
0.00392794 0.713002 -0.126634
-0.0480569 0.582691 -0.146557
-0.0147095 0.701226 -0.23621
-0.203797 0.824102 -0.211306
0.00299964 0.722952 -0.126634
-0.181518 0.585295 -0.181422
-0.203797 0.824102 -0.181422
0.00207134 0.732902 -0.126634
-0.0566259 0.727426 -0.23621
0.0293134 0.705333 -0.201345
-0.104148 0.707937 -0.23621
-0.00721167 0.832405 -0.126634
-0.201477 0.799226 -0.176441
-0.00860412 0.84733 -0.126634
0.0344191 0.650607 -0.161499
-0.198228 0.7644 -0.156518
-0.0104607 0.867231 -0.126634
-0.109075 0.60209 -0.126634
-0.112502 0.79749 -0.126634
0.00971196 0.598117 -0.126634
0.0062844 0.793517 -0.126634
0.00599876 0.637918 -0.126634
-0.0464146 0.617973 -0.23621
-0.0503063 0.818348 -0.23621
0.00553461 0.642893 -0.126634
-0.169343 0.772113 -0.126634
-0.16638 0.581689 -0.126634
-0.0202436 0.866318 -0.161499
0.00321386 0.667769 -0.126634
-0.0188868 0.746002 -0.126634
-0.025135 0.865862 -0.136595
0.00228556 0.677719 -0.126634
-0.107361 0.848154 -0.126634
0.0256002 0.745134 -0.191383
-3.51939e-05 0.702595 -0.126634
-0.00142764 0.71752 -0.126634
-0.00235595 0.727471 -0.126634
-0.0521629 0.838248 -0.126634
-0.0487353 0.642849 -0.126634
-0.00328425 0.737421 -0.126634
0.0283851 0.715283 -0.196364
-0.0431655 0.583147 -0.216287
-0.00421255 0.747371 -0.126634
-0.122999 0.751345 -0.23621
0.0269927 0.730209 -0.196364
-0.00514085 0.757322 -0.126634
-0.005605 0.762297 -0.126634
-0.0065333 0.772247 -0.126634
-0.204726 0.834052 -0.226249
-0.163059 0.757644 -0.126634
-0.0074616 0.782197 -0.126634
-0.104826 0.768095 -0.126634
-0.00792575 0.787172 -0.126634
0.0353474 0.640656 -0.206326
-0.00978235 0.807073 -0.126634
0.0353474 0.640656 -0.171461
-0.118608 0.651385 -0.23621
-0.122035 0.846785 -0.23621
0.0242078 0.76006 -0.211306
0.000857397 0.587254 -0.23621
-0.00210602 0.777678 -0.23621
0.00839093 0.823824 -0.126634
-0.0691579 0.861755 -0.181422
0.0325625 0.670507 -0.186403
0.00139297 0.79306 -0.126634
0.00435638 0.602636 -0.126634
0.00389223 0.607611 -0.126634
-0.109539 0.607066 -0.126634
-0.0657304 0.666355 -0.126634
0.0320983 0.675482 -0.196364
-0.0774055 0.579953 -0.23621
-0.0799048 0.765402 -0.23621
-0.00510514 0.862712 -0.126634
-0.00167757 0.667313 -0.126634
-0.00260588 0.677263 -0.126634
-0.101863 0.577671 -0.23621
0.00464202 0.758234 -0.23621
0.00949774 0.6533 -0.126634
0.00653433 0.843724 -0.126634
0.00414216 0.657819 -0.23621
0.00764114 0.673201 -0.126634
-0.00353418 0.687213 -0.126634
0.0385964 0.60583 -0.156518
-0.11768 0.641435 -0.23621
-0.120643 0.831859 -0.23621
0.0101761 0.593142 -0.126634
0.0072127 0.783566 -0.126634
-0.130462 0.725556 -0.23621
-0.203797 0.824102 -0.161499
0.0234937 0.714827 -0.126634
0.03117 0.685433 -0.221268
0.0390606 0.600855 -0.141576
-0.00678323 0.722039 -0.126634
-0.126998 0.635547 -0.23621
-0.129962 0.825972 -0.23621
-0.00863983 0.74194 -0.126634
-0.00956813 0.75189 -0.126634
-0.138638 0.654535 -0.126634
-0.142065 0.849935 -0.126634
-0.201227 0.849434 -0.171461
-0.0197794 0.861343 -0.126634
0.0149247 0.859562 -0.226249
-0.00403404 0.586798 -0.221268
-0.0480569 0.582691 -0.16648
-0.141673 0.634178 -0.23621
-0.1451 0.829578 -0.23621
-0.00239166 0.62208 -0.126634
0.0302417 0.695383 -0.126634
-0.00628337 0.822455 -0.126634
-0.00331996 0.63203 -0.126634
-0.00378411 0.637006 -0.126634
-0.203797 0.824102 -0.131615
-0.00517656 0.651931 -0.126634
-0.00813997 0.842355 -0.126634
-0.00564071 0.656906 -0.126634
-0.187552 0.649972 -0.156518
-0.0983637 0.593053 -0.23621
-0.101791 0.788452 -0.23621
-0.00767582 0.83738 -0.126634
-0.00610486 0.661881 -0.126634
-0.00999657 0.862256 -0.126634
-0.00703316 0.671832 -0.126634
-0.0734424 0.590359 -0.23621
-0.0764058 0.780784 -0.23621
0.0155317 0.588623 -0.23621
-0.00749731 0.676807 -0.126634
-0.000463635 0.812961 -0.126634
0.00296393 0.617561 -0.126634
-0.0107464 0.711633 -0.126634
-0.0116747 0.721583 -0.126634
0.0395247 0.59588 -0.216287
-0.196121 0.794707 -0.23621
-0.182911 0.60022 -0.216287
-0.1687 0.606565 -0.23621
-0.172128 0.801964 -0.23621
-0.196335 0.84989 -0.131615
-0.00396262 0.797579 -0.23621
-0.012603 0.731533 -0.126634
-0.121143 0.731444 -0.126634
-0.025135 0.865862 -0.216287
-0.0130671 0.736508 -0.126634
-0.0975782 0.849067 -0.23621
-0.10247 0.84861 -0.126634
-0.0990421 0.653211 -0.126634
-0.0139954 0.746459 -0.126634
-0.0544836 0.863124 -0.216287
-0.0149237 0.756409 -0.126634
-0.0153879 0.761384 -0.126634
0.0204946 0.799861 -0.201345
-0.0163162 0.771334 -0.126634
-0.0303121 0.709807 -0.23621
0.0177097 0.829712 -0.23621
0.0206731 0.639287 -0.23621
-0.0191011 0.801185 -0.126634
-0.0195652 0.80616 -0.126634
-0.181518 0.585295 -0.126634
-0.184946 0.780694 -0.126634
-0.015852 0.766359 -0.23621
-0.0223501 0.836011 -0.126634
0.000893107 0.692645 -0.23621
-0.0246709 0.860887 -0.126634
-0.0682653 0.746414 -0.23621
-0.00403404 0.586798 -0.126634
0.0293134 0.705333 -0.211306
-0.147921 0.754038 -0.126634
-0.112788 0.641892 -0.23621
-0.00496234 0.596748 -0.126634
-0.0083899 0.792148 -0.126634
-0.00635479 0.611674 -0.126634
-0.0242781 0.645131 -0.126634
-0.00821139 0.631574 -0.126634
0.0346333 0.595424 -0.126634
-0.00867554 0.636549 -0.126634
-0.135853 0.624684 -0.126634
-0.00960384 0.6465 -0.126634
-0.00307003 0.682238 -0.126634
-0.0144239 0.856824 -0.126634
-0.0109963 0.661425 -0.126634
-0.117858 0.802009 -0.126634
0.0278852 0.614868 -0.23621
-0.0114604 0.6664 -0.126634
-0.206118 0.848977 -0.126634
-0.186624 0.640022 -0.231229
-0.0123887 0.67635 -0.126634
-0.102755 0.693012 -0.23621
-0.013317 0.686301 -0.126634
-0.175448 0.626009 -0.23621
-0.178876 0.821408 -0.23621
-0.0352035 0.709351 -0.23621
-0.0151736 0.706201 -0.126634
-0.0161019 0.716151 -0.126634
-0.116287 0.62651 -0.23621
-0.11925 0.816934 -0.23621
-0.18616 0.635046 -0.216287
0.0104975 0.854131 -0.23621
0.0125326 0.673657 -0.23621
-0.0170302 0.726102 -0.126634
-0.0179585 0.736052 -0.126634
-0.019351 0.750977 -0.126634
0.0274568 0.725234 -0.146557
-0.0966856 0.733726 -0.126634
-0.136103 0.574477 -0.206326
-0.0198151 0.755953 -0.126634
0.00574883 0.587711 -0.186403
-0.170343 0.571282 -0.23621
-0.17377 0.766682 -0.23621
-0.0212076 0.770878 -0.126634
-0.025385 0.815654 -0.126634
-0.18848 0.659922 -0.176441
-0.143315 0.598896 -0.126634
-0.146278 0.78932 -0.126634
0.0251361 0.750109 -0.226249
-0.0267774 0.83058 -0.126634
-0.0725141 0.580409 -0.16648
0.00578454 0.693101 -0.126634
-0.116001 0.782108 -0.23621
0.0111401 0.688582 -0.23621
-0.0107821 0.606242 -0.126634
-0.16845 0.656772 -0.126634
-0.0146738 0.806617 -0.126634
-0.0112462 0.611217 -0.126634
-0.0117104 0.616192 -0.126634
-0.0594465 0.651886 -0.23621
-0.0160662 0.821542 -0.126634
-0.0126387 0.626143 -0.126634
-0.105076 0.717888 -0.126634
-0.0461646 0.668181 -0.23621
-0.0495922 0.86358 -0.23621
-0.0131028 0.631118 -0.126634
-0.018387 0.846418 -0.126634
-0.0149594 0.651018 -0.126634
-0.206118 0.848977 -0.176441
0.0246719 0.755085 -0.126634
-0.0163519 0.665944 -0.126634
-0.181982 0.59027 -0.23621
-0.18541 0.78567 -0.23621
-0.185695 0.630071 -0.171461
-0.0920084 0.789365 -0.23621
-0.116537 0.576302 -0.136595
-0.0668372 0.836879 -0.126634
-0.0664444 0.621123 -0.126634
0.0256002 0.745134 -0.211306
-0.141887 0.689361 -0.126634
-0.0182085 0.685844 -0.126634
-0.039845 0.759102 -0.126634
-0.00235595 0.727471 -0.23621
-0.0191368 0.695795 -0.126634
-0.111646 0.576758 -0.221268
-0.0196009 0.70077 -0.126634
-0.131211 0.574933 -0.191383
-0.143065 0.649104 -0.23621
-0.0200651 0.705745 -0.126634
-0.00417684 0.852762 -0.126634
-0.00121342 0.662338 -0.126634
-0.0773698 0.685343 -0.23621
-0.0382741 0.583604 -0.206326
-0.0214575 0.72067 -0.126634
-0.0219217 0.725645 -0.126634
-0.108289 0.858104 -0.131615
-0.0223858 0.730621 -0.126634
-0.155668 0.572651 -0.171461
0.00856944 0.66325 -0.23621
-0.0242424 0.750521 -0.126634
-0.00556929 0.867687 -0.131615
-0.0433083 0.849111 -0.126634
0.0260286 0.634768 -0.23621
-0.0251707 0.760471 -0.126634
-0.000677855 0.868144 -0.201345
-0.0256349 0.765446 -0.126634
-0.201227 0.849434 -0.126634
-0.108289 0.858104 -0.136595
-0.0325971 0.840074 -0.126634
0.010426 0.64335 -0.126634
-0.0121745 0.621167 -0.126634
-0.192658 0.704698 -0.206326
-0.0330613 0.845049 -0.126634
0.0320983 0.675482 -0.191383
-0.183839 0.610171 -0.136595
-0.0177086 0.78626 -0.126634
-0.0142811 0.59086 -0.126634
-0.0147452 0.595835 -0.126634
-0.0104964 0.76184 -0.23621
-0.0156735 0.605786 -0.126634
-0.187302 0.70018 -0.126634
-0.184017 0.770744 -0.126634
0.0246719 0.755085 -0.181422
-0.206118 0.848977 -0.216287
-0.0156378 0.711176 -0.126634
-0.0484497 0.798447 -0.126634
-0.0454863 0.608023 -0.126634
-0.0187083 0.585429 -0.216287
-0.00257017 0.782654 -0.126634
-0.111146 0.677174 -0.126634
0.0269927 0.730209 -0.136595
-0.190801 0.684798 -0.23621
0.0134966 0.769097 -0.126634
0.0353474 0.640656 -0.196364
-0.0918299 0.628791 -0.23621
-0.0895092 0.603916 -0.23621
-0.162095 0.853084 -0.221268
0.0144606 0.864538 -0.201345
-0.0193867 0.645587 -0.126634
0.021887 0.784935 -0.231229
-0.0676227 0.580865 -0.221268
-0.0228143 0.840986 -0.126634
-0.0198509 0.650562 -0.126634
5.15707e-07 0.807986 -0.126634
0.00342808 0.612586 -0.126634
-0.00935391 0.696707 -0.126634
-0.0894377 0.814697 -0.126634
-0.0864743 0.624273 -0.126634
-0.114145 0.762208 -0.126634
-0.201477 0.799226 -0.206326
-0.0217075 0.670463 -0.126634
-0.181518 0.585295 -0.221268
-0.103684 0.702962 -0.126634
-0.206118 0.848977 -0.16648
-0.00210602 0.777678 -0.126634
0.000857397 0.587254 -0.126634
-0.108361 0.647323 -0.126634
-0.0221716 0.675438 -0.126634
0.0246719 0.755085 -0.161499
-0.206118 0.848977 -0.211306
0.00953345 0.758691 -0.126634
-0.0676227 0.580865 -0.161499
-0.0496279 0.75819 -0.23621
0.0118899 0.839206 -0.23621
-0.0244924 0.700313 -0.126634
-0.111646 0.576758 -0.23621
-0.025135 0.865862 -0.176441
-0.0773698 0.685343 -0.126634
0.00278542 0.778135 -0.126634
-0.192658 0.704698 -0.231229
-0.0268131 0.725189 -0.126634
-0.0508061 0.717932 -0.23621
-0.000927785 0.817936 -0.126634
0.0399889 0.590905 -0.221268
-0.0277414 0.735139 -0.126634
-0.00656901 0.666856 -0.126634
-0.0725141 0.580409 -0.201345
-0.175698 0.575801 -0.23621
-0.178662 0.766225 -0.23621
0.0395247 0.59588 -0.211306
-0.0282056 0.740114 -0.126634
-0.168165 0.812371 -0.126634
-0.164737 0.616971 -0.126634
-0.0593751 0.862668 -0.196364
0.0269927 0.730209 -0.211306
-0.0770842 0.840942 -0.126634
-0.0741208 0.650517 -0.126634
-0.029598 0.75504 -0.126634
0.0344191 0.650607 -0.151538
-0.198228 0.7644 -0.146557
-0.184731 0.725512 -0.126634
-0.0309905 0.769965 -0.126634
-0.0740494 0.861299 -0.181422
-0.154704 0.668092 -0.126634
-0.199156 0.77435 -0.221268
-0.149099 0.713781 -0.126634
0.00528468 0.592686 -0.126634
-0.179876 0.620577 -0.23621
-0.182839 0.811002 -0.23621
0.0204231 0.58908 -0.196364
-0.175234 0.570826 -0.141576
0.0102118 0.698533 -0.23621
-0.0337754 0.799816 -0.126634
-0.0360961 0.824692 -0.126634
-0.188659 0.820496 -0.23621
-0.0216718 0.775853 -0.126634
-0.0187083 0.585429 -0.126634
-0.0221359 0.780828 -0.126634
-0.0191725 0.590404 -0.126634
-0.0230642 0.790779 -0.126634
-0.0196366 0.595379 -0.126634
-0.0210291 0.610305 -0.126634
-0.0244567 0.805704 -0.126634
-0.0214932 0.61528 -0.126634
-0.0258491 0.820629 -0.126634
-0.0228857 0.630205 -0.126634
-0.0233498 0.63518 -0.126634
0.00624869 0.688126 -0.126634
-0.183839 0.610171 -0.206326
-0.195907 0.739524 -0.176441
-0.0277057 0.84053 -0.126634
-0.0247423 0.650106 -0.126634
-0.0290982 0.855455 -0.126634
-0.0256706 0.660056 -0.126634
0.0204946 0.799861 -0.136595
-0.197763 0.759425 -0.181422
-0.0295623 0.86043 -0.126634
-0.0261347 0.665031 -0.126634
-0.0275272 0.679956 -0.126634
0.0172455 0.834687 -0.196364
-0.0303121 0.709807 -0.126634
-0.145886 0.573564 -0.211306
-0.0739066 0.595335 -0.23621
-0.0773341 0.790734 -0.23621
-0.0321687 0.729708 -0.126634
-0.203797 0.824102 -0.141576
-0.0326329 0.734683 -0.126634
-0.152384 0.643216 -0.23621
-0.0431655 0.583147 -0.23621
-0.0465931 0.778547 -0.23621
-0.0344895 0.754584 -0.126634
-0.200084 0.784301 -0.206326
-0.0349536 0.759559 -0.126634
-0.0838322 0.860386 -0.146557
-0.195907 0.739524 -0.136595
-0.080369 0.770377 -0.126634
0.00249978 0.622537 -0.126634
-0.181054 0.58032 -0.211306
-0.170521 0.731856 -0.23621
0.0163172 0.844637 -0.136595
-0.140994 0.57402 -0.23621
-0.0405234 0.81926 -0.23621
-0.0395951 0.80931 -0.126634
0.0334908 0.660557 -0.221268
-0.067587 0.686256 -0.126634
0.000393247 0.592229 -0.23621
-0.100149 0.823735 -0.126634
-0.0971855 0.63331 -0.126634
-0.100613 0.82871 -0.126634
-0.0976496 0.638285 -0.126634
-0.0428442 0.844136 -0.126634
0.0204231 0.58908 -0.211306
-0.175234 0.570826 -0.136595
-0.0437725 0.854086 -0.126634
-0.00985377 0.596292 -0.126634
-0.0274915 0.785347 -0.126634
-0.0240639 0.589948 -0.126634
0.0381323 0.610806 -0.216287
-0.111646 0.576758 -0.196364
-0.0522343 0.627467 -0.23621
-0.027313 0.624774 -0.126634
-0.0312047 0.825148 -0.126634
-0.0287054 0.639699 -0.126634
0.0399889 0.590905 -0.206326
-0.00724738 0.727014 -0.23621
-0.196371 0.744499 -0.216287
-0.030562 0.6596 -0.126634
-0.062874 0.847286 -0.126634
-0.0349179 0.864949 -0.126634
-0.0314903 0.66955 -0.126634
-0.0887594 0.754539 -0.126634
-0.0319545 0.674525 -0.126634
-0.0324186 0.6795 -0.126634
-0.038881 0.854543 -0.126634
-0.180554 0.680735 -0.126634
-0.129533 0.715606 -0.126634
-0.0333469 0.68945 -0.126634
-0.176769 0.851715 -0.196364
-0.000285124 0.652387 -0.126634
-0.0342752 0.699401 -0.126634
-0.0347394 0.704376 -0.126634
-0.0726569 0.846373 -0.126634
-0.0361318 0.719301 -0.126634
0.0118542 0.733815 -0.23621
-0.162095 0.853084 -0.231229
-0.0298122 0.810223 -0.126634
-0.0725141 0.580409 -0.131615
-0.0384526 0.744177 -0.126634
-0.00232024 0.832861 -0.126634
-0.0389167 0.749152 -0.126634
-0.150777 0.573108 -0.201345
-0.169379 0.666723 -0.126634
-0.0393809 0.754127 -0.126634
0.0302417 0.695383 -0.141576
-0.133282 0.650016 -0.126634
-0.13671 0.845416 -0.126634
-0.189123 0.825471 -0.126634
0.0376681 0.615781 -0.231229
-0.00403404 0.586798 -0.186403
-0.0480569 0.582691 -0.156518
-0.0403092 0.764077 -0.126634
0.0181381 0.719346 -0.23621
-0.0822613 0.684887 -0.126634
0.00203563 0.627512 -0.126634
-0.0766558 0.730576 -0.126634
-0.0407733 0.769053 -0.126634
0.0325625 0.670507 -0.126634
-0.0656947 0.771746 -0.126634
-0.0627312 0.581322 -0.126634
0.0204946 0.799861 -0.146557
-0.165451 0.571739 -0.23621
-0.0223858 0.730621 -0.23621
-0.10297 0.748195 -0.126634
0.0099976 0.753715 -0.23621
-0.0575899 0.631986 -0.126634
-0.192194 0.699723 -0.201345
-0.0444865 0.808854 -0.126634
-0.0449507 0.813829 -0.126634
-0.197763 0.759425 -0.196364
-0.00681894 0.616649 -0.126634
-0.0468073 0.833729 -0.126634
-0.0486639 0.85363 -0.126634
-0.181054 0.58032 -0.176441
-0.049128 0.858605 -0.126634
-0.0843678 0.65458 -0.126634
-0.0319188 0.779916 -0.126634
-0.0289554 0.589491 -0.126634
-0.0347037 0.809766 -0.126634
-0.0312761 0.614367 -0.126634
0.0367398 0.625731 -0.191383
-0.130961 0.625141 -0.23621
-0.0349179 0.864949 -0.186403
-0.129283 0.765814 -0.23621
-0.0365603 0.829667 -0.126634
-0.0331327 0.634268 -0.126634
0.0251361 0.750109 -0.176441
-0.100185 0.718344 -0.126634
-0.0544836 0.863124 -0.221268
-0.0335969 0.639243 -0.126634
-0.0384169 0.849568 -0.126634
-0.0349893 0.654168 -0.126634
0.0130324 0.774072 -0.23621
-0.0368459 0.674069 -0.126634
-0.183375 0.605196 -0.211306
-0.140459 0.779826 -0.126634
-0.201477 0.799226 -0.201345
-0.0892235 0.759514 -0.23621
-0.093151 0.854498 -0.23621
0.0362757 0.630706 -0.131615
-0.0387025 0.693969 -0.126634
-0.0447008 0.864037 -0.181422
-0.190337 0.679823 -0.221268
-0.148671 0.603415 -0.126634
0.0204946 0.799861 -0.23621
0.0239221 0.604461 -0.23621
-0.0396308 0.703919 -0.126634
0.0297776 0.700358 -0.16648
-0.0410233 0.718845 -0.126634
-0.177519 0.701092 -0.23621
-0.0414874 0.72382 -0.126634
-0.0752276 0.821041 -0.126634
-0.0419516 0.728795 -0.126634
-0.0424157 0.73377 -0.126634
-0.116501 0.681693 -0.126634
-0.145886 0.573564 -0.176441
-0.0428799 0.738745 -0.126634
-0.126784 0.580364 -0.126634
-0.130212 0.775764 -0.126634
-0.175913 0.630984 -0.126634
-0.18009 0.67576 -0.23621
-0.0442723 0.753671 -0.126634
-0.162845 0.702461 -0.126634
-0.0187083 0.585429 -0.171461
-0.12532 0.77622 -0.126634
-0.0452006 0.763621 -0.126634
-0.0456648 0.768596 -0.126634
-0.049378 0.808397 -0.126634
-0.0018918 0.722496 -0.126634
0.03117 0.685433 -0.161499
-0.13089 0.835922 -0.23621
-0.0530912 0.848198 -0.126634
-0.0377385 0.78941 -0.126634
-0.0343109 0.59401 -0.126634
-0.0806189 0.720169 -0.23621
-0.012353 0.781741 -0.126634
-0.00892547 0.586342 -0.126634
-0.0386668 0.79936 -0.126634
-0.0357034 0.608936 -0.126634
-0.201941 0.804201 -0.176441
-0.179376 0.720993 -0.23621
-0.0361675 0.613911 -0.126634
-0.0419159 0.834186 -0.126634
-0.0384883 0.638786 -0.126634
-0.160988 0.682561 -0.126634
0.0293134 0.705333 -0.131615
-0.00631908 0.717064 -0.126634
-0.040809 0.663662 -0.126634
0.0153175 0.643806 -0.23621
-0.0300265 0.865406 -0.176441
0.0144249 0.759147 -0.23621
-0.0412732 0.668637 -0.126634
-0.191729 0.694748 -0.141576
-0.0240282 0.695338 -0.126634
0.0148533 0.648781 -0.23621
0.0358115 0.635681 -0.156518
0.00924781 0.603092 -0.126634
0.00582025 0.798492 -0.126634
0.0204946 0.799861 -0.181422
-0.0422015 0.678587 -0.126634
-0.18591 0.685254 -0.23621
-0.187088 0.644997 -0.216287
-0.200084 0.784301 -0.211306
-0.158168 0.7581 -0.23621
-0.0627312 0.581322 -0.201345
0.00831951 0.613043 -0.126634
-0.0426656 0.683563 -0.126634
-0.191265 0.689773 -0.156518
-0.0756917 0.826016 -0.126634
0.0362757 0.630706 -0.126634
-0.0435939 0.693513 -0.126634
-0.0440581 0.698488 -0.126634
-0.188659 0.820496 -0.126634
-0.0529484 0.582234 -0.176441
-0.0377742 0.684019 -0.126634
-0.191444 0.850346 -0.206326
-0.188016 0.654947 -0.206326
-0.157954 0.702918 -0.126634
-0.0454505 0.713413 -0.126634
-0.102041 0.738244 -0.126634
-0.0300265 0.865406 -0.221268
-0.046843 0.728339 -0.126634
0.0265285 0.735184 -0.231229
0.0132109 0.613499 -0.126634
0.0111758 0.793973 -0.126634
-0.194978 0.729574 -0.136595
-0.092544 0.583559 -0.23621
-0.181661 0.851259 -0.156518
-0.0473072 0.733314 -0.126634
-0.176163 0.580776 -0.23621
0.00439209 0.708027 -0.126634
-0.0477713 0.738289 -0.126634
-0.137638 0.855366 -0.181422
-0.0480569 0.582691 -0.211306
0.00489195 0.808442 -0.126634
-0.0486996 0.748239 -0.126634
-0.147242 0.69388 -0.126634
0.010676 0.693558 -0.23621
-0.0500921 0.763165 -0.126634
-0.0442366 0.859061 -0.126634
-0.0565902 0.832817 -0.126634
-0.165916 0.576714 -0.23621
-0.169807 0.777088 -0.23621
-0.00403404 0.586798 -0.216287
-0.153276 0.758557 -0.126634
0.00507046 0.647869 -0.126634
0.0016429 0.843268 -0.126634
-0.025135 0.865862 -0.181422
0.0163172 0.844637 -0.171461
-0.0570543 0.837792 -0.126634
-0.18616 0.635046 -0.206326
-0.153526 0.708349 -0.23621
0.0195663 0.809811 -0.146557
-0.0415231 0.618429 -0.126634
-0.045879 0.823779 -0.126634
-0.0429156 0.633355 -0.126634
-0.130033 0.61519 -0.126634
-0.133925 0.815565 -0.126634
-0.163738 0.817802 -0.23621
-0.0463431 0.828754 -0.126634
-0.0433797 0.63833 -0.126634
-0.147421 0.854453 -0.146557
-0.0845463 0.815153 -0.126634
-0.161952 0.58712 -0.23621
-0.164202 0.822777 -0.23621
-0.191444 0.850346 -0.161499
-0.16056 0.572195 -0.206326
-0.188016 0.654947 -0.161499
-0.0472714 0.838705 -0.126634
-0.0438439 0.643305 -0.126634
-0.0477356 0.84368 -0.126634
-0.044308 0.64828 -0.126634
-0.0302764 0.815198 -0.126634
-0.0481997 0.848655 -0.126634
-0.0447722 0.653255 -0.126634
-0.206118 0.848977 -0.201345
-0.16513 0.832727 -0.126634
-0.0457005 0.663206 -0.126634
-0.202869 0.814151 -0.186403
-0.0495922 0.86358 -0.126634
-0.0461646 0.668181 -0.126634
-0.200084 0.784301 -0.201345
-0.0470929 0.678131 -0.126634
-0.182446 0.595245 -0.206326
-0.0475571 0.683106 -0.126634
-0.012603 0.731533 -0.23621
-0.183375 0.605196 -0.201345
-0.0489495 0.698032 -0.126634
0.0344191 0.650607 -0.231229
-0.195443 0.734549 -0.181422
0.00514188 0.85865 -0.23621
-0.0498778 0.707982 -0.126634
-0.053591 0.747783 -0.126634
-0.0540552 0.752758 -0.126634
0.0246719 0.755085 -0.201345
0.0227796 0.669594 -0.126634
-0.0974354 0.583103 -0.23621
-0.100863 0.778502 -0.23621
-0.137638 0.855366 -0.176441
0.0153889 0.854587 -0.221268
0.0237079 0.659644 -0.126634
-0.141922 0.583971 -0.23621
-0.14535 0.77937 -0.23621
-0.0573042 0.787584 -0.126634
-0.0577684 0.792559 -0.126634
-0.00403404 0.586798 -0.156518
-0.113252 0.646867 -0.23621
-0.116216 0.837291 -0.23621
-0.059625 0.81246 -0.126634
-0.0978996 0.588078 -0.23621
-0.101327 0.783477 -0.23621
-0.0610174 0.827385 -0.126634
-0.0619457 0.837336 -0.126634
-0.0193153 0.856368 -0.126634
-0.0172802 0.675894 -0.126634
-0.0209934 0.715695 -0.126634
-0.0465931 0.778547 -0.126634
-0.0431655 0.583147 -0.126634
-0.186624 0.640022 -0.216287
-0.044558 0.598073 -0.126634
-0.106968 0.632398 -0.23621
-0.133032 0.700224 -0.23621
-0.0473429 0.627923 -0.126634
-0.0507704 0.823323 -0.126634
-0.0482712 0.637874 -0.126634
-0.0535553 0.853174 -0.126634
-0.0505919 0.662749 -0.126634
-0.162167 0.642303 -0.126634
-0.181054 0.58032 -0.206326
-0.0510561 0.667724 -0.126634
0.00435638 0.602636 -0.23621
0.00139297 0.79306 -0.23621
-0.116537 0.576302 -0.146557
-0.0543051 0.70255 -0.126634
0.0246719 0.755085 -0.141576
-0.206118 0.848977 -0.186403
-0.0470572 0.783522 -0.126634
-0.0436297 0.588122 -0.126634
-0.0552334 0.712501 -0.126634
-0.049128 0.858605 -0.23621
-0.0556976 0.717476 -0.126634
-0.131211 0.574933 -0.206326
-0.0759774 0.670418 -0.23621
-0.0380241 0.633811 -0.23621
-0.0414517 0.829211 -0.23621
-0.0566259 0.727426 -0.126634
0.0183523 0.664163 -0.23621
-0.11693 0.792058 -0.23621
-0.0409876 0.824235 -0.23621
-0.0584825 0.747327 -0.126634
0.037204 0.620756 -0.16648
-0.201941 0.804201 -0.216287
-0.0382384 0.688994 -0.126634
-0.193336 0.764856 -0.23621
-0.115787 0.726925 -0.23621
0.0381323 0.610806 -0.171461
-0.0796906 0.710219 -0.23621
-0.0747634 0.816066 -0.126634
-0.0142453 0.696251 -0.126634
0.030206 0.589992 -0.196364
-0.0608032 0.772202 -0.126634
-0.0635881 0.802053 -0.126634
-0.0495922 0.86358 -0.181422
-0.187766 0.705155 -0.126634
-0.0307762 0.714782 -0.126634
-0.0645164 0.812003 -0.126634
-0.113716 0.651842 -0.23621
-0.115752 0.832316 -0.23621
0.0353474 0.640656 -0.16648
-0.0691579 0.861755 -0.126634
-0.185231 0.625096 -0.176441
-0.197299 0.75445 -0.151538
-0.0787266 0.805659 -0.126634
-0.0489852 0.592641 -0.126634
-0.0398093 0.864493 -0.231229
-0.166808 0.692055 -0.23621
-0.051306 0.617517 -0.126634
-0.0554476 0.767684 -0.126634
-0.0985065 0.859017 -0.176441
-0.155668 0.572651 -0.23621
-0.15956 0.773026 -0.23621
-0.0517701 0.622492 -0.126634
0.0381323 0.610806 -0.196364
-0.111646 0.576758 -0.191383
-0.0298122 0.810223 -0.23621
0.0399889 0.590905 -0.186403
-0.11668 0.842266 -0.23621
-0.0531626 0.637417 -0.126634
-0.201941 0.804201 -0.146557
-0.0536267 0.642392 -0.126634
-0.0860102 0.619298 -0.126634
-0.0521986 0.732858 -0.126634
-0.0046767 0.752346 -0.126634
-0.0544836 0.863124 -0.226249
-0.0594108 0.757277 -0.126634
-0.00542649 0.601723 -0.126634
-0.194514 0.724599 -0.156518
-0.0582682 0.692144 -0.126634
0.0204946 0.799861 -0.221268
-0.0591966 0.702094 -0.126634
-0.0638023 0.857236 -0.126634
-0.0596607 0.707069 -0.126634
-0.147421 0.854453 -0.221268
-0.184303 0.615146 -0.206326
-0.00935391 0.696707 -0.23621
-0.0512346 0.828298 -0.126634
-0.047807 0.632899 -0.126634
-0.0515202 0.6727 -0.126634
-0.0601249 0.712044 -0.126634
-0.194978 0.729574 -0.23621
-0.0615173 0.72697 -0.126634
0.00482053 0.597661 -0.126634
0.0204588 0.69447 -0.126634
-0.18616 0.635046 -0.156518
0.0146748 0.809355 -0.23621
-0.0619815 0.731945 -0.126634
-0.181982 0.59027 -0.211306
-0.0358819 0.769509 -0.126634
-0.0634096 0.64148 -0.23621
-0.066373 0.831904 -0.23621
-0.0643022 0.756821 -0.126634
-0.00324854 0.842812 -0.126634
0.000643177 0.642437 -0.126634
-0.0647664 0.761796 -0.126634
-0.0652305 0.766771 -0.126634
-0.182446 0.595245 -0.141576
-0.0661588 0.776721 -0.126634
-0.0670871 0.786671 -0.126634
-0.0675513 0.791647 -0.126634
-0.0703362 0.821497 -0.126634
-0.0882595 0.854954 -0.126634
-0.0534125 0.58721 -0.126634
-0.166594 0.636872 -0.23621
-0.170486 0.837246 -0.23621
-0.0452006 0.763621 -0.23621
-0.0627312 0.581322 -0.136595
-0.0538767 0.592185 -0.126634
-0.0568401 0.782609 -0.126634
-0.0543408 0.59716 -0.126634
-0.0552691 0.60711 -0.126634
0.0251003 0.644719 -0.126634
-0.0806189 0.720169 -0.126634
-0.155133 0.778457 -0.126634
-0.152169 0.588033 -0.126634
-0.181982 0.59027 -0.136595
-0.0207435 0.765903 -0.126634
-0.0591608 0.807485 -0.126634
-0.0561974 0.61706 -0.126634
-0.175234 0.570826 -0.226249
-0.0600891 0.817435 -0.126634
-0.0566616 0.622036 -0.126634
-0.0614816 0.83236 -0.126634
-0.058054 0.636961 -0.126634
0.030206 0.589992 -0.221268
-0.162417 0.592095 -0.23621
-0.0624099 0.842311 -0.126634
-0.0589823 0.646911 -0.126634
-0.0594465 0.651886 -0.126634
-0.158418 0.707893 -0.126634
-0.0603748 0.661837 -0.126634
-0.187552 0.649972 -0.146557
-0.0512703 0.722907 -0.126634
0.0034995 0.823367 -0.126634
-0.0626955 0.686712 -0.126634
0.0134609 0.663707 -0.126634
0.00956916 0.864081 -0.126634
-0.0645521 0.706613 -0.126634
-0.19405 0.719624 -0.211306
-0.137031 0.584427 -0.126634
-0.139066 0.764901 -0.126634
-0.0563759 0.777634 -0.23621
-0.0664087 0.726513 -0.126634
-0.0533768 0.6926 -0.23621
0.00135726 0.68767 -0.126634
-0.0696578 0.761339 -0.126634
-0.0789408 0.860842 -0.231229
0.0214229 0.78991 -0.146557
0.0253146 0.589536 -0.146557
-0.0710502 0.776265 -0.126634
-0.19962 0.779325 -0.216287
-0.0328828 0.684475 -0.126634
-0.0631597 0.691688 -0.126634
-0.0447008 0.864037 -0.211306
-0.0775483 0.845917 -0.126634
-0.167701 0.807395 -0.126634
-0.164273 0.611996 -0.126634
-0.0780125 0.850892 -0.126634
-0.0822256 0.790278 -0.126634
-0.0792621 0.599853 -0.126634
-0.13421 0.659967 -0.126634
-0.137174 0.850391 -0.126634
-0.0431298 0.688538 -0.126634
-0.0621957 0.787128 -0.126634
-0.058304 0.586753 -0.126634
-0.0596964 0.601679 -0.126634
-0.0268488 0.619798 -0.126634
-0.0601606 0.606654 -0.126634
-0.162095 0.853084 -0.16648
0.0381323 0.610806 -0.221268
-0.111646 0.576758 -0.16648
-0.180304 0.730943 -0.126634
-0.143065 0.649104 -0.126634
0.0288493 0.710308 -0.211306
-0.0415231 0.618429 -0.23621
0.0260644 0.740159 -0.146557
-0.0887594 0.754539 -0.23621
-0.171878 0.852172 -0.216287
-0.143279 0.704287 -0.23621
0.0246719 0.755085 -0.216287
-0.0610889 0.616604 -0.126634
-0.0293838 0.699857 -0.126634
0.0237436 0.765035 -0.206326
-0.146314 0.68393 -0.23621
-0.025135 0.865862 -0.151538
-0.166058 0.842678 -0.126634
-0.162631 0.647278 -0.126634
-0.0494137 0.703007 -0.126634
-0.0317403 0.619342 -0.23621
0.0172455 0.834687 -0.226249
-0.0152094 0.600811 -0.126634
-0.0629098 0.741895 -0.23621
-0.0617672 0.676762 -0.126634
-0.139352 0.609303 -0.126634
-0.142315 0.799727 -0.126634
-0.140209 0.830034 -0.126634
-0.103434 0.75317 -0.126634
-0.184303 0.615146 -0.196364
-0.143529 0.654079 -0.23621
-0.147421 0.854453 -0.23621
0.0297776 0.700358 -0.146557
-0.0661945 0.671331 -0.126634
-0.182446 0.595245 -0.211306
-0.0354178 0.764534 -0.126634
-0.0154236 0.655993 -0.126634
-0.150991 0.628291 -0.126634
-0.154419 0.82369 -0.126634
0.0242078 0.76006 -0.206326
-0.0671228 0.681281 -0.126634
-0.0685153 0.696206 -0.126634
-0.149349 0.663573 -0.126634
-0.0699077 0.711132 -0.126634
-0.152312 0.853997 -0.16648
-0.0631954 0.586297 -0.23621
-0.0713002 0.726057 -0.126634
-0.143244 0.809677 -0.126634
-0.0717643 0.731032 -0.126634
-0.0736209 0.750933 -0.126634
-0.0540195 0.858149 -0.126634
-0.07687 0.785759 -0.126634
-0.178198 0.76125 -0.126634
-0.103398 0.858561 -0.141576
-0.0774055 0.579953 -0.146557
-0.0109606 0.766816 -0.126634
-0.0920084 0.789365 -0.126634
-0.0691579 0.861755 -0.156518
0.0353474 0.640656 -0.161499
-0.172628 0.701549 -0.126634
-0.0344537 0.859974 -0.126634
0.0139964 0.869513 -0.211306
-0.0636595 0.591272 -0.126634
0.0350974 0.590449 -0.136595
-0.00278439 0.837837 -0.126634
0.000179027 0.647412 -0.126634
-0.0641237 0.596247 -0.126634
0.0167456 0.734271 -0.126634
-0.15699 0.798358 -0.23621
-0.0449864 0.708438 -0.126634
-0.0708003 0.826473 -0.126634
-0.0673727 0.631073 -0.126634
-0.183375 0.605196 -0.156518
-0.0339896 0.854999 -0.23621
-0.0712645 0.831448 -0.126634
-0.0678369 0.636048 -0.126634
-0.0212433 0.665487 -0.126634
-0.0721928 0.841398 -0.126634
-0.0692293 0.650974 -0.126634
-0.0696935 0.655949 -0.126634
0.00253549 0.727927 -0.126634
-0.140709 0.729619 -0.23621
-0.121428 0.575846 -0.151538
-0.0382027 0.794385 -0.126634
-0.0724784 0.6858 -0.126634
0.00160719 0.737877 -0.126634
-0.0412375 0.774028 -0.126634
-0.0976496 0.638285 -0.23621
-0.100613 0.82871 -0.23621
-0.0729425 0.690775 -0.126634
-0.014888 0.861799 -0.126634
-0.0734067 0.69575 -0.126634
-0.0738709 0.700725 -0.126634
-0.074335 0.7057 -0.126634
-0.0747992 0.710675 -0.126634
-0.200548 0.789276 -0.23621
-0.0182085 0.685844 -0.23621
-0.183839 0.610171 -0.156518
-0.195907 0.739524 -0.126634
-0.0717286 0.836423 -0.126634
-0.068301 0.641023 -0.126634
-0.0780482 0.745501 -0.126634
-0.0785124 0.750476 -0.126634
-0.0789765 0.755452 -0.126634
-0.0817614 0.785302 -0.126634
-0.0826897 0.795253 -0.126634
-0.205654 0.844002 -0.196364
-0.0636595 0.591272 -0.23621
-0.0831539 0.800228 -0.126634
-0.0074616 0.782197 -0.23621
-0.176769 0.851715 -0.211306
-0.0873312 0.845004 -0.126634
-0.0214932 0.61528 -0.23621
-0.0244567 0.805704 -0.23621
-0.0153522 0.866775 -0.141576
-0.0887237 0.85993 -0.126634
0.0395247 0.59588 -0.201345
-0.112038 0.792515 -0.23621
-0.0676227 0.580865 -0.126634
-0.0351678 0.814742 -0.126634
-0.0322044 0.624317 -0.126634
-0.143958 0.764445 -0.126634
-0.0715144 0.78124 -0.126634
-0.068551 0.590816 -0.126634
0.000857397 0.587254 -0.176441
-0.133996 0.604784 -0.23621
-0.033097 0.739658 -0.126634
-0.0704076 0.610716 -0.126634
-0.0718 0.625642 -0.126634
-0.11743 0.691643 -0.23621
-0.0722642 0.630617 -0.126634
-0.0887237 0.85993 -0.181422
-0.0374886 0.839617 -0.126634
-0.0489138 0.803422 -0.126634
-0.00349847 0.792604 -0.126634
-7.09034e-05 0.597205 -0.126634
-0.20519 0.839027 -0.196364
-0.0561617 0.722451 -0.23621
-0.0578398 0.581778 -0.181422
-0.0761559 0.830991 -0.126634
-0.0727283 0.635592 -0.126634
0.0265285 0.735184 -0.131615
-0.0784766 0.855867 -0.126634
-0.0750491 0.660468 -0.126634
-0.088081 0.694381 -0.23621
-0.0593751 0.862668 -0.206326
-0.0580183 0.742352 -0.23621
-0.0759774 0.670418 -0.126634
-0.077834 0.690318 -0.126634
-0.0202793 0.760928 -0.126634
0.00910501 0.869056 -0.181422
-0.185231 0.625096 -0.151538
-0.0792264 0.705244 -0.126634
-0.0796906 0.710219 -0.126634
-0.0820113 0.735095 -0.126634
-0.0405234 0.81926 -0.126634
-0.0742993 0.811091 -0.126634
-0.0708717 0.615691 -0.126634
-0.150527 0.623315 -0.126634
-0.152562 0.803789 -0.126634
0.0302417 0.695383 -0.131615
-0.0824755 0.74007 -0.126634
-0.173592 0.606108 -0.23621
-0.175627 0.786582 -0.23621
0.0228153 0.774985 -0.171461
-0.185231 0.625096 -0.16648
-0.0924726 0.79434 -0.23621
-0.0586967 0.80251 -0.126634
-0.0557333 0.612085 -0.126634
-0.0838679 0.754995 -0.126634
0.0269927 0.730209 -0.181422
-0.191729 0.694748 -0.126634
0.0139964 0.869513 -0.181422
-0.0843321 0.75997 -0.126634
0.0242078 0.76006 -0.161499
-0.164916 0.777545 -0.23621
0.0090693 0.763666 -0.126634
-0.0847962 0.764946 -0.126634
-0.137638 0.855366 -0.136595
-0.0724427 0.79119 -0.23621
-0.0382741 0.583604 -0.216287
-0.0875811 0.794796 -0.126634
-0.0880453 0.799771 -0.126634
-0.0482355 0.743264 -0.23621
0.0178882 0.669138 -0.23621
-0.0726569 0.846373 -0.23621
-0.0908302 0.829622 -0.126634
-0.138424 0.599352 -0.126634
-0.0566616 0.622036 -0.23621
-0.0600891 0.817435 -0.23621
-0.0152094 0.600811 -0.23621
-0.108289 0.858104 -0.151538
-0.0922226 0.844548 -0.126634
-0.026099 0.770422 -0.126634
-0.0764058 0.780784 -0.126634
-0.0734424 0.590359 -0.126634
-0.189873 0.674847 -0.156518
-0.0773341 0.790734 -0.126634
-0.0739066 0.595335 -0.126634
-0.000713565 0.762753 -0.126634
-0.0121388 0.726558 -0.126634
-0.075299 0.61026 -0.126634
-0.00888976 0.691732 -0.23621
-0.191729 0.694748 -0.191383
-0.0805832 0.82556 -0.126634
-0.0757632 0.615235 -0.126634
-0.142851 0.593921 -0.23621
-0.146742 0.794295 -0.23621
-0.157204 0.853541 -0.176441
-0.0435582 0.798903 -0.126634
-0.0791907 0.810634 -0.126634
-0.0771556 0.630161 -0.126634
-0.14028 0.619253 -0.23621
-0.143708 0.814652 -0.23621
-0.0780839 0.640111 -0.126634
-0.171485 0.636415 -0.126634
-0.143244 0.809677 -0.23621
-0.0829039 0.850436 -0.126634
-0.0799405 0.660011 -0.126634
-0.0833681 0.855411 -0.126634
-0.0804047 0.664986 -0.126634
-0.0491638 0.753215 -0.126634
-0.190337 0.679823 -0.146557
-0.109075 0.60209 -0.23621
-0.112502 0.79749 -0.23621
-0.0303478 0.604417 -0.126634
-0.0801547 0.715194 -0.23621
-0.0694079 0.811547 -0.126634
0.0186379 0.819761 -0.171461
-0.140494 0.674436 -0.126634
0.000214736 0.752803 -0.126634
-0.11443 0.606609 -0.126634
-0.19962 0.779325 -0.206326
-0.0831896 0.694837 -0.126634
-0.0484854 0.693057 -0.126634
-0.0841179 0.704788 -0.126634
-0.095079 0.663617 -0.126634
-0.159846 0.617428 -0.23621
0.000857397 0.587254 -0.201345
-0.0587681 0.591728 -0.23621
-0.0850462 0.714738 -0.126634
0.0362757 0.630706 -0.231229
-0.142815 0.699311 -0.126634
0.0191021 0.814786 -0.161499
-0.136745 0.740025 -0.23621
-0.0855103 0.719713 -0.126634
-0.0859745 0.724688 -0.126634
0.00414216 0.657819 -0.126634
-0.0864386 0.729663 -0.126634
0.00367801 0.662794 -0.126634
0.000714596 0.853218 -0.126634
-0.070836 0.721082 -0.126634
-0.0627312 0.581322 -0.141576
-0.0869028 0.734638 -0.126634
-0.0544836 0.863124 -0.161499
-0.187302 0.70018 -0.23621
-0.184017 0.770744 -0.23621
-0.0104964 0.76184 -0.126634
-0.0526627 0.737833 -0.126634
-0.0878311 0.744589 -0.126634
0.0144606 0.864538 -0.171461
-0.161631 0.848109 -0.23621
0.0111401 0.688582 -0.126634
-0.093151 0.854498 -0.126634
-0.0892235 0.759514 -0.126634
-0.0139597 0.851849 -0.126634
-0.147421 0.854453 -0.16648
-0.0181728 0.791235 -0.23621
-0.0926868 0.849523 -0.126634
-0.0896877 0.764489 -0.126634
-0.19962 0.779325 -0.131615
-0.125606 0.620622 -0.126634
-0.127177 0.796121 -0.126634
-0.127855 0.856279 -0.226249
-0.166987 0.852628 -0.211306
-0.136103 0.574477 -0.126634
-0.181661 0.851259 -0.176441
0.0390606 0.600855 -0.161499
0.03117 0.685433 -0.23621
-0.0910801 0.779415 -0.126634
-0.175234 0.570826 -0.126634
-0.142529 0.85491 -0.181422
0.0339549 0.655582 -0.23621
-0.0924726 0.79434 -0.126634
-0.185446 0.680279 -0.23621
-0.036596 0.724276 -0.126634
-0.0971141 0.844091 -0.126634
-0.135781 0.835466 -0.126634
-0.0177443 0.680869 -0.126634
-0.142601 0.644129 -0.23621
-0.146028 0.839528 -0.23621
0.0307059 0.690408 -0.171461
-0.0819756 0.840485 -0.126634
-0.104183 0.602547 -0.23621
-0.107611 0.797946 -0.23621
-0.0985065 0.859017 -0.126634
-0.067337 0.736464 -0.126634
-0.0799048 0.765402 -0.126634
-0.0774055 0.579953 -0.126634
-0.0599106 0.656862 -0.126634
0.000428957 0.69762 -0.126634
0.0242078 0.76006 -0.16648
-0.083618 0.805203 -0.126634
-0.0801904 0.609804 -0.126634
-0.186124 0.740437 -0.126634
0.0099976 0.753715 -0.126634
-0.00792575 0.787172 -0.23621
-0.0682653 0.746414 -0.126634
-0.00981806 0.701682 -0.23621
-0.0825112 0.634679 -0.126634
-0.193586 0.714649 -0.196364
-0.0868671 0.840029 -0.126634
-0.0829754 0.639654 -0.126634
-0.0626598 0.792103 -0.126634
-0.145564 0.834553 -0.126634
0.0334908 0.660557 -0.216287
-0.0864029 0.835054 -0.126634
-0.0834395 0.64463 -0.126634
-0.0859388 0.830079 -0.126634
-0.0839036 0.649605 -0.126634
0.0376681 0.615781 -0.191383
-0.159132 0.66266 -0.126634
-0.194514 0.724599 -0.141576
0.0330266 0.665532 -0.126634
-0.0862244 0.67448 -0.126634
-0.205654 0.844002 -0.131615
-0.0876169 0.689406 -0.126634
-0.088081 0.694381 -0.126634
-0.0387382 0.588579 -0.126634
-0.0885452 0.699356 -0.126634
-0.0945791 0.764033 -0.126634
-0.0325971 0.840074 -0.23621
-0.0871884 0.57904 -0.191383
-0.0722285 0.736007 -0.126634
-0.0561617 0.722451 -0.126634
-0.039131 0.804335 -0.126634
-0.0352392 0.60396 -0.126634
-0.0927225 0.744132 -0.126634
0.0181738 0.824736 -0.216287
-0.136281 0.73505 -0.126634
0.0118185 0.628424 -0.126634
-0.19405 0.719624 -0.181422
-0.0936508 0.754083 -0.126634
0.0385964 0.60583 -0.191383
-0.0955074 0.773983 -0.126634
-0.00542649 0.601723 -0.23621
-0.0959716 0.778958 -0.126634
-0.097364 0.793884 -0.126634
-0.0987565 0.808809 -0.126634
-0.00892547 0.586342 -0.176441
-0.103398 0.858561 -0.126634
-0.0789408 0.860842 -0.176441
0.0214229 0.78991 -0.151538
0.0253146 0.589536 -0.151538
-0.0505562 0.76814 -0.126634
-0.0857245 0.774896 -0.126634
-0.0827611 0.584472 -0.126634
-0.0701219 0.766315 -0.23621
-0.204261 0.829077 -0.216287
0.00114304 0.742853 -0.126634
-0.0366317 0.618886 -0.126634
-0.0775841 0.740526 -0.126634
-0.0544836 0.863124 -0.196364
-0.170521 0.731856 -0.126634
-0.102755 0.693012 -0.126634
-0.140994 0.57402 -0.176441
-0.087117 0.789821 -0.126634
-0.0836894 0.594422 -0.126634
0.0237436 0.765035 -0.126634
-0.0866528 0.784846 -0.126634
-0.0841536 0.599397 -0.126634
-0.00892547 0.586342 -0.156518
-0.00888976 0.691732 -0.126634
-0.114859 0.716975 -0.23621
-0.0846177 0.604372 -0.126634
-0.00396262 0.797579 -0.126634
-0.206118 0.848977 -0.191383
-0.0985422 0.753626 -0.23621
-0.149527 0.824146 -0.126634
-0.182875 0.705611 -0.23621
-0.0612674 0.777178 -0.126634
-0.153776 0.658141 -0.23621
-0.0333112 0.794841 -0.126634
-0.0885094 0.804747 -0.126634
-0.0850819 0.609347 -0.126634
0.0191021 0.814786 -0.226249
-0.0878668 0.639198 -0.126634
-0.121428 0.575846 -0.191383
0.000393247 0.592229 -0.126634
-0.0883309 0.644173 -0.126634
-0.015852 0.766359 -0.126634
-0.102291 0.688037 -0.23621
-0.189873 0.674847 -0.186403
-0.00631908 0.717064 -0.23621
-0.00724738 0.727014 -0.126634
-0.190801 0.684798 -0.141576
-0.0887951 0.649148 -0.126634
-0.0414517 0.829211 -0.126634
-0.0380241 0.633811 -0.126634
-0.0969713 0.578127 -0.176441
-0.060589 0.71702 -0.126634
-0.000285124 0.652387 -0.23621
-0.0878311 0.744589 -0.23621
0.0304559 0.6402 -0.126634
-0.0578398 0.581778 -0.191383
0.0288493 0.710308 -0.23621
-0.0736566 0.645542 -0.126634
0.0362757 0.630706 -0.226249
-0.0911158 0.674024 -0.126634
-0.0622314 0.681737 -0.126634
-0.09158 0.678999 -0.126634
-0.122107 0.636004 -0.126634
-0.125534 0.831403 -0.126634
-0.0920441 0.683974 -0.126634
-0.122571 0.640979 -0.126634
-0.125999 0.836378 -0.126634
-0.187088 0.644997 -0.161499
-0.0284912 0.584516 -0.126634
-0.000213705 0.863169 -0.126634
-0.0925083 0.688949 -0.126634
-0.151634 0.793839 -0.23621
-0.00556929 0.867687 -0.126634
-0.00214173 0.672288 -0.126634
-0.154026 0.607934 -0.126634
-0.0871884 0.57904 -0.136595
0.00692706 0.627968 -0.126634
-0.137638 0.855366 -0.191383
-0.00403404 0.586798 -0.16648
-0.0382741 0.583604 -0.151538
-0.0393452 0.859518 -0.126634
-0.0363818 0.669094 -0.126634
-0.0706218 0.665899 -0.23621
-0.0735852 0.856323 -0.23621
-0.0153522 0.866775 -0.151538
-0.0976139 0.743676 -0.126634
-0.0300265 0.865406 -0.186403
-0.0922584 0.739157 -0.126634
0.0242078 0.76006 -0.216287
-0.0994705 0.763577 -0.23621
-0.0990064 0.758601 -0.126634
-0.0544836 0.863124 -0.231229
-0.103684 0.702962 -0.23621
-0.10272 0.798402 -0.126634
-0.140994 0.57402 -0.211306
-0.0293481 0.805248 -0.126634
-0.0263847 0.614823 -0.126634
-0.104112 0.813328 -0.126634
0.0183523 0.664163 -0.126634
-0.124606 0.821453 -0.23621
-0.0137455 0.796666 -0.126634
-0.0103179 0.601267 -0.126634
-0.0796549 0.81561 -0.126634
-0.0766915 0.625185 -0.126634
-0.187088 0.644997 -0.131615
-0.0142096 0.801642 -0.126634
-0.200084 0.784301 -0.226249
-0.120929 0.676261 -0.23621
-0.0961858 0.834141 -0.126634
-0.0876526 0.584015 -0.126634
-0.198692 0.769375 -0.171461
-0.0156021 0.816567 -0.126634
-0.0298479 0.704832 -0.126634
-0.0165661 0.721127 -0.126634
-0.13446 0.609759 -0.126634
-0.137888 0.805158 -0.126634
-0.140923 0.784801 -0.23621
-0.188945 0.664897 -0.146557
-0.124178 0.711087 -0.23621
0.00974767 0.703508 -0.23621
-0.0400593 0.814285 -0.126634
-0.0370958 0.623861 -0.126634
-0.00892547 0.586342 -0.191383
-0.0771199 0.735551 -0.126634
0.0376681 0.615781 -0.171461
0.0149247 0.859562 -0.131615
-0.0147095 0.701226 -0.126634
-0.11693 0.792058 -0.126634
-0.18823 0.71013 -0.23621
-0.0635881 0.802053 -0.23621
-0.197763 0.759425 -0.131615
-0.0947933 0.819216 -0.126634
-0.0913658 0.623816 -0.126634
-0.130033 0.61519 -0.23621
-0.133925 0.815565 -0.23621
-0.0429156 0.633355 -0.23621
-0.045879 0.823779 -0.23621
0.0325625 0.670507 -0.131615
-0.0138169 0.585885 -0.141576
-0.0895092 0.603916 -0.126634
-0.0918299 0.628791 -0.126634
-0.0563759 0.777634 -0.126634
-0.195443 0.734549 -0.141576
-0.0881167 0.58899 -0.126634
-0.0932224 0.643717 -0.126634
0.0293134 0.705333 -0.181422
-0.0980424 0.854042 -0.126634
-0.0941507 0.653667 -0.126634
-0.107183 0.68758 -0.23621
-0.0284912 0.584516 -0.23621
-0.0904018 0.719257 -0.126634
0.0395247 0.59588 -0.141576
-0.0967214 0.628335 -0.23621
0.0269927 0.730209 -0.231229
-0.0964714 0.678543 -0.126634
0.0153889 0.854587 -0.231229
-0.0969356 0.683518 -0.126634
0.037204 0.620756 -0.186403
-0.130497 0.620166 -0.23621
-0.133461 0.81059 -0.23621
0.0367398 0.625731 -0.146557
-0.098328 0.698443 -0.126634
-0.100649 0.723319 -0.126634
-0.0175301 0.625686 -0.23621
-0.0200294 0.811135 -0.23621
-0.101113 0.728294 -0.126634
-0.201012 0.794251 -0.131615
-0.043344 0.743721 -0.126634
-0.173056 0.811914 -0.126634
0.0260644 0.740159 -0.171461
-0.00442677 0.802554 -0.126634
-0.000999204 0.607155 -0.126634
-0.193086 0.815064 -0.23621
-0.0985065 0.859017 -0.146557
-0.150956 0.733681 -0.126634
-0.0971141 0.844091 -0.23621
-0.187552 0.649972 -0.181422
0.00232127 0.78311 -0.126634
-0.117001 0.581277 -0.126634
-0.120429 0.776677 -0.126634
-0.152348 0.748607 -0.126634
-0.129783 0.665398 -0.126634
-0.158382 0.813283 -0.126634
-0.136995 0.689818 -0.126634
-0.0191368 0.695795 -0.23621
-0.0495922 0.86358 -0.146557
-0.202869 0.814151 -0.176441
-0.0135313 0.741484 -0.126634
-0.161167 0.843134 -0.126634
-0.161631 0.848109 -0.126634
-0.0877954 0.849979 -0.126634
-0.084832 0.659555 -0.126634
-0.0144596 0.751434 -0.126634
-0.00885405 0.797123 -0.126634
-0.00589064 0.606698 -0.126634
-0.0480569 0.582691 -0.186403
-0.156311 0.7382 -0.23621
-0.0111748 0.821998 -0.126634
-0.00774724 0.626599 -0.126634
-0.0617672 0.676762 -0.23621
-0.0943292 0.814241 -0.126634
-0.0904375 0.613866 -0.126634
-0.0909016 0.618841 -0.126634
0.0283851 0.715283 -0.221268
0.0216014 0.629337 -0.126634
0.0181738 0.824736 -0.126634
-0.151884 0.743631 -0.126634
0.00117875 0.848243 -0.126634
-0.142387 0.588946 -0.126634
-0.142851 0.593921 -0.126634
-0.146742 0.794295 -0.126634
-0.0401307 0.603504 -0.126634
-0.127891 0.750888 -0.126634
-0.130961 0.625141 -0.126634
-0.113466 0.702049 -0.23621
-0.143779 0.603871 -0.126634
-0.0338468 0.589035 -0.126634
-0.0519487 0.783065 -0.126634
-0.150991 0.628291 -0.23621
-0.154419 0.82369 -0.23621
-0.145172 0.618797 -0.126634
-0.148599 0.814196 -0.126634
-0.0454148 0.818804 -0.23621
-0.186624 0.640022 -0.176441
-0.146564 0.633722 -0.126634
-0.0165304 0.826517 -0.126634
-0.013567 0.636093 -0.126634
-0.0289196 0.694882 -0.126634
-0.169093 0.822321 -0.126634
-0.165666 0.626921 -0.126634
-0.0174944 0.731077 -0.23621
-0.150277 0.673523 -0.126634
0.0302417 0.695383 -0.181422
-0.0149594 0.651018 -0.23621
-0.018387 0.846418 -0.23621
-0.140994 0.57402 -0.201345
-0.163095 0.652254 -0.126634
-0.193586 0.714649 -0.136595
0.033705 0.605374 -0.23621
0.00885508 0.818849 -0.126634
-0.0368102 0.779459 -0.126634
-0.0524485 0.68265 -0.126634
-0.154205 0.768507 -0.126634
-0.150777 0.573108 -0.126634
-0.0776198 0.635136 -0.126634
-0.159846 0.617428 -0.126634
-0.195443 0.734549 -0.23621
-0.172592 0.806939 -0.126634
-0.169165 0.61154 -0.126634
-0.139352 0.609303 -0.23621
-0.142315 0.799727 -0.23621
-0.0997562 0.607978 -0.126634
-0.152134 0.693424 -0.126634
-0.202405 0.809176 -0.191383
-0.052627 0.843223 -0.126634
-0.0491995 0.647824 -0.126634
0.021887 0.784935 -0.146557
-0.153526 0.708349 -0.126634
-0.171878 0.852172 -0.191383
-0.0676227 0.580865 -0.211306
-0.155383 0.72825 -0.126634
0.0160673 0.794429 -0.23621
-0.11186 0.631941 -0.23621
-0.124892 0.665855 -0.126634
-0.126927 0.846328 -0.126634
-0.181661 0.851259 -0.191383
-0.0125673 0.836924 -0.126634
-0.0288839 0.800272 -0.126634
-0.0254564 0.604873 -0.126634
0.00510617 0.753259 -0.23621
0.0194948 0.59903 -0.126634
-0.152812 0.753582 -0.23621
-0.0335612 0.744633 -0.126634
-0.15424 0.663116 -0.126634
-0.157204 0.853541 -0.126634
-0.174056 0.611083 -0.126634
-0.103184 0.803378 -0.126634
0.0230295 0.719802 -0.126634
-0.154919 0.723274 -0.126634
-0.197978 0.814608 -0.126634
-0.153062 0.703374 -0.126634
-0.0174944 0.731077 -0.126634
-0.13928 0.820084 -0.126634
-0.0934009 0.80429 -0.126634
-0.0158877 0.660969 -0.23621
-0.18034 0.625552 -0.126634
-0.182375 0.806026 -0.126634
-0.145886 0.573564 -0.126634
-0.140244 0.724643 -0.23621
0.0246362 0.649694 -0.23621
-0.146814 0.583514 -0.126634
-0.18059 0.575345 -0.186403
-0.0871527 0.684431 -0.126634
0.0362757 0.630706 -0.196364
-0.152598 0.698399 -0.126634
-0.121607 0.736419 -0.23621
-0.178448 0.711042 -0.126634
-0.0501278 0.657774 -0.126634
0.00160719 0.737877 -0.23621
-0.148206 0.59844 -0.126634
-0.150706 0.783889 -0.126634
0.0155317 0.588623 -0.171461
-0.0405948 0.608479 -0.126634
-0.114609 0.767183 -0.126634
0.000464666 0.803011 -0.126634
-0.0128172 0.786716 -0.126634
-0.0172445 0.781285 -0.126634
-0.0138169 0.585885 -0.126634
-0.121179 0.626053 -0.126634
-0.124142 0.816478 -0.126634
0.0225654 0.724777 -0.126634
-0.108147 0.59214 -0.126634
-0.103005 0.642804 -0.23621
0.0274568 0.725234 -0.181422
-0.190337 0.679823 -0.181422
-0.129997 0.720581 -0.23621
-0.152848 0.648191 -0.126634
-0.155811 0.838615 -0.126634
0.0348832 0.645631 -0.181422
-0.106754 0.577215 -0.161499
0.0109616 0.849156 -0.23621
-0.129569 0.610215 -0.126634
-0.180126 0.57037 -0.151538
-0.063124 0.797078 -0.126634
-0.0592323 0.596704 -0.126634
0.00742692 0.728383 -0.126634
-0.0349893 0.654168 -0.23621
-0.0384169 0.849568 -0.23621
0.0367398 0.625731 -0.161499
-0.0874026 0.634223 -0.126634
-0.143029 0.754494 -0.126634
0.00464202 0.758234 -0.126634
-0.0642665 0.862211 -0.181422
-0.157239 0.74815 -0.126634
0.0232795 0.77001 -0.186403
-0.184767 0.620121 -0.146557
-0.177484 0.806483 -0.126634
0.0297776 0.700358 -0.196364
0.0146748 0.809355 -0.126634
-0.155633 0.678042 -0.126634
0.0288493 0.710308 -0.206326
-0.0431655 0.583147 -0.131615
-0.184696 0.830902 -0.126634
-0.200548 0.789276 -0.181422
-0.0689437 0.806572 -0.126634
-0.0643379 0.65143 -0.126634
-0.116001 0.782108 -0.126634
0.00421358 0.8686 -0.231229
-0.198228 0.7644 -0.196364
-0.040809 0.663662 -0.23621
-0.152312 0.853997 -0.146557
-0.158168 0.7581 -0.126634
-0.118072 0.857191 -0.221268
-0.156347 0.632809 -0.126634
-0.200548 0.789276 -0.216287
-0.157025 0.692967 -0.126634
-0.137459 0.694793 -0.23621
-0.107647 0.692556 -0.23621
-0.0659446 0.721538 -0.23621
0.0150675 0.593598 -0.126634
0.0121041 0.784023 -0.126634
-0.176769 0.851715 -0.186403
-0.160274 0.727793 -0.126634
-0.0272773 0.730164 -0.126634
-0.201227 0.849434 -0.156518
-0.161238 0.632353 -0.126634
-0.127855 0.856279 -0.201345
-0.0542694 0.807941 -0.126634
-0.0508418 0.612542 -0.126634
-0.11211 0.581734 -0.126634
-0.171878 0.852172 -0.156518
0.0223512 0.77996 -0.161499
-0.109003 0.812872 -0.126634
-0.0333826 0.58406 -0.23621
-0.201227 0.849434 -0.181422
-0.164916 0.777545 -0.126634
-0.196835 0.749475 -0.136595
-0.0633739 0.74687 -0.126634
-0.184767 0.620121 -0.126634
-0.0901518 0.769464 -0.126634
-0.192658 0.704698 -0.181422
-0.0125673 0.836924 -0.23621
-0.184053 0.665354 -0.23621
-0.187266 0.80557 -0.23621
-0.151848 0.849022 -0.126634
0.0274568 0.725234 -0.231229
-0.189837 0.780238 -0.126634
-0.152098 0.798814 -0.23621
0.0109259 0.743765 -0.126634
-0.0237426 0.850937 -0.126634
-0.0137812 0.691276 -0.126634
-0.0263133 0.825604 -0.126634
-0.0224215 0.62523 -0.126634
-0.0943649 0.70885 -0.126634
-0.0284198 0.795297 -0.126634
-0.0249922 0.599898 -0.126634
-0.153562 0.602959 -0.126634
-0.152312 0.853997 -0.156518
-0.182446 0.595245 -0.146557
-0.0480212 0.688081 -0.23621
-0.157918 0.808308 -0.126634
-0.15449 0.612909 -0.126634
-0.147028 0.638697 -0.126634
-0.149992 0.829121 -0.126634
-0.156811 0.637784 -0.126634
-0.115359 0.61656 -0.126634
0.0302417 0.695383 -0.171461
-0.0824398 0.84546 -0.126634
-0.0790122 0.650061 -0.126634
-0.170343 0.571282 -0.201345
0.00674855 0.788541 -0.126634
-0.10504 0.823278 -0.126634
-0.0808688 0.669962 -0.126634
-0.118072 0.857191 -0.176441
-0.180126 0.57037 -0.23621
-0.183553 0.765769 -0.23621
-0.120215 0.721494 -0.126634
-0.189409 0.669872 -0.171461
-0.0452363 0.658231 -0.126634
-0.193122 0.709673 -0.171461
-0.066373 0.831904 -0.126634
-0.0634096 0.64148 -0.126634
-0.176163 0.580776 -0.126634
-0.158203 0.65271 -0.126634
-0.163738 0.817802 -0.126634
-0.0205292 0.71072 -0.126634
-0.00953242 0.857281 -0.126634
-0.00424826 0.641981 -0.126634
-0.113502 0.596659 -0.126634
-0.000677855 0.868144 -0.186403
-0.171878 0.852172 -0.181422
-0.0676227 0.580865 -0.226249
0.021887 0.784935 -0.23621
-0.0286697 0.74509 -0.126634
-0.140958 0.679411 -0.126634
0.0223512 0.77996 -0.196364
-0.141423 0.684386 -0.126634
-0.125142 0.615647 -0.126634
-0.127641 0.801096 -0.126634
-0.164666 0.827752 -0.126634
-0.160524 0.677586 -0.126634
-0.179876 0.620577 -0.126634
-0.182839 0.811002 -0.126634
-0.19355 0.820039 -0.126634
-0.112324 0.636916 -0.23621
-0.117144 0.847241 -0.23621
-0.110396 0.827797 -0.126634
-0.0829396 0.745045 -0.126634
-0.0936151 0.859473 -0.16648
-0.161917 0.692511 -0.126634
-0.13164 0.685299 -0.23621
-0.157025 0.692967 -0.23621
-0.164237 0.717387 -0.126634
-0.0642665 0.862211 -0.196364
-0.0680868 0.585841 -0.126634
-0.0466288 0.673156 -0.126634
-0.101077 0.833685 -0.126634
-0.0352392 0.60396 -0.23621
-0.039131 0.804335 -0.23621
0.0195663 0.809811 -0.16648
-0.166094 0.737287 -0.126634
-0.167022 0.747238 -0.126634
-0.149563 0.718756 -0.126634
-0.0871884 0.57904 -0.186403
-0.14028 0.619253 -0.126634
-0.143708 0.814652 -0.126634
-0.157704 0.753125 -0.126634
-0.19098 0.845371 -0.126634
-0.0447008 0.864037 -0.126634
0.0167099 0.628881 -0.126634
0.0137465 0.819305 -0.126634
-0.134925 0.614734 -0.23621
-0.138352 0.810134 -0.23621
0.0163172 0.844637 -0.226249
-0.021886 0.831036 -0.126634
-0.123214 0.806527 -0.126634
-0.113217 0.752257 -0.126634
-0.0349179 0.864949 -0.211306
0.0358115 0.635681 -0.211306
-0.0969713 0.578127 -0.231229
-0.171664 0.796989 -0.126634
-0.147421 0.854453 -0.161499
-0.13978 0.719668 -0.23621
-0.176769 0.851715 -0.126634
-0.156133 0.577626 -0.126634
-0.00842561 0.686757 -0.126634
-0.0359176 0.664118 -0.126634
-0.0701576 0.660924 -0.23621
-0.0740494 0.861299 -0.23621
-0.116537 0.576302 -0.141576
-0.157489 0.697942 -0.126634
-0.150491 0.728706 -0.126634
0.020923 0.689495 -0.126634
0.0144606 0.864538 -0.131615
-0.111646 0.576758 -0.146557
-0.161881 0.797902 -0.126634
-0.158453 0.602502 -0.126634
-0.121428 0.575846 -0.176441
-0.11161 0.682149 -0.126634
-0.0827254 0.689862 -0.126634
-0.0578398 0.581778 -0.141576
-0.136281 0.73505 -0.23621
0.0334908 0.660557 -0.141576
-0.0922584 0.739157 -0.23621
-0.0310262 0.664575 -0.126634
0.0316342 0.680457 -0.216287
-0.0249565 0.705289 -0.126634
-0.146493 0.844503 -0.126634
-0.0093182 0.802098 -0.126634
-0.0526984 0.632442 -0.23621
-0.0575185 0.842767 -0.23621
-0.191265 0.689773 -0.201345
-0.00492663 0.702139 -0.23621
-0.170486 0.837246 -0.126634
-0.166594 0.636872 -0.126634
-0.163773 0.712412 -0.126634
-0.0503063 0.818348 -0.126634
-0.0464146 0.617973 -0.126634
-0.18591 0.685254 -0.126634
0.0155317 0.588623 -0.211306
-0.0028201 0.732446 -0.126634
-0.16538 0.78252 -0.126634
-0.160774 0.627378 -0.126634
-0.202405 0.809176 -0.171461
-0.101577 0.733269 -0.126634
-0.0735852 0.856323 -0.126634
-0.0706218 0.665899 -0.126634
-0.0645878 0.601222 -0.126634
-0.00699745 0.777222 -0.126634
0.0162815 0.739246 -0.126634
-0.00489092 0.807529 -0.126634
-0.00146335 0.61213 -0.126634
-0.161702 0.637328 -0.126634
-0.142565 0.749519 -0.23621
-0.0531269 0.742808 -0.126634
-0.161453 0.687536 -0.126634
0.0260286 0.634768 -0.126634
-0.162095 0.853084 -0.206326
0.0144606 0.864538 -0.191383
-0.166522 0.847653 -0.126634
-0.163559 0.657229 -0.126634
0.000857397 0.587254 -0.186403
-0.0668729 0.731489 -0.126634
-0.0587681 0.591728 -0.126634
-0.0642665 0.862211 -0.131615
0.0290635 0.655125 -0.126634
-0.127855 0.856279 -0.131615
-0.136103 0.574477 -0.221268
-0.189409 0.669872 -0.126634
-0.166987 0.852628 -0.126634
-0.164023 0.662204 -0.126634
-0.164487 0.667179 -0.126634
0.00910501 0.869056 -0.176441
-0.0678012 0.741439 -0.23621
-0.158632 0.763076 -0.126634
-0.132104 0.690274 -0.126634
-0.158918 0.607477 -0.126634
-0.0516987 0.833273 -0.126634
-0.115323 0.72195 -0.126634
-0.162131 0.747694 -0.126634
-0.164951 0.672154 -0.126634
-0.109289 0.657273 -0.126634
-0.112717 0.852673 -0.126634
-0.0186369 0.79621 -0.126634
0.0320983 0.675482 -0.161499
-0.0167803 0.776309 -0.23621
-0.202869 0.814151 -0.161499
-0.0340253 0.749608 -0.126634
-0.193586 0.714649 -0.16648
-0.181697 0.745868 -0.126634
-0.115073 0.772158 -0.126634
-0.20519 0.839027 -0.131615
-0.00285581 0.627055 -0.23621
-0.00581922 0.81748 -0.23621
-0.121821 0.791602 -0.23621
-0.157525 0.592552 -0.126634
-0.122964 0.856735 -0.146557
-0.0794407 0.760427 -0.126634
-0.0778697 0.584928 -0.126634
-0.166808 0.692055 -0.126634
0.0209587 0.794886 -0.186403
-0.196371 0.744499 -0.126634
-0.189873 0.674847 -0.201345
-0.106897 0.843179 -0.23621
-0.0726926 0.740983 -0.23621
-0.122964 0.856735 -0.141576
-0.0403449 0.658687 -0.126634
0.00839093 0.823824 -0.23621
-0.156525 0.793383 -0.126634
-0.153098 0.597983 -0.126634
-0.0985065 0.859017 -0.136595
-0.177055 0.696117 -0.126634
-0.132568 0.695249 -0.126634
0.0316342 0.680457 -0.176441
-0.0959716 0.778958 -0.23621
-0.0642665 0.862211 -0.136595
0.00739121 0.622993 -0.126634
-0.121643 0.631029 -0.126634
-0.12507 0.826428 -0.126634
-0.0347751 0.598985 -0.23621
-0.0372744 0.784434 -0.23621
-0.0578398 0.581778 -0.151538
-0.0670871 0.786671 -0.23621
-0.0184227 0.741027 -0.126634
-0.0307762 0.714782 -0.23621
0.00228556 0.677719 -0.23621
-0.0929724 0.693925 -0.23621
-0.0797263 0.604828 -0.23621
0.0200304 0.804836 -0.181422
0.0283851 0.715283 -0.181422
-0.0431655 0.583147 -0.211306
-0.184696 0.830902 -0.23621
-0.00892547 0.586342 -0.231229
-0.176305 0.84674 -0.126634
-0.171949 0.641391 -0.126634
0.0153889 0.854587 -0.201345
-0.134675 0.664942 -0.126634
-0.137638 0.855366 -0.126634
-0.170985 0.736831 -0.126634
-0.175163 0.781607 -0.126634
-0.159774 0.828209 -0.23621
-0.135817 0.730075 -0.23621
-0.199156 0.77435 -0.126634
-0.0873312 0.845004 -0.23621
-0.182446 0.595245 -0.201345
-0.172128 0.801964 -0.126634
-0.1687 0.606565 -0.126634
-0.0996848 0.818759 -0.126634
0.0127825 0.723865 -0.23621
-0.180733 0.841309 -0.126634
-0.201941 0.804201 -0.191383
-0.161417 0.792926 -0.126634
-0.157989 0.597527 -0.126634
0.0350974 0.590449 -0.161499
-0.0100323 0.756865 -0.126634
-0.0209577 0.821086 -0.23621
-0.173306 0.761707 -0.126634
0.0350974 0.590449 -0.131615
-0.162417 0.592095 -0.126634
0.0193163 0.759603 -0.126634
-0.108289 0.858104 -0.216287
-0.0759417 0.775809 -0.126634
-0.0729783 0.585384 -0.126634
-0.115287 0.827341 -0.126634
-0.0843678 0.65458 -0.23621
-0.0579826 0.847742 -0.126634
-0.189873 0.674847 -0.151538
-0.0391667 0.698944 -0.126634
-0.137959 0.594377 -0.126634
-0.0745492 0.760883 -0.126634
-0.0495922 0.86358 -0.151538
-0.202869 0.814151 -0.181422
-0.119036 0.761751 -0.126634
-0.141458 0.578995 -0.126634
-0.144422 0.76942 -0.126634
0.00646291 0.632943 -0.126634
-0.0952932 0.7188 -0.126634
-0.0309905 0.769965 -0.23621
-0.155169 0.673067 -0.126634
0.0318484 0.625275 -0.23621
-0.175841 0.841765 -0.126634
-0.195193 0.784757 -0.126634
-0.182911 0.60022 -0.231229
-0.0582325 0.797534 -0.126634
-0.054805 0.602135 -0.126634
-0.182446 0.595245 -0.226249
-0.084582 0.709763 -0.126634
-0.159774 0.828209 -0.126634
-0.129997 0.720581 -0.126634
-0.119715 0.821909 -0.126634
-0.0398093 0.864493 -0.191383
0.00856944 0.66325 -0.126634
-0.094829 0.713825 -0.126634
-0.170021 0.832271 -0.126634
-0.167058 0.641847 -0.126634
-0.188195 0.81552 -0.126634
-0.16056 0.572195 -0.136595
-0.0142096 0.801642 -0.23621
-0.0214218 0.826061 -0.126634
-0.0161377 0.610761 -0.126634
-0.171414 0.847197 -0.126634
-0.167986 0.651797 -0.126634
-0.200084 0.784301 -0.196364
-0.0166018 0.615736 -0.126634
0.0181738 0.824736 -0.191383
-0.18059 0.575345 -0.221268
-0.0680154 0.796622 -0.126634
-0.168915 0.661747 -0.126634
-0.0363461 0.774484 -0.126634
-0.126748 0.685755 -0.23621
-0.170771 0.681648 -0.126634
-0.0593751 0.862668 -0.221268
-0.0871884 0.57904 -0.161499
-0.149135 0.60839 -0.23621
0.0149247 0.859562 -0.196364
-0.00403404 0.586798 -0.226249
-0.0480569 0.582691 -0.161499
-0.171235 0.686623 -0.126634
-0.00606915 0.767272 -0.23621
-0.125106 0.721037 -0.126634
-0.1712 0.792014 -0.126634
-0.172164 0.696573 -0.126634
-0.20519 0.839027 -0.211306
-0.0948647 0.608435 -0.23621
-0.0982923 0.803834 -0.23621
-0.111824 0.737332 -0.126634
-0.122964 0.856735 -0.156518
-0.19405 0.719624 -0.141576
0.0127468 0.618474 -0.126634
0.00931923 0.813873 -0.126634
-0.202405 0.809176 -0.126634
-0.155668 0.572651 -0.136595
-0.073371 0.801141 -0.126634
-0.0529484 0.582234 -0.23621
0.0209587 0.794886 -0.141576
-0.173092 0.706524 -0.126634
0.0381323 0.610806 -0.126634
-0.136781 0.634635 -0.126634
-0.181232 0.740893 -0.126634
-0.028634 0.85048 -0.126634
-0.0252064 0.655081 -0.126634
-0.0480569 0.582691 -0.151538
-0.194479 0.829989 -0.126634
-0.194014 0.825014 -0.126634
-0.00164187 0.772703 -0.126634
-0.0187083 0.585429 -0.181422
-0.181482 0.690686 -0.23621
-0.047807 0.632899 -0.23621
-0.0512346 0.828298 -0.23621
-0.194943 0.834965 -0.126634
-0.202869 0.814151 -0.201345
-0.044308 0.64828 -0.23621
-0.0477356 0.84368 -0.23621
-0.0314546 0.77494 -0.126634
-0.0294195 0.594466 -0.126634
0.037204 0.620756 -0.196364
-0.179376 0.720993 -0.126634
-0.0382741 0.583604 -0.176441
-0.144636 0.824603 -0.126634
-0.131211 0.574933 -0.181422
-0.179626 0.670785 -0.126634
0.00421358 0.8686 -0.186403
-0.139102 0.65951 -0.126634
-0.142529 0.85491 -0.126634
0.0228153 0.774985 -0.176441
-0.197299 0.75445 -0.161499
-0.101863 0.577671 -0.126634
0.0288493 0.710308 -0.146557
0.0200304 0.804836 -0.131615
-0.02285 0.735596 -0.126634
0.00182141 0.682695 -0.126634
-0.159346 0.717843 -0.126634
-0.153312 0.653166 -0.126634
-0.156275 0.84359 -0.126634
0.0344191 0.650607 -0.16648
-0.1717 0.691598 -0.126634
-0.159096 0.768051 -0.126634
0.0204231 0.58908 -0.191383
-0.0368459 0.674069 -0.23621
-0.0789408 0.860842 -0.146557
0.0214229 0.78991 -0.231229
0.0253146 0.589536 -0.231229
-0.0901875 0.664074 -0.126634
-0.131211 0.574933 -0.126634
-0.133711 0.760382 -0.126634
0.0139964 0.869513 -0.131615
-0.191015 0.739981 -0.126634
-0.0259205 0.609848 -0.126634
-0.130497 0.620166 -0.126634
-0.133461 0.81059 -0.126634
-0.127855 0.856279 -0.186403
-0.188945 0.664897 -0.181422
-0.0447365 0.758646 -0.126634
-0.000249414 0.757778 -0.126634
-0.0516987 0.833273 -0.23621
-0.115073 0.772158 -0.23621
-0.0978639 0.693468 -0.23621
-0.0752633 0.71565 -0.23621
-0.069872 0.816522 -0.126634
-0.0669086 0.626098 -0.126634
-0.0161019 0.716151 -0.23621
0.0385964 0.60583 -0.16648
-0.150241 0.778914 -0.23621
0.00346379 0.717977 -0.126634
0.0274568 0.725234 -0.136595
-0.112038 0.792515 -0.126634
-0.026349 0.720214 -0.126634
-0.0754775 0.770833 -0.126634
-0.0831896 0.694837 -0.23621
-0.175698 0.575801 -0.126634
-0.178662 0.766225 -0.126634
-0.116287 0.62651 -0.126634
-0.11925 0.816934 -0.126634
-0.00892547 0.586342 -0.206326
-0.13089 0.835922 -0.126634
-0.184053 0.665354 -0.126634
-0.187266 0.80557 -0.126634
-0.00981806 0.701682 -0.126634
-0.00535507 0.812504 -0.126634
-0.0019275 0.617105 -0.126634
-0.105504 0.828253 -0.126634
-0.101149 0.622904 -0.126634
-0.00674752 0.82743 -0.23621
-0.0186726 0.690819 -0.126634
0.0283851 0.715283 -0.211306
-0.181732 0.640478 -0.126634
-0.0338468 0.589035 -0.23621
-0.0379527 0.844592 -0.126634
-0.0354535 0.659143 -0.126634
-0.0251707 0.760471 -0.23621
-0.131211 0.574933 -0.186403
-0.0861887 0.779871 -0.126634
-0.082297 0.579496 -0.126634
-0.0726926 0.740983 -0.126634
-0.110432 0.722406 -0.23621
-0.0624813 0.63153 -0.23621
-0.15981 0.722818 -0.126634
0.0237436 0.765035 -0.151538
-0.111146 0.677174 -0.23621
-0.114859 0.716975 -0.126634
-0.183375 0.605196 -0.126634
-0.186338 0.79562 -0.126634
-0.177519 0.701092 -0.126634
-0.0627312 0.581322 -0.196364
-0.0917585 0.839573 -0.126634
-0.090616 0.77444 -0.126634
-0.0871884 0.57904 -0.126634
-0.131176 0.680324 -0.23621
-0.0132813 0.791691 -0.23621
-0.181447 0.796076 -0.126634
-0.0854746 0.825104 -0.126634
-0.082047 0.629704 -0.126634
-0.05709 0.732401 -0.23621
-0.104612 0.712912 -0.126634
-0.177733 0.756275 -0.126634
-0.105969 0.833228 -0.126634
-0.15931 0.823234 -0.126634
-0.155419 0.622859 -0.126634
-0.0691579 0.861755 -0.146557
-0.186374 0.690229 -0.126634
-0.103398 0.858561 -0.211306
0.0330266 0.665532 -0.206326
-0.109253 0.762664 -0.126634
-0.113038 0.591684 -0.23621
0.0188165 0.659188 -0.23621
-0.0114247 0.771791 -0.126634
-0.0454148 0.818804 -0.126634
-0.175234 0.570826 -0.196364
-0.141637 0.739569 -0.126634
-0.178876 0.821408 -0.126634
-0.175448 0.626009 -0.126634
-0.147421 0.854453 -0.191383
-0.184303 0.615146 -0.23621
0.00185712 0.788085 -0.126634
-0.0939364 0.598484 -0.126634
-0.182875 0.705611 -0.126634
-0.0317045 0.724733 -0.126634
-0.198692 0.769375 -0.176441
-0.103005 0.642804 -0.126634
-0.145814 0.784345 -0.126634
-0.104183 0.602547 -0.126634
-0.107611 0.797946 -0.126634
0.0237436 0.765035 -0.141576
-0.0461289 0.773571 -0.126634
-0.167772 0.596614 -0.126634
-0.204261 0.829077 -0.211306
0.00207134 0.732902 -0.23621
-0.0200294 0.811135 -0.126634
-0.0175301 0.625686 -0.126634
0.00117875 0.848243 -0.23621
-0.112538 0.692099 -0.23621
-0.0659089 0.826929 -0.126634
-0.126248 0.78617 -0.126634
0.00971196 0.598117 -0.23621
0.0062844 0.793517 -0.23621
-0.204726 0.834052 -0.156518
-0.183589 0.660378 -0.126634
-0.186552 0.850803 -0.126634
-0.104148 0.707937 -0.126634
0.03117 0.685433 -0.181422
-0.178697 0.660835 -0.126634
0.00910501 0.869056 -0.201345
-0.184767 0.620121 -0.161499
-0.103648 0.808353 -0.126634
-0.196835 0.749475 -0.126634
-0.118072 0.857191 -0.226249
-0.0887237 0.85993 -0.141576
-0.0153522 0.866775 -0.136595
-0.191479 0.744956 -0.126634
-0.0740494 0.861299 -0.126634
-0.0701576 0.660924 -0.126634
-0.0593751 0.862668 -0.151538
-0.0892592 0.654123 -0.23621
0.0232795 0.77001 -0.141576
-0.0181728 0.791235 -0.126634
-0.0771556 0.630161 -0.23621
-0.0791907 0.810634 -0.23621
-0.164452 0.77257 -0.126634
0.0172455 0.834687 -0.176441
-0.192872 0.759881 -0.126634
-0.195871 0.844915 -0.126634
-0.0931867 0.749107 -0.126634
-0.0987922 0.703419 -0.126634
-0.184517 0.670329 -0.126634
-0.186802 0.800595 -0.126634
-0.182661 0.650428 -0.126634
-0.186088 0.845828 -0.126634
0.00603447 0.743309 -0.23621
-0.193336 0.764856 -0.126634
-0.144707 0.613821 -0.126634
-0.0815472 0.73012 -0.23621
-0.195657 0.789732 -0.126634
-0.106718 0.682605 -0.126634
0.0237436 0.765035 -0.16648
-0.0797263 0.604828 -0.126634
-0.122357 0.585796 -0.126634
-0.192408 0.754906 -0.126634
-0.0650163 0.711588 -0.126634
-0.185231 0.625096 -0.141576
-0.127677 0.695705 -0.126634
0.0167813 0.839662 -0.161499
-0.181661 0.851259 -0.126634
-0.177769 0.650885 -0.126634
0.027921 0.720259 -0.156518
-0.167022 0.747238 -0.23621
-0.071086 0.670874 -0.126634
-0.0447008 0.864037 -0.216287
-0.147707 0.698855 -0.126634
-0.131211 0.574933 -0.151538
-0.155847 0.733225 -0.126634
-0.0789408 0.860842 -0.126634
-0.0764415 0.675393 -0.126634
-0.0398093 0.864493 -0.126634
-0.0370244 0.834642 -0.126634
-0.034061 0.644218 -0.126634
-0.180126 0.57037 -0.126634
-0.183553 0.765769 -0.126634
-0.180804 0.630528 -0.126634
-0.187552 0.649972 -0.126634
-0.190515 0.840396 -0.126634
-0.174734 0.671241 -0.126634
-0.0999347 0.768552 -0.126634
-0.0969713 0.578127 -0.126634
-0.197049 0.804657 -0.126634
-0.152312 0.853997 -0.211306
-0.181982 0.59027 -0.206326
-0.0480212 0.688081 -0.126634
-0.123928 0.761295 -0.126634
-0.0475214 0.788497 -0.126634
-0.0440938 0.593097 -0.126634
-0.131675 0.579908 -0.23621
-0.135567 0.780283 -0.23621
-0.107433 0.637373 -0.23621
-0.11086 0.832772 -0.23621
-0.0731568 0.745958 -0.23621
0.0339549 0.655582 -0.141576
-0.176091 0.791557 -0.126634
-0.173128 0.601133 -0.126634
-0.1225 0.85176 -0.126634
-0.132318 0.745457 -0.126634
-0.141173 0.734594 -0.23621
-0.193122 0.709673 -0.161499
-0.187731 0.810545 -0.126634
-0.0436297 0.588122 -0.23621
-0.0470572 0.783522 -0.23621
-0.0994705 0.763577 -0.126634
-0.166772 0.797445 -0.126634
0.00396365 0.818392 -0.126634
-0.17095 0.842221 -0.23621
-0.193586 0.714649 -0.23621
-0.152312 0.853997 -0.226249
-0.181982 0.59027 -0.221268
-0.101327 0.783477 -0.126634
-0.0978996 0.588078 -0.126634
-0.0836537 0.699812 -0.126634
0.0320983 0.675482 -0.206326
-0.183839 0.610171 -0.151538
-0.0330613 0.845049 -0.23621
0.0362757 0.630706 -0.211306
-0.03756 0.628836 -0.126634
-0.179412 0.615602 -0.126634
-0.183303 0.815977 -0.126634
0.0176382 0.61893 -0.126634
-0.145386 0.673979 -0.23621
-0.0975782 0.849067 -0.126634
-0.189873 0.674847 -0.126634
-0.0838322 0.860386 -0.231229
-0.141673 0.634178 -0.126634
-0.1451 0.829578 -0.126634
0.0390606 0.600855 -0.196364
-0.196121 0.794707 -0.126634
-0.114395 0.712 -0.126634
-0.203333 0.819126 -0.171461
-0.130711 0.675348 -0.126634
-0.130426 0.830947 -0.126634
0.0177097 0.829712 -0.151538
-0.178412 0.816433 -0.126634
-0.174984 0.621034 -0.126634
-0.110467 0.617016 -0.126634
-0.113431 0.80744 -0.126634
-0.054555 0.652343 -0.126634
-0.154954 0.617884 -0.126634
-0.106004 0.727838 -0.126634
-0.19405 0.719624 -0.23621
-0.171878 0.852172 -0.131615
0.021887 0.784935 -0.191383
-0.162131 0.747694 -0.23621
-0.0605533 0.82241 -0.126634
-0.0571257 0.627011 -0.126634
-0.0144596 0.751434 -0.23621
0.0239578 0.709852 -0.126634
-0.199834 0.834508 -0.126634
0.0367398 0.625731 -0.176441
-0.0205649 0.605329 -0.23621
-0.0239925 0.800729 -0.23621
-0.0738351 0.806116 -0.126634
0.0390606 0.600855 -0.206326
-0.00960384 0.6465 -0.23621
-0.198906 0.824558 -0.126634
-0.202869 0.814151 -0.126634
-0.171271 0.581233 -0.126634
0.00949774 0.6533 -0.23621
0.00653433 0.843724 -0.23621
-0.103398 0.858561 -0.171461
0.0330266 0.665532 -0.176441
-0.0774055 0.579953 -0.176441
-0.0265989 0.670006 -0.126634
-0.145636 0.623772 -0.126634
-0.149063 0.819171 -0.126634
-0.0880453 0.799771 -0.23621
-0.181268 0.635503 -0.126634
-0.187088 0.644997 -0.126634
-0.190051 0.835421 -0.126634
-0.184232 0.825927 -0.126634
-0.116965 0.686668 -0.126634
-0.189623 0.725055 -0.126634
-0.00464099 0.857737 -0.126634
-0.183125 0.655403 -0.126634
0.0269927 0.730209 -0.191383
-0.0370601 0.729252 -0.126634
-0.00117772 0.767728 -0.126634
-0.178947 0.610627 -0.126634
-0.0104607 0.867231 -0.191383
-0.0917942 0.734182 -0.126634
-0.195443 0.734549 -0.126634
-0.198228 0.7644 -0.126634
-0.147707 0.698855 -0.23621
-0.185446 0.680279 -0.126634
-0.0738709 0.700725 -0.23621
-0.163987 0.767594 -0.126634
-0.0575542 0.737376 -0.126634
-0.0882952 0.749564 -0.126634
-0.161453 0.687536 -0.23621
-0.00492663 0.702139 -0.126634
-0.200084 0.784301 -0.126634
-0.20519 0.839027 -0.126634
-0.114645 0.661792 -0.126634
0.0309201 0.635225 -0.23621
-0.0885809 0.593965 -0.126634
-0.000677855 0.868144 -0.176441
0.021887 0.784935 -0.221268
-0.15192 0.638241 -0.126634
-0.155347 0.83364 -0.126634
0.00878366 0.608067 -0.126634
0.0274211 0.619843 -0.126634
-0.190801 0.684798 -0.151538
-0.141851 0.794752 -0.23621
0.000857397 0.587254 -0.141576
-0.126748 0.685755 -0.126634
-0.116537 0.576302 -0.126634
-0.119965 0.771701 -0.126634
-0.103219 0.697987 -0.23621
-0.0654804 0.716563 -0.126634
0.0113543 0.633399 -0.126634
0.00792678 0.828799 -0.126634
-0.138888 0.604327 -0.126634
-0.191265 0.689773 -0.126634
0.0395247 0.59588 -0.196364
0.0132467 0.71889 -0.126634
0.00910501 0.869056 -0.186403
-0.101863 0.577671 -0.196364
-0.197299 0.75445 -0.136595
-0.185231 0.625096 -0.126634
-0.180126 0.57037 -0.156518
-0.0980781 0.748651 -0.126634
-0.07662 0.835967 -0.23621
0.000857397 0.587254 -0.181422
-0.0985422 0.753626 -0.126634
-0.187981 0.760338 -0.23621
-0.0265632 0.775397 -0.23621
-0.0890093 0.704331 -0.126634
-0.191729 0.694748 -0.151538
-0.175877 0.736374 -0.126634
-0.19123 0.795164 -0.126634
-0.0398807 0.653712 -0.126634
0.0232795 0.77001 -0.23621
-0.0107107 0.817023 -0.126634
-0.00728309 0.621624 -0.126634
-0.167237 0.80242 -0.126634
-0.163809 0.607021 -0.126634
-0.193086 0.815064 -0.126634
0.0325625 0.670507 -0.141576
-0.165451 0.571739 -0.176441
-0.195907 0.739524 -0.196364
-0.00938962 0.591317 -0.126634
-0.0686938 0.85678 -0.126634
-0.0642665 0.862211 -0.16648
-0.0710502 0.776265 -0.23621
-0.187552 0.649972 -0.161499
-0.0328471 0.789866 -0.126634
-0.010068 0.651475 -0.126634
-0.14003 0.669461 -0.126634
-0.175234 0.570826 -0.211306
0.0204231 0.58908 -0.126634
-0.129319 0.660423 -0.23621
-0.132282 0.850847 -0.23621
-0.0932224 0.643717 -0.23621
-0.0881167 0.58899 -0.23621
-0.0871884 0.57904 -0.176441
-0.201012 0.794251 -0.126634
-0.101149 0.622904 -0.23621
-0.105504 0.828253 -0.23621
-0.0669086 0.626098 -0.23621
-0.069872 0.816522 -0.23621
-0.188695 0.715105 -0.126634
-0.122964 0.856735 -0.231229
-0.0184227 0.741027 -0.23621
-0.182625 0.755819 -0.126634
-0.186624 0.640022 -0.126634
-0.196835 0.749475 -0.216287
-0.11975 0.716519 -0.126634
-0.160024 0.778001 -0.126634
-0.157061 0.587577 -0.126634
-0.0995063 0.658186 -0.126634
0.0246719 0.755085 -0.146557
-0.161488 0.582145 -0.23621
-0.117929 0.591227 -0.126634
-0.121357 0.786627 -0.126634
-0.161488 0.582145 -0.126634
-0.19962 0.779325 -0.126634
-0.0138169 0.585885 -0.231229
-0.165451 0.571739 -0.186403
-0.195907 0.739524 -0.211306
-0.0300979 0.654624 -0.126634
-0.0284912 0.584516 -0.171461
-0.198692 0.769375 -0.126634
-0.0426299 0.788953 -0.126634
-0.0673013 0.841854 -0.126634
-0.111324 0.837747 -0.23621
-0.0955431 0.668593 -0.126634
0.0302417 0.695383 -0.206326
-0.0996848 0.818759 -0.23621
-0.0838322 0.860386 -0.141576
-0.195907 0.739524 -0.131615
-0.183839 0.610171 -0.126634
-0.123713 0.706112 -0.126634
-0.0491638 0.753215 -0.23621
0.0251361 0.750109 -0.221268
-0.113466 0.702049 -0.126634
-0.191944 0.749931 -0.126634
0.037204 0.620756 -0.151538
-0.0503777 0.607566 -0.126634
-0.107647 0.692556 -0.126634
-0.131211 0.574933 -0.216287
-0.082297 0.579496 -0.16648
-0.0705861 0.77129 -0.126634
0.0053561 0.803467 -0.126634
-0.00585493 0.712089 -0.23621
-0.0118889 0.776766 -0.126634
-0.0997205 0.713369 -0.126634
-0.122071 0.741394 -0.126634
-0.0544836 0.863124 -0.126634
-0.177305 0.645909 -0.126634
-0.122964 0.856735 -0.226249
-0.11136 0.732357 -0.126634
-0.204261 0.829077 -0.126634
-0.155883 0.627834 -0.126634
-0.121393 0.681236 -0.126634
-0.113681 0.757232 -0.126634
-0.149349 0.663573 -0.23621
-0.0864743 0.624273 -0.23621
-0.0894377 0.814697 -0.23621
-0.0300265 0.865406 -0.171461
-0.165844 0.787495 -0.126634
-0.162881 0.597071 -0.126634
-0.167058 0.641847 -0.23621
-0.170021 0.832271 -0.23621
-0.0871884 0.57904 -0.23621
-0.090616 0.77444 -0.23621
-0.0917585 0.839573 -0.23621
-0.143493 0.759469 -0.23621
-0.0992563 0.708394 -0.126634
0.0362757 0.630706 -0.191383
0.0256002 0.745134 -0.146557
-0.115537 0.777133 -0.126634
-0.155597 0.783432 -0.126634
-0.152634 0.593008 -0.126634
-0.162095 0.853084 -0.156518
-0.111646 0.576758 -0.156518
-0.0992563 0.708394 -0.23621
-0.0202793 0.760928 -0.23621
-0.0944006 0.603459 -0.126634
-0.203333 0.819126 -0.126634
-0.0694793 0.600766 -0.126634
-0.192158 0.805114 -0.126634
-0.11743 0.691643 -0.126634
-0.190087 0.73003 -0.23621
-0.191265 0.689773 -0.176441
-0.0892592 0.654123 -0.126634
-0.0934366 0.6989 -0.126634
-0.181982 0.59027 -0.186403
-0.122821 0.590771 -0.126634
-0.125784 0.781195 -0.126634
-0.198692 0.769375 -0.161499
-0.16845 0.656772 -0.23621
-0.178233 0.65586 -0.126634
-0.135853 0.624684 -0.23621
-0.0551977 0.817891 -0.126634
0.00421358 0.8686 -0.146557
0.0348832 0.645631 -0.136595
-0.106754 0.577215 -0.201345
-0.147278 0.588489 -0.126634
-0.178019 0.600677 -0.126634
-0.0187083 0.585429 -0.231229
0.0237436 0.765035 -0.23621
-0.161024 0.57717 -0.126634
-0.181661 0.851259 -0.211306
0.03117 0.685433 -0.201345
-0.194264 0.774807 -0.23621
-0.040095 0.708895 -0.126634
-0.11668 0.842266 -0.126634
-0.0565902 0.832817 -0.23621
-0.0642665 0.862211 -0.146557
-0.135317 0.83049 -0.23621
-0.176627 0.585751 -0.126634
-0.180054 0.781151 -0.126634
-0.157704 0.753125 -0.23621
-0.0985065 0.859017 -0.216287
-0.0573399 0.682194 -0.126634
-0.175627 0.786582 -0.126634
-0.173592 0.606108 -0.126634
-0.180983 0.791101 -0.126634
-0.0580183 0.742352 -0.126634
-0.141137 0.839984 -0.126634
-0.125606 0.620622 -0.23621
-0.127177 0.796121 -0.23621
-0.192194 0.699723 -0.126634
0.0367398 0.625731 -0.196364
-0.178912 0.716018 -0.126634
-0.167736 0.702005 -0.126634
-0.147956 0.648647 -0.126634
-0.176591 0.691142 -0.126634
0.0197805 0.754628 -0.23621
-0.0894735 0.709306 -0.126634
-0.162345 0.802877 -0.126634
-0.178483 0.605652 -0.126634
-0.181911 0.801051 -0.126634
-0.201227 0.849434 -0.186403
-0.190551 0.735005 -0.126634
-0.161702 0.637328 -0.23621
-0.0936151 0.859473 -0.201345
-0.0575542 0.737376 -0.23621
-0.143993 0.659054 -0.126634
-0.146957 0.849478 -0.126634
-0.0687295 0.751389 -0.126634
0.0258144 0.689951 -0.126634
-0.0850105 0.820128 -0.126634
-0.175377 0.83679 -0.126634
-0.172878 0.651341 -0.126634
-0.0235998 0.584973 -0.176441
-0.110646 0.777589 -0.126634
-0.0529484 0.582234 -0.191383
-0.0960073 0.673568 -0.126634
-0.0782624 0.800684 -0.126634
-0.0748349 0.605285 -0.126634
0.0204231 0.58908 -0.161499
-0.129747 0.770789 -0.126634
-0.102791 0.587621 -0.126634
-0.105754 0.778046 -0.126634
-0.195407 0.83994 -0.126634
-0.0239925 0.800729 -0.126634
-0.0205649 0.605329 -0.126634
-0.118858 0.601178 -0.126634
-0.122749 0.801552 -0.126634
-0.162809 0.807852 -0.126634
0.0274568 0.725234 -0.226249
-0.190337 0.679823 -0.126634
0.0025712 0.833318 -0.126634
-0.186838 0.695204 -0.126634
-0.181054 0.58032 -0.126634
-0.184482 0.775719 -0.126634
-0.121428 0.575846 -0.23621
-0.124856 0.771245 -0.23621
-0.144457 0.664029 -0.126634
-0.12632 0.575389 -0.136595
-0.18848 0.659922 -0.161499
-0.0132813 0.791691 -0.126634
-0.050342 0.712957 -0.126634
0.015853 0.849612 -0.201345
-0.0934723 0.593509 -0.126634
-0.19962 0.779325 -0.23621
0.0399889 0.590905 -0.231229
-0.197513 0.809633 -0.126634
-0.0389524 0.643762 -0.126634
-0.171878 0.852172 -0.126634
-0.124642 0.716062 -0.126634
-0.200298 0.839483 -0.126634
-0.0838322 0.860386 -0.171461
-0.148385 0.759013 -0.23621
-0.188016 0.654947 -0.126634
-0.191444 0.850346 -0.126634
-0.190087 0.73003 -0.126634
-0.158632 0.763076 -0.23621
-0.137459 0.694793 -0.126634
-0.156561 0.687992 -0.126634
-0.0691579 0.861755 -0.136595
0.0353474 0.640656 -0.156518
-0.173092 0.706524 -0.23621
-0.191694 0.800139 -0.126634
0.0228153 0.774985 -0.131615
-0.185695 0.630071 -0.126634
-0.0789408 0.860842 -0.211306
-0.169843 0.671698 -0.126634
0.0307059 0.690408 -0.176441
-0.18616 0.635046 -0.126634
-0.0866885 0.679456 -0.23621
-0.145386 0.673979 -0.126634
-0.113181 0.857648 -0.16648
-0.0852961 0.66453 -0.126634
-0.136745 0.740025 -0.126634
0.00421358 0.8686 -0.151538
-0.142529 0.85491 -0.146557
-0.185695 0.630071 -0.131615
0.0228153 0.774985 -0.126634
-0.100899 0.673111 -0.126634
-0.053841 0.697575 -0.23621
-0.139566 0.664486 -0.126634
-0.0349179 0.864949 -0.201345
-0.165416 0.677129 -0.126634
-0.0438082 0.748696 -0.126634
-0.164273 0.611996 -0.23621
-0.167701 0.807395 -0.23621
-0.0519844 0.677675 -0.126634
-0.0920441 0.683974 -0.23621
-0.124213 0.605696 -0.126634
-0.128569 0.811046 -0.126634
-0.169629 0.616515 -0.126634
-0.127462 0.640522 -0.126634
-0.191729 0.694748 -0.211306
-0.167486 0.752213 -0.126634
-0.12607 0.625597 -0.126634
-0.116037 0.676717 -0.126634
-0.0187083 0.585429 -0.146557
-0.11161 0.682149 -0.23621
0.0139964 0.869513 -0.16648
-0.0755132 0.665443 -0.126634
-0.170271 0.782063 -0.126634
0.00831951 0.613043 -0.23621
-0.19937 0.829533 -0.23621
-0.0544836 0.863124 -0.131615
-0.17145 0.741806 -0.23621
-0.17934 0.826383 -0.126634
-0.176377 0.635959 -0.126634
0.0186022 0.714371 -0.126634
0.0232795 0.77001 -0.131615
-0.0265632 0.775397 -0.126634
-0.18059 0.575345 -0.126634
-0.183089 0.760794 -0.126634
0.0265285 0.735184 -0.206326
-0.163523 0.762619 -0.23621
-0.155668 0.572651 -0.201345
-0.118394 0.596203 -0.126634
-0.120893 0.781652 -0.126634
-0.11443 0.606609 -0.23621
-0.0708717 0.615691 -0.23621
-0.0742993 0.811091 -0.23621
-0.02285 0.735596 -0.23621
-0.185196 0.730487 -0.126634
-0.164202 0.822777 -0.126634
-0.161952 0.58712 -0.126634
0.0348832 0.645631 -0.16648
-0.106754 0.577215 -0.171461
-0.187052 0.750387 -0.126634
-0.184267 0.720536 -0.126634
0.0269927 0.730209 -0.156518
-0.191729 0.694748 -0.201345
-0.0244924 0.700313 -0.23621
0.00785536 0.618018 -0.126634
-0.201477 0.799226 -0.126634
-0.113931 0.707025 -0.23621
-0.0235998 0.584973 -0.126634
-0.110932 0.621991 -0.126634
-0.114359 0.81739 -0.126634
-0.0971498 0.738701 -0.126634
0.0334908 0.660557 -0.16648
-0.180768 0.735918 -0.23621
-0.00371269 0.847787 -0.126634
-0.000749274 0.657363 -0.126634
-0.132354 0.640066 -0.126634
-0.15956 0.773026 -0.126634
-0.155668 0.572651 -0.126634
-0.103255 0.592596 -0.126634
-0.16006 0.67261 -0.126634
-0.0405948 0.608479 -0.23621
-0.194514 0.724599 -0.126634
-0.20519 0.839027 -0.191383
0.00860515 0.768641 -0.126634
0.0204946 0.799861 -0.161499
-0.165451 0.571739 -0.216287
-0.189373 0.775263 -0.126634
-0.142101 0.744544 -0.126634
-0.0731211 0.851348 -0.23621
-0.188909 0.770288 -0.126634
0.0200304 0.804836 -0.221268
-0.0431655 0.583147 -0.196364
0.0128182 0.829255 -0.23621
0.0162458 0.633856 -0.23621
-0.0690151 0.595791 -0.23621
-0.025135 0.865862 -0.126634
-0.0226358 0.680413 -0.126634
-0.0529127 0.687625 -0.126634
-0.00556929 0.867687 -0.156518
-0.107397 0.742763 -0.126634
0.0200304 0.804836 -0.186403
-0.166558 0.742262 -0.23621
-0.0237783 0.745546 -0.23621
-0.147421 0.854453 -0.226249
-0.184303 0.615146 -0.201345
-0.187981 0.760338 -0.126634
-0.183339 0.710586 -0.126634
-0.181947 0.695661 -0.126634
-0.0272416 0.835555 -0.126634
-0.023814 0.640155 -0.126634
0.000928817 0.798035 -0.23621
-0.174484 0.721449 -0.126634
-0.025385 0.815654 -0.23621
-0.148171 0.70383 -0.126634
-0.140744 0.624228 -0.23621
-0.144172 0.819627 -0.23621
-0.196335 0.84989 -0.126634
-0.198692 0.769375 -0.216287
-0.179804 0.831358 -0.126634
-0.176841 0.640934 -0.126634
-0.12582 0.675805 -0.126634
-0.0559475 0.667268 -0.23621
0.0307059 0.690408 -0.191383
-0.133246 0.755407 -0.126634
-0.0629098 0.741895 -0.126634
-0.17452 0.616059 -0.126634
0.0353474 0.640656 -0.131615
-0.0922941 0.633767 -0.126634
-0.189373 0.775263 -0.23621
-0.104362 0.76312 -0.126634
0.0232795 0.77001 -0.216287
-0.184767 0.620121 -0.211306
-0.197299 0.75445 -0.191383
-0.0254207 0.710264 -0.126634
-0.128641 0.600265 -0.126634
-0.131604 0.790689 -0.126634
-0.0343109 0.59401 -0.23621
-0.0377385 0.78941 -0.23621
-0.0347394 0.704376 -0.23621
-0.157204 0.853541 -0.206326
-0.14635 0.578539 -0.126634
-0.149313 0.768963 -0.126634
-0.176127 0.686167 -0.126634
0.0339549 0.655582 -0.151538
-0.177019 0.801508 -0.126634
-0.172199 0.591183 -0.126634
-0.179162 0.66581 -0.126634
-0.173556 0.711499 -0.126634
-0.20519 0.839027 -0.23621
0.0350974 0.590449 -0.16648
-0.0608032 0.772202 -0.23621
-0.0475571 0.683106 -0.23621
-0.0179228 0.841443 -0.126634
-0.0144953 0.646043 -0.126634
-0.196585 0.799682 -0.126634
-0.135817 0.730075 -0.126634
-0.136103 0.574477 -0.181422
-0.17377 0.766682 -0.126634
-0.170343 0.571282 -0.126634
-0.0843321 0.75997 -0.23621
-0.116751 0.631485 -0.23621
-0.0333826 0.58406 -0.136595
-0.203333 0.819126 -0.191383
0.000214736 0.752803 -0.23621
0.0385964 0.60583 -0.146557
-0.013567 0.636093 -0.23621
-0.0165304 0.826517 -0.23621
-0.172378 0.751756 -0.126634
-0.150777 0.573108 -0.221268
0.024422 0.704877 -0.23621
-0.177983 0.706067 -0.126634
-0.17402 0.716474 -0.126634
-0.154455 0.718299 -0.126634
-0.126498 0.735963 -0.126634
-0.082297 0.579496 -0.206326
-0.152384 0.643216 -0.126634
-0.118072 0.857191 -0.216287
-0.0153522 0.866775 -0.126634
-0.0119246 0.671375 -0.126634
-0.150777 0.573108 -0.211306
-0.113716 0.651842 -0.126634
-0.115752 0.832316 -0.126634
0.00996189 0.648325 -0.23621
0.00699848 0.838749 -0.23621
-0.175663 0.681192 -0.126634
0.0202089 0.644262 -0.126634
0.0163172 0.844637 -0.126634
-0.196335 0.84989 -0.221268
-0.0112105 0.716608 -0.126634
-0.175199 0.676217 -0.126634
0.0149247 0.859562 -0.206326
-0.00403404 0.586798 -0.231229
-0.0694793 0.600766 -0.23621
-0.0589109 0.857692 -0.126634
-0.0554833 0.662293 -0.126634
-0.170093 0.62149 -0.23621
-0.162381 0.697486 -0.126634
-0.0235998 0.584973 -0.156518
-0.0792264 0.705244 -0.23621
-0.165166 0.727337 -0.126634
0.0269927 0.730209 -0.16648
0.0104618 0.74874 -0.126634
-0.171735 0.586208 -0.23621
-0.11136 0.732357 -0.23621
-0.192658 0.704698 -0.126634
-0.112752 0.747282 -0.126634
-0.149599 0.613365 -0.126634
-0.00606915 0.767272 -0.126634
-0.0648021 0.656405 -0.126634
-0.17427 0.666266 -0.126634
-0.07662 0.835967 -0.126634
-0.00556929 0.867687 -0.191383
-0.157454 0.803333 -0.126634
-0.123499 0.650929 -0.126634
-0.126463 0.841353 -0.126634
-0.161667 0.742719 -0.126634
-0.0533411 0.797991 -0.126634
-0.180768 0.735918 -0.126634
-0.172414 0.646366 -0.126634
0.0191021 0.814786 -0.16648
-0.166558 0.742262 -0.126634
0.00928352 0.708483 -0.126634
-0.0731568 0.745958 -0.126634
-0.0536267 0.642392 -0.23621
-0.0409876 0.824235 -0.126634
-0.151205 0.683473 -0.126634
-0.00421255 0.747371 -0.23621
-0.176805 0.746325 -0.126634
-0.174449 0.82684 -0.126634
-0.171021 0.63144 -0.126634
-0.147207 0.799271 -0.23621
-0.0204935 0.816111 -0.126634
0.0316342 0.680457 -0.146557
0.0246362 0.649694 -0.126634
-0.0284912 0.584516 -0.226249
-0.16056 0.572195 -0.211306
-0.0512703 0.722907 -0.23621
-0.0873669 0.739614 -0.126634
-0.152312 0.853997 -0.216287
-0.171664 0.796989 -0.23621
0.0172455 0.834687 -0.23621
0.0192806 0.654213 -0.23621
-0.1461 0.628747 -0.126634
-0.188945 0.664897 -0.126634
-0.17352 0.816889 -0.126634
-0.170557 0.626465 -0.126634
-0.0745492 0.760883 -0.23621
-0.0316688 0.830123 -0.126634
-0.0282413 0.634724 -0.126634
-0.203333 0.819126 -0.131615
-0.0333826 0.58406 -0.126634
-0.192872 0.759881 -0.23621
-0.137709 0.644585 -0.126634
-0.182446 0.595245 -0.186403
-0.123285 0.595746 -0.126634
-0.107183 0.68758 -0.126634
-0.190801 0.684798 -0.126634
-0.168879 0.767138 -0.126634
-0.166844 0.586664 -0.126634
-0.0169945 0.831492 -0.126634
-0.0140311 0.641068 -0.126634
0.0313842 0.63025 -0.23621
-0.109039 0.707481 -0.126634
-0.032133 0.835098 -0.126634
-0.0277771 0.629749 -0.126634
-0.18516 0.835877 -0.126634
0.0376681 0.615781 -0.151538
-0.0193867 0.645587 -0.23621
0.0223512 0.77996 -0.186403
-0.165451 0.571739 -0.206326
-0.197763 0.759425 -0.126634
-0.0188511 0.851393 -0.126634
-0.17959 0.776176 -0.126634
-0.147671 0.804246 -0.23621
-0.109503 0.712456 -0.126634
-0.179126 0.7712 -0.126634
-0.0689794 0.701181 -0.126634
-0.118072 0.857191 -0.126634
-0.127855 0.856279 -0.216287
-0.166987 0.852628 -0.201345
-0.188945 0.664897 -0.211306
-0.157275 0.64276 -0.126634
-0.0526627 0.737833 -0.23621
0.0399889 0.590905 -0.16648
0.0297776 0.700358 -0.23621
-0.0953289 0.61341 -0.126634
0.0325625 0.670507 -0.16648
-0.165451 0.571739 -0.226249
-0.197763 0.759425 -0.146557
-0.081333 0.674937 -0.126634
-0.173806 0.661291 -0.126634
-0.116537 0.576302 -0.206326
-0.12632 0.575389 -0.16648
0.0288135 0.604918 -0.23621
-0.137495 0.589402 -0.126634
-0.025135 0.865862 -0.211306
0.0163172 0.844637 -0.23621
-0.140994 0.57402 -0.126634
0.0202089 0.644262 -0.23621
-0.15142 0.738656 -0.126634
-0.0750491 0.660468 -0.23621
-0.0784766 0.855867 -0.23621
-0.116537 0.576302 -0.176441
0.0106403 0.588167 -0.151538
-0.12632 0.575389 -0.126634
-0.126713 0.791146 -0.126634
-0.18848 0.659922 -0.126634
-0.135389 0.619709 -0.23621
-0.0777983 0.795709 -0.126634
-0.0743707 0.60031 -0.126634
-0.148849 0.763988 -0.126634
-0.189159 0.72008 -0.126634
-0.174949 0.726424 -0.126634
-0.148635 0.708805 -0.126634
-0.19405 0.719624 -0.171461
-0.12 0.666311 -0.126634
-0.122964 0.856735 -0.126634
-0.0449864 0.708438 -0.23621
-0.146778 0.688905 -0.126634
-0.0774055 0.579953 -0.131615
-0.0999704 0.663161 -0.126634
-0.0187083 0.585429 -0.191383
-0.181482 0.690686 -0.126634
-0.146314 0.68393 -0.126634
-0.14585 0.678955 -0.126634
-0.191444 0.850346 -0.201345
-0.188016 0.654947 -0.201345
-0.0430941 0.793928 -0.126634
-0.129498 0.820996 -0.126634
-0.108575 0.702506 -0.126634
-0.172842 0.756731 -0.126634
-0.0988279 0.598028 -0.126634
-0.0333112 0.794841 -0.23621
-0.175234 0.570826 -0.201345
0.0204231 0.58908 -0.136595
0.00974767 0.703508 -0.126634
-0.182196 0.645453 -0.126634
-0.185624 0.840852 -0.126634
0.00996189 0.648325 -0.126634
0.00699848 0.838749 -0.126634
0.00717699 0.678176 -0.126634
-0.0121745 0.621167 -0.23621
-0.143529 0.654079 -0.126634
-0.147421 0.854453 -0.126634
0.0307059 0.690408 -0.186403
-0.0967214 0.628335 -0.126634
-0.100399 0.773527 -0.126634
-0.0382741 0.583604 -0.231229
-0.150777 0.573108 -0.161499
0.0199947 0.699445 -0.23621
-0.0245281 0.594923 -0.126634
-0.139816 0.614278 -0.23621
-0.142779 0.804702 -0.23621
-0.0279556 0.790322 -0.126634
-0.142137 0.639153 -0.126634
-0.110396 0.827797 -0.23621
-0.0736209 0.750933 -0.23621
-0.0642665 0.862211 -0.176441
-0.16588 0.682104 -0.126634
-0.104862 0.662705 -0.23621
-0.108289 0.858104 -0.23621
-0.0419873 0.623405 -0.126634
-0.123249 0.701137 -0.126634
-0.0725141 0.580409 -0.176441
-0.107825 0.853129 -0.126634
-0.104398 0.65773 -0.126634
-0.0568758 0.677218 -0.126634
-0.139816 0.614278 -0.126634
-0.142779 0.804702 -0.126634
-0.139745 0.825059 -0.126634
-0.113681 0.757232 -0.23621
-0.0740851 0.755908 -0.126634
0.0177097 0.829712 -0.186403
-0.0897234 0.659099 -0.23621
-0.153491 0.81374 -0.126634
-0.185231 0.625096 -0.156518
-0.197299 0.75445 -0.131615
-0.0463789 0.723364 -0.126634
-0.0372744 0.784434 -0.126634
-0.0347751 0.598985 -0.126634
-0.15674 0.848566 -0.126634
0.0221012 0.729752 -0.126634
0.0251361 0.750109 -0.201345
-0.0575185 0.842767 -0.126634
-0.0526984 0.632442 -0.126634
-0.141387 0.789777 -0.126634
-0.194729 0.779782 -0.126634
-0.153026 0.808765 -0.126634
-0.152098 0.798814 -0.126634
-0.084582 0.709763 -0.23621
-0.133746 0.654992 -0.126634
-0.144922 0.669004 -0.23621
-0.0235284 0.795754 -0.126634
-0.0201008 0.600354 -0.126634
-0.119322 0.606153 -0.126634
-0.122285 0.796577 -0.126634
0.015139 0.80438 -0.126634
-0.0445222 0.703463 -0.126634
-0.0556619 0.822866 -0.126634
-0.185695 0.630071 -0.176441
-0.150241 0.778914 -0.126634
-0.114181 0.656817 -0.126634
-0.163273 0.812827 -0.126634
-0.147457 0.749063 -0.126634
-0.0349179 0.864949 -0.131615
-0.146992 0.744088 -0.126634
-0.146528 0.739113 -0.126634
-0.0969713 0.578127 -0.191383
-0.146064 0.734137 -0.126634
0.0325625 0.670507 -0.206326
-0.167951 0.757188 -0.126634
-0.183375 0.605196 -0.23621
-0.186338 0.79562 -0.23621
-0.140994 0.57402 -0.146557
-0.077834 0.690318 -0.23621
-0.133496 0.705199 -0.126634
-0.140994 0.57402 -0.186403
-0.0189226 0.640612 -0.126634
-0.0102822 0.706658 -0.126634
-0.119786 0.611128 -0.126634
-0.158918 0.607477 -0.23621
0.0330266 0.665532 -0.156518
-0.0774055 0.579953 -0.161499
-0.0682296 0.851805 -0.126634
-0.064088 0.701638 -0.126634
-0.0247066 0.755496 -0.126634
-0.114823 0.822366 -0.126634
-0.17095 0.842221 -0.126634
-0.0312404 0.719758 -0.126634
-0.140244 0.724643 -0.126634
-0.0811187 0.619754 -0.126634
-0.176769 0.851715 -0.201345
-0.160988 0.682561 -0.23621
-0.0699434 0.605741 -0.23621
-0.0729068 0.796165 -0.23621
-0.0514845 0.77809 -0.126634
-0.0485211 0.587666 -0.126634
-0.0338111 0.694426 -0.126634
-0.113038 0.591684 -0.126634
-0.102934 0.853585 -0.126634
-0.0808331 0.775352 -0.126634
-0.0649806 0.816979 -0.126634
-0.061553 0.621579 -0.126634
0.0178882 0.669138 -0.126634
-0.142529 0.85491 -0.196364
-0.00817568 0.736965 -0.126634
-0.172199 0.591183 -0.23621
-0.177019 0.801508 -0.23621
-0.156097 0.683017 -0.126634
-0.134925 0.614734 -0.126634
-0.138352 0.810134 -0.126634
-0.155668 0.572651 -0.146557
-0.0654447 0.821954 -0.126634
-0.0620172 0.626554 -0.126634
-0.133532 0.599809 -0.126634
-0.136495 0.790233 -0.126634
-0.202405 0.809176 -0.196364
0.000678886 0.747828 -0.126634
0.00157148 0.632487 -0.23621
-0.00185609 0.827886 -0.23621
-0.133068 0.594834 -0.126634
0.0160673 0.794429 -0.126634
-0.191444 0.850346 -0.156518
-0.188016 0.654947 -0.156518
-0.16056 0.572195 -0.23621
-0.203333 0.819126 -0.176441
-0.160703 0.838159 -0.126634
-0.157739 0.647735 -0.126634
-0.198692 0.769375 -0.186403
-0.0156021 0.816567 -0.23621
-0.0521986 0.732858 -0.23621
-0.132604 0.589858 -0.126634
-0.134639 0.770332 -0.126634
-0.13214 0.584883 -0.126634
-0.135103 0.775308 -0.126634
0.00135726 0.68767 -0.23621
0.0381323 0.610806 -0.191383
-0.162095 0.853084 -0.126634
-0.158668 0.657685 -0.126634
-0.111646 0.576758 -0.126634
-0.0417016 0.779003 -0.23621
-0.131675 0.579908 -0.126634
-0.135567 0.780283 -0.126634
-0.0479855 0.793472 -0.126634
-0.0450221 0.603048 -0.126634
-0.175163 0.781607 -0.23621
-0.19405 0.719624 -0.126634
-0.170307 0.676673 -0.126634
-0.120679 0.726469 -0.23621
-0.190801 0.684798 -0.196364
-0.131426 0.630116 -0.23621
-0.134853 0.825515 -0.23621
-0.0761916 0.725601 -0.23621
0.0237436 0.765035 -0.221268
-0.0640523 0.807028 -0.126634
0.0190307 0.604005 -0.126634
0.0165314 0.789454 -0.126634
-0.0936865 0.648692 -0.126634
-0.201477 0.799226 -0.23621
-0.15374 0.763532 -0.126634
-0.0459504 0.612998 -0.126634
0.0334908 0.660557 -0.161499
-0.0775841 0.740526 -0.23621
-0.156597 0.582602 -0.126634
-0.122321 0.691187 -0.126634
-0.102327 0.582646 -0.126634
-0.10529 0.77307 -0.126634
-0.0249922 0.599898 -0.23621
-0.0284198 0.795297 -0.23621
-0.166344 0.687079 -0.126634
-0.147671 0.804246 -0.126634
-0.181054 0.58032 -0.216287
0.00299964 0.722952 -0.23621
-0.147207 0.799271 -0.126634
-0.0202436 0.866318 -0.126634
-0.0841536 0.599397 -0.23621
-0.0866528 0.784846 -0.23621
-0.18059 0.575345 -0.16648
-0.0727283 0.635592 -0.23621
-0.0761559 0.830991 -0.23621
-0.162095 0.853084 -0.161499
0.0381323 0.610806 -0.226249
-0.111646 0.576758 -0.161499
0.0144606 0.864538 -0.23621
-0.143493 0.759469 -0.126634
-0.142565 0.749519 -0.126634
-0.0317403 0.619342 -0.126634
-0.141173 0.734594 -0.126634
-0.0517344 0.727883 -0.126634
-0.0985065 0.859017 -0.186403
-0.167272 0.69703 -0.126634
-0.132747 0.855822 -0.126634
-0.176555 0.796533 -0.126634
-0.172664 0.596158 -0.126634
-0.140709 0.729619 -0.126634
-0.0840822 0.810178 -0.126634
-0.0806546 0.614779 -0.126634
-0.13978 0.719668 -0.126634
-0.00910398 0.746915 -0.126634
0.0153889 0.854587 -0.151538
-0.0782981 0.695294 -0.126634
-0.194479 0.829989 -0.23621
-0.139316 0.714693 -0.126634
0.0204231 0.58908 -0.23621
-0.113217 0.752257 -0.23621
-0.0750134 0.765858 -0.126634
-0.117608 0.852216 -0.126634
-0.118608 0.651385 -0.126634
-0.122035 0.846785 -0.126634
-0.138388 0.704743 -0.126634
-0.0978282 0.798859 -0.126634
-0.00449819 0.591773 -0.126634
-0.136531 0.684842 -0.126634
-0.206118 0.848977 -0.141576
0.00860515 0.768641 -0.23621
-0.0156378 0.711176 -0.23621
0.0243863 0.599486 -0.23621
-0.0789408 0.860842 -0.156518
0.0214229 0.78991 -0.221268
0.0253146 0.589536 -0.221268
-0.136067 0.679867 -0.126634
-0.154919 0.723274 -0.23621
-0.197763 0.759425 -0.161499
-0.135603 0.674892 -0.126634
-0.181518 0.585295 -0.206326
-0.134889 0.720125 -0.126634
-0.118786 0.811959 -0.126634
-0.0659803 0.616148 -0.126634
-0.153955 0.818715 -0.126634
0.027921 0.720259 -0.216287
-0.0307405 0.820173 -0.126634
-0.0291696 0.644674 -0.126634
-0.176341 0.74135 -0.23621
-0.035632 0.819717 -0.126634
-0.0326686 0.629292 -0.126634
-0.0130314 0.841899 -0.126634
0.0148533 0.648781 -0.126634
-0.19405 0.719624 -0.186403
-0.145636 0.623772 -0.23621
-0.149063 0.819171 -0.23621
-0.0477713 0.738289 -0.23621
-0.186552 0.850803 -0.176441
0.0195663 0.809811 -0.131615
-0.204726 0.834052 -0.206326
-0.0233141 0.740571 -0.126634
0.0320983 0.675482 -0.226249
-0.10554 0.722863 -0.126634
-0.0601249 0.712044 -0.23621
-0.145136 0.724187 -0.126634
-0.0545193 0.757733 -0.126634
-0.13189 0.635091 -0.126634
-0.134389 0.82054 -0.126634
0.0269927 0.730209 -0.186403
-0.131426 0.630116 -0.126634
-0.134853 0.825515 -0.126634
0.0344191 0.650607 -0.181422
-0.195443 0.734549 -0.231229
-0.0279913 0.684932 -0.126634
-0.170736 0.787039 -0.126634
-0.167308 0.591639 -0.126634
-0.129105 0.60524 -0.126634
-0.132068 0.795664 -0.126634
-0.136781 0.634635 -0.23621
0.0353474 0.640656 -0.201345
-0.0908659 0.724232 -0.23621
-0.0296337 0.649649 -0.126634
-0.128176 0.59529 -0.126634
0.0320983 0.675482 -0.171461
-0.183839 0.610171 -0.211306
-0.0335254 0.850024 -0.126634
-0.140958 0.679411 -0.23621
-0.127712 0.590315 -0.126634
-0.13114 0.785714 -0.126634
-0.127248 0.58534 -0.126634
-0.130676 0.780739 -0.126634
0.0139964 0.869513 -0.23621
-0.138602 0.759926 -0.126634
-0.136103 0.574477 -0.151538
-0.128819 0.760839 -0.126634
-0.158846 0.818258 -0.126634
-0.137674 0.749976 -0.126634
-0.150456 0.834097 -0.23621
-0.0473072 0.733314 -0.23621
-0.104648 0.607522 -0.126634
0.0195663 0.809811 -0.201345
0.027921 0.720259 -0.186403
-0.13721 0.745 -0.126634
-0.066623 0.781696 -0.23621
-0.12025 0.616103 -0.126634
-0.135353 0.7251 -0.126634
-0.0652662 0.66138 -0.23621
-0.0394166 0.648737 -0.126634
-0.108289 0.858104 -0.126634
-0.104862 0.662705 -0.126634
-0.134425 0.71515 -0.126634
-0.00239166 0.62208 -0.23621
-0.04238 0.839161 -0.126634
0.0123541 0.83423 -0.23621
0.0157816 0.638831 -0.23621
0.0251361 0.750109 -0.206326
-0.133961 0.710174 -0.126634
-0.202869 0.814151 -0.221268
0.00253549 0.727927 -0.23621
-0.0774055 0.579953 -0.201345
-0.168415 0.762163 -0.126634
-0.170343 0.571282 -0.226249
0.00574883 0.587711 -0.176441
-0.189409 0.669872 -0.23621
0.00371372 0.768185 -0.23621
-0.133032 0.700224 -0.126634
-0.005605 0.762297 -0.23621
-0.13164 0.685299 -0.126634
-0.187088 0.644997 -0.146557
-0.0508061 0.717932 -0.126634
-0.163309 0.707436 -0.126634
0.00574883 0.587711 -0.126634
-0.118572 0.756776 -0.126634
0.0341691 0.600399 -0.23621
-0.174913 0.831815 -0.126634
-0.173342 0.656316 -0.126634
-0.122964 0.856735 -0.171461
-0.128391 0.650473 -0.126634
-0.131818 0.845872 -0.126634
0.0223512 0.77996 -0.221268
-0.165451 0.571739 -0.146557
-0.0247423 0.650106 -0.23621
-0.0277057 0.84053 -0.23621
-0.00796146 0.681782 -0.23621
-0.126534 0.630572 -0.126634
-0.129283 0.765814 -0.126634
-0.123749 0.600721 -0.126634
-0.129033 0.816021 -0.126634
-0.121893 0.580821 -0.126634
-0.112538 0.692099 -0.126634
-0.0568758 0.677218 -0.23621
-0.0128529 0.681325 -0.126634
-0.200762 0.844459 -0.126634
-0.121428 0.575846 -0.126634
-0.124856 0.771245 -0.126634
-0.187552 0.649972 -0.221268
-0.141601 0.844959 -0.126634
-0.135389 0.619709 -0.126634
0.0313842 0.63025 -0.126634
-0.129319 0.660423 -0.126634
-0.132282 0.850847 -0.126634
-0.192658 0.704698 -0.16648
-0.0633382 0.852261 -0.126634
-0.145886 0.573564 -0.151538
0.00810529 0.668225 -0.126634
-0.138816 0.815109 -0.126634
-0.205654 0.844002 -0.146557
-0.189623 0.725055 -0.23621
-0.0624813 0.63153 -0.126634
-0.206118 0.848977 -0.181422
-0.13696 0.795208 -0.126634
0.0237436 0.765035 -0.146557
-0.136031 0.785258 -0.126634
0.03117 0.685433 -0.156518
-0.132782 0.750432 -0.126634
-0.039845 0.759102 -0.23621
0.0260644 0.740159 -0.221268
-0.201941 0.804201 -0.126634
-0.0636238 0.696663 -0.126634
-0.183839 0.610171 -0.23621
-0.13139 0.735506 -0.126634
0.015853 0.849612 -0.171461
-0.130926 0.730531 -0.126634
-0.106754 0.577215 -0.221268
0.00421358 0.8686 -0.126634
-0.1717 0.691598 -0.23621
-0.0783338 0.589903 -0.126634
-0.130462 0.725556 -0.126634
-0.113181 0.857648 -0.181422
-0.0685153 0.696206 -0.23621
-0.0232784 0.845961 -0.23621
0.0237436 0.765035 -0.181422
0.0164957 0.684064 -0.23621
-0.107861 0.747738 -0.126634
-0.138138 0.754951 -0.126634
-0.016816 0.670919 -0.126634
-0.153776 0.658141 -0.126634
-0.103934 0.652754 -0.126634
-0.0815829 0.624729 -0.126634
-0.184767 0.620121 -0.191383
-0.196835 0.749475 -0.16648
-0.128141 0.70068 -0.126634
-0.160738 0.732768 -0.126634
0.0228153 0.774985 -0.161499
-0.0787623 0.700269 -0.126634
-0.127212 0.69073 -0.126634
0.0344191 0.650607 -0.201345
-0.18616 0.635046 -0.23621
-0.0037484 0.742396 -0.126634
-0.124428 0.660879 -0.126634
-0.127391 0.851304 -0.126634
0.0228153 0.774985 -0.191383
-0.0235998 0.584973 -0.211306
-0.187516 0.755362 -0.126634
-0.183803 0.715561 -0.126634
-0.111574 0.78754 -0.126634
-0.102505 0.74322 -0.126634
-0.0761916 0.725601 -0.126634
-0.193122 0.709673 -0.126634
0.0144606 0.864538 -0.161499
0.0376681 0.615781 -0.146557
-0.0899019 0.819672 -0.126634
-0.0869385 0.629248 -0.126634
-0.0617315 0.782153 -0.126634
-0.0715501 0.675849 -0.23621
-0.0498778 0.707982 -0.23621
-0.0691579 0.861755 -0.216287
-0.119072 0.656361 -0.126634
-0.121571 0.84181 -0.126634
-0.157489 0.697942 -0.23621
-0.186124 0.740437 -0.23621
-0.0578398 0.581778 -0.136595
-0.0389167 0.749152 -0.23621
-0.0300265 0.865406 -0.156518
-0.117465 0.586252 -0.126634
-0.0559475 0.667268 -0.126634
-0.156811 0.637784 -0.23621
-0.198228 0.7644 -0.226249
-0.132532 0.80064 -0.126634
-0.18616 0.635046 -0.196364
-0.0915443 0.78439 -0.23621
-0.170343 0.571282 -0.196364
-0.128355 0.755863 -0.126634
-0.0871884 0.57904 -0.221268
-0.108325 0.752714 -0.126634
-0.139316 0.714693 -0.23621
-0.137245 0.63961 -0.126634
-0.126963 0.740938 -0.126634
-0.126034 0.730988 -0.126634
-0.124178 0.711087 -0.126634
-0.0293838 0.699857 -0.23621
-0.165201 0.621946 -0.126634
-0.0447008 0.864037 -0.151538
0.0269927 0.730209 -0.146557
-0.177948 0.811458 -0.126634
-0.110003 0.612041 -0.126634
-0.112967 0.802465 -0.126634
-0.190301 0.785213 -0.126634
-0.122785 0.696162 -0.126634
-0.0850105 0.820128 -0.23621
-0.0659446 0.721538 -0.126634
-0.120929 0.676261 -0.126634
0.0044278 0.813417 -0.126634
-0.0105321 0.65645 -0.126634
-0.143779 0.603871 -0.23621
-0.0889736 0.809722 -0.126634
-0.085546 0.614322 -0.126634
-0.106469 0.732813 -0.23621
-0.112788 0.641892 -0.126634
-0.118144 0.64641 -0.126634
-0.00142764 0.71752 -0.23621
-0.180268 0.836334 -0.126634
-0.11768 0.641435 -0.126634
-0.120643 0.831859 -0.126634
0.00110733 0.637462 -0.126634
-0.196835 0.749475 -0.211306
-0.0102465 0.812048 -0.126634
-0.116751 0.631485 -0.126634
-0.114895 0.611584 -0.126634
-0.118322 0.806984 -0.126634
-0.193586 0.714649 -0.141576
-0.127927 0.645498 -0.126634
-0.131354 0.840897 -0.126634
-0.112574 0.586709 -0.126634
0.0186379 0.819761 -0.221268
-0.124392 0.76627 -0.126634
-0.0457005 0.663206 -0.23621
-0.0691936 0.756364 -0.126634
-0.065052 0.606197 -0.126634
-0.198442 0.819583 -0.126634
-0.123464 0.75632 -0.126634
-0.025135 0.865862 -0.191383
-0.140994 0.57402 -0.231229
-0.169593 0.721905 -0.23621
0.0367398 0.625731 -0.206326
-0.0268488 0.619798 -0.23621
-0.186588 0.745412 -0.126634
-0.129069 0.710631 -0.23621
-0.0258848 0.715239 -0.126634
-0.205654 0.844002 -0.151538
-0.0666587 0.676306 -0.23621
0.021887 0.784935 -0.16648
-0.0174587 0.836467 -0.126634
-0.0345252 0.649193 -0.126634
-0.15399 0.713324 -0.126634
-0.0689794 0.701181 -0.23621
-0.18059 0.575345 -0.181422
-0.0393809 0.754127 -0.23621
-0.0731211 0.851348 -0.126634
-0.121607 0.736419 -0.126634
-0.0104607 0.867231 -0.161499
-0.198228 0.7644 -0.16648
0.00467773 0.863625 -0.126634
-0.0699077 0.711132 -0.23621
-0.0158877 0.660969 -0.126634
0.00296393 0.617561 -0.23621
-0.000463635 0.812961 -0.23621
-0.066623 0.781696 -0.126634
-0.189587 0.830446 -0.126634
-0.119286 0.711543 -0.126634
-0.118822 0.706568 -0.126634
-0.117894 0.696618 -0.126634
-0.164702 0.722362 -0.126634
-0.0578398 0.581778 -0.16648
0.0220655 0.624362 -0.126634
0.0186379 0.819761 -0.126634
-0.0589466 0.752302 -0.126634
-0.166987 0.852628 -0.151538
-0.174234 0.771657 -0.126634
-0.170807 0.576257 -0.126634
-0.0643022 0.756821 -0.23621
-0.17145 0.741806 -0.126634
-0.196335 0.84989 -0.171461
-0.115573 0.671742 -0.126634
-0.115109 0.666767 -0.126634
-0.0480569 0.582691 -0.206326
-0.113252 0.646867 -0.126634
-0.116216 0.837291 -0.126634
0.0307059 0.690408 -0.231229
-0.112324 0.636916 -0.126634
-0.117144 0.847241 -0.126634
0.0191021 0.814786 -0.156518
-0.111396 0.626966 -0.126634
-0.127427 0.745913 -0.126634
-0.108611 0.597115 -0.126634
-0.194978 0.729574 -0.186403
-0.107682 0.587165 -0.126634
-0.11111 0.782564 -0.126634
-0.195871 0.844915 -0.23621
-0.196835 0.749475 -0.201345
-0.128141 0.70068 -0.23621
0.0293134 0.705333 -0.23621
-0.059625 0.81246 -0.23621
0.0172455 0.834687 -0.131615
-0.107218 0.58219 -0.126634
0.0316342 0.680457 -0.231229
-0.146814 0.583514 -0.23621
-0.181982 0.59027 -0.226249
-0.0209577 0.821086 -0.126634
-0.00449819 0.591773 -0.23621
-0.0852604 0.769921 -0.126634
-0.0832253 0.589447 -0.126634
-0.0696578 0.761339 -0.23621
-0.169129 0.71693 -0.126634
-0.121821 0.791602 -0.126634
-0.1195 0.766726 -0.126634
-0.0349179 0.864949 -0.146557
-0.117644 0.746826 -0.126634
0.0265285 0.735184 -0.221268
-0.109289 0.657273 -0.23621
-0.112717 0.852673 -0.23621
-0.0156735 0.605786 -0.23621
-0.0480569 0.582691 -0.226249
-0.11718 0.741851 -0.126634
-0.0242067 0.855912 -0.126634
-0.0207792 0.660512 -0.126634
-0.102006 0.843635 -0.126634
-0.098578 0.648236 -0.126634
0.00389223 0.607611 -0.23621
-0.137638 0.855366 -0.206326
-0.00403404 0.586798 -0.151538
-0.116716 0.736875 -0.126634
-0.116251 0.7319 -0.126634
-0.108075 0.802921 -0.126634
0.0353474 0.640656 -0.181422
0.023458 0.609436 -0.126634
-0.0810473 0.830535 -0.126634
-0.148671 0.603415 -0.23621
-0.191444 0.850346 -0.226249
-0.188016 0.654947 -0.226249
0.0106403 0.588167 -0.23621
0.00767685 0.778591 -0.23621
0.0256002 0.745134 -0.23621
-0.113931 0.707025 -0.126634
0.00574883 0.587711 -0.211306
-0.170343 0.571282 -0.16648
-0.0598749 0.762252 -0.126634
-0.139994 0.774851 -0.126634
-0.0896877 0.764489 -0.23621
-0.0926868 0.849523 -0.23621
-0.109718 0.767639 -0.126634
-0.131211 0.574933 -0.176441
-0.0389524 0.643762 -0.23621
-0.113002 0.697074 -0.126634
-0.159596 0.667635 -0.126634
-0.112074 0.687124 -0.126634
-0.160489 0.782976 -0.23621
-0.0794764 0.655036 -0.126634
-0.110682 0.672199 -0.126634
-0.16006 0.67261 -0.23621
-0.151634 0.793839 -0.126634
0.014889 0.754172 -0.126634
-0.0412375 0.774028 -0.23621
-0.135317 0.83049 -0.126634
-0.106433 0.838204 -0.126634
-0.103469 0.647779 -0.126634
-0.0578398 0.581778 -0.231229
-0.0785481 0.645086 -0.126634
-0.16563 0.732312 -0.23621
-0.141208 0.629203 -0.23621
-0.191729 0.694748 -0.16648
0.0269927 0.730209 -0.23621
-0.0442366 0.859061 -0.23621
-0.134175 0.765357 -0.126634
-0.110217 0.667224 -0.126634
-0.00556929 0.867687 -0.141576
0.00671284 0.683151 -0.23621
-0.196371 0.744499 -0.196364
-0.109967 0.717431 -0.126634
-0.197763 0.759425 -0.226249
-0.150491 0.728706 -0.23621
-0.109753 0.662248 -0.126634
-0.113181 0.857648 -0.126634
-0.0153522 0.866775 -0.171461
-0.108825 0.652298 -0.126634
-0.112253 0.847698 -0.126634
-0.144208 0.714237 -0.126634
-0.107897 0.642348 -0.126634
0.0167813 0.839662 -0.206326
-0.107433 0.637373 -0.126634
-0.11086 0.832772 -0.126634
-0.105576 0.617472 -0.126634
-0.108539 0.807896 -0.126634
-0.0333826 0.58406 -0.231229
-0.0310262 0.664575 -0.23621
0.00342808 0.612586 -0.23621
5.15707e-07 0.807986 -0.23621
0.0293134 0.705333 -0.231229
-0.105112 0.612497 -0.126634
0.000893107 0.692645 -0.126634
-0.103719 0.597572 -0.126634
-0.107147 0.792971 -0.126634
-0.0774055 0.579953 -0.191383
0.0120684 0.678632 -0.126634
0.00485624 0.703051 -0.126634
0.0316342 0.680457 -0.196364
-0.0482355 0.743264 -0.126634
0.0104618 0.74874 -0.23621
-0.194264 0.774807 -0.126634
-0.121107 0.836835 -0.126634
-0.117394 0.797033 -0.126634
-0.0547693 0.707526 -0.126634
-0.00257017 0.782654 -0.23621
-0.0356677 0.714326 -0.126634
-0.0691579 0.861755 -0.171461
0.0325625 0.670507 -0.221268
-0.0138169 0.585885 -0.206326
-0.195907 0.739524 -0.23621
-0.17984 0.725968 -0.23621
-0.0130671 0.736508 -0.23621
-0.193586 0.714649 -0.221268
-0.110896 0.727382 -0.126634
-0.0680511 0.691231 -0.126634
-0.110432 0.722406 -0.126634
-0.0342395 0.804791 -0.126634
-0.030812 0.609392 -0.126634
-0.126534 0.630572 -0.23621
-0.0417373 0.673612 -0.126634
-0.194978 0.729574 -0.126634
-0.0913301 0.729207 -0.126634
-0.108111 0.697531 -0.126634
-0.194978 0.729574 -0.16648
0.0209587 0.794886 -0.23621
-0.0578041 0.687169 -0.126634
-0.0252064 0.655081 -0.23621
-0.028634 0.85048 -0.23621
-0.0838322 0.860386 -0.206326
0.0399889 0.590905 -0.196364
-0.10604 0.622447 -0.126634
-0.109932 0.822822 -0.126634
-0.0834038 0.75002 -0.126634
-0.108289 0.858104 -0.181422
-0.149135 0.60839 -0.126634
-0.201477 0.799226 -0.221268
-0.0584468 0.852717 -0.126634
-0.0550192 0.657318 -0.126634
-0.118358 0.701593 -0.126634
-0.0871884 0.57904 -0.201345
-0.105326 0.66768 -0.126634
-0.0955074 0.773983 -0.23621
-0.181197 0.846284 -0.126634
-0.183839 0.610171 -0.201345
-0.172164 0.696573 -0.23621
-0.00796146 0.681782 -0.126634
-0.188445 0.765313 -0.126634
-0.104576 0.818303 -0.126634
-0.102077 0.632854 -0.126634
-0.11975 0.716519 -0.23621
-0.10022 0.612953 -0.126634
-0.102255 0.793427 -0.126634
-0.099292 0.603003 -0.126634
0.0149247 0.859562 -0.151538
-0.0270273 0.780372 -0.126634
-0.100863 0.778502 -0.126634
-0.0974354 0.583103 -0.126634
-0.0179943 0.630661 -0.126634
-0.113895 0.812415 -0.126634
-0.108789 0.757689 -0.126634
-0.0608389 0.666812 -0.126634
-0.106933 0.737788 -0.126634
-0.204261 0.829077 -0.221268
-0.103219 0.697987 -0.126634
-0.156311 0.7382 -0.126634
-0.194978 0.729574 -0.141576
-0.101827 0.683062 -0.126634
0.0195663 0.809811 -0.221268
-0.204726 0.834052 -0.201345
-0.0287054 0.639699 -0.23621
-0.0312047 0.825148 -0.23621
-0.0952575 0.824191 -0.126634
-0.089045 0.598941 -0.126634
-0.0812973 0.780327 -0.126634
0.0293134 0.705333 -0.126634
-0.0496636 0.652799 -0.126634
-0.160953 0.787951 -0.126634
-0.153562 0.602959 -0.23621
-0.121428 0.575846 -0.146557
-0.078798 0.594878 -0.126634
-0.0551977 0.817891 -0.23621
-0.101363 0.678087 -0.126634
-0.132104 0.690274 -0.23621
-0.168201 0.70698 -0.126634
-0.122785 0.696162 -0.23621
-0.100435 0.668136 -0.126634
-0.105969 0.833228 -0.23621
-0.0638381 0.751845 -0.126634
-0.0694436 0.706157 -0.126634
-0.0857603 0.669505 -0.126634
-0.118144 0.64641 -0.23621
-0.19405 0.719624 -0.156518
-0.0587324 0.697119 -0.126634
-0.00496234 0.596748 -0.23621
-0.0950433 0.769008 -0.126634
-0.0920798 0.578584 -0.126634
-0.190801 0.684798 -0.186403
-0.0303478 0.604417 -0.23621
-0.0533768 0.6926 -0.126634
-0.111788 0.842722 -0.126634
-0.0968999 0.788909 -0.23621
-0.18034 0.625552 -0.23621
-0.182375 0.806026 -0.23621
-0.170557 0.626465 -0.23621
-0.17352 0.816889 -0.23621
-0.132996 0.805615 -0.126634
-0.111324 0.837747 -0.126634
-0.111396 0.626966 -0.23621
-0.191265 0.689773 -0.221268
-0.000963495 0.712545 -0.126634
0.0200304 0.804836 -0.156518
-0.13721 0.745 -0.23621
-0.16563 0.732312 -0.126634
-0.095793 0.618385 -0.126634
-0.106683 0.787996 -0.126634
-0.082297 0.579496 -0.181422
-0.131211 0.574933 -0.23621
-0.133711 0.760382 -0.23621
-0.122964 0.856735 -0.151538
-0.103898 0.758145 -0.126634
-0.0603391 0.767227 -0.126634
-0.165166 0.727337 -0.23621
-0.202405 0.809176 -0.201345
-0.113966 0.601634 -0.126634
-0.116466 0.787083 -0.126634
0.00417787 0.763209 -0.126634
0.00510617 0.753259 -0.126634
0.0172455 0.834687 -0.136595
-0.127712 0.590315 -0.23621
-0.13114 0.785714 -0.23621
0.021887 0.784935 -0.141576
-0.0545193 0.757733 -0.23621
-0.190801 0.684798 -0.161499
0.00557032 0.748284 -0.126634
0.0269927 0.730209 -0.176441
-0.191729 0.694748 -0.131615
0.00603447 0.743309 -0.126634
-0.192194 0.699723 -0.131615
0.00649862 0.738334 -0.126634
-0.147742 0.593465 -0.126634
0.00696277 0.733359 -0.126634
0.00789107 0.723408 -0.126634
0.0395247 0.59588 -0.191383
-0.0910801 0.779415 -0.23621
-0.0154236 0.655993 -0.23621
-0.0354535 0.659143 -0.23621
-0.0379527 0.844592 -0.23621
0.0200304 0.804836 -0.216287
-0.041059 0.613454 -0.126634
-0.12557 0.726013 -0.126634
0.00835522 0.718433 -0.126634
0.0153889 0.854587 -0.126634
0.0102118 0.698533 -0.126634
0.010676 0.693558 -0.126634
0.0348832 0.645631 -0.226249
0.0116043 0.683607 -0.126634
0.0129967 0.668682 -0.126634
0.0100333 0.859106 -0.126634
0.013925 0.658732 -0.126634
-0.136031 0.785258 -0.23621
0.0143892 0.653756 -0.126634
0.0114258 0.844181 -0.126634
-0.074335 0.7057 -0.23621
0.0153175 0.643806 -0.126634
-0.145172 0.618797 -0.23621
-0.148599 0.814196 -0.23621
0.0157816 0.638831 -0.126634
0.0123541 0.83423 -0.126634
0.0162458 0.633856 -0.126634
0.0128182 0.829255 -0.126634
-0.00892547 0.586342 -0.141576
-0.194514 0.724599 -0.231229
-0.0987922 0.703419 -0.23621
0.0171741 0.623906 -0.126634
0.0142107 0.81433 -0.126634
-0.160274 0.727793 -0.23621
0.0185665 0.60898 -0.126634
0.0169956 0.784479 -0.126634
0.0108902 0.638375 -0.23621
0.00746263 0.833774 -0.23621
0.019959 0.594055 -0.126634
0.0156031 0.799404 -0.126634
-0.000677855 0.868144 -0.126634
-0.149813 0.668548 -0.126634
-0.152312 0.853997 -0.126634
0.000250446 0.858193 -0.126634
-0.201477 0.799226 -0.186403
0.00210705 0.838293 -0.126634
0.00303535 0.828343 -0.126634
-0.106968 0.632398 -0.126634
0.0113901 0.73879 -0.126634
0.0118542 0.733815 -0.126634
-0.0258848 0.715239 -0.23621
0.0127825 0.723865 -0.126634
-0.16056 0.572195 -0.216287
-0.0323829 0.784891 -0.126634
-0.12582 0.675805 -0.23621
-0.174699 0.776632 -0.126634
0.014175 0.708939 -0.126634
-0.18848 0.659922 -0.221268
-0.0864386 0.729663 -0.23621
0.0265285 0.735184 -0.156518
-0.0450221 0.603048 -0.23621
-0.0479855 0.793472 -0.23621
0.0146391 0.703964 -0.126634
-0.205654 0.844002 -0.176441
0.0155674 0.694014 -0.126634
0.0160316 0.689039 -0.126634
0.0390606 0.600855 -0.221268
-0.177769 0.650885 -0.23621
-0.181661 0.851259 -0.23621
0.0302417 0.695383 -0.211306
-0.0519487 0.783065 -0.23621
-0.0740494 0.861299 -0.221268
0.0169599 0.679088 -0.126634
0.0188165 0.659188 -0.126634
0.0192806 0.654213 -0.126634
0.0172455 0.834687 -0.126634
-0.127427 0.745913 -0.23621
-0.0100323 0.756865 -0.23621
0.0197448 0.649238 -0.126634
0.0167813 0.839662 -0.126634
-0.0433797 0.63833 -0.23621
-0.0463431 0.828754 -0.23621
-0.00232024 0.832861 -0.23621
-0.113181 0.857648 -0.211306
-0.18059 0.575345 -0.141576
-0.169807 0.777088 -0.126634
-0.165916 0.576714 -0.126634
0.0211372 0.634312 -0.126634
0.0229938 0.614412 -0.126634
0.0200304 0.804836 -0.126634
-0.165451 0.571739 -0.156518
-0.197763 0.759425 -0.171461
0.0239221 0.604461 -0.126634
0.0204946 0.799861 -0.126634
-0.103934 0.652754 -0.23621
-0.0205292 0.71072 -0.23621
0.0243863 0.599486 -0.126634
0.0367398 0.625731 -0.226249
-0.0906517 0.669049 -0.126634
-0.0382384 0.688994 -0.23621
-0.0838322 0.860386 -0.196364
-0.183839 0.610171 -0.171461
0.0248504 0.594511 -0.126634
-0.110467 0.617016 -0.23621
-0.113431 0.80744 -0.23621
0.0253146 0.589536 -0.126634
0.0214229 0.78991 -0.126634
0.0399889 0.590905 -0.226249
-0.0838322 0.860386 -0.23621
0.0181024 0.613955 -0.23621
0.00514188 0.85865 -0.126634
-0.196585 0.799682 -0.23621
-0.0398093 0.864493 -0.216287
-0.00446248 0.697164 -0.126634
0.00607018 0.848699 -0.126634
0.00978338 0.808898 -0.126634
0.0330266 0.665532 -0.181422
0.0213871 0.68452 -0.126634
0.0125683 0.779047 -0.126634
0.0344191 0.650607 -0.186403
-0.18616 0.635046 -0.221268
0.0144249 0.759147 -0.126634
-0.176769 0.851715 -0.23621
0.0158173 0.744222 -0.126634
-0.142601 0.644129 -0.126634
-0.146028 0.839528 -0.126634
-0.161203 0.737744 -0.23621
0.0181381 0.719346 -0.126634
-0.051306 0.617517 -0.23621
-0.0544836 0.863124 -0.136595
0.0190664 0.709396 -0.126634
-0.0789408 0.860842 -0.226249
0.0195305 0.70442 -0.126634
-0.150777 0.573108 -0.231229
0.0199947 0.699445 -0.126634
0.0218513 0.679545 -0.126634
-0.196835 0.749475 -0.206326
-0.144457 0.664029 -0.23621
0.0232437 0.664619 -0.126634
0.024172 0.654669 -0.126634
-0.162095 0.853084 -0.201345
-0.0801547 0.715194 -0.126634
-0.152812 0.753582 -0.126634
0.0255645 0.639744 -0.126634
0.0264928 0.629793 -0.126634
-0.18516 0.835877 -0.23621
0.0269569 0.624818 -0.126634
0.0278852 0.614868 -0.126634
0.0283494 0.609893 -0.126634
0.0288135 0.604918 -0.126634
0.0292777 0.599943 -0.126634
0.030206 0.589992 -0.126634
0.00910501 0.869056 -0.126634
0.0344191 0.650607 -0.221268
0.0109616 0.849156 -0.126634
0.027921 0.720259 -0.141576
-0.190765 0.790188 -0.126634
-0.176341 0.74135 -0.126634
0.0118899 0.839206 -0.126634
-0.0431655 0.583147 -0.186403
-0.177269 0.7513 -0.126634
0.0132824 0.82428 -0.126634
-0.0131028 0.631118 -0.23621
0.0174597 0.779504 -0.126634
-0.145886 0.573564 -0.16648
0.0179239 0.774529 -0.126634
0.018388 0.769554 -0.126634
-0.0529484 0.582234 -0.181422
0.0188522 0.764578 -0.126634
0.0197805 0.754628 -0.126634
-0.104362 0.76312 -0.23621
-0.04238 0.839161 -0.23621
-0.00728309 0.621624 -0.23621
-0.0107107 0.817023 -0.23621
-0.0459147 0.718389 -0.126634
0.0211729 0.739703 -0.126634
0.0216371 0.734728 -0.126634
0.0248861 0.699902 -0.126634
-0.107861 0.747738 -0.23621
-0.0743707 0.60031 -0.23621
-0.0777983 0.795709 -0.23621
-0.122999 0.751345 -0.126634
0.0253503 0.694927 -0.126634
-0.075299 0.61026 -0.23621
-0.18823 0.71013 -0.126634
0.0262786 0.684976 -0.126634
0.0267427 0.680001 -0.126634
0.0272069 0.675026 -0.126634
0.0139607 0.764122 -0.126634
0.027671 0.670051 -0.126634
0.0281352 0.665076 -0.126634
0.0297776 0.700358 -0.126634
-0.0995063 0.658186 -0.23621
0.0285993 0.660101 -0.126634
-0.0953289 0.61341 -0.23621
-0.0920798 0.578584 -0.136595
-0.194978 0.729574 -0.231229
-0.0284555 0.689907 -0.126634
0.0309201 0.635225 -0.126634
-0.0936151 0.859473 -0.181422
0.0318484 0.625275 -0.126634
-0.196335 0.84989 -0.186403
0.0323125 0.620299 -0.126634
-0.155883 0.627834 -0.23621
-0.00581922 0.81748 -0.126634
-0.00285581 0.627055 -0.126634
0.0327767 0.615324 -0.126634
-0.171735 0.586208 -0.126634
-0.103898 0.758145 -0.23621
0.0332408 0.610349 -0.126634
0.033705 0.605374 -0.126634
-0.145886 0.573564 -0.186403
-0.121393 0.681236 -0.23621
-0.00139194 0.822911 -0.126634
0.0341691 0.600399 -0.126634
0.0200304 0.804836 -0.226249
-0.0431655 0.583147 -0.16648
-0.0862244 0.67448 -0.23621
0.0350974 0.590449 -0.126634
0.0139964 0.869513 -0.126634
-0.111646 0.576758 -0.141576
0.0144606 0.864538 -0.126634
0.0106403 0.588167 -0.16648
-0.18848 0.659922 -0.146557
-0.099292 0.603003 -0.23621
-0.102255 0.793427 -0.23621
0.0149247 0.859562 -0.126634
-0.192194 0.699723 -0.211306
-0.0757632 0.615235 -0.23621
-0.0805832 0.82556 -0.23621
-0.011639 0.826973 -0.126634
-0.0417016 0.779003 -0.126634
0.015853 0.849612 -0.126634
-0.0731925 0.640567 -0.126634
0.0195663 0.809811 -0.126634
-0.0114247 0.771791 -0.23621
-0.092544 0.583559 -0.126634
0.0209587 0.794886 -0.126634
0.008141 0.773616 -0.23621
-0.143743 0.709262 -0.126634
0.021887 0.784935 -0.126634
0.0232795 0.77001 -0.126634
0.0242078 0.76006 -0.126634
-0.0104607 0.867231 -0.211306
-0.195443 0.734549 -0.146557
-0.185196 0.730487 -0.23621
-0.160489 0.782976 -0.126634
0.0251361 0.750109 -0.126634
0.0256002 0.745134 -0.126634
0.0163172 0.844637 -0.151538
-0.068551 0.590816 -0.23621
-0.0715144 0.78124 -0.23621
-0.00556929 0.867687 -0.231229
-0.0437725 0.854086 -0.23621
0.0260644 0.740159 -0.126634
0.0265285 0.735184 -0.126634
0.0330266 0.665532 -0.171461
0.0169956 0.784479 -0.23621
0.0185665 0.60898 -0.23621
-0.132318 0.745457 -0.23621
-0.116537 0.576302 -0.211306
-0.12632 0.575389 -0.161499
0.0106403 0.588167 -0.141576
-0.18848 0.659922 -0.136595
-0.124642 0.716062 -0.23621
-0.0447008 0.864037 -0.136595
-0.190801 0.684798 -0.176441
0.0269927 0.730209 -0.126634
-0.191729 0.694748 -0.136595
-0.182661 0.650428 -0.23621
-0.186088 0.845828 -0.23621
0.0274568 0.725234 -0.126634
-0.0424514 0.62838 -0.126634
0.027921 0.720259 -0.126634
0.0191021 0.814786 -0.211306
0.0283851 0.715283 -0.126634
-0.0431655 0.583147 -0.201345
0.0288493 0.710308 -0.126634
0.0390606 0.600855 -0.23621
-0.171914 0.746781 -0.23621
0.03117 0.685433 -0.126634
-0.189159 0.72008 -0.23621
0.0316342 0.680457 -0.126634
-0.0717643 0.731032 -0.23621
-0.140744 0.624228 -0.126634
-0.144172 0.819627 -0.126634
-0.199834 0.834508 -0.23621
0.0381323 0.610806 -0.131615
-0.143958 0.764445 -0.23621
-0.195907 0.739524 -0.186403
-0.183839 0.610171 -0.16648
0.0320983 0.675482 -0.126634
0.0334908 0.660557 -0.126634
-0.198228 0.7644 -0.171461
0.0339549 0.655582 -0.126634
-0.114609 0.767183 -0.23621
-0.0357034 0.608936 -0.23621
-0.0386668 0.79936 -0.23621
-0.0382027 0.794385 -0.23621
0.0209587 0.794886 -0.156518
0.0165314 0.789454 -0.23621
0.0190307 0.604005 -0.23621
0.0353474 0.640656 -0.126634
0.0195663 0.809811 -0.231229
-0.122107 0.636004 -0.23621
-0.125534 0.831403 -0.23621
-0.203333 0.819126 -0.156518
0.0358115 0.635681 -0.126634
0.0367398 0.625731 -0.126634
-0.201941 0.804201 -0.221268
0.037204 0.620756 -0.126634
0.0144606 0.864538 -0.141576
0.0376681 0.615781 -0.126634
0.0385964 0.60583 -0.126634
0.0204946 0.799861 -0.211306
-0.174699 0.776632 -0.23621
-0.0908659 0.724232 -0.126634
0.014175 0.708939 -0.23621
-0.181661 0.851259 -0.141576
0.0167813 0.839662 -0.151538
0.0390606 0.600855 -0.126634
-0.178947 0.610627 -0.23621
-0.204261 0.829077 -0.196364
-0.00517656 0.651931 -0.23621
-0.126998 0.635547 -0.126634
-0.129962 0.825972 -0.126634
0.0395247 0.59588 -0.126634
0.0265285 0.735184 -0.171461
-0.178483 0.605652 -0.23621
-0.181911 0.801051 -0.23621
0.0302417 0.695383 -0.186403
0.00396365 0.818392 -0.23621
0.0399889 0.590905 -0.126634
-0.193586 0.714649 -0.126634
-0.030562 0.6596 -0.23621
0.0246719 0.755085 -0.186403
-0.206118 0.848977 -0.23621
-0.0114604 0.6664 -0.23621
-0.201227 0.849434 -0.16648
-0.0876169 0.689406 -0.23621
-0.205654 0.844002 -0.23621
-0.204726 0.834052 -0.23621
-0.204261 0.829077 -0.23621
-0.0333826 0.58406 -0.176441
-0.203333 0.819126 -0.23621
-0.202869 0.814151 -0.23621
-0.197299 0.75445 -0.216287
-0.184767 0.620121 -0.23621
-0.054555 0.652343 -0.23621
-0.202405 0.809176 -0.23621
-0.17984 0.725968 -0.126634
-0.201941 0.804201 -0.23621
-0.124678 0.610672 -0.126634
-0.128105 0.806071 -0.126634
0.010426 0.64335 -0.23621
-0.152312 0.853997 -0.186403
-0.200084 0.784301 -0.23621
-0.159382 0.612452 -0.23621
0.0288493 0.710308 -0.16648
-0.0578398 0.581778 -0.23621
0.0362757 0.630706 -0.171461
-0.0249208 0.810679 -0.23621
-0.0202436 0.866318 -0.211306
-0.199156 0.77435 -0.23621
-0.198692 0.769375 -0.23621
-0.0692293 0.650974 -0.23621
-0.0721928 0.841398 -0.23621
0.00421358 0.8686 -0.216287
-0.142529 0.85491 -0.156518
-0.198228 0.7644 -0.23621
-0.197763 0.759425 -0.23621
-0.1938 0.769831 -0.126634
-0.177484 0.806483 -0.23621
-0.197299 0.75445 -0.23621
0.0325625 0.670507 -0.181422
0.0204946 0.799861 -0.141576
-0.197763 0.759425 -0.186403
0.015139 0.80438 -0.23621
0.0120684 0.678632 -0.23621
-0.196835 0.749475 -0.23621
-0.00892547 0.586342 -0.146557
-0.194514 0.724599 -0.23621
0.0260644 0.740159 -0.16648
-0.193122 0.709673 -0.23621
-0.192658 0.704698 -0.23621
-0.192194 0.699723 -0.23621
0.0274568 0.725234 -0.211306
-0.191729 0.694748 -0.23621
-0.191265 0.689773 -0.23621
-0.190337 0.679823 -0.23621
-0.127855 0.856279 -0.191383
-0.188945 0.664897 -0.23621
-0.18848 0.659922 -0.23621
-0.0850819 0.609347 -0.23621
-0.0885094 0.804747 -0.23621
-0.16056 0.572195 -0.131615
-0.187552 0.649972 -0.23621
-0.180804 0.630528 -0.23621
-0.190515 0.840396 -0.23621
-0.101791 0.788452 -0.126634
-0.0983637 0.593053 -0.126634
-0.123749 0.600721 -0.23621
-0.129033 0.816021 -0.23621
-0.200084 0.784301 -0.191383
-0.187088 0.644997 -0.23621
-0.181268 0.635503 -0.23621
-0.190051 0.835421 -0.23621
-0.184232 0.825927 -0.23621
-0.127462 0.640522 -0.23621
0.0139964 0.869513 -0.136595
-0.186624 0.640022 -0.23621
0.0348832 0.645631 -0.201345
-0.106754 0.577215 -0.191383
-0.185695 0.630071 -0.23621
-0.103184 0.803378 -0.23621
-0.174056 0.611083 -0.23621
-0.185231 0.625096 -0.23621
-0.0349179 0.864949 -0.136595
-0.182911 0.60022 -0.23621
-0.185874 0.790645 -0.23621
-0.203797 0.824102 -0.156518
-0.138174 0.64956 -0.23621
-0.182446 0.595245 -0.23621
-0.203797 0.824102 -0.23621
-0.181518 0.585295 -0.23621
-0.184946 0.780694 -0.23621
-0.18059 0.575345 -0.23621
-0.183089 0.760794 -0.23621
-0.0801904 0.609804 -0.23621
-0.083618 0.805203 -0.23621
-0.201227 0.849434 -0.23621
-0.20519 0.839027 -0.156518
-0.168629 0.817346 -0.126634
-0.16613 0.631897 -0.126634
-0.0982923 0.803834 -0.126634
-0.0948647 0.608435 -0.126634
-0.200762 0.844459 -0.23621
-0.200298 0.839483 -0.23621
-0.0642665 0.862211 -0.201345
-0.198906 0.824558 -0.23621
0.0297776 0.700358 -0.221268
0.0399889 0.590905 -0.171461
-0.197978 0.814608 -0.23621
0.0302417 0.695383 -0.216287
-0.197513 0.809633 -0.23621
0.0123184 0.72884 -0.126634
-0.197049 0.804657 -0.23621
-0.129069 0.710631 -0.126634
-0.195657 0.789732 -0.23621
0.0395247 0.59588 -0.161499
-0.0915443 0.78439 -0.126634
-0.195193 0.784757 -0.23621
0.0307059 0.690408 -0.23621
-0.194729 0.779782 -0.23621
-0.150741 0.678498 -0.126634
-0.1938 0.769831 -0.23621
0.023458 0.609436 -0.23621
-0.191944 0.749931 -0.23621
-0.0780125 0.850892 -0.23621
-0.191479 0.744956 -0.23621
-0.191015 0.739981 -0.23621
-0.190551 0.735005 -0.23621
0.0172455 0.834687 -0.146557
-0.188695 0.715105 -0.23621
-0.187766 0.705155 -0.23621
-0.127891 0.750888 -0.23621
-0.0920798 0.578584 -0.161499
-0.196371 0.744499 -0.131615
-0.0957216 0.829166 -0.126634
-0.0927582 0.638742 -0.126634
-0.186374 0.690229 -0.23621
0.0172098 0.729296 -0.126634
-0.184981 0.675304 -0.23621
0.0195663 0.809811 -0.191383
0.027921 0.720259 -0.181422
-0.183589 0.660378 -0.23621
-0.186552 0.850803 -0.23621
-0.190337 0.679823 -0.171461
-0.183125 0.655403 -0.23621
-0.0444865 0.808854 -0.23621
-0.16031 0.622403 -0.126634
-0.182196 0.645453 -0.23621
-0.185624 0.840852 -0.23621
0.0191021 0.814786 -0.181422
-0.181732 0.640478 -0.23621
0.0149247 0.859562 -0.191383
-0.178912 0.716018 -0.23621
-0.179412 0.615602 -0.23621
-0.183303 0.815977 -0.23621
0.0139964 0.869513 -0.216287
-0.178019 0.600677 -0.23621
0.00739121 0.622993 -0.23621
-0.177555 0.595702 -0.23621
-0.187052 0.750387 -0.23621
-0.184267 0.720536 -0.23621
0.0169599 0.679088 -0.23621
0.0293134 0.705333 -0.216287
-0.177091 0.590726 -0.23621
-0.180518 0.786126 -0.23621
-0.0219574 0.620255 -0.126634
-0.0869385 0.629248 -0.23621
-0.0899019 0.819672 -0.23621
-0.176627 0.585751 -0.23621
-0.180054 0.781151 -0.23621
-0.0373101 0.679044 -0.126634
-0.175234 0.570826 -0.23621
-0.0810473 0.830535 -0.23621
-0.196335 0.84989 -0.23621
-0.0939007 0.703875 -0.126634
-0.0571257 0.627011 -0.23621
-0.0605533 0.82241 -0.23621
0.01164 0.788998 -0.23621
-0.0529484 0.582234 -0.126634
-0.195407 0.83994 -0.23621
0.0204231 0.58908 -0.151538
-0.194943 0.834965 -0.23621
-0.150777 0.573108 -0.156518
-0.0382741 0.583604 -0.23621
-0.151455 0.633266 -0.126634
-0.154883 0.828665 -0.126634
-0.194014 0.825014 -0.23621
-0.19355 0.820039 -0.23621
-0.192622 0.810089 -0.23621
-0.192158 0.805114 -0.23621
0.0177097 0.829712 -0.216287
-0.191694 0.800139 -0.23621
-0.0447008 0.864037 -0.146557
0.0269927 0.730209 -0.141576
-0.0593751 0.862668 -0.126634
-0.0564116 0.672243 -0.126634
-0.19123 0.795164 -0.23621
-0.158846 0.818258 -0.23621
-0.190765 0.790188 -0.23621
-0.190301 0.785213 -0.23621
0.0225297 0.619387 -0.126634
0.0191021 0.814786 -0.126634
-0.189837 0.780238 -0.23621
-0.197763 0.759425 -0.136595
-0.188909 0.770288 -0.23621
-0.188445 0.765313 -0.23621
-0.187516 0.755362 -0.23621
-0.183803 0.715561 -0.23621
-0.186588 0.745412 -0.23621
-0.18566 0.735462 -0.23621
0.00910501 0.869056 -0.146557
-0.101863 0.577671 -0.171461
-0.184731 0.725512 -0.23621
-0.0899376 0.714281 -0.126634
-0.183339 0.710586 -0.23621
-0.122071 0.741394 -0.23621
-0.0482712 0.637874 -0.23621
-0.0507704 0.823323 -0.23621
-0.182411 0.700636 -0.23621
0.0251361 0.750109 -0.186403
-0.0209934 0.715695 -0.23621
-0.181947 0.695661 -0.23621
-0.181018 0.68571 -0.23621
-0.180554 0.680735 -0.23621
-0.0435582 0.798903 -0.23621
-0.123214 0.806527 -0.23621
-0.0836894 0.594422 -0.23621
-0.087117 0.789821 -0.23621
-0.179162 0.66581 -0.23621
-0.178697 0.660835 -0.23621
0.0395247 0.59588 -0.131615
-0.18566 0.735462 -0.126634
-0.178233 0.65586 -0.23621
-0.157204 0.853541 -0.221268
-0.176377 0.635959 -0.23621
-0.17934 0.826383 -0.23621
-0.175913 0.630984 -0.23621
0.0206731 0.639287 -0.126634
0.0177097 0.829712 -0.126634
-0.174984 0.621034 -0.23621
-0.178412 0.816433 -0.23621
0.0316342 0.680457 -0.201345
-0.17452 0.616059 -0.23621
-0.0774055 0.579953 -0.206326
-0.173128 0.601133 -0.23621
-0.176091 0.791557 -0.23621
-0.0428442 0.844136 -0.23621
-0.184303 0.615146 -0.141576
-0.0934009 0.80429 -0.23621
-0.171271 0.581233 -0.23621
-0.118858 0.601178 -0.23621
-0.122749 0.801552 -0.23621
-0.170807 0.576257 -0.23621
-0.174234 0.771657 -0.23621
-0.19098 0.845371 -0.23621
-0.194978 0.729574 -0.191383
-0.0422015 0.678587 -0.23621
-0.189587 0.830446 -0.23621
-0.0246709 0.860887 -0.23621
0.0350974 0.590449 -0.181422
-0.189123 0.825471 -0.23621
-0.188195 0.81552 -0.23621
-0.144886 0.774395 -0.126634
-0.0603391 0.767227 -0.23621
0.0260644 0.740159 -0.131615
-0.187731 0.810545 -0.23621
-0.182625 0.755819 -0.23621
-0.182161 0.750844 -0.23621
-0.00892547 0.586342 -0.16648
-0.181697 0.745868 -0.23621
-0.0806546 0.614779 -0.23621
-0.0840822 0.810178 -0.23621
-0.181232 0.740893 -0.23621
-0.0349179 0.864949 -0.16648
-0.121857 0.686211 -0.23621
-0.103398 0.858561 -0.176441
0.0330266 0.665532 -0.146557
-0.0633382 0.852261 -0.23621
-0.0978639 0.693468 -0.126634
-0.180304 0.730943 -0.23621
-0.178448 0.711042 -0.23621
-0.140994 0.57402 -0.191383
-0.156061 0.788408 -0.126634
-0.177983 0.706067 -0.23621
-0.177055 0.696117 -0.23621
-0.0703362 0.821497 -0.23621
-0.100684 0.617929 -0.23621
-0.132747 0.855822 -0.161499
-0.176127 0.686167 -0.23621
-0.175663 0.681192 -0.23621
-0.108289 0.858104 -0.231229
-0.121643 0.631029 -0.23621
-0.12507 0.826428 -0.23621
-0.144922 0.669004 -0.126634
-0.0596607 0.707069 -0.23621
-0.0725141 0.580409 -0.126634
-0.175199 0.676217 -0.23621
-0.174734 0.671241 -0.23621
-0.103434 0.75317 -0.23621
-0.17427 0.666266 -0.23621
-0.115823 0.621535 -0.23621
-0.122964 0.856735 -0.196364
-0.0652662 0.66138 -0.126634
-0.173806 0.661291 -0.23621
-0.173342 0.656316 -0.23621
-0.174913 0.831815 -0.23621
-0.172878 0.651341 -0.23621
-0.175377 0.83679 -0.23621
-0.172414 0.646366 -0.23621
-0.0927225 0.744132 -0.23621
-0.171949 0.641391 -0.23621
-0.176305 0.84674 -0.23621
-0.173985 0.821865 -0.23621
-0.0396665 0.598529 -0.126634
-0.136317 0.62966 -0.23621
-0.116537 0.576302 -0.221268
-0.12632 0.575389 -0.176441
-0.171021 0.63144 -0.23621
-0.174449 0.82684 -0.23621
-0.188016 0.654947 -0.23621
-0.191444 0.850346 -0.23621
-0.169629 0.616515 -0.23621
-0.200548 0.789276 -0.161499
-0.124678 0.610672 -0.23621
-0.128105 0.806071 -0.23621
-0.169165 0.61154 -0.23621
-0.172592 0.806939 -0.23621
-0.168236 0.601589 -0.23621
0.0237436 0.765035 -0.191383
-0.167772 0.596614 -0.23621
-0.167308 0.591639 -0.23621
-0.170736 0.787039 -0.23621
-0.0610532 0.721995 -0.126634
-0.164452 0.77257 -0.23621
-0.0774055 0.579953 -0.216287
-0.196371 0.744499 -0.23621
-0.0808688 0.669962 -0.23621
-0.180126 0.57037 -0.171461
-0.144672 0.719212 -0.126634
-0.166844 0.586664 -0.23621
-0.168879 0.767138 -0.23621
0.0242078 0.76006 -0.186403
-0.180983 0.791101 -0.23621
-0.18059 0.575345 -0.211306
-0.109753 0.662248 -0.23621
-0.113181 0.857648 -0.23621
-0.17959 0.776176 -0.23621
-0.179126 0.7712 -0.23621
-0.178198 0.76125 -0.23621
-0.177733 0.756275 -0.23621
0.0288493 0.710308 -0.216287
-0.177269 0.7513 -0.23621
0.0283851 0.715283 -0.216287
-0.0745849 0.655493 -0.126634
-0.176805 0.746325 -0.23621
0.00903359 0.658275 -0.126634
0.00560603 0.853675 -0.126634
-0.145886 0.573564 -0.23621
0.0274568 0.725234 -0.216287
-0.175877 0.736374 -0.23621
0.0293134 0.705333 -0.151538
0.0155317 0.588623 -0.151538
-0.0650163 0.711588 -0.23621
-0.175413 0.731399 -0.23621
0.0344191 0.650607 -0.126634
-0.174484 0.721449 -0.23621
0.0172455 0.834687 -0.151538
-0.17402 0.716474 -0.23621
-0.169593 0.721905 -0.126634
0.00324957 0.77316 -0.23621
-0.173556 0.711499 -0.23621
-0.0920798 0.578584 -0.201345
-0.196371 0.744499 -0.171461
-0.172628 0.701549 -0.23621
0.0109259 0.743765 -0.23621
-0.171235 0.686623 -0.23621
-0.170771 0.681648 -0.23621
-0.201941 0.804201 -0.171461
-0.0752276 0.821041 -0.23621
-0.170307 0.676673 -0.23621
-0.169843 0.671698 -0.23621
-0.169379 0.666723 -0.23621
-0.115787 0.726925 -0.126634
-0.168915 0.661747 -0.23621
-0.0202436 0.866318 -0.186403
-0.199156 0.77435 -0.161499
-0.167986 0.651797 -0.23621
-0.171414 0.847197 -0.23621
-0.150063 0.61834 -0.126634
-0.167522 0.646822 -0.23621
-0.169557 0.827296 -0.23621
-0.16613 0.631897 -0.23621
-0.168629 0.817346 -0.23621
-0.152169 0.588033 -0.23621
-0.155133 0.778457 -0.23621
-0.165201 0.621946 -0.23621
-0.164737 0.616971 -0.23621
-0.168165 0.812371 -0.23621
-0.163809 0.607021 -0.23621
-0.167237 0.80242 -0.23621
-0.163345 0.602046 -0.23621
-0.166308 0.79247 -0.23621
-0.187088 0.644997 -0.151538
-0.161024 0.57717 -0.23621
-0.181197 0.846284 -0.23621
-0.180733 0.841309 -0.23621
-0.180268 0.836334 -0.23621
0.0269927 0.730209 -0.226249
-0.191729 0.694748 -0.176441
-0.177948 0.811458 -0.23621
-0.0333826 0.58406 -0.146557
-0.203333 0.819126 -0.206326
-0.0339896 0.854999 -0.126634
-0.173306 0.761707 -0.23621
-0.0019275 0.617105 -0.23621
-0.00535507 0.812504 -0.23621
-0.202869 0.814151 -0.206326
-0.172842 0.756731 -0.23621
-0.172378 0.751756 -0.23621
-0.158882 0.712868 -0.126634
-0.170985 0.736831 -0.23621
-0.144243 0.608846 -0.126634
0.00599876 0.637918 -0.23621
-0.170057 0.726881 -0.23621
0.0362757 0.630706 -0.16648
-0.169129 0.71693 -0.23621
0.0367398 0.625731 -0.156518
-0.168665 0.711955 -0.23621
-0.080119 0.820585 -0.126634
-0.0762273 0.62021 -0.126634
-0.168201 0.70698 -0.23621
-0.041059 0.613454 -0.23621
-0.013317 0.686301 -0.23621
-0.0018918 0.722496 -0.23621
-0.167736 0.702005 -0.23621
-0.167272 0.69703 -0.23621
-0.189873 0.674847 -0.206326
-0.0654804 0.716563 -0.23621
-0.166344 0.687079 -0.23621
-0.16588 0.682104 -0.23621
-0.165416 0.677129 -0.23621
-0.182911 0.60022 -0.201345
-0.164951 0.672154 -0.23621
-0.127855 0.856279 -0.156518
-0.188945 0.664897 -0.201345
-0.164023 0.662204 -0.23621
-0.166987 0.852628 -0.23621
-0.163559 0.657229 -0.23621
-0.166522 0.847653 -0.23621
-0.0524128 0.788041 -0.126634
-0.0971855 0.63331 -0.23621
-0.100149 0.823735 -0.23621
0.000678886 0.747828 -0.23621
-0.0547693 0.707526 -0.23621
-0.0934366 0.6989 -0.23621
-0.162631 0.647278 -0.23621
-0.166058 0.842678 -0.23621
-0.162167 0.642303 -0.23621
-0.161238 0.632353 -0.23621
0.0334908 0.660557 -0.231229
-0.160774 0.627378 -0.23621
-0.16538 0.78252 -0.23621
-0.16031 0.622403 -0.23621
0.0260644 0.740159 -0.211306
-0.158453 0.602502 -0.23621
-0.161881 0.797902 -0.23621
-0.157989 0.597527 -0.23621
-0.161417 0.792926 -0.23621
-0.202405 0.809176 -0.231229
-0.134425 0.71515 -0.23621
-0.157061 0.587577 -0.23621
-0.160024 0.778001 -0.23621
-0.187552 0.649972 -0.231229
-0.16056 0.572195 -0.126634
-0.156597 0.582602 -0.23621
-0.156133 0.577626 -0.23621
0.0260644 0.740159 -0.191383
-0.193122 0.709673 -0.211306
-0.175841 0.841765 -0.23621
-0.0666587 0.676306 -0.126634
-0.1712 0.792014 -0.23621
-0.201227 0.849434 -0.151538
-0.205654 0.844002 -0.221268
-0.170271 0.782063 -0.23621
-0.0547336 0.812916 -0.126634
-0.0102822 0.706658 -0.23621
-0.0838322 0.860386 -0.126634
-0.168415 0.762163 -0.23621
-0.0281699 0.845505 -0.126634
-0.167951 0.757188 -0.23621
-0.146778 0.688905 -0.23621
-0.0591966 0.702094 -0.23621
0.0274568 0.725234 -0.16648
-0.0815115 0.83551 -0.126634
-0.167486 0.752213 -0.23621
-0.166094 0.737287 -0.23621
-0.065052 0.606197 -0.23621
-0.0691936 0.756364 -0.23621
-0.164702 0.722362 -0.23621
-0.0105321 0.65645 -0.23621
-0.164237 0.717387 -0.23621
-0.0939364 0.598484 -0.23621
-0.163773 0.712412 -0.23621
-0.0606247 0.611629 -0.126634
-0.0944006 0.603459 -0.23621
-0.163309 0.707436 -0.23621
-0.192194 0.699723 -0.206326
-0.175413 0.731399 -0.126634
0.00649862 0.738334 -0.23621
-0.162845 0.702461 -0.23621
-0.162381 0.697486 -0.23621
-0.161917 0.692511 -0.23621
-0.160524 0.677586 -0.23621
-0.164666 0.827752 -0.23621
-0.0135313 0.741484 -0.23621
0.0149247 0.859562 -0.171461
-0.159596 0.667635 -0.23621
-0.150777 0.573108 -0.136595
-0.116251 0.7319 -0.23621
-0.158668 0.657685 -0.23621
-0.162095 0.853084 -0.23621
-0.200548 0.789276 -0.221268
-0.0703719 0.716107 -0.23621
-0.0673727 0.631073 -0.23621
-0.0708003 0.826473 -0.23621
-0.158203 0.65271 -0.23621
-0.183375 0.605196 -0.221268
-0.157739 0.647735 -0.23621
-0.160703 0.838159 -0.23621
-0.0517344 0.727883 -0.23621
-0.157275 0.64276 -0.23621
-0.0775483 0.845917 -0.23621
-0.155419 0.622859 -0.23621
-0.15931 0.823234 -0.23621
0.0307059 0.690408 -0.211306
-0.133246 0.755407 -0.23621
-0.154954 0.617884 -0.23621
-0.0936508 0.754083 -0.23621
-0.153098 0.597983 -0.23621
-0.156525 0.793383 -0.23621
-0.152634 0.593008 -0.23621
-0.155597 0.783432 -0.23621
-0.0757275 0.720626 -0.126634
-0.151241 0.578083 -0.23621
-0.154669 0.773482 -0.23621
0.0260644 0.740159 -0.23621
-0.108111 0.697531 -0.23621
-0.150777 0.573108 -0.23621
-0.154205 0.768507 -0.23621
-0.000677855 0.868144 -0.226249
-0.171878 0.852172 -0.23621
-0.12632 0.575389 -0.211306
-0.166772 0.797445 -0.23621
-0.20519 0.839027 -0.231229
-0.120714 0.621078 -0.126634
-0.123678 0.811503 -0.126634
-0.162595 0.752669 -0.23621
-0.161667 0.742719 -0.23621
0.0153889 0.854587 -0.206326
-0.160738 0.732768 -0.23621
-0.204261 0.829077 -0.136595
-0.00906827 0.852306 -0.126634
-0.00471241 0.646956 -0.126634
-0.0356677 0.714326 -0.23621
-0.0957573 0.723775 -0.126634
-0.15981 0.722818 -0.23621
-0.159346 0.717843 -0.23621
-0.158882 0.712868 -0.23621
-0.0447365 0.758646 -0.23621
-0.158418 0.707893 -0.23621
-0.116537 0.576302 -0.201345
-0.157954 0.702918 -0.23621
0.0209587 0.794886 -0.211306
-0.0109606 0.766816 -0.23621
-0.156561 0.687992 -0.23621
0.0162815 0.739246 -0.23621
-0.156097 0.683017 -0.23621
0.0139964 0.869513 -0.191383
-0.163987 0.767594 -0.23621
-0.155169 0.673067 -0.23621
0.0242078 0.76006 -0.171461
-0.149527 0.824146 -0.23621
-0.154704 0.668092 -0.23621
-0.192408 0.754906 -0.23621
-0.15424 0.663116 -0.23621
-0.157204 0.853541 -0.23621
-0.123249 0.701137 -0.23621
-0.150777 0.573108 -0.171461
-0.153312 0.653166 -0.23621
-0.156275 0.84359 -0.23621
-0.0338111 0.694426 -0.23621
-0.152848 0.648191 -0.23621
-0.155811 0.838615 -0.23621
-0.101077 0.833685 -0.23621
-0.151455 0.633266 -0.23621
-0.154883 0.828665 -0.23621
-0.0585182 0.641936 -0.126634
-0.150527 0.623315 -0.23621
-0.152562 0.803789 -0.23621
-0.142529 0.85491 -0.216287
0.0339549 0.655582 -0.216287
-0.127212 0.69073 -0.23621
-0.169557 0.827296 -0.126634
-0.167522 0.646822 -0.126634
-0.150063 0.61834 -0.23621
-0.149599 0.613365 -0.23621
-0.118072 0.857191 -0.196364
-0.0887237 0.85993 -0.146557
-0.071086 0.670874 -0.23621
-0.148206 0.59844 -0.23621
-0.150706 0.783889 -0.23621
-0.146493 0.844503 -0.23621
-0.104648 0.607522 -0.23621
-0.0300265 0.865406 -0.206326
-0.147278 0.588489 -0.23621
-0.14635 0.578539 -0.23621
-0.149313 0.768963 -0.23621
-0.192194 0.699723 -0.136595
-0.141851 0.794752 -0.126634
-0.174949 0.726424 -0.23621
-0.0037484 0.742396 -0.23621
-0.145886 0.573564 -0.231229
-0.15117 0.788864 -0.126634
-0.165594 0.837703 -0.23621
0.000857397 0.587254 -0.191383
-0.16513 0.832727 -0.23621
-0.163273 0.812827 -0.23621
-0.0676227 0.580865 -0.231229
-0.18009 0.67576 -0.126634
-0.162345 0.802877 -0.23621
0.000428957 0.69762 -0.23621
-0.160953 0.787951 -0.23621
-0.0284912 0.584516 -0.191383
-0.183767 0.820952 -0.23621
-0.159096 0.768051 -0.23621
-0.148135 0.809221 -0.23621
-0.157239 0.74815 -0.23621
-0.0529484 0.582234 -0.156518
-0.156775 0.743175 -0.23621
-0.082297 0.579496 -0.156518
-0.155847 0.733225 -0.23621
-0.082297 0.579496 -0.211306
-0.155383 0.72825 -0.23621
-0.0578398 0.581778 -0.126634
-0.154455 0.718299 -0.23621
0.0106403 0.588167 -0.191383
-0.0677655 0.846829 -0.126634
-0.0655161 0.611173 -0.126634
-0.115823 0.621535 -0.126634
-0.0827254 0.689862 -0.23621
-0.180126 0.57037 -0.196364
-0.15399 0.713324 -0.23621
0.0251361 0.750109 -0.171461
-0.153062 0.703374 -0.23621
-0.152598 0.698399 -0.23621
-0.025135 0.865862 -0.131615
0.0163172 0.844637 -0.216287
-0.152134 0.693424 -0.23621
-0.143279 0.704287 -0.126634
-0.15167 0.688448 -0.23621
-0.168665 0.711955 -0.126634
0.0202446 0.749653 -0.126634
-0.151205 0.683473 -0.23621
-0.150741 0.678498 -0.23621
-0.0499135 0.602591 -0.23621
-0.052877 0.793016 -0.23621
-0.150277 0.673523 -0.23621
-0.181982 0.59027 -0.231229
-0.149813 0.668548 -0.23621
-0.152312 0.853997 -0.23621
-0.0284912 0.584516 -0.216287
-0.148885 0.658598 -0.23621
-0.148421 0.653623 -0.23621
-0.142529 0.85491 -0.191383
-0.094115 0.759058 -0.126634
-0.0396308 0.703919 -0.23621
-0.147956 0.648647 -0.23621
-0.147492 0.643672 -0.23621
-0.117001 0.581277 -0.23621
-0.120429 0.776677 -0.23621
-0.0664444 0.621123 -0.23621
-0.0668372 0.836879 -0.23621
-0.201227 0.849434 -0.131615
-0.147028 0.638697 -0.23621
-0.149992 0.829121 -0.23621
0.008141 0.773616 -0.126634
-0.0673013 0.841854 -0.23621
-0.0300265 0.865406 -0.146557
-0.198228 0.7644 -0.211306
0.0100333 0.859106 -0.23621
0.0295276 0.65015 -0.126634
0.0129967 0.668682 -0.23621
0.0139964 0.869513 -0.206326
-0.146564 0.633722 -0.23621
0.00956916 0.864081 -0.23621
0.0299918 0.645175 -0.126634
0.0134609 0.663707 -0.23621
-0.1461 0.628747 -0.23621
-0.173056 0.811914 -0.23621
-0.144243 0.608846 -0.23621
-0.12632 0.575389 -0.23621
-0.126713 0.791146 -0.23621
0.015853 0.849612 -0.131615
-0.144707 0.613821 -0.23621
-0.0126387 0.626143 -0.23621
-0.0160662 0.821542 -0.23621
-0.142387 0.588946 -0.23621
-0.141458 0.578995 -0.23621
-0.144422 0.76942 -0.23621
-0.161167 0.843134 -0.23621
-0.0112105 0.716608 -0.23621
-0.160239 0.833184 -0.23621
0.0121041 0.784023 -0.23621
-0.176591 0.691142 -0.23621
0.0150675 0.593598 -0.23621
-0.157454 0.803333 -0.23621
-0.156061 0.788408 -0.23621
-0.15374 0.763532 -0.23621
-0.136103 0.574477 -0.216287
-0.123963 0.655904 -0.126634
-0.127855 0.856279 -0.126634
-0.0344895 0.754584 -0.23621
-0.156775 0.743175 -0.126634
-0.152348 0.748607 -0.23621
-0.185231 0.625096 -0.221268
-0.139566 0.664486 -0.23621
-0.151884 0.743631 -0.23621
0.0339549 0.655582 -0.206326
0.0153532 0.749197 -0.126634
-0.139102 0.65951 -0.23621
-0.142529 0.85491 -0.23621
-0.150956 0.733681 -0.23621
-0.150027 0.723731 -0.23621
-0.149563 0.718756 -0.23621
-0.0873669 0.739614 -0.23621
-0.149099 0.713781 -0.23621
-0.0559118 0.772659 -0.126634
-0.158382 0.813283 -0.23621
-0.148635 0.708805 -0.23621
-0.148171 0.70383 -0.23621
-0.147242 0.69388 -0.23621
-0.14585 0.678955 -0.23621
-0.138424 0.599352 -0.23621
-0.0121031 0.831949 -0.126634
-0.00913969 0.641524 -0.126634
-0.0929367 0.799315 -0.126634
-0.0783338 0.589903 -0.23621
-0.040095 0.708895 -0.23621
-0.137959 0.594377 -0.23621
-0.122964 0.856735 -0.186403
-0.137495 0.589402 -0.23621
-0.118072 0.857191 -0.131615
0.0186379 0.819761 -0.226249
0.00742692 0.728383 -0.23621
-0.192658 0.704698 -0.136595
-0.137031 0.584427 -0.23621
-0.139066 0.764901 -0.23621
-0.136567 0.579452 -0.23621
-0.13953 0.769876 -0.23621
-0.0561974 0.61706 -0.23621
-0.0591608 0.807485 -0.23621
-0.127855 0.856279 -0.141576
-0.136103 0.574477 -0.23621
-0.116965 0.686668 -0.23621
-0.15674 0.848566 -0.23621
-0.192194 0.699723 -0.156518
-0.138888 0.604327 -0.23621
-0.153491 0.81374 -0.23621
-0.153026 0.808765 -0.23621
-0.0985065 0.859017 -0.196364
-0.132747 0.855822 -0.136595
-0.148849 0.763988 -0.23621
-0.147921 0.754038 -0.23621
0.0358115 0.635681 -0.206326
-0.0631954 0.586297 -0.126634
-0.146992 0.744088 -0.23621
-0.109503 0.712456 -0.23621
-0.0151379 0.811592 -0.126634
0.00532039 0.698076 -0.23621
-0.146528 0.739113 -0.23621
-0.182911 0.60022 -0.126634
-0.185874 0.790645 -0.126634
-0.146064 0.734137 -0.23621
-0.119536 0.661336 -0.23621
-0.183375 0.605196 -0.151538
-0.1456 0.729162 -0.23621
-0.145136 0.724187 -0.23621
-0.144672 0.719212 -0.23621
-0.144208 0.714237 -0.23621
-0.142815 0.699311 -0.23621
0.0256002 0.745134 -0.181422
-0.142351 0.694336 -0.23621
-0.141887 0.689361 -0.23621
-0.141423 0.684386 -0.23621
-0.0715501 0.675849 -0.126634
-0.181447 0.796076 -0.23621
-0.140494 0.674436 -0.23621
-0.198228 0.7644 -0.191383
-0.138638 0.654535 -0.23621
-0.142065 0.849935 -0.23621
-0.204261 0.829077 -0.156518
-0.137709 0.644585 -0.23621
-0.0544836 0.863124 -0.211306
0.0190664 0.709396 -0.23621
-0.137245 0.63961 -0.23621
-0.13446 0.609759 -0.23621
-0.137888 0.805158 -0.23621
-0.133532 0.599809 -0.23621
-0.136495 0.790233 -0.23621
-0.133068 0.594834 -0.23621
0.0139964 0.869513 -0.156518
-0.168236 0.601589 -0.126634
-0.044558 0.598073 -0.23621
-0.15167 0.688448 -0.126634
-0.0201008 0.600354 -0.23621
-0.0235284 0.795754 -0.23621
-0.151848 0.849022 -0.23621
-0.140673 0.835009 -0.23621
-0.0130314 0.841899 -0.23621
0.0204231 0.58908 -0.141576
-0.151384 0.844047 -0.23621
-0.15092 0.839072 -0.23621
-0.145814 0.784345 -0.23621
-0.017066 0.620711 -0.126634
-0.144886 0.774395 -0.23621
-0.143029 0.754494 -0.23621
-0.0874026 0.634223 -0.23621
-0.142101 0.744544 -0.23621
-0.0631597 0.691688 -0.23621
-0.151384 0.844047 -0.126634
-0.141637 0.739569 -0.23621
-0.0447008 0.864037 -0.176441
-0.190337 0.679823 -0.226249
-0.0887951 0.649148 -0.23621
0.00953345 0.758691 -0.23621
-0.193586 0.714649 -0.191383
-0.138852 0.709718 -0.23621
-0.138388 0.704743 -0.23621
-0.199156 0.77435 -0.226249
-0.0134956 0.846874 -0.23621
-0.137924 0.699768 -0.23621
-0.094829 0.713825 -0.23621
-0.187552 0.649972 -0.151538
-0.148885 0.658598 -0.126634
-0.136995 0.689818 -0.23621
0.021887 0.784935 -0.161499
-0.136531 0.684842 -0.23621
-0.00514085 0.757322 -0.23621
-0.136067 0.679867 -0.23621
-0.162595 0.752669 -0.126634
-0.0459504 0.612998 -0.23621
0.0320983 0.675482 -0.176441
-0.135603 0.674892 -0.23621
-0.135139 0.669917 -0.23621
-0.00721167 0.832405 -0.23621
-0.0382741 0.583604 -0.126634
-0.052877 0.793016 -0.126634
-0.0499135 0.602591 -0.126634
-0.134675 0.664942 -0.23621
-0.137638 0.855366 -0.23621
-0.13421 0.659967 -0.23621
-0.137174 0.850391 -0.23621
-0.171485 0.636415 -0.23621
-0.133746 0.654992 -0.23621
0.0302417 0.695383 -0.156518
-0.133282 0.650016 -0.23621
-0.13671 0.845416 -0.23621
-0.171878 0.852172 -0.186403
-0.132818 0.645041 -0.23621
-0.136246 0.840441 -0.23621
-0.0375243 0.734227 -0.126634
-0.132354 0.640066 -0.23621
-0.147742 0.593465 -0.23621
-0.13189 0.635091 -0.23621
-0.134389 0.82054 -0.23621
-0.106754 0.577215 -0.211306
0.0348832 0.645631 -0.126634
-0.129569 0.610215 -0.23621
-0.185231 0.625096 -0.161499
-0.197299 0.75445 -0.126634
-0.129105 0.60524 -0.23621
-0.132068 0.795664 -0.23621
-0.128641 0.600265 -0.23621
-0.131604 0.790689 -0.23621
-0.00860412 0.84733 -0.23621
-0.128176 0.59529 -0.23621
0.0186379 0.819761 -0.201345
-0.180126 0.57037 -0.231229
-0.0720142 0.680825 -0.23621
-0.0540552 0.752758 -0.23621
-0.126784 0.580364 -0.23621
-0.130212 0.775764 -0.23621
-0.085546 0.614322 -0.23621
-0.0889736 0.809722 -0.23621
0.0149247 0.859562 -0.181422
-0.0510204 0.773115 -0.126634
-0.0359176 0.664118 -0.23621
-0.132604 0.589858 -0.23621
-0.134639 0.770332 -0.23621
-0.145564 0.834553 -0.23621
-0.144636 0.824603 -0.23621
-0.141387 0.789777 -0.23621
-0.140459 0.779826 -0.23621
-0.128391 0.650473 -0.23621
-0.131818 0.845872 -0.23621
-0.0871884 0.57904 -0.156518
-0.0554476 0.767684 -0.23621
-0.139994 0.774851 -0.23621
-0.138602 0.759926 -0.23621
-0.176769 0.851715 -0.176441
-0.0752633 0.71565 -0.126634
-0.0962215 0.728751 -0.126634
-0.0121388 0.726558 -0.23621
-0.0447008 0.864037 -0.231229
-0.138138 0.754951 -0.23621
-0.204726 0.834052 -0.126634
-0.137674 0.749976 -0.23621
-0.135353 0.7251 -0.23621
-0.134889 0.720125 -0.23621
-0.133961 0.710174 -0.23621
-0.0690151 0.595791 -0.126634
-0.133496 0.705199 -0.23621
-0.132568 0.695249 -0.23621
-0.130711 0.675348 -0.23621
-0.130247 0.670373 -0.23621
-0.129783 0.665398 -0.23621
-0.103398 0.858561 -0.196364
-0.0265989 0.670006 -0.23621
-0.128855 0.655448 -0.23621
-0.127927 0.645498 -0.23621
-0.131354 0.840897 -0.23621
-0.106469 0.732813 -0.126634
-0.12607 0.625597 -0.23621
-0.125142 0.615647 -0.23621
-0.127641 0.801096 -0.23621
-0.00399833 0.692188 -0.126634
-0.0373101 0.679044 -0.23621
-0.124213 0.605696 -0.23621
-0.128569 0.811046 -0.23621
-0.123285 0.595746 -0.23621
-0.170093 0.62149 -0.126634
-0.0191011 0.801185 -0.23621
-0.166987 0.852628 -0.221268
-0.136103 0.574477 -0.146557
-0.122821 0.590771 -0.23621
-0.125784 0.781195 -0.23621
-0.00585493 0.712089 -0.126634
-0.0235641 0.690363 -0.126634
0.0146034 0.598574 -0.23621
-0.122357 0.585796 -0.23621
0.0139964 0.869513 -0.176441
-0.119715 0.821909 -0.23621
-0.121893 0.580821 -0.23621
0.0307059 0.690408 -0.181422
-0.18616 0.635046 -0.131615
0.0132467 0.71889 -0.23621
-0.187088 0.644997 -0.141576
-0.0664087 0.726513 -0.23621
-0.141601 0.844959 -0.23621
-0.141137 0.839984 -0.23621
0.0204231 0.58908 -0.176441
-0.0573042 0.787584 -0.23621
-0.139745 0.825059 -0.23621
-0.13928 0.820084 -0.23621
-0.13696 0.795208 -0.23621
-0.0701219 0.766315 -0.126634
-0.134175 0.765357 -0.23621
-0.201227 0.849434 -0.141576
-0.014888 0.861799 -0.23621
-0.131854 0.740482 -0.23621
-0.13139 0.735506 -0.23621
-0.081083 0.725144 -0.126634
-0.0738351 0.806116 -0.23621
-0.129533 0.715606 -0.23621
-0.128605 0.705656 -0.23621
-0.127677 0.695705 -0.23621
0.00274971 0.672744 -0.126634
-0.126284 0.68078 -0.23621
-0.125356 0.67083 -0.23621
-0.0161377 0.610761 -0.23621
-0.0214218 0.826061 -0.23621
-0.166987 0.852628 -0.136595
-0.124892 0.665855 -0.23621
-0.126927 0.846328 -0.23621
-0.203797 0.824102 -0.126634
-0.124428 0.660879 -0.23621
-0.127391 0.851304 -0.23621
-0.166987 0.852628 -0.216287
-0.136103 0.574477 -0.141576
-0.131176 0.680324 -0.126634
-0.123963 0.655904 -0.23621
-0.127855 0.856279 -0.23621
-0.123499 0.650929 -0.23621
-0.126463 0.841353 -0.23621
-0.123035 0.645954 -0.23621
0.0200304 0.804836 -0.231229
0.0283851 0.715283 -0.231229
-0.122571 0.640979 -0.23621
-0.125999 0.836378 -0.23621
-0.121179 0.626053 -0.23621
-0.124142 0.816478 -0.23621
-0.120714 0.621078 -0.23621
-0.123678 0.811503 -0.23621
0.037204 0.620756 -0.161499
-0.090366 0.824647 -0.126634
-0.12025 0.616103 -0.23621
-0.0139954 0.746459 -0.23621
-0.119786 0.611128 -0.23621
-0.113966 0.601634 -0.23621
-0.116466 0.787083 -0.23621
-0.119322 0.606153 -0.23621
-0.122285 0.796577 -0.23621
-0.118394 0.596203 -0.23621
-0.120893 0.781652 -0.23621
-0.0883309 0.644173 -0.23621
-0.117929 0.591227 -0.23621
-0.121357 0.786627 -0.23621
0.00881937 0.713458 -0.126634
-0.0878668 0.639198 -0.23621
-0.172664 0.596158 -0.23621
-0.176555 0.796533 -0.23621
-0.117465 0.586252 -0.23621
-0.12632 0.575389 -0.186403
-0.116537 0.576302 -0.23621
-0.119965 0.771701 -0.23621
-0.135781 0.835466 -0.23621
-0.162095 0.853084 -0.191383
-0.0533411 0.797991 -0.23621
-0.132996 0.805615 -0.23621
-0.0468073 0.833729 -0.23621
0.00785536 0.618018 -0.23621
0.0228153 0.774985 -0.146557
-0.132532 0.80064 -0.23621
-0.0719785 0.786215 -0.23621
-0.0740851 0.755908 -0.23621
-0.129747 0.770789 -0.23621
0.0339549 0.655582 -0.146557
-0.106754 0.577215 -0.23621
-0.110182 0.772614 -0.23621
-0.0584825 0.747327 -0.23621
-0.183375 0.605196 -0.16648
-0.0552691 0.60711 -0.23621
-0.128819 0.760839 -0.23621
-0.203797 0.824102 -0.206326
-0.128355 0.755863 -0.23621
-0.16638 0.581689 -0.23621
-0.169343 0.772113 -0.23621
-0.126963 0.740938 -0.23621
-0.126498 0.735963 -0.23621
-0.126034 0.730988 -0.23621
-0.12557 0.726013 -0.23621
-0.125106 0.721037 -0.23621
-0.123713 0.706112 -0.23621
-0.19962 0.779325 -0.211306
-0.122321 0.691187 -0.23621
-0.0678012 0.741439 -0.126634
-0.120464 0.671286 -0.23621
-0.192622 0.810089 -0.126634
-0.029598 0.75504 -0.23621
-0.194514 0.724599 -0.206326
-0.12 0.666311 -0.23621
-0.122964 0.856735 -0.23621
0.0325625 0.670507 -0.156518
-0.165451 0.571739 -0.16648
-0.119072 0.656361 -0.23621
-0.121571 0.84181 -0.23621
-0.186624 0.640022 -0.186403
-0.133996 0.604784 -0.126634
-0.117215 0.63646 -0.23621
-0.114895 0.611584 -0.23621
-0.118322 0.806984 -0.23621
0.027921 0.720259 -0.161499
-0.113502 0.596659 -0.23621
-0.0328828 0.684475 -0.23621
-0.140994 0.57402 -0.171461
-0.0352035 0.709351 -0.126634
-0.112574 0.586709 -0.23621
-0.11211 0.581734 -0.23621
-0.0508418 0.612542 -0.23621
-0.0542694 0.807941 -0.23621
-0.130426 0.830947 -0.23621
0.0350974 0.590449 -0.231229
0.0207088 0.744678 -0.126634
-0.116501 0.681693 -0.23621
-0.177305 0.645909 -0.23621
-0.129498 0.820996 -0.23621
-0.126248 0.78617 -0.23621
-0.0585182 0.641936 -0.23621
-0.12532 0.77622 -0.23621
-0.124392 0.76627 -0.23621
-0.163059 0.757644 -0.23621
-0.123928 0.761295 -0.23621
-0.123464 0.75632 -0.23621
-0.0789408 0.860842 -0.206326
-0.0897234 0.659099 -0.126634
-0.122535 0.746369 -0.23621
-0.183375 0.605196 -0.206326
-0.164487 0.667179 -0.23621
0.0101761 0.593142 -0.23621
0.0072127 0.783566 -0.23621
-0.121143 0.731444 -0.23621
-0.116537 0.576302 -0.196364
-0.12632 0.575389 -0.151538
-0.136317 0.62966 -0.126634
-0.0659803 0.616148 -0.23621
-0.120215 0.721494 -0.23621
0.0381323 0.610806 -0.16648
-0.0990421 0.653211 -0.23621
-0.10247 0.84861 -0.23621
-0.147421 0.854453 -0.156518
-0.119286 0.711543 -0.23621
-0.118822 0.706568 -0.23621
-0.118358 0.701593 -0.23621
-0.108789 0.757689 -0.23621
-0.117894 0.696618 -0.23621
-0.116037 0.676717 -0.23621
-0.162809 0.807852 -0.23621
-0.115573 0.671742 -0.23621
-0.115109 0.666767 -0.23621
-0.113181 0.857648 -0.136595
-0.114645 0.661792 -0.23621
-0.0782981 0.695294 -0.23621
-0.161203 0.737744 -0.126634
-0.114181 0.656817 -0.23621
-0.181054 0.58032 -0.151538
-0.0540195 0.858149 -0.23621
-0.118072 0.857191 -0.156518
-0.0684796 0.801597 -0.126634
-0.110932 0.621991 -0.23621
-0.114359 0.81739 -0.23621
-0.187088 0.644997 -0.171461
-0.200084 0.784301 -0.161499
-0.141922 0.583971 -0.126634
-0.14535 0.77937 -0.126634
-0.0204935 0.816111 -0.23621
-0.11186 0.631941 -0.126634
-0.107897 0.642348 -0.23621
-0.192194 0.699723 -0.176441
-0.110003 0.612041 -0.23621
-0.112967 0.802465 -0.23621
-0.191729 0.694748 -0.161499
-0.0298837 0.599442 -0.126634
-0.109539 0.607066 -0.23621
-0.149777 0.773939 -0.126634
-0.108611 0.597115 -0.23621
-0.108147 0.59214 -0.23621
-0.0920798 0.578584 -0.196364
-0.196371 0.744499 -0.16648
-0.107682 0.587165 -0.23621
-0.11111 0.782564 -0.23621
-0.107218 0.58219 -0.23621
-0.0912943 0.834597 -0.23621
-0.15449 0.612909 -0.23621
-0.157918 0.808308 -0.23621
-0.10272 0.798402 -0.23621
-0.0263847 0.614823 -0.23621
-0.0293481 0.805248 -0.23621
-0.1195 0.766726 -0.23621
0.00624869 0.688126 -0.23621
-0.119036 0.761751 -0.23621
0.00574883 0.587711 -0.131615
-0.189409 0.669872 -0.186403
-0.118572 0.756776 -0.23621
-0.106754 0.577215 -0.126634
-0.110182 0.772614 -0.126634
-0.0787623 0.700269 -0.23621
-0.136103 0.574477 -0.211306
-0.118108 0.751801 -0.23621
-0.140923 0.784801 -0.126634
-0.0151379 0.811592 -0.23621
-0.0349179 0.864949 -0.196364
0.0358115 0.635681 -0.196364
-0.181982 0.59027 -0.126634
-0.18541 0.78567 -0.126634
-0.117644 0.746826 -0.23621
0.0320983 0.675482 -0.141576
-0.183839 0.610171 -0.231229
-0.165451 0.571739 -0.126634
-0.0909016 0.618841 -0.23621
-0.0904375 0.613866 -0.23621
-0.0943292 0.814241 -0.23621
-0.0403092 0.764077 -0.23621
-0.11718 0.741851 -0.23621
-0.116716 0.736875 -0.23621
-0.115323 0.72195 -0.23621
-0.201941 0.804201 -0.206326
-0.114395 0.712 -0.23621
-0.0629455 0.636505 -0.126634
-0.113002 0.697074 -0.23621
0.0376681 0.615781 -0.186403
-0.153276 0.758557 -0.23621
-0.112074 0.687124 -0.23621
-0.196335 0.84989 -0.156518
-0.110682 0.672199 -0.23621
-0.0153522 0.866775 -0.186403
-0.108825 0.652298 -0.23621
-0.112253 0.847698 -0.23621
-0.0973997 0.688493 -0.23621
-0.0636238 0.696663 -0.23621
0.0214229 0.78991 -0.216287
0.0253146 0.589536 -0.216287
-0.108361 0.647323 -0.23621
0.0195305 0.70442 -0.23621
-0.159382 0.612452 -0.126634
-0.10604 0.622447 -0.23621
-0.109932 0.822822 -0.23621
-0.105576 0.617472 -0.23621
-0.108539 0.807896 -0.23621
-0.105112 0.612497 -0.23621
0.0177097 0.829712 -0.136595
-0.103719 0.597572 -0.23621
-0.107147 0.792971 -0.23621
-0.177091 0.590726 -0.126634
-0.180518 0.786126 -0.126634
-0.103255 0.592596 -0.23621
-0.0529484 0.582234 -0.131615
-0.00539078 0.707114 -0.126634
-0.102791 0.587621 -0.23621
-0.105754 0.778046 -0.23621
-0.0421658 0.783978 -0.126634
-0.0392024 0.593554 -0.126634
-0.102327 0.582646 -0.23621
-0.10529 0.77307 -0.23621
-0.098328 0.698443 -0.23621
-0.0556619 0.822866 -0.23621
-0.19405 0.719624 -0.201345
-0.1225 0.85176 -0.23621
-0.181661 0.851259 -0.181422
0.03117 0.685433 -0.231229
0.0390606 0.600855 -0.16648
-0.149777 0.773939 -0.23621
-0.121107 0.836835 -0.23621
-0.118786 0.811959 -0.23621
-0.117858 0.802009 -0.23621
-0.0109963 0.661425 -0.23621
-0.0144239 0.856824 -0.23621
-0.117394 0.797033 -0.23621
-0.0496636 0.652799 -0.23621
-0.115537 0.777133 -0.23621
0.0174597 0.779504 -0.23621
-0.0966499 0.839116 -0.126634
0.0130324 0.774072 -0.126634
-0.114145 0.762208 -0.23621
-0.112752 0.747282 -0.23621
-0.155668 0.572651 -0.16648
-0.112288 0.742307 -0.23621
-0.111824 0.737332 -0.23621
-0.110896 0.727382 -0.23621
-0.0762273 0.62021 -0.23621
-0.080119 0.820585 -0.23621
-0.195907 0.739524 -0.141576
-0.093865 0.809265 -0.126634
-0.0899733 0.608891 -0.126634
-0.109967 0.717431 -0.23621
-0.109039 0.707481 -0.23621
-0.191265 0.689773 -0.151538
-0.000963495 0.712545 -0.23621
-0.0756917 0.826016 -0.23621
-0.140994 0.57402 -0.216287
-0.106718 0.682605 -0.23621
-0.0929724 0.693925 -0.126634
-0.10579 0.672655 -0.23621
-0.105326 0.66768 -0.23621
-0.104398 0.65773 -0.23621
-0.107825 0.853129 -0.23621
0.0320983 0.675482 -0.231229
-0.102541 0.637829 -0.23621
-0.102077 0.632854 -0.23621
-0.104576 0.818303 -0.23621
-0.101613 0.627879 -0.23621
-0.10022 0.612953 -0.23621
-0.163095 0.652254 -0.23621
-0.0221716 0.675438 -0.23621
-0.0237426 0.850937 -0.23621
-0.188945 0.664897 -0.131615
-0.138816 0.815109 -0.23621
-0.0988279 0.598028 -0.23621
-0.0969713 0.578127 -0.23621
-0.0999347 0.768552 -0.23621
-0.0887237 0.85993 -0.186403
-0.118072 0.857191 -0.23621
-0.117608 0.852216 -0.23621
-0.150777 0.573108 -0.206326
-0.115287 0.827341 -0.23621
-0.114823 0.822366 -0.23621
-0.113895 0.812415 -0.23621
-0.0104607 0.867231 -0.136595
-0.111574 0.78754 -0.23621
0.00910501 0.869056 -0.216287
0.0232795 0.77001 -0.16648
-0.196835 0.749475 -0.141576
-0.110646 0.777589 -0.23621
-0.130926 0.730531 -0.23621
-0.109718 0.767639 -0.23621
-0.109253 0.762664 -0.23621
-0.108325 0.752714 -0.23621
-0.0725141 0.580409 -0.211306
-0.0384526 0.744177 -0.23621
-0.107397 0.742763 -0.23621
-0.0857603 0.669505 -0.23621
-0.201012 0.794251 -0.146557
-0.106933 0.737788 -0.23621
-0.0729783 0.585384 -0.23621
-0.0759417 0.775809 -0.23621
-0.106004 0.727838 -0.23621
-0.0838322 0.860386 -0.161499
-0.10554 0.722863 -0.23621
-0.0233141 0.740571 -0.23621
-0.105076 0.717888 -0.23621
-0.15699 0.798358 -0.126634
-0.104612 0.712912 -0.23621
-0.101827 0.683062 -0.23621
-0.101363 0.678087 -0.23621
0.0204946 0.799861 -0.186403
-0.100435 0.668136 -0.23621
-0.0999704 0.663161 -0.23621
-0.098578 0.648236 -0.23621
-0.102006 0.843635 -0.23621
-0.082297 0.579496 -0.196364
-0.0981138 0.643261 -0.23621
-0.101541 0.83866 -0.23621
-0.0962572 0.62336 -0.23621
-0.0992206 0.813784 -0.23621
-0.095793 0.618385 -0.23621
-0.0934723 0.593509 -0.23621
-0.0930081 0.588534 -0.23621
-0.0964357 0.783933 -0.23621
0.0209587 0.794886 -0.206326
0.0299918 0.645175 -0.23621
-0.166308 0.79247 -0.126634
-0.163345 0.602046 -0.126634
-0.102291 0.688037 -0.126634
-0.0920798 0.578584 -0.23621
-0.0950433 0.769008 -0.23621
-0.163523 0.762619 -0.126634
-0.111788 0.842722 -0.23621
-0.0305263 0.76499 -0.126634
-0.109003 0.812872 -0.23621
-0.108075 0.802921 -0.23621
-0.106683 0.787996 -0.23621
-0.177555 0.595702 -0.126634
-0.189873 0.674847 -0.23621
-0.106219 0.783021 -0.23621
-0.104826 0.768095 -0.23621
-0.0300265 0.865406 -0.136595
-0.162881 0.597071 -0.23621
-0.165844 0.787495 -0.23621
-0.10297 0.748195 -0.23621
-0.202869 0.814151 -0.231229
-0.0577684 0.792559 -0.23621
-0.102505 0.74322 -0.23621
-0.0829396 0.745045 -0.23621
-0.102041 0.738244 -0.23621
-0.118108 0.751801 -0.126634
0.00532039 0.698076 -0.126634
-0.101577 0.733269 -0.23621
-0.0379884 0.739202 -0.126634
-0.0550192 0.657318 -0.23621
-0.0584468 0.852717 -0.23621
-0.101113 0.728294 -0.23621
-0.0544836 0.863124 -0.176441
-0.100649 0.723319 -0.23621
-0.100185 0.718344 -0.23621
-0.0997205 0.713369 -0.23621
-0.0382741 0.583604 -0.136595
-0.0969356 0.683518 -0.23621
-0.0964714 0.678543 -0.23621
-0.191444 0.850346 -0.221268
-0.188016 0.654947 -0.221268
-0.0859745 0.724688 -0.23621
0.01164 0.788998 -0.126634
-0.0960073 0.673568 -0.23621
-0.15117 0.788864 -0.23621
-0.095079 0.663617 -0.23621
-0.0946148 0.658642 -0.23621
-0.0941507 0.653667 -0.23621
-0.0980424 0.854042 -0.23621
-0.0642665 0.862211 -0.126634
-0.0613031 0.671787 -0.126634
-0.0936865 0.648692 -0.23621
-0.0927582 0.638742 -0.23621
-0.0957216 0.829166 -0.23621
-0.0920798 0.578584 -0.186403
-0.196371 0.744499 -0.156518
-0.0578041 0.687169 -0.23621
-0.0217075 0.670463 -0.23621
-0.0922941 0.633767 -0.23621
-0.0913658 0.623816 -0.23621
-0.0947933 0.819216 -0.23621
-0.0885809 0.593965 -0.23621
-0.0876526 0.584015 -0.23621
-0.0961858 0.834141 -0.23621
-0.0871884 0.57904 -0.216287
-0.107361 0.848154 -0.23621
-0.0691579 0.861755 -0.231229
-0.0138169 0.585885 -0.171461
-0.148385 0.759013 -0.126634
-0.10504 0.823278 -0.23621
0.0139964 0.869513 -0.186403
0.0111758 0.793973 -0.23621
-0.147492 0.643672 -0.126634
0.0132109 0.613499 -0.23621
-0.176769 0.851715 -0.171461
-0.182161 0.750844 -0.126634
-0.104112 0.813328 -0.23621
-0.103648 0.808353 -0.23621
-0.0312761 0.614367 -0.23621
-0.0347037 0.809766 -0.23621
-0.100399 0.773527 -0.23621
-0.0187083 0.585429 -0.156518
-0.0990064 0.758601 -0.23621
-0.150456 0.834097 -0.126634
-0.0976139 0.743676 -0.23621
-0.0971498 0.738701 -0.23621
-0.0966856 0.733726 -0.23621
-0.0962215 0.728751 -0.23621
-0.0952932 0.7188 -0.23621
-0.0943649 0.70885 -0.23621
-0.0638023 0.857236 -0.23621
-0.0300265 0.865406 -0.16648
-0.0284555 0.689907 -0.23621
-0.0939007 0.703875 -0.23621
-0.0925083 0.688949 -0.23621
-0.157525 0.592552 -0.23621
-0.142351 0.694336 -0.126634
-0.09158 0.678999 -0.23621
-0.0911158 0.674024 -0.23621
-0.0259205 0.609848 -0.23621
-0.0387025 0.693969 -0.23621
-0.0906517 0.669049 -0.23621
-0.0789408 0.860842 -0.16648
0.0214229 0.78991 -0.161499
0.0253146 0.589536 -0.161499
-0.106504 0.627422 -0.126634
-0.109468 0.817847 -0.126634
-0.0901875 0.664074 -0.23621
-0.0860102 0.619298 -0.23621
0.00371372 0.768185 -0.126634
-0.0846177 0.604372 -0.23621
-0.0398093 0.864493 -0.141576
-0.112288 0.742307 -0.126634
-0.0557333 0.612085 -0.23621
-0.0586967 0.80251 -0.23621
-0.0832253 0.589447 -0.23621
-0.0852604 0.769921 -0.23621
-0.122535 0.746369 -0.126634
-0.0827611 0.584472 -0.23621
-0.0857245 0.774896 -0.23621
-0.0789408 0.860842 -0.131615
0.0214229 0.78991 -0.196364
0.0253146 0.589536 -0.196364
-0.0300622 0.760015 -0.126634
-0.101541 0.83866 -0.126634
-0.0981138 0.643261 -0.126634
-0.15192 0.638241 -0.23621
-0.155347 0.83364 -0.23621
-0.082297 0.579496 -0.23621
-0.0861887 0.779871 -0.23621
-0.150777 0.573108 -0.146557
0.024422 0.704877 -0.126634
-0.0245281 0.594923 -0.23621
-0.194514 0.724599 -0.16648
-0.102934 0.853585 -0.23621
-0.120679 0.726469 -0.126634
-0.0987565 0.808809 -0.23621
-0.143743 0.709262 -0.23621
-0.0978282 0.798859 -0.23621
0.0223154 0.67457 -0.126634
-0.097364 0.793884 -0.23621
0.00421358 0.8686 -0.156518
-0.185695 0.630071 -0.141576
-0.0945791 0.764033 -0.23621
-0.185231 0.625096 -0.146557
-0.094115 0.759058 -0.23621
-0.0207792 0.660512 -0.23621
-0.0242067 0.855912 -0.23621
-0.0931867 0.749107 -0.23621
-0.0166018 0.615736 -0.23621
-0.195443 0.734549 -0.201345
-0.0917942 0.734182 -0.23621
-0.194978 0.729574 -0.201345
-0.0913301 0.729207 -0.23621
-0.0894735 0.709306 -0.23621
-0.0890093 0.704331 -0.23621
-0.13214 0.584883 -0.23621
-0.135103 0.775308 -0.23621
-0.0885452 0.699356 -0.23621
-0.0852961 0.66453 -0.23621
-0.084832 0.659555 -0.23621
-0.0877954 0.849979 -0.23621
-0.0839036 0.649605 -0.23621
-0.0859388 0.830079 -0.23621
-0.0834395 0.64463 -0.23621
-0.0864029 0.835054 -0.23621
-0.00892547 0.586342 -0.186403
-0.0829754 0.639654 -0.23621
-0.0868671 0.840029 -0.23621
0.0362757 0.630706 -0.141576
-0.000499344 0.70757 -0.126634
-0.00589064 0.606698 -0.23621
-0.00885405 0.797123 -0.23621
-0.0825112 0.634679 -0.23621
-0.193122 0.709673 -0.131615
-0.082047 0.629704 -0.23621
-0.0854746 0.825104 -0.23621
0.0237436 0.765035 -0.156518
-0.0678369 0.636048 -0.23621
-0.0712645 0.831448 -0.23621
-0.0300265 0.865406 -0.126634
-0.027063 0.674981 -0.126634
-0.0815829 0.624729 -0.23621
-0.147421 0.854453 -0.231229
-0.128605 0.705656 -0.126634
-0.0811187 0.619754 -0.23621
-0.200548 0.789276 -0.196364
0.00460631 0.652844 -0.126634
-0.058054 0.636961 -0.23621
-0.0614816 0.83236 -0.23621
-0.121428 0.575846 -0.216287
-0.078798 0.594878 -0.23621
-0.0778697 0.584928 -0.23621
-0.0794407 0.760427 -0.23621
-0.155668 0.572651 -0.151538
0.0146034 0.598574 -0.126634
-0.0985065 0.859017 -0.23621
-0.0966499 0.839116 -0.23621
-0.184767 0.620121 -0.176441
-0.196835 0.749475 -0.151538
-0.0929367 0.799315 -0.23621
-0.0901518 0.769464 -0.23621
-0.100684 0.617929 -0.126634
-0.0882952 0.749564 -0.23621
-0.0627312 0.581322 -0.161499
-0.0549835 0.762708 -0.126634
-0.0869028 0.734638 -0.23621
-0.0855103 0.719713 -0.23621
-0.0841179 0.704788 -0.23621
-0.0822613 0.684887 -0.23621
-0.0817971 0.679912 -0.23621
-0.0691579 0.861755 -0.196364
0.0325625 0.670507 -0.231229
-0.195907 0.739524 -0.216287
-0.081333 0.674937 -0.23621
0.0330266 0.665532 -0.201345
-0.136567 0.579452 -0.126634
-0.13953 0.769876 -0.126634
-0.0804047 0.664986 -0.23621
-0.0833681 0.855411 -0.23621
-0.0799405 0.660011 -0.23621
-0.0829039 0.850436 -0.23621
-0.0794764 0.655036 -0.23621
-0.0790122 0.650061 -0.23621
-0.0824398 0.84546 -0.23621
-0.0785481 0.645086 -0.23621
-0.0286697 0.74509 -0.23621
-0.0780839 0.640111 -0.23621
-0.0447008 0.864037 -0.201345
-0.0776198 0.635136 -0.23621
-0.145886 0.573564 -0.206326
-0.0766915 0.625185 -0.23621
-0.0796549 0.81561 -0.23621
-0.0964357 0.783933 -0.126634
-0.0930081 0.588534 -0.126634
-0.0249565 0.705289 -0.23621
-0.0748349 0.605285 -0.23621
-0.0782624 0.800684 -0.23621
-0.0725141 0.580409 -0.23621
-0.154026 0.607934 -0.23621
-0.0922226 0.844548 -0.23621
-0.0398093 0.864493 -0.186403
-0.0230999 0.685388 -0.126634
-0.0908302 0.829622 -0.23621
0.0260644 0.740159 -0.231229
0.0367398 0.625731 -0.221268
-0.0249208 0.810679 -0.126634
-0.090366 0.824647 -0.23621
-0.00260588 0.677263 -0.23621
-0.150777 0.573108 -0.191383
-0.0875811 0.794796 -0.23621
-0.046843 0.728339 -0.23621
-0.0847962 0.764946 -0.23621
0.0167813 0.839662 -0.186403
-0.0838679 0.754995 -0.23621
-0.18616 0.635046 -0.201345
-0.179626 0.670785 -0.23621
-0.0834038 0.75002 -0.23621
-0.0824755 0.74007 -0.23621
-0.0820113 0.735095 -0.23621
0.0256002 0.745134 -0.136595
-0.081083 0.725144 -0.23621
0.0137108 0.713914 -0.126634
-0.0769057 0.680368 -0.23621
0.0214229 0.78991 -0.141576
0.0253146 0.589536 -0.141576
-0.0764415 0.675393 -0.23621
-0.0789408 0.860842 -0.23621
0.0053561 0.803467 -0.23621
0.0139964 0.869513 -0.231229
-0.0755132 0.665443 -0.23621
0.0288493 0.710308 -0.136595
-0.0745849 0.655493 -0.23621
-0.0741208 0.650517 -0.23621
-0.0770842 0.840942 -0.23621
-0.0736566 0.645542 -0.23621
0.0191021 0.814786 -0.136595
-0.0731925 0.640567 -0.23621
-0.0789408 0.860842 -0.186403
-0.0256349 0.765446 -0.23621
-0.0722642 0.630617 -0.23621
-0.0718 0.625642 -0.23621
-0.0815472 0.73012 -0.126634
-0.0713359 0.620667 -0.23621
-0.145886 0.573564 -0.136595
-0.0704076 0.610716 -0.23621
-0.0676227 0.580865 -0.23621
-0.0887237 0.85993 -0.23621
-0.118072 0.857191 -0.136595
-0.0720142 0.680825 -0.126634
-0.14003 0.669461 -0.23621
-0.0882595 0.854954 -0.23621
-0.00699745 0.777222 -0.23621
0.0172455 0.834687 -0.186403
-0.141208 0.629203 -0.126634
-0.0845463 0.815153 -0.23621
-0.0831539 0.800228 -0.23621
-0.140994 0.57402 -0.181422
-0.0342752 0.699401 -0.23621
0.000857397 0.587254 -0.16648
-0.206118 0.848977 -0.136595
-0.0826897 0.795253 -0.23621
-0.0817614 0.785302 -0.23621
-0.131854 0.740482 -0.126634
-0.0812973 0.780327 -0.23621
0.0204946 0.799861 -0.206326
-0.0808331 0.775352 -0.23621
-0.080369 0.770377 -0.23621
-0.0789765 0.755452 -0.23621
-0.0769057 0.680368 -0.126634
0.00303535 0.828343 -0.23621
-0.0174587 0.836467 -0.23621
-0.148135 0.809221 -0.126634
-0.0785124 0.750476 -0.23621
0.0221012 0.729752 -0.23621
-0.0771199 0.735551 -0.23621
-0.0766558 0.730576 -0.23621
-0.0498421 0.813372 -0.126634
-0.0468787 0.622948 -0.126634
-0.154669 0.773482 -0.126634
-0.151241 0.578083 -0.126634
-0.0757275 0.720626 -0.23621
-0.147457 0.749063 -0.23621
-0.0899376 0.714281 -0.23621
-0.0747992 0.710675 -0.23621
0.017424 0.674113 -0.126634
-0.0223501 0.836011 -0.23621
-0.0729425 0.690775 -0.23621
-0.00185609 0.827886 -0.126634
0.00157148 0.632487 -0.126634
-0.0724784 0.6858 -0.23621
-0.0696935 0.655949 -0.23621
-0.0687652 0.645999 -0.23621
-0.068301 0.641023 -0.23621
-0.0717286 0.836423 -0.23621
-0.143315 0.598896 -0.23621
-0.146278 0.78932 -0.23621
-0.115359 0.61656 -0.23621
-0.0655161 0.611173 -0.23621
-0.0677655 0.846829 -0.23621
-0.0740494 0.861299 -0.151538
-0.117215 0.63646 -0.126634
-0.0645878 0.601222 -0.23621
-0.0237783 0.745546 -0.126634
-0.120179 0.826884 -0.126634
-0.0641237 0.596247 -0.23621
-0.190337 0.679823 -0.141576
-0.0424514 0.62838 -0.23621
-0.0627312 0.581322 -0.23621
-0.0656947 0.771746 -0.23621
-0.0819756 0.840485 -0.23621
-0.0815115 0.83551 -0.23621
-0.089045 0.598941 -0.23621
-0.0952575 0.824191 -0.23621
-0.0787266 0.805659 -0.23621
-0.07687 0.785759 -0.23621
-0.0754775 0.770833 -0.23621
-0.127248 0.58534 -0.23621
-0.130676 0.780739 -0.23621
-0.0750134 0.765858 -0.23621
-0.0722285 0.736007 -0.23621
-0.070836 0.721082 -0.23621
-0.0887237 0.85993 -0.201345
-0.0694436 0.706157 -0.23621
-0.0680511 0.691231 -0.23621
-0.067587 0.686256 -0.23621
0.000857397 0.587254 -0.161499
-0.206118 0.848977 -0.131615
-0.0461289 0.773571 -0.23621
-0.0671228 0.681281 -0.23621
-0.137424 0.800183 -0.23621
-0.0368102 0.779459 -0.23621
-0.0661945 0.671331 -0.23621
-0.19405 0.719624 -0.16648
-0.0657304 0.666355 -0.23621
0.0330266 0.665532 -0.231229
-0.103398 0.858561 -0.23621
-0.0648021 0.656405 -0.23621
-0.102541 0.637829 -0.126634
-0.0165661 0.721127 -0.23621
-0.0643379 0.65143 -0.23621
-0.0689437 0.806572 -0.23621
-0.200548 0.789276 -0.126634
-0.140209 0.830034 -0.23621
-0.0638738 0.646455 -0.23621
-0.030812 0.609392 -0.23621
-0.0342395 0.804791 -0.23621
-0.0957573 0.723775 -0.23621
-0.0629455 0.636505 -0.23621
-0.0620172 0.626554 -0.23621
-0.0654447 0.821954 -0.23621
-0.130247 0.670373 -0.126634
-0.0377742 0.684019 -0.23621
-0.121428 0.575846 -0.186403
-0.0687652 0.645999 -0.126634
-0.061553 0.621579 -0.23621
-0.0649806 0.816979 -0.23621
0.0237436 0.765035 -0.131615
-0.0610889 0.616604 -0.23621
-0.0606247 0.611629 -0.23621
-0.0601606 0.606654 -0.23621
-0.0668729 0.731489 -0.23621
0.0181738 0.824736 -0.211306
-0.0596964 0.601679 -0.23621
-0.0592323 0.596704 -0.23621
-0.063124 0.797078 -0.23621
-0.058304 0.586753 -0.23621
-0.0621957 0.787128 -0.23621
-0.106254 0.67763 -0.23621
-0.0747634 0.816066 -0.23621
-0.0529484 0.582234 -0.216287
-0.132747 0.855822 -0.23621
-0.073371 0.801141 -0.23621
-0.171878 0.852172 -0.171461
-0.0705861 0.77129 -0.23621
-0.184303 0.615146 -0.126634
-0.0687295 0.751389 -0.23621
-0.0187083 0.585429 -0.186403
0.0164957 0.684064 -0.126634
-0.151705 0.583058 -0.23621
-0.067337 0.736464 -0.23621
-0.0626598 0.792103 -0.23621
-0.0645521 0.706613 -0.23621
-0.165451 0.571739 -0.141576
-0.064088 0.701638 -0.23621
-0.0682296 0.851805 -0.23621
-0.175234 0.570826 -0.216287
-0.0626955 0.686712 -0.23621
-0.0622314 0.681737 -0.23621
-0.0613031 0.671787 -0.23621
-0.0642665 0.862211 -0.23621
-0.053591 0.747783 -0.23621
-0.201012 0.794251 -0.141576
-0.0608389 0.666812 -0.23621
0.00110733 0.637462 -0.23621
-0.0599106 0.656862 -0.23621
-0.0575899 0.631986 -0.23621
-0.0725141 0.580409 -0.171461
-0.15142 0.738656 -0.23621
-0.0543408 0.59716 -0.23621
-0.0568401 0.782609 -0.23621
-0.0538767 0.592185 -0.23621
-0.0729068 0.796165 -0.126634
-0.0699434 0.605741 -0.126634
-0.0534125 0.58721 -0.23621
-0.0694079 0.811547 -0.23621
-0.0684796 0.801597 -0.23621
-0.180126 0.57037 -0.141576
-0.0980781 0.748651 -0.23621
-0.0680154 0.796622 -0.23621
-0.113181 0.857648 -0.156518
-0.0675513 0.791647 -0.23621
-0.0661588 0.776721 -0.23621
-0.0652305 0.766771 -0.23621
-0.202869 0.814151 -0.136595
-0.0817971 0.679912 -0.126634
-0.0647664 0.761796 -0.23621
-0.0638381 0.751845 -0.23621
-0.0235998 0.584973 -0.161499
0.0228153 0.774985 -0.23621
-0.0633739 0.74687 -0.23621
-0.00771153 0.73199 -0.126634
-0.0624456 0.73692 -0.23621
0.0395247 0.59588 -0.136595
-0.0619815 0.731945 -0.23621
-0.186624 0.640022 -0.16648
-0.0615173 0.72697 -0.23621
-0.0610532 0.721995 -0.23621
0.0125683 0.779047 -0.23621
-0.060589 0.71702 -0.23621
-0.128855 0.655448 -0.126634
-0.0587324 0.697119 -0.23621
-0.122964 0.856735 -0.176441
-0.0582682 0.692144 -0.23621
-0.0573399 0.682194 -0.23621
-0.0871884 0.57904 -0.181422
-0.0564116 0.672243 -0.23621
-0.0593751 0.862668 -0.23621
-0.0554833 0.662293 -0.23621
-0.0589109 0.857692 -0.23621
0.0367398 0.625731 -0.23621
-0.00674752 0.82743 -0.126634
-0.0540909 0.647368 -0.23621
-0.056126 0.827842 -0.23621
-0.0724427 0.79119 -0.126634
-0.0517701 0.622492 -0.23621
-0.170057 0.726881 -0.126634
-0.0503777 0.607566 -0.23621
-0.0494494 0.597616 -0.23621
-0.0489852 0.592641 -0.23621
-0.0291339 0.750065 -0.126634
-0.0485211 0.587666 -0.23621
-0.0514845 0.77809 -0.23621
-0.0138169 0.585885 -0.176441
-0.0691579 0.861755 -0.23621
-0.0774055 0.579953 -0.196364
-0.0686938 0.85678 -0.23621
-0.0659089 0.826929 -0.23621
-0.0645164 0.812003 -0.23621
-0.0187083 0.585429 -0.151538
-0.0640523 0.807028 -0.23621
-0.0617315 0.782153 -0.23621
-0.0612674 0.777178 -0.23621
-0.0598749 0.762252 -0.23621
-0.181518 0.585295 -0.211306
-0.0594108 0.757277 -0.23621
0.00574883 0.587711 -0.141576
-0.189409 0.669872 -0.201345
-0.0589466 0.752302 -0.23621
-0.175234 0.570826 -0.191383
-0.0556976 0.717476 -0.23621
-0.0552334 0.712501 -0.23621
-0.0543051 0.70255 -0.23621
0.0200304 0.804836 -0.16648
-0.0866885 0.679456 -0.126634
-0.0529127 0.687625 -0.23621
-0.156347 0.632809 -0.23621
-0.0519844 0.677675 -0.23621
-0.0495922 0.86358 -0.206326
-0.202869 0.814151 -0.141576
-0.0515202 0.6727 -0.23621
-0.0510561 0.667724 -0.23621
-0.0505919 0.662749 -0.23621
-0.0535553 0.853174 -0.23621
-0.0501278 0.657774 -0.23621
-0.0491995 0.647824 -0.23621
-0.052627 0.843223 -0.23621
-0.0487353 0.642849 -0.23621
-0.0521629 0.838248 -0.23621
-0.0968999 0.788909 -0.126634
-0.0473429 0.627923 -0.23621
-0.121428 0.575846 -0.196364
-0.0468787 0.622948 -0.23621
-0.0498421 0.813372 -0.23621
-0.0454863 0.608023 -0.23621
-0.0484497 0.798447 -0.23621
-0.186624 0.640022 -0.221268
-0.182411 0.700636 -0.126634
-0.0440938 0.593097 -0.23621
-0.0475214 0.788497 -0.23621
-0.191444 0.850346 -0.186403
-0.116537 0.576302 -0.171461
-0.188016 0.654947 -0.186403
-0.0713002 0.726057 -0.23621
-0.062874 0.847286 -0.23621
-0.0936151 0.859473 -0.23621
-0.000999204 0.607155 -0.23621
-0.00442677 0.802554 -0.23621
-0.0638738 0.646455 -0.126634
-0.0619457 0.837336 -0.23621
-0.0610174 0.827385 -0.23621
-0.0549835 0.762708 -0.23621
-0.0531269 0.742808 -0.23621
-0.050342 0.712957 -0.23621
-0.18848 0.659922 -0.206326
-0.0337754 0.799816 -0.23621
-0.0494137 0.703007 -0.23621
-0.0489495 0.698032 -0.23621
-0.0484854 0.693057 -0.23621
-0.183767 0.820952 -0.126634
-0.0470929 0.678131 -0.23621
-0.0466288 0.673156 -0.23621
-0.0452363 0.658231 -0.23621
-0.166987 0.852628 -0.161499
-0.0447722 0.653255 -0.23621
-0.0481997 0.848655 -0.23621
-0.181054 0.58032 -0.186403
-0.0438439 0.643305 -0.23621
-0.0472714 0.838705 -0.23621
-0.101613 0.627879 -0.126634
-0.0272773 0.730164 -0.23621
-0.186552 0.850803 -0.146557
-0.0419873 0.623405 -0.23621
-0.157204 0.853541 -0.226249
-0.0401307 0.603504 -0.23621
-0.0396665 0.598529 -0.23621
-0.0392024 0.593554 -0.23621
-0.0421658 0.783978 -0.23621
-0.0387382 0.588579 -0.23621
-0.0579826 0.847742 -0.23621
-0.0719785 0.786215 -0.126634
-0.0570543 0.837792 -0.23621
0.0265285 0.735184 -0.146557
-0.0547336 0.812916 -0.23621
-0.0538053 0.802966 -0.23621
-0.0524128 0.788041 -0.23621
0.0149247 0.859562 -0.156518
-0.0093182 0.802098 -0.23621
-0.0510204 0.773115 -0.23621
-0.0505562 0.76814 -0.23621
-0.0500921 0.763165 -0.23621
-0.0486996 0.748239 -0.23621
0.00421358 0.8686 -0.141576
0.0348832 0.645631 -0.131615
-0.106754 0.577215 -0.206326
-0.0463789 0.723364 -0.23621
0.00910501 0.869056 -0.206326
0.0232795 0.77001 -0.181422
-0.196835 0.749475 -0.156518
-0.0459147 0.718389 -0.23621
-0.175234 0.570826 -0.176441
-0.0454505 0.713413 -0.23621
-0.171878 0.852172 -0.16648
0.0223512 0.77996 -0.126634
-0.0300622 0.760015 -0.23621
-0.0445222 0.703463 -0.23621
-0.0440581 0.698488 -0.23621
-0.12632 0.575389 -0.171461
0.0106403 0.588167 -0.126634
0.00767685 0.778591 -0.126634
-0.0435939 0.693513 -0.23621
-0.124606 0.821453 -0.126634
-0.0431298 0.688538 -0.23621
-0.0426656 0.683563 -0.23621
0.0344191 0.650607 -0.211306
-0.195443 0.734549 -0.211306
-0.0417373 0.673612 -0.23621
-0.0412732 0.668637 -0.23621
-0.193586 0.714649 -0.206326
-0.0403449 0.658687 -0.23621
-0.0398807 0.653712 -0.23621
-0.0627312 0.581322 -0.206326
-0.19937 0.829533 -0.126634
-0.0321687 0.729708 -0.23621
-0.0394166 0.648737 -0.23621
-0.000677855 0.868144 -0.16648
-0.0676227 0.580865 -0.186403
-0.132818 0.645041 -0.126634
-0.136246 0.840441 -0.126634
-0.00910398 0.746915 -0.23621
0.0256002 0.745134 -0.231229
-0.0973997 0.688493 -0.126634
-0.03756 0.628836 -0.23621
-0.0370958 0.623861 -0.23621
-0.0400593 0.814285 -0.23621
-0.181054 0.58032 -0.136595
-0.0366317 0.618886 -0.23621
0.0297418 0.594967 -0.126634
-0.0361675 0.613911 -0.23621
0.00421358 0.8686 -0.23621
-0.0544836 0.863124 -0.23621
-0.0212076 0.770878 -0.23621
-0.0530912 0.848198 -0.23621
-0.193122 0.709673 -0.146557
-0.049378 0.808397 -0.23621
-0.136103 0.574477 -0.16648
-0.0489138 0.803422 -0.23621
0.0246719 0.755085 -0.156518
-7.09034e-05 0.597205 -0.23621
-0.00349847 0.792604 -0.23621
-0.0456648 0.768596 -0.23621
-0.0442723 0.753671 -0.23621
-0.043344 0.743721 -0.23621
-0.201012 0.794251 -0.23621
-0.0428799 0.738745 -0.23621
-0.0424157 0.73377 -0.23621
0.0316342 0.680457 -0.206326
-0.0419516 0.728795 -0.23621
-0.0414874 0.72382 -0.23621
-0.171914 0.746781 -0.126634
-0.0410233 0.718845 -0.23621
0.0302417 0.695383 -0.231229
-0.153955 0.818715 -0.23621
-0.0405591 0.71387 -0.23621
-0.106219 0.783021 -0.126634
-0.165594 0.837703 -0.126634
-0.155633 0.678042 -0.23621
-0.0391667 0.698944 -0.23621
-0.0363818 0.669094 -0.23621
-0.0393452 0.859518 -0.23621
-0.0345252 0.649193 -0.23621
-0.181054 0.58032 -0.23621
-0.186838 0.695204 -0.23621
-0.184482 0.775719 -0.23621
-0.0335969 0.639243 -0.23621
-0.118072 0.857191 -0.181422
0.0186379 0.819761 -0.176441
-0.180126 0.57037 -0.206326
-0.034061 0.644218 -0.23621
-0.0370244 0.834642 -0.23621
-0.000713565 0.762753 -0.23621
-0.0331327 0.634268 -0.23621
-0.0365603 0.829667 -0.23621
-0.0326686 0.629292 -0.23621
-0.035632 0.819717 -0.23621
-0.0589823 0.646911 -0.23621
-0.0624099 0.842311 -0.23621
-0.0322044 0.624317 -0.23621
-0.0351678 0.814742 -0.23621
-0.0298837 0.599442 -0.23621
-0.0294195 0.594466 -0.23621
-0.0314546 0.77494 -0.23621
-0.0578398 0.581778 -0.206326
0.00835522 0.718433 -0.23621
-0.0725141 0.580409 -0.151538
-0.0289554 0.589491 -0.23621
-0.0319188 0.779916 -0.23621
-0.0486639 0.85363 -0.23621
-0.0449507 0.813829 -0.23621
0.0177097 0.829712 -0.196364
-0.0440224 0.803879 -0.23621
-0.0430941 0.793928 -0.23621
-0.191444 0.850346 -0.16648
0.0106403 0.588167 -0.201345
-0.188016 0.654947 -0.16648
-0.0426299 0.788953 -0.23621
-0.026099 0.770422 -0.23621
-0.0407733 0.769053 -0.23621
-0.0936151 0.859473 -0.126634
-0.0379884 0.739202 -0.23621
-0.150027 0.723731 -0.126634
-0.0375243 0.734227 -0.23621
-0.0593751 0.862668 -0.186403
-0.0370601 0.729252 -0.23621
-0.202405 0.809176 -0.16648
-0.138174 0.64956 -0.126634
-0.0361318 0.719301 -0.23621
-0.0333469 0.68945 -0.23621
-0.182446 0.595245 -0.126634
-0.0324186 0.6795 -0.23621
-0.0319545 0.674525 -0.23621
-0.0969713 0.578127 -0.206326
-0.0314903 0.66955 -0.23621
-0.0349179 0.864949 -0.23621
-0.0300979 0.654624 -0.23621
-0.0296337 0.649649 -0.23621
-0.0291696 0.644674 -0.23621
-0.0307405 0.820173 -0.23621
-0.0282413 0.634724 -0.23621
-0.0316688 0.830123 -0.23621
-0.0680868 0.585841 -0.23621
-0.0277771 0.629749 -0.23621
-0.032133 0.835098 -0.23621
-0.027313 0.624774 -0.23621
-0.0531626 0.637417 -0.23621
-0.0254564 0.604873 -0.23621
-0.0288839 0.800272 -0.23621
-0.10579 0.672655 -0.126634
-0.0240639 0.589948 -0.23621
-0.0274915 0.785347 -0.23621
0.00910501 0.869056 -0.171461
-0.0235998 0.584973 -0.23621
-0.123035 0.645954 -0.126634
-0.0447008 0.864037 -0.23621
-0.201477 0.799226 -0.156518
-0.0433083 0.849111 -0.23621
-0.0395951 0.80931 -0.23621
-0.0349179 0.864949 -0.231229
-0.181982 0.59027 -0.146557
-0.121857 0.686211 -0.126634
-0.0363461 0.774484 -0.23621
-0.0358819 0.769509 -0.23621
-0.125356 0.67083 -0.126634
-0.0354178 0.764534 -0.23621
-0.200084 0.784301 -0.16648
-0.0836537 0.699812 -0.23621
-0.0349536 0.759559 -0.23621
0.0176739 0.724321 -0.126634
-0.0340253 0.749608 -0.23621
-0.0335612 0.744633 -0.23621
-0.033097 0.739658 -0.23621
-0.181054 0.58032 -0.161499
-0.0326329 0.734683 -0.23621
-0.199156 0.77435 -0.206326
-0.0317045 0.724733 -0.23621
-0.0312404 0.719758 -0.23621
0.015853 0.849612 -0.151538
0.0251003 0.644719 -0.23621
-0.0624456 0.73692 -0.126634
-0.0298479 0.704832 -0.23621
-0.184303 0.615146 -0.151538
-0.0289196 0.694882 -0.23621
-0.0279913 0.684932 -0.23621
-0.0275272 0.679956 -0.23621
-0.027063 0.674981 -0.23621
-0.0300265 0.865406 -0.23621
-0.0138169 0.585885 -0.191383
-0.0261347 0.665031 -0.23621
-0.0295623 0.86043 -0.23621
-0.0256706 0.660056 -0.23621
-0.0290982 0.855455 -0.23621
-0.0242781 0.645131 -0.23621
-0.181518 0.585295 -0.201345
-0.203797 0.824102 -0.151538
-0.023814 0.640155 -0.23621
-0.0272416 0.835555 -0.23621
-0.204261 0.829077 -0.151538
-0.0233498 0.63518 -0.23621
-0.0544836 0.863124 -0.201345
-0.0228857 0.630205 -0.23621
-0.0258491 0.820629 -0.23621
-0.0137812 0.691276 -0.23621
-0.0224215 0.62523 -0.23621
-0.0263133 0.825604 -0.23621
-0.0538053 0.802966 -0.126634
-0.0219574 0.620255 -0.23621
-0.0734067 0.69575 -0.23621
-0.053841 0.697575 -0.126634
-0.0196366 0.595379 -0.23621
-0.0230642 0.790779 -0.23621
0.0242078 0.76006 -0.226249
0.000857397 0.587254 -0.221268
-0.0191725 0.590404 -0.23621
-0.0221359 0.780828 -0.23621
-0.0187083 0.585429 -0.23621
-0.0216718 0.775853 -0.23621
-0.103469 0.647779 -0.23621
-0.106433 0.838204 -0.23621
-0.0398093 0.864493 -0.23621
0.0153889 0.854587 -0.171461
-0.159132 0.66266 -0.23621
-0.038881 0.854543 -0.23621
-0.0374886 0.839617 -0.23621
-0.0850462 0.714738 -0.23621
-0.0360961 0.824692 -0.23621
-0.191444 0.850346 -0.181422
0.0106403 0.588167 -0.186403
-0.116537 0.576302 -0.16648
-0.188016 0.654947 -0.181422
-0.0328471 0.789866 -0.23621
-0.0323829 0.784891 -0.23621
0.021887 0.784935 -0.136595
-0.0305263 0.76499 -0.23621
-0.0291339 0.750065 -0.23621
0.0390606 0.600855 -0.231229
-0.0282056 0.740114 -0.23621
-0.18616 0.635046 -0.141576
-0.0277414 0.735139 -0.23621
-0.0268131 0.725189 -0.23621
-0.00892547 0.586342 -0.181422
-0.184517 0.670329 -0.23621
-0.186802 0.800595 -0.23621
-0.026349 0.720214 -0.23621
0.0232795 0.77001 -0.231229
-0.184767 0.620121 -0.226249
-0.197299 0.75445 -0.201345
-0.0254207 0.710264 -0.23621
-0.0240282 0.695338 -0.23621
-0.0235641 0.690363 -0.23621
-0.0955431 0.668593 -0.23621
-0.0230999 0.685388 -0.23621
-0.0226358 0.680413 -0.23621
-0.025135 0.865862 -0.23621
-0.0212433 0.665487 -0.23621
-0.131211 0.574933 -0.231229
-0.082297 0.579496 -0.141576
-0.020315 0.655537 -0.23621
0.0223512 0.77996 -0.136595
-0.0198509 0.650562 -0.23621
-0.0228143 0.840986 -0.23621
-0.0189226 0.640612 -0.23621
-0.0184584 0.635637 -0.23621
-0.0179943 0.630661 -0.23621
-0.017066 0.620711 -0.23621
-0.103398 0.858561 -0.151538
-0.0147452 0.595835 -0.23621
-0.19962 0.779325 -0.191383
-0.126284 0.68078 -0.126634
-0.0117104 0.616192 -0.23621
-0.0142811 0.59086 -0.23621
-0.0177086 0.78626 -0.23621
-0.0691579 0.861755 -0.201345
0.0325625 0.670507 -0.226249
-0.165451 0.571739 -0.191383
-0.0138169 0.585885 -0.23621
-0.0172445 0.781285 -0.23621
-0.0495922 0.86358 -0.221268
-0.0344537 0.859974 -0.23621
-0.119536 0.661336 -0.126634
-0.0335254 0.850024 -0.23621
-0.0382741 0.583604 -0.211306
-0.142137 0.639153 -0.23621
-0.0279556 0.790322 -0.23621
0.0153889 0.854587 -0.181422
-0.0480569 0.582691 -0.126634
-0.0270273 0.780372 -0.23621
-0.171878 0.852172 -0.136595
0.021887 0.784935 -0.186403
-0.0496279 0.75819 -0.126634
-0.0384883 0.638786 -0.23621
-0.0419159 0.834186 -0.23621
-0.0247066 0.755496 -0.23621
-0.0438082 0.748696 -0.23621
-0.00564071 0.656906 -0.23621
-0.00813997 0.842355 -0.23621
-0.0242424 0.750521 -0.23621
0.0288493 0.710308 -0.226249
-0.0578398 0.581778 -0.201345
-0.0219217 0.725645 -0.23621
0.00182141 0.682695 -0.23621
-0.0480569 0.582691 -0.23621
-0.0214575 0.72067 -0.23621
-0.0200651 0.705745 -0.23621
0.037204 0.620756 -0.136595
-0.201941 0.804201 -0.136595
-0.0196009 0.70077 -0.23621
-0.0186726 0.690819 -0.23621
-0.0792621 0.599853 -0.23621
-0.0822256 0.790278 -0.23621
-0.0177443 0.680869 -0.23621
-0.0172802 0.675894 -0.23621
-0.0193153 0.856368 -0.23621
-0.205654 0.844002 -0.126634
-0.016816 0.670919 -0.23621
-0.194514 0.724599 -0.176441
0.0151033 0.698989 -0.23621
-0.0163519 0.665944 -0.23621
-0.106504 0.627422 -0.23621
-0.109468 0.817847 -0.23621
-0.0144953 0.646043 -0.23621
-0.0179228 0.841443 -0.23621
-0.0140311 0.641068 -0.23621
-0.0169945 0.831492 -0.23621
-0.0112462 0.611217 -0.23621
-0.0146738 0.806617 -0.23621
-0.0107821 0.606242 -0.23621
0.0156031 0.799404 -0.23621
0.019959 0.594055 -0.23621
-0.0103179 0.601267 -0.23621
-0.0137455 0.796666 -0.23621
-0.152312 0.853997 -0.201345
-0.00985377 0.596292 -0.23621
-0.0167803 0.776309 -0.126634
-0.00938962 0.591317 -0.23621
-0.00892547 0.586342 -0.23621
-0.012353 0.781741 -0.23621
0.0204946 0.799861 -0.231229
-0.0281699 0.845505 -0.23621
-0.056126 0.827842 -0.126634
-0.0540909 0.647368 -0.126634
-0.0267774 0.83058 -0.23621
-0.00303432 0.787629 -0.126634
-0.000535054 0.60218 -0.126634
-0.0226001 0.785803 -0.23621
-0.0207435 0.765903 -0.23621
0.0228153 0.774985 -0.201345
-0.0235998 0.584973 -0.196364
-0.197299 0.75445 -0.186403
0.0116043 0.683607 -0.23621
-0.1456 0.729162 -0.126634
-0.0198151 0.755953 -0.23621
-0.127855 0.856279 -0.211306
-0.166987 0.852628 -0.191383
-0.019351 0.750977 -0.23621
0.00574883 0.587711 -0.191383
-0.0188868 0.746002 -0.23621
-0.196335 0.84989 -0.136595
-0.0179585 0.736052 -0.23621
0.0350974 0.590449 -0.196364
-0.0170302 0.726102 -0.23621
-0.0151736 0.706201 -0.23621
-0.0142453 0.696251 -0.23621
-0.0232784 0.845961 -0.126634
-0.0128529 0.681325 -0.23621
-0.0123887 0.67635 -0.23621
-0.0887237 0.85993 -0.221268
-0.181018 0.68571 -0.126634
-0.0119246 0.671375 -0.23621
-0.0153522 0.866775 -0.23621
-0.110217 0.667224 -0.23621
-0.010068 0.651475 -0.23621
-0.00913969 0.641524 -0.23621
-0.0121031 0.831949 -0.23621
-0.00867554 0.636549 -0.23621
-0.00821139 0.631574 -0.23621
-0.18616 0.635046 -0.146557
0.0307059 0.690408 -0.126634
-0.00774724 0.626599 -0.23621
-0.0111748 0.821998 -0.23621
0.0204946 0.799861 -0.191383
-0.00681894 0.616649 -0.23621
0.0367398 0.625731 -0.141576
-0.0522343 0.627467 -0.126634
-0.106254 0.67763 -0.126634
-0.00635479 0.611674 -0.23621
-0.0083899 0.792148 -0.23621
0.0149247 0.859562 -0.201345
-0.135139 0.669917 -0.126634
-0.00403404 0.586798 -0.23621
-0.021886 0.831036 -0.23621
-0.0195652 0.80616 -0.23621
-0.148421 0.653623 -0.126634
-0.0186369 0.79621 -0.23621
-0.0163162 0.771334 -0.23621
-0.036596 0.724276 -0.23621
-0.0153879 0.761384 -0.23621
-0.203797 0.824102 -0.171461
-0.0149237 0.756409 -0.23621
-0.196335 0.84989 -0.226249
-0.165666 0.626921 -0.23621
-0.169093 0.822321 -0.23621
-0.0116747 0.721583 -0.23621
0.0237436 0.765035 -0.176441
-0.151705 0.583058 -0.126634
-0.0107464 0.711633 -0.23621
0.0194948 0.59903 -0.23621
-0.193586 0.714649 -0.151538
-0.00842561 0.686757 -0.23621
-0.00749731 0.676807 -0.23621
-0.194978 0.729574 -0.171461
0.0125326 0.673657 -0.126634
0.0104975 0.854131 -0.126634
-0.00703316 0.671832 -0.23621
-0.00999657 0.862256 -0.23621
-0.0642665 0.862211 -0.151538
-0.0559118 0.772659 -0.23621
-0.0946148 0.658642 -0.126634
-0.00656901 0.666856 -0.23621
-0.00610486 0.661881 -0.23621
-0.00767582 0.83738 -0.23621
-0.00471241 0.646956 -0.23621
-0.00906827 0.852306 -0.23621
-0.00424826 0.641981 -0.23621
-0.00953242 0.857281 -0.23621
-0.00378411 0.637006 -0.23621
-0.05709 0.732401 -0.126634
-0.00331996 0.63203 -0.23621
-0.00628337 0.822455 -0.23621
-0.0524485 0.68265 -0.23621
-0.00146335 0.61213 -0.23621
-0.00489092 0.807529 -0.23621
-0.120179 0.826884 -0.23621
-0.137424 0.800183 -0.126634
-0.000535054 0.60218 -0.23621
-0.00303432 0.787629 -0.23621
-0.0992206 0.813784 -0.126634
-0.0962572 0.62336 -0.126634
-0.176841 0.640934 -0.23621
-0.179804 0.831358 -0.23621
-0.0202436 0.866318 -0.23621
0.0139964 0.869513 -0.141576
-0.0197794 0.861343 -0.23621
-0.0188511 0.851393 -0.23621
-0.0128172 0.786716 -0.23621
-0.0691579 0.861755 -0.221268
-0.0138169 0.585885 -0.131615
-0.0118889 0.776766 -0.23621
0.0181024 0.613955 -0.126634
-0.00956813 0.75189 -0.23621
0.03117 0.685433 -0.176441
-0.00863983 0.74194 -0.23621
-0.197299 0.75445 -0.206326
-0.184767 0.620121 -0.196364
-0.143993 0.659054 -0.23621
-0.146957 0.849478 -0.23621
-0.00817568 0.736965 -0.23621
0.00278542 0.778135 -0.23621
0.0339549 0.655582 -0.171461
-0.120464 0.671286 -0.126634
-0.00771153 0.73199 -0.23621
-0.00678323 0.722039 -0.23621
-0.0440224 0.803879 -0.126634
-0.00539078 0.707114 -0.23621
-0.00446248 0.697164 -0.23621
-0.00399833 0.692188 -0.23621
-0.145886 0.573564 -0.156518
-0.00353418 0.687213 -0.23621
-0.00307003 0.682238 -0.23621
-0.00214173 0.672288 -0.23621
-0.00556929 0.867687 -0.23621
-0.00167757 0.667313 -0.23621
-0.00510514 0.862712 -0.23621
-0.000749274 0.657363 -0.23621
-0.00371269 0.847787 -0.23621
0.030206 0.589992 -0.216287
0.000179027 0.647412 -0.23621
-0.00278439 0.837837 -0.23621
-0.108575 0.702506 -0.23621
0.000643177 0.642437 -0.23621
-0.00324854 0.842812 -0.23621
-0.0904018 0.719257 -0.23621
0.00203563 0.627512 -0.23621
0.00249978 0.622537 -0.23621
-0.183839 0.610171 -0.191383
-0.195907 0.739524 -0.161499
0.00482053 0.597661 -0.23621
0.000250446 0.858193 -0.23621
0.00528468 0.592686 -0.23621
-0.170343 0.571282 -0.191383
0.00574883 0.587711 -0.23621
-0.0627312 0.581322 -0.176441
-0.15092 0.839072 -0.126634
-0.0139597 0.851849 -0.23621
0.015853 0.849612 -0.141576
-0.011639 0.826973 -0.23621
0.024172 0.654669 -0.23621
-0.0102465 0.812048 -0.23621
-0.100899 0.673111 -0.23621
-0.00978235 0.807073 -0.23621
-0.0153522 0.866775 -0.146557
-0.0065333 0.772247 -0.23621
-0.0046767 0.752346 -0.23621
-0.00328425 0.737421 -0.23621
0.0155317 0.588623 -0.196364
-0.0028201 0.732446 -0.23621
-0.000499344 0.70757 -0.23621
0.037204 0.620756 -0.176441
-0.0713359 0.620667 -0.126634
-0.0210291 0.610305 -0.23621
-3.51939e-05 0.702595 -0.23621
-0.0284912 0.584516 -0.136595
0.00274971 0.672744 -0.23621
-0.137924 0.699768 -0.126634
0.00321386 0.667769 -0.23621
0.0269569 0.624818 -0.23621
-0.0134956 0.846874 -0.126634
0.00367801 0.662794 -0.23621
0.000714596 0.853218 -0.23621
-0.0703719 0.716107 -0.126634
-0.140673 0.835009 -0.126634
0.00460631 0.652844 -0.23621
0.00507046 0.647869 -0.23621
0.0016429 0.843268 -0.23621
0.00553461 0.642893 -0.23621
0.00646291 0.632943 -0.23621
0.00692706 0.627968 -0.23621
-0.0627312 0.581322 -0.156518
-0.0997562 0.607978 -0.23621
0.00878366 0.608067 -0.23621
-0.203333 0.819126 -0.231229
-0.054805 0.602135 -0.23621
-0.0582325 0.797534 -0.23621
0.00924781 0.603092 -0.23621
0.00582025 0.798492 -0.23621
-0.195443 0.734549 -0.171461
-0.0104607 0.867231 -0.23621
-0.201012 0.794251 -0.156518
-0.00464099 0.857737 -0.23621
-0.00164187 0.772703 -0.23621
-0.0153522 0.866775 -0.201345
-0.00117772 0.767728 -0.23621
0.00574883 0.587711 -0.206326
-0.170343 0.571282 -0.161499
-0.160239 0.833184 -0.126634
-0.000249414 0.757778 -0.23621
0.00114304 0.742853 -0.23621
-0.181518 0.585295 -0.216287
0.00346379 0.717977 -0.23621
-0.0302764 0.815198 -0.23621
0.00392794 0.713002 -0.23621
-0.182446 0.595245 -0.196364
0.00439209 0.708027 -0.23621
-0.182911 0.60022 -0.196364
0.00485624 0.703051 -0.23621
-0.00121342 0.662338 -0.23621
-0.00417684 0.852762 -0.23621
0.00578454 0.693101 -0.23621
0.00717699 0.678176 -0.23621
0.0155317 0.588623 -0.186403
0.00764114 0.673201 -0.23621
-0.145886 0.573564 -0.226249
0.00810529 0.668225 -0.23621
-0.0398093 0.864493 -0.226249
0.00903359 0.658275 -0.23621
0.00560603 0.853675 -0.23621
0.0113543 0.633399 -0.23621
0.00792678 0.828799 -0.23621
-0.184981 0.675304 -0.126634
0.0118185 0.628424 -0.23621
0.0122826 0.623449 -0.23621
0.0127468 0.618474 -0.23621
0.00931923 0.813873 -0.23621
-0.186624 0.640022 -0.191383
0.0107117 0.798948 -0.23621
0.0136751 0.608524 -0.23621
0.0141392 0.603549 -0.23621
0.0102475 0.803923 -0.23621
-0.0603748 0.661837 -0.23621
-0.00139194 0.822911 -0.23621
-0.000927785 0.817936 -0.23621
0.000464666 0.803011 -0.23621
0.020923 0.689495 -0.23621
0.00185712 0.788085 -0.23621
0.00232127 0.78311 -0.23621
0.0176382 0.61893 -0.23621
0.0149247 0.859562 -0.221268
-0.0480569 0.582691 -0.136595
0.00417787 0.763209 -0.23621
-0.0593751 0.862668 -0.171461
0.00557032 0.748284 -0.23621
0.00696277 0.733359 -0.23621
-0.113181 0.857648 -0.196364
0.0181738 0.824736 -0.226249
0.00789107 0.723408 -0.23621
0.00881937 0.713458 -0.23621
0.00928352 0.708483 -0.23621
0.030206 0.589992 -0.161499
0.013925 0.658732 -0.23621
0.0114258 0.844181 -0.23621
0.0143892 0.653756 -0.23621
0.0137465 0.819305 -0.23621
0.0167099 0.628881 -0.23621
-0.113181 0.857648 -0.131615
-0.18059 0.575345 -0.226249
0.0142107 0.81433 -0.23621
0.0171741 0.623906 -0.23621
-0.0676227 0.580865 -0.171461
-0.198442 0.819583 -0.23621
-0.000677855 0.868144 -0.23621
-0.0969713 0.578127 -0.141576
-0.000213705 0.863169 -0.23621
-0.0184584 0.635637 -0.126634
0.00210705 0.838293 -0.23621
0.0025712 0.833318 -0.23621
-0.0405591 0.71387 -0.126634
0.0044278 0.813417 -0.23621
-0.0382741 0.583604 -0.181422
0.00489195 0.808442 -0.23621
0.00574883 0.587711 -0.146557
-0.189409 0.669872 -0.206326
0.00674855 0.788541 -0.23621
0.0090693 0.763666 -0.23621
0.0113901 0.73879 -0.23621
0.0034995 0.823367 -0.23621
0.0123184 0.72884 -0.23621
0.0137108 0.713914 -0.23621
0.0146391 0.703964 -0.23621
-0.0226001 0.785803 -0.126634
0.0155674 0.694014 -0.23621
0.0160316 0.689039 -0.23621
0.017424 0.674113 -0.23621
-0.181661 0.851259 -0.201345
0.03117 0.685433 -0.211306
0.0390606 0.600855 -0.136595
0.0167813 0.839662 -0.23621
-0.132782 0.750432 -0.23621
0.0197448 0.649238 -0.23621
0.0211372 0.634312 -0.23621
-0.113181 0.857648 -0.231229
0.0181738 0.824736 -0.23621
-0.0871527 0.684431 -0.23621
0.0216014 0.629337 -0.23621
0.0186379 0.819761 -0.23621
0.0220655 0.624362 -0.23621
0.0191021 0.814786 -0.23621
0.0225297 0.619387 -0.23621
0.0283851 0.715283 -0.23621
0.0200304 0.804836 -0.23621
0.0229938 0.614412 -0.23621
-0.0138169 0.585885 -0.16648
0.0248504 0.594511 -0.23621
-0.0789408 0.860842 -0.141576
0.0214229 0.78991 -0.23621
-0.020315 0.655537 -0.126634
0.0253146 0.589536 -0.23621
0.0348832 0.645631 -0.231229
0.00467773 0.863625 -0.23621
0.00607018 0.848699 -0.23621
-0.00892547 0.586342 -0.216287
0.0151033 0.698989 -0.126634
0.00885508 0.818849 -0.23621
0.00978338 0.808898 -0.23621
