ply
format ascii 1.0
comment Created by Open3D
element vertex 10156
property double x
property double y
property double z
end_header
-0.18337 0.862005 -0.229883
-0.173617 0.862923 -0.229883
-0.158988 0.864301 -0.229883
-0.149235 0.86522 -0.229883
-0.134605 0.866598 -0.229883
-0.129729 0.867057 -0.229883
-0.202876 0.860167 -0.229883
-0.119976 0.867976 -0.229883
-0.115099 0.868435 -0.229883
-0.10047 0.869813 -0.229883
-0.0858407 0.871191 -0.229883
-0.0809642 0.87165 -0.229883
-0.0760878 0.87211 -0.229883
-0.0712113 0.872569 -0.229883
-0.0614584 0.873487 -0.229883
-0.0517055 0.874406 -0.229883
-0.0273232 0.876703 -0.229883
-0.0175703 0.877621 -0.229883
-0.00781735 0.87854 -0.229883
0.00681203 0.879918 -0.229883
-0.202876 0.860167 -0.224991
-0.197999 0.860627 -0.224991
-0.173617 0.862923 -0.224991
-0.149235 0.86522 -0.224991
-0.115099 0.868435 -0.224991
-0.10047 0.869813 -0.224991
-0.0955936 0.870272 -0.224991
-0.0712113 0.872569 -0.224991
-0.0370761 0.875784 -0.224991
-0.0321996 0.876243 -0.224991
-0.0273232 0.876703 -0.224991
-0.18337 0.862005 -0.2201
-0.178493 0.862464 -0.2201
-0.173617 0.862923 -0.2201
-0.163864 0.863842 -0.2201
-0.158988 0.864301 -0.2201
-0.149235 0.86522 -0.2201
-0.134605 0.866598 -0.2201
-0.110223 0.868894 -0.2201
-0.0955936 0.870272 -0.2201
-0.0858407 0.871191 -0.2201
-0.0760878 0.87211 -0.2201
-0.0712113 0.872569 -0.2201
-0.0614584 0.873487 -0.2201
-0.00294089 0.878999 -0.2201
-0.119976 0.867976 -0.224991
-0.202876 0.860167 -0.215208
-0.154111 0.86476 -0.215208
-0.149235 0.86522 -0.215208
-0.129729 0.867057 -0.215208
-0.119976 0.867976 -0.215208
-0.110223 0.868894 -0.215208
-0.0955936 0.870272 -0.215208
-0.0858407 0.871191 -0.215208
-0.0760878 0.87211 -0.215208
-0.0712113 0.872569 -0.215208
-0.0663348 0.873028 -0.215208
-0.0565819 0.873947 -0.215208
-0.0517055 0.874406 -0.215208
-0.046829 0.874865 -0.215208
-0.0419526 0.875325 -0.215208
-0.0370761 0.875784 -0.215208
-0.0321996 0.876243 -0.215208
-0.0273232 0.876703 -0.215208
-0.0175703 0.877621 -0.215208
-0.00781735 0.87854 -0.215208
0.00193557 0.879459 -0.215208
0.00681203 0.879918 -0.215208
-0.158988 0.864301 -0.215208
-0.197999 0.860627 -0.210317
-0.163864 0.863842 -0.210317
-0.139482 0.866138 -0.210317
-0.129729 0.867057 -0.210317
-0.115099 0.868435 -0.210317
-0.110223 0.868894 -0.210317
-0.0955936 0.870272 -0.210317
-0.0760878 0.87211 -0.210317
-0.0614584 0.873487 -0.210317
-0.0517055 0.874406 -0.210317
-0.0419526 0.875325 -0.210317
-0.0321996 0.876243 -0.210317
-0.0273232 0.876703 -0.210317
-0.197999 0.860627 -0.205425
-0.173617 0.862923 -0.205425
-0.149235 0.86522 -0.205425
-0.144358 0.865679 -0.205425
-0.129729 0.867057 -0.205425
-0.202876 0.860167 -0.205425
-0.119976 0.867976 -0.205425
-0.115099 0.868435 -0.205425
-0.110223 0.868894 -0.205425
-0.144358 0.865679 -0.2201
-0.105347 0.869354 -0.205425
-0.10047 0.869813 -0.205425
-0.0955936 0.870272 -0.205425
-0.0858407 0.871191 -0.205425
-0.0614584 0.873487 -0.205425
-0.0321996 0.876243 -0.205425
-0.0175703 0.877621 -0.205425
-0.00781735 0.87854 -0.205425
0.00193557 0.879459 -0.205425
0.00681203 0.879918 -0.205425
-0.18337 0.862005 -0.200533
-0.158988 0.864301 -0.200533
-0.154111 0.86476 -0.200533
-0.149235 0.86522 -0.200533
-0.129729 0.867057 -0.200533
-0.105347 0.869354 -0.200533
-0.0712113 0.872569 -0.200533
-0.0663348 0.873028 -0.200533
-0.0565819 0.873947 -0.200533
-0.046829 0.874865 -0.200533
-0.0175703 0.877621 -0.200533
-0.00781735 0.87854 -0.200533
-0.202876 0.860167 -0.195642
-0.18337 0.862005 -0.195642
-0.173617 0.862923 -0.195642
-0.16874 0.863383 -0.195642
-0.149235 0.86522 -0.195642
-0.139482 0.866138 -0.195642
-0.129729 0.867057 -0.195642
-0.110223 0.868894 -0.195642
-0.0712113 0.872569 -0.195642
-0.0614584 0.873487 -0.195642
-0.0565819 0.873947 -0.195642
-0.0419526 0.875325 -0.195642
-0.0370761 0.875784 -0.195642
-0.0321996 0.876243 -0.195642
-0.0273232 0.876703 -0.195642
-0.0224467 0.877162 -0.195642
-0.0175703 0.877621 -0.195642
0.00681203 0.879918 -0.195642
-0.197999 0.860627 -0.19075
-0.173617 0.862923 -0.19075
-0.16874 0.863383 -0.19075
-0.163864 0.863842 -0.19075
-0.154111 0.86476 -0.19075
-0.139482 0.866138 -0.19075
-0.129729 0.867057 -0.19075
-0.110223 0.868894 -0.19075
-0.10047 0.869813 -0.19075
-0.0955936 0.870272 -0.19075
-0.0858407 0.871191 -0.19075
-0.0760878 0.87211 -0.19075
-0.0614584 0.873487 -0.19075
-0.0565819 0.873947 -0.19075
-0.0517055 0.874406 -0.19075
-0.046829 0.874865 -0.19075
-0.0224467 0.877162 -0.19075
-0.0175703 0.877621 -0.19075
-0.0809642 0.87165 -0.224991
-0.00294089 0.878999 -0.19075
-0.202876 0.860167 -0.185859
-0.18337 0.862005 -0.185859
-0.173617 0.862923 -0.185859
-0.163864 0.863842 -0.185859
-0.129729 0.867057 -0.185859
-0.115099 0.868435 -0.185859
-0.0955936 0.870272 -0.185859
-0.0712113 0.872569 -0.185859
-0.046829 0.874865 -0.185859
-0.0370761 0.875784 -0.185859
-0.0321996 0.876243 -0.185859
-0.163864 0.863842 -0.180967
-0.158988 0.864301 -0.180967
-0.154111 0.86476 -0.180967
-0.139482 0.866138 -0.180967
-0.129729 0.867057 -0.180967
-0.119976 0.867976 -0.180967
-0.115099 0.868435 -0.180967
-0.110223 0.868894 -0.180967
-0.0955936 0.870272 -0.180967
-0.0712113 0.872569 -0.180967
-0.0419526 0.875325 -0.180967
-0.0370761 0.875784 -0.180967
-0.0273232 0.876703 -0.180967
-0.00781735 0.87854 -0.180967
0.00193557 0.879459 -0.180967
-0.197999 0.860627 -0.176075
-0.178493 0.862464 -0.176075
-0.173617 0.862923 -0.176075
-0.154111 0.86476 -0.176075
-0.149235 0.86522 -0.176075
-0.139482 0.866138 -0.176075
-0.0955936 0.870272 -0.176075
-0.0858407 0.871191 -0.176075
-0.0712113 0.872569 -0.176075
-0.0614584 0.873487 -0.176075
-0.046829 0.874865 -0.176075
-0.0370761 0.875784 -0.176075
-0.0273232 0.876703 -0.176075
-0.18337 0.862005 -0.171184
-0.178493 0.862464 -0.171184
-0.173617 0.862923 -0.171184
-0.16874 0.863383 -0.171184
-0.163864 0.863842 -0.171184
-0.154111 0.86476 -0.171184
-0.149235 0.86522 -0.171184
-0.129729 0.867057 -0.171184
-0.115099 0.868435 -0.171184
-0.105347 0.869354 -0.171184
-0.10047 0.869813 -0.171184
-0.0955936 0.870272 -0.171184
-0.0712113 0.872569 -0.171184
-0.0614584 0.873487 -0.171184
-0.0565819 0.873947 -0.171184
-0.0370761 0.875784 -0.171184
-0.0321996 0.876243 -0.171184
-0.00781735 0.87854 -0.171184
-0.18337 0.862005 -0.166292
-0.16874 0.863383 -0.166292
-0.163864 0.863842 -0.166292
-0.154111 0.86476 -0.166292
-0.149235 0.86522 -0.166292
-0.139482 0.866138 -0.166292
-0.134605 0.866598 -0.166292
-0.119976 0.867976 -0.166292
-0.124852 0.867516 -0.205425
-0.115099 0.868435 -0.166292
-0.105347 0.869354 -0.166292
-0.0809642 0.87165 -0.166292
-0.0712113 0.872569 -0.166292
-0.0517055 0.874406 -0.166292
-0.046829 0.874865 -0.166292
-0.0419526 0.875325 -0.166292
-0.0370761 0.875784 -0.166292
-0.0321996 0.876243 -0.166292
-0.0175703 0.877621 -0.166292
0.00681203 0.879918 -0.166292
-0.18337 0.862005 -0.161401
-0.16874 0.863383 -0.161401
-0.163864 0.863842 -0.161401
-0.149235 0.86522 -0.161401
-0.129729 0.867057 -0.161401
-0.119976 0.867976 -0.161401
-0.10047 0.869813 -0.161401
-0.0955936 0.870272 -0.161401
-0.0858407 0.871191 -0.161401
-0.0712113 0.872569 -0.161401
-0.0614584 0.873487 -0.161401
-0.046829 0.874865 -0.161401
-0.0419526 0.875325 -0.161401
-0.0370761 0.875784 -0.161401
-0.0273232 0.876703 -0.161401
-0.00781735 0.87854 -0.161401
-0.18337 0.862005 -0.156509
-0.173617 0.862923 -0.156509
-0.16874 0.863383 -0.156509
-0.163864 0.863842 -0.156509
-0.158988 0.864301 -0.156509
-0.129729 0.867057 -0.156509
-0.0955936 0.870272 -0.156509
-0.0858407 0.871191 -0.156509
-0.0809642 0.87165 -0.156509
-0.0712113 0.872569 -0.156509
-0.0614584 0.873487 -0.156509
-0.0419526 0.875325 -0.156509
-0.0370761 0.875784 -0.156509
-0.0321996 0.876243 -0.156509
-0.0126938 0.878081 -0.156509
-0.18337 0.862005 -0.151618
-0.16874 0.863383 -0.151618
-0.163864 0.863842 -0.151618
-0.154111 0.86476 -0.151618
-0.134605 0.866598 -0.151618
-0.129729 0.867057 -0.151618
-0.124852 0.867516 -0.151618
-0.0955936 0.870272 -0.151618
-0.124852 0.867516 -0.195642
-0.0907171 0.870732 -0.151618
-0.0809642 0.87165 -0.151618
-0.0663348 0.873028 -0.151618
-0.0614584 0.873487 -0.151618
-0.0565819 0.873947 -0.151618
-0.0517055 0.874406 -0.151618
-0.046829 0.874865 -0.151618
-0.0419526 0.875325 -0.151618
-0.0224467 0.877162 -0.151618
-0.0175703 0.877621 -0.151618
-0.105347 0.869354 -0.176075
-0.0126938 0.878081 -0.151618
-0.00781735 0.87854 -0.151618
-0.119976 0.867976 -0.200533
-0.197999 0.860627 -0.146726
-0.18337 0.862005 -0.146726
-0.178493 0.862464 -0.146726
-0.173617 0.862923 -0.146726
-0.16874 0.863383 -0.146726
-0.163864 0.863842 -0.146726
-0.149235 0.86522 -0.146726
-0.124852 0.867516 -0.146726
-0.119976 0.867976 -0.146726
-0.0955936 0.870272 -0.146726
-0.124852 0.867516 -0.185859
-0.0907171 0.870732 -0.146726
-0.0858407 0.871191 -0.146726
-0.0614584 0.873487 -0.146726
-0.046829 0.874865 -0.146726
-0.0419526 0.875325 -0.146726
-0.0370761 0.875784 -0.146726
-0.0321996 0.876243 -0.146726
-0.0273232 0.876703 -0.146726
-0.0224467 0.877162 -0.146726
-0.110223 0.868894 -0.229883
-0.00781735 0.87854 -0.146726
-0.197999 0.860627 -0.141834
-0.18337 0.862005 -0.141834
-0.16874 0.863383 -0.141834
-0.149235 0.86522 -0.141834
-0.139482 0.866138 -0.141834
-0.124852 0.867516 -0.141834
-0.124852 0.867516 -0.229883
-0.115099 0.868435 -0.141834
-0.0955936 0.870272 -0.141834
-0.0809642 0.87165 -0.141834
-0.0614584 0.873487 -0.141834
-0.0419526 0.875325 -0.141834
-0.0321996 0.876243 -0.141834
-0.0273232 0.876703 -0.141834
0.00681203 0.879918 -0.141834
-0.119976 0.867976 -0.19075
-0.197999 0.860627 -0.136943
-0.18337 0.862005 -0.136943
-0.178493 0.862464 -0.136943
-0.16874 0.863383 -0.136943
-0.163864 0.863842 -0.136943
-0.144358 0.865679 -0.136943
-0.134605 0.866598 -0.136943
-0.129729 0.867057 -0.136943
-0.144358 0.865679 -0.229883
-0.105347 0.869354 -0.136943
-0.10047 0.869813 -0.136943
-0.0955936 0.870272 -0.136943
-0.115099 0.868435 -0.146726
-0.0907171 0.870732 -0.136943
-0.0809642 0.87165 -0.136943
-0.0760878 0.87211 -0.136943
-0.0614584 0.873487 -0.136943
-0.0565819 0.873947 -0.136943
-0.0273232 0.876703 -0.136943
-0.0175703 0.877621 -0.136943
-0.00781735 0.87854 -0.136943
-0.119976 0.867976 -0.185859
-0.197999 0.860627 -0.132051
-0.18337 0.862005 -0.132051
-0.173617 0.862923 -0.132051
-0.16874 0.863383 -0.132051
-0.163864 0.863842 -0.132051
-0.158988 0.864301 -0.132051
-0.149235 0.86522 -0.132051
-0.129729 0.867057 -0.132051
-0.119976 0.867976 -0.132051
-0.115099 0.868435 -0.132051
-0.10047 0.869813 -0.132051
-0.0955936 0.870272 -0.132051
-0.0858407 0.871191 -0.132051
-0.0614584 0.873487 -0.132051
-0.0419526 0.875325 -0.132051
-0.0321996 0.876243 -0.132051
-0.0175703 0.877621 -0.132051
-0.00781735 0.87854 -0.132051
-0.00294089 0.878999 -0.132051
0.00193557 0.879459 -0.132051
0.0121498 0.875479 -0.229883
0.0130725 0.865683 -0.229883
0.0135339 0.860785 -0.229883
-0.0175703 0.877621 -0.210317
0.0144565 0.850989 -0.229883
0.0149179 0.846091 -0.229883
0.0163019 0.831397 -0.229883
0.0172246 0.821601 -0.229883
0.0181473 0.811805 -0.229883
0.0195313 0.797111 -0.229883
0.0199927 0.792213 -0.229883
0.020454 0.787315 -0.229883
0.0209154 0.782417 -0.229883
0.0213767 0.777519 -0.229883
0.0227607 0.762825 -0.229883
-0.0760878 0.87211 -0.195642
0.0232221 0.757927 -0.229883
0.0241448 0.748131 -0.229883
0.0246061 0.743233 -0.229883
0.0255288 0.733437 -0.229883
0.0259901 0.728539 -0.229883
0.0264515 0.723641 -0.229883
0.0269128 0.718743 -0.229883
0.0273742 0.713845 -0.229883
-0.18337 0.862005 -0.19075
0.0292195 0.694253 -0.229883
-0.139482 0.866138 -0.229883
0.00193557 0.879459 -0.224991
0.0315263 0.669764 -0.229883
0.0319876 0.664865 -0.229883
0.033833 0.645274 -0.229883
0.0342943 0.640376 -0.229883
0.035217 0.63058 -0.229883
0.036601 0.615886 -0.229883
0.0379851 0.601192 -0.229883
0.0384464 0.596294 -0.229883
0.0389077 0.591396 -0.229883
0.0393691 0.586498 -0.229883
0.0116885 0.880377 -0.224991
0.0130725 0.865683 -0.224991
0.0139952 0.855887 -0.224991
0.0144565 0.850989 -0.224991
0.0149179 0.846091 -0.224991
0.0163019 0.831397 -0.224991
0.0167633 0.826499 -0.224991
0.0195313 0.797111 -0.224991
0.0199927 0.792213 -0.224991
0.0213767 0.777519 -0.224991
0.0227607 0.762825 -0.224991
0.0246061 0.743233 -0.224991
0.0264515 0.723641 -0.224991
0.0287582 0.699151 -0.224991
0.0292195 0.694253 -0.224991
0.0296809 0.689355 -0.224991
0.0306036 0.679559 -0.224991
0.00193557 0.879459 -0.229883
0.0315263 0.669764 -0.224991
0.0329103 0.65507 -0.224991
0.0333716 0.650172 -0.224991
0.0342943 0.640376 -0.224991
0.0356783 0.625682 -0.224991
0.0361397 0.620784 -0.224991
0.0375237 0.60609 -0.224991
0.0379851 0.601192 -0.224991
0.0384464 0.596294 -0.224991
0.0389077 0.591396 -0.224991
0.0116885 0.880377 -0.2201
-0.115099 0.868435 -0.200533
0.0121498 0.875479 -0.2201
0.0135339 0.860785 -0.2201
0.0139952 0.855887 -0.2201
0.0149179 0.846091 -0.2201
0.0163019 0.831397 -0.2201
0.0172246 0.821601 -0.2201
0.01907 0.802009 -0.2201
0.0195313 0.797111 -0.2201
-0.0126938 0.878081 -0.146726
0.0199927 0.792213 -0.2201
0.020454 0.787315 -0.2201
0.0222994 0.767723 -0.2201
0.0227607 0.762825 -0.2201
0.0246061 0.743233 -0.2201
0.0259901 0.728539 -0.2201
0.0264515 0.723641 -0.2201
-0.154111 0.86476 -0.136943
0.0273742 0.713845 -0.2201
0.0282968 0.704049 -0.2201
0.0292195 0.694253 -0.2201
0.0296809 0.689355 -0.2201
0.0319876 0.664865 -0.2201
-0.178493 0.862464 -0.180967
0.0324489 0.659968 -0.2201
0.0329103 0.65507 -0.2201
0.0333716 0.650172 -0.2201
0.033833 0.645274 -0.2201
0.0342943 0.640376 -0.2201
0.0347557 0.635478 -0.2201
-0.0419526 0.875325 -0.229883
0.0361397 0.620784 -0.2201
0.0389077 0.591396 -0.2201
0.0393691 0.586498 -0.2201
0.0121498 0.875479 -0.215208
0.0130725 0.865683 -0.215208
0.0139952 0.855887 -0.215208
0.0149179 0.846091 -0.215208
0.0167633 0.826499 -0.215208
0.0172246 0.821601 -0.215208
0.0176859 0.816703 -0.215208
0.0186086 0.806907 -0.215208
0.01907 0.802009 -0.215208
0.0195313 0.797111 -0.215208
-0.0126938 0.878081 -0.166292
0.0199927 0.792213 -0.215208
0.020454 0.787315 -0.215208
0.0213767 0.777519 -0.215208
0.0241448 0.748131 -0.215208
0.0126112 0.870581 -0.215208
0.0255288 0.733437 -0.215208
0.0259901 0.728539 -0.215208
0.0264515 0.723641 -0.215208
-0.10047 0.869813 -0.156509
0.0269128 0.718743 -0.215208
0.0273742 0.713845 -0.215208
0.0287582 0.699151 -0.215208
-0.18337 0.862005 -0.180967
0.0292195 0.694253 -0.215208
0.0310649 0.674662 -0.215208
0.0324489 0.659968 -0.215208
0.033833 0.645274 -0.215208
0.0342943 0.640376 -0.215208
0.0347557 0.635478 -0.215208
0.0361397 0.620784 -0.215208
0.036601 0.615886 -0.215208
0.0379851 0.601192 -0.215208
0.0389077 0.591396 -0.215208
0.0393691 0.586498 -0.215208
0.0116885 0.880377 -0.210317
0.0121498 0.875479 -0.210317
0.0130725 0.865683 -0.210317
0.0135339 0.860785 -0.210317
0.0139952 0.855887 -0.210317
0.0144565 0.850989 -0.210317
0.0149179 0.846091 -0.210317
0.0158406 0.836295 -0.210317
0.0167633 0.826499 -0.210317
0.01907 0.802009 -0.210317
0.0213767 0.777519 -0.210317
0.0241448 0.748131 -0.210317
0.0264515 0.723641 -0.210317
0.0269128 0.718743 -0.210317
0.0278355 0.708947 -0.210317
0.0282968 0.704049 -0.210317
0.0296809 0.689355 -0.210317
0.0306036 0.679559 -0.210317
0.00193557 0.879459 -0.2201
0.0315263 0.669764 -0.210317
0.036601 0.615886 -0.210317
0.0375237 0.60609 -0.210317
0.0379851 0.601192 -0.210317
0.0116885 0.880377 -0.205425
0.0121498 0.875479 -0.205425
0.0153792 0.841193 -0.205425
0.0158406 0.836295 -0.205425
0.0163019 0.831397 -0.205425
0.0167633 0.826499 -0.205425
0.0172246 0.821601 -0.205425
0.0181473 0.811805 -0.205425
0.01907 0.802009 -0.205425
0.0195313 0.797111 -0.205425
-0.0126938 0.878081 -0.161401
0.0199927 0.792213 -0.205425
0.0209154 0.782417 -0.205425
-0.0760878 0.87211 -0.171184
0.0232221 0.757927 -0.205425
0.0246061 0.743233 -0.205425
0.0255288 0.733437 -0.205425
0.0259901 0.728539 -0.205425
0.0273742 0.713845 -0.205425
0.0282968 0.704049 -0.205425
0.0287582 0.699151 -0.205425
0.0292195 0.694253 -0.205425
0.0296809 0.689355 -0.205425
0.0306036 0.679559 -0.205425
-0.139482 0.866138 -0.205425
0.0315263 0.669764 -0.205425
-0.178493 0.862464 -0.200533
0.0324489 0.659968 -0.205425
0.0342943 0.640376 -0.205425
0.035217 0.63058 -0.205425
0.0361397 0.620784 -0.205425
0.0384464 0.596294 -0.205425
0.0126112 0.870581 -0.200533
0.0135339 0.860785 -0.200533
0.0144565 0.850989 -0.200533
0.0149179 0.846091 -0.200533
-0.10047 0.869813 -0.141834
0.0158406 0.836295 -0.200533
0.0163019 0.831397 -0.200533
0.0167633 0.826499 -0.200533
0.0172246 0.821601 -0.200533
0.0181473 0.811805 -0.200533
0.0186086 0.806907 -0.200533
0.01907 0.802009 -0.200533
0.0195313 0.797111 -0.200533
0.0209154 0.782417 -0.200533
-0.0760878 0.87211 -0.161401
0.0232221 0.757927 -0.200533
0.0241448 0.748131 -0.200533
0.0246061 0.743233 -0.200533
-0.0565819 0.873947 -0.205425
0.0264515 0.723641 -0.200533
0.0269128 0.718743 -0.200533
0.0273742 0.713845 -0.200533
0.0278355 0.708947 -0.200533
0.0282968 0.704049 -0.200533
0.0292195 0.694253 -0.200533
0.0296809 0.689355 -0.200533
0.0306036 0.679559 -0.200533
0.0315263 0.669764 -0.200533
0.0319876 0.664865 -0.200533
0.0329103 0.65507 -0.200533
0.033833 0.645274 -0.200533
0.0342943 0.640376 -0.200533
0.0361397 0.620784 -0.200533
0.036601 0.615886 -0.200533
0.0379851 0.601192 -0.200533
0.0393691 0.586498 -0.200533
0.0121498 0.875479 -0.195642
0.0126112 0.870581 -0.195642
0.0130725 0.865683 -0.195642
0.0135339 0.860785 -0.195642
0.0139952 0.855887 -0.195642
0.0149179 0.846091 -0.195642
0.0153792 0.841193 -0.195642
0.0163019 0.831397 -0.195642
0.0172246 0.821601 -0.195642
0.01907 0.802009 -0.195642
-0.0126938 0.878081 -0.171184
0.0199927 0.792213 -0.195642
0.020454 0.787315 -0.195642
0.0213767 0.777519 -0.195642
0.0227607 0.762825 -0.195642
-0.0760878 0.87211 -0.180967
0.0232221 0.757927 -0.195642
0.0241448 0.748131 -0.195642
0.0246061 0.743233 -0.195642
-0.0565819 0.873947 -0.210317
0.0264515 0.723641 -0.195642
0.0269128 0.718743 -0.195642
0.0282968 0.704049 -0.195642
0.0292195 0.694253 -0.195642
0.0306036 0.679559 -0.195642
0.0310649 0.674662 -0.195642
0.0319876 0.664865 -0.195642
-0.178493 0.862464 -0.205425
0.0324489 0.659968 -0.195642
0.0329103 0.65507 -0.195642
0.033833 0.645274 -0.195642
0.0342943 0.640376 -0.195642
0.035217 0.63058 -0.195642
0.0356783 0.625682 -0.195642
0.0361397 0.620784 -0.195642
0.036601 0.615886 -0.195642
0.0384464 0.596294 -0.195642
0.0393691 0.586498 -0.195642
0.0135339 0.860785 -0.19075
0.0139952 0.855887 -0.19075
0.0158406 0.836295 -0.19075
0.0163019 0.831397 -0.19075
0.0172246 0.821601 -0.19075
0.01907 0.802009 -0.19075
0.0199927 0.792213 -0.19075
0.020454 0.787315 -0.19075
0.0213767 0.777519 -0.19075
0.0222994 0.767723 -0.19075
0.0227607 0.762825 -0.19075
-0.0760878 0.87211 -0.176075
0.0232221 0.757927 -0.19075
0.0241448 0.748131 -0.19075
0.0246061 0.743233 -0.19075
0.0255288 0.733437 -0.19075
0.0259901 0.728539 -0.19075
0.0273742 0.713845 -0.19075
0.0393691 0.586498 -0.224991
0.0301422 0.684457 -0.19075
0.0306036 0.679559 -0.19075
0.0319876 0.664865 -0.19075
0.0324489 0.659968 -0.19075
0.0329103 0.65507 -0.19075
0.033833 0.645274 -0.19075
0.0342943 0.640376 -0.19075
0.035217 0.63058 -0.19075
0.0356783 0.625682 -0.19075
0.036601 0.615886 -0.19075
0.0370624 0.610988 -0.19075
0.0393691 0.586498 -0.19075
0.0121498 0.875479 -0.185859
0.0126112 0.870581 -0.185859
0.0135339 0.860785 -0.185859
0.0139952 0.855887 -0.185859
0.0163019 0.831397 -0.185859
0.0176859 0.816703 -0.185859
0.0195313 0.797111 -0.185859
0.0199927 0.792213 -0.185859
0.020454 0.787315 -0.185859
0.0227607 0.762825 -0.185859
0.0241448 0.748131 -0.185859
0.0259901 0.728539 -0.185859
0.0269128 0.718743 -0.185859
0.0273742 0.713845 -0.185859
0.0278355 0.708947 -0.185859
0.0296809 0.689355 -0.185859
0.0301422 0.684457 -0.185859
0.0306036 0.679559 -0.185859
0.0319876 0.664865 -0.185859
0.0324489 0.659968 -0.185859
0.0329103 0.65507 -0.185859
0.0333716 0.650172 -0.185859
0.0347557 0.635478 -0.185859
0.036601 0.615886 -0.185859
0.0375237 0.60609 -0.185859
0.0384464 0.596294 -0.185859
0.0389077 0.591396 -0.185859
-0.115099 0.868435 -0.151618
0.0121498 0.875479 -0.180967
0.0126112 0.870581 -0.180967
0.0135339 0.860785 -0.180967
-0.0175703 0.877621 -0.161401
0.0144565 0.850989 -0.180967
0.0153792 0.841193 -0.180967
0.0158406 0.836295 -0.180967
0.0163019 0.831397 -0.180967
0.0172246 0.821601 -0.180967
0.0186086 0.806907 -0.180967
0.0213767 0.777519 -0.180967
0.0227607 0.762825 -0.180967
0.0255288 0.733437 -0.180967
0.0278355 0.708947 -0.180967
0.0292195 0.694253 -0.180967
0.0296809 0.689355 -0.180967
0.0301422 0.684457 -0.180967
0.0153792 0.841193 -0.2201
0.0310649 0.674662 -0.180967
0.0319876 0.664865 -0.180967
0.0329103 0.65507 -0.180967
0.035217 0.63058 -0.180967
0.0361397 0.620784 -0.180967
0.036601 0.615886 -0.180967
0.0379851 0.601192 -0.180967
0.0130725 0.865683 -0.176075
0.0149179 0.846091 -0.176075
0.0153792 0.841193 -0.176075
0.0158406 0.836295 -0.176075
0.0172246 0.821601 -0.176075
-0.0712113 0.872569 -0.151618
0.0195313 0.797111 -0.176075
0.0199927 0.792213 -0.176075
0.020454 0.787315 -0.176075
0.0213767 0.777519 -0.176075
0.0236834 0.753029 -0.176075
0.0241448 0.748131 -0.176075
0.0246061 0.743233 -0.176075
0.0255288 0.733437 -0.176075
0.0259901 0.728539 -0.176075
0.0269128 0.718743 -0.176075
0.0278355 0.708947 -0.176075
0.0292195 0.694253 -0.176075
0.0296809 0.689355 -0.176075
0.0301422 0.684457 -0.176075
0.01907 0.802009 -0.185859
0.0306036 0.679559 -0.176075
0.0319876 0.664865 -0.176075
0.033833 0.645274 -0.176075
0.0347557 0.635478 -0.176075
0.035217 0.63058 -0.176075
0.0361397 0.620784 -0.176075
0.0393691 0.586498 -0.176075
0.0126112 0.870581 -0.171184
0.0130725 0.865683 -0.171184
0.0144565 0.850989 -0.171184
0.0153792 0.841193 -0.171184
-0.154111 0.86476 -0.185859
0.0163019 0.831397 -0.171184
0.0172246 0.821601 -0.171184
-0.0712113 0.872569 -0.141834
0.0195313 0.797111 -0.171184
0.020454 0.787315 -0.171184
0.0213767 0.777519 -0.171184
0.0227607 0.762825 -0.171184
-0.0760878 0.87211 -0.156509
0.0232221 0.757927 -0.171184
0.0259901 0.728539 -0.171184
0.0269128 0.718743 -0.171184
0.0278355 0.708947 -0.171184
0.0292195 0.694253 -0.171184
0.0296809 0.689355 -0.171184
0.0301422 0.684457 -0.171184
0.0306036 0.679559 -0.171184
0.0319876 0.664865 -0.171184
-0.178493 0.862464 -0.229883
0.0324489 0.659968 -0.171184
0.0333716 0.650172 -0.171184
0.0342943 0.640376 -0.171184
0.0347557 0.635478 -0.171184
0.036601 0.615886 -0.171184
0.0375237 0.60609 -0.171184
0.0379851 0.601192 -0.171184
0.0384464 0.596294 -0.171184
0.0389077 0.591396 -0.171184
0.0393691 0.586498 -0.171184
0.0126112 0.870581 -0.166292
0.0130725 0.865683 -0.166292
0.0144565 0.850989 -0.166292
0.0158406 0.836295 -0.166292
0.0163019 0.831397 -0.166292
0.0172246 0.821601 -0.166292
-0.188246 0.861545 -0.136943
0.0176859 0.816703 -0.166292
0.01907 0.802009 -0.166292
0.0195313 0.797111 -0.166292
-0.144358 0.865679 -0.176075
0.00193557 0.879459 -0.161401
0.0199927 0.792213 -0.166292
0.0222994 0.767723 -0.166292
0.0241448 0.748131 -0.166292
0.0246061 0.743233 -0.166292
0.0269128 0.718743 -0.166292
0.0278355 0.708947 -0.166292
0.0292195 0.694253 -0.166292
0.0296809 0.689355 -0.166292
0.0301422 0.684457 -0.166292
0.0306036 0.679559 -0.166292
0.0333716 0.650172 -0.166292
0.0342943 0.640376 -0.166292
0.0347557 0.635478 -0.166292
0.0361397 0.620784 -0.166292
0.036601 0.615886 -0.166292
0.0126112 0.870581 -0.161401
0.0144565 0.850989 -0.161401
0.0153792 0.841193 -0.161401
0.0158406 0.836295 -0.161401
0.0172246 0.821601 -0.161401
0.0195313 0.797111 -0.161401
0.0209154 0.782417 -0.161401
0.0213767 0.777519 -0.161401
0.0227607 0.762825 -0.161401
0.0232221 0.757927 -0.161401
0.0241448 0.748131 -0.161401
0.0246061 0.743233 -0.161401
0.0250674 0.738335 -0.161401
0.0255288 0.733437 -0.161401
0.0273742 0.713845 -0.161401
0.0301422 0.684457 -0.161401
0.0310649 0.674662 -0.161401
0.0319876 0.664865 -0.161401
0.0347557 0.635478 -0.161401
0.0356783 0.625682 -0.161401
0.0361397 0.620784 -0.161401
0.0375237 0.60609 -0.161401
0.0379851 0.601192 -0.161401
0.0389077 0.591396 -0.161401
0.01907 0.802009 -0.229883
0.0301422 0.684457 -0.229883
0.0393691 0.586498 -0.161401
0.0126112 0.870581 -0.156509
0.0130725 0.865683 -0.156509
0.0149179 0.846091 -0.156509
0.0153792 0.841193 -0.156509
0.0158406 0.836295 -0.156509
0.0172246 0.821601 -0.156509
0.0181473 0.811805 -0.156509
0.01907 0.802009 -0.156509
0.0213767 0.777519 -0.156509
0.0222994 0.767723 -0.156509
0.0241448 0.748131 -0.156509
0.0246061 0.743233 -0.156509
0.0255288 0.733437 -0.156509
0.0259901 0.728539 -0.156509
0.0273742 0.713845 -0.156509
0.0282968 0.704049 -0.156509
0.0292195 0.694253 -0.156509
0.0301422 0.684457 -0.156509
0.0306036 0.679559 -0.156509
0.0310649 0.674662 -0.156509
0.0342943 0.640376 -0.156509
0.0347557 0.635478 -0.156509
0.036601 0.615886 -0.156509
0.0375237 0.60609 -0.156509
0.0379851 0.601192 -0.156509
0.0384464 0.596294 -0.156509
0.0389077 0.591396 -0.156509
0.0116885 0.880377 -0.151618
0.0126112 0.870581 -0.151618
0.0139952 0.855887 -0.151618
0.01907 0.802009 -0.151618
0.0213767 0.777519 -0.151618
0.0232221 0.757927 -0.151618
0.0236834 0.753029 -0.151618
0.0241448 0.748131 -0.151618
0.0246061 0.743233 -0.151618
0.0269128 0.718743 -0.151618
0.0273742 0.713845 -0.151618
0.0282968 0.704049 -0.151618
0.0287582 0.699151 -0.151618
0.0292195 0.694253 -0.151618
0.0301422 0.684457 -0.151618
0.0306036 0.679559 -0.151618
0.0315263 0.669764 -0.151618
0.0319876 0.664865 -0.151618
0.0333716 0.650172 -0.151618
0.033833 0.645274 -0.151618
0.0342943 0.640376 -0.151618
0.0347557 0.635478 -0.151618
0.035217 0.63058 -0.151618
-0.0517055 0.874406 -0.185859
0.0356783 0.625682 -0.151618
0.0361397 0.620784 -0.151618
0.036601 0.615886 -0.151618
0.0379851 0.601192 -0.151618
0.0384464 0.596294 -0.151618
0.0389077 0.591396 -0.151618
0.0130725 0.865683 -0.146726
0.0144565 0.850989 -0.146726
0.0153792 0.841193 -0.146726
-0.154111 0.86476 -0.210317
0.0163019 0.831397 -0.146726
0.0167633 0.826499 -0.146726
0.0172246 0.821601 -0.146726
-0.188246 0.861545 -0.200533
0.0176859 0.816703 -0.146726
0.0296809 0.689355 -0.151618
0.0195313 0.797111 -0.146726
0.00193557 0.879459 -0.156509
0.0199927 0.792213 -0.146726
0.020454 0.787315 -0.146726
0.0222994 0.767723 -0.146726
0.0241448 0.748131 -0.146726
0.0246061 0.743233 -0.146726
0.0255288 0.733437 -0.146726
0.0259901 0.728539 -0.146726
-0.0565819 0.873947 -0.161401
0.0264515 0.723641 -0.146726
-0.10047 0.869813 -0.176075
0.0269128 0.718743 -0.146726
0.0273742 0.713845 -0.146726
0.0278355 0.708947 -0.146726
0.0292195 0.694253 -0.146726
0.0296809 0.689355 -0.146726
0.0301422 0.684457 -0.146726
0.0306036 0.679559 -0.146726
0.0389077 0.591396 -0.195642
0.0310649 0.674662 -0.146726
0.00193557 0.879459 -0.210317
0.0315263 0.669764 -0.146726
0.0319876 0.664865 -0.146726
0.0342943 0.640376 -0.146726
0.0347557 0.635478 -0.146726
0.035217 0.63058 -0.146726
-0.0517055 0.874406 -0.171184
0.0356783 0.625682 -0.146726
0.036601 0.615886 -0.146726
0.0375237 0.60609 -0.146726
0.0379851 0.601192 -0.146726
0.0301422 0.684457 -0.2201
0.0393691 0.586498 -0.146726
-0.124852 0.867516 -0.19075
0.0116885 0.880377 -0.141834
0.0121498 0.875479 -0.141834
0.0130725 0.865683 -0.141834
0.0153792 0.841193 -0.141834
0.0158406 0.836295 -0.141834
0.0163019 0.831397 -0.141834
0.0176859 0.816703 -0.141834
0.0181473 0.811805 -0.141834
0.0186086 0.806907 -0.141834
0.01907 0.802009 -0.141834
-0.0712113 0.872569 -0.136943
0.0195313 0.797111 -0.141834
0.0213767 0.777519 -0.141834
0.0236834 0.753029 -0.141834
0.0246061 0.743233 -0.141834
0.0287582 0.699151 -0.141834
0.0306036 0.679559 -0.141834
0.0389077 0.591396 -0.200533
0.01907 0.802009 -0.176075
0.0310649 0.674662 -0.141834
0.0319876 0.664865 -0.141834
0.0342943 0.640376 -0.141834
0.0347557 0.635478 -0.141834
0.035217 0.63058 -0.141834
0.0356783 0.625682 -0.141834
0.0361397 0.620784 -0.141834
0.036601 0.615886 -0.141834
0.0375237 0.60609 -0.141834
0.0389077 0.591396 -0.141834
0.0301422 0.684457 -0.200533
0.0393691 0.586498 -0.141834
0.0121498 0.875479 -0.136943
0.0139952 0.855887 -0.136943
0.0149179 0.846091 -0.136943
-0.10047 0.869813 -0.195642
0.0158406 0.836295 -0.136943
0.0163019 0.831397 -0.136943
0.01907 0.802009 -0.136943
0.0195313 0.797111 -0.136943
-0.144358 0.865679 -0.195642
-0.105347 0.869354 -0.180967
0.0209154 0.782417 -0.136943
0.0213767 0.777519 -0.136943
0.0227607 0.762825 -0.136943
0.0241448 0.748131 -0.136943
0.0126112 0.870581 -0.136943
0.0255288 0.733437 -0.136943
-0.10047 0.869813 -0.210317
0.0269128 0.718743 -0.136943
0.0163019 0.831397 -0.210317
0.0273742 0.713845 -0.136943
0.0282968 0.704049 -0.136943
0.0292195 0.694253 -0.136943
0.0301422 0.684457 -0.136943
0.0306036 0.679559 -0.136943
0.0310649 0.674662 -0.136943
0.0342943 0.640376 -0.136943
0.0347557 0.635478 -0.136943
0.0356783 0.625682 -0.136943
0.036601 0.615886 -0.136943
0.0389077 0.591396 -0.136943
0.0393691 0.586498 -0.136943
0.0130725 0.865683 -0.132051
0.0135339 0.860785 -0.132051
0.0139952 0.855887 -0.132051
0.0144565 0.850989 -0.132051
0.0149179 0.846091 -0.132051
0.0375237 0.60609 -0.136943
0.0153792 0.841193 -0.132051
0.0158406 0.836295 -0.132051
0.0172246 0.821601 -0.132051
0.0176859 0.816703 -0.132051
0.0186086 0.806907 -0.132051
0.01907 0.802009 -0.132051
0.0296809 0.689355 -0.136943
0.0195313 0.797111 -0.132051
0.0232221 0.757927 -0.132051
0.0236834 0.753029 -0.132051
0.0241448 0.748131 -0.132051
0.0246061 0.743233 -0.132051
0.0255288 0.733437 -0.132051
-0.10047 0.869813 -0.2201
0.0269128 0.718743 -0.132051
0.0273742 0.713845 -0.132051
0.0278355 0.708947 -0.132051
0.0282968 0.704049 -0.132051
0.0292195 0.694253 -0.132051
0.0296809 0.689355 -0.132051
0.0301422 0.684457 -0.132051
0.0310649 0.674662 -0.132051
0.0315263 0.669764 -0.132051
0.0319876 0.664865 -0.132051
0.036601 0.615886 -0.132051
0.0370624 0.610988 -0.132051
0.0384464 0.596294 -0.132051
0.0389077 0.591396 -0.132051
0.0301422 0.684457 -0.210317
0.0393691 0.586498 -0.132051
0.0398304 0.5816 -0.229883
0.0300775 0.580681 -0.229883
0.0203246 0.579762 -0.229883
0.0154481 0.579303 -0.229883
0.00569522 0.578384 -0.229883
0.000818765 0.577925 -0.229883
-0.188246 0.861545 -0.195642
0.0176859 0.816703 -0.200533
-0.00405769 0.577466 -0.229883
0.0329103 0.65507 -0.229883
-0.00893415 0.577007 -0.229883
-0.0235635 0.575629 -0.229883
-0.0333164 0.57471 -0.229883
-0.0479458 0.573332 -0.229883
-0.0528223 0.572873 -0.229883
-0.0576987 0.572413 -0.229883
-0.0625752 0.571954 -0.229883
-0.0674516 0.571495 -0.229883
-0.0772046 0.570576 -0.229883
-0.0869575 0.569657 -0.229883
-0.0967104 0.568739 -0.229883
-0.105347 0.869354 -0.161401
-0.101587 0.56828 -0.229883
-0.106463 0.56782 -0.229883
-0.11134 0.567361 -0.229883
-0.116216 0.566902 -0.229883
-0.121093 0.566442 -0.229883
-0.135722 0.565064 -0.229883
-0.140599 0.564605 -0.229883
-0.145475 0.564146 -0.229883
-0.155228 0.563227 -0.229883
0.0236834 0.753029 -0.166292
-0.160104 0.562768 -0.229883
-0.169857 0.561849 -0.229883
-0.0663348 0.873028 -0.136943
0.0203246 0.579762 -0.224991
0.0154481 0.579303 -0.224991
0.0105717 0.578844 -0.224991
0.00569522 0.578384 -0.224991
0.033833 0.645274 -0.146726
0.000818765 0.577925 -0.224991
-0.00893415 0.577007 -0.224991
-0.0138106 0.576547 -0.224991
-0.02844 0.575169 -0.224991
-0.00781735 0.87854 -0.210317
-0.0430694 0.573791 -0.224991
-0.0479458 0.573332 -0.224991
-0.0528223 0.572873 -0.224991
-0.0576987 0.572413 -0.224991
-0.0625752 0.571954 -0.224991
-0.0674516 0.571495 -0.224991
-0.0723281 0.571035 -0.224991
-0.0918339 0.569198 -0.224991
-0.0967104 0.568739 -0.224991
-0.101587 0.56828 -0.224991
-0.106463 0.56782 -0.224991
-0.116216 0.566902 -0.224991
0.00681203 0.879918 -0.151618
-0.130846 0.565524 -0.224991
-0.140599 0.564605 -0.224991
-0.145475 0.564146 -0.224991
-0.150351 0.563686 -0.224991
-0.155228 0.563227 -0.224991
0.0398304 0.5816 -0.2201
0.034954 0.58114 -0.2201
0.0154481 0.579303 -0.2201
0.0105717 0.578844 -0.2201
0.033833 0.645274 -0.141834
0.000818765 0.577925 -0.2201
-0.00893415 0.577007 -0.2201
-0.0138106 0.576547 -0.2201
-0.0186871 0.576088 -0.2201
-0.0235635 0.575629 -0.2201
-0.0381929 0.574251 -0.2201
-0.0430694 0.573791 -0.2201
-0.0528223 0.572873 -0.2201
-0.0576987 0.572413 -0.2201
-0.0625752 0.571954 -0.2201
-0.0674516 0.571495 -0.2201
-0.0723281 0.571035 -0.2201
-0.0772046 0.570576 -0.2201
-0.082081 0.570117 -0.2201
-0.0869575 0.569657 -0.2201
-0.0918339 0.569198 -0.2201
-0.0126938 0.878081 -0.136943
-0.101587 0.56828 -0.2201
-0.0273232 0.876703 -0.156509
-0.106463 0.56782 -0.2201
-0.11134 0.567361 -0.2201
-0.116216 0.566902 -0.2201
-0.121093 0.566442 -0.2201
0.020454 0.787315 -0.151618
-0.125969 0.565983 -0.2201
-0.135722 0.565064 -0.2201
-0.140599 0.564605 -0.2201
-0.145475 0.564146 -0.2201
-0.150351 0.563686 -0.2201
-0.155228 0.563227 -0.2201
0.0236834 0.753029 -0.185859
-0.160104 0.562768 -0.2201
-0.174734 0.56139 -0.2201
0.034954 0.58114 -0.215208
0.0300775 0.580681 -0.215208
0.021838 0.772621 -0.215208
0.0252011 0.580222 -0.215208
0.0154481 0.579303 -0.215208
0.000818765 0.577925 -0.215208
0.0176859 0.816703 -0.161401
-0.00405769 0.577466 -0.215208
-0.0186871 0.576088 -0.215208
-0.02844 0.575169 -0.215208
-0.0381929 0.574251 -0.215208
-0.0479458 0.573332 -0.215208
-0.0528223 0.572873 -0.215208
-0.0576987 0.572413 -0.215208
-0.0625752 0.571954 -0.215208
-0.0674516 0.571495 -0.215208
-0.0723281 0.571035 -0.215208
-0.082081 0.570117 -0.215208
-0.0273232 0.876703 -0.151618
-0.106463 0.56782 -0.215208
-0.11134 0.567361 -0.215208
-0.121093 0.566442 -0.215208
-0.125969 0.565983 -0.215208
0.00681203 0.879918 -0.161401
-0.130846 0.565524 -0.215208
-0.135722 0.565064 -0.215208
-0.145475 0.564146 -0.215208
-0.155228 0.563227 -0.215208
-0.169857 0.561849 -0.215208
0.0300775 0.580681 -0.210317
0.021838 0.772621 -0.210317
0.0252011 0.580222 -0.210317
0.0154481 0.579303 -0.210317
0.0236834 0.753029 -0.224991
0.0105717 0.578844 -0.210317
0.00569522 0.578384 -0.210317
-0.00893415 0.577007 -0.210317
-0.0138106 0.576547 -0.210317
-0.0186871 0.576088 -0.210317
-0.02844 0.575169 -0.210317
-0.134605 0.866598 -0.19075
-0.0333164 0.57471 -0.210317
-0.0381929 0.574251 -0.210317
-0.0479458 0.573332 -0.210317
-0.0674516 0.571495 -0.210317
-0.0614584 0.873487 -0.200533
-0.0723281 0.571035 -0.210317
-0.0772046 0.570576 -0.210317
-0.082081 0.570117 -0.210317
-0.0869575 0.569657 -0.210317
-0.0967104 0.568739 -0.210317
-0.106463 0.56782 -0.210317
-0.121093 0.566442 -0.210317
-0.140599 0.564605 -0.210317
-0.155228 0.563227 -0.210317
-0.178493 0.862464 -0.132051
-0.174734 0.56139 -0.210317
0.0398304 0.5816 -0.205425
0.034954 0.58114 -0.205425
0.0300775 0.580681 -0.205425
0.021838 0.772621 -0.205425
0.0252011 0.580222 -0.205425
0.0203246 0.579762 -0.205425
0.033833 0.645274 -0.161401
0.000818765 0.577925 -0.205425
-0.188246 0.861545 -0.2201
-0.00405769 0.577466 -0.205425
-0.00893415 0.577007 -0.205425
-0.0138106 0.576547 -0.205425
-0.0235635 0.575629 -0.205425
-0.0430694 0.573791 -0.205425
-0.0479458 0.573332 -0.205425
-0.0576987 0.572413 -0.205425
-0.0674516 0.571495 -0.205425
-0.0723281 0.571035 -0.205425
-0.0772046 0.570576 -0.205425
0.0329103 0.65507 -0.215208
-0.0918339 0.569198 -0.205425
-0.0967104 0.568739 -0.205425
-0.106463 0.56782 -0.205425
-0.11134 0.567361 -0.205425
-0.116216 0.566902 -0.205425
-0.135722 0.565064 -0.205425
-0.145475 0.564146 -0.205425
-0.150351 0.563686 -0.205425
0.0398304 0.5816 -0.200533
0.034954 0.58114 -0.200533
0.021838 0.772621 -0.200533
0.0252011 0.580222 -0.200533
0.0203246 0.579762 -0.200533
0.00569522 0.578384 -0.200533
0.033833 0.645274 -0.171184
0.000818765 0.577925 -0.200533
-0.0224467 0.877162 -0.215208
-0.188246 0.861545 -0.132051
0.0176859 0.816703 -0.151618
-0.00405769 0.577466 -0.200533
-0.00893415 0.577007 -0.200533
-0.0186871 0.576088 -0.200533
-0.0235635 0.575629 -0.200533
-0.134605 0.866598 -0.176075
-0.0333164 0.57471 -0.200533
-0.0381929 0.574251 -0.200533
-0.0479458 0.573332 -0.200533
-0.0576987 0.572413 -0.200533
-0.0625752 0.571954 -0.200533
-0.0614584 0.873487 -0.180967
-0.0723281 0.571035 -0.200533
-0.0772046 0.570576 -0.200533
0.0259901 0.728539 -0.141834
-0.082081 0.570117 -0.200533
-0.0869575 0.569657 -0.200533
-0.0918339 0.569198 -0.200533
-0.101587 0.56828 -0.200533
-0.0273232 0.876703 -0.185859
-0.106463 0.56782 -0.200533
-0.11134 0.567361 -0.200533
-0.140599 0.564605 -0.200533
-0.145475 0.564146 -0.200533
-0.155228 0.563227 -0.200533
-0.174734 0.56139 -0.200533
0.034954 0.58114 -0.195642
0.021838 0.772621 -0.195642
0.0252011 0.580222 -0.195642
0.0203246 0.579762 -0.195642
0.0154481 0.579303 -0.195642
0.00569522 0.578384 -0.195642
0.033833 0.645274 -0.166292
0.000818765 0.577925 -0.195642
-0.0224467 0.877162 -0.2201
-0.00405769 0.577466 -0.195642
-0.00893415 0.577007 -0.195642
-0.0138106 0.576547 -0.195642
-0.02844 0.575169 -0.195642
-0.0528223 0.572873 -0.195642
-0.0576987 0.572413 -0.195642
-0.0625752 0.571954 -0.195642
-0.0674516 0.571495 -0.195642
-0.0614584 0.873487 -0.185859
-0.0723281 0.571035 -0.195642
-0.0772046 0.570576 -0.195642
-0.106463 0.56782 -0.195642
-0.116216 0.566902 -0.195642
-0.121093 0.566442 -0.195642
-0.140599 0.564605 -0.195642
-0.150351 0.563686 -0.195642
-0.155228 0.563227 -0.195642
0.034954 0.58114 -0.19075
0.0154481 0.579303 -0.19075
0.000818765 0.577925 -0.19075
-0.00893415 0.577007 -0.19075
-0.0138106 0.576547 -0.19075
-0.0186871 0.576088 -0.19075
-0.02844 0.575169 -0.19075
-0.0479458 0.573332 -0.19075
-0.0528223 0.572873 -0.19075
-0.0576987 0.572413 -0.19075
-0.0625752 0.571954 -0.19075
-0.0674516 0.571495 -0.19075
-0.082081 0.570117 -0.19075
-0.0869575 0.569657 -0.19075
-0.106463 0.56782 -0.19075
-0.11134 0.567361 -0.19075
-0.121093 0.566442 -0.19075
-0.125969 0.565983 -0.19075
-0.0126938 0.878081 -0.224991
0.00681203 0.879918 -0.185859
-0.130846 0.565524 -0.19075
-0.135722 0.565064 -0.19075
-0.150351 0.563686 -0.19075
-0.178493 0.862464 -0.185859
0.0324489 0.659968 -0.224991
-0.164981 0.562308 -0.19075
0.034954 0.58114 -0.185859
0.021838 0.772621 -0.185859
0.0252011 0.580222 -0.185859
0.0236834 0.753029 -0.200533
0.0105717 0.578844 -0.185859
0.000818765 0.577925 -0.185859
-0.0224467 0.877162 -0.205425
-0.188246 0.861545 -0.141834
-0.00405769 0.577466 -0.185859
-0.0138106 0.576547 -0.185859
-0.0235635 0.575629 -0.185859
-0.02844 0.575169 -0.185859
-0.0430694 0.573791 -0.185859
-0.0625752 0.571954 -0.185859
-0.0674516 0.571495 -0.185859
-0.0723281 0.571035 -0.185859
-0.0772046 0.570576 -0.185859
-0.082081 0.570117 -0.185859
-0.0918339 0.569198 -0.185859
-0.0967104 0.568739 -0.185859
-0.101587 0.56828 -0.185859
-0.11134 0.567361 -0.185859
-0.116216 0.566902 -0.185859
-0.00294089 0.878999 -0.136943
-0.121093 0.566442 -0.185859
-0.125969 0.565983 -0.185859
-0.0126938 0.878081 -0.205425
0.0209154 0.782417 -0.195642
-0.130846 0.565524 -0.185859
-0.135722 0.565064 -0.185859
0.0222994 0.767723 -0.176075
-0.145475 0.564146 -0.185859
-0.155228 0.563227 -0.185859
0.0105717 0.578844 -0.205425
-0.160104 0.562768 -0.185859
-0.174734 0.56139 -0.185859
0.034954 0.58114 -0.180967
0.0300775 0.580681 -0.180967
0.021838 0.772621 -0.180967
0.0252011 0.580222 -0.180967
-0.0663348 0.873028 -0.185859
0.0203246 0.579762 -0.180967
0.0236834 0.753029 -0.2201
-0.160104 0.562768 -0.210317
0.0105717 0.578844 -0.180967
0.00569522 0.578384 -0.180967
-0.00893415 0.577007 -0.180967
-0.0138106 0.576547 -0.180967
-0.0186871 0.576088 -0.180967
-0.02844 0.575169 -0.180967
-0.0381929 0.574251 -0.180967
-0.0576987 0.572413 -0.180967
-0.0674516 0.571495 -0.180967
-0.0723281 0.571035 -0.180967
-0.0565819 0.873947 -0.146726
-0.082081 0.570117 -0.180967
-0.0869575 0.569657 -0.180967
-0.0918339 0.569198 -0.180967
-0.11134 0.567361 -0.180967
-0.116216 0.566902 -0.180967
-0.125969 0.565983 -0.180967
-0.135722 0.565064 -0.180967
0.0222994 0.767723 -0.180967
-0.145475 0.564146 -0.180967
0.0149179 0.846091 -0.141834
-0.150351 0.563686 -0.180967
-0.155228 0.563227 -0.180967
0.0236834 0.753029 -0.215208
-0.160104 0.562768 -0.180967
-0.164981 0.562308 -0.215208
-0.174734 0.56139 -0.180967
0.0398304 0.5816 -0.176075
0.034954 0.58114 -0.176075
0.0203246 0.579762 -0.176075
-0.046829 0.874865 -0.141834
0.0154481 0.579303 -0.176075
0.0236834 0.753029 -0.19075
-0.160104 0.562768 -0.205425
0.0105717 0.578844 -0.176075
-0.0138106 0.576547 -0.176075
-0.0186871 0.576088 -0.176075
-0.0235635 0.575629 -0.176075
0.0287582 0.699151 -0.166292
-0.02844 0.575169 -0.176075
-0.0381929 0.574251 -0.176075
-0.0809642 0.87165 -0.185859
-0.00294089 0.878999 -0.180967
-0.0479458 0.573332 -0.176075
-0.0772046 0.570576 -0.176075
-0.0869575 0.569657 -0.176075
-0.0918339 0.569198 -0.176075
0.0116885 0.880377 -0.19075
-0.0967104 0.568739 -0.176075
-0.101587 0.56828 -0.176075
-0.106463 0.56782 -0.176075
-0.11134 0.567361 -0.176075
-0.121093 0.566442 -0.176075
-0.135722 0.565064 -0.176075
-0.140599 0.564605 -0.176075
0.0222994 0.767723 -0.161401
0.0167633 0.826499 -0.132051
-0.145475 0.564146 -0.176075
0.0149179 0.846091 -0.146726
-0.150351 0.563686 -0.176075
-0.155228 0.563227 -0.176075
-0.160104 0.562768 -0.176075
-0.163864 0.863842 -0.195642
0.0398304 0.5816 -0.171184
-0.202876 0.860167 -0.146726
0.0300775 0.580681 -0.171184
-0.0663348 0.873028 -0.19075
0.0203246 0.579762 -0.171184
-0.160104 0.562768 -0.200533
0.0105717 0.578844 -0.171184
-0.188246 0.861545 -0.161401
-0.00405769 0.577466 -0.171184
-0.0138106 0.576547 -0.171184
-0.0235635 0.575629 -0.171184
0.0287582 0.699151 -0.156509
-0.02844 0.575169 -0.171184
-0.0381929 0.574251 -0.171184
-0.0809642 0.87165 -0.195642
-0.0479458 0.573332 -0.171184
0.0135339 0.860785 -0.166292
-0.0528223 0.572873 -0.171184
-0.0576987 0.572413 -0.171184
-0.0625752 0.571954 -0.171184
-0.0674516 0.571495 -0.171184
-0.0723281 0.571035 -0.171184
-0.0772046 0.570576 -0.171184
-0.0869575 0.569657 -0.171184
-0.0918339 0.569198 -0.171184
0.0116885 0.880377 -0.185859
-0.0967104 0.568739 -0.171184
-0.106463 0.56782 -0.171184
-0.125969 0.565983 -0.171184
-0.130846 0.565524 -0.171184
-0.135722 0.565064 -0.171184
-0.140599 0.564605 -0.171184
0.0149179 0.846091 -0.180967
-0.150351 0.563686 -0.171184
0.0186086 0.806907 -0.156509
0.0250674 0.738335 -0.141834
-0.169857 0.561849 -0.171184
-0.174734 0.56139 -0.171184
-0.163864 0.863842 -0.200533
0.0398304 0.5816 -0.166292
0.0203246 0.579762 -0.166292
0.0154481 0.579303 -0.166292
0.0347557 0.635478 -0.205425
0.000818765 0.577925 -0.166292
0.0329103 0.65507 -0.166292
-0.00893415 0.577007 -0.166292
-0.0138106 0.576547 -0.166292
-0.0186871 0.576088 -0.166292
-0.0235635 0.575629 -0.166292
0.0287582 0.699151 -0.161401
-0.02844 0.575169 -0.166292
-0.0381929 0.574251 -0.166292
-0.0430694 0.573791 -0.166292
0.0135339 0.860785 -0.146726
-0.0528223 0.572873 -0.166292
-0.0576987 0.572413 -0.166292
-0.0723281 0.571035 -0.166292
-0.0869575 0.569657 -0.166292
0.0116885 0.880377 -0.180967
-0.0967104 0.568739 -0.166292
-0.101587 0.56828 -0.166292
-0.106463 0.56782 -0.166292
-0.11134 0.567361 -0.166292
-0.116216 0.566902 -0.166292
-0.121093 0.566442 -0.166292
-0.125969 0.565983 -0.166292
-0.0126938 0.878081 -0.200533
-0.130846 0.565524 -0.166292
-0.135722 0.565064 -0.166292
-0.140599 0.564605 -0.166292
0.0222994 0.767723 -0.200533
-0.145475 0.564146 -0.166292
-0.155228 0.563227 -0.166292
-0.164981 0.562308 -0.205425
-0.174734 0.56139 -0.166292
0.034954 0.58114 -0.161401
0.021838 0.772621 -0.161401
0.0252011 0.580222 -0.161401
0.0154481 0.579303 -0.161401
0.0105717 0.578844 -0.161401
0.0347557 0.635478 -0.195642
0.000818765 0.577925 -0.161401
-0.0224467 0.877162 -0.229883
-0.188246 0.861545 -0.166292
-0.00405769 0.577466 -0.161401
0.0329103 0.65507 -0.161401
-0.00893415 0.577007 -0.161401
-0.0138106 0.576547 -0.161401
-0.0186871 0.576088 -0.161401
-0.02844 0.575169 -0.161401
-0.0381929 0.574251 -0.161401
0.0135339 0.860785 -0.161401
-0.0528223 0.572873 -0.161401
-0.0625752 0.571954 -0.161401
-0.0723281 0.571035 -0.161401
-0.0772046 0.570576 -0.161401
-0.0869575 0.569657 -0.161401
-0.101587 0.56828 -0.161401
-0.106463 0.56782 -0.161401
-0.121093 0.566442 -0.161401
-0.140599 0.564605 -0.161401
-0.145475 0.564146 -0.161401
-0.155228 0.563227 -0.161401
-0.174734 0.56139 -0.161401
0.0398304 0.5816 -0.156509
0.034954 0.58114 -0.156509
-0.046829 0.874865 -0.136943
0.0154481 0.579303 -0.156509
-0.0760878 0.87211 -0.166292
0.0105717 0.578844 -0.156509
0.00569522 0.578384 -0.156509
0.0347557 0.635478 -0.200533
0.000818765 0.577925 -0.156509
0.0329103 0.65507 -0.156509
-0.00893415 0.577007 -0.156509
-0.0138106 0.576547 -0.156509
-0.0186871 0.576088 -0.156509
-0.02844 0.575169 -0.156509
-0.00294089 0.878999 -0.210317
-0.0479458 0.573332 -0.156509
-0.0625752 0.571954 -0.156509
-0.0723281 0.571035 -0.156509
-0.082081 0.570117 -0.156509
-0.0918339 0.569198 -0.156509
0.0116885 0.880377 -0.195642
-0.0967104 0.568739 -0.156509
-0.101587 0.56828 -0.156509
-0.11134 0.567361 -0.156509
-0.125969 0.565983 -0.156509
0.0209154 0.782417 -0.215208
-0.130846 0.565524 -0.156509
0.0126112 0.870581 -0.210317
-0.135722 0.565064 -0.156509
0.0222994 0.767723 -0.205425
-0.145475 0.564146 -0.156509
0.0186086 0.806907 -0.166292
0.0250674 0.738335 -0.151618
-0.169857 0.561849 -0.156509
0.0300775 0.580681 -0.151618
0.0154481 0.579303 -0.151618
-0.0760878 0.87211 -0.146726
0.0232221 0.757927 -0.180967
0.0105717 0.578844 -0.151618
0.000818765 0.577925 -0.151618
-0.0138106 0.576547 -0.151618
0.0287582 0.699151 -0.19075
-0.02844 0.575169 -0.151618
-0.0333164 0.57471 -0.151618
-0.0381929 0.574251 -0.151618
-0.0430694 0.573791 -0.151618
-0.0528223 0.572873 -0.151618
-0.0576987 0.572413 -0.151618
-0.0625752 0.571954 -0.151618
-0.0723281 0.571035 -0.151618
-0.0772046 0.570576 -0.151618
-0.106463 0.56782 -0.151618
-0.11134 0.567361 -0.151618
-0.116216 0.566902 -0.151618
-0.121093 0.566442 -0.151618
-0.140599 0.564605 -0.151618
-0.0809642 0.87165 -0.180967
-0.00294089 0.878999 -0.151618
0.0149179 0.846091 -0.171184
-0.150351 0.563686 -0.151618
-0.160104 0.562768 -0.151618
0.0398304 0.5816 -0.146726
0.0300775 0.580681 -0.146726
0.021838 0.772621 -0.146726
0.0252011 0.580222 -0.146726
-0.0663348 0.873028 -0.166292
0.0203246 0.579762 -0.146726
0.0154481 0.579303 -0.146726
-0.0224467 0.877162 -0.171184
-0.00405769 0.577466 -0.146726
0.0329103 0.65507 -0.171184
-0.00893415 0.577007 -0.146726
-0.0138106 0.576547 -0.146726
-0.0186871 0.576088 -0.146726
0.0287582 0.699151 -0.180967
-0.02844 0.575169 -0.146726
-0.0381929 0.574251 -0.146726
-0.0809642 0.87165 -0.2201
-0.0479458 0.573332 -0.146726
-0.0528223 0.572873 -0.146726
-0.0576987 0.572413 -0.146726
-0.0723281 0.571035 -0.146726
-0.0772046 0.570576 -0.146726
-0.0565819 0.873947 -0.132051
-0.082081 0.570117 -0.146726
-0.0869575 0.569657 -0.146726
-0.0918339 0.569198 -0.146726
-0.0967104 0.568739 -0.146726
-0.0235635 0.575629 -0.195642
-0.101587 0.56828 -0.146726
-0.106463 0.56782 -0.146726
-0.11134 0.567361 -0.146726
-0.125969 0.565983 -0.146726
-0.130846 0.565524 -0.146726
-0.140599 0.564605 -0.146726
0.0222994 0.767723 -0.195642
-0.145475 0.564146 -0.146726
-0.155228 0.563227 -0.146726
0.0105717 0.578844 -0.215208
-0.160104 0.562768 -0.146726
0.034954 0.58114 -0.141834
-0.0663348 0.873028 -0.2201
0.0203246 0.579762 -0.141834
0.0154481 0.579303 -0.141834
-0.0760878 0.87211 -0.151618
0.0232221 0.757927 -0.166292
0.0105717 0.578844 -0.141834
0.0329103 0.65507 -0.141834
-0.0918339 0.569198 -0.229883
-0.00893415 0.577007 -0.141834
-0.0138106 0.576547 -0.141834
-0.0235635 0.575629 -0.141834
-0.0430694 0.573791 -0.141834
-0.0625752 0.571954 -0.141834
-0.0674516 0.571495 -0.141834
-0.0723281 0.571035 -0.141834
-0.0869575 0.569657 -0.141834
-0.0918339 0.569198 -0.141834
-0.106463 0.56782 -0.141834
-0.11134 0.567361 -0.141834
-0.116216 0.566902 -0.141834
0.0126112 0.870581 -0.224991
0.0255288 0.733437 -0.224991
-0.135722 0.565064 -0.141834
-0.140599 0.564605 -0.141834
-0.0809642 0.87165 -0.200533
-0.00294089 0.878999 -0.166292
-0.150351 0.563686 -0.141834
0.0135339 0.860785 -0.176075
-0.0528223 0.572873 -0.176075
-0.155228 0.563227 -0.141834
-0.160104 0.562768 -0.141834
-0.164981 0.562308 -0.180967
-0.174734 0.56139 -0.141834
-0.0663348 0.873028 -0.224991
0.0203246 0.579762 -0.136943
0.0154481 0.579303 -0.136943
0.0329103 0.65507 -0.136943
-0.0918339 0.569198 -0.210317
-0.00893415 0.577007 -0.136943
-0.0138106 0.576547 -0.136943
-0.0186871 0.576088 -0.136943
-0.0235635 0.575629 -0.136943
-0.0517055 0.874406 -0.136943
-0.0333164 0.57471 -0.136943
-0.00294089 0.878999 -0.195642
-0.0479458 0.573332 -0.136943
-0.0528223 0.572873 -0.136943
-0.0576987 0.572413 -0.136943
-0.0625752 0.571954 -0.136943
-0.0723281 0.571035 -0.136943
-0.0772046 0.570576 -0.136943
-0.0869575 0.569657 -0.136943
-0.101587 0.56828 -0.136943
-0.11134 0.567361 -0.136943
-0.116216 0.566902 -0.136943
-0.145475 0.564146 -0.136943
-0.00294089 0.878999 -0.171184
-0.150351 0.563686 -0.136943
-0.0528223 0.572873 -0.180967
-0.155228 0.563227 -0.136943
-0.160104 0.562768 -0.136943
-0.164981 0.562308 -0.136943
0.0324489 0.659968 -0.151618
-0.164981 0.562308 -0.185859
-0.174734 0.56139 -0.136943
0.0398304 0.5816 -0.132051
0.034954 0.58114 -0.132051
-0.0760878 0.87211 -0.141834
0.0232221 0.757927 -0.176075
0.0105717 0.578844 -0.132051
0.035217 0.63058 -0.215208
0.00569522 0.578384 -0.132051
-0.0224467 0.877162 -0.161401
-0.00405769 0.577466 -0.132051
0.0329103 0.65507 -0.132051
-0.0918339 0.569198 -0.215208
-0.00893415 0.577007 -0.132051
-0.0186871 0.576088 -0.132051
-0.0235635 0.575629 -0.132051
-0.02844 0.575169 -0.132051
-0.0381929 0.574251 -0.132051
-0.150351 0.563686 -0.161401
-0.0479458 0.573332 -0.132051
-0.0576987 0.572413 -0.132051
-0.0625752 0.571954 -0.132051
-0.082081 0.570117 -0.132051
-0.0772046 0.570576 -0.19075
-0.0918339 0.569198 -0.132051
-0.0967104 0.568739 -0.132051
-0.101587 0.56828 -0.132051
-0.11134 0.567361 -0.132051
-0.116216 0.566902 -0.132051
-0.121093 0.566442 -0.132051
-0.140599 0.564605 -0.132051
0.0222994 0.767723 -0.229883
-0.145475 0.564146 -0.132051
-0.0479458 0.573332 -0.161401
-0.150351 0.563686 -0.132051
-0.155228 0.563227 -0.132051
-0.164981 0.562308 -0.132051
-0.17961 0.56093 -0.229883
-0.188246 0.861545 -0.180967
-0.180072 0.565829 -0.229883
-0.180994 0.575624 -0.229883
-0.181456 0.580522 -0.229883
-0.193123 0.861086 -0.229883
-0.182378 0.590318 -0.229883
-0.183301 0.600114 -0.229883
-0.183762 0.605012 -0.229883
-0.184685 0.614808 -0.229883
-0.186069 0.629502 -0.229883
-0.187914 0.649094 -0.229883
-0.184224 0.60991 -0.229883
-0.188376 0.653992 -0.229883
-0.188837 0.65889 -0.229883
-0.0333164 0.57471 -0.166292
-0.18284 0.595216 -0.229883
-0.189298 0.663788 -0.229883
-0.18976 0.668686 -0.229883
-0.16874 0.863383 -0.180967
-0.190682 0.678482 -0.229883
-0.191605 0.688278 -0.229883
0.0250674 0.738335 -0.19075
-0.192066 0.693176 -0.229883
0.0255288 0.733437 -0.200533
-0.192989 0.702972 -0.229883
-0.194373 0.717666 -0.229883
0.0333716 0.650172 -0.141834
-0.194835 0.722564 -0.229883
0.0315263 0.669764 -0.141834
-0.195296 0.727462 -0.229883
-0.144358 0.865679 -0.19075
-0.196219 0.737258 -0.229883
0.0370624 0.610988 -0.205425
-0.19668 0.742156 -0.229883
-0.0321996 0.876243 -0.136943
-0.197603 0.751952 -0.229883
0.0370624 0.610988 -0.146726
-0.198525 0.761748 -0.229883
-0.198987 0.766646 -0.229883
-0.200371 0.78134 -0.229883
-0.201293 0.791136 -0.229883
-0.201755 0.796034 -0.229883
-0.202216 0.800932 -0.229883
-0.202677 0.80583 -0.229883
-0.204061 0.820524 -0.229883
-0.204523 0.825422 -0.229883
-0.204984 0.83032 -0.229883
-0.116216 0.566902 -0.210317
-0.205445 0.835218 -0.229883
-0.173617 0.862923 -0.161401
-0.205907 0.840116 -0.229883
-0.206829 0.849912 -0.229883
-0.207752 0.859708 -0.229883
0.0181473 0.811805 -0.210317
-0.180533 0.570726 -0.224991
-0.180994 0.575624 -0.224991
-0.0967104 0.568739 -0.200533
-0.181456 0.580522 -0.224991
-0.181917 0.58542 -0.224991
-0.183301 0.600114 -0.224991
-0.183762 0.605012 -0.224991
-0.184685 0.614808 -0.224991
-0.119976 0.867976 -0.176075
-0.186069 0.629502 -0.224991
-0.18653 0.6344 -0.224991
-0.187914 0.649094 -0.224991
-0.184224 0.60991 -0.224991
-0.188376 0.653992 -0.224991
0.00569522 0.578384 -0.2201
-0.188837 0.65889 -0.224991
-0.18976 0.668686 -0.224991
-0.190221 0.673584 -0.224991
-0.190682 0.678482 -0.224991
-0.0224467 0.877162 -0.200533
-0.00405769 0.577466 -0.19075
-0.19345 0.70787 -0.224991
-0.193912 0.712768 -0.224991
-0.0858407 0.871191 -0.185859
-0.194373 0.717666 -0.224991
-0.194835 0.722564 -0.224991
-0.164981 0.562308 -0.176075
-0.195757 0.73236 -0.224991
-0.144358 0.865679 -0.210317
-0.105347 0.869354 -0.19075
-0.196219 0.737258 -0.224991
0.0370624 0.610988 -0.215208
-0.19668 0.742156 -0.224991
-0.197603 0.751952 -0.224991
-0.198064 0.75685 -0.224991
-0.198987 0.766646 -0.224991
0.0384464 0.596294 -0.200533
-0.199448 0.771544 -0.224991
-0.199909 0.776442 -0.224991
-0.200371 0.78134 -0.224991
-0.200832 0.786238 -0.224991
0.021838 0.772621 -0.224991
0.0252011 0.580222 -0.224991
-0.202216 0.800932 -0.224991
-0.110223 0.868894 -0.151618
-0.202677 0.80583 -0.224991
-0.203139 0.810728 -0.224991
-0.204061 0.820524 -0.224991
-0.204523 0.825422 -0.224991
-0.204984 0.83032 -0.224991
-0.116216 0.566902 -0.215208
-0.205445 0.835218 -0.224991
-0.173617 0.862923 -0.166292
-0.205907 0.840116 -0.224991
-0.206368 0.845014 -0.224991
-0.17961 0.56093 -0.2201
0.0181473 0.811805 -0.180967
-0.180533 0.570726 -0.2201
-0.181456 0.580522 -0.2201
-0.181917 0.58542 -0.2201
-0.193123 0.861086 -0.2201
-0.182378 0.590318 -0.2201
-0.183301 0.600114 -0.2201
-0.183762 0.605012 -0.2201
-0.185146 0.619706 -0.2201
-0.198064 0.75685 -0.229883
-0.185608 0.624604 -0.2201
-0.187453 0.644196 -0.2201
-0.184224 0.60991 -0.2201
-0.188376 0.653992 -0.2201
0.00569522 0.578384 -0.215208
-0.188837 0.65889 -0.2201
-0.18976 0.668686 -0.2201
-0.190221 0.673584 -0.2201
-0.190682 0.678482 -0.2201
-0.191144 0.68338 -0.2201
-0.192989 0.702972 -0.2201
-0.193912 0.712768 -0.2201
-0.194373 0.717666 -0.2201
-0.194835 0.722564 -0.2201
0.0315263 0.669764 -0.176075
0.0199927 0.792213 -0.132051
-0.195296 0.727462 -0.2201
-0.198987 0.766646 -0.2201
-0.199909 0.776442 -0.2201
-0.200832 0.786238 -0.2201
-0.201293 0.791136 -0.2201
-0.201755 0.796034 -0.2201
-0.202216 0.800932 -0.2201
-0.110223 0.868894 -0.132051
-0.202677 0.80583 -0.2201
-0.203139 0.810728 -0.2201
-0.204523 0.825422 -0.2201
-0.204984 0.83032 -0.2201
-0.205445 0.835218 -0.2201
-0.207752 0.859708 -0.2201
0.0250674 0.738335 -0.224991
-0.17961 0.56093 -0.215208
-0.180994 0.575624 -0.215208
-0.183301 0.600114 -0.215208
-0.183762 0.605012 -0.215208
-0.184685 0.614808 -0.215208
-0.185146 0.619706 -0.215208
-0.202876 0.860167 -0.141834
-0.186992 0.639298 -0.215208
-0.184224 0.60991 -0.215208
-0.188376 0.653992 -0.215208
-0.188837 0.65889 -0.215208
-0.18976 0.668686 -0.215208
-0.190221 0.673584 -0.215208
-0.191605 0.688278 -0.215208
-0.192528 0.698074 -0.215208
-0.0224467 0.877162 -0.166292
-0.19345 0.70787 -0.215208
-0.193912 0.712768 -0.215208
-0.194373 0.717666 -0.215208
0.0333716 0.650172 -0.205425
-0.194835 0.722564 -0.215208
0.0315263 0.669764 -0.180967
-0.195296 0.727462 -0.215208
0.0324489 0.659968 -0.176075
-0.164981 0.562308 -0.161401
-0.195757 0.73236 -0.215208
0.0209154 0.782417 -0.132051
-0.196219 0.737258 -0.215208
-0.197141 0.747054 -0.215208
0.0370624 0.610988 -0.180967
-0.198525 0.761748 -0.215208
-0.198987 0.766646 -0.215208
0.0384464 0.596294 -0.215208
-0.199448 0.771544 -0.215208
-0.200371 0.78134 -0.215208
-0.200832 0.786238 -0.215208
-0.201755 0.796034 -0.215208
-0.110223 0.868894 -0.161401
-0.202677 0.80583 -0.215208
-0.203139 0.810728 -0.215208
-0.2036 0.815626 -0.215208
-0.204061 0.820524 -0.215208
-0.204523 0.825422 -0.215208
-0.204984 0.83032 -0.215208
-0.116216 0.566902 -0.200533
-0.205445 0.835218 -0.215208
-0.205907 0.840116 -0.215208
0.0264515 0.723641 -0.176075
-0.206829 0.849912 -0.215208
-0.202876 0.860167 -0.200533
-0.207291 0.85481 -0.215208
-0.17961 0.56093 -0.210317
-0.180994 0.575624 -0.210317
-0.181456 0.580522 -0.210317
0.0116885 0.880377 -0.229883
-0.181917 0.58542 -0.210317
-0.183762 0.605012 -0.210317
-0.184685 0.614808 -0.210317
-0.185146 0.619706 -0.210317
-0.198064 0.75685 -0.215208
-0.185608 0.624604 -0.210317
-0.197999 0.860627 -0.200533
-0.158988 0.864301 -0.151618
-0.186069 0.629502 -0.210317
-0.18653 0.6344 -0.210317
-0.187914 0.649094 -0.210317
-0.188837 0.65889 -0.210317
-0.134605 0.866598 -0.132051
-0.0333164 0.57471 -0.171184
-0.18284 0.595216 -0.210317
-0.189298 0.663788 -0.210317
-0.18976 0.668686 -0.210317
-0.190221 0.673584 -0.210317
-0.191144 0.68338 -0.210317
-0.191605 0.688278 -0.210317
0.0186086 0.806907 -0.151618
-0.169857 0.561849 -0.166292
-0.192066 0.693176 -0.210317
-0.192528 0.698074 -0.210317
-0.192989 0.702972 -0.210317
-0.00405769 0.577466 -0.151618
-0.19345 0.70787 -0.210317
-0.0858407 0.871191 -0.224991
-0.194373 0.717666 -0.210317
-0.194835 0.722564 -0.210317
0.0209154 0.782417 -0.146726
-0.196219 0.737258 -0.210317
0.0370624 0.610988 -0.176075
-0.19668 0.742156 -0.210317
-0.197141 0.747054 -0.210317
-0.197603 0.751952 -0.210317
-0.198987 0.766646 -0.210317
-0.199448 0.771544 -0.210317
-0.199909 0.776442 -0.210317
-0.200371 0.78134 -0.210317
-0.201755 0.796034 -0.210317
-0.202216 0.800932 -0.210317
-0.202677 0.80583 -0.210317
-0.203139 0.810728 -0.210317
-0.2036 0.815626 -0.210317
-0.204061 0.820524 -0.210317
-0.204523 0.825422 -0.210317
0.0264515 0.723641 -0.166292
-0.206829 0.849912 -0.210317
-0.0224467 0.877162 -0.136943
0.0250674 0.738335 -0.210317
-0.17961 0.56093 -0.205425
0.0181473 0.811805 -0.19075
-0.180533 0.570726 -0.205425
-0.193123 0.861086 -0.205425
-0.182378 0.590318 -0.205425
-0.183301 0.600114 -0.205425
-0.184685 0.614808 -0.205425
-0.185146 0.619706 -0.205425
-0.18653 0.6344 -0.205425
-0.187453 0.644196 -0.205425
-0.187914 0.649094 -0.205425
-0.184224 0.60991 -0.205425
-0.188376 0.653992 -0.205425
-0.134605 0.866598 -0.210317
-0.0333164 0.57471 -0.19075
-0.18284 0.595216 -0.205425
-0.189298 0.663788 -0.205425
-0.169857 0.561849 -0.195642
-0.192066 0.693176 -0.205425
-0.192989 0.702972 -0.205425
-0.19345 0.70787 -0.205425
0.0333716 0.650172 -0.215208
-0.194835 0.722564 -0.205425
-0.144358 0.865679 -0.180967
0.0315263 0.669764 -0.166292
0.0199927 0.792213 -0.136943
-0.195296 0.727462 -0.205425
-0.195757 0.73236 -0.205425
0.0370624 0.610988 -0.229883
-0.19668 0.742156 -0.205425
-0.197141 0.747054 -0.205425
-0.197603 0.751952 -0.205425
-0.198064 0.75685 -0.205425
-0.198987 0.766646 -0.205425
-0.199909 0.776442 -0.205425
-0.200371 0.78134 -0.205425
-0.200832 0.786238 -0.205425
-0.201293 0.791136 -0.205425
-0.201755 0.796034 -0.205425
0.021838 0.772621 -0.151618
0.0252011 0.580222 -0.151618
-0.202216 0.800932 -0.205425
-0.110223 0.868894 -0.141834
-0.202677 0.80583 -0.205425
-0.203139 0.810728 -0.205425
-0.2036 0.815626 -0.205425
-0.204061 0.820524 -0.205425
-0.204523 0.825422 -0.205425
-0.204984 0.83032 -0.205425
0.0139952 0.855887 -0.171184
-0.205445 0.835218 -0.205425
-0.206368 0.845014 -0.205425
-0.207752 0.859708 -0.205425
-0.180072 0.565829 -0.200533
0.0181473 0.811805 -0.185859
-0.180533 0.570726 -0.200533
-0.180994 0.575624 -0.200533
-0.193123 0.861086 -0.200533
-0.182378 0.590318 -0.200533
-0.183301 0.600114 -0.200533
-0.183762 0.605012 -0.200533
-0.185146 0.619706 -0.200533
-0.158988 0.864301 -0.146726
-0.186069 0.629502 -0.200533
-0.18653 0.6344 -0.200533
-0.184224 0.60991 -0.200533
-0.188376 0.653992 -0.200533
0.00569522 0.578384 -0.146726
-0.188837 0.65889 -0.200533
-0.134605 0.866598 -0.215208
-0.0333164 0.57471 -0.185859
-0.18284 0.595216 -0.200533
-0.189298 0.663788 -0.200533
0.0356783 0.625682 -0.2201
-0.18976 0.668686 -0.200533
-0.190682 0.678482 -0.200533
-0.192528 0.698074 -0.200533
-0.192989 0.702972 -0.200533
-0.0858407 0.871191 -0.210317
-0.194373 0.717666 -0.200533
-0.194835 0.722564 -0.200533
0.00193557 0.879459 -0.166292
0.0199927 0.792213 -0.151618
-0.195296 0.727462 -0.200533
0.0324489 0.659968 -0.161401
-0.174734 0.56139 -0.195642
-0.195757 0.73236 -0.200533
-0.197603 0.751952 -0.200533
-0.198064 0.75685 -0.200533
-0.199448 0.771544 -0.200533
-0.199909 0.776442 -0.200533
-0.200371 0.78134 -0.200533
-0.203139 0.810728 -0.200533
-0.2036 0.815626 -0.200533
-0.204061 0.820524 -0.200533
-0.204523 0.825422 -0.200533
-0.204984 0.83032 -0.200533
-0.206368 0.845014 -0.200533
0.0264515 0.723641 -0.161401
-0.206829 0.849912 -0.200533
0.0300775 0.580681 -0.200533
-0.207291 0.85481 -0.200533
-0.207752 0.859708 -0.200533
0.0186086 0.806907 -0.161401
0.0250674 0.738335 -0.136943
-0.17961 0.56093 -0.195642
-0.180994 0.575624 -0.195642
-0.193123 0.861086 -0.195642
-0.182378 0.590318 -0.195642
-0.183301 0.600114 -0.195642
-0.183762 0.605012 -0.195642
-0.184685 0.614808 -0.195642
-0.185146 0.619706 -0.195642
-0.185608 0.624604 -0.195642
-0.197999 0.860627 -0.185859
-0.158988 0.864301 -0.141834
-0.186069 0.629502 -0.195642
-0.18653 0.6344 -0.195642
-0.187453 0.644196 -0.195642
-0.184224 0.60991 -0.195642
-0.188376 0.653992 -0.195642
0.00569522 0.578384 -0.141834
-0.188837 0.65889 -0.195642
0.0356783 0.625682 -0.215208
-0.18976 0.668686 -0.195642
-0.190221 0.673584 -0.195642
-0.191144 0.68338 -0.195642
-0.192066 0.693176 -0.195642
-0.192528 0.698074 -0.195642
-0.169857 0.561849 -0.141834
-0.192989 0.702972 -0.195642
-0.188246 0.861545 -0.176075
-0.19345 0.70787 -0.195642
-0.194373 0.717666 -0.195642
-0.194835 0.722564 -0.195642
0.0199927 0.792213 -0.156509
-0.195296 0.727462 -0.195642
-0.195757 0.73236 -0.195642
0.0209154 0.782417 -0.151618
-0.196219 0.737258 -0.195642
-0.197603 0.751952 -0.195642
0.0384464 0.596294 -0.136943
-0.199448 0.771544 -0.195642
-0.200371 0.78134 -0.195642
-0.201293 0.791136 -0.195642
-0.201755 0.796034 -0.195642
-0.202216 0.800932 -0.195642
-0.2036 0.815626 -0.195642
-0.204061 0.820524 -0.195642
-0.204523 0.825422 -0.195642
-0.205907 0.840116 -0.195642
-0.206368 0.845014 -0.195642
-0.207291 0.85481 -0.195642
-0.207752 0.859708 -0.195642
-0.17961 0.56093 -0.19075
-0.180072 0.565829 -0.19075
-0.0967104 0.568739 -0.141834
-0.181456 0.580522 -0.19075
-0.193123 0.861086 -0.19075
-0.182378 0.590318 -0.19075
-0.183301 0.600114 -0.19075
-0.183762 0.605012 -0.19075
-0.184685 0.614808 -0.19075
-0.185146 0.619706 -0.19075
-0.197999 0.860627 -0.180967
-0.186069 0.629502 -0.19075
-0.18653 0.6344 -0.19075
-0.207291 0.85481 -0.224991
-0.186992 0.639298 -0.19075
-0.187453 0.644196 -0.19075
-0.187914 0.649094 -0.19075
-0.184224 0.60991 -0.19075
-0.188376 0.653992 -0.19075
0.035217 0.63058 -0.210317
0.00569522 0.578384 -0.136943
-0.188837 0.65889 -0.19075
-0.134605 0.866598 -0.224991
-0.18284 0.595216 -0.19075
-0.189298 0.663788 -0.19075
-0.190221 0.673584 -0.19075
-0.190682 0.678482 -0.19075
-0.191144 0.68338 -0.19075
-0.191605 0.688278 -0.19075
-0.192528 0.698074 -0.19075
-0.192989 0.702972 -0.19075
-0.19345 0.70787 -0.19075
-0.194373 0.717666 -0.19075
0.0333716 0.650172 -0.180967
-0.194835 0.722564 -0.19075
0.0209154 0.782417 -0.156509
-0.196219 0.737258 -0.19075
0.0370624 0.610988 -0.200533
-0.19668 0.742156 -0.19075
0.0370624 0.610988 -0.156509
-0.198525 0.761748 -0.19075
-0.198987 0.766646 -0.19075
0.0384464 0.596294 -0.141834
-0.199448 0.771544 -0.19075
-0.200371 0.78134 -0.19075
-0.201293 0.791136 -0.19075
-0.202677 0.80583 -0.19075
-0.0430694 0.573791 -0.146726
-0.203139 0.810728 -0.19075
-0.2036 0.815626 -0.19075
-0.204061 0.820524 -0.19075
-0.204523 0.825422 -0.19075
-0.204984 0.83032 -0.19075
-0.206829 0.849912 -0.19075
0.0181473 0.811805 -0.171184
-0.180072 0.565829 -0.185859
-0.180994 0.575624 -0.185859
-0.181456 0.580522 -0.185859
-0.0907171 0.870732 -0.166292
-0.124852 0.867516 -0.156509
-0.181917 0.58542 -0.185859
-0.183301 0.600114 -0.185859
-0.183762 0.605012 -0.185859
-0.184685 0.614808 -0.185859
-0.185146 0.619706 -0.185859
-0.185608 0.624604 -0.185859
-0.207291 0.85481 -0.229883
-0.186992 0.639298 -0.185859
-0.184224 0.60991 -0.185859
-0.188376 0.653992 -0.185859
-0.18976 0.668686 -0.185859
-0.190221 0.673584 -0.185859
-0.191144 0.68338 -0.185859
-0.191605 0.688278 -0.185859
-0.0224467 0.877162 -0.180967
-0.192066 0.693176 -0.185859
-0.192989 0.702972 -0.185859
-0.19345 0.70787 -0.185859
-0.144358 0.865679 -0.161401
0.00193557 0.879459 -0.151618
-0.195296 0.727462 -0.185859
-0.164981 0.562308 -0.200533
-0.195757 0.73236 -0.185859
-0.19668 0.742156 -0.185859
-0.197141 0.747054 -0.185859
-0.198987 0.766646 -0.185859
0.0384464 0.596294 -0.161401
-0.199448 0.771544 -0.185859
-0.200371 0.78134 -0.185859
-0.200832 0.786238 -0.185859
-0.201293 0.791136 -0.185859
-0.201755 0.796034 -0.185859
-0.202216 0.800932 -0.185859
-0.202677 0.80583 -0.185859
-0.203139 0.810728 -0.185859
-0.2036 0.815626 -0.185859
-0.204523 0.825422 -0.185859
-0.205907 0.840116 -0.185859
-0.206368 0.845014 -0.185859
-0.207752 0.859708 -0.185859
-0.192066 0.693176 -0.215208
-0.17961 0.56093 -0.180967
-0.180994 0.575624 -0.180967
-0.0967104 0.568739 -0.151618
-0.181456 0.580522 -0.180967
-0.193123 0.861086 -0.180967
-0.182378 0.590318 -0.180967
-0.183301 0.600114 -0.180967
-0.185146 0.619706 -0.180967
-0.18653 0.6344 -0.180967
-0.187453 0.644196 -0.180967
-0.187914 0.649094 -0.180967
-0.188837 0.65889 -0.180967
-0.134605 0.866598 -0.185859
-0.0333164 0.57471 -0.215208
-0.18284 0.595216 -0.180967
-0.189298 0.663788 -0.180967
-0.191144 0.68338 -0.180967
-0.191605 0.688278 -0.180967
-0.192066 0.693176 -0.180967
-0.192528 0.698074 -0.180967
-0.192989 0.702972 -0.180967
-0.19345 0.70787 -0.180967
-0.193912 0.712768 -0.180967
-0.194373 0.717666 -0.180967
0.0333716 0.650172 -0.19075
-0.194835 0.722564 -0.180967
-0.196219 0.737258 -0.180967
-0.197141 0.747054 -0.180967
-0.198064 0.75685 -0.180967
-0.198987 0.766646 -0.180967
-0.199448 0.771544 -0.180967
-0.199909 0.776442 -0.180967
-0.200371 0.78134 -0.180967
-0.200832 0.786238 -0.180967
-0.201293 0.791136 -0.180967
-0.201755 0.796034 -0.180967
0.021838 0.772621 -0.176075
0.0252011 0.580222 -0.176075
-0.202216 0.800932 -0.180967
-0.203139 0.810728 -0.180967
-0.204061 0.820524 -0.180967
-0.204523 0.825422 -0.180967
0.0139952 0.855887 -0.146726
-0.205445 0.835218 -0.180967
-0.173617 0.862923 -0.210317
-0.205907 0.840116 -0.180967
-0.206368 0.845014 -0.180967
-0.207752 0.859708 -0.180967
0.0250674 0.738335 -0.132051
-0.169857 0.561849 -0.176075
-0.17961 0.56093 -0.176075
-0.192528 0.698074 -0.2201
-0.180072 0.565829 -0.176075
-0.180994 0.575624 -0.176075
-0.181456 0.580522 -0.176075
-0.0907171 0.870732 -0.200533
-0.181917 0.58542 -0.176075
-0.193123 0.861086 -0.176075
-0.182378 0.590318 -0.176075
-0.183762 0.605012 -0.176075
-0.184685 0.614808 -0.176075
-0.197603 0.751952 -0.180967
-0.185608 0.624604 -0.176075
-0.18653 0.6344 -0.176075
-0.186992 0.639298 -0.176075
-0.187914 0.649094 -0.176075
-0.184224 0.60991 -0.176075
-0.188376 0.653992 -0.176075
0.00569522 0.578384 -0.161401
-0.188837 0.65889 -0.176075
-0.18284 0.595216 -0.176075
-0.189298 0.663788 -0.176075
-0.18976 0.668686 -0.176075
-0.190221 0.673584 -0.176075
-0.191144 0.68338 -0.176075
-0.191605 0.688278 -0.176075
-0.192528 0.698074 -0.176075
-0.19345 0.70787 -0.176075
-0.193912 0.712768 -0.176075
-0.194373 0.717666 -0.176075
-0.194835 0.722564 -0.176075
-0.144358 0.865679 -0.151618
0.0324489 0.659968 -0.132051
-0.195296 0.727462 -0.176075
-0.174734 0.56139 -0.156509
-0.195757 0.73236 -0.176075
-0.105347 0.869354 -0.229883
-0.139482 0.866138 -0.132051
-0.196219 0.737258 -0.176075
-0.185608 0.624604 -0.180967
-0.197603 0.751952 -0.176075
-0.198525 0.761748 -0.176075
-0.199909 0.776442 -0.176075
-0.200371 0.78134 -0.176075
-0.200832 0.786238 -0.176075
-0.201293 0.791136 -0.176075
-0.202216 0.800932 -0.176075
-0.202677 0.80583 -0.176075
-0.2036 0.815626 -0.176075
-0.204984 0.83032 -0.176075
0.0139952 0.855887 -0.141834
-0.205445 0.835218 -0.176075
-0.206368 0.845014 -0.176075
-0.0565819 0.873947 -0.229883
-0.206829 0.849912 -0.176075
-0.207752 0.859708 -0.176075
-0.180994 0.575624 -0.171184
-0.181456 0.580522 -0.171184
-0.0907171 0.870732 -0.205425
-0.181917 0.58542 -0.171184
-0.183301 0.600114 -0.171184
-0.183762 0.605012 -0.171184
-0.184685 0.614808 -0.171184
0.0347557 0.635478 -0.224991
0.000818765 0.577925 -0.132051
-0.185146 0.619706 -0.171184
-0.185608 0.624604 -0.171184
-0.18653 0.6344 -0.171184
-0.187453 0.644196 -0.171184
-0.187914 0.649094 -0.171184
0.00569522 0.578384 -0.166292
-0.188837 0.65889 -0.171184
-0.134605 0.866598 -0.171184
-0.0333164 0.57471 -0.205425
-0.18284 0.595216 -0.171184
-0.189298 0.663788 -0.171184
-0.18976 0.668686 -0.171184
-0.191144 0.68338 -0.171184
-0.191605 0.688278 -0.171184
-0.00405769 0.577466 -0.141834
-0.192066 0.693176 -0.171184
-0.194373 0.717666 -0.171184
-0.195296 0.727462 -0.171184
-0.139482 0.866138 -0.136943
-0.196219 0.737258 -0.171184
0.0370624 0.610988 -0.2201
0.0278355 0.708947 -0.136943
-0.19668 0.742156 -0.171184
-0.197141 0.747054 -0.171184
-0.197603 0.751952 -0.171184
-0.198064 0.75685 -0.171184
-0.198987 0.766646 -0.171184
-0.200371 0.78134 -0.171184
-0.200832 0.786238 -0.171184
0.0398304 0.5816 -0.151618
-0.201293 0.791136 -0.171184
-0.201755 0.796034 -0.171184
-0.202216 0.800932 -0.171184
-0.202677 0.80583 -0.171184
-0.203139 0.810728 -0.171184
-0.2036 0.815626 -0.171184
-0.204523 0.825422 -0.171184
-0.204984 0.83032 -0.171184
-0.205907 0.840116 -0.171184
-0.0565819 0.873947 -0.224991
0.0264515 0.723641 -0.132051
-0.206829 0.849912 -0.171184
0.0300775 0.580681 -0.136943
-0.186992 0.639298 -0.2201
-0.207291 0.85481 -0.171184
-0.207752 0.859708 -0.171184
-0.17961 0.56093 -0.166292
-0.180072 0.565829 -0.166292
-0.180533 0.570726 -0.166292
-0.0907171 0.870732 -0.185859
-0.124852 0.867516 -0.136943
-0.181917 0.58542 -0.166292
-0.193123 0.861086 -0.166292
-0.182378 0.590318 -0.166292
-0.183301 0.600114 -0.166292
-0.183762 0.605012 -0.166292
-0.184685 0.614808 -0.166292
-0.185608 0.624604 -0.166292
-0.197999 0.860627 -0.156509
-0.186069 0.629502 -0.166292
-0.187453 0.644196 -0.166292
0.0167633 0.826499 -0.180967
-0.187914 0.649094 -0.166292
-0.184224 0.60991 -0.166292
-0.188376 0.653992 -0.166292
-0.18976 0.668686 -0.166292
-0.191144 0.68338 -0.166292
-0.191605 0.688278 -0.166292
-0.188246 0.861545 -0.229883
-0.19345 0.70787 -0.166292
-0.193912 0.712768 -0.166292
-0.194373 0.717666 -0.166292
-0.194835 0.722564 -0.166292
-0.197141 0.747054 -0.166292
-0.197603 0.751952 -0.166292
-0.198064 0.75685 -0.166292
-0.198525 0.761748 -0.166292
-0.198987 0.766646 -0.166292
-0.199448 0.771544 -0.166292
-0.200371 0.78134 -0.166292
-0.200832 0.786238 -0.166292
-0.201755 0.796034 -0.166292
-0.202216 0.800932 -0.166292
-0.202677 0.80583 -0.166292
-0.204523 0.825422 -0.166292
-0.204984 0.83032 -0.166292
0.0139952 0.855887 -0.180967
-0.205445 0.835218 -0.166292
-0.205907 0.840116 -0.166292
-0.206368 0.845014 -0.166292
0.0186086 0.806907 -0.146726
-0.17961 0.56093 -0.161401
0.0181473 0.811805 -0.146726
-0.180072 0.565829 -0.161401
-0.180994 0.575624 -0.161401
-0.193123 0.861086 -0.161401
-0.182378 0.590318 -0.161401
-0.183301 0.600114 -0.161401
-0.183762 0.605012 -0.161401
-0.185146 0.619706 -0.161401
-0.207291 0.85481 -0.205425
-0.186992 0.639298 -0.161401
-0.187453 0.644196 -0.161401
0.0167633 0.826499 -0.171184
-0.187914 0.649094 -0.161401
0.00569522 0.578384 -0.151618
-0.188837 0.65889 -0.161401
-0.134605 0.866598 -0.180967
-0.0333164 0.57471 -0.2201
-0.18284 0.595216 -0.161401
-0.189298 0.663788 -0.161401
-0.190221 0.673584 -0.161401
-0.191144 0.68338 -0.161401
-0.192989 0.702972 -0.161401
-0.193912 0.712768 -0.161401
-0.194373 0.717666 -0.161401
-0.194835 0.722564 -0.161401
-0.178493 0.862464 -0.166292
-0.195296 0.727462 -0.161401
-0.196219 0.737258 -0.161401
-0.197603 0.751952 -0.161401
-0.198987 0.766646 -0.161401
-0.199448 0.771544 -0.161401
0.0310649 0.674662 -0.166292
-0.199909 0.776442 -0.161401
-0.200371 0.78134 -0.161401
-0.201755 0.796034 -0.161401
-0.202216 0.800932 -0.161401
-0.202677 0.80583 -0.161401
-0.203139 0.810728 -0.161401
-0.204061 0.820524 -0.161401
-0.204523 0.825422 -0.161401
-0.205445 0.835218 -0.161401
-0.205907 0.840116 -0.161401
-0.206368 0.845014 -0.161401
-0.202876 0.860167 -0.151618
0.0300775 0.580681 -0.161401
-0.186992 0.639298 -0.205425
-0.207291 0.85481 -0.161401
-0.17961 0.56093 -0.156509
-0.180072 0.565829 -0.156509
-0.180533 0.570726 -0.156509
-0.193123 0.861086 -0.156509
-0.182378 0.590318 -0.156509
-0.183301 0.600114 -0.156509
-0.183762 0.605012 -0.156509
-0.0370761 0.875784 -0.136943
-0.184685 0.614808 -0.156509
-0.185146 0.619706 -0.156509
-0.185608 0.624604 -0.156509
-0.207291 0.85481 -0.210317
-0.186992 0.639298 -0.156509
0.0167633 0.826499 -0.166292
-0.187914 0.649094 -0.156509
-0.184224 0.60991 -0.156509
-0.188376 0.653992 -0.156509
-0.188837 0.65889 -0.156509
-0.18284 0.595216 -0.156509
-0.189298 0.663788 -0.156509
-0.18976 0.668686 -0.156509
-0.190221 0.673584 -0.156509
-0.191144 0.68338 -0.156509
-0.191605 0.688278 -0.156509
-0.192528 0.698074 -0.156509
0.0250674 0.738335 -0.176075
-0.169857 0.561849 -0.132051
-0.192989 0.702972 -0.156509
-0.19345 0.70787 -0.156509
-0.193912 0.712768 -0.156509
-0.139482 0.866138 -0.161401
-0.196219 0.737258 -0.156509
-0.197603 0.751952 -0.156509
-0.198987 0.766646 -0.156509
-0.199448 0.771544 -0.156509
-0.200371 0.78134 -0.156509
-0.200832 0.786238 -0.156509
0.0398304 0.5816 -0.136943
-0.201293 0.791136 -0.156509
-0.201755 0.796034 -0.156509
-0.202216 0.800932 -0.156509
-0.202677 0.80583 -0.156509
-0.2036 0.815626 -0.156509
-0.204061 0.820524 -0.156509
-0.204523 0.825422 -0.156509
-0.205445 0.835218 -0.156509
-0.205907 0.840116 -0.156509
-0.206829 0.849912 -0.156509
-0.186992 0.639298 -0.210317
-0.207291 0.85481 -0.156509
-0.207752 0.859708 -0.156509
0.0186086 0.806907 -0.136943
-0.17961 0.56093 -0.151618
0.0181473 0.811805 -0.136943
-0.180072 0.565829 -0.151618
-0.192528 0.698074 -0.171184
-0.180533 0.570726 -0.151618
-0.180994 0.575624 -0.151618
0.0116885 0.880377 -0.171184
-0.0967104 0.568739 -0.180967
-0.181456 0.580522 -0.151618
-0.0370761 0.875784 -0.205425
-0.193123 0.861086 -0.151618
-0.182378 0.590318 -0.151618
-0.183301 0.600114 -0.151618
-0.183762 0.605012 -0.151618
-0.184685 0.614808 -0.151618
-0.185608 0.624604 -0.151618
-0.158988 0.864301 -0.185859
-0.186069 0.629502 -0.151618
-0.184224 0.60991 -0.151618
-0.188376 0.653992 -0.151618
-0.188837 0.65889 -0.151618
-0.18284 0.595216 -0.151618
-0.189298 0.663788 -0.151618
-0.18976 0.668686 -0.151618
-0.190221 0.673584 -0.151618
0.0342943 0.640376 -0.180967
-0.190682 0.678482 -0.151618
0.0250674 0.738335 -0.156509
-0.169857 0.561849 -0.151618
-0.192989 0.702972 -0.151618
-0.19345 0.70787 -0.151618
-0.193912 0.712768 -0.151618
-0.194835 0.722564 -0.151618
-0.19668 0.742156 -0.151618
-0.185608 0.624604 -0.205425
-0.197603 0.751952 -0.151618
-0.198064 0.75685 -0.151618
-0.198525 0.761748 -0.151618
-0.198987 0.766646 -0.151618
-0.199448 0.771544 -0.151618
0.0310649 0.674662 -0.224991
-0.199909 0.776442 -0.151618
-0.200371 0.78134 -0.151618
-0.200832 0.786238 -0.151618
-0.201293 0.791136 -0.151618
-0.201755 0.796034 -0.151618
0.021838 0.772621 -0.132051
0.0252011 0.580222 -0.132051
-0.202216 0.800932 -0.151618
-0.202677 0.80583 -0.151618
-0.0430694 0.573791 -0.156509
-0.203139 0.810728 -0.151618
-0.204061 0.820524 -0.151618
-0.204523 0.825422 -0.151618
-0.205907 0.840116 -0.151618
-0.207752 0.859708 -0.151618
-0.17961 0.56093 -0.146726
-0.124852 0.867516 -0.224991
-0.115099 0.868435 -0.156509
-0.0907171 0.870732 -0.132051
0.0121498 0.875479 -0.176075
-0.181917 0.58542 -0.146726
-0.193123 0.861086 -0.146726
-0.182378 0.590318 -0.146726
-0.183301 0.600114 -0.146726
-0.0370761 0.875784 -0.151618
-0.184685 0.614808 -0.146726
-0.185146 0.619706 -0.146726
-0.185608 0.624604 -0.146726
0.0167633 0.826499 -0.161401
-0.187914 0.649094 -0.146726
-0.184224 0.60991 -0.146726
-0.188376 0.653992 -0.146726
-0.188837 0.65889 -0.146726
-0.0186871 0.576088 -0.141834
-0.18284 0.595216 -0.146726
-0.189298 0.663788 -0.146726
-0.18976 0.668686 -0.146726
-0.190682 0.678482 -0.146726
-0.191144 0.68338 -0.146726
-0.191605 0.688278 -0.146726
0.0186086 0.806907 -0.2201
-0.192066 0.693176 -0.146726
-0.192528 0.698074 -0.146726
-0.0224467 0.877162 -0.132051
-0.192989 0.702972 -0.146726
0.0176859 0.816703 -0.229883
-0.19345 0.70787 -0.146726
-0.193912 0.712768 -0.146726
-0.194373 0.717666 -0.146726
-0.194835 0.722564 -0.146726
-0.195757 0.73236 -0.146726
-0.197141 0.747054 -0.146726
-0.185608 0.624604 -0.200533
-0.197603 0.751952 -0.146726
-0.198525 0.761748 -0.146726
-0.199448 0.771544 -0.146726
-0.199909 0.776442 -0.146726
-0.200832 0.786238 -0.146726
-0.202677 0.80583 -0.146726
-0.2036 0.815626 -0.146726
-0.204061 0.820524 -0.146726
-0.204984 0.83032 -0.146726
-0.205907 0.840116 -0.146726
-0.206368 0.845014 -0.146726
0.0264515 0.723641 -0.156509
-0.206829 0.849912 -0.146726
-0.207291 0.85481 -0.146726
-0.207752 0.859708 -0.146726
0.0250674 0.738335 -0.200533
-0.17961 0.56093 -0.141834
-0.192528 0.698074 -0.229883
-0.180072 0.565829 -0.141834
-0.115099 0.868435 -0.176075
0.0121498 0.875479 -0.156509
-0.181917 0.58542 -0.141834
-0.183301 0.600114 -0.141834
-0.183762 0.605012 -0.141834
-0.0370761 0.875784 -0.132051
-0.184685 0.614808 -0.141834
-0.185146 0.619706 -0.141834
-0.197999 0.860627 -0.229883
-0.186069 0.629502 -0.141834
-0.18653 0.6344 -0.141834
-0.202876 0.860167 -0.166292
-0.186992 0.639298 -0.141834
-0.187453 0.644196 -0.141834
0.0167633 0.826499 -0.156509
-0.187914 0.649094 -0.141834
-0.184224 0.60991 -0.141834
-0.188376 0.653992 -0.141834
-0.18284 0.595216 -0.141834
-0.189298 0.663788 -0.141834
-0.18976 0.668686 -0.141834
0.0356783 0.625682 -0.200533
-0.190221 0.673584 -0.141834
-0.191144 0.68338 -0.141834
-0.191605 0.688278 -0.141834
-0.192066 0.693176 -0.141834
0.0181473 0.811805 -0.215208
-0.180533 0.570726 -0.229883
-0.192528 0.698074 -0.141834
0.0176859 0.816703 -0.176075
-0.180072 0.565829 -0.205425
-0.19345 0.70787 -0.141834
-0.194373 0.717666 -0.141834
-0.195757 0.73236 -0.141834
-0.196219 0.737258 -0.141834
-0.19668 0.742156 -0.141834
-0.197141 0.747054 -0.141834
-0.197603 0.751952 -0.141834
-0.198064 0.75685 -0.141834
-0.198525 0.761748 -0.141834
-0.198987 0.766646 -0.141834
-0.199448 0.771544 -0.141834
-0.199909 0.776442 -0.141834
-0.200371 0.78134 -0.141834
-0.201293 0.791136 -0.141834
0.021838 0.772621 -0.141834
0.0252011 0.580222 -0.141834
-0.202216 0.800932 -0.141834
-0.202677 0.80583 -0.141834
-0.203139 0.810728 -0.141834
-0.191144 0.68338 -0.151618
-0.2036 0.815626 -0.141834
-0.204061 0.820524 -0.141834
-0.204523 0.825422 -0.141834
-0.205445 0.835218 -0.141834
-0.205907 0.840116 -0.141834
0.0264515 0.723641 -0.151618
-0.206829 0.849912 -0.141834
-0.207752 0.859708 -0.141834
-0.180533 0.570726 -0.136943
-0.180994 0.575624 -0.136943
0.0116885 0.880377 -0.161401
-0.0967104 0.568739 -0.195642
-0.181456 0.580522 -0.136943
-0.0370761 0.875784 -0.200533
-0.193123 0.861086 -0.136943
-0.182378 0.590318 -0.136943
-0.183301 0.600114 -0.136943
-0.183762 0.605012 -0.136943
-0.184685 0.614808 -0.136943
-0.158988 0.864301 -0.224991
-0.186069 0.629502 -0.136943
-0.202876 0.860167 -0.171184
-0.186992 0.639298 -0.136943
-0.187453 0.644196 -0.136943
-0.184224 0.60991 -0.136943
-0.188376 0.653992 -0.136943
-0.188837 0.65889 -0.136943
-0.18284 0.595216 -0.136943
-0.189298 0.663788 -0.136943
-0.190682 0.678482 -0.136943
-0.191605 0.688278 -0.136943
-0.192066 0.693176 -0.136943
-0.169857 0.561849 -0.200533
-0.192989 0.702972 -0.136943
-0.193912 0.712768 -0.136943
0.020454 0.787315 -0.200533
-0.194373 0.717666 -0.136943
-0.139482 0.866138 -0.185859
-0.195296 0.727462 -0.136943
-0.196219 0.737258 -0.136943
0.0282968 0.704049 -0.19075
-0.19668 0.742156 -0.136943
-0.198064 0.75685 -0.136943
-0.198525 0.761748 -0.136943
0.0384464 0.596294 -0.210317
-0.198987 0.766646 -0.136943
-0.200371 0.78134 -0.136943
0.0398304 0.5816 -0.210317
-0.201293 0.791136 -0.136943
-0.201755 0.796034 -0.136943
-0.202677 0.80583 -0.136943
-0.203139 0.810728 -0.136943
-0.2036 0.815626 -0.136943
-0.204523 0.825422 -0.136943
-0.204984 0.83032 -0.136943
-0.205445 0.835218 -0.136943
-0.205907 0.840116 -0.136943
-0.0565819 0.873947 -0.166292
-0.206829 0.849912 -0.136943
0.0300775 0.580681 -0.195642
-0.207291 0.85481 -0.136943
-0.207752 0.859708 -0.136943
0.0250674 0.738335 -0.185859
-0.17961 0.56093 -0.132051
-0.192528 0.698074 -0.224991
-0.180072 0.565829 -0.132051
-0.193912 0.712768 -0.195642
-0.180533 0.570726 -0.132051
-0.180994 0.575624 -0.132051
0.0116885 0.880377 -0.166292
-0.181456 0.580522 -0.132051
-0.124852 0.867516 -0.210317
0.0121498 0.875479 -0.166292
-0.181917 0.58542 -0.132051
-0.193123 0.861086 -0.132051
-0.182378 0.590318 -0.132051
-0.183301 0.600114 -0.132051
-0.125969 0.565983 -0.161401
-0.183762 0.605012 -0.132051
-0.185146 0.619706 -0.132051
-0.197999 0.860627 -0.2201
-0.186069 0.629502 -0.132051
-0.202876 0.860167 -0.176075
-0.186992 0.639298 -0.132051
-0.184224 0.60991 -0.132051
-0.188376 0.653992 -0.132051
-0.188837 0.65889 -0.132051
-0.18284 0.595216 -0.132051
-0.189298 0.663788 -0.132051
0.0356783 0.625682 -0.205425
-0.190221 0.673584 -0.132051
-0.190682 0.678482 -0.132051
-0.191605 0.688278 -0.132051
-0.192528 0.698074 -0.132051
-0.169857 0.561849 -0.205425
-0.192989 0.702972 -0.132051
-0.194835 0.722564 -0.132051
-0.139482 0.866138 -0.171184
-0.195296 0.727462 -0.132051
-0.0126938 0.878081 -0.176075
-0.196219 0.737258 -0.132051
-0.197141 0.747054 -0.132051
0.0287582 0.699151 -0.146726
-0.198525 0.761748 -0.132051
0.0384464 0.596294 -0.19075
-0.198987 0.766646 -0.132051
-0.199909 0.776442 -0.132051
-0.200371 0.78134 -0.132051
-0.200832 0.786238 -0.132051
-0.201293 0.791136 -0.132051
-0.201755 0.796034 -0.132051
-0.202677 0.80583 -0.132051
-0.2036 0.815626 -0.132051
-0.204523 0.825422 -0.132051
-0.204984 0.83032 -0.132051
-0.205907 0.840116 -0.132051
-0.206368 0.845014 -0.132051
-0.207291 0.85481 -0.132051
0.0398304 0.5816 -0.234774
0.0393691 0.586498 -0.234774
0.0389077 0.591396 -0.234774
0.0379851 0.601192 -0.234774
-0.199909 0.776442 -0.166292
0.0375237 0.60609 -0.234774
0.0361397 0.620784 -0.234774
0.0356783 0.625682 -0.234774
-0.188837 0.65889 -0.166292
0.035217 0.63058 -0.234774
0.000818765 0.577925 -0.136943
0.0347557 0.635478 -0.234774
0.033833 0.645274 -0.234774
-0.194835 0.722564 -0.136943
0.0333716 0.650172 -0.234774
0.0324489 0.659968 -0.234774
-0.178493 0.862464 -0.151618
0.0315263 0.669764 -0.234774
-0.199909 0.776442 -0.136943
0.0310649 0.674662 -0.234774
0.0393691 0.586498 -0.156509
0.0301422 0.684457 -0.234774
0.0296809 0.689355 -0.234774
0.0292195 0.694253 -0.234774
-0.198525 0.761748 -0.200533
0.0278355 0.708947 -0.234774
0.0273742 0.713845 -0.234774
-0.206829 0.849912 -0.224991
0.0264515 0.723641 -0.234774
0.0250674 0.738335 -0.234774
0.0241448 0.748131 -0.234774
0.0105717 0.578844 -0.19075
-0.160104 0.562768 -0.171184
0.0236834 0.753029 -0.234774
0.0158406 0.836295 -0.234774
0.0375237 0.60609 -0.166292
0.0153792 0.841193 -0.234774
0.0144565 0.850989 -0.234774
0.0135339 0.860785 -0.234774
-0.135722 0.565064 -0.132051
0.0126112 0.870581 -0.234774
0.034954 0.58114 -0.234774
0.0344926 0.586038 -0.234774
-0.0772046 0.570576 -0.180967
0.0335699 0.595834 -0.234774
0.0331086 0.600732 -0.234774
0.0326473 0.60563 -0.234774
-0.130846 0.565524 -0.151618
0.0308019 0.625222 -0.234774
0.0199927 0.792213 -0.171184
0.0303405 0.63012 -0.234774
0.020454 0.787315 -0.205425
-0.194373 0.717666 -0.132051
0.0298792 0.635018 -0.234774
-0.0321996 0.876243 -0.161401
0.0294179 0.639916 -0.234774
-0.0235635 0.575629 -0.224991
-0.101587 0.56828 -0.19075
0.0289565 0.644814 -0.234774
0.0284952 0.649712 -0.234774
0.0280338 0.65461 -0.234774
-0.0273232 0.876703 -0.132051
0.0275725 0.659508 -0.234774
-0.110223 0.868894 -0.224991
-0.00781735 0.87854 -0.156509
0.0271111 0.664406 -0.234774
0.0266498 0.669304 -0.234774
0.0252658 0.683998 -0.234774
0.0243431 0.693794 -0.234774
-0.2036 0.815626 -0.2201
0.022959 0.708488 -0.234774
0.0224977 0.713386 -0.234774
0.0220364 0.718284 -0.234774
0.021575 0.723182 -0.234774
0.0211137 0.72808 -0.234774
-0.19668 0.742156 -0.215208
-0.198525 0.761748 -0.210317
0.0206523 0.732978 -0.234774
-0.202876 0.860167 -0.136943
-0.186992 0.639298 -0.195642
0.020191 0.737876 -0.234774
-0.187453 0.644196 -0.210317
0.0197296 0.742774 -0.234774
0.0192683 0.747672 -0.234774
0.018807 0.75257 -0.234774
0.0174229 0.767264 -0.234774
0.0165002 0.77706 -0.234774
-0.197141 0.747054 -0.229883
0.0151162 0.791754 -0.234774
-0.154111 0.86476 -0.229883
0.0114255 0.830938 -0.234774
0.0105028 0.840734 -0.234774
0.00958009 0.85053 -0.234774
0.00911875 0.855428 -0.234774
0.0209154 0.782417 -0.224991
0.00727337 0.87502 -0.234774
0.0300775 0.580681 -0.234774
0.0291548 0.590477 -0.234774
0.0286935 0.595375 -0.234774
0.0277708 0.605171 -0.234774
0.0273095 0.610069 -0.234774
0.0268481 0.614967 -0.234774
0.0263868 0.619865 -0.234774
0.0259254 0.624763 -0.234774
0.0254641 0.629661 -0.234774
0.0250027 0.634559 -0.234774
0.0245414 0.639457 -0.234774
0.0240801 0.644355 -0.234774
0.0236187 0.649253 -0.234774
-0.150351 0.563686 -0.185859
0.0231574 0.654151 -0.234774
-0.121093 0.566442 -0.200533
0.022696 0.659049 -0.234774
-0.0381929 0.574251 -0.185859
0.0194666 0.693335 -0.234774
0.0190053 0.698233 -0.234774
0.0185439 0.703131 -0.234774
0.0180826 0.708029 -0.234774
0.0176212 0.712927 -0.234774
-0.0419526 0.875325 -0.171184
0.0166986 0.722723 -0.234774
-0.11134 0.567361 -0.161401
0.0162372 0.727621 -0.234774
0.0153145 0.737417 -0.234774
0.0148532 0.742315 -0.234774
0.0143918 0.747213 -0.234774
0.0139305 0.752111 -0.234774
0.0120851 0.771703 -0.234774
0.0116238 0.776601 -0.234774
0.0107011 0.786397 -0.234774
0.00931706 0.801091 -0.234774
0.00885572 0.805989 -0.234774
0.006549 0.830479 -0.234774
0.00378094 0.859867 -0.234774
0.0033196 0.864765 -0.234774
0.00285826 0.869663 -0.234774
0.0319876 0.664865 -0.224991
0.00239691 0.874561 -0.234774
0.0315263 0.669764 -0.2201
0.00193557 0.879459 -0.234774
0.021838 0.772621 -0.234774
0.0252011 0.580222 -0.234774
-0.178493 0.862464 -0.141834
-0.174734 0.56139 -0.215208
-0.195757 0.73236 -0.136943
0.0247397 0.58512 -0.234774
0.01907 0.802009 -0.234774
0.0228943 0.604712 -0.234774
0.0195313 0.797111 -0.234774
0.022433 0.60961 -0.234774
-0.18337 0.862005 -0.210317
0.0219717 0.614508 -0.234774
-0.187914 0.649094 -0.2201
0.0167633 0.826499 -0.234774
0.0201263 0.6341 -0.234774
0.0196649 0.638998 -0.234774
0.0278355 0.708947 -0.2201
0.0187423 0.648794 -0.234774
0.0139952 0.855887 -0.234774
0.0173582 0.663488 -0.234774
0.0168969 0.668386 -0.234774
0.0149179 0.846091 -0.234774
0.0164355 0.673284 -0.234774
0.0121498 0.875479 -0.234774
0.0150515 0.687978 -0.234774
-0.0712113 0.872569 -0.210317
0.0145902 0.692876 -0.234774
0.0259901 0.728539 -0.210317
0.0141288 0.697774 -0.234774
0.0136675 0.702672 -0.234774
0.0113608 0.727161 -0.234774
0.0108994 0.732059 -0.234774
0.0104381 0.736957 -0.234774
0.00997673 0.741855 -0.234774
0.00905404 0.751651 -0.234774
0.0085927 0.756549 -0.234774
0.00674732 0.776141 -0.234774
-0.188837 0.65889 -0.205425
0.00628598 0.781039 -0.234774
-0.190682 0.678482 -0.176075
0.00582464 0.785937 -0.234774
0.0118221 0.722263 -0.234774
0.00305658 0.815325 -0.234774
0.0310649 0.674662 -0.210317
0.00213389 0.825121 -0.234774
-0.199909 0.776442 -0.19075
0.00167255 0.830019 -0.234774
0.0012112 0.834917 -0.234774
0.000749859 0.839815 -0.234774
0.0347557 0.635478 -0.132051
-0.000172827 0.849611 -0.234774
-0.00155686 0.864305 -0.234774
-0.082081 0.570117 -0.171184
0.0198633 0.58466 -0.234774
0.0175565 0.60915 -0.234774
0.0166339 0.618946 -0.234774
0.0123481 0.821142 -0.234774
0.0152498 0.63364 -0.234774
0.0147885 0.638538 -0.234774
0.0143271 0.643436 -0.234774
0.0124818 0.663028 -0.234774
0.0086574 0.860326 -0.234774
0.0115591 0.672824 -0.234774
0.00773472 0.870122 -0.234774
0.010175 0.687518 -0.234774
0.00925236 0.697314 -0.234774
0.0176859 0.816703 -0.195642
-0.180072 0.565829 -0.215208
0.00832967 0.70711 -0.234774
0.00786833 0.712008 -0.234774
0.0186086 0.806907 -0.185859
0.00740698 0.716906 -0.234774
0.00602295 0.7316 -0.234774
0.00463892 0.746294 -0.234774
0.00325489 0.760988 -0.234774
0.00279355 0.765886 -0.234774
0.0213767 0.777519 -0.205425
0.00140952 0.78058 -0.234774
-0.0625752 0.571954 -0.180967
-0.00135854 0.809968 -0.234774
-0.00504929 0.849152 -0.234774
-0.007356 0.873642 -0.234774
0.0125465 0.766805 -0.234774
0.0154481 0.579303 -0.234774
0.00977841 0.796193 -0.234774
0.0136028 0.598895 -0.234774
0.0117574 0.618487 -0.234774
-0.00893415 0.577007 -0.215208
0.00839438 0.810887 -0.234774
0.0108347 0.628283 -0.234774
-0.158988 0.864301 -0.176075
-0.186069 0.629502 -0.185859
0.0103734 0.633181 -0.234774
-0.187914 0.649094 -0.215208
0.00747169 0.820683 -0.234774
0.00991202 0.638079 -0.234774
0.00945068 0.642977 -0.234774
0.00470363 0.850071 -0.234774
0.00852799 0.652773 -0.234774
0.00516497 0.845173 -0.234774
0.00806665 0.657671 -0.234774
0.0076053 0.662569 -0.234774
0.00714396 0.667467 -0.234774
0.00668262 0.672365 -0.234774
0.00622127 0.677263 -0.234774
0.00575993 0.682161 -0.234774
0.00529859 0.687059 -0.234774
0.00483724 0.691957 -0.234774
-0.00781735 0.87854 -0.176075
0.0043759 0.696855 -0.234774
0.00391456 0.701753 -0.234774
0.00345321 0.706651 -0.234774
0.0234204 0.70359 -0.234774
0.00299187 0.711549 -0.234774
0.00160784 0.726243 -0.234774
0.0011465 0.731141 -0.234774
-0.183301 0.600114 -0.210317
-0.000698877 0.750733 -0.234774
-0.204061 0.820524 -0.166292
-0.00116022 0.755631 -0.234774
-0.00162156 0.760529 -0.234774
-0.00300559 0.775223 -0.234774
-0.181456 0.580522 -0.156509
-0.00392828 0.785019 -0.234774
-0.0381929 0.574251 -0.141834
-0.00485097 0.794815 -0.234774
-0.006235 0.809509 -0.234774
-0.00669634 0.814407 -0.234774
-0.00715768 0.819305 -0.234774
-0.00900306 0.838897 -0.234774
0.0361397 0.620784 -0.171184
-0.0094644 0.843795 -0.234774
-0.149235 0.86522 -0.185859
-0.00992574 0.848693 -0.234774
-0.0103871 0.853591 -0.234774
-0.0117711 0.868285 -0.234774
-0.0122325 0.873183 -0.234774
-0.130846 0.565524 -0.229883
-0.0126938 0.878081 -0.234774
0.0282321 0.600273 -0.234774
0.00813135 0.761447 -0.234774
0.0105717 0.578844 -0.234774
-0.124852 0.867516 -0.166292
0.0101103 0.583742 -0.234774
0.00964899 0.58864 -0.234774
0.00918765 0.593538 -0.234774
-0.193123 0.861086 -0.185859
-0.182378 0.590318 -0.185859
0.00536329 0.790835 -0.234774
0.00826496 0.603334 -0.234774
0.00780362 0.608232 -0.234774
-0.0869575 0.569657 -0.185859
0.00397926 0.805529 -0.234774
0.00734228 0.61313 -0.234774
-0.202216 0.800932 -0.200533
0.0054969 0.632722 -0.234774
0.00503556 0.63762 -0.234774
0.00457422 0.642518 -0.234774
0.000288516 0.844713 -0.234774
0.00365153 0.652314 -0.234774
0.033833 0.645274 -0.132051
-0.00109551 0.859407 -0.234774
0.00272884 0.66211 -0.234774
-0.000634171 0.854509 -0.234774
-0.00208291 0.765427 -0.234774
0.0022675 0.667008 -0.234774
0.00180616 0.671906 -0.234774
0.00134482 0.676804 -0.234774
0.035217 0.63058 -0.185859
0.000883472 0.681702 -0.234774
0.000422128 0.6866 -0.234774
0.0361397 0.620784 -0.210317
-0.000500558 0.696396 -0.234774
-0.00234593 0.715988 -0.234774
-0.00326862 0.725784 -0.234774
-0.00372996 0.730682 -0.234774
-0.00419131 0.735579 -0.234774
-0.00557534 0.750273 -0.234774
-0.205445 0.835218 -0.171184
-0.00880474 0.784559 -0.234774
-0.129729 0.867057 -0.141834
-0.0101888 0.799253 -0.234774
0.034954 0.58114 -0.136943
-0.0111115 0.809049 -0.234774
-0.0115728 0.813947 -0.234774
-0.0120341 0.818845 -0.234774
-0.0625752 0.571954 -0.176075
-0.0143409 0.843335 -0.234774
-0.0157249 0.858029 -0.234774
-0.0175703 0.877621 -0.234774
0.00569522 0.578384 -0.234774
0.00477254 0.58818 -0.234774
-0.0517055 0.874406 -0.2201
0.00431119 0.593078 -0.234774
0.00384985 0.597976 -0.234774
0.00681203 0.879918 -0.132051
0.00338851 0.602874 -0.234774
-0.000897195 0.80507 -0.234774
0.00292716 0.607772 -0.234774
-0.000435852 0.800172 -0.234774
0.00246582 0.61267 -0.234774
-0.200832 0.786238 -0.136943
0.00154313 0.622466 -0.234774
-0.00366526 0.834458 -0.234774
0.000620447 0.632262 -0.234774
-0.00320391 0.82956 -0.234774
0.000159103 0.63716 -0.234774
-0.00458794 0.844254 -0.234774
-0.000763583 0.646956 -0.234774
-0.0041266 0.839356 -0.234774
-0.00122493 0.651854 -0.234774
-0.00214761 0.66165 -0.234774
-0.00551063 0.85405 -0.234774
-0.00260896 0.666548 -0.234774
-0.0030703 0.671446 -0.234774
-0.00399299 0.681242 -0.234774
-0.0273232 0.876703 -0.171184
-0.00445433 0.68614 -0.234774
-0.00781735 0.87854 -0.234774
-0.00491567 0.691038 -0.234774
-0.11134 0.567361 -0.224991
-0.00537702 0.695936 -0.234774
-0.00583836 0.700834 -0.234774
-0.180994 0.575624 -0.205425
-0.00722239 0.715528 -0.234774
0.0273742 0.713845 -0.195642
-0.00768373 0.720426 -0.234774
-0.00906776 0.73512 -0.234774
-0.173617 0.862923 -0.200533
-0.205907 0.840116 -0.19075
-0.00952911 0.740018 -0.234774
0.0137322 0.806448 -0.234774
0.0170952 0.614048 -0.234774
-0.0109131 0.754712 -0.234774
-0.0113745 0.75961 -0.234774
-0.130846 0.565524 -0.141834
-0.0118358 0.764508 -0.234774
-0.0150652 0.798794 -0.234774
0.00259523 0.820223 -0.234774
-0.0178333 0.828182 -0.234774
0.0292195 0.694253 -0.19075
-0.0192173 0.842876 -0.234774
-0.02014 0.852672 -0.234774
-0.0210627 0.862468 -0.234774
-0.021524 0.867366 -0.234774
0.000818765 0.577925 -0.234774
0.0236834 0.753029 -0.205425
-0.160104 0.562768 -0.215208
0.000357422 0.582823 -0.234774
-0.187453 0.644196 -0.215208
-0.00102661 0.597517 -0.234774
-0.00438962 0.789917 -0.234774
-0.0019493 0.607313 -0.234774
-0.00531231 0.799713 -0.234774
-0.00241064 0.612211 -0.234774
-0.00287198 0.617109 -0.234774
-0.00333333 0.622007 -0.234774
-0.00379467 0.626905 -0.234774
-0.186069 0.629502 -0.2201
-0.00808037 0.829101 -0.234774
-0.00425601 0.631803 -0.234774
-0.00761903 0.824203 -0.234774
-0.00471736 0.636701 -0.234774
0.0300775 0.580681 -0.166292
-0.186992 0.639298 -0.224991
-0.207291 0.85481 -0.166292
-0.0051787 0.641599 -0.234774
-0.00854171 0.833999 -0.234774
-0.00564004 0.646497 -0.234774
-0.00656273 0.656293 -0.234774
-0.00702407 0.661191 -0.234774
-0.00781735 0.87854 -0.185859
-0.0108484 0.858489 -0.234774
-0.00794676 0.670987 -0.234774
-0.0113098 0.863387 -0.234774
-0.0084081 0.675885 -0.234774
-0.00886944 0.680783 -0.234774
-0.00933079 0.685681 -0.234774
-0.0102535 0.695477 -0.234774
-0.144358 0.865679 -0.171184
0.0199927 0.792213 -0.161401
-0.195296 0.727462 -0.19075
-0.0107148 0.700375 -0.234774
0.020454 0.787315 -0.161401
-0.0111762 0.705273 -0.234774
-0.0120988 0.715069 -0.234774
-0.0125602 0.719967 -0.234774
-0.0134829 0.729763 -0.234774
-0.0674516 0.571495 -0.151618
-0.0139442 0.734661 -0.234774
-0.0144056 0.739559 -0.234774
-0.0148669 0.744457 -0.234774
-0.0162509 0.759151 -0.234774
-0.0167123 0.764049 -0.234774
-0.0171736 0.768947 -0.234774
-0.0199417 0.798335 -0.234774
-0.020403 0.803233 -0.234774
-0.184685 0.614808 -0.161401
-0.0217871 0.817927 -0.234774
-0.0227097 0.827723 -0.234774
-0.129729 0.867057 -0.2201
-0.0236324 0.837519 -0.234774
-0.188246 0.861545 -0.19075
-0.180072 0.565829 -0.224991
-0.00788205 0.774763 -0.234774
-0.00405769 0.577466 -0.234774
-0.00742071 0.769865 -0.234774
-0.00451904 0.582364 -0.234774
0.0264515 0.723641 -0.141834
-0.00498038 0.587262 -0.234774
-0.00972742 0.794355 -0.234774
-0.00544172 0.59216 -0.234774
-0.00926608 0.789457 -0.234774
-0.00590307 0.597058 -0.234774
-0.00636441 0.601956 -0.234774
-0.0072871 0.611752 -0.234774
-0.2036 0.815626 -0.180967
-0.00820978 0.621548 -0.234774
-0.0124955 0.823743 -0.234774
-0.00913247 0.631344 -0.234774
-0.0100552 0.64114 -0.234774
0.0379851 0.601192 -0.185859
-0.0138795 0.838437 -0.234774
-0.0109778 0.650936 -0.234774
0.00200448 0.617568 -0.234774
-0.0114392 0.655834 -0.234774
-0.0119005 0.660732 -0.234774
-0.0123619 0.66563 -0.234774
-0.0171089 0.872723 -0.234774
-0.0128232 0.670528 -0.234774
-0.188246 0.861545 -0.224991
-0.19345 0.70787 -0.161401
-0.0132846 0.675426 -0.234774
-0.0146686 0.69012 -0.234774
-0.0160526 0.704814 -0.234774
-0.016514 0.709712 -0.234774
-0.0169753 0.71461 -0.234774
-0.0174366 0.719508 -0.234774
-0.0188207 0.734202 -0.234774
-0.0918339 0.569198 -0.136943
-0.019282 0.7391 -0.234774
0.0333716 0.650172 -0.161401
-0.0197434 0.743998 -0.234774
-0.0202047 0.748896 -0.234774
-0.0206661 0.753794 -0.234774
-0.0211274 0.758692 -0.234774
-0.2036 0.815626 -0.224991
-0.0215887 0.76359 -0.234774
-0.0220501 0.768488 -0.234774
0.00253053 0.716447 -0.234774
-0.0225114 0.773386 -0.234774
0.00206918 0.721345 -0.234774
-0.0229728 0.778283 -0.234774
-0.0234341 0.783181 -0.234774
0.0361397 0.620784 -0.19075
-0.0248181 0.797875 -0.234774
-0.0262022 0.812569 -0.234774
-0.0271249 0.822365 -0.234774
-0.0280475 0.832161 -0.234774
0.0160389 0.781958 -0.234774
0.0189406 0.594456 -0.234774
-0.0285089 0.837059 -0.234774
-0.0289702 0.841957 -0.234774
0.0319876 0.664865 -0.205425
-0.0294316 0.846855 -0.234774
-0.178493 0.862464 -0.215208
-0.0298929 0.851753 -0.234774
0.0130725 0.865683 -0.151618
-0.0308156 0.861549 -0.234774
0.0333716 0.650172 -0.200533
-0.00333333 0.622007 -0.12716
-0.00379467 0.626905 -0.12716
-0.118855 0.803842 -0.234774
-0.00471736 0.636701 -0.12716
-0.00761903 0.824203 -0.12716
0.0384464 0.596294 -0.146726
-0.0422803 0.722109 -0.234774
-0.0102535 0.695477 -0.12716
0.0259901 0.728539 -0.166292
-0.201953 0.850371 -0.12716
-0.0107148 0.700375 -0.12716
-0.0585567 0.685986 -0.234774
-0.191605 0.688278 -0.161401
-0.0764802 0.615117 -0.12716
0.036601 0.615886 -0.12716
-0.173156 0.858025 -0.234774
-0.0120988 0.715069 -0.12716
0.0241448 0.748131 -0.2201
-0.165576 0.72532 -0.12716
-0.0130215 0.724865 -0.12716
-0.0139442 0.734661 -0.12716
0.00246582 0.61267 -0.12716
-0.000435852 0.800172 -0.12716
-0.0162509 0.759151 -0.12716
0.00569522 0.578384 -0.185859
-0.0167123 0.764049 -0.12716
-0.0618508 0.616495 -0.12716
-0.185608 0.624604 -0.141834
-0.019019 0.788539 -0.12716
-0.0350971 0.698078 -0.12716
-0.15365 0.859863 -0.234774
-0.0227097 0.827723 -0.12716
-0.125969 0.565983 -0.136943
-0.17388 0.813484 -0.12716
-0.0236324 0.837519 -0.12716
0.0134044 0.653232 -0.12716
0.0135339 0.860785 -0.151618
-0.0250165 0.852213 -0.12716
-0.179282 0.714146 -0.12716
-0.121093 0.566442 -0.136943
-0.00544172 0.59216 -0.12716
-0.00972742 0.794355 -0.12716
-0.00682575 0.606854 -0.12716
-0.00834339 0.779661 -0.12716
-0.180533 0.570726 -0.146726
-0.177174 0.743993 -0.234774
-0.0072871 0.611752 -0.12716
0.0222994 0.767723 -0.141834
-0.069034 0.640526 -0.12716
-0.00820978 0.621548 -0.12716
0.0287582 0.699151 -0.132051
-0.128276 0.590473 -0.234774
-0.00913247 0.631344 -0.12716
-0.0124955 0.823743 -0.12716
-0.0114392 0.655834 -0.12716
0.0126112 0.870581 -0.132051
-0.0119005 0.660732 -0.12716
-0.0123619 0.66563 -0.12716
-0.0155913 0.699916 -0.12716
-0.016514 0.709712 -0.12716
-0.0866297 0.722873 -0.234774
-0.0188207 0.734202 -0.12716
-0.190682 0.678482 -0.156509
-0.122412 0.684913 -0.234774
0.0370624 0.610988 -0.210317
-0.0808953 0.60976 -0.234774
-0.083797 0.797262 -0.234774
-0.019282 0.7391 -0.12716
0.0324489 0.659968 -0.166292
-0.164981 0.562308 -0.224991
-0.195757 0.73236 -0.210317
-0.0084081 0.675885 -0.12716
-0.0113098 0.863387 -0.12716
-0.0206661 0.753794 -0.12716
-0.142974 0.850985 -0.12716
-0.0215887 0.76359 -0.12716
-0.113185 0.586953 -0.12716
-0.13658 0.678637 -0.234774
0.0105717 0.578844 -0.195642
-0.00241064 0.612211 -0.12716
-0.00531231 0.799713 -0.12716
-0.0294316 0.846855 -0.12716
-0.152593 0.691953 -0.12716
0.0329103 0.65507 -0.151618
-0.00893415 0.577007 -0.12716
-0.043992 0.583587 -0.12716
-0.183762 0.605012 -0.180967
-0.0121636 0.611292 -0.12716
-0.0164493 0.813488 -0.12716
-0.105347 0.869354 -0.132051
-0.101587 0.56828 -0.210317
-0.176911 0.793433 -0.234774
-0.137106 0.579758 -0.234774
-0.140008 0.76726 -0.234774
-0.0453114 0.702058 -0.12716
-0.0126249 0.61619 -0.12716
-0.0159879 0.80859 -0.12716
-0.136645 0.57486 -0.234774
-0.131178 0.777975 -0.234774
-0.0142072 0.685222 -0.12716
0.00793303 0.815785 -0.234774
-0.0937482 0.85068 -0.12716
-0.0135476 0.625986 -0.12716
-0.204984 0.83032 -0.12716
-0.110814 0.666239 -0.12716
-0.0144703 0.635782 -0.12716
-0.0149316 0.64068 -0.12716
-0.018756 0.837978 -0.12716
-0.0158543 0.650476 -0.12716
-0.123136 0.640371 -0.12716
-0.126499 0.832771 -0.12716
-0.192066 0.693176 -0.176075
-0.0186224 0.679864 -0.12716
-0.198987 0.766646 -0.146726
-0.14172 0.628738 -0.234774
-0.151804 0.840271 -0.234774
-0.0190837 0.684762 -0.12716
0.0105717 0.578844 -0.146726
-0.019545 0.68966 -0.12716
-0.000103922 0.587721 -0.12716
0.021838 0.772621 -0.166292
0.0252011 0.580222 -0.166292
-0.202216 0.800932 -0.215208
0.0054969 0.632722 -0.12716
0.0254641 0.629661 -0.12716
-0.0982927 0.63777 -0.234774
-0.102117 0.835068 -0.234774
-0.0494635 0.74614 -0.12716
0.0130725 0.865683 -0.205425
-0.0155913 0.699916 -0.234774
-0.0227745 0.723946 -0.12716
0.0154481 0.579303 -0.132051
-0.0260039 0.758232 -0.12716
0.020454 0.787315 -0.210317
-0.146005 0.830934 -0.12716
-0.0269265 0.768028 -0.12716
0.0139952 0.855887 -0.166292
-0.0296946 0.797416 -0.12716
-0.113319 0.745067 -0.12716
-0.0289702 0.841957 -0.12716
0.034954 0.58114 -0.151618
-0.0320013 0.821906 -0.12716
-0.0324627 0.826804 -0.12716
0.0166339 0.618946 -0.12716
-0.158854 0.706187 -0.234774
-0.16874 0.863383 -0.210317
0.035217 0.63058 -0.132051
-0.190682 0.678482 -0.210317
-0.0356921 0.86109 -0.12716
-0.185146 0.619706 -0.151618
-0.0366147 0.870886 -0.12716
-0.0138106 0.576547 -0.12716
-0.178623 0.654911 -0.234774
0.0296809 0.689355 -0.161401
-0.0664643 0.665475 -0.234774
0.0184792 0.599354 -0.234774
-0.131902 0.733433 -0.234774
-0.0165787 0.605935 -0.12716
-0.0175014 0.615731 -0.12716
-0.0179627 0.620629 -0.12716
-0.0325274 0.723028 -0.12716
-0.0198081 0.640221 -0.12716
-0.0219854 0.872264 -0.12716
-0.0020182 0.869203 -0.234774
-0.188048 0.807208 -0.234774
-0.189035 0.713228 -0.12716
-0.186466 0.738177 -0.12716
-0.11378 0.749965 -0.12716
-0.018424 0.625527 -0.12716
-0.0907171 0.870732 -0.161401
-0.181917 0.58542 -0.19075
-0.115099 0.868435 -0.12716
-0.112198 0.680933 -0.12716
-0.0520332 0.72119 -0.234774
-0.0838617 0.693485 -0.12716
-0.191144 0.68338 -0.205425
-0.0221148 0.664711 -0.12716
-0.170452 0.724861 -0.234774
-0.146596 0.628279 -0.234774
-0.149959 0.820679 -0.234774
-0.057108 0.775068 -0.12716
-0.0542063 0.587567 -0.12716
-0.0264005 0.866907 -0.12716
-0.0239602 0.684303 -0.12716
0.0163019 0.831397 -0.151618
-0.0244215 0.689201 -0.12716
-0.0321996 0.876243 -0.151618
-0.154241 0.657208 -0.234774
-0.157142 0.844709 -0.234774
0.0278355 0.708947 -0.229883
0.0370624 0.610988 -0.151618
-0.0262669 0.708793 -0.12716
-0.152067 0.790831 -0.12716
-0.0290349 0.738181 -0.12716
-0.0294963 0.743079 -0.12716
-0.174734 0.56139 -0.224991
-0.195296 0.727462 -0.151618
-0.0122972 0.769406 -0.234774
-0.141456 0.678177 -0.12716
-0.144358 0.865679 -0.12716
-0.0299576 0.747977 -0.12716
-0.0308803 0.757773 -0.12716
-0.0313417 0.762671 -0.12716
-0.0354937 0.806753 -0.12716
-0.0364164 0.816549 -0.12716
0.0329103 0.65507 -0.176075
-0.00893415 0.577007 -0.151618
-0.00886944 0.680783 -0.12716
-0.170849 0.833535 -0.12716
-0.167947 0.646034 -0.12716
-0.199448 0.771544 -0.171184
-0.0302207 0.698538 -0.234774
-0.0414912 0.870427 -0.12716
-0.0670592 0.828487 -0.234774
-0.0196098 0.585884 -0.12716
-0.0200711 0.590782 -0.12716
-0.0949986 0.707261 -0.12716
-0.0238955 0.78808 -0.12716
-0.0209938 0.600578 -0.12716
-0.121093 0.566442 -0.156509
-0.0228392 0.62017 -0.12716
-0.133088 0.69379 -0.234774
-0.0342391 0.584506 -0.234774
-0.0260039 0.758232 -0.234774
-0.0237618 0.629966 -0.12716
-0.0723281 0.571035 -0.132051
-0.00748541 0.666089 -0.12716
-0.0251459 0.64466 -0.12716
0.0102398 0.791295 -0.234774
0.0131414 0.603793 -0.234774
-0.0260686 0.654456 -0.12716
-0.0265299 0.659354 -0.12716
-0.0317383 0.871345 -0.12716
-0.0279139 0.674048 -0.12716
-0.0312769 0.866447 -0.12716
-0.0283753 0.678946 -0.12716
-0.0297593 0.69364 -0.12716
0.0370624 0.610988 -0.224991
-0.19668 0.742156 -0.166292
-0.0935499 0.796343 -0.234774
-0.0316047 0.713232 -0.12716
-0.032066 0.71813 -0.12716
-0.0343727 0.74262 -0.12716
-0.0220501 0.768488 -0.12716
-0.116811 0.729913 -0.234774
-0.0352954 0.752416 -0.12716
-0.0824777 0.678791 -0.234774
0.0124818 0.663028 -0.12716
0.0300775 0.580681 -0.224991
-0.0051787 0.641599 -0.12716
-0.175527 0.778739 -0.12716
-0.172164 0.586339 -0.12716
0.0167633 0.826499 -0.141834
-0.187914 0.649094 -0.132051
-0.00148795 0.602415 -0.12716
0.0222994 0.767723 -0.224991
-0.145475 0.564146 -0.141834
-0.00577365 0.804611 -0.12716
-0.186069 0.629502 -0.215208
-0.111473 0.725475 -0.12716
-0.0399089 0.801396 -0.12716
-0.115824 0.823894 -0.12716
-0.135722 0.565064 -0.161401
-0.183435 0.758228 -0.234774
-0.00102661 0.597517 -0.12716
-0.207752 0.859708 -0.210317
-0.006235 0.809509 -0.12716
-0.0403702 0.806293 -0.12716
-0.00689466 0.868744 -0.234774
-0.00353164 0.676344 -0.234774
-0.0435996 0.840579 -0.12716
-0.0324627 0.826804 -0.234774
-0.0360198 0.707874 -0.12716
-0.00603668 0.755171 -0.234774
-0.0463677 0.869967 -0.12716
-0.0278492 0.777824 -0.12716
-0.0240249 0.580527 -0.12716
-0.0259391 0.862009 -0.12716
-0.144423 0.761903 -0.234774
-0.10429 0.701444 -0.234774
-0.0906482 0.608841 -0.234774
-0.031803 0.767569 -0.12716
-0.149235 0.86522 -0.151618
-0.0287719 0.78762 -0.12716
-0.0254089 0.595221 -0.12716
-0.0927566 0.578994 -0.234774
-0.0267929 0.609914 -0.12716
-0.18337 0.862005 -0.176075
-0.03154 0.817008 -0.12716
-0.0277156 0.619711 -0.12716
0.00351792 0.810427 -0.234774
-0.0913079 0.668077 -0.12716
-0.0920323 0.623535 -0.12716
-0.0310786 0.81211 -0.12716
-0.028177 0.624608 -0.12716
-0.105347 0.869354 -0.2201
-0.0352307 0.856192 -0.12716
-0.029561 0.639302 -0.12716
-0.0354937 0.806753 -0.234774
0.00193557 0.879459 -0.200533
0.0315263 0.669764 -0.156509
-0.034308 0.846396 -0.12716
-0.0304837 0.649098 -0.12716
-0.162411 0.587258 -0.234774
0.033833 0.645274 -0.136943
-0.0327904 0.673588 -0.12716
-0.0820163 0.673893 -0.12716
-0.0186871 0.576088 -0.234774
-0.0370761 0.875784 -0.12716
-0.0341744 0.688282 -0.12716
-0.0392492 0.74216 -0.12716
-0.0406332 0.756854 -0.12716
-0.134273 0.654147 -0.12716
0.0310649 0.674662 -0.2201
-0.0429399 0.781344 -0.12716
-0.155228 0.563227 -0.151618
-0.0809642 0.87165 -0.12716
-0.0789852 0.693945 -0.12716
0.0208506 0.678641 -0.12716
-0.0321996 0.876243 -0.19075
-0.047092 0.825426 -0.12716
-0.0480147 0.835222 -0.12716
-0.0493988 0.849916 -0.12716
-0.0738458 0.743843 -0.234774
-0.029824 0.589863 -0.12716
-0.154111 0.86476 -0.156509
-0.0302854 0.594761 -0.12716
-0.0341097 0.792059 -0.12716
-0.031208 0.604557 -0.12716
-0.150222 0.771239 -0.12716
-0.0899239 0.653383 -0.234774
0.0130725 0.865683 -0.200533
-0.0839264 0.589709 -0.12716
-0.0404996 0.598741 -0.12716
0.033833 0.645274 -0.224991
-0.00155686 0.864305 -0.12716
-0.0348988 0.643741 -0.12716
-0.181589 0.738636 -0.234774
-0.0401072 0.855733 -0.12716
-0.0358215 0.653537 -0.12716
-0.129595 0.708943 -0.12716
-0.125969 0.565983 -0.141834
-0.0337131 0.683384 -0.12716
0.033833 0.645274 -0.210317
-0.0332517 0.678486 -0.12716
0.0342943 0.640376 -0.185859
-0.0478811 0.677108 -0.234774
-0.0503214 0.859712 -0.234774
-0.00247954 0.874101 -0.234774
-0.0362828 0.658435 -0.12716
0.0259901 0.728539 -0.151618
0.0141288 0.697774 -0.12716
0.0361397 0.620784 -0.132051
-0.0385895 0.682925 -0.12716
-0.0419526 0.875325 -0.12716
-0.0390509 0.687823 -0.12716
-0.0413576 0.712313 -0.12716
-0.163467 0.755167 -0.12716
-0.160566 0.567666 -0.12716
-0.167223 0.690575 -0.12716
-0.197999 0.860627 -0.171184
-0.186069 0.629502 -0.180967
-0.09546 0.712159 -0.12716
-0.0482777 0.785783 -0.12716
-0.0533525 0.839661 -0.12716
-0.145475 0.564146 -0.195642
-0.0564483 0.715833 -0.234774
0.0287582 0.699151 -0.12716
-0.0677836 0.783946 -0.12716
-0.0639592 0.586648 -0.12716
-0.108179 0.794965 -0.12716
-0.101656 0.83017 -0.12716
-0.0987541 0.642668 -0.12716
-0.0565819 0.873947 -0.12716
-0.0876171 0.628893 -0.234774
-0.0914415 0.82619 -0.234774
-0.0380635 0.781804 -0.12716
-0.0347005 0.589404 -0.12716
0.0333716 0.650172 -0.146726
-0.0365458 0.608996 -0.12716
-0.0374685 0.618792 -0.12716
-0.0422156 0.825885 -0.12716
-0.0383912 0.628588 -0.12716
-0.0417542 0.820987 -0.12716
-0.0388526 0.633486 -0.12716
-0.198987 0.766646 -0.176075
-0.149761 0.766341 -0.12716
0.0246061 0.743233 -0.210317
-0.0364811 0.712772 -0.12716
-0.0393139 0.638384 -0.12716
-0.00959381 0.636242 -0.12716
-0.110814 0.666239 -0.234774
-0.0406979 0.653078 -0.12716
0.0287582 0.699151 -0.200533
-0.0935499 0.796343 -0.12716
-0.196219 0.737258 -0.205425
-0.0452467 0.805834 -0.12716
-0.042082 0.667772 -0.12716
-0.0171736 0.768947 -0.12716
0.0240801 0.644355 -0.12716
-0.0425433 0.67267 -0.12716
-0.0225761 0.669609 -0.12716
-0.14106 0.569503 -0.234774
-0.0430047 0.677568 -0.12716
0.0296809 0.689355 -0.156509
-0.154042 0.60287 -0.234774
-0.043466 0.682466 -0.12716
-0.0430694 0.573791 -0.195642
-0.15233 0.741392 -0.234774
-0.0439273 0.687364 -0.12716
-0.0378005 0.831243 -0.12716
-0.0474198 0.67221 -0.12716
-0.0443887 0.692262 -0.12716
0.0227607 0.762825 -0.146726
-0.136645 0.57486 -0.12716
-0.0746348 0.595525 -0.234774
-0.0784592 0.792823 -0.234774
-0.0194803 0.793437 -0.12716
-0.0161173 0.601037 -0.12716
-0.206829 0.849912 -0.166292
0.0264515 0.723641 -0.12716
-0.02844 0.575169 -0.200533
-0.0636315 0.739864 -0.234774
-0.0466954 0.716752 -0.12716
0.036601 0.615886 -0.161401
-0.0871558 0.623995 -0.12716
-0.0480794 0.731446 -0.12716
0.0153792 0.841193 -0.166292
-0.168081 0.804147 -0.12716
0.0287582 0.699151 -0.195642
-0.175393 0.620625 -0.234774
-0.110223 0.868894 -0.146726
-0.0944726 0.806139 -0.234774
0.0180179 0.604252 -0.234774
-0.0503861 0.755936 -0.12716
-0.0652785 0.705118 -0.234774
0.0144565 0.850989 -0.136943
-0.154637 0.765882 -0.234774
-0.0536155 0.790222 -0.12716
0.0139952 0.855887 -0.156509
-0.0554609 0.809814 -0.12716
-0.058229 0.839202 -0.12716
-0.110288 0.765118 -0.12716
-0.0600744 0.858793 -0.12716
-0.0614584 0.873487 -0.12716
-0.138951 0.59935 -0.12716
-0.141655 0.732515 -0.12716
-0.18337 0.862005 -0.224991
-0.0415559 0.76665 -0.12716
-0.0386542 0.579149 -0.12716
-0.0512441 0.869508 -0.12716
-0.0733844 0.738945 -0.234774
-0.042345 0.618333 -0.12716
0.0282968 0.704049 -0.224991
-0.101522 0.672056 -0.12716
-0.0428063 0.623231 -0.12716
-0.152197 0.583278 -0.12716
0.0143918 0.747213 -0.12716
-0.0445223 0.850375 -0.12716
-0.0432677 0.628129 -0.12716
-0.0683743 0.581291 -0.12716
-0.00564004 0.646497 -0.12716
-0.00854171 0.833999 -0.12716
0.0375237 0.60609 -0.2201
-0.0107795 0.596598 -0.234774
-0.045113 0.647721 -0.12716
-0.164588 0.819301 -0.12716
-0.0663348 0.873028 -0.229883
0.0203246 0.579762 -0.161401
-0.0280475 0.832161 -0.12716
-0.0460357 0.657516 -0.12716
0.0333716 0.650172 -0.195642
-0.0602038 0.651241 -0.12716
-0.158591 0.755627 -0.12716
-0.156151 0.573023 -0.12716
-0.0186871 0.576088 -0.205425
-0.0366795 0.76711 -0.12716
-0.0337778 0.579608 -0.12716
-0.0488038 0.686904 -0.12716
0.0153792 0.841193 -0.210317
0.0310649 0.674662 -0.19075
-0.0492651 0.691802 -0.12716
-0.112461 0.631494 -0.12716
-0.045445 0.860171 -0.12716
-0.0418836 0.613435 -0.12716
0.000818765 0.577925 -0.210317
-0.0506492 0.706496 -0.12716
-0.0658046 0.60624 -0.12716
-0.0529559 0.730986 -0.12716
-0.0543399 0.74568 -0.12716
-0.0552626 0.755476 -0.12716
-0.155426 0.617564 -0.234774
-0.0557239 0.760374 -0.12716
-0.0526929 0.780426 -0.234774
-0.203139 0.810728 -0.195642
-0.0580307 0.784864 -0.12716
-0.0657399 0.710016 -0.234774
-0.174406 0.714606 -0.234774
-0.00610138 0.651395 -0.12716
-0.191605 0.688278 -0.195642
-0.044324 0.796038 -0.12716
-0.16505 0.824199 -0.234774
-0.0617214 0.824048 -0.12716
0.0101103 0.583742 -0.12716
-0.0649508 0.858334 -0.12716
-0.0462341 0.711854 -0.12716
-0.0430694 0.573791 -0.12716
-0.201755 0.796034 -0.176075
-0.0458374 0.603179 -0.12716
-0.00781735 0.87854 -0.166292
-0.0784592 0.792823 -0.12716
-0.0746348 0.595525 -0.12716
0.0154481 0.579303 -0.12716
0.0125465 0.766805 -0.12716
-0.0501231 0.805375 -0.12716
-0.0462988 0.608077 -0.12716
-0.16696 0.740014 -0.12716
0.0122187 0.613589 -0.234774
-0.190618 0.782259 -0.12716
0.0138658 0.648334 -0.234774
0.0257271 0.6791 -0.12716
0.0324489 0.659968 -0.156509
-0.0300223 0.6442 -0.12716
-0.159315 0.711085 -0.234774
0.0209154 0.782417 -0.2201
-0.130846 0.565524 -0.161401
-0.0283753 0.678946 -0.234774
-0.0312769 0.866447 -0.234774
-0.197999 0.860627 -0.195642
-0.186069 0.629502 -0.205425
-0.0510458 0.815171 -0.12716
-0.0481441 0.627669 -0.12716
-0.0519685 0.824967 -0.12716
-0.0495282 0.642363 -0.12716
-0.0538139 0.844559 -0.12716
-0.0504509 0.652159 -0.12716
-0.0509122 0.657057 -0.12716
-0.0551979 0.859253 -0.12716
-0.0513735 0.661955 -0.12716
-0.0522962 0.671751 -0.12716
-0.0490668 0.637465 -0.12716
-0.14864 0.702208 -0.12716
-0.197141 0.747054 -0.234774
-0.16874 0.863383 -0.224991
-0.190682 0.678482 -0.171184
-0.0527576 0.676649 -0.12716
-0.0541416 0.691343 -0.12716
-0.10047 0.869813 -0.151618
0.0269128 0.718743 -0.2201
-0.150748 0.672361 -0.12716
-0.170452 0.724861 -0.12716
-0.0492004 0.795579 -0.12716
-0.167486 0.641136 -0.234774
-0.0550643 0.701139 -0.12716
-0.113978 0.804302 -0.12716
-0.202876 0.860167 -0.210317
-0.0569097 0.720731 -0.12716
-0.0578323 0.730527 -0.12716
-0.121093 0.566442 -0.146726
-0.159117 0.656748 -0.234774
-0.0582937 0.735425 -0.12716
0.0300775 0.580681 -0.185859
-0.058755 0.740323 -0.12716
-0.0126938 0.878081 -0.185859
0.0209154 0.782417 -0.19075
-0.130846 0.565524 -0.180967
-0.0824777 0.678791 -0.12716
-0.0592164 0.745221 -0.12716
-0.204061 0.820524 -0.171184
-0.0596777 0.750119 -0.12716
-0.201293 0.791136 -0.166292
-0.0606004 0.759915 -0.12716
-0.187453 0.644196 -0.12716
-0.0610617 0.764813 -0.12716
-0.106925 0.572718 -0.234774
0.0167633 0.826499 -0.185859
-0.172035 0.793892 -0.12716
-0.169594 0.611288 -0.12716
-0.0629071 0.784405 -0.12716
-0.119118 0.754403 -0.12716
-0.0175703 0.877621 -0.180967
0.0144565 0.850989 -0.151618
-0.00188459 0.71109 -0.12716
-0.17961 0.56093 -0.171184
-0.0633685 0.789303 -0.12716
0.0255288 0.733437 -0.166292
-0.0893331 0.856038 -0.234774
0.0149179 0.846091 -0.205425
-0.0223778 0.615272 -0.12716
-0.133549 0.698688 -0.234774
-0.0647525 0.803997 -0.12716
-0.197077 0.850831 -0.234774
-0.0656752 0.813793 -0.12716
-0.186069 0.629502 -0.156509
-0.0661365 0.818691 -0.12716
-0.0689046 0.848079 -0.12716
-0.0691676 0.79864 -0.12716
-0.105347 0.869354 -0.210317
-0.144358 0.865679 -0.200533
-0.0693659 0.852977 -0.12716
-0.0781273 0.580372 -0.12716
-0.0698273 0.857875 -0.12716
0.0195313 0.797111 -0.151618
0.0296809 0.689355 -0.141834
-0.0712113 0.872569 -0.12716
-0.130846 0.565524 -0.12716
-0.0484072 0.57823 -0.12716
-0.168607 0.705269 -0.12716
-0.207291 0.85481 -0.2201
-0.186992 0.639298 -0.171184
-0.0874877 0.836446 -0.12716
-0.0845861 0.648944 -0.12716
-0.0568449 0.824508 -0.12716
-0.0534819 0.632108 -0.12716
-0.0544046 0.641904 -0.12716
-0.0571727 0.671292 -0.12716
-0.060997 0.868589 -0.12716
-0.0580954 0.681088 -0.12716
-0.106136 0.721036 -0.234774
-0.0599407 0.70068 -0.12716
-0.0608634 0.710476 -0.12716
-0.0664643 0.665475 -0.12716
-0.191803 0.742616 -0.12716
-0.173945 0.709707 -0.12716
0.0255288 0.733437 -0.151618
-0.0640928 0.744762 -0.12716
-0.0271249 0.822365 -0.12716
0.0292195 0.694253 -0.210317
-0.156284 0.731137 -0.234774
-0.0654769 0.759456 -0.12716
-0.195692 0.836137 -0.234774
-0.0659382 0.764354 -0.12716
-0.190682 0.678482 -0.141834
-0.0663996 0.769252 -0.12716
-0.0682449 0.788844 -0.12716
-0.164981 0.562308 -0.156509
0.023817 0.594916 -0.12716
-0.0687063 0.793742 -0.12716
-0.082081 0.570117 -0.161401
-0.0231711 0.832621 -0.12716
-0.207752 0.859708 -0.161401
-0.0728584 0.837824 -0.12716
0.0105717 0.578844 -0.200533
-0.118458 0.695168 -0.12716
-0.0719357 0.828028 -0.12716
-0.0915062 0.722414 -0.12716
-0.0742424 0.852518 -0.12716
-0.123796 0.699607 -0.12716
-0.150351 0.563686 -0.200533
-0.0488685 0.583128 -0.234774
-0.0513088 0.765732 -0.234774
-0.110025 0.814557 -0.12716
-0.107123 0.627055 -0.12716
-0.0532836 0.577771 -0.12716
-0.0397105 0.747058 -0.12716
-0.0603374 0.809354 -0.12716
-0.0574357 0.621853 -0.12716
-0.0592811 0.641445 -0.12716
-0.110223 0.868894 -0.185859
0.0194019 0.589558 -0.234774
0.0145255 0.589099 -0.12716
0.0111624 0.781499 -0.12716
-0.0631054 0.838742 -0.12716
-0.0606651 0.656139 -0.12716
-0.0620491 0.670833 -0.12716
-0.18284 0.595216 -0.215208
-0.189298 0.663788 -0.215208
-0.0517055 0.874406 -0.12716
-0.0371408 0.772008 -0.12716
-0.0333164 0.57471 -0.12716
-0.170651 0.779198 -0.234774
-0.0548013 0.750578 -0.12716
0.0278355 0.708947 -0.161401
-0.0643559 0.695322 -0.12716
-0.128936 0.649708 -0.12716
0.0301422 0.684457 -0.12716
-0.0235635 0.575629 -0.146726
-0.0685079 0.739404 -0.12716
-0.0173719 0.823284 -0.234774
-0.0689693 0.744302 -0.12716
-0.0722634 0.674812 -0.12716
-0.124719 0.709403 -0.12716
0.0259901 0.728539 -0.234774
-0.069892 0.754098 -0.12716
-0.0296946 0.797416 -0.234774
-0.0708147 0.763894 -0.12716
-0.071276 0.768792 -0.12716
-0.0869575 0.569657 -0.132051
-0.021524 0.867366 -0.12716
-0.00294089 0.878999 -0.224991
-0.07266 0.783486 -0.12716
-0.0763508 0.82267 -0.12716
-0.172561 0.695014 -0.12716
-0.0768121 0.827568 -0.12716
-0.110223 0.868894 -0.176075
-0.202677 0.80583 -0.200533
-0.058492 0.789762 -0.12716
-0.0772046 0.570576 -0.156509
-0.0644895 0.853436 -0.12716
-0.0615878 0.665935 -0.12716
-0.0952617 0.657821 -0.234774
-0.197077 0.850831 -0.12716
-0.169857 0.561849 -0.185859
-0.192066 0.693176 -0.2201
-0.0795802 0.856956 -0.12716
-0.0590828 0.587107 -0.12716
-0.086565 0.82665 -0.234774
-0.0546029 0.696241 -0.12716
-0.144358 0.865679 -0.215208
-0.0613895 0.611597 -0.12716
0.0167633 0.826499 -0.176075
-0.0665979 0.823589 -0.12716
-0.0632349 0.631189 -0.12716
-0.0679819 0.838283 -0.12716
-0.0641575 0.640985 -0.12716
-0.019545 0.68966 -0.234774
-0.00893415 0.577007 -0.185859
-0.0660029 0.660577 -0.12716
0.0301422 0.684457 -0.141834
-0.08406 0.747822 -0.12716
-0.07075 0.867671 -0.12716
-0.0669256 0.670373 -0.12716
-0.121688 0.729454 -0.234774
-0.0692323 0.694863 -0.12716
0.0370624 0.610988 -0.166292
-0.0696937 0.699761 -0.12716
-0.0724617 0.729149 -0.12716
-0.0729231 0.734047 -0.12716
-0.136054 0.777515 -0.12716
-0.132691 0.585116 -0.12716
-0.163864 0.863842 -0.205425
0.0398304 0.5816 -0.161401
-0.0738458 0.743843 -0.12716
-0.0743071 0.748741 -0.12716
-0.0256072 0.649558 -0.12716
-0.0590828 0.587107 -0.234774
-0.102643 0.736189 -0.234774
0.0227607 0.762825 -0.132051
0.000357422 0.582823 -0.12716
-0.0807659 0.817313 -0.12716
-0.0266635 0.817467 -0.12716
-0.0242232 0.634864 -0.12716
-0.199909 0.776442 -0.195642
-0.102048 0.573178 -0.234774
-0.105411 0.765577 -0.234774
-0.055129 0.597363 -0.234774
-0.0816886 0.827109 -0.12716
-0.0809642 0.87165 -0.161401
-0.00294089 0.878999 -0.156509
-0.0257408 0.807671 -0.12716
-0.132626 0.688892 -0.234774
-0.0830726 0.841803 -0.12716
-0.132889 0.639453 -0.12716
-0.13533 0.822056 -0.12716
0.0203893 0.683539 -0.234774
-0.168805 0.759606 -0.234774
-0.083534 0.846701 -0.12716
-0.128409 0.748587 -0.12716
-0.0252795 0.802773 -0.12716
-0.0219165 0.610374 -0.12716
-0.0385248 0.786702 -0.12716
-0.0360845 0.604098 -0.12716
-0.190221 0.673584 -0.146726
-0.0630365 0.576852 -0.12716
0.0181473 0.811805 -0.132051
-0.0132846 0.675426 -0.12716
0.00463892 0.746294 -0.12716
-0.0536803 0.686445 -0.234774
-0.0517055 0.874406 -0.224991
-0.0673222 0.779048 -0.12716
-0.0644206 0.591546 -0.12716
-0.125969 0.565983 -0.195642
0.020454 0.787315 -0.12716
-0.0653433 0.601342 -0.12716
-0.181456 0.580522 -0.234774
-0.180072 0.565829 -0.210317
-0.19345 0.70787 -0.136943
-0.113254 0.848843 -0.234774
-0.134605 0.866598 -0.141834
-0.0333164 0.57471 -0.161401
-0.18284 0.595216 -0.224991
-0.189298 0.663788 -0.224991
0.0356783 0.625682 -0.12716
-0.0235635 0.575629 -0.12716
-0.201293 0.791136 -0.215208
-0.0498601 0.854814 -0.12716
-0.0469584 0.667312 -0.12716
-0.0700903 0.808436 -0.12716
-0.0681113 0.63073 -0.12716
-0.0685727 0.635628 -0.12716
-0.0214551 0.605476 -0.12716
-0.0273232 0.876703 -0.205425
-0.0658735 0.86813 -0.12716
-0.0271896 0.718589 -0.12716
-0.0694953 0.645424 -0.12716
-0.082081 0.570117 -0.136943
-0.162609 0.641595 -0.12716
-0.0699567 0.650322 -0.12716
-0.015656 0.596139 -0.12716
-0.104885 0.864456 -0.234774
-0.0636315 0.739864 -0.12716
-0.0747037 0.857416 -0.12716
-0.0718021 0.669914 -0.12716
-0.0745701 0.699302 -0.12716
-0.0760878 0.87211 -0.205425
0.0232221 0.757927 -0.2201
-0.0759541 0.713996 -0.12716
-0.122873 0.689811 -0.234774
-0.185608 0.624604 -0.132051
-0.197603 0.751952 -0.12716
0.0064843 0.726702 -0.12716
-0.0975684 0.682311 -0.234774
0.0333716 0.650172 -0.176075
-0.0773382 0.72869 -0.12716
-0.0674516 0.571495 -0.176075
-0.0782609 0.738486 -0.12716
-0.0489374 0.845018 -0.12716
-0.046829 0.874865 -0.205425
-0.0395122 0.692721 -0.12716
-0.202876 0.860167 -0.161401
-0.0787222 0.743384 -0.12716
-0.0791835 0.748282 -0.12716
-0.137304 0.634096 -0.12716
-0.0356921 0.86109 -0.234774
-0.0907171 0.870732 -0.229883
-0.0833356 0.792364 -0.12716
-0.199448 0.771544 -0.205425
-0.189958 0.723024 -0.12716
-0.185543 0.728381 -0.12716
0.00951538 0.746753 -0.12716
-0.085181 0.811956 -0.12716
-0.0870264 0.831548 -0.12716
-0.0893331 0.856038 -0.12716
-0.202216 0.800932 -0.132051
0.0252011 0.580222 -0.12716
0.021838 0.772621 -0.12716
-0.0926919 0.682771 -0.234774
-0.0777995 0.733588 -0.234774
-0.0721987 0.778588 -0.12716
-0.0688357 0.586189 -0.12716
-0.0391156 0.584047 -0.234774
-0.0387231 0.841039 -0.12716
-0.0277156 0.619711 -0.234774
-0.03154 0.817008 -0.234774
-0.0735827 0.793282 -0.12716
-0.0697584 0.595985 -0.12716
-0.0590181 0.690884 -0.234774
-0.0711424 0.610679 -0.12716
-0.0729878 0.630271 -0.12716
-0.0758894 0.817772 -0.12716
-0.0734491 0.635169 -0.12716
-0.116216 0.566902 -0.156509
-0.180205 0.723942 -0.12716
-0.0739105 0.640067 -0.12716
-0.0830037 0.579913 -0.234774
-0.0859054 0.767414 -0.234774
-0.10047 0.869813 -0.166292
-0.0621828 0.828946 -0.234774
0.0282968 0.704049 -0.234774
-0.0107795 0.596598 -0.12716
-0.0781962 0.842262 -0.12716
-0.0752945 0.654761 -0.12716
-0.0531542 0.785324 -0.234774
-0.029824 0.589863 -0.234774
0.0259901 0.728539 -0.132051
-0.0757558 0.659659 -0.12716
-0.0588197 0.636547 -0.12716
-0.0435307 0.578689 -0.234774
-0.0794466 0.698843 -0.12716
-0.0275862 0.827263 -0.12716
-0.0342391 0.584506 -0.12716
-0.0808306 0.713537 -0.12716
-0.0822146 0.72823 -0.12716
-0.046829 0.874865 -0.2201
-0.16505 0.824199 -0.12716
-0.0645542 0.74966 -0.234774
0.00510027 0.741396 -0.234774
-0.0612601 0.81915 -0.234774
-0.178493 0.862464 -0.224991
0.0324489 0.659968 -0.180967
-0.195757 0.73236 -0.2201
0.00819606 0.865224 -0.234774
0.0120204 0.667926 -0.234774
-0.0298929 0.851753 -0.12716
-0.0224467 0.877162 -0.185859
0.0186086 0.806907 -0.229883
-0.192066 0.693176 -0.156509
-0.068771 0.689965 -0.12716
-0.082676 0.733128 -0.12716
-0.0831373 0.738026 -0.12716
-0.110486 0.819455 -0.12716
-0.144686 0.712463 -0.12716
-0.0019493 0.607313 -0.12716
-0.00438962 0.789917 -0.12716
-0.114504 0.705423 -0.234774
-0.043729 0.633027 -0.12716
-0.0907171 0.870732 -0.224991
-0.20103 0.840575 -0.12716
0.0264515 0.723641 -0.19075
-0.206829 0.849912 -0.185859
-0.0849827 0.757618 -0.12716
-0.179545 0.664707 -0.12716
-0.0387879 0.737262 -0.12716
-0.164192 0.710626 -0.234774
-0.085444 0.762516 -0.12716
0.0144565 0.850989 -0.185859
-0.11569 0.66578 -0.12716
-0.0872894 0.782108 -0.12716
-0.0891348 0.8017 -0.12716
-0.180533 0.570726 -0.171184
-0.00234593 0.715988 -0.12716
-0.185146 0.619706 -0.166292
0.000818765 0.577925 -0.12716
-0.144751 0.608687 -0.234774
-0.149036 0.810883 -0.234774
-0.0755575 0.605321 -0.12716
-0.185146 0.619706 -0.224991
-0.126892 0.575779 -0.234774
-0.130716 0.773077 -0.234774
-0.149364 0.657667 -0.234774
-0.152727 0.850066 -0.234774
-0.18976 0.668686 -0.205425
-0.0208644 0.808131 -0.12716
-0.0793819 0.802619 -0.12716
-0.0760189 0.610219 -0.12716
0.0344926 0.586038 -0.12716
-0.0769415 0.620015 -0.12716
-0.148704 0.598432 -0.12716
0.0393691 0.586498 -0.151618
-0.0285736 0.733283 -0.12716
0.0361397 0.620784 -0.12716
-0.0778642 0.629811 -0.12716
-0.175264 0.828178 -0.12716
-0.0671239 0.72471 -0.234774
-0.174803 0.82328 -0.12716
-0.170978 0.625982 -0.12716
-0.0821499 0.832007 -0.12716
-0.0787869 0.639607 -0.12716
-0.154111 0.86476 -0.195642
0.0163019 0.831397 -0.161401
-0.0792483 0.644505 -0.12716
0.0273742 0.713845 -0.176075
-0.0612601 0.81915 -0.12716
-0.0812272 0.822211 -0.12716
-0.0797096 0.649403 -0.12716
-0.0100552 0.64114 -0.12716
-0.173548 0.601033 -0.234774
-0.0806323 0.659199 -0.12716
0.0158406 0.836295 -0.2201
-0.108641 0.799863 -0.234774
-0.0138106 0.576547 -0.229883
-0.0229728 0.778283 -0.12716
-0.167288 0.586798 -0.234774
-0.082939 0.683689 -0.12716
0.0282968 0.704049 -0.161401
-0.0857071 0.713077 -0.12716
-0.0875524 0.732669 -0.12716
0.00411288 0.647416 -0.234774
-0.17131 0.838433 -0.234774
-0.0880138 0.737567 -0.12716
-0.0903205 0.762057 -0.12716
-0.187453 0.644196 -0.176075
-0.116613 0.675576 -0.12716
-0.114108 0.596749 -0.234774
0.0287582 0.699151 -0.185859
-0.02844 0.575169 -0.141834
-0.0930886 0.791445 -0.12716
0.0167633 0.826499 -0.2201
-0.135459 0.614504 -0.234774
-0.0336484 0.787161 -0.12716
-0.0940112 0.801241 -0.12716
-0.019019 0.788539 -0.234774
-0.146859 0.57884 -0.234774
-0.0723281 0.571035 -0.19075
-0.0944726 0.806139 -0.12716
-0.203139 0.810728 -0.132051
-0.0949339 0.811037 -0.12716
-0.0805029 0.866752 -0.12716
-0.133747 0.753025 -0.12716
-0.139482 0.866138 -0.146726
-0.0953953 0.815935 -0.12716
0.0148532 0.742315 -0.12716
-0.0853793 0.866293 -0.12716
-0.097702 0.840425 -0.12716
-0.0419526 0.875325 -0.205425
-0.113582 0.695627 -0.12716
-0.171703 0.581441 -0.234774
-0.029561 0.639302 -0.234774
-0.0352307 0.856192 -0.234774
-0.207752 0.859708 -0.132051
-0.162545 0.745371 -0.12716
-0.100009 0.864915 -0.12716
-0.0230375 0.674507 -0.234774
-0.0801062 0.758078 -0.12716
-0.0772046 0.570576 -0.12716
-0.158988 0.864301 -0.166292
-0.197999 0.860627 -0.161401
-0.186069 0.629502 -0.171184
-0.00669634 0.814407 -0.12716
-0.0321996 0.876243 -0.180967
-0.0828743 0.787466 -0.12716
-0.0785886 0.58527 -0.12716
-0.113646 0.591851 -0.12716
-0.0858407 0.871191 -0.151618
-0.0795113 0.595066 -0.12716
-0.115099 0.868435 -0.215208
-0.159712 0.81976 -0.12716
-0.14541 0.667922 -0.12716
-0.0981633 0.845323 -0.12716
-0.032066 0.71813 -0.234774
-0.0813567 0.614658 -0.12716
-0.0827407 0.629352 -0.12716
-0.111275 0.671137 -0.12716
-0.0861037 0.821752 -0.12716
-0.083202 0.63425 -0.12716
-0.0164493 0.813488 -0.234774
-0.0121636 0.611292 -0.234774
-0.176777 0.635319 -0.234774
-0.12953 0.81272 -0.234774
-0.0517055 0.874406 -0.195642
-0.0850474 0.653842 -0.12716
-0.152132 0.687055 -0.234774
-0.0577676 0.834303 -0.234774
-0.0884104 0.846242 -0.12716
-0.0859701 0.663638 -0.12716
-0.180072 0.565829 -0.180967
-0.0868928 0.673434 -0.12716
-0.00979213 0.690579 -0.234774
-0.096581 0.776292 -0.12716
-0.0936793 0.58879 -0.12716
0.0116885 0.880377 -0.176075
-0.181456 0.580522 -0.146726
-0.0878155 0.68323 -0.12716
-0.0887382 0.693026 -0.12716
-0.173617 0.862923 -0.215208
0.00187086 0.775682 -0.234774
-0.123072 0.744148 -0.12716
-0.0896608 0.702822 -0.12716
-0.170914 0.729759 -0.12716
-0.0355585 0.702976 -0.12716
0.0269128 0.718743 -0.180967
-0.134868 0.817159 -0.12716
0.0154481 0.579303 -0.180967
-0.104752 0.706342 -0.12716
-0.0218518 0.71415 -0.12716
-0.200832 0.786238 -0.195642
-0.108378 0.849302 -0.12716
-0.0389862 0.7916 -0.12716
-0.18653 0.6344 -0.146726
0.0296162 0.585579 -0.234774
-0.0919676 0.727312 -0.12716
-0.168672 0.601492 -0.234774
-0.172957 0.803688 -0.234774
-0.15312 0.593074 -0.234774
-0.156944 0.790372 -0.234774
-0.0924289 0.73221 -0.12716
-0.0567113 0.666394 -0.12716
-0.00893415 0.577007 -0.176075
-0.0928902 0.737108 -0.12716
0.0116885 0.880377 -0.146726
-0.181456 0.580522 -0.12716
0.0282968 0.704049 -0.171184
-0.0847197 0.807058 -0.12716
0.011296 0.623385 -0.234774
-0.0933516 0.742006 -0.12716
-0.108705 0.696087 -0.12716
0.00681203 0.879918 -0.200533
-0.0938129 0.746904 -0.12716
-0.197141 0.747054 -0.195642
-0.0942743 0.751802 -0.12716
0.0167633 0.826499 -0.151618
-0.187914 0.649094 -0.136943
-0.162346 0.691034 -0.12716
0.0222994 0.767723 -0.210317
-0.145475 0.564146 -0.12716
-0.0947356 0.7567 -0.12716
-0.141918 0.683075 -0.12716
-0.0733197 0.842722 -0.12716
-0.070418 0.65522 -0.12716
-0.0176997 0.670068 -0.12716
0.0300775 0.580681 -0.132051
-0.106597 0.725934 -0.234774
-0.0961196 0.771394 -0.12716
0.0176859 0.816703 -0.210317
-0.0595441 0.592005 -0.234774
0.0126112 0.870581 -0.19075
-0.0499248 0.751038 -0.234774
0.0370624 0.610988 -0.171184
-0.19668 0.742156 -0.2201
-0.0975037 0.786088 -0.12716
-0.097965 0.790986 -0.12716
-0.205445 0.835218 -0.146726
-0.0106501 0.804151 -0.234774
-0.102578 0.839966 -0.12716
-0.0777995 0.733588 -0.12716
-0.103501 0.849762 -0.12716
-0.0533525 0.839661 -0.234774
-0.166826 0.5819 -0.12716
-0.104885 0.864456 -0.12716
-0.192528 0.698074 -0.161401
0.0181473 0.811805 -0.234774
0.021049 0.624304 -0.234774
-0.0902558 0.865834 -0.234774
-0.160104 0.562768 -0.166292
-0.0731861 0.684608 -0.234774
-0.0756264 0.867212 -0.234774
-0.082081 0.570117 -0.12716
0.0273742 0.713845 -0.171184
-0.0404349 0.702517 -0.12716
-0.0705516 0.813334 -0.12716
-0.06765 0.625832 -0.12716
0.0255288 0.733437 -0.171184
-0.0825424 0.575015 -0.12716
0.0250674 0.738335 -0.171184
-0.192989 0.702972 -0.171184
-0.17961 0.56093 -0.136943
-0.0859054 0.767414 -0.12716
-0.0830037 0.579913 -0.12716
-0.0151299 0.695018 -0.234774
-0.0843877 0.594607 -0.12716
-0.0345711 0.796957 -0.12716
-0.0307467 0.599659 -0.12716
-0.138887 0.703127 -0.12716
-0.0885398 0.638689 -0.12716
-0.175195 0.566288 -0.234774
-0.178558 0.758687 -0.234774
-0.0897944 0.860936 -0.234774
0.0259901 0.728539 -0.200533
-0.0490021 0.741242 -0.12716
-0.0903852 0.658281 -0.12716
-0.046829 0.874865 -0.156509
-0.0588197 0.636547 -0.234774
-0.0513088 0.765732 -0.12716
-0.0488685 0.583128 -0.12716
-0.0926919 0.682771 -0.12716
-0.0936146 0.692567 -0.12716
-0.0202694 0.645119 -0.12716
0.0129431 0.65813 -0.12716
0.0100414 0.845632 -0.12716
0.00424229 0.854969 -0.234774
-0.148441 0.647871 -0.234774
-0.205445 0.835218 -0.19075
-0.0945373 0.702363 -0.12716
-0.0891995 0.697924 -0.234774
-0.0381929 0.574251 -0.12716
-0.192066 0.693176 -0.224991
-0.058229 0.839202 -0.234774
-0.0756264 0.867212 -0.12716
-0.0731861 0.684608 -0.12716
-0.0356232 0.5992 -0.12716
-0.0395769 0.588945 -0.12716
-0.101587 0.56828 -0.171184
-0.144488 0.658126 -0.12716
-0.164981 0.562308 -0.151618
-0.0973054 0.731751 -0.12716
-0.103169 0.637311 -0.12716
-0.0549996 0.804916 -0.12716
-0.0511752 0.607618 -0.12716
-0.201755 0.796034 -0.141834
-0.0499895 0.647261 -0.12716
0.020454 0.787315 -0.132051
-0.125969 0.565983 -0.200533
0.000486835 0.790376 -0.234774
-0.0673869 0.675271 -0.12716
-0.069629 0.803538 -0.12716
-0.188246 0.861545 -0.210317
-0.00405769 0.577466 -0.2201
-0.0986894 0.746445 -0.12716
-0.124852 0.867516 -0.180967
-0.0907171 0.870732 -0.141834
0.0116885 0.880377 -0.132051
-0.100073 0.761138 -0.12716
0.00681203 0.879918 -0.234774
0.0110977 0.677722 -0.234774
-0.0129568 0.828641 -0.234774
-0.120105 0.660423 -0.12716
-0.122546 0.843026 -0.12716
-0.177571 0.852668 -0.12716
-0.174669 0.665166 -0.12716
0.0278355 0.708947 -0.141834
-0.0185577 0.783641 -0.12716
-0.0473551 0.775987 -0.12716
-0.0444534 0.588485 -0.12716
-0.100996 0.770934 -0.12716
-0.175656 0.571186 -0.12716
-0.171901 0.635778 -0.12716
-0.10238 0.785628 -0.12716
-0.153318 0.647412 -0.12716
-0.00511399 0.745376 -0.234774
-0.0752945 0.654761 -0.234774
-0.0781962 0.842262 -0.234774
-0.0775365 0.783027 -0.12716
-0.0127585 0.774304 -0.234774
-0.140995 0.673279 -0.12716
-0.143897 0.860781 -0.12716
-0.10561 0.819914 -0.12716
-0.0441904 0.637924 -0.234774
-0.107916 0.844404 -0.12716
-0.157405 0.79527 -0.234774
0.0310649 0.674662 -0.229883
-0.0861684 0.717975 -0.12716
-0.0430694 0.573791 -0.176075
-0.108839 0.8542 -0.12716
-0.0859701 0.663638 -0.234774
-0.0884104 0.846242 -0.234774
0.00022381 0.740937 -0.12716
-0.109762 0.863996 -0.12716
-0.110223 0.868894 -0.12716
-0.197603 0.751952 -0.19075
-0.0112409 0.601496 -0.12716
-0.015393 0.645578 -0.12716
-0.0182946 0.83308 -0.12716
0.00193557 0.879459 -0.185859
0.0315263 0.669764 -0.171184
0.0199927 0.792213 -0.141834
-0.0963827 0.721955 -0.234774
-0.0501878 0.701598 -0.12716
-0.0625752 0.571954 -0.205425
-0.0869575 0.569657 -0.12716
-0.0907818 0.766955 -0.12716
-0.0878802 0.579453 -0.12716
-0.0883415 0.584351 -0.12716
-0.0716037 0.615577 -0.12716
-0.0921659 0.781649 -0.12716
-0.0888029 0.589249 -0.12716
-0.144358 0.865679 -0.132051
-0.195296 0.727462 -0.156509
-0.0892642 0.594147 -0.12716
-0.0515071 0.820069 -0.12716
-0.0476828 0.622771 -0.12716
-0.0438626 0.79114 -0.12716
-0.040961 0.603639 -0.12716
-0.0906482 0.608841 -0.12716
-0.0397752 0.643282 -0.234774
-0.0431383 0.835681 -0.234774
-0.0929549 0.633331 -0.12716
0.0324489 0.659968 -0.136943
-0.164981 0.562308 -0.171184
-0.195757 0.73236 -0.229883
-0.179019 0.763585 -0.12716
-0.174734 0.56139 -0.12716
-0.0934163 0.638229 -0.12716
-0.0907171 0.870732 -0.215208
-0.0152635 0.853131 -0.234774
-0.181917 0.58542 -0.234774
-0.0273232 0.876703 -0.200533
-0.106463 0.56782 -0.132051
-0.0952617 0.657821 -0.12716
-0.143565 0.64833 -0.12716
0.0064843 0.726702 -0.234774
-0.0975684 0.682311 -0.12716
-0.10943 0.651545 -0.12716
-0.0980297 0.687209 -0.12716
-0.0877508 0.787006 -0.12716
-0.0853104 0.604403 -0.12716
-0.0797096 0.649403 -0.234774
-0.0812272 0.822211 -0.234774
-0.0989524 0.697005 -0.12716
-0.0565819 0.873947 -0.141834
-0.191803 0.742616 -0.234774
-0.100336 0.711699 -0.12716
-0.165442 0.567206 -0.234774
-0.101259 0.721495 -0.12716
0.0178843 0.762366 -0.12716
-0.0418189 0.717211 -0.12716
-0.10172 0.726393 -0.12716
-0.187453 0.644196 -0.234774
-0.0606004 0.759915 -0.234774
-0.0597424 0.646343 -0.12716
-0.201755 0.796034 -0.224991
-0.128211 0.694249 -0.12716
-0.103566 0.745985 -0.12716
0.0375237 0.60609 -0.215208
0.0153792 0.841193 -0.185859
-0.10495 0.760679 -0.12716
-0.106334 0.775373 -0.12716
-0.16953 0.715065 -0.12716
-0.19668 0.742156 -0.161401
-0.106795 0.780271 -0.12716
-0.111801 0.572259 -0.12716
-0.119118 0.754403 -0.234774
0.0261884 0.674202 -0.234774
-0.108641 0.799863 -0.12716
-0.134605 0.866598 -0.195642
-0.0333164 0.57471 -0.180967
-0.18284 0.595216 -0.195642
-0.189298 0.663788 -0.195642
-0.0532189 0.681547 -0.12716
-0.00294089 0.878999 -0.185859
-0.0479458 0.573332 -0.180967
-0.133614 0.594912 -0.12716
-0.110947 0.824353 -0.12716
-0.0779978 0.787925 -0.12716
-0.0750962 0.600423 -0.12716
-0.00676105 0.71063 -0.234774
0.0120851 0.771703 -0.12716
-0.0809642 0.87165 -0.176075
0.0149179 0.846091 -0.166292
-0.150351 0.563686 -0.156509
-0.111409 0.829251 -0.12716
-0.204984 0.83032 -0.185859
-0.11187 0.834149 -0.12716
0.0158406 0.836295 -0.185859
0.00556161 0.736498 -0.234774
-0.10047 0.869813 -0.12716
-0.0961844 0.667617 -0.12716
-0.193123 0.861086 -0.215208
-0.182378 0.590318 -0.215208
-0.173087 0.596135 -0.234774
-0.0941407 0.593688 -0.12716
-0.0864314 0.668536 -0.12716
-0.0950633 0.603484 -0.12716
0.0186086 0.806907 -0.205425
-0.192066 0.693176 -0.132051
-0.0255425 0.753334 -0.234774
-0.0998104 0.810578 -0.12716
-0.0955247 0.608382 -0.12716
-0.181063 0.837515 -0.234774
-0.099349 0.80568 -0.12716
-0.095986 0.61328 -0.12716
-0.189497 0.718126 -0.12716
-0.194373 0.717666 -0.185859
-0.102971 0.582973 -0.234774
-0.104489 0.755781 -0.234774
-0.176316 0.630421 -0.234774
-0.100733 0.820374 -0.12716
-0.0969087 0.623076 -0.12716
0.0398304 0.5816 -0.180967
-0.201293 0.791136 -0.200533
-0.0344374 0.638843 -0.234774
-0.0517702 0.77063 -0.12716
-0.0869575 0.569657 -0.151618
-0.12452 0.655065 -0.12716
-0.127422 0.842567 -0.12716
-0.0348341 0.747518 -0.12716
-0.0978314 0.632872 -0.12716
-0.086565 0.82665 -0.12716
-0.0245551 0.847315 -0.12716
-0.0207308 0.650017 -0.12716
-0.102117 0.835068 -0.12716
-0.0982927 0.63777 -0.12716
-0.127025 0.733893 -0.234774
0.0227607 0.762825 -0.205425
-0.0578323 0.730527 -0.234774
-0.121093 0.566442 -0.205425
-0.0992154 0.647566 -0.12716
-0.129729 0.867057 -0.224991
-0.0378652 0.727466 -0.12716
-0.100138 0.657362 -0.12716
-0.0766138 0.773231 -0.12716
-0.0737121 0.585729 -0.12716
-0.100599 0.66226 -0.12716
-0.160303 0.617105 -0.234774
-0.164127 0.814403 -0.234774
-0.206368 0.845014 -0.156509
-0.186862 0.846851 -0.12716
-0.0497265 0.6967 -0.12716
-0.121093 0.566442 -0.171184
-0.00294089 0.878999 -0.12716
-0.101983 0.676954 -0.12716
-0.103432 0.587871 -0.234774
-0.102906 0.68675 -0.12716
-0.0880785 0.633791 -0.234774
-0.0909802 0.821292 -0.234774
0.0181473 0.811805 -0.176075
-0.180533 0.570726 -0.215208
0.00694564 0.721804 -0.234774
-0.103368 0.691648 -0.12716
-0.197141 0.747054 -0.136943
-0.105674 0.716138 -0.12716
-0.169991 0.719963 -0.234774
-0.0772046 0.570576 -0.215208
-0.106136 0.721036 -0.12716
-0.0638945 0.690425 -0.12716
-0.106597 0.725934 -0.12716
-0.107058 0.730832 -0.12716
-0.0868281 0.77721 -0.12716
-0.0526929 0.780426 -0.12716
-0.0378652 0.727466 -0.234774
-0.107981 0.740628 -0.12716
-0.0663348 0.873028 -0.180967
0.0203246 0.579762 -0.210317
-0.108904 0.750424 -0.12716
-0.109826 0.76022 -0.12716
-0.180533 0.570726 -0.161401
-0.115362 0.818996 -0.12716
-0.180994 0.575624 -0.141834
-0.100336 0.711699 -0.234774
-0.0479458 0.573332 -0.195642
-0.0146686 0.69012 -0.12716
-0.116285 0.828792 -0.12716
-0.0204677 0.699456 -0.12716
0.0308019 0.625222 -0.12716
-0.17144 0.63088 -0.234774
-0.174341 0.818382 -0.234774
-0.107718 0.790067 -0.234774
-0.0209291 0.704354 -0.12716
-0.103829 0.696546 -0.12716
-0.119976 0.867976 -0.12716
-0.0276509 0.723487 -0.234774
-0.197141 0.747054 -0.156509
-0.014272 0.581445 -0.12716
-0.0674516 0.571495 -0.136943
-0.18653 0.6344 -0.166292
-0.164851 0.769861 -0.12716
-0.0976331 0.578535 -0.12716
0.0315263 0.669764 -0.215208
-0.112857 0.740169 -0.12716
-0.185608 0.624604 -0.224991
-0.112396 0.735271 -0.12716
-0.0302854 0.594761 -0.234774
-0.162282 0.794811 -0.12716
-0.0430694 0.573791 -0.136943
-0.151011 0.622922 -0.12716
-0.0273232 0.876703 -0.166292
0.00898933 0.647875 -0.234774
-0.0594794 0.695782 -0.12716
-0.141521 0.574401 -0.12716
-0.144884 0.766801 -0.12716
0.0284952 0.649712 -0.12716
0.0278355 0.708947 -0.151618
-0.19668 0.742156 -0.156509
-0.0941407 0.593688 -0.234774
-0.0250812 0.748436 -0.234774
-0.149825 0.662565 -0.12716
-0.0370761 0.875784 -0.2201
-0.193123 0.861086 -0.141834
-0.182378 0.590318 -0.141834
-0.0668609 0.77415 -0.12716
-0.0224467 0.877162 -0.156509
-0.192066 0.693176 -0.161401
-0.182973 0.75333 -0.12716
-0.046829 0.874865 -0.180967
-0.0613248 0.715374 -0.12716
-0.00294089 0.878999 -0.229883
-0.160104 0.562768 -0.132051
-0.0789852 0.693945 -0.234774
-0.0809642 0.87165 -0.234774
-0.151671 0.682157 -0.12716
-0.0619844 0.774609 -0.12716
-0.137503 0.688433 -0.12716
-0.119381 0.704964 -0.12716
-0.146268 0.781495 -0.234774
-0.0901869 0.603943 -0.12716
0.0163019 0.831397 -0.176075
-0.145346 0.771699 -0.12716
-0.135722 0.565064 -0.210317
-0.206368 0.845014 -0.136943
-0.0560517 0.607159 -0.234774
-0.0137459 0.680324 -0.12716
-0.0161862 0.862927 -0.12716
-0.155823 0.726239 -0.12716
-0.194571 0.772003 -0.12716
-0.114767 0.655984 -0.234774
0.0241448 0.748131 -0.180967
-0.157668 0.745831 -0.12716
-0.190221 0.673584 -0.200533
-0.175988 0.783637 -0.12716
-0.192265 0.747514 -0.12716
-0.145212 0.613585 -0.234774
0.0134044 0.653232 -0.234774
-0.193386 0.811647 -0.12716
-0.18653 0.6344 -0.151618
-0.0627735 0.626291 -0.12716
-0.106071 0.824812 -0.234774
-0.084323 0.698383 -0.234774
-0.133286 0.748127 -0.12716
0.033833 0.645274 -0.180967
0.000818765 0.577925 -0.176075
-0.055987 0.710935 -0.12716
-0.126892 0.575779 -0.12716
-0.130716 0.773077 -0.12716
-0.197141 0.747054 -0.151618
-0.043203 0.731905 -0.12716
-0.12643 0.570881 -0.234774
-0.125904 0.669759 -0.12716
-0.0770752 0.778129 -0.12716
-0.0732508 0.580831 -0.12716
-0.145673 0.618483 -0.12716
-0.148114 0.801087 -0.12716
-0.207752 0.859708 -0.215208
-0.124783 0.605626 -0.12716
-0.0609281 0.606699 -0.234774
-0.0638298 0.794201 -0.234774
-0.0899239 0.653383 -0.12716
-0.16874 0.863383 -0.12716
-0.0995474 0.860017 -0.12716
-0.097107 0.677413 -0.12716
-0.173617 0.862923 -0.141834
-0.205907 0.840116 -0.200533
-0.108046 0.636851 -0.12716
-0.19154 0.792055 -0.12716
-0.183172 0.807667 -0.12716
0.0227607 0.762825 -0.210317
0.0109641 0.835836 -0.234774
-0.145936 0.569044 -0.12716
-0.148377 0.751647 -0.12716
-0.193912 0.712768 -0.171184
-0.146596 0.628279 -0.12716
-0.149959 0.820679 -0.12716
-0.171836 0.739555 -0.234774
0.0153792 0.841193 -0.229883
-0.030682 0.703436 -0.234774
-0.14732 0.583738 -0.12716
-0.151145 0.781035 -0.12716
-0.154835 0.820219 -0.234774
-0.204984 0.83032 -0.141834
-0.152856 0.642514 -0.12716
-0.125641 0.719199 -0.12716
-0.129729 0.867057 -0.176075
-0.113845 0.646188 -0.12716
-0.205907 0.840116 -0.210317
-0.0863667 0.772312 -0.12716
-0.0406979 0.653078 -0.234774
0.0287582 0.699151 -0.2201
-0.109693 0.602106 -0.12716
-0.153779 0.65231 -0.12716
-0.156681 0.839811 -0.12716
-0.147454 0.741851 -0.234774
-0.155625 0.671902 -0.12716
-0.156547 0.681697 -0.12716
-0.158988 0.864301 -0.12716
-0.125443 0.664861 -0.234774
-0.180072 0.565829 -0.171184
-0.00649802 0.760069 -0.234774
-0.111999 0.626596 -0.12716
-0.187453 0.644196 -0.224991
-0.15747 0.691494 -0.12716
-0.119579 0.759301 -0.234774
-0.115099 0.868435 -0.2201
0.0121498 0.875479 -0.200533
-0.000565265 0.592619 -0.12716
-0.0517055 0.874406 -0.156509
0.0356783 0.625682 -0.180967
-0.0639592 0.586648 -0.234774
-0.0677836 0.783946 -0.234774
-0.18653 0.6344 -0.12716
-0.0648172 0.70022 -0.12716
-0.0689693 0.744302 -0.234774
-0.157931 0.696391 -0.12716
-0.0977667 0.736648 -0.12716
0.0184792 0.599354 -0.12716
-0.200832 0.786238 -0.141834
-0.032924 0.831702 -0.12716
-0.0321307 0.614353 -0.12716
0.00213389 0.825121 -0.12716
0.0246061 0.743233 -0.234774
-0.138227 0.643892 -0.12716
-0.158854 0.706187 -0.12716
-0.00748541 0.666089 -0.234774
0.0116238 0.776601 -0.12716
-0.203139 0.810728 -0.229883
-0.161161 0.730677 -0.12716
-0.0330534 0.624149 -0.12716
-0.162083 0.740473 -0.12716
-0.05625 0.661496 -0.234774
-0.0586903 0.8441 -0.234774
-0.112793 0.843945 -0.12716
-0.138624 0.752566 -0.12716
-0.131242 0.674198 -0.234774
0.0321859 0.610528 -0.12716
-0.0553273 0.6517 -0.12716
-0.00135854 0.809968 -0.12716
-0.152266 0.845169 -0.12716
-0.032329 0.66869 -0.234774
-0.180533 0.570726 -0.180967
-0.0650155 0.754558 -0.12716
-0.00676105 0.71063 -0.12716
-0.082413 0.782568 -0.12716
-0.0790499 0.590168 -0.12716
-0.0934163 0.638229 -0.234774
0.0121498 0.875479 -0.171184
-0.181917 0.58542 -0.151618
-0.16439 0.764963 -0.12716
-0.197141 0.747054 -0.200533
-0.104687 0.810118 -0.12716
-0.101785 0.622617 -0.12716
-0.0839953 0.851599 -0.12716
-0.0810936 0.664097 -0.12716
-0.206368 0.845014 -0.2201
-0.00498038 0.587262 -0.12716
-0.0870264 0.831548 -0.234774
-0.169003 0.813943 -0.12716
-0.0835987 0.742924 -0.234774
-0.00781735 0.87854 -0.224991
-0.159052 0.760525 -0.12716
-0.155689 0.568125 -0.12716
-0.0809642 0.87165 -0.205425
-0.00294089 0.878999 -0.176075
-0.150351 0.563686 -0.12716
-0.153253 0.751188 -0.12716
-0.184357 0.768024 -0.12716
0.0139952 0.855887 -0.229883
0.00233221 0.770784 -0.234774
-0.150813 0.568584 -0.12716
-0.0483425 0.682006 -0.12716
-0.0988877 0.800782 -0.12716
-0.0964474 0.618178 -0.12716
-0.151274 0.573482 -0.12716
0.0278355 0.708947 -0.215208
0.0370624 0.610988 -0.141834
-0.0424786 0.776446 -0.12716
-0.0569744 0.616955 -0.234774
-0.0607987 0.814252 -0.234774
-0.151735 0.57838 -0.12716
-0.171177 0.68032 -0.234774
-0.0528223 0.572873 -0.185859
-0.0250165 0.852213 -0.234774
-0.016777 0.660272 -0.12716
-0.149235 0.86522 -0.210317
-0.0254089 0.595221 -0.234774
-0.0287719 0.78762 -0.234774
-0.0175703 0.877621 -0.2201
0.0144565 0.850989 -0.19075
-0.152658 0.588176 -0.12716
0.0172246 0.821601 -0.151618
-0.105278 0.607463 -0.234774
-0.113517 0.799404 -0.12716
0.0108347 0.628283 -0.12716
0.00839438 0.810887 -0.12716
-0.181063 0.837515 -0.12716
-0.185146 0.619706 -0.229883
-0.156151 0.573023 -0.234774
-0.158591 0.755627 -0.234774
-0.187914 0.649094 -0.200533
-0.11312 0.690729 -0.234774
-0.0517055 0.874406 -0.180967
0.0356783 0.625682 -0.156509
0.00918765 0.593538 -0.12716
-0.119976 0.867976 -0.156509
-0.134998 0.609606 -0.12716
-0.137899 0.797107 -0.12716
0.0246061 0.743233 -0.215208
-0.154965 0.612666 -0.12716
-0.110223 0.868894 -0.136943
-0.202677 0.80583 -0.234774
-0.155426 0.617564 -0.12716
-0.0683743 0.581291 -0.234774
-0.135722 0.565064 -0.146726
-0.155888 0.622462 -0.12716
-0.160173 0.824658 -0.12716
-0.121489 0.675117 -0.12716
-0.0134182 0.833539 -0.234774
-0.0105165 0.646038 -0.234774
-0.131441 0.728535 -0.12716
0.0181473 0.811805 -0.151618
-0.157272 0.637156 -0.12716
0.0241448 0.748131 -0.171184
-0.00451904 0.582364 -0.12716
-0.00742071 0.769865 -0.12716
-0.150813 0.568584 -0.234774
-0.190221 0.673584 -0.136943
-0.0483425 0.682006 -0.234774
0.0144565 0.850989 -0.2201
-0.0274526 0.66915 -0.12716
-0.0576987 0.572413 -0.210317
-0.0734491 0.635169 -0.234774
-0.0758894 0.817772 -0.234774
-0.164256 0.60685 -0.12716
0.0282968 0.704049 -0.180967
-0.177834 0.803229 -0.234774
-0.178295 0.808127 -0.12716
-0.174932 0.615727 -0.12716
-0.158393 0.701289 -0.234774
-0.140599 0.564605 -0.19075
-0.121554 0.57134 -0.12716
-0.124917 0.76374 -0.12716
-0.193123 0.861086 -0.171184
-0.182378 0.590318 -0.171184
-0.16004 0.666544 -0.12716
0.0189406 0.594456 -0.12716
0.0160389 0.781958 -0.12716
-0.017635 0.773845 -0.12716
-0.0147333 0.586343 -0.12716
-0.030945 0.653996 -0.234774
0.0183456 0.757468 -0.234774
-0.1093 0.859098 -0.12716
0.0106364 0.68262 -0.234774
-0.123007 0.847924 -0.12716
-0.0230375 0.674507 -0.12716
-0.099086 0.855119 -0.12716
0.0192036 0.643896 -0.234774
-0.0680466 0.734506 -0.12716
-0.142905 0.589095 -0.234774
-0.145807 0.776597 -0.234774
-0.155163 0.667004 -0.12716
-0.164981 0.562308 -0.166292
-0.174734 0.56139 -0.132051
-0.0093955 0.581904 -0.12716
-0.0449147 0.593383 -0.12716
-0.110223 0.868894 -0.200533
-0.159514 0.765423 -0.12716
-0.0741735 0.590627 -0.12716
0.00997673 0.741855 -0.12716
-0.158988 0.864301 -0.136943
-0.18653 0.6344 -0.234774
-0.159975 0.770321 -0.12716
-0.157073 0.582819 -0.12716
-0.161424 0.681238 -0.12716
-0.196154 0.841035 -0.234774
-0.143828 0.598891 -0.12716
-0.147652 0.796189 -0.12716
-0.11701 0.78425 -0.12716
0.0168969 0.668386 -0.12716
-0.0225114 0.773386 -0.12716
-0.00774844 0.61665 -0.234774
-0.0502525 0.597822 -0.12716
-0.154111 0.86476 -0.146726
-0.042345 0.618333 -0.234774
-0.0224467 0.877162 -0.141834
0.0250674 0.738335 -0.205425
-0.162808 0.695932 -0.12716
-0.0381929 0.574251 -0.19075
-0.200108 0.830779 -0.12716
-0.167749 0.591696 -0.12716
0.0176859 0.816703 -0.180967
-0.163269 0.70083 -0.12716
-0.0918339 0.569198 -0.195642
0.0126801 0.608691 -0.12716
-0.180994 0.575624 -0.2201
-0.16373 0.705728 -0.12716
0.0241448 0.748131 -0.205425
-0.0882768 0.688128 -0.234774
-0.140206 0.821597 -0.12716
0.0370624 0.610988 -0.161401
-0.198525 0.761748 -0.195642
-0.106795 0.780271 -0.234774
-0.0381282 0.678027 -0.12716
-0.201293 0.791136 -0.224991
-0.165114 0.720422 -0.12716
-0.168805 0.759606 -0.12716
-0.149235 0.86522 -0.156509
-0.14093 0.777056 -0.234774
-0.181986 0.847311 -0.12716
-0.0466307 0.820528 -0.12716
-0.148704 0.598432 -0.234774
-0.0614584 0.873487 -0.166292
-0.00597197 0.858948 -0.234774
-0.0796449 0.75318 -0.12716
-0.137766 0.638994 -0.12716
-0.19668 0.742156 -0.12716
-0.168542 0.809045 -0.12716
-0.170651 0.779198 -0.12716
-0.173419 0.808586 -0.12716
-0.17513 0.670064 -0.234774
-0.177109 0.84777 -0.234774
0.0250674 0.738335 -0.146726
0.0215103 0.619406 -0.12716
0.0186086 0.806907 -0.12716
-0.0517055 0.874406 -0.200533
-0.134605 0.866598 -0.12716
-0.18976 0.668686 -0.180967
-0.164916 0.666085 -0.234774
-0.167818 0.853587 -0.234774
-0.173682 0.759147 -0.12716
-0.118394 0.798944 -0.234774
-0.109231 0.597208 -0.234774
-0.111672 0.779812 -0.234774
-0.119976 0.867976 -0.136943
-0.16195 0.58236 -0.12716
-0.173156 0.858025 -0.12716
-0.157535 0.587717 -0.12716
-0.141983 0.579299 -0.12716
0.0227607 0.762825 -0.215208
-0.0360845 0.604098 -0.234774
-0.0385248 0.786702 -0.234774
-0.149235 0.86522 -0.180967
-0.0252795 0.802773 -0.234774
-0.0219165 0.610374 -0.234774
-0.123861 0.59583 -0.12716
-0.127685 0.793128 -0.12716
-0.029298 0.688742 -0.12716
-0.190221 0.673584 -0.205425
-0.032329 0.66869 -0.12716
0.00569522 0.578384 -0.19075
-0.0191484 0.580986 -0.234774
0.0361397 0.620784 -0.156509
-0.161359 0.785015 -0.12716
-0.158457 0.597513 -0.12716
-0.159578 0.661646 -0.12716
0.0213767 0.777519 -0.234774
-0.158919 0.602411 -0.12716
-0.163532 0.651391 -0.234774
-0.159841 0.612207 -0.12716
-0.164127 0.814403 -0.12716
-0.160303 0.617105 -0.12716
0.0255288 0.733437 -0.185859
-0.192989 0.702972 -0.224991
-0.183435 0.758228 -0.12716
-0.115824 0.823894 -0.234774
-0.0573063 0.829406 -0.12716
-0.0420173 0.771548 -0.234774
0.0389077 0.591396 -0.19075
0.01907 0.802009 -0.161401
-0.190419 0.727922 -0.12716
-0.193123 0.861086 -0.224991
-0.182378 0.590318 -0.224991
-0.14093 0.777056 -0.12716
-0.046829 0.874865 -0.234774
-0.081292 0.718435 -0.12716
-0.152395 0.637616 -0.12716
-0.12261 0.73925 -0.234774
-0.0520979 0.617414 -0.12716
-0.0996768 0.652464 -0.12716
-0.0227745 0.723946 -0.234774
-0.0733844 0.738945 -0.12716
-0.121226 0.724556 -0.12716
-0.0817533 0.723332 -0.12716
-0.163532 0.651391 -0.12716
-0.0554609 0.809814 -0.234774
-0.167356 0.848689 -0.12716
-0.164455 0.661187 -0.12716
-0.165377 0.670983 -0.12716
-0.126762 0.783332 -0.12716
-0.100272 0.815476 -0.12716
-0.0973701 0.627974 -0.12716
-0.151934 0.632718 -0.12716
-0.117471 0.789149 -0.12716
-0.196219 0.737258 -0.234774
0.0130078 0.761907 -0.12716
-0.109891 0.656443 -0.234774
-0.112331 0.839047 -0.234774
-0.0576987 0.572413 -0.156509
-0.0373391 0.826345 -0.12716
-0.0335148 0.629047 -0.12716
-0.166761 0.685677 -0.12716
-0.115362 0.818996 -0.234774
-0.0281123 0.728385 -0.12716
-0.0515719 0.716292 -0.12716
-0.130979 0.723637 -0.12716
-0.0430694 0.573791 -0.210317
-0.0546676 0.592465 -0.12716
0.0194666 0.693335 -0.12716
-0.169068 0.710167 -0.12716
-0.206368 0.845014 -0.141834
-0.157733 0.642054 -0.12716
-0.160635 0.829556 -0.12716
-0.178886 0.605472 -0.12716
-0.043466 0.682466 -0.234774
-0.103764 0.800322 -0.12716
-0.100862 0.612821 -0.12716
-0.0275862 0.827263 -0.234774
-0.171836 0.739555 -0.12716
-0.00834339 0.779661 -0.234774
-0.00682575 0.606854 -0.234774
-0.0522315 0.775528 -0.12716
-0.0497912 0.592924 -0.12716
-0.155228 0.563227 -0.12716
-0.0126938 0.878081 -0.210317
-0.130846 0.565524 -0.205425
-0.0819516 0.77767 -0.12716
-0.148773 0.860322 -0.12716
-0.0419526 0.875325 -0.185859
-0.114569 0.601647 -0.12716
-0.0316047 0.713232 -0.234774
-0.0441904 0.637924 -0.12716
-0.193912 0.712768 -0.234774
-0.191605 0.688278 -0.151618
0.0118868 0.82604 -0.234774
0.0157112 0.628742 -0.234774
-0.0764802 0.615117 -0.234774
-0.160898 0.780117 -0.12716
-0.19411 0.767105 -0.12716
-0.0235635 0.575629 -0.180967
-0.101587 0.56828 -0.151618
-0.176911 0.793433 -0.12716
-0.183301 0.600114 -0.12716
-0.1922 0.85129 -0.12716
-0.0769415 0.620015 -0.234774
-0.177372 0.798331 -0.12716
-0.0623122 0.621393 -0.12716
0.020454 0.787315 -0.234774
-0.127815 0.585575 -0.12716
-0.105347 0.869354 -0.141834
-0.101587 0.56828 -0.215208
-0.136119 0.673739 -0.234774
-0.0663348 0.873028 -0.146726
-0.0580954 0.681088 -0.234774
-0.060997 0.868589 -0.234774
-0.085181 0.811956 -0.234774
-0.0450483 0.751497 -0.12716
-0.108968 0.646647 -0.12716
-0.155098 0.77078 -0.12716
-0.163864 0.863842 -0.229883
-0.165839 0.675881 -0.12716
0.021312 0.673743 -0.234774
-0.0786575 0.84716 -0.12716
-0.0748331 0.649863 -0.12716
-0.182447 0.852209 -0.12716
-0.204984 0.83032 -0.180967
0.000948178 0.785478 -0.234774
-0.030419 0.752875 -0.12716
0.0135339 0.860785 -0.171184
-0.0528223 0.572873 -0.141834
-0.0801709 0.654301 -0.12716
-0.0244862 0.585425 -0.234774
-0.0273879 0.772926 -0.234774
-0.0625752 0.571954 -0.146726
-0.0889365 0.747363 -0.12716
-0.139482 0.866138 -0.224991
0.0315263 0.669764 -0.195642
-0.167882 0.74981 -0.12716
0.0213767 0.777519 -0.200533
-0.123994 0.753944 -0.12716
-0.0792483 0.644505 -0.234774
-0.183038 0.649554 -0.12716
-0.132165 0.683994 -0.12716
-0.0396458 0.850835 -0.12716
-0.161027 0.572564 -0.12716
-0.185608 0.624604 -0.136943
-0.106994 0.834608 -0.12716
-0.104092 0.647107 -0.12716
-0.0667273 0.616036 -0.12716
-0.177963 0.595676 -0.12716
0.0144565 0.850989 -0.156509
-0.0900575 0.811496 -0.12716
-0.0866945 0.619097 -0.12716
-0.0884751 0.742465 -0.12716
-0.150088 0.613126 -0.12716
-0.0508475 0.760834 -0.12716
-0.0907171 0.870732 -0.210317
-0.137438 0.792209 -0.12716
-0.160104 0.562768 -0.224991
-0.125378 0.768638 -0.12716
-0.0314064 0.658894 -0.234774
-0.0327257 0.777365 -0.12716
-0.0186871 0.576088 -0.185859
-0.168279 0.858485 -0.12716
-0.166697 0.789453 -0.12716
-0.163795 0.601952 -0.12716
-0.195757 0.73236 -0.132051
-0.0427416 0.727007 -0.12716
0.00641959 0.622926 -0.234774
-0.0339114 0.737722 -0.12716
-0.14673 0.786393 -0.12716
-0.160436 0.775219 -0.12716
-0.156612 0.577921 -0.12716
-0.154042 0.60287 -0.12716
-0.1777 0.645115 -0.234774
-0.180602 0.832617 -0.234774
-0.167223 0.690575 -0.234774
-0.0344374 0.638843 -0.12716
-0.143237 0.801546 -0.234774
-0.0020182 0.869203 -0.12716
-0.04485 0.69716 -0.12716
-0.199448 0.771544 -0.176075
-0.146859 0.57884 -0.12716
-0.160699 0.725779 -0.12716
0.0278355 0.708947 -0.156509
-0.083797 0.797262 -0.12716
-0.0808953 0.60976 -0.12716
-0.0856424 0.816854 -0.12716
-0.0528912 0.834763 -0.12716
-0.0486055 0.632567 -0.12716
-0.172694 0.853127 -0.12716
-0.168409 0.650932 -0.12716
-0.0424786 0.776446 -0.234774
-0.081818 0.619556 -0.12716
-0.0741735 0.590627 -0.234774
-0.16887 0.65583 -0.12716
-0.056513 0.612057 -0.12716
-0.202677 0.80583 -0.12716
0.00641959 0.622926 -0.12716
-0.140469 0.772158 -0.12716
0.0213767 0.777519 -0.146726
-0.170254 0.670524 -0.12716
-0.171177 0.68032 -0.12716
-0.158656 0.65185 -0.12716
-0.161557 0.839352 -0.12716
-0.174867 0.719504 -0.12716
-0.162411 0.587258 -0.12716
-0.161687 0.631799 -0.12716
-0.0847844 0.703281 -0.12716
0.0141935 0.80155 -0.12716
-0.17388 0.813484 -0.234774
-0.0926272 0.786547 -0.12716
-0.125969 0.565983 -0.12716
-0.114966 0.710321 -0.12716
-0.0898592 0.757159 -0.234774
-0.0928255 0.840884 -0.234774
0.033833 0.645274 -0.156509
-0.0642911 0.799099 -0.12716
-0.0604668 0.601801 -0.12716
-0.206368 0.845014 -0.215208
-0.119778 0.813638 -0.12716
-0.186992 0.639298 -0.200533
-0.0524298 0.829865 -0.12716
-0.119053 0.85818 -0.12716
-0.114043 0.700525 -0.12716
-0.0318677 0.663792 -0.12716
-0.0435307 0.578689 -0.12716
-0.178097 0.753789 -0.12716
0.0157759 0.732519 -0.12716
-0.0262022 0.812569 -0.12716
-0.0931533 0.687669 -0.12716
-0.16874 0.863383 -0.229883
-0.190682 0.678482 -0.180967
-0.122938 0.586034 -0.12716
-0.126301 0.778434 -0.12716
0.00351792 0.810427 -0.12716
-0.174208 0.660268 -0.234774
-0.178032 0.857566 -0.234774
-0.105873 0.770475 -0.12716
-0.101587 0.56828 -0.12716
-0.0605357 0.863691 -0.12716
-0.057634 0.67619 -0.12716
-0.181391 0.684299 -0.12716
-0.137964 0.693331 -0.12716
-0.141129 0.831393 -0.12716
-0.0586214 0.582209 -0.12716
-0.0834651 0.584811 -0.12716
-0.0985558 0.588331 -0.234774
-0.101457 0.775832 -0.234774
-0.201492 0.845473 -0.12716
0.0105717 0.578844 -0.229883
-0.160104 0.562768 -0.161401
-0.184094 0.817463 -0.12716
-0.00781735 0.87854 -0.2201
-0.154374 0.815321 -0.12716
0.0144565 0.850989 -0.215208
0.0217733 0.668845 -0.12716
-0.0511752 0.607618 -0.234774
-0.0549996 0.804916 -0.234774
-0.00867113 0.626446 -0.12716
-0.195033 0.776901 -0.234774
-0.0381929 0.574251 -0.224991
-0.147057 0.633177 -0.12716
0.0310649 0.674662 -0.12716
-0.136183 0.569962 -0.12716
-0.00933079 0.685681 -0.12716
-0.178161 0.650013 -0.234774
-0.129069 0.807822 -0.12716
-0.139413 0.604248 -0.12716
-0.141193 0.727617 -0.12716
0.0356783 0.625682 -0.185859
-0.190221 0.673584 -0.12716
-0.18528 0.77782 -0.12716
-0.179942 0.773381 -0.12716
-0.17704 0.58588 -0.12716
0.0306036 0.679559 -0.132051
-0.174341 0.818382 -0.12716
-0.17144 0.63088 -0.12716
-0.0264652 0.76313 -0.12716
-0.0545382 0.800018 -0.12716
-0.0516366 0.612516 -0.12716
-0.0430694 0.573791 -0.180967
-0.167684 0.695473 -0.12716
-0.0387231 0.841039 -0.234774
0.0278355 0.708947 -0.195642
0.0370624 0.610988 -0.136943
-0.102445 0.681852 -0.12716
-0.18093 0.679401 -0.12716
-0.14106 0.569503 -0.12716
-0.0714743 0.82313 -0.12716
-0.117997 0.69027 -0.12716
-0.0197434 0.743998 -0.12716
-0.0663348 0.873028 -0.161401
0.0203246 0.579762 -0.156509
0.00575993 0.682161 -0.12716
-0.151209 0.677259 -0.12716
-0.114108 0.596749 -0.12716
-0.0249476 0.590323 -0.234774
-0.0292333 0.792518 -0.234774
-0.101587 0.56828 -0.195642
-0.170189 0.7743 -0.12716
0.0153792 0.841193 -0.151618
-0.178756 0.813025 -0.12716
-0.14673 0.786393 -0.234774
-0.0674516 0.571495 -0.156509
-0.0994785 0.598127 -0.234774
-0.102841 0.790526 -0.234774
0.0393691 0.586498 -0.205425
-0.153516 0.701749 -0.12716
-0.171638 0.685218 -0.234774
-0.00294089 0.878999 -0.234774
-0.163929 0.760065 -0.12716
-0.160104 0.562768 -0.12716
-0.0290996 0.634404 -0.12716
-0.144358 0.865679 -0.185859
0.00193557 0.879459 -0.176075
-0.195296 0.727462 -0.210317
-0.186729 0.688738 -0.12716
-0.188772 0.762667 -0.12716
0.00879101 0.702212 -0.12716
0.0126112 0.870581 -0.146726
-0.147717 0.692412 -0.12716
0.0165002 0.77706 -0.12716
-0.148312 0.855424 -0.12716
-0.059876 0.804456 -0.234774
-0.0520332 0.72119 -0.12716
-0.193912 0.712768 -0.132051
-0.0783256 0.634709 -0.12716
-0.193847 0.816545 -0.12716
-0.132363 0.738331 -0.12716
-0.131178 0.777975 -0.12716
-0.118855 0.803842 -0.12716
-0.19477 0.826341 -0.12716
-0.133152 0.590014 -0.234774
-0.135593 0.772617 -0.234774
-0.0522962 0.671751 -0.234774
-0.184422 0.664248 -0.12716
-0.187324 0.851749 -0.12716
0.0347557 0.635478 -0.229883
0.000818765 0.577925 -0.141834
-0.185146 0.619706 -0.176075
-0.0322643 0.772467 -0.12716
0.0199927 0.792213 -0.234774
0.0242784 0.590018 -0.234774
-0.196219 0.737258 -0.12716
-0.181456 0.580522 -0.200533
-0.171573 0.788994 -0.12716
-0.123731 0.803383 -0.12716
-0.1663 0.680779 -0.12716
0.0312632 0.620324 -0.234774
-0.183698 0.708789 -0.12716
-0.0706811 0.605781 -0.12716
0.0186086 0.806907 -0.19075
-0.166895 0.843791 -0.12716
0.000818765 0.577925 -0.171184
-0.14159 0.836291 -0.234774
-0.046829 0.874865 -0.171184
-0.177898 0.699452 -0.12716
-0.0766785 0.669455 -0.12716
-0.082081 0.570117 -0.234774
-0.128276 0.590473 -0.12716
-0.178032 0.857566 -0.12716
-0.174208 0.660268 -0.12716
-0.0907171 0.870732 -0.2201
-0.181917 0.58542 -0.229883
-0.067913 0.576393 -0.12716
-0.125969 0.565983 -0.210317
0.0303405 0.63012 -0.12716
0.0250674 0.738335 -0.166292
-0.169857 0.561849 -0.146726
-0.184883 0.669146 -0.12716
-0.187785 0.856647 -0.12716
0.0158406 0.836295 -0.171184
-0.134868 0.817159 -0.234774
-0.190682 0.678482 -0.195642
-0.173087 0.596135 -0.12716
-0.0381929 0.574251 -0.205425
-0.117337 0.631035 -0.12716
-0.120239 0.818536 -0.12716
-0.0493298 0.588026 -0.12716
-0.133946 0.807362 -0.12716
-0.194835 0.722564 -0.171184
-0.132825 0.743229 -0.12716
-0.153714 0.756086 -0.12716
-0.106071 0.824812 -0.12716
0.0172246 0.821601 -0.136943
-0.0248828 0.694099 -0.12716
-0.182249 0.797871 -0.12716
-0.0359551 0.811651 -0.12716
-0.0325921 0.619251 -0.12716
-0.020403 0.803233 -0.12716
-0.0614584 0.873487 -0.215208
-0.0756911 0.763435 -0.12716
-0.0723281 0.571035 -0.12716
-0.193912 0.712768 -0.205425
-0.185478 0.832157 -0.12716
-0.150287 0.667463 -0.12716
-0.126827 0.679555 -0.12716
-0.129267 0.862159 -0.12716
-0.19345 0.70787 -0.171184
-0.180072 0.565829 -0.12716
-0.182512 0.748432 -0.12716
-0.0740441 0.79818 -0.12716
-0.136382 0.6243 -0.234774
-3.9215e-05 0.691498 -0.12716
-0.0213904 0.709252 -0.234774
-0.0370761 0.875784 -0.229883
-0.182378 0.590318 -0.12716
-0.193123 0.861086 -0.12716
-0.207291 0.85481 -0.180967
-0.186992 0.639298 -0.234774
-0.188509 0.812106 -0.234774
-0.0662659 0.611138 -0.12716
-0.175066 0.773841 -0.12716
-0.0361534 0.865988 -0.12716
-0.131639 0.782873 -0.12716
-0.15312 0.593074 -0.12716
-0.156944 0.790372 -0.12716
-0.057371 0.725629 -0.12716
-0.172957 0.803688 -0.12716
-0.168672 0.601492 -0.12716
-0.0919676 0.727312 -0.234774
-0.192066 0.693176 -0.151618
0.0186086 0.806907 -0.234774
0.0215103 0.619406 -0.234774
-0.00405769 0.577466 -0.12716
-0.00788205 0.774763 -0.12716
-0.0408963 0.707415 -0.12716
-0.11826 0.640831 -0.12716
-0.0601391 0.755017 -0.12716
-0.0772735 0.832466 -0.12716
-0.121623 0.83323 -0.12716
-0.164653 0.715524 -0.12716
-0.0471567 0.72165 -0.12716
-0.0273232 0.876703 -0.12716
-0.178493 0.862464 -0.195642
-0.135657 0.668841 -0.234774
-0.18653 0.6344 -0.215208
-0.0394475 0.796498 -0.12716
-0.0370072 0.613894 -0.12716
-0.164981 0.562308 -0.229883
-0.174734 0.56139 -0.19075
-0.084918 0.861395 -0.12716
-0.139745 0.816699 -0.234774
-0.0196098 0.585884 -0.234774
-0.104816 0.602565 -0.12716
0.00193557 0.879459 -0.19075
-0.195296 0.727462 -0.224991
0.0242784 0.590018 -0.12716
0.0199927 0.792213 -0.12716
-0.109102 0.804761 -0.12716
-0.173617 0.862923 -0.151618
-0.00122493 0.651854 -0.12716
-0.0041266 0.839356 -0.12716
0.0347557 0.635478 -0.12716
-0.0240938 0.842417 -0.234774
-0.0211921 0.654915 -0.234774
-0.193649 0.762208 -0.12716
-0.19734 0.801391 -0.12716
0.0319876 0.664865 -0.166292
-0.18719 0.693636 -0.12716
-0.188311 0.757769 -0.12716
-0.0480794 0.731446 -0.234774
-0.0835987 0.742924 -0.12716
0.0149179 0.846091 -0.151618
-0.194308 0.821443 -0.234774
-0.189298 0.663788 -0.12716
-0.18284 0.595216 -0.12716
-0.186203 0.787616 -0.12716
-0.0764155 0.718894 -0.12716
-0.123335 0.694709 -0.234774
-0.105347 0.869354 -0.12716
0.0384464 0.596294 -0.2201
-0.129595 0.708943 -0.234774
-0.0178333 0.828182 -0.12716
-0.0674516 0.571495 -0.161401
-0.18653 0.6344 -0.132051
-0.105213 0.71124 -0.12716
-0.164192 0.710626 -0.12716
-0.146398 0.573942 -0.12716
-0.191605 0.688278 -0.12716
-0.176648 0.842872 -0.12716
-0.175855 0.625523 -0.12716
-0.0684432 0.843181 -0.234774
-0.185806 0.678942 -0.12716
-0.189695 0.772463 -0.12716
-0.0109778 0.650936 -0.12716
-0.0138795 0.838437 -0.12716
-0.0917692 0.672975 -0.12716
-0.150351 0.563686 -0.210317
-0.0843877 0.594607 -0.234774
0.0222994 0.767723 -0.185859
-0.145475 0.564146 -0.151618
-0.0675206 0.833385 -0.12716
-0.0646189 0.645883 -0.12716
0.0317246 0.615426 -0.12716
-0.125245 0.610524 -0.12716
-0.178558 0.758687 -0.12716
-0.175195 0.566288 -0.12716
-0.156746 0.736035 -0.12716
-0.134144 0.8617 -0.12716
-0.171112 0.784096 -0.12716
-0.0576987 0.572413 -0.12716
-0.16248 0.849148 -0.12716
-0.0211274 0.758692 -0.12716
-0.181589 0.738636 -0.12716
-0.202876 0.860167 -0.19075
-0.186992 0.639298 -0.166292
-0.0750315 0.7042 -0.12716
-0.173022 0.699912 -0.12716
-0.134075 0.59981 -0.12716
-0.0125602 0.719967 -0.12716
-0.0905835 0.712618 -0.12716
-0.200569 0.835677 -0.12716
-0.046829 0.874865 -0.224991
-0.17704 0.58588 -0.234774
-0.179942 0.773381 -0.234774
-0.116216 0.566902 -0.161401
0.00187086 0.775682 -0.12716
-0.120368 0.610983 -0.12716
-0.122809 0.793587 -0.12716
-0.0866945 0.619097 -0.234774
-0.0900575 0.811496 -0.234774
-0.166037 0.730218 -0.12716
-0.185017 0.827259 -0.12716
-0.0372055 0.668231 -0.12716
-0.193912 0.712768 -0.200533
-0.180533 0.570726 -0.12716
-0.0967104 0.568739 -0.215208
-0.181456 0.580522 -0.215208
-0.171573 0.788994 -0.234774
-0.111672 0.779812 -0.12716
-0.109231 0.597208 -0.12716
-0.113646 0.591851 -0.234774
-0.0175703 0.877621 -0.146726
-0.118394 0.798944 -0.12716
-0.123731 0.803383 -0.234774
-0.0641575 0.640985 -0.234774
-0.0679819 0.838283 -0.234774
-0.0191484 0.580986 -0.12716
-0.0151299 0.695018 -0.12716
-0.159117 0.656748 -0.12716
0.0227607 0.762825 -0.200533
-0.202414 0.855269 -0.12716
-0.0674516 0.571495 -0.200533
-0.194835 0.722564 -0.12716
-0.0986247 0.850221 -0.12716
-0.145147 0.717361 -0.12716
0.0375237 0.60609 -0.200533
-0.0942743 0.751802 -0.234774
-0.199909 0.776442 -0.12716
-0.166498 0.735116 -0.12716
-0.154439 0.711545 -0.12716
-0.181456 0.580522 -0.205425
-0.130781 0.6693 -0.234774
-0.133683 0.856802 -0.234774
-0.197801 0.806289 -0.12716
0.0361397 0.620784 -0.185859
-0.109628 0.705883 -0.12716
-0.0861684 0.717975 -0.234774
0.0195313 0.797111 -0.195642
0.0127448 0.712467 -0.234774
-0.123533 0.749046 -0.12716
-0.0771399 0.674353 -0.12716
-0.093218 0.583892 -0.234774
-0.0970423 0.78119 -0.234774
0.0306036 0.679559 -0.2201
-0.12966 0.605167 -0.12716
-0.0475534 0.830324 -0.12716
-0.0446517 0.642823 -0.12716
-0.0381929 0.574251 -0.229883
-0.184819 0.772922 -0.12716
0.0203246 0.579762 -0.151618
-0.19477 0.826341 -0.234774
-0.0321996 0.876243 -0.229883
-0.199448 0.771544 -0.12716
-0.188376 0.653992 -0.12716
-0.184224 0.60991 -0.12716
-0.191277 0.841494 -0.12716
-0.187125 0.797412 -0.12716
-0.193912 0.712768 -0.141834
-0.165774 0.779657 -0.12716
-0.00188459 0.71109 -0.234774
-0.205445 0.835218 -0.12716
-0.0332517 0.678486 -0.234774
-0.00794676 0.670987 -0.12716
-0.0108484 0.858489 -0.12716
0.0135339 0.860785 -0.141834
-0.0497912 0.592924 -0.234774
-0.0522315 0.775528 -0.234774
0.0393691 0.586498 -0.180967
-0.175725 0.833076 -0.12716
-0.0625752 0.571954 -0.12716
-0.133812 0.649249 -0.12716
-0.136714 0.83675 -0.12716
-0.0816886 0.827109 -0.234774
-0.116548 0.779352 -0.12716
-0.186401 0.841953 -0.12716
-0.12518 0.714301 -0.12716
-0.200832 0.786238 -0.210317
-0.00702407 0.661191 -0.12716
-0.153581 0.597972 -0.12716
-0.156483 0.785474 -0.12716
0.0149179 0.846091 -0.19075
-0.0848491 0.599505 -0.12716
-0.0967104 0.568739 -0.136943
-0.181456 0.580522 -0.195642
-0.0401719 0.751956 -0.234774
-0.155888 0.622462 -0.234774
-0.160173 0.824658 -0.234774
-0.0370761 0.875784 -0.19075
-0.184685 0.614808 -0.12716
-0.140599 0.564605 -0.12716
-0.1435 0.752107 -0.12716
-0.178623 0.654911 -0.12716
0.021049 0.624304 -0.12716
0.0181473 0.811805 -0.12716
-0.0566466 0.77017 -0.12716
-0.159777 0.715983 -0.12716
0.0310649 0.674662 -0.205425
-0.0395769 0.588945 -0.234774
-0.0967793 0.830629 -0.12716
-0.0938776 0.643127 -0.12716
-0.0918339 0.569198 -0.12716
-0.150946 0.726698 -0.12716
-0.02844 0.575169 -0.205425
-0.169003 0.813943 -0.234774
-0.148243 0.593534 -0.12716
0.0154481 0.579303 -0.171184
-0.104816 0.602565 -0.234774
-0.163993 0.656289 -0.234774
-0.0590181 0.690884 -0.12716
-0.0966457 0.672515 -0.12716
-0.154374 0.815321 -0.234774
-0.180666 0.72884 -0.12716
-0.119907 0.606086 -0.234774
-0.182577 0.644656 -0.12716
-0.164981 0.562308 -0.141834
-0.197141 0.747054 -0.12716
-0.0266635 0.817467 -0.234774
-0.0306173 0.807212 -0.12716
-0.0242232 0.634864 -0.234774
-0.0219854 0.872264 -0.234774
-0.0825424 0.575015 -0.234774
-0.0198081 0.640221 -0.234774
-0.102182 0.731291 -0.12716
-0.0479458 0.573332 -0.12716
-0.123533 0.749046 -0.234774
-0.101194 0.825272 -0.12716
0.033833 0.645274 -0.205425
-0.149364 0.657667 -0.12716
-0.152727 0.850066 -0.12716
-0.201755 0.796034 -0.200533
-0.130979 0.723637 -0.234774
-0.0264005 0.866907 -0.234774
-0.0239602 0.684303 -0.234774
-0.200832 0.786238 -0.12716
-0.204984 0.83032 -0.161401
0.0159742 0.678182 -0.234774
-0.112793 0.843945 -0.234774
-0.0408315 0.811191 -0.234774
0.00681203 0.879918 -0.224991
-0.0948003 0.652923 -0.12716
-0.195757 0.73236 -0.156509
-0.0304837 0.649098 -0.234774
-0.034308 0.846396 -0.234774
-0.137701 0.74277 -0.12716
-0.0153283 0.749355 -0.12716
-0.0286383 0.629506 -0.12716
-0.136382 0.6243 -0.12716
-0.0440609 0.845477 -0.12716
-0.0411593 0.657976 -0.12716
-0.0888718 0.85114 -0.12716
-0.129332 0.758383 -0.12716
-0.190682 0.678482 -0.185859
-0.0472214 0.617873 -0.12716
-0.16874 0.863383 -0.234774
-0.0565819 0.873947 -0.180967
-0.206829 0.849912 -0.12716
0.0379851 0.601192 -0.166292
-0.0927566 0.578994 -0.12716
0.0186086 0.806907 -0.176075
-0.0633685 0.789303 -0.234774
-0.0223131 0.719048 -0.234774
-0.18976 0.668686 -0.12716
-0.185741 0.782718 -0.12716
0.035217 0.63058 -0.200533
0.00523388 0.583282 -0.234774
-0.170319 0.566747 -0.12716
-0.170056 0.616186 -0.12716
-0.0895961 0.806598 -0.234774
-0.0426769 0.830783 -0.12716
-0.0374038 0.722568 -0.12716
-0.160238 0.720881 -0.12716
-0.0561853 0.765272 -0.12716
-0.0970423 0.78119 -0.12716
-0.093218 0.583892 -0.12716
-0.192528 0.698074 -0.12716
-0.13902 0.86124 -0.234774
-0.00181988 0.814866 -0.234774
-0.0923642 0.835986 -0.12716
-0.178161 0.650013 -0.12716
-0.202216 0.800932 -0.12716
0.00193557 0.879459 -0.141834
-0.0810289 0.767874 -0.12716
0.0342943 0.640376 -0.210317
-0.0361534 0.865988 -0.234774
-0.139482 0.866138 -0.200533
0.023817 0.594916 -0.234774
-0.195296 0.727462 -0.12716
-0.18785 0.752871 -0.12716
-0.0870911 0.727771 -0.12716
-0.137567 0.584656 -0.234774
-0.143039 0.747209 -0.234774
-0.0555256 0.706037 -0.234774
-0.0803046 0.812415 -0.12716
-0.124257 0.704505 -0.12716
-0.177635 0.748891 -0.12716
-0.176118 0.576084 -0.12716
0.0324489 0.659968 -0.146726
-0.0427416 0.727007 -0.234774
-0.171772 0.843331 -0.12716
-0.169331 0.660728 -0.12716
-0.202876 0.860167 -0.156509
-0.186992 0.639298 -0.12716
-0.188509 0.812106 -0.12716
-0.198724 0.816085 -0.12716
0.0384464 0.596294 -0.234774
-0.156284 0.731137 -0.12716
0.0259254 0.624763 -0.12716
-0.107718 0.790067 -0.12716
-0.113185 0.586953 -0.234774
-0.0885398 0.638689 -0.234774
0.0227607 0.762825 -0.176075
-0.11892 0.700066 -0.12716
0.033833 0.645274 -0.185859
0.000818765 0.577925 -0.180967
-0.0662012 0.714914 -0.12716
0.0232221 0.757927 -0.141834
-0.00228123 0.819764 -0.234774
-0.0760878 0.87211 -0.12716
-0.197538 0.855729 -0.12716
-0.0430694 0.573791 -0.171184
-0.203139 0.810728 -0.166292
-0.007356 0.873642 -0.12716
-0.125641 0.719199 -0.234774
-0.0783256 0.634709 -0.234774
-0.117139 0.576698 -0.12716
-0.120041 0.764199 -0.12716
-0.0353601 0.648639 -0.234774
-0.0382618 0.836141 -0.234774
-0.172233 0.848229 -0.12716
-0.0273232 0.876703 -0.2201
-0.109365 0.755322 -0.12716
-0.106463 0.56782 -0.12716
0.0263868 0.619865 -0.12716
-0.0627088 0.730068 -0.12716
-0.128608 0.802924 -0.12716
-0.156086 0.6768 -0.12716
-0.197999 0.860627 -0.12716
-0.198064 0.75685 -0.12716
-0.2036 0.815626 -0.12716
-0.152529 0.795729 -0.234774
-0.0717373 0.77369 -0.234774
-0.153977 0.706647 -0.12716
-0.198262 0.811187 -0.12716
-0.00425601 0.631803 -0.12716
-0.00808037 0.829101 -0.12716
-0.0685079 0.739404 -0.234774
-0.198525 0.761748 -0.12716
-0.172099 0.690116 -0.12716
-0.198064 0.75685 -0.176075
-0.10251 0.578076 -0.12716
0.0259901 0.728539 -0.161401
-0.0250812 0.748436 -0.12716
-0.106463 0.56782 -0.180967
-0.0594147 0.799558 -0.234774
-0.141521 0.574401 -0.234774
-0.144884 0.766801 -0.234774
-0.0625752 0.571954 -0.166292
-0.151472 0.62782 -0.12716
-0.117074 0.680474 -0.12716
0.035217 0.63058 -0.224991
-0.139546 0.762362 -0.12716
-0.0540769 0.79512 -0.12716
-0.0292333 0.792518 -0.12716
-0.0249476 0.590323 -0.12716
0.0264515 0.723641 -0.205425
-0.206829 0.849912 -0.195642
-0.069892 0.754098 -0.234774
-0.0241585 0.73864 -0.234774
-0.207752 0.859708 -0.12716
-0.0412929 0.81609 -0.12716
0.0120204 0.667926 -0.12716
0.00819606 0.865224 -0.12716
-0.0915709 0.618637 -0.12716
-0.165972 0.833995 -0.12716
-0.124719 0.709403 -0.234774
-0.187453 0.644196 -0.151618
-0.000763583 0.646956 -0.12716
-0.00458794 0.844254 -0.12716
-0.0524945 0.726088 -0.12716
-0.167486 0.641136 -0.12716
-0.180533 0.570726 -0.19075
-0.0902558 0.865834 -0.12716
-0.192463 0.801851 -0.234774
0.021838 0.772621 -0.171184
0.0252011 0.580222 -0.171184
-0.0492004 0.795579 -0.234774
-0.198525 0.761748 -0.161401
-0.0311433 0.708334 -0.234774
-0.0907171 0.870732 -0.171184
-0.124852 0.867516 -0.161401
-0.181917 0.58542 -0.180967
-0.0541416 0.691343 -0.234774
-0.169991 0.719963 -0.12716
-0.190221 0.673584 -0.166292
-0.0556592 0.864151 -0.12716
-0.158988 0.864301 -0.171184
-0.058755 0.740323 -0.234774
-0.194373 0.717666 -0.12716
-0.169857 0.561849 -0.136943
-0.192989 0.702972 -0.166292
-0.0255425 0.753334 -0.12716
-0.169926 0.823739 -0.12716
-0.167025 0.636238 -0.12716
-0.185146 0.619706 -0.12716
-0.0302207 0.698538 -0.12716
-0.0492651 0.691802 -0.234774
-0.163864 0.863842 -0.224991
-0.17131 0.838433 -0.12716
0.0176859 0.816703 -0.205425
-0.113254 0.848843 -0.12716
-0.15556 0.775678 -0.12716
-0.101587 0.56828 -0.180967
-0.120567 0.665321 -0.234774
-0.190816 0.836596 -0.12716
-0.198987 0.766646 -0.200533
-0.13724 0.737872 -0.234774
0.0310649 0.674662 -0.200533
-0.164718 0.611748 -0.12716
-0.02844 0.575169 -0.136943
-0.177372 0.798331 -0.234774
-0.0949339 0.811037 -0.234774
-0.0134829 0.729763 -0.12716
-0.183698 0.708789 -0.234774
-0.188048 0.807208 -0.12716
-0.045971 0.761293 -0.12716
-0.196154 0.841035 -0.12716
-0.146268 0.781495 -0.12716
-0.180007 0.669605 -0.12716
-0.205907 0.840116 -0.12716
-0.19668 0.742156 -0.200533
-0.0311433 0.708334 -0.12716
-0.16874 0.863383 -0.176075
-0.084323 0.698383 -0.12716
-0.0378005 0.831243 -0.234774
-0.17836 0.70435 -0.12716
-0.206368 0.845014 -0.171184
-0.0849827 0.757618 -0.234774
-0.197999 0.860627 -0.215208
-0.158988 0.864301 -0.210317
-0.186069 0.629502 -0.12716
-0.189432 0.821902 -0.12716
0.00193557 0.879459 -0.171184
-0.144358 0.865679 -0.166292
0.0315263 0.669764 -0.161401
-0.0844566 0.856497 -0.12716
-0.081555 0.668995 -0.12716
-0.178493 0.862464 -0.12716
-0.173746 0.65537 -0.12716
-0.0126938 0.878081 -0.229883
0.00681203 0.879918 -0.171184
0.0209154 0.782417 -0.171184
-0.130846 0.565524 -0.210317
-0.185345 0.674044 -0.12716
-0.190156 0.777361 -0.12716
0.0296809 0.689355 -0.195642
-0.181654 0.63486 -0.12716
-0.176514 0.684758 -0.234774
-0.0772046 0.570576 -0.132051
-0.0836634 0.639148 -0.12716
-0.101324 0.617719 -0.234774
-0.105148 0.815016 -0.234774
-0.0660029 0.660577 -0.234774
0.0347557 0.635478 -0.19075
-0.0337778 0.579608 -0.234774
-0.0366795 0.76711 -0.234774
-0.114767 0.655984 -0.12716
0.0287582 0.699151 -0.210317
-0.00979213 0.690579 -0.12716
-0.137175 0.841648 -0.234774
0.00108179 0.627364 -0.234774
-0.0893978 0.752261 -0.12716
-0.204523 0.825422 -0.12716
-0.0163156 0.655374 -0.12716
-0.0196787 0.847774 -0.12716
-0.0907171 0.870732 -0.176075
-0.124852 0.867516 -0.171184
-0.181917 0.58542 -0.200533
-0.0478164 0.780885 -0.12716
-0.155098 0.77078 -0.234774
-0.111801 0.572259 -0.234774
-0.169728 0.769402 -0.12716
-0.165904 0.572104 -0.12716
-0.191605 0.688278 -0.234774
-0.200832 0.786238 -0.161401
-0.0402366 0.64818 -0.12716
0.035217 0.63058 -0.161401
-0.122412 0.684913 -0.12716
-0.138688 0.64879 -0.12716
-0.176118 0.576084 -0.234774
-0.177635 0.748891 -0.234774
-0.0325921 0.619251 -0.234774
-0.0359551 0.811651 -0.234774
0.020454 0.787315 -0.156509
-0.125969 0.565983 -0.224991
-0.173548 0.601033 -0.12716
-0.186267 0.68384 -0.12716
-0.189234 0.767565 -0.12716
-0.103303 0.795424 -0.234774
-0.182775 0.698993 -0.12716
-0.179744 0.719044 -0.12716
0.0135339 0.860785 -0.136943
-0.156219 0.834913 -0.12716
0.0176859 0.816703 -0.171184
-0.166235 0.784555 -0.234774
-0.198064 0.75685 -0.156509
-0.0702886 0.862773 -0.12716
-0.176053 0.67986 -0.12716
-0.0600744 0.858793 -0.234774
-0.198987 0.766646 -0.12716
0.0135339 0.860785 -0.205425
-0.112331 0.839047 -0.12716
-0.109891 0.656443 -0.12716
-0.180994 0.575624 -0.12716
-0.171112 0.784096 -0.234774
0.0158406 0.836295 -0.146726
-0.0998751 0.706801 -0.12716
-0.0449836 0.855273 -0.12716
-0.170715 0.675422 -0.234774
-0.182115 0.639758 -0.12716
-0.184556 0.822361 -0.12716
-0.124654 0.813179 -0.12716
-0.0435996 0.840579 -0.234774
-0.169793 0.665626 -0.12716
-0.11134 0.567361 -0.210317
-0.166434 0.838893 -0.12716
-0.163071 0.646493 -0.12716
-0.195692 0.836137 -0.12716
-0.195231 0.831239 -0.12716
-0.00294089 0.878999 -0.215208
-0.194308 0.821443 -0.12716
-0.192924 0.806749 -0.12716
-0.0874188 0.574555 -0.234774
-0.0912432 0.771853 -0.234774
-0.0694306 0.7492 -0.12716
-0.192002 0.796953 -0.12716
-0.0706163 0.709557 -0.234774
-0.104027 0.750883 -0.12716
-0.0940759 0.697465 -0.12716
-0.0720651 0.620475 -0.234774
-0.0663348 0.873028 -0.12716
-0.0984264 0.795884 -0.234774
-0.197141 0.747054 -0.161401
-0.0805676 0.762976 -0.12716
-0.151408 0.731596 -0.12716
-0.129397 0.654606 -0.12716
-0.057634 0.67619 -0.234774
-0.0605357 0.863691 -0.234774
-0.0990171 0.593229 -0.234774
-0.0517055 0.874406 -0.205425
-0.192661 0.856188 -0.12716
0.0213767 0.777519 -0.166292
-0.0908465 0.663179 -0.234774
-0.182908 0.857107 -0.12716
-0.180468 0.674503 -0.12716
-0.103104 0.741087 -0.12716
-0.00656273 0.656293 -0.12716
-0.0235635 0.575629 -0.19075
-0.188113 0.703432 -0.12716
0.0259901 0.728539 -0.195642
0.00720867 0.771243 -0.12716
-0.0745054 0.803078 -0.12716
-0.0621828 0.828946 -0.12716
-0.117536 0.685372 -0.12716
-0.0468937 0.771089 -0.12716
-0.149562 0.712004 -0.234774
-0.177502 0.590778 -0.234774
0.0398304 0.5816 -0.19075
-0.201293 0.791136 -0.210317
-0.160501 0.671442 -0.12716
-0.204523 0.825422 -0.146726
-0.187388 0.747973 -0.12716
-0.15813 0.750729 -0.234774
-0.18271 0.802769 -0.12716
-0.179347 0.61037 -0.12716
-0.0138106 0.576547 -0.200533
-0.130915 0.827414 -0.12716
-0.192265 0.747514 -0.234774
-0.183896 0.763126 -0.12716
0.00417758 0.751192 -0.234774
-0.0213257 0.813029 -0.12716
-0.0834003 0.688587 -0.12716
-0.0599407 0.70068 -0.234774
-0.178821 0.709248 -0.12716
-0.157207 0.740933 -0.12716
0.00193557 0.879459 -0.195642
-0.0678483 0.680169 -0.12716
-0.161885 0.686136 -0.12716
-0.0546029 0.696241 -0.234774
0.0116885 0.880377 -0.136943
-0.182314 0.694095 -0.12716
0.0130725 0.865683 -0.136943
-0.122015 0.576238 -0.234774
-0.124456 0.758842 -0.234774
0.0213767 0.777519 -0.185859
-0.155362 0.721341 -0.12716
-0.0891348 0.8017 -0.234774
-0.160962 0.67634 -0.12716
-0.163864 0.863842 -0.12716
-0.0561206 0.869049 -0.12716
-0.2036 0.815626 -0.234774
-0.0869575 0.569657 -0.156509
-0.179481 0.768483 -0.12716
-0.200371 0.78134 -0.12716
-0.197141 0.747054 -0.2201
-0.0127585 0.774304 -0.12716
-0.176316 0.630421 -0.12716
-0.168344 0.754708 -0.12716
-0.164981 0.562308 -0.12716
-0.0928255 0.840884 -0.12716
-0.0898592 0.757159 -0.12716
0.0287582 0.699151 -0.136943
-0.175393 0.620625 -0.12716
0.00167255 0.830019 -0.12716
-0.147782 0.588636 -0.12716
-0.150683 0.776137 -0.12716
-0.0350324 0.801855 -0.12716
-0.00247954 0.874101 -0.12716
0.00701035 0.825581 -0.12716
-0.105015 0.656903 -0.234774
-0.162872 0.592156 -0.12716
-0.110223 0.868894 -0.166292
-0.202677 0.80583 -0.180967
-0.181787 0.792973 -0.12716
-0.119381 0.704964 -0.234774
-0.069297 0.591087 -0.12716
-0.103894 0.59277 -0.12716
-0.174009 0.605931 -0.12716
-0.0208644 0.808131 -0.234774
-0.172625 0.591237 -0.12716
0.0321859 0.610528 -0.234774
-0.183236 0.703891 -0.12716
-0.146333 0.677718 -0.12716
-0.0895961 0.806598 -0.12716
0.0146549 0.796652 -0.234774
0.0161725 0.623844 -0.234774
-0.133946 0.807362 -0.234774
-0.122214 0.630575 -0.12716
-0.0546676 0.592465 -0.234774
-0.0030703 0.671446 -0.12716
-0.0611265 0.661037 -0.12716
-0.0183593 0.729304 -0.12716
-0.144949 0.663024 -0.12716
-0.147851 0.850526 -0.12716
0.0329103 0.65507 -0.234774
-0.00893415 0.577007 -0.234774
-0.103169 0.637311 -0.234774
-0.0822793 0.624454 -0.12716
-0.0967104 0.568739 -0.12716
0.0172246 0.821601 -0.224991
-0.168146 0.700371 -0.12716
-0.182051 0.743534 -0.12716
-0.121093 0.566442 -0.234774
0.0222994 0.767723 -0.215208
-0.0389862 0.7916 -0.234774
-0.2036 0.815626 -0.166292
-0.191144 0.68338 -0.12716
-0.0914415 0.82619 -0.12716
-0.0876171 0.628893 -0.12716
-0.142314 0.79175 -0.12716
-0.181128 0.733738 -0.12716
0.0246061 0.743233 -0.185859
-0.0157896 0.754253 -0.12716
-0.140599 0.564605 -0.185859
-0.0232358 0.728844 -0.12716
-0.166365 0.577002 -0.234774
-0.169267 0.764504 -0.234774
-0.159315 0.711085 -0.12716
-0.18594 0.837055 -0.12716
-0.188246 0.861545 -0.151618
0.0176859 0.816703 -0.156509
-0.19345 0.70787 -0.2201
-0.161096 0.834454 -0.12716
-0.0334501 0.732824 -0.12716
-0.180666 0.72884 -0.234774
-0.121951 0.680015 -0.234774
-0.167288 0.586798 -0.12716
0.020454 0.787315 -0.166292
-0.0814903 0.772772 -0.12716
-0.0799726 0.599964 -0.12716
-0.149235 0.86522 -0.12716
-0.045113 0.647721 -0.234774
-0.0188854 0.630425 -0.12716
-0.0321996 0.876243 -0.176075
-0.02844 0.575169 -0.12716
-0.0122325 0.873183 -0.12716
-0.149299 0.761443 -0.12716
-0.0320013 0.821906 -0.234774
-0.170715 0.675422 -0.12716
-0.070155 0.704659 -0.12716
-0.175329 0.724401 -0.12716
0.0250674 0.738335 -0.229883
-0.192989 0.702972 -0.176075
-0.0795802 0.856956 -0.234774
-0.0436643 0.736803 -0.234774
-0.0144703 0.635782 -0.234774
-0.0476181 0.726548 -0.12716
-0.192989 0.702972 -0.12716
-0.0566466 0.77017 -0.234774
-0.0183593 0.729304 -0.234774
-0.185082 0.723483 -0.12716
-0.171241 0.576543 -0.234774
-0.174143 0.764045 -0.234774
-0.122347 0.788689 -0.234774
-0.166235 0.784555 -0.12716
-0.19345 0.70787 -0.12716
-0.0762172 0.664557 -0.234774
-0.0785239 0.689047 -0.12716
-0.00610138 0.651395 -0.234774
-0.124059 0.650167 -0.12716
-0.162743 0.799709 -0.12716
-0.15938 0.607309 -0.12716
-0.200832 0.786238 -0.19075
-0.094602 0.598586 -0.12716
0.0121498 0.875479 -0.146726
-0.0152635 0.853131 -0.12716
-0.181917 0.58542 -0.12716
-0.110223 0.868894 -0.171184
-0.0285089 0.837059 -0.12716
-0.195231 0.831239 -0.234774
-0.154702 0.662106 -0.12716
-0.119976 0.867976 -0.151618
-0.0799079 0.703741 -0.234774
-0.0351618 0.594302 -0.12716
-0.155297 0.825117 -0.12716
-0.18462 0.718585 -0.12716
-0.170319 0.566747 -0.234774
-0.0631701 0.734966 -0.12716
-0.179218 0.817923 -0.12716
0.0384464 0.596294 -0.180967
-0.095197 0.761598 -0.234774
-0.172362 0.640676 -0.12716
-0.0611265 0.661037 -0.234774
-0.143435 0.855883 -0.12716
-0.198525 0.761748 -0.156509
0.0134692 0.757009 -0.12716
-0.0575693 0.779966 -0.12716
-0.053745 0.582669 -0.12716
-0.0169106 0.818386 -0.234774
-0.0140089 0.630884 -0.234774
-0.196615 0.845933 -0.12716
-0.162148 0.636697 -0.12716
-0.152529 0.795729 -0.12716
-0.123399 0.590932 -0.234774
-0.169133 0.60639 -0.12716
-0.01704 0.610833 -0.12716
0.0306036 0.679559 -0.229883
-0.172824 0.645574 -0.234774
0.0278355 0.708947 -0.19075
-0.165179 0.616646 -0.12716
-0.144026 0.653228 -0.12716
-0.146467 0.835832 -0.12716
-0.180994 0.575624 -0.166292
-0.0645542 0.74966 -0.12716
-0.0984264 0.795884 -0.12716
-0.0339114 0.737722 -0.234774
-0.175592 0.674962 -0.12716
-0.0517055 0.874406 -0.176075
-0.167818 0.853587 -0.12716
-0.164916 0.666085 -0.12716
-0.0652138 0.808895 -0.12716
-0.00985684 0.586802 -0.12716
-0.0136812 0.7841 -0.12716
-0.0703533 0.758996 -0.12716
-0.0560517 0.607159 -0.12716
-0.154835 0.820219 -0.12716
0.0250674 0.738335 -0.180967
-0.172759 0.749351 -0.12716
-0.169857 0.561849 -0.12716
-0.17961 0.56093 -0.12716
-0.0499248 0.751038 -0.12716
-0.0961196 0.771394 -0.234774
-0.0764155 0.718894 -0.234774
0.0186086 0.806907 -0.224991
-0.192066 0.693176 -0.19075
-0.188246 0.861545 -0.12716
0.0222347 0.663947 -0.234774
-0.179744 0.719044 -0.234774
-0.121688 0.729454 -0.12716
-0.146993 0.736953 -0.12716
-0.0624458 0.779507 -0.12716
-0.0600055 0.596903 -0.12716
-0.14798 0.642973 -0.12716
-0.150882 0.830475 -0.12716
-0.144423 0.761903 -0.12716
0.00595825 0.627824 -0.12716
-0.109563 0.809659 -0.12716
-0.106662 0.622157 -0.12716
-0.0891995 0.697924 -0.12716
-0.0381929 0.574251 -0.234774
-0.162941 0.854046 -0.12716
0.0255288 0.733437 -0.210317
0.0126112 0.870581 -0.205425
-0.135722 0.565064 -0.151618
-0.162609 0.641595 -0.234774
0.0300775 0.580681 -0.176075
-0.207291 0.85481 -0.12716
-0.163864 0.863842 -0.141834
-0.18014 0.827719 -0.12716
-0.177239 0.640217 -0.12716
-0.2036 0.815626 -0.229883
-0.144751 0.608687 -0.12716
-0.149036 0.810883 -0.12716
0.0329103 0.65507 -0.146726
-0.111012 0.720577 -0.12716
-0.197999 0.860627 -0.151618
-0.161488 0.577462 -0.234774
-0.108244 0.691189 -0.234774
-0.144289 0.603789 -0.12716
-0.147191 0.791291 -0.12716
-0.0712113 0.872569 -0.234774
-0.12083 0.615882 -0.12716
-0.0313417 0.762671 -0.234774
0.034954 0.58114 -0.166292
-0.171375 0.734657 -0.12716
-0.142905 0.589095 -0.12716
-0.145807 0.776597 -0.12716
-0.186069 0.629502 -0.161401
0.0122187 0.613589 -0.12716
0.0222994 0.767723 -0.136943
-0.184159 0.713687 -0.12716
-0.17078 0.571645 -0.234774
-0.174604 0.768943 -0.234774
-0.0240938 0.842417 -0.12716
-0.0211921 0.654915 -0.12716
-0.152395 0.637616 -0.234774
-0.108968 0.646647 -0.234774
-0.201755 0.796034 -0.12716
-0.130057 0.713841 -0.12716
-0.181917 0.58542 -0.215208
-0.0907171 0.870732 -0.234774
-0.18976 0.668686 -0.19075
-0.163403 0.858944 -0.12716
-0.116216 0.566902 -0.176075
-0.162019 0.84425 -0.12716
0.00681203 0.879918 -0.210317
-0.0776659 0.575474 -0.234774
-0.200832 0.786238 -0.229883
-0.158328 0.805066 -0.12716
0.0116885 0.880377 -0.156509
-0.0967104 0.568739 -0.19075
-0.181456 0.580522 -0.141834
-0.20103 0.840575 -0.234774
-0.045708 0.810732 -0.12716
-0.0712113 0.872569 -0.132051
0.0195313 0.797111 -0.156509
-0.157405 0.79527 -0.12716
-0.150351 0.563686 -0.215208
-0.0289013 0.580067 -0.12716
-0.0218518 0.71415 -0.234774
-0.140599 0.564605 -0.180967
-0.154176 0.760984 -0.12716
-0.156021 0.780576 -0.12716
-0.0563836 0.81961 -0.12716
-0.131505 0.624759 -0.234774
-0.134407 0.812261 -0.234774
-0.0175703 0.877621 -0.224991
0.0144565 0.850989 -0.195642
-0.154637 0.765882 -0.12716
-0.202216 0.800932 -0.136943
-0.0148022 0.848233 -0.234774
-0.0455097 0.756395 -0.12716
-0.0314064 0.658894 -0.12716
-0.123007 0.847924 -0.234774
-0.205445 0.835218 -0.210317
-0.152792 0.74629 -0.12716
-0.0858407 0.871191 -0.136943
0.020454 0.787315 -0.180967
-0.0924936 0.628433 -0.12716
-0.1176 0.581596 -0.12716
-0.151869 0.736494 -0.12716
-0.150485 0.7218 -0.12716
-0.139482 0.866138 -0.156509
-0.196219 0.737258 -0.151618
-0.150024 0.716902 -0.12716
-0.180994 0.575624 -0.156509
-0.0459063 0.865069 -0.12716
-0.149101 0.707106 -0.12716
0.034954 0.58114 -0.171184
-0.0890012 0.643587 -0.12716
-0.141392 0.781954 -0.12716
-0.178493 0.862464 -0.19075
-0.0963827 0.721955 -0.12716
-0.0897255 0.599045 -0.234774
-0.188246 0.861545 -0.215208
0.0176859 0.816703 -0.136943
-0.00405769 0.577466 -0.210317
-0.148178 0.69731 -0.12716
0.0287582 0.699151 -0.234774
-0.19668 0.742156 -0.234774
-0.134933 0.713382 -0.12716
-0.0720004 0.724251 -0.12716
0.00688093 0.618028 -0.12716
-0.159712 0.81976 -0.234774
-0.202876 0.860167 -0.2201
-0.119976 0.867976 -0.2201
-0.147256 0.687514 -0.12716
-0.199448 0.771544 -0.2201
-0.0822793 0.624454 -0.234774
-0.181524 0.842413 -0.12716
-0.0430694 0.573791 -0.200533
-0.0634332 0.685526 -0.234774
0.0167633 0.826499 -0.195642
-0.146794 0.682616 -0.12716
-0.145872 0.67282 -0.12716
-0.0717373 0.77369 -0.12716
-0.140599 0.564605 -0.205425
-0.136515 0.782413 -0.12716
-0.017898 0.724406 -0.234774
-0.0971717 0.573637 -0.12716
-0.0379299 0.62369 -0.12716
-0.191144 0.68338 -0.200533
-0.0542752 0.849457 -0.12716
-0.134472 0.708484 -0.12716
-0.158393 0.701289 -0.12716
-0.00880474 0.784559 -0.12716
-0.0234341 0.783181 -0.12716
-0.143104 0.643432 -0.12716
-0.113056 0.794506 -0.12716
-0.110154 0.607004 -0.12716
0.0209154 0.782417 -0.210317
-0.142642 0.638534 -0.12716
-0.161161 0.730677 -0.234774
-0.167619 0.799249 -0.12716
-0.142181 0.633636 -0.12716
-0.0531542 0.785324 -0.12716
0.0379851 0.601192 -0.205425
-0.14172 0.628738 -0.12716
0.0375237 0.60609 -0.205425
0.0153792 0.841193 -0.200533
-0.141258 0.62384 -0.12716
-0.0663348 0.873028 -0.171184
0.0203246 0.579762 -0.19075
-0.107455 0.839506 -0.12716
-0.104553 0.652005 -0.12716
-0.0976331 0.578535 -0.234774
-0.139809 0.712923 -0.12716
-0.204523 0.825422 -0.234774
-0.104027 0.750883 -0.234774
-0.101919 0.78073 -0.234774
-0.0414223 0.608537 -0.12716
-0.0731214 0.788384 -0.12716
-0.0702197 0.600883 -0.12716
-0.116811 0.729913 -0.12716
-0.140336 0.614044 -0.12716
-0.14416 0.811342 -0.12716
0.021838 0.772621 -0.2201
0.0252011 0.580222 -0.2201
-0.139874 0.609146 -0.12716
-0.140732 0.722719 -0.12716
-0.190682 0.678482 -0.12716
-0.13849 0.594452 -0.12716
-0.142116 0.737413 -0.12716
-0.139482 0.866138 -0.2201
0.0315263 0.669764 -0.19075
-0.0425433 0.67267 -0.234774
-0.13276 0.847006 -0.234774
-0.138029 0.589554 -0.12716
-0.142577 0.742311 -0.12716
0.0287582 0.699151 -0.176075
-0.146928 0.84073 -0.12716
-0.137567 0.584656 -0.12716
-0.143039 0.747209 -0.12716
-0.198064 0.75685 -0.185859
-0.117139 0.576698 -0.234774
-0.120041 0.764199 -0.234774
-0.132428 0.634555 -0.12716
-0.0855087 0.65874 -0.12716
-0.154111 0.86476 -0.205425
-0.158789 0.809964 -0.12716
-0.0414223 0.608537 -0.234774
-0.158526 0.859403 -0.12716
0.0287582 0.699151 -0.171184
-0.0842583 0.80216 -0.12716
-0.080434 0.604862 -0.12716
-0.119842 0.709862 -0.12716
-0.144289 0.603789 -0.234774
-0.147191 0.791291 -0.234774
-0.207752 0.859708 -0.166292
-0.017898 0.724406 -0.12716
-0.138822 0.806903 -0.12716
-0.201755 0.796034 -0.19075
-0.0140089 0.630884 -0.12716
-0.0169106 0.818386 -0.12716
-0.0453114 0.702058 -0.234774
-0.195757 0.73236 -0.161401
-0.0093955 0.581904 -0.234774
-0.0674516 0.571495 -0.166292
-0.18653 0.6344 -0.136943
-0.126103 0.724097 -0.12716
-0.18976 0.668686 -0.234774
-0.185741 0.782718 -0.234774
-0.155758 0.830015 -0.12716
-0.059613 0.853895 -0.12716
-0.123335 0.694709 -0.12716
-0.0369425 0.71767 -0.12716
-0.185146 0.619706 -0.234774
-0.129069 0.807822 -0.234774
-0.179809 0.615268 -0.12716
-0.121162 0.828332 -0.234774
-0.098228 0.741547 -0.12716
-0.12966 0.605167 -0.234774
0.0172246 0.821601 -0.185859
-0.153451 0.805525 -0.12716
-0.180072 0.565829 -0.136943
-0.00649802 0.760069 -0.12716
-0.00465265 0.740478 -0.234774
-0.183961 0.65935 -0.234774
-0.0996121 0.75624 -0.12716
-0.0176997 0.670068 -0.234774
-0.116087 0.774455 -0.12716
-0.142841 0.692871 -0.12716
-0.151606 0.785933 -0.12716
-0.163071 0.646493 -0.234774
-0.166434 0.838893 -0.234774
-0.18976 0.668686 -0.161401
-0.140667 0.826495 -0.12716
-0.0919028 0.831088 -0.234774
0.0379851 0.601192 -0.136943
-0.104424 0.859558 -0.12716
-0.0991507 0.751342 -0.12716
-0.18027 0.620166 -0.12716
-0.0223131 0.719048 -0.12716
-0.121093 0.566442 -0.12716
-0.144358 0.865679 -0.156509
-0.195296 0.727462 -0.180967
-0.135657 0.668841 -0.12716
0.0278355 0.708947 -0.224991
-0.198525 0.761748 -0.185859
-0.0141425 0.788998 -0.12716
-0.165179 0.616646 -0.234774
0.0241448 0.748131 -0.224991
-0.148838 0.756545 -0.12716
0.00569522 0.578384 -0.171184
-0.044587 0.746599 -0.12716
-0.147915 0.746749 -0.12716
-0.176514 0.684758 -0.12716
-0.178424 0.600574 -0.12716
-0.124982 0.659963 -0.234774
-0.127883 0.847465 -0.234774
-0.0116375 0.710171 -0.234774
-0.147454 0.741851 -0.12716
-0.142513 0.846087 -0.12716
-0.0293627 0.584965 -0.12716
-0.095723 0.662719 -0.12716
-0.14607 0.727157 -0.12716
-0.0754928 0.709098 -0.12716
-0.0636962 0.636087 -0.12716
0.0269128 0.718743 -0.205425
-0.0998751 0.706801 -0.234774
-0.145609 0.722259 -0.12716
-0.030945 0.653996 -0.12716
-0.144225 0.707565 -0.12716
-0.174604 0.768943 -0.12716
-0.17078 0.571645 -0.12716
-0.143302 0.697769 -0.12716
-0.172298 0.744453 -0.12716
-0.0577676 0.834303 -0.12716
0.0126801 0.608691 -0.234774
-0.106532 0.82971 -0.12716
-0.128474 0.64481 -0.12716
-0.0567113 0.666394 -0.234774
-0.140534 0.668381 -0.12716
-0.0747684 0.753639 -0.12716
-0.123598 0.645269 -0.12716
-0.02844 0.575169 -0.2201
-0.110749 0.770016 -0.12716
-0.107847 0.582514 -0.12716
-0.119778 0.813638 -0.234774
-0.0845214 0.75272 -0.234774
-0.140072 0.663484 -0.12716
-0.0755575 0.605321 -0.234774
-0.122873 0.689811 -0.12716
0.0236834 0.753029 -0.210317
-0.160104 0.562768 -0.195642
0.0105717 0.578844 -0.166292
-0.0771399 0.674353 -0.234774
-0.105347 0.869354 -0.224991
-0.196219 0.737258 -0.166292
-0.13032 0.664402 -0.12716
-0.133221 0.851904 -0.12716
-0.136843 0.629198 -0.12716
0.0109641 0.835836 -0.12716
-0.0760878 0.87211 -0.234774
0.0361397 0.620784 -0.136943
-0.0539433 0.637006 -0.12716
-0.13592 0.619402 -0.12716
-0.139283 0.811801 -0.12716
0.0186086 0.806907 -0.210317
-0.192066 0.693176 -0.12716
-0.182973 0.75333 -0.234774
0.034954 0.58114 -0.210317
-0.0803693 0.708638 -0.234774
-0.0809642 0.87165 -0.132051
-0.155228 0.563227 -0.156509
-0.0484072 0.57823 -0.234774
-0.153913 0.810423 -0.12716
-0.135791 0.826954 -0.12716
-0.0174366 0.719508 -0.12716
-0.135459 0.614504 -0.12716
-0.134536 0.604708 -0.12716
-0.138361 0.802005 -0.12716
-0.119976 0.867976 -0.234774
-0.204061 0.820524 -0.12716
-0.0873541 0.678332 -0.12716
-0.153055 0.696851 -0.234774
-0.13223 0.580218 -0.12716
-0.13467 0.762821 -0.12716
-0.0589533 0.79466 -0.12716
-0.129729 0.867057 -0.146726
-0.131768 0.57532 -0.12716
-0.131307 0.570422 -0.12716
-0.187453 0.644196 -0.156509
-0.0670592 0.828487 -0.12716
-0.0576987 0.572413 -0.176075
-0.0909802 0.821292 -0.12716
-0.0880785 0.633791 -0.12716
-0.137175 0.841648 -0.12716
-0.15365 0.859863 -0.12716
-0.0625105 0.675731 -0.234774
-0.0654122 0.863232 -0.234774
0.0379851 0.601192 -0.141834
-0.0706163 0.709557 -0.12716
-0.0912432 0.771853 -0.12716
-0.0874188 0.574555 -0.12716
-0.0780625 0.684149 -0.12716
0.00279355 0.765886 -0.12716
-0.073781 0.84762 -0.12716
-0.0708794 0.660118 -0.12716
-0.127025 0.733893 -0.12716
-0.0809642 0.87165 -0.215208
-0.00294089 0.878999 -0.200533
-0.0479458 0.573332 -0.141834
-0.100138 0.657362 -0.234774
-0.153188 0.854964 -0.12716
-0.0629718 0.680628 -0.12716
-0.0547366 0.854355 -0.12716
-0.0518349 0.666853 -0.12716
-0.000103922 0.587721 -0.234774
-0.149498 0.815781 -0.12716
-0.19411 0.767105 -0.234774
-0.0671239 0.72471 -0.12716
-0.133549 0.698688 -0.12716
0.0356783 0.625682 -0.166292
-0.13915 0.653687 -0.12716
0.0296809 0.689355 -0.19075
-0.00999045 0.744916 -0.12716
-0.104226 0.80522 -0.12716
-0.100401 0.607923 -0.12716
-0.0635668 0.84364 -0.12716
-0.0749668 0.807976 -0.12716
-0.0725264 0.625373 -0.12716
-0.043992 0.583587 -0.234774
-0.139348 0.708025 -0.12716
-0.190682 0.678482 -0.161401
-0.138425 0.698229 -0.12716
-0.10047 0.869813 -0.180967
0.0269128 0.718743 -0.141834
-0.0789205 0.797721 -0.234774
0.0139952 0.855887 -0.200533
-0.13658 0.678637 -0.12716
-0.0882768 0.688128 -0.12716
-0.182775 0.698993 -0.234774
-0.200832 0.786238 -0.200533
-0.115888 0.720117 -0.12716
-0.133152 0.590014 -0.12716
-0.135593 0.772617 -0.12716
-0.135196 0.663943 -0.12716
-0.138098 0.851444 -0.12716
-0.0809642 0.87165 -0.171184
-0.150351 0.563686 -0.146726
-0.134735 0.659045 -0.12716
-0.138559 0.856342 -0.12716
-0.206368 0.845014 -0.229883
-0.0410946 0.761752 -0.12716
-0.131967 0.629657 -0.12716
-0.136252 0.831852 -0.12716
-0.0754281 0.812874 -0.12716
-0.0712113 0.872569 -0.205425
-0.152067 0.790831 -0.234774
-0.134536 0.604708 -0.234774
-0.138361 0.802005 -0.234774
-0.0583584 0.631649 -0.12716
-0.131505 0.624759 -0.12716
-0.134407 0.812261 -0.12716
-0.0794466 0.698843 -0.234774
-0.082081 0.570117 -0.141834
-0.156349 0.62736 -0.12716
0.0222994 0.767723 -0.234774
0.00767001 0.766345 -0.234774
-0.0901222 0.70772 -0.12716
0.0301422 0.684457 -0.205425
-0.130121 0.610065 -0.12716
-0.133023 0.797567 -0.12716
-0.16874 0.863383 -0.205425
-0.190682 0.678482 -0.205425
0.035217 0.63058 -0.12716
-0.131376 0.832312 -0.12716
-0.129199 0.600269 -0.12716
-0.0235635 0.575629 -0.156509
-0.128737 0.595371 -0.12716
-0.1321 0.787771 -0.12716
-0.0246845 0.639762 -0.12716
-0.0408315 0.811191 -0.12716
-0.196417 0.791595 -0.12716
0.0282968 0.704049 -0.185859
-0.19668 0.742156 -0.132051
-0.0429399 0.781344 -0.234774
-0.147389 0.845628 -0.12716
-0.124193 0.808281 -0.12716
-0.0253442 0.698997 -0.12716
-0.046829 0.874865 -0.12716
-0.0917045 0.776751 -0.12716
-0.140599 0.564605 -0.136943
-0.12327 0.798485 -0.12716
-0.11134 0.567361 -0.195642
-0.0258055 0.703895 -0.12716
-0.0126938 0.878081 -0.180967
-0.145544 0.826036 -0.12716
-0.145083 0.821138 -0.12716
0.0375237 0.60609 -0.180967
-0.188574 0.70833 -0.12716
-0.186927 0.743075 -0.12716
0.0282968 0.704049 -0.176075
-0.14732 0.583738 -0.234774
-0.151145 0.781035 -0.234774
-0.144621 0.81624 -0.12716
-0.103432 0.587871 -0.12716
-0.126629 0.625218 -0.12716
-0.130453 0.822516 -0.12716
-0.142776 0.796648 -0.12716
-0.177109 0.84777 -0.12716
-0.17513 0.670064 -0.12716
-0.123468 0.852822 -0.12716
-0.199448 0.771544 -0.229883
-0.13724 0.737872 -0.12716
-0.188246 0.861545 -0.234774
-0.197603 0.751952 -0.132051
-0.185608 0.624604 -0.12716
-0.189893 0.8268 -0.12716
-0.0248828 0.694099 -0.234774
0.0195313 0.797111 -0.19075
-0.136778 0.732974 -0.12716
-0.205445 0.835218 -0.185859
-0.040961 0.603639 -0.234774
-0.0438626 0.79114 -0.234774
-0.206829 0.849912 -0.205425
-0.0246198 0.743538 -0.12716
-0.17322 0.754249 -0.12716
-0.116876 0.626137 -0.12716
-0.00999045 0.744916 -0.234774
-0.136317 0.728076 -0.12716
-0.135856 0.723178 -0.12716
-0.169857 0.561849 -0.224991
-0.110615 0.611902 -0.12716
-0.0175703 0.877621 -0.171184
0.0144565 0.850989 -0.141834
-0.135394 0.71828 -0.12716
-0.10752 0.73573 -0.12716
0.0167633 0.826499 -0.19075
0.00793303 0.815785 -0.12716
-0.0169753 0.71461 -0.12716
-0.0940759 0.697465 -0.234774
-0.0591517 0.848997 -0.12716
-0.0557887 0.656598 -0.12716
-0.13401 0.703586 -0.12716
-0.125577 0.822975 -0.234774
-0.0666626 0.719812 -0.12716
-0.133088 0.69379 -0.12716
-0.0228392 0.62017 -0.234774
-0.137041 0.683535 -0.12716
0.0116885 0.880377 -0.200533
-0.0967104 0.568739 -0.161401
-0.0536803 0.686445 -0.12716
-0.112922 0.636392 -0.12716
-0.00392828 0.785019 -0.12716
-0.126366 0.674657 -0.12716
-0.129729 0.867057 -0.12716
-0.187453 0.644196 -0.229883
-0.0745701 0.699302 -0.234774
-0.0564483 0.715833 -0.12716
-0.157009 0.686595 -0.12716
-0.0186871 0.576088 -0.171184
-0.128871 0.753485 -0.12716
-0.00643332 0.863846 -0.234774
-0.132626 0.688892 -0.12716
0.00569522 0.578384 -0.205425
-0.000237533 0.745835 -0.234774
0.00523388 0.583282 -0.12716
-0.141392 0.781954 -0.234774
-0.0822146 0.72823 -0.234774
-0.0333164 0.57471 -0.224991
-0.128013 0.639912 -0.12716
0.0292195 0.694253 -0.161401
-0.0908465 0.663179 -0.12716
-0.109762 0.863996 -0.234774
-0.203139 0.810728 -0.12716
-0.119579 0.759301 -0.12716
-0.0322643 0.772467 -0.234774
-0.127551 0.635014 -0.12716
-0.12709 0.630116 -0.12716
-0.126167 0.62032 -0.12716
-0.0455744 0.652618 -0.12716
-0.0871558 0.623995 -0.234774
-0.119907 0.606086 -0.12716
-0.0458374 0.603179 -0.234774
-0.143367 0.593993 -0.12716
-0.110089 0.710781 -0.12716
0.00701035 0.825581 -0.234774
-0.119515 0.863078 -0.12716
-0.124322 0.600728 -0.12716
-0.127224 0.78823 -0.12716
-0.128409 0.748587 -0.234774
0.0130725 0.865683 -0.2201
-0.122015 0.576238 -0.12716
-0.124456 0.758842 -0.12716
-0.119316 0.80874 -0.12716
-0.142051 0.841189 -0.12716
-0.192528 0.698074 -0.185859
-0.192463 0.801851 -0.12716
-0.14159 0.836291 -0.12716
0.0246061 0.743233 -0.180967
-0.139745 0.816699 -0.12716
-0.136977 0.787311 -0.12716
-0.204984 0.83032 -0.156509
-0.135131 0.767719 -0.12716
0.0361397 0.620784 -0.146726
-0.107783 0.686291 -0.12716
-0.128345 0.852363 -0.12716
-0.122149 0.734352 -0.234774
-0.130518 0.718739 -0.12716
0.0398304 0.5816 -0.195642
-0.0464324 0.766191 -0.12716
-0.0346358 0.69318 -0.12716
-0.0511105 0.711394 -0.12716
-0.18653 0.6344 -0.2201
-0.111935 0.730373 -0.12716
-0.103962 0.85466 -0.12716
-0.101061 0.667158 -0.12716
0.022696 0.659049 -0.12716
-0.128672 0.699147 -0.12716
-0.15055 0.618024 -0.12716
0.0178843 0.762366 -0.234774
-0.178821 0.709248 -0.234774
-0.105937 0.666699 -0.12716
-0.125443 0.664861 -0.12716
0.0154481 0.579303 -0.200533
-0.148441 0.647871 -0.12716
-0.114703 0.759761 -0.12716
0.0389077 0.591396 -0.205425
0.01907 0.802009 -0.171184
-0.00959381 0.636242 -0.234774
-0.107257 0.785169 -0.12716
-0.104355 0.597667 -0.12716
-0.180533 0.570726 -0.176075
-0.165774 0.779657 -0.234774
-0.0128232 0.670528 -0.12716
-0.0171089 0.872723 -0.12716
-0.183762 0.605012 -0.146726
-0.033187 0.782263 -0.12716
0.0273742 0.713845 -0.166292
-0.0777348 0.837364 -0.12716
-0.122675 0.635473 -0.12716
0.0315263 0.669764 -0.136943
-0.195296 0.727462 -0.234774
0.0306036 0.679559 -0.161401
-0.121752 0.625677 -0.12716
-0.167421 0.744912 -0.12716
-0.0186871 0.576088 -0.229883
-0.0615231 0.769711 -0.12716
-0.0581601 0.577311 -0.12716
-0.0517055 0.874406 -0.234774
-0.200371 0.78134 -0.2201
-0.118984 0.59629 -0.12716
-0.135722 0.565064 -0.200533
-0.206368 0.845014 -0.12716
0.0105028 0.840734 -0.12716
-0.118523 0.591392 -0.12716
-0.180072 0.565829 -0.146726
-0.169267 0.764504 -0.12716
-0.166365 0.577002 -0.12716
-0.192528 0.698074 -0.234774
-0.205445 0.835218 -0.132051
-0.0434013 0.786242 -0.12716
-0.122347 0.788689 -0.12716
-0.0663348 0.873028 -0.156509
0.0203246 0.579762 -0.185859
-0.0940112 0.801241 -0.234774
-0.193912 0.712768 -0.12716
0.0209154 0.782417 -0.166292
-0.139482 0.866138 -0.12716
-0.204061 0.820524 -0.185859
-0.146531 0.732055 -0.12716
0.0132061 0.707569 -0.12716
-0.174669 0.665166 -0.234774
-0.177571 0.852668 -0.234774
-0.164981 0.562308 -0.2201
-0.174734 0.56139 -0.176075
-0.195757 0.73236 -0.180967
-0.13902 0.86124 -0.12716
-0.029298 0.688742 -0.234774
-0.137636 0.846546 -0.12716
-0.131837 0.83721 -0.12716
-0.0776659 0.575474 -0.12716
-0.132562 0.792669 -0.12716
0.00925236 0.697314 -0.12716
-0.0799079 0.703741 -0.12716
-0.191079 0.787157 -0.12716
0.0145902 0.692876 -0.12716
-0.109167 0.700985 -0.12716
-0.198525 0.761748 -0.224991
-0.0857071 0.713077 -0.234774
-0.046829 0.874865 -0.210317
-0.192726 0.752411 -0.12716
-0.0565819 0.873947 -0.2201
0.0264515 0.723641 -0.185859
-0.116415 0.621239 -0.234774
-0.172824 0.645574 -0.12716
-0.114638 0.863537 -0.12716
-0.111736 0.676035 -0.12716
0.0384464 0.596294 -0.176075
-0.0710777 0.714455 -0.12716
-0.105411 0.765577 -0.12716
-0.102048 0.573178 -0.12716
-0.126564 0.728995 -0.12716
-0.0410299 0.865529 -0.12716
-0.0160526 0.704814 -0.12716
-0.126961 0.837669 -0.12716
-0.0192173 0.842876 -0.12716
-0.165511 0.829097 -0.12716
-0.180865 0.783177 -0.234774
-0.134209 0.757923 -0.234774
-0.107386 0.577616 -0.234774
-0.11121 0.774914 -0.234774
-0.170517 0.621084 -0.12716
-0.121028 0.670219 -0.12716
-0.12393 0.85772 -0.12716
-0.0235635 0.575629 -0.210317
-0.120567 0.665321 -0.12716
0.0126112 0.870581 -0.229883
0.0255288 0.733437 -0.234774
-0.135722 0.565064 -0.12716
-0.139085 0.757464 -0.12716
-0.018161 0.674966 -0.12716
-0.0911096 0.613739 -0.12716
-0.112262 0.577157 -0.234774
-0.115625 0.769557 -0.234774
-0.00814508 0.725324 -0.234774
-0.0607987 0.814252 -0.12716
-0.0569744 0.616955 -0.12716
-0.18337 0.862005 -0.215208
-0.175264 0.828178 -0.234774
0.0259901 0.728539 -0.180967
-0.116415 0.621239 -0.12716
-0.0538786 0.740782 -0.12716
-0.118131 0.848384 -0.12716
-0.115953 0.616341 -0.12716
-0.0419526 0.875325 -0.2201
0.0361397 0.620784 -0.229883
-0.0548013 0.750578 -0.234774
-0.169594 0.611288 -0.234774
-0.172035 0.793892 -0.234774
-0.112724 0.582055 -0.12716
-0.0126938 0.878081 -0.195642
0.00681203 0.879918 -0.180967
0.0209154 0.782417 -0.176075
-0.130846 0.565524 -0.195642
-0.0199417 0.798335 -0.12716
0.0196649 0.638998 -0.12716
-0.151804 0.840271 -0.12716
-0.11134 0.567361 -0.12716
-0.114241 0.754863 -0.12716
-0.119976 0.867976 -0.195642
-0.102247 0.627515 -0.12716
-0.0845861 0.648944 -0.234774
-0.0874877 0.836446 -0.234774
0.0340313 0.590936 -0.234774
-0.0525592 0.622312 -0.234774
-0.0559223 0.814712 -0.234774
-0.134605 0.866598 -0.146726
-0.0517055 0.874406 -0.132051
-0.0333164 0.57471 -0.132051
-0.122149 0.734352 -0.12716
-0.107783 0.686291 -0.234774
0.0158406 0.836295 -0.229883
-0.0789205 0.797721 -0.12716
0.00964899 0.58864 -0.12716
-0.138425 0.698229 -0.234774
-0.158988 0.864301 -0.19075
-0.186069 0.629502 -0.146726
-0.197999 0.860627 -0.234774
-0.108244 0.691189 -0.12716
-0.111012 0.720577 -0.234774
-0.132299 0.842108 -0.12716
-0.0640281 0.848538 -0.12716
-0.0879491 0.841344 -0.12716
-0.0841247 0.644046 -0.12716
-0.165313 0.774759 -0.12716
-0.00715768 0.819305 -0.12716
-0.129992 0.817618 -0.12716
-0.145212 0.613585 -0.12716
-0.187914 0.649094 -0.151618
-0.0130215 0.724865 -0.234774
-0.128146 0.798026 -0.12716
-0.114901 0.814098 -0.12716
-0.111077 0.6168 -0.12716
-0.0576987 0.572413 -0.161401
-0.120765 0.719658 -0.12716
-0.12584 0.773536 -0.12716
-0.173746 0.65537 -0.234774
-0.178493 0.862464 -0.234774
-0.174734 0.56139 -0.205425
-0.195757 0.73236 -0.12716
-0.203139 0.810728 -0.146726
-0.059876 0.804456 -0.12716
-0.10686 0.676495 -0.12716
-0.12261 0.73925 -0.12716
-0.158194 0.646952 -0.12716
-0.134209 0.757923 -0.12716
-0.11121 0.774914 -0.12716
-0.107386 0.577616 -0.12716
-0.116152 0.670678 -0.12716
-0.121489 0.675117 -0.234774
-0.0684432 0.843181 -0.12716
-0.114306 0.651086 -0.12716
-0.149235 0.86522 -0.136943
-0.172298 0.744453 -0.234774
-0.00577365 0.804611 -0.234774
-0.172496 0.79879 -0.12716
-0.0980944 0.583433 -0.12716
-0.117273 0.734811 -0.12716
0.0282968 0.704049 -0.215208
-0.10251 0.578076 -0.234774
-0.0391156 0.584047 -0.12716
-0.112133 0.78471 -0.12716
-0.10877 0.59231 -0.12716
-0.0857718 0.609301 -0.12716
-0.197603 0.751952 -0.215208
-0.0321996 0.876243 -0.12716
0.0294179 0.639916 -0.12716
-0.0886734 0.796802 -0.12716
-0.0862331 0.614199 -0.12716
-0.125577 0.822975 -0.12716
-0.19668 0.742156 -0.176075
-0.177834 0.803229 -0.12716
0.0389077 0.591396 -0.176075
-0.125115 0.818077 -0.12716
0.021838 0.772621 -0.156509
0.0252011 0.580222 -0.156509
-0.121886 0.783791 -0.12716
0.0172246 0.821601 -0.210317
0.0138658 0.648334 -0.12716
-0.195956 0.786697 -0.12716
-0.118657 0.749505 -0.12716
-0.118195 0.744607 -0.12716
-0.0418836 0.613435 -0.234774
-0.045445 0.860171 -0.234774
-0.0381929 0.574251 -0.195642
-0.0791188 0.852058 -0.12716
-0.117734 0.739709 -0.12716
0.0169616 0.772162 -0.234774
-0.1062 0.617259 -0.234774
-0.11635 0.725015 -0.12716
-0.130846 0.565524 -0.136943
0.0209154 0.782417 -0.234774
0.0233557 0.599814 -0.234774
-0.129794 0.763281 -0.12716
-0.114504 0.705423 -0.12716
-0.179679 0.822821 -0.12716
0.0167633 0.826499 -0.229883
-0.11312 0.690729 -0.12716
-0.184685 0.614808 -0.234774
-0.0972406 0.835527 -0.12716
-0.094339 0.648025 -0.12716
-0.113715 0.853741 -0.12716
-0.110352 0.661341 -0.12716
-0.11635 0.725015 -0.234774
0.0243431 0.693794 -0.12716
-0.108507 0.641749 -0.12716
-0.0273232 0.876703 -0.19075
-0.0594147 0.799558 -0.12716
-0.0761525 0.768333 -0.12716
-0.124982 0.659963 -0.12716
-0.127883 0.847465 -0.12716
-0.178424 0.600574 -0.234774
-0.107584 0.631953 -0.12716
-0.124852 0.867516 -0.12716
-0.0341744 0.688282 -0.234774
-0.0370761 0.875784 -0.234774
-0.201293 0.791136 -0.146726
-0.176777 0.635319 -0.12716
-0.046829 0.874865 -0.132051
-0.0798432 0.807517 -0.234774
0.0246061 0.743233 -0.171184
-0.0213904 0.709252 -0.12716
-0.0530206 0.62721 -0.12716
-0.105739 0.612361 -0.12716
-0.0625752 0.571954 -0.210317
-0.095986 0.61328 -0.234774
-0.099349 0.80568 -0.234774
-0.193912 0.712768 -0.185859
-0.122084 0.838128 -0.12716
-0.0741088 0.694404 -0.12716
-0.0241585 0.73864 -0.12716
-0.121162 0.828332 -0.12716
-0.205445 0.835218 -0.151618
-0.117932 0.794046 -0.12716
-0.0858407 0.871191 -0.200533
-0.194373 0.717666 -0.234774
-0.0288366 0.683844 -0.12716
-0.115164 0.764659 -0.12716
-0.0714743 0.82313 -0.234774
-0.0626441 0.833844 -0.12716
-0.107321 0.681393 -0.12716
0.00688093 0.618028 -0.234774
-0.0720004 0.724251 -0.234774
-0.106399 0.671597 -0.12716
-0.105476 0.661801 -0.12716
-0.0869575 0.569657 -0.195642
-0.105015 0.656903 -0.12716
-0.0565819 0.873947 -0.185859
-0.0246198 0.743538 -0.234774
0.00193557 0.879459 -0.146726
-0.144358 0.865679 -0.141834
-0.103631 0.642209 -0.12716
-0.00893415 0.577007 -0.171184
-0.102708 0.632413 -0.12716
-0.125969 0.565983 -0.132051
-0.183762 0.605012 -0.12716
-0.191739 0.846392 -0.12716
-0.187587 0.80231 -0.12716
-0.0194803 0.793437 -0.234774
-0.0161173 0.601037 -0.234774
-0.0487391 0.790681 -0.12716
-0.0453761 0.598281 -0.12716
-0.183762 0.605012 -0.234774
-0.191739 0.846392 -0.234774
-0.187587 0.80231 -0.234774
-0.0999398 0.603025 -0.12716
-0.0210627 0.862468 -0.12716
-0.00557534 0.750273 -0.12716
-0.198525 0.761748 -0.180967
-0.0173719 0.823284 -0.12716
-0.176053 0.67986 -0.234774
-0.198064 0.75685 -0.195642
-0.0466307 0.820528 -0.234774
-0.0150652 0.798794 -0.12716
-0.0918339 0.569198 -0.151618
-0.110551 0.715679 -0.12716
-0.0122972 0.769406 -0.12716
0.0319876 0.664865 -0.156509
-0.0105165 0.646038 -0.12716
-0.0134182 0.833539 -0.12716
-0.0113745 0.75961 -0.12716
-0.18337 0.862005 -0.205425
-0.0109131 0.754712 -0.12716
-0.0104518 0.749814 -0.12716
-0.0316694 0.609455 -0.234774
-0.198987 0.766646 -0.195642
-0.00906776 0.73512 -0.12716
-0.0413576 0.712313 -0.234774
-0.00860642 0.730222 -0.12716
0.0154481 0.579303 -0.185859
-0.149299 0.761443 -0.234774
-0.0463677 0.869967 -0.234774
-0.00643332 0.863846 -0.12716
-0.0062997 0.705732 -0.12716
0.0043759 0.696855 -0.12716
-0.00583836 0.700834 -0.12716
-0.00491567 0.691038 -0.12716
-0.00781735 0.87854 -0.12716
-0.140534 0.668381 -0.234774
-0.106463 0.56782 -0.185859
-0.00445433 0.68614 -0.12716
-0.00399299 0.681242 -0.12716
-0.0869575 0.569657 -0.205425
-0.00353164 0.676344 -0.12716
-0.00689466 0.868744 -0.12716
-0.00260896 0.666548 -0.12716
-0.00551063 0.85405 -0.12716
0.0398304 0.5816 -0.185859
-0.130057 0.713841 -0.234774
-0.00214761 0.66165 -0.12716
-0.00168627 0.656752 -0.12716
-0.00030224 0.642058 -0.12716
-0.00274257 0.824662 -0.12716
-0.0674516 0.571495 -0.12716
0.000159103 0.63716 -0.12716
-0.00320391 0.82956 -0.12716
-0.197999 0.860627 -0.166292
-0.158988 0.864301 -0.161401
-0.186069 0.629502 -0.176075
0.000620447 0.632262 -0.12716
-0.00366526 0.834458 -0.12716
-0.187914 0.649094 -0.195642
-0.162346 0.691034 -0.234774
-0.0869575 0.569657 -0.224991
-0.0402366 0.64818 -0.234774
0.00108179 0.627364 -0.12716
-0.140797 0.618942 -0.12716
-0.143699 0.806444 -0.12716
0.00200448 0.617568 -0.12716
-0.194373 0.717666 -0.156509
0.00292716 0.607772 -0.12716
-0.000897195 0.80507 -0.12716
0.00338851 0.602874 -0.12716
0.00384985 0.597976 -0.12716
-0.0186871 0.576088 -0.195642
0.00477254 0.58818 -0.12716
-0.0236971 0.733742 -0.234774
-0.140599 0.564605 -0.156509
-0.0520979 0.617414 -0.234774
-0.0175703 0.877621 -0.141834
-0.0274526 0.66915 -0.234774
-0.0720651 0.620475 -0.12716
-0.0175703 0.877621 -0.12716
-0.082081 0.570117 -0.205425
-0.15042 0.825577 -0.12716
-0.0166476 0.867825 -0.12716
-0.0157249 0.858029 -0.12716
-0.0148022 0.848233 -0.12716
-0.0143409 0.843335 -0.12716
-0.0129568 0.828641 -0.12716
-0.191605 0.688278 -0.205425
-0.0594794 0.695782 -0.234774
0.0153792 0.841193 -0.12716
-0.10495 0.760679 -0.234774
-0.0120341 0.818845 -0.12716
-0.0111115 0.809049 -0.12716
-0.0101888 0.799253 -0.12716
0.0236834 0.753029 -0.171184
-0.0200064 0.694558 -0.12716
-0.00695936 0.764967 -0.12716
-0.139413 0.604248 -0.234774
-0.141193 0.727617 -0.234774
-0.0608634 0.710476 -0.234774
-0.192528 0.698074 -0.166292
-0.00603668 0.755171 -0.12716
-0.0166476 0.867825 -0.234774
-0.186862 0.846851 -0.234774
-0.0685727 0.635628 -0.234774
-0.00511399 0.745376 -0.12716
-0.0743718 0.644965 -0.12716
-0.118721 0.645729 -0.12716
-0.126038 0.827873 -0.12716
-0.00419131 0.735579 -0.12716
-0.181456 0.580522 -0.161401
-0.0708147 0.763894 -0.234774
-0.00280727 0.720886 -0.12716
-0.00142324 0.706192 -0.12716
-0.0419526 0.875325 -0.136943
-0.000961902 0.701294 -0.12716
0.036601 0.615886 -0.224991
-0.0414912 0.870427 -0.234774
-0.127288 0.684453 -0.12716
-0.128806 0.857261 -0.12716
0.000422128 0.6866 -0.12716
-0.0142072 0.685222 -0.234774
0.00991202 0.638079 -0.12716
0.00747169 0.820683 -0.12716
-0.184224 0.60991 -0.210317
-0.188376 0.653992 -0.210317
0.000883472 0.681702 -0.12716
-0.0542752 0.849457 -0.234774
-0.0370761 0.875784 -0.141834
-0.184224 0.60991 -0.180967
-0.188376 0.653992 -0.180967
0.00134482 0.676804 -0.12716
-0.149101 0.707106 -0.234774
0.000818765 0.577925 -0.146726
-0.0213257 0.813029 -0.234774
0.0022675 0.667008 -0.12716
-0.000634171 0.854509 -0.12716
0.00444061 0.800631 -0.234774
-0.045971 0.761293 -0.234774
0.00319019 0.657212 -0.12716
0.00365153 0.652314 -0.12716
0.000288516 0.844713 -0.12716
0.0398304 0.5816 -0.215208
0.00411288 0.647416 -0.12716
0.00457422 0.642518 -0.12716
0.00503556 0.63762 -0.12716
-0.0370761 0.875784 -0.210317
-0.0634979 0.58175 -0.234774
0.00734228 0.61313 -0.12716
0.00397926 0.805529 -0.12716
0.0273095 0.610069 -0.12716
-0.149627 0.608228 -0.234774
-0.15299 0.800627 -0.234774
0.00872631 0.598436 -0.12716
0.00490195 0.795733 -0.12716
0.0232221 0.757927 -0.156509
0.0105717 0.578844 -0.12716
0.00813135 0.761447 -0.12716
-0.204984 0.83032 -0.195642
-0.0426769 0.830783 -0.234774
-0.105347 0.869354 -0.151618
-0.0126938 0.878081 -0.12716
-0.126961 0.837669 -0.234774
-0.0650802 0.650781 -0.234774
-0.0103871 0.853591 -0.12716
-0.126629 0.625218 -0.234774
-0.130453 0.822516 -0.234774
-0.0094644 0.843795 -0.12716
-0.191144 0.68338 -0.136943
-0.00900306 0.838897 -0.12716
-0.00485097 0.794815 -0.12716
-0.0644206 0.591546 -0.234774
-0.0673222 0.779048 -0.234774
0.0236834 0.753029 -0.136943
-0.00300559 0.775223 -0.12716
-0.191144 0.68338 -0.215208
-0.0306173 0.807212 -0.234774
-0.0222484 0.822825 -0.234774
-0.171703 0.581441 -0.12716
-0.00208291 0.765427 -0.12716
-0.00162156 0.760529 -0.12716
0.035217 0.63058 -0.2201
-0.188837 0.65889 -0.185859
0.00569522 0.578384 -0.12716
-0.00116022 0.755631 -0.12716
-0.000237533 0.745835 -0.12716
-0.149235 0.86522 -0.19075
0.000685153 0.736039 -0.12716
-0.198064 0.75685 -0.234774
0.0011465 0.731141 -0.12716
-0.0839264 0.589709 -0.234774
0.00160784 0.726243 -0.12716
0.00206918 0.721345 -0.12716
-0.124852 0.867516 -0.215208
0.0121498 0.875479 -0.161401
-0.181917 0.58542 -0.136943
-0.147519 0.638075 -0.12716
-0.151343 0.835373 -0.12716
-0.0833356 0.792364 -0.234774
0.00253053 0.716447 -0.12716
-0.172099 0.690116 -0.234774
-0.0559223 0.814712 -0.12716
-0.0525592 0.622312 -0.12716
0.00299187 0.711549 -0.12716
-0.0955936 0.870272 -0.195642
0.00345321 0.706651 -0.12716
0.00391456 0.701753 -0.12716
0.00483724 0.691957 -0.12716
-0.187453 0.644196 -0.200533
-0.161885 0.686136 -0.234774
0.00529859 0.687059 -0.12716
-0.1062 0.617259 -0.12716
0.00622127 0.677263 -0.12716
-0.0652785 0.705118 -0.12716
0.00668262 0.672365 -0.12716
0.0227607 0.762825 -0.151618
-0.111736 0.676035 -0.234774
-0.114638 0.863537 -0.234774
0.00714396 0.667467 -0.12716
0.00305658 0.815325 -0.12716
0.0076053 0.662569 -0.12716
0.00806665 0.657671 -0.12716
0.00516497 0.845173 -0.12716
-0.0747684 0.753639 -0.234774
0.00852799 0.652773 -0.12716
0.00470363 0.850071 -0.12716
0.00898933 0.647875 -0.12716
-0.1549 0.716443 -0.12716
0.00259523 0.820223 -0.12716
0.00945068 0.642977 -0.12716
0.0103734 0.633181 -0.12716
0.0121498 0.875479 -0.132051
-0.0478164 0.780885 -0.234774
-0.0768768 0.723792 -0.12716
0.011296 0.623385 -0.12716
-0.0723281 0.571035 -0.229883
-0.0650802 0.650781 -0.12716
-0.0260686 0.654456 -0.234774
0.0131414 0.603793 -0.12716
0.0102398 0.791295 -0.12716
-0.0663348 0.873028 -0.132051
0.0136028 0.598895 -0.12716
0.00977841 0.796193 -0.12716
0.0176859 0.816703 -0.224991
0.0140641 0.593997 -0.12716
0.0222994 0.767723 -0.171184
-0.145475 0.564146 -0.171184
0.0277708 0.605171 -0.12716
-0.00597197 0.858948 -0.12716
-0.118657 0.749505 -0.234774
-0.00504929 0.849152 -0.12716
0.00720867 0.771243 -0.234774
-0.00228123 0.819764 -0.12716
-0.00181988 0.814866 -0.12716
-0.042082 0.667772 -0.234774
-0.0452467 0.805834 -0.234774
2.54914e-05 0.795274 -0.12716
0.000948178 0.785478 -0.12716
-0.131376 0.832312 -0.234774
-0.0776012 0.679251 -0.12716
0.00233221 0.770784 -0.12716
-0.143367 0.593993 -0.234774
0.00325489 0.760988 -0.12716
0.00371624 0.75609 -0.12716
0.00417758 0.751192 -0.12716
0.0114255 0.830938 -0.12716
-0.0622475 0.72517 -0.12716
-0.0666626 0.719812 -0.234774
0.00510027 0.741396 -0.12716
-0.0656752 0.813793 -0.234774
0.00602295 0.7316 -0.12716
-0.0675853 0.729608 -0.12716
0.0163019 0.831397 -0.12716
0.00694564 0.721804 -0.12716
-0.193912 0.712768 -0.229883
-0.180533 0.570726 -0.195642
0.00740698 0.716906 -0.12716
-0.144358 0.865679 -0.224991
-0.101587 0.56828 -0.205425
-0.150485 0.7218 -0.234774
-0.0224467 0.877162 -0.224991
-0.00405769 0.577466 -0.166292
-0.19345 0.70787 -0.200533
0.00786833 0.712008 -0.12716
0.0097137 0.692416 -0.12716
-0.107058 0.730832 -0.234774
0.010175 0.687518 -0.12716
0.00773472 0.870122 -0.12716
0.0106364 0.68262 -0.12716
-0.097107 0.677413 -0.234774
-0.0995474 0.860017 -0.234774
-0.0118358 0.764508 -0.12716
0.0110977 0.677722 -0.12716
0.00681203 0.879918 -0.12716
0.0264515 0.723641 -0.171184
-0.147057 0.633177 -0.234774
0.0115591 0.672824 -0.12716
0.0086574 0.860326 -0.12716
-0.134933 0.713382 -0.234774
-0.00537702 0.695936 -0.12716
0.0152498 0.63364 -0.12716
0.0123481 0.821142 -0.12716
-0.0617861 0.720272 -0.12716
0.0157112 0.628742 -0.12716
0.0118868 0.82604 -0.12716
0.01907 0.802009 -0.224991
0.0161725 0.623844 -0.12716
0.0146549 0.796652 -0.12716
0.0170952 0.614048 -0.12716
0.0137322 0.806448 -0.12716
-0.204523 0.825422 -0.176075
-0.139546 0.762362 -0.234774
0.0300775 0.580681 -0.2201
-0.0951322 0.865374 -0.234774
-0.16195 0.58236 -0.234774
0.0195313 0.797111 -0.210317
-0.181193 0.629962 -0.12716
0.0180179 0.604252 -0.12716
0.0194019 0.589558 -0.12716
0.0259901 0.728539 -0.136943
0.0198633 0.58466 -0.12716
-0.0395122 0.692721 -0.234774
-0.000172827 0.849611 -0.12716
0.000749859 0.839815 -0.12716
0.0012112 0.834917 -0.12716
0.00444061 0.800631 -0.12716
0.035217 0.63058 -0.156509
0.00582464 0.785937 -0.12716
0.00628598 0.781039 -0.12716
-0.204061 0.820524 -0.132051
0.00674732 0.776141 -0.12716
0.0227607 0.762825 -0.156509
0.00767001 0.766345 -0.12716
0.0384464 0.596294 -0.166292
-0.150222 0.771239 -0.234774
-0.169857 0.561849 -0.2201
-0.17961 0.56093 -0.224991
-0.0494635 0.74614 -0.234774
-0.181456 0.580522 -0.166292
0.00905404 0.751651 -0.12716
-0.196878 0.796493 -0.12716
-0.181391 0.684299 -0.234774
0.0104381 0.736957 -0.12716
-0.186992 0.639298 -0.146726
-0.0951322 0.865374 -0.12716
-0.147256 0.687514 -0.234774
-0.0141425 0.788998 -0.234774
0.0108994 0.732059 -0.12716
0.0329103 0.65507 -0.205425
-0.0918339 0.569198 -0.19075
-0.047092 0.825426 -0.234774
0.0118221 0.722263 -0.12716
0.0375237 0.60609 -0.176075
0.0122834 0.717366 -0.12716
-0.199909 0.776442 -0.229883
0.0127448 0.712467 -0.12716
-0.0202047 0.748896 -0.12716
0.0136675 0.702672 -0.12716
0.0398304 0.5816 -0.12716
0.019928 0.688437 -0.234774
0.0150515 0.687978 -0.12716
0.0121498 0.875479 -0.12716
-0.190355 0.831698 -0.12716
-0.112396 0.735271 -0.234774
-0.124852 0.867516 -0.176075
0.0155128 0.68308 -0.12716
0.0116885 0.880377 -0.12716
-0.173617 0.862923 -0.234774
0.00140952 0.78058 -0.12716
0.0159742 0.678182 -0.12716
0.0164355 0.673284 -0.12716
0.0149179 0.846091 -0.12716
-0.0631701 0.734966 -0.234774
-0.116216 0.566902 -0.146726
-0.16182 0.789913 -0.12716
0.0173582 0.663488 -0.12716
0.0139952 0.855887 -0.12716
0.0292195 0.694253 -0.141834
-0.0913079 0.668077 -0.234774
-0.204984 0.83032 -0.151618
0.0178196 0.65859 -0.12716
-0.132299 0.842108 -0.234774
-0.121093 0.566442 -0.224991
0.0182809 0.653692 -0.12716
-0.0748331 0.649863 -0.234774
-0.0786575 0.84716 -0.234774
-0.191342 0.737718 -0.234774
-0.198525 0.761748 -0.205425
0.0187423 0.648794 -0.12716
-0.184685 0.614808 -0.200533
-0.0647525 0.803997 -0.234774
0.0192036 0.643896 -0.12716
0.0347557 0.635478 -0.210317
-0.166037 0.730218 -0.234774
0.0201263 0.6341 -0.12716
0.0167633 0.826499 -0.12716
-0.0894625 0.648485 -0.12716
0.0205876 0.629202 -0.12716
-0.16874 0.863383 -0.185859
-0.190682 0.678482 -0.234774
-0.0233005 0.625068 -0.12716
0.0219717 0.614508 -0.12716
0.0296809 0.689355 -0.215208
-0.0267282 0.713691 -0.12716
0.022433 0.60961 -0.12716
0.0195313 0.797111 -0.12716
0.0228943 0.604712 -0.12716
0.01907 0.802009 -0.12716
-0.0333853 0.8366 -0.234774
-0.105347 0.869354 -0.195642
-0.196219 0.737258 -0.2201
0.0233557 0.599814 -0.12716
0.0209154 0.782417 -0.12716
-0.197141 0.747054 -0.224991
0.0247397 0.58512 -0.12716
0.00193557 0.879459 -0.12716
0.00239691 0.874561 -0.12716
-0.02844 0.575169 -0.234774
-0.102906 0.68675 -0.234774
0.0033196 0.864765 -0.12716
0.0306036 0.679559 -0.234774
-0.194571 0.772003 -0.234774
0.00378094 0.859867 -0.12716
0.00424229 0.854969 -0.12716
0.00562632 0.840275 -0.12716
0.00608766 0.835377 -0.12716
-0.134998 0.609606 -0.234774
-0.137899 0.797107 -0.234774
-0.0490668 0.637465 -0.234774
0.00885572 0.805989 -0.12716
-0.18653 0.6344 -0.156509
0.00931706 0.801091 -0.12716
0.0181473 0.811805 -0.224991
-0.0683096 0.685067 -0.12716
0.0107011 0.786397 -0.12716
-0.0858407 0.871191 -0.166292
2.54914e-05 0.795274 -0.234774
0.0139305 0.752111 -0.12716
-0.100535 0.766036 -0.12716
-0.0636962 0.636087 -0.234774
-0.0235635 0.575629 -0.151618
0.0153145 0.737417 -0.12716
-0.0316694 0.609455 -0.12716
0.0162372 0.727621 -0.12716
0.0166986 0.722723 -0.12716
-0.191144 0.68338 -0.229883
0.0171599 0.717825 -0.12716
0.0176212 0.712927 -0.12716
-0.0283106 0.782722 -0.12716
-0.0258702 0.600119 -0.12716
0.0180826 0.708029 -0.12716
0.0185439 0.703131 -0.12716
-0.173617 0.862923 -0.12716
-0.162083 0.740473 -0.234774
0.0116885 0.880377 -0.215208
-0.15681 0.632258 -0.12716
-0.159251 0.814862 -0.12716
-0.112922 0.636392 -0.234774
0.019928 0.688437 -0.12716
0.0203893 0.683539 -0.12716
0.021312 0.673743 -0.12716
0.0222347 0.663947 -0.12716
0.0379851 0.601192 -0.2201
0.0245414 0.639457 -0.12716
-0.0884751 0.742465 -0.234774
0.0268481 0.614967 -0.12716
0.0282321 0.600273 -0.12716
0.0286935 0.595375 -0.12716
-0.0772046 0.570576 -0.141834
0.0291548 0.590477 -0.12716
0.0296162 0.585579 -0.12716
-0.129729 0.867057 -0.166292
-0.0405685 0.860631 -0.12716
-0.0376668 0.673129 -0.12716
-0.0550643 0.701139 -0.234774
-0.207291 0.85481 -0.176075
0.0300775 0.580681 -0.12716
0.00727337 0.87502 -0.12716
-0.206368 0.845014 -0.210317
-0.14798 0.642973 -0.234774
-0.150882 0.830475 -0.234774
-0.0524298 0.829865 -0.234774
0.00911875 0.855428 -0.12716
0.00958009 0.85053 -0.12716
0.0128095 0.816244 -0.12716
-0.167947 0.646034 -0.234774
-0.170849 0.833535 -0.234774
0.0132708 0.811346 -0.12716
-0.164981 0.562308 -0.146726
0.0151162 0.791754 -0.12716
-0.117208 0.838588 -0.12716
0.0155776 0.786856 -0.12716
-0.043203 0.731905 -0.234774
0.0169616 0.772162 -0.12716
-0.106463 0.56782 -0.156509
-0.0268618 0.871805 -0.12716
-0.0234988 0.679405 -0.12716
0.0174229 0.767264 -0.12716
-0.191605 0.688278 -0.2201
0.0183456 0.757468 -0.12716
0.0192683 0.747672 -0.12716
-0.16182 0.789913 -0.234774
-0.123796 0.699607 -0.234774
0.020191 0.737876 -0.12716
-0.124257 0.704505 -0.234774
0.0153792 0.841193 -0.215208
0.0310649 0.674662 -0.151618
-0.199909 0.776442 -0.171184
-0.174471 0.610829 -0.12716
0.0206523 0.732978 -0.12716
-0.203139 0.810728 -0.234774
-0.149235 0.86522 -0.234774
0.0211137 0.72808 -0.12716
-0.185082 0.723483 -0.234774
0.021575 0.723182 -0.12716
-0.0703533 0.758996 -0.234774
-0.121951 0.680015 -0.12716
-0.147519 0.638075 -0.234774
-0.151343 0.835373 -0.234774
0.0220364 0.718284 -0.12716
-0.0396458 0.850835 -0.234774
-0.143565 0.64833 -0.234774
-0.2036 0.815626 -0.161401
-0.0225761 0.669609 -0.234774
0.0234204 0.70359 -0.12716
-0.0254778 0.857111 -0.234774
0.0238817 0.698692 -0.12716
-0.00781735 0.87854 -0.19075
-0.0430694 0.573791 -0.234774
-0.0462341 0.711854 -0.234774
0.0252658 0.683998 -0.12716
-0.116216 0.566902 -0.171184
-0.0106501 0.804151 -0.12716
-0.135394 0.71828 -0.234774
0.0172246 0.821601 -0.141834
0.0261884 0.674202 -0.12716
0.0097137 0.692416 -0.234774
-0.0634332 0.685526 -0.12716
0.0266498 0.669304 -0.12716
0.0271111 0.664406 -0.12716
0.0275725 0.659508 -0.12716
-0.0674516 0.571495 -0.234774
0.0280338 0.65461 -0.12716
-0.0235635 0.575629 -0.215208
0.0289565 0.644814 -0.12716
-0.0858407 0.871191 -0.171184
0.0298792 0.635018 -0.12716
0.0312632 0.620324 -0.12716
0.0269128 0.718743 -0.19075
-0.142444 0.584197 -0.12716
-0.0350324 0.801855 -0.234774
0.0326473 0.60563 -0.12716
-0.0431383 0.835681 -0.12716
-0.0397752 0.643282 -0.12716
-0.140797 0.618942 -0.234774
-0.143699 0.806444 -0.234774
-0.00814508 0.725324 -0.12716
-0.0336484 0.787161 -0.234774
0.0100414 0.845632 -0.234774
0.0129431 0.65813 -0.234774
0.0331086 0.600732 -0.12716
-0.0604021 0.705578 -0.12716
-0.031208 0.604557 -0.234774
-0.0341097 0.792059 -0.234774
0.034954 0.58114 -0.12716
0.0126112 0.870581 -0.12716
-0.124059 0.650167 -0.234774
-0.196219 0.737258 -0.146726
-0.112857 0.740169 -0.234774
0.0130725 0.865683 -0.12716
0.0135339 0.860785 -0.12716
-0.157996 0.592615 -0.12716
-0.00372996 0.730682 -0.12716
0.0158406 0.836295 -0.12716
-0.167158 0.794351 -0.12716
-0.163334 0.597054 -0.12716
0.0172246 0.821601 -0.12716
-0.0479458 0.573332 -0.234774
-0.188246 0.861545 -0.205425
-0.00405769 0.577466 -0.224991
-0.0595441 0.592005 -0.12716
0.0176859 0.816703 -0.12716
-0.175656 0.571186 -0.234774
-0.115099 0.868435 -0.195642
0.0121498 0.875479 -0.224991
-0.100996 0.770934 -0.234774
-0.180602 0.832617 -0.12716
-0.1777 0.645115 -0.12716
-0.0330534 0.624149 -0.234774
0.0317246 0.615426 -0.234774
0.0222994 0.767723 -0.12716
-0.186992 0.639298 -0.180967
-0.202876 0.860167 -0.12716
-0.207291 0.85481 -0.234774
0.0227607 0.762825 -0.12716
0.0232221 0.757927 -0.12716
-0.0175703 0.877621 -0.156509
0.0144565 0.850989 -0.12716
-0.0817533 0.723332 -0.234774
0.0236834 0.753029 -0.12716
-0.00860642 0.730222 -0.234774
-0.146928 0.84073 -0.234774
0.0241448 0.748131 -0.12716
-0.181326 0.788075 -0.234774
0.000685153 0.736039 -0.234774
0.0246061 0.743233 -0.12716
-0.169857 0.561849 -0.180967
-0.192066 0.693176 -0.200533
0.0250674 0.738335 -0.12716
-0.185146 0.619706 -0.136943
-0.0555256 0.706037 -0.12716
-0.12643 0.570881 -0.12716
-0.166498 0.735116 -0.234774
-0.10047 0.869813 -0.200533
0.0158406 0.836295 -0.215208
0.0269128 0.718743 -0.12716
0.0163019 0.831397 -0.215208
-0.158789 0.809964 -0.234774
0.0273742 0.713845 -0.12716
-0.19154 0.792055 -0.234774
-0.0216534 0.659813 -0.12716
-0.156219 0.834913 -0.234774
-0.0987541 0.642668 -0.234774
-0.101656 0.83017 -0.234774
-0.0180963 0.778743 -0.12716
-0.0151946 0.591241 -0.12716
0.0282968 0.704049 -0.12716
0.0186086 0.806907 -0.195642
-0.162808 0.695932 -0.234774
0.0292195 0.694253 -0.12716
0.0306036 0.679559 -0.12716
0.00193557 0.879459 -0.136943
0.0315263 0.669764 -0.12716
-0.152197 0.583278 -0.234774
-0.143302 0.697769 -0.234774
-0.0897255 0.599045 -0.12716
0.0319876 0.664865 -0.12716
-0.11134 0.567361 -0.171184
-0.148903 0.652769 -0.234774
-0.143763 0.702667 -0.234774
-0.135722 0.565064 -0.224991
-0.206368 0.845014 -0.151618
-0.0449147 0.593383 -0.234774
-0.131768 0.57532 -0.234774
-0.0444534 0.588485 -0.234774
-0.0473551 0.775987 -0.234774
-0.0984911 0.692107 -0.12716
0.0329103 0.65507 -0.12716
-0.0573063 0.829406 -0.234774
0.0333716 0.650172 -0.12716
0.033833 0.645274 -0.12716
-0.0503214 0.859712 -0.12716
-0.0478811 0.677108 -0.12716
0.0342943 0.640376 -0.12716
0.0278355 0.708947 -0.205425
0.0370624 0.610988 -0.12716
0.0375237 0.60609 -0.12716
-0.0820163 0.673893 -0.234774
0.0301422 0.684457 -0.195642
0.0389077 0.591396 -0.12716
0.0306036 0.679559 -0.180967
0.0393691 0.586498 -0.12716
-0.199909 0.776442 -0.234774
-0.207752 0.859708 -0.234774
-0.206829 0.849912 -0.234774
-0.206368 0.845014 -0.234774
-0.118984 0.59629 -0.234774
-0.205907 0.840116 -0.234774
-0.205445 0.835218 -0.234774
-0.126366 0.674657 -0.234774
-0.129729 0.867057 -0.234774
-0.204984 0.83032 -0.234774
-0.146531 0.732055 -0.234774
-0.0601391 0.755017 -0.234774
-0.204061 0.820524 -0.234774
-0.202216 0.800932 -0.234774
0.00595825 0.627824 -0.234774
-0.0866297 0.722873 -0.12716
-0.201755 0.796034 -0.234774
-0.201293 0.791136 -0.234774
-0.200832 0.786238 -0.234774
-0.199448 0.771544 -0.234774
0.0342943 0.640376 -0.234774
-0.0506492 0.706496 -0.234774
-0.0185577 0.783641 -0.234774
-0.198525 0.761748 -0.234774
-0.0321996 0.876243 -0.200533
-0.197603 0.751952 -0.234774
0.0324489 0.659968 -0.141834
-0.195757 0.73236 -0.234774
0.0333716 0.650172 -0.136943
-0.194835 0.722564 -0.234774
-0.00405769 0.577466 -0.176075
-0.0800415 0.861854 -0.12716
-0.19345 0.70787 -0.234774
0.0255288 0.733437 -0.195642
-0.192989 0.702972 -0.234774
0.0250674 0.738335 -0.195642
-0.169857 0.561849 -0.19075
0.00832967 0.70711 -0.12716
-0.192066 0.693176 -0.234774
-0.0144056 0.739559 -0.12716
-0.191144 0.68338 -0.234774
-0.190221 0.673584 -0.234774
-0.18528 0.77782 -0.234774
-0.194835 0.722564 -0.156509
-0.0929549 0.633331 -0.234774
-0.128936 0.649708 -0.234774
-0.134605 0.866598 -0.156509
-0.0517055 0.874406 -0.146726
-0.0333164 0.57471 -0.146726
-0.189298 0.663788 -0.234774
-0.18284 0.595216 -0.234774
-0.186203 0.787616 -0.234774
-0.00168627 0.656752 -0.234774
-0.00952911 0.740018 -0.12716
-0.198262 0.811187 -0.234774
0.00569522 0.578384 -0.176075
-0.188837 0.65889 -0.234774
-0.186664 0.792514 -0.234774
-0.103303 0.795424 -0.12716
-0.188376 0.653992 -0.234774
-0.184224 0.60991 -0.234774
-0.191277 0.841494 -0.234774
-0.187125 0.797412 -0.234774
-0.187914 0.649094 -0.234774
-0.119976 0.867976 -0.171184
-0.186069 0.629502 -0.234774
-0.189432 0.821902 -0.234774
-0.0638945 0.690425 -0.234774
-0.0256072 0.649558 -0.234774
-0.183301 0.600114 -0.234774
-0.1922 0.85129 -0.234774
-0.0362181 0.762212 -0.12716
0.00431119 0.593078 -0.12716
-0.182378 0.590318 -0.234774
-0.193123 0.861086 -0.234774
-0.0148669 0.744457 -0.12716
-0.137766 0.638994 -0.234774
-0.0430694 0.573791 -0.161401
-0.203139 0.810728 -0.156509
-0.151472 0.62782 -0.234774
-0.0796449 0.75318 -0.234774
-0.180994 0.575624 -0.234774
0.0181473 0.811805 -0.2201
-0.192528 0.698074 -0.136943
-0.180533 0.570726 -0.234774
-0.188246 0.861545 -0.185859
-0.180072 0.565829 -0.234774
-0.182512 0.748432 -0.234774
-0.169857 0.561849 -0.210317
-0.17961 0.56093 -0.234774
-0.142379 0.687973 -0.12716
-0.202876 0.860167 -0.234774
-0.0736474 0.689506 -0.234774
-0.202414 0.855269 -0.234774
-0.201953 0.850371 -0.234774
-0.201492 0.845473 -0.234774
-0.200569 0.835677 -0.234774
-0.0062997 0.705732 -0.234774
-0.169068 0.710167 -0.234774
-0.00346694 0.780121 -0.12716
-0.200108 0.830779 -0.234774
0.0333716 0.650172 -0.132051
-0.0989524 0.697005 -0.234774
-0.127948 0.743689 -0.12716
-0.199646 0.825881 -0.234774
-0.199185 0.820983 -0.234774
-0.139482 0.866138 -0.215208
-0.0689046 0.848079 -0.234774
-0.198724 0.816085 -0.234774
-0.197801 0.806289 -0.234774
-0.19734 0.801391 -0.234774
-0.196878 0.796493 -0.234774
-0.196417 0.791595 -0.234774
-0.195956 0.786697 -0.234774
-0.0942096 0.855578 -0.234774
-0.195494 0.781799 -0.234774
-0.193649 0.762208 -0.234774
0.0248044 0.688896 -0.234774
-0.193187 0.757309 -0.234774
-0.192726 0.752411 -0.234774
-0.190419 0.727922 -0.234774
-0.189958 0.723024 -0.234774
-0.185543 0.728381 -0.234774
0.0384464 0.596294 -0.12716
-0.189497 0.718126 -0.234774
0.0153792 0.841193 -0.136943
0.0122834 0.717366 -0.234774
-0.0852457 0.708179 -0.12716
-0.189035 0.713228 -0.234774
-0.186466 0.738177 -0.234774
0.0282968 0.704049 -0.146726
-0.188574 0.70833 -0.234774
-0.186927 0.743075 -0.234774
-0.19668 0.742156 -0.146726
-0.188113 0.703432 -0.234774
-0.197141 0.747054 -0.176075
-0.187651 0.698534 -0.234774
-0.144358 0.865679 -0.146726
-0.195296 0.727462 -0.166292
-0.129858 0.659504 -0.12716
-0.18719 0.693636 -0.234774
-0.188311 0.757769 -0.234774
-0.195757 0.73236 -0.171184
-0.186729 0.688738 -0.234774
-0.188772 0.762667 -0.234774
-0.196219 0.737258 -0.185859
-0.186267 0.68384 -0.234774
-0.189234 0.767565 -0.234774
-0.0858407 0.871191 -0.141834
-0.104489 0.755781 -0.12716
-0.102971 0.582973 -0.12716
-0.127815 0.585575 -0.234774
0.00681203 0.879918 -0.19075
-0.185806 0.678942 -0.234774
-0.189695 0.772463 -0.234774
-0.185345 0.674044 -0.234774
-0.190156 0.777361 -0.234774
-0.0224467 0.877162 -0.176075
-0.184883 0.669146 -0.234774
-0.187785 0.856647 -0.234774
-0.138162 0.747668 -0.12716
-0.184422 0.664248 -0.234774
-0.187324 0.851749 -0.234774
-0.0474198 0.67221 -0.234774
-0.082081 0.570117 -0.166292
-0.183499 0.654452 -0.234774
-0.154111 0.86476 -0.224991
0.0163019 0.831397 -0.156509
-0.182577 0.644656 -0.234774
-0.182115 0.639758 -0.234774
-0.184556 0.822361 -0.234774
-0.173483 0.70481 -0.12716
-0.181654 0.63486 -0.234774
-0.181193 0.629962 -0.234774
-0.180731 0.625064 -0.234774
-0.183633 0.812565 -0.234774
0.0250674 0.738335 -0.2201
-0.0586903 0.8441 -0.12716
-0.05625 0.661496 -0.12716
-0.110615 0.611902 -0.234774
0.0236834 0.753029 -0.180967
-0.18027 0.620166 -0.234774
0.0232221 0.757927 -0.185859
-0.0505845 0.810273 -0.12716
-0.179809 0.615268 -0.234774
0.0269128 0.718743 -0.224991
-0.178886 0.605472 -0.234774
-0.177963 0.595676 -0.234774
-0.0798432 0.807517 -0.12716
-0.176579 0.580982 -0.234774
-0.180403 0.778279 -0.234774
-0.178493 0.862464 -0.156509
-0.195296 0.727462 -0.141834
-0.174734 0.56139 -0.234774
-0.179019 0.763585 -0.234774
-0.0760878 0.87211 -0.185859
0.0232221 0.757927 -0.224991
-0.00287198 0.617109 -0.12716
-0.197538 0.855729 -0.234774
-0.196615 0.845933 -0.234774
0.0389077 0.591396 -0.210317
-0.0827407 0.629352 -0.234774
-0.193386 0.811647 -0.234774
-0.180994 0.575624 -0.19075
-0.0897944 0.860936 -0.12716
-0.192924 0.806749 -0.234774
0.0126112 0.870581 -0.176075
-0.192002 0.796953 -0.234774
-0.191079 0.787157 -0.234774
-0.0918339 0.569198 -0.166292
-0.190618 0.782259 -0.234774
-0.204061 0.820524 -0.2201
-0.0484761 0.84012 -0.12716
-0.18785 0.752871 -0.234774
0.0310649 0.674662 -0.171184
-0.187388 0.747973 -0.234774
-0.186004 0.733279 -0.234774
-0.114966 0.710321 -0.234774
-0.068771 0.689965 -0.234774
-0.0392492 0.74216 -0.234774
-0.18462 0.718585 -0.234774
-0.117932 0.794046 -0.234774
-0.0507139 0.60272 -0.234774
-0.0760878 0.87211 -0.200533
0.0232221 0.757927 -0.210317
-0.184159 0.713687 -0.234774
-0.183236 0.703891 -0.234774
-0.124852 0.867516 -0.2201
-0.115099 0.868435 -0.161401
-0.0907171 0.870732 -0.12716
-0.182314 0.694095 -0.234774
0.0176859 0.816703 -0.19075
-0.180072 0.565829 -0.2201
-0.19345 0.70787 -0.132051
-0.00254425 0.770325 -0.234774
-0.16373 0.705728 -0.234774
-0.154111 0.86476 -0.234774
-0.0697584 0.595985 -0.234774
-0.0735827 0.793282 -0.234774
-0.181852 0.689197 -0.234774
0.0130725 0.865683 -0.234774
-0.0308156 0.861549 -0.12716
-0.18093 0.679401 -0.234774
-0.0172383 0.66517 -0.12716
-0.180007 0.669605 -0.234774
0.0213767 0.777519 -0.132051
-0.179545 0.664707 -0.234774
-0.0752298 0.758537 -0.12716
-0.0727895 0.575933 -0.12716
-0.179084 0.659809 -0.234774
-0.140271 0.717821 -0.12716
-0.177239 0.640217 -0.234774
-0.18014 0.827719 -0.234774
-0.202876 0.860167 -0.132051
0.0300775 0.580681 -0.156509
-0.161488 0.577462 -0.12716
-0.175855 0.625523 -0.234774
-0.176648 0.842872 -0.234774
-0.174932 0.615727 -0.234774
-0.178295 0.808127 -0.234774
-0.16874 0.863383 -0.2201
0.035217 0.63058 -0.136943
-0.190682 0.678482 -0.215208
-0.0357568 0.757314 -0.12716
-0.172625 0.591237 -0.234774
-0.169857 0.561849 -0.234774
-0.172759 0.749351 -0.234774
-0.0186871 0.576088 -0.224991
-0.192661 0.856188 -0.234774
-0.0235635 0.575629 -0.161401
-0.179218 0.817923 -0.234774
-0.190816 0.836596 -0.234774
-0.197603 0.751952 -0.2201
-0.190355 0.831698 -0.234774
-0.188971 0.817004 -0.234774
-0.184819 0.772922 -0.234774
-0.175988 0.783637 -0.234774
-0.0446517 0.642823 -0.234774
-0.0475534 0.830324 -0.234774
-0.177174 0.743993 -0.12716
-0.184357 0.768024 -0.234774
-0.176713 0.739095 -0.12716
-0.183896 0.763126 -0.234774
-0.182051 0.743534 -0.234774
-0.191144 0.68338 -0.132051
-0.181128 0.733738 -0.234774
0.0144565 0.850989 -0.176075
-0.180205 0.723942 -0.234774
0.0139952 0.855887 -0.176075
0.0217733 0.668845 -0.234774
-0.179282 0.714146 -0.234774
-0.0862331 0.614199 -0.234774
-0.0886734 0.796802 -0.234774
-0.17836 0.70435 -0.234774
-0.110223 0.868894 -0.156509
-0.202677 0.80583 -0.195642
-0.177898 0.699452 -0.234774
-0.10429 0.701444 -0.12716
-0.180403 0.778279 -0.12716
-0.176579 0.580982 -0.12716
-0.177437 0.694554 -0.234774
-0.0894625 0.648485 -0.234774
-0.125969 0.565983 -0.229883
-0.136119 0.673739 -0.12716
-0.175592 0.674962 -0.234774
-0.173285 0.650472 -0.234774
-0.116746 0.83369 -0.12716
-0.171901 0.635778 -0.234774
-0.175329 0.724401 -0.234774
-0.199448 0.771544 -0.132051
-0.124391 0.862618 -0.12716
-0.144488 0.658126 -0.234774
-0.125969 0.565983 -0.176075
-0.170517 0.621084 -0.234774
-0.108705 0.696087 -0.234774
-0.184224 0.60991 -0.161401
-0.188376 0.653992 -0.161401
-0.0200711 0.590782 -0.234774
0.0232221 0.757927 -0.215208
-0.170056 0.616186 -0.234774
-0.187453 0.644196 -0.185859
-0.169133 0.60639 -0.234774
-0.120304 0.71476 -0.12716
-0.166761 0.685677 -0.234774
-0.0772046 0.570576 -0.224991
-0.096318 0.825731 -0.234774
-0.0161862 0.862927 -0.234774
-0.0137459 0.680324 -0.234774
-0.16821 0.596594 -0.234774
-0.167749 0.591696 -0.234774
-0.199448 0.771544 -0.136943
-0.166826 0.5819 -0.234774
-0.0246845 0.639762 -0.234774
-0.165904 0.572104 -0.234774
-0.169728 0.769402 -0.234774
-0.195757 0.73236 -0.19075
-0.173285 0.650472 -0.12716
-0.164981 0.562308 -0.234774
-0.168344 0.754708 -0.234774
0.0273742 0.713845 -0.180967
-0.00722239 0.715528 -0.12716
-0.186401 0.841953 -0.234774
-0.18594 0.837055 -0.234774
-0.185478 0.832157 -0.234774
-0.185017 0.827259 -0.234774
-0.207752 0.859708 -0.224991
-0.183172 0.807667 -0.234774
-0.0673869 0.675271 -0.234774
-0.181787 0.792973 -0.234774
-0.149562 0.712004 -0.12716
-0.179481 0.768483 -0.234774
-0.102708 0.632413 -0.234774
-0.131902 0.733433 -0.12716
-0.178097 0.753789 -0.234774
-0.180994 0.575624 -0.146726
-0.176713 0.739095 -0.234774
-0.199909 0.776442 -0.156509
-0.176251 0.734197 -0.234774
-0.185608 0.624604 -0.19075
-0.197603 0.751952 -0.136943
-0.144949 0.663024 -0.234774
-0.147851 0.850526 -0.234774
-0.190881 0.73282 -0.12716
-0.133747 0.753025 -0.234774
-0.17579 0.729299 -0.234774
-0.174867 0.719504 -0.234774
-0.185608 0.624604 -0.161401
-0.173945 0.709707 -0.234774
-0.0104518 0.749814 -0.234774
-0.173483 0.70481 -0.234774
-0.173022 0.699912 -0.234774
0.0300775 0.580681 -0.141834
-0.207291 0.85481 -0.19075
-0.0750315 0.7042 -0.234774
-0.172561 0.695014 -0.234774
-0.170254 0.670524 -0.234774
-0.0754281 0.812874 -0.234774
-0.169793 0.665626 -0.234774
-0.169331 0.660728 -0.234774
-0.171772 0.843331 -0.234774
-0.16887 0.65583 -0.234774
-0.0723281 0.571035 -0.176075
-0.168409 0.650932 -0.234774
-0.172694 0.853127 -0.234774
-0.167025 0.636238 -0.234774
-0.169926 0.823739 -0.234774
-0.166102 0.626442 -0.234774
0.0287582 0.699151 -0.229883
-0.16564 0.621544 -0.234774
0.0375237 0.60609 -0.19075
-0.164718 0.611748 -0.234774
0.0379851 0.601192 -0.19075
-0.164256 0.60685 -0.234774
0.0186086 0.806907 -0.171184
-0.169857 0.561849 -0.161401
-0.17961 0.56093 -0.185859
-0.163795 0.601952 -0.234774
-0.166697 0.789453 -0.234774
0.0117574 0.618487 -0.12716
-0.162872 0.592156 -0.234774
-0.0785886 0.58527 -0.234774
-0.0828743 0.787466 -0.234774
-0.160566 0.567666 -0.234774
-0.163467 0.755167 -0.234774
0.0236834 0.753029 -0.195642
-0.160104 0.562768 -0.234774
-0.163929 0.760065 -0.234774
-0.125378 0.768638 -0.234774
0.0135339 0.860785 -0.224991
-0.18337 0.862005 -0.234774
-0.00695936 0.764967 -0.234774
-0.114177 0.858639 -0.12716
-0.0727247 0.67971 -0.234774
-0.182447 0.852209 -0.234774
-0.121291 0.62078 -0.12716
-0.0669256 0.670373 -0.234774
-0.07075 0.867671 -0.234774
-0.140667 0.826495 -0.234774
-0.0661365 0.818691 -0.234774
-0.09546 0.712159 -0.234774
-0.0206013 0.85757 -0.234774
-0.179679 0.822821 -0.234774
0.0324489 0.659968 -0.12716
-0.0112409 0.601496 -0.234774
-0.199909 0.776442 -0.185859
-0.178756 0.813025 -0.234774
-0.124391 0.862618 -0.234774
-0.0503861 0.755936 -0.234774
-0.197603 0.751952 -0.185859
-0.17645 0.788535 -0.234774
-0.175066 0.773841 -0.234774
-0.173682 0.759147 -0.234774
-0.17322 0.754249 -0.234774
-0.171375 0.734657 -0.234774
-0.170914 0.729759 -0.234774
-0.121093 0.566442 -0.141834
0.0182809 0.653692 -0.234774
0.00371624 0.75609 -0.234774
-0.11701 0.78425 -0.234774
-0.0412929 0.81609 -0.234774
-0.0774029 0.624913 -0.12716
-0.16953 0.715065 -0.234774
-0.168607 0.705269 -0.234774
-0.045708 0.810732 -0.234774
-0.106334 0.775373 -0.234774
-0.168146 0.700371 -0.234774
-0.124852 0.867516 -0.200533
-0.0907171 0.870732 -0.156509
0.0121498 0.875479 -0.151618
-0.0741088 0.694404 -0.234774
-0.0532836 0.577771 -0.234774
-0.167684 0.695473 -0.234774
-0.1663 0.680779 -0.234774
-0.0366147 0.870886 -0.234774
-0.165839 0.675881 -0.234774
-0.190221 0.673584 -0.180967
-0.161225 0.626901 -0.12716
-0.122477 0.581136 -0.12716
-0.165377 0.670983 -0.234774
-0.134605 0.866598 -0.205425
-0.0333164 0.57471 -0.195642
-0.18284 0.595216 -0.185859
-0.189298 0.663788 -0.185859
-0.164455 0.661187 -0.234774
-0.167356 0.848689 -0.234774
0.0259901 0.728539 -0.224991
-0.162148 0.636697 -0.234774
-0.127487 0.738791 -0.12716
-0.161687 0.631799 -0.234774
-0.0117022 0.606394 -0.12716
-0.0146039 0.793896 -0.12716
-0.142051 0.841189 -0.234774
-0.0662012 0.714914 -0.234774
-0.16874 0.863383 -0.200533
-0.161225 0.626901 -0.234774
-0.159841 0.612207 -0.234774
-0.180468 0.674503 -0.234774
-0.182908 0.857107 -0.234774
-0.15938 0.607309 -0.234774
-0.162743 0.799709 -0.234774
-0.0650155 0.754558 -0.234774
0.034954 0.58114 -0.229883
-0.158457 0.597513 -0.234774
-0.161359 0.785015 -0.234774
-0.157996 0.592615 -0.234774
-0.148903 0.652769 -0.12716
-0.157535 0.587717 -0.234774
-0.157073 0.582819 -0.234774
-0.159975 0.770321 -0.234774
-0.150351 0.563686 -0.229883
-0.0257408 0.807671 -0.234774
-0.135196 0.663943 -0.234774
-0.138098 0.851444 -0.234774
-0.00781735 0.87854 -0.141834
-0.110223 0.868894 -0.234774
-0.155689 0.568125 -0.234774
-0.159052 0.760525 -0.234774
-0.0757558 0.659659 -0.234774
-0.155228 0.563227 -0.234774
-0.176187 0.837974 -0.234774
0.0389077 0.591396 -0.166292
-0.149761 0.766341 -0.234774
-0.121752 0.625677 -0.234774
-0.175725 0.833076 -0.234774
-0.071539 0.719353 -0.12716
-0.173419 0.808586 -0.234774
-0.170189 0.7743 -0.234774
-0.196219 0.737258 -0.200533
-0.167882 0.74981 -0.234774
-0.154111 0.86476 -0.161401
-0.167421 0.744912 -0.234774
-0.0479458 0.573332 -0.185859
-0.0561853 0.765272 -0.234774
-0.184685 0.614808 -0.132051
-0.16696 0.740014 -0.234774
-0.165576 0.72532 -0.234774
-0.163864 0.863842 -0.176075
-0.165114 0.720422 -0.234774
0.0181473 0.811805 -0.195642
-0.180533 0.570726 -0.210317
-0.163269 0.70083 -0.234774
-0.10304 0.844864 -0.234774
-0.0955936 0.870272 -0.12716
-0.0209291 0.704354 -0.234774
-0.119976 0.867976 -0.141834
-0.123399 0.590932 -0.12716
-0.161424 0.681238 -0.234774
0.0264515 0.723641 -0.180967
-0.206829 0.849912 -0.2201
-0.100798 0.716597 -0.234774
-0.0469584 0.667312 -0.234774
-0.0498601 0.854814 -0.234774
-0.160962 0.67634 -0.234774
-0.163864 0.863842 -0.234774
0.0398304 0.5816 -0.224991
0.00608766 0.835377 -0.234774
-0.0464971 0.662414 -0.234774
-0.160501 0.671442 -0.234774
-0.0517055 0.874406 -0.161401
0.0356783 0.625682 -0.176075
-0.16004 0.666544 -0.234774
-0.159578 0.661646 -0.234774
-0.187453 0.644196 -0.132051
-0.0711424 0.610679 -0.234774
-0.205445 0.835218 -0.200533
-0.158656 0.65185 -0.234774
-0.161557 0.839352 -0.234774
-0.131704 0.679096 -0.12716
-0.158194 0.646952 -0.234774
-0.183499 0.654452 -0.12716
-0.157733 0.642054 -0.234774
-0.160635 0.829556 -0.234774
-0.206829 0.849912 -0.161401
-0.157272 0.637156 -0.234774
-0.0907171 0.870732 -0.180967
-0.181917 0.58542 -0.195642
-0.130781 0.6693 -0.12716
-0.133683 0.856802 -0.12716
-0.15681 0.632258 -0.234774
-0.159251 0.814862 -0.234774
-0.154965 0.612666 -0.234774
-0.0627735 0.626291 -0.234774
-0.154504 0.607768 -0.234774
-0.0419526 0.875325 -0.19075
-0.153581 0.597972 -0.234774
-0.156483 0.785474 -0.234774
-0.152658 0.588176 -0.234774
-0.188971 0.817004 -0.12716
-0.0374685 0.618792 -0.234774
-0.151735 0.57838 -0.234774
-0.154111 0.86476 -0.141834
-0.151274 0.573482 -0.234774
-0.150351 0.563686 -0.234774
-0.153253 0.751188 -0.234774
-0.0663348 0.873028 -0.176075
-0.172233 0.848229 -0.234774
-0.170388 0.828637 -0.234774
-0.0450483 0.751497 -0.234774
0.0282968 0.704049 -0.229883
-0.168542 0.809045 -0.234774
-0.129134 0.704045 -0.12716
-0.168081 0.804147 -0.234774
-0.167619 0.799249 -0.234774
0.0333716 0.650172 -0.229883
-0.194835 0.722564 -0.141834
-0.096318 0.825731 -0.12716
-0.165313 0.774759 -0.234774
-0.164851 0.769861 -0.234774
-0.0907171 0.870732 -0.19075
-0.124852 0.867516 -0.132051
-0.181917 0.58542 -0.161401
-0.117799 0.635933 -0.12716
-0.1207 0.823434 -0.12716
-0.16439 0.764963 -0.234774
0.0227607 0.762825 -0.166292
-0.184094 0.817463 -0.234774
-0.163006 0.750269 -0.234774
-0.0955936 0.870272 -0.200533
-0.14541 0.667922 -0.234774
-0.145475 0.564146 -0.19075
-0.15813 0.750729 -0.12716
-0.162545 0.745371 -0.234774
-0.043729 0.633027 -0.234774
-0.160699 0.725779 -0.234774
0.0375237 0.60609 -0.132051
-0.174471 0.610829 -0.234774
-0.149166 0.60333 -0.234774
-0.159777 0.715983 -0.234774
0.0126112 0.870581 -0.141834
0.0255288 0.733437 -0.141834
-0.0231711 0.832621 -0.234774
-0.157931 0.696391 -0.234774
-0.15747 0.691494 -0.234774
-0.0760878 0.87211 -0.224991
0.0232221 0.757927 -0.234774
-0.157009 0.686595 -0.234774
-0.080434 0.604862 -0.234774
-0.0842583 0.80216 -0.234774
-0.156547 0.681697 -0.234774
-0.158988 0.864301 -0.234774
0.0393691 0.586498 -0.210317
-0.083202 0.63425 -0.234774
-0.0861037 0.821752 -0.234774
-0.156086 0.6768 -0.234774
-0.111473 0.725475 -0.234774
-0.155625 0.671902 -0.234774
-0.155163 0.667004 -0.234774
-0.154702 0.662106 -0.234774
-0.120963 0.773995 -0.12716
-0.153779 0.65231 -0.234774
-0.156681 0.839811 -0.234774
-0.19668 0.742156 -0.180967
0.0278355 0.708947 -0.12716
-0.153318 0.647412 -0.234774
0.0135339 0.860785 -0.156509
-0.000500558 0.696396 -0.12716
-0.152856 0.642514 -0.234774
-0.151934 0.632718 -0.234774
-0.0663348 0.873028 -0.205425
-0.151011 0.622922 -0.234774
-0.101194 0.825272 -0.234774
-0.15055 0.618024 -0.234774
-0.150088 0.613126 -0.234774
-0.148243 0.593534 -0.234774
-0.199909 0.776442 -0.215208
-0.0485408 0.736344 -0.12716
-0.147782 0.588636 -0.234774
-0.150683 0.776137 -0.234774
-0.095197 0.761598 -0.12716
0.0379851 0.601192 -0.12716
-0.172362 0.640676 -0.234774
-0.112594 0.789608 -0.12716
-0.108309 0.587412 -0.12716
-0.146398 0.573942 -0.234774
-0.0383912 0.628588 -0.234774
-0.0422156 0.825885 -0.234774
-0.145936 0.569044 -0.234774
-0.148377 0.751647 -0.234774
-0.0875524 0.732669 -0.234774
-0.0126938 0.878081 -0.141834
-0.0698273 0.857875 -0.234774
-0.0496618 0.800477 -0.12716
-0.0467601 0.612975 -0.12716
-0.168279 0.858485 -0.234774
-0.082081 0.570117 -0.151618
-0.166895 0.843791 -0.234774
-0.165972 0.833995 -0.234774
-0.183633 0.812565 -0.12716
-0.180731 0.625064 -0.12716
-0.164588 0.819301 -0.234774
-0.163204 0.804607 -0.234774
-0.0441257 0.741701 -0.234774
-0.143763 0.702667 -0.12716
-0.157867 0.800168 -0.12716
-0.162282 0.794811 -0.234774
-0.0376021 0.776906 -0.234774
0.0158406 0.836295 -0.195642
-0.160898 0.780117 -0.234774
-0.159514 0.765423 -0.234774
-0.157668 0.745831 -0.234774
-0.157207 0.740933 -0.234774
-0.156746 0.736035 -0.234774
-0.155823 0.726239 -0.234774
-0.161622 0.735575 -0.12716
-0.155362 0.721341 -0.234774
-0.154504 0.607768 -0.12716
0.0213767 0.777519 -0.12716
-0.158919 0.602411 -0.234774
-0.1549 0.716443 -0.234774
-0.154439 0.711545 -0.234774
-0.0955936 0.870272 -0.166292
-0.152593 0.691953 -0.234774
-0.151671 0.682157 -0.234774
-0.151209 0.677259 -0.234774
0.0282968 0.704049 -0.141834
-0.101522 0.672056 -0.234774
-0.10047 0.869813 -0.185859
0.0158406 0.836295 -0.151618
0.00951538 0.746753 -0.234774
0.00556161 0.736498 -0.12716
-0.150748 0.672361 -0.234774
-0.150287 0.667463 -0.234774
-0.172164 0.586339 -0.234774
-0.175527 0.778739 -0.234774
-0.149825 0.662565 -0.234774
-0.0576987 0.572413 -0.141834
-0.0259391 0.862009 -0.234774
-0.145673 0.618483 -0.234774
-0.148114 0.801087 -0.234774
-0.0529559 0.730986 -0.234774
-0.143828 0.598891 -0.234774
-0.147652 0.796189 -0.234774
0.0163019 0.831397 -0.234774
-0.142444 0.584197 -0.234774
-0.140599 0.564605 -0.234774
-0.1435 0.752107 -0.234774
-0.163403 0.858944 -0.234774
0.0130725 0.865683 -0.19075
-0.171638 0.685218 -0.12716
-0.162941 0.854046 -0.234774
-0.0509122 0.657057 -0.234774
-0.162019 0.84425 -0.234774
-0.152132 0.687055 -0.12716
-0.137701 0.74277 -0.234774
-0.121623 0.83323 -0.234774
-0.158328 0.805066 -0.234774
-0.157867 0.800168 -0.234774
-0.141853 0.786852 -0.12716
-0.15556 0.775678 -0.234774
-0.156021 0.780576 -0.234774
-0.154176 0.760984 -0.234774
-0.0663348 0.873028 -0.195642
0.0203246 0.579762 -0.215208
-0.153714 0.756086 -0.234774
-0.113383 0.64129 -0.234774
-0.0956583 0.766496 -0.12716
-0.0922953 0.574096 -0.12716
-0.151869 0.736494 -0.234774
-0.151408 0.731596 -0.234774
0.0333716 0.650172 -0.210317
-0.150946 0.726698 -0.234774
-0.0103182 0.5917 -0.12716
-0.0132199 0.779202 -0.12716
-0.150024 0.716902 -0.234774
-0.192989 0.702972 -0.141834
-0.0224467 0.877162 -0.12716
-0.0193467 0.635323 -0.12716
-0.14864 0.702208 -0.234774
0.0176859 0.816703 -0.2201
-0.148178 0.69731 -0.234774
-0.147717 0.692412 -0.234774
-0.158988 0.864301 -0.205425
-0.141918 0.683075 -0.234774
-0.146333 0.677718 -0.234774
-0.145872 0.67282 -0.234774
-0.144026 0.653228 -0.234774
-0.146467 0.835832 -0.234774
-0.198064 0.75685 -0.19075
-0.185608 0.624604 -0.234774
-0.189893 0.8268 -0.234774
-0.143104 0.643432 -0.234774
-0.0858407 0.871191 -0.180967
-0.142642 0.638534 -0.234774
0.020454 0.787315 -0.136943
-0.125969 0.565983 -0.205425
-0.142181 0.633636 -0.234774
-0.141258 0.62384 -0.234774
0.0370624 0.610988 -0.195642
-0.19668 0.742156 -0.195642
-0.102445 0.681852 -0.234774
-0.140336 0.614044 -0.234774
-0.14416 0.811342 -0.234774
0.021838 0.772621 -0.136943
0.0252011 0.580222 -0.136943
-0.202216 0.800932 -0.146726
-0.139874 0.609146 -0.234774
-0.140732 0.722719 -0.234774
0.0149868 0.584201 -0.12716
-0.135791 0.826954 -0.234774
-0.138951 0.59935 -0.234774
-0.141655 0.732515 -0.234774
0.0315263 0.669764 -0.185859
-0.0111762 0.705273 -0.12716
-0.096844 0.726853 -0.12716
-0.139482 0.866138 -0.234774
-0.0614584 0.873487 -0.234774
-0.13849 0.594452 -0.234774
-0.142116 0.737413 -0.234774
-0.204061 0.820524 -0.176075
-0.136183 0.569962 -0.234774
-0.018161 0.674966 -0.234774
-0.199646 0.825881 -0.12716
-0.16821 0.596594 -0.12716
-0.135722 0.565064 -0.234774
-0.139085 0.757464 -0.234774
-0.0236971 0.733742 -0.12716
-0.158526 0.859403 -0.234774
-0.149498 0.815781 -0.234774
0.0208506 0.678641 -0.234774
0.0259901 0.728539 -0.12716
-0.119316 0.80874 -0.234774
-0.158065 0.854505 -0.234774
0.0195313 0.797111 -0.180967
-0.155758 0.830015 -0.234774
-0.153913 0.810423 -0.234774
-0.10943 0.651545 -0.234774
-0.0158543 0.650476 -0.234774
-0.153451 0.805525 -0.234774
-0.198987 0.766646 -0.234774
-0.151606 0.785933 -0.234774
-0.148838 0.756545 -0.234774
-0.0186871 0.576088 -0.12716
-0.147915 0.746749 -0.234774
-0.0648819 0.596444 -0.12716
-0.146993 0.736953 -0.234774
-0.14607 0.727157 -0.234774
-0.145609 0.722259 -0.234774
-0.145147 0.717361 -0.234774
-0.199185 0.820983 -0.12716
-0.144686 0.712463 -0.234774
-0.144225 0.707565 -0.234774
-0.194835 0.722564 -0.185859
-0.0365458 0.608996 -0.234774
-0.142841 0.692871 -0.234774
0.0149868 0.584201 -0.234774
-0.0883415 0.584351 -0.234774
-0.0674516 0.571495 -0.132051
-0.18653 0.6344 -0.161401
-0.142379 0.687973 -0.234774
-0.105347 0.869354 -0.215208
-0.141456 0.678177 -0.234774
-0.144358 0.865679 -0.234774
0.00022381 0.740937 -0.234774
-0.140072 0.663484 -0.234774
0.0335699 0.595834 -0.12716
-0.111935 0.730373 -0.234774
-0.139611 0.658585 -0.234774
-0.134605 0.866598 -0.161401
-0.0517055 0.874406 -0.141834
-0.0333164 0.57471 -0.141834
-0.13915 0.653687 -0.234774
-0.138688 0.64879 -0.234774
-0.138227 0.643892 -0.234774
-0.0368778 0.821447 -0.12716
-0.0339761 0.633945 -0.12716
-0.0919028 0.831088 -0.12716
-0.137304 0.634096 -0.234774
-0.136843 0.629198 -0.234774
-0.0536155 0.790222 -0.234774
-0.13592 0.619402 -0.234774
-0.139283 0.811801 -0.234774
-0.0848491 0.599505 -0.234774
-0.134075 0.59981 -0.234774
-0.0922306 0.677873 -0.12716
-0.133614 0.594912 -0.234774
-0.0532189 0.681547 -0.234774
-0.16874 0.863383 -0.215208
-0.0507828 0.86461 -0.12716
-0.0527576 0.676649 -0.234774
-0.204984 0.83032 -0.210317
-0.13223 0.580218 -0.234774
-0.13467 0.762821 -0.234774
-0.00636441 0.601956 -0.12716
-0.131307 0.570422 -0.234774
0.036601 0.615886 -0.176075
-0.000961902 0.701294 -0.234774
-0.0243568 0.792977 -0.234774
-0.115031 0.606545 -0.12716
-0.0205324 0.59568 -0.234774
0.00681203 0.879918 -0.146726
-0.130846 0.565524 -0.234774
-0.0222484 0.822825 -0.12716
-0.101457 0.775832 -0.12716
-0.0985558 0.588331 -0.12716
-0.153188 0.854964 -0.234774
-0.190221 0.673584 -0.229883
-0.152266 0.845169 -0.234774
-0.0751651 0.862314 -0.12716
-0.0713407 0.665016 -0.12716
-0.15042 0.825577 -0.234774
-0.143237 0.801546 -0.12716
-0.148575 0.805985 -0.234774
-0.145346 0.771699 -0.234774
-0.055129 0.597363 -0.12716
-0.143962 0.757005 -0.234774
-0.201755 0.796034 -0.146726
-0.140271 0.717821 -0.234774
-0.132889 0.639453 -0.234774
-0.13533 0.822056 -0.234774
-0.139809 0.712923 -0.234774
-0.139348 0.708025 -0.234774
0.0342943 0.640376 -0.161401
-0.169465 0.818841 -0.12716
-0.166563 0.63134 -0.12716
-0.137964 0.693331 -0.234774
-0.141129 0.831393 -0.234774
-0.166102 0.626442 -0.12716
-0.137503 0.688433 -0.234774
-0.137041 0.683535 -0.234774
-0.0223778 0.615272 -0.234774
-0.152792 0.74629 -0.234774
-0.134735 0.659045 -0.234774
-0.138559 0.856342 -0.234774
-0.155228 0.563227 -0.171184
-0.113383 0.64129 -0.12716
-0.134273 0.654147 -0.234774
-0.131242 0.674198 -0.12716
-0.0406332 0.756854 -0.234774
-0.133812 0.649249 -0.234774
-0.136714 0.83675 -0.234774
-0.0528223 0.572873 -0.156509
-0.0410299 0.865529 -0.234774
-0.133351 0.644351 -0.234774
0.0269128 0.718743 -0.156509
-0.132428 0.634555 -0.234774
-0.131967 0.629657 -0.234774
-0.136252 0.831852 -0.234774
0.01907 0.802009 -0.180967
-0.131044 0.619861 -0.234774
-0.130583 0.614963 -0.234774
-0.133484 0.802465 -0.234774
0.0141935 0.80155 -0.234774
-0.130121 0.610065 -0.234774
-0.133023 0.797567 -0.234774
-0.129199 0.600269 -0.234774
-0.128737 0.595371 -0.234774
-0.1321 0.787771 -0.234774
-0.198064 0.75685 -0.161401
-0.127353 0.580677 -0.234774
-0.130255 0.768179 -0.234774
-0.148773 0.860322 -0.234774
-0.148312 0.855424 -0.234774
-0.147389 0.845628 -0.234774
-0.198064 0.75685 -0.146726
-0.146005 0.830934 -0.234774
0.00681203 0.879918 -0.136943
-0.145544 0.826036 -0.234774
-0.0745054 0.803078 -0.234774
0.0379851 0.601192 -0.195642
-0.145083 0.821138 -0.234774
0.0375237 0.60609 -0.195642
-0.144621 0.81624 -0.234774
0.0269128 0.718743 -0.234774
-0.0432677 0.628129 -0.234774
-0.0445223 0.850375 -0.234774
-0.0138106 0.576547 -0.215208
-0.0610617 0.764813 -0.234774
-0.142776 0.796648 -0.234774
-0.142314 0.79175 -0.234774
-0.191144 0.68338 -0.224991
0.0238817 0.698692 -0.234774
-0.082676 0.733128 -0.234774
-0.141853 0.786852 -0.234774
-0.140469 0.772158 -0.234774
0.0132061 0.707569 -0.234774
-0.131837 0.83721 -0.234774
-0.138624 0.752566 -0.234774
-0.154111 0.86476 -0.12716
-0.138162 0.747668 -0.234774
-0.0299576 0.747977 -0.234774
-0.136778 0.732974 -0.234774
-0.136317 0.728076 -0.234774
-0.135856 0.723178 -0.234774
-0.134472 0.708484 -0.234774
-0.00294089 0.878999 -0.141834
0.0149179 0.846091 -0.161401
-0.150351 0.563686 -0.166292
-0.161027 0.572564 -0.234774
-0.108046 0.636851 -0.234774
-0.0578971 0.626751 -0.12716
-0.00768373 0.720426 -0.12716
-0.183038 0.649554 -0.234774
-0.13401 0.703586 -0.234774
0.0356783 0.625682 -0.210317
-0.132165 0.683994 -0.234774
-0.00867113 0.626446 -0.234774
-0.0269265 0.768028 -0.234774
-0.131704 0.679096 -0.234774
-0.192528 0.698074 -0.205425
-0.0762172 0.664557 -0.12716
-0.054866 0.646802 -0.234774
0.034954 0.58114 -0.224991
-0.0540769 0.79512 -0.234774
-0.13032 0.664402 -0.234774
-0.133221 0.851904 -0.234774
-0.0126938 0.878081 -0.132051
0.000486835 0.790376 -0.12716
-0.0447853 0.800936 -0.234774
-0.129858 0.659504 -0.234774
-0.178493 0.862464 -0.210317
0.0324489 0.659968 -0.200533
-0.129397 0.654606 -0.234774
-0.0265299 0.659354 -0.234774
-0.165442 0.567206 -0.12716
-0.128474 0.64481 -0.234774
-0.128013 0.639912 -0.234774
-0.163864 0.863842 -0.215208
-0.201293 0.791136 -0.12716
-0.12709 0.630116 -0.234774
-0.126167 0.62032 -0.234774
-0.125706 0.615422 -0.234774
-0.163334 0.597054 -0.234774
-0.167158 0.794351 -0.234774
-0.125245 0.610524 -0.234774
-0.124783 0.605626 -0.234774
-0.124322 0.600728 -0.234774
-0.127224 0.78823 -0.234774
-0.0942096 0.855578 -0.12716
-0.123861 0.59583 -0.234774
-0.127685 0.793128 -0.234774
0.00826496 0.603334 -0.12716
0.00536329 0.790835 -0.12716
-0.122938 0.586034 -0.234774
-0.126301 0.778434 -0.234774
-0.122477 0.581136 -0.234774
-0.143435 0.855883 -0.234774
-0.18337 0.862005 -0.12716
-0.142974 0.850985 -0.234774
-0.142513 0.846087 -0.234774
-0.10304 0.844864 -0.12716
-0.140206 0.821597 -0.234774
-0.138822 0.806903 -0.234774
-0.137438 0.792209 -0.234774
-0.0528223 0.572873 -0.132051
-0.136977 0.787311 -0.234774
-0.136054 0.777515 -0.234774
-0.0826113 0.836905 -0.12716
-0.111538 0.621698 -0.234774
-0.11444 0.8092 -0.234774
0.0135339 0.860785 -0.215208
-0.135131 0.767719 -0.234774
-0.110947 0.824353 -0.234774
-0.133286 0.748127 -0.234774
-0.132825 0.743229 -0.234774
-0.132363 0.738331 -0.234774
-0.131441 0.728535 -0.234774
0.0379851 0.601192 -0.176075
-0.0847844 0.703281 -0.234774
-0.129134 0.704045 -0.234774
-0.185608 0.624604 -0.229883
-0.198064 0.75685 -0.2201
-0.128672 0.699147 -0.234774
0.021838 0.772621 -0.229883
0.0252011 0.580222 -0.229883
-0.12775 0.689351 -0.234774
-0.0528223 0.572873 -0.205425
-0.127288 0.684453 -0.234774
-0.128806 0.857261 -0.234774
-0.0809642 0.87165 -0.210317
-0.00294089 0.878999 -0.205425
-0.0479458 0.573332 -0.151618
-0.126827 0.679555 -0.234774
-0.129267 0.862159 -0.234774
-0.125904 0.669759 -0.234774
-0.0732508 0.580831 -0.234774
-0.0770752 0.778129 -0.234774
-0.12452 0.655065 -0.234774
-0.127422 0.842567 -0.234774
-0.15233 0.741392 -0.12716
-0.123598 0.645269 -0.234774
-0.0663348 0.873028 -0.210317
-0.123136 0.640371 -0.234774
-0.126499 0.832771 -0.234774
0.0273742 0.713845 -0.224991
-0.122675 0.635473 -0.234774
0.0301422 0.684457 -0.224991
0.0393691 0.586498 -0.166292
-0.122214 0.630575 -0.234774
-0.0276509 0.723487 -0.12716
-0.121291 0.62078 -0.234774
-0.0772046 0.570576 -0.166292
-0.12083 0.615882 -0.234774
-0.116216 0.566902 -0.12716
-0.120368 0.610983 -0.234774
-0.122809 0.793587 -0.234774
-0.116548 0.779352 -0.234774
-0.188837 0.65889 -0.12716
-0.186664 0.792514 -0.12716
-0.0327904 0.673588 -0.234774
-0.127551 0.635014 -0.234774
-0.118523 0.591392 -0.234774
-0.0347694 0.851294 -0.12716
-0.118062 0.586494 -0.234774
-0.0858407 0.871191 -0.195642
-0.1176 0.581596 -0.234774
-0.056513 0.612057 -0.234774
-0.0180963 0.778743 -0.234774
-0.0151946 0.591241 -0.234774
-0.0662659 0.611138 -0.234774
-0.116678 0.5718 -0.234774
-0.120502 0.769097 -0.234774
-0.00590307 0.597058 -0.12716
-0.00926608 0.789457 -0.12716
-0.116216 0.566902 -0.234774
-0.137636 0.846546 -0.234774
-0.132562 0.792669 -0.234774
-0.0253442 0.698997 -0.234774
0.0134692 0.757009 -0.234774
-0.131639 0.782873 -0.234774
-0.0126938 0.878081 -0.2201
0.00681203 0.879918 -0.156509
-0.130846 0.565524 -0.2201
-0.129794 0.763281 -0.234774
-0.129332 0.758383 -0.234774
-0.134605 0.866598 -0.200533
-0.0333164 0.57471 -0.176075
-0.18284 0.595216 -0.166292
-0.189298 0.663788 -0.166292
-0.128871 0.753485 -0.234774
-0.127948 0.743689 -0.234774
-0.206829 0.849912 -0.180967
-0.127487 0.738791 -0.234774
-0.126564 0.728995 -0.234774
-0.126103 0.724097 -0.234774
-0.0795113 0.595066 -0.234774
-0.190881 0.73282 -0.234774
-0.0279139 0.674048 -0.234774
-0.0317383 0.871345 -0.234774
-0.0955936 0.870272 -0.229883
-0.12518 0.714301 -0.234774
-0.121028 0.670219 -0.234774
-0.12393 0.85772 -0.234774
-0.120105 0.660423 -0.234774
-0.122546 0.843026 -0.234774
0.0329103 0.65507 -0.210317
-0.119644 0.655525 -0.234774
-0.19345 0.70787 -0.229883
-0.119183 0.650627 -0.234774
-0.180533 0.570726 -0.185859
-0.118721 0.645729 -0.234774
-0.193847 0.816545 -0.234774
-0.11826 0.640831 -0.234774
0.0241448 0.748131 -0.141834
-0.0736474 0.689506 -0.12716
-0.117799 0.635933 -0.234774
-0.1207 0.823434 -0.234774
-0.0907171 0.870732 -0.195642
-0.181917 0.58542 -0.156509
-0.000565265 0.592619 -0.234774
-0.117337 0.631035 -0.234774
-0.120239 0.818536 -0.234774
-0.0441257 0.741701 -0.12716
-0.115953 0.616341 -0.234774
-0.118131 0.848384 -0.234774
-0.0436643 0.736803 -0.12716
-0.115492 0.611443 -0.234774
-0.118592 0.853282 -0.234774
-0.0376021 0.776906 -0.12716
-0.115031 0.606545 -0.234774
-0.0248181 0.797875 -0.12716
-0.114569 0.601647 -0.234774
-0.112724 0.582055 -0.234774
-0.106925 0.572718 -0.12716
-0.11134 0.567361 -0.234774
-0.114241 0.754863 -0.234774
-0.134605 0.866598 -0.234774
-0.181917 0.58542 -0.205425
0.0116885 0.880377 -0.234774
0.0155128 0.68308 -0.234774
-0.134144 0.8617 -0.234774
-0.130915 0.827414 -0.234774
-0.0618508 0.616495 -0.234774
-0.200371 0.78134 -0.234774
-0.129992 0.817618 -0.234774
-0.128608 0.802924 -0.234774
-0.128146 0.798026 -0.234774
-0.0727895 0.575933 -0.234774
-0.0752298 0.758537 -0.234774
-0.126762 0.783332 -0.234774
-0.0472214 0.617873 -0.234774
-0.12584 0.773536 -0.234774
-0.123994 0.753944 -0.234774
-0.0565819 0.873947 -0.156509
-0.206829 0.849912 -0.151618
-0.183961 0.65935 -0.12716
-0.00465265 0.740478 -0.12716
-0.0482777 0.785783 -0.234774
-0.158065 0.854505 -0.12716
-0.123072 0.744148 -0.234774
-0.0555903 0.602261 -0.12716
-0.0887382 0.693026 -0.234774
-0.0175703 0.877621 -0.176075
-0.0232358 0.728844 -0.234774
-0.0724617 0.729149 -0.234774
-0.121226 0.724556 -0.234774
-0.125706 0.615422 -0.12716
-0.120765 0.719658 -0.234774
-0.0996768 0.652464 -0.234774
-0.0768121 0.827568 -0.234774
-0.119842 0.709862 -0.234774
-0.121554 0.57134 -0.234774
-0.124917 0.76374 -0.234774
-0.102578 0.839966 -0.234774
-0.11892 0.700066 -0.234774
0.0227607 0.762825 -0.234774
-0.118458 0.695168 -0.234774
0.021838 0.772621 -0.19075
0.0252011 0.580222 -0.19075
-0.202216 0.800932 -0.19075
-0.0592811 0.641445 -0.234774
-0.117997 0.69027 -0.234774
-0.112659 0.685831 -0.12716
-0.130518 0.718739 -0.234774
-0.117536 0.685372 -0.234774
-0.117074 0.680474 -0.234774
0.0300775 0.580681 -0.19075
-0.207291 0.85481 -0.141834
-0.116613 0.675576 -0.234774
-0.116152 0.670678 -0.234774
-0.136515 0.782413 -0.234774
-0.11569 0.66578 -0.234774
-0.00142324 0.706192 -0.234774
-0.115229 0.660882 -0.234774
-0.114306 0.651086 -0.234774
-0.155228 0.563227 -0.205425
-0.0273879 0.772926 -0.12716
-0.0244862 0.585425 -0.12716
-0.113845 0.646188 -0.234774
-0.112461 0.631494 -0.234774
-0.192528 0.698074 -0.151618
-0.119183 0.650627 -0.12716
-0.111999 0.626596 -0.234774
-0.111077 0.6168 -0.234774
-0.114901 0.814098 -0.234774
-0.110154 0.607004 -0.234774
-0.113056 0.794506 -0.234774
-0.135722 0.565064 -0.195642
-0.070418 0.65522 -0.234774
-0.0733197 0.842722 -0.234774
-0.0410946 0.761752 -0.234774
0.0132708 0.811346 -0.234774
-0.10877 0.59231 -0.234774
-0.112133 0.78471 -0.234774
0.0236187 0.649253 -0.12716
-0.108309 0.587412 -0.234774
-0.112594 0.789608 -0.234774
-0.0565819 0.873947 -0.176075
0.0264515 0.723641 -0.136943
-0.206829 0.849912 -0.132051
-0.191342 0.737718 -0.12716
-0.0742424 0.852518 -0.234774
-0.187651 0.698534 -0.12716
-0.030682 0.703436 -0.12716
-0.107847 0.582514 -0.234774
-0.110749 0.770016 -0.234774
-0.177502 0.590778 -0.12716
-0.112262 0.577157 -0.12716
-0.115625 0.769557 -0.12716
-0.106463 0.56782 -0.234774
-0.109365 0.755322 -0.234774
0.0356783 0.625682 -0.132051
-0.0333164 0.57471 -0.156509
-0.18284 0.595216 -0.2201
-0.189298 0.663788 -0.2201
-0.0462988 0.608077 -0.234774
-0.0501231 0.805375 -0.234774
-0.128345 0.852363 -0.234774
-0.126038 0.827873 -0.234774
-0.195494 0.781799 -0.12716
-0.125115 0.818077 -0.234774
-0.0712113 0.872569 -0.19075
-0.124654 0.813179 -0.234774
0.0296809 0.689355 -0.229883
-0.124193 0.808281 -0.234774
-0.105739 0.612361 -0.234774
-0.0834651 0.584811 -0.234774
-0.12327 0.798485 -0.234774
-0.12775 0.689351 -0.12716
-0.121886 0.783791 -0.234774
-0.121425 0.778893 -0.234774
-0.120963 0.773995 -0.234774
0.0292195 0.694253 -0.185859
-0.163204 0.804607 -0.12716
-0.118195 0.744607 -0.234774
-0.0182946 0.83308 -0.234774
-0.015393 0.645578 -0.234774
-0.0272543 0.614812 -0.12716
-0.117734 0.739709 -0.234774
-0.117273 0.734811 -0.234774
-0.115888 0.720117 -0.234774
-0.133351 0.644351 -0.12716
-0.115427 0.715219 -0.234774
-0.0905188 0.816394 -0.12716
-0.114043 0.700525 -0.234774
-0.119053 0.85818 -0.234774
-0.0638298 0.794201 -0.12716
-0.0609281 0.606699 -0.12716
-0.0653433 0.601342 -0.234774
-0.119446 0.601188 -0.234774
-0.113582 0.695627 -0.234774
-0.112659 0.685831 -0.234774
-0.00346694 0.780121 -0.234774
-0.0845214 0.75272 -0.12716
-0.116876 0.626137 -0.234774
-0.112198 0.680933 -0.234774
-0.115099 0.868435 -0.234774
0.0236834 0.753029 -0.146726
-0.111275 0.671137 -0.234774
-0.145475 0.564146 -0.210317
0.0085927 0.756549 -0.12716
-0.110352 0.661341 -0.234774
-0.113715 0.853741 -0.234774
-0.0809642 0.87165 -0.146726
-0.108507 0.641749 -0.234774
-0.0681113 0.63073 -0.234774
-0.0700903 0.808436 -0.234774
-0.107123 0.627055 -0.234774
-0.110025 0.814557 -0.234774
-0.104355 0.597667 -0.234774
-0.107257 0.785169 -0.234774
0.0379851 0.601192 -0.132051
-0.195033 0.776901 -0.12716
-0.174009 0.605931 -0.234774
-0.103894 0.59277 -0.234774
-0.105347 0.869354 -0.156509
-0.101587 0.56828 -0.234774
-0.105873 0.770475 -0.234774
-0.115099 0.868435 -0.136943
0.0121498 0.875479 -0.19075
-0.124852 0.867516 -0.234774
-0.0333853 0.8366 -0.12716
-0.123468 0.852822 -0.234774
0.00562632 0.840275 -0.234774
-0.128211 0.694249 -0.234774
-0.0460357 0.657516 -0.234774
0.0181473 0.811805 -0.161401
-0.180072 0.565829 -0.195642
0.0140641 0.593997 -0.234774
-0.122084 0.838128 -0.234774
-0.0303543 0.856651 -0.12716
-0.0269912 0.664252 -0.12716
-0.117471 0.789149 -0.234774
-0.106463 0.56782 -0.136943
-0.116087 0.774455 -0.234774
-0.0399736 0.697619 -0.12716
-0.115164 0.764659 -0.234774
-0.114703 0.759761 -0.234774
0.0236834 0.753029 -0.229883
-0.160104 0.562768 -0.19075
-0.0356232 0.5992 -0.234774
-0.0383265 0.732364 -0.12716
0.0250027 0.634559 -0.12716
-0.109102 0.804761 -0.234774
-0.11378 0.749965 -0.234774
0.0203246 0.579762 -0.234774
-0.106662 0.622157 -0.234774
-0.109563 0.809659 -0.234774
-0.113319 0.745067 -0.234774
-0.082081 0.570117 -0.195642
-0.0699567 0.650322 -0.234774
-0.0994138 0.701903 -0.12716
-0.110551 0.715679 -0.234774
-0.110089 0.710781 -0.234774
-0.0419526 0.875325 -0.200533
-0.153977 0.706647 -0.234774
-0.109628 0.705883 -0.234774
-0.0702886 0.862773 -0.234774
-0.119446 0.601188 -0.12716
-0.109167 0.700985 -0.234774
0.0130725 0.865683 -0.180967
-0.107321 0.681393 -0.234774
-0.10686 0.676495 -0.234774
-0.046829 0.874865 -0.229883
-0.106399 0.671597 -0.234774
0.0205876 0.629202 -0.234774
-0.105937 0.666699 -0.234774
-0.191605 0.688278 -0.224991
-0.105476 0.661801 -0.234774
-0.0869575 0.569657 -0.215208
-0.104553 0.652005 -0.234774
-0.107455 0.839506 -0.234774
-0.198064 0.75685 -0.132051
-0.104092 0.647107 -0.234774
-0.106994 0.834608 -0.234774
-0.195757 0.73236 -0.151618
-0.103631 0.642209 -0.234774
-0.054866 0.646802 -0.12716
-0.0800415 0.861854 -0.234774
0.0319876 0.664865 -0.234774
-0.101785 0.622617 -0.234774
-0.104687 0.810118 -0.234774
-0.186004 0.733279 -0.12716
-0.130583 0.614963 -0.12716
-0.133484 0.802465 -0.12716
-0.100862 0.612821 -0.234774
-0.103764 0.800322 -0.234774
-0.188246 0.861545 -0.171184
-0.00405769 0.577466 -0.156509
-0.0224467 0.877162 -0.234774
-0.00254425 0.770325 -0.12716
-0.0193467 0.635323 -0.234774
0.0306036 0.679559 -0.215208
-0.17579 0.729299 -0.12716
-0.100401 0.607923 -0.234774
-0.104226 0.80522 -0.234774
-0.0999398 0.603025 -0.234774
-0.172496 0.79879 -0.234774
-0.179347 0.61037 -0.234774
-0.18271 0.802769 -0.234774
-0.0980944 0.583433 -0.234774
-0.0971717 0.573637 -0.234774
-0.0967104 0.568739 -0.234774
-0.119515 0.863078 -0.234774
-0.153055 0.696851 -0.12716
-0.117669 0.843486 -0.234774
0.0155776 0.786856 -0.234774
-0.117208 0.838588 -0.234774
-0.0712113 0.872569 -0.146726
-0.153516 0.701749 -0.234774
-0.116746 0.83369 -0.234774
-0.116285 0.828792 -0.234774
0.0126112 0.870581 -0.2201
0.0255288 0.733437 -0.2201
-0.135722 0.565064 -0.136943
-0.113978 0.804302 -0.234774
-0.113517 0.799404 -0.234774
-0.101587 0.56828 -0.141834
-0.0926272 0.786547 -0.234774
-0.110288 0.765118 -0.234774
-0.180865 0.783177 -0.12716
-0.176976 0.689656 -0.234774
-0.165511 0.829097 -0.234774
-0.109826 0.76022 -0.234774
0.0203246 0.579762 -0.12716
-0.0457727 0.706956 -0.12716
-0.108904 0.750424 -0.234774
-0.108442 0.745526 -0.234774
0.0176859 0.816703 -0.234774
-0.0868928 0.673434 -0.234774
-0.176976 0.689656 -0.12716
-0.0750962 0.600423 -0.234774
-0.0779978 0.787925 -0.234774
-0.107981 0.740628 -0.234774
0.0324489 0.659968 -0.210317
-0.174734 0.56139 -0.146726
-0.140995 0.673279 -0.234774
-0.143897 0.860781 -0.234774
-0.105674 0.716138 -0.234774
0.0319876 0.664865 -0.210317
-0.105213 0.71124 -0.234774
-0.193187 0.757309 -0.12716
-0.104752 0.706342 -0.234774
-0.103829 0.696546 -0.234774
0.0209154 0.782417 -0.185859
-0.0416206 0.662874 -0.12716
-0.121425 0.778893 -0.12716
-0.101983 0.676954 -0.234774
-0.181852 0.689197 -0.12716
-0.101061 0.667158 -0.234774
-0.103962 0.85466 -0.234774
-0.100599 0.66226 -0.234774
-0.0992154 0.647566 -0.234774
-0.0978314 0.632872 -0.234774
-0.0973701 0.627974 -0.234774
-0.100272 0.815476 -0.234774
-0.0969087 0.623076 -0.234774
-0.100733 0.820374 -0.234774
-0.0964474 0.618178 -0.234774
-0.0988877 0.800782 -0.234774
-0.0955247 0.608382 -0.234774
-0.0998104 0.810578 -0.234774
-0.0950633 0.603484 -0.234774
-0.094602 0.598586 -0.234774
-0.0936793 0.58879 -0.234774
-0.096581 0.776292 -0.234774
-0.130846 0.565524 -0.176075
0.018807 0.75257 -0.12716
-0.0922953 0.574096 -0.234774
-0.0956583 0.766496 -0.234774
-0.0918339 0.569198 -0.234774
-0.0938776 0.643127 -0.234774
-0.0967793 0.830629 -0.234774
-0.0727247 0.67971 -0.12716
-0.114177 0.858639 -0.234774
-0.11187 0.834149 -0.234774
-0.111409 0.829251 -0.234774
-0.117669 0.843486 -0.12716
-0.110486 0.819455 -0.234774
0.0248044 0.688896 -0.12716
-0.108179 0.794965 -0.234774
-0.0571727 0.671292 -0.234774
-0.103104 0.741087 -0.234774
-0.046829 0.874865 -0.195642
-0.0915709 0.618637 -0.234774
-0.102182 0.731291 -0.234774
0.034954 0.58114 -0.146726
-0.10172 0.726393 -0.234774
-0.0507139 0.60272 -0.12716
-0.101259 0.721495 -0.234774
-0.0994138 0.701903 -0.234774
-0.0980297 0.687209 -0.234774
0.0269128 0.718743 -0.161401
-0.0966457 0.672515 -0.234774
-0.0961844 0.667617 -0.234774
-0.10047 0.869813 -0.234774
-0.00781735 0.87854 -0.195642
-0.0430694 0.573791 -0.229883
-0.095723 0.662719 -0.234774
-0.102247 0.627515 -0.234774
-0.0948003 0.652923 -0.234774
0.00681203 0.879918 -0.2201
-0.094339 0.648025 -0.234774
-0.0972406 0.835527 -0.234774
-0.0920323 0.623535 -0.234774
-0.0911096 0.613739 -0.234774
-0.0901869 0.603943 -0.234774
-0.105347 0.869354 -0.146726
-0.0853793 0.866293 -0.234774
-0.0959213 0.717057 -0.12716
-0.0892642 0.594147 -0.234774
0.0111624 0.781499 -0.234774
0.0145255 0.589099 -0.234774
-0.0888029 0.589249 -0.234774
-0.0921659 0.781649 -0.234774
0.00490195 0.795733 -0.234774
0.00872631 0.598436 -0.234774
-0.149627 0.608228 -0.12716
-0.15299 0.800627 -0.12716
-0.0878802 0.579453 -0.234774
-0.0907818 0.766955 -0.234774
-0.0585567 0.685986 -0.12716
-0.0869575 0.569657 -0.234774
0.0172246 0.821601 -0.234774
0.0257271 0.6791 -0.234774
-0.105278 0.607463 -0.12716
-0.1093 0.859098 -0.234774
-0.18976 0.668686 -0.136943
-0.0634979 0.58175 -0.12716
-0.0488038 0.686904 -0.234774
-0.108839 0.8542 -0.234774
-0.108378 0.849302 -0.234774
-0.107916 0.844404 -0.234774
-0.0461693 0.81563 -0.12716
-0.157604 0.849607 -0.234774
-0.106532 0.82971 -0.234774
-0.202876 0.860167 -0.180967
-0.186992 0.639298 -0.151618
-0.10561 0.819914 -0.234774
-0.0534172 0.735884 -0.12716
-0.10238 0.785628 -0.234774
-0.187453 0.644196 -0.146726
-0.100535 0.766036 -0.234774
-0.100073 0.761138 -0.234774
-0.0524945 0.726088 -0.234774
-0.0381929 0.574251 -0.156509
-0.0996121 0.75624 -0.234774
0.0236834 0.753029 -0.156509
-0.0991507 0.751342 -0.234774
-0.00405769 0.577466 -0.136943
-0.192066 0.693176 -0.166292
-0.0986894 0.746445 -0.234774
-0.02844 0.575169 -0.229883
-0.098228 0.741547 -0.234774
-0.0977667 0.736648 -0.234774
-0.164981 0.562308 -0.210317
-0.195757 0.73236 -0.166292
-0.13276 0.847006 -0.12716
-0.0973054 0.731751 -0.234774
-0.105347 0.869354 -0.185859
0.0209154 0.782417 -0.141834
-0.096844 0.726853 -0.234774
0.020454 0.787315 -0.141834
-0.125969 0.565983 -0.234774
-0.0959213 0.717057 -0.234774
-0.164981 0.562308 -0.195642
-0.174734 0.56139 -0.151618
-0.0949986 0.707261 -0.234774
-0.0945373 0.702363 -0.234774
-0.0936146 0.692567 -0.234774
-0.0400383 0.593843 -0.12716
-0.132691 0.585116 -0.234774
-0.0931533 0.687669 -0.234774
-0.0922306 0.677873 -0.234774
-0.0245551 0.847315 -0.234774
-0.0207308 0.650017 -0.234774
-0.0267282 0.713691 -0.234774
-0.146135 0.623381 -0.12716
-0.0917692 0.672975 -0.234774
-0.0903852 0.658281 -0.234774
-0.0890012 0.643587 -0.234774
-0.0692323 0.694863 -0.234774
-0.0224467 0.877162 -0.210317
-0.188246 0.861545 -0.146726
-0.00405769 0.577466 -0.180967
-0.0397105 0.747058 -0.234774
0.0197296 0.742774 -0.12716
-0.0857718 0.609301 -0.234774
-0.155228 0.563227 -0.19075
-0.0528223 0.572873 -0.12716
-0.016777 0.660272 -0.234774
-0.0853104 0.604403 -0.234774
-0.0877508 0.787006 -0.234774
-0.139482 0.866138 -0.151618
-0.0347694 0.851294 -0.234774
-0.105347 0.869354 -0.234774
-0.104424 0.859558 -0.234774
-0.0528223 0.572873 -0.200533
-0.0420173 0.771548 -0.12716
-0.103501 0.849762 -0.234774
-0.16564 0.621544 -0.12716
-0.097965 0.790986 -0.234774
0.0282968 0.704049 -0.166292
-0.0975037 0.786088 -0.234774
-0.0938129 0.746904 -0.234774
-0.0933516 0.742006 -0.234774
-0.0984911 0.692107 -0.234774
-0.0928902 0.737108 -0.234774
-0.0924289 0.73221 -0.234774
0.0236834 0.753029 -0.161401
-0.0915062 0.722414 -0.234774
-0.0760878 0.87211 -0.132051
0.0232221 0.757927 -0.146726
0.0105717 0.578844 -0.136943
-0.072397 0.832926 -0.12716
-0.0910449 0.717516 -0.234774
0.0227607 0.762825 -0.141834
-0.0905835 0.712618 -0.234774
0.0222994 0.767723 -0.151618
-0.0901222 0.70772 -0.234774
-0.207752 0.859708 -0.19075
-0.0896608 0.702822 -0.234774
-0.0967104 0.568739 -0.2201
-0.0401719 0.751956 -0.12716
-0.0878155 0.68323 -0.234774
-0.115099 0.868435 -0.19075
-0.0873541 0.678332 -0.234774
-0.0419526 0.875325 -0.176075
-3.9215e-05 0.691498 -0.234774
-0.0238955 0.78808 -0.234774
-0.0209938 0.600578 -0.234774
-0.193912 0.712768 -0.19075
-0.0864314 0.668536 -0.234774
-0.000698877 0.750733 -0.12716
-0.0855087 0.65874 -0.234774
-0.0850474 0.653842 -0.234774
-0.0841247 0.644046 -0.234774
-0.0879491 0.841344 -0.234774
-0.149166 0.60333 -0.12716
-0.081818 0.619556 -0.234774
-0.0813567 0.614658 -0.234774
0.020454 0.787315 -0.224991
-0.0799726 0.599964 -0.234774
-0.0814903 0.772772 -0.234774
-0.0422803 0.722109 -0.12716
-0.0790499 0.590168 -0.234774
-0.082413 0.782568 -0.234774
-0.0772046 0.570576 -0.234774
-0.0801062 0.758078 -0.234774
-0.100009 0.864915 -0.234774
-0.0273232 0.876703 -0.234774
-0.099086 0.855119 -0.234774
-0.0986247 0.850221 -0.234774
-0.0981633 0.845323 -0.234774
-0.097702 0.840425 -0.234774
-0.127353 0.580677 -0.12716
-0.130255 0.768179 -0.12716
-0.0858407 0.871191 -0.234774
-0.0958566 0.820833 -0.234774
-0.0781273 0.580372 -0.234774
-0.0953953 0.815935 -0.234774
-0.198525 0.761748 -0.171184
-0.0930886 0.791445 -0.234774
-0.181326 0.788075 -0.12716
-0.0917045 0.776751 -0.234774
-0.0903205 0.762057 -0.234774
-0.0893978 0.752261 -0.234774
-0.0889365 0.747363 -0.234774
-0.0464971 0.662414 -0.12716
-0.0880138 0.737567 -0.234774
-0.0870911 0.727771 -0.234774
-0.185608 0.624604 -0.215208
-0.198064 0.75685 -0.210317
-0.0852457 0.708179 -0.234774
-0.0352954 0.752416 -0.234774
0.00272884 0.66211 -0.12716
-0.00109551 0.859407 -0.12716
-0.0838617 0.693485 -0.234774
0.0171599 0.717825 -0.234774
0.022959 0.708488 -0.12716
-0.0221148 0.664711 -0.234774
-0.0834003 0.688587 -0.234774
-0.0924936 0.628433 -0.234774
-0.082939 0.683689 -0.234774
-0.081555 0.668995 -0.234774
-0.0844566 0.856497 -0.234774
0.0128095 0.816244 -0.234774
0.0296809 0.689355 -0.12716
-0.0810936 0.664097 -0.234774
-0.0839953 0.851599 -0.234774
-0.0806323 0.659199 -0.234774
0.0178196 0.65859 -0.234774
-0.0801709 0.654301 -0.234774
-0.0787869 0.639607 -0.234774
-0.0821499 0.832007 -0.234774
-0.103368 0.691648 -0.234774
-0.0778642 0.629811 -0.234774
0.0154481 0.579303 -0.205425
-0.0774029 0.624913 -0.234774
0.0273742 0.713845 -0.141834
0.0163019 0.831397 -0.132051
-0.0760189 0.610219 -0.234774
-0.0793819 0.802619 -0.234774
-0.0737121 0.585729 -0.234774
-0.0766138 0.773231 -0.234774
-0.0614584 0.873487 -0.224991
-0.0723281 0.571035 -0.234774
-0.0756911 0.763435 -0.234774
-0.0254778 0.857111 -0.12716
-0.0955936 0.870272 -0.234774
-0.119976 0.867976 -0.210317
-0.00274257 0.824662 -0.234774
-0.00030224 0.642058 -0.234774
-0.0946709 0.860476 -0.234774
-0.0937482 0.85068 -0.234774
-0.0932869 0.845782 -0.234774
-0.179084 0.659809 -0.12716
-0.115427 0.715219 -0.12716
-0.0923642 0.835986 -0.234774
0.036601 0.615886 -0.2201
-0.0905188 0.816394 -0.234774
-0.0882121 0.791904 -0.234774
-0.0872894 0.782108 -0.234774
0.0130725 0.865683 -0.161401
-0.0868281 0.77721 -0.234774
-0.173617 0.862923 -0.180967
-0.205907 0.840116 -0.176075
-0.155297 0.825117 -0.234774
-0.0863667 0.772312 -0.234774
-0.192989 0.702972 -0.215208
0.0255288 0.733437 -0.12716
-0.085444 0.762516 -0.234774
-0.176187 0.837974 -0.12716
-0.08406 0.747822 -0.234774
-0.0831373 0.738026 -0.234774
0.0246061 0.743233 -0.136943
-0.081292 0.718435 -0.234774
-0.0808306 0.713537 -0.234774
-0.0479458 0.573332 -0.2201
-0.0391845 0.845937 -0.12716
-0.0367442 0.663333 -0.12716
-0.0785239 0.689047 -0.234774
-0.0780625 0.684149 -0.234774
-0.0776012 0.679251 -0.234774
-0.082081 0.570117 -0.176075
-0.0766785 0.669455 -0.234774
-0.11444 0.8092 -0.12716
-0.111538 0.621698 -0.12716
-0.0743718 0.644965 -0.234774
0.0340313 0.590936 -0.12716
-0.160764 0.622003 -0.234774
-0.163666 0.809505 -0.234774
-0.0739105 0.640067 -0.234774
-0.174143 0.764045 -0.12716
-0.171241 0.576543 -0.12716
-0.120304 0.71476 -0.234774
-0.0729878 0.630271 -0.234774
0.0139952 0.855887 -0.161401
-0.205445 0.835218 -0.195642
-0.0725264 0.625373 -0.234774
-0.0749668 0.807976 -0.234774
-0.0716037 0.615577 -0.234774
-0.0706811 0.605781 -0.234774
-0.0528223 0.572873 -0.210317
-0.0702197 0.600883 -0.234774
-0.0731214 0.788384 -0.234774
-0.0411593 0.657976 -0.234774
-0.0440609 0.845477 -0.234774
-0.00294089 0.878999 -0.161401
-0.069297 0.591087 -0.234774
0.0130725 0.865683 -0.185859
-0.0688357 0.586189 -0.234774
-0.0721987 0.778588 -0.234774
-0.067913 0.576393 -0.234774
0.0356783 0.625682 -0.229883
-0.0888718 0.85114 -0.234774
-0.0856424 0.816854 -0.234774
-0.0847197 0.807058 -0.234774
0.0199927 0.792213 -0.210317
0.0130078 0.761907 -0.234774
-0.0810289 0.767874 -0.234774
-0.178493 0.862464 -0.161401
-0.174734 0.56139 -0.229883
-0.195296 0.727462 -0.146726
-0.0805676 0.762976 -0.234774
-0.0791835 0.748282 -0.234774
-0.186992 0.639298 -0.229883
-0.207291 0.85481 -0.185859
-0.0787222 0.743384 -0.234774
-0.18653 0.6344 -0.229883
-0.0782609 0.738486 -0.234774
-0.0773382 0.72869 -0.234774
-0.0768768 0.723792 -0.234774
0.0232221 0.757927 -0.136943
-0.0759541 0.713996 -0.234774
-0.0754928 0.709098 -0.234774
0.0143271 0.643436 -0.12716
-0.0722634 0.674812 -0.234774
-0.0718021 0.669914 -0.234774
-0.0747037 0.857416 -0.234774
-0.082081 0.570117 -0.229883
-0.0713407 0.665016 -0.234774
-0.0751651 0.862314 -0.234774
-0.0708794 0.660118 -0.234774
-0.073781 0.84762 -0.234774
-0.0694953 0.645424 -0.234774
-0.069034 0.640526 -0.234774
-0.06765 0.625832 -0.234774
-0.0705516 0.813334 -0.234774
-0.0671886 0.620934 -0.234774
-0.071013 0.818232 -0.234774
-0.0667273 0.616036 -0.234774
-0.125969 0.565983 -0.151618
-0.0658046 0.60624 -0.234774
-0.0186871 0.576088 -0.151618
-0.0648819 0.596444 -0.234774
0.0342943 0.640376 -0.176075
-0.0630365 0.576852 -0.234774
-0.0625752 0.571954 -0.234774
0.0324489 0.659968 -0.229883
-0.084918 0.861395 -0.234774
-0.0674516 0.571495 -0.146726
0.0190053 0.698233 -0.12716
-0.0370072 0.613894 -0.234774
-0.0394475 0.796498 -0.234774
-0.083534 0.846701 -0.234774
-0.0830726 0.841803 -0.234774
-0.170978 0.625982 -0.234774
-0.174803 0.82328 -0.234774
-0.0517702 0.77063 -0.234774
-0.161096 0.834454 -0.234774
-0.0826113 0.836905 -0.234774
0.0389077 0.591396 -0.146726
-0.176251 0.734197 -0.12716
-0.0418189 0.717211 -0.234774
-0.0294963 0.743079 -0.234774
-0.0807659 0.817313 -0.234774
-0.10047 0.869813 -0.146726
-0.0803046 0.812415 -0.234774
-0.10752 0.73573 -0.234774
-0.0775365 0.783027 -0.234774
-0.181986 0.847311 -0.234774
-0.0761525 0.768333 -0.234774
-0.200371 0.78134 -0.146726
-0.0364164 0.816549 -0.234774
-0.0743071 0.748741 -0.234774
-0.0729231 0.734047 -0.234774
-0.071539 0.719353 -0.234774
-0.0710777 0.714455 -0.234774
-0.070155 0.704659 -0.234774
-0.0455097 0.756395 -0.234774
0.0375237 0.60609 -0.229883
0.0153792 0.841193 -0.224991
0.0310649 0.674662 -0.185859
-0.0696937 0.699761 -0.234774
0.0181473 0.811805 -0.166292
-0.0683096 0.685067 -0.234774
-0.130846 0.565524 -0.132051
-0.0678483 0.680169 -0.234774
-0.119644 0.655525 -0.12716
-0.0655416 0.655679 -0.234774
-0.145475 0.564146 -0.234774
-0.0646189 0.645883 -0.234774
-0.0675206 0.833385 -0.234774
-0.0632349 0.631189 -0.234774
-0.0665979 0.823589 -0.234774
-0.160238 0.720881 -0.234774
-0.0623122 0.621393 -0.234774
0.0199927 0.792213 -0.180967
-0.118062 0.586494 -0.12716
-0.0613895 0.611597 -0.234774
-0.116678 0.5718 -0.12716
-0.120502 0.769097 -0.12716
-0.0604668 0.601801 -0.234774
-0.0642911 0.799099 -0.234774
-0.100798 0.716597 -0.12716
-0.0600055 0.596903 -0.234774
-0.0624458 0.779507 -0.234774
-0.190221 0.673584 -0.171184
-0.0586214 0.582209 -0.234774
-0.183301 0.600114 -0.176075
-0.0581601 0.577311 -0.234774
-0.0615231 0.769711 -0.234774
-0.0576987 0.572413 -0.234774
-0.0805029 0.866752 -0.234774
-0.0381929 0.574251 -0.136943
-0.0791188 0.852058 -0.234774
-0.0777348 0.837364 -0.234774
0.0157759 0.732519 -0.234774
-0.0258055 0.703895 -0.234774
-0.00280727 0.720886 -0.234774
-0.0772735 0.832466 -0.234774
-0.0763508 0.82267 -0.234774
0.0167633 0.826499 -0.136943
-0.0116375 0.710171 -0.12716
-0.187914 0.649094 -0.12716
-0.146794 0.682616 -0.234774
-0.0740441 0.79818 -0.234774
0.0149179 0.846091 -0.185859
-0.07266 0.783486 -0.234774
-0.108442 0.745526 -0.12716
-0.071276 0.768792 -0.234774
-0.206368 0.845014 -0.19075
-0.0694306 0.7492 -0.234774
-0.0428063 0.623231 -0.234774
-0.10047 0.869813 -0.215208
0.0158406 0.836295 -0.224991
-0.0680466 0.734506 -0.234774
-0.154111 0.86476 -0.2201
0.0147885 0.638538 -0.12716
-0.0675853 0.729608 -0.234774
-0.174406 0.714606 -0.12716
-0.0648172 0.70022 -0.234774
-0.0643559 0.695322 -0.234774
-0.0430694 0.573791 -0.132051
-0.203139 0.810728 -0.176075
-0.0629718 0.680628 -0.234774
-0.197141 0.747054 -0.19075
-0.0117711 0.868285 -0.12716
-0.0620491 0.670833 -0.234774
-0.0655416 0.655679 -0.12716
-0.105148 0.815016 -0.12716
-0.101324 0.617719 -0.12716
-0.0836634 0.639148 -0.234774
-0.0615878 0.665935 -0.234774
-0.0644895 0.853436 -0.234774
0.0319876 0.664865 -0.136943
-0.0606651 0.656139 -0.234774
-0.0631054 0.838742 -0.234774
0.0199927 0.792213 -0.200533
-0.0300223 0.6442 -0.234774
-0.0602038 0.651241 -0.234774
-0.0597424 0.646343 -0.234774
-0.0408963 0.707415 -0.234774
-0.191605 0.688278 -0.200533
-0.0439273 0.687364 -0.234774
-0.0578971 0.626751 -0.234774
-0.0404349 0.702517 -0.234774
-0.0574357 0.621853 -0.234774
-0.0603374 0.809354 -0.234774
-0.0555903 0.602261 -0.234774
-0.0542063 0.587567 -0.234774
-0.057108 0.775068 -0.234774
0.00154313 0.622466 -0.12716
-0.181524 0.842413 -0.234774
-0.053745 0.582669 -0.234774
-0.0575693 0.779966 -0.234774
-0.0528223 0.572873 -0.234774
-0.0728584 0.837824 -0.234774
-0.0910449 0.717516 -0.12716
-0.072397 0.832926 -0.234774
-0.160104 0.562768 -0.156509
-0.0719357 0.828028 -0.234774
-0.138887 0.703127 -0.234774
-0.069629 0.803538 -0.234774
-0.0511105 0.711394 -0.234774
-0.0691676 0.79864 -0.234774
-0.0687063 0.793742 -0.234774
-0.0489374 0.845018 -0.234774
-0.0682449 0.788844 -0.234774
-0.0668609 0.77415 -0.234774
0.035217 0.63058 -0.171184
-0.0663996 0.769252 -0.234774
-0.170388 0.828637 -0.12716
0.00780362 0.608232 -0.12716
-0.0659382 0.764354 -0.234774
-0.0654769 0.759456 -0.234774
0.0250674 0.738335 -0.215208
-0.17961 0.56093 -0.200533
-0.0640928 0.744762 -0.234774
-0.0243568 0.792977 -0.12716
-0.0205324 0.59568 -0.12716
-0.0502525 0.597822 -0.234774
0.0375237 0.60609 -0.151618
-0.0627088 0.730068 -0.234774
-0.154111 0.86476 -0.132051
0.0273742 0.713845 -0.210317
-0.0622475 0.72517 -0.234774
-0.0617861 0.720272 -0.234774
-0.177437 0.694554 -0.12716
-0.0613248 0.715374 -0.234774
-0.0604021 0.705578 -0.234774
-0.193912 0.712768 -0.210317
-0.180533 0.570726 -0.141834
-0.0557887 0.656598 -0.234774
-0.0591517 0.848997 -0.234774
-0.188246 0.861545 -0.156509
-0.0553273 0.6517 -0.234774
-0.0544046 0.641904 -0.234774
-0.0539433 0.637006 -0.234774
-0.0419526 0.875325 -0.224991
-0.0534819 0.632108 -0.234774
-0.0568449 0.824508 -0.234774
-0.0530206 0.62721 -0.234774
-0.0516366 0.612516 -0.234774
-0.0545382 0.800018 -0.234774
-0.0493298 0.588026 -0.234774
-0.0693659 0.852977 -0.234774
-0.0126938 0.878081 -0.19075
0.0209154 0.782417 -0.180967
-0.0958566 0.820833 -0.12716
-0.0652138 0.808895 -0.234774
-0.0629071 0.784405 -0.234774
-0.190682 0.678482 -0.166292
-0.0619844 0.774609 -0.234774
-0.0596777 0.750119 -0.234774
-0.0592164 0.745221 -0.234774
-0.0582937 0.735425 -0.234774
-0.00148795 0.602415 -0.234774
-0.057371 0.725629 -0.234774
-0.18653 0.6344 -0.185859
-0.0569097 0.720731 -0.234774
-0.138029 0.589554 -0.234774
-0.142577 0.742311 -0.234774
-0.166563 0.63134 -0.234774
-0.169465 0.818841 -0.234774
-0.103566 0.745985 -0.234774
-0.055987 0.710935 -0.234774
-0.0576987 0.572413 -0.185859
-0.0329887 0.727926 -0.12716
0.0224977 0.713386 -0.12716
-0.0518349 0.666853 -0.234774
-0.0547366 0.854355 -0.234774
-0.0513735 0.661955 -0.234774
-0.0551979 0.859253 -0.234774
-0.0504509 0.652159 -0.234774
-0.0538139 0.844559 -0.234774
-0.0499895 0.647261 -0.234774
-0.0495282 0.642363 -0.234774
-0.0519685 0.824967 -0.234774
-0.207291 0.85481 -0.151618
-0.0486055 0.632567 -0.234774
-0.0528912 0.834763 -0.234774
-0.0481441 0.627669 -0.234774
-0.0510458 0.815171 -0.234774
-0.193123 0.861086 -0.210317
-0.182378 0.590318 -0.210317
-0.0467601 0.612975 -0.234774
-0.0496618 0.800477 -0.234774
-0.0453761 0.598281 -0.234774
-0.0487391 0.790681 -0.234774
0.0203246 0.579762 -0.132051
-0.0663348 0.873028 -0.234774
-0.0658735 0.86813 -0.234774
-0.0430694 0.573791 -0.215208
-0.033187 0.782263 -0.234774
0.0389077 0.591396 -0.180967
0.01907 0.802009 -0.146726
0.0113608 0.727161 -0.12716
-0.0649508 0.858334 -0.234774
0.0333716 0.650172 -0.156509
-0.102841 0.790526 -0.12716
-0.0994785 0.598127 -0.12716
-0.0640281 0.848538 -0.234774
-0.0635668 0.84364 -0.234774
-0.184224 0.60991 -0.171184
-0.188376 0.653992 -0.171184
-0.0626441 0.833844 -0.234774
-0.0430047 0.677568 -0.234774
-0.0617214 0.824048 -0.234774
-0.0589533 0.79466 -0.234774
-0.058492 0.789762 -0.234774
-0.0430694 0.573791 -0.19075
-0.0580307 0.784864 -0.234774
-0.0557239 0.760374 -0.234774
-0.0552626 0.755476 -0.234774
-0.0196787 0.847774 -0.234774
-0.131044 0.619861 -0.12716
-0.0163156 0.655374 -0.234774
-0.0543399 0.74568 -0.234774
-0.0538786 0.740782 -0.234774
-0.0534172 0.735884 -0.234774
-0.0188854 0.630425 -0.234774
-0.0206013 0.85757 -0.12716
-0.0515719 0.716292 -0.234774
-0.109693 0.602106 -0.234774
0.00285826 0.869663 -0.12716
-0.0501878 0.701598 -0.234774
0.0153792 0.841193 -0.19075
0.0310649 0.674662 -0.176075
-0.0497265 0.6967 -0.234774
-0.0455744 0.652618 -0.234774
-0.140599 0.564605 -0.215208
-0.0263316 0.605017 -0.12716
-0.0400383 0.593843 -0.234774
-0.0386542 0.579149 -0.234774
-0.0415559 0.76665 -0.234774
-0.182249 0.797871 -0.234774
-0.059613 0.853895 -0.234774
0.036601 0.615886 -0.234774
-0.0563836 0.81961 -0.234774
-0.107584 0.631953 -0.234774
-0.0508475 0.760834 -0.234774
-0.082081 0.570117 -0.224991
-0.0490021 0.741242 -0.234774
-0.0947356 0.7567 -0.234774
-0.0485408 0.736344 -0.234774
-0.0476181 0.726548 -0.234774
-0.0471567 0.72165 -0.234774
-0.0466954 0.716752 -0.234774
-0.0457727 0.706956 -0.234774
-0.04485 0.69716 -0.234774
-0.0443887 0.692262 -0.234774
0.0370624 0.610988 -0.185859
-0.198525 0.761748 -0.2201
-0.0262669 0.708793 -0.234774
-0.154241 0.657208 -0.12716
-0.157142 0.844709 -0.12716
-0.0416206 0.662874 -0.234774
-0.161622 0.735575 -0.234774
-0.0393139 0.638384 -0.234774
-0.205907 0.840116 -0.205425
-0.0388526 0.633486 -0.234774
-0.0417542 0.820987 -0.234774
-0.0379299 0.62369 -0.234774
-0.183762 0.605012 -0.205425
-0.0351618 0.594302 -0.234774
-0.188837 0.65889 -0.141834
-0.139611 0.658585 -0.12716
-0.044587 0.746599 -0.234774
-0.0803693 0.708638 -0.12716
-0.115229 0.660882 -0.12716
-0.0347005 0.589404 -0.234774
-0.0380635 0.781804 -0.234774
-0.18976 0.668686 -0.132051
-0.102643 0.736189 -0.12716
-0.0333164 0.57471 -0.234774
-0.0371408 0.772008 -0.234774
-0.0565819 0.873947 -0.234774
-0.0175703 0.877621 -0.185859
0.0144565 0.850989 -0.205425
-0.0434013 0.786242 -0.234774
0.0342943 0.640376 -0.132051
0.00319019 0.657212 -0.234774
-0.0556592 0.864151 -0.234774
-0.163006 0.750269 -0.12716
-0.0505845 0.810273 -0.234774
-0.0468937 0.771089 -0.234774
-0.0464324 0.766191 -0.234774
-0.163993 0.656289 -0.12716
-0.0399736 0.697619 -0.234774
-0.0390509 0.687823 -0.234774
-0.0419526 0.875325 -0.234774
-0.00774844 0.61665 -0.12716
-0.0385895 0.682925 -0.234774
-0.187914 0.649094 -0.185859
-0.0381282 0.678027 -0.234774
-0.0376668 0.673129 -0.234774
-0.0405685 0.860631 -0.234774
-0.0372055 0.668231 -0.234774
-0.00294089 0.878999 -0.146726
-0.16248 0.849148 -0.234774
-0.0367442 0.663333 -0.234774
-0.0391845 0.845937 -0.234774
-0.0362828 0.658435 -0.234774
-0.0358215 0.653537 -0.234774
-0.0401072 0.855733 -0.234774
-0.0348988 0.643741 -0.234774
-0.148575 0.805985 -0.12716
-0.0339761 0.633945 -0.234774
-0.0368778 0.821447 -0.234774
-0.0335148 0.629047 -0.234774
-0.0373391 0.826345 -0.234774
0.00879101 0.702212 -0.234774
-0.0321307 0.614353 -0.234774
-0.032924 0.831702 -0.234774
-0.0447853 0.800936 -0.12716
-0.0307467 0.599659 -0.234774
-0.0345711 0.796957 -0.234774
-0.0293627 0.584965 -0.234774
-0.0809642 0.87165 -0.19075
-0.0479458 0.573332 -0.166292
-0.0882121 0.791904 -0.12716
-0.146135 0.623381 -0.234774
-0.0289013 0.580067 -0.234774
0.0347557 0.635478 -0.180967
-0.0657399 0.710016 -0.12716
-0.0512441 0.869508 -0.234774
0.035217 0.63058 -0.166292
-0.0507828 0.86461 -0.234774
-0.12953 0.81272 -0.12716
-0.0493988 0.849916 -0.234774
-0.204061 0.820524 -0.136943
-0.0484761 0.84012 -0.234774
-0.0480147 0.835222 -0.234774
-0.194373 0.717666 -0.205425
-0.157604 0.849607 -0.12716
-0.0461693 0.81563 -0.234774
-0.156612 0.577921 -0.234774
-0.160436 0.775219 -0.234774
-0.0583584 0.631649 -0.234774
-0.044324 0.796038 -0.234774
-0.00326862 0.725784 -0.12716
-0.0387879 0.737262 -0.234774
-0.0932869 0.845782 -0.12716
-0.0383265 0.732364 -0.234774
-0.0153283 0.749355 -0.234774
-0.00992574 0.848693 -0.12716
-0.0374038 0.722568 -0.234774
-0.0369425 0.71767 -0.234774
-0.0157896 0.754253 -0.234774
-0.0204677 0.699456 -0.234774
-0.0364811 0.712772 -0.234774
0.0139952 0.855887 -0.205425
-0.0301559 0.802314 -0.12716
-0.0404996 0.598741 -0.234774
-0.0360198 0.707874 -0.234774
-0.0355585 0.702976 -0.234774
-0.0350971 0.698078 -0.234774
-0.0346358 0.69318 -0.234774
-0.101919 0.78073 -0.12716
-0.0337131 0.683384 -0.234774
-0.0858407 0.871191 -0.12716
-0.071013 0.818232 -0.12716
-0.0671886 0.620934 -0.12716
-0.0318677 0.663792 -0.234774
-0.0290996 0.634404 -0.234774
-0.0286383 0.629506 -0.234774
-0.0382618 0.836141 -0.12716
-0.0353601 0.648639 -0.12716
-0.028177 0.624608 -0.234774
-0.0310786 0.81211 -0.234774
-0.0272543 0.614812 -0.234774
0.036601 0.615886 -0.205425
-0.0267929 0.609914 -0.234774
-0.143962 0.757005 -0.12716
-0.0263316 0.605017 -0.234774
-0.0258702 0.600119 -0.234774
-0.0283106 0.782722 -0.234774
-0.0240249 0.580527 -0.234774
-0.0278492 0.777824 -0.234774
-0.0235635 0.575629 -0.234774
-0.141983 0.579299 -0.234774
-0.0459063 0.865069 -0.234774
-0.0449836 0.855273 -0.234774
-0.0403702 0.806293 -0.234774
-0.158988 0.864301 -0.195642
-0.0946709 0.860476 -0.12716
-0.0399089 0.801396 -0.234774
0.0356783 0.625682 -0.171184
-0.0362181 0.762212 -0.234774
-0.137106 0.579758 -0.12716
-0.140008 0.76726 -0.12716
-0.0357568 0.757314 -0.234774
-0.0348341 0.747518 -0.234774
-0.0343727 0.74262 -0.234774
-0.0334501 0.732824 -0.234774
-0.0138106 0.576547 -0.132051
-0.0329887 0.727926 -0.234774
-0.0990171 0.593229 -0.12716
-0.0325274 0.723028 -0.234774
0.0175565 0.60915 -0.12716
-0.0297593 0.69364 -0.234774
-0.194373 0.717666 -0.151618
-0.0819516 0.77767 -0.234774
-0.0288366 0.683844 -0.234774
-0.0303543 0.856651 -0.234774
-0.0269912 0.664252 -0.234774
-0.0663348 0.873028 -0.141834
0.0203246 0.579762 -0.2201
-0.0251459 0.64466 -0.234774
-0.2036 0.815626 -0.151618
-0.0561206 0.869049 -0.234774
-0.163666 0.809505 -0.12716
-0.160764 0.622003 -0.12716
-0.0237618 0.629966 -0.234774
-0.0233005 0.625068 -0.234774
-0.0214551 0.605476 -0.234774
-0.184685 0.614808 -0.180967
0.00180616 0.671906 -0.12716
-0.0327257 0.777365 -0.234774
-0.17645 0.788535 -0.12716
-0.031803 0.767569 -0.234774
-0.0308803 0.757773 -0.234774
-0.030419 0.752875 -0.234774
-0.173617 0.862923 -0.136943
-0.205907 0.840116 -0.2201
-0.0290349 0.738181 -0.234774
0.0393691 0.586498 -0.185859
-0.0285736 0.733283 -0.234774
-0.0281123 0.728385 -0.234774
-0.0918339 0.569198 -0.161401
-0.0271896 0.718589 -0.234774
-0.0244215 0.689201 -0.234774
-0.0268618 0.871805 -0.234774
-0.0654122 0.863232 -0.12716
-0.0625105 0.675731 -0.12716
-0.0234988 0.679405 -0.234774
-0.02014 0.852672 -0.12716
0.0231574 0.654151 -0.12716
-0.0216534 0.659813 -0.234774
-0.0202694 0.645119 -0.234774
-0.018424 0.625527 -0.234774
-0.0179627 0.620629 -0.234774
-0.0130862 0.621088 -0.12716
-0.0155266 0.803692 -0.12716
0.006549 0.830479 -0.12716
-0.0175014 0.615731 -0.234774
0.0301422 0.684457 -0.215208
-0.0115728 0.813947 -0.12716
-0.01704 0.610833 -0.234774
-0.0165787 0.605935 -0.234774
-0.0321996 0.876243 -0.2201
-0.015656 0.596139 -0.234774
-0.017635 0.773845 -0.234774
-0.0147333 0.586343 -0.234774
0.0319876 0.664865 -0.215208
-0.0338467 0.841498 -0.12716
-0.014272 0.581445 -0.234774
-0.0146039 0.793896 -0.234774
-0.0217871 0.817927 -0.12716
-0.0117022 0.606394 -0.234774
-0.0138106 0.576547 -0.234774
-0.0338467 0.841498 -0.234774
-0.116216 0.566902 -0.19075
-0.0301559 0.802314 -0.234774
-0.121093 0.566442 -0.180967
-0.0264652 0.76313 -0.234774
-0.0476828 0.622771 -0.234774
-0.0515071 0.820069 -0.234774
-0.0200064 0.694558 -0.234774
0.0222994 0.767723 -0.132051
-0.0190837 0.684762 -0.234774
-0.156349 0.62736 -0.234774
-0.0186224 0.679864 -0.234774
0.0213767 0.777519 -0.2201
-0.118592 0.853282 -0.12716
-0.115492 0.611443 -0.12716
-0.0172383 0.66517 -0.234774
-0.018756 0.837978 -0.234774
-0.0149316 0.64068 -0.234774
-0.184685 0.614808 -0.2201
-0.0135476 0.625986 -0.234774
0.0398304 0.5816 -0.141834
-0.201293 0.791136 -0.161401
-0.0155266 0.803692 -0.234774
-0.164653 0.715524 -0.234774
-0.0130862 0.621088 -0.234774
-0.0159879 0.80859 -0.234774
-0.0126249 0.61619 -0.234774
0.0370624 0.610988 -0.234774
-0.0132199 0.779202 -0.234774
-0.0103182 0.5917 -0.234774
-0.0126938 0.878081 -0.215208
0.00681203 0.879918 -0.176075
-0.130846 0.565524 -0.200533
-0.0136812 0.7841 -0.234774
-0.00985684 0.586802 -0.234774
-0.0321996 0.876243 -0.234774
