ply
format ascii 1.0
comment Created by Open3D
element vertex 17536
property double x
property double y
property double z
end_header
-0.0824124 0.860684 -0.226135
-0.0776882 0.861147 -0.226135
-0.0729639 0.861611 -0.226135
-0.0493427 0.863928 -0.226135
-0.0446184 0.864392 -0.226135
-0.0257214 0.866246 -0.226135
-0.0209972 0.866709 -0.226135
-0.0776882 0.861147 -0.221188
-0.0729639 0.861611 -0.221188
-0.0635154 0.862538 -0.221188
-0.0540669 0.863465 -0.221188
-0.0446184 0.864392 -0.221188
-0.0257214 0.866246 -0.221188
-0.0209972 0.866709 -0.221188
-0.0162729 0.867173 -0.221188
-0.0115487 0.867636 -0.221188
-0.0871367 0.86022 -0.216242
-0.0729639 0.861611 -0.216242
-0.0635154 0.862538 -0.216242
-0.0587912 0.863001 -0.216242
-0.0540669 0.863465 -0.216242
-0.0446184 0.864392 -0.216242
-0.0351699 0.865319 -0.216242
-0.0209972 0.866709 -0.216242
-0.0115487 0.867636 -0.216242
-0.0824124 0.860684 -0.211296
-0.0635154 0.862538 -0.211296
-0.0540669 0.863465 -0.211296
-0.0446184 0.864392 -0.211296
-0.0398942 0.864855 -0.211296
-0.0209972 0.866709 -0.211296
-0.0729639 0.861611 -0.206349
-0.0635154 0.862538 -0.206349
-0.0540669 0.863465 -0.206349
-0.0446184 0.864392 -0.206349
-0.0257214 0.866246 -0.206349
-0.0871367 0.86022 -0.201403
-0.0776882 0.861147 -0.201403
-0.0635154 0.862538 -0.201403
-0.0540669 0.863465 -0.201403
-0.0493427 0.863928 -0.201403
-0.0540669 0.863465 -0.226135
-0.0257214 0.866246 -0.201403
-0.0209972 0.866709 -0.201403
-0.0162729 0.867173 -0.201403
-0.0871367 0.86022 -0.196456
-0.0635154 0.862538 -0.196456
-0.0540669 0.863465 -0.196456
-0.0493427 0.863928 -0.196456
-0.0446184 0.864392 -0.196456
-0.0398942 0.864855 -0.196456
-0.0162729 0.867173 -0.196456
-0.0162729 0.867173 -0.226135
-0.0824124 0.860684 -0.19151
-0.0776882 0.861147 -0.19151
-0.0729639 0.861611 -0.19151
-0.0635154 0.862538 -0.19151
-0.0587912 0.863001 -0.19151
-0.0540669 0.863465 -0.19151
-0.0493427 0.863928 -0.19151
-0.0398942 0.864855 -0.19151
-0.0257214 0.866246 -0.19151
-0.0209972 0.866709 -0.19151
-0.0871367 0.86022 -0.186563
-0.0776882 0.861147 -0.186563
-0.0729639 0.861611 -0.186563
-0.0635154 0.862538 -0.186563
-0.0540669 0.863465 -0.186563
-0.0493427 0.863928 -0.186563
-0.0446184 0.864392 -0.186563
-0.0257214 0.866246 -0.186563
-0.0824124 0.860684 -0.181617
-0.0776882 0.861147 -0.181617
-0.0729639 0.861611 -0.181617
-0.0635154 0.862538 -0.181617
-0.0540669 0.863465 -0.181617
-0.0304457 0.865782 -0.181617
-0.0257214 0.866246 -0.181617
-0.0209972 0.866709 -0.181617
-0.0115487 0.867636 -0.181617
-0.0871367 0.86022 -0.17667
-0.0635154 0.862538 -0.17667
-0.0540669 0.863465 -0.17667
-0.0446184 0.864392 -0.17667
-0.0257214 0.866246 -0.17667
-0.0209972 0.866709 -0.17667
-0.0776882 0.861147 -0.171724
-0.0729639 0.861611 -0.171724
-0.0635154 0.862538 -0.171724
-0.0587912 0.863001 -0.171724
-0.0446184 0.864392 -0.171724
-0.0257214 0.866246 -0.171724
-0.0162729 0.867173 -0.171724
-0.0824124 0.860684 -0.166777
-0.0776882 0.861147 -0.166777
-0.0729639 0.861611 -0.166777
-0.0635154 0.862538 -0.166777
-0.0587912 0.863001 -0.166777
-0.0540669 0.863465 -0.166777
-0.0493427 0.863928 -0.166777
-0.0446184 0.864392 -0.166777
-0.0304457 0.865782 -0.166777
-0.0257214 0.866246 -0.166777
-0.0115487 0.867636 -0.166777
-0.0871367 0.86022 -0.161831
-0.0776882 0.861147 -0.161831
-0.0729639 0.861611 -0.161831
-0.0635154 0.862538 -0.161831
-0.0540669 0.863465 -0.161831
-0.0493427 0.863928 -0.161831
-0.0304457 0.865782 -0.161831
-0.0257214 0.866246 -0.161831
-0.0115487 0.867636 -0.161831
-0.0776882 0.861147 -0.156884
-0.0729639 0.861611 -0.156884
-0.0635154 0.862538 -0.156884
-0.0540669 0.863465 -0.156884
-0.0493427 0.863928 -0.156884
-0.0446184 0.864392 -0.156884
-0.0304457 0.865782 -0.156884
-0.0257214 0.866246 -0.156884
-0.0209972 0.866709 -0.156884
-0.0115487 0.867636 -0.156884
-0.0871367 0.86022 -0.151938
-0.0824124 0.860684 -0.151938
-0.0729639 0.861611 -0.151938
-0.0635154 0.862538 -0.151938
-0.0587912 0.863001 -0.151938
-0.0540669 0.863465 -0.151938
-0.0493427 0.863928 -0.151938
-0.0446184 0.864392 -0.151938
-0.0351699 0.865319 -0.151938
-0.0824124 0.860684 -0.216242
-0.0162729 0.867173 -0.151938
-0.0115487 0.867636 -0.151938
-0.0871367 0.86022 -0.146991
-0.0776882 0.861147 -0.146991
-0.0729639 0.861611 -0.146991
-0.0682397 0.862074 -0.146991
-0.0635154 0.862538 -0.146991
-0.0587912 0.863001 -0.146991
-0.0540669 0.863465 -0.146991
-0.0493427 0.863928 -0.146991
-0.0446184 0.864392 -0.146991
-0.0257214 0.866246 -0.146991
-0.0871367 0.86022 -0.142045
-0.0682397 0.862074 -0.142045
-0.0635154 0.862538 -0.142045
-0.0587912 0.863001 -0.142045
-0.0446184 0.864392 -0.142045
-0.0398942 0.864855 -0.142045
-0.0304457 0.865782 -0.142045
-0.0257214 0.866246 -0.142045
-0.0162729 0.867173 -0.142045
-0.0115487 0.867636 -0.142045
-0.0162729 0.867173 -0.181617
-0.0824124 0.860684 -0.137098
-0.0635154 0.862538 -0.137098
-0.0587912 0.863001 -0.137098
-0.0540669 0.863465 -0.137098
-0.0493427 0.863928 -0.137098
-0.0446184 0.864392 -0.137098
-0.0398942 0.864855 -0.137098
-0.0682397 0.862074 -0.196456
-0.0209972 0.866709 -0.137098
-0.0162729 0.867173 -0.137098
-0.0824124 0.860684 -0.132152
-0.0635154 0.862538 -0.132152
-0.0540669 0.863465 -0.132152
-0.0493427 0.863928 -0.132152
-0.0446184 0.864392 -0.132152
-0.0257214 0.866246 -0.132152
-0.0209972 0.866709 -0.132152
-0.0162729 0.867173 -0.132152
-0.0115487 0.867636 -0.132152
-0.0729639 0.861611 -0.127205
-0.0635154 0.862538 -0.127205
-0.0115487 0.867636 -0.17667
-0.0587912 0.863001 -0.127205
-0.0540669 0.863465 -0.127205
-0.0493427 0.863928 -0.127205
-0.0304457 0.865782 -0.127205
-0.0257214 0.866246 -0.127205
-0.0824124 0.860684 -0.201403
-0.0162729 0.867173 -0.127205
-0.0115487 0.867636 -0.127205
-0.0824124 0.860684 -0.122259
-0.0729639 0.861611 -0.122259
-0.0587912 0.863001 -0.122259
-0.0446184 0.864392 -0.122259
-0.0351699 0.865319 -0.122259
-0.0257214 0.866246 -0.122259
-0.0209972 0.866709 -0.122259
-0.0162729 0.867173 -0.122259
-0.0115487 0.867636 -0.122259
-0.0824124 0.860684 -0.117312
-0.0776882 0.861147 -0.117312
-0.0729639 0.861611 -0.117312
-0.0635154 0.862538 -0.117312
-0.0540669 0.863465 -0.117312
-0.0493427 0.863928 -0.117312
-0.0446184 0.864392 -0.117312
-0.0351699 0.865319 -0.117312
-0.0257214 0.866246 -0.117312
-0.0115487 0.867636 -0.117312
-0.0824124 0.860684 -0.112366
-0.0776882 0.861147 -0.112366
-0.0493427 0.863928 -0.112366
-0.0446184 0.864392 -0.112366
-0.0257214 0.866246 -0.112366
-0.0682397 0.862074 -0.127205
-0.0209972 0.866709 -0.112366
-0.0871367 0.86022 -0.107419
-0.0776882 0.861147 -0.107419
-0.0115487 0.867636 -0.171724
-0.0587912 0.863001 -0.107419
-0.0493427 0.863928 -0.107419
-0.0446184 0.864392 -0.107419
-0.0304457 0.865782 -0.107419
-0.0257214 0.866246 -0.107419
-0.0776882 0.861147 -0.102473
-0.0635154 0.862538 -0.102473
-0.0115487 0.867636 -0.201403
-0.0587912 0.863001 -0.102473
-0.0540669 0.863465 -0.102473
-0.0446184 0.864392 -0.102473
-0.0351699 0.865319 -0.102473
-0.0304457 0.865782 -0.102473
-0.0257214 0.866246 -0.102473
-0.0776882 0.861147 -0.0975265
-0.0729639 0.861611 -0.0975265
-0.0635154 0.862538 -0.0975265
-0.0115487 0.867636 -0.206349
-0.0587912 0.863001 -0.0975265
-0.0540669 0.863465 -0.0975265
-0.0493427 0.863928 -0.0975265
-0.0304457 0.865782 -0.0975265
-0.0257214 0.866246 -0.0975265
-0.0115487 0.867636 -0.0975265
-0.0682397 0.862074 -0.09258
-0.0635154 0.862538 -0.09258
-0.0540669 0.863465 -0.09258
-0.0493427 0.863928 -0.09258
-0.0446184 0.864392 -0.09258
-0.0351699 0.865319 -0.09258
-0.0304457 0.865782 -0.09258
-0.0257214 0.866246 -0.09258
-0.0115487 0.867636 -0.09258
-0.0729639 0.861611 -0.0876336
-0.0635154 0.862538 -0.0876336
-0.0115487 0.867636 -0.137098
-0.0587912 0.863001 -0.0876336
-0.0493427 0.863928 -0.0876336
-0.0446184 0.864392 -0.0876336
-0.0304457 0.865782 -0.0876336
-0.0257214 0.866246 -0.0876336
-0.0115487 0.867636 -0.196456
-0.0587912 0.863001 -0.0826871
-0.0540669 0.863465 -0.0826871
-0.0493427 0.863928 -0.0826871
-0.0446184 0.864392 -0.0826871
-0.0351699 0.865319 -0.0826871
-0.0304457 0.865782 -0.0826871
-0.0257214 0.866246 -0.0826871
-0.0115487 0.867636 -0.226135
-0.0587912 0.863001 -0.0777406
-0.0540669 0.863465 -0.0777406
-0.0493427 0.863928 -0.0777406
-0.0304457 0.865782 -0.0777406
-0.0257214 0.866246 -0.0777406
-0.0871367 0.86022 -0.0727941
-0.0682397 0.862074 -0.0727941
-0.0635154 0.862538 -0.0727941
-0.0540669 0.863465 -0.0727941
-0.0493427 0.863928 -0.0727941
-0.0257214 0.866246 -0.0727941
-0.0209972 0.866709 -0.0727941
-0.0776882 0.861147 -0.0678476
-0.0682397 0.862074 -0.0678476
-0.0635154 0.862538 -0.0678476
-0.0587912 0.863001 -0.0678476
-0.0540669 0.863465 -0.0678476
-0.0257214 0.866246 -0.0678476
-0.0824124 0.860684 -0.0629012
-0.0682397 0.862074 -0.0629012
-0.0635154 0.862538 -0.0629012
-0.0587912 0.863001 -0.0629012
-0.0540669 0.863465 -0.0629012
-0.0493427 0.863928 -0.0629012
-0.0257214 0.866246 -0.0629012
-0.0209972 0.866709 -0.0629012
-0.0162729 0.867173 -0.0629012
-0.0115487 0.867636 -0.0629012
-0.0824124 0.860684 -0.0579547
-0.0682397 0.862074 -0.0579547
-0.0635154 0.862538 -0.0579547
-0.0493427 0.863928 -0.0579547
-0.0257214 0.866246 -0.0579547
-0.0162729 0.867173 -0.0579547
-0.0824124 0.860684 -0.0530082
-0.0729639 0.861611 -0.0530082
-0.0635154 0.862538 -0.0530082
-0.0587912 0.863001 -0.0530082
-0.0446184 0.864392 -0.0530082
-0.0351699 0.865319 -0.0530082
-0.0257214 0.866246 -0.0530082
-0.0824124 0.860684 -0.0480617
-0.0776882 0.861147 -0.0480617
-0.0682397 0.862074 -0.0480617
-0.0635154 0.862538 -0.0480617
-0.0587912 0.863001 -0.0480617
-0.0493427 0.863928 -0.0480617
-0.0257214 0.866246 -0.0480617
-0.0162729 0.867173 -0.0480617
-0.0115487 0.867636 -0.0480617
-0.0871367 0.86022 -0.0431153
-0.0824124 0.860684 -0.0431153
-0.0776882 0.861147 -0.0431153
-0.0729639 0.861611 -0.0431153
-0.0635154 0.862538 -0.0431153
-0.0587912 0.863001 -0.0431153
-0.0540669 0.863465 -0.0431153
-0.0493427 0.863928 -0.0431153
-0.0115487 0.867636 -0.0431153
-0.0871367 0.86022 -0.0381688
-0.0824124 0.860684 -0.0381688
-0.0776882 0.861147 -0.0381688
-0.0635154 0.862538 -0.0381688
-0.0115487 0.867636 -0.186563
-0.0587912 0.863001 -0.0381688
-0.0493427 0.863928 -0.0381688
-0.0493427 0.863928 -0.211296
-0.0446184 0.864392 -0.0381688
-0.0257214 0.866246 -0.0381688
-0.0209972 0.866709 -0.0381688
-0.0871367 0.86022 -0.0332223
-0.0824124 0.860684 -0.0332223
-0.0115487 0.867636 -0.19151
-0.0587912 0.863001 -0.0332223
-0.0493427 0.863928 -0.0332223
-0.0729639 0.861611 -0.112366
-0.0446184 0.864392 -0.0332223
-0.0351699 0.865319 -0.0332223
-0.0257214 0.866246 -0.0332223
-0.0115487 0.867636 -0.0332223
-0.0871367 0.86022 -0.0282758
-0.0776882 0.861147 -0.0282758
-0.0635154 0.862538 -0.0282758
-0.0587912 0.863001 -0.0282758
-0.0493427 0.863928 -0.0282758
-0.0398942 0.864855 -0.0282758
-0.0351699 0.865319 -0.0282758
-0.0115487 0.867636 -0.0282758
-0.00682445 0.8681 -0.226135
-0.0063363 0.863124 -0.226135
-0.00487186 0.848198 -0.226135
-0.0540669 0.863465 -0.0579547
-0.00340743 0.833272 -0.226135
-0.000966697 0.808395 -0.226135
-0.000478551 0.80342 -0.226135
9.59445e-06 0.798444 -0.226135
0.00049774 0.793469 -0.226135
0.00196218 0.778543 -0.226135
-0.0209972 0.866709 -0.146991
0.00293847 0.768592 -0.226135
0.00391476 0.758641 -0.226135
0.00440291 0.753666 -0.226135
0.00489105 0.74869 -0.226135
0.0053792 0.743715 -0.226135
-0.00682445 0.8681 -0.221188
-0.00145484 0.81337 -0.226135
-0.00536001 0.853174 -0.221188
-0.00438372 0.843223 -0.221188
-0.00243113 0.823321 -0.226135
-0.00389557 0.838247 -0.221188
-0.00243113 0.823321 -0.221188
-0.00194299 0.818346 -0.221188
-0.000478551 0.80342 -0.221188
9.59445e-06 0.798444 -0.221188
0.00196218 0.778543 -0.221188
0.00245032 0.773567 -0.221188
0.00391476 0.758641 -0.221188
0.00440291 0.753666 -0.221188
0.00489105 0.74869 -0.221188
0.0053792 0.743715 -0.221188
-0.00340743 0.833272 -0.216242
-0.00291928 0.828297 -0.216242
-0.00243113 0.823321 -0.216242
-0.000478551 0.80342 -0.216242
9.59445e-06 0.798444 -0.216242
0.000985886 0.788493 -0.216242
0.00147403 0.783518 -0.216242
0.00245032 0.773567 -0.216242
0.00391476 0.758641 -0.216242
0.00440291 0.753666 -0.216242
0.00489105 0.74869 -0.216242
0.0053792 0.743715 -0.216242
-0.00682445 0.8681 -0.211296
-0.0063363 0.863124 -0.211296
-0.00389557 0.838247 -0.211296
-0.00340743 0.833272 -0.211296
-0.00291928 0.828297 -0.211296
-0.000966697 0.808395 -0.211296
-0.000478551 0.80342 -0.211296
0.000985886 0.788493 -0.211296
0.00391476 0.758641 -0.211296
0.00440291 0.753666 -0.211296
0.00489105 0.74869 -0.211296
-0.00682445 0.8681 -0.206349
-0.0063363 0.863124 -0.206349
-0.00438372 0.843223 -0.206349
-0.00389557 0.838247 -0.206349
-0.0540669 0.863465 -0.122259
-0.00340743 0.833272 -0.206349
0.00196218 0.778543 -0.216242
-0.00291928 0.828297 -0.206349
-0.000478551 0.80342 -0.206349
0.00049774 0.793469 -0.206349
0.00245032 0.773567 -0.206349
-0.0209972 0.866709 -0.117312
0.00293847 0.768592 -0.206349
0.00391476 0.758641 -0.206349
0.00440291 0.753666 -0.206349
-0.0063363 0.863124 -0.201403
-0.0871367 0.86022 -0.0777406
-0.00584815 0.858149 -0.201403
-0.00487186 0.848198 -0.201403
-0.00438372 0.843223 -0.201403
-0.00389557 0.838247 -0.201403
-0.0540669 0.863465 -0.0332223
-0.00340743 0.833272 -0.201403
-0.0209972 0.866709 -0.0579547
-0.00243113 0.823321 -0.201403
-0.00145484 0.81337 -0.201403
0.000985886 0.788493 -0.201403
0.00245032 0.773567 -0.201403
0.00293847 0.768592 -0.201403
0.00391476 0.758641 -0.201403
0.00489105 0.74869 -0.201403
0.0053792 0.743715 -0.201403
-0.0063363 0.863124 -0.196456
-0.00389557 0.838247 -0.196456
-0.0540669 0.863465 -0.0381688
-0.00340743 0.833272 -0.196456
-0.000966697 0.808395 -0.196456
9.59445e-06 0.798444 -0.196456
0.00196218 0.778543 -0.196456
0.00245032 0.773567 -0.196456
-0.0682397 0.862074 -0.107419
0.00293847 0.768592 -0.196456
0.00391476 0.758641 -0.196456
0.0053792 0.743715 -0.196456
-0.00487186 0.848198 -0.19151
-0.00438372 0.843223 -0.19151
-0.00340743 0.833272 -0.19151
-0.00243113 0.823321 -0.19151
-0.000478551 0.80342 -0.19151
0.00049774 0.793469 -0.19151
0.000985886 0.788493 -0.19151
0.00391476 0.758641 -0.19151
0.00440291 0.753666 -0.19151
-0.00682445 0.8681 -0.186563
-0.0063363 0.863124 -0.186563
-0.0871367 0.86022 -0.0876336
-0.00584815 0.858149 -0.186563
-0.00389557 0.838247 -0.186563
-0.00291928 0.828297 -0.186563
-0.000966697 0.808395 -0.186563
-0.000478551 0.80342 -0.186563
9.59445e-06 0.798444 -0.186563
0.00147403 0.783518 -0.186563
0.00245032 0.773567 -0.186563
0.0053792 0.743715 -0.186563
-0.00682445 0.8681 -0.181617
-0.0063363 0.863124 -0.181617
-0.00487186 0.848198 -0.181617
-0.00438372 0.843223 -0.181617
-0.00340743 0.833272 -0.181617
-0.00243113 0.823321 -0.181617
-0.00194299 0.818346 -0.181617
-0.000478551 0.80342 -0.181617
0.00245032 0.773567 -0.181617
-0.0682397 0.862074 -0.0975265
0.00293847 0.768592 -0.181617
0.00391476 0.758641 -0.181617
0.00489105 0.74869 -0.181617
-0.00682445 0.8681 -0.17667
-0.0063363 0.863124 -0.17667
-0.00438372 0.843223 -0.17667
-0.00389557 0.838247 -0.17667
-0.00340743 0.833272 -0.17667
-0.000478551 0.80342 -0.17667
0.00391476 0.758641 -0.17667
0.00440291 0.753666 -0.17667
-0.00682445 0.8681 -0.171724
-0.0063363 0.863124 -0.171724
-0.0351699 0.865319 -0.221188
-0.00584815 0.858149 -0.171724
-0.00536001 0.853174 -0.171724
-0.00487186 0.848198 -0.171724
-0.00389557 0.838247 -0.171724
-0.0540669 0.863465 -0.112366
-0.00340743 0.833272 -0.171724
-0.00243113 0.823321 -0.171724
-0.000966697 0.808395 -0.171724
9.59445e-06 0.798444 -0.171724
0.00147403 0.783518 -0.171724
0.00245032 0.773567 -0.171724
0.00342661 0.763616 -0.171724
0.00391476 0.758641 -0.171724
0.00440291 0.753666 -0.171724
0.00489105 0.74869 -0.171724
-0.00682445 0.8681 -0.166777
-0.00536001 0.853174 -0.166777
-0.00291928 0.828297 -0.166777
-0.00194299 0.818346 -0.166777
-0.00145484 0.81337 -0.166777
-0.000966697 0.808395 -0.166777
-0.0729639 0.861611 -0.09258
-0.000478551 0.80342 -0.166777
9.59445e-06 0.798444 -0.166777
0.00245032 0.773567 -0.166777
0.00440291 0.753666 -0.166777
0.0053792 0.743715 -0.166777
-0.00682445 0.8681 -0.161831
-0.0063363 0.863124 -0.161831
-0.00536001 0.853174 -0.161831
-0.00487186 0.848198 -0.161831
-0.00194299 0.818346 -0.161831
-0.000478551 0.80342 -0.161831
0.00147403 0.783518 -0.161831
0.00391476 0.758641 -0.161831
0.00440291 0.753666 -0.161831
0.0053792 0.743715 -0.161831
-0.00682445 0.8681 -0.156884
-0.0063363 0.863124 -0.156884
-0.0351699 0.865319 -0.146991
-0.00584815 0.858149 -0.156884
-0.00340743 0.833272 -0.156884
-0.000966697 0.808395 -0.156884
-0.000478551 0.80342 -0.156884
0.00196218 0.778543 -0.156884
-0.0682397 0.862074 -0.171724
0.00293847 0.768592 -0.156884
0.00342661 0.763616 -0.156884
0.00391476 0.758641 -0.156884
0.00440291 0.753666 -0.156884
0.00489105 0.74869 -0.156884
0.0053792 0.743715 -0.156884
-0.00682445 0.8681 -0.151938
-0.0063363 0.863124 -0.151938
-0.00487186 0.848198 -0.151938
-0.00438372 0.843223 -0.151938
-0.00340743 0.833272 -0.151938
-0.000966697 0.808395 -0.151938
-0.0729639 0.861611 -0.0777406
-0.000478551 0.80342 -0.151938
9.59445e-06 0.798444 -0.151938
0.00196218 0.778543 -0.151938
0.00245032 0.773567 -0.151938
0.00342661 0.763616 -0.151938
0.00391476 0.758641 -0.151938
0.00440291 0.753666 -0.151938
0.0053792 0.743715 -0.151938
-0.00682445 0.8681 -0.146991
-0.00536001 0.853174 -0.146991
-0.00487186 0.848198 -0.146991
-0.000966697 0.808395 -0.146991
9.59445e-06 0.798444 -0.146991
0.00049774 0.793469 -0.146991
0.00245032 0.773567 -0.146991
0.00342661 0.763616 -0.146991
0.00391476 0.758641 -0.146991
0.00489105 0.74869 -0.146991
-0.0063363 0.863124 -0.142045
-0.00487186 0.848198 -0.142045
-0.00389557 0.838247 -0.142045
-0.00340743 0.833272 -0.142045
-0.000966697 0.808395 -0.142045
-0.000478551 0.80342 -0.142045
0.00196218 0.778543 -0.142045
0.00245032 0.773567 -0.142045
0.00342661 0.763616 -0.142045
0.00391476 0.758641 -0.142045
-0.00682445 0.8681 -0.137098
-0.00536001 0.853174 -0.137098
-0.00487186 0.848198 -0.137098
-0.00340743 0.833272 -0.137098
-0.00243113 0.823321 -0.137098
-0.00194299 0.818346 -0.137098
-0.0304457 0.865782 -0.0381688
-0.00145484 0.81337 -0.137098
-0.000966697 0.808395 -0.137098
0.00196218 0.778543 -0.137098
0.00293847 0.768592 -0.137098
0.00440291 0.753666 -0.137098
0.0053792 0.743715 -0.137098
-0.0351699 0.865319 -0.171724
-0.00584815 0.858149 -0.132152
-0.00536001 0.853174 -0.132152
-0.00487186 0.848198 -0.132152
-0.00340743 0.833272 -0.132152
-0.00291928 0.828297 -0.132152
-0.00438372 0.843223 -0.132152
-0.00243113 0.823321 -0.132152
-0.000966697 0.808395 -0.132152
-0.000478551 0.80342 -0.132152
0.00489105 0.74869 -0.206349
9.59445e-06 0.798444 -0.132152
0.00147403 0.783518 -0.132152
0.00196218 0.778543 -0.132152
0.00245032 0.773567 -0.132152
0.00342661 0.763616 -0.132152
0.00440291 0.753666 -0.132152
-0.0351699 0.865319 -0.17667
-0.00584815 0.858149 -0.127205
-0.00340743 0.833272 -0.127205
-0.00291928 0.828297 -0.127205
-0.000966697 0.808395 -0.127205
-0.000478551 0.80342 -0.127205
9.59445e-06 0.798444 -0.127205
0.00147403 0.783518 -0.127205
0.00245032 0.773567 -0.127205
0.00147403 0.783518 -0.211296
0.00293847 0.768592 -0.127205
0.00342661 0.763616 -0.127205
0.0053792 0.743715 -0.127205
-0.0063363 0.863124 -0.122259
-0.00487186 0.848198 -0.122259
-0.00243113 0.823321 -0.146991
-0.00438372 0.843223 -0.122259
-0.00389557 0.838247 -0.122259
-0.00340743 0.833272 -0.122259
-0.00389557 0.838247 -0.127205
-0.00291928 0.828297 -0.122259
-0.00194299 0.818346 -0.122259
-0.00145484 0.81337 -0.122259
-0.000966697 0.808395 -0.122259
-0.0493427 0.863928 -0.181617
-0.0729639 0.861611 -0.107419
-0.000478551 0.80342 -0.122259
0.00196218 0.778543 -0.122259
-0.0209972 0.866709 -0.186563
0.00342661 0.763616 -0.122259
-0.00682445 0.8681 -0.117312
-0.0063363 0.863124 -0.117312
-0.00536001 0.853174 -0.117312
-0.00487186 0.848198 -0.117312
-0.00340743 0.833272 -0.117312
-0.00291928 0.828297 -0.117312
-0.00438372 0.843223 -0.117312
-0.00243113 0.823321 -0.117312
-0.00194299 0.818346 -0.117312
-0.00145484 0.81337 -0.117312
-0.000966697 0.808395 -0.117312
0.00342661 0.763616 -0.117312
0.0053792 0.743715 -0.117312
-0.00682445 0.8681 -0.112366
-0.00584815 0.858149 -0.112366
-0.00536001 0.853174 -0.112366
-0.00487186 0.848198 -0.112366
-0.000966697 0.808395 -0.112366
-0.000478551 0.80342 -0.112366
-0.0682397 0.862074 -0.206349
0.00342661 0.763616 -0.112366
-0.00682445 0.8681 -0.107419
-0.0063363 0.863124 -0.107419
-0.00487186 0.848198 -0.107419
-0.00291928 0.828297 -0.17667
-0.00389557 0.838247 -0.107419
-0.00389557 0.838247 -0.181617
-0.00291928 0.828297 -0.107419
-0.000966697 0.808395 -0.107419
-0.000478551 0.80342 -0.107419
9.59445e-06 0.798444 -0.107419
0.00196218 0.778543 -0.107419
0.00245032 0.773567 -0.107419
0.00293847 0.768592 -0.107419
0.00440291 0.753666 -0.107419
0.00489105 0.74869 -0.107419
-0.00682445 0.8681 -0.102473
-0.0063363 0.863124 -0.102473
-0.0351699 0.865319 -0.201403
-0.00584815 0.858149 -0.102473
-0.0209972 0.866709 -0.0282758
-0.00487186 0.848198 -0.102473
-0.00389557 0.838247 -0.151938
-0.00291928 0.828297 -0.102473
-0.00243113 0.823321 -0.102473
-0.00194299 0.818346 -0.102473
-0.000966697 0.808395 -0.102473
-0.0729639 0.861611 -0.0629012
-0.000478551 0.80342 -0.102473
9.59445e-06 0.798444 -0.102473
0.00147403 0.783518 -0.102473
0.00196218 0.778543 -0.102473
0.00245032 0.773567 -0.102473
-0.0682397 0.862074 -0.216242
0.00342661 0.763616 -0.102473
-0.00682445 0.8681 -0.0975265
-0.0063363 0.863124 -0.0975265
-0.0351699 0.865319 -0.181617
-0.00584815 0.858149 -0.0975265
-0.00438372 0.843223 -0.0975265
-0.00291928 0.828297 -0.142045
-0.00389557 0.838247 -0.0975265
-0.00340743 0.833272 -0.0975265
-0.00389557 0.838247 -0.146991
-0.00291928 0.828297 -0.0975265
-0.00194299 0.818346 -0.0975265
-0.000966697 0.808395 -0.0975265
-0.0729639 0.861611 -0.0678476
-0.000478551 0.80342 -0.0975265
0.00196218 0.778543 -0.0975265
-0.0682397 0.862074 -0.221188
-0.0209972 0.866709 -0.206349
0.00342661 0.763616 -0.0975265
0.00440291 0.753666 -0.0975265
0.00489105 0.74869 -0.0975265
-0.00682445 0.8681 -0.09258
-0.0063363 0.863124 -0.09258
-0.00536001 0.853174 -0.09258
-0.0209972 0.866709 -0.0431153
-0.00487186 0.848198 -0.09258
-0.00340743 0.833272 -0.09258
-0.00291928 0.828297 -0.09258
-0.00194299 0.818346 -0.09258
-0.000966697 0.808395 -0.09258
-0.000478551 0.80342 -0.09258
0.000985886 0.788493 -0.09258
0.00245032 0.773567 -0.09258
-0.0682397 0.862074 -0.226135
0.00342661 0.763616 -0.09258
0.00440291 0.753666 -0.09258
0.000985886 0.788493 -0.132152
0.0053792 0.743715 -0.09258
-0.00682445 0.8681 -0.0876336
-0.0063363 0.863124 -0.0876336
-0.0351699 0.865319 -0.186563
-0.00584815 0.858149 -0.0876336
-0.00389557 0.838247 -0.0876336
-0.00340743 0.833272 -0.0876336
-0.00389557 0.838247 -0.161831
-0.00291928 0.828297 -0.0876336
-0.00536001 0.853174 -0.17667
-0.00194299 0.818346 -0.0876336
-0.0729639 0.861611 -0.0727941
-0.000478551 0.80342 -0.0876336
9.59445e-06 0.798444 -0.0876336
0.000985886 0.788493 -0.0876336
0.00147403 0.783518 -0.0876336
0.00293847 0.768592 -0.0876336
-0.0682397 0.862074 -0.181617
0.00342661 0.763616 -0.0876336
0.00440291 0.753666 -0.0876336
0.000985886 0.788493 -0.127205
0.0053792 0.743715 -0.0876336
-0.0063363 0.863124 -0.0826871
-0.00291928 0.828297 -0.0826871
-0.00487186 0.848198 -0.17667
-0.00243113 0.823321 -0.0826871
-0.0729639 0.861611 -0.0579547
-0.000478551 0.80342 -0.0826871
0.00489105 0.74869 -0.142045
0.00049774 0.793469 -0.0826871
0.0053792 0.743715 -0.142045
0.000985886 0.788493 -0.0826871
0.00245032 0.773567 -0.0826871
-0.0209972 0.866709 -0.196456
-0.0682397 0.862074 -0.186563
0.00342661 0.763616 -0.0826871
9.59445e-06 0.798444 -0.122259
0.00440291 0.753666 -0.0826871
0.00049774 0.793469 -0.122259
0.00489105 0.74869 -0.0826871
-0.0063363 0.863124 -0.0777406
-0.00536001 0.853174 -0.0777406
-0.00243113 0.823321 -0.196456
-0.00487186 0.848198 -0.0777406
-0.00438372 0.843223 -0.0777406
-0.00291928 0.828297 -0.171724
-0.00389557 0.838247 -0.0777406
-0.000966697 0.808395 -0.0777406
-0.000478551 0.80342 -0.0777406
0.00440291 0.753666 -0.146991
9.59445e-06 0.798444 -0.0777406
0.000985886 0.788493 -0.0777406
0.00147403 0.783518 -0.0777406
-0.00389557 0.838247 -0.0826871
0.00196218 0.778543 -0.0777406
0.00245032 0.773567 -0.0777406
-0.0682397 0.862074 -0.19151
-0.0209972 0.866709 -0.142045
0.00342661 0.763616 -0.0777406
9.59445e-06 0.798444 -0.117312
0.00440291 0.753666 -0.0777406
0.0053792 0.743715 -0.0777406
-0.0063363 0.863124 -0.0727941
-0.0351699 0.865319 -0.112366
-0.00584815 0.858149 -0.0727941
-0.0209972 0.866709 -0.0678476
-0.00487186 0.848198 -0.0727941
-0.00243113 0.823321 -0.166777
-0.00438372 0.843223 -0.0727941
-0.00389557 0.838247 -0.0727941
-0.00291928 0.828297 -0.0727941
-0.000478551 0.80342 -0.0727941
0.00440291 0.753666 -0.142045
9.59445e-06 0.798444 -0.0727941
0.00049774 0.793469 -0.0727941
0.000985886 0.788493 -0.0727941
0.00196218 0.778543 -0.0727941
0.00245032 0.773567 -0.0727941
0.00342661 0.763616 -0.0727941
9.59445e-06 0.798444 -0.112366
0.00440291 0.753666 -0.0727941
-0.00487186 0.848198 -0.0678476
0.00196218 0.778543 -0.09258
-0.00389557 0.838247 -0.0678476
-0.00487186 0.848198 -0.166777
-0.00243113 0.823321 -0.0678476
-0.000966697 0.808395 -0.0678476
-0.000478551 0.80342 -0.0678476
0.00440291 0.753666 -0.127205
9.59445e-06 0.798444 -0.0678476
0.000985886 0.788493 -0.0678476
0.00196218 0.778543 -0.0678476
-0.0682397 0.862074 -0.201403
0.00342661 0.763616 -0.0678476
9.59445e-06 0.798444 -0.0975265
0.00440291 0.753666 -0.0678476
0.00049774 0.793469 -0.107419
0.00489105 0.74869 -0.0678476
-0.00682445 0.8681 -0.0629012
-0.0063363 0.863124 -0.0629012
-0.00438372 0.843223 -0.0629012
0.00196218 0.778543 -0.166777
-0.00291928 0.828297 -0.0629012
-0.00487186 0.848198 -0.186563
-0.00243113 0.823321 -0.0629012
-0.000966697 0.808395 -0.0629012
-0.000478551 0.80342 -0.0629012
9.59445e-06 0.798444 -0.0629012
0.0053792 0.743715 -0.132152
0.000985886 0.788493 -0.0629012
-0.0209972 0.866709 -0.127205
0.00342661 0.763616 -0.0629012
0.00440291 0.753666 -0.0629012
0.00049774 0.793469 -0.0777406
0.00489105 0.74869 -0.0629012
-0.0063363 0.863124 -0.0579547
-0.00194299 0.818346 -0.206349
-0.00536001 0.853174 -0.0579547
-0.0209972 0.866709 -0.0530082
-0.00487186 0.848198 -0.0579547
-0.00438372 0.843223 -0.0579547
-0.00340743 0.833272 -0.0579547
-0.00291928 0.828297 -0.0579547
-0.00243113 0.823321 -0.0579547
-0.00536001 0.853174 -0.196456
-0.00194299 0.818346 -0.0579547
-0.000478551 0.80342 -0.0579547
9.59445e-06 0.798444 -0.0579547
0.00049774 0.793469 -0.0579547
0.00245032 0.773567 -0.0579547
0.00293847 0.768592 -0.0579547
9.59445e-06 0.798444 -0.0826871
0.00440291 0.753666 -0.0579547
0.000985886 0.788493 -0.0975265
0.0053792 0.743715 -0.0579547
-0.0063363 0.863124 -0.0530082
-0.00536001 0.853174 -0.0530082
-0.00487186 0.848198 -0.0530082
-0.00438372 0.843223 -0.0530082
0.00196218 0.778543 -0.0826871
-0.00389557 0.838247 -0.0530082
0.00440291 0.753666 -0.122259
9.59445e-06 0.798444 -0.0530082
0.0053792 0.743715 -0.112366
0.000985886 0.788493 -0.0530082
0.00245032 0.773567 -0.0530082
9.59445e-06 0.798444 -0.09258
0.00440291 0.753666 -0.0530082
0.00049774 0.793469 -0.09258
0.00489105 0.74869 -0.0530082
0.0053792 0.743715 -0.0530082
-0.0063363 0.863124 -0.0480617
-0.00487186 0.848198 -0.0480617
-0.00438372 0.843223 -0.0480617
-0.00389557 0.838247 -0.0480617
-0.000478551 0.80342 -0.0480617
0.00440291 0.753666 -0.117312
9.59445e-06 0.798444 -0.0480617
0.000985886 0.788493 -0.0480617
0.00196218 0.778543 -0.0480617
0.00245032 0.773567 -0.0480617
0.00391476 0.758641 -0.0480617
9.59445e-06 0.798444 -0.181617
0.00440291 0.753666 -0.0480617
0.00049774 0.793469 -0.181617
0.00489105 0.74869 -0.0480617
-0.0063363 0.863124 -0.0431153
-0.00389557 0.838247 -0.216242
-0.00243113 0.823321 -0.206349
-0.00487186 0.848198 -0.0431153
0.00440291 0.753666 -0.112366
9.59445e-06 0.798444 -0.0431153
0.00489105 0.74869 -0.122259
0.00049774 0.793469 -0.0431153
0.000985886 0.788493 -0.0431153
0.00293847 0.768592 -0.0431153
0.00049774 0.793469 -0.17667
0.00489105 0.74869 -0.0431153
0.000985886 0.788493 -0.142045
0.0053792 0.743715 -0.0431153
-0.0063363 0.863124 -0.0381688
-0.00243113 0.823321 -0.211296
-0.00487186 0.848198 -0.0381688
-0.00438372 0.843223 -0.0381688
-0.00340743 0.833272 -0.0381688
0.00489105 0.74869 -0.186563
9.59445e-06 0.798444 -0.0381688
0.0053792 0.743715 -0.171724
0.00049774 0.793469 -0.0381688
0.0053792 0.743715 -0.107419
0.000985886 0.788493 -0.0381688
0.00293847 0.768592 -0.0381688
0.0053792 0.743715 -0.0381688
-0.00682445 0.8681 -0.0332223
-0.0063363 0.863124 -0.0332223
-0.0351699 0.865319 -0.0727941
-0.00584815 0.858149 -0.0332223
-0.00389557 0.838247 -0.226135
-0.00487186 0.848198 -0.0332223
-0.00340743 0.833272 -0.0332223
0.00196218 0.778543 -0.0530082
-0.00291928 0.828297 -0.0332223
-0.00438372 0.843223 -0.0332223
-0.00243113 0.823321 -0.0332223
-0.000478551 0.80342 -0.0332223
0.00489105 0.74869 -0.19151
9.59445e-06 0.798444 -0.0332223
0.000985886 0.788493 -0.221188
0.00147403 0.783518 -0.0332223
-0.0398942 0.864855 -0.161831
0.00391476 0.758641 -0.0332223
9.59445e-06 0.798444 -0.156884
0.00440291 0.753666 -0.0332223
0.00049774 0.793469 -0.166777
0.00489105 0.74869 -0.0332223
0.000985886 0.788493 -0.166777
0.0053792 0.743715 -0.0332223
-0.00682445 0.8681 -0.0282758
-0.0871367 0.86022 -0.206349
-0.0063363 0.863124 -0.0282758
-0.00584815 0.858149 -0.0282758
-0.00194299 0.818346 -0.226135
-0.00438372 0.843223 -0.216242
-0.00536001 0.853174 -0.0282758
-0.00243113 0.823321 -0.0282758
9.59445e-06 0.798444 -0.0282758
0.0053792 0.743715 -0.181617
0.00049774 0.793469 -0.0282758
0.000985886 0.788493 -0.0282758
-0.00389557 0.838247 -0.0381688
0.00196218 0.778543 -0.0282758
0.00342661 0.763616 -0.0282758
0.00049774 0.793469 -0.137098
0.00489105 0.74869 -0.0282758
0.000985886 0.788493 -0.161831
0.0053792 0.743715 -0.0282758
-0.0162729 0.867173 -0.117312
0.00586734 0.738739 -0.226135
-0.0083054 0.737349 -0.226135
-0.0224781 0.735958 -0.226135
-0.0319266 0.735031 -0.226135
-0.0460994 0.733641 -0.226135
-0.0508236 0.733177 -0.226135
-0.0555479 0.732714 -0.226135
-0.0602721 0.73225 -0.226135
-0.0744449 0.73086 -0.226135
0.00114309 0.738276 -0.221188
-0.00358115 0.737812 -0.221188
-0.0083054 0.737349 -0.221188
-0.0177539 0.736422 -0.221188
-0.0272024 0.735495 -0.221188
0.00293847 0.768592 -0.0678476
-0.0366509 0.734568 -0.221188
-0.0508236 0.733177 -0.221188
0.00245032 0.773567 -0.122259
-0.0555479 0.732714 -0.221188
-0.0602721 0.73225 -0.221188
-0.00145484 0.81337 -0.0579547
-0.0649964 0.731787 -0.221188
-0.0162729 0.867173 -0.161831
0.00586734 0.738739 -0.216242
-0.00487186 0.848198 -0.221188
-0.00438372 0.843223 -0.0282758
0.00114309 0.738276 -0.216242
-0.00358115 0.737812 -0.216242
-0.0083054 0.737349 -0.216242
-0.0224781 0.735958 -0.216242
0.00049774 0.793469 -0.142045
-0.0319266 0.735031 -0.216242
-0.0366509 0.734568 -0.216242
-0.0413751 0.734104 -0.216242
-0.0460994 0.733641 -0.216242
-0.0508236 0.733177 -0.216242
-0.0555479 0.732714 -0.216242
-0.0744449 0.73086 -0.216242
-0.00487186 0.848198 -0.216242
0.00114309 0.738276 -0.211296
-0.0083054 0.737349 -0.211296
-0.0130296 0.736885 -0.211296
-0.0177539 0.736422 -0.211296
-0.0224781 0.735958 -0.211296
0.00049774 0.793469 -0.171724
-0.0319266 0.735031 -0.211296
-0.0508236 0.733177 -0.211296
-0.0555479 0.732714 -0.211296
-0.0602721 0.73225 -0.211296
-0.0649964 0.731787 -0.211296
-0.0744449 0.73086 -0.211296
-0.0824124 0.860684 -0.221188
-0.0162729 0.867173 -0.146991
0.00586734 0.738739 -0.206349
-0.00243113 0.823321 -0.0530082
0.00114309 0.738276 -0.206349
-0.00358115 0.737812 -0.206349
-0.0083054 0.737349 -0.206349
-0.0130296 0.736885 -0.206349
-0.0224781 0.735958 -0.206349
0.00489105 0.74869 -0.0381688
-0.0319266 0.735031 -0.206349
-0.0366509 0.734568 -0.206349
-0.0460994 0.733641 -0.206349
-0.0508236 0.733177 -0.206349
-0.0602721 0.73225 -0.206349
-0.0649964 0.731787 -0.206349
-0.0729639 0.861611 -0.0826871
-0.000478551 0.80342 -0.146991
-0.0744449 0.73086 -0.206349
-0.0162729 0.867173 -0.09258
0.00586734 0.738739 -0.201403
-0.00243113 0.823321 -0.0480617
0.00114309 0.738276 -0.201403
-0.00358115 0.737812 -0.201403
-0.0083054 0.737349 -0.201403
-0.0224781 0.735958 -0.201403
0.00049774 0.793469 -0.156884
-0.0319266 0.735031 -0.201403
-0.0460994 0.733641 -0.201403
-0.0555479 0.732714 -0.201403
-0.0744449 0.73086 -0.201403
-0.0162729 0.867173 -0.0876336
0.00586734 0.738739 -0.196456
-0.00487186 0.848198 -0.206349
-0.00243113 0.823321 -0.0431153
0.00114309 0.738276 -0.196456
-0.00358115 0.737812 -0.196456
-0.0083054 0.737349 -0.196456
-0.0224781 0.735958 -0.196456
0.00049774 0.793469 -0.161831
-0.0319266 0.735031 -0.196456
-0.0460994 0.733641 -0.196456
-0.0508236 0.733177 -0.196456
-0.0555479 0.732714 -0.196456
-0.0649964 0.731787 -0.196456
-0.0744449 0.73086 -0.196456
0.00586734 0.738739 -0.19151
-0.00438372 0.843223 -0.146991
-0.00243113 0.823321 -0.122259
0.00114309 0.738276 -0.19151
-0.00358115 0.737812 -0.19151
-0.0083054 0.737349 -0.19151
-0.0224781 0.735958 -0.19151
-0.0319266 0.735031 -0.19151
-0.0413751 0.734104 -0.19151
-0.0460994 0.733641 -0.19151
-0.0508236 0.733177 -0.19151
-0.0697206 0.731323 -0.19151
-0.0824124 0.860684 -0.196456
0.00586734 0.738739 -0.186563
-0.0083054 0.737349 -0.186563
0.00342661 0.763616 -0.206349
-0.0272024 0.735495 -0.186563
0.00049774 0.793469 -0.196456
-0.0319266 0.735031 -0.186563
-0.0366509 0.734568 -0.186563
-0.0413751 0.734104 -0.186563
-0.0460994 0.733641 -0.186563
-0.0508236 0.733177 -0.186563
-0.0602721 0.73225 -0.186563
-0.00145484 0.81337 -0.09258
-0.0649964 0.731787 -0.186563
-0.0744449 0.73086 -0.186563
-0.0824124 0.860684 -0.102473
0.00586734 0.738739 -0.181617
-0.00243113 0.823321 -0.127205
0.00114309 0.738276 -0.181617
-0.00358115 0.737812 -0.181617
-0.0083054 0.737349 -0.181617
-0.0130296 0.736885 -0.181617
-0.0224781 0.735958 -0.181617
-0.0319266 0.735031 -0.181617
-0.0366509 0.734568 -0.181617
-0.0413751 0.734104 -0.181617
-0.0460994 0.733641 -0.181617
-0.0508236 0.733177 -0.181617
-0.0115487 0.867636 -0.112366
-0.0697206 0.731323 -0.181617
-0.000478551 0.80342 -0.0282758
-0.0744449 0.73086 -0.181617
0.00114309 0.738276 -0.17667
-0.0130296 0.736885 -0.17667
-0.0319266 0.735031 -0.17667
-0.0366509 0.734568 -0.17667
-0.0413751 0.734104 -0.17667
-0.0508236 0.733177 -0.17667
-0.0602721 0.73225 -0.17667
-0.0697206 0.731323 -0.17667
-0.0744449 0.73086 -0.17667
0.00586734 0.738739 -0.171724
-0.0083054 0.737349 -0.171724
-0.0224781 0.735958 -0.171724
0.00342661 0.763616 -0.19151
-0.0272024 0.735495 -0.171724
0.00049774 0.793469 -0.186563
-0.0319266 0.735031 -0.171724
-0.0366509 0.734568 -0.171724
-0.0413751 0.734104 -0.171724
-0.0460994 0.733641 -0.171724
-0.0555479 0.732714 -0.171724
-0.0602721 0.73225 -0.171724
-0.0744449 0.73086 -0.171724
0.00586734 0.738739 -0.166777
-0.00438372 0.843223 -0.171724
0.00114309 0.738276 -0.166777
-0.0083054 0.737349 -0.166777
-0.0130296 0.736885 -0.166777
-0.0177539 0.736422 -0.166777
-0.0224781 0.735958 -0.166777
0.00342661 0.763616 -0.17667
-0.0272024 0.735495 -0.166777
-0.0319266 0.735031 -0.166777
-0.0413751 0.734104 -0.166777
-0.0460994 0.733641 -0.166777
-0.0508236 0.733177 -0.166777
-0.0744449 0.73086 -0.166777
-0.0824124 0.860684 -0.171724
0.00586734 0.738739 -0.161831
-0.0224781 0.735958 -0.161831
0.00342661 0.763616 -0.181617
-0.0272024 0.735495 -0.161831
-0.0319266 0.735031 -0.161831
-0.00358115 0.737812 -0.17667
-0.0366509 0.734568 -0.161831
-0.0413751 0.734104 -0.161831
-0.0460994 0.733641 -0.161831
-0.0649964 0.731787 -0.161831
-0.0115487 0.867636 -0.0826871
-0.0697206 0.731323 -0.161831
-0.0824124 0.860684 -0.17667
0.00586734 0.738739 -0.156884
-0.00243113 0.823321 -0.0876336
0.00114309 0.738276 -0.156884
-0.0493427 0.863928 -0.122259
-0.0083054 0.737349 -0.156884
-0.0224781 0.735958 -0.156884
-0.0272024 0.735495 -0.156884
0.00049774 0.793469 -0.201403
-0.0319266 0.735031 -0.156884
-0.00358115 0.737812 -0.171724
-0.0366509 0.734568 -0.156884
-0.0460994 0.733641 -0.156884
-0.0508236 0.733177 -0.156884
-0.0602721 0.73225 -0.156884
-0.0115487 0.867636 -0.0777406
-0.0697206 0.731323 -0.156884
-0.0744449 0.73086 -0.156884
0.00586734 0.738739 -0.151938
-0.00243113 0.823321 -0.0975265
0.00114309 0.738276 -0.151938
-0.0130296 0.736885 -0.151938
-0.0177539 0.736422 -0.151938
-0.0224781 0.735958 -0.151938
-0.0319266 0.735031 -0.151938
-0.0366509 0.734568 -0.151938
-0.0413751 0.734104 -0.151938
-0.0460994 0.733641 -0.151938
-0.0508236 0.733177 -0.151938
-0.0602721 0.73225 -0.151938
-0.00145484 0.81337 -0.0975265
-0.0649964 0.731787 -0.151938
-0.0697206 0.731323 -0.151938
-0.0744449 0.73086 -0.151938
-0.0083054 0.737349 -0.146991
-0.0177539 0.736422 -0.146991
-0.0224781 0.735958 -0.146991
0.00342661 0.763616 -0.166777
-0.0272024 0.735495 -0.146991
0.00049774 0.793469 -0.211296
-0.0319266 0.735031 -0.146991
-0.0366509 0.734568 -0.146991
-0.0460994 0.733641 -0.146991
-0.0508236 0.733177 -0.146991
-0.0304457 0.865782 -0.0282758
-0.0649964 0.731787 -0.146991
-0.0697206 0.731323 -0.146991
-0.0744449 0.73086 -0.146991
-0.0162729 0.867173 -0.17667
0.00586734 0.738739 -0.142045
-0.00438372 0.843223 -0.0826871
0.00114309 0.738276 -0.142045
-0.0224781 0.735958 -0.142045
-0.0272024 0.735495 -0.142045
0.00049774 0.793469 -0.216242
-0.0319266 0.735031 -0.142045
-0.0366509 0.734568 -0.142045
-0.0460994 0.733641 -0.142045
-0.0508236 0.733177 -0.142045
0.00196218 0.778543 -0.0431153
-0.0555479 0.732714 -0.142045
-0.0115487 0.867636 -0.0678476
-0.0697206 0.731323 -0.142045
-0.00243113 0.823321 -0.142045
-0.00438372 0.843223 -0.09258
0.00114309 0.738276 -0.137098
-0.0682397 0.862074 -0.0282758
-0.00358115 0.737812 -0.137098
-0.0083054 0.737349 -0.137098
-0.0177539 0.736422 -0.137098
-0.0224781 0.735958 -0.137098
0.00147403 0.783518 -0.0579547
-0.0319266 0.735031 -0.137098
-0.0366509 0.734568 -0.137098
-0.0413751 0.734104 -0.137098
-0.0602721 0.73225 -0.137098
-0.0744449 0.73086 -0.137098
0.00586734 0.738739 -0.132152
-0.00438372 0.843223 -0.0876336
0.00114309 0.738276 -0.132152
-0.0682397 0.862074 -0.0332223
-0.00358115 0.737812 -0.132152
-0.0224781 0.735958 -0.132152
0.0053792 0.743715 -0.17667
0.00049774 0.793469 -0.0332223
-0.0319266 0.735031 -0.132152
0.00147403 0.783518 -0.206349
-0.0366509 0.734568 -0.132152
-0.0413751 0.734104 -0.132152
-0.0460994 0.733641 -0.132152
-0.0508236 0.733177 -0.132152
-0.00291928 0.828297 -0.0480617
0.00196218 0.778543 -0.0381688
-0.0555479 0.732714 -0.132152
-0.0115487 0.867636 -0.0530082
-0.0697206 0.731323 -0.132152
-0.0744449 0.73086 -0.132152
-0.00243113 0.823321 -0.17667
0.00114309 0.738276 -0.127205
-0.00358115 0.737812 -0.127205
-0.0083054 0.737349 -0.127205
-0.0130296 0.736885 -0.127205
-0.0224781 0.735958 -0.127205
-0.0398942 0.864855 -0.0777406
-0.0272024 0.735495 -0.127205
-0.0319266 0.735031 -0.127205
-0.0366509 0.734568 -0.127205
-0.0413751 0.734104 -0.127205
-0.0460994 0.733641 -0.127205
-0.0508236 0.733177 -0.127205
-0.00291928 0.828297 -0.0530082
0.00196218 0.778543 -0.0332223
-0.0555479 0.732714 -0.127205
-0.0697206 0.731323 -0.127205
-0.000478551 0.80342 -0.0431153
-0.0744449 0.73086 -0.127205
-0.0162729 0.867173 -0.206349
0.00586734 0.738739 -0.122259
-0.00243113 0.823321 -0.161831
0.00114309 0.738276 -0.122259
-0.0083054 0.737349 -0.122259
-0.0224781 0.735958 -0.122259
0.00147403 0.783518 -0.0530082
-0.0319266 0.735031 -0.122259
0.00147403 0.783518 -0.221188
-0.0366509 0.734568 -0.122259
-0.0413751 0.734104 -0.122259
-0.0460994 0.733641 -0.122259
-0.0508236 0.733177 -0.122259
-0.000478551 0.80342 -0.0381688
-0.0744449 0.73086 -0.122259
0.00586734 0.738739 -0.117312
-0.00243113 0.823321 -0.156884
-0.00438372 0.843223 -0.107419
0.00114309 0.738276 -0.117312
-0.0083054 0.737349 -0.117312
-0.0224781 0.735958 -0.117312
-0.0319266 0.735031 -0.117312
0.00293847 0.768592 -0.0975265
-0.0366509 0.734568 -0.117312
-0.0413751 0.734104 -0.117312
-0.0460994 0.733641 -0.117312
-0.0508236 0.733177 -0.117312
-0.0697206 0.731323 -0.117312
-0.0744449 0.73086 -0.117312
-0.0824124 0.860684 -0.127205
0.00586734 0.738739 -0.112366
-0.00438372 0.843223 -0.127205
0.00114309 0.738276 -0.112366
-0.00358115 0.737812 -0.112366
-0.0729639 0.861611 -0.0282758
-0.0083054 0.737349 -0.112366
-0.0177539 0.736422 -0.112366
-0.0224781 0.735958 -0.112366
0.00147403 0.783518 -0.0431153
-0.0319266 0.735031 -0.112366
0.00293847 0.768592 -0.102473
-0.0366509 0.734568 -0.112366
-0.0460994 0.733641 -0.112366
-0.0508236 0.733177 -0.112366
-0.00291928 0.828297 -0.0282758
-0.0555479 0.732714 -0.112366
-0.0744449 0.73086 -0.112366
0.00586734 0.738739 -0.107419
-0.00438372 0.843223 -0.112366
0.00114309 0.738276 -0.107419
-0.0729639 0.861611 -0.0480617
-0.0083054 0.737349 -0.107419
-0.0224781 0.735958 -0.107419
0.00147403 0.783518 -0.0381688
-0.0319266 0.735031 -0.107419
-0.0366509 0.734568 -0.107419
-0.0413751 0.734104 -0.107419
-0.0460994 0.733641 -0.107419
-0.0508236 0.733177 -0.107419
-0.0602721 0.73225 -0.107419
-0.0697206 0.731323 -0.107419
-0.0744449 0.73086 -0.107419
-0.0130296 0.736885 -0.102473
-0.0177539 0.736422 -0.102473
-0.0224781 0.735958 -0.102473
-0.0398942 0.864855 -0.0530082
0.00391476 0.758641 -0.117312
-0.0272024 0.735495 -0.102473
0.00293847 0.768592 -0.142045
-0.0366509 0.734568 -0.102473
-0.0413751 0.734104 -0.102473
-0.0460994 0.733641 -0.102473
-0.0508236 0.733177 -0.102473
0.00196218 0.778543 -0.0579547
-0.00389557 0.838247 -0.0332223
-0.0555479 0.732714 -0.102473
-0.0744449 0.73086 -0.102473
-0.0824124 0.860684 -0.09258
0.00586734 0.738739 -0.0975265
-0.0398942 0.864855 -0.226135
-0.00194299 0.818346 -0.216242
-0.00536001 0.853174 -0.0480617
0.00114309 0.738276 -0.0975265
-0.00358115 0.737812 -0.0975265
-0.0083054 0.737349 -0.0975265
-0.0130296 0.736885 -0.0975265
-0.00145484 0.81337 -0.17667
-0.0177539 0.736422 -0.0975265
-0.0224781 0.735958 -0.0975265
0.00391476 0.758641 -0.112366
-0.0272024 0.735495 -0.0975265
-0.0319266 0.735031 -0.0975265
0.00293847 0.768592 -0.122259
-0.0366509 0.734568 -0.0975265
-0.0413751 0.734104 -0.0975265
-0.0460994 0.733641 -0.0975265
-0.0508236 0.733177 -0.0975265
0.00196218 0.778543 -0.146991
-0.0555479 0.732714 -0.0975265
-0.0602721 0.73225 -0.0975265
-0.0744449 0.73086 -0.0975265
-0.0824124 0.860684 -0.0975265
0.00586734 0.738739 -0.09258
-0.0177539 0.736422 -0.09258
-0.0224781 0.735958 -0.09258
0.00147403 0.783518 -0.0826871
-0.0319266 0.735031 -0.09258
0.00293847 0.768592 -0.0727941
-0.0366509 0.734568 -0.09258
-0.0508236 0.733177 -0.09258
0.00196218 0.778543 -0.186563
-0.0555479 0.732714 -0.09258
-0.0602721 0.73225 -0.09258
-0.0697206 0.731323 -0.09258
-0.0744449 0.73086 -0.09258
0.00586734 0.738739 -0.0876336
0.00114309 0.738276 -0.0876336
-0.0398942 0.864855 -0.0876336
-0.0272024 0.735495 -0.226135
-0.00358115 0.737812 -0.0876336
-0.0177539 0.736422 -0.0876336
-0.0224781 0.735958 -0.0876336
-0.0319266 0.735031 -0.0876336
0.00293847 0.768592 -0.0777406
-0.0366509 0.734568 -0.0876336
-0.0913728 0.854781 -0.0431153
-0.00536001 0.853174 -0.201403
-0.00194299 0.818346 -0.0629012
-0.0801454 0.740347 -0.0381688
-0.000966697 0.808395 -0.0431153
-0.0825861 0.765224 -0.0381688
-0.0729639 0.861611 -0.0381688
-0.0646654 0.777029 -0.0233293
-0.0860032 0.800052 -0.0381688
-0.0776882 0.861147 -0.122259
-0.0879558 0.819954 -0.0381688
-0.0884439 0.824929 -0.0381688
-0.0366509 0.734568 -0.19151
-0.0918609 0.859757 -0.0381688
-0.0177539 0.736422 -0.107419
-0.0796573 0.735372 -0.0332223
-0.0747593 0.831295 -0.231081
0.00489105 0.74869 -0.137098
-0.0816099 0.755273 -0.0332223
-0.0115487 0.867636 -0.146991
-0.0485401 0.758518 -0.231081
-0.0874676 0.814978 -0.0332223
-0.0884439 0.824929 -0.0332223
-0.0690588 0.821808 -0.231081
-0.0894202 0.83488 -0.0332223
-0.0623819 0.802369 -0.231081
-0.00682445 0.8681 -0.127205
-0.0908846 0.849806 -0.0332223
-0.0555479 0.732714 -0.0629012
-0.0366509 0.734568 -0.211296
-0.0918609 0.859757 -0.0332223
-0.0247451 0.856295 -0.0233293
-0.0682397 0.862074 -0.132152
-0.0791691 0.730396 -0.0282758
-0.0801454 0.740347 -0.221188
-0.0508236 0.733177 -0.0332223
-0.0796573 0.735372 -0.0282758
-0.0806336 0.745322 -0.0282758
0.00147403 0.783518 -0.142045
-0.0337055 0.850393 -0.231081
-0.0387607 0.804687 -0.0233293
-0.0607603 0.737226 -0.0233293
-0.0879558 0.819954 -0.0282758
-0.088932 0.829904 -0.0282758
-0.0903965 0.844831 -0.0282758
-0.0918609 0.859757 -0.0282758
0.00489105 0.74869 -0.231081
-0.0138322 0.842296 -0.0233293
0.00440291 0.753666 -0.231081
-0.0446184 0.864392 -0.181617
-0.0570123 0.74764 -0.0233293
-0.0680825 0.811857 -0.0233293
-0.0635154 0.862538 -0.231081
-0.085515 0.795076 -0.102473
-0.0682397 0.862074 -0.122259
-0.0791691 0.730396 -0.156884
0.00147403 0.783518 -0.0480617
0.000985886 0.788493 -0.231081
-0.0918609 0.859757 -0.117312
-0.0830743 0.770199 -0.0381688
-0.000966697 0.808395 -0.231081
0.00196218 0.778543 -0.19151
-0.00291928 0.828297 -0.231081
-0.0063363 0.863124 -0.231081
-0.0177539 0.736422 -0.156884
-0.0913728 0.854781 -0.09258
-0.00682445 0.8681 -0.231081
-0.0860032 0.800052 -0.181617
-0.0115487 0.867636 -0.0579547
-0.0884439 0.824929 -0.0282758
0.00391476 0.758641 -0.231081
-0.0566814 0.792882 -0.231081
0.000654949 0.743251 -0.231081
0.00114309 0.738276 -0.0431153
-0.00373836 0.78803 -0.231081
-0.0413751 0.734104 -0.156884
-0.00471465 0.797981 -0.231081
-0.0460994 0.733641 -0.09258
-0.00928169 0.7473 -0.231081
-0.0845387 0.785126 -0.151938
-0.00666724 0.817882 -0.231081
-0.0162729 0.867173 -0.216242
0.00586734 0.738739 -0.127205
-0.00861982 0.837784 -0.231081
-0.0413751 0.734104 -0.0826871
0.000985886 0.788493 -0.102473
0.0053792 0.743715 -0.0629012
-0.0100843 0.85271 -0.231081
-0.0801454 0.740347 -0.102473
-0.0110605 0.862661 -0.231081
-0.0587912 0.863001 -0.0727941
-0.0115487 0.867636 -0.231081
-0.00194299 0.818346 -0.127205
-0.0801454 0.740347 -0.161831
-0.0211709 0.77125 -0.231081
-0.0830743 0.770199 -0.0431153
-0.0115487 0.867636 -0.0381688
-0.0697206 0.731323 -0.112366
-0.0441303 0.859416 -0.231081
-0.0338792 0.754933 -0.0233293
-0.00651003 0.767665 -0.231081
-0.0811217 0.750298 -0.0282758
-0.0209972 0.866709 -0.0332223
-0.00487186 0.848198 -0.0826871
-0.0636891 0.767078 -0.231081
-0.00699817 0.77264 -0.231081
-0.00438372 0.843223 -0.0431153
-0.00487186 0.848198 -0.231081
-0.00797446 0.782591 -0.231081
-0.0257214 0.866246 -0.211296
-0.00895076 0.792542 -0.231081
-0.0104152 0.807468 -0.231081
-0.0109033 0.812443 -0.231081
-0.0791691 0.730396 -0.0579547
-0.0869795 0.810003 -0.122259
-0.0130296 0.736885 -0.0530082
-0.0123678 0.82737 -0.231081
-0.0850269 0.790101 -0.0876336
-0.0879558 0.819954 -0.186563
-0.0697206 0.731323 -0.0727941
-0.0157848 0.862197 -0.231081
-0.0824124 0.860684 -0.186563
0.00586734 0.738739 -0.146991
-0.0162729 0.867173 -0.231081
-0.000321342 0.753202 -0.0233293
-0.0083054 0.737349 -0.231081
-0.0806336 0.745322 -0.0332223
-0.00879355 0.742324 -0.231081
-0.0903965 0.844831 -0.102473
-0.0107461 0.762226 -0.231081
-0.00358115 0.737812 -0.107419
-0.082098 0.760249 -0.0480617
-0.0460994 0.733641 -0.211296
-0.0117224 0.772177 -0.231081
-0.0131869 0.787103 -0.231081
-0.0460994 0.733641 -0.221188
-0.0803026 0.790565 -0.231081
-0.0729639 0.861611 -0.102473
-0.00748632 0.777615 -0.231081
-0.0236116 0.796127 -0.0233293
-0.0156276 0.81198 -0.231081
-0.0830743 0.770199 -0.186563
-0.0166039 0.821931 -0.231081
-0.017092 0.826906 -0.231081
-0.0209972 0.866709 -0.231081
-0.0209972 0.866709 -0.0876336
-0.0791691 0.730396 -0.09258
-0.082098 0.760249 -0.132152
-0.0444612 0.814174 -0.0233293
-0.0879558 0.819954 -0.137098
-0.0140059 0.746836 -0.231081
-0.0500046 0.773444 -0.231081
-0.0729639 0.861611 -0.201403
-0.017423 0.781664 -0.231081
-0.0446184 0.864392 -0.19151
-0.0646654 0.777029 -0.231081
-0.00145484 0.81337 -0.186563
-0.0801454 0.740347 -0.0332223
-0.0796573 0.735372 -0.221188
-0.0198637 0.806541 -0.231081
0.00489105 0.74869 -0.196456
9.59445e-06 0.798444 -0.0233293
-0.0203518 0.811516 -0.231081
-0.0653108 0.832222 -0.231081
-0.0776882 0.861147 -0.151938
-0.0218163 0.826443 -0.231081
-0.0913728 0.854781 -0.0579547
-0.0682397 0.862074 -0.0381688
0.00342661 0.763616 -0.0381688
-0.0232807 0.841369 -0.231081
-0.0237689 0.846344 -0.231081
-0.0446184 0.864392 -0.161831
-0.0180683 0.836857 -0.231081
-0.0247451 0.856295 -0.231081
-0.0257214 0.866246 -0.231081
0.00049774 0.793469 -0.151938
-0.018242 0.741397 -0.231081
-0.0175802 0.831881 -0.231081
-0.0187302 0.746373 -0.231081
-0.0063363 0.863124 -0.166777
-0.0268715 0.780737 -0.0233293
-0.0201946 0.761299 -0.231081
-0.0063363 0.863124 -0.216242
-0.0221472 0.7812 -0.231081
-0.0413751 0.734104 -0.142045
-0.0250761 0.811053 -0.231081
-0.0850269 0.790101 -0.117312
0.00147403 0.783518 -0.107419
-0.0319266 0.735031 -0.0678476
-0.0255642 0.816028 -0.231081
-0.0493427 0.863928 -0.142045
-0.0270287 0.830954 -0.231081
-0.00145484 0.81337 -0.107419
-0.0796573 0.735372 -0.0826871
0.00342661 0.763616 -0.0579547
-0.028005 0.840905 -0.231081
-0.0284931 0.845881 -0.231081
-0.00422651 0.793005 -0.231081
-0.00910797 0.842759 -0.231081
-0.0508236 0.733177 -0.171724
-0.0726495 0.761176 -0.231081
-0.0697206 0.731323 -0.216242
-0.0884439 0.824929 -0.0777406
-0.0234544 0.745909 -0.231081
0.000985886 0.788493 -0.137098
-0.082098 0.760249 -0.201403
-0.0635154 0.862538 -0.107419
-0.0402251 0.819613 -0.0233293
-0.0689015 0.77159 -0.0233293
-0.025407 0.765811 -0.231081
-0.0879558 0.819954 -0.216242
-0.0298003 0.810589 -0.231081
0.00114309 0.738276 -0.161831
-0.0299575 0.860807 -0.231081
-0.0850269 0.790101 -0.0480617
-0.0240998 0.801102 -0.231081
-0.00584815 0.858149 -0.0431153
-0.0638464 0.817296 -0.231081
-0.0224781 0.735958 -0.0777406
-0.0281787 0.745446 -0.231081
-0.029155 0.755396 -0.231081
-0.0332174 0.845417 -0.0233293
-0.0330601 0.7952 -0.231081
-0.0345246 0.810126 -0.231081
-0.0157848 0.862197 -0.0233293
-0.0508236 0.733177 -0.0480617
-0.0806336 0.745322 -0.181617
-0.0776882 0.861147 -0.127205
-0.0355009 0.820077 -0.231081
-0.00291928 0.828297 -0.181617
-0.0811217 0.750298 -0.196456
-0.0351699 0.865319 -0.0480617
-0.00584815 0.858149 -0.0579547
-0.0369653 0.835003 -0.231081
-0.000809488 0.758177 -0.231081
-0.0798145 0.785589 -0.0233293
-0.0374535 0.839978 -0.231081
0.00245032 0.773567 -0.161831
-0.0555479 0.732714 -0.206349
-0.0389179 0.854904 -0.231081
-0.0635154 0.862538 -0.0826871
-0.0324148 0.740007 -0.231081
-0.0596103 0.822734 -0.231081
-0.0750902 0.786053 -0.0233293
-0.047721 0.798784 -0.0233293
0.0053792 0.743715 -0.102473
0.000985886 0.788493 -0.0579547
-0.02084 0.816492 -0.0233293
-0.0333911 0.749958 -0.231081
0.00245032 0.773567 -0.226135
-0.0265405 0.825979 -0.231081
-0.00536001 0.853174 -0.0332223
-0.00194299 0.818346 -0.231081
0.000985886 0.788493 -0.151938
-0.082098 0.760249 -0.19151
-0.0366509 0.734568 -0.0332223
-0.000478551 0.80342 -0.231081
-0.0830743 0.770199 -0.127205
-0.00227393 0.773104 -0.231081
-0.0377844 0.794736 -0.231081
-0.0402251 0.819613 -0.231081
-0.0239426 0.750884 -0.0233293
-0.0864913 0.805027 -0.0431153
0.00391476 0.758641 -0.166777
-0.0412014 0.829564 -0.231081
-0.0421777 0.839515 -0.231081
-0.0731376 0.766151 -0.0233293
-0.0366509 0.734568 -0.196456
-0.0918609 0.859757 -0.0431153
-0.037139 0.739543 -0.231081
-0.0602721 0.73225 -0.0530082
-0.0390916 0.759445 -0.231081
-0.048052 0.753542 -0.0233293
-0.00145484 0.81337 -0.19151
-0.0801454 0.740347 -0.0282758
-0.0796573 0.735372 -0.216242
-0.0395798 0.76442 -0.231081
-0.0372962 0.789761 -0.0233293
-0.0146513 0.802029 -0.231081
-0.0874676 0.814978 -0.211296
-0.0400679 0.769396 -0.231081
-0.0918609 0.859757 -0.196456
-0.0405561 0.774371 -0.231081
-0.0845387 0.785126 -0.127205
-0.0426658 0.84449 -0.231081
-0.0850269 0.790101 -0.17667
-0.0425086 0.794273 -0.231081
-0.0304457 0.865782 -0.151938
-0.0811217 0.750298 -0.0480617
-0.0845387 0.785126 -0.17667
-0.0508236 0.733177 -0.161831
-0.0429968 0.799248 -0.231081
-0.0776882 0.861147 -0.0332223
-0.0434849 0.804223 -0.231081
0.00196218 0.778543 -0.127205
-0.0469019 0.839051 -0.231081
-0.0473901 0.844027 -0.231081
-0.00602188 0.762689 -0.231081
-0.0379416 0.844954 -0.231081
-0.0903965 0.844831 -0.112366
0.00245032 0.773567 -0.156884
-0.0483664 0.853977 -0.231081
-0.0446184 0.864392 -0.201403
-0.0169348 0.776689 -0.231081
-0.0460994 0.733641 -0.0233293
0.00440291 0.753666 -0.102473
-0.0423514 0.744055 -0.231081
-0.0806336 0.745322 -0.107419
-0.0428396 0.74903 -0.231081
-0.037139 0.739543 -0.0233293
-0.0438159 0.758981 -0.231081
-0.044304 0.763957 -0.231081
-0.00682445 0.8681 -0.0826871
-0.0447922 0.768932 -0.231081
-0.0824124 0.860684 -0.0777406
0.00586734 0.738739 -0.0629012
-0.00536001 0.853174 -0.151938
-0.0825861 0.765224 -0.171724
-0.0482092 0.80376 -0.231081
-0.0864913 0.805027 -0.156884
-0.0501618 0.823662 -0.231081
-0.058303 0.858026 -0.0233293
-0.0697206 0.731323 -0.171724
-0.0223044 0.831418 -0.231081
-0.0526025 0.848539 -0.231081
-0.0874676 0.814978 -0.137098
-0.000966697 0.808395 -0.0381688
-0.0830743 0.770199 -0.231081
-0.0825861 0.765224 -0.0431153
-0.048052 0.753542 -0.231081
-0.000966697 0.808395 -0.181617
-0.0190446 0.846808 -0.0233293
-0.0304457 0.865782 -0.171724
-0.0811217 0.750298 -0.0777406
-0.0871367 0.86022 -0.166777
-0.0845387 0.785126 -0.206349
-0.0509808 0.783395 -0.231081
0.00049774 0.793469 -0.0975265
0.00489105 0.74869 -0.0579547
-0.0816099 0.755273 -0.0480617
-0.0500046 0.773444 -0.0233293
-0.0524453 0.798321 -0.231081
-0.0602721 0.73225 -0.216242
-0.0539097 0.813247 -0.231081
-0.0540669 0.863465 -0.0480617
-0.0543979 0.818223 -0.231081
-0.0553742 0.828173 -0.231081
-0.0563504 0.838124 -0.231081
0.00586734 0.738739 -0.221188
-0.0573267 0.848075 -0.231081
-0.0123678 0.82737 -0.0233293
-0.058303 0.858026 -0.231081
-0.0517999 0.743128 -0.231081
-0.0283359 0.795663 -0.231081
-0.0913728 0.854781 -0.0282758
-0.000478551 0.80342 -0.137098
-0.0744449 0.73086 -0.221188
-0.0656417 0.78698 -0.0233293
-0.000966697 0.808395 -0.221188
-0.0830743 0.770199 -0.102473
-0.00389557 0.838247 -0.0431153
-0.0555479 0.732714 -0.122259
0.00196218 0.778543 -0.0233293
-0.0304457 0.865782 -0.226135
-0.0177539 0.736422 -0.181617
-0.0913728 0.854781 -0.216242
-0.0557051 0.782931 -0.231081
-0.0874676 0.814978 -0.196456
-0.0493427 0.863928 -0.17667
-0.0729639 0.861611 -0.137098
-0.000478551 0.80342 -0.117312
-0.058634 0.812784 -0.231081
0.000985886 0.788493 -0.206349
0.00147403 0.783518 -0.0233293
-0.0600984 0.82771 -0.231081
-0.0615628 0.842636 -0.231081
-0.0386035 0.754469 -0.231081
-0.0162729 0.867173 -0.211296
-0.0317529 0.830491 -0.231081
-0.0835624 0.775175 -0.151938
0.00245032 0.773567 -0.137098
-0.0555479 0.732714 -0.231081
-0.00243113 0.823321 -0.151938
0.00114309 0.738276 -0.102473
-0.056036 0.737689 -0.231081
-0.0540669 0.863465 -0.171724
-0.0630273 0.857562 -0.231081
-0.0570123 0.74764 -0.231081
-0.0130296 0.736885 -0.201403
-0.0884439 0.824929 -0.151938
-0.0575005 0.752615 -0.231081
-0.0115487 0.867636 -0.102473
-0.0117224 0.772177 -0.0233293
-0.0604293 0.782468 -0.231081
0.00586734 0.738739 -0.0826871
-0.0609175 0.787443 -0.231081
-0.00976984 0.752275 -0.0233293
-0.00536001 0.853174 -0.142045
-0.0825861 0.765224 -0.206349
-0.00145484 0.81337 -0.102473
-0.0649964 0.731787 -0.171724
-0.0830743 0.770199 -0.0233293
-0.010258 0.75725 -0.0233293
-0.0351699 0.865319 -0.0975265
-0.0894202 0.83488 -0.221188
-0.0618938 0.797394 -0.231081
-0.0825861 0.765224 -0.0233293
-0.085515 0.795076 -0.0332223
-0.00389557 0.838247 -0.19151
-0.00243113 0.823321 -0.231081
-0.0635154 0.862538 -0.226135
-0.0568386 0.8431 -0.231081
-0.00536001 0.853174 -0.122259
-0.0825861 0.765224 -0.142045
-0.0162729 0.867173 -0.186563
-0.0824124 0.860684 -0.142045
-0.0662871 0.842173 -0.231081
-0.0602721 0.73225 -0.231081
-0.0368081 0.784785 -0.231081
-0.0763975 0.750761 -0.0233293
-0.0744449 0.73086 -0.0876336
-0.0257214 0.866246 -0.196456
-0.0540669 0.863465 -0.231081
-0.0612484 0.742201 -0.231081
-0.0899083 0.839855 -0.0678476
-0.0617366 0.747176 -0.231081
-0.032572 0.790224 -0.0233293
-0.0627129 0.757127 -0.231081
-0.00536001 0.853174 -0.181617
-0.00194299 0.818346 -0.0678476
-0.0801454 0.740347 -0.0579547
-0.063201 0.762103 -0.231081
-0.0651536 0.782004 -0.231081
-0.0845387 0.785126 -0.122259
-0.0353437 0.769859 -0.0233293
-0.0908846 0.849806 -0.142045
-0.0656417 0.78698 -0.231081
-0.03632 0.77981 -0.231081
-0.0115487 0.867636 -0.0233293
-0.0040693 0.742788 -0.231081
-0.0413751 0.734104 -0.231081
-0.0825861 0.765224 -0.0777406
-0.0587912 0.863001 -0.0579547
-0.066618 0.79693 -0.231081
-0.0162729 0.867173 -0.19151
0.00586734 0.738739 -0.102473
-0.0680825 0.811857 -0.231081
0.00391476 0.758641 -0.0530082
-0.00358115 0.737812 -0.09258
-0.0346818 0.860343 -0.0233293
-0.00243113 0.823321 -0.186563
-0.00487186 0.848198 -0.0629012
-0.0152967 0.857222 -0.231081
-0.00358115 0.737812 -0.166777
-0.020509 0.861734 -0.231081
-0.0705232 0.836734 -0.231081
-0.0602721 0.73225 -0.166777
-0.0864913 0.805027 -0.0332223
-0.0130296 0.736885 -0.0876336
-0.0874676 0.814978 -0.0233293
-0.085515 0.795076 -0.0381688
-0.0719876 0.85166 -0.231081
-0.0605865 0.832685 -0.231081
-0.0724758 0.856635 -0.231081
-0.028824 0.800638 -0.231081
-0.0364772 0.830027 -0.231081
-0.0281787 0.745446 -0.0233293
-0.0729639 0.861611 -0.231081
-0.0493427 0.863928 -0.171724
-0.0664608 0.746713 -0.231081
-0.0304457 0.865782 -0.132152
-0.0811217 0.750298 -0.0629012
-0.00487186 0.848198 -0.0975265
-0.0376272 0.744519 -0.231081
-0.0776882 0.861147 -0.0727941
-0.0467447 0.788834 -0.0233293
-0.0413751 0.734104 -0.0629012
-0.066949 0.751688 -0.231081
-0.00340743 0.833272 -0.231081
-0.0599412 0.777492 -0.231081
-0.0824124 0.860684 -0.206349
-0.0162729 0.867173 -0.166777
-0.0454375 0.824125 -0.231081
-0.0162729 0.867173 -0.0233293
-0.0908846 0.849806 -0.196456
-0.0351699 0.865319 -0.132152
-0.00584815 0.858149 -0.142045
-0.0258952 0.770786 -0.231081
-0.0693897 0.776565 -0.231081
-0.0816099 0.755273 -0.0579547
-0.0713423 0.796467 -0.231081
0.00147403 0.783518 -0.226135
-0.0918609 0.859757 -0.17667
-0.0718304 0.801442 -0.231081
9.59445e-06 0.798444 -0.231081
-0.0682397 0.862074 -0.137098
-0.0791691 0.730396 -0.0332223
-0.0801454 0.740347 -0.216242
-0.0508236 0.733177 -0.0381688
-0.039406 0.85988 -0.0233293
-0.0723186 0.806418 -0.231081
-0.0884439 0.824929 -0.0530082
-0.0112343 0.767201 -0.231081
-0.0728067 0.811393 -0.231081
-0.0903965 0.844831 -0.186563
-0.0508236 0.733177 -0.231081
-0.0543979 0.818223 -0.0233293
0.00489105 0.74869 -0.166777
-0.0395798 0.76442 -0.0233293
-0.0742711 0.826319 -0.231081
-0.0511381 0.833612 -0.231081
-0.0684134 0.766615 -0.231081
-0.0752474 0.83627 -0.231081
-0.0729639 0.861611 -0.142045
-0.0757356 0.841246 -0.231081
-0.0115487 0.867636 -0.211296
-0.0587912 0.863001 -0.112366
-0.0762237 0.846221 -0.231081
0.00245032 0.773567 -0.0282758
-0.0284931 0.845881 -0.0233293
-0.0869795 0.810003 -0.146991
-0.00145484 0.81337 -0.211296
-0.00536001 0.853174 -0.231081
-0.0918609 0.859757 -0.0530082
-0.0679253 0.761639 -0.231081
-0.0864913 0.805027 -0.112366
-0.0706969 0.741274 -0.231081
-0.000966697 0.808395 -0.161831
-0.0532644 0.758054 -0.0233293
-0.0110605 0.862661 -0.0233293
-0.0806336 0.745322 -0.17667
-0.0130296 0.736885 -0.107419
-0.0874676 0.814978 -0.0381688
-0.0721614 0.7562 -0.231081
-0.0446184 0.864392 -0.0678476
-0.0083054 0.737349 -0.0876336
-0.0744449 0.73086 -0.0777406
-0.0602721 0.73225 -0.0777406
-0.0475638 0.748567 -0.231081
-0.0565242 0.742665 -0.231081
-0.0801454 0.740347 -0.166777
-0.0711851 0.746249 -0.231081
0.00245032 0.773567 -0.0678476
-0.0806336 0.745322 -0.0777406
-0.0731376 0.766151 -0.231081
-0.0804598 0.840782 -0.231081
-0.0224781 0.735958 -0.17667
-0.0741139 0.776102 -0.231081
-0.0845387 0.785126 -0.102473
-0.0587912 0.863001 -0.181617
-0.0579886 0.757591 -0.231081
-0.0746021 0.781077 -0.231081
-0.0063363 0.863124 -0.132152
-0.0845387 0.785126 -0.0332223
-0.0750902 0.786053 -0.231081
-0.0884439 0.824929 -0.102473
-0.0869795 0.810003 -0.0233293
-0.0682397 0.862074 -0.17667
0.00293847 0.768592 -0.161831
-0.0801454 0.740347 -0.206349
-0.0760665 0.796003 -0.231081
-0.0830743 0.770199 -0.171724
-0.0780191 0.815905 -0.231081
-0.0674371 0.756664 -0.231081
-0.0824124 0.860684 -0.0876336
0.00586734 0.738739 -0.0530082
-0.0785073 0.82088 -0.231081
-0.0879558 0.819954 -0.171724
-0.080948 0.845757 -0.231081
-0.0814361 0.850733 -0.231081
-0.0094389 0.797517 -0.231081
-0.0908846 0.849806 -0.17667
0.00342661 0.763616 -0.137098
-0.0754212 0.740811 -0.231081
-0.0806336 0.745322 -0.102473
0.00245032 0.773567 -0.0876336
-0.0759093 0.745786 -0.231081
-0.0682397 0.862074 -0.0530082
0.00342661 0.763616 -0.0233293
-0.00536001 0.853174 -0.0381688
0.00114309 0.738276 -0.09258
-0.0768856 0.755737 -0.231081
-0.00487186 0.848198 -0.196456
-0.00243113 0.823321 -0.0777406
0.00114309 0.738276 -0.231081
-0.0571695 0.797857 -0.231081
-0.0231235 0.791151 -0.231081
-0.07835 0.770663 -0.231081
-0.0793263 0.780614 -0.231081
-0.0689015 0.77159 -0.231081
-0.0798145 0.785589 -0.231081
-0.000809488 0.758177 -0.0233293
-0.0879558 0.819954 -0.107419
-0.0812789 0.800515 -0.231081
-0.0817671 0.805491 -0.231081
-0.0837196 0.825392 -0.231081
-0.0840506 0.78015 -0.201403
0.00049774 0.793469 -0.0480617
-0.0816099 0.755273 -0.0975265
-0.0540669 0.863465 -0.142045
-0.0846959 0.835343 -0.231081
-0.0871367 0.86022 -0.0480617
-0.0866485 0.855245 -0.231081
-0.00682445 0.8681 -0.196456
-0.0908846 0.849806 -0.0480617
-0.0589649 0.767542 -0.231081
-0.0224781 0.735958 -0.0480617
-0.0198637 0.806541 -0.0233293
0.00586734 0.738739 -0.0480617
-0.0311076 0.775298 -0.231081
-0.00145484 0.81337 -0.112366
-0.0649964 0.731787 -0.19151
-0.0796573 0.735372 -0.0876336
-0.0224781 0.735958 -0.231081
-0.0584768 0.762566 -0.231081
-0.0252333 0.86127 -0.231081
-0.00145484 0.81337 -0.0282758
-0.0449494 0.81915 -0.0233293
-0.0382725 0.799712 -0.231081
-0.0454375 0.824125 -0.0233293
-0.0679253 0.761639 -0.0233293
0.00196218 0.778543 -0.161831
-0.0464138 0.834076 -0.0233293
-0.0398942 0.864855 -0.206349
-0.0840506 0.78015 -0.156884
-0.000966697 0.808395 -0.0332223
-0.0825861 0.765224 -0.0480617
-0.00438372 0.843223 -0.137098
0.00114309 0.738276 -0.171724
-0.0469019 0.839051 -0.0233293
0.00440291 0.753666 -0.181617
-0.0423514 0.744055 -0.0233293
9.59445e-06 0.798444 -0.161831
0.00440291 0.753666 -0.0381688
-0.0903965 0.844831 -0.166777
-0.0452803 0.773907 -0.0233293
-0.000966697 0.808395 -0.0530082
-0.0654845 0.736762 -0.231081
-0.0825861 0.765224 -0.0282758
-0.0830743 0.770199 -0.221188
-0.0835624 0.775175 -0.0282758
-0.0351699 0.865319 -0.166777
-0.0894202 0.83488 -0.102473
-0.0493427 0.863928 -0.102473
-0.0661299 0.791955 -0.0233293
-0.0835624 0.775175 -0.0332223
-0.0351699 0.865319 -0.137098
-0.0894202 0.83488 -0.0975265
-0.00145484 0.81337 -0.181617
-0.0177539 0.736422 -0.0777406
-0.00764353 0.827833 -0.0233293
-0.0913728 0.854781 -0.0233293
-0.00438372 0.843223 -0.142045
-0.00243113 0.823321 -0.09258
0.00114309 0.738276 -0.186563
-0.0472329 0.793809 -0.231081
-0.0845387 0.785126 -0.146991
-0.0770428 0.805954 -0.231081
-0.0587912 0.863001 -0.206349
-0.0879558 0.819954 -0.156884
-0.0744449 0.73086 -0.142045
-0.0501618 0.823662 -0.0233293
-0.0319266 0.735031 -0.231081
-0.00682445 0.8681 -0.132152
-0.0908846 0.849806 -0.0282758
-0.0824124 0.860684 -0.161831
0.00586734 0.738739 -0.0282758
-0.0555479 0.732714 -0.0579547
-0.0224781 0.735958 -0.0678476
-0.0511381 0.833612 -0.0233293
-0.00959611 0.847735 -0.231081
-0.0244307 0.75586 -0.0233293
-0.00682445 0.8681 -0.0579547
-0.0908846 0.849806 -0.186563
-0.00487186 0.848198 -0.156884
-0.0465875 0.738616 -0.0233293
-0.00340743 0.833272 -0.0431153
-0.0874676 0.814978 -0.181617
-0.0446184 0.864392 -0.231081
-0.0475638 0.748567 -0.0233293
-0.0319266 0.735031 -0.221188
0.00489105 0.74869 -0.0233293
-0.0830743 0.770199 -0.0876336
-0.0482092 0.80376 -0.0233293
-0.0426658 0.84449 -0.0233293
-0.0063363 0.863124 -0.0678476
-0.0335483 0.800175 -0.231081
-0.000478551 0.80342 -0.0530082
-0.00748632 0.777615 -0.0233293
-0.0130296 0.736885 -0.117312
-0.0874676 0.814978 -0.0777406
-0.0413751 0.734104 -0.146991
-0.0657989 0.837197 -0.231081
-0.0524453 0.798321 -0.0233293
-0.0587912 0.863001 -0.156884
-0.0861604 0.850269 -0.231081
-0.00617909 0.812907 -0.231081
-0.0418633 0.73908 -0.0233293
-0.0772 0.856172 -0.0233293
-0.0304457 0.865782 -0.19151
-0.0177539 0.736422 -0.216242
-0.0913728 0.854781 -0.226135
-0.0521143 0.843563 -0.231081
-0.0776882 0.861147 -0.17667
-0.059453 0.772517 -0.231081
-0.0112343 0.767201 -0.0233293
-0.0063363 0.863124 -0.146991
-0.0845387 0.785126 -0.0233293
-0.0553742 0.828173 -0.0233293
-0.085515 0.795076 -0.0282758
-0.000966697 0.808395 -0.0579547
-0.0825861 0.765224 -0.0727941
-0.00487186 0.848198 -0.127205
-0.0381153 0.749494 -0.0233293
-0.051469 0.78837 -0.0233293
-0.0918609 0.859757 -0.156884
-0.0490283 0.763493 -0.231081
-0.0231235 0.791151 -0.0233293
-0.054886 0.823198 -0.0233293
-0.0899083 0.839855 -0.0233293
-0.0255642 0.816028 -0.0233293
-0.0830743 0.770199 -0.146991
-0.0508236 0.733177 -0.0233293
-0.0623819 0.802369 -0.0233293
-0.0635154 0.862538 -0.112366
-0.0416896 0.834539 -0.231081
-0.0509808 0.783395 -0.0233293
-0.0871367 0.86022 -0.211296
-0.0063363 0.863124 -0.0233293
0.00489105 0.74869 -0.117312
-0.0816099 0.755273 -0.107419
-0.0587912 0.863001 -0.161831
-0.0702088 0.736299 -0.231081
-0.00438372 0.843223 -0.102473
-0.0519571 0.793346 -0.231081
-0.0381153 0.749494 -0.231081
-0.0413751 0.734104 -0.0876336
-0.0614056 0.792419 -0.0233293
0.00342661 0.763616 -0.186563
-0.0272024 0.735495 -0.151938
-0.0537525 0.76303 -0.0233293
-0.0504927 0.778419 -0.0233293
-0.0819243 0.855708 -0.231081
-0.0662871 0.842173 -0.0233293
-0.0460994 0.733641 -0.0332223
-0.0547288 0.77298 -0.0233293
-0.0591221 0.817759 -0.231081
-0.0685706 0.816832 -0.231081
-0.0327292 0.840442 -0.0233293
-0.0576577 0.802833 -0.0233293
-0.0320839 0.785249 -0.0233293
-0.0244307 0.75586 -0.231081
-0.0100843 0.85271 -0.0233293
-0.0589649 0.767542 -0.0233293
-0.0874676 0.814978 -0.231081
-0.0421777 0.839515 -0.0233293
-0.0697206 0.731323 -0.122259
-0.035989 0.825052 -0.231081
-0.0633582 0.81232 -0.231081
-0.0575005 0.752615 -0.0233293
0.00049774 0.793469 -0.112366
0.00489105 0.74869 -0.0727941
-0.0816099 0.755273 -0.0629012
-0.080948 0.845757 -0.0233293
-0.00389557 0.838247 -0.0579547
-0.0133441 0.83732 -0.0233293
-0.0324148 0.740007 -0.0233293
-0.0625391 0.852587 -0.0233293
0.00245032 0.773567 -0.0332223
-0.0659727 0.741738 -0.0233293
-0.0398942 0.864855 -0.171724
-0.0840506 0.78015 -0.19151
-0.0604293 0.782468 -0.0233293
-0.0135178 0.741861 -0.231081
-0.0618938 0.797394 -0.0233293
-0.0130296 0.736885 -0.216242
-0.0884439 0.824929 -0.161831
-0.00438372 0.843223 -0.211296
-0.0188874 0.79659 -0.231081
-0.0162729 0.867173 -0.0431153
-0.02084 0.816492 -0.231081
-0.0452803 0.773907 -0.231081
0.00245032 0.773567 -0.0975265
-0.0555479 0.732714 -0.151938
-0.0154704 0.761762 -0.0233293
-0.0850269 0.790101 -0.231081
-0.0799717 0.835807 -0.0233293
-0.0697206 0.731323 -0.137098
-0.0884439 0.824929 -0.0233293
-0.00340743 0.833272 -0.0629012
-0.00992705 0.802492 -0.231081
-0.0816099 0.755273 -0.0282758
-0.0343674 0.759908 -0.231081
0.0053792 0.743715 -0.231081
-0.024257 0.85132 -0.231081
-0.00358115 0.737812 -0.122259
-0.082098 0.760249 -0.112366
-0.0657989 0.837197 -0.0233293
-0.0804598 0.840782 -0.0233293
-0.00340743 0.833272 -0.161831
-0.0094389 0.797517 -0.0233293
-0.0903965 0.844831 -0.132152
-0.0493427 0.863928 -0.0233293
-0.0462566 0.783858 -0.0233293
-0.0151394 0.807004 -0.231081
-0.0850269 0.790101 -0.0975265
0.00049774 0.793469 -0.0876336
-0.0816099 0.755273 -0.0381688
-0.0122106 0.777152 -0.0233293
-0.0602721 0.73225 -0.196456
-0.0767119 0.851196 -0.231081
-0.0856722 0.845294 -0.231081
-0.062051 0.847611 -0.0233293
-0.0908846 0.849806 -0.206349
-0.085515 0.795076 -0.146991
-0.0744449 0.73086 -0.19151
-0.000478551 0.80342 -0.0233293
-0.0413751 0.734104 -0.206349
-0.0850269 0.790101 -0.196456
-0.0581458 0.807808 -0.231081
-0.0587912 0.863001 -0.09258
-0.0529334 0.803296 -0.231081
-0.0806336 0.745322 -0.171724
0.00489105 0.74869 -0.17667
-0.0903965 0.844831 -0.0233293
-0.0723186 0.806418 -0.0233293
-0.00358115 0.737812 -0.226135
-0.0759093 0.745786 -0.0233293
-0.00291928 0.828297 -0.221188
-0.0811217 0.750298 -0.186563
-0.0485401 0.758518 -0.0233293
-0.0573267 0.848075 -0.0233293
-0.0845387 0.785126 -0.107419
-0.0587912 0.863001 -0.117312
-0.00276207 0.778079 -0.231081
-0.0143204 0.847271 -0.231081
-0.0638464 0.817296 -0.0233293
-0.00291928 0.828297 -0.19151
-0.0811217 0.750298 -0.19151
-0.00325022 0.783054 -0.0233293
0.00342661 0.763616 -0.0431153
-0.0348555 0.764884 -0.0233293
-0.0304457 0.865782 -0.137098
-0.0811217 0.750298 -0.0579547
-0.085515 0.795076 -0.0431153
-0.0794835 0.830831 -0.231081
-0.0776882 0.861147 -0.137098
-0.0879558 0.819954 -0.0233293
-0.000478551 0.80342 -0.201403
-0.0807908 0.79554 -0.231081
-0.0506499 0.828637 -0.231081
-0.0478782 0.849002 -0.0233293
-0.0664608 0.746713 -0.0233293
-0.0561932 0.787907 -0.0233293
-0.00340743 0.833272 -0.0480617
-0.0874676 0.814978 -0.17667
-0.0724758 0.856635 -0.0233293
-0.074933 0.735835 -0.0233293
-0.0490283 0.763493 -0.0233293
-0.00358115 0.737812 -0.142045
-0.082098 0.760249 -0.0332223
-0.0506499 0.828637 -0.0233293
-0.0200209 0.856758 -0.231081
-0.0825861 0.765224 -0.0826871
-0.0682397 0.862074 -0.0233293
-0.082098 0.760249 -0.0381688
-0.0860032 0.800052 -0.226135
-0.00291928 0.828297 -0.0431153
-0.0555479 0.732714 -0.137098
-0.0788382 0.775638 -0.0233293
-0.0667752 0.847148 -0.0233293
-0.00358115 0.737812 -0.146991
-0.082098 0.760249 -0.0876336
-0.0128559 0.832345 -0.231081
0.00293847 0.768592 -0.0629012
-0.0392488 0.809662 -0.231081
-0.0407133 0.824589 -0.231081
-0.0162729 0.867173 -0.0975265
-0.0824124 0.860684 -0.231081
-0.0789954 0.825856 -0.0233293
-0.0633582 0.81232 -0.0233293
-0.0874676 0.814978 -0.132152
-0.0144941 0.751812 -0.0233293
-0.0304457 0.865782 -0.112366
-0.0811217 0.750298 -0.137098
-0.0384297 0.849929 -0.231081
-0.0486973 0.808735 -0.0233293
-0.0366509 0.734568 -0.231081
-0.0257214 0.866246 -0.137098
-0.0832315 0.820417 -0.0233293
-0.0192183 0.751348 -0.231081
-0.0412014 0.829564 -0.0233293
-0.0806336 0.745322 -0.0629012
0.00245032 0.773567 -0.0233293
-0.0869795 0.810003 -0.171724
-0.0508236 0.733177 -0.0629012
-0.0488545 0.858953 -0.0233293
-0.0811217 0.750298 -0.0332223
-0.0413751 0.734104 -0.0233293
-0.0772 0.856172 -0.231081
-0.0729639 0.861611 -0.132152
-0.0581458 0.807808 -0.0233293
-0.0470757 0.743592 -0.231081
-0.0768856 0.755737 -0.0233293
-0.0175802 0.831881 -0.0233293
0.00049774 0.793469 -0.221188
0.00489105 0.74869 -0.112366
-0.0816099 0.755273 -0.0777406
-0.0615628 0.842636 -0.0233293
0.00245032 0.773567 -0.0629012
-0.0806336 0.745322 -0.0727941
-0.0566814 0.792882 -0.0233293
-0.0535788 0.858489 -0.231081
-0.00389557 0.838247 -0.0629012
-0.0641773 0.772053 -0.0233293
-0.082098 0.760249 -0.0629012
-0.000478551 0.80342 -0.196456
-0.0812789 0.800515 -0.0233293
-0.0063363 0.863124 -0.19151
-0.0410442 0.779346 -0.231081
-0.0811217 0.750298 -0.0826871
-0.0416896 0.834539 -0.0233293
-0.0835624 0.775175 -0.0381688
-0.0816099 0.755273 -0.231081
-0.0351699 0.865319 -0.156884
-0.0899083 0.839855 -0.206349
-0.000478551 0.80342 -0.171724
-0.0493427 0.863928 -0.231081
-0.00194299 0.818346 -0.151938
-0.0801454 0.740347 -0.142045
-0.0491855 0.813711 -0.231081
-0.0465875 0.738616 -0.231081
-0.0851841 0.840319 -0.0233293
-0.0107461 0.762226 -0.0233293
-0.0845387 0.785126 -0.226135
-0.070035 0.831758 -0.0233293
-0.00536001 0.853174 -0.0826871
-0.0641773 0.772053 -0.231081
-0.0835624 0.775175 -0.107419
-0.00584815 0.858149 -0.211296
-0.0899083 0.839855 -0.216242
-0.0398942 0.864855 -0.0579547
0.00391476 0.758641 -0.137098
-0.0272024 0.735495 -0.112366
-0.0791691 0.730396 -0.226135
-0.0115487 0.867636 -0.0876336
-0.0869795 0.810003 -0.231081
-0.0508236 0.733177 -0.137098
-0.0726495 0.761176 -0.0233293
-0.00487186 0.848198 -0.0876336
-0.0472329 0.793809 -0.0233293
-0.0746021 0.781077 -0.0233293
0.00245032 0.773567 -0.17667
-0.0765547 0.800979 -0.0233293
-0.0083054 0.737349 -0.17667
-0.0332174 0.845417 -0.231081
-0.0161157 0.816955 -0.231081
-0.0693897 0.776565 -0.0233293
-0.0913728 0.854781 -0.186563
-0.073783 0.821344 -0.231081
-0.0776882 0.861147 -0.0876336
-0.0864913 0.805027 -0.201403
-0.056036 0.737689 -0.0233293
-0.0555479 0.732714 -0.19151
-0.0806336 0.745322 -0.186563
0.00342661 0.763616 -0.196456
-0.00358115 0.737812 -0.0431153
0.000985886 0.788493 -0.17667
-0.082098 0.760249 -0.216242
-0.00846261 0.787566 -0.231081
-0.0835624 0.775175 -0.0233293
-0.0635154 0.862538 -0.0233293
-0.0835624 0.775175 -0.0876336
-0.0711851 0.746249 -0.0233293
-0.00291928 0.828297 -0.226135
-0.0811217 0.750298 -0.17667
-0.059453 0.772517 -0.0233293
-0.0796573 0.735372 -0.206349
-0.0884439 0.824929 -0.0826871
-0.0835624 0.775175 -0.0727941
-0.0265405 0.825979 -0.0233293
0.00391476 0.758641 -0.0579547
-0.00358115 0.737812 -0.0777406
-0.0351699 0.865319 -0.161831
-0.00584815 0.858149 -0.206349
-0.0622247 0.752152 -0.231081
-0.0894202 0.83488 -0.0233293
-0.0304457 0.865782 -0.0530082
-0.0177539 0.736422 -0.0530082
-0.0811217 0.750298 -0.0678476
-0.0845387 0.785126 -0.211296
-0.0162729 0.867173 -0.0530082
-0.00682445 0.8681 -0.0431153
-0.0908846 0.849806 -0.117312
-0.0675943 0.806881 -0.0233293
-0.00487186 0.848198 -0.0282758
-0.0209972 0.866709 -0.0233293
-0.00389557 0.838247 -0.231081
0.00196218 0.778543 -0.0876336
-0.0763975 0.750761 -0.231081
0.0053792 0.743715 -0.146991
-0.0415323 0.784322 -0.231081
-0.044304 0.763957 -0.0233293
-0.0130296 0.736885 -0.0233293
-0.0869795 0.810003 -0.0678476
-0.0446184 0.864392 -0.0975265
-0.0513118 0.738153 -0.0233293
-0.0576577 0.802833 -0.231081
-0.088932 0.829904 -0.211296
-0.0366509 0.734568 -0.0727941
-0.0459257 0.8291 -0.231081
-0.0653108 0.832222 -0.0233293
-0.00682445 0.8681 -0.216242
-0.0568386 0.8431 -0.0233293
-0.0908846 0.849806 -0.0381688
-0.0224781 0.735958 -0.0332223
-0.0884439 0.824929 -0.226135
-0.00536001 0.853174 -0.206349
-0.0825861 0.765224 -0.226135
0.000654949 0.743251 -0.0233293
-0.0630273 0.857562 -0.0233293
-0.0410442 0.779346 -0.0233293
-0.0213281 0.821467 -0.231081
-0.0366509 0.734568 -0.166777
-0.0278477 0.790688 -0.231081
-0.0903965 0.844831 -0.0579547
-0.0257214 0.866246 -0.0431153
-0.0605865 0.832685 -0.0233293
-0.024257 0.85132 -0.0233293
-0.0835624 0.775175 -0.0777406
-0.0899083 0.839855 -0.0282758
-0.088932 0.829904 -0.216242
-0.082098 0.760249 -0.0233293
-0.0860032 0.800052 -0.156884
-0.0115487 0.867636 -0.107419
-0.0697206 0.731323 -0.186563
-0.0695469 0.826783 -0.0233293
-0.0083054 0.737349 -0.151938
-0.0386035 0.754469 -0.0233293
-0.0908846 0.849806 -0.166777
-0.000966697 0.808395 -0.0233293
-0.0866485 0.855245 -0.0233293
-0.0776882 0.861147 -0.231081
-0.0229663 0.740934 -0.231081
-0.0794835 0.830831 -0.0233293
-0.088932 0.829904 -0.146991
-0.085515 0.795076 -0.181617
-0.0535788 0.858489 -0.0233293
-0.0534216 0.808272 -0.0233293
-0.0811217 0.750298 -0.0381688
-0.0714995 0.846685 -0.0233293
-0.0871367 0.86022 -0.171724
-0.0845387 0.785126 -0.156884
-0.0845387 0.785126 -0.231081
-0.0698778 0.781541 -0.231081
-0.062051 0.847611 -0.231081
-0.0799717 0.835807 -0.231081
-0.0899083 0.839855 -0.0876336
-0.0845387 0.785126 -0.0629012
-0.0405561 0.774371 -0.0233293
-0.0534216 0.808272 -0.231081
-0.00389557 0.838247 -0.156884
-0.0384297 0.849929 -0.0233293
-0.0602721 0.73225 -0.161831
-0.0864913 0.805027 -0.0282758
-0.00682445 0.8681 -0.122259
-0.0908846 0.849806 -0.0233293
-0.00291928 0.828297 -0.0777406
-0.0555479 0.732714 -0.0530082
-0.0224781 0.735958 -0.0727941
-0.0257214 0.866246 -0.0233293
-0.0446184 0.864392 -0.0282758
-0.0083054 0.737349 -0.142045
-0.0744449 0.73086 -0.0233293
-0.0869795 0.810003 -0.0381688
-0.0161157 0.816955 -0.0233293
0.00293847 0.768592 -0.216242
-0.0346818 0.860343 -0.231081
-0.0491855 0.813711 -0.0233293
-0.0682397 0.862074 -0.231081
-0.0343674 0.759908 -0.0233293
0.00391476 0.758641 -0.186563
-0.0675943 0.806881 -0.231081
-0.0776882 0.861147 -0.206349
-0.0785073 0.82088 -0.0233293
-0.0850269 0.790101 -0.132152
-0.0816099 0.755273 -0.0233293
-0.0130296 0.736885 -0.0826871
-0.0063363 0.863124 -0.137098
-0.0845387 0.785126 -0.0282758
-0.0138322 0.842296 -0.231081
-0.0806336 0.745322 -0.0233293
-0.0162729 0.867173 -0.0727941
-0.0908846 0.849806 -0.146991
-0.0449494 0.81915 -0.231081
-0.0317529 0.830491 -0.0233293
-0.082098 0.760249 -0.0826871
-0.0767119 0.851196 -0.0233293
-0.0508236 0.733177 -0.0777406
-0.0224781 0.735958 -0.221188
-0.0710113 0.841709 -0.0233293
-0.0368081 0.784785 -0.0233293
-0.0596103 0.822734 -0.0233293
-0.0557051 0.782931 -0.0233293
-0.0721614 0.7562 -0.0233293
-0.013675 0.792078 -0.0233293
-0.0643345 0.822271 -0.231081
-0.0903965 0.844831 -0.0381688
-0.0460994 0.733641 -0.17667
-0.0755784 0.791028 -0.231081
-0.0257214 0.866246 -0.216242
-0.0599412 0.777492 -0.0233293
0.00196218 0.778543 -0.231081
-0.0671062 0.801906 -0.0233293
-0.0587912 0.863001 -0.226135
-0.0628701 0.807345 -0.0233293
-0.0894202 0.83488 -0.216242
-0.00145484 0.81337 -0.0629012
-0.0796573 0.735372 -0.0381688
-0.0398942 0.864855 -0.156884
0.00391476 0.758641 -0.0381688
-0.0227926 0.836393 -0.231081
-0.0840506 0.78015 -0.196456
-0.0824124 0.860684 -0.0282758
-0.013675 0.792078 -0.231081
-0.0643345 0.822271 -0.0233293
-0.0651536 0.782004 -0.0233293
-0.0824124 0.860684 -0.107419
0.00586734 0.738739 -0.17667
-0.0447922 0.768932 -0.0233293
-0.0850269 0.790101 -0.0233293
-0.0752474 0.83627 -0.0233293
-0.0684134 0.766615 -0.0233293
-0.0439731 0.809199 -0.0233293
-0.0504927 0.778419 -0.231081
-0.0884439 0.824929 -0.127205
-0.0842078 0.830368 -0.0233293
-0.0871367 0.86022 -0.112366
-0.0353437 0.769859 -0.231081
-0.0860032 0.800052 -0.161831
-0.0714995 0.846685 -0.231081
-0.0558623 0.833149 -0.0233293
-0.0216591 0.776225 -0.231081
-0.0871367 0.86022 -0.0233293
-0.0224781 0.735958 -0.0233293
0.00586734 0.738739 -0.0233293
-0.0602721 0.73225 -0.181617
-0.0864913 0.805027 -0.0233293
-0.0152967 0.857222 -0.0233293
-0.0428396 0.74903 -0.0233293
0.00049774 0.793469 -0.102473
0.00489105 0.74869 -0.0876336
-0.0816099 0.755273 -0.0530082
-0.00243113 0.823321 -0.0727941
0.00114309 0.738276 -0.226135
-0.0289812 0.850856 -0.231081
-0.0762237 0.846221 -0.0233293
-0.0682397 0.862074 -0.117312
-0.0209972 0.866709 -0.0975265
-0.0348555 0.764884 -0.231081
-0.0791691 0.730396 -0.102473
-0.085515 0.795076 -0.132152
-0.082098 0.760249 -0.146991
-0.0141632 0.797054 -0.0233293
-0.0648227 0.827246 -0.231081
-0.0446184 0.864392 -0.127205
-0.00651003 0.767665 -0.0233293
-0.0811217 0.750298 -0.0233293
-0.0602721 0.73225 -0.0233293
-0.0130296 0.736885 -0.137098
-0.0874676 0.814978 -0.09258
-0.0807908 0.79554 -0.0233293
-0.035989 0.825052 -0.0233293
-0.0398942 0.864855 -0.0975265
-0.0840506 0.78015 -0.0629012
-0.0460994 0.733641 -0.137098
-0.00422651 0.793005 -0.0233293
-0.0493427 0.863928 -0.206349
-0.0446184 0.864392 -0.0431153
-0.00797446 0.782591 -0.0233293
-0.0710113 0.841709 -0.231081
-0.0706969 0.741274 -0.0233293
-0.0702088 0.736299 -0.0233293
-0.0729639 0.861611 -0.211296
-0.0159585 0.766738 -0.0233293
-0.0744449 0.73086 -0.161831
-0.058634 0.812784 -0.0233293
-0.00584815 0.858149 -0.0826871
-0.0894202 0.83488 -0.146991
-0.0816099 0.755273 -0.19151
-0.0869795 0.810003 -0.19151
-0.0697206 0.731323 -0.0233293
-0.0591221 0.817759 -0.0233293
-0.0728067 0.811393 -0.0233293
-0.0682397 0.862074 -0.211296
-0.0209972 0.866709 -0.171724
0.00342661 0.763616 -0.107419
-0.0672634 0.852123 -0.0233293
0.00049774 0.793469 -0.231081
-0.0816099 0.755273 -0.0876336
-0.0444612 0.814174 -0.231081
-0.00438372 0.843223 -0.156884
-0.00243113 0.823321 -0.107419
-0.0470757 0.743592 -0.0233293
-0.0602721 0.73225 -0.102473
-0.0864913 0.805027 -0.0381688
-0.039406 0.85988 -0.231081
-0.0436421 0.854441 -0.0233293
-0.085515 0.795076 -0.231081
-0.0860032 0.800052 -0.0431153
-0.0587912 0.863001 -0.17667
-0.0105724 0.857685 -0.231081
-0.0705232 0.836734 -0.0233293
-0.0803026 0.790565 -0.0233293
-0.00438372 0.843223 -0.161831
0.00114309 0.738276 -0.146991
-0.0780191 0.815905 -0.0233293
0.00245032 0.773567 -0.19151
-0.0806336 0.745322 -0.231081
-0.00438372 0.843223 -0.0678476
-0.0159585 0.766738 -0.231081
-0.0860032 0.800052 -0.231081
-0.00358115 0.737812 -0.117312
-0.082098 0.760249 -0.0579547
-0.0493427 0.863928 -0.0678476
-0.0757356 0.841246 -0.0233293
-0.0372962 0.789761 -0.231081
-0.0529334 0.803296 -0.0233293
-0.00536001 0.853174 -0.107419
-0.0825861 0.765224 -0.166777
-0.00976984 0.752275 -0.231081
-0.00504559 0.752738 -0.231081
-0.00471465 0.797981 -0.0233293
-0.063201 0.762103 -0.0233293
-0.0612484 0.742201 -0.0233293
-0.00389557 0.838247 -0.166777
-0.077531 0.81093 -0.0233293
-0.0413751 0.734104 -0.09258
-0.0135178 0.741861 -0.0233293
-0.074933 0.735835 -0.231081
-0.088932 0.829904 -0.0332223
-0.0708541 0.791492 -0.0233293
0.00489105 0.74869 -0.161831
-0.0903965 0.844831 -0.0332223
-0.00682445 0.8681 -0.0777406
-0.0345246 0.810126 -0.0233293
-0.0351699 0.865319 -0.0678476
-0.0894202 0.83488 -0.117312
-0.0816099 0.755273 -0.211296
-0.0899083 0.839855 -0.0332223
-0.070366 0.786516 -0.0233293
-0.0296431 0.760372 -0.231081
-0.0811217 0.750298 -0.09258
-0.0913728 0.854781 -0.231081
-0.0516262 0.838588 -0.0233293
-0.0273596 0.785712 -0.231081
-0.0425086 0.794273 -0.0233293
-0.0162729 0.867173 -0.156884
0.00586734 0.738739 -0.211296
-0.0819243 0.855708 -0.0233293
-0.0736258 0.771126 -0.0233293
-0.0879558 0.819954 -0.201403
0.0053792 0.743715 -0.19151
-0.0517999 0.743128 -0.0233293
0.00049774 0.793469 -0.0233293
-0.0540669 0.863465 -0.0876336
-0.00340743 0.833272 -0.146991
-0.0716732 0.751225 -0.0233293
-0.0744449 0.73086 -0.231081
-0.0141632 0.797054 -0.231081
-0.0648227 0.827246 -0.0233293
0.00147403 0.783518 -0.156884
0.00293847 0.768592 -0.0233293
-0.0276905 0.74047 -0.231081
-0.00813167 0.832808 -0.0233293
-0.085515 0.795076 -0.161831
-0.0366509 0.734568 -0.226135
-0.0918609 0.859757 -0.0233293
-0.0674371 0.756664 -0.0233293
-0.0806336 0.745322 -0.112366
-0.0183993 0.791615 -0.0233293
-0.0177539 0.736422 -0.0233293
-0.0677515 0.857099 -0.231081
-0.0796573 0.735372 -0.09258
-0.0540669 0.863465 -0.0530082
-0.00340743 0.833272 -0.221188
-0.0719876 0.85166 -0.0233293
-0.0918609 0.859757 -0.137098
-0.0293122 0.805614 -0.0233293
-0.0903965 0.844831 -0.0777406
-0.0355009 0.820077 -0.0233293
-0.00553374 0.757714 -0.0233293
-0.0899083 0.839855 -0.0777406
-0.0312648 0.825516 -0.231081
-0.0845387 0.785126 -0.0975265
-0.0864913 0.805027 -0.146991
-0.066949 0.751688 -0.0233293
-0.0083054 0.737349 -0.132152
-0.0744449 0.73086 -0.0282758
-0.0729639 0.861611 -0.0233293
-0.082098 0.760249 -0.0530082
-0.000966697 0.808395 -0.0480617
-0.0825861 0.765224 -0.0332223
-0.0162729 0.867173 -0.0381688
-0.0908846 0.849806 -0.0727941
-0.0278477 0.790688 -0.0233293
0.00391476 0.758641 -0.0727941
-0.0791691 0.730396 -0.231081
-0.0840506 0.78015 -0.0233293
-0.00536001 0.853174 -0.226135
-0.00194299 0.818346 -0.0381688
-0.0801454 0.740347 -0.0629012
-0.0830743 0.770199 -0.196456
0.00293847 0.768592 -0.0826871
-0.0366509 0.734568 -0.0579547
-0.00959611 0.847735 -0.0233293
-0.0319266 0.735031 -0.0629012
-0.0441303 0.859416 -0.0233293
-0.0351699 0.865319 -0.142045
-0.00584815 0.858149 -0.137098
-0.0894202 0.83488 -0.09258
-0.0398942 0.864855 -0.0332223
-0.0272024 0.735495 -0.0876336
-0.0649964 0.731787 -0.0826871
-0.0791691 0.730396 -0.201403
-0.00227393 0.773104 -0.0233293
-0.0579886 0.757591 -0.0233293
-0.0407133 0.824589 -0.0233293
-0.070366 0.786516 -0.231081
-0.0221472 0.7812 -0.0233293
-0.0899083 0.839855 -0.09258
-0.0913728 0.854781 -0.112366
0.00293847 0.768592 -0.112366
-0.0366509 0.734568 -0.0826871
-0.0796573 0.735372 -0.201403
-0.0654845 0.736762 -0.0233293
-0.0791691 0.730396 -0.0629012
-0.0856722 0.845294 -0.0233293
-0.0899083 0.839855 -0.201403
-0.0816099 0.755273 -0.226135
-0.0635154 0.862538 -0.0777406
-0.0193755 0.801566 -0.231081
-0.0446184 0.864392 -0.0629012
-0.0276905 0.74047 -0.0233293
-0.0083054 0.737349 -0.0579547
-0.0879558 0.819954 -0.161831
-0.0063363 0.863124 -0.221188
-0.00764353 0.827833 -0.231081
0.00147403 0.783518 -0.151938
0.00293847 0.768592 -0.0332223
-0.0918609 0.859757 -0.201403
0.00196218 0.778543 -0.201403
-0.0483664 0.853977 -0.0233293
-0.00861982 0.837784 -0.0233293
-0.0697206 0.731323 -0.221188
-0.0869795 0.810003 -0.0530082
-0.0791691 0.730396 -0.0233293
-0.0801454 0.740347 -0.226135
-0.0260524 0.821004 -0.231081
-0.0329029 0.744982 -0.231081
-0.0690588 0.821808 -0.0233293
-0.0879558 0.819954 -0.221188
-0.00178578 0.768128 -0.231081
-0.0587912 0.863001 -0.231081
-0.0729639 0.861611 -0.0332223
-0.0793263 0.780614 -0.0233293
-0.0460994 0.733641 -0.0629012
-0.0527762 0.753079 -0.231081
-0.0398942 0.864855 -0.0233293
-0.0796573 0.735372 -0.0530082
-0.0187302 0.746373 -0.0233293
-0.0552169 0.777956 -0.0233293
-0.0460994 0.733641 -0.0579547
-0.0697206 0.731323 -0.0777406
-0.0540669 0.863465 -0.107419
-0.00340743 0.833272 -0.166777
-0.0239426 0.750884 -0.231081
-0.0400679 0.769396 -0.0233293
-0.0304457 0.865782 -0.186563
-0.0177539 0.736422 -0.186563
-0.0913728 0.854781 -0.196456
-0.0845387 0.785126 -0.19151
-0.0671062 0.801906 -0.231081
-0.0697206 0.731323 -0.231081
-0.0473901 0.844027 -0.0233293
-0.00992705 0.802492 -0.0233293
-0.0755784 0.791028 -0.0233293
-0.0796573 0.735372 -0.0233293
-0.0376272 0.744519 -0.0233293
-0.0319266 0.735031 -0.0727941
0.00342661 0.763616 -0.201403
-0.0272024 0.735495 -0.19151
-0.00358115 0.737812 -0.0233293
-0.0908846 0.849806 -0.102473
-0.0830743 0.770199 -0.0332223
-0.0366509 0.734568 -0.0233293
-0.0602721 0.73225 -0.117312
-0.0864913 0.805027 -0.0777406
-0.0240998 0.801102 -0.0233293
-0.0609175 0.787443 -0.0233293
-0.0413751 0.734104 -0.112366
-0.0340364 0.80515 -0.231081
-0.0835624 0.775175 -0.102473
-0.0272024 0.735495 -0.117312
-0.0840506 0.78015 -0.0975265
-0.0649964 0.731787 -0.0530082
-0.0791691 0.730396 -0.206349
-0.0894202 0.83488 -0.0282758
-0.0899083 0.839855 -0.221188
-0.0508236 0.733177 -0.201403
-0.0197065 0.756323 -0.0233293
0.000985886 0.788493 -0.181617
-0.0382725 0.799712 -0.0233293
-0.0610747 0.837661 -0.0233293
-0.0263833 0.775761 -0.231081
-0.0493427 0.863928 -0.0530082
-0.0379416 0.844954 -0.0233293
-0.0918609 0.859757 -0.0727941
-0.0635154 0.862538 -0.122259
-0.0333911 0.749958 -0.0233293
-0.00373836 0.78803 -0.0233293
-0.0522881 0.748103 -0.231081
-0.0162729 0.867173 -0.0777406
-0.0908846 0.849806 -0.09258
-0.0272024 0.735495 -0.201403
-0.00358115 0.737812 -0.0629012
0.00147403 0.783518 -0.146991
0.00293847 0.768592 -0.0282758
-0.0918609 0.859757 -0.231081
-0.0329029 0.744982 -0.0233293
-0.0366509 0.734568 -0.201403
-0.0918609 0.859757 -0.0480617
-0.00487186 0.848198 -0.0233293
-0.0796573 0.735372 -0.231081
-0.0374535 0.839978 -0.0233293
-0.0319266 0.735031 -0.0233293
-0.0413751 0.734104 -0.0431153
-0.0226354 0.786176 -0.0233293
-0.0765547 0.800979 -0.231081
-0.0301313 0.765347 -0.0233293
-0.0860032 0.800052 -0.201403
-0.0335483 0.800175 -0.0233293
-0.00358115 0.737812 -0.211296
-0.0330601 0.7952 -0.0233293
-0.0460994 0.733641 -0.0678476
-0.0420205 0.789297 -0.231081
-0.0052028 0.802956 -0.0233293
-0.00455744 0.747763 -0.231081
-0.0913728 0.854781 -0.107419
-0.0351699 0.865319 -0.0233293
-0.0460994 0.733641 -0.231081
-0.00340743 0.833272 -0.186563
-0.0296431 0.760372 -0.0233293
-0.0311076 0.775298 -0.0233293
-0.0861604 0.850269 -0.0233293
-0.0860032 0.800052 -0.0332223
-0.085515 0.795076 -0.216242
-0.088932 0.829904 -0.0975265
-0.085515 0.795076 -0.0233293
-0.029155 0.755396 -0.0233293
-0.0903965 0.844831 -0.146991
0.00147403 0.783518 -0.17667
-0.0918609 0.859757 -0.226135
-0.0286668 0.750421 -0.0233293
-0.0351699 0.865319 -0.0876336
-0.0894202 0.83488 -0.231081
-0.0555479 0.732714 -0.117312
-0.00389557 0.838247 -0.0233293
-0.039737 0.814638 -0.231081
-0.00291928 0.828297 -0.0678476
-0.0555479 0.732714 -0.0678476
-0.0850269 0.790101 -0.137098
-0.0850269 0.790101 -0.171724
-0.0131869 0.787103 -0.0233293
-0.0113915 0.817419 -0.231081
-0.0234544 0.745909 -0.0233293
-0.0874676 0.814978 -0.0282758
-0.0130296 0.736885 -0.0727941
-0.0398942 0.864855 -0.166777
-0.0840506 0.78015 -0.231081
-0.0341936 0.855368 -0.0233293
0.000985886 0.788493 -0.122259
0.0053792 0.743715 -0.0975265
-0.0337055 0.850393 -0.0233293
-0.0830743 0.770199 -0.09258
-0.00145484 0.81337 -0.231081
-0.0312648 0.825516 -0.0233293
-0.0351699 0.865319 -0.127205
-0.0894202 0.83488 -0.156884
-0.0302885 0.815565 -0.0233293
-0.00291928 0.828297 -0.0381688
-0.0555479 0.732714 -0.146991
-0.0289812 0.850856 -0.0233293
-0.0420205 0.789297 -0.0233293
-0.0298003 0.810589 -0.0233293
-0.028824 0.800638 -0.0233293
0.00293847 0.768592 -0.132152
-0.0283359 0.795663 -0.0233293
-0.010258 0.75725 -0.231081
-0.0273596 0.785712 -0.0233293
-0.0258952 0.770786 -0.0233293
-0.00813167 0.832808 -0.231081
-0.0835624 0.775175 -0.127205
-0.0884439 0.824929 -0.231081
-0.0864913 0.805027 -0.206349
0.0053792 0.743715 -0.122259
-0.0835624 0.775175 -0.231081
-0.0249189 0.760835 -0.0233293
0.00196218 0.778543 -0.206349
-0.0806336 0.745322 -0.127205
-0.00584815 0.858149 -0.117312
-0.0052028 0.802956 -0.231081
-0.0869795 0.810003 -0.117312
-0.0899083 0.839855 -0.137098
-0.0835624 0.775175 -0.211296
-0.00846261 0.787566 -0.0233293
-0.0377844 0.794736 -0.0233293
-0.0672634 0.852123 -0.231081
-0.0830743 0.770199 -0.216242
-0.0229663 0.740934 -0.0233293
-0.0209972 0.866709 -0.161831
-0.0791691 0.730396 -0.107419
-0.0340364 0.80515 -0.0233293
-0.00145484 0.81337 -0.196456
-0.0164467 0.771713 -0.231081
-0.0801454 0.740347 -0.0233293
-0.0299575 0.860807 -0.0233293
-0.0697206 0.731323 -0.166777
-0.0736258 0.771126 -0.231081
-0.0398942 0.864855 -0.181617
-0.0840506 0.78015 -0.132152
-0.00194299 0.818346 -0.146991
-0.0801454 0.740347 -0.171724
-0.0578149 0.85305 -0.0233293
-0.0830743 0.770199 -0.206349
-0.00243113 0.823321 -0.112366
-0.00602188 0.762689 -0.0233293
-0.0884439 0.824929 -0.107419
-0.00487186 0.848198 -0.211296
-0.00243113 0.823321 -0.0381688
-0.0294694 0.855831 -0.0233293
-0.0185565 0.841832 -0.231081
-0.028005 0.840905 -0.0233293
-0.0822552 0.810466 -0.231081
-0.0275168 0.83593 -0.0233293
-0.0270287 0.830954 -0.0233293
-0.0871367 0.86022 -0.122259
-0.0827434 0.815442 -0.231081
-0.0860032 0.800052 -0.102473
-0.0179111 0.786639 -0.231081
-0.0584768 0.762566 -0.0233293
-0.043154 0.849466 -0.0233293
-0.085515 0.795076 -0.0579547
0.00049774 0.793469 -0.0530082
-0.0816099 0.755273 -0.102473
-0.0513118 0.738153 -0.231081
-0.0063363 0.863124 -0.127205
-0.0625391 0.852587 -0.231081
-0.0845387 0.785126 -0.0381688
-0.0211709 0.77125 -0.0233293
0.00196218 0.778543 -0.117312
-0.0811217 0.750298 -0.221188
-0.0245879 0.806077 -0.231081
-0.0179111 0.786639 -0.0233293
-0.0260524 0.821004 -0.0233293
-0.0206828 0.766274 -0.0233293
0.00586734 0.738739 -0.231081
-0.0908846 0.849806 -0.0826871
0.00245032 0.773567 -0.117312
-0.0555479 0.732714 -0.156884
-0.0806336 0.745322 -0.221188
-0.00536001 0.853174 -0.216242
-0.00194299 0.818346 -0.0480617
-0.0801454 0.740347 -0.0727941
-0.00243113 0.823321 -0.0233293
-0.00438372 0.843223 -0.0233293
-0.0874676 0.814978 -0.156884
-0.0539097 0.813247 -0.0233293
-0.0850269 0.790101 -0.107419
0.00147403 0.783518 -0.09258
-0.0319266 0.735031 -0.0777406
-0.0899083 0.839855 -0.0530082
-0.0226354 0.786176 -0.231081
-0.0840506 0.78015 -0.127205
-0.0778619 0.765688 -0.231081
-0.0913728 0.854781 -0.221188
-0.0148085 0.852247 -0.231081
-0.03632 0.77981 -0.0233293
-0.0130296 0.736885 -0.226135
-0.0884439 0.824929 -0.17667
-0.0252333 0.86127 -0.0233293
-0.0237689 0.846344 -0.0233293
-0.0845387 0.785126 -0.0678476
-0.0697206 0.731323 -0.201403
-0.0869795 0.810003 -0.0332223
-0.0776882 0.861147 -0.142045
-0.0879558 0.819954 -0.0332223
-0.0223044 0.831418 -0.0233293
-0.0587912 0.863001 -0.201403
-0.0218163 0.826443 -0.0233293
-0.0203518 0.811516 -0.0233293
-0.0193755 0.801566 -0.0233293
-0.0697206 0.731323 -0.196456
-0.0884439 0.824929 -0.09258
-0.0869795 0.810003 -0.0282758
-0.0682397 0.862074 -0.161831
0.00293847 0.768592 -0.151938
-0.0791691 0.730396 -0.151938
-0.0776882 0.861147 -0.0233293
-0.0109033 0.812443 -0.0233293
-0.0816099 0.755273 -0.17667
-0.017423 0.781664 -0.0233293
-0.0169348 0.776689 -0.0233293
-0.0195328 0.851783 -0.231081
-0.0913728 0.854781 -0.142045
0.00293847 0.768592 -0.09258
-0.0366509 0.734568 -0.0530082
-0.0104152 0.807468 -0.0233293
-0.0869795 0.810003 -0.0876336
0.000985886 0.788493 -0.117312
-0.0835624 0.775175 -0.19151
-0.0130296 0.736885 -0.0431153
-0.0209972 0.866709 -0.0480617
-0.0164467 0.771713 -0.0233293
-0.00291928 0.828297 -0.161831
-0.00389557 0.838247 -0.09258
-0.0154704 0.761762 -0.231081
-0.0817671 0.805491 -0.0233293
-0.0899083 0.839855 -0.0727941
-0.0913728 0.854781 -0.137098
0.00293847 0.768592 -0.0530082
-0.0457685 0.778883 -0.231081
-0.0366509 0.734568 -0.0629012
-0.0814361 0.850733 -0.0233293
-0.0825861 0.765224 -0.132152
-0.0614056 0.792419 -0.231081
-0.0140059 0.746836 -0.0233293
-0.0304457 0.865782 -0.122259
-0.0200209 0.856758 -0.0233293
-0.0845387 0.785126 -0.112366
-0.0392488 0.809662 -0.0233293
0.00342661 0.763616 -0.0530082
-0.0791691 0.730396 -0.112366
0.000985886 0.788493 -0.171724
0.0053792 0.743715 -0.0480617
-0.082098 0.760249 -0.211296
-0.00584815 0.858149 -0.0629012
-0.0894202 0.83488 -0.166777
-0.0806336 0.745322 -0.0381688
-0.032572 0.790224 -0.231081
-0.00325022 0.783054 -0.231081
-0.00584815 0.858149 -0.231081
-0.0860032 0.800052 -0.122259
-0.0561932 0.787907 -0.231081
-0.00682445 0.8681 -0.19151
-0.0322411 0.835466 -0.231081
-0.0304457 0.865782 -0.231081
-0.0811217 0.750298 -0.161831
-0.0146513 0.802029 -0.0233293
-0.0835624 0.775175 -0.161831
-0.0206828 0.766274 -0.231081
-0.0113915 0.817419 -0.0233293
-0.0180683 0.836857 -0.0233293
-0.00291928 0.828297 -0.156884
-0.0555479 0.732714 -0.0233293
-0.0464138 0.834076 -0.231081
-0.0869795 0.810003 -0.186563
-0.00617909 0.812907 -0.0233293
-0.00895076 0.792542 -0.0233293
-0.0860032 0.800052 -0.132152
-0.0899083 0.839855 -0.186563
-0.0351699 0.865319 -0.231081
-0.0602721 0.73225 -0.19151
-0.0864913 0.805027 -0.0579547
-0.0478782 0.849002 -0.231081
-0.0729639 0.861611 -0.17667
-0.00699817 0.77264 -0.0233293
-0.0166039 0.821931 -0.0233293
-0.0149822 0.756787 -0.231081
-0.0530906 0.853514 -0.0233293
-0.0824124 0.860684 -0.0233293
-0.0224781 0.735958 -0.186563
-0.0151394 0.807004 -0.0233293
-0.0268715 0.780737 -0.231081
-0.0617366 0.747176 -0.0233293
-0.0322411 0.835466 -0.0233293
-0.00145484 0.81337 -0.142045
-0.0649964 0.731787 -0.137098
-0.0796573 0.735372 -0.17667
-0.0126987 0.782127 -0.0233293
-0.0083054 0.737349 -0.0233293
-0.0879558 0.819954 -0.0727941
-0.0148085 0.852247 -0.0233293
-0.0869795 0.810003 -0.0431153
-0.0306194 0.770323 -0.0233293
-0.0143204 0.847271 -0.0233293
-0.00682445 0.8681 -0.201403
-0.0908846 0.849806 -0.0431153
-0.0224781 0.735958 -0.0431153
-0.0130296 0.736885 -0.186563
-0.0884439 0.824929 -0.156884
-0.0128559 0.832345 -0.0233293
-0.0830743 0.770199 -0.156884
-0.0832315 0.820417 -0.231081
0.00245032 0.773567 -0.231081
-0.00879355 0.742324 -0.0233293
-0.0884439 0.824929 -0.0727941
-0.0884439 0.824929 -0.0678476
0.000166803 0.748227 -0.0233293
-0.0830743 0.770199 -0.0282758
-0.0118796 0.822394 -0.0233293
0.00342661 0.763616 -0.0332223
-0.0366509 0.734568 -0.0381688
0.00440291 0.753666 -0.201403
-0.0387607 0.804687 -0.231081
0.00147403 0.783518 -0.0727941
-0.082098 0.760249 -0.221188
-0.00455744 0.747763 -0.0233293
-0.0115487 0.867636 -0.0727941
-0.0697206 0.731323 -0.102473
-0.0732949 0.816369 -0.0233293
-0.0741139 0.776102 -0.0233293
-0.0796573 0.735372 -0.186563
-0.0306194 0.770323 -0.231081
-0.0824124 0.860684 -0.146991
0.00586734 0.738739 -0.137098
-0.00910797 0.842759 -0.0233293
-0.0197065 0.756323 -0.231081
-0.0555479 0.732714 -0.0876336
-0.00569095 0.807931 -0.0233293
-0.0851841 0.840319 -0.231081
-0.0871367 0.86022 -0.0975265
-0.00584815 0.858149 -0.181617
-0.0894202 0.83488 -0.0480617
-0.0835624 0.775175 -0.112366
-0.0304457 0.865782 -0.0727941
-0.0649964 0.731787 -0.102473
-0.0177539 0.736422 -0.0480617
-0.0398942 0.864855 -0.117312
0.00391476 0.758641 -0.102473
-0.0840506 0.78015 -0.0530082
-0.0649964 0.731787 -0.0233293
-0.0315957 0.780273 -0.0233293
-0.0825861 0.765224 -0.201403
-0.0216591 0.776225 -0.0233293
9.59445e-06 0.798444 -0.17667
0.00440291 0.753666 -0.0431153
-0.0903965 0.844831 -0.231081
-0.0201946 0.761299 -0.0233293
0.00147403 0.783518 -0.0975265
-0.0249189 0.760835 -0.231081
-0.0319266 0.735031 -0.0579547
-0.0729639 0.861611 -0.196456
-0.0118796 0.822394 -0.231081
-0.0788382 0.775638 -0.231081
0.00440291 0.753666 -0.186563
-0.0903965 0.844831 -0.0876336
-0.0732949 0.816369 -0.231081
-0.00178578 0.768128 -0.0233293
-0.0806336 0.745322 -0.156884
-0.0149822 0.756787 -0.0233293
-0.0319266 0.735031 -0.0282758
-0.00536001 0.853174 -0.0233293
0.00114309 0.738276 -0.0233293
-0.0716732 0.751225 -0.231081
-0.0587912 0.863001 -0.0233293
-0.0894202 0.83488 -0.206349
-0.0245879 0.806077 -0.0233293
-0.00584815 0.858149 -0.0233293
-0.0835624 0.775175 -0.117312
-0.0547288 0.77298 -0.231081
-0.0495164 0.768469 -0.0233293
-0.00928169 0.7473 -0.0233293
-0.0610747 0.837661 -0.231081
-0.0874676 0.814978 -0.201403
-0.00340743 0.833272 -0.0233293
0.00196218 0.778543 -0.0629012
-0.00389557 0.838247 -0.0282758
-0.0555479 0.732714 -0.107419
-0.00291928 0.828297 -0.0233293
-0.0796573 0.735372 -0.196456
-0.0433277 0.754006 -0.0233293
-0.00194299 0.818346 -0.0233293
-0.0434849 0.804223 -0.0233293
0.000985886 0.788493 -0.146991
-0.082098 0.760249 -0.186563
0.0053792 0.743715 -0.0233293
-0.00682445 0.8681 -0.0233293
-0.0908846 0.849806 -0.231081
-0.00358115 0.737812 -0.231081
-0.082098 0.760249 -0.0282758
-0.0697206 0.731323 -0.206349
-0.070035 0.831758 -0.231081
-0.0874676 0.814978 -0.221188
-0.088932 0.829904 -0.231081
-0.0697206 0.731323 -0.0629012
-0.0879558 0.819954 -0.231081
-0.0864913 0.805027 -0.231081
-0.0636891 0.767078 -0.0233293
-0.0162729 0.867173 -0.0332223
-0.0908846 0.849806 -0.0777406
-0.0272024 0.735495 -0.211296
-0.00358115 0.737812 -0.0530082
0.00342661 0.763616 -0.231081
-0.0874676 0.814978 -0.186563
-0.00145484 0.81337 -0.0233293
-0.0773738 0.760712 -0.231081
-0.0063363 0.863124 -0.112366
-0.0521143 0.843563 -0.0233293
-0.0825861 0.765224 -0.231081
-0.0083054 0.737349 -0.161831
-0.0488545 0.858953 -0.231081
-0.0899083 0.839855 -0.231081
-0.0894202 0.83488 -0.0431153
-0.0860032 0.800052 -0.09258
-0.0682397 0.862074 -0.0777406
-0.0486973 0.808735 -0.231081
-0.0811217 0.750298 -0.231081
-0.0801454 0.740347 -0.231081
-0.0791691 0.730396 -0.0431153
-0.0869795 0.810003 -0.0975265
-0.0903965 0.844831 -0.0431153
-0.085515 0.795076 -0.09258
-0.0899083 0.839855 -0.0431153
-0.088932 0.829904 -0.226135
-0.088932 0.829904 -0.0431153
-0.0884439 0.824929 -0.0431153
9.59445e-06 0.798444 -0.201403
-0.0903965 0.844831 -0.206349
-0.0776882 0.861147 -0.132152
-0.0879558 0.819954 -0.0431153
-0.0874676 0.814978 -0.0431153
-0.0850269 0.790101 -0.0431153
-0.0845387 0.785126 -0.0431153
-0.0894202 0.83488 -0.201403
-0.0272024 0.735495 -0.231081
-0.0840506 0.78015 -0.0431153
-0.00145484 0.81337 -0.221188
-0.00194299 0.818346 -0.0332223
-0.0801454 0.740347 -0.0678476
-0.0835624 0.775175 -0.0431153
-0.00584815 0.858149 -0.216242
-0.0899083 0.839855 -0.211296
-0.00358115 0.737812 -0.102473
-0.082098 0.760249 -0.0431153
-0.025407 0.765811 -0.0233293
-0.0816099 0.755273 -0.0431153
-0.0811217 0.750298 -0.0431153
-0.0144941 0.751812 -0.231081
-0.0526025 0.848539 -0.0233293
-0.0845387 0.785126 -0.171724
-0.0806336 0.745322 -0.0431153
-0.00194299 0.818346 -0.0530082
-0.0801454 0.740347 -0.0431153
-0.00145484 0.81337 -0.0530082
-0.0796573 0.735372 -0.0431153
-0.0398942 0.864855 -0.151938
0.00391476 0.758641 -0.0431153
-0.0496736 0.818686 -0.0233293
-0.0840506 0.78015 -0.211296
0.00489105 0.74869 -0.151938
-0.0903965 0.844831 -0.0480617
-0.085515 0.795076 -0.0876336
-0.0899083 0.839855 -0.0480617
-0.088932 0.829904 -0.0480617
-0.00129763 0.763153 -0.231081
-0.0884439 0.824929 -0.0480617
-0.0879558 0.819954 -0.0480617
-0.0130296 0.736885 -0.112366
-0.0874676 0.814978 -0.0480617
-0.0869795 0.810003 -0.0480617
-0.0682397 0.862074 -0.151938
-0.0801454 0.740347 -0.181617
-0.0602721 0.73225 -0.112366
-0.0439731 0.809199 -0.231081
-0.0864913 0.805027 -0.0480617
-0.0918609 0.859757 -0.112366
-0.0860032 0.800052 -0.0480617
-0.0697206 0.731323 -0.0381688
-0.0869795 0.810003 -0.206349
-0.085515 0.795076 -0.0480617
-0.0698778 0.781541 -0.0233293
-0.0845387 0.785126 -0.0480617
-0.0398942 0.864855 -0.122259
0.00391476 0.758641 -0.0975265
-0.0272024 0.735495 -0.0678476
-0.0840506 0.78015 -0.0480617
-0.0685706 0.816832 -0.0233293
-0.0835624 0.775175 -0.0480617
-0.0816099 0.755273 -0.221188
-0.00145484 0.81337 -0.161831
-0.0177539 0.736422 -0.0678476
-0.0830743 0.770199 -0.0480617
0.00245032 0.773567 -0.0381688
-0.0806336 0.745322 -0.0480617
-0.00536001 0.853174 -0.19151
-0.00194299 0.818346 -0.0727941
-0.0801454 0.740347 -0.0480617
-0.00145484 0.81337 -0.0727941
-0.0649964 0.731787 -0.226135
0.000166803 0.748227 -0.231081
-0.0796573 0.735372 -0.0480617
-0.0791691 0.730396 -0.0480617
-0.0869795 0.810003 -0.127205
-0.0835624 0.775175 -0.206349
-0.0177539 0.736422 -0.142045
-0.0913728 0.854781 -0.0530082
-0.00682445 0.8681 -0.142045
-0.0908846 0.849806 -0.0530082
-0.0713423 0.796467 -0.0233293
0.00586734 0.738739 -0.0431153
-0.0224781 0.735958 -0.0530082
-0.0903965 0.844831 -0.0530082
-0.0871367 0.86022 -0.0530082
-0.00584815 0.858149 -0.17667
-0.0894202 0.83488 -0.0530082
-0.0236116 0.796127 -0.231081
-0.088932 0.829904 -0.0530082
-0.0879558 0.819954 -0.0530082
-0.0130296 0.736885 -0.09258
-0.0874676 0.814978 -0.0530082
-0.0744449 0.73086 -0.0678476
-0.0602721 0.73225 -0.0678476
-0.0864913 0.805027 -0.0530082
-0.088932 0.829904 -0.0381688
-0.0860032 0.800052 -0.0530082
-0.085515 0.795076 -0.0530082
0.00489105 0.74869 -0.132152
-0.0816099 0.755273 -0.122259
-0.0845387 0.785126 -0.0530082
-0.0835624 0.775175 -0.0530082
-0.0825861 0.765224 -0.0530082
-0.0304457 0.865782 -0.146991
-0.0811217 0.750298 -0.0530082
-0.0871367 0.86022 -0.19151
-0.0845387 0.785126 -0.181617
-0.0806336 0.745322 -0.0530082
-0.00194299 0.818346 -0.0777406
-0.0825861 0.765224 -0.186563
-0.00536001 0.853174 -0.186563
-0.0801454 0.740347 -0.0530082
-0.0791691 0.730396 -0.0530082
-0.0869795 0.810003 -0.132152
-0.0860032 0.800052 -0.171724
-0.0899083 0.839855 -0.142045
-0.0341936 0.855368 -0.231081
-0.0835624 0.775175 -0.17667
-0.0607603 0.737226 -0.231081
-0.0130296 0.736885 -0.0579547
-0.0918609 0.859757 -0.0579547
-0.0908846 0.849806 -0.0579547
-0.0899083 0.839855 -0.0579547
-0.0913728 0.854781 -0.122259
-0.0351699 0.865319 -0.226135
-0.00584815 0.858149 -0.0777406
-0.0894202 0.83488 -0.0579547
-0.088932 0.829904 -0.0579547
-0.0884439 0.824929 -0.0579547
9.59445e-06 0.798444 -0.211296
-0.0903965 0.844831 -0.216242
-0.0879558 0.819954 -0.0579547
-0.0697206 0.731323 -0.226135
-0.0869795 0.810003 -0.0579547
-0.0682397 0.862074 -0.166777
-0.0801454 0.740347 -0.211296
-0.088932 0.829904 -0.0233293
-0.0860032 0.800052 -0.0579547
-0.0845387 0.785126 -0.0579547
-0.0796573 0.735372 -0.226135
-0.0835624 0.775175 -0.0579547
-0.0351699 0.865319 -0.211296
-0.0894202 0.83488 -0.0727941
-0.0830743 0.770199 -0.0579547
-0.000966697 0.808395 -0.0727941
-0.000321342 0.753202 -0.231081
-0.0825861 0.765224 -0.0579547
0.00245032 0.773567 -0.0431153
-0.0806336 0.745322 -0.0579547
-0.00145484 0.81337 -0.0678476
-0.0796573 0.735372 -0.0579547
-0.0840506 0.78015 -0.17667
-0.0918609 0.859757 -0.0629012
-0.0864913 0.805027 -0.0975265
-0.0177539 0.736422 -0.127205
-0.0913728 0.854781 -0.0629012
-0.0162729 0.867173 -0.107419
-0.0213281 0.821467 -0.0233293
-0.0908846 0.849806 -0.0629012
-0.0555479 0.732714 -0.181617
-0.0806336 0.745322 -0.201403
-0.0272024 0.735495 -0.181617
-0.00358115 0.737812 -0.0332223
-0.0903965 0.844831 -0.0629012
-0.0899083 0.839855 -0.0629012
-0.0351699 0.865319 -0.206349
-0.00584815 0.858149 -0.166777
-0.0894202 0.83488 -0.0629012
-0.0884439 0.824929 -0.0629012
-0.0903965 0.844831 -0.221188
-0.0879558 0.819954 -0.0629012
-0.0130296 0.736885 -0.132152
-0.0874676 0.814978 -0.0629012
-0.0493427 0.863928 -0.216242
-0.0083054 0.737349 -0.0629012
-0.0744449 0.73086 -0.0530082
-0.0869795 0.810003 -0.0629012
-0.0791691 0.730396 -0.0678476
-0.0602721 0.73225 -0.127205
-0.0552169 0.777956 -0.231081
-0.0864913 0.805027 -0.0629012
-0.0415323 0.784322 -0.0233293
-0.0918609 0.859757 -0.102473
-0.0860032 0.800052 -0.0629012
0.00147403 0.783518 -0.0678476
-0.0319266 0.735031 -0.102473
-0.082098 0.760249 -0.226135
-0.085515 0.795076 -0.0629012
-0.0850269 0.790101 -0.0629012
-0.0462566 0.783858 -0.231081
-0.0835624 0.775175 -0.0629012
-0.0830743 0.770199 -0.0629012
-0.0825861 0.765224 -0.0629012
-0.00145484 0.81337 -0.0381688
-0.0649964 0.731787 -0.216242
-0.0796573 0.735372 -0.0629012
-0.0918609 0.859757 -0.0678476
-0.0864913 0.805027 -0.127205
-0.0177539 0.736422 -0.132152
-0.0913728 0.854781 -0.0678476
-0.0162729 0.867173 -0.102473
-0.0908846 0.849806 -0.0678476
-0.0806336 0.745322 -0.196456
0.00342661 0.763616 -0.211296
-0.0272024 0.735495 -0.17667
-0.00358115 0.737812 -0.0381688
-0.0903965 0.844831 -0.0678476
-0.00584815 0.858149 -0.161831
-0.0894202 0.83488 -0.0678476
-0.0879558 0.819954 -0.0678476
-0.0083054 0.737349 -0.0332223
-0.0874676 0.814978 -0.0678476
-0.0602721 0.73225 -0.132152
-0.0864913 0.805027 -0.0678476
-0.0918609 0.859757 -0.107419
-0.0860032 0.800052 -0.0678476
-0.0622247 0.752152 -0.0233293
-0.085515 0.795076 -0.0678476
-0.0850269 0.790101 -0.0678476
-0.0835624 0.775175 -0.0678476
-0.00584815 0.858149 -0.146991
-0.0894202 0.83488 -0.0826871
-0.0830743 0.770199 -0.0678476
-0.0825861 0.765224 -0.0678476
-0.082098 0.760249 -0.0678476
-0.0860032 0.800052 -0.196456
0.00049774 0.793469 -0.117312
0.00489105 0.74869 -0.0777406
-0.0816099 0.755273 -0.0678476
-0.0806336 0.745322 -0.0678476
-0.00145484 0.81337 -0.0332223
-0.0796573 0.735372 -0.0678476
-0.0913728 0.854781 -0.0727941
-0.0903965 0.844831 -0.0727941
-0.085515 0.795076 -0.19151
-0.088932 0.829904 -0.0727941
-0.0874676 0.814978 -0.0727941
-0.0869795 0.810003 -0.0727941
-0.0864913 0.805027 -0.0727941
-0.0871367 0.86022 -0.09258
-0.0302885 0.815565 -0.231081
-0.0860032 0.800052 -0.0727941
-0.0156276 0.81198 -0.0233293
-0.085515 0.795076 -0.0727941
-0.0209972 0.866709 -0.107419
0.00293847 0.768592 -0.186563
-0.0791691 0.730396 -0.137098
-0.0850269 0.790101 -0.0727941
-0.0845387 0.785126 -0.0727941
-0.0830743 0.770199 -0.0727941
-0.0366509 0.734568 -0.0282758
-0.082098 0.760249 -0.0727941
-0.0816099 0.755273 -0.0727941
-0.0304457 0.865782 -0.17667
-0.0811217 0.750298 -0.0727941
-0.0871367 0.86022 -0.221188
-0.0845387 0.785126 -0.201403
-0.00145484 0.81337 -0.0480617
-0.0649964 0.731787 -0.201403
-0.0433277 0.754006 -0.231081
-0.0796573 0.735372 -0.0727941
-0.0791691 0.730396 -0.0727941
-0.0869795 0.810003 -0.102473
-0.0835624 0.775175 -0.181617
-0.0918609 0.859757 -0.0777406
-0.00584815 0.858149 -0.151938
-0.0894202 0.83488 -0.0777406
-0.088932 0.829904 -0.0777406
-0.0879558 0.819954 -0.0777406
-0.0083054 0.737349 -0.0431153
-0.0869795 0.810003 -0.0777406
-0.0801454 0.740347 -0.201403
-0.0257214 0.866246 -0.151938
-0.0130296 0.736885 -0.0282758
-0.085515 0.795076 -0.0777406
-0.0791691 0.730396 -0.132152
-0.0850269 0.790101 -0.0777406
-0.0845387 0.785126 -0.0777406
-0.00358115 0.737812 -0.156884
-0.082098 0.760249 -0.0975265
0.00391476 0.758641 -0.127205
-0.0649964 0.731787 -0.0975265
-0.0840506 0.78015 -0.0777406
-0.0801454 0.740347 -0.151938
-0.0438159 0.758981 -0.0233293
-0.0830743 0.770199 -0.0777406
-0.00358115 0.737812 -0.186563
-0.082098 0.760249 -0.0777406
-0.0845387 0.785126 -0.0826871
-0.00145484 0.81337 -0.0431153
-0.0183993 0.791615 -0.231081
-0.0649964 0.731787 -0.231081
-0.0796573 0.735372 -0.0777406
-0.0791691 0.730396 -0.0777406
-0.0869795 0.810003 -0.107419
-0.0257214 0.866246 -0.0282758
-0.0130296 0.736885 -0.0332223
-0.0918609 0.859757 -0.0826871
-0.0864913 0.805027 -0.142045
-0.0177539 0.736422 -0.171724
-0.0913728 0.854781 -0.0826871
0.00440291 0.753666 -0.196456
-0.0903965 0.844831 -0.0826871
-0.0899083 0.839855 -0.0826871
-0.0185565 0.841832 -0.0233293
-0.0913728 0.854781 -0.102473
-0.088932 0.829904 -0.0826871
-0.0879558 0.819954 -0.0826871
-0.0130296 0.736885 -0.122259
-0.0105724 0.857685 -0.0233293
-0.0874676 0.814978 -0.0826871
-0.0602721 0.73225 -0.0876336
-0.0869795 0.810003 -0.0826871
-0.0801454 0.740347 -0.196456
0.000985886 0.788493 -0.107419
0.0053792 0.743715 -0.0678476
-0.0835624 0.775175 -0.226135
-0.0508236 0.733177 -0.0431153
-0.0602721 0.73225 -0.122259
-0.0864913 0.805027 -0.0826871
-0.00584815 0.858149 -0.19151
-0.0894202 0.83488 -0.0381688
-0.0860032 0.800052 -0.0826871
-0.0899083 0.839855 -0.0381688
-0.085515 0.795076 -0.0826871
-0.0850269 0.790101 -0.0826871
-0.0825861 0.765224 -0.0876336
-0.0835624 0.775175 -0.0826871
-0.000966697 0.808395 -0.19151
-0.0830743 0.770199 -0.0826871
-0.0816099 0.755273 -0.0826871
-0.0806336 0.745322 -0.0826871
-0.00194299 0.818346 -0.107419
-0.047721 0.798784 -0.231081
-0.0801454 0.740347 -0.0826871
-0.0840506 0.78015 -0.146991
-0.0791691 0.730396 -0.0826871
-0.085515 0.795076 -0.127205
-0.082098 0.760249 -0.142045
-0.0918609 0.859757 -0.0876336
-0.0659727 0.741738 -0.231081
-0.0913728 0.854781 -0.0876336
-0.0162729 0.867173 -0.0826871
-0.0908846 0.849806 -0.0876336
-0.0272024 0.735495 -0.206349
-0.00358115 0.737812 -0.0579547
-0.0894202 0.83488 -0.0876336
-0.0398942 0.864855 -0.0381688
0.00391476 0.758641 -0.107419
-0.0840506 0.78015 -0.0826871
-0.0791691 0.730396 -0.196456
-0.0789954 0.825856 -0.231081
-0.085515 0.795076 -0.196456
-0.088932 0.829904 -0.0876336
-0.0884439 0.824929 -0.0876336
-0.0879558 0.819954 -0.0876336
-0.0083054 0.737349 -0.0381688
-0.0130296 0.736885 -0.156884
-0.0874676 0.814978 -0.0876336
-0.0864913 0.805027 -0.0876336
-0.0918609 0.859757 -0.127205
-0.0871367 0.86022 -0.0826871
-0.00584815 0.858149 -0.196456
-0.0899083 0.839855 -0.226135
-0.0860032 0.800052 -0.0876336
-0.0845387 0.785126 -0.0876336
-0.00358115 0.737812 -0.151938
-0.082098 0.760249 -0.09258
-0.0811217 0.750298 -0.0876336
-0.0806336 0.745322 -0.0876336
-0.00194299 0.818346 -0.112366
-0.0801454 0.740347 -0.0876336
-0.0209972 0.866709 -0.09258
0.00293847 0.768592 -0.231081
-0.0791691 0.730396 -0.0876336
0.000985886 0.788493 -0.196456
-0.082098 0.760249 -0.137098
-0.0918609 0.859757 -0.09258
-0.0903965 0.844831 -0.09258
-0.0860032 0.800052 -0.0233293
-0.085515 0.795076 -0.226135
-0.088932 0.829904 -0.09258
-0.0695469 0.826783 -0.231081
-0.0879558 0.819954 -0.09258
-0.0869795 0.810003 -0.09258
0.000985886 0.788493 -0.112366
0.0053792 0.743715 -0.0826871
-0.0835624 0.775175 -0.186563
-0.0130296 0.736885 -0.0480617
-0.0864913 0.805027 -0.09258
-0.0918609 0.859757 -0.132152
-0.0850269 0.790101 -0.09258
-0.000966697 0.808395 -0.17667
-0.0825861 0.765224 -0.0975265
-0.0845387 0.785126 -0.09258
-0.0398942 0.864855 -0.0431153
-0.0791691 0.730396 -0.19151
-0.0840506 0.78015 -0.09258
0.000985886 0.788493 -0.0233293
-0.0835624 0.775175 -0.09258
-0.0825861 0.765224 -0.09258
0.00147403 0.783518 -0.122259
-0.0319266 0.735031 -0.0480617
0.00489105 0.74869 -0.102473
-0.0816099 0.755273 -0.09258
-0.0806336 0.745322 -0.09258
-0.0801454 0.740347 -0.09258
-0.0398942 0.864855 -0.201403
-0.0840506 0.78015 -0.161831
-0.0918609 0.859757 -0.0975265
-0.0760665 0.796003 -0.0233293
-0.0429968 0.799248 -0.0233293
-0.0864913 0.805027 -0.151938
-0.0913728 0.854781 -0.0975265
-0.0162729 0.867173 -0.112366
-0.0908846 0.849806 -0.0975265
-0.0555479 0.732714 -0.166777
-0.0806336 0.745322 -0.211296
-0.0903965 0.844831 -0.0975265
-0.0899083 0.839855 -0.0975265
-0.0697206 0.731323 -0.211296
-0.0884439 0.824929 -0.0975265
-0.0776882 0.861147 -0.211296
-0.0879558 0.819954 -0.0975265
-0.0874676 0.814978 -0.0975265
-0.0602721 0.73225 -0.0282758
-0.0871367 0.86022 -0.0678476
-0.0860032 0.800052 -0.0975265
-0.088932 0.829904 -0.166777
-0.085515 0.795076 -0.0975265
-0.0209972 0.866709 -0.0826871
0.00293847 0.768592 -0.211296
-0.0791691 0.730396 -0.161831
-0.0635154 0.862538 -0.0332223
-0.0835624 0.775175 -0.0975265
-0.0860032 0.800052 -0.0777406
-0.0899083 0.839855 -0.156884
-0.0830743 0.770199 -0.0975265
-0.0304457 0.865782 -0.201403
-0.0177539 0.736422 -0.206349
-0.0667752 0.847148 -0.231081
-0.0811217 0.750298 -0.0975265
-0.0806336 0.745322 -0.0975265
-0.0801454 0.740347 -0.0975265
-0.0682397 0.862074 -0.112366
-0.0209972 0.866709 -0.0777406
0.00293847 0.768592 -0.19151
-0.0040693 0.742788 -0.0233293
-0.0791691 0.730396 -0.0975265
0.000985886 0.788493 -0.186563
-0.082098 0.760249 -0.151938
-0.0899083 0.839855 -0.102473
-0.0860032 0.800052 -0.0282758
-0.085515 0.795076 -0.221188
-0.088932 0.829904 -0.102473
-0.0776882 0.861147 -0.216242
-0.0879558 0.819954 -0.102473
-0.0130296 0.736885 -0.142045
-0.0874676 0.814978 -0.102473
-0.0602721 0.73225 -0.142045
-0.0864913 0.805027 -0.102473
-0.0918609 0.859757 -0.142045
-0.0850269 0.790101 -0.102473
-0.0398942 0.864855 -0.0678476
-0.0272024 0.735495 -0.122259
-0.0649964 0.731787 -0.0727941
-0.0840506 0.78015 -0.102473
-0.00194299 0.818346 -0.142045
-0.0801454 0.740347 -0.17667
-0.000966697 0.808395 -0.0282758
-0.0825861 0.765224 -0.102473
-0.00358115 0.737812 -0.161831
-0.082098 0.760249 -0.102473
-0.0304457 0.865782 -0.196456
-0.0177539 0.736422 -0.201403
-0.0811217 0.750298 -0.102473
-0.0304457 0.865782 -0.0629012
-0.0649964 0.731787 -0.112366
-0.0796573 0.735372 -0.102473
-0.00682445 0.8681 -0.0381688
-0.0908846 0.849806 -0.107419
-0.0903965 0.844831 -0.107419
-0.00584815 0.858149 -0.221188
-0.0860032 0.800052 -0.127205
-0.0899083 0.839855 -0.107419
-0.0351699 0.865319 -0.0777406
-0.00584815 0.858149 -0.122259
-0.0894202 0.83488 -0.107419
-0.0130296 0.736885 -0.146991
-0.0874676 0.814978 -0.107419
-0.0602721 0.73225 -0.146991
-0.0864913 0.805027 -0.107419
0.00147403 0.783518 -0.231081
-0.0918609 0.859757 -0.122259
0.00147403 0.783518 -0.0282758
-0.082098 0.760249 -0.171724
-0.0398942 0.864855 -0.0629012
0.00391476 0.758641 -0.132152
-0.0840506 0.78015 -0.107419
-0.00194299 0.818346 -0.171724
-0.0801454 0.740347 -0.146991
-0.000966697 0.808395 -0.216242
-0.0830743 0.770199 -0.107419
-0.0825861 0.765224 -0.107419
-0.082098 0.760249 -0.107419
-0.0177539 0.736422 -0.196456
-0.0272024 0.735495 -0.0233293
-0.0811217 0.750298 -0.107419
-0.00145484 0.81337 -0.0876336
-0.0801454 0.740347 -0.107419
-0.0398942 0.864855 -0.132152
-0.0840506 0.78015 -0.171724
-0.0304457 0.865782 -0.0332223
-0.0830743 0.770199 -0.0530082
-0.0796573 0.735372 -0.107419
-0.00682445 0.8681 -0.0480617
-0.0908846 0.849806 -0.112366
-0.0899083 0.839855 -0.112366
-0.0351699 0.865319 -0.0629012
-0.0894202 0.83488 -0.112366
-0.0816099 0.755273 -0.132152
-0.00569095 0.807931 -0.231081
-0.0884439 0.824929 -0.112366
-0.0776882 0.861147 -0.196456
-0.0320839 0.785249 -0.231081
-0.0879558 0.819954 -0.112366
-0.0874676 0.814978 -0.112366
-0.0869795 0.810003 -0.112366
-0.0899083 0.839855 -0.132152
-0.0358318 0.774835 -0.0233293
-0.0835624 0.775175 -0.216242
-0.0899083 0.839855 -0.151938
-0.0860032 0.800052 -0.112366
-0.082098 0.760249 -0.161831
-0.0850269 0.790101 -0.112366
-0.0398942 0.864855 -0.0480617
0.00391476 0.758641 -0.122259
-0.0272024 0.735495 -0.107419
-0.0649964 0.731787 -0.09258
-0.0190446 0.846808 -0.231081
-0.0791691 0.730396 -0.186563
-0.0840506 0.78015 -0.112366
-0.000966697 0.808395 -0.206349
-0.0830743 0.770199 -0.112366
-0.0677515 0.857099 -0.0233293
-0.0825861 0.765224 -0.112366
0.00049774 0.793469 -0.0629012
-0.0816099 0.755273 -0.112366
-0.0811217 0.750298 -0.112366
-0.00145484 0.81337 -0.0826871
-0.0801454 0.740347 -0.112366
-0.0398942 0.864855 -0.146991
0.00391476 0.758641 -0.0233293
-0.0840506 0.78015 -0.166777
-0.0649964 0.731787 -0.166777
-0.0796573 0.735372 -0.112366
0.00342661 0.763616 -0.161831
-0.0913728 0.854781 -0.117312
0.00293847 0.768592 -0.117312
-0.020509 0.861734 -0.0233293
-0.0366509 0.734568 -0.0777406
-0.0903965 0.844831 -0.117312
-0.0742711 0.826319 -0.0233293
-0.0869795 0.810003 -0.156884
-0.0338792 0.754933 -0.231081
-0.0835624 0.775175 -0.201403
-0.0884439 0.824929 -0.117312
-0.0879558 0.819954 -0.117312
-0.00340743 0.833272 -0.107419
-0.0540669 0.863465 -0.0233293
-0.0846959 0.835343 -0.0233293
-0.0874676 0.814978 -0.117312
-0.0628701 0.807345 -0.231081
-0.0864913 0.805027 -0.117312
-0.017092 0.826906 -0.0233293
-0.0860032 0.800052 -0.117312
0.000985886 0.788493 -0.226135
-0.082098 0.760249 -0.166777
0.00293847 0.768592 -0.17667
-0.0791691 0.730396 -0.17667
-0.0845387 0.785126 -0.117312
-0.0522881 0.748103 -0.0233293
-0.0801454 0.740347 -0.137098
-0.000966697 0.808395 -0.201403
-0.0830743 0.770199 -0.117312
-0.0825861 0.765224 -0.117312
-0.082098 0.760249 -0.117312
0.00489105 0.74869 -0.127205
0.00049774 0.793469 -0.0678476
-0.0816099 0.755273 -0.117312
-0.0770428 0.805954 -0.0233293
-0.0806336 0.745322 -0.117312
-0.00145484 0.81337 -0.0777406
-0.0801454 0.740347 -0.117312
-0.0840506 0.78015 -0.186563
-0.0304457 0.865782 -0.0233293
-0.0796573 0.735372 -0.117312
0.00342661 0.763616 -0.0480617
-0.0791691 0.730396 -0.117312
-0.088932 0.829904 -0.117312
-0.085515 0.795076 -0.151938
-0.0908846 0.849806 -0.122259
-0.0903965 0.844831 -0.122259
-0.0293122 0.805614 -0.231081
-0.0835624 0.775175 -0.196456
-0.0351699 0.865319 -0.196456
-0.00584815 0.858149 -0.107419
-0.00666724 0.817882 -0.0233293
-0.0894202 0.83488 -0.122259
-0.0816099 0.755273 -0.216242
-0.0842078 0.830368 -0.231081
-0.088932 0.829904 -0.122259
-0.0130296 0.736885 -0.171724
-0.0884439 0.824929 -0.122259
-0.0602721 0.73225 -0.0381688
-0.0587912 0.863001 -0.132152
-0.0879558 0.819954 -0.122259
-0.00340743 0.833272 -0.102473
-0.0874676 0.814978 -0.122259
-0.0864913 0.805027 -0.122259
-0.088932 0.829904 -0.112366
-0.085515 0.795076 -0.122259
-0.0209972 0.866709 -0.151938
-0.0232807 0.841369 -0.0233293
-0.0791691 0.730396 -0.122259
-0.082098 0.760249 -0.127205
-0.0850269 0.790101 -0.122259
-0.0840506 0.78015 -0.122259
-0.00194299 0.818346 -0.132152
-0.0801454 0.740347 -0.156884
-0.0835624 0.775175 -0.122259
-0.0869795 0.810003 -0.137098
-0.0871367 0.86022 -0.102473
-0.00584815 0.858149 -0.226135
-0.0899083 0.839855 -0.196456
-0.0830743 0.770199 -0.122259
-0.0825861 0.765224 -0.122259
-0.082098 0.760249 -0.122259
0.00196218 0.778543 -0.211296
-0.0806336 0.745322 -0.122259
-0.0307766 0.82054 -0.0233293
-0.0801454 0.740347 -0.122259
-0.0649964 0.731787 -0.156884
-0.0796573 0.735372 -0.122259
-0.0177539 0.736422 -0.117312
-0.0913728 0.854781 -0.127205
-0.00682445 0.8681 -0.0678476
-0.0908846 0.849806 -0.127205
-0.0903965 0.844831 -0.127205
-0.0871367 0.86022 -0.117312
-0.0899083 0.839855 -0.127205
-0.0869795 0.810003 -0.151938
-0.0351699 0.865319 -0.19151
-0.0894202 0.83488 -0.127205
-0.00715538 0.822858 -0.0233293
-0.088932 0.829904 -0.127205
-0.0879558 0.819954 -0.127205
-0.0540669 0.863465 -0.0282758
-0.00340743 0.833272 -0.112366
-0.0874676 0.814978 -0.127205
-0.0850269 0.790101 -0.127205
0.00147403 0.783518 -0.0629012
-0.082098 0.760249 -0.231081
-0.0319266 0.735031 -0.0826871
-0.0825861 0.765224 -0.127205
-0.0816099 0.755273 -0.127205
-0.07835 0.770663 -0.0233293
-0.0801454 0.740347 -0.127205
-0.0398942 0.864855 -0.221188
-0.0542407 0.768005 -0.231081
-0.0754212 0.740811 -0.0233293
-0.0840506 0.78015 -0.151938
-0.0649964 0.731787 -0.181617
-0.0778619 0.765688 -0.0233293
-0.0796573 0.735372 -0.127205
-0.0209972 0.866709 -0.166777
0.00293847 0.768592 -0.221188
-0.0791691 0.730396 -0.127205
-0.088932 0.829904 -0.107419
-0.085515 0.795076 -0.156884
-0.0177539 0.736422 -0.122259
-0.0913728 0.854781 -0.132152
0.00293847 0.768592 -0.0480617
-0.0366509 0.734568 -0.0678476
-0.0162729 0.867173 -0.0282758
-0.0908846 0.849806 -0.132152
-0.0894202 0.83488 -0.132152
-0.0913728 0.854781 -0.0332223
-0.0816099 0.755273 -0.201403
-0.088932 0.829904 -0.132152
-0.0130296 0.736885 -0.161831
-0.0884439 0.824929 -0.132152
-0.0602721 0.73225 -0.0480617
-0.0879558 0.819954 -0.132152
-0.0864913 0.805027 -0.132152
-0.0845387 0.785126 -0.132152
-0.0835624 0.775175 -0.132152
-0.0558623 0.833149 -0.231081
-0.0369653 0.835003 -0.0233293
-0.0860032 0.800052 -0.137098
-0.0899083 0.839855 -0.19151
-0.0830743 0.770199 -0.132152
-0.0304457 0.865782 -0.117312
-0.0811217 0.750298 -0.132152
-0.0806336 0.745322 -0.132152
-0.00194299 0.818346 -0.156884
-0.0188874 0.79659 -0.0233293
-0.0801454 0.740347 -0.132152
-0.0304457 0.865782 -0.0579547
-0.00145484 0.81337 -0.156884
-0.0649964 0.731787 -0.142045
-0.0177539 0.736422 -0.0629012
-0.0796573 0.735372 -0.132152
-0.0162729 0.867173 -0.0678476
-0.0908846 0.849806 -0.137098
-0.0903965 0.844831 -0.137098
-0.00584815 0.858149 -0.09258
-0.0894202 0.83488 -0.137098
-0.0913728 0.854781 -0.0381688
-0.0364772 0.830027 -0.0233293
-0.0816099 0.755273 -0.206349
-0.085515 0.795076 -0.186563
-0.088932 0.829904 -0.137098
-0.0130296 0.736885 -0.19151
-0.0884439 0.824929 -0.137098
-0.0272024 0.735495 -0.0629012
-0.0602721 0.73225 -0.201403
-0.0864913 0.805027 -0.137098
-0.0845387 0.785126 -0.137098
-0.0398942 0.864855 -0.17667
-0.0840506 0.78015 -0.137098
-0.0835624 0.775175 -0.137098
-0.00129763 0.763153 -0.0233293
-0.0350127 0.815101 -0.0233293
-0.0869795 0.810003 -0.142045
-0.0830743 0.770199 -0.137098
-0.00536001 0.853174 -0.127205
-0.0519571 0.793346 -0.0233293
-0.0825861 0.765224 -0.137098
-0.0816099 0.755273 -0.137098
-0.0806336 0.745322 -0.137098
-0.0649964 0.731787 -0.122259
-0.0177539 0.736422 -0.0579547
-0.0796573 0.735372 -0.137098
-0.0903965 0.844831 -0.142045
-0.0894202 0.83488 -0.142045
-0.0913728 0.854781 -0.0480617
-0.0816099 0.755273 -0.186563
-0.0884439 0.824929 -0.142045
-0.0587912 0.863001 -0.221188
-0.0879558 0.819954 -0.142045
-0.00340743 0.833272 -0.0826871
-0.0874676 0.814978 -0.142045
-0.088932 0.829904 -0.17667
-0.085515 0.795076 -0.142045
-0.0850269 0.790101 -0.142045
-0.0827434 0.815442 -0.0233293
-0.0845387 0.785126 -0.142045
-0.0835624 0.775175 -0.142045
-0.0532644 0.758054 -0.231081
-0.0830743 0.770199 -0.142045
-0.0816099 0.755273 -0.142045
-0.0351699 0.865319 -0.0431153
-0.00584815 0.858149 -0.0381688
-0.0894202 0.83488 -0.19151
-0.0806336 0.745322 -0.142045
-0.0304457 0.865782 -0.0480617
-0.00145484 0.81337 -0.151938
-0.0649964 0.731787 -0.127205
-0.0177539 0.736422 -0.0727941
-0.0796573 0.735372 -0.142045
-0.0682397 0.862074 -0.102473
-0.0542407 0.768005 -0.0233293
-0.0791691 0.730396 -0.142045
-0.0918609 0.859757 -0.146991
-0.0811217 0.750298 -0.151938
-0.0913728 0.854781 -0.146991
-0.0860032 0.800052 -0.17667
-0.0899083 0.839855 -0.146991
-0.0835624 0.775175 -0.171724
-0.0130296 0.736885 -0.0629012
-0.0130296 0.736885 -0.196456
-0.0884439 0.824929 -0.146991
-0.0398942 0.864855 -0.107419
0.00391476 0.758641 -0.0876336
-0.0272024 0.735495 -0.0727941
-0.0879558 0.819954 -0.146991
-0.00340743 0.833272 -0.0777406
-0.0822552 0.810466 -0.0233293
-0.0874676 0.814978 -0.146991
-0.0899083 0.839855 -0.117312
-0.0860032 0.800052 -0.146991
-0.0850269 0.790101 -0.146991
-0.0835624 0.775175 -0.146991
-0.0871367 0.86022 -0.127205
-0.0899083 0.839855 -0.171724
-0.0825861 0.765224 -0.146991
-0.0816099 0.755273 -0.146991
-0.0913728 0.854781 -0.17667
-0.0811217 0.750298 -0.146991
-0.0806336 0.745322 -0.146991
-0.00145484 0.81337 -0.171724
-0.0649964 0.731787 -0.132152
-0.0796573 0.735372 -0.146991
-0.0682397 0.862074 -0.156884
0.00293847 0.768592 -0.146991
-0.0791691 0.730396 -0.146991
0.00147403 0.783518 -0.201403
-0.0918609 0.859757 -0.151938
-0.0908846 0.849806 -0.151938
-0.0903965 0.844831 -0.151938
-0.0894202 0.83488 -0.151938
-0.0530906 0.853514 -0.231081
-0.0275168 0.83593 -0.231081
-0.085515 0.795076 -0.117312
-0.088932 0.829904 -0.151938
-0.0587912 0.863001 -0.211296
-0.0879558 0.819954 -0.151938
-0.00340743 0.833272 -0.0727941
-0.0874676 0.814978 -0.151938
-0.0899083 0.839855 -0.122259
-0.0860032 0.800052 -0.151938
-0.0126987 0.782127 -0.231081
-0.0850269 0.790101 -0.151938
-0.0527762 0.753079 -0.0233293
-0.0830743 0.770199 -0.151938
-0.00536001 0.853174 -0.0876336
-0.0825861 0.765224 -0.151938
-0.0816099 0.755273 -0.151938
-0.0806336 0.745322 -0.151938
-0.0177539 0.736422 -0.0826871
-0.0796573 0.735372 -0.151938
-0.0908846 0.849806 -0.156884
0.00440291 0.753666 -0.0282758
-0.0903965 0.844831 -0.156884
-0.085515 0.795076 -0.107419
-0.088932 0.829904 -0.156884
-0.0850269 0.790101 -0.156884
0.000985886 0.788493 -0.0332223
-0.0835624 0.775175 -0.156884
-0.0871367 0.86022 -0.0629012
-0.0899083 0.839855 -0.166777
-0.00536001 0.853174 -0.0975265
-0.0825861 0.765224 -0.156884
-0.082098 0.760249 -0.156884
-0.0816099 0.755273 -0.156884
-0.0351699 0.865319 -0.0381688
-0.00584815 0.858149 -0.0480617
-0.0894202 0.83488 -0.181617
-0.0537525 0.76303 -0.231081
-0.0913728 0.854781 -0.156884
-0.0811217 0.750298 -0.156884
-0.00145484 0.81337 -0.132152
-0.0649964 0.731787 -0.117312
-0.0177539 0.736422 -0.0381688
-0.0796573 0.735372 -0.156884
-0.0918609 0.859757 -0.161831
-0.0177539 0.736422 -0.226135
-0.0913728 0.854781 -0.161831
-0.0908846 0.849806 -0.161831
-0.0903965 0.844831 -0.161831
-0.0871367 0.86022 -0.0579547
-0.0860032 0.800052 -0.107419
-0.0899083 0.839855 -0.161831
-0.0304457 0.865782 -0.0678476
-0.0649964 0.731787 -0.17667
-0.0796573 0.735372 -0.0975265
-0.0177539 0.736422 -0.0282758
-0.0351699 0.865319 -0.107419
-0.00584815 0.858149 -0.0678476
-0.0894202 0.83488 -0.161831
-0.088932 0.829904 -0.161831
-0.00340743 0.833272 -0.0282758
-0.0874676 0.814978 -0.161831
-0.0869795 0.810003 -0.161831
-0.0508236 0.733177 -0.0727941
-0.0776882 0.861147 -0.0530082
-0.0864913 0.805027 -0.161831
-0.0850269 0.790101 -0.161831
-0.0845387 0.785126 -0.161831
-0.0830743 0.770199 -0.161831
-0.00536001 0.853174 -0.102473
-0.0825861 0.765224 -0.161831
-0.0816099 0.755273 -0.161831
-0.0806336 0.745322 -0.161831
-0.00145484 0.81337 -0.127205
-0.0390916 0.759445 -0.0233293
-0.0177539 0.736422 -0.0332223
-0.0796573 0.735372 -0.161831
0.00147403 0.783518 -0.166777
-0.0918609 0.859757 -0.166777
-0.0884439 0.824929 -0.166777
-0.0587912 0.863001 -0.196456
-0.0879558 0.819954 -0.166777
-0.00340743 0.833272 -0.0678476
-0.00715538 0.822858 -0.231081
-0.0874676 0.814978 -0.166777
-0.0697206 0.731323 -0.0975265
-0.0869795 0.810003 -0.166777
-0.0747593 0.831295 -0.0233293
-0.0508236 0.733177 -0.0530082
-0.0864913 0.805027 -0.166777
-0.0130296 0.736885 -0.221188
-0.0884439 0.824929 -0.19151
-0.0860032 0.800052 -0.166777
-0.085515 0.795076 -0.166777
0.00147403 0.783518 -0.112366
-0.082098 0.760249 -0.181617
-0.0850269 0.790101 -0.166777
-0.0871367 0.86022 -0.181617
-0.0845387 0.785126 -0.166777
-0.0835624 0.775175 -0.166777
-0.0830743 0.770199 -0.166777
-0.0816099 0.755273 -0.166777
-0.0894202 0.83488 -0.171724
-0.0177539 0.736422 -0.231081
-0.0913728 0.854781 -0.166777
-0.0811217 0.750298 -0.166777
-0.0806336 0.745322 -0.166777
-0.0796573 0.735372 -0.166777
-0.0209972 0.866709 -0.102473
-0.0682397 0.862074 -0.0876336
0.00293847 0.768592 -0.166777
-0.0791691 0.730396 -0.166777
0.00147403 0.783518 -0.181617
-0.0918609 0.859757 -0.171724
-0.0913728 0.854781 -0.171724
-0.0908846 0.849806 -0.171724
-0.0903965 0.844831 -0.171724
-0.0571695 0.797857 -0.0233293
-0.085515 0.795076 -0.112366
-0.088932 0.829904 -0.171724
-0.0884439 0.824929 -0.171724
-0.0864913 0.805027 -0.171724
-0.0398942 0.864855 -0.0826871
0.00391476 0.758641 -0.0629012
-0.0649964 0.731787 -0.0332223
-0.0840506 0.78015 -0.0282758
-0.00358115 0.737812 -0.0727941
-0.0272024 0.735495 -0.0480617
-0.00340743 0.833272 -0.0530082
-0.0874676 0.814978 -0.171724
-0.088932 0.829904 -0.0629012
-0.085515 0.795076 -0.171724
-0.0816099 0.755273 -0.171724
-0.0913728 0.854781 -0.151938
-0.0811217 0.750298 -0.171724
-0.0304457 0.865782 -0.0431153
-0.00145484 0.81337 -0.146991
-0.0649964 0.731787 -0.107419
-0.0177539 0.736422 -0.0431153
-0.0796573 0.735372 -0.171724
-0.0682397 0.862074 -0.0826871
0.00293847 0.768592 -0.171724
-0.0791691 0.730396 -0.171724
0.00440291 0.753666 -0.0233293
-0.0903965 0.844831 -0.17667
-0.0871367 0.86022 -0.132152
-0.0899083 0.839855 -0.17667
-0.0351699 0.865319 -0.0579547
-0.00584815 0.858149 -0.0530082
-0.0894202 0.83488 -0.17667
-0.0587912 0.863001 -0.186563
-0.0879558 0.819954 -0.17667
-0.0776882 0.861147 -0.0629012
-0.0864913 0.805027 -0.17667
-0.088932 0.829904 -0.142045
-0.085515 0.795076 -0.17667
-0.0830743 0.770199 -0.17667
-0.0825861 0.765224 -0.17667
0.00147403 0.783518 -0.117312
-0.0319266 0.735031 -0.0530082
-0.082098 0.760249 -0.17667
-0.085515 0.795076 -0.211296
0.00147403 0.783518 -0.196456
-0.0918609 0.859757 -0.181617
-0.0811217 0.750298 -0.142045
-0.0913728 0.854781 -0.181617
-0.00682445 0.8681 -0.0727941
-0.0908846 0.849806 -0.181617
0.00245032 0.773567 -0.211296
-0.0806336 0.745322 -0.226135
-0.0903965 0.844831 -0.181617
-0.0871367 0.86022 -0.137098
-0.0860032 0.800052 -0.142045
-0.0899083 0.839855 -0.181617
-0.0837196 0.825392 -0.0233293
-0.088932 0.829904 -0.181617
-0.0130296 0.736885 -0.231081
-0.0884439 0.824929 -0.181617
-0.0879558 0.819954 -0.181617
-0.0869795 0.810003 -0.181617
-0.0776882 0.861147 -0.09258
-0.0192183 0.751348 -0.0233293
-0.0864913 0.805027 -0.181617
-0.043154 0.849466 -0.231081
-0.0884439 0.824929 -0.206349
-0.0850269 0.790101 -0.181617
-0.0398942 0.864855 -0.216242
-0.0840506 0.78015 -0.181617
-0.000966697 0.808395 -0.0876336
-0.0830743 0.770199 -0.181617
-0.0294694 0.855831 -0.231081
-0.0825861 0.765224 -0.181617
-0.0358318 0.774835 -0.231081
-0.0816099 0.755273 -0.181617
-0.0811217 0.750298 -0.181617
-0.00145484 0.81337 -0.206349
-0.0796573 0.735372 -0.181617
-0.0918609 0.859757 -0.186563
-0.0894202 0.83488 -0.186563
-0.085515 0.795076 -0.137098
-0.088932 0.829904 -0.186563
-0.0884439 0.824929 -0.186563
-0.0776882 0.861147 -0.0777406
-0.0864913 0.805027 -0.186563
-0.0263833 0.775761 -0.0233293
-0.0860032 0.800052 -0.186563
-0.0413751 0.734104 -0.211296
-0.0850269 0.790101 -0.186563
-0.0845387 0.785126 -0.186563
-0.0801454 0.740347 -0.186563
0.0053792 0.743715 -0.0727941
-0.0835624 0.775175 -0.221188
0.00147403 0.783518 -0.19151
-0.0918609 0.859757 -0.19151
-0.0913728 0.854781 -0.19151
-0.0908846 0.849806 -0.19151
9.59445e-06 0.798444 -0.137098
-0.0903965 0.844831 -0.19151
-0.088932 0.829904 -0.19151
-0.0879558 0.819954 -0.19151
-0.0874676 0.814978 -0.19151
-0.0776882 0.861147 -0.0826871
-0.0864913 0.805027 -0.19151
-0.0884439 0.824929 -0.216242
-0.0860032 0.800052 -0.19151
-0.0850269 0.790101 -0.19151
-0.000966697 0.808395 -0.0826871
-0.0830743 0.770199 -0.19151
-0.00194299 0.818346 -0.0826871
-0.0825861 0.765224 -0.19151
-0.0555479 0.732714 -0.186563
-0.0806336 0.745322 -0.19151
-0.0801454 0.740347 -0.19151
-0.00145484 0.81337 -0.216242
-0.00194299 0.818346 -0.0282758
-0.0796573 0.735372 -0.19151
9.59445e-06 0.798444 -0.142045
-0.0903965 0.844831 -0.196456
-0.054886 0.823198 -0.231081
-0.0894202 0.83488 -0.196456
-0.088932 0.829904 -0.196456
-0.0884439 0.824929 -0.196456
-0.0776882 0.861147 -0.0579547
-0.0864913 0.805027 -0.196456
-0.0122106 0.777152 -0.231081
-0.073783 0.821344 -0.0233293
-0.0879558 0.819954 -0.196456
-0.0869795 0.810003 -0.196456
-0.0508236 0.733177 -0.0876336
-0.0871367 0.86022 -0.156884
-0.0845387 0.785126 -0.196456
-0.0565242 0.742665 -0.0233293
-0.0825861 0.765224 -0.196456
0.000985886 0.788493 -0.156884
-0.082098 0.760249 -0.196456
-0.0816099 0.755273 -0.196456
-0.0304457 0.865782 -0.216242
-0.0177539 0.736422 -0.19151
-0.0811217 0.750298 -0.122259
-0.0913728 0.854781 -0.201403
-0.00682445 0.8681 -0.0530082
-0.0908846 0.849806 -0.201403
-0.0903965 0.844831 -0.201403
-0.088932 0.829904 -0.201403
-0.0884439 0.824929 -0.201403
-0.0869795 0.810003 -0.201403
-0.0508236 0.733177 -0.0678476
-0.088932 0.829904 -0.0678476
-0.085515 0.795076 -0.201403
-0.0413751 0.734104 -0.201403
-0.0850269 0.790101 -0.201403
-0.0830743 0.770199 -0.201403
-0.00291928 0.828297 -0.201403
-0.0133441 0.83732 -0.231081
-0.0811217 0.750298 -0.201403
-0.0457685 0.778883 -0.0233293
-0.0918609 0.859757 -0.206349
-0.0286668 0.750421 -0.231081
-0.088932 0.829904 -0.206349
-0.0879558 0.819954 -0.206349
-0.0874676 0.814978 -0.206349
-0.0860032 0.800052 -0.206349
-0.085515 0.795076 -0.206349
-0.0413751 0.734104 -0.196456
-0.0850269 0.790101 -0.206349
0.00391476 0.758641 -0.0282758
-0.0840506 0.78015 -0.206349
-0.082098 0.760249 -0.206349
-0.00291928 0.828297 -0.196456
-0.0811217 0.750298 -0.206349
-0.0555479 0.732714 -0.17667
-0.0806336 0.745322 -0.206349
0.00342661 0.763616 -0.221188
-0.00358115 0.737812 -0.0282758
-0.0918609 0.859757 -0.211296
-0.0177539 0.736422 -0.17667
-0.0811217 0.750298 -0.127205
-0.0913728 0.854781 -0.211296
-0.0908846 0.849806 -0.211296
9.59445e-06 0.798444 -0.19151
-0.0903965 0.844831 -0.211296
-0.0563504 0.838124 -0.0233293
-0.0894202 0.83488 -0.211296
-0.0884439 0.824929 -0.211296
-0.0864913 0.805027 -0.221188
-0.0578149 0.85305 -0.231081
-0.0879558 0.819954 -0.211296
-0.0864913 0.805027 -0.211296
-0.0884439 0.824929 -0.221188
-0.0860032 0.800052 -0.211296
-0.0850269 0.790101 -0.211296
-0.039737 0.814638 -0.0233293
-0.0389179 0.854904 -0.0233293
-0.0830743 0.770199 -0.211296
-0.0825861 0.765224 -0.211296
-0.0811217 0.750298 -0.211296
-0.00194299 0.818346 -0.17667
-0.0796573 0.735372 -0.211296
-0.0918609 0.859757 -0.216242
-0.0908846 0.849806 -0.216242
-0.0874676 0.814978 -0.216242
-0.0864913 0.805027 -0.216242
-0.0860032 0.800052 -0.216242
-0.0850269 0.790101 -0.216242
-0.0871367 0.86022 -0.231081
-0.0845387 0.785126 -0.216242
-0.0791691 0.730396 -0.0381688
-0.0840506 0.78015 -0.216242
-0.00536001 0.853174 -0.156884
-0.0307766 0.82054 -0.231081
-0.0773738 0.760712 -0.0233293
-0.0825861 0.765224 -0.216242
0.00196218 0.778543 -0.112366
-0.018242 0.741397 -0.0233293
-0.0811217 0.750298 -0.216242
0.00245032 0.773567 -0.112366
-0.0555479 0.732714 -0.161831
-0.0806336 0.745322 -0.216242
0.00147403 0.783518 -0.137098
-0.0918609 0.859757 -0.221188
-0.0908846 0.849806 -0.221188
-0.0708541 0.791492 -0.231081
-0.088932 0.829904 -0.221188
-0.0869795 0.810003 -0.221188
-0.0627129 0.757127 -0.0233293
-0.0860032 0.800052 -0.221188
-0.0413751 0.734104 -0.221188
-0.00504559 0.752738 -0.0233293
-0.0850269 0.790101 -0.221188
-0.0871367 0.86022 -0.226135
-0.0845387 0.785126 -0.221188
-0.0840506 0.78015 -0.221188
-0.00536001 0.853174 -0.211296
-0.00194299 0.818346 -0.0431153
-0.0801454 0.740347 -0.0777406
-0.0825861 0.765224 -0.221188
-0.0908846 0.849806 -0.226135
9.59445e-06 0.798444 -0.206349
-0.0903965 0.844831 -0.226135
-0.0894202 0.83488 -0.226135
-0.0874676 0.814978 -0.226135
-0.0869795 0.810003 -0.226135
-0.0864913 0.805027 -0.226135
-0.0413751 0.734104 -0.226135
-0.0850269 0.790101 -0.226135
-0.0840506 0.78015 -0.226135
-0.0830743 0.770199 -0.226135
-0.0811217 0.750298 -0.226135
-0.0697206 0.731323 -0.0282758
-0.0398942 0.864855 -0.102473
0.00391476 0.758641 -0.0678476
-0.0840506 0.78015 -0.0332223
-0.0272024 0.735495 -0.0530082
-0.0649964 0.731787 -0.0282758
-0.00389557 0.838247 -0.137098
-0.00291928 0.828297 -0.112366
-0.0555479 0.732714 -0.0282758
-0.0508236 0.733177 -0.0282758
-0.0460994 0.733641 -0.0282758
-0.0315957 0.780273 -0.231081
-0.0418633 0.73908 -0.231081
-0.0869795 0.810003 -0.216242
-0.0697206 0.731323 -0.0480617
-0.0850269 0.790101 -0.0381688
-0.0413751 0.734104 -0.0282758
-0.0304457 0.865782 -0.221188
-0.0811217 0.750298 -0.117312
-0.0913728 0.854781 -0.206349
-0.0272024 0.735495 -0.0282758
-0.0224781 0.735958 -0.0282758
-0.0083054 0.737349 -0.0282758
-0.00438372 0.843223 -0.186563
0.00114309 0.738276 -0.0282758
-0.0083054 0.737349 -0.102473
-0.0661299 0.791955 -0.231081
-0.0446184 0.864392 -0.0233293
-0.0744449 0.73086 -0.0332223
-0.0697206 0.731323 -0.0332223
-0.0460994 0.733641 -0.0431153
-0.0602721 0.73225 -0.0332223
-0.00291928 0.828297 -0.151938
-0.00389557 0.838247 -0.132152
-0.0555479 0.732714 -0.0332223
-0.0850269 0.790101 -0.0332223
-0.0413751 0.734104 -0.0332223
0.00049774 0.793469 -0.132152
0.00489105 0.74869 -0.09258
-0.0319266 0.735031 -0.0332223
-0.0272024 0.735495 -0.0332223
-0.00438372 0.843223 -0.166777
0.00114309 0.738276 -0.0332223
-0.0824124 0.860684 -0.156884
0.00586734 0.738739 -0.0332223
-0.0224781 0.735958 -0.0629012
-0.0840506 0.78015 -0.0678476
-0.0649964 0.731787 -0.0381688
-0.00291928 0.828297 -0.146991
-0.00389557 0.838247 -0.102473
-0.0555479 0.732714 -0.0381688
-0.0460994 0.733641 -0.0381688
-0.0850269 0.790101 -0.0282758
-0.0413751 0.734104 -0.0381688
0.0053792 0.743715 -0.211296
0.00049774 0.793469 -0.127205
-0.0319266 0.735031 -0.0381688
-0.0304457 0.865782 -0.211296
-0.0177539 0.736422 -0.161831
-0.0272024 0.735495 -0.0381688
-0.066618 0.79693 -0.0233293
-0.0224781 0.735958 -0.0381688
-0.0436421 0.854441 -0.231081
-0.0130296 0.736885 -0.0381688
0.00114309 0.738276 -0.0381688
0.00586734 0.738739 -0.0381688
-0.00276207 0.778079 -0.0233293
-0.0224781 0.735958 -0.0579547
-0.0446184 0.864392 -0.0579547
-0.0744449 0.73086 -0.0431153
-0.0869795 0.810003 -0.211296
-0.0697206 0.731323 -0.0431153
-0.0398942 0.864855 -0.112366
0.00391476 0.758641 -0.0826871
-0.0272024 0.735495 -0.0579547
-0.0649964 0.731787 -0.0431153
-0.0327292 0.840442 -0.231081
-0.0602721 0.73225 -0.0431153
-0.00291928 0.828297 -0.137098
-0.00389557 0.838247 -0.117312
-0.051469 0.78837 -0.231081
-0.0555479 0.732714 -0.0431153
-0.0682397 0.862074 -0.0431153
-0.0366509 0.734568 -0.0431153
0.0053792 0.743715 -0.206349
-0.0319266 0.735031 -0.0431153
-0.0304457 0.865782 -0.206349
-0.0913728 0.854781 -0.0777406
-0.0272024 0.735495 -0.0431153
-0.0398942 0.864855 -0.09258
0.00391476 0.758641 -0.0777406
-0.0649964 0.731787 -0.0480617
-0.00389557 0.838247 -0.112366
-0.0555479 0.732714 -0.0480617
-0.0460994 0.733641 -0.0480617
-0.0413751 0.734104 -0.0480617
-0.0366509 0.734568 -0.0480617
-0.0744449 0.73086 -0.0381688
-0.0083054 0.737349 -0.0480617
0.00342661 0.763616 -0.226135
-0.0272024 0.735495 -0.216242
-0.00358115 0.737812 -0.0480617
-0.00438372 0.843223 -0.196456
0.00114309 0.738276 -0.0480617
-0.0697206 0.731323 -0.0530082
-0.0460994 0.733641 -0.0530082
-0.0250761 0.811053 -0.0233293
-0.0850269 0.790101 -0.0530082
-0.0413751 0.734104 -0.0530082
-0.0446184 0.864392 -0.0727941
-0.0083054 0.737349 -0.0530082
-0.00194299 0.818346 -0.186563
0.00114309 0.738276 -0.0530082
-0.0446184 0.864392 -0.0480617
-0.0744449 0.73086 -0.0579547
-0.0869795 0.810003 -0.17667
-0.0697206 0.731323 -0.0579547
-0.0791691 0.730396 -0.221188
-0.0195328 0.851783 -0.0233293
-0.0649964 0.731787 -0.0579547
-0.0602721 0.73225 -0.0579547
-0.0508236 0.733177 -0.0579547
-0.0850269 0.790101 -0.0579547
-0.0413751 0.734104 -0.0579547
-0.00194299 0.818346 -0.201403
0.00114309 0.738276 -0.0579547
-0.0824124 0.860684 -0.0826871
0.00586734 0.738739 -0.0579547
-0.0602721 0.73225 -0.0629012
-0.0398942 0.864855 -0.186563
-0.0272024 0.735495 -0.137098
-0.0840506 0.78015 -0.142045
-0.0649964 0.731787 -0.0629012
-0.00194299 0.818346 -0.196456
-0.00536001 0.853174 -0.0678476
0.00114309 0.738276 -0.0629012
-0.0516262 0.838588 -0.231081
-0.0879558 0.819954 -0.226135
-0.0697206 0.731323 -0.0678476
-0.0398942 0.864855 -0.0727941
-0.0272024 0.735495 -0.132152
-0.0791691 0.730396 -0.211296
-0.0649964 0.731787 -0.0678476
-0.00553374 0.757714 -0.231081
-0.0413751 0.734104 -0.0678476
-0.0130296 0.736885 -0.0678476
-0.0493427 0.863928 -0.221188
-0.0744449 0.73086 -0.0480617
-0.0083054 0.737349 -0.0678476
0.00342661 0.763616 -0.216242
-0.0272024 0.735495 -0.196456
-0.0227926 0.836393 -0.0233293
-0.00358115 0.737812 -0.0678476
-0.00536001 0.853174 -0.0629012
0.00114309 0.738276 -0.0678476
-0.0824124 0.860684 -0.0727941
0.00586734 0.738739 -0.0678476
-0.0083054 0.737349 -0.09258
-0.0744449 0.73086 -0.0727941
-0.0602721 0.73225 -0.0727941
0.00196218 0.778543 -0.171724
-0.0555479 0.732714 -0.0727941
-0.0460994 0.733641 -0.0727941
-0.0697206 0.731323 -0.0876336
-0.0413751 0.734104 -0.0727941
-0.0744449 0.73086 -0.0629012
-0.0083054 0.737349 -0.0727941
-0.00194299 0.818346 -0.19151
-0.00536001 0.853174 -0.0727941
0.00114309 0.738276 -0.0727941
-0.0824124 0.860684 -0.0678476
0.00586734 0.738739 -0.0727941
-0.0272024 0.735495 -0.09258
-0.0840506 0.78015 -0.0727941
-0.0791691 0.730396 -0.181617
-0.0649964 0.731787 -0.0777406
0.00196218 0.778543 -0.17667
-0.077531 0.81093 -0.231081
-0.0555479 0.732714 -0.0777406
-0.0460994 0.733641 -0.0777406
-0.0413751 0.734104 -0.0777406
-0.0398942 0.864855 -0.127205
0.00391476 0.758641 -0.09258
-0.0840506 0.78015 -0.0579547
-0.0272024 0.735495 -0.0777406
-0.0874676 0.814978 -0.0579547
-0.0350127 0.815101 -0.231081
-0.0130296 0.736885 -0.0777406
-0.0083054 0.737349 -0.0777406
-0.00438372 0.843223 -0.226135
-0.00194299 0.818346 -0.211296
-0.00536001 0.853174 -0.0431153
-0.0398942 0.864855 -0.231081
0.00114309 0.738276 -0.0777406
-0.0459257 0.8291 -0.0233293
0.00586734 0.738739 -0.0777406
-0.0744449 0.73086 -0.0826871
-0.0697206 0.731323 -0.0826871
-0.0495164 0.768469 -0.231081
-0.0600984 0.82771 -0.0233293
-0.0718304 0.801442 -0.0233293
-0.0460994 0.733641 -0.0876336
-0.0467447 0.788834 -0.231081
-0.0602721 0.73225 -0.0826871
0.00196218 0.778543 -0.181617
-0.0555479 0.732714 -0.0826871
-0.0301313 0.765347 -0.231081
-0.0508236 0.733177 -0.0826871
-0.0460994 0.733641 -0.0826871
-0.0840506 0.78015 -0.0876336
-0.0272024 0.735495 -0.0826871
-0.0224781 0.735958 -0.0826871
-0.0446184 0.864392 -0.0777406
-0.0083054 0.737349 -0.0826871
-0.0496736 0.818686 -0.231081
-0.0840506 0.78015 -0.0381688
-0.00358115 0.737812 -0.0826871
-0.00438372 0.843223 -0.231081
0.00114309 0.738276 -0.0826871
-0.0791691 0.730396 -0.216242
-0.0840506 0.78015 -0.117312
-0.0649964 0.731787 -0.0876336
-0.0611987 0.678875 -0.226149
-0.0563824 0.679387 -0.226149
-0.0419336 0.680923 -0.226149
-0.0371173 0.681435 -0.226149
-0.0274847 0.682459 -0.226149
-0.0226684 0.682971 -0.226149
-0.00821955 0.684507 -0.226149
0.00141303 0.685531 -0.226149
-0.066015 0.678364 -0.221202
-0.0611987 0.678875 -0.221202
-0.0563824 0.679387 -0.221202
-0.0371173 0.681435 -0.221202
-0.032301 0.681947 -0.221202
-0.0274847 0.682459 -0.221202
-0.0226684 0.682971 -0.221202
-0.00821955 0.684507 -0.221202
-0.00340326 0.685019 -0.221202
0.00141303 0.685531 -0.221202
-0.0611987 0.678875 -0.216255
-0.0563824 0.679387 -0.216255
-0.0515662 0.679899 -0.216255
-0.0371173 0.681435 -0.216255
-0.00821955 0.684507 -0.216255
-0.00340326 0.685019 -0.216255
0.00141303 0.685531 -0.216255
-0.0611987 0.678875 -0.211308
-0.0563824 0.679387 -0.211308
-0.0467499 0.680411 -0.211308
-0.0371173 0.681435 -0.211308
-0.032301 0.681947 -0.211308
-0.0226684 0.682971 -0.211308
-0.0178521 0.683483 -0.211308
-0.00821955 0.684507 -0.211308
-0.00340326 0.685019 -0.211308
0.00141303 0.685531 -0.211308
-0.066015 0.678364 -0.206362
-0.0611987 0.678875 -0.206362
-0.0563824 0.679387 -0.206362
-0.0467499 0.680411 -0.206362
-0.0371173 0.681435 -0.206362
-0.032301 0.681947 -0.206362
-0.0226684 0.682971 -0.206362
-0.00821955 0.684507 -0.206362
-0.00340326 0.685019 -0.206362
-0.066015 0.678364 -0.201415
-0.0611987 0.678875 -0.201415
-0.0563824 0.679387 -0.201415
-0.0467499 0.680411 -0.201415
-0.0371173 0.681435 -0.201415
-0.032301 0.681947 -0.201415
-0.0226684 0.682971 -0.201415
-0.0178521 0.683483 -0.201415
-0.00821955 0.684507 -0.201415
-0.00340326 0.685019 -0.201415
0.00141303 0.685531 -0.201415
-0.0611987 0.678875 -0.196468
-0.0563824 0.679387 -0.196468
-0.0467499 0.680411 -0.196468
-0.0419336 0.680923 -0.196468
-0.0371173 0.681435 -0.196468
-0.032301 0.681947 -0.196468
-0.00821955 0.684507 -0.196468
-0.00340326 0.685019 -0.196468
-0.0611987 0.678875 -0.191521
-0.0563824 0.679387 -0.191521
-0.0371173 0.681435 -0.191521
-0.0226684 0.682971 -0.191521
-0.0178521 0.683483 -0.191521
-0.00340326 0.685019 -0.191521
-0.0611987 0.678875 -0.186574
-0.0467499 0.680411 -0.186574
-0.0371173 0.681435 -0.186574
-0.0226684 0.682971 -0.186574
-0.0178521 0.683483 -0.186574
-0.00821955 0.684507 -0.186574
0.00141303 0.685531 -0.186574
-0.066015 0.678364 -0.181628
-0.0611987 0.678875 -0.181628
-0.0563824 0.679387 -0.181628
-0.0467499 0.680411 -0.181628
-0.0371173 0.681435 -0.181628
-0.0274847 0.682459 -0.181628
-0.0226684 0.682971 -0.181628
-0.00821955 0.684507 -0.181628
-0.00340326 0.685019 -0.181628
0.00141303 0.685531 -0.181628
-0.066015 0.678364 -0.176681
-0.0611987 0.678875 -0.176681
-0.0563824 0.679387 -0.176681
-0.0467499 0.680411 -0.176681
-0.0371173 0.681435 -0.176681
-0.0274847 0.682459 -0.176681
-0.0226684 0.682971 -0.176681
-0.0178521 0.683483 -0.176681
-0.00821955 0.684507 -0.176681
0.00141303 0.685531 -0.176681
-0.0611987 0.678875 -0.171734
-0.0563824 0.679387 -0.171734
-0.0467499 0.680411 -0.171734
-0.0371173 0.681435 -0.171734
-0.0226684 0.682971 -0.171734
-0.0178521 0.683483 -0.171734
-0.00821955 0.684507 -0.171734
0.00141303 0.685531 -0.171734
-0.066015 0.678364 -0.166787
-0.0611987 0.678875 -0.166787
-0.0563824 0.679387 -0.166787
-0.0467499 0.680411 -0.166787
-0.0371173 0.681435 -0.166787
-0.032301 0.681947 -0.166787
-0.0226684 0.682971 -0.166787
-0.0178521 0.683483 -0.166787
-0.00821955 0.684507 -0.166787
-0.00340326 0.685019 -0.166787
0.00141303 0.685531 -0.166787
-0.0611987 0.678875 -0.16184
-0.0563824 0.679387 -0.16184
-0.0467499 0.680411 -0.16184
-0.0371173 0.681435 -0.16184
-0.032301 0.681947 -0.16184
-0.0226684 0.682971 -0.16184
-0.0178521 0.683483 -0.16184
-0.00821955 0.684507 -0.16184
0.00141303 0.685531 -0.16184
-0.0611987 0.678875 -0.156893
-0.0563824 0.679387 -0.156893
-0.0515662 0.679899 -0.156893
-0.0467499 0.680411 -0.156893
-0.0371173 0.681435 -0.156893
-0.032301 0.681947 -0.156893
-0.0226684 0.682971 -0.156893
-0.0178521 0.683483 -0.156893
-0.0130358 0.683995 -0.156893
-0.00821955 0.684507 -0.156893
0.00141303 0.685531 -0.156893
-0.0563824 0.679387 -0.151947
-0.0467499 0.680411 -0.151947
-0.0371173 0.681435 -0.151947
-0.032301 0.681947 -0.151947
-0.0274847 0.682459 -0.151947
-0.0226684 0.682971 -0.151947
-0.0178521 0.683483 -0.151947
-0.00821955 0.684507 -0.151947
0.00141303 0.685531 -0.151947
-0.0611987 0.678875 -0.147
-0.0563824 0.679387 -0.147
-0.0467499 0.680411 -0.147
-0.0371173 0.681435 -0.147
-0.032301 0.681947 -0.147
-0.0226684 0.682971 -0.147
-0.0178521 0.683483 -0.147
-0.00821955 0.684507 -0.147
0.00141303 0.685531 -0.147
-0.0611987 0.678875 -0.142053
-0.0563824 0.679387 -0.142053
-0.0515662 0.679899 -0.142053
-0.0467499 0.680411 -0.142053
-0.0371173 0.681435 -0.142053
-0.032301 0.681947 -0.142053
-0.0226684 0.682971 -0.142053
-0.0178521 0.683483 -0.142053
-0.00821955 0.684507 -0.142053
0.00141303 0.685531 -0.142053
-0.0419336 0.680923 -0.216255
-0.066015 0.678364 -0.137106
-0.0611987 0.678875 -0.137106
-0.0563824 0.679387 -0.137106
-0.0515662 0.679899 -0.137106
-0.0467499 0.680411 -0.137106
-0.0419336 0.680923 -0.137106
-0.0371173 0.681435 -0.137106
-0.032301 0.681947 -0.137106
-0.0274847 0.682459 -0.137106
-0.0226684 0.682971 -0.137106
-0.0178521 0.683483 -0.137106
-0.0130358 0.683995 -0.137106
-0.00821955 0.684507 -0.137106
-0.0130358 0.683995 -0.16184
-0.00340326 0.685019 -0.137106
0.00141303 0.685531 -0.137106
-0.0611987 0.678875 -0.132159
-0.0563824 0.679387 -0.132159
-0.0467499 0.680411 -0.132159
-0.0419336 0.680923 -0.132159
-0.0371173 0.681435 -0.132159
-0.032301 0.681947 -0.132159
-0.0226684 0.682971 -0.132159
-0.0178521 0.683483 -0.132159
-0.00821955 0.684507 -0.132159
0.00141303 0.685531 -0.132159
-0.0611987 0.678875 -0.127212
-0.0563824 0.679387 -0.127212
-0.0419336 0.680923 -0.127212
-0.0371173 0.681435 -0.127212
-0.032301 0.681947 -0.127212
-0.0274847 0.682459 -0.127212
-0.0226684 0.682971 -0.127212
-0.0178521 0.683483 -0.127212
-0.00821955 0.684507 -0.127212
-0.00340326 0.685019 -0.127212
0.00141303 0.685531 -0.127212
-0.066015 0.678364 -0.122266
-0.0611987 0.678875 -0.122266
-0.0467499 0.680411 -0.122266
-0.032301 0.681947 -0.122266
-0.0226684 0.682971 -0.122266
-0.0178521 0.683483 -0.122266
-0.0130358 0.683995 -0.122266
0.00141303 0.685531 -0.122266
-0.0611987 0.678875 -0.117319
-0.0563824 0.679387 -0.117319
-0.0467499 0.680411 -0.117319
-0.032301 0.681947 -0.117319
-0.0226684 0.682971 -0.117319
-0.0178521 0.683483 -0.117319
-0.00821955 0.684507 -0.117319
0.00141303 0.685531 -0.117319
-0.0611987 0.678875 -0.112372
-0.0563824 0.679387 -0.112372
-0.0515662 0.679899 -0.112372
-0.0467499 0.680411 -0.112372
-0.0371173 0.681435 -0.112372
-0.032301 0.681947 -0.112372
-0.0226684 0.682971 -0.112372
-0.0178521 0.683483 -0.112372
-0.00821955 0.684507 -0.112372
0.00141303 0.685531 -0.112372
-0.0611987 0.678875 -0.107425
-0.0467499 0.680411 -0.107425
-0.0226684 0.682971 -0.107425
-0.0178521 0.683483 -0.107425
-0.00821955 0.684507 -0.107425
0.00141303 0.685531 -0.107425
-0.066015 0.678364 -0.102478
-0.0611987 0.678875 -0.102478
-0.0563824 0.679387 -0.102478
-0.0467499 0.680411 -0.102478
-0.0371173 0.681435 -0.102478
-0.032301 0.681947 -0.102478
-0.0226684 0.682971 -0.102478
-0.0178521 0.683483 -0.102478
-0.00821955 0.684507 -0.102478
0.00141303 0.685531 -0.102478
-0.066015 0.678364 -0.0975316
-0.0611987 0.678875 -0.0975316
-0.0563824 0.679387 -0.0975316
-0.0467499 0.680411 -0.0975316
-0.032301 0.681947 -0.0975316
-0.0226684 0.682971 -0.0975316
-0.0178521 0.683483 -0.0975316
-0.00340326 0.685019 -0.107425
-0.0130358 0.683995 -0.0975316
-0.00821955 0.684507 -0.0975316
-0.0130358 0.683995 -0.132159
-0.00340326 0.685019 -0.0975316
0.00141303 0.685531 -0.0975316
-0.0611987 0.678875 -0.0925848
-0.0515662 0.679899 -0.0925848
-0.032301 0.681947 -0.0925848
-0.0226684 0.682971 -0.0925848
-0.0178521 0.683483 -0.0925848
-0.00821955 0.684507 -0.0925848
0.00141303 0.685531 -0.0925848
-0.0611987 0.678875 -0.0876379
-0.032301 0.681947 -0.0876379
-0.0274847 0.682459 -0.0876379
-0.0226684 0.682971 -0.0876379
-0.0178521 0.683483 -0.0876379
-0.00821955 0.684507 -0.0876379
-0.0611987 0.678875 -0.0826911
-0.0563824 0.679387 -0.0826911
-0.0467499 0.680411 -0.0826911
-0.0419336 0.680923 -0.0826911
-0.032301 0.681947 -0.0826911
-0.0274847 0.682459 -0.0826911
-0.0226684 0.682971 -0.0826911
-0.00821955 0.684507 -0.0826911
0.00141303 0.685531 -0.0826911
-0.066015 0.678364 -0.0777443
-0.0611987 0.678875 -0.0777443
-0.0563824 0.679387 -0.0777443
-0.0515662 0.679899 -0.0777443
-0.0467499 0.680411 -0.0777443
-0.0371173 0.681435 -0.0777443
-0.032301 0.681947 -0.0777443
-0.0274847 0.682459 -0.0777443
-0.0226684 0.682971 -0.0777443
-0.0178521 0.683483 -0.0777443
-0.00821955 0.684507 -0.0777443
-0.0515662 0.679899 -0.0727975
-0.0226684 0.682971 -0.0727975
-0.00340326 0.685019 -0.0826911
-0.0130358 0.683995 -0.0727975
-0.00821955 0.684507 -0.0727975
-0.0611987 0.678875 -0.0678507
-0.0467499 0.680411 -0.0678507
-0.0371173 0.681435 -0.0678507
-0.032301 0.681947 -0.0678507
-0.0226684 0.682971 -0.0678507
-0.0130358 0.683995 -0.0678507
-0.00821955 0.684507 -0.0678507
-0.0130358 0.683995 -0.0876379
-0.00340326 0.685019 -0.0678507
-0.0611987 0.678875 -0.0629038
-0.0563824 0.679387 -0.0629038
-0.0467499 0.680411 -0.0629038
-0.032301 0.681947 -0.0629038
-0.0226684 0.682971 -0.0629038
-0.0130358 0.683995 -0.0629038
-0.00821955 0.684507 -0.0629038
0.00724199 0.676515 -0.226149
0.00774833 0.671752 -0.226149
0.00876101 0.662225 -0.226149
0.00977368 0.652698 -0.226149
0.01028 0.647934 -0.226149
0.0107864 0.64317 -0.226149
0.0112927 0.638407 -0.226149
0.0123054 0.62888 -0.226149
0.013318 0.619353 -0.226149
0.0143307 0.609825 -0.226149
0.014837 0.605062 -0.226149
0.00622932 0.686043 -0.221202
0.00724199 0.676515 -0.221202
0.00876101 0.662225 -0.221202
0.00926734 0.657461 -0.221202
0.00977368 0.652698 -0.221202
0.01028 0.647934 -0.221202
0.0128117 0.624116 -0.221202
0.013318 0.619353 -0.221202
0.0143307 0.609825 -0.221202
0.014837 0.605062 -0.221202
0.00622932 0.686043 -0.216255
0.00673566 0.681279 -0.216255
0.00825467 0.666988 -0.216255
0.00876101 0.662225 -0.216255
0.00926734 0.657461 -0.216255
0.01028 0.647934 -0.216255
0.0112927 0.638407 -0.216255
0.011799 0.633643 -0.216255
0.0123054 0.62888 -0.216255
0.0128117 0.624116 -0.216255
0.013318 0.619353 -0.216255
0.0143307 0.609825 -0.216255
0.014837 0.605062 -0.216255
0.00724199 0.676515 -0.211308
0.00774833 0.671752 -0.211308
0.00825467 0.666988 -0.211308
0.00876101 0.662225 -0.211308
0.00926734 0.657461 -0.211308
0.01028 0.647934 -0.211308
0.0107864 0.64317 -0.211308
0.0112927 0.638407 -0.211308
0.011799 0.633643 -0.211308
0.0123054 0.62888 -0.211308
0.013318 0.619353 -0.211308
0.0138244 0.614589 -0.211308
0.0143307 0.609825 -0.211308
0.014837 0.605062 -0.211308
0.00622932 0.686043 -0.206362
0.00724199 0.676515 -0.206362
0.00825467 0.666988 -0.206362
0.00876101 0.662225 -0.206362
0.01028 0.647934 -0.206362
0.0107864 0.64317 -0.206362
0.0112927 0.638407 -0.206362
0.0123054 0.62888 -0.206362
0.013318 0.619353 -0.206362
0.0143307 0.609825 -0.206362
0.014837 0.605062 -0.206362
0.00622932 0.686043 -0.201415
-0.0682996 0.654034 -0.181628
-0.0376358 0.594667 -0.151947
0.0128117 0.624116 -0.16184
-0.0617172 0.592107 -0.176681
-0.0622236 0.596871 -0.176681
-0.0662743 0.634979 -0.211308
0.0123054 0.62888 -0.156893
-0.068806 0.658797 -0.137106
-0.066015 0.678364 -0.0925848
-0.0682996 0.654034 -0.176681
-0.0498001 0.617461 -0.057957
-0.0698186 0.668324 -0.176681
-0.0708313 0.677852 -0.176681
-0.0617172 0.592107 -0.171734
-0.0647553 0.620689 -0.171734
-0.0662743 0.634979 -0.171734
-0.0622236 0.596871 -0.221202
0.01028 0.647934 -0.0777443
-0.066015 0.678364 -0.0876379
-0.0682996 0.654034 -0.171734
-0.0520847 0.593131 -0.0975316
0.011799 0.633643 -0.151947
-0.0708313 0.677852 -0.171734
0.00343838 0.666476 -0.057957
0.0153434 0.600298 -0.151947
-0.0617172 0.592107 -0.166787
0.0123054 0.62888 -0.151947
-0.0627299 0.601634 -0.166787
-0.0617172 0.592107 -0.0678507
-0.0667806 0.639743 -0.166787
-0.0677933 0.64927 -0.166787
0.00571081 0.599274 -0.0826911
-0.0274847 0.682459 -0.196468
0.0128117 0.624116 -0.171734
-0.0130358 0.683995 -0.107425
-0.00340326 0.685019 -0.0727975
-0.070325 0.673088 -0.166787
-0.0708313 0.677852 -0.166787
0.00293204 0.67124 -0.231096
-0.0617172 0.592107 -0.16184
-0.0622236 0.596871 -0.16184
-0.0647553 0.620689 -0.16184
-0.0178521 0.683483 -0.226149
-0.0652616 0.625452 -0.16184
-0.0515662 0.679899 -0.211308
-0.0672869 0.644507 -0.16184
-0.0343385 0.60947 -0.057957
-0.0647553 0.620689 -0.166787
0.0105271 0.599786 -0.142053
-0.0708313 0.677852 -0.16184
0.0153434 0.600298 -0.156893
-0.0662743 0.634979 -0.156893
-0.0677933 0.64927 -0.156893
0.00571081 0.599274 -0.0975316
-0.066015 0.678364 -0.127212
-0.0682996 0.654034 -0.156893
-0.0419336 0.680923 -0.0727975
-0.0693123 0.663561 -0.176681
-0.0642489 0.615925 -0.0876379
-0.0622236 0.596871 -0.151947
-0.0662743 0.634979 -0.137106
-0.0637426 0.611161 -0.151947
0.00876101 0.662225 -0.117319
-0.0617172 0.592107 -0.0777443
-0.0667806 0.639743 -0.151947
-0.0515662 0.679899 -0.226149
-0.0672869 0.644507 -0.151947
-0.0274847 0.682459 -0.156893
0.01028 0.647934 -0.0727975
-0.0677933 0.64927 -0.151947
0.00571081 0.599274 -0.0925848
-0.066015 0.678364 -0.117319
-0.0682996 0.654034 -0.151947
-0.0376358 0.594667 -0.171734
0.0128117 0.624116 -0.191521
-0.0708313 0.677852 -0.151947
0.0153434 0.600298 -0.147
-0.0622236 0.596871 -0.147
-0.0662743 0.634979 -0.132159
-0.0627299 0.601634 -0.147
-0.0637426 0.611161 -0.147
-0.0627299 0.601634 -0.171734
-0.068806 0.658797 -0.0727975
-0.000624493 0.613053 -0.057957
-0.0617172 0.592107 -0.0727975
0.00977368 0.652698 -0.0975316
-0.0657679 0.630216 -0.147
-0.0667806 0.639743 -0.147
-0.066015 0.678364 -0.112372
-0.0682996 0.654034 -0.147
-0.0353512 0.618997 -0.231096
0.011799 0.633643 -0.176681
-0.0708313 0.677852 -0.147
-0.0226684 0.682971 -0.216255
-0.055629 0.626476 -0.231096
-0.0662743 0.634979 -0.142053
-0.0677933 0.64927 -0.142053
-0.0191241 0.649626 -0.057957
-0.0642489 0.615925 -0.147
-0.0693123 0.663561 -0.142053
-0.0708313 0.677852 -0.142053
-0.0287566 0.648602 -0.231096
-0.0632363 0.606398 -0.137106
-0.0254594 0.663405 -0.231096
-0.0231869 0.596203 -0.0678507
-0.0627299 0.601634 -0.156893
-0.0617172 0.592107 -0.0629038
0.00977368 0.652698 -0.0876379
-0.0667806 0.639743 -0.137106
-0.0335729 0.64809 -0.057957
0.0138244 0.614589 -0.221202
0.0123054 0.62888 -0.117319
-0.0677933 0.64927 -0.137106
0.00495739 0.652186 -0.231096
0.00571081 0.599274 -0.102478
-0.0627299 0.601634 -0.132159
-0.0632363 0.606398 -0.132159
-0.0627299 0.601634 -0.16184
-0.068806 0.658797 -0.112372
0.00977368 0.652698 -0.0925848
-0.0647553 0.620689 -0.132159
-0.0657679 0.630216 -0.132159
0.01028 0.647934 -0.057957
0.0123054 0.62888 -0.112372
-0.0130358 0.683995 -0.127212
-0.00340326 0.685019 -0.102478
-0.070325 0.673088 -0.137106
-0.0520847 0.593131 -0.151947
0.00977368 0.652698 -0.107425
-0.0698186 0.668324 -0.137106
-0.0693123 0.663561 -0.132159
-0.0647553 0.620689 -0.0777443
0.0105271 0.599786 -0.112372
-0.0622236 0.596871 -0.127212
-0.00873806 0.597739 -0.117319
-0.0657679 0.630216 -0.171734
-0.0627299 0.601634 -0.127212
0.00876101 0.662225 -0.191521
-0.0652616 0.625452 -0.127212
-0.0657679 0.630216 -0.127212
-0.0662743 0.634979 -0.127212
0.0123054 0.62888 -0.166787
-0.0376358 0.594667 -0.102478
-0.00340326 0.685019 -0.132159
-0.070325 0.673088 -0.156893
-0.0637426 0.611161 -0.137106
-0.068806 0.658797 -0.127212
-0.0520847 0.593131 -0.147
-0.0130358 0.683995 -0.186574
-0.00340326 0.685019 -0.16184
-0.070325 0.673088 -0.127212
-0.0231869 0.596203 -0.132159
0.00876101 0.662225 -0.196468
-0.0652616 0.625452 -0.122266
-0.0667806 0.639743 -0.122266
-0.0107634 0.616793 -0.231096
0.0138244 0.614589 -0.206362
0.0123054 0.62888 -0.132159
-0.0677933 0.64927 -0.122266
-0.0280032 0.595691 -0.0727975
-0.0682996 0.654034 -0.122266
-0.070325 0.673088 -0.151947
-0.0698186 0.668324 -0.142053
-0.0622236 0.596871 -0.142053
-0.0269784 0.677695 -0.057957
-0.00289692 0.680255 -0.231096
-0.0642489 0.615925 -0.151947
-0.0693123 0.663561 -0.122266
-0.0647553 0.620689 -0.0876379
-0.0693123 0.663561 -0.117319
-0.0566417 0.636003 -0.231096
-0.0657679 0.630216 -0.117319
-0.0667806 0.639743 -0.132159
-0.068806 0.658797 -0.117319
-0.0617172 0.592107 -0.112372
-0.068806 0.658797 -0.057957
-0.0627299 0.601634 -0.112372
-0.0424521 0.594155 -0.057957
-0.0677933 0.64927 -0.112372
0.00571081 0.599274 -0.147
0.0112927 0.638407 -0.0629038
-0.00873806 0.597739 -0.166787
0.011799 0.633643 -0.171734
-0.0130358 0.683995 -0.147
-0.070325 0.673088 -0.112372
-0.0338322 0.604706 -0.231096
-0.0467499 0.680411 -0.216255
-0.0617172 0.592107 -0.107425
-0.0662743 0.634979 -0.0629038
0.00622932 0.686043 -0.226149
-0.0657679 0.630216 -0.151947
-0.0627299 0.601634 -0.107425
-0.0231869 0.596203 -0.122266
-0.0677933 0.64927 -0.107425
-0.0376358 0.594667 -0.132159
-0.0698186 0.668324 -0.16184
-0.00340326 0.685019 -0.186574
-0.0421928 0.637539 -0.231096
-0.0361046 0.671908 -0.231096
-0.0693123 0.663561 -0.107425
-0.0647553 0.620689 -0.102478
-0.00873806 0.597739 -0.171734
-0.0698186 0.668324 -0.107425
-0.0617172 0.592107 -0.102478
-0.0657679 0.630216 -0.186574
-0.0120232 0.674468 -0.231096
-0.068806 0.658797 -0.102478
0.00977368 0.652698 -0.127212
-0.0622236 0.596871 -0.102478
-0.00873806 0.597739 -0.0925848
-0.0627299 0.601634 -0.102478
-0.0622236 0.596871 -0.122266
-0.00873806 0.597739 -0.127212
-0.0274847 0.682459 -0.216255
-0.0520847 0.593131 -0.137106
-0.0632363 0.606398 -0.166787
0.013318 0.619353 -0.057957
-0.0657679 0.630216 -0.102478
0.011799 0.633643 -0.132159
-0.0274847 0.682459 -0.122266
0.01028 0.647934 -0.0876379
-0.0677933 0.64927 -0.102478
0.00571081 0.599274 -0.137106
-0.0376358 0.594667 -0.127212
-0.00392177 0.59825 -0.196468
-0.0520847 0.593131 -0.221202
-0.0647553 0.620689 -0.0826911
-0.0698186 0.668324 -0.102478
-0.068806 0.658797 -0.0975316
-0.0622236 0.596871 -0.0975316
-0.0637426 0.611161 -0.142053
-0.068806 0.658797 -0.122266
0.0105271 0.599786 -0.206362
-0.0632363 0.606398 -0.0975316
-0.0652616 0.625452 -0.0975316
-0.0657679 0.630216 -0.0975316
0.011799 0.633643 -0.137106
-0.0662743 0.634979 -0.0975316
-0.00999781 0.655413 -0.231096
-0.0274847 0.682459 -0.117319
0.01028 0.647934 -0.0925848
-0.0677933 0.64927 -0.0975316
-0.00797247 0.636359 -0.057957
-0.0280032 0.595691 -0.0925848
0.00571081 0.599274 -0.156893
-0.0698186 0.668324 -0.0975316
-0.0627299 0.601634 -0.0925848
-0.0627299 0.601634 -0.0975316
-0.0657679 0.630216 -0.0925848
-0.0662743 0.634979 -0.0925848
-0.0102571 0.612029 -0.231096
0.01028 0.647934 -0.0826911
-0.0642489 0.615925 -0.226149
-0.0637426 0.611161 -0.16184
-0.0231869 0.596203 -0.0925848
-0.0657679 0.630216 -0.176681
0.00977368 0.652698 -0.112372
-0.0622236 0.596871 -0.0876379
-0.0682996 0.654034 -0.216255
-0.0657679 0.630216 -0.0876379
0.011799 0.633643 -0.142053
-0.0662743 0.634979 -0.0876379
-0.0622236 0.596871 -0.186574
-0.0672869 0.644507 -0.0876379
-0.0617172 0.592107 -0.231096
-0.068806 0.658797 -0.0876379
-0.0693123 0.663561 -0.0975316
-0.0657679 0.630216 -0.231096
-0.0617172 0.592107 -0.057957
-0.0698186 0.668324 -0.0876379
0.0105271 0.599786 -0.201415
-0.068806 0.658797 -0.151947
-0.0637426 0.611161 -0.171734
-0.0231869 0.596203 -0.0826911
-0.0467499 0.680411 -0.191521
-0.0617172 0.592107 -0.0826911
-0.0622236 0.596871 -0.0826911
-0.05411 0.612185 -0.231096
-0.0383892 0.647578 -0.231096
-0.0637426 0.611161 -0.176681
0.0105271 0.599786 -0.196468
-0.0627299 0.601634 -0.0826911
-0.0424521 0.594155 -0.0826911
-0.0617172 0.592107 -0.117319
-0.0492937 0.612697 -0.231096
-0.0348449 0.614233 -0.231096
0.00876101 0.662225 -0.186574
-0.0622236 0.596871 -0.117319
-0.00873806 0.597739 -0.132159
-0.0419336 0.680923 -0.0925848
-0.0693123 0.663561 -0.166787
-0.0642489 0.615925 -0.0826911
-0.0355983 0.667144 -0.057957
-0.0274847 0.682459 -0.211308
-0.0520847 0.593131 -0.132159
-0.0708313 0.677852 -0.0925848
-0.0627299 0.601634 -0.0876379
-0.0657679 0.630216 -0.0826911
-0.0348449 0.614233 -0.057957
0.011799 0.633643 -0.102478
-0.0667806 0.639743 -0.0826911
-0.0432055 0.647066 -0.231096
-0.0335729 0.64809 -0.231096
-0.0647553 0.620689 -0.151947
-0.00340326 0.685019 -0.176681
-0.0708313 0.677852 -0.0826911
-0.0419336 0.680923 -0.102478
-0.0693123 0.663561 -0.231096
-0.0642489 0.615925 -0.117319
0.011799 0.633643 -0.156893
-0.0622236 0.596871 -0.0777443
-0.0647553 0.620689 -0.107425
-0.0693123 0.663561 -0.0777443
-0.0627299 0.601634 -0.0777443
0.0107864 0.64317 -0.0876379
0.00825467 0.666988 -0.201415
-0.0698186 0.668324 -0.0826911
-0.0637426 0.611161 -0.0777443
-0.0110105 0.664941 -0.057957
-0.0135544 0.597227 -0.171734
-0.00392177 0.59825 -0.112372
-0.0231869 0.596203 -0.137106
0.00876101 0.662225 -0.201415
-0.0652616 0.625452 -0.0777443
-0.0667806 0.639743 -0.0777443
-0.0178521 0.683483 -0.196468
-0.0345856 0.657617 -0.231096
-0.0672869 0.644507 -0.0777443
0.00977368 0.652698 -0.16184
-0.0642489 0.615925 -0.211308
-0.00392177 0.59825 -0.171734
-0.068806 0.658797 -0.0777443
-0.0657679 0.630216 -0.221202
0.00977368 0.652698 -0.102478
-0.00340326 0.685019 -0.171734
-0.0708313 0.677852 -0.0777443
-0.0637426 0.611161 -0.0727975
-0.032301 0.681947 -0.0727975
-0.0647553 0.620689 -0.0727975
-0.0652616 0.625452 -0.0727975
-0.0520847 0.593131 -0.057957
-0.00392177 0.59825 -0.127212
-0.0677933 0.64927 -0.0727975
-0.00392177 0.59825 -0.176681
-0.0652616 0.625452 -0.171734
-0.061458 0.635491 -0.057957
-0.0693123 0.663561 -0.0727975
-0.0627299 0.601634 -0.231096
-0.0698186 0.668324 -0.0727975
-0.0622236 0.596871 -0.0678507
-0.0647553 0.620689 -0.112372
-0.0632363 0.606398 -0.0678507
-0.0637426 0.611161 -0.0678507
-0.0515662 0.679899 -0.122266
-0.0642489 0.615925 -0.0678507
0.0153434 0.600298 -0.181628
-0.00392177 0.59825 -0.132159
-0.0652616 0.625452 -0.0678507
-0.00392177 0.59825 -0.201415
-0.032301 0.681947 -0.181628
-0.0677933 0.64927 -0.0777443
-0.0657679 0.630216 -0.0678507
-0.032301 0.681947 -0.186574
-0.0677933 0.64927 -0.0678507
0.00571081 0.599274 -0.176681
-0.068806 0.658797 -0.0678507
-0.0467499 0.680411 -0.226149
-0.0617172 0.592107 -0.122266
-0.0642489 0.615925 -0.137106
-0.0693123 0.663561 -0.127212
-0.0708313 0.677852 -0.0678507
-0.0178521 0.683483 -0.221202
-0.0652616 0.625452 -0.0925848
-0.0632363 0.606398 -0.0629038
-0.0667806 0.639743 -0.117319
-0.0637426 0.611161 -0.0629038
-0.070325 0.673088 -0.142053
-0.0465028 0.632264 -0.231096
-0.066015 0.678364 -0.057957
0.0128117 0.624116 -0.0925848
-0.0652616 0.625452 -0.0629038
-0.0667806 0.639743 -0.0629038
-0.0376358 0.594667 -0.0975316
-0.00113083 0.617817 -0.231096
-0.068806 0.658797 -0.0629038
-0.0698186 0.668324 -0.0629038
-0.0274847 0.682459 -0.201415
-0.0520847 0.593131 -0.171734
0.00977368 0.652698 -0.0777443
-0.0708313 0.677852 -0.0629038
0.0153434 0.600298 -0.231096
0.0138244 0.614589 -0.181628
-0.0280032 0.595691 -0.122266
-0.0376358 0.594667 -0.211308
0.0112927 0.638407 -0.231096
-0.0239403 0.649114 -0.231096
0.0107864 0.64317 -0.231096
-0.0634833 0.654546 -0.231096
-0.0274847 0.682459 -0.16184
0.00977368 0.652698 -0.231096
-0.0667806 0.639743 -0.107425
0.00876101 0.662225 -0.231096
0.00825467 0.666988 -0.231096
-0.0672869 0.644507 -0.171734
0.00774833 0.671752 -0.231096
-0.0472684 0.593643 -0.0678507
-0.0698186 0.668324 -0.112372
-0.056901 0.592619 -0.191521
-0.0652616 0.625452 -0.142053
0.00799541 0.623604 -0.231096
0.00977368 0.652698 -0.211308
0.000894517 0.598762 -0.176681
0.00748907 0.628368 -0.231096
-0.0378829 0.642815 -0.231096
-0.0672869 0.644507 -0.132159
0.00724199 0.676515 -0.0629038
-0.0328195 0.595179 -0.221202
0.00951442 0.609313 -0.231096
0.00622932 0.686043 -0.142053
0.00597006 0.642658 -0.231096
-0.0622236 0.596871 -0.0727975
0.00445105 0.656949 -0.231096
0.00394472 0.661713 -0.231096
-0.0632363 0.606398 -0.107425
-0.0708313 0.677852 -0.122266
0.00242571 0.676004 -0.231096
0.00191937 0.680767 -0.231096
-0.0682996 0.654034 -0.0678507
-0.0520847 0.593131 -0.231096
-0.0677933 0.64927 -0.171734
0.00571081 0.599274 -0.231096
-0.023434 0.64435 -0.057957
0.00469813 0.608801 -0.231096
0.0041918 0.613565 -0.231096
-0.0652616 0.625452 -0.151947
0.00317912 0.623092 -0.231096
-0.0328195 0.595179 -0.0975316
0.00267278 0.627856 -0.231096
0.0138244 0.614589 -0.0975316
0.01028 0.647934 -0.231096
-0.0622236 0.596871 -0.216255
0.013318 0.619353 -0.0629038
-0.0708313 0.677852 -0.117319
0.000141101 0.651674 -0.231096
0.00673566 0.681279 -0.0727975
-0.000365236 0.656437 -0.231096
-0.0244467 0.653878 -0.057957
-0.00137791 0.665964 -0.231096
-0.0637426 0.611161 -0.0876379
-0.0231869 0.596203 -0.0975316
0.00876101 0.662225 -0.181628
-0.0672869 0.644507 -0.0629038
-0.0657679 0.630216 -0.057957
0.00622932 0.686043 -0.127212
-0.0399082 0.661869 -0.057957
0.0100208 0.60455 -0.231096
-0.000118157 0.60829 -0.231096
0.011799 0.633643 -0.191521
-0.000624493 0.613053 -0.231096
0.0123054 0.62888 -0.201415
0.0143307 0.609825 -0.231096
-0.0376358 0.594667 -0.0826911
-0.00315618 0.636871 -0.231096
-0.0672869 0.644507 -0.156893
-0.0061942 0.665452 -0.231096
-0.068806 0.658797 -0.0925848
-0.00720687 0.67498 -0.231096
-0.00771321 0.679743 -0.231096
-0.00594712 0.617305 -0.231096
-0.0708313 0.677852 -0.191521
-0.032301 0.681947 -0.191521
-0.0677933 0.64927 -0.0629038
-0.00645346 0.622068 -0.231096
-0.0130358 0.683995 -0.142053
-0.00340326 0.685019 -0.112372
-0.070325 0.673088 -0.176681
-0.0622236 0.596871 -0.166787
-0.0224213 0.634823 -0.057957
-0.0084788 0.641123 -0.231096
-0.0662743 0.634979 -0.186574
-0.00949148 0.65065 -0.231096
-0.0105042 0.660177 -0.231096
-0.0467499 0.680411 -0.057957
0.0128117 0.624116 -0.142053
-0.0563824 0.679387 -0.186574
-0.0110105 0.664941 -0.231096
0.011799 0.633643 -0.122266
-0.0115168 0.669704 -0.231096
-0.0657679 0.630216 -0.107425
0.011799 0.633643 -0.127212
-0.00873806 0.597739 -0.231096
-0.0627299 0.601634 -0.206362
0.00038818 0.603526 -0.231096
-0.068806 0.658797 -0.181628
0.00977368 0.652698 -0.0678507
-0.0130358 0.683995 -0.176681
-0.00340326 0.685019 -0.147
-0.070325 0.673088 -0.0925848
-0.0092444 0.602502 -0.231096
-0.00975074 0.607266 -0.231096
-0.0117761 0.62632 -0.231096
-0.0520847 0.593131 -0.201415
-0.00315618 0.636871 -0.057957
0.014837 0.605062 -0.0975316
-0.0376358 0.594667 -0.166787
-0.0708313 0.677852 -0.156893
0.00141303 0.685531 -0.196468
-0.00670054 0.670216 -0.057957
-0.00999781 0.655413 -0.057957
-0.0647553 0.620689 -0.231096
-0.0105042 0.660177 -0.057957
-0.0622236 0.596871 -0.112372
-0.0693123 0.663561 -0.057957
-0.00873806 0.597739 -0.137106
-0.0376358 0.594667 -0.117319
-0.00392177 0.59825 -0.211308
-0.0120232 0.674468 -0.057957
-0.00720687 0.67498 -0.057957
-0.0280032 0.595691 -0.0678507
0.00571081 0.599274 -0.132159
-0.0698186 0.668324 -0.0678507
0.014837 0.605062 -0.057957
-0.0439711 0.608446 -0.057957
-0.057148 0.640767 -0.231096
-0.0647553 0.620689 -0.127212
0.00926734 0.657461 -0.057957
-0.0117761 0.62632 -0.057957
0.0128117 0.624116 -0.0727975
-0.0693123 0.663561 -0.171734
-0.0698186 0.668324 -0.0925848
-0.0647553 0.620689 -0.0629038
-0.00695979 0.626832 -0.057957
-0.0419336 0.680923 -0.107425
-0.0642489 0.615925 -0.122266
0.00977368 0.652698 -0.0727975
0.011799 0.633643 -0.186574
-0.0168395 0.673956 -0.057957
-0.052591 0.597895 -0.231096
-0.00568786 0.660689 -0.057957
-0.032301 0.681947 -0.226149
-0.0677933 0.64927 -0.132159
-0.0178521 0.683483 -0.057957
-0.00239058 0.675492 -0.231096
-0.0381421 0.59943 -0.057957
0.0107864 0.64317 -0.216255
0.00774833 0.671752 -0.057957
0.0143307 0.609825 -0.147
-0.0140607 0.60199 -0.057957
-0.0698186 0.668324 -0.191521
0.00825467 0.666988 -0.196468
-0.0181114 0.640099 -0.057957
-0.0632363 0.606398 -0.147
-0.0708313 0.677852 -0.127212
0.0153434 0.600298 -0.166787
-0.0226684 0.682971 -0.231096
0.0128117 0.624116 -0.231096
-0.0196304 0.65439 -0.057957
0.0153434 0.600298 -0.191521
-0.056901 0.592619 -0.206362
-0.0657679 0.630216 -0.156893
0.00926734 0.657461 -0.231096
-0.0419336 0.680923 -0.221202
-0.066015 0.678364 -0.132159
-0.0682996 0.654034 -0.16184
-0.0376358 0.594667 -0.186574
-0.061458 0.635491 -0.231096
-0.0211494 0.66868 -0.057957
-0.0206431 0.663917 -0.057957
-0.064496 0.664073 -0.231096
-0.00949148 0.65065 -0.057957
-0.0163331 0.669192 -0.057957
-0.0698186 0.668324 -0.127212
-0.029263 0.653366 -0.231096
-0.0130358 0.683995 -0.151947
-0.00340326 0.685019 -0.122266
-0.070325 0.673088 -0.117319
-0.0622236 0.596871 -0.0629038
-0.00873806 0.597739 -0.186574
-0.0467499 0.680411 -0.0727975
-0.0209023 0.620533 -0.057957
0.00977368 0.652698 -0.191521
-0.0472684 0.593643 -0.0975316
0.000894517 0.598762 -0.206362
0.00622932 0.686043 -0.102478
-0.0662743 0.634979 -0.176681
-0.0229277 0.639587 -0.057957
0.00977368 0.652698 -0.201415
-0.0366109 0.676672 -0.057957
-0.0376358 0.594667 -0.142053
-0.0667806 0.639743 -0.0975316
-0.0312883 0.67242 -0.231096
-0.0130358 0.683995 -0.226149
-0.0183706 0.596715 -0.0876379
-0.0637426 0.611161 -0.0826911
-0.068806 0.658797 -0.166787
-0.0520847 0.593131 -0.0925848
0.011799 0.633643 -0.16184
-0.0130358 0.683995 -0.211308
-0.070325 0.673088 -0.102478
-0.0520847 0.593131 -0.191521
-0.00873806 0.597739 -0.057957
-0.024953 0.658641 -0.057957
-0.0622236 0.596871 -0.171734
-0.0650023 0.668836 -0.231096
0.0112927 0.638407 -0.201415
-0.0254594 0.663405 -0.057957
0.0112927 0.638407 -0.132159
0.00673566 0.681279 -0.181628
-0.0214087 0.625296 -0.057957
-0.068806 0.658797 -0.206362
-0.0520847 0.593131 -0.0826911
0.013318 0.619353 -0.122266
-0.0627299 0.601634 -0.176681
0.00825467 0.666988 -0.226149
0.0107864 0.64317 -0.057957
-0.0627299 0.601634 -0.0727975
-0.0515662 0.679899 -0.191521
-0.0672869 0.644507 -0.166787
-0.0274847 0.682459 -0.142053
0.01028 0.647934 -0.0678507
-0.0632363 0.606398 -0.0826911
-0.0589263 0.611673 -0.057957
0.0128117 0.624116 -0.057957
-0.0061942 0.665452 -0.057957
-0.0231869 0.596203 -0.057957
-0.0538508 0.655569 -0.057957
-0.00873806 0.597739 -0.122266
-0.0470091 0.637027 -0.231096
-0.0693123 0.663561 -0.137106
0.00926734 0.657461 -0.112372
-0.0647553 0.620689 -0.0975316
-0.0290159 0.605218 -0.057957
-0.0272376 0.634311 -0.057957
-0.0383892 0.647578 -0.057957
0.00698274 0.633131 -0.231096
-0.0376358 0.594667 -0.112372
-0.00392177 0.59825 -0.216255
0.0138244 0.614589 -0.137106
-0.0302756 0.662893 -0.057957
-0.00821955 0.684507 -0.191521
-0.064496 0.664073 -0.057957
-0.0652616 0.625452 -0.137106
-0.0693123 0.663561 -0.0629038
-0.0698186 0.668324 -0.156893
-0.0135544 0.597227 -0.057957
-0.0236933 0.600966 -0.057957
-0.0155797 0.616281 -0.231096
0.00520447 0.604038 -0.231096
0.01028 0.647934 -0.181628
-0.0317947 0.677184 -0.057957
0.00825467 0.666988 -0.221202
-0.0523317 0.641279 -0.057957
-0.0518254 0.636515 -0.231096
-0.0475155 0.641791 -0.231096
-0.032301 0.681947 -0.057957
-0.0457372 0.670884 -0.057957
-0.0530973 0.602658 -0.057957
0.00876101 0.662225 -0.0975316
-0.0563824 0.679387 -0.231096
-0.0611987 0.678875 -0.151947
0.00394472 0.661713 -0.057957
-0.0310412 0.624272 -0.057957
-0.0280032 0.595691 -0.211308
-0.0510598 0.675136 -0.057957
-0.00340326 0.685019 -0.142053
-0.070325 0.673088 -0.147
-0.0181114 0.640099 -0.231096
0.0128117 0.624116 -0.196468
-0.0520847 0.593131 -0.142053
-0.00163717 0.62258 -0.231096
-0.0677933 0.64927 -0.117319
-0.0515662 0.679899 -0.117319
-0.0122824 0.631084 -0.057957
-0.0252123 0.615257 -0.057957
0.0143307 0.609825 -0.186574
-0.0657679 0.630216 -0.112372
-0.0186177 0.644862 -0.057957
0.011799 0.633643 -0.0678507
0.00571081 0.599274 -0.201415
-0.0282503 0.643838 -0.057957
-0.0622236 0.596871 -0.156893
-0.0662743 0.634979 -0.201415
-0.0297693 0.658129 -0.057957
-0.062977 0.649782 -0.231096
-0.00366251 0.641635 -0.057957
-0.0350919 0.662381 -0.057957
-0.0274847 0.682459 -0.171734
-0.0092444 0.602502 -0.057957
-0.0677933 0.64927 -0.176681
-0.0662743 0.634979 -0.117319
0.00571081 0.599274 -0.0678507
-0.0424521 0.594155 -0.221202
-0.0698186 0.668324 -0.216255
-0.0698186 0.668324 -0.0777443
-0.00137791 0.665964 -0.057957
-0.0470091 0.637027 -0.057957
-0.0259657 0.668168 -0.057957
-0.0178521 0.683483 -0.216255
-0.0652616 0.625452 -0.147
-0.0591734 0.659821 -0.057957
-0.066015 0.678364 -0.186574
0.0143307 0.609825 -0.102478
-0.0371173 0.681435 -0.057957
-0.0632363 0.606398 -0.122266
-0.052591 0.597895 -0.057957
-0.0021435 0.627344 -0.231096
-0.00670054 0.670216 -0.231096
-0.00771321 0.679743 -0.057957
-0.0627299 0.601634 -0.0629038
0.0107864 0.64317 -0.0727975
0.00926734 0.657461 -0.0975316
-0.0536037 0.607422 -0.057957
-0.0505535 0.670372 -0.231096
-0.055629 0.626476 -0.057957
-0.0274847 0.682459 -0.191521
-0.0520847 0.593131 -0.16184
0.011799 0.633643 -0.181628
-0.0579136 0.602146 -0.231096
-0.0652616 0.625452 -0.216255
-0.0561354 0.63124 -0.057957
0.00926734 0.657461 -0.0925848
0.0123054 0.62888 -0.231096
-0.00821955 0.684507 -0.122266
-0.0396611 0.613721 -0.057957
-0.0173458 0.678719 -0.057957
-0.0485281 0.651318 -0.057957
-0.0148141 0.654901 -0.057957
-0.00392177 0.59825 -0.117319
-0.056901 0.592619 -0.0777443
-0.0247059 0.610493 -0.057957
-0.0627299 0.601634 -0.057957
-0.0424521 0.594155 -0.0629038
-0.0401675 0.618485 -0.231096
-0.0579136 0.602146 -0.057957
-0.0305349 0.619509 -0.057957
-0.056901 0.592619 -0.132159
-0.0409209 0.671396 -0.057957
-0.0515662 0.679899 -0.0826911
0.00673566 0.681279 -0.0925848
-0.0662743 0.634979 -0.0777443
-0.068806 0.658797 -0.0826911
-0.0328195 0.595179 -0.057957
-0.0622236 0.596871 -0.132159
-0.0546163 0.616949 -0.057957
-0.0515662 0.679899 -0.201415
0.0112927 0.638407 -0.0777443
-0.0672869 0.644507 -0.176681
-0.0274847 0.682459 -0.132159
0.01028 0.647934 -0.191521
-0.0632363 0.606398 -0.0876379
-0.00797247 0.636359 -0.231096
-0.0424521 0.594155 -0.216255
-0.0300286 0.614745 -0.057957
-0.0611987 0.678875 -0.057957
-0.0231869 0.596203 -0.191521
0.0112927 0.638407 -0.112372
-0.0672869 0.644507 -0.0727975
-0.0214087 0.625296 -0.231096
-0.0594326 0.616437 -0.057957
-0.0183706 0.596715 -0.176681
-0.05842 0.60691 -0.057957
-0.0452309 0.666121 -0.057957
-0.0647553 0.620689 -0.057957
0.0112927 0.638407 -0.0678507
-0.0295222 0.609981 -0.231096
-0.0698186 0.668324 -0.166787
-0.0553698 0.66986 -0.057957
-0.032301 0.681947 -0.216255
-0.0503064 0.622224 -0.057957
-0.0698186 0.668324 -0.181628
-0.0693123 0.663561 -0.0925848
-0.0241996 0.60573 -0.057957
-0.0682996 0.654034 -0.127212
0.0105271 0.599786 -0.176681
-0.0333258 0.599942 -0.057957
0.0128117 0.624116 -0.0629038
-0.00821955 0.684507 -0.231096
0.00900809 0.614077 -0.057957
-0.0447245 0.661357 -0.057957
-0.0155797 0.616281 -0.057957
-0.00392177 0.59825 -0.0826911
-0.056901 0.592619 -0.122266
0.00673566 0.681279 -0.0777443
-0.0465028 0.632264 -0.057957
-0.0652616 0.625452 -0.057957
-0.0677933 0.64927 -0.0876379
-0.00746613 0.631595 -0.057957
-0.0667806 0.639743 -0.057957
-0.0609516 0.630728 -0.231096
-0.0515662 0.679899 -0.206362
0.00724199 0.676515 -0.0777443
-0.021915 0.63006 -0.057957
0.000894517 0.598762 -0.0678507
-0.0183706 0.596715 -0.0975316
-0.0543571 0.660333 -0.057957
0.013318 0.619353 -0.16184
-0.0662743 0.634979 -0.16184
-0.0622236 0.596871 -0.226149
-0.0434648 0.603682 -0.057957
0.00571081 0.599274 -0.166787
-0.0280032 0.595691 -0.201415
-0.0280032 0.595691 -0.057957
0.0138244 0.614589 -0.142053
0.00977368 0.652698 -0.057957
-0.059939 0.621201 -0.057957
0.0153434 0.600298 -0.0629038
-0.056901 0.592619 -0.147
0.0041918 0.613565 -0.057957
-0.0667806 0.639743 -0.176681
-0.0662743 0.634979 -0.166787
-0.0558761 0.674624 -0.231096
-0.0622236 0.596871 -0.181628
-0.0558761 0.674624 -0.057957
-0.0667806 0.639743 -0.171734
-0.0487874 0.607934 -0.057957
-0.070325 0.673088 -0.216255
0.014837 0.605062 -0.0777443
-0.0652616 0.625452 -0.132159
-0.0231869 0.596203 -0.151947
-0.0609516 0.630728 -0.057957
-0.00340326 0.685019 -0.156893
-0.070325 0.673088 -0.132159
-0.0672869 0.644507 -0.231096
-0.00416885 0.646398 -0.231096
-0.0652616 0.625452 -0.191521
0.0128117 0.624116 -0.166787
-0.0520847 0.593131 -0.166787
-0.048281 0.60317 -0.057957
0.00368546 0.618329 -0.057957
-0.0490345 0.656081 -0.057957
-0.0657679 0.630216 -0.0777443
0.011799 0.633643 -0.107425
-0.026472 0.672932 -0.057957
0.00571081 0.599274 -0.107425
0.0138244 0.614589 -0.151947
-0.0280032 0.595691 -0.142053
-0.0130358 0.683995 -0.057957
-0.0424521 0.594155 -0.0876379
-0.0574073 0.597383 -0.057957
-0.0406738 0.623248 -0.231096
-0.0515662 0.679899 -0.132159
0.00673566 0.681279 -0.142053
-0.0444774 0.613209 -0.231096
-0.0229277 0.639587 -0.231096
-0.0178521 0.683483 -0.0826911
-0.0183706 0.596715 -0.171734
-0.0642489 0.615925 -0.132159
0.00622932 0.686043 -0.0876379
-0.0132951 0.640611 -0.231096
-0.0624707 0.645018 -0.057957
-0.0462435 0.675648 -0.231096
-0.00366251 0.641635 -0.231096
-0.0274847 0.682459 -0.206362
-0.0520847 0.593131 -0.176681
0.0128117 0.624116 -0.181628
-0.0467499 0.680411 -0.221202
-0.0617172 0.592107 -0.127212
-0.0662743 0.634979 -0.0678507
-0.0411802 0.628012 -0.057957
-0.0634833 0.654546 -0.057957
-0.0617172 0.592107 -0.156893
-0.0619643 0.640255 -0.057957
0.00622932 0.686043 -0.211308
-0.0657679 0.630216 -0.137106
-0.0490345 0.656081 -0.231096
0.01028 0.647934 -0.171734
-0.0515662 0.679899 -0.221202
0.00724199 0.676515 -0.057957
0.013318 0.619353 -0.142053
-0.0437118 0.65183 -0.057957
-0.0632363 0.606398 -0.117319
0.0112927 0.638407 -0.221202
-0.0515662 0.679899 -0.057957
-0.0480218 0.646554 -0.057957
-0.0467499 0.680411 -0.0876379
-0.0622236 0.596871 -0.231096
0.011799 0.633643 -0.057957
-0.0201367 0.659153 -0.231096
-0.0672869 0.644507 -0.226149
-0.0601861 0.669348 -0.057957
-0.0708313 0.677852 -0.216255
-0.0677933 0.64927 -0.181628
-0.0622236 0.596871 -0.137106
-0.0285096 0.600454 -0.231096
0.0123054 0.62888 -0.171734
0.00977368 0.652698 -0.166787
-0.0274847 0.682459 -0.057957
-0.0328195 0.595179 -0.171734
-0.0515662 0.679899 -0.147
0.00673566 0.681279 -0.166787
-0.020396 0.615769 -0.057957
-0.0627299 0.601634 -0.151947
-0.0693123 0.663561 -0.112372
-0.0662743 0.634979 -0.057957
-0.0530973 0.602658 -0.231096
-0.0657679 0.630216 -0.166787
-0.0627299 0.601634 -0.122266
-0.0424521 0.594155 -0.0925848
-0.00975074 0.607266 -0.057957
-0.0391548 0.608958 -0.231096
0.01028 0.647934 -0.156893
0.00876101 0.662225 -0.122266
-0.0361046 0.671908 -0.057957
-0.0231869 0.596203 -0.107425
-0.0652616 0.625452 -0.226149
-0.0426992 0.642303 -0.057957
-0.0708313 0.677852 -0.107425
0.0123054 0.62888 -0.176681
0.00216645 0.632619 -0.231096
0.00571081 0.599274 -0.186574
-0.070325 0.673088 -0.0975316
-0.0667806 0.639743 -0.112372
-0.0153204 0.659665 -0.057957
-0.0376358 0.594667 -0.206362
-0.0193833 0.606242 -0.231096
-0.066015 0.678364 -0.191521
0.0143307 0.609825 -0.0975316
-0.0637426 0.611161 -0.156893
-0.0328195 0.595179 -0.122266
-0.0698186 0.668324 -0.151947
-0.0617172 0.592107 -0.147
-0.0505535 0.670372 -0.057957
-0.066015 0.678364 -0.142053
-0.0312883 0.67242 -0.057957
-0.0622236 0.596871 -0.057957
-0.0693123 0.663561 -0.0876379
0.0105271 0.599786 -0.221202
-0.0404146 0.666632 -0.057957
-0.0639897 0.659309 -0.057957
-0.0424521 0.594155 -0.122266
-0.0353512 0.618997 -0.057957
-0.0388956 0.652342 -0.057957
-0.0135544 0.597227 -0.0629038
-0.0682996 0.654034 -0.107425
0.0105271 0.599786 -0.147
-0.0637426 0.611161 -0.226149
0.00825467 0.666988 -0.0826911
-0.0650023 0.668836 -0.057957
-0.00392177 0.59825 -0.151947
-0.0563824 0.679387 -0.122266
-0.0594326 0.616437 -0.231096
-0.0183706 0.596715 -0.196468
-0.0132951 0.640611 -0.057957
0.00141303 0.685531 -0.0876379
-0.00594712 0.617305 -0.057957
-0.0378829 0.642815 -0.057957
0.0123054 0.62888 -0.0629038
-0.0576544 0.64553 -0.231096
-0.00493445 0.607778 -0.057957
-0.0102571 0.612029 -0.057957
-0.0619643 0.640255 -0.231096
0.00571081 0.599274 -0.221202
-0.0677933 0.64927 -0.16184
-0.0508127 0.626988 -0.231096
0.00571081 0.599274 -0.0777443
-0.0475155 0.641791 -0.057957
0.00876101 0.662225 -0.057957
-0.0672869 0.644507 -0.147
0.0138244 0.614589 -0.231096
0.0123054 0.62888 -0.107425
0.00698274 0.633131 -0.057957
-0.0632363 0.606398 -0.186574
-0.0394019 0.657105 -0.057957
-0.0183706 0.596715 -0.0727975
0.0138244 0.614589 -0.226149
-0.0084788 0.641123 -0.057957
-0.0627299 0.601634 -0.221202
-0.0449838 0.617973 -0.231096
-0.0158268 0.664429 -0.231096
-0.0416865 0.632775 -0.057957
0.00825467 0.666988 -0.181628
-0.0632363 0.606398 -0.0925848
-0.0617172 0.592107 -0.142053
-0.0381421 0.59943 -0.231096
-0.0371173 0.681435 -0.231096
-0.0424521 0.594155 -0.137106
0.00141303 0.685531 -0.191521
-0.0186177 0.644862 -0.231096
-0.0637426 0.611161 -0.057957
-0.0528381 0.646042 -0.057957
-0.0698186 0.668324 -0.132159
-0.056901 0.592619 -0.181628
-0.0662743 0.634979 -0.0826911
-0.0622236 0.596871 -0.196468
0.00724199 0.676515 -0.216255
-0.0518254 0.636515 -0.057957
-0.0328195 0.595179 -0.137106
-0.0198897 0.611005 -0.057957
-0.0667806 0.639743 -0.16184
-0.0495408 0.660845 -0.057957
-0.00163717 0.62258 -0.057957
-0.0178521 0.683483 -0.181628
-0.0652616 0.625452 -0.107425
-0.0429584 0.598918 -0.057957
-0.0652616 0.625452 -0.221202
-0.0708313 0.677852 -0.112372
-0.0462435 0.675648 -0.057957
-0.0143078 0.650138 -0.057957
-0.00493445 0.607778 -0.231096
-0.0269784 0.677695 -0.231096
-0.0406738 0.623248 -0.057957
-0.0677933 0.64927 -0.0925848
0.00571081 0.599274 -0.151947
-0.0492937 0.612697 -0.057957
-0.0366109 0.676672 -0.231096
-0.0520847 0.593131 -0.102478
-0.0325603 0.638563 -0.057957
0.00977368 0.652698 -0.0629038
0.011799 0.633643 -0.147
-0.0693123 0.663561 -0.181628
-0.0647553 0.620689 -0.122266
-0.0426992 0.642303 -0.231096
-0.0642489 0.615925 -0.057957
0.0153434 0.600298 -0.122266
-0.056901 0.592619 -0.112372
-0.00392177 0.59825 -0.0975316
-0.0274847 0.682459 -0.186574
-0.0520847 0.593131 -0.156893
0.0128117 0.624116 -0.156893
0.00267278 0.627856 -0.057957
-0.0449838 0.617973 -0.057957
-0.0130358 0.683995 -0.102478
-0.00340326 0.685019 -0.0777443
0.0064764 0.637895 -0.231096
-0.070325 0.673088 -0.16184
-0.068806 0.658797 -0.107425
0.00977368 0.652698 -0.0826911
-0.00821955 0.684507 -0.057957
-0.0457372 0.670884 -0.231096
-0.068806 0.658797 -0.231096
-0.0520847 0.593131 -0.107425
-0.0135544 0.597227 -0.186574
-0.0338322 0.604706 -0.057957
-0.0107634 0.616793 -0.057957
-0.0376358 0.594667 -0.137106
-0.0652616 0.625452 -0.117319
-0.070325 0.673088 -0.0777443
-0.00416885 0.646398 -0.057957
-0.0345856 0.657617 -0.057957
-0.0130358 0.683995 -0.171734
-0.00340326 0.685019 -0.151947
-0.070325 0.673088 -0.0876379
-0.0355983 0.667144 -0.231096
-0.0165924 0.625808 -0.057957
-0.05411 0.612185 -0.057957
0.0143307 0.609825 -0.166787
0.0123054 0.62888 -0.137106
0.0138244 0.614589 -0.201415
-0.0432055 0.647066 -0.057957
-0.0193833 0.606242 -0.057957
-0.0632363 0.606398 -0.151947
-0.0416865 0.632775 -0.231096
-0.0708313 0.677852 -0.132159
-0.0421928 0.637539 -0.057957
-0.0652616 0.625452 -0.176681
-0.0672869 0.644507 -0.221202
0.00141303 0.685531 -0.206362
0.00495739 0.652186 -0.057957
-0.0376358 0.594667 -0.057957
-0.0632363 0.606398 -0.112372
-0.0130358 0.683995 -0.181628
-0.070325 0.673088 -0.122266
-0.0576544 0.64553 -0.057957
-0.0513191 0.631752 -0.057957
-0.00264984 0.632107 -0.231096
-0.0667806 0.639743 -0.0876379
-0.0201367 0.659153 -0.057957
0.00926734 0.657461 -0.137106
-0.0127888 0.635847 -0.231096
-0.068806 0.658797 -0.132159
0.00115377 0.642147 -0.057957
-0.00340326 0.685019 -0.117319
-0.070325 0.673088 -0.171734
-0.068806 0.658797 -0.142053
0.00977368 0.652698 -0.122266
-0.0647553 0.620689 -0.0678507
-0.016086 0.621044 -0.057957
-0.0371173 0.681435 -0.0826911
0.013318 0.619353 -0.166787
0.00469813 0.608801 -0.057957
-0.0130358 0.683995 -0.196468
-0.070325 0.673088 -0.0629038
-0.0183706 0.596715 -0.057957
-0.070325 0.673088 -0.206362
-0.0698186 0.668324 -0.122266
-0.058667 0.655058 -0.057957
-0.0657679 0.630216 -0.142053
-0.0287566 0.648602 -0.057957
-0.056901 0.592619 -0.186574
-0.0533444 0.650806 -0.057957
0.0112927 0.638407 -0.122266
-0.0376358 0.594667 -0.107425
-0.0444774 0.613209 -0.057957
-0.0472684 0.593643 -0.166787
-0.0419336 0.680923 -0.147
0.00622932 0.686043 -0.151947
-0.0604453 0.625964 -0.057957
-0.0272376 0.634311 -0.231096
-0.0563824 0.679387 -0.0876379
-0.0135544 0.597227 -0.0975316
-0.0667806 0.639743 -0.0925848
-0.0401675 0.618485 -0.057957
-0.0328195 0.595179 -0.117319
-0.0657679 0.630216 -0.0727975
-0.0130358 0.683995 -0.206362
-0.0183706 0.596715 -0.0678507
-0.0391548 0.608958 -0.057957
-0.00264984 0.632107 -0.057957
0.00191937 0.680767 -0.057957
-0.0231869 0.596203 -0.0629038
-0.0642489 0.615925 -0.0975316
-0.0419336 0.680923 -0.057957
-0.0021435 0.627344 -0.057957
-0.032301 0.681947 -0.171734
-0.027744 0.639075 -0.057957
-0.070325 0.673088 -0.181628
-0.00340326 0.685019 -0.057957
-0.0520847 0.593131 -0.181628
-0.00392177 0.59825 -0.191521
-0.00113083 0.617817 -0.057957
-0.0667806 0.639743 -0.102478
-0.0662743 0.634979 -0.112372
0.00926734 0.657461 -0.226149
-0.0657679 0.630216 -0.16184
-0.0627299 0.601634 -0.117319
0.0138244 0.614589 -0.117319
-0.000118157 0.60829 -0.057957
-0.0708313 0.677852 -0.137106
0.00825467 0.666988 -0.0777443
-0.0551227 0.621713 -0.057957
-0.0236933 0.600966 -0.231096
0.00876101 0.662225 -0.107425
-0.0183706 0.596715 -0.132159
-0.0231869 0.596203 -0.201415
-0.0647553 0.620689 -0.142053
-0.0419336 0.680923 -0.171734
0.0105271 0.599786 -0.156893
-0.0280032 0.595691 -0.117319
0.0138244 0.614589 -0.176681
-0.00289692 0.680255 -0.057957
0.013318 0.619353 -0.231096
0.00724199 0.676515 -0.171734
0.00622932 0.686043 -0.231096
0.000894517 0.598762 -0.137106
-0.00239058 0.675492 -0.057957
-0.0652616 0.625452 -0.0876379
-0.00188425 0.670728 -0.057957
0.00926734 0.657461 -0.0629038
-0.0221621 0.678207 -0.231096
-0.000365236 0.656437 -0.057957
0.00166011 0.637383 -0.057957
-0.0642489 0.615925 -0.16184
0.00622932 0.686043 -0.057957
-0.0617172 0.592107 -0.137106
0.011799 0.633643 -0.0629038
-0.0561354 0.63124 -0.231096
-0.0424521 0.594155 -0.102478
0.014837 0.605062 -0.117319
-0.0115168 0.669704 -0.057957
-0.0632363 0.606398 -0.057957
-0.0328195 0.595179 -0.231096
-0.0472684 0.593643 -0.226149
-0.0642489 0.615925 -0.201415
0.00622932 0.686043 -0.137106
-0.0447245 0.661357 -0.231096
-0.0280032 0.595691 -0.0826911
-0.00695979 0.626832 -0.231096
0.00216645 0.632619 -0.057957
-0.056901 0.592619 -0.156893
0.0153434 0.600298 -0.0777443
-0.0652616 0.625452 -0.231096
-0.0274847 0.682459 -0.166787
-0.048281 0.60317 -0.231096
-0.0500471 0.665609 -0.057957
0.0138244 0.614589 -0.0777443
0.00724199 0.676515 -0.132159
-0.0662743 0.634979 -0.102478
-0.0350919 0.662381 -0.231096
-0.00568786 0.660689 -0.231096
0.011799 0.633643 -0.221202
0.000894517 0.598762 -0.156893
0.00520447 0.604038 -0.057957
-0.0708313 0.677852 -0.057957
-0.0632363 0.606398 -0.142053
-0.0328195 0.595179 -0.147
-0.0698186 0.668324 -0.147
-0.0376358 0.594667 -0.176681
0.0128117 0.624116 -0.186574
-0.0617172 0.592107 -0.151947
-0.00518153 0.655925 -0.231096
-0.0551227 0.621713 -0.231096
0.00571081 0.599274 -0.057957
-0.0637426 0.611161 -0.112372
-0.0178521 0.683483 -0.206362
-0.0652616 0.625452 -0.0826911
-0.0135544 0.597227 -0.191521
-0.00392177 0.59825 -0.231096
-0.0624707 0.645018 -0.231096
-0.0472684 0.593643 -0.201415
-0.0632363 0.606398 -0.176681
-0.0328195 0.595179 -0.206362
0.00293204 0.67124 -0.057957
-0.0343385 0.60947 -0.231096
-0.00898514 0.645886 -0.057957
-0.00340326 0.685019 -0.231096
-0.070325 0.673088 -0.057957
-0.0632363 0.606398 -0.231096
0.013318 0.619353 -0.137106
-0.026472 0.672932 -0.231096
0.0123054 0.62888 -0.221202
-0.0252123 0.615257 -0.231096
-0.0371173 0.681435 -0.0876379
0.013318 0.619353 -0.181628
-0.0112697 0.621556 -0.231096
0.0128117 0.624116 -0.0678507
0.014837 0.605062 -0.231096
0.00597006 0.642658 -0.057957
-0.0130358 0.683995 -0.166787
-0.070325 0.673088 -0.107425
0.0064764 0.637895 -0.057957
-0.0698186 0.668324 -0.226149
-0.0424521 0.594155 -0.231096
-0.0677933 0.64927 -0.186574
0.0138244 0.614589 -0.196468
-0.0216557 0.673444 -0.057957
-0.0280032 0.595691 -0.112372
0.00748907 0.628368 -0.057957
0.00850175 0.618841 -0.057957
0.00673566 0.681279 -0.226149
-0.0667806 0.639743 -0.191521
0.0100208 0.60455 -0.057957
-0.0698186 0.668324 -0.057957
-0.066015 0.678364 -0.0727975
0.0105271 0.599786 -0.057957
0.00673566 0.681279 -0.057957
-0.0632363 0.606398 -0.156893
-0.0328195 0.595179 -0.127212
-0.0642489 0.615925 -0.176681
-0.0125295 0.679231 -0.057957
-0.0693123 0.663561 -0.147
-0.0682996 0.654034 -0.0925848
0.0105271 0.599786 -0.137106
-0.0698186 0.668324 -0.117319
0.0112927 0.638407 -0.057957
-0.0280032 0.595691 -0.0777443
0.00571081 0.599274 -0.142053
-0.0280032 0.595691 -0.127212
-0.0386485 0.604194 -0.057957
0.0138244 0.614589 -0.16184
-0.0543571 0.660333 -0.231096
-0.00188425 0.670728 -0.231096
-0.0454901 0.622736 -0.231096
-0.0662743 0.634979 -0.151947
-0.0138014 0.645374 -0.057957
0.0138244 0.614589 -0.057957
0.00724199 0.676515 -0.147
-0.0647553 0.620689 -0.176681
-0.0419336 0.680923 -0.0975316
-0.029263 0.653366 -0.057957
-0.0642489 0.615925 -0.112372
-0.0693123 0.663561 -0.201415
-0.066015 0.678364 -0.147
-0.0419336 0.680923 -0.231096
0.00825467 0.666988 -0.117319
0.0105271 0.599786 -0.166787
-0.066015 0.678364 -0.226149
0.0143307 0.609825 -0.057957
-0.0708313 0.677852 -0.231096
-0.0135544 0.597227 -0.201415
0.0153434 0.600298 -0.117319
-0.070325 0.673088 -0.231096
0.014837 0.605062 -0.0876379
0.0128117 0.624116 -0.206362
-0.0274847 0.682459 -0.231096
-0.0472684 0.593643 -0.147
0.00622932 0.686043 -0.156893
-0.0652616 0.625452 -0.166787
-0.0698186 0.668324 -0.231096
-0.0682996 0.654034 -0.231096
0.00571081 0.599274 -0.171734
-0.0677933 0.64927 -0.231096
-0.0662743 0.634979 -0.231096
-0.0627299 0.601634 -0.137106
-0.0642489 0.615925 -0.166787
-0.0693123 0.663561 -0.156893
-0.0376358 0.594667 -0.226149
-0.0178521 0.683483 -0.231096
-0.0652616 0.625452 -0.156893
-0.0487874 0.607934 -0.231096
0.0105271 0.599786 -0.117319
-0.0637426 0.611161 -0.231096
0.00825467 0.666988 -0.057957
-0.0637426 0.611161 -0.132159
-0.0399082 0.661869 -0.231096
-0.0495408 0.660845 -0.231096
-0.066015 0.678364 -0.231096
-0.0672869 0.644507 -0.0678507
0.0123054 0.62888 -0.0777443
-0.0639897 0.659309 -0.231096
-0.0604453 0.625964 -0.231096
0.00774833 0.671752 -0.0727975
0.0138244 0.614589 -0.112372
-0.059939 0.621201 -0.231096
-0.0285096 0.600454 -0.057957
-0.00873806 0.597739 -0.191521
0.0107864 0.64317 -0.0629038
-0.0371173 0.681435 -0.107425
-0.000871573 0.661201 -0.057957
-0.0667806 0.639743 -0.156893
-0.0589263 0.611673 -0.231096
-0.00873806 0.597739 -0.181628
-0.05842 0.60691 -0.231096
-0.0667806 0.639743 -0.142053
-0.0170987 0.630572 -0.231096
-0.0574073 0.597383 -0.231096
-0.0472684 0.593643 -0.221202
-0.056901 0.592619 -0.231096
-0.0130358 0.683995 -0.0925848
-0.00340326 0.685019 -0.0629038
-0.070325 0.673088 -0.226149
-0.0611987 0.678875 -0.231096
-0.0632363 0.606398 -0.171734
0.013318 0.619353 -0.0777443
-0.0708313 0.677852 -0.102478
-0.0394019 0.657105 -0.231096
-0.0606924 0.674112 -0.231096
0.00774833 0.671752 -0.151947
-0.0330666 0.643327 -0.231096
-0.0485281 0.651318 -0.231096
0.00977368 0.652698 -0.176681
-0.0231869 0.596203 -0.0876379
-0.0158268 0.664429 -0.057957
0.0112927 0.638407 -0.166787
0.000647437 0.64691 -0.057957
-0.0515662 0.679899 -0.231096
-0.0480218 0.646554 -0.231096
-0.0280032 0.595691 -0.231096
0.00673566 0.681279 -0.206362
-0.058667 0.655058 -0.231096
-0.070325 0.673088 -0.0727975
-0.00518153 0.655925 -0.057957
-0.0459964 0.6275 -0.231096
-0.0226684 0.682971 -0.196468
-0.062977 0.649782 -0.057957
-0.0477747 0.598407 -0.057957
-0.0419336 0.680923 -0.0629038
-0.0693123 0.663561 -0.16184
0.00622932 0.686043 -0.0678507
0.00546373 0.647422 -0.231096
-0.0467499 0.680411 -0.0925848
-0.021915 0.63006 -0.231096
-0.0170987 0.630572 -0.057957
0.00876101 0.662225 -0.102478
-0.0239403 0.649114 -0.057957
-0.0546163 0.616949 -0.231096
-0.0662743 0.634979 -0.0727975
-0.0693123 0.663561 -0.0826911
-0.00873806 0.597739 -0.147
0.00343838 0.666476 -0.231096
0.0112927 0.638407 -0.107425
-0.0536037 0.607422 -0.231096
0.00571081 0.599274 -0.16184
-0.0677933 0.64927 -0.221202
-0.0548634 0.665097 -0.231096
-0.0226684 0.682971 -0.057957
-0.0396611 0.613721 -0.231096
-0.0538508 0.655569 -0.231096
0.00977368 0.652698 -0.117319
-0.0622236 0.596871 -0.0925848
-0.00873806 0.597739 -0.107425
-0.068806 0.658797 -0.16184
0.0105271 0.599786 -0.211308
-0.0523317 0.641279 -0.231096
0.00977368 0.652698 -0.216255
0.000894517 0.598762 -0.181628
-0.0472684 0.593643 -0.0727975
-0.0371173 0.681435 -0.122266
0.013318 0.619353 -0.147
-0.0282503 0.643838 -0.231096
-0.0652616 0.625452 -0.112372
-0.00746613 0.631595 -0.231096
-0.0503064 0.622224 -0.231096
-0.0617172 0.592107 -0.0975316
-0.0693123 0.663561 -0.0678507
-0.0657679 0.630216 -0.191521
-0.0637426 0.611161 -0.166787
-0.068806 0.658797 -0.156893
0.0105271 0.599786 -0.191521
-0.0363639 0.628524 -0.231096
0.0128117 0.624116 -0.0975316
-0.0330666 0.643327 -0.057957
-0.00340326 0.685019 -0.226149
-0.0148141 0.654901 -0.231096
0.000894517 0.598762 -0.057957
-0.0477747 0.598407 -0.231096
-0.0515662 0.679899 -0.102478
0.00673566 0.681279 -0.122266
-0.0472684 0.593643 -0.231096
-0.0328195 0.595179 -0.201415
0.00368546 0.618329 -0.231096
-0.0472684 0.593643 -0.206362
0.00622932 0.686043 -0.0975316
-0.020396 0.615769 -0.231096
-0.0333258 0.599942 -0.231096
0.00141303 0.685531 -0.231096
0.0128117 0.624116 -0.147
0.00141303 0.685531 -0.057957
-0.00544078 0.612541 -0.231096
-0.0500471 0.665609 -0.231096
0.00876101 0.662225 -0.127212
-0.0606924 0.674112 -0.057957
-0.0191241 0.649626 -0.231096
-0.0434648 0.603682 -0.231096
-0.0419336 0.680923 -0.211308
-0.0682996 0.654034 -0.102478
0.0105271 0.599786 -0.151947
-0.0601861 0.669348 -0.231096
-0.0677933 0.64927 -0.057957
-0.0280032 0.595691 -0.221202
-0.0241996 0.60573 -0.231096
-0.0677933 0.64927 -0.191521
-0.0429584 0.598918 -0.231096
0.00774833 0.671752 -0.0975316
0.0107864 0.64317 -0.181628
-0.00442811 0.603014 -0.231096
0.00825467 0.666988 -0.137106
-0.0617172 0.592107 -0.0876379
-0.0112697 0.621556 -0.057957
-0.0452309 0.666121 -0.231096
0.0143307 0.609825 -0.16184
-0.0708313 0.677852 -0.0876379
-0.0548634 0.665097 -0.057957
-0.0563824 0.679387 -0.0925848
-0.0135544 0.597227 -0.102478
-0.0647553 0.620689 -0.201415
0.00926734 0.657461 -0.0727975
-0.0442182 0.656593 -0.231096
-0.0677933 0.64927 -0.147
0.00571081 0.599274 -0.112372
-0.0693123 0.663561 -0.151947
-0.0368702 0.633287 -0.231096
-0.0411802 0.628012 -0.231096
-0.0297693 0.658129 -0.231096
-0.0386485 0.604194 -0.231096
0.00977368 0.652698 -0.156893
-0.0358575 0.62376 -0.057957
-0.0376358 0.594667 -0.231096
-0.0637426 0.611161 -0.127212
-0.068806 0.658797 -0.211308
0.0128117 0.624116 -0.226149
-0.0520847 0.593131 -0.0876379
0.011799 0.633643 -0.166787
-0.00392177 0.59825 -0.206362
-0.032301 0.681947 -0.176681
-0.0677933 0.64927 -0.0826911
-0.0657679 0.630216 -0.0629038
-0.0274847 0.682459 -0.0727975
0.00977368 0.652698 -0.142053
-0.0358575 0.62376 -0.231096
0.00673566 0.681279 -0.231096
-0.0667806 0.639743 -0.127212
0.00571081 0.599274 -0.0876379
-0.0662743 0.634979 -0.122266
0.013318 0.619353 -0.0925848
-0.0373765 0.638051 -0.231096
0.00242571 0.676004 -0.057957
-0.023434 0.64435 -0.231096
-0.0231869 0.596203 -0.112372
0.00876101 0.662225 -0.0777443
-0.0173458 0.678719 -0.231096
-0.0581607 0.650294 -0.231096
-0.0442182 0.656593 -0.057957
-0.0130358 0.683995 -0.191521
-0.070325 0.673088 -0.0826911
-0.016086 0.621044 -0.231096
-0.00873806 0.597739 -0.112372
-0.0325603 0.638563 -0.231096
0.00876101 0.662225 -0.0727975
-0.0165924 0.625808 -0.231096
-0.0320539 0.633799 -0.231096
-0.0315476 0.629036 -0.231096
-0.0163331 0.669192 -0.231096
-0.0642489 0.615925 -0.142053
0.00622932 0.686043 -0.0777443
-0.0310412 0.624272 -0.231096
-0.0708313 0.677852 -0.0975316
0.00724199 0.676515 -0.181628
-0.0295222 0.609981 -0.057957
-0.0183706 0.596715 -0.231096
-0.014567 0.606754 -0.057957
-0.0652616 0.625452 -0.102478
-0.068806 0.658797 -0.171734
-0.0637426 0.611161 -0.0925848
0.00876101 0.662225 -0.176681
-0.0290159 0.605218 -0.231096
-0.0622236 0.596871 -0.107425
-0.0274847 0.682459 -0.0975316
0.01028 0.647934 -0.107425
-0.0581607 0.650294 -0.057957
0.0123054 0.62888 -0.127212
-0.0677933 0.64927 -0.127212
-0.032301 0.681947 -0.231096
-0.0510598 0.675136 -0.231096
-0.0419336 0.680923 -0.181628
-0.0682996 0.654034 -0.0876379
-0.0637426 0.611161 -0.191521
-0.030782 0.667656 -0.231096
0.0153434 0.600298 -0.112372
-0.0150734 0.611517 -0.057957
-0.0617172 0.592107 -0.132159
-0.0257186 0.620021 -0.231096
-0.0698186 0.668324 -0.171734
-0.0140607 0.60199 -0.231096
-0.0247059 0.610493 -0.231096
-0.0231869 0.596203 -0.231096
-0.0183706 0.596715 -0.127212
-0.0409209 0.671396 -0.231096
0.00038818 0.603526 -0.057957
-0.0515662 0.679899 -0.196468
0.00774833 0.671752 -0.206362
0.0112927 0.638407 -0.0826911
-0.0672869 0.644507 -0.196468
-0.0617172 0.592107 -0.0925848
-0.00442811 0.603014 -0.057957
-0.0467499 0.680411 -0.231096
-0.0708313 0.677852 -0.0727975
-0.017605 0.635335 -0.057957
-0.0224213 0.634823 -0.231096
-0.0632363 0.606398 -0.127212
-0.024953 0.658641 -0.231096
0.00115377 0.642147 -0.231096
0.00724199 0.676515 -0.176681
-0.0622236 0.596871 -0.191521
-0.0209023 0.620533 -0.231096
-0.00467519 0.651162 -0.231096
-0.0698186 0.668324 -0.186574
-0.0198897 0.611005 -0.231096
0.00876101 0.662225 -0.112372
-0.0627299 0.601634 -0.142053
-0.018877 0.601478 -0.231096
-0.0662743 0.634979 -0.147
0.0123054 0.62888 -0.181628
-0.0216557 0.673444 -0.231096
0.0123054 0.62888 -0.102478
-0.00873806 0.597739 -0.216255
-0.0206431 0.663917 -0.231096
-0.0373765 0.638051 -0.057957
0.00876101 0.662225 -0.171734
-0.0196304 0.65439 -0.231096
-0.0368702 0.633287 -0.057957
0.00876101 0.662225 -0.0826911
-0.0467499 0.680411 -0.127212
-0.017605 0.635335 -0.231096
-0.0231869 0.596203 -0.0727975
0.00876101 0.662225 -0.0629038
-0.014567 0.606754 -0.231096
-0.0376358 0.594667 -0.156893
0.013318 0.619353 -0.0876379
-0.0708313 0.677852 -0.181628
-0.0627299 0.601634 -0.0678507
-0.0632363 0.606398 -0.102478
-0.00544078 0.612541 -0.057957
-0.0168395 0.673956 -0.231096
-0.0183706 0.596715 -0.206362
-0.0143078 0.650138 -0.231096
-0.0611987 0.678875 -0.0727975
-0.0153204 0.659665 -0.231096
-0.0376358 0.594667 -0.0925848
0.0153434 0.600298 -0.176681
-0.056901 0.592619 -0.0678507
-0.00392177 0.59825 -0.137106
0.00850175 0.618841 -0.231096
-0.0138014 0.645374 -0.231096
-0.0515662 0.679899 -0.181628
-0.0672869 0.644507 -0.181628
0.00926734 0.657461 -0.206362
-0.0596797 0.664585 -0.231096
-0.0662743 0.634979 -0.181628
-0.0657679 0.630216 -0.181628
0.00799541 0.623604 -0.057957
-0.0652616 0.625452 -0.181628
-0.0672869 0.644507 -0.216255
-0.0647553 0.620689 -0.181628
-0.0632363 0.606398 -0.181628
0.00825467 0.666988 -0.186574
-0.0627299 0.601634 -0.181628
-0.00873806 0.597739 -0.206362
-0.0617172 0.592107 -0.181628
-0.0280032 0.595691 -0.181628
0.0128117 0.624116 -0.117319
-0.0708313 0.677852 -0.186574
0.0153434 0.600298 -0.132159
-0.0130358 0.683995 -0.0777443
-0.070325 0.673088 -0.186574
-0.0130358 0.683995 -0.221202
-0.0183706 0.596715 -0.0826911
-0.0419336 0.680923 -0.0876379
-0.0642489 0.615925 -0.102478
-0.0693123 0.663561 -0.186574
-0.066015 0.678364 -0.107425
-0.0682996 0.654034 -0.186574
0.0128117 0.624116 -0.176681
-0.0515662 0.679899 -0.186574
0.00774833 0.671752 -0.216255
-0.0672869 0.644507 -0.186574
0.01028 0.647934 -0.196468
-0.0533444 0.650806 -0.231096
-0.0667806 0.639743 -0.186574
-0.0652616 0.625452 -0.186574
-0.0647553 0.620689 -0.186574
-0.0642489 0.615925 -0.186574
-0.0363639 0.628524 -0.057957
0.0105271 0.599786 -0.127212
-0.0637426 0.611161 -0.186574
-0.0627299 0.601634 -0.186574
-0.0617172 0.592107 -0.186574
-0.0130358 0.683995 -0.0826911
-0.070325 0.673088 -0.191521
-0.0419336 0.680923 -0.117319
-0.0642489 0.615925 -0.107425
-0.0693123 0.663561 -0.191521
-0.0647553 0.620689 -0.211308
-0.0637426 0.611161 -0.107425
-0.068806 0.658797 -0.191521
-0.0520847 0.593131 -0.117319
-0.0515662 0.679899 -0.166787
0.00774833 0.671752 -0.221202
0.0112927 0.638407 -0.0876379
-0.0672869 0.644507 -0.191521
-0.0647553 0.620689 -0.191521
0.011799 0.633643 -0.201415
-0.0632363 0.606398 -0.191521
-0.0627299 0.601634 -0.191521
-0.0617172 0.592107 -0.191521
-0.0708313 0.677852 -0.196468
-0.0130358 0.683995 -0.112372
-0.00340326 0.685019 -0.0925848
-0.070325 0.673088 -0.196468
-0.0698186 0.668324 -0.196468
-0.0693123 0.663561 -0.196468
-0.0647553 0.620689 -0.206362
-0.0637426 0.611161 -0.117319
-0.068806 0.658797 -0.196468
-0.0317947 0.677184 -0.231096
-0.0376358 0.594667 -0.216255
0.00673566 0.681279 -0.221202
-0.0667806 0.639743 -0.196468
-0.0657679 0.630216 -0.196468
-0.0652616 0.625452 -0.196468
0.00926734 0.657461 -0.0777443
-0.0647553 0.620689 -0.196468
-0.0419336 0.680923 -0.0777443
-0.0642489 0.615925 -0.0925848
-0.0693123 0.663561 -0.206362
-0.0642489 0.615925 -0.196468
0.0105271 0.599786 -0.107425
0.00825467 0.666988 -0.151947
-0.068806 0.658797 -0.216255
-0.0632363 0.606398 -0.196468
-0.0627299 0.601634 -0.196468
-0.00873806 0.597739 -0.196468
-0.0617172 0.592107 -0.196468
-0.0708313 0.677852 -0.201415
-0.0130358 0.683995 -0.117319
-0.00340326 0.685019 -0.0876379
-0.070325 0.673088 -0.201415
-0.0698186 0.668324 -0.201415
-0.0637426 0.611161 -0.122266
-0.068806 0.658797 -0.201415
0.0128117 0.624116 -0.211308
-0.0520847 0.593131 -0.127212
-0.0376358 0.594667 -0.221202
-0.066015 0.678364 -0.0678507
-0.0682996 0.654034 -0.201415
-0.00392177 0.59825 -0.107425
-0.0677933 0.64927 -0.201415
-0.0515662 0.679899 -0.176681
-0.0672869 0.644507 -0.201415
-0.0667806 0.639743 -0.201415
-0.0657679 0.630216 -0.201415
-0.0652616 0.625452 -0.201415
-0.0632363 0.606398 -0.201415
0.00445105 0.656949 -0.057957
-0.0627299 0.601634 -0.201415
-0.0622236 0.596871 -0.201415
-0.0617172 0.592107 -0.201415
-0.0708313 0.677852 -0.206362
-0.0698186 0.668324 -0.206362
-0.0682996 0.654034 -0.206362
-0.056901 0.592619 -0.057957
-0.00392177 0.59825 -0.102478
0.00571081 0.599274 -0.196468
-0.0677933 0.64927 -0.206362
0.014837 0.605062 -0.196468
0.01028 0.647934 -0.186574
0.00673566 0.681279 -0.211308
-0.0667806 0.639743 -0.206362
-0.0682996 0.654034 -0.226149
-0.0657679 0.630216 -0.206362
-0.0652616 0.625452 -0.206362
-0.0632363 0.606398 -0.206362
-0.0622236 0.596871 -0.206362
0.0123054 0.62888 -0.186574
-0.0617172 0.592107 -0.206362
-0.0708313 0.677852 -0.211308
-0.070325 0.673088 -0.211308
-0.0698186 0.668324 -0.211308
-0.0419336 0.680923 -0.112372
-0.0642489 0.615925 -0.127212
-0.0693123 0.663561 -0.211308
-0.0647553 0.620689 -0.216255
0.0128117 0.624116 -0.151947
-0.0677933 0.64927 -0.211308
-0.0424521 0.594155 -0.206362
-0.0667806 0.639743 -0.211308
-0.0652616 0.625452 -0.211308
-0.032301 0.681947 -0.107425
0.00571081 0.599274 -0.0629038
-0.0632363 0.606398 -0.211308
-0.0627299 0.601634 -0.211308
-0.00467519 0.651162 -0.057957
-0.0622236 0.596871 -0.211308
0.0123054 0.62888 -0.196468
-0.0617172 0.592107 -0.211308
-0.027744 0.639075 -0.231096
-0.0677933 0.64927 -0.216255
-0.0667806 0.639743 -0.216255
-0.0662743 0.634979 -0.216255
0.00546373 0.647422 -0.057957
0.0123054 0.62888 -0.16184
0.00622932 0.686043 -0.191521
-0.0657679 0.630216 -0.216255
-0.0632363 0.606398 -0.216255
-0.0627299 0.601634 -0.216255
-0.00873806 0.597739 -0.221202
-0.0617172 0.592107 -0.216255
-0.0280032 0.595691 -0.166787
0.0128117 0.624116 -0.102478
-0.0708313 0.677852 -0.221202
-0.070325 0.673088 -0.221202
-0.0698186 0.668324 -0.221202
0.00926734 0.657461 -0.16184
-0.0662743 0.634979 -0.221202
-0.0647553 0.620689 -0.221202
-0.0682996 0.654034 -0.166787
0.0105271 0.599786 -0.0629038
-0.0632363 0.606398 -0.221202
-0.0617172 0.592107 -0.221202
0.0128117 0.624116 -0.107425
-0.0708313 0.677852 -0.226149
-0.0642489 0.615925 -0.231096
-0.0693123 0.663561 -0.226149
-0.068806 0.658797 -0.226149
0.011799 0.633643 -0.196468
-0.0596797 0.664585 -0.057957
-0.0677933 0.64927 -0.226149
-0.0662743 0.634979 -0.226149
-0.0693123 0.663561 -0.102478
-0.0657679 0.630216 -0.226149
-0.0647553 0.620689 -0.226149
-0.0632363 0.606398 -0.226149
-0.0627299 0.601634 -0.226149
-0.0617172 0.592107 -0.226149
-0.0376358 0.594667 -0.0629038
-0.0328195 0.595179 -0.0629038
-0.0130358 0.683995 -0.201415
-0.070325 0.673088 -0.0678507
-0.0183706 0.596715 -0.0629038
-0.00392177 0.59825 -0.0777443
0.0153434 0.600298 -0.142053
-0.0135544 0.597227 -0.226149
-0.0437118 0.65183 -0.231096
-0.0520847 0.593131 -0.186574
-0.00873806 0.597739 -0.0629038
-0.0672869 0.644507 -0.0925848
0.0112927 0.638407 -0.186574
0.000894517 0.598762 -0.0629038
-0.0183706 0.596715 -0.137106
-0.0231869 0.596203 -0.196468
0.01028 0.647934 -0.112372
-0.057148 0.640767 -0.057957
-0.0520847 0.593131 -0.0678507
-0.0459964 0.6275 -0.057957
-0.0376358 0.594667 -0.0678507
-0.0424521 0.594155 -0.0678507
0.00825467 0.666988 -0.191521
0.0107864 0.64317 -0.0826911
-0.0328195 0.595179 -0.0678507
-0.0135544 0.597227 -0.0678507
-0.00873806 0.597739 -0.0678507
-0.0672869 0.644507 -0.112372
0.0112927 0.638407 -0.191521
-0.066015 0.678364 -0.0826911
-0.0682996 0.654034 -0.211308
0.0105271 0.599786 -0.0678507
0.0153434 0.600298 -0.186574
-0.0221621 0.678207 -0.057957
-0.00392177 0.59825 -0.122266
-0.056901 0.592619 -0.0727975
-0.0274847 0.682459 -0.102478
0.01028 0.647934 -0.127212
-0.0520847 0.593131 -0.0727975
-0.0376358 0.594667 -0.0727975
-0.0424521 0.594155 -0.0727975
-0.0328195 0.595179 -0.0727975
-0.0135544 0.597227 -0.0727975
-0.0520847 0.593131 -0.226149
-0.00873806 0.597739 -0.0727975
-0.0340793 0.652854 -0.057957
-0.0280032 0.595691 -0.186574
0.000894517 0.598762 -0.0727975
-0.0662743 0.634979 -0.107425
-0.0388956 0.652342 -0.231096
0.00571081 0.599274 -0.0727975
-0.0424521 0.594155 -0.226149
-0.0667806 0.639743 -0.0727975
0.0105271 0.599786 -0.0727975
0.0153434 0.600298 -0.0727975
-0.0274847 0.682459 -0.107425
-0.0520847 0.593131 -0.0777443
-0.0376358 0.594667 -0.0777443
-0.0472684 0.593643 -0.0777443
-0.0672869 0.644507 -0.137106
0.00724199 0.676515 -0.0678507
-0.0424521 0.594155 -0.0777443
-0.0328195 0.595179 -0.0777443
-0.0127888 0.635847 -0.057957
-0.0231869 0.596203 -0.0777443
0.00876101 0.662225 -0.0678507
-0.0130358 0.683995 -0.216255
-0.0183706 0.596715 -0.0777443
-0.0135544 0.597227 -0.0777443
0.000894517 0.598762 -0.231096
-0.00873806 0.597739 -0.0777443
0.0128117 0.624116 -0.127212
-0.0280032 0.595691 -0.191521
-0.0672869 0.644507 -0.107425
0.0112927 0.638407 -0.147
0.000894517 0.598762 -0.0777443
-0.0183706 0.596715 -0.112372
-0.0231869 0.596203 -0.166787
0.0105271 0.599786 -0.0777443
-0.0520847 0.593131 -0.206362
-0.0472684 0.593643 -0.0826911
-0.0371173 0.681435 -0.0629038
0.0143307 0.609825 -0.107425
-0.0328195 0.595179 -0.0826911
-0.0135544 0.597227 -0.0826911
0.000894517 0.598762 -0.226149
-0.00873806 0.597739 -0.0826911
-0.0672869 0.644507 -0.127212
0.0112927 0.638407 -0.151947
0.000894517 0.598762 -0.0826911
-0.0183706 0.596715 -0.117319
-0.0231869 0.596203 -0.186574
-0.066015 0.678364 -0.0629038
-0.0682996 0.654034 -0.196468
0.0105271 0.599786 -0.0826911
-0.0135544 0.597227 -0.231096
-0.00392177 0.59825 -0.0727975
-0.056901 0.592619 -0.0876379
-0.0672869 0.644507 -0.142053
0.00724199 0.676515 -0.0826911
0.0143307 0.609825 -0.122266
-0.0376358 0.594667 -0.0876379
-0.0328195 0.595179 -0.0876379
0.00673566 0.681279 -0.107425
-0.0280032 0.595691 -0.0876379
0.00571081 0.599274 -0.127212
0.0123054 0.62888 -0.0727975
0.0138244 0.614589 -0.171734
-0.0135544 0.597227 -0.0876379
-0.0280032 0.595691 -0.176681
-0.0672869 0.644507 -0.117319
0.0112927 0.638407 -0.16184
0.000894517 0.598762 -0.0876379
-0.0231869 0.596203 -0.171734
-0.0682996 0.654034 -0.191521
0.0105271 0.599786 -0.0876379
-0.0439711 0.608446 -0.231096
-0.056901 0.592619 -0.0925848
0.00977368 0.652698 -0.196468
-0.0472684 0.593643 -0.0925848
0.0143307 0.609825 -0.117319
-0.0328195 0.595179 -0.0925848
-0.0130358 0.683995 -0.231096
-0.0183706 0.596715 -0.0925848
-0.0135544 0.597227 -0.0925848
-0.00392177 0.59825 -0.0925848
0.000894517 0.598762 -0.0925848
-0.0667806 0.639743 -0.0678507
0.0105271 0.599786 -0.0925848
-0.056901 0.592619 -0.0975316
-0.0424521 0.594155 -0.0975316
-0.0280032 0.595691 -0.0975316
0.0123054 0.62888 -0.0876379
0.0138244 0.614589 -0.156893
-0.0320539 0.633799 -0.057957
-0.00873806 0.597739 -0.0975316
0.000894517 0.598762 -0.0975316
-0.0274847 0.682459 -0.0629038
-0.026225 0.624784 -0.057957
-0.0472684 0.593643 -0.102478
0.013318 0.619353 -0.176681
-0.0515662 0.679899 -0.16184
0.0112927 0.638407 -0.0925848
-0.0672869 0.644507 -0.211308
0.00774833 0.671752 -0.191521
-0.0328195 0.595179 -0.102478
-0.0231869 0.596203 -0.102478
-0.0183706 0.596715 -0.102478
-0.0231869 0.596203 -0.206362
-0.00873806 0.597739 -0.102478
0.000894517 0.598762 -0.102478
0.00622932 0.686043 -0.196468
0.0153434 0.600298 -0.127212
-0.0315476 0.629036 -0.057957
-0.00392177 0.59825 -0.0876379
-0.056901 0.592619 -0.107425
-0.0424521 0.594155 -0.107425
-0.0328195 0.595179 -0.107425
-0.0183706 0.596715 -0.107425
-0.0231869 0.596203 -0.176681
-0.0135544 0.597227 -0.107425
0.000894517 0.598762 -0.107425
0.00317912 0.623092 -0.057957
-0.0231869 0.596203 -0.16184
-0.0267313 0.629548 -0.231096
-0.0472684 0.593643 -0.112372
0.013318 0.619353 -0.191521
0.00774833 0.671752 -0.201415
-0.0305349 0.619509 -0.231096
-0.0424521 0.594155 -0.112372
0.014837 0.605062 -0.102478
-0.0328195 0.595179 -0.112372
-0.0563824 0.679387 -0.107425
-0.0135544 0.597227 -0.112372
0.000894517 0.598762 -0.112372
-0.0231869 0.596203 -0.147
-0.056901 0.592619 -0.117319
0.00977368 0.652698 -0.171734
-0.0472684 0.593643 -0.117319
-0.0515662 0.679899 -0.171734
0.00774833 0.671752 -0.181628
-0.0424521 0.594155 -0.117319
0.014837 0.605062 -0.132159
0.0107864 0.64317 -0.132159
-0.0231869 0.596203 -0.117319
-0.0135544 0.597227 -0.117319
0.000894517 0.598762 -0.117319
0.00571081 0.599274 -0.117319
0.0123054 0.62888 -0.057957
-0.0280032 0.595691 -0.102478
0.0138244 0.614589 -0.186574
-0.0520847 0.593131 -0.122266
-0.0371173 0.681435 -0.0975316
0.013318 0.619353 -0.156893
-0.0376358 0.594667 -0.122266
-0.0183706 0.596715 -0.122266
-0.0563824 0.679387 -0.0727975
-0.0135544 0.597227 -0.122266
0.011799 0.633643 -0.206362
0.000894517 0.598762 -0.122266
0.00571081 0.599274 -0.122266
0.0123054 0.62888 -0.147
-0.0340793 0.652854 -0.231096
-0.0280032 0.595691 -0.107425
0.0138244 0.614589 -0.191521
-0.00392177 0.59825 -0.0678507
0.0153434 0.600298 -0.0975316
-0.056901 0.592619 -0.127212
-0.0472684 0.593643 -0.127212
-0.0371173 0.681435 -0.0925848
0.013318 0.619353 -0.151947
-0.0424521 0.594155 -0.127212
-0.0231869 0.596203 -0.127212
-0.0563824 0.679387 -0.0678507
-0.0135544 0.597227 -0.127212
0.000894517 0.598762 -0.127212
-0.0424521 0.594155 -0.132159
-0.0632363 0.606398 -0.16184
-0.0302756 0.662893 -0.231096
-0.0150734 0.611517 -0.231096
-0.0328195 0.595179 -0.132159
0.0138244 0.614589 -0.166787
-0.0280032 0.595691 -0.132159
-0.0135544 0.597227 -0.132159
0.000894517 0.598762 -0.132159
-0.056901 0.592619 -0.137106
-0.00392177 0.59825 -0.186574
0.0153434 0.600298 -0.226149
-0.0135544 0.597227 -0.137106
0.0153434 0.600298 -0.137106
0.0153434 0.600298 -0.057957
-0.056901 0.592619 -0.142053
-0.00392177 0.59825 -0.181628
0.0153434 0.600298 -0.221202
0.00977368 0.652698 -0.147
-0.0472684 0.593643 -0.142053
-0.0424521 0.594155 -0.142053
0.014837 0.605062 -0.107425
-0.0328195 0.595179 -0.142053
-0.0231869 0.596203 -0.142053
-0.0183706 0.596715 -0.142053
-0.0231869 0.596203 -0.211308
-0.0135544 0.597227 -0.142053
-0.00873806 0.597739 -0.142053
-0.068806 0.658797 -0.176681
-0.0528381 0.646042 -0.231096
0.0105271 0.599786 -0.226149
-0.00392177 0.59825 -0.142053
0.000894517 0.598762 -0.142053
-0.0183706 0.596715 -0.216255
-0.0424521 0.594155 -0.147
0.0107864 0.64317 -0.102478
0.014837 0.605062 -0.16184
-0.0376358 0.594667 -0.147
-0.0520847 0.593131 -0.196468
0.0123054 0.62888 -0.0826911
-0.0280032 0.595691 -0.147
-0.0183706 0.596715 -0.147
-0.0135544 0.597227 -0.147
0.011799 0.633643 -0.231096
-0.0257186 0.620021 -0.057957
0.000894517 0.598762 -0.147
-0.0183706 0.596715 -0.221202
0.0153434 0.600298 -0.0678507
-0.056901 0.592619 -0.151947
-0.0472684 0.593643 -0.151947
-0.0419336 0.680923 -0.16184
0.00622932 0.686043 -0.16184
-0.0424521 0.594155 -0.151947
0.00141303 0.685531 -0.0727975
-0.0328195 0.595179 -0.151947
0.0128117 0.624116 -0.112372
-0.0280032 0.595691 -0.151947
0.00571081 0.599274 -0.216255
-0.0183706 0.596715 -0.151947
-0.0231869 0.596203 -0.221202
-0.0135544 0.597227 -0.151947
-0.00873806 0.597739 -0.151947
0.011799 0.633643 -0.226149
0.000894517 0.598762 -0.151947
-0.0472684 0.593643 -0.156893
-0.0424521 0.594155 -0.156893
0.0107864 0.64317 -0.117319
0.014837 0.605062 -0.147
0.00141303 0.685531 -0.0629038
-0.0328195 0.595179 -0.156893
-0.0280032 0.595691 -0.156893
-0.0231869 0.596203 -0.156893
-0.0178521 0.683483 -0.0629038
-0.0183706 0.596715 -0.156893
-0.0231869 0.596203 -0.226149
-0.0135544 0.597227 -0.156893
-0.00873806 0.597739 -0.156893
0.0153434 0.600298 -0.0826911
-0.056901 0.592619 -0.16184
-0.0472684 0.593643 -0.16184
-0.0419336 0.680923 -0.151947
-0.0642489 0.615925 -0.191521
0.00622932 0.686043 -0.147
-0.0424521 0.594155 -0.16184
0.0107864 0.64317 -0.112372
0.014837 0.605062 -0.151947
0.00141303 0.685531 -0.0678507
-0.0328195 0.595179 -0.16184
-0.0280032 0.595691 -0.16184
0.00571081 0.599274 -0.226149
-0.0183706 0.596715 -0.16184
-0.0563824 0.679387 -0.057957
-0.0244467 0.653878 -0.231096
-0.0135544 0.597227 -0.16184
-0.00873806 0.597739 -0.16184
0.00977368 0.652698 -0.206362
0.000894517 0.598762 -0.16184
0.0153434 0.600298 -0.16184
-0.056901 0.592619 -0.166787
-0.0424521 0.594155 -0.166787
0.0107864 0.64317 -0.176681
0.014837 0.605062 -0.181628
-0.0328195 0.595179 -0.166787
-0.0642489 0.615925 -0.0727975
0.00673566 0.681279 -0.171734
-0.0183706 0.596715 -0.166787
0.00622932 0.686043 -0.0826911
-0.0553698 0.66986 -0.231096
-0.0135544 0.597227 -0.166787
-0.0472684 0.593643 -0.0629038
0.000894517 0.598762 -0.166787
0.0153434 0.600298 -0.0876379
-0.056901 0.592619 -0.171734
-0.0472684 0.593643 -0.171734
-0.0424521 0.594155 -0.171734
0.0107864 0.64317 -0.127212
0.014837 0.605062 -0.137106
-0.0280032 0.595691 -0.171734
0.00571081 0.599274 -0.211308
-0.0472684 0.593643 -0.132159
0.000894517 0.598762 -0.171734
0.00673566 0.681279 -0.0826911
-0.056901 0.592619 -0.0629038
0.0153434 0.600298 -0.171734
0.0153434 0.600298 -0.0925848
-0.056901 0.592619 -0.176681
-0.0472684 0.593643 -0.176681
-0.0424521 0.594155 -0.176681
-0.0328195 0.595179 -0.176681
-0.0135544 0.597227 -0.176681
-0.00873806 0.597739 -0.176681
-0.0472684 0.593643 -0.181628
-0.0419336 0.680923 -0.156893
0.00622932 0.686043 -0.166787
-0.0424521 0.594155 -0.181628
0.014837 0.605062 -0.127212
-0.0376358 0.594667 -0.181628
0.00141303 0.685531 -0.0777443
-0.0328195 0.595179 -0.181628
-0.0231869 0.596203 -0.181628
-0.0682996 0.654034 -0.221202
-0.0657679 0.630216 -0.211308
0.00622932 0.686043 -0.186574
-0.0178521 0.683483 -0.0727975
-0.0183706 0.596715 -0.181628
-0.0135544 0.597227 -0.181628
0.00571081 0.599274 -0.181628
-0.0280032 0.595691 -0.216255
-0.0419336 0.680923 -0.191521
-0.0682996 0.654034 -0.0975316
0.0105271 0.599786 -0.181628
-0.0472684 0.593643 -0.186574
0.00622932 0.686043 -0.171734
-0.0259657 0.668168 -0.231096
-0.0424521 0.594155 -0.186574
-0.0328195 0.595179 -0.186574
-0.0178521 0.683483 -0.0678507
-0.0183706 0.596715 -0.186574
-0.0414272 0.67616 -0.231096
0.00673566 0.681279 -0.0629038
-0.0566417 0.636003 -0.057957
-0.0472684 0.593643 -0.191521
-0.0419336 0.680923 -0.122266
-0.0693123 0.663561 -0.221202
0.00622932 0.686043 -0.176681
-0.0424521 0.594155 -0.191521
-0.0376358 0.594667 -0.191521
-0.00392177 0.59825 -0.226149
-0.0328195 0.595179 -0.191521
-0.0183706 0.596715 -0.191521
-0.0472684 0.593643 -0.0876379
0.000894517 0.598762 -0.191521
0.00622932 0.686043 -0.0925848
0.00571081 0.599274 -0.191521
-0.0280032 0.595691 -0.226149
-0.056901 0.592619 -0.196468
-0.0472684 0.593643 -0.196468
-0.0642489 0.615925 -0.206362
-0.0125295 0.679231 -0.231096
0.00622932 0.686043 -0.107425
-0.0424521 0.594155 -0.196468
-0.0376358 0.594667 -0.196468
-0.0328195 0.595179 -0.196468
-0.0280032 0.595691 -0.196468
-0.0672869 0.644507 -0.122266
0.0112927 0.638407 -0.156893
-0.0135544 0.597227 -0.196468
0.014837 0.605062 -0.0629038
0.000894517 0.598762 -0.196468
-0.00392177 0.59825 -0.166787
0.0153434 0.600298 -0.196468
-0.056901 0.592619 -0.201415
-0.0211494 0.66868 -0.231096
-0.0424521 0.594155 -0.201415
0.014837 0.605062 -0.191521
-0.0376358 0.594667 -0.201415
-0.0183706 0.596715 -0.201415
-0.00873806 0.597739 -0.201415
-0.00392177 0.59825 -0.16184
0.0153434 0.600298 -0.201415
-0.056901 0.592619 -0.211308
-0.0280032 0.595691 -0.206362
-0.0672869 0.644507 -0.206362
0.0112927 0.638407 -0.0975316
-0.0280032 0.595691 -0.0629038
0.0123054 0.62888 -0.0975316
0.0138244 0.614589 -0.147
-0.0135544 0.597227 -0.206362
-0.0677933 0.64927 -0.196468
0.00571081 0.599274 -0.206362
-0.00392177 0.59825 -0.156893
0.0153434 0.600298 -0.206362
-0.056901 0.592619 -0.216255
-0.0472684 0.593643 -0.211308
0.000141101 0.651674 -0.057957
-0.0424521 0.594155 -0.211308
0.014837 0.605062 -0.201415
-0.0632363 0.606398 -0.0727975
-0.0328195 0.595179 -0.211308
0.014837 0.605062 -0.176681
-0.0183706 0.596715 -0.211308
-0.056901 0.592619 -0.102478
-0.0135544 0.597227 -0.211308
-0.00873806 0.597739 -0.211308
0.000894517 0.598762 -0.211308
0.00622932 0.686043 -0.112372
-0.00392177 0.59825 -0.147
0.0153434 0.600298 -0.211308
-0.056901 0.592619 -0.226149
-0.0472684 0.593643 -0.216255
-0.0632363 0.606398 -0.0777443
-0.0328195 0.595179 -0.216255
-0.0520847 0.593131 -0.216255
0.000894517 0.598762 -0.221202
-0.0642489 0.615925 -0.216255
0.00622932 0.686043 -0.122266
-0.0231869 0.596203 -0.216255
0.0153434 0.600298 -0.102478
-0.00392177 0.59825 -0.0629038
-0.056901 0.592619 -0.0826911
-0.0135544 0.597227 -0.216255
0.014837 0.605062 -0.0727975
-0.0520847 0.593131 -0.211308
-0.00873806 0.597739 -0.0876379
0.000894517 0.598762 -0.216255
-0.0642489 0.615925 -0.221202
0.00622932 0.686043 -0.117319
0.0153434 0.600298 -0.216255
-0.056901 0.592619 -0.221202
-0.00392177 0.59825 -0.057957
0.0153434 0.600298 -0.107425
-0.0135544 0.597227 -0.221202
-0.00392177 0.59825 -0.221202
-0.0328195 0.595179 -0.226149
-0.0183706 0.596715 -0.226149
-0.00873806 0.597739 -0.226149
0.0143307 0.609825 -0.0629038
0.0138244 0.614589 -0.0629038
0.00724199 0.676515 -0.117319
-0.0274847 0.682459 -0.147
0.01028 0.647934 -0.0629038
-0.068806 0.658797 -0.186574
-0.0637426 0.611161 -0.102478
0.00825467 0.666988 -0.0629038
0.0107864 0.64317 -0.221202
0.00774833 0.671752 -0.0629038
-0.0419336 0.680923 -0.0678507
-0.0642489 0.615925 -0.156893
0.00622932 0.686043 -0.0629038
0.014837 0.605062 -0.0678507
-0.0667806 0.639743 -0.221202
0.0143307 0.609825 -0.0678507
0.0138244 0.614589 -0.0678507
-0.018877 0.601478 -0.057957
0.00724199 0.676515 -0.112372
-0.0376358 0.594667 -0.16184
0.013318 0.619353 -0.0678507
0.0123054 0.62888 -0.0678507
-0.0300286 0.614745 -0.231096
0.0107864 0.64317 -0.0678507
-0.0647553 0.620689 -0.137106
0.00926734 0.657461 -0.0678507
0.0105271 0.599786 -0.216255
-0.0637426 0.611161 -0.0975316
0.00825467 0.666988 -0.0678507
0.00774833 0.671752 -0.0678507
0.00673566 0.681279 -0.0678507
-0.066015 0.678364 -0.216255
-0.0667806 0.639743 -0.226149
0.0143307 0.609825 -0.0727975
0.0138244 0.614589 -0.0727975
0.013318 0.619353 -0.0727975
0.011799 0.633643 -0.0727975
-0.068806 0.658797 -0.147
0.0105271 0.599786 -0.231096
0.00825467 0.666988 -0.0727975
0.013318 0.619353 -0.132159
0.00724199 0.676515 -0.0727975
-0.066015 0.678364 -0.171734
0.0143307 0.609825 -0.112372
-0.0642489 0.615925 -0.171734
0.00622932 0.686043 -0.0727975
-0.066015 0.678364 -0.211308
-0.0667806 0.639743 -0.231096
0.0143307 0.609825 -0.0777443
0.0128117 0.624116 -0.0777443
0.011799 0.633643 -0.0777443
0.0107864 0.64317 -0.0777443
0.00774833 0.671752 -0.0777443
0.014837 0.605062 -0.0826911
0.0143307 0.609825 -0.0826911
0.0138244 0.614589 -0.0826911
0.00724199 0.676515 -0.127212
0.013318 0.619353 -0.0826911
0.0128117 0.624116 -0.0826911
0.011799 0.633643 -0.0826911
-0.0647553 0.620689 -0.117319
0.00926734 0.657461 -0.0826911
-0.0404146 0.666632 -0.231096
0.00774833 0.671752 -0.0826911
0.0138244 0.614589 -0.122266
-0.066015 0.678364 -0.196468
-0.0371173 0.681435 -0.0727975
0.0143307 0.609825 -0.0876379
0.0138244 0.614589 -0.0876379
0.00724199 0.676515 -0.0925848
0.0128117 0.624116 -0.0876379
0.011799 0.633643 -0.0876379
0.00926734 0.657461 -0.0876379
0.00876101 0.662225 -0.0876379
-0.0419336 0.680923 -0.176681
0.0105271 0.599786 -0.16184
-0.0637426 0.611161 -0.221202
-0.0682996 0.654034 -0.117319
0.00825467 0.666988 -0.0876379
0.00774833 0.671752 -0.0876379
0.00724199 0.676515 -0.0876379
-0.0454901 0.622736 -0.057957
0.0138244 0.614589 -0.0925848
0.00673566 0.681279 -0.0876379
0.014837 0.605062 -0.0925848
0.0143307 0.609825 -0.0925848
-0.0280032 0.595691 -0.137106
0.0123054 0.62888 -0.0925848
0.011799 0.633643 -0.0925848
0.0107864 0.64317 -0.0925848
0.00876101 0.662225 -0.0925848
-0.0419336 0.680923 -0.206362
-0.0682996 0.654034 -0.112372
-0.0637426 0.611161 -0.216255
0.00825467 0.666988 -0.0925848
0.013318 0.619353 -0.0975316
0.011799 0.633643 -0.0975316
0.0107864 0.64317 -0.0975316
0.01028 0.647934 -0.0975316
-0.0419336 0.680923 -0.166787
-0.0682996 0.654034 -0.0727975
0.00825467 0.666988 -0.0975316
0.00724199 0.676515 -0.0975316
0.00673566 0.681279 -0.0975316
0.0138244 0.614589 -0.102478
0.00724199 0.676515 -0.107425
0.013318 0.619353 -0.102478
-0.0672869 0.644507 -0.057957
0.0112927 0.638407 -0.102478
0.00673566 0.681279 -0.201415
0.01028 0.647934 -0.102478
0.00926734 0.657461 -0.102478
-0.0637426 0.611161 -0.181628
0.00825467 0.666988 -0.102478
0.00774833 0.671752 -0.102478
0.00724199 0.676515 -0.102478
0.0138244 0.614589 -0.107425
0.00673566 0.681279 -0.102478
0.013318 0.619353 -0.107425
0.00774833 0.671752 -0.142053
0.0107864 0.64317 -0.107425
0.014837 0.605062 -0.156893
-0.0647553 0.620689 -0.0925848
0.00926734 0.657461 -0.107425
-0.0682996 0.654034 -0.132159
0.0105271 0.599786 -0.171734
0.00825467 0.666988 -0.107425
0.014837 0.605062 -0.112372
0.013318 0.619353 -0.112372
0.011799 0.633643 -0.112372
-0.0419336 0.680923 -0.201415
-0.066015 0.678364 -0.151947
-0.0682996 0.654034 -0.142053
0.0105271 0.599786 -0.186574
0.00825467 0.666988 -0.112372
0.00774833 0.671752 -0.112372
0.00673566 0.681279 -0.112372
0.013318 0.619353 -0.117319
0.011799 0.633643 -0.117319
0.0112927 0.638407 -0.117319
-0.0274847 0.682459 -0.0925848
-0.0520847 0.593131 -0.0629038
0.01028 0.647934 -0.117319
0.0138244 0.614589 -0.216255
0.0123054 0.62888 -0.122266
0.00926734 0.657461 -0.117319
0.00774833 0.671752 -0.117319
-0.0515662 0.679899 -0.107425
0.00673566 0.681279 -0.117319
0.014837 0.605062 -0.122266
0.0107864 0.64317 -0.142053
0.0128117 0.624116 -0.122266
0.0107864 0.64317 -0.122266
0.014837 0.605062 -0.142053
-0.0274847 0.682459 -0.112372
0.01028 0.647934 -0.122266
0.0123054 0.62888 -0.142053
-0.0647553 0.620689 -0.156893
0.00926734 0.657461 -0.122266
-0.0637426 0.611161 -0.211308
0.00825467 0.666988 -0.122266
0.00724199 0.676515 -0.122266
-0.066015 0.678364 -0.16184
0.0143307 0.609825 -0.127212
0.0138244 0.614589 -0.127212
0.013318 0.619353 -0.127212
0.0112927 0.638407 -0.127212
-0.0647553 0.620689 -0.147
0.00926734 0.657461 -0.127212
-0.066015 0.678364 -0.156893
-0.0682996 0.654034 -0.137106
-0.0637426 0.611161 -0.206362
0.00825467 0.666988 -0.127212
0.00774833 0.671752 -0.127212
-0.0515662 0.679899 -0.0678507
0.00673566 0.681279 -0.127212
0.0143307 0.609825 -0.132159
0.0138244 0.614589 -0.132159
0.0128117 0.624116 -0.132159
0.01028 0.647934 -0.132159
-0.0274847 0.682459 -0.0678507
-0.0472684 0.593643 -0.107425
0.00977368 0.652698 -0.132159
0.00926734 0.657461 -0.132159
0.00900809 0.614077 -0.231096
-0.00645346 0.622068 -0.057957
0.00876101 0.662225 -0.132159
0.00825467 0.666988 -0.132159
-0.0515662 0.679899 -0.0629038
0.00673566 0.681279 -0.132159
-0.0642489 0.615925 -0.181628
0.00622932 0.686043 -0.132159
-0.0371173 0.681435 -0.117319
0.0143307 0.609825 -0.137106
0.0128117 0.624116 -0.137106
0.0112927 0.638407 -0.137106
-0.0267313 0.629548 -0.057957
0.01028 0.647934 -0.137106
-0.00898514 0.645886 -0.231096
-0.0472684 0.593643 -0.137106
0.00977368 0.652698 -0.137106
0.00876101 0.662225 -0.137106
0.00774833 0.671752 -0.137106
0.00724199 0.676515 -0.137106
-0.0642489 0.615925 -0.0629038
0.00673566 0.681279 -0.137106
0.0143307 0.609825 -0.142053
0.0112927 0.638407 -0.142053
0.01028 0.647934 -0.142053
0.00926734 0.657461 -0.142053
0.00951442 0.609313 -0.057957
0.00876101 0.662225 -0.142053
0.0105271 0.599786 -0.0975316
-0.0682996 0.654034 -0.0629038
0.00825467 0.666988 -0.142053
0.00724199 0.676515 -0.142053
0.00774833 0.671752 -0.107425
0.0107864 0.64317 -0.147
0.01028 0.647934 -0.147
0.00926734 0.657461 -0.147
0.00876101 0.662225 -0.147
-0.068806 0.658797 -0.221202
0.00825467 0.666988 -0.147
0.00774833 0.671752 -0.147
-0.0515662 0.679899 -0.127212
0.00673566 0.681279 -0.147
-0.000871573 0.661201 -0.231096
0.0143307 0.609825 -0.151947
0.0107864 0.64317 -0.151947
0.01028 0.647934 -0.151947
-0.0472684 0.593643 -0.122266
0.00977368 0.652698 -0.151947
0.00926734 0.657461 -0.151947
0.00876101 0.662225 -0.151947
0.00724199 0.676515 -0.151947
-0.0515662 0.679899 -0.0975316
0.00673566 0.681279 -0.151947
0.0143307 0.609825 -0.156893
0.00774833 0.671752 -0.0925848
0.0107864 0.64317 -0.156893
-0.0508127 0.626988 -0.057957
0.00926734 0.657461 -0.156893
0.00876101 0.662225 -0.156893
0.0105271 0.599786 -0.122266
-0.0682996 0.654034 -0.0826911
-0.0637426 0.611161 -0.201415
0.00825467 0.666988 -0.156893
0.00774833 0.671752 -0.156893
0.00724199 0.676515 -0.156893
-0.0515662 0.679899 -0.0876379
0.00673566 0.681279 -0.156893
-0.030782 0.667656 -0.057957
0.0107864 0.64317 -0.16184
0.01028 0.647934 -0.16184
-0.0498001 0.617461 -0.231096
0.00876101 0.662225 -0.16184
-0.0419336 0.680923 -0.186574
-0.0682996 0.654034 -0.0777443
-0.0637426 0.611161 -0.196468
0.00825467 0.666988 -0.16184
0.00774833 0.671752 -0.16184
0.00724199 0.676515 -0.16184
-0.0515662 0.679899 -0.151947
-0.0655087 0.6736 -0.057957
0.00673566 0.681279 -0.16184
0.014837 0.605062 -0.166787
0.0107864 0.64317 -0.191521
0.0107864 0.64317 -0.166787
0.01028 0.647934 -0.166787
-0.0657679 0.630216 -0.122266
0.00926734 0.657461 -0.166787
0.00876101 0.662225 -0.166787
0.00825467 0.666988 -0.166787
0.00774833 0.671752 -0.166787
0.00724199 0.676515 -0.166787
0.014837 0.605062 -0.171734
0.0143307 0.609825 -0.171734
0.013318 0.619353 -0.171734
-0.0672869 0.644507 -0.0826911
0.0112927 0.638407 -0.171734
0.00774833 0.671752 -0.132159
0.0107864 0.64317 -0.171734
-0.0513191 0.631752 -0.231096
0.00926734 0.657461 -0.171734
0.0105271 0.599786 -0.102478
-0.0682996 0.654034 -0.057957
0.00825467 0.666988 -0.171734
0.0107864 0.64317 -0.137106
0.00774833 0.671752 -0.171734
0.0143307 0.609825 -0.176681
-0.0672869 0.644507 -0.102478
0.0112927 0.638407 -0.176681
0.01028 0.647934 -0.176681
0.00926734 0.657461 -0.176681
0.0105271 0.599786 -0.132159
0.00825467 0.666988 -0.176681
0.000647437 0.64691 -0.231096
0.00774833 0.671752 -0.176681
-0.0642489 0.615925 -0.0777443
0.00166011 0.637383 -0.231096
0.00673566 0.681279 -0.176681
-0.0591734 0.659821 -0.231096
0.0143307 0.609825 -0.181628
-0.0672869 0.644507 -0.0975316
0.0112927 0.638407 -0.181628
-0.0472684 0.593643 -0.057957
0.000894517 0.598762 -0.186574
0.00977368 0.652698 -0.181628
-0.0662743 0.634979 -0.206362
0.00926734 0.657461 -0.181628
-0.0419336 0.680923 -0.142053
-0.0693123 0.663561 -0.216255
0.00622932 0.686043 -0.181628
0.014837 0.605062 -0.186574
0.013318 0.619353 -0.186574
0.00774833 0.671752 -0.122266
0.0107864 0.64317 -0.186574
0.000894517 0.598762 -0.201415
0.00977368 0.652698 -0.186574
0.00926734 0.657461 -0.186574
0.00774833 0.671752 -0.186574
0.013318 0.619353 -0.196468
-0.0655087 0.6736 -0.231096
0.00724199 0.676515 -0.186574
-0.0667806 0.639743 -0.181628
0.00673566 0.681279 -0.186574
0.0143307 0.609825 -0.191521
0.0123054 0.62888 -0.191521
-0.0662743 0.634979 -0.191521
0.00926734 0.657461 -0.191521
0.00724199 0.676515 -0.191521
0.00673566 0.681279 -0.191521
0.0143307 0.609825 -0.196468
-0.0414272 0.67616 -0.057957
0.00724199 0.676515 -0.231096
0.0112927 0.638407 -0.196468
0.0107864 0.64317 -0.196468
-0.0662743 0.634979 -0.196468
0.00926734 0.657461 -0.196468
0.0112927 0.638407 -0.0727975
0.00774833 0.671752 -0.196468
0.00724199 0.676515 -0.196468
0.00673566 0.681279 -0.196468
0.0143307 0.609825 -0.201415
0.013318 0.619353 -0.201415
-0.0520847 0.593131 -0.112372
-0.026225 0.624784 -0.231096
0.0128117 0.624116 -0.201415
0.0107864 0.64317 -0.201415
0.01028 0.647934 -0.201415
-0.0122824 0.631084 -0.231096
0.00926734 0.657461 -0.201415
0.00724199 0.676515 -0.201415
-0.198111 0.86078 -0.227458
-0.163909 0.863978 -0.227458
-0.129707 0.867176 -0.227458
-0.202997 0.860323 -0.227458
-0.119935 0.86809 -0.227458
-0.110163 0.869004 -0.227458
-0.0759603 0.872202 -0.227458
-0.0710743 0.872658 -0.227458
-0.0661883 0.873115 -0.227458
-0.0368721 0.875856 -0.227458
-0.0319861 0.876313 -0.227458
0.00710221 0.879968 -0.227458
-0.202997 0.860323 -0.222478
-0.183453 0.862151 -0.222478
-0.173681 0.863064 -0.222478
-0.168795 0.863521 -0.222478
-0.10039 0.869917 -0.222478
-0.0906184 0.870831 -0.222478
-0.0710743 0.872658 -0.222478
-0.0564162 0.874029 -0.222478
-0.0368721 0.875856 -0.222478
-0.0271 0.87677 -0.222478
-0.00755589 0.878598 -0.222478
-0.198111 0.86078 -0.217498
-0.183453 0.862151 -0.217498
-0.178567 0.862607 -0.217498
-0.149251 0.865349 -0.217498
-0.134593 0.866719 -0.217498
-0.202997 0.860323 -0.217498
-0.119935 0.86809 -0.217498
-0.110163 0.869004 -0.217498
-0.105277 0.86946 -0.217498
-0.10039 0.869917 -0.217498
-0.0955045 0.870374 -0.217498
-0.0857324 0.871288 -0.217498
-0.0759603 0.872202 -0.217498
-0.0661883 0.873115 -0.217498
-0.0466441 0.874943 -0.217498
-0.0271 0.87677 -0.217498
-0.00266986 0.879054 -0.217498
-0.119935 0.86809 -0.222478
-0.202997 0.860323 -0.212518
-0.144365 0.865806 -0.212518
-0.134593 0.866719 -0.212518
-0.129707 0.867176 -0.212518
-0.119935 0.86809 -0.212518
-0.0955045 0.870374 -0.212518
-0.0759603 0.872202 -0.212518
-0.0661883 0.873115 -0.212518
-0.0613022 0.873572 -0.212518
-0.0466441 0.874943 -0.212518
-0.0417581 0.8754 -0.212518
-0.0368721 0.875856 -0.212518
-0.0319861 0.876313 -0.212518
0.00710221 0.879968 -0.212518
-0.202997 0.860323 -0.207538
-0.159023 0.864435 -0.212518
-0.198111 0.86078 -0.207538
-0.163909 0.863978 -0.207538
-0.198111 0.86078 -0.212518
-0.159023 0.864435 -0.207538
-0.178567 0.862607 -0.212518
-0.139479 0.866262 -0.207538
-0.129707 0.867176 -0.207538
-0.105277 0.86946 -0.207538
-0.0955045 0.870374 -0.207538
-0.0906184 0.870831 -0.207538
-0.0857324 0.871288 -0.207538
-0.0613022 0.873572 -0.207538
-0.0515302 0.874486 -0.207538
-0.0466441 0.874943 -0.207538
-0.0319861 0.876313 -0.207538
0.00221617 0.879511 -0.207538
-0.198111 0.86078 -0.202558
-0.188339 0.861694 -0.202558
-0.183453 0.862151 -0.202558
-0.163909 0.863978 -0.202558
-0.154137 0.864892 -0.202558
-0.149251 0.865349 -0.202558
-0.129707 0.867176 -0.202558
-0.202997 0.860323 -0.202558
-0.119935 0.86809 -0.202558
-0.10039 0.869917 -0.202558
-0.0857324 0.871288 -0.202558
-0.0515302 0.874486 -0.202558
-0.0466441 0.874943 -0.202558
-0.0417581 0.8754 -0.202558
-0.0319861 0.876313 -0.202558
-0.0271 0.87677 -0.202558
-0.00755589 0.878598 -0.202558
-0.159023 0.864435 -0.197578
-0.154137 0.864892 -0.197578
-0.129707 0.867176 -0.197578
-0.110163 0.869004 -0.197578
-0.0906184 0.870831 -0.197578
-0.0857324 0.871288 -0.197578
-0.0661883 0.873115 -0.197578
-0.0613022 0.873572 -0.197578
-0.0564162 0.874029 -0.197578
-0.0466441 0.874943 -0.197578
-0.0368721 0.875856 -0.197578
-0.0319861 0.876313 -0.197578
-0.0271 0.87677 -0.197578
-0.017328 0.877684 -0.197578
-0.188339 0.861694 -0.192598
-0.183453 0.862151 -0.192598
-0.178567 0.862607 -0.192598
-0.173681 0.863064 -0.192598
-0.168795 0.863521 -0.192598
-0.154137 0.864892 -0.192598
-0.149251 0.865349 -0.192598
-0.139479 0.866262 -0.192598
-0.129707 0.867176 -0.192598
-0.110163 0.869004 -0.192598
-0.0955045 0.870374 -0.192598
-0.0710743 0.872658 -0.192598
-0.0613022 0.873572 -0.192598
-0.0564162 0.874029 -0.192598
-0.0417581 0.8754 -0.192598
-0.0368721 0.875856 -0.192598
0.00710221 0.879968 -0.192598
-0.173681 0.863064 -0.187618
-0.168795 0.863521 -0.187618
-0.163909 0.863978 -0.187618
-0.149251 0.865349 -0.187618
-0.110163 0.869004 -0.187618
-0.0955045 0.870374 -0.187618
-0.0857324 0.871288 -0.187618
-0.0759603 0.872202 -0.187618
-0.0661883 0.873115 -0.187618
-0.0564162 0.874029 -0.187618
-0.0466441 0.874943 -0.187618
-0.0368721 0.875856 -0.187618
-0.0271 0.87677 -0.187618
-0.0808464 0.871745 -0.222478
-0.00266986 0.879054 -0.187618
-0.173681 0.863064 -0.182638
-0.154137 0.864892 -0.182638
-0.149251 0.865349 -0.182638
-0.119935 0.86809 -0.182638
-0.0857324 0.871288 -0.182638
-0.0759603 0.872202 -0.182638
-0.0710743 0.872658 -0.182638
-0.0661883 0.873115 -0.182638
-0.0564162 0.874029 -0.182638
-0.0368721 0.875856 -0.182638
-0.017328 0.877684 -0.182638
-0.00755589 0.878598 -0.182638
-0.163909 0.863978 -0.177659
-0.198111 0.86078 -0.182638
-0.159023 0.864435 -0.177659
-0.154137 0.864892 -0.177659
-0.129707 0.867176 -0.177659
-0.0710743 0.872658 -0.177659
-0.0613022 0.873572 -0.177659
-0.0515302 0.874486 -0.177659
-0.0466441 0.874943 -0.177659
-0.0417581 0.8754 -0.177659
-0.0368721 0.875856 -0.177659
-0.0271 0.87677 -0.177659
-0.022214 0.877227 -0.177659
0.00221617 0.879511 -0.177659
-0.202997 0.860323 -0.172679
-0.183453 0.862151 -0.172679
-0.168795 0.863521 -0.172679
-0.154137 0.864892 -0.172679
-0.149251 0.865349 -0.172679
-0.129707 0.867176 -0.172679
-0.115049 0.868547 -0.172679
-0.0955045 0.870374 -0.172679
-0.0906184 0.870831 -0.172679
-0.0857324 0.871288 -0.172679
-0.0710743 0.872658 -0.172679
-0.0466441 0.874943 -0.172679
-0.0368721 0.875856 -0.172679
-0.0319861 0.876313 -0.172679
-0.0124419 0.878141 -0.172679
-0.022214 0.877227 -0.222478
-0.188339 0.861694 -0.167699
-0.183453 0.862151 -0.167699
-0.163909 0.863978 -0.167699
-0.154137 0.864892 -0.167699
-0.149251 0.865349 -0.167699
-0.144365 0.865806 -0.167699
-0.119935 0.86809 -0.167699
-0.115049 0.868547 -0.167699
-0.105277 0.86946 -0.167699
-0.10039 0.869917 -0.167699
-0.0955045 0.870374 -0.167699
-0.0759603 0.872202 -0.167699
-0.0466441 0.874943 -0.167699
-0.0417581 0.8754 -0.167699
-0.0368721 0.875856 -0.167699
-0.0271 0.87677 -0.167699
-0.0808464 0.871745 -0.197578
-0.00266986 0.879054 -0.167699
-0.202997 0.860323 -0.162719
-0.178567 0.862607 -0.162719
-0.168795 0.863521 -0.162719
-0.163909 0.863978 -0.162719
-0.159023 0.864435 -0.162719
-0.154137 0.864892 -0.162719
-0.149251 0.865349 -0.162719
-0.119935 0.86809 -0.162719
-0.115049 0.868547 -0.162719
-0.0906184 0.870831 -0.162719
-0.0710743 0.872658 -0.162719
-0.0515302 0.874486 -0.162719
-0.0466441 0.874943 -0.162719
-0.0417581 0.8754 -0.162719
-0.0368721 0.875856 -0.162719
-0.00755589 0.878598 -0.162719
0.00710221 0.879968 -0.162719
-0.173681 0.863064 -0.157739
-0.163909 0.863978 -0.157739
-0.149251 0.865349 -0.157739
-0.119935 0.86809 -0.157739
-0.10039 0.869917 -0.157739
-0.0955045 0.870374 -0.157739
-0.0808464 0.871745 -0.157739
-0.0466441 0.874943 -0.157739
-0.0417581 0.8754 -0.157739
-0.0368721 0.875856 -0.157739
-0.017328 0.877684 -0.157739
-0.0124419 0.878141 -0.157739
-0.00755589 0.878598 -0.157739
-0.00266986 0.879054 -0.157739
0.00710221 0.879968 -0.157739
-0.183453 0.862151 -0.152759
-0.173681 0.863064 -0.152759
-0.163909 0.863978 -0.152759
-0.149251 0.865349 -0.152759
-0.129707 0.867176 -0.152759
-0.0906184 0.870831 -0.202558
-0.124821 0.867633 -0.152759
-0.119935 0.86809 -0.152759
-0.115049 0.868547 -0.152759
-0.10039 0.869917 -0.152759
-0.0955045 0.870374 -0.152759
-0.0857324 0.871288 -0.152759
-0.0808464 0.871745 -0.152759
-0.0661883 0.873115 -0.152759
-0.0613022 0.873572 -0.152759
-0.134593 0.866719 -0.172679
-0.0515302 0.874486 -0.152759
-0.0417581 0.8754 -0.152759
-0.0368721 0.875856 -0.152759
-0.0319861 0.876313 -0.152759
-0.0271 0.87677 -0.152759
-0.022214 0.877227 -0.152759
-0.017328 0.877684 -0.152759
-0.105277 0.86946 -0.162719
-0.0124419 0.878141 -0.152759
-0.173681 0.863064 -0.147779
-0.163909 0.863978 -0.147779
-0.154137 0.864892 -0.147779
-0.149251 0.865349 -0.147779
-0.105277 0.86946 -0.147779
-0.0955045 0.870374 -0.147779
-0.0857324 0.871288 -0.147779
-0.0661883 0.873115 -0.147779
-0.0613022 0.873572 -0.147779
-0.0564162 0.874029 -0.147779
-0.0417581 0.8754 -0.147779
-0.0368721 0.875856 -0.147779
-0.105277 0.86946 -0.172679
-0.0124419 0.878141 -0.147779
-0.00755589 0.878598 -0.147779
-0.119935 0.86809 -0.197578
-0.198111 0.86078 -0.142799
-0.183453 0.862151 -0.142799
-0.139479 0.866262 -0.182638
-0.178567 0.862607 -0.142799
-0.149251 0.865349 -0.142799
-0.139479 0.866262 -0.142799
-0.129707 0.867176 -0.142799
-0.119935 0.86809 -0.142799
-0.110163 0.869004 -0.142799
-0.149251 0.865349 -0.222478
-0.0955045 0.870374 -0.142799
-0.124821 0.867633 -0.187618
-0.0906184 0.870831 -0.142799
-0.0661883 0.873115 -0.142799
-0.0613022 0.873572 -0.142799
-0.0271 0.87677 -0.142799
-0.017328 0.877684 -0.142799
-0.00755589 0.878598 -0.142799
0.00710221 0.879968 -0.142799
-0.119935 0.86809 -0.177659
-0.198111 0.86078 -0.137819
-0.183453 0.862151 -0.137819
-0.168795 0.863521 -0.137819
-0.163909 0.863978 -0.137819
-0.154137 0.864892 -0.137819
-0.149251 0.865349 -0.137819
-0.129707 0.867176 -0.137819
-0.119935 0.86809 -0.137819
-0.110163 0.869004 -0.137819
-0.0955045 0.870374 -0.137819
-0.0710743 0.872658 -0.137819
-0.0613022 0.873572 -0.137819
-0.0417581 0.8754 -0.137819
-0.0319861 0.876313 -0.137819
-0.017328 0.877684 -0.137819
-0.00755589 0.878598 -0.137819
0.00221617 0.879511 -0.137819
0.00710221 0.879968 -0.137819
-0.119935 0.86809 -0.187618
-0.198111 0.86078 -0.132839
-0.139479 0.866262 -0.177659
-0.178567 0.862607 -0.132839
-0.168795 0.863521 -0.132839
-0.163909 0.863978 -0.132839
-0.139479 0.866262 -0.132839
-0.10039 0.869917 -0.132839
-0.0955045 0.870374 -0.132839
-0.0808464 0.871745 -0.132839
-0.0710743 0.872658 -0.132839
-0.0613022 0.873572 -0.132839
-0.0466441 0.874943 -0.132839
-0.0417581 0.8754 -0.132839
-0.0368721 0.875856 -0.132839
-0.0271 0.87677 -0.132839
-0.00755589 0.878598 -0.132839
-0.00266986 0.879054 -0.132839
0.00221617 0.879511 -0.132839
0.0124462 0.875528 -0.227458
0.013362 0.865733 -0.227458
0.0138199 0.860835 -0.227458
0.0151937 0.846143 -0.227458
-0.154137 0.864892 -0.152759
0.0165675 0.831451 -0.227458
0.0174834 0.821656 -0.227458
0.019773 0.797169 -0.227458
-0.0124419 0.878141 -0.137819
0.0202309 0.792272 -0.227458
0.0206889 0.787374 -0.227458
0.0216047 0.777579 -0.227458
0.0229785 0.762887 -0.227458
-0.0564162 0.874029 -0.137819
0.0257261 0.733503 -0.227458
0.026184 0.728605 -0.227458
0.0266419 0.723708 -0.227458
-0.183453 0.862151 -0.187618
0.0293895 0.694323 -0.227458
-0.139479 0.866262 -0.227458
0.00221617 0.879511 -0.222478
-0.178567 0.862607 -0.182638
0.0316791 0.669836 -0.227458
0.032137 0.664939 -0.227458
0.0344267 0.640452 -0.227458
0.0348846 0.635554 -0.227458
0.0380901 0.601272 -0.227458
0.0390059 0.591478 -0.227458
0.0119882 0.880425 -0.222478
0.0147358 0.851041 -0.222478
0.0151937 0.846143 -0.222478
0.0156517 0.841246 -0.222478
0.0170254 0.826554 -0.222478
0.0174834 0.821656 -0.222478
0.0188571 0.806964 -0.222478
0.0193151 0.802066 -0.222478
0.019773 0.797169 -0.222478
0.0216047 0.777579 -0.222478
0.0225206 0.767785 -0.222478
0.0229785 0.762887 -0.222478
0.0243523 0.748195 -0.222478
0.0284736 0.704118 -0.222478
0.0293895 0.694323 -0.222478
0.0298474 0.689426 -0.222478
0.0303053 0.684528 -0.222478
0.00221617 0.879511 -0.227458
0.0316791 0.669836 -0.222478
0.032137 0.664939 -0.222478
0.0330529 0.655144 -0.222478
0.0335108 0.650247 -0.222478
0.0339687 0.645349 -0.222478
0.0344267 0.640452 -0.222478
0.0348846 0.635554 -0.222478
0.0353425 0.630657 -0.222478
0.0358004 0.625759 -0.222478
0.0362584 0.620862 -0.222478
0.0380901 0.601272 -0.222478
0.0390059 0.591478 -0.222478
0.0119882 0.880425 -0.217498
0.0124462 0.875528 -0.217498
0.013362 0.865733 -0.217498
0.0138199 0.860835 -0.217498
0.0142779 0.855938 -0.217498
0.0147358 0.851041 -0.217498
0.0151937 0.846143 -0.217498
0.0156517 0.841246 -0.217498
0.0174834 0.821656 -0.217498
0.0193151 0.802066 -0.217498
0.019773 0.797169 -0.217498
0.0202309 0.792272 -0.217498
0.0206889 0.787374 -0.217498
0.0225206 0.767785 -0.217498
0.0229785 0.762887 -0.217498
-0.0759603 0.872202 -0.202558
0.0234364 0.75799 -0.217498
0.0243523 0.748195 -0.217498
0.026184 0.728605 -0.217498
0.0266419 0.723708 -0.217498
-0.10039 0.869917 -0.147779
0.0270998 0.71881 -0.217498
-0.154137 0.864892 -0.132839
0.0275578 0.713913 -0.217498
0.0284736 0.704118 -0.217498
0.0289315 0.699221 -0.217498
-0.183453 0.862151 -0.197578
0.0293895 0.694323 -0.217498
0.0307632 0.679631 -0.217498
0.032137 0.664939 -0.217498
0.032595 0.660041 -0.217498
0.0330529 0.655144 -0.217498
0.0335108 0.650247 -0.217498
0.0339687 0.645349 -0.217498
0.0344267 0.640452 -0.217498
0.0353425 0.630657 -0.217498
0.0358004 0.625759 -0.217498
-0.0417581 0.8754 -0.227458
0.0362584 0.620862 -0.217498
0.0390059 0.591478 -0.217498
0.0394639 0.58658 -0.217498
0.0124462 0.875528 -0.212518
0.0129041 0.87063 -0.212518
0.013362 0.865733 -0.212518
0.0142779 0.855938 -0.212518
0.0151937 0.846143 -0.212518
0.0161096 0.836348 -0.212518
0.0170254 0.826554 -0.212518
-0.188339 0.861694 -0.182638
0.0179413 0.816759 -0.212518
0.0193151 0.802066 -0.212518
0.019773 0.797169 -0.212518
-0.0124419 0.878141 -0.162719
0.0202309 0.792272 -0.212518
0.0243523 0.748195 -0.212518
0.026184 0.728605 -0.212518
0.0270998 0.71881 -0.212518
0.0280157 0.709016 -0.212518
-0.183453 0.862151 -0.177659
0.0293895 0.694323 -0.212518
0.0298474 0.689426 -0.212518
0.0312212 0.674734 -0.212518
-0.178567 0.862607 -0.177659
0.0316791 0.669836 -0.212518
0.0339687 0.645349 -0.212518
0.0353425 0.630657 -0.212518
0.0362584 0.620862 -0.212518
0.0394639 0.58658 -0.212518
0.0119882 0.880425 -0.207538
0.0216047 0.777579 -0.212518
0.0129041 0.87063 -0.207538
0.013362 0.865733 -0.207538
0.0138199 0.860835 -0.207538
0.0142779 0.855938 -0.207538
-0.10039 0.869917 -0.197578
0.0161096 0.836348 -0.207538
0.0170254 0.826554 -0.207538
0.0188571 0.806964 -0.207538
0.0193151 0.802066 -0.207538
0.0216047 0.777579 -0.207538
0.0225206 0.767785 -0.207538
0.0243523 0.748195 -0.207538
0.0266419 0.723708 -0.207538
0.0270998 0.71881 -0.207538
0.0284736 0.704118 -0.207538
0.0298474 0.689426 -0.207538
0.0303053 0.684528 -0.207538
0.0307632 0.679631 -0.207538
0.00221617 0.879511 -0.217498
0.0316791 0.669836 -0.207538
0.0339687 0.645349 -0.207538
0.0376322 0.60617 -0.207538
0.0394639 0.58658 -0.207538
0.0124462 0.875528 -0.202558
0.0129041 0.87063 -0.202558
0.0138199 0.860835 -0.202558
0.0151937 0.846143 -0.202558
0.0156517 0.841246 -0.202558
0.0165675 0.831451 -0.202558
0.0170254 0.826554 -0.202558
0.0174834 0.821656 -0.202558
-0.188339 0.861694 -0.197578
0.0179413 0.816759 -0.202558
0.0183992 0.811861 -0.202558
0.0193151 0.802066 -0.202558
0.019773 0.797169 -0.202558
0.0202309 0.792272 -0.202558
0.0225206 0.767785 -0.202558
0.0234364 0.75799 -0.202558
0.0257261 0.733503 -0.202558
0.026184 0.728605 -0.202558
0.0275578 0.713913 -0.202558
0.0280157 0.709016 -0.202558
0.0293895 0.694323 -0.202558
0.0303053 0.684528 -0.202558
0.0307632 0.679631 -0.202558
0.032137 0.664939 -0.202558
0.032595 0.660041 -0.202558
0.0339687 0.645349 -0.202558
0.0344267 0.640452 -0.202558
0.0353425 0.630657 -0.202558
0.0358004 0.625759 -0.202558
0.0380901 0.601272 -0.202558
0.0394639 0.58658 -0.202558
0.0124462 0.875528 -0.197578
0.013362 0.865733 -0.197578
0.0138199 0.860835 -0.197578
0.0142779 0.855938 -0.197578
0.0151937 0.846143 -0.197578
0.0156517 0.841246 -0.197578
-0.10039 0.869917 -0.137819
0.0161096 0.836348 -0.197578
0.0165675 0.831451 -0.197578
0.0170254 0.826554 -0.197578
0.0183992 0.811861 -0.197578
0.0188571 0.806964 -0.197578
0.0193151 0.802066 -0.197578
0.0202309 0.792272 -0.197578
0.0206889 0.787374 -0.197578
0.0129041 0.87063 -0.217498
0.0216047 0.777579 -0.197578
0.0225206 0.767785 -0.197578
-0.0759603 0.872202 -0.162719
0.0234364 0.75799 -0.197578
0.0243523 0.748195 -0.197578
0.0257261 0.733503 -0.197578
0.0312212 0.674734 -0.217498
0.0284736 0.704118 -0.197578
0.0303053 0.684528 -0.197578
0.0316791 0.669836 -0.197578
0.032137 0.664939 -0.197578
0.032595 0.660041 -0.197578
0.0344267 0.640452 -0.197578
0.0362584 0.620862 -0.197578
0.0371742 0.611067 -0.197578
0.0376322 0.60617 -0.197578
0.0119882 0.880425 -0.192598
0.0138199 0.860835 -0.192598
0.0142779 0.855938 -0.192598
0.0151937 0.846143 -0.192598
0.0156517 0.841246 -0.192598
0.0165675 0.831451 -0.192598
0.0188571 0.806964 -0.192598
0.0193151 0.802066 -0.192598
0.019773 0.797169 -0.192598
0.0202309 0.792272 -0.192598
-0.0124419 0.878141 -0.202558
0.0211468 0.782477 -0.192598
0.0216047 0.777579 -0.192598
-0.0759603 0.872202 -0.177659
0.0234364 0.75799 -0.192598
0.0257261 0.733503 -0.192598
0.026184 0.728605 -0.192598
-0.0564162 0.874029 -0.207538
0.0266419 0.723708 -0.192598
0.0270998 0.71881 -0.192598
0.0284736 0.704118 -0.192598
0.0293895 0.694323 -0.192598
0.0298474 0.689426 -0.192598
-0.139479 0.866262 -0.222478
-0.178567 0.862607 -0.207538
0.0316791 0.669836 -0.192598
0.032137 0.664939 -0.192598
0.032595 0.660041 -0.192598
0.0339687 0.645349 -0.192598
0.0344267 0.640452 -0.192598
0.0348846 0.635554 -0.192598
0.0353425 0.630657 -0.192598
0.0358004 0.625759 -0.192598
0.0362584 0.620862 -0.192598
0.0394639 0.58658 -0.192598
0.0129041 0.87063 -0.187618
0.0142779 0.855938 -0.187618
0.0147358 0.851041 -0.187618
0.0151937 0.846143 -0.187618
0.0165675 0.831451 -0.187618
0.0174834 0.821656 -0.187618
0.0188571 0.806964 -0.187618
0.0193151 0.802066 -0.187618
0.0202309 0.792272 -0.187618
0.0206889 0.787374 -0.187618
0.0216047 0.777579 -0.187618
0.0229785 0.762887 -0.187618
0.0243523 0.748195 -0.187618
0.0257261 0.733503 -0.187618
0.0266419 0.723708 -0.187618
0.0275578 0.713913 -0.187618
0.0280157 0.709016 -0.187618
0.0298474 0.689426 -0.187618
0.0303053 0.684528 -0.187618
0.032137 0.664939 -0.187618
0.0330529 0.655144 -0.187618
0.0339687 0.645349 -0.187618
0.0344267 0.640452 -0.187618
0.0353425 0.630657 -0.187618
0.0367163 0.615965 -0.187618
0.0371742 0.611067 -0.187618
0.038548 0.596375 -0.187618
0.0390059 0.591478 -0.187618
0.0394639 0.58658 -0.187618
-0.124821 0.867633 -0.227458
0.0124462 0.875528 -0.182638
0.0129041 0.87063 -0.182638
0.013362 0.865733 -0.182638
0.0147358 0.851041 -0.182638
0.0151937 0.846143 -0.182638
0.0156517 0.841246 -0.182638
0.0161096 0.836348 -0.182638
0.0165675 0.831451 -0.182638
0.0170254 0.826554 -0.182638
0.0174834 0.821656 -0.182638
0.0179413 0.816759 -0.182638
0.0183992 0.811861 -0.182638
0.0193151 0.802066 -0.182638
0.019773 0.797169 -0.182638
0.0229785 0.762887 -0.182638
-0.0759603 0.872202 -0.142799
0.0234364 0.75799 -0.182638
0.0238943 0.753092 -0.182638
0.0252681 0.7384 -0.182638
0.0257261 0.733503 -0.182638
0.0270998 0.71881 -0.182638
0.0298474 0.689426 -0.182638
0.0312212 0.674734 -0.182638
0.032595 0.660041 -0.182638
0.0330529 0.655144 -0.182638
0.0344267 0.640452 -0.182638
0.0348846 0.635554 -0.182638
0.0353425 0.630657 -0.182638
-0.0515302 0.874486 -0.157739
0.0358004 0.625759 -0.182638
0.0362584 0.620862 -0.182638
0.0376322 0.60617 -0.182638
0.0380901 0.601272 -0.182638
0.0124462 0.875528 -0.177659
0.0147358 0.851041 -0.177659
0.0151937 0.846143 -0.177659
0.0156517 0.841246 -0.177659
-0.10039 0.869917 -0.142799
0.0161096 0.836348 -0.177659
0.0165675 0.831451 -0.177659
0.0170254 0.826554 -0.177659
0.0174834 0.821656 -0.177659
0.0188571 0.806964 -0.177659
0.0216047 0.777579 -0.177659
0.0243523 0.748195 -0.177659
0.0248102 0.743297 -0.177659
0.0252681 0.7384 -0.177659
0.026184 0.728605 -0.177659
0.0270998 0.71881 -0.177659
0.0289315 0.699221 -0.177659
0.0293895 0.694323 -0.177659
0.0298474 0.689426 -0.177659
0.0307632 0.679631 -0.222478
0.0303053 0.684528 -0.177659
0.0307632 0.679631 -0.177659
0.032137 0.664939 -0.177659
0.0330529 0.655144 -0.177659
0.0376322 0.60617 -0.177659
0.0380901 0.601272 -0.177659
0.0394639 0.58658 -0.177659
-0.124821 0.867633 -0.222478
0.0124462 0.875528 -0.172679
0.0129041 0.87063 -0.172679
0.013362 0.865733 -0.172679
0.0151937 0.846143 -0.172679
0.0161096 0.836348 -0.172679
0.0174834 0.821656 -0.172679
0.0188571 0.806964 -0.172679
0.0193151 0.802066 -0.172679
-0.0710743 0.872658 -0.147779
0.019773 0.797169 -0.172679
0.0202309 0.792272 -0.172679
0.0206889 0.787374 -0.172679
0.0129041 0.87063 -0.192598
0.0216047 0.777579 -0.172679
0.0252681 0.7384 -0.172679
0.0275578 0.713913 -0.172679
0.0298474 0.689426 -0.172679
0.032137 0.664939 -0.172679
0.0335108 0.650247 -0.172679
0.0339687 0.645349 -0.172679
0.0348846 0.635554 -0.172679
0.0353425 0.630657 -0.172679
0.0362584 0.620862 -0.172679
0.0367163 0.615965 -0.172679
0.0376322 0.60617 -0.172679
0.038548 0.596375 -0.172679
0.0390059 0.591478 -0.172679
0.0394639 0.58658 -0.172679
0.0129041 0.87063 -0.167699
0.0156517 0.841246 -0.167699
-0.154137 0.864892 -0.187618
0.0165675 0.831451 -0.167699
-0.022214 0.877227 -0.217498
-0.188339 0.861694 -0.137819
0.0179413 0.816759 -0.167699
0.0188571 0.806964 -0.167699
-0.0710743 0.872658 -0.142799
0.019773 0.797169 -0.167699
0.0202309 0.792272 -0.167699
0.0206889 0.787374 -0.167699
0.0229785 0.762887 -0.167699
-0.0759603 0.872202 -0.157739
0.0234364 0.75799 -0.167699
0.0243523 0.748195 -0.167699
0.0266419 0.723708 -0.167699
0.0284736 0.704118 -0.167699
0.0298474 0.689426 -0.167699
0.0303053 0.684528 -0.167699
0.0307632 0.679631 -0.167699
0.0312212 0.674734 -0.167699
0.032137 0.664939 -0.167699
0.0330529 0.655144 -0.167699
0.0344267 0.640452 -0.167699
0.0353425 0.630657 -0.167699
0.0358004 0.625759 -0.167699
0.0289315 0.699221 -0.222478
0.0367163 0.615965 -0.167699
0.0376322 0.60617 -0.167699
0.0380901 0.601272 -0.167699
0.0390059 0.591478 -0.167699
-0.124821 0.867633 -0.207538
0.0124462 0.875528 -0.162719
0.0129041 0.87063 -0.162719
0.013362 0.865733 -0.162719
0.0138199 0.860835 -0.162719
-0.0808464 0.871745 -0.172679
-0.00266986 0.879054 -0.142799
0.0151937 0.846143 -0.162719
0.0156517 0.841246 -0.162719
0.0161096 0.836348 -0.162719
0.0174834 0.821656 -0.162719
-0.188339 0.861694 -0.132839
0.0179413 0.816759 -0.162719
0.0188571 0.806964 -0.162719
0.0206889 0.787374 -0.162719
0.0225206 0.767785 -0.162719
-0.0759603 0.872202 -0.147779
0.0234364 0.75799 -0.162719
0.0243523 0.748195 -0.162719
0.0248102 0.743297 -0.162719
0.0270998 0.71881 -0.162719
0.0275578 0.713913 -0.162719
0.0298474 0.689426 -0.162719
0.0307632 0.679631 -0.162719
0.0312212 0.674734 -0.162719
0.032137 0.664939 -0.162719
0.0335108 0.650247 -0.162719
0.0344267 0.640452 -0.162719
0.0348846 0.635554 -0.162719
0.0358004 0.625759 -0.162719
0.0380901 0.601272 -0.162719
0.0138199 0.860835 -0.157739
0.0165675 0.831451 -0.157739
0.0174834 0.821656 -0.157739
-0.022214 0.877227 -0.202558
0.0179413 0.816759 -0.157739
0.0188571 0.806964 -0.157739
0.0216047 0.777579 -0.157739
-0.017328 0.877684 -0.192598
0.0225206 0.767785 -0.157739
0.0229785 0.762887 -0.157739
0.0234364 0.75799 -0.157739
0.0179413 0.816759 -0.222478
0.0248102 0.743297 -0.157739
0.0270998 0.71881 -0.157739
0.0284736 0.704118 -0.157739
0.0289315 0.699221 -0.157739
0.0293895 0.694323 -0.157739
0.0298474 0.689426 -0.157739
0.0303053 0.684528 -0.157739
0.0307632 0.679631 -0.157739
0.0312212 0.674734 -0.157739
0.032137 0.664939 -0.157739
0.0335108 0.650247 -0.157739
0.0344267 0.640452 -0.157739
0.0362584 0.620862 -0.157739
0.0367163 0.615965 -0.157739
0.0280157 0.709016 -0.217498
0.0371742 0.611067 -0.157739
0.0380901 0.601272 -0.157739
0.038548 0.596375 -0.157739
0.0390059 0.591478 -0.157739
0.0394639 0.58658 -0.157739
0.0119882 0.880425 -0.152759
-0.124821 0.867633 -0.197578
-0.0906184 0.870831 -0.157739
0.0124462 0.875528 -0.152759
0.0129041 0.87063 -0.152759
0.013362 0.865733 -0.152759
0.0147358 0.851041 -0.152759
0.0151937 0.846143 -0.152759
0.0170254 0.826554 -0.152759
0.0174834 0.821656 -0.152759
0.0188571 0.806964 -0.152759
0.0193151 0.802066 -0.152759
0.0216047 0.777579 -0.152759
-0.017328 0.877684 -0.187618
0.0225206 0.767785 -0.152759
0.0229785 0.762887 -0.152759
0.0234364 0.75799 -0.152759
0.0257261 0.733503 -0.152759
0.026184 0.728605 -0.152759
0.0275578 0.713913 -0.152759
0.0280157 0.709016 -0.152759
0.0293895 0.694323 -0.152759
0.0298474 0.689426 -0.152759
0.0307632 0.679631 -0.152759
0.0339687 0.645349 -0.152759
0.0344267 0.640452 -0.152759
0.0348846 0.635554 -0.152759
0.0353425 0.630657 -0.152759
-0.0515302 0.874486 -0.187618
0.0358004 0.625759 -0.152759
0.0362584 0.620862 -0.152759
0.0390059 0.591478 -0.152759
0.0394639 0.58658 -0.152759
0.0119882 0.880425 -0.147779
0.0129041 0.87063 -0.147779
0.0138199 0.860835 -0.147779
0.0147358 0.851041 -0.147779
0.0156517 0.841246 -0.147779
0.0165675 0.831451 -0.147779
0.0174834 0.821656 -0.147779
-0.022214 0.877227 -0.212518
0.0179413 0.816759 -0.147779
0.0188571 0.806964 -0.147779
0.0193151 0.802066 -0.147779
0.019773 0.797169 -0.147779
-0.144365 0.865806 -0.182638
0.00221617 0.879511 -0.162719
0.0316791 0.669836 -0.167699
0.0202309 0.792272 -0.147779
0.0216047 0.777579 -0.147779
0.0234364 0.75799 -0.147779
0.0252681 0.7384 -0.147779
0.026184 0.728605 -0.147779
0.0275578 0.713913 -0.147779
0.0289315 0.699221 -0.147779
0.0293895 0.694323 -0.147779
0.0298474 0.689426 -0.147779
0.0307632 0.679631 -0.147779
0.0312212 0.674734 -0.147779
0.0316791 0.669836 -0.147779
0.032137 0.664939 -0.147779
0.0330529 0.655144 -0.147779
0.0335108 0.650247 -0.147779
0.0339687 0.645349 -0.147779
0.0344267 0.640452 -0.147779
0.0348846 0.635554 -0.147779
0.0353425 0.630657 -0.147779
0.0358004 0.625759 -0.147779
0.0367163 0.615965 -0.147779
0.0390059 0.591478 -0.147779
0.013362 0.865733 -0.142799
0.0138199 0.860835 -0.142799
0.0142779 0.855938 -0.142799
-0.154137 0.864892 -0.212518
0.0165675 0.831451 -0.142799
0.0170254 0.826554 -0.142799
-0.188339 0.861694 -0.207538
0.0179413 0.816759 -0.142799
0.0188571 0.806964 -0.142799
0.019773 0.797169 -0.142799
0.0206889 0.787374 -0.142799
0.0216047 0.777579 -0.142799
-0.115049 0.868547 -0.222478
0.0238943 0.753092 -0.142799
0.0248102 0.743297 -0.142799
0.0257261 0.733503 -0.142799
0.0165675 0.831451 -0.217498
0.0275578 0.713913 -0.142799
0.0284736 0.704118 -0.142799
0.0293895 0.694323 -0.142799
0.0303053 0.684528 -0.142799
0.038548 0.596375 -0.202558
0.0307632 0.679631 -0.142799
0.032137 0.664939 -0.142799
0.0344267 0.640452 -0.142799
0.0348846 0.635554 -0.142799
0.0353425 0.630657 -0.142799
-0.0515302 0.874486 -0.167699
0.0358004 0.625759 -0.142799
0.0362584 0.620862 -0.142799
0.0367163 0.615965 -0.142799
0.0280157 0.709016 -0.207538
0.0371742 0.611067 -0.142799
0.0376322 0.60617 -0.142799
0.0390059 0.591478 -0.142799
0.0394639 0.58658 -0.142799
0.0119882 0.880425 -0.137819
0.0124462 0.875528 -0.137819
0.0129041 0.87063 -0.137819
0.0138199 0.860835 -0.137819
0.0170254 0.826554 -0.137819
0.0174834 0.821656 -0.137819
0.0179413 0.816759 -0.137819
0.0206889 0.787374 -0.137819
-0.105277 0.86946 -0.182638
0.0211468 0.782477 -0.137819
0.0229785 0.762887 -0.137819
0.0257261 0.733503 -0.137819
0.0165675 0.831451 -0.222478
0.0275578 0.713913 -0.137819
0.0188571 0.806964 -0.137819
0.0293895 0.694323 -0.137819
0.0307632 0.679631 -0.192598
0.0303053 0.684528 -0.137819
0.00221617 0.879511 -0.192598
0.0316791 0.669836 -0.137819
0.032137 0.664939 -0.137819
0.0335108 0.650247 -0.137819
0.0344267 0.640452 -0.137819
0.0348846 0.635554 -0.137819
0.0353425 0.630657 -0.137819
-0.0515302 0.874486 -0.172679
0.0358004 0.625759 -0.137819
0.0376322 0.60617 -0.137819
0.0380901 0.601272 -0.137819
0.0390059 0.591478 -0.137819
0.0394639 0.58658 -0.137819
-0.124821 0.867633 -0.182638
-0.0906184 0.870831 -0.137819
0.0119882 0.880425 -0.132839
0.0124462 0.875528 -0.132839
0.0138199 0.860835 -0.132839
0.0142779 0.855938 -0.132839
0.0151937 0.846143 -0.132839
-0.10039 0.869917 -0.192598
0.0161096 0.836348 -0.132839
0.0165675 0.831451 -0.132839
0.0170254 0.826554 -0.132839
0.0174834 0.821656 -0.132839
-0.188339 0.861694 -0.212518
0.0179413 0.816759 -0.132839
0.0188571 0.806964 -0.132839
0.0193151 0.802066 -0.132839
0.0298474 0.689426 -0.137819
0.019773 0.797169 -0.132839
-0.144365 0.865806 -0.192598
-0.105277 0.86946 -0.177659
0.0211468 0.782477 -0.132839
0.0216047 0.777579 -0.132839
0.0225206 0.767785 -0.132839
0.0238943 0.753092 -0.132839
0.0243523 0.748195 -0.132839
0.0257261 0.733503 -0.132839
0.026184 0.728605 -0.132839
-0.10039 0.869917 -0.207538
0.0270998 0.71881 -0.132839
0.0165675 0.831451 -0.207538
0.0275578 0.713913 -0.132839
0.0371742 0.611067 -0.217498
0.0280157 0.709016 -0.132839
0.0293895 0.694323 -0.132839
0.0298474 0.689426 -0.132839
0.0312212 0.674734 -0.132839
0.0339687 0.645349 -0.132839
0.0344267 0.640452 -0.132839
0.0348846 0.635554 -0.132839
0.0362584 0.620862 -0.132839
0.0280157 0.709016 -0.192598
0.0371742 0.611067 -0.132839
0.0376322 0.60617 -0.132839
0.0380901 0.601272 -0.132839
0.0390059 0.591478 -0.132839
0.0394639 0.58658 -0.132839
0.0399218 0.581683 -0.227458
-0.0661883 0.873115 -0.137819
0.0203777 0.579855 -0.227458
0.0154916 0.579398 -0.227458
0.0106056 0.578942 -0.227458
0.00571957 0.578485 -0.227458
0.0339687 0.645349 -0.137819
0.000833536 0.578028 -0.227458
-0.0040525 0.577571 -0.227458
0.0330529 0.655144 -0.227458
-0.00893853 0.577114 -0.227458
-0.0187106 0.5762 -0.227458
-0.0480268 0.573459 -0.227458
-0.0529128 0.573002 -0.227458
-0.0626849 0.572089 -0.227458
-0.0675709 0.571632 -0.227458
-0.077343 0.570718 -0.227458
-0.0920011 0.569347 -0.227458
-0.0968871 0.568891 -0.227458
-0.101773 0.568434 -0.227458
-0.106659 0.567977 -0.227458
-0.111545 0.56752 -0.227458
-0.140861 0.564779 -0.227458
-0.145747 0.564322 -0.227458
-0.170178 0.562038 -0.227458
0.0301497 0.580769 -0.222478
-0.0661883 0.873115 -0.132839
0.0203777 0.579855 -0.222478
0.0154916 0.579398 -0.222478
0.00571957 0.578485 -0.222478
0.000833536 0.578028 -0.222478
-0.0040525 0.577571 -0.222478
-0.00893853 0.577114 -0.222478
-0.0333687 0.57483 -0.222478
-0.0382547 0.574373 -0.222478
-0.00755589 0.878598 -0.207538
-0.0431408 0.573916 -0.222478
-0.0480268 0.573459 -0.222478
-0.0529128 0.573002 -0.222478
-0.0577988 0.572545 -0.222478
-0.0626849 0.572089 -0.222478
-0.0675709 0.571632 -0.222478
-0.0724569 0.571175 -0.222478
-0.0968871 0.568891 -0.222478
-0.105277 0.86946 -0.152759
-0.101773 0.568434 -0.222478
-0.106659 0.567977 -0.222478
-0.111545 0.56752 -0.222478
-0.116431 0.567063 -0.222478
-0.121317 0.566606 -0.222478
0.00710221 0.879968 -0.147779
-0.131089 0.565693 -0.222478
-0.140861 0.564779 -0.222478
-0.145747 0.564322 -0.222478
0.0238943 0.753092 -0.167699
-0.160406 0.562951 -0.222478
-0.170178 0.562038 -0.222478
0.0350358 0.581226 -0.217498
0.0220626 0.772682 -0.217498
0.0252637 0.580312 -0.217498
0.0154916 0.579398 -0.217498
0.000833536 0.578028 -0.217498
-0.0040525 0.577571 -0.217498
-0.0138246 0.576657 -0.217498
-0.0187106 0.5762 -0.217498
-0.0235966 0.575743 -0.217498
-0.0284827 0.575287 -0.217498
-0.134593 0.866719 -0.177659
-0.0333687 0.57483 -0.217498
-0.0382547 0.574373 -0.217498
-0.0431408 0.573916 -0.217498
-0.0577988 0.572545 -0.217498
-0.0626849 0.572089 -0.217498
-0.0675709 0.571632 -0.217498
-0.077343 0.570718 -0.217498
-0.082229 0.570261 -0.217498
-0.087115 0.569804 -0.217498
-0.105277 0.86946 -0.157739
-0.0124419 0.878141 -0.132839
-0.101773 0.568434 -0.217498
-0.106659 0.567977 -0.217498
-0.111545 0.56752 -0.217498
-0.121317 0.566606 -0.217498
0.0206889 0.787374 -0.147779
-0.126203 0.566149 -0.217498
-0.140861 0.564779 -0.217498
-0.145747 0.564322 -0.217498
-0.155519 0.563408 -0.217498
-0.160406 0.562951 -0.217498
0.0220626 0.772682 -0.212518
0.0252637 0.580312 -0.212518
0.0154916 0.579398 -0.212518
0.0106056 0.578942 -0.212518
0.0339687 0.645349 -0.157739
0.000833536 0.578028 -0.212518
-0.0040525 0.577571 -0.212518
-0.0187106 0.5762 -0.212518
-0.0235966 0.575743 -0.212518
-0.0284827 0.575287 -0.212518
-0.0382547 0.574373 -0.212518
-0.0480268 0.573459 -0.212518
-0.0529128 0.573002 -0.212518
-0.0577988 0.572545 -0.212518
-0.0626849 0.572089 -0.212518
-0.0675709 0.571632 -0.212518
-0.077343 0.570718 -0.212518
-0.082229 0.570261 -0.212518
-0.0920011 0.569347 -0.212518
-0.116431 0.567063 -0.212518
-0.121317 0.566606 -0.212518
-0.131089 0.565693 -0.212518
-0.170178 0.562038 -0.212518
0.0301497 0.580769 -0.207538
0.0220626 0.772682 -0.207538
0.0252637 0.580312 -0.207538
-0.0661883 0.873115 -0.177659
0.0203777 0.579855 -0.207538
0.0154916 0.579398 -0.207538
0.0238943 0.753092 -0.222478
0.0106056 0.578942 -0.207538
0.00571957 0.578485 -0.207538
0.0339687 0.645349 -0.142799
0.000833536 0.578028 -0.207538
-0.00893853 0.577114 -0.207538
-0.0138246 0.576657 -0.207538
-0.0235966 0.575743 -0.207538
-0.0284827 0.575287 -0.207538
-0.134593 0.866719 -0.187618
-0.0333687 0.57483 -0.207538
-0.0382547 0.574373 -0.207538
-0.0480268 0.573459 -0.207538
-0.0675709 0.571632 -0.207538
-0.0724569 0.571175 -0.207538
-0.082229 0.570261 -0.207538
-0.087115 0.569804 -0.207538
-0.0968871 0.568891 -0.207538
-0.0271 0.87677 -0.157739
-0.106659 0.567977 -0.207538
-0.121317 0.566606 -0.207538
-0.126203 0.566149 -0.207538
-0.140861 0.564779 -0.207538
-0.155519 0.563408 -0.207538
-0.175064 0.561581 -0.207538
0.0301497 0.580769 -0.202558
0.0220626 0.772682 -0.202558
0.0252637 0.580312 -0.202558
0.000833536 0.578028 -0.202558
-0.0138246 0.576657 -0.202558
-0.0187106 0.5762 -0.202558
-0.0235966 0.575743 -0.202558
-0.0333687 0.57483 -0.202558
-0.0382547 0.574373 -0.202558
-0.0431408 0.573916 -0.202558
-0.0626849 0.572089 -0.202558
-0.0724569 0.571175 -0.202558
-0.077343 0.570718 -0.202558
0.026184 0.728605 -0.142799
-0.082229 0.570261 -0.202558
0.0330529 0.655144 -0.212518
-0.0920011 0.569347 -0.202558
-0.106659 0.567977 -0.202558
-0.111545 0.56752 -0.202558
-0.121317 0.566606 -0.202558
-0.0124419 0.878141 -0.207538
-0.131089 0.565693 -0.202558
-0.140861 0.564779 -0.202558
-0.145747 0.564322 -0.202558
-0.155519 0.563408 -0.202558
-0.170178 0.562038 -0.202558
-0.175064 0.561581 -0.202558
0.0220626 0.772682 -0.197578
0.0252637 0.580312 -0.197578
0.0203777 0.579855 -0.197578
0.0154916 0.579398 -0.197578
0.000833536 0.578028 -0.197578
-0.00893853 0.577114 -0.197578
-0.0235966 0.575743 -0.197578
-0.0284827 0.575287 -0.197578
-0.0515302 0.874486 -0.147779
-0.0333687 0.57483 -0.197578
-0.0382547 0.574373 -0.197578
-0.0480268 0.573459 -0.197578
-0.0529128 0.573002 -0.197578
-0.0577988 0.572545 -0.197578
-0.0626849 0.572089 -0.197578
-0.0675709 0.571632 -0.197578
-0.0613022 0.873572 -0.187618
-0.0724569 0.571175 -0.197578
-0.077343 0.570718 -0.197578
-0.082229 0.570261 -0.197578
-0.087115 0.569804 -0.197578
0.0330529 0.655144 -0.192598
-0.0920011 0.569347 -0.197578
0.0119882 0.880425 -0.162719
-0.0968871 0.568891 -0.197578
-0.0235966 0.575743 -0.227458
-0.101773 0.568434 -0.197578
-0.0271 0.87677 -0.192598
-0.106659 0.567977 -0.197578
-0.111545 0.56752 -0.197578
-0.116431 0.567063 -0.197578
-0.135975 0.565236 -0.197578
-0.140861 0.564779 -0.197578
-0.145747 0.564322 -0.197578
-0.155519 0.563408 -0.197578
0.0399218 0.581683 -0.192598
0.0350358 0.581226 -0.192598
0.0220626 0.772682 -0.192598
0.0252637 0.580312 -0.192598
0.0203777 0.579855 -0.192598
0.0154916 0.579398 -0.192598
0.0106056 0.578942 -0.192598
0.00571957 0.578485 -0.192598
0.0339687 0.645349 -0.162719
0.000833536 0.578028 -0.192598
-0.0040525 0.577571 -0.192598
-0.00893853 0.577114 -0.192598
-0.0138246 0.576657 -0.192598
-0.0187106 0.5762 -0.192598
-0.0235966 0.575743 -0.192598
-0.0284827 0.575287 -0.192598
-0.0382547 0.574373 -0.192598
-0.0480268 0.573459 -0.192598
-0.0529128 0.573002 -0.192598
-0.0577988 0.572545 -0.192598
-0.0675709 0.571632 -0.192598
-0.0724569 0.571175 -0.192598
-0.077343 0.570718 -0.192598
0.0330529 0.655144 -0.197578
-0.0920011 0.569347 -0.192598
-0.101773 0.568434 -0.192598
-0.126203 0.566149 -0.192598
-0.0124419 0.878141 -0.192598
0.00710221 0.879968 -0.177659
0.0211468 0.782477 -0.172679
-0.131089 0.565693 -0.192598
-0.150633 0.563865 -0.192598
-0.155519 0.563408 -0.192598
-0.175064 0.561581 -0.192598
0.0350358 0.581226 -0.187618
0.0203777 0.579855 -0.187618
0.0154916 0.579398 -0.187618
0.0339687 0.645349 -0.182638
0.000833536 0.578028 -0.187618
-0.0138246 0.576657 -0.187618
-0.0187106 0.5762 -0.187618
-0.0235966 0.575743 -0.187618
-0.0284827 0.575287 -0.187618
-0.0480268 0.573459 -0.187618
-0.0529128 0.573002 -0.187618
-0.0577988 0.572545 -0.187618
-0.0613022 0.873572 -0.167699
-0.0724569 0.571175 -0.187618
-0.077343 0.570718 -0.187618
-0.082229 0.570261 -0.187618
-0.087115 0.569804 -0.187618
-0.111545 0.56752 -0.187618
-0.121317 0.566606 -0.187618
-0.0124419 0.878141 -0.222478
0.0211468 0.782477 -0.167699
-0.131089 0.565693 -0.187618
-0.135975 0.565236 -0.187618
-0.140861 0.564779 -0.187618
0.0151937 0.846143 -0.137819
-0.150633 0.563865 -0.187618
-0.110163 0.869004 -0.177659
-0.155519 0.563408 -0.187618
0.032595 0.660041 -0.222478
-0.165292 0.562495 -0.187618
0.032595 0.660041 -0.167699
-0.165292 0.562495 -0.227458
-0.175064 0.561581 -0.187618
0.0301497 0.580769 -0.182638
0.0203777 0.579855 -0.182638
-0.0040525 0.577571 -0.182638
-0.0138246 0.576657 -0.182638
-0.0284827 0.575287 -0.182638
-0.0382547 0.574373 -0.182638
-0.0480268 0.573459 -0.182638
-0.0626849 0.572089 -0.182638
-0.0675709 0.571632 -0.182638
-0.0613022 0.873572 -0.172679
-0.0724569 0.571175 -0.182638
-0.082229 0.570261 -0.182638
0.0119882 0.880425 -0.172679
-0.0968871 0.568891 -0.182638
-0.101773 0.568434 -0.182638
-0.106659 0.567977 -0.182638
-0.111545 0.56752 -0.182638
-0.135975 0.565236 -0.182638
-0.140861 0.564779 -0.182638
-0.017328 0.877684 -0.217498
0.0225206 0.767785 -0.182638
-0.145747 0.564322 -0.182638
0.0151937 0.846143 -0.142799
-0.150633 0.563865 -0.182638
-0.115049 0.868547 -0.132839
-0.160406 0.562951 -0.182638
0.0350358 0.581226 -0.177659
0.0301497 0.580769 -0.177659
0.0203777 0.579855 -0.177659
0.0154916 0.579398 -0.177659
-0.115049 0.868547 -0.207538
0.0238943 0.753092 -0.217498
-0.160406 0.562951 -0.207538
0.0106056 0.578942 -0.177659
0.00571957 0.578485 -0.177659
0.000833536 0.578028 -0.177659
-0.0040525 0.577571 -0.177659
-0.00893853 0.577114 -0.177659
-0.0138246 0.576657 -0.177659
-0.0382547 0.574373 -0.177659
-0.0431408 0.573916 -0.177659
-0.0480268 0.573459 -0.177659
-0.0613022 0.873572 -0.182638
-0.0724569 0.571175 -0.177659
0.0257261 0.733503 -0.212518
-0.082229 0.570261 -0.177659
-0.087115 0.569804 -0.177659
-0.111545 0.56752 -0.177659
-0.116431 0.567063 -0.177659
-0.126203 0.566149 -0.177659
-0.135975 0.565236 -0.177659
-0.150633 0.563865 -0.177659
-0.115049 0.868547 -0.202558
0.0238943 0.753092 -0.212518
0.0106056 0.578942 -0.197578
-0.160406 0.562951 -0.177659
-0.165292 0.562495 -0.177659
-0.170178 0.562038 -0.177659
0.0399218 0.581683 -0.172679
0.0350358 0.581226 -0.172679
0.0301497 0.580769 -0.172679
-0.0661883 0.873115 -0.167699
0.0203777 0.579855 -0.172679
0.0154916 0.579398 -0.172679
-0.115049 0.868547 -0.177659
0.0238943 0.753092 -0.187618
-0.160406 0.562951 -0.202558
0.0106056 0.578942 -0.172679
0.0339687 0.645349 -0.177659
0.000833536 0.578028 -0.172679
-0.0040525 0.577571 -0.172679
-0.00893853 0.577114 -0.172679
-0.0138246 0.576657 -0.172679
-0.0187106 0.5762 -0.172679
-0.0235966 0.575743 -0.172679
0.0289315 0.699221 -0.162719
-0.0284827 0.575287 -0.172679
-0.0431408 0.573916 -0.172679
0.0138199 0.860835 -0.172679
-0.0529128 0.573002 -0.172679
-0.0577988 0.572545 -0.172679
-0.0626849 0.572089 -0.172679
-0.0675709 0.571632 -0.172679
-0.077343 0.570718 -0.172679
-0.087115 0.569804 -0.172679
-0.0920011 0.569347 -0.172679
0.0119882 0.880425 -0.187618
-0.0968871 0.568891 -0.172679
-0.106659 0.567977 -0.172679
-0.111545 0.56752 -0.172679
-0.116431 0.567063 -0.172679
-0.121317 0.566606 -0.172679
-0.135975 0.565236 -0.172679
-0.140861 0.564779 -0.172679
-0.145747 0.564322 -0.172679
-0.150633 0.563865 -0.172679
-0.00755589 0.878598 -0.177659
-0.155519 0.563408 -0.172679
-0.160406 0.562951 -0.172679
-0.163909 0.863978 -0.197578
0.0399218 0.581683 -0.167699
0.0203777 0.579855 -0.167699
0.0154916 0.579398 -0.167699
-0.115049 0.868547 -0.197578
-0.160406 0.562951 -0.197578
0.0106056 0.578942 -0.167699
-0.0040525 0.577571 -0.167699
0.0330529 0.655144 -0.142799
-0.00893853 0.577114 -0.167699
-0.0235966 0.575743 -0.167699
-0.134593 0.866719 -0.132839
-0.0333687 0.57483 -0.167699
-0.0382547 0.574373 -0.167699
-0.0431408 0.573916 -0.167699
-0.0808464 0.871745 -0.202558
-0.00266986 0.879054 -0.172679
-0.0480268 0.573459 -0.167699
-0.0577988 0.572545 -0.167699
-0.0626849 0.572089 -0.167699
-0.077343 0.570718 -0.167699
-0.082229 0.570261 -0.167699
-0.087115 0.569804 -0.167699
-0.0920011 0.569347 -0.167699
-0.101773 0.568434 -0.167699
-0.106659 0.567977 -0.167699
-0.116431 0.567063 -0.167699
-0.126203 0.566149 -0.167699
-0.0124419 0.878141 -0.197578
-0.131089 0.565693 -0.167699
-0.135975 0.565236 -0.167699
-0.140861 0.564779 -0.167699
-0.150633 0.563865 -0.167699
-0.175064 0.561581 -0.167699
0.0350358 0.581226 -0.162719
0.0154916 0.579398 -0.162719
0.00571957 0.578485 -0.162719
0.0348846 0.635554 -0.202558
0.000833536 0.578028 -0.162719
0.0330529 0.655144 -0.162719
-0.00893853 0.577114 -0.162719
-0.0138246 0.576657 -0.162719
-0.0187106 0.5762 -0.162719
-0.0235966 0.575743 -0.162719
-0.0382547 0.574373 -0.162719
-0.0577988 0.572545 -0.162719
-0.0626849 0.572089 -0.162719
-0.0724569 0.571175 -0.162719
0.0119882 0.880425 -0.177659
-0.0968871 0.568891 -0.162719
-0.101773 0.568434 -0.162719
-0.106659 0.567977 -0.162719
-0.116431 0.567063 -0.162719
-0.116431 0.567063 -0.202558
-0.126203 0.566149 -0.162719
-0.131089 0.565693 -0.162719
-0.135975 0.565236 -0.162719
-0.140861 0.564779 -0.162719
-0.145747 0.564322 -0.162719
0.032595 0.660041 -0.152759
-0.165292 0.562495 -0.162719
0.0399218 0.581683 -0.157739
0.0350358 0.581226 -0.157739
0.0203777 0.579855 -0.157739
-0.0466441 0.874943 -0.147779
0.0154916 0.579398 -0.157739
0.0106056 0.578942 -0.157739
-0.0040525 0.577571 -0.157739
-0.0187106 0.5762 -0.157739
-0.0235966 0.575743 -0.157739
0.0358004 0.625759 -0.132839
-0.0333687 0.57483 -0.157739
-0.0382547 0.574373 -0.157739
-0.0577988 0.572545 -0.157739
-0.0626849 0.572089 -0.157739
-0.0724569 0.571175 -0.157739
-0.077343 0.570718 -0.157739
-0.106659 0.567977 -0.157739
-0.111545 0.56752 -0.157739
-0.121317 0.566606 -0.157739
0.0211468 0.782477 -0.207538
-0.131089 0.565693 -0.157739
-0.135975 0.565236 -0.157739
-0.140861 0.564779 -0.157739
-0.110163 0.869004 -0.207538
-0.155519 0.563408 -0.157739
-0.115049 0.868547 -0.157739
0.0106056 0.578942 -0.222478
-0.160406 0.562951 -0.157739
-0.0661883 0.873115 -0.157739
0.0203777 0.579855 -0.152759
0.0106056 0.578942 -0.152759
0.000833536 0.578028 -0.152759
0.0238943 0.753092 -0.147779
-0.0040525 0.577571 -0.152759
-0.00893853 0.577114 -0.152759
-0.0187106 0.5762 -0.152759
0.0289315 0.699221 -0.172679
-0.0284827 0.575287 -0.152759
-0.0333687 0.57483 -0.152759
-0.0431408 0.573916 -0.152759
-0.00266986 0.879054 -0.212518
-0.0480268 0.573459 -0.152759
0.0138199 0.860835 -0.182638
-0.0529128 0.573002 -0.152759
-0.077343 0.570718 -0.152759
-0.082229 0.570261 -0.152759
-0.087115 0.569804 -0.152759
-0.106659 0.567977 -0.152759
-0.126203 0.566149 -0.152759
0.0211468 0.782477 -0.202558
-0.131089 0.565693 -0.152759
-0.135975 0.565236 -0.152759
-0.140861 0.564779 -0.152759
0.0225206 0.767785 -0.187618
-0.145747 0.564322 -0.152759
-0.0808464 0.871745 -0.162719
-0.00266986 0.879054 -0.152759
-0.150633 0.563865 -0.152759
-0.155519 0.563408 -0.152759
0.0399218 0.581683 -0.147779
-0.202997 0.860323 -0.137819
0.0301497 0.580769 -0.147779
0.0154916 0.579398 -0.147779
0.0234364 0.75799 -0.177659
0.0106056 0.578942 -0.147779
0.00571957 0.578485 -0.147779
0.000833536 0.578028 -0.147779
0.0330529 0.655144 -0.172679
-0.00893853 0.577114 -0.147779
-0.0138246 0.576657 -0.147779
-0.0235966 0.575743 -0.147779
-0.0382547 0.574373 -0.147779
-0.0529128 0.573002 -0.147779
-0.0577988 0.572545 -0.147779
-0.0626849 0.572089 -0.147779
-0.0724569 0.571175 -0.147779
-0.077343 0.570718 -0.147779
-0.087115 0.569804 -0.147779
-0.0920011 0.569347 -0.147779
-0.106659 0.567977 -0.147779
-0.116431 0.567063 -0.147779
-0.140861 0.564779 -0.147779
-0.145747 0.564322 -0.147779
-0.0808464 0.871745 -0.177659
-0.00266986 0.879054 -0.147779
-0.150633 0.563865 -0.147779
-0.165292 0.562495 -0.147779
0.0350358 0.581226 -0.142799
0.0220626 0.772682 -0.142799
0.0252637 0.580312 -0.142799
0.0203777 0.579855 -0.142799
0.0154916 0.579398 -0.142799
-0.0759603 0.872202 -0.152759
0.0106056 0.578942 -0.142799
-0.115049 0.868547 -0.227458
-0.0040525 0.577571 -0.142799
-0.0920011 0.569347 -0.222478
-0.00893853 0.577114 -0.142799
-0.0138246 0.576657 -0.142799
-0.0187106 0.5762 -0.142799
-0.0235966 0.575743 -0.142799
-0.134593 0.866719 -0.157739
-0.0515302 0.874486 -0.142799
-0.0333687 0.57483 -0.142799
-0.0431408 0.573916 -0.142799
-0.0808464 0.871745 -0.227458
-0.00266986 0.879054 -0.197578
-0.0480268 0.573459 -0.142799
0.0138199 0.860835 -0.177659
-0.0529128 0.573002 -0.142799
-0.0577988 0.572545 -0.142799
-0.0626849 0.572089 -0.142799
-0.0724569 0.571175 -0.142799
-0.087115 0.569804 -0.142799
-0.0920011 0.569347 -0.142799
-0.0968871 0.568891 -0.142799
-0.101773 0.568434 -0.142799
-0.0271 0.87677 -0.212518
-0.106659 0.567977 -0.142799
-0.111545 0.56752 -0.142799
-0.121317 0.566606 -0.142799
-0.126203 0.566149 -0.142799
-0.140861 0.564779 -0.142799
-0.145747 0.564322 -0.142799
-0.150633 0.563865 -0.142799
-0.160406 0.562951 -0.142799
-0.170178 0.562038 -0.142799
0.0350358 0.581226 -0.137819
0.0348846 0.635554 -0.217498
0.000833536 0.578028 -0.137819
0.0238943 0.753092 -0.157739
-0.0040525 0.577571 -0.137819
-0.0138246 0.576657 -0.137819
-0.0235966 0.575743 -0.137819
-0.0284827 0.575287 -0.137819
-0.134593 0.866719 -0.162719
-0.0515302 0.874486 -0.137819
-0.0333687 0.57483 -0.137819
-0.0382547 0.574373 -0.137819
-0.0480268 0.573459 -0.137819
-0.0529128 0.573002 -0.137819
-0.0577988 0.572545 -0.137819
-0.0724569 0.571175 -0.137819
-0.077343 0.570718 -0.137819
-0.087115 0.569804 -0.137819
-0.0920011 0.569347 -0.137819
-0.0968871 0.568891 -0.137819
-0.106659 0.567977 -0.137819
-0.111545 0.56752 -0.137819
-0.131089 0.565693 -0.137819
-0.135975 0.565236 -0.137819
-0.140861 0.564779 -0.137819
-0.145747 0.564322 -0.137819
-0.110163 0.869004 -0.212518
-0.155519 0.563408 -0.137819
-0.160406 0.562951 -0.137819
0.0399218 0.581683 -0.132839
-0.0661883 0.873115 -0.222478
0.0203777 0.579855 -0.132839
0.0154916 0.579398 -0.132839
0.0330529 0.655144 -0.132839
-0.0920011 0.569347 -0.207538
-0.00893853 0.577114 -0.132839
-0.0187106 0.5762 -0.132839
-0.0235966 0.575743 -0.132839
-0.134593 0.866719 -0.142799
-0.0515302 0.874486 -0.132839
-0.0333687 0.57483 -0.132839
-0.0431408 0.573916 -0.132839
-0.00266986 0.879054 -0.192598
-0.0480268 0.573459 -0.132839
-0.0577988 0.572545 -0.132839
-0.0626849 0.572089 -0.132839
-0.0564162 0.874029 -0.142799
0.0257261 0.733503 -0.207538
-0.082229 0.570261 -0.132839
-0.087115 0.569804 -0.132839
-0.0235966 0.575743 -0.182638
-0.101773 0.568434 -0.132839
-0.121317 0.566606 -0.132839
-0.140861 0.564779 -0.132839
-0.0480268 0.573459 -0.157739
-0.150633 0.563865 -0.132839
-0.160406 0.562951 -0.132839
-0.165292 0.562495 -0.132839
0.032595 0.660041 -0.147779
-0.175064 0.561581 -0.132839
-0.17995 0.561124 -0.227458
-0.188339 0.861694 -0.177659
0.0179413 0.816759 -0.197578
-0.180408 0.566021 -0.227458
0.0183992 0.811861 -0.212518
-0.180865 0.570919 -0.227458
-0.181323 0.575816 -0.227458
-0.181781 0.580714 -0.227458
-0.0906184 0.870831 -0.217498
-0.182239 0.585611 -0.227458
-0.193225 0.861237 -0.227458
-0.182697 0.590508 -0.227458
-0.183613 0.600303 -0.227458
-0.184071 0.605201 -0.227458
-0.184987 0.614995 -0.227458
-0.186361 0.629688 -0.227458
-0.188192 0.649277 -0.227458
-0.184529 0.610098 -0.227458
-0.18865 0.654175 -0.227458
-0.189108 0.659072 -0.227458
-0.190024 0.668867 -0.227458
-0.190482 0.673764 -0.227458
-0.168795 0.863521 -0.177659
-0.19094 0.678662 -0.227458
-0.191856 0.688457 -0.227458
0.0248102 0.743297 -0.187618
-0.192772 0.698252 -0.227458
-0.19323 0.703149 -0.227458
-0.194603 0.717841 -0.227458
-0.195061 0.722739 -0.227458
-0.195519 0.727636 -0.227458
0.0371742 0.611067 -0.202558
-0.196893 0.742328 -0.227458
-0.198725 0.761918 -0.227458
-0.199183 0.766815 -0.227458
-0.199641 0.771713 -0.227458
-0.200098 0.77661 -0.227458
-0.200556 0.781508 -0.227458
-0.201014 0.786405 -0.227458
-0.201472 0.791302 -0.227458
-0.20193 0.7962 -0.227458
-0.202388 0.801097 -0.227458
-0.202846 0.805995 -0.227458
-0.203304 0.810892 -0.227458
-0.203762 0.81579 -0.227458
-0.20422 0.820687 -0.227458
-0.204678 0.825584 -0.227458
-0.205136 0.830482 -0.227458
-0.205594 0.835379 -0.227458
-0.206051 0.840277 -0.227458
-0.206509 0.845174 -0.227458
-0.206967 0.850071 -0.227458
-0.181323 0.575816 -0.222478
-0.181781 0.580714 -0.222478
-0.182239 0.585611 -0.222478
-0.183613 0.600303 -0.222478
-0.184071 0.605201 -0.222478
-0.184987 0.614995 -0.222478
-0.185445 0.619893 -0.222478
-0.185903 0.62479 -0.222478
-0.119935 0.86809 -0.172679
-0.186361 0.629688 -0.222478
-0.186819 0.634585 -0.222478
-0.187734 0.64438 -0.222478
-0.188192 0.649277 -0.222478
-0.184529 0.610098 -0.222478
-0.18865 0.654175 -0.222478
0.00571957 0.578485 -0.217498
-0.189108 0.659072 -0.222478
-0.183155 0.595406 -0.222478
-0.189566 0.66397 -0.222478
-0.190024 0.668867 -0.222478
-0.190482 0.673764 -0.222478
-0.168795 0.863521 -0.182638
-0.19094 0.678662 -0.222478
-0.192772 0.698252 -0.222478
-0.188339 0.861694 -0.142799
-0.193687 0.708046 -0.222478
-0.195061 0.722739 -0.222478
0.00221617 0.879511 -0.187618
0.0316791 0.669836 -0.142799
-0.195519 0.727636 -0.222478
0.032595 0.660041 -0.137819
-0.165292 0.562495 -0.172679
-0.195977 0.732533 -0.222478
-0.144365 0.865806 -0.207538
-0.105277 0.86946 -0.187618
-0.196435 0.737431 -0.222478
0.0371742 0.611067 -0.212518
-0.196893 0.742328 -0.222478
-0.197351 0.747226 -0.222478
-0.197809 0.752123 -0.222478
-0.198267 0.757021 -0.222478
-0.199183 0.766815 -0.222478
-0.200098 0.77661 -0.222478
-0.200556 0.781508 -0.222478
-0.201014 0.786405 -0.222478
-0.201472 0.791302 -0.222478
-0.20193 0.7962 -0.222478
0.0220626 0.772682 -0.222478
0.0252637 0.580312 -0.222478
-0.202388 0.801097 -0.222478
-0.110163 0.869004 -0.147779
-0.202846 0.805995 -0.222478
-0.203304 0.810892 -0.222478
-0.20422 0.820687 -0.222478
-0.204678 0.825584 -0.222478
-0.205136 0.830482 -0.222478
-0.205594 0.835379 -0.222478
-0.173681 0.863064 -0.162719
-0.206051 0.840277 -0.222478
-0.181323 0.575816 -0.217498
-0.181781 0.580714 -0.217498
-0.182239 0.585611 -0.217498
-0.193225 0.861237 -0.217498
-0.182697 0.590508 -0.217498
-0.183613 0.600303 -0.217498
-0.184071 0.605201 -0.217498
-0.198267 0.757021 -0.227458
-0.185903 0.62479 -0.217498
-0.186819 0.634585 -0.217498
0.0301497 0.580769 -0.132839
-0.187276 0.639483 -0.217498
-0.187734 0.64438 -0.217498
-0.184529 0.610098 -0.217498
-0.18865 0.654175 -0.217498
0.00571957 0.578485 -0.212518
-0.189108 0.659072 -0.217498
-0.190024 0.668867 -0.217498
-0.190482 0.673764 -0.217498
-0.19094 0.678662 -0.217498
-0.191398 0.683559 -0.217498
-0.191856 0.688457 -0.217498
-0.192314 0.693354 -0.217498
-0.19323 0.703149 -0.217498
-0.188339 0.861694 -0.147779
-0.193687 0.708046 -0.217498
-0.194145 0.712944 -0.217498
-0.194603 0.717841 -0.217498
-0.195061 0.722739 -0.217498
-0.178567 0.862607 -0.222478
0.00221617 0.879511 -0.182638
0.0316791 0.669836 -0.172679
-0.195519 0.727636 -0.217498
-0.105277 0.86946 -0.192598
-0.196435 0.737431 -0.217498
-0.196893 0.742328 -0.217498
-0.197351 0.747226 -0.217498
-0.200098 0.77661 -0.217498
-0.200556 0.781508 -0.217498
-0.201014 0.786405 -0.217498
0.0220626 0.772682 -0.157739
0.0252637 0.580312 -0.157739
-0.202388 0.801097 -0.217498
-0.202846 0.805995 -0.217498
-0.204678 0.825584 -0.217498
-0.205136 0.830482 -0.217498
-0.206509 0.845174 -0.217498
0.0252681 0.7384 -0.222478
-0.17995 0.561124 -0.212518
-0.181323 0.575816 -0.212518
-0.184071 0.605201 -0.212518
-0.184987 0.614995 -0.212518
-0.0319861 0.876313 -0.132839
-0.197809 0.752123 -0.227458
-0.185445 0.619893 -0.212518
-0.159023 0.864435 -0.157739
-0.186361 0.629688 -0.212518
-0.186819 0.634585 -0.212518
0.0301497 0.580769 -0.152759
-0.187276 0.639483 -0.212518
-0.184529 0.610098 -0.212518
-0.18865 0.654175 -0.212518
-0.189108 0.659072 -0.212518
-0.134593 0.866719 -0.152759
-0.183155 0.595406 -0.212518
-0.189566 0.66397 -0.212518
-0.190024 0.668867 -0.212518
-0.191398 0.683559 -0.212518
-0.192772 0.698252 -0.212518
-0.022214 0.877227 -0.162719
-0.193687 0.708046 -0.212518
-0.194603 0.717841 -0.212518
0.0335108 0.650247 -0.202558
-0.195061 0.722739 -0.212518
0.0316791 0.669836 -0.177659
0.0202309 0.792272 -0.137819
-0.195519 0.727636 -0.212518
0.032595 0.660041 -0.172679
-0.195977 0.732533 -0.212518
-0.144365 0.865806 -0.197578
-0.196435 0.737431 -0.212518
-0.197351 0.747226 -0.212518
0.0371742 0.611067 -0.177659
-0.198725 0.761918 -0.212518
-0.199183 0.766815 -0.212518
-0.200556 0.781508 -0.212518
-0.201014 0.786405 -0.212518
-0.20193 0.7962 -0.212518
-0.202846 0.805995 -0.212518
-0.203304 0.810892 -0.212518
-0.20422 0.820687 -0.212518
-0.204678 0.825584 -0.212518
-0.205136 0.830482 -0.212518
-0.206509 0.845174 -0.212518
0.0266419 0.723708 -0.172679
-0.206967 0.850071 -0.212518
-0.207425 0.854969 -0.212518
-0.17995 0.561124 -0.207538
-0.181323 0.575816 -0.207538
0.0119882 0.880425 -0.227458
-0.182239 0.585611 -0.207538
-0.184071 0.605201 -0.207538
-0.184987 0.614995 -0.207538
-0.0319861 0.876313 -0.142799
-0.185445 0.619893 -0.207538
-0.198267 0.757021 -0.212518
-0.185903 0.62479 -0.207538
-0.186819 0.634585 -0.207538
-0.202997 0.860323 -0.142799
0.0301497 0.580769 -0.167699
-0.187276 0.639483 -0.207538
-0.188192 0.649277 -0.207538
-0.184529 0.610098 -0.207538
-0.18865 0.654175 -0.207538
0.00571957 0.578485 -0.197578
-0.189108 0.659072 -0.207538
-0.183155 0.595406 -0.207538
-0.189566 0.66397 -0.207538
-0.190024 0.668867 -0.207538
-0.191856 0.688457 -0.207538
-0.192772 0.698252 -0.207538
-0.19323 0.703149 -0.207538
-0.022214 0.877227 -0.167699
-0.193687 0.708046 -0.207538
-0.0857324 0.871288 -0.222478
-0.194603 0.717841 -0.207538
-0.195061 0.722739 -0.207538
0.00221617 0.879511 -0.172679
0.0316791 0.669836 -0.157739
0.0202309 0.792272 -0.152759
-0.195519 0.727636 -0.207538
0.032595 0.660041 -0.162719
-0.165292 0.562495 -0.222478
-0.195977 0.732533 -0.207538
-0.196435 0.737431 -0.207538
0.0371742 0.611067 -0.172679
-0.196893 0.742328 -0.207538
-0.197351 0.747226 -0.207538
-0.199183 0.766815 -0.207538
0.038548 0.596375 -0.137819
-0.199641 0.771713 -0.207538
-0.200098 0.77661 -0.207538
-0.201014 0.786405 -0.207538
-0.20193 0.7962 -0.207538
-0.202388 0.801097 -0.207538
-0.110163 0.869004 -0.157739
-0.202846 0.805995 -0.207538
-0.203304 0.810892 -0.207538
-0.203762 0.81579 -0.207538
-0.20422 0.820687 -0.207538
-0.204678 0.825584 -0.207538
-0.205594 0.835379 -0.207538
-0.173681 0.863064 -0.142799
-0.206051 0.840277 -0.207538
0.0266419 0.723708 -0.162719
-0.206967 0.850071 -0.207538
-0.202997 0.860323 -0.197578
-0.207425 0.854969 -0.207538
0.0170254 0.826554 -0.167699
-0.207883 0.859866 -0.207538
0.0248102 0.743297 -0.207538
0.0179413 0.816759 -0.172679
-0.180408 0.566021 -0.202558
-0.181323 0.575816 -0.202558
-0.193225 0.861237 -0.202558
-0.182697 0.590508 -0.202558
-0.183613 0.600303 -0.202558
-0.116431 0.567063 -0.142799
-0.184987 0.614995 -0.202558
-0.197809 0.752123 -0.212518
-0.185445 0.619893 -0.202558
-0.198111 0.86078 -0.192598
-0.159023 0.864435 -0.142799
-0.186361 0.629688 -0.202558
-0.202997 0.860323 -0.147779
-0.187276 0.639483 -0.202558
-0.187734 0.64438 -0.202558
-0.188192 0.649277 -0.202558
-0.184529 0.610098 -0.202558
-0.18865 0.654175 -0.202558
-0.134593 0.866719 -0.207538
-0.0333687 0.57483 -0.187618
-0.183155 0.595406 -0.202558
-0.189566 0.66397 -0.202558
-0.190024 0.668867 -0.202558
-0.190482 0.673764 -0.202558
-0.168795 0.863521 -0.202558
-0.19094 0.678662 -0.202558
-0.170178 0.562038 -0.192598
-0.192314 0.693354 -0.202558
-0.19323 0.703149 -0.202558
-0.193687 0.708046 -0.202558
-0.194145 0.712944 -0.202558
0.0335108 0.650247 -0.212518
-0.195061 0.722739 -0.202558
-0.197809 0.752123 -0.202558
-0.198267 0.757021 -0.202558
-0.198725 0.761918 -0.202558
-0.199183 0.766815 -0.202558
-0.199641 0.771713 -0.202558
-0.200098 0.77661 -0.202558
-0.200556 0.781508 -0.202558
-0.201014 0.786405 -0.202558
0.0399218 0.581683 -0.182638
-0.201472 0.791302 -0.202558
-0.20193 0.7962 -0.202558
0.0220626 0.772682 -0.147779
0.0252637 0.580312 -0.147779
-0.202388 0.801097 -0.202558
-0.202846 0.805995 -0.202558
-0.203304 0.810892 -0.202558
-0.203762 0.81579 -0.202558
-0.20422 0.820687 -0.202558
-0.204678 0.825584 -0.202558
-0.205136 0.830482 -0.202558
-0.205594 0.835379 -0.202558
-0.206509 0.845174 -0.202558
0.0266419 0.723708 -0.157739
-0.206967 0.850071 -0.202558
-0.207425 0.854969 -0.202558
0.0252681 0.7384 -0.202558
-0.17995 0.561124 -0.197578
0.0248102 0.743297 -0.202558
0.0179413 0.816759 -0.177659
-0.180408 0.566021 -0.197578
-0.124821 0.867633 -0.167699
-0.182239 0.585611 -0.197578
-0.183613 0.600303 -0.197578
-0.116431 0.567063 -0.137819
-0.184987 0.614995 -0.197578
-0.185445 0.619893 -0.197578
-0.185903 0.62479 -0.197578
-0.198111 0.86078 -0.187618
-0.159023 0.864435 -0.137819
-0.186361 0.629688 -0.197578
-0.186819 0.634585 -0.197578
-0.187734 0.64438 -0.197578
-0.184529 0.610098 -0.197578
-0.18865 0.654175 -0.197578
0.00571957 0.578485 -0.137819
-0.189108 0.659072 -0.197578
-0.190024 0.668867 -0.197578
-0.19094 0.678662 -0.197578
-0.191856 0.688457 -0.197578
-0.192314 0.693354 -0.197578
-0.192772 0.698252 -0.197578
-0.19323 0.703149 -0.197578
-0.0857324 0.871288 -0.212518
-0.194603 0.717841 -0.197578
0.0335108 0.650247 -0.192598
-0.195061 0.722739 -0.197578
-0.144365 0.865806 -0.172679
0.0202309 0.792272 -0.162719
-0.195519 0.727636 -0.197578
-0.165292 0.562495 -0.212518
-0.175064 0.561581 -0.177659
-0.195977 0.732533 -0.197578
0.0211468 0.782477 -0.157739
-0.196435 0.737431 -0.197578
-0.197809 0.752123 -0.197578
0.0371742 0.611067 -0.162719
-0.198725 0.761918 -0.197578
0.038548 0.596375 -0.147779
-0.199641 0.771713 -0.197578
-0.200098 0.77661 -0.197578
-0.200556 0.781508 -0.197578
-0.201014 0.786405 -0.197578
-0.20193 0.7962 -0.197578
0.0220626 0.772682 -0.177659
0.0252637 0.580312 -0.177659
-0.202388 0.801097 -0.197578
-0.203762 0.81579 -0.197578
-0.205136 0.830482 -0.197578
0.0142779 0.855938 -0.162719
-0.205594 0.835379 -0.197578
-0.173681 0.863064 -0.202558
-0.206051 0.840277 -0.197578
-0.206509 0.845174 -0.197578
-0.0564162 0.874029 -0.202558
-0.206967 0.850071 -0.197578
0.0301497 0.580769 -0.197578
-0.207425 0.854969 -0.197578
-0.207883 0.859866 -0.197578
0.0252681 0.7384 -0.132839
-0.170178 0.562038 -0.152759
-0.17995 0.561124 -0.192598
-0.194145 0.712944 -0.227458
-0.180865 0.570919 -0.192598
-0.181323 0.575816 -0.192598
-0.193225 0.861237 -0.192598
-0.182697 0.590508 -0.192598
-0.183613 0.600303 -0.192598
-0.184071 0.605201 -0.192598
-0.185445 0.619893 -0.192598
-0.186361 0.629688 -0.192598
-0.186819 0.634585 -0.192598
-0.187734 0.64438 -0.192598
-0.184529 0.610098 -0.192598
-0.18865 0.654175 -0.192598
-0.189108 0.659072 -0.192598
-0.134593 0.866719 -0.192598
-0.0333687 0.57483 -0.177659
-0.183155 0.595406 -0.192598
-0.189566 0.66397 -0.192598
0.0358004 0.625759 -0.212518
-0.190024 0.668867 -0.192598
-0.190482 0.673764 -0.192598
-0.19094 0.678662 -0.192598
-0.192314 0.693354 -0.192598
-0.19323 0.703149 -0.192598
-0.188339 0.861694 -0.172679
-0.193687 0.708046 -0.192598
-0.194603 0.717841 -0.192598
0.00221617 0.879511 -0.157739
-0.144365 0.865806 -0.152759
-0.195519 0.727636 -0.192598
-0.195977 0.732533 -0.192598
0.0211468 0.782477 -0.147779
-0.196435 0.737431 -0.192598
-0.197351 0.747226 -0.192598
-0.198267 0.757021 -0.192598
-0.199183 0.766815 -0.192598
-0.201014 0.786405 -0.192598
-0.201472 0.791302 -0.192598
-0.20193 0.7962 -0.192598
0.0220626 0.772682 -0.182638
0.0252637 0.580312 -0.182638
-0.202388 0.801097 -0.192598
-0.203304 0.810892 -0.192598
-0.203762 0.81579 -0.192598
-0.20422 0.820687 -0.192598
-0.204678 0.825584 -0.192598
-0.206051 0.840277 -0.192598
-0.206509 0.845174 -0.192598
-0.207425 0.854969 -0.192598
-0.207883 0.859866 -0.192598
0.0252681 0.7384 -0.152759
-0.170178 0.562038 -0.157739
-0.17995 0.561124 -0.187618
0.0183992 0.811861 -0.167699
-0.180408 0.566021 -0.187618
-0.181781 0.580714 -0.187618
-0.124821 0.867633 -0.157739
-0.182239 0.585611 -0.187618
-0.193225 0.861237 -0.187618
-0.182697 0.590508 -0.187618
-0.183613 0.600303 -0.187618
-0.184071 0.605201 -0.187618
-0.184987 0.614995 -0.187618
-0.185445 0.619893 -0.187618
-0.159023 0.864435 -0.182638
-0.198111 0.86078 -0.177659
-0.186361 0.629688 -0.187618
-0.186819 0.634585 -0.187618
-0.207425 0.854969 -0.222478
-0.187276 0.639483 -0.187618
-0.188192 0.649277 -0.187618
-0.184529 0.610098 -0.187618
-0.18865 0.654175 -0.187618
0.0353425 0.630657 -0.207538
0.00571957 0.578485 -0.132839
-0.189108 0.659072 -0.187618
-0.191856 0.688457 -0.187618
-0.022214 0.877227 -0.182638
-0.192314 0.693354 -0.187618
-0.192772 0.698252 -0.187618
-0.19323 0.703149 -0.187618
-0.193687 0.708046 -0.187618
-0.194603 0.717841 -0.187618
0.0335108 0.650247 -0.177659
-0.195061 0.722739 -0.187618
-0.196893 0.742328 -0.187618
-0.199183 0.766815 -0.187618
-0.200556 0.781508 -0.187618
-0.201014 0.786405 -0.187618
-0.201472 0.791302 -0.187618
-0.20193 0.7962 -0.187618
0.0220626 0.772682 -0.187618
0.0252637 0.580312 -0.187618
-0.202388 0.801097 -0.187618
-0.202846 0.805995 -0.187618
-0.204678 0.825584 -0.187618
-0.205594 0.835379 -0.187618
-0.170178 0.562038 -0.162719
-0.192314 0.693354 -0.207538
-0.17995 0.561124 -0.182638
0.0183992 0.811861 -0.147779
0.0248102 0.743297 -0.132839
-0.180408 0.566021 -0.182638
-0.181323 0.575816 -0.182638
-0.181781 0.580714 -0.182638
-0.193225 0.861237 -0.182638
-0.182697 0.590508 -0.182638
-0.183613 0.600303 -0.182638
-0.184071 0.605201 -0.182638
-0.185903 0.62479 -0.182638
-0.198111 0.86078 -0.172679
-0.186361 0.629688 -0.182638
-0.186819 0.634585 -0.182638
-0.187276 0.639483 -0.182638
-0.187734 0.64438 -0.182638
-0.188192 0.649277 -0.182638
-0.183155 0.595406 -0.182638
-0.189566 0.66397 -0.182638
-0.190024 0.668867 -0.182638
-0.190482 0.673764 -0.182638
-0.19094 0.678662 -0.182638
-0.19323 0.703149 -0.182638
0.0248102 0.743297 -0.167699
-0.193687 0.708046 -0.182638
-0.194145 0.712944 -0.182638
-0.194603 0.717841 -0.182638
-0.195061 0.722739 -0.182638
-0.195519 0.727636 -0.182638
-0.165292 0.562495 -0.202558
-0.175064 0.561581 -0.162719
-0.195977 0.732533 -0.182638
-0.196435 0.737431 -0.182638
-0.197351 0.747226 -0.182638
-0.197809 0.752123 -0.182638
-0.198267 0.757021 -0.182638
0.0280157 0.709016 -0.227458
0.0371742 0.611067 -0.147779
-0.198725 0.761918 -0.182638
-0.200098 0.77661 -0.182638
-0.200556 0.781508 -0.182638
-0.201014 0.786405 -0.182638
-0.201472 0.791302 -0.182638
-0.20193 0.7962 -0.182638
-0.203304 0.810892 -0.182638
-0.203762 0.81579 -0.182638
-0.20422 0.820687 -0.182638
-0.205136 0.830482 -0.182638
0.0142779 0.855938 -0.147779
-0.205594 0.835379 -0.182638
-0.173681 0.863064 -0.217498
-0.206051 0.840277 -0.182638
-0.206509 0.845174 -0.182638
-0.207425 0.854969 -0.182638
-0.207883 0.859866 -0.182638
0.0252681 0.7384 -0.137819
-0.170178 0.562038 -0.167699
-0.192314 0.693354 -0.212518
-0.17995 0.561124 -0.177659
0.0183992 0.811861 -0.152759
0.0248102 0.743297 -0.137819
-0.180408 0.566021 -0.177659
-0.180865 0.570919 -0.177659
-0.181323 0.575816 -0.177659
-0.0968871 0.568891 -0.147779
-0.181781 0.580714 -0.177659
-0.193225 0.861237 -0.177659
-0.182697 0.590508 -0.177659
-0.183613 0.600303 -0.177659
-0.184071 0.605201 -0.177659
-0.159023 0.864435 -0.167699
-0.186361 0.629688 -0.177659
-0.186819 0.634585 -0.177659
-0.187734 0.64438 -0.177659
-0.184529 0.610098 -0.177659
-0.18865 0.654175 -0.177659
0.00571957 0.578485 -0.167699
-0.189108 0.659072 -0.177659
-0.0333687 0.57483 -0.212518
-0.183155 0.595406 -0.177659
-0.189566 0.66397 -0.177659
-0.168795 0.863521 -0.227458
-0.19094 0.678662 -0.177659
-0.191398 0.683559 -0.177659
-0.192772 0.698252 -0.177659
-0.19323 0.703149 -0.177659
-0.193687 0.708046 -0.177659
-0.194145 0.712944 -0.177659
-0.194603 0.717841 -0.177659
0.0335108 0.650247 -0.187618
-0.195061 0.722739 -0.177659
-0.139479 0.866262 -0.137819
-0.196435 0.737431 -0.177659
-0.198267 0.757021 -0.177659
-0.199183 0.766815 -0.177659
0.038548 0.596375 -0.142799
-0.199641 0.771713 -0.177659
-0.200098 0.77661 -0.177659
-0.200556 0.781508 -0.177659
-0.201014 0.786405 -0.177659
-0.201472 0.791302 -0.177659
-0.110163 0.869004 -0.162719
-0.202846 0.805995 -0.177659
-0.0431408 0.573916 -0.137819
-0.203304 0.810892 -0.177659
-0.205594 0.835379 -0.177659
-0.173681 0.863064 -0.207538
-0.206051 0.840277 -0.177659
0.0183992 0.811861 -0.157739
-0.192772 0.698252 -0.217498
-0.180408 0.566021 -0.172679
-0.181323 0.575816 -0.172679
-0.181781 0.580714 -0.172679
-0.124821 0.867633 -0.142799
-0.182239 0.585611 -0.172679
-0.184071 0.605201 -0.172679
-0.184987 0.614995 -0.172679
-0.0319861 0.876313 -0.177659
-0.185445 0.619893 -0.172679
-0.197809 0.752123 -0.177659
-0.185903 0.62479 -0.172679
-0.186819 0.634585 -0.172679
-0.187276 0.639483 -0.172679
-0.187734 0.64438 -0.172679
-0.188192 0.649277 -0.172679
-0.184529 0.610098 -0.172679
-0.18865 0.654175 -0.172679
-0.134593 0.866719 -0.167699
-0.183155 0.595406 -0.172679
-0.189566 0.66397 -0.172679
-0.190482 0.673764 -0.172679
-0.191856 0.688457 -0.172679
-0.192314 0.693354 -0.172679
-0.192772 0.698252 -0.172679
-0.194145 0.712944 -0.172679
-0.194603 0.717841 -0.172679
-0.195061 0.722739 -0.172679
-0.144365 0.865806 -0.147779
-0.195519 0.727636 -0.172679
-0.195977 0.732533 -0.172679
-0.105277 0.86946 -0.227458
-0.196435 0.737431 -0.172679
0.0280157 0.709016 -0.142799
-0.196893 0.742328 -0.172679
-0.185903 0.62479 -0.177659
-0.197809 0.752123 -0.172679
-0.198267 0.757021 -0.172679
-0.198725 0.761918 -0.172679
-0.199183 0.766815 -0.172679
-0.199641 0.771713 -0.172679
0.0312212 0.674734 -0.152759
-0.200098 0.77661 -0.172679
-0.200556 0.781508 -0.172679
-0.201014 0.786405 -0.172679
0.0399218 0.581683 -0.152759
-0.201472 0.791302 -0.172679
-0.20193 0.7962 -0.172679
-0.202846 0.805995 -0.172679
-0.203762 0.81579 -0.172679
-0.205136 0.830482 -0.172679
-0.205594 0.835379 -0.172679
-0.207425 0.854969 -0.172679
-0.17995 0.561124 -0.167699
-0.180408 0.566021 -0.167699
-0.181323 0.575816 -0.167699
-0.124821 0.867633 -0.147779
-0.182239 0.585611 -0.167699
-0.183613 0.600303 -0.167699
-0.184071 0.605201 -0.167699
-0.184987 0.614995 -0.167699
-0.185903 0.62479 -0.167699
-0.186819 0.634585 -0.167699
-0.187276 0.639483 -0.167699
-0.187734 0.64438 -0.167699
-0.184529 0.610098 -0.167699
-0.18865 0.654175 -0.167699
-0.189108 0.659072 -0.167699
-0.134593 0.866719 -0.197578
-0.183155 0.595406 -0.167699
-0.189566 0.66397 -0.167699
-0.19094 0.678662 -0.167699
-0.191398 0.683559 -0.167699
-0.191856 0.688457 -0.167699
-0.022214 0.877227 -0.147779
-0.192314 0.693354 -0.167699
-0.193687 0.708046 -0.167699
-0.194145 0.712944 -0.167699
-0.195977 0.732533 -0.167699
-0.197351 0.747226 -0.167699
-0.198267 0.757021 -0.167699
-0.201014 0.786405 -0.167699
-0.20193 0.7962 -0.167699
-0.202388 0.801097 -0.167699
-0.203304 0.810892 -0.167699
-0.20422 0.820687 -0.167699
-0.204678 0.825584 -0.167699
-0.205136 0.830482 -0.167699
0.0142779 0.855938 -0.182638
-0.205594 0.835379 -0.167699
-0.173681 0.863064 -0.172679
-0.206051 0.840277 -0.167699
-0.207883 0.859866 -0.167699
-0.17995 0.561124 -0.162719
0.0183992 0.811861 -0.142799
-0.180408 0.566021 -0.162719
-0.180865 0.570919 -0.162719
-0.181781 0.580714 -0.162719
-0.124821 0.867633 -0.132839
-0.182239 0.585611 -0.162719
-0.193225 0.861237 -0.162719
-0.182697 0.590508 -0.162719
-0.183613 0.600303 -0.162719
-0.0319861 0.876313 -0.182638
-0.185445 0.619893 -0.162719
-0.202997 0.860323 -0.187618
-0.187276 0.639483 -0.162719
-0.188192 0.649277 -0.162719
-0.184529 0.610098 -0.162719
-0.18865 0.654175 -0.162719
-0.190024 0.668867 -0.162719
-0.190482 0.673764 -0.162719
-0.191856 0.688457 -0.162719
-0.192772 0.698252 -0.162719
-0.170178 0.562038 -0.132839
-0.19323 0.703149 -0.162719
-0.194145 0.712944 -0.162719
-0.194603 0.717841 -0.162719
-0.195061 0.722739 -0.162719
-0.198267 0.757021 -0.162719
0.0367163 0.615965 -0.222478
-0.198725 0.761918 -0.162719
-0.199183 0.766815 -0.162719
-0.200556 0.781508 -0.162719
0.0399218 0.581683 -0.142799
-0.201472 0.791302 -0.162719
-0.20193 0.7962 -0.162719
-0.202388 0.801097 -0.162719
-0.202846 0.805995 -0.162719
-0.203304 0.810892 -0.162719
-0.203762 0.81579 -0.162719
-0.204678 0.825584 -0.162719
-0.205136 0.830482 -0.162719
0.0142779 0.855938 -0.177659
-0.205594 0.835379 -0.162719
-0.206051 0.840277 -0.162719
-0.206509 0.845174 -0.162719
-0.206967 0.850071 -0.162719
-0.17995 0.561124 -0.157739
-0.180408 0.566021 -0.157739
-0.181781 0.580714 -0.157739
-0.193225 0.861237 -0.157739
-0.182697 0.590508 -0.157739
-0.183613 0.600303 -0.157739
-0.197809 0.752123 -0.162719
-0.185903 0.62479 -0.157739
-0.187734 0.64438 -0.157739
-0.188192 0.649277 -0.157739
-0.184529 0.610098 -0.157739
-0.18865 0.654175 -0.157739
0.00571957 0.578485 -0.152759
-0.189108 0.659072 -0.157739
-0.191398 0.683559 -0.157739
-0.192772 0.698252 -0.157739
-0.195061 0.722739 -0.157739
-0.195519 0.727636 -0.157739
-0.196435 0.737431 -0.157739
-0.196893 0.742328 -0.157739
-0.185903 0.62479 -0.162719
-0.197809 0.752123 -0.157739
-0.198267 0.757021 -0.157739
0.0367163 0.615965 -0.217498
-0.198725 0.761918 -0.157739
-0.200098 0.77661 -0.157739
-0.200556 0.781508 -0.157739
0.0399218 0.581683 -0.137819
-0.201472 0.791302 -0.157739
-0.20193 0.7962 -0.157739
-0.202388 0.801097 -0.157739
-0.0431408 0.573916 -0.162719
-0.203304 0.810892 -0.157739
-0.203762 0.81579 -0.157739
-0.20422 0.820687 -0.157739
-0.204678 0.825584 -0.157739
-0.206051 0.840277 -0.157739
-0.206967 0.850071 -0.157739
-0.207425 0.854969 -0.157739
-0.207883 0.859866 -0.157739
-0.17995 0.561124 -0.152759
0.0248102 0.743297 -0.152759
-0.180408 0.566021 -0.152759
-0.180865 0.570919 -0.152759
-0.181323 0.575816 -0.152759
0.0119882 0.880425 -0.167699
-0.181781 0.580714 -0.152759
-0.193225 0.861237 -0.152759
-0.182697 0.590508 -0.152759
-0.183613 0.600303 -0.152759
-0.184071 0.605201 -0.152759
-0.184987 0.614995 -0.152759
-0.0319861 0.876313 -0.192598
-0.185445 0.619893 -0.152759
-0.185903 0.62479 -0.152759
-0.187276 0.639483 -0.152759
-0.190024 0.668867 -0.152759
-0.168795 0.863521 -0.147779
-0.190482 0.673764 -0.152759
-0.19094 0.678662 -0.152759
-0.191856 0.688457 -0.152759
-0.022214 0.877227 -0.192598
-0.192314 0.693354 -0.152759
0.0183992 0.811861 -0.222478
-0.192772 0.698252 -0.152759
0.0252681 0.7384 -0.162719
-0.19323 0.703149 -0.152759
-0.193687 0.708046 -0.152759
-0.194603 0.717841 -0.152759
-0.195061 0.722739 -0.152759
-0.144365 0.865806 -0.132839
-0.195519 0.727636 -0.152759
-0.195977 0.732533 -0.152759
-0.178567 0.862607 -0.172679
-0.139479 0.866262 -0.162719
-0.196435 0.737431 -0.152759
0.0280157 0.709016 -0.162719
-0.196893 0.742328 -0.152759
-0.197351 0.747226 -0.152759
-0.185903 0.62479 -0.192598
-0.197809 0.752123 -0.152759
0.0367163 0.615965 -0.212518
-0.198725 0.761918 -0.152759
-0.199641 0.771713 -0.152759
-0.200098 0.77661 -0.152759
-0.201472 0.791302 -0.152759
-0.202388 0.801097 -0.152759
-0.0431408 0.573916 -0.157739
-0.203304 0.810892 -0.152759
-0.20422 0.820687 -0.152759
-0.204678 0.825584 -0.152759
-0.205594 0.835379 -0.152759
-0.206051 0.840277 -0.152759
-0.206967 0.850071 -0.152759
-0.207883 0.859866 -0.152759
-0.17995 0.561124 -0.147779
0.0183992 0.811861 -0.132839
-0.180408 0.566021 -0.147779
-0.180865 0.570919 -0.147779
-0.181323 0.575816 -0.147779
-0.0968871 0.568891 -0.177659
-0.181781 0.580714 -0.147779
-0.0368721 0.875856 -0.202558
-0.193225 0.861237 -0.147779
-0.182697 0.590508 -0.147779
-0.183613 0.600303 -0.147779
-0.116431 0.567063 -0.187618
-0.184071 0.605201 -0.147779
-0.187734 0.64438 -0.147779
-0.189108 0.659072 -0.147779
-0.168795 0.863521 -0.157739
-0.190482 0.673764 -0.147779
0.0344267 0.640452 -0.177659
-0.19094 0.678662 -0.147779
0.0156517 0.841246 -0.132839
-0.191398 0.683559 -0.147779
-0.170178 0.562038 -0.147779
-0.19323 0.703149 -0.147779
-0.193687 0.708046 -0.147779
-0.194145 0.712944 -0.147779
-0.195061 0.722739 -0.147779
-0.178567 0.862607 -0.157739
-0.196435 0.737431 -0.147779
0.0280157 0.709016 -0.167699
-0.196893 0.742328 -0.147779
-0.198267 0.757021 -0.147779
-0.199641 0.771713 -0.147779
-0.200556 0.781508 -0.147779
-0.201014 0.786405 -0.147779
-0.202388 0.801097 -0.147779
-0.202846 0.805995 -0.147779
-0.203304 0.810892 -0.147779
-0.20422 0.820687 -0.147779
-0.205136 0.830482 -0.147779
-0.206051 0.840277 -0.147779
-0.207883 0.859866 -0.147779
-0.180865 0.570919 -0.142799
-0.181323 0.575816 -0.142799
-0.0906184 0.870831 -0.132839
-0.182239 0.585611 -0.142799
-0.183613 0.600303 -0.142799
-0.159023 0.864435 -0.227458
-0.186361 0.629688 -0.142799
-0.187734 0.64438 -0.142799
-0.188192 0.649277 -0.142799
-0.184529 0.610098 -0.142799
-0.18865 0.654175 -0.142799
-0.189108 0.659072 -0.142799
-0.190024 0.668867 -0.142799
0.0156517 0.841246 -0.152759
-0.191398 0.683559 -0.142799
-0.191856 0.688457 -0.142799
-0.192314 0.693354 -0.142799
0.0183992 0.811861 -0.177659
-0.180865 0.570919 -0.217498
-0.192772 0.698252 -0.142799
-0.022214 0.877227 -0.132839
0.0252681 0.7384 -0.207538
-0.17995 0.561124 -0.202558
-0.19323 0.703149 -0.142799
-0.194603 0.717841 -0.142799
-0.195519 0.727636 -0.142799
-0.195977 0.732533 -0.142799
-0.139479 0.866262 -0.172679
-0.178567 0.862607 -0.152759
-0.196435 0.737431 -0.142799
-0.196893 0.742328 -0.142799
-0.197809 0.752123 -0.142799
-0.198267 0.757021 -0.142799
-0.199183 0.766815 -0.142799
-0.199641 0.771713 -0.142799
-0.200556 0.781508 -0.142799
0.0399218 0.581683 -0.217498
-0.201472 0.791302 -0.142799
-0.20193 0.7962 -0.142799
0.0220626 0.772682 -0.137819
0.0252637 0.580312 -0.137819
-0.202388 0.801097 -0.142799
-0.0431408 0.573916 -0.147779
-0.203304 0.810892 -0.142799
-0.203762 0.81579 -0.142799
-0.20422 0.820687 -0.142799
-0.204678 0.825584 -0.142799
-0.205136 0.830482 -0.142799
-0.135975 0.565236 -0.217498
-0.206509 0.845174 -0.142799
-0.206967 0.850071 -0.142799
-0.207883 0.859866 -0.142799
-0.180408 0.566021 -0.137819
-0.194145 0.712944 -0.212518
-0.180865 0.570919 -0.137819
0.0119882 0.880425 -0.157739
-0.181781 0.580714 -0.137819
-0.193225 0.861237 -0.137819
-0.182697 0.590508 -0.137819
-0.183613 0.600303 -0.137819
-0.116431 0.567063 -0.152759
-0.184071 0.605201 -0.137819
-0.0319861 0.876313 -0.167699
-0.185445 0.619893 -0.137819
-0.198111 0.86078 -0.222478
-0.186361 0.629688 -0.137819
-0.202997 0.860323 -0.167699
-0.187276 0.639483 -0.137819
-0.187734 0.64438 -0.137819
-0.188192 0.649277 -0.137819
-0.184529 0.610098 -0.137819
-0.18865 0.654175 -0.137819
-0.189108 0.659072 -0.137819
-0.19094 0.678662 -0.137819
0.0183992 0.811861 -0.207538
-0.180865 0.570919 -0.222478
-0.192772 0.698252 -0.137819
-0.194145 0.712944 -0.137819
0.0206889 0.787374 -0.207538
-0.194603 0.717841 -0.137819
-0.0675709 0.571632 -0.187618
-0.195061 0.722739 -0.137819
-0.139479 0.866262 -0.187618
-0.178567 0.862607 -0.147779
-0.195519 0.727636 -0.137819
-0.0124419 0.878141 -0.177659
-0.196435 0.737431 -0.137819
-0.196893 0.742328 -0.137819
-0.198267 0.757021 -0.137819
0.0367163 0.615965 -0.202558
-0.198725 0.761918 -0.137819
0.038548 0.596375 -0.192598
-0.199183 0.766815 -0.137819
-0.199641 0.771713 -0.137819
-0.201014 0.786405 -0.137819
0.0399218 0.581683 -0.212518
-0.201472 0.791302 -0.137819
-0.20193 0.7962 -0.137819
-0.203762 0.81579 -0.137819
-0.20422 0.820687 -0.137819
-0.204678 0.825584 -0.137819
-0.135975 0.565236 -0.212518
-0.206509 0.845174 -0.137819
-0.207425 0.854969 -0.137819
-0.207883 0.859866 -0.137819
-0.17995 0.561124 -0.132839
0.0248102 0.743297 -0.182638
-0.180408 0.566021 -0.132839
-0.180865 0.570919 -0.132839
-0.181323 0.575816 -0.132839
-0.0968871 0.568891 -0.192598
-0.181781 0.580714 -0.132839
-0.124821 0.867633 -0.212518
-0.182239 0.585611 -0.132839
-0.193225 0.861237 -0.132839
-0.182697 0.590508 -0.132839
-0.183613 0.600303 -0.132839
-0.116431 0.567063 -0.207538
-0.126203 0.566149 -0.157739
-0.184071 0.605201 -0.132839
-0.184987 0.614995 -0.132839
-0.0319861 0.876313 -0.162719
-0.185445 0.619893 -0.132839
-0.185903 0.62479 -0.132839
-0.159023 0.864435 -0.222478
-0.186361 0.629688 -0.132839
-0.187276 0.639483 -0.132839
-0.187734 0.64438 -0.132839
-0.188192 0.649277 -0.132839
-0.184529 0.610098 -0.132839
-0.18865 0.654175 -0.132839
-0.189108 0.659072 -0.132839
-0.19094 0.678662 -0.132839
-0.191856 0.688457 -0.132839
-0.192314 0.693354 -0.132839
-0.19323 0.703149 -0.132839
-0.194145 0.712944 -0.132839
-0.194603 0.717841 -0.132839
-0.195519 0.727636 -0.132839
-0.175064 0.561581 -0.212518
-0.195977 0.732533 -0.132839
-0.197351 0.747226 -0.132839
-0.198267 0.757021 -0.132839
0.0367163 0.615965 -0.192598
-0.198725 0.761918 -0.132839
0.038548 0.596375 -0.207538
0.0307632 0.679631 -0.137819
-0.199183 0.766815 -0.132839
-0.200556 0.781508 -0.132839
-0.201014 0.786405 -0.132839
0.0399218 0.581683 -0.207538
-0.201472 0.791302 -0.132839
-0.20193 0.7962 -0.132839
-0.202846 0.805995 -0.132839
-0.203304 0.810892 -0.132839
-0.204678 0.825584 -0.132839
-0.205136 0.830482 -0.132839
-0.206051 0.840277 -0.132839
-0.0564162 0.874029 -0.162719
0.0266419 0.723708 -0.142799
-0.206967 0.850071 -0.132839
0.0301497 0.580769 -0.192598
-0.207425 0.854969 -0.132839
0.0399218 0.581683 -0.232438
0.0284736 0.704118 -0.137819
0.0394639 0.58658 -0.232438
0.0390059 0.591478 -0.232438
0.0293895 0.694323 -0.197578
0.038548 0.596375 -0.232438
0.0380901 0.601272 -0.232438
-0.200098 0.77661 -0.162719
0.0376322 0.60617 -0.232438
-0.190024 0.668867 -0.167699
0.0358004 0.625759 -0.232438
0.00571957 0.578485 -0.157739
-0.189108 0.659072 -0.162719
0.0353425 0.630657 -0.232438
0.000833536 0.578028 -0.132839
0.0348846 0.635554 -0.232438
0.0339687 0.645349 -0.232438
-0.195061 0.722739 -0.132839
0.0335108 0.650247 -0.232438
-0.195977 0.732533 -0.137819
0.0316791 0.669836 -0.232438
-0.200098 0.77661 -0.132839
0.0312212 0.674734 -0.232438
0.0303053 0.684528 -0.162719
0.0307632 0.679631 -0.232438
0.0303053 0.684528 -0.232438
0.0298474 0.689426 -0.232438
0.0293895 0.694323 -0.232438
0.0284736 0.704118 -0.232438
-0.206967 0.850071 -0.222478
0.0266419 0.723708 -0.232438
0.026184 0.728605 -0.232438
-0.082229 0.570261 -0.157739
0.0257261 0.733503 -0.232438
-0.188339 0.861694 -0.227458
-0.193687 0.708046 -0.162719
0.0248102 0.743297 -0.232438
-0.115049 0.868547 -0.217498
0.0106056 0.578942 -0.187618
0.0238943 0.753092 -0.232438
0.0216047 0.777579 -0.232438
0.0188571 0.806964 -0.232438
-0.207883 0.859866 -0.177659
0.0170254 0.826554 -0.232438
0.0147358 0.851041 -0.232438
0.0138199 0.860835 -0.232438
0.0129041 0.87063 -0.232438
-0.0577988 0.572545 -0.202558
0.033662 0.595918 -0.232438
0.033204 0.600816 -0.232438
0.0327461 0.605713 -0.232438
0.0322882 0.61061 -0.232438
-0.017328 0.877684 -0.167699
0.0318303 0.615508 -0.232438
0.0313723 0.620405 -0.232438
-0.131089 0.565693 -0.147779
0.0309144 0.625303 -0.232438
0.0304565 0.6302 -0.232438
0.0206889 0.787374 -0.202558
0.0299986 0.635097 -0.232438
0.0295406 0.639995 -0.232438
-0.0235966 0.575743 -0.222478
-0.101773 0.568434 -0.187618
0.0290827 0.644892 -0.232438
0.0286248 0.64979 -0.232438
0.0281669 0.654687 -0.232438
0.0277089 0.659585 -0.232438
-0.110163 0.869004 -0.222478
0.027251 0.664482 -0.232438
0.0267931 0.669379 -0.232438
0.0263351 0.674277 -0.232438
0.0254193 0.684072 -0.232438
0.0245034 0.693866 -0.232438
0.0222138 0.718354 -0.232438
0.0212979 0.728148 -0.232438
-0.196893 0.742328 -0.212518
-0.198725 0.761918 -0.207538
0.02084 0.733046 -0.232438
-0.202997 0.860323 -0.132839
0.0301497 0.580769 -0.157739
-0.187276 0.639483 -0.192598
0.0203821 0.737943 -0.232438
-0.187734 0.64438 -0.207538
0.0199242 0.742841 -0.232438
0.0190083 0.752635 -0.232438
0.0176345 0.767328 -0.232438
0.0167187 0.777122 -0.232438
-0.197351 0.747226 -0.227458
0.0153449 0.791815 -0.232438
0.0211468 0.782477 -0.222478
-0.131089 0.565693 -0.142799
0.00756013 0.875071 -0.232438
0.0301497 0.580769 -0.232438
0.0292339 0.590564 -0.232438
0.0287759 0.595461 -0.232438
0.0269442 0.615051 -0.232438
0.0264863 0.619948 -0.232438
0.0260284 0.624846 -0.232438
0.0251125 0.634641 -0.232438
0.0307632 0.679631 -0.187618
0.0241967 0.644435 -0.232438
0.0237387 0.649333 -0.232438
0.0151937 0.846143 -0.157739
0.0232808 0.65423 -0.232438
0.0228229 0.659128 -0.232438
0.0214491 0.67382 -0.232438
0.0209912 0.678717 -0.232438
0.0182436 0.708102 -0.232438
0.0177857 0.712999 -0.232438
-0.101773 0.568434 -0.157739
0.0150381 0.742384 -0.232438
0.0145802 0.747281 -0.232438
0.0141223 0.752179 -0.232438
0.0122906 0.771768 -0.232438
0.0118326 0.776666 -0.232438
0.00954301 0.801153 -0.232438
0.00908508 0.80605 -0.232438
0.00816923 0.815845 -0.232438
0.00725337 0.82564 -0.232438
0.00358996 0.864819 -0.232438
0.0026741 0.874614 -0.232438
0.0316791 0.669836 -0.217498
0.00221617 0.879511 -0.232438
0.0248058 0.58521 -0.232438
-0.0124419 0.878141 -0.142799
0.0202309 0.792272 -0.232438
0.0243478 0.590107 -0.232438
-0.178567 0.862607 -0.137819
0.0238899 0.595004 -0.232438
-0.131089 0.565693 -0.132839
0.0211468 0.782477 -0.232438
0.023432 0.599902 -0.232438
0.0193151 0.802066 -0.232438
0.0229741 0.604799 -0.232438
0.019773 0.797169 -0.232438
0.0225161 0.609697 -0.232438
-0.183453 0.862151 -0.207538
0.0220582 0.614594 -0.232438
-0.192314 0.693354 -0.147779
0.0216003 0.619491 -0.232438
-0.188192 0.649277 -0.217498
0.0202265 0.634184 -0.232438
0.0275578 0.713913 -0.197578
0.0197686 0.639081 -0.232438
0.0142779 0.855938 -0.232438
0.0174789 0.663568 -0.232438
0.017021 0.668466 -0.232438
0.0124462 0.875528 -0.232438
0.0151893 0.688055 -0.232438
-0.0710743 0.872658 -0.207538
0.0147314 0.692953 -0.232438
0.0138155 0.702748 -0.232438
0.0128997 0.712542 -0.232438
0.0367163 0.615965 -0.137819
0.0115259 0.727235 -0.232438
0.011068 0.732132 -0.232438
0.01061 0.737029 -0.232438
0.0101521 0.741927 -0.232438
-0.0040525 0.577571 -0.197578
0.00923625 0.751722 -0.232438
0.00877832 0.756619 -0.232438
0.0225206 0.767785 -0.232438
0.00786247 0.766414 -0.232438
0.00740454 0.771311 -0.232438
0.00571957 0.578485 -0.142799
-0.189108 0.659072 -0.202558
0.00648868 0.781106 -0.232438
0.00419905 0.805593 -0.232438
0.00374112 0.810491 -0.232438
0.0119838 0.722337 -0.232438
0.00328319 0.815388 -0.232438
0.0312212 0.674734 -0.207538
0.00236734 0.825183 -0.232438
-0.200098 0.77661 -0.187618
0.00190941 0.83008 -0.232438
0.00145149 0.834978 -0.232438
0.000993559 0.839875 -0.232438
0.000535632 0.844773 -0.232438
-0.00129608 0.864362 -0.232438
-0.00221193 0.874157 -0.232438
-0.00266986 0.879054 -0.232438
-0.155519 0.563408 -0.182638
0.0158028 0.786917 -0.232438
0.0194618 0.58965 -0.232438
0.018546 0.599445 -0.232438
0.018088 0.604342 -0.232438
0.0176301 0.60924 -0.232438
0.0167142 0.619035 -0.232438
0.0376322 0.60617 -0.162719
0.0157984 0.628829 -0.232438
0.0229785 0.762887 -0.207538
0.0112235 0.835891 -0.232438
0.0144246 0.643522 -0.232438
0.00984977 0.850584 -0.232438
0.0135088 0.653316 -0.232438
0.0103077 0.845686 -0.232438
0.0130508 0.658214 -0.232438
0.0125929 0.663111 -0.232438
0.032595 0.660041 -0.177659
-0.195977 0.732533 -0.217498
0.00847599 0.865276 -0.232438
0.012135 0.668009 -0.232438
0.00893391 0.860379 -0.232438
0.011677 0.672906 -0.232438
0.0107612 0.682701 -0.232438
0.00984534 0.692496 -0.232438
0.0248102 0.743297 -0.212518
0.0179413 0.816759 -0.192598
-0.180408 0.566021 -0.212518
-0.193687 0.708046 -0.137819
0.00847156 0.707188 -0.232438
0.0075557 0.716983 -0.232438
0.0183992 0.811861 -0.172679
-0.180865 0.570919 -0.212518
0.00709778 0.72188 -0.232438
0.00663985 0.726778 -0.232438
0.00618192 0.731675 -0.232438
0.005724 0.736573 -0.232438
0.00480814 0.746367 -0.232438
0.00435021 0.751265 -0.232438
0.00389229 0.756162 -0.232438
0.00297643 0.765957 -0.232438
0.0142779 0.855938 -0.227458
0.00251851 0.770854 -0.232438
-0.173681 0.863064 -0.212518
0.00206058 0.775752 -0.232438
-0.0529128 0.573002 -0.132839
0.000686798 0.790444 -0.232438
-0.0857324 0.871288 -0.162719
0.000228871 0.795342 -0.232438
-0.0626849 0.572089 -0.177659
-0.00114491 0.810034 -0.232438
-0.00206076 0.819829 -0.232438
0.0301497 0.580769 -0.212518
-0.00297662 0.829623 -0.232438
-0.00343455 0.834521 -0.232438
-0.00480833 0.849213 -0.232438
-0.00526625 0.854111 -0.232438
-0.00618211 0.863905 -0.232438
-0.00709796 0.8737 -0.232438
0.0100009 0.796255 -0.232438
0.0136599 0.598988 -0.232438
0.0104589 0.791358 -0.232438
0.013202 0.603886 -0.232438
0.0122861 0.61368 -0.232438
0.0118282 0.618578 -0.232438
-0.00893853 0.577114 -0.212518
0.00862715 0.810948 -0.232438
0.0109124 0.628373 -0.232438
-0.159023 0.864435 -0.172679
0.0104544 0.63327 -0.232438
0.00953858 0.643065 -0.232438
-0.0271 0.87677 -0.162719
0.00908065 0.647962 -0.232438
-0.155519 0.563408 -0.167699
0.00496374 0.850127 -0.232438
0.00862272 0.65286 -0.232438
0.00542166 0.845229 -0.232438
0.0081648 0.657757 -0.232438
-0.0613022 0.873572 -0.217498
0.00679102 0.672449 -0.232438
0.00633309 0.677347 -0.232438
0.00541724 0.687142 -0.232438
0.00495931 0.692039 -0.232438
0.00175382 0.726321 -0.232438
0.00129589 0.731218 -0.232438
0.000837964 0.736116 -0.232438
0.00571957 0.578485 -0.202558
-7.789e-05 0.745911 -0.232438
-0.183613 0.600303 -0.207538
-0.000535817 0.750808 -0.232438
-0.20422 0.820687 -0.162719
-0.000993744 0.755705 -0.232438
-0.00282545 0.775295 -0.232438
-0.00465716 0.794885 -0.232438
-0.00511509 0.799782 -0.232438
-0.00557302 0.80468 -0.232438
0.0170254 0.826554 -0.227458
-0.00603094 0.809577 -0.232438
-0.00648887 0.814474 -0.232438
-0.0069468 0.819372 -0.232438
-0.00832058 0.834064 -0.232438
-0.00877851 0.838961 -0.232438
-0.00923643 0.843859 -0.232438
-0.00969436 0.848756 -0.232438
-0.011984 0.873243 -0.232438
0.00710221 0.879968 -0.152759
-0.131089 0.565693 -0.227458
-0.0124419 0.878141 -0.232438
-0.115049 0.868547 -0.142799
-0.160406 0.562951 -0.167699
0.028318 0.600359 -0.232438
0.00832039 0.761517 -0.232438
0.0106056 0.578942 -0.232438
-0.0906184 0.870831 -0.167699
-0.124821 0.867633 -0.162719
-0.182239 0.585611 -0.182638
0.0101477 0.583839 -0.232438
0.00694661 0.776209 -0.232438
0.00968975 0.588736 -0.232438
-0.134593 0.866719 -0.182638
-0.183155 0.595406 -0.157739
-0.189566 0.66397 -0.157739
0.00923182 0.593634 -0.232438
-0.19094 0.678662 -0.172679
0.00603076 0.786004 -0.232438
0.00877389 0.598531 -0.232438
0.00785804 0.608326 -0.232438
0.00648426 0.623018 -0.232438
0.0220626 0.772682 -0.152759
0.0252637 0.580312 -0.152759
0.0055684 0.632813 -0.232438
-0.201472 0.791302 -0.197578
0.00419462 0.647505 -0.232438
0.00373669 0.652403 -0.232438
-0.00083815 0.859465 -0.232438
0.00282084 0.662198 -0.232438
0.00190498 0.671992 -0.232438
0.00144706 0.67689 -0.232438
0.00098913 0.681787 -0.232438
0.000531203 0.686685 -0.232438
0.0362584 0.620862 -0.207538
-0.000384651 0.69648 -0.232438
-0.00175843 0.711172 -0.232438
-0.00221636 0.716069 -0.232438
-0.00267429 0.720967 -0.232438
-0.00313221 0.725864 -0.232438
-0.00359014 0.730761 -0.232438
-0.180865 0.570919 -0.167699
-0.00587978 0.755249 -0.232438
0.0183992 0.811861 -0.137819
-0.0063377 0.760146 -0.232438
-0.188339 0.861694 -0.187618
-0.180408 0.566021 -0.222478
-0.00771148 0.774838 -0.232438
-0.0906184 0.870831 -0.152759
-0.00816941 0.779736 -0.232438
0.0142779 0.855938 -0.137819
-0.00862734 0.784633 -0.232438
-0.0100011 0.799325 -0.232438
0.0350358 0.581226 -0.132839
-0.010917 0.80912 -0.232438
-0.0118328 0.818915 -0.232438
0.00710221 0.879968 -0.232438
0.0112191 0.677804 -0.232438
-0.0127487 0.82871 -0.232438
-0.0141225 0.843402 -0.232438
-0.202388 0.801097 -0.132839
-0.0145804 0.848299 -0.232438
-0.192772 0.698252 -0.182638
-0.01687 0.872787 -0.232438
0.00571957 0.578485 -0.232438
0.00526164 0.583382 -0.232438
0.00480371 0.58828 -0.232438
-0.0515302 0.874486 -0.217498
0.00434579 0.593177 -0.232438
0.00388786 0.598074 -0.232438
0.00342993 0.602972 -0.232438
-0.000686983 0.805136 -0.232438
0.00297201 0.607869 -0.232438
-0.000229056 0.800239 -0.232438
0.00251408 0.612767 -0.232438
0.00205615 0.617664 -0.232438
-0.00160284 0.814931 -0.232438
0.00159822 0.622561 -0.232438
0.00068237 0.632356 -0.232438
0.000224443 0.637254 -0.232438
-0.0043504 0.844316 -0.232438
-0.000691412 0.647049 -0.232438
-0.00389247 0.839418 -0.232438
-0.00114934 0.651946 -0.232438
-0.00206519 0.661741 -0.232438
-0.00252312 0.666638 -0.232438
-0.00298105 0.671536 -0.232438
-0.00664004 0.868803 -0.232438
-0.00343897 0.676433 -0.232438
-0.0038969 0.68133 -0.232438
-0.00435483 0.686228 -0.232438
-0.00572861 0.70092 -0.232438
-0.00664446 0.710715 -0.232438
-0.00710239 0.715612 -0.232438
0.0275578 0.713913 -0.192598
-0.00756032 0.72051 -0.232438
-0.0089341 0.735202 -0.232438
-0.206051 0.840277 -0.187618
-0.00939203 0.740099 -0.232438
-0.00984995 0.744997 -0.232438
-0.0116817 0.764587 -0.232438
-0.175064 0.561581 -0.222478
-0.195519 0.727636 -0.147779
-0.0121396 0.769484 -0.232438
-0.0139713 0.789074 -0.232438
-0.0148872 0.798868 -0.232438
0.00282527 0.820285 -0.232438
-0.0176347 0.828253 -0.232438
0.0293895 0.694323 -0.187618
-0.0190085 0.842945 -0.232438
-0.206051 0.840277 -0.142799
-0.0199244 0.85274 -0.232438
-0.0203823 0.857637 -0.232438
-0.0208402 0.862535 -0.232438
-0.115049 0.868547 -0.187618
0.0238943 0.753092 -0.202558
-0.160406 0.562951 -0.212518
0.0106056 0.578942 -0.182638
0.000375609 0.582925 -0.232438
-0.187734 0.64438 -0.212518
-0.000998173 0.597618 -0.232438
-0.00419923 0.789987 -0.232438
-0.00191403 0.607412 -0.232438
-0.00282988 0.617207 -0.232438
-0.00328781 0.622105 -0.232438
-0.00374574 0.627002 -0.232438
-0.186361 0.629688 -0.217498
-0.00786265 0.829167 -0.232438
-0.00420366 0.631899 -0.232438
-0.202997 0.860323 -0.152759
0.0301497 0.580769 -0.162719
-0.187276 0.639483 -0.222478
-0.207425 0.854969 -0.162719
-0.00511952 0.641694 -0.232438
-0.00557744 0.646592 -0.232438
-0.0064933 0.656386 -0.232438
-0.00695122 0.661284 -0.232438
-0.0110681 0.863449 -0.232438
-0.00740915 0.666181 -0.232438
-0.0101523 0.853654 -0.232438
-0.00832501 0.675976 -0.232438
-0.00878293 0.680874 -0.232438
-0.00969879 0.690668 -0.232438
0.00221617 0.879511 -0.152759
-0.195519 0.727636 -0.187618
-0.0106146 0.700463 -0.232438
0.0170254 0.826554 -0.172679
-0.0115305 0.710258 -0.232438
-0.0119884 0.715155 -0.232438
-0.188192 0.649277 -0.147779
-0.0129043 0.72495 -0.232438
-0.0142781 0.739643 -0.232438
-0.014736 0.74454 -0.232438
-0.0161098 0.759232 -0.232438
-0.0165677 0.76413 -0.232438
-0.183155 0.595406 -0.152759
-0.189566 0.66397 -0.152759
-0.0170256 0.769027 -0.232438
-0.0235966 0.575743 -0.152759
-0.0193153 0.793514 -0.232438
-0.020689 0.808206 -0.232438
-0.021147 0.813104 -0.232438
-0.0216049 0.818001 -0.232438
-0.0220628 0.822899 -0.232438
-0.0225207 0.827796 -0.232438
-0.129707 0.867176 -0.217498
-0.0234366 0.837591 -0.232438
-0.0248104 0.852283 -0.232438
-0.0261842 0.866975 -0.232438
-0.0564162 0.874029 -0.167699
-0.206967 0.850071 -0.137819
-0.00496835 0.587366 -0.232438
-0.205136 0.830482 -0.137819
-0.00954319 0.794428 -0.232438
-0.00542628 0.592263 -0.232438
-0.00634213 0.602058 -0.232438
-0.00771591 0.61675 -0.232438
-0.203762 0.81579 -0.177659
-0.0113749 0.814018 -0.232438
-0.00817384 0.621648 -0.232438
0.0390059 0.591478 -0.202558
0.0312212 0.674734 -0.142799
-0.00954762 0.63634 -0.232438
-0.0136645 0.838505 -0.232438
-0.0100055 0.641237 -0.232438
-0.0132066 0.833607 -0.232438
-0.0104635 0.646135 -0.232438
-0.0109214 0.651032 -0.232438
-0.0113793 0.65593 -0.232438
-0.0118373 0.660827 -0.232438
-0.0122952 0.665724 -0.232438
-0.188339 0.861694 -0.222478
-0.013211 0.675519 -0.232438
-0.0141269 0.685314 -0.232438
-0.0145848 0.690212 -0.232438
-0.0150427 0.695109 -0.232438
-0.0164165 0.709801 -0.232438
-0.0168745 0.714699 -0.232438
-0.0173324 0.719596 -0.232438
-0.0177903 0.724493 -0.232438
-0.0182482 0.729391 -0.232438
-0.0187062 0.734288 -0.232438
-0.0920011 0.569347 -0.132839
-0.0191641 0.739186 -0.232438
-0.019622 0.744083 -0.232438
-0.0200799 0.748981 -0.232438
-0.0205379 0.753878 -0.232438
-0.0209958 0.758775 -0.232438
-0.203762 0.81579 -0.222478
-0.0214537 0.763673 -0.232438
-0.0219117 0.76857 -0.232438
-0.0138246 0.576657 -0.157739
0.00266967 0.716526 -0.232438
-0.0223696 0.773468 -0.232438
0.00221175 0.721424 -0.232438
-0.0228275 0.778365 -0.232438
-0.184529 0.610098 -0.152759
-0.18865 0.654175 -0.152759
-0.0232854 0.783262 -0.232438
-0.183453 0.862151 -0.132839
-0.0264909 0.817544 -0.232438
0.0350358 0.581226 -0.152759
-0.0269489 0.822442 -0.232438
-0.0274068 0.827339 -0.232438
-0.0278647 0.832237 -0.232438
-0.00755589 0.878598 -0.197578
0.0162607 0.78202 -0.232438
0.0190039 0.594548 -0.232438
-0.0283226 0.837134 -0.232438
-0.0287806 0.842031 -0.232438
-0.0296964 0.851826 -0.232438
-0.148642 0.806123 -0.127859
0.0229785 0.762887 -0.132839
0.000375609 0.582925 -0.127859
-0.000998173 0.597618 -0.127859
-0.00603537 0.651489 -0.127859
-0.145747 0.564322 -0.192598
-0.0564206 0.715941 -0.232438
-0.0533707 0.5779 -0.127859
-0.0868038 0.777323 -0.127859
-0.0877197 0.787118 -0.127859
-0.0854345 0.604543 -0.127859
-0.00832501 0.675976 -0.127859
-0.0101523 0.853654 -0.127859
-0.00878293 0.680874 -0.127859
-0.165292 0.562495 -0.167699
-0.179181 0.763745 -0.127859
-0.175064 0.561581 -0.127859
-0.147424 0.687671 -0.127859
-0.0101567 0.695566 -0.127859
-0.142538 0.688128 -0.232438
-0.0106146 0.700463 -0.127859
7.32763e-05 0.691582 -0.232438
-0.0730616 0.788489 -0.127859
-0.0703185 0.601016 -0.127859
-0.0110726 0.705361 -0.127859
-0.0129043 0.72495 -0.127859
-0.0138201 0.734745 -0.127859
-0.0142781 0.739643 -0.127859
-0.193225 0.861237 -0.167699
-0.182697 0.590508 -0.167699
-0.16025 0.666711 -0.127859
-0.0161098 0.759232 -0.127859
-0.182844 0.802925 -0.127859
-0.179643 0.610555 -0.127859
-0.204678 0.825584 -0.147779
-0.187579 0.748139 -0.127859
0.00571957 0.578485 -0.182638
-0.0165677 0.76413 -0.127859
-0.185903 0.62479 -0.147779
-0.0188573 0.788617 -0.127859
-0.0193153 0.793514 -0.127859
-0.0124419 0.878141 -0.227458
-0.131089 0.565693 -0.207538
-0.0197732 0.798412 -0.127859
-0.114591 0.863649 -0.127859
-0.111848 0.676177 -0.127859
-0.021147 0.813104 -0.127859
-0.0216049 0.818001 -0.127859
-0.0225207 0.827796 -0.127859
-0.116431 0.567063 -0.182638
-0.126203 0.566149 -0.137819
-0.173988 0.813633 -0.127859
0.0199197 0.584753 -0.232438
-0.0229787 0.832693 -0.127859
-0.155208 0.770927 -0.232438
-0.112003 0.572417 -0.232438
-0.0234366 0.837591 -0.127859
-0.0529128 0.573002 -0.162719
-0.0248104 0.852283 -0.127859
-0.185903 0.62479 -0.142799
-0.106957 0.834722 -0.127859
-0.104214 0.647249 -0.127859
-0.0897026 0.861036 -0.232438
-0.0252683 0.857181 -0.127859
-0.190482 0.673764 -0.212518
-0.0834472 0.688713 -0.127859
-0.0261842 0.866975 -0.127859
-0.00374131 0.78509 -0.127859
-0.168795 0.863521 -0.152759
-0.190482 0.673764 -0.142799
-0.0668018 0.774253 -0.232438
-0.00496835 0.587366 -0.127859
-0.206509 0.845174 -0.222478
-0.0556604 0.602387 -0.127859
-0.00542628 0.592263 -0.127859
-0.00954319 0.794428 -0.127859
-0.00680006 0.606955 -0.127859
-0.079477 0.698965 -0.127859
-0.13887 0.807037 -0.127859
0.032137 0.664939 -0.152759
-0.0104635 0.646135 -0.127859
-0.0132066 0.833607 -0.127859
-0.0113793 0.65593 -0.127859
-0.0122952 0.665724 -0.127859
-0.207883 0.859866 -0.187618
-0.089707 0.702948 -0.232438
-0.0155007 0.700006 -0.127859
-0.0164165 0.709801 -0.127859
0.0147358 0.851041 -0.227458
-0.152923 0.588352 -0.127859
-0.207883 0.859866 -0.172679
-0.0177903 0.724493 -0.127859
-0.207425 0.854969 -0.147779
-0.0486359 0.632685 -0.232438
-0.0527528 0.83485 -0.232438
-0.017328 0.877684 -0.222478
-0.0182482 0.729391 -0.127859
0.00710221 0.879968 -0.222478
-0.0187062 0.734288 -0.127859
-0.0100055 0.641237 -0.127859
-0.0136645 0.838505 -0.127859
-0.0675709 0.571632 -0.162719
-0.186819 0.634585 -0.132839
-0.0200799 0.748981 -0.127859
0.00740011 0.613223 -0.127859
-0.0602396 0.651361 -0.232438
0.00984534 0.692496 -0.127859
-0.119632 0.759433 -0.232438
-0.0292385 0.846929 -0.127859
-0.121464 0.779023 -0.232438
-0.012144 0.611396 -0.127859
-0.0162609 0.813561 -0.127859
0.0197686 0.639081 -0.127859
-0.0126019 0.616293 -0.127859
-0.015803 0.808663 -0.127859
-0.0173324 0.719596 -0.127859
-0.184067 0.763289 -0.232438
-0.0480268 0.573459 -0.202558
-0.0145848 0.690212 -0.127859
-0.110932 0.666382 -0.127859
-0.205136 0.830482 -0.127859
-0.0144337 0.635883 -0.127859
-0.149869 0.608399 -0.127859
-0.15307 0.800768 -0.127859
0.0298474 0.689426 -0.202558
-0.0148916 0.640781 -0.127859
-0.0185506 0.838048 -0.127859
-0.0153495 0.645678 -0.127859
-0.0180926 0.83315 -0.127859
-0.0158074 0.650575 -0.127859
-0.192314 0.693354 -0.182638
-0.018555 0.67996 -0.127859
-0.0190129 0.684857 -0.127859
0.038548 0.596375 -0.127859
0.0234364 0.75799 -0.172679
-0.0194709 0.689755 -0.127859
-0.0203867 0.699549 -0.127859
-0.0213026 0.709344 -0.127859
-0.0226763 0.724037 -0.127859
-0.096118 0.771512 -0.232438
-0.0764227 0.719011 -0.232438
-0.0267977 0.768113 -0.127859
-0.0332087 0.836677 -0.127859
-0.0564162 0.874029 -0.217498
-0.116582 0.621392 -0.232438
-0.0620714 0.670951 -0.127859
7.77046e-05 0.84967 -0.232438
-0.00236753 0.770398 -0.232438
-0.0359562 0.866062 -0.127859
-0.0174835 0.773924 -0.127859
-0.0147404 0.586452 -0.127859
-0.126808 0.783463 -0.127859
-0.00466159 0.636797 -0.127859
-0.00740472 0.824269 -0.127859
0.0220626 0.772682 -0.227458
0.0252637 0.580312 -0.227458
-0.127879 0.689499 -0.232438
-0.185445 0.619893 -0.147779
-0.0156563 0.596247 -0.127859
0.0376322 0.60617 -0.222478
-0.0306167 0.703533 -0.127859
-0.0297008 0.693738 -0.127859
-0.0144292 0.793971 -0.232438
-0.0116861 0.606499 -0.232438
-0.165292 0.562495 -0.152759
-0.195977 0.732533 -0.232438
-0.0197776 0.640324 -0.127859
-0.0217561 0.87233 -0.127859
-0.181163 0.837663 -0.232438
-0.0264909 0.817544 -0.127859
-0.202846 0.805995 -0.167699
-0.059017 0.690997 -0.127859
-0.194145 0.712944 -0.187618
-0.0865015 0.668666 -0.232438
0.00358553 0.706731 -0.232438
-0.0225252 0.669708 -0.127859
0.0251125 0.634641 -0.127859
-0.0266465 0.713785 -0.127859
-0.0920011 0.569347 -0.152759
-0.110625 0.715813 -0.127859
-0.155519 0.563408 -0.177659
-0.0106102 0.858551 -0.232438
-0.00786708 0.671079 -0.232438
-0.0293985 0.585082 -0.127859
-0.0625293 0.675848 -0.127859
-0.168186 0.804295 -0.127859
0.0104544 0.63327 -0.127859
-0.0289362 0.738272 -0.127859
-0.00755589 0.878598 -0.152759
-0.178727 0.60076 -0.232438
-0.129707 0.867176 -0.132839
-0.0293941 0.743169 -0.127859
0.0293895 0.694323 -0.172679
-0.029852 0.748067 -0.127859
-0.0758136 0.659785 -0.232438
-0.135815 0.827083 -0.127859
-0.000380222 0.854567 -0.232438
-0.0019096 0.7655 -0.232438
0.00236291 0.667095 -0.232438
-0.0325996 0.777451 -0.127859
-0.204678 0.825584 -0.177659
-0.0380947 0.83622 -0.127859
-0.10818 0.795085 -0.232438
-0.0385526 0.841118 -0.127859
-0.183155 0.595406 -0.132839
-0.189566 0.66397 -0.132839
-0.0187106 0.5762 -0.127859
-0.193225 0.861237 -0.222478
-0.182697 0.590508 -0.222478
-0.0483291 0.682116 -0.127859
0.00327877 0.6573 -0.127859
-0.0237434 0.78816 -0.127859
-0.0210002 0.600687 -0.127859
-0.022374 0.61538 -0.127859
-0.121317 0.566606 -0.162719
-0.0228319 0.620277 -0.127859
-0.203304 0.810892 -0.187618
-0.0246636 0.639867 -0.127859
-0.126048 0.669909 -0.232438
-0.0733728 0.58097 -0.232438
-0.0770318 0.778237 -0.232438
-0.0255795 0.649662 -0.127859
-0.126203 0.566149 -0.182638
-0.116431 0.567063 -0.232438
-0.0724569 0.571175 -0.217498
-0.0260374 0.654559 -0.127859
-0.0264954 0.659456 -0.127859
-0.0857324 0.871288 -0.127859
-0.0301543 0.856724 -0.127859
-0.0269533 0.664354 -0.127859
-0.0315281 0.871416 -0.127859
-0.0278691 0.674149 -0.127859
-0.0857324 0.871288 -0.167699
0.00939184 0.855481 -0.232438
-0.028785 0.683944 -0.127859
0.0376322 0.60617 -0.157739
-0.0292429 0.688841 -0.127859
0.0284736 0.704118 -0.152759
-0.0689403 0.744412 -0.232438
-0.0301588 0.698636 -0.127859
-0.102227 0.731419 -0.127859
-0.0319905 0.718225 -0.127859
-0.0356539 0.757405 -0.127859
-0.063294 0.631314 -0.232438
-0.066495 0.823684 -0.232438
-0.0374856 0.776994 -0.127859
-0.115049 0.868547 -0.182638
0.0238943 0.753092 -0.197578
-0.0199288 0.694652 -0.127859
0.0225206 0.767785 -0.142799
-0.0388594 0.791687 -0.127859
-0.201472 0.791302 -0.232438
-0.0397752 0.801481 -0.127859
-0.0570297 0.775167 -0.127859
-0.0542866 0.587695 -0.127859
-0.0402332 0.806379 -0.127859
-0.022214 0.877227 -0.197578
-0.188339 0.861694 -0.157739
-0.193687 0.708046 -0.227458
-0.11933 0.650776 -0.232438
-0.0434387 0.840661 -0.127859
-0.166661 0.735275 -0.127859
-0.0277135 0.777908 -0.127859
-0.0240545 0.580641 -0.127859
-0.0272556 0.773011 -0.127859
-0.0245125 0.585538 -0.127859
-0.0290873 0.7926 -0.127859
-0.0249704 0.590436 -0.127859
-0.0539754 0.795214 -0.127859
-0.144365 0.865806 -0.217498
-0.105277 0.86946 -0.202558
-0.0350404 0.856267 -0.127859
-0.0295497 0.63941 -0.127859
0.00221617 0.879511 -0.202558
0.0316791 0.669836 -0.152759
-0.0341245 0.846472 -0.127859
-0.0304655 0.649205 -0.127859
-0.138261 0.747811 -0.127859
-0.0336666 0.841575 -0.127859
-0.0309235 0.654102 -0.127859
-0.0318393 0.663897 -0.127859
-0.0322972 0.668794 -0.127859
0.000833536 0.578028 -0.232438
-0.0327552 0.673692 -0.127859
-0.0820734 0.674021 -0.127859
-0.0345869 0.693281 -0.127859
-0.0364186 0.712871 -0.127859
-0.0377924 0.727563 -0.127859
-0.0382503 0.732461 -0.127859
-0.0968871 0.568891 -0.202558
-0.040082 0.75205 -0.127859
0.0243523 0.748195 -0.192598
-0.0405399 0.756948 -0.127859
-0.00572418 0.859008 -0.127859
-0.046493 0.820614 -0.127859
-0.0478668 0.835307 -0.127859
-0.175064 0.561581 -0.227458
-0.080544 0.763088 -0.232438
-0.100395 0.711829 -0.232438
0.00465255 0.642608 -0.232438
-0.0492405 0.849999 -0.127859
-0.0510722 0.869588 -0.127859
-0.205594 0.835379 -0.217498
-0.11536 0.661028 -0.127859
0.0127485 0.766871 -0.127859
-0.192772 0.698252 -0.192598
-0.11933 0.650776 -0.127859
-0.00817384 0.621648 -0.127859
-0.0113749 0.814018 -0.127859
-0.0490894 0.79567 -0.127859
-0.0162609 0.813561 -0.232438
-0.012144 0.611396 -0.232438
-0.150633 0.563865 -0.202558
-0.0289406 0.580184 -0.127859
-0.0413046 0.712414 -0.232438
-0.115969 0.720254 -0.232438
0.0161096 0.836348 -0.232438
0.0188527 0.648876 -0.232438
-0.0344313 0.797041 -0.127859
-0.0307723 0.599774 -0.127859
-0.0089341 0.735202 -0.127859
-0.147419 0.845759 -0.232438
-0.0316881 0.609569 -0.127859
-0.140555 0.61421 -0.127859
-0.144214 0.811477 -0.127859
-0.17216 0.635956 -0.232438
-0.175517 0.724566 -0.232438
-0.0344357 0.638953 -0.127859
-0.0353516 0.648748 -0.127859
-0.0399264 0.85581 -0.127859
-0.0358095 0.653645 -0.127859
-0.115969 0.720254 -0.127859
-0.142991 0.851113 -0.127859
-0.173379 0.754407 -0.232438
-0.0417581 0.8754 -0.127859
-0.039015 0.687927 -0.127859
-0.0394729 0.692825 -0.127859
-0.0501564 0.859794 -0.127859
-0.0124419 0.878141 -0.212518
0.00710221 0.879968 -0.172679
-0.0135134 0.784176 -0.232438
-0.00985438 0.586909 -0.232438
0.032595 0.660041 -0.232438
-0.0422205 0.722209 -0.127859
0.0307632 0.679631 -0.227458
0.0303053 0.684528 -0.192598
-0.0860392 0.821857 -0.127859
-0.083296 0.634384 -0.127859
-0.144365 0.865806 -0.137819
-0.0426784 0.727107 -0.127859
-0.197351 0.747226 -0.157739
-0.0125975 0.774381 -0.232438
-0.0431363 0.732004 -0.127859
-0.0759603 0.872202 -0.172679
0.0234364 0.75799 -0.187618
-0.017328 0.877684 -0.232438
-0.0504632 0.810363 -0.127859
-0.0333643 0.732918 -0.232438
-0.0529128 0.573002 -0.167699
-0.153074 0.642681 -0.232438
-0.0559583 0.869132 -0.127859
-0.127115 0.734032 -0.232438
0.0229785 0.762887 -0.202558
-0.0577944 0.730633 -0.232438
-0.00893853 0.577114 -0.217498
-0.0191641 0.739186 -0.127859
0.0350358 0.581226 -0.197578
-0.0342845 0.584625 -0.127859
-0.0379435 0.781892 -0.127859
-0.0347425 0.589522 -0.127859
-0.193225 0.861237 -0.212518
-0.182697 0.590508 -0.212518
-0.173383 0.59632 -0.232438
-0.0286338 0.629615 -0.127859
-0.0384015 0.786789 -0.127859
-0.0361162 0.604214 -0.127859
-0.0251171 0.802852 -0.127859
-0.0219161 0.610482 -0.127859
-0.111545 0.56752 -0.127859
-0.114288 0.754992 -0.127859
0.0335108 0.650247 -0.142799
-0.0365742 0.609112 -0.127859
0.0211468 0.782477 -0.152759
-0.196435 0.737431 -0.202558
-0.0852745 0.86639 -0.127859
-0.0196264 0.585995 -0.127859
-0.041149 0.816174 -0.232438
-0.0370321 0.614009 -0.127859
-0.014736 0.74454 -0.127859
-0.199183 0.766815 -0.157739
-0.149864 0.766487 -0.127859
-0.129707 0.867176 -0.182638
-0.0393217 0.638496 -0.127859
-0.201014 0.786405 -0.162719
-0.0402376 0.648291 -0.127859
-0.023899 0.6844 -0.127859
-0.0438966 0.845558 -0.127859
-0.0411534 0.658086 -0.127859
-0.0935216 0.796456 -0.127859
-0.202388 0.801097 -0.232438
-0.0145804 0.848299 -0.127859
-0.0661883 0.873115 -0.232438
-0.0493961 0.746239 -0.127859
-0.0350448 0.698179 -0.127859
-0.202997 0.860323 -0.192598
-0.187276 0.639483 -0.157739
-0.000233485 0.642151 -0.127859
-0.00251869 0.824726 -0.127859
-0.0355027 0.703076 -0.127859
-0.180865 0.570919 -0.157739
-0.0461862 0.870045 -0.127859
-0.202846 0.805995 -0.137819
-0.106961 0.676634 -0.232438
-0.0443589 0.692368 -0.127859
-0.0466486 0.716855 -0.127859
-0.0868083 0.619235 -0.127859
0.026184 0.728605 -0.167699
0.00740454 0.771311 -0.127859
-0.0480224 0.731547 -0.127859
-0.169564 0.6609 -0.232438
-0.171849 0.843475 -0.232438
-0.0530596 0.785419 -0.127859
-0.0535175 0.790316 -0.127859
0.0142779 0.855938 -0.152759
-0.0553492 0.809906 -0.127859
-0.122993 0.689955 -0.127859
-0.0580968 0.83929 -0.127859
-0.00313221 0.725864 -0.127859
-0.0912364 0.613881 -0.127859
-0.173681 0.863064 -0.132839
-0.206051 0.840277 -0.217498
-0.0289362 0.738272 -0.232438
0.0376322 0.60617 -0.212518
-0.0396285 0.589065 -0.127859
-0.0744398 0.645093 -0.232438
-0.0400864 0.593963 -0.127859
-0.196435 0.737431 -0.232438
-0.0414602 0.608655 -0.127859
-0.137345 0.738016 -0.127859
-0.0457283 0.865148 -0.127859
-0.0419181 0.613552 -0.127859
-0.0466441 0.874943 -0.182638
-0.115204 0.764787 -0.127859
-0.176433 0.734361 -0.127859
0.0145802 0.747281 -0.127859
-0.162233 0.740629 -0.232438
-0.0432919 0.628245 -0.127859
-0.198267 0.757021 -0.187618
-0.185903 0.62479 -0.232438
-0.19002 0.826955 -0.232438
-0.110163 0.869004 -0.152759
-0.0584035 0.789859 -0.127859
-0.0142825 0.581555 -0.127859
-0.0455816 0.652732 -0.127859
-0.077343 0.570718 -0.142799
-0.191242 0.787319 -0.127859
-0.125439 0.610683 -0.232438
-0.190482 0.673764 -0.207538
-0.0478712 0.677219 -0.127859
-0.180861 0.729007 -0.127859
-0.0564162 0.874029 -0.227458
-0.206967 0.850071 -0.172679
0.0266419 0.723708 -0.127859
0.0371742 0.611067 -0.137819
-0.0501608 0.701706 -0.127859
-0.116431 0.567063 -0.227458
-0.126203 0.566149 -0.187618
-0.0506187 0.706603 -0.127859
0.0399218 0.581683 -0.197578
-0.201472 0.791302 -0.217498
-0.0463418 0.766286 -0.127859
-0.0510767 0.711501 -0.127859
-0.0519925 0.721295 -0.127859
-0.0597817 0.646464 -0.232438
0.0298474 0.689426 -0.217498
0.0130553 0.816302 -0.127859
-0.0533663 0.735988 -0.127859
-0.0542822 0.745782 -0.127859
0.0274022 0.610153 -0.232438
-0.0515346 0.716398 -0.127859
-0.199641 0.771713 -0.217498
-0.0823802 0.62459 -0.232438
-0.0556559 0.760475 -0.127859
0.0231297 0.708559 -0.127859
-0.0561139 0.765372 -0.127859
-0.203304 0.810892 -0.197578
-0.0579456 0.784962 -0.127859
-0.0263398 0.763216 -0.127859
-0.121317 0.566606 -0.152759
-0.0593194 0.799654 -0.127859
-0.00266986 0.879054 -0.162719
-0.0255751 0.80775 -0.127859
-0.0597773 0.804551 -0.127859
-0.0788679 0.639739 -0.232438
-0.082069 0.832108 -0.232438
-0.0620669 0.829039 -0.127859
-0.0625249 0.833936 -0.127859
-0.138718 0.752708 -0.127859
-0.135971 0.723324 -0.127859
-0.0440566 0.583711 -0.127859
-0.0652724 0.86332 -0.232438
-0.112461 0.577315 -0.232438
-0.115662 0.769685 -0.232438
-0.0495473 0.800568 -0.127859
-0.0468042 0.613095 -0.127859
-0.051379 0.820157 -0.127859
-0.04772 0.62289 -0.127859
-0.00725356 0.769941 -0.232438
-0.00451042 0.582468 -0.232438
-0.0883332 0.688256 -0.127859
-0.198111 0.86078 -0.197578
-0.159023 0.864435 -0.152759
-0.0509211 0.81526 -0.127859
-0.048178 0.627788 -0.127859
0.0138199 0.860835 -0.187618
-0.112301 0.839162 -0.127859
-0.110016 0.656587 -0.127859
-0.00863177 0.626545 -0.127859
-0.140399 0.717969 -0.127859
-0.0518369 0.825055 -0.127859
-0.0495517 0.64248 -0.127859
-0.147881 0.692568 -0.127859
-0.190482 0.673764 -0.167699
-0.0555004 0.864234 -0.127859
-0.032604 0.619363 -0.232438
-0.0358051 0.811733 -0.232438
-0.0509255 0.657172 -0.127859
-0.0380991 0.678132 -0.232438
-0.0545845 0.854439 -0.127859
-0.0518414 0.666967 -0.127859
-0.0527572 0.676762 -0.127859
-0.0333687 0.57483 -0.182638
-0.183155 0.595406 -0.197578
-0.189566 0.66397 -0.197578
-0.0532151 0.681659 -0.127859
-0.121317 0.566606 -0.192598
-0.0993279 0.647706 -0.127859
-0.17124 0.784249 -0.127859
-0.134135 0.861822 -0.127859
-0.0402332 0.806379 -0.232438
-0.181323 0.575816 -0.157739
-0.149255 0.707261 -0.127859
-0.0545889 0.696351 -0.127859
-0.0550469 0.701249 -0.127859
-0.0555048 0.706146 -0.127859
-0.0271044 0.718682 -0.127859
-0.0568786 0.720839 -0.127859
-0.0587147 0.58234 -0.232438
-0.0591682 0.745326 -0.127859
-0.188192 0.649277 -0.152759
-0.097803 0.578685 -0.232438
-0.0609999 0.764915 -0.127859
-0.190482 0.673764 -0.157739
-0.0619158 0.77471 -0.127859
-0.0628316 0.784505 -0.127859
-0.0133622 0.729848 -0.127859
-0.0058842 0.597161 -0.127859
-0.00908527 0.78953 -0.127859
0.0284736 0.704118 -0.212518
-0.049245 0.691911 -0.127859
-0.102689 0.578229 -0.232438
-0.0655792 0.813889 -0.127859
-0.127573 0.73893 -0.127859
-0.03749 0.618907 -0.127859
-0.0697005 0.857966 -0.127859
0.0205333 0.683615 -0.232438
-0.168951 0.759762 -0.232438
0.019773 0.797169 -0.157739
-0.0710743 0.872658 -0.127859
-0.105277 0.86946 -0.127859
-0.087115 0.569804 -0.182638
-0.115511 0.715356 -0.232438
-0.0498585 0.593049 -0.127859
-0.129711 0.709088 -0.127859
-0.134593 0.866719 -0.137819
-0.0333687 0.57483 -0.162719
-0.183155 0.595406 -0.227458
-0.189566 0.66397 -0.227458
0.0358004 0.625759 -0.127859
-0.0507743 0.602844 -0.127859
0.0142779 0.855938 -0.222478
-0.151091 0.568762 -0.127859
-0.116276 0.670823 -0.127859
0.0243523 0.748195 -0.147779
-0.0736751 0.689627 -0.127859
0.0193151 0.802066 -0.177659
-0.13124 0.620021 -0.232438
-0.0431408 0.573916 -0.192598
0.0185504 0.757533 -0.232438
-0.152461 0.741543 -0.232438
-0.056723 0.824598 -0.127859
-0.0535219 0.632228 -0.127859
-0.153225 0.697009 -0.127859
-0.0553536 0.651818 -0.127859
-0.20422 0.820687 -0.197578
-0.171551 0.57673 -0.232438
-0.174294 0.764202 -0.232438
0.00938741 0.697393 -0.232438
-0.0590126 0.849085 -0.127859
-0.0558115 0.656715 -0.127859
-0.0613022 0.873572 -0.127859
-0.170475 0.828782 -0.127859
-0.201014 0.786405 -0.142799
-0.0585591 0.6861 -0.127859
-0.111545 0.56752 -0.192598
-0.0599329 0.700792 -0.127859
0.032137 0.664939 -0.232438
-0.101924 0.622762 -0.232438
-0.104667 0.810235 -0.232438
-0.0900138 0.653517 -0.127859
-0.092459 0.574245 -0.127859
-0.0608487 0.710587 -0.127859
-0.0399308 0.697722 -0.127859
-0.0881776 0.792015 -0.232438
-0.0613067 0.715484 -0.127859
-0.137189 0.841775 -0.127859
-0.0631384 0.735074 -0.127859
-0.174143 0.709874 -0.127859
-0.175064 0.561581 -0.152759
-0.18697 0.688914 -0.232438
-0.188953 0.762832 -0.232438
0.0289315 0.699221 -0.132839
-0.0635963 0.739971 -0.127859
-0.0640542 0.744869 -0.127859
-0.0500052 0.805465 -0.127859
-0.0463462 0.608198 -0.127859
-0.144827 0.712615 -0.127859
-0.200098 0.77661 -0.137819
-0.0938328 0.588937 -0.232438
-0.0965759 0.77641 -0.232438
-0.0658859 0.764458 -0.127859
-0.0668018 0.774253 -0.127859
0.026184 0.728605 -0.222478
-0.0732128 0.842817 -0.127859
-0.0704696 0.655345 -0.127859
-0.162388 0.636869 -0.232438
-0.0681756 0.788945 -0.127859
0.032595 0.660041 -0.132839
-0.195977 0.732533 -0.227458
0.0238899 0.595004 -0.127859
-0.200556 0.781508 -0.207538
-0.0690914 0.79874 -0.127859
-0.0987144 0.746568 -0.127859
-0.0828337 0.787575 -0.127859
0.00374112 0.810491 -0.127859
-0.0309235 0.654102 -0.232438
-0.0336666 0.841575 -0.232438
-0.0695494 0.803638 -0.127859
-0.207883 0.859866 -0.162719
-0.0727548 0.83792 -0.127859
-0.0574877 0.780064 -0.127859
-0.0538287 0.582797 -0.127859
-0.0565718 0.77027 -0.127859
-0.0547445 0.592592 -0.127859
-0.199183 0.766815 -0.217498
-0.0162654 0.655473 -0.127859
-0.0194664 0.847843 -0.127859
-0.0376368 0.831323 -0.127859
-0.0602352 0.809449 -0.127859
-0.0574921 0.621976 -0.127859
-0.205136 0.830482 -0.177659
0.00114473 0.785547 -0.232438
-0.0526016 0.780521 -0.127859
0.0229785 0.762887 -0.127859
-0.0695494 0.803638 -0.232438
-0.139025 0.703277 -0.232438
0.0367163 0.615965 -0.177659
-0.144218 0.653389 -0.232438
-0.146503 0.835964 -0.232438
0.00801363 0.712085 -0.232438
-0.05795 0.626874 -0.127859
-0.0064933 0.656386 -0.127859
-0.0597817 0.646464 -0.127859
-0.184987 0.614995 -0.147779
-0.170787 0.621264 -0.127859
-0.0638986 0.848628 -0.127859
-0.0069468 0.819372 -0.127859
-0.173534 0.650648 -0.232438
0.0284736 0.704118 -0.147779
-0.0648189 0.700335 -0.127859
-0.0652768 0.705233 -0.127859
-0.0258818 0.758318 -0.127859
-0.0657348 0.71013 -0.127859
-0.149251 0.865349 -0.227458
-0.0576388 0.834393 -0.127859
0.013362 0.865733 -0.192598
-0.170018 0.823885 -0.127859
-0.167274 0.636413 -0.127859
0.0205333 0.683615 -0.127859
-0.0955045 0.870374 -0.232438
-0.0666506 0.719925 -0.127859
-0.175975 0.729464 -0.232438
0.0330529 0.655144 -0.207538
-0.0920011 0.569347 -0.182638
-0.119788 0.655673 -0.232438
-0.0693982 0.749309 -0.127859
0.0229785 0.762887 -0.142799
-0.0723013 0.674934 -0.127859
-0.0698561 0.754207 -0.127859
-0.198267 0.757021 -0.152759
-0.0701585 0.862864 -0.127859
-0.0639031 0.69054 -0.127859
-0.193074 0.806908 -0.127859
-0.070772 0.764002 -0.127859
-0.109553 0.809778 -0.127859
-0.10681 0.622305 -0.127859
-0.0726037 0.783591 -0.127859
0.0362584 0.620862 -0.177659
-0.0744354 0.803181 -0.127859
0.0270998 0.71881 -0.187618
-0.0348892 0.801938 -0.232438
-0.0762671 0.822771 -0.127859
-0.0301543 0.856724 -0.232438
-0.0269533 0.664354 -0.232438
-0.076725 0.827668 -0.127859
-0.0771829 0.832565 -0.127859
-0.0803884 0.866847 -0.127859
-0.0675709 0.571632 -0.142799
-0.186819 0.634585 -0.147779
-0.106041 0.824927 -0.232438
-0.0577988 0.572545 -0.127859
-0.0591726 0.587238 -0.127859
-0.0156518 0.754335 -0.127859
-0.0652724 0.86332 -0.127859
0.0289315 0.699221 -0.152759
-0.0684823 0.739514 -0.232438
-0.024508 0.743626 -0.232438
-0.0600885 0.597033 -0.127859
-0.118716 0.749638 -0.127859
-0.0892491 0.698051 -0.232438
-0.0352004 0.594419 -0.127859
-0.0637475 0.7943 -0.127859
-0.0610043 0.606827 -0.127859
-0.188037 0.753037 -0.127859
-0.144365 0.865806 -0.227458
-0.105277 0.86946 -0.132839
-0.0614623 0.611725 -0.127859
0.00710221 0.879968 -0.182638
0.0211468 0.782477 -0.182638
-0.131089 0.565693 -0.197578
-0.0958112 0.820943 -0.127859
-0.0926102 0.628573 -0.127859
-0.0646633 0.804095 -0.127859
-0.0623781 0.62152 -0.127859
-0.173383 0.59632 -0.127859
-0.186819 0.634585 -0.157739
-0.062836 0.626417 -0.127859
-0.120397 0.714899 -0.127859
-0.0655836 0.655802 -0.232438
-0.188192 0.649277 -0.167699
-0.066495 0.823684 -0.127859
-0.063294 0.631314 -0.127859
-0.170178 0.562038 -0.207538
-0.19323 0.703149 -0.137819
-0.022214 0.877227 -0.127859
-0.0193197 0.635426 -0.127859
-0.17995 0.561124 -0.232438
-0.0390106 0.846015 -0.127859
-0.0367253 0.66344 -0.127859
-0.0637519 0.636212 -0.127859
-0.0229787 0.832693 -0.232438
-0.158111 0.696552 -0.232438
0.0330529 0.655144 -0.157739
-0.00893853 0.577114 -0.157739
-0.0660415 0.660699 -0.127859
-0.202997 0.860323 -0.177659
-0.187276 0.639483 -0.147779
-0.0119884 0.715155 -0.127859
-0.105583 0.820029 -0.232438
-0.0706164 0.867761 -0.127859
-0.0669574 0.670494 -0.127859
-0.20193 0.7962 -0.147779
-0.0500097 0.647377 -0.127859
-0.197044 0.796657 -0.127859
-0.196279 0.84119 -0.232438
-0.069247 0.694981 -0.127859
-0.0516902 0.612639 -0.232438
-0.0544333 0.800111 -0.232438
0.0376322 0.60617 -0.152759
-0.0701629 0.704776 -0.127859
0.038548 0.596375 -0.152759
-0.0710787 0.714571 -0.127859
-0.0729104 0.73416 -0.127859
-0.136122 0.777652 -0.127859
-0.132921 0.585282 -0.127859
-0.0955045 0.870374 -0.227458
-0.125283 0.714442 -0.232438
-0.189108 0.659072 -0.172679
-0.0451236 0.647834 -0.127859
-0.172156 0.794044 -0.127859
-0.169871 0.611469 -0.127859
-0.119939 0.710002 -0.127859
-0.075658 0.763545 -0.127859
-0.017488 0.615837 -0.127859
-0.0779476 0.788032 -0.127859
-0.0752045 0.600559 -0.127859
-0.0788635 0.797827 -0.127859
-0.0284827 0.575287 -0.132839
-0.1775 0.798484 -0.232438
-0.0948954 0.811148 -0.232438
-0.0797793 0.807621 -0.127859
-0.111545 0.56752 -0.207538
-0.0802373 0.812519 -0.127859
0.0345778 0.586123 -0.232438
-0.0242057 0.634969 -0.127859
-0.205136 0.830482 -0.207538
-0.132463 0.580385 -0.232438
-0.134748 0.76296 -0.232438
-0.0816111 0.827211 -0.127859
-0.0626849 0.572089 -0.127859
0.0358004 0.625759 -0.197578
-0.190482 0.673764 -0.137819
-0.0631428 0.576986 -0.127859
-0.128337 0.694396 -0.127859
0.00465255 0.642608 -0.127859
-0.00557744 0.646592 -0.127859
0.0266419 0.723708 -0.222478
0.0200753 0.688512 -0.127859
0.00480814 0.746367 -0.127859
-0.0333687 0.57483 -0.227458
-0.190024 0.668867 -0.137819
-0.0636007 0.581883 -0.127859
-0.154137 0.864892 -0.207538
-0.0243569 0.689298 -0.127859
-0.0716923 0.615708 -0.232438
-0.0654324 0.601473 -0.127859
-0.0668062 0.616165 -0.127859
-0.137958 0.639154 -0.127859
-0.0329063 0.72802 -0.127859
-0.0704652 0.813433 -0.127859
-0.0677221 0.62596 -0.127859
-0.0138246 0.576657 -0.227458
-0.0333643 0.732918 -0.127859
0.0399218 0.581683 -0.187618
-0.201472 0.791302 -0.207538
-0.0496985 0.854896 -0.127859
-0.0469553 0.667424 -0.127859
-0.06818 0.630858 -0.127859
-0.0187106 0.5762 -0.182638
-0.168337 0.858624 -0.127859
-0.105588 0.661941 -0.127859
-0.0858924 0.609441 -0.127859
-0.0200844 0.590893 -0.127859
-0.065428 0.759561 -0.232438
-0.017328 0.877684 -0.227458
0.0225206 0.767785 -0.137819
-0.0690959 0.640652 -0.127859
-0.0695538 0.64555 -0.127859
-0.11383 0.750095 -0.127859
-0.0745866 0.857509 -0.127859
-0.0718434 0.670037 -0.127859
-0.0564206 0.715941 -0.127859
-0.0759603 0.872202 -0.232438
-0.0680244 0.734617 -0.127859
0.0238943 0.753092 -0.152759
-0.118565 0.69531 -0.127859
-0.0755024 0.867304 -0.127859
-0.0732172 0.684729 -0.127859
-0.185445 0.619893 -0.227458
-0.197809 0.752123 -0.187618
-0.104819 0.864563 -0.127859
0.0303053 0.684528 -0.182638
-0.190175 0.723195 -0.232438
-0.185747 0.72855 -0.232438
-0.0782544 0.738601 -0.127859
-0.198267 0.757021 -0.127859
-0.0504632 0.810363 -0.232438
-0.202997 0.860323 -0.157739
-0.0787123 0.743498 -0.127859
0.00587516 0.682244 -0.232438
-0.0791703 0.748396 -0.127859
-0.190024 0.668867 -0.187618
-0.12635 0.778566 -0.127859
0.00251408 0.612767 -0.127859
-0.000229056 0.800239 -0.127859
-0.144365 0.865806 -0.142799
-0.195519 0.727636 -0.167699
-0.081002 0.767985 -0.127859
0.00710221 0.879968 -0.167699
-0.0819178 0.77778 -0.127859
-0.0832916 0.792472 -0.127859
-0.0310746 0.708431 -0.127859
-0.204678 0.825584 -0.172679
-0.139634 0.762503 -0.232438
-0.0855812 0.816959 -0.127859
-0.00740472 0.824269 -0.232438
-0.00466159 0.636797 -0.232438
-0.157654 0.691655 -0.127859
-0.0710743 0.872658 -0.212518
-0.0643566 0.853526 -0.127859
-0.086955 0.831652 -0.127859
-0.0413046 0.712414 -0.127859
0.0289315 0.699221 -0.187618
-0.0284827 0.575287 -0.147779
-0.110776 0.770141 -0.127859
-0.108033 0.582669 -0.127859
-0.144067 0.599061 -0.232438
-0.147726 0.796328 -0.232438
-0.0712343 0.610811 -0.127859
-0.0716923 0.615708 -0.127859
-0.133072 0.639611 -0.127859
-0.135357 0.822186 -0.127859
-0.0721502 0.620606 -0.127859
-0.0417625 0.717312 -0.127859
0.0225206 0.767785 -0.192598
0.0318303 0.615508 -0.127859
-0.0138246 0.576657 -0.132839
-0.073066 0.630401 -0.127859
-0.0758092 0.817873 -0.127859
-0.073524 0.635298 -0.127859
-0.0822246 0.728349 -0.127859
-0.0739819 0.640196 -0.127859
-0.00130051 0.706274 -0.232438
-0.11536 0.661028 -0.232438
-0.0748933 0.808078 -0.127859
-0.0726081 0.625503 -0.127859
-0.154448 0.657373 -0.127859
-0.157191 0.844845 -0.127859
-0.206509 0.845174 -0.167699
-0.0785567 0.847258 -0.127859
-0.0748977 0.64999 -0.127859
-0.0107702 0.596704 -0.127859
-0.0780988 0.84236 -0.127859
-0.0753557 0.654888 -0.127859
0.026184 0.728605 -0.187618
-0.0758136 0.659785 -0.127859
-0.00266986 0.879054 -0.137819
-0.121317 0.566606 -0.182638
-0.0358095 0.653645 -0.232438
-0.0399264 0.85581 -0.232438
-0.0771874 0.674477 -0.127859
-0.10818 0.795085 -0.127859
-0.132308 0.684144 -0.127859
0.032595 0.660041 -0.212518
-0.175064 0.561581 -0.142799
-0.0300076 0.644307 -0.127859
-0.1233 0.640524 -0.127859
-0.126501 0.832894 -0.127859
-0.0808464 0.871745 -0.127859
-0.0790191 0.694067 -0.127859
0.0209912 0.678717 -0.127859
-0.207425 0.854969 -0.152759
-0.0799349 0.703862 -0.127859
0.0147314 0.692953 -0.127859
-0.113524 0.799526 -0.232438
-0.0808508 0.713657 -0.127859
-0.0813087 0.718554 -0.127859
-0.00374131 0.78509 -0.232438
0.00923625 0.751722 -0.127859
-0.0817667 0.723452 -0.127859
-0.165292 0.562495 -0.157739
-0.0296964 0.851826 -0.127859
-0.0521481 0.617536 -0.232438
0.0147358 0.851041 -0.157739
-0.00175843 0.711172 -0.127859
-0.0274112 0.669251 -0.232438
-0.0835984 0.743041 -0.127859
-0.077343 0.570718 -0.162719
-0.12101 0.616037 -0.232438
-0.065428 0.759561 -0.127859
-0.0564162 0.874029 -0.212518
-0.206967 0.850071 -0.182638
-0.0849721 0.757734 -0.127859
0.038548 0.596375 -0.217498
0.0307632 0.679631 -0.132839
-0.129711 0.709088 -0.232438
0.0257261 0.733503 -0.162719
-0.0854301 0.762631 -0.127859
-0.129707 0.867176 -0.167699
-0.0403843 0.860707 -0.127859
-0.0376412 0.673235 -0.127859
0.0142734 0.69785 -0.127859
-0.00266986 0.879054 -0.177659
-0.0480268 0.573459 -0.172679
-0.0881776 0.792015 -0.127859
-0.170178 0.562038 -0.172679
-0.17995 0.561124 -0.172679
-0.185138 0.669324 -0.127859
-0.187881 0.856796 -0.127859
-0.0900093 0.811605 -0.127859
-0.091841 0.831195 -0.127859
-0.198725 0.761918 -0.167699
0.0367163 0.615965 -0.232438
-0.104365 0.701578 -0.232438
-0.092299 0.836092 -0.127859
-0.0133622 0.729848 -0.232438
-0.0936728 0.850784 -0.127859
-0.191398 0.683559 -0.137819
0.0148825 0.638624 -0.232438
-0.101311 0.721624 -0.127859
-0.0770318 0.778237 -0.127859
-0.0733728 0.58097 -0.127859
-0.135669 0.614667 -0.232438
0.038548 0.596375 -0.197578
-0.141928 0.628902 -0.232438
-0.0434431 0.682573 -0.127859
-0.151847 0.840405 -0.232438
-0.110163 0.869004 -0.202558
-0.155519 0.563408 -0.162719
-0.0742887 0.590765 -0.127859
-0.00755589 0.878598 -0.172679
0.00450138 0.696936 -0.232438
-0.0784056 0.792929 -0.127859
-0.0747466 0.595662 -0.127859
-0.0040525 0.577571 -0.202558
-0.0577944 0.730633 -0.127859
-0.0707764 0.605914 -0.232438
-0.0756624 0.605457 -0.127859
-0.001754 0.86926 -0.232438
-0.188188 0.807365 -0.232438
-0.020689 0.808206 -0.127859
-0.107419 0.681531 -0.127859
-0.0793214 0.802724 -0.127859
-0.0761204 0.610354 -0.127859
-0.149251 0.865349 -0.212518
0.0345778 0.586123 -0.127859
0.0284736 0.704118 -0.177659
-0.177958 0.803382 -0.232438
-0.0770362 0.620149 -0.127859
-0.111545 0.56752 -0.162719
-0.0774941 0.625046 -0.127859
-0.0460351 0.815717 -0.127859
-0.180408 0.566021 -0.207538
-0.193687 0.708046 -0.132839
-0.0779521 0.629944 -0.127859
-0.19399 0.816703 -0.127859
-0.07841 0.634841 -0.127859
-0.0269489 0.822442 -0.127859
0.0118282 0.618578 -0.127859
-0.149104 0.652932 -0.232438
0.0188571 0.806964 -0.202558
-0.143911 0.70282 -0.232438
-0.135975 0.565236 -0.222478
-0.206509 0.845174 -0.147779
-0.0449725 0.593506 -0.232438
0.0165675 0.831451 -0.162719
-0.0793258 0.644636 -0.127859
-0.0913875 0.668209 -0.127859
0.0138199 0.860835 -0.167699
-0.0529128 0.573002 -0.177659
-0.0802417 0.654431 -0.127859
-0.142533 0.846216 -0.232438
-8.23183e-05 0.587823 -0.127859
-0.0368721 0.875856 -0.207538
-0.193225 0.861237 -0.142799
-0.182697 0.590508 -0.142799
-0.0636007 0.581883 -0.232438
-0.0843586 0.856596 -0.127859
-0.0806996 0.659328 -0.127859
-0.197351 0.747226 -0.197578
-0.0839007 0.851698 -0.127859
-0.0811576 0.664226 -0.127859
-0.0271 0.87677 -0.147779
-0.106659 0.567977 -0.212518
-0.0765739 0.77334 -0.127859
-0.0738307 0.585867 -0.127859
-0.182697 0.590508 -0.127859
-0.193225 0.861237 -0.127859
-0.116431 0.567063 -0.127859
-0.000540245 0.59272 -0.127859
0.0226717 0.713456 -0.232438
-0.0229831 0.674606 -0.127859
-0.0435942 0.736901 -0.127859
-0.0852789 0.708303 -0.127859
-0.0504676 0.652275 -0.232438
-0.0536686 0.844645 -0.232438
-0.199641 0.771713 -0.187618
0.0176301 0.60924 -0.127859
-0.118107 0.690412 -0.232438
0.0335108 0.650247 -0.197578
-0.195061 0.722739 -0.192598
-0.00328781 0.622105 -0.127859
-0.013669 0.680417 -0.127859
-0.0159542 0.862992 -0.127859
-0.0866527 0.722995 -0.127859
-0.0871106 0.727892 -0.127859
-0.135971 0.723324 -0.232438
-0.0875685 0.73279 -0.127859
-0.0545889 0.696351 -0.232438
-0.00908969 0.631443 -0.127859
-0.0122908 0.823812 -0.127859
-0.0880265 0.737687 -0.127859
0.0170254 0.826554 -0.217498
-0.00237195 0.61231 -0.127859
-0.0141269 0.685314 -0.127859
-0.041149 0.816174 -0.127859
-0.163909 0.863978 -0.217498
-0.0884844 0.742584 -0.127859
-0.198111 0.86078 -0.167699
-0.0587103 0.740428 -0.232438
-0.0515302 0.874486 -0.227458
-0.0205379 0.753878 -0.127859
-0.188188 0.807365 -0.127859
0.000833536 0.578028 -0.182638
-0.0559627 0.711044 -0.127859
-0.0284827 0.575287 -0.142799
-0.0930637 0.791559 -0.127859
-0.0335154 0.787246 -0.127859
-0.0939795 0.801353 -0.127859
-0.0245125 0.585538 -0.232438
-0.0272556 0.773011 -0.232438
-0.0613022 0.873572 -0.157739
-0.0944374 0.806251 -0.127859
-0.19323 0.703149 -0.232438
-0.061609 0.824141 -0.127859
0.0101477 0.583839 -0.127859
-0.181323 0.575816 -0.197578
-0.121615 0.833351 -0.232438
-0.0897026 0.861036 -0.127859
-0.177807 0.749053 -0.232438
-0.0981009 0.84543 -0.127859
-0.0719946 0.724365 -0.127859
-0.0985588 0.850328 -0.127859
0.0156517 0.841246 -0.212518
-0.158267 0.592793 -0.232438
-0.0990167 0.855225 -0.127859
-0.0800861 0.75819 -0.127859
-0.077343 0.570718 -0.127859
-0.198111 0.86078 -0.162719
-0.186361 0.629688 -0.172679
-0.00648887 0.814474 -0.127859
0.0399218 0.581683 -0.177659
-0.0344357 0.638953 -0.232438
-0.0857324 0.871288 -0.157739
-0.0796326 0.595205 -0.127859
-0.0257262 0.862078 -0.127859
-0.183 0.699165 -0.232438
-0.0819222 0.619692 -0.127859
-0.184529 0.610098 -0.147779
-0.18865 0.654175 -0.147779
-0.17353 0.808736 -0.127859
-0.0823802 0.62459 -0.127859
-0.183613 0.600303 -0.212518
-0.147117 0.737102 -0.127859
-0.0194664 0.847843 -0.232438
-0.0162654 0.655473 -0.232438
-0.0828381 0.629487 -0.127859
-0.190024 0.668867 -0.172679
-0.163451 0.859081 -0.127859
-0.0855857 0.658872 -0.127859
0.0293895 0.694323 -0.167699
-0.117187 0.838705 -0.127859
-0.0187106 0.5762 -0.177659
-0.0883288 0.846344 -0.127859
-0.0860436 0.663769 -0.127859
-0.198725 0.761918 -0.147779
-0.0942907 0.593835 -0.127859
-0.194145 0.712944 -0.222478
-0.180865 0.570919 -0.197578
-0.0901605 0.865934 -0.127859
-0.0869594 0.673564 -0.127859
-0.132765 0.689042 -0.232438
-0.181781 0.580714 -0.142799
-0.0878753 0.683359 -0.127859
-0.111545 0.56752 -0.132839
-0.151847 0.840405 -0.127859
-0.0892491 0.698051 -0.127859
0.0170254 0.826554 -0.147779
-0.089707 0.702948 -0.127859
-0.017328 0.877684 -0.132839
-0.0901649 0.707846 -0.127859
-0.191856 0.688457 -0.177659
-0.110318 0.765244 -0.127859
-0.0232854 0.783262 -0.127859
-0.0910808 0.717641 -0.127859
-0.115049 0.868547 -0.137819
0.0106056 0.578942 -0.202558
-0.0915387 0.722538 -0.127859
0.0174834 0.821656 -0.167699
-0.0429852 0.677676 -0.127859
0.0234364 0.75799 -0.137819
-0.0759603 0.872202 -0.127859
-0.191856 0.688457 -0.192598
-0.123909 0.69975 -0.127859
0.00710221 0.879968 -0.197578
-0.0938284 0.747025 -0.127859
-0.0952021 0.761717 -0.127859
-0.0284827 0.575287 -0.177659
-0.0979497 0.791102 -0.127859
-0.0923034 0.678004 -0.127859
-0.0645122 0.749766 -0.127859
-0.017328 0.877684 -0.177659
-0.0984076 0.795999 -0.127859
-0.205594 0.835379 -0.142799
-0.102529 0.840076 -0.127859
-0.191242 0.787319 -0.232438
-0.0924546 0.732333 -0.127859
-0.0216093 0.659913 -0.127859
-0.103445 0.849871 -0.127859
-0.108638 0.799983 -0.127859
-0.105437 0.607613 -0.127859
-0.104361 0.859666 -0.127859
-0.199334 0.821144 -0.127859
-0.19323 0.703149 -0.167699
-0.085888 0.767528 -0.127859
-0.0831449 0.580056 -0.127859
-0.149411 0.603501 -0.232438
-0.153528 0.805666 -0.232438
-0.140861 0.564779 -0.177659
-0.0836028 0.584953 -0.127859
-0.0303099 0.752964 -0.232438
-0.0840607 0.589851 -0.127859
-0.00603537 0.651489 -0.232438
-0.101155 0.825384 -0.127859
-0.0342801 0.742712 -0.127859
-0.167123 0.582084 -0.127859
-0.121317 0.566606 -0.137819
-0.0845186 0.594748 -0.127859
-0.0338222 0.737815 -0.127859
-0.126661 0.571047 -0.127859
-0.015803 0.808663 -0.232438
-0.0126019 0.616293 -0.232438
0.0151937 0.846143 -0.207538
-0.0849766 0.599646 -0.127859
-0.0431408 0.573916 -0.182638
-0.167884 0.695638 -0.127859
-0.155519 0.563408 -0.132839
-0.167426 0.690741 -0.232438
-0.0584035 0.789859 -0.232438
-0.0286294 0.787703 -0.127859
-0.0254283 0.595333 -0.127859
-0.148642 0.806123 -0.232438
-0.08864 0.638825 -0.127859
-0.0577988 0.572545 -0.177659
-0.0223696 0.773468 -0.127859
-0.0547401 0.75068 -0.127859
-0.151852 0.682317 -0.127859
0.0280157 0.709016 -0.157739
-0.064361 0.695438 -0.127859
-0.0895558 0.64862 -0.127859
-0.202846 0.805995 -0.152759
0.0185504 0.757533 -0.127859
-0.0904717 0.658415 -0.127859
0.0293895 0.694323 -0.162719
-0.0909296 0.663312 -0.127859
-0.145134 0.663184 -0.127859
-0.147877 0.850656 -0.127859
-0.0658904 0.606371 -0.127859
0.0147358 0.851041 -0.197578
-0.0941351 0.697594 -0.127859
-0.094593 0.702491 -0.127859
-0.0556604 0.602387 -0.232438
-0.145747 0.564322 -0.132839
-0.0674109 0.833479 -0.127859
-0.0646678 0.646007 -0.127859
-0.101773 0.568434 -0.207538
-0.0959668 0.717184 -0.127859
0.032595 0.660041 -0.187618
-0.0964247 0.722081 -0.127859
-0.101773 0.568434 -0.172679
-0.144676 0.658287 -0.127859
-0.0700073 0.808535 -0.127859
-0.195061 0.722739 -0.142799
-0.019622 0.744083 -0.127859
-0.178567 0.862607 -0.197578
0.0316791 0.669836 -0.182638
-0.0968827 0.726978 -0.127859
-0.148335 0.855554 -0.127859
-0.0973406 0.731876 -0.127859
-0.0556559 0.760475 -0.232438
-0.107264 0.785291 -0.127859
-0.0548913 0.805008 -0.127859
-0.0512323 0.607741 -0.127859
-0.00939203 0.740099 -0.127859
-0.101004 0.771055 -0.127859
-0.17353 0.808736 -0.232438
-0.0599285 0.85888 -0.127859
-0.167119 0.740172 -0.127859
-0.10192 0.78085 -0.127859
-0.0857324 0.871288 -0.227458
-0.157649 0.849743 -0.127859
-0.202388 0.801097 -0.172679
-0.102378 0.785747 -0.127859
0.00313203 0.869717 -0.232438
-0.153532 0.647578 -0.127859
-0.155519 0.563408 -0.212518
-0.0774897 0.783134 -0.127859
-0.0903161 0.762174 -0.232438
-0.103294 0.795542 -0.127859
-0.106041 0.824927 -0.127859
-0.178878 0.655089 -0.232438
-0.0664995 0.665596 -0.232438
-0.107873 0.844516 -0.127859
-0.0417581 0.8754 -0.222478
-0.0535219 0.632228 -0.232438
-0.056723 0.824598 -0.232438
-0.0281715 0.782806 -0.127859
-0.0258863 0.600231 -0.127859
-0.108331 0.849414 -0.127859
-0.202846 0.805995 -0.157739
-0.154444 0.815461 -0.232438
0.0312212 0.674734 -0.222478
-0.200098 0.77661 -0.147779
-0.0861948 0.718097 -0.127859
-0.108789 0.854311 -0.127859
-0.109247 0.859209 -0.127859
-0.148797 0.702363 -0.232438
-0.109705 0.864106 -0.127859
-0.193839 0.762375 -0.232438
-0.104979 0.602716 -0.127859
0.00343436 0.76106 -0.127859
-0.121317 0.566606 -0.232438
-0.110163 0.869004 -0.127859
-0.0921478 0.781764 -0.127859
-0.0889467 0.589394 -0.127859
-0.0898626 0.599189 -0.127859
0.0394639 0.58658 -0.222478
-0.0179415 0.778822 -0.127859
-0.0151983 0.591349 -0.127859
-0.0903205 0.604086 -0.127859
-0.131543 0.728678 -0.232438
-0.0759603 0.872202 -0.192598
0.0234364 0.75799 -0.227458
0.0327461 0.605713 -0.127859
-0.00282988 0.617207 -0.127859
-0.0312258 0.762759 -0.127859
-0.077343 0.570718 -0.132839
-0.0616134 0.666053 -0.127859
-0.133375 0.748268 -0.127859
-0.127119 0.575944 -0.127859
-0.130778 0.773211 -0.127859
-0.00801824 0.725407 -0.232438
0.0154916 0.579398 -0.127859
-0.0445145 0.588608 -0.127859
-0.0831449 0.580056 -0.232438
-0.085888 0.767528 -0.232438
-0.10039 0.869917 -0.162719
-0.0620669 0.829039 -0.232438
0.0229785 0.762887 -0.192598
-0.00374574 0.627002 -0.127859
-0.116431 0.567063 -0.192598
-0.126203 0.566149 -0.147779
-0.0658904 0.606371 -0.232438
-0.093526 0.638368 -0.127859
-0.0958157 0.662855 -0.127859
0.0161096 0.836348 -0.192598
-0.16101 0.780265 -0.232438
-0.0967315 0.67265 -0.127859
-0.104063 0.592921 -0.127859
-0.191856 0.688457 -0.212518
-0.0976474 0.682445 -0.127859
-0.167884 0.695638 -0.232438
-0.0878709 0.841446 -0.127859
-0.0842119 0.644179 -0.127859
0.0128997 0.712542 -0.127859
-0.0990211 0.697137 -0.127859
-0.00893853 0.577114 -0.202558
-0.0994791 0.702035 -0.127859
-0.10039 0.869917 -0.172679
0.0161096 0.836348 -0.137819
-0.099937 0.706932 -0.127859
-0.0393173 0.796584 -0.127859
-0.022214 0.877227 -0.187618
-0.192314 0.693354 -0.157739
-0.0687891 0.690083 -0.127859
-0.00771148 0.774838 -0.127859
-0.100395 0.711829 -0.127859
-0.16651 0.680946 -0.232438
-0.100853 0.716727 -0.127859
-0.101769 0.726522 -0.127859
-0.0184038 0.625631 -0.232438
-0.1036 0.746111 -0.127859
0.0376322 0.60617 -0.202558
-0.104974 0.760804 -0.127859
-0.126203 0.566149 -0.222478
-0.0425272 0.672778 -0.127859
-0.106348 0.775496 -0.127859
-0.163909 0.863978 -0.182638
-0.0965803 0.618322 -0.232438
-0.0988655 0.800897 -0.232438
-0.107722 0.790188 -0.127859
-0.109096 0.80488 -0.127859
-0.110469 0.819573 -0.127859
-0.205136 0.830482 -0.187618
-0.111843 0.834265 -0.127859
-0.0967271 0.830738 -0.127859
-0.0939839 0.643266 -0.127859
-0.0920011 0.569347 -0.127859
-0.19323 0.703149 -0.222478
-0.0863459 0.772426 -0.127859
-0.0826869 0.575159 -0.127859
-0.139025 0.703277 -0.127859
-0.082229 0.570261 -0.227458
-0.0713855 0.665139 -0.232438
-0.0750445 0.862407 -0.232438
0.0380901 0.601272 -0.142799
-0.0929169 0.579142 -0.127859
-0.123451 0.694853 -0.232438
0.0284736 0.704118 -0.187618
-0.196893 0.742328 -0.132839
-0.144672 0.816374 -0.127859
0.0129041 0.87063 -0.142799
-0.162384 0.794957 -0.232438
-0.0374856 0.776994 -0.232438
-0.14376 0.648492 -0.232438
-0.0965759 0.77641 -0.127859
-0.0938328 0.588937 -0.127859
-0.0952066 0.603629 -0.127859
-0.0997814 0.810691 -0.127859
-0.0956645 0.608527 -0.127859
-0.0993235 0.805794 -0.127859
-0.0961224 0.613424 -0.127859
-0.0988655 0.800897 -0.127859
-0.0965803 0.618322 -0.127859
0.0307632 0.679631 -0.212518
-0.125127 0.818202 -0.127859
-0.100697 0.820486 -0.127859
-0.0970383 0.623219 -0.127859
-0.0626849 0.572089 -0.187618
-0.087115 0.569804 -0.127859
-0.0864971 0.826754 -0.127859
-0.101613 0.830281 -0.127859
-0.09887 0.642809 -0.127859
-0.0686335 0.793843 -0.232438
-0.102987 0.844973 -0.127859
-0.0997858 0.652604 -0.127859
-0.0118373 0.660827 -0.127859
0.0307632 0.679631 -0.172679
0.0303053 0.684528 -0.127859
-0.0684823 0.739514 -0.127859
0.0284736 0.704118 -0.202558
-0.101618 0.672193 -0.127859
-0.102075 0.677091 -0.127859
-0.203762 0.81579 -0.187618
-0.0474133 0.672321 -0.127859
-0.0675665 0.72972 -0.127859
-0.0991723 0.751466 -0.127859
0.0280157 0.709016 -0.177659
-0.104365 0.701578 -0.127859
-0.0217605 0.714242 -0.127859
-0.0359607 0.707974 -0.127859
-0.043901 0.68747 -0.127859
-0.0813087 0.718554 -0.232438
0.0154916 0.579398 -0.182638
-0.104823 0.706475 -0.127859
-0.0675709 0.571632 -0.157739
-0.105281 0.711372 -0.127859
-0.0112237 0.759689 -0.232438
-0.0726037 0.783591 -0.232438
-0.105739 0.71627 -0.127859
-0.175059 0.719669 -0.232438
-0.108029 0.740757 -0.127859
-0.137647 0.846673 -0.232438
-0.0342845 0.584625 -0.232438
-0.108944 0.750552 -0.127859
-0.00542185 0.750351 -0.127859
-0.035196 0.752507 -0.127859
-0.10986 0.760347 -0.127859
-0.154137 0.864892 -0.157739
-0.0671086 0.724822 -0.127859
-0.160859 0.725937 -0.127859
-0.199641 0.771713 -0.157739
-0.147121 0.579014 -0.127859
-0.113524 0.799526 -0.127859
0.0156517 0.841246 -0.207538
-0.151549 0.57366 -0.127859
-0.0252683 0.857181 -0.232438
-0.0544378 0.642023 -0.127859
-0.115355 0.819116 -0.127859
-0.0626849 0.572089 -0.192598
-0.0202355 0.645221 -0.127859
-0.0212981 0.867432 -0.127859
0.0266419 0.723708 -0.212518
-0.0736707 0.847714 -0.127859
-0.0709276 0.660242 -0.127859
-0.054131 0.691454 -0.127859
-0.116271 0.82891 -0.127859
-0.0318349 0.821985 -0.127859
-0.0675709 0.571632 -0.147779
-0.186819 0.634585 -0.142799
-0.0138201 0.734745 -0.232438
-0.0919966 0.727435 -0.127859
-0.0332131 0.678589 -0.232438
-0.103907 0.69668 -0.127859
-0.117645 0.843603 -0.127859
-0.119477 0.863192 -0.127859
0.0229785 0.762887 -0.147779
-0.111848 0.676177 -0.232438
-0.114591 0.863649 -0.232438
-0.118263 0.586653 -0.232438
-0.119935 0.86809 -0.127859
0.0130553 0.816302 -0.232438
-0.0811576 0.664226 -0.232438
-0.0839007 0.851698 -0.232438
-0.0955045 0.870374 -0.127859
-0.100546 0.766158 -0.127859
-0.0982609 0.583583 -0.127859
0.0280157 0.709016 -0.137819
-0.196893 0.742328 -0.167699
-0.0183994 0.783719 -0.127859
0.00221617 0.879511 -0.212518
-0.112915 0.7403 -0.127859
0.0303053 0.684528 -0.212518
-0.01703 0.610939 -0.232438
-0.200556 0.781508 -0.152759
-0.0991767 0.593378 -0.127859
0.0252681 0.7384 -0.227458
-0.19323 0.703149 -0.172679
-0.0794726 0.857052 -0.232438
-0.0138246 0.576657 -0.197578
-0.130929 0.82754 -0.127859
-0.0871106 0.727892 -0.232438
-0.0303099 0.752964 -0.127859
-0.0829848 0.841903 -0.127859
-0.0188573 0.788617 -0.232438
-0.147121 0.579014 -0.232438
-0.151394 0.677419 -0.127859
-0.0242013 0.793057 -0.127859
-0.0205423 0.59579 -0.127859
0.0235876 0.703661 -0.127859
-0.203762 0.81579 -0.127859
-0.0187106 0.5762 -0.137819
-0.183155 0.595406 -0.147779
-0.189566 0.66397 -0.147779
-0.0677176 0.784048 -0.127859
-0.0640587 0.586781 -0.127859
-0.105277 0.86946 -0.197578
-0.144365 0.865806 -0.187618
-0.196435 0.737431 -0.227458
0.023432 0.599902 -0.127859
0.0211468 0.782477 -0.127859
-0.0768806 0.723908 -0.232438
0.0206889 0.787374 -0.192598
-0.194603 0.717841 -0.127859
-0.119481 0.705104 -0.127859
-0.154137 0.864892 -0.227458
0.0165675 0.831451 -0.152759
0.0116815 0.830994 -0.232438
-0.145436 0.771841 -0.127859
-0.192314 0.693354 -0.177659
-0.166812 0.789603 -0.127859
-0.164069 0.602131 -0.127859
-0.0710743 0.872658 -0.217498
-0.132459 0.738473 -0.127859
-0.113528 0.641438 -0.127859
-0.155057 0.716599 -0.127859
-0.155973 0.726394 -0.127859
-0.0449725 0.593506 -0.127859
-0.157502 0.637326 -0.232438
-0.0562695 0.661613 -0.127859
-0.0825269 0.837006 -0.127859
-0.0457327 0.70706 -0.127859
0.0225206 0.767785 -0.212518
-0.0388594 0.791687 -0.232438
-0.145747 0.564322 -0.127859
-0.0942863 0.751922 -0.127859
-0.0994746 0.860122 -0.127859
-0.0971894 0.677547 -0.127859
-0.1917 0.792216 -0.127859
-0.00755589 0.878598 -0.187618
-0.0431408 0.573916 -0.232438
-0.0461906 0.711957 -0.232438
0.0113747 0.781563 -0.127859
-0.148953 0.598604 -0.127859
-0.152154 0.790974 -0.127859
-0.0660371 0.818787 -0.232438
-0.0955089 0.712286 -0.232438
0.0243523 0.748195 -0.172679
-0.00451042 0.582468 -0.127859
-0.00725356 0.769941 -0.127859
0.0156517 0.841246 -0.227458
0.0270998 0.71881 -0.202558
-0.150936 0.672522 -0.127859
-0.099937 0.706932 -0.232438
-0.200098 0.77661 -0.142799
-0.187579 0.748139 -0.232438
0.0367163 0.615965 -0.182638
-0.131694 0.783006 -0.127859
-0.129707 0.867176 -0.187618
-0.154906 0.66227 -0.127859
-0.0176391 0.670165 -0.232438
-0.0851233 0.812062 -0.127859
-0.20422 0.820687 -0.187618
-0.146659 0.732205 -0.127859
-0.155364 0.667168 -0.127859
-0.197809 0.752123 -0.127859
-0.0396241 0.747153 -0.127859
-0.162997 0.696095 -0.232438
-0.171391 0.838577 -0.127859
-0.167732 0.64131 -0.127859
-0.172312 0.690284 -0.127859
-0.102689 0.578229 -0.127859
-0.152465 0.583455 -0.127859
-0.155666 0.775825 -0.127859
0.0225206 0.767785 -0.172679
-0.158263 0.750881 -0.127859
-0.159027 0.706347 -0.127859
0.032595 0.660041 -0.142799
-0.00939646 0.582012 -0.127859
-0.185445 0.619893 -0.127859
-0.190478 0.831852 -0.127859
0.0380901 0.601272 -0.212518
-0.0423716 0.776538 -0.127859
-0.180403 0.724109 -0.127859
-0.203304 0.810892 -0.217498
-0.161317 0.730834 -0.127859
-0.0330619 0.624261 -0.127859
-0.162233 0.740629 -0.127859
-0.0723013 0.674934 -0.232438
0.0119882 0.880425 -0.202558
-0.157044 0.632429 -0.127859
-0.15933 0.815004 -0.127859
-0.017328 0.877684 -0.147779
-0.163149 0.750424 -0.127859
-0.0483247 0.840204 -0.127859
0.0170254 0.826554 -0.192598
-0.173072 0.803838 -0.127859
-0.168955 0.601674 -0.127859
-0.119637 0.601345 -0.127859
-0.116276 0.670823 -0.232438
-0.128031 0.743827 -0.127859
-0.170329 0.616366 -0.127859
0.0124462 0.875528 -0.187618
-0.124821 0.867633 -0.232438
-0.0629872 0.680745 -0.127859
-0.0675709 0.571632 -0.137819
-0.16498 0.770013 -0.127859
-0.123607 0.591093 -0.127859
-0.119023 0.700207 -0.232438
-0.0962692 0.825841 -0.127859
0.0150381 0.742384 -0.127859
-0.0955045 0.870374 -0.222478
-0.145441 0.613753 -0.127859
-0.183155 0.595406 -0.217498
-0.189566 0.66397 -0.217498
-0.0463462 0.608198 -0.232438
-0.0500052 0.805465 -0.232438
0.0289315 0.699221 -0.212518
-0.00969879 0.690668 -0.127859
0.0248102 0.743297 -0.227458
-0.166354 0.784706 -0.127859
-0.181781 0.580714 -0.207538
-0.193532 0.811806 -0.127859
-0.19094 0.678662 -0.187618
-0.0472621 0.617993 -0.127859
-0.150327 0.613296 -0.127859
-0.16956 0.818988 -0.127859
-0.166816 0.631515 -0.127859
-0.0851233 0.812062 -0.232438
-0.184524 0.768186 -0.127859
0.013362 0.865733 -0.167699
-0.170938 0.675592 -0.232438
-0.203762 0.81579 -0.217498
0.0231297 0.708559 -0.232438
-0.144983 0.608856 -0.127859
-0.1491 0.81102 -0.127859
-0.148037 0.588809 -0.127859
-0.15078 0.776281 -0.127859
0.0174834 0.821656 -0.207538
-0.0594705 0.853983 -0.127859
-0.152007 0.578557 -0.127859
-0.113377 0.58711 -0.232438
-0.08864 0.638825 -0.232438
-0.145129 0.821272 -0.127859
0.0252681 0.7384 -0.157739
-0.19323 0.703149 -0.157739
-0.172921 0.74951 -0.127859
-0.170178 0.562038 -0.127859
-0.104058 0.751009 -0.127859
-0.18147 0.788233 -0.127859
0.00710221 0.879968 -0.202558
-0.107113 0.730962 -0.127859
-0.144676 0.658287 -0.232438
-0.135975 0.565236 -0.142799
-0.156129 0.622634 -0.127859
-0.160245 0.824799 -0.127859
-0.163607 0.755321 -0.127859
-0.160863 0.567849 -0.127859
0.0339687 0.645349 -0.167699
-0.158721 0.755778 -0.127859
-0.156435 0.573203 -0.127859
-0.119935 0.86809 -0.232438
0.013362 0.865733 -0.222478
-0.0306123 0.861621 -0.127859
-0.162082 0.6863 -0.127859
-0.197502 0.801554 -0.127859
-0.00266986 0.879054 -0.222478
-0.164064 0.760219 -0.127859
-0.160406 0.562951 -0.127859
-0.0417581 0.8754 -0.207538
-0.173227 0.700079 -0.127859
-0.119174 0.754535 -0.127859
-0.022214 0.877227 -0.142799
-0.17995 0.561124 -0.217498
-0.162997 0.696095 -0.127859
0.0196174 0.69341 -0.232438
-0.0481735 0.785876 -0.127859
-0.168039 0.591879 -0.127859
-0.125741 0.71934 -0.127859
-0.113986 0.646335 -0.127859
-0.125897 0.61558 -0.127859
-0.139479 0.866262 -0.202558
0.0316791 0.669836 -0.202558
-0.168035 0.749967 -0.127859
-0.189566 0.66397 -0.232438
-0.183155 0.595406 -0.232438
-0.186356 0.787776 -0.232438
-0.121926 0.625832 -0.127859
-0.0466441 0.874943 -0.232438
-0.191856 0.688457 -0.157739
-0.0765783 0.615252 -0.127859
0.0129041 0.87063 -0.222478
0.0216047 0.777579 -0.202558
0.00160265 0.780649 -0.232438
-0.12406 0.754079 -0.127859
-0.0368765 0.717769 -0.232438
-0.0122908 0.823812 -0.232438
-0.00908969 0.631443 -0.232438
-0.170324 0.774454 -0.127859
-0.0701629 0.704776 -0.232438
-0.045426 0.756491 -0.232438
-0.160552 0.775368 -0.127859
-0.156893 0.5781 -0.127859
-0.160099 0.612382 -0.127859
0.026184 0.728605 -0.207538
0.0142734 0.69785 -0.232438
-0.15796 0.642224 -0.127859
-0.160703 0.829696 -0.127859
-0.0417581 0.8754 -0.187618
-0.153839 0.598147 -0.232438
-0.156582 0.785619 -0.232438
0.0238943 0.753092 -0.162719
-0.160406 0.562951 -0.227458
-0.125434 0.768771 -0.127859
-0.0638986 0.848628 -0.232438
0.0371742 0.611067 -0.167699
0.0280157 0.709016 -0.232438
-0.0697049 0.699878 -0.127859
-0.118721 0.59155 -0.127859
-0.183457 0.704063 -0.127859
-0.20422 0.820687 -0.132839
-0.0483247 0.840204 -0.232438
-0.00771591 0.61675 -0.127859
-0.111545 0.56752 -0.212518
0.0164119 0.727691 -0.127859
-0.166505 0.839034 -0.127859
-0.163304 0.646664 -0.127859
-0.137042 0.629359 -0.232438
-0.0535175 0.790316 -0.232438
0.026184 0.728605 -0.162719
-0.082229 0.570261 -0.127859
-0.154902 0.820358 -0.127859
-0.0428296 0.781435 -0.127859
-0.0846654 0.807165 -0.232438
-0.0857324 0.871288 -0.132839
0.0206889 0.787374 -0.177659
-0.0709231 0.81833 -0.127859
-0.0672641 0.621063 -0.127859
0.00694218 0.618121 -0.232438
-0.0719946 0.724365 -0.232438
-0.0364142 0.870959 -0.127859
-0.0953577 0.657958 -0.127859
-0.162695 0.587438 -0.127859
-0.106659 0.567977 -0.187618
-0.0266421 0.871873 -0.127859
-0.023441 0.679503 -0.127859
0.0176345 0.767328 -0.127859
-0.0577988 0.572545 -0.227458
0.0156472 0.683158 -0.127859
0.032595 0.660041 -0.157739
-0.175064 0.561581 -0.197578
-0.195977 0.732533 -0.202558
-0.0848165 0.861493 -0.127859
-0.112612 0.631643 -0.127859
-0.167426 0.690741 -0.127859
-0.168341 0.700536 -0.127859
0.00266967 0.716526 -0.127859
0.0229785 0.762887 -0.197578
-0.202539 0.855426 -0.127859
-0.17674 0.68493 -0.232438
-0.169257 0.710331 -0.127859
-0.00755589 0.878598 -0.212518
-0.0634451 0.685643 -0.127859
-0.0747421 0.75375 -0.127859
-0.123758 0.645422 -0.127859
-0.139479 0.866262 -0.167699
-0.195519 0.727636 -0.127859
-0.0600885 0.597033 -0.232438
0.0348846 0.635554 -0.167699
-0.138265 0.589723 -0.127859
-0.142689 0.742456 -0.127859
-0.0613022 0.873572 -0.162719
-0.00572418 0.859008 -0.232438
-0.171849 0.843475 -0.127859
-0.169564 0.6609 -0.127859
-0.0625293 0.675848 -0.232438
-0.0755068 0.709216 -0.127859
-0.0857368 0.7132 -0.127859
-0.188801 0.708503 -0.232438
-0.187121 0.743242 -0.232438
-0.0955045 0.870374 -0.202558
-0.170631 0.725023 -0.127859
-0.172005 0.739715 -0.127859
-0.155208 0.770927 -0.127859
-0.0235966 0.575743 -0.177659
-0.101773 0.568434 -0.147779
-0.0782588 0.580513 -0.127859
0.0161096 0.836348 -0.202558
0.0270998 0.71881 -0.127859
-0.172463 0.744613 -0.127859
-0.157347 0.741086 -0.127859
-0.151243 0.623091 -0.127859
-0.199641 0.771713 -0.162719
-0.177042 0.793587 -0.127859
-0.0742842 0.748852 -0.127859
-0.1775 0.798484 -0.127859
-0.182079 0.847458 -0.127859
-0.207425 0.854969 -0.167699
-0.106655 0.726065 -0.232438
-0.168951 0.759762 -0.127859
-0.00191403 0.607412 -0.127859
-0.00419923 0.789987 -0.127859
-0.0271 0.87677 -0.127859
-0.0741331 0.694524 -0.127859
-0.0845142 0.752836 -0.127859
-0.1517 0.627988 -0.127859
-0.106659 0.567977 -0.177659
-0.141777 0.574574 -0.232438
-0.144978 0.766943 -0.232438
-0.178269 0.595863 -0.127859
-0.00266986 0.879054 -0.227458
-0.0790191 0.694067 -0.232438
-0.0808464 0.871745 -0.232438
-0.174904 0.823428 -0.127859
-0.171245 0.626161 -0.127859
-0.0168745 0.714699 -0.127859
-0.0356539 0.757405 -0.232438
-0.168799 0.705433 -0.127859
0.0174834 0.821656 -0.192598
-0.149411 0.603501 -0.127859
-0.153528 0.805666 -0.127859
0.0248102 0.743297 -0.172679
0.0179413 0.816759 -0.232438
-0.0063377 0.760146 -0.127859
-0.0722969 0.833022 -0.232438
-0.11612 0.774582 -0.127859
-0.129707 0.867176 -0.147779
-0.132005 0.575487 -0.127859
-0.193687 0.708046 -0.157739
-0.188339 0.861694 -0.232438
-0.173837 0.759305 -0.127859
-0.174601 0.714771 -0.232438
0.0212979 0.728148 -0.127859
-0.0761159 0.768442 -0.127859
-0.125132 0.660114 -0.127859
-0.13353 0.644508 -0.232438
-0.163153 0.592336 -0.127859
-0.165589 0.829239 -0.127859
-0.010459 0.804223 -0.232438
-0.117952 0.794172 -0.127859
-0.172614 0.798941 -0.127859
-0.181621 0.842561 -0.127859
-0.160094 0.77047 -0.127859
-0.157351 0.582998 -0.127859
-0.161321 0.572746 -0.127859
-0.161166 0.676506 -0.127859
-0.163909 0.863978 -0.127859
-0.161624 0.681403 -0.127859
-0.115209 0.606699 -0.127859
-0.0657303 0.868218 -0.127859
-0.0547445 0.592592 -0.232438
-0.0565718 0.77027 -0.232438
-0.0727593 0.679832 -0.127859
0.0165675 0.831451 -0.232438
-0.0303144 0.594876 -0.127859
-0.142693 0.584368 -0.232438
0.0275578 0.713913 -0.177659
-0.186507 0.842104 -0.232438
-0.00786708 0.671079 -0.127859
-0.0106102 0.858551 -0.127859
-0.175819 0.833223 -0.127859
-0.198725 0.761918 -0.187618
-0.0139713 0.789074 -0.127859
0.0266419 0.723708 -0.197578
-0.206967 0.850071 -0.187618
-0.024508 0.743626 -0.127859
0.0151937 0.846143 -0.232438
0.0165631 0.673363 -0.232438
-0.182084 0.68937 -0.127859
-0.161926 0.79006 -0.127859
0.00908508 0.80605 -0.127859
-0.039015 0.687927 -0.232438
-0.0417581 0.8754 -0.232438
-0.180705 0.832766 -0.127859
-0.177962 0.645294 -0.127859
0.0174834 0.821656 -0.212518
0.0139667 0.648419 -0.127859
-0.194145 0.712944 -0.232438
-0.191856 0.688457 -0.147779
0.0121394 0.826097 -0.232438
-0.0765783 0.615252 -0.232438
-0.154755 0.607942 -0.127859
0.0124462 0.875528 -0.207538
-0.159788 0.819901 -0.127859
-0.101773 0.568434 -0.152759
0.011677 0.672906 -0.127859
0.00893391 0.860379 -0.127859
-0.0895514 0.806708 -0.127859
-0.0368765 0.717769 -0.127859
-0.0464974 0.662526 -0.127859
-0.182386 0.798027 -0.127859
-0.180101 0.615452 -0.127859
-0.16422 0.656459 -0.127859
-0.00755589 0.878598 -0.227458
-0.154444 0.815461 -0.127859
0.0199242 0.742841 -0.127859
-0.198725 0.761918 -0.217498
-0.174601 0.714771 -0.127859
-0.195519 0.727636 -0.162719
-0.187428 0.693811 -0.232438
-0.188495 0.757934 -0.232438
-0.00710239 0.715612 -0.127859
-0.0979541 0.633014 -0.127859
-0.171093 0.571832 -0.232438
-0.174752 0.7691 -0.232438
-0.0138246 0.576657 -0.127859
-0.118868 0.803967 -0.232438
-0.137651 0.688585 -0.127859
-0.141617 0.836421 -0.127859
-0.175059 0.719669 -0.127859
0.0147358 0.851041 -0.207538
-0.0274112 0.669251 -0.127859
0.021907 0.668922 -0.127859
-0.197351 0.747226 -0.172679
-0.187886 0.698708 -0.232438
-0.0484803 0.736445 -0.127859
-0.141928 0.628902 -0.127859
-0.0208446 0.704447 -0.127859
-0.152305 0.845302 -0.127859
-0.175517 0.724566 -0.127859
-0.0666506 0.719925 -0.232438
-0.0219117 0.76857 -0.127859
-0.190935 0.83675 -0.127859
0.0270998 0.71881 -0.152759
-0.191398 0.683559 -0.197578
-0.0243569 0.689298 -0.232438
-0.170022 0.665797 -0.232438
0.0156517 0.841246 -0.137819
-0.0671086 0.724822 -0.232438
-0.0327507 0.83178 -0.127859
-0.0321461 0.614466 -0.127859
-0.190482 0.673764 -0.232438
-0.18544 0.777981 -0.232438
-0.176735 0.843018 -0.127859
-0.176131 0.625704 -0.127859
-0.116431 0.567063 -0.132839
-0.0623781 0.62152 -0.232438
-0.0646633 0.804095 -0.232438
-0.0642054 0.799197 -0.127859
-0.0605464 0.60193 -0.127859
-0.0568786 0.720839 -0.232438
-0.176891 0.739258 -0.127859
-0.178265 0.753951 -0.127859
-0.00755589 0.878598 -0.232438
-0.00481276 0.691125 -0.232438
-0.159178 0.760675 -0.127859
-0.155977 0.568306 -0.127859
-0.0759603 0.872202 -0.132839
0.0234364 0.75799 -0.142799
0.0106056 0.578942 -0.137819
-0.0722969 0.833022 -0.127859
-0.197653 0.855883 -0.127859
-0.152767 0.692112 -0.127859
0.032137 0.664939 -0.212518
-0.178723 0.758848 -0.127859
-0.175522 0.566478 -0.127859
-0.0184038 0.625631 -0.127859
-0.173988 0.813633 -0.232438
-0.00695122 0.661284 -0.127859
-0.0648145 0.858423 -0.127859
-0.121317 0.566606 -0.197578
0.0183948 0.653773 -0.127859
-0.0955045 0.870374 -0.182638
0.0341199 0.591021 -0.127859
-0.180554 0.778438 -0.127859
-0.176895 0.58117 -0.127859
-0.204678 0.825584 -0.127859
-0.185134 0.827412 -0.232438
0.0358004 0.625759 -0.187618
-0.190482 0.673764 -0.127859
-0.18544 0.777981 -0.127859
-0.0367209 0.821528 -0.127859
-0.0339778 0.634056 -0.127859
-0.14284 0.796785 -0.127859
-0.206051 0.840277 -0.212518
-0.173681 0.863064 -0.127859
-0.00404807 0.735659 -0.232438
-0.118414 0.640981 -0.127859
0.0183992 0.811861 -0.187618
-0.180865 0.570919 -0.202558
-0.157502 0.637326 -0.127859
-0.167581 0.586982 -0.232438
-0.0987188 0.58848 -0.232438
-0.101462 0.775953 -0.232438
-0.183613 0.600303 -0.127859
-0.192309 0.851442 -0.127859
-0.0435987 0.578813 -0.127859
-0.0603864 0.863777 -0.127859
-0.0576432 0.676305 -0.127859
-0.134593 0.866719 -0.227458
0.000380037 0.741013 -0.127859
-0.190024 0.668867 -0.127859
-0.185898 0.782878 -0.127859
-0.142382 0.791887 -0.127859
-0.0214537 0.763673 -0.127859
-0.131392 0.674349 -0.232438
-0.0649745 0.596576 -0.127859
-0.116427 0.725151 -0.127859
-0.118561 0.853398 -0.127859
-0.115667 0.611597 -0.127859
-0.10039 0.869917 -0.187618
0.0161096 0.836348 -0.152759
-0.179185 0.605658 -0.127859
-0.182537 0.852356 -0.232438
-0.0515302 0.874486 -0.182638
0.0358004 0.625759 -0.157739
-0.167879 0.853726 -0.127859
-0.165136 0.666254 -0.127859
-0.175824 0.675135 -0.127859
0.0255705 0.629743 -0.232438
-0.0796282 0.753293 -0.127859
0.0243523 0.748195 -0.137819
-0.170782 0.779351 -0.127859
-0.18239 0.639939 -0.127859
0.0252681 0.7384 -0.167699
-0.170178 0.562038 -0.137819
-0.0254239 0.753421 -0.127859
-0.0577988 0.572545 -0.152759
-0.0371788 0.826425 -0.127859
-0.0335199 0.629158 -0.127859
-0.0909252 0.8214 -0.127859
-0.0881821 0.633928 -0.127859
-0.166968 0.685844 -0.127859
-0.109709 0.706018 -0.232438
-0.154141 0.706804 -0.232438
-0.187428 0.693811 -0.127859
-0.188495 0.757934 -0.127859
-0.0913875 0.668209 -0.232438
-0.0515302 0.874486 -0.212518
-0.192767 0.856339 -0.127859
-0.0458883 0.603301 -0.127859
0.0119882 0.880425 -0.197578
-0.0968871 0.568891 -0.157739
-0.0536731 0.686557 -0.127859
-0.144365 0.865806 -0.162719
0.0202309 0.792272 -0.142799
-0.18697 0.688914 -0.127859
-0.188953 0.762832 -0.127859
-0.0710743 0.872658 -0.167699
-0.0994791 0.702035 -0.232438
-0.177349 0.744156 -0.127859
-0.0515302 0.874486 -0.192598
0.00923182 0.593634 -0.127859
0.0367163 0.615965 -0.197578
-0.198725 0.761918 -0.177659
-0.187886 0.698708 -0.127859
0.0312212 0.674734 -0.177659
-0.147579 0.583912 -0.127859
-0.151238 0.781179 -0.127859
-0.0480268 0.573459 -0.232438
-0.0521437 0.775624 -0.232438
-0.17995 0.561124 -0.137819
0.00847156 0.707188 -0.127859
0.0154916 0.579398 -0.152759
-0.0797793 0.807621 -0.232438
0.0280157 0.709016 -0.197578
-0.102533 0.681988 -0.127859
-0.103445 0.849871 -0.232438
-0.0167233 0.66037 -0.127859
-0.155213 0.612839 -0.127859
-0.158565 0.859537 -0.232438
-0.12162 0.675263 -0.127859
-0.149558 0.815918 -0.232438
-0.200556 0.781508 -0.137819
-0.119179 0.596448 -0.127859
0.00663985 0.726778 -0.127859
-0.187276 0.639483 -0.142799
-0.0750489 0.704319 -0.127859
-0.0874129 0.836549 -0.127859
-0.0846698 0.649077 -0.127859
-0.0950465 0.865477 -0.127859
-0.194145 0.712944 -0.192598
-0.185592 0.832309 -0.127859
-0.158876 0.652019 -0.127859
-0.161619 0.839491 -0.127859
-0.159023 0.864435 -0.192598
-0.186361 0.629688 -0.152759
-0.0660371 0.818787 -0.127859
-0.0397752 0.801481 -0.232438
-0.17277 0.695182 -0.127859
-0.185445 0.619893 -0.142799
-0.0713811 0.823227 -0.127859
-0.174908 0.66534 -0.232438
-0.177651 0.852813 -0.232438
-0.161473 0.627075 -0.127859
-0.185903 0.62479 -0.202558
-0.197809 0.752123 -0.147779
-0.191091 0.73299 -0.127859
-0.141924 0.78699 -0.127859
-0.174446 0.818531 -0.127859
-0.171703 0.631058 -0.127859
-0.0564162 0.874029 -0.157739
0.0266419 0.723708 -0.147779
-0.191549 0.737888 -0.127859
-0.159485 0.711244 -0.127859
-0.0729149 0.576072 -0.232438
-0.0752001 0.758647 -0.232438
-0.0425228 0.830866 -0.127859
-0.0373344 0.722666 -0.127859
0.0252681 0.7384 -0.232438
-0.0585547 0.844188 -0.127859
-0.198876 0.816246 -0.127859
-0.114133 0.858752 -0.232438
-0.133988 0.649405 -0.127859
-0.136731 0.836878 -0.127859
-0.106197 0.721167 -0.232438
-0.0675709 0.571632 -0.152759
0.0296918 0.585666 -0.232438
-0.164371 0.710788 -0.127859
0.0243523 0.748195 -0.142799
-0.110932 0.666382 -0.232438
-0.184987 0.614995 -0.142799
-0.125439 0.610683 -0.127859
-0.0364142 0.870959 -0.232438
-0.126048 0.669909 -0.127859
-0.192616 0.802011 -0.127859
-0.183453 0.862151 -0.127859
-0.0968871 0.568891 -0.152759
-0.11307 0.636541 -0.127859
-0.107117 0.572874 -0.127859
-0.193381 0.757477 -0.127859
-0.111692 0.779936 -0.127859
-0.109407 0.597361 -0.127859
-0.121615 0.833351 -0.127859
0.0380901 0.601272 -0.217498
-0.195212 0.777067 -0.127859
-0.19567 0.781964 -0.127859
-0.153074 0.642681 -0.127859
0.0350358 0.581226 -0.147779
-0.0890979 0.643722 -0.127859
-0.168497 0.596776 -0.127859
-0.0808464 0.871745 -0.207538
-0.00266986 0.879054 -0.202558
-0.0480268 0.573459 -0.147779
-0.126964 0.679704 -0.232438
-0.129249 0.862279 -0.232438
-0.0209958 0.758775 -0.127859
-0.0626805 0.730177 -0.127859
-0.206509 0.845174 -0.177659
-0.199792 0.826041 -0.127859
-0.103605 0.588023 -0.127859
0.019773 0.797169 -0.197578
-0.123602 0.749181 -0.127859
0.0211468 0.782477 -0.212518
-0.142844 0.638697 -0.127859
-0.0423761 0.61845 -0.127859
-0.154599 0.711701 -0.127859
-0.0826825 0.733246 -0.127859
-0.125283 0.714442 -0.127859
-0.19796 0.806452 -0.127859
-0.0898626 0.599189 -0.232438
-0.017328 0.877684 -0.202558
-0.184373 0.713858 -0.127859
-0.183609 0.758391 -0.127859
0.0303053 0.684528 -0.217498
-0.0284782 0.733375 -0.127859
-0.130325 0.610226 -0.127859
-0.133068 0.797698 -0.127859
-0.179336 0.659986 -0.127859
-0.17842 0.650191 -0.127859
-0.0947442 0.75682 -0.127859
-0.188339 0.861694 -0.152759
-0.193687 0.708046 -0.232438
-0.192772 0.698252 -0.127859
-0.121922 0.78392 -0.232438
-0.0724569 0.571175 -0.152759
-0.0251216 0.644764 -0.127859
0.0330529 0.655144 -0.152759
-0.00893853 0.577114 -0.127859
-0.132459 0.738473 -0.232438
-0.206051 0.840277 -0.127859
-0.0040525 0.577571 -0.132839
-0.0991723 0.751466 -0.232438
-0.180408 0.566021 -0.232438
-0.183453 0.862151 -0.162719
-0.156889 0.736188 -0.127859
-0.195821 0.836293 -0.232438
-0.149104 0.652932 -0.127859
-0.0199244 0.85274 -0.127859
0.0350358 0.581226 -0.182638
-0.094593 0.702491 -0.232438
-0.143449 0.856011 -0.127859
-0.0906184 0.870831 -0.182638
-0.124821 0.867633 -0.172679
0.0200753 0.688512 -0.232438
-0.130934 0.669452 -0.127859
-0.133677 0.856924 -0.127859
-0.142991 0.851113 -0.232438
-0.175362 0.828326 -0.127859
0.0168698 0.722794 -0.127859
-0.0529128 0.573002 -0.217498
-0.00634213 0.602058 -0.127859
-0.165292 0.562495 -0.142799
-0.0115261 0.868346 -0.232438
-0.197351 0.747226 -0.127859
-0.205594 0.835379 -0.127859
-0.194297 0.767272 -0.127859
-0.0706208 0.709673 -0.127859
-0.155519 0.563408 -0.222478
-0.0912319 0.771969 -0.127859
-0.087573 0.574702 -0.127859
-0.16254 0.691198 -0.127859
0.0129041 0.87063 -0.227458
-0.159183 0.602588 -0.127859
-0.206509 0.845174 -0.187618
-0.0693982 0.749309 -0.232438
-0.042834 0.623347 -0.232438
-0.00924086 0.685771 -0.232438
-0.188343 0.703606 -0.127859
-0.0284827 0.575287 -0.167699
-0.165901 0.62172 -0.127859
-0.194754 0.77217 -0.127859
0.0257261 0.733503 -0.172679
-0.0750445 0.862407 -0.127859
-0.0713855 0.665139 -0.127859
-0.201623 0.845631 -0.127859
-0.0921522 0.623676 -0.127859
-0.17277 0.695182 -0.232438
-0.107571 0.73586 -0.127859
-0.149251 0.865349 -0.207538
-0.0254283 0.595333 -0.232438
-0.0286294 0.787703 -0.232438
-0.124216 0.650319 -0.127859
-0.127875 0.847586 -0.127859
-0.150633 0.563865 -0.197578
-0.0785612 0.68917 -0.127859
-0.193687 0.708046 -0.172679
-0.180408 0.566021 -0.127859
-0.0675709 0.571632 -0.202558
-0.195061 0.722739 -0.127859
-0.138723 0.59462 -0.127859
-0.142231 0.737559 -0.127859
-0.19094 0.678662 -0.127859
-0.077343 0.570718 -0.207538
-0.106197 0.721167 -0.127859
-0.159636 0.765573 -0.127859
-0.155519 0.563408 -0.127859
-0.0564162 0.874029 -0.132839
0.0257261 0.733503 -0.222478
-0.082229 0.570261 -0.142799
-0.156586 0.627531 -0.127859
-0.066953 0.828582 -0.232438
-0.180252 0.669781 -0.127859
-0.0932193 0.687799 -0.127859
-0.0362674 0.658543 -0.232438
-0.0394685 0.850913 -0.232438
-0.0512278 0.765829 -0.127859
-0.0489426 0.583254 -0.127859
0.0344267 0.640452 -0.127859
-0.117347 0.576858 -0.127859
-0.12009 0.76433 -0.127859
-0.174752 0.7691 -0.127859
-0.171093 0.571832 -0.127859
0.0147358 0.851041 -0.137819
-0.135513 0.718426 -0.127859
-0.192923 0.75258 -0.232438
0.0248102 0.743297 -0.222478
-0.0762715 0.664683 -0.232438
-0.161161 0.834594 -0.127859
0.0380901 0.601272 -0.127859
-0.0968871 0.568891 -0.232438
-0.110163 0.869004 -0.167699
-0.202846 0.805995 -0.182638
-0.0283226 0.837134 -0.127859
-0.181928 0.79313 -0.127859
-0.140701 0.826626 -0.232438
-0.168795 0.863521 -0.127859
-0.148793 0.860451 -0.127859
-0.20422 0.820687 -0.177659
-0.0348936 0.643851 -0.127859
0.0270998 0.71881 -0.172679
-0.042834 0.623347 -0.127859
-0.191398 0.683559 -0.127859
-0.128493 0.590636 -0.127859
-0.126203 0.566149 -0.212518
0.0304565 0.6302 -0.127859
-0.115511 0.715356 -0.127859
-0.173534 0.650648 -0.127859
-0.132156 0.629816 -0.127859
-0.136273 0.83198 -0.127859
-0.13261 0.792801 -0.127859
-0.0387082 0.737358 -0.127859
-0.0588659 0.636669 -0.127859
-0.0498585 0.593049 -0.232438
0.0293895 0.694323 -0.182638
-0.1633 0.804752 -0.127859
0.0394639 0.58658 -0.227458
-0.178416 0.808279 -0.127859
-0.175215 0.615909 -0.127859
0.0206889 0.787374 -0.232438
-0.13429 0.758062 -0.127859
-0.163909 0.863978 -0.172679
-0.165287 0.720582 -0.232438
0.0312212 0.674734 -0.227458
-0.164985 0.611926 -0.127859
-0.200098 0.77661 -0.127859
-0.0382547 0.574373 -0.187618
-0.0996302 0.756363 -0.127859
-0.150633 0.563865 -0.217498
-0.117036 0.784377 -0.127859
-0.0712299 0.768899 -0.127859
-0.0680288 0.576529 -0.127859
-0.201165 0.840733 -0.127859
0.0312212 0.674734 -0.202558
-0.0396285 0.589065 -0.232438
-0.177807 0.749053 -0.127859
-0.116431 0.567063 -0.217498
-0.126203 0.566149 -0.172679
-0.0330575 0.782349 -0.127859
-0.170787 0.621264 -0.232438
-0.0214582 0.605585 -0.127859
-0.108793 0.696223 -0.232438
-0.0200844 0.590893 -0.232438
-0.00420366 0.631899 -0.127859
-0.00786265 0.829167 -0.127859
-0.187276 0.639483 -0.127859
-0.188646 0.812263 -0.127859
0.00328319 0.815388 -0.127859
-0.0497029 0.696808 -0.127859
-0.0176391 0.670165 -0.127859
0.0280157 0.709016 -0.182638
-0.0837495 0.79737 -0.127859
-0.0810064 0.609897 -0.127859
-0.192314 0.693354 -0.137819
-0.0632895 0.789402 -0.232438
-0.0222184 0.719139 -0.232438
-0.154141 0.706804 -0.127859
-0.0872662 0.624133 -0.127859
-0.163762 0.651562 -0.127859
0.0203821 0.737943 -0.127859
0.0119882 0.880425 -0.142799
-0.181781 0.580714 -0.127859
-0.0929125 0.73723 -0.127859
-0.183915 0.70896 -0.127859
0.0171766 0.772225 -0.127859
-0.0187106 0.5762 -0.167699
-0.0451236 0.647834 -0.232438
-0.0799305 0.86195 -0.127859
-0.188192 0.649277 -0.177659
-0.0503164 0.597946 -0.127859
-0.0271 0.87677 -0.172679
-0.177811 0.590965 -0.127859
-0.196435 0.737431 -0.187618
-0.139479 0.866262 -0.127859
-0.159334 0.656916 -0.127859
-0.0348936 0.643851 -0.232438
-0.182848 0.644837 -0.127859
-0.135975 0.565236 -0.202558
-0.0887911 0.693153 -0.127859
-0.206509 0.845174 -0.127859
0.0243523 0.748195 -0.232438
-0.165745 0.72548 -0.127859
-0.0906229 0.712743 -0.127859
0.019773 0.797169 -0.187618
-0.0516858 0.770726 -0.127859
-0.181475 0.630145 -0.127859
-0.14452 0.762046 -0.127859
-0.0225252 0.669708 -0.232438
-0.17842 0.650191 -0.232438
-0.207883 0.859866 -0.202558
-0.124981 0.605786 -0.127859
-0.0968871 0.568891 -0.127859
-0.0397797 0.643394 -0.232438
-0.0429807 0.835763 -0.232438
0.0309144 0.625303 -0.127859
-0.186054 0.679119 -0.127859
-0.189868 0.772627 -0.127859
-0.0235966 0.575743 -0.127859
-0.11841 0.799069 -0.127859
-0.166203 0.730377 -0.127859
-0.121006 0.774125 -0.127859
-0.164527 0.607028 -0.127859
-0.138109 0.693482 -0.232438
-0.141159 0.831524 -0.232438
-0.0440522 0.741799 -0.127859
0.00404345 0.701834 -0.127859
-0.0948998 0.65306 -0.127859
0.0275578 0.713913 -0.167699
-0.137803 0.742913 -0.127859
-0.0474088 0.830409 -0.127859
-0.0446657 0.642937 -0.127859
-0.0319861 0.876313 -0.222478
0.0127485 0.766871 -0.232438
-0.199641 0.771713 -0.127859
-0.129707 0.867176 -0.157739
-0.098412 0.637911 -0.232438
-0.102071 0.835178 -0.232438
-0.0629828 0.838833 -0.127859
-0.0606976 0.656258 -0.127859
0.0154961 0.737486 -0.232438
-0.169102 0.81409 -0.127859
0.00114473 0.785547 -0.127859
-0.184987 0.614995 -0.232438
-0.0420693 0.667881 -0.232438
-0.0451192 0.805922 -0.232438
-0.0628316 0.784505 -0.232438
-0.127115 0.734032 -0.127859
0.0119882 0.880425 -0.182638
-0.0968871 0.568891 -0.167699
-0.12162 0.675263 -0.232438
-0.0154962 0.858094 -0.232438
-0.192158 0.797114 -0.127859
-0.0571809 0.829495 -0.127859
0.038548 0.596375 -0.182638
-0.199183 0.766815 -0.147779
-0.172618 0.640853 -0.127859
0.0390059 0.591478 -0.197578
0.0193151 0.802066 -0.162719
-0.190633 0.728093 -0.127859
-0.152461 0.741543 -0.127859
0.0278601 0.605256 -0.232438
0.0144246 0.643522 -0.127859
0.0112235 0.835891 -0.127859
0.0390059 0.591478 -0.182638
-0.176277 0.83812 -0.127859
-0.141008 0.777195 -0.127859
-0.191856 0.688457 -0.127859
-0.189108 0.659072 -0.127859
-0.186814 0.792673 -0.127859
-0.186819 0.634585 -0.227458
-0.0782544 0.738601 -0.232438
-0.156738 0.68186 -0.127859
-0.159023 0.864435 -0.127859
0.0399218 0.581683 -0.162719
-0.0738263 0.743955 -0.127859
-0.0668062 0.616165 -0.232438
-0.10421 0.805337 -0.127859
-0.100551 0.60807 -0.127859
-0.125585 0.823099 -0.127859
7.77046e-05 0.84967 -0.127859
-0.155822 0.672065 -0.127859
-0.0675709 0.571632 -0.177659
-0.142995 0.693025 -0.127859
-0.207883 0.859866 -0.132839
-0.162691 0.745526 -0.127859
-0.197351 0.747226 -0.137819
-0.0332087 0.836677 -0.232438
0.00388786 0.598074 -0.127859
-0.132005 0.575487 -0.232438
-0.0445145 0.588608 -0.232438
-0.181163 0.837663 -0.127859
-0.0319861 0.876313 -0.217498
-0.0828337 0.787575 -0.232438
-0.0156563 0.596247 -0.232438
0.0399218 0.581683 -0.202558
-0.201472 0.791302 -0.127859
-0.0602396 0.651361 -0.127859
-0.185596 0.674221 -0.127859
-0.190326 0.777524 -0.127859
0.0301497 0.580769 -0.187618
-0.0587103 0.740428 -0.127859
-0.116734 0.67572 -0.232438
-0.00725799 0.611853 -0.127859
-0.201472 0.791302 -0.167699
-0.060542 0.760018 -0.127859
-0.119019 0.858295 -0.127859
-0.114137 0.700664 -0.127859
-0.0916943 0.618778 -0.127859
-0.166047 0.834137 -0.127859
-0.0701585 0.862864 -0.232438
-0.128035 0.585739 -0.127859
0.00404345 0.701834 -0.232438
-0.0408467 0.707517 -0.127859
0.0284736 0.704118 -0.172679
-0.0846654 0.807165 -0.127859
-0.147579 0.583912 -0.232438
-0.151238 0.781179 -0.232438
-0.20422 0.820687 -0.127859
-0.190482 0.673764 -0.197578
-0.176126 0.783792 -0.127859
-0.192465 0.747683 -0.127859
-0.197195 0.850985 -0.127859
-0.0707764 0.605914 -0.127859
-0.087115 0.569804 -0.162719
-0.173223 0.858167 -0.127859
-0.197351 0.747226 -0.232438
-0.173685 0.704976 -0.127859
-0.194145 0.712944 -0.197578
-0.180865 0.570919 -0.127859
-0.10284 0.632557 -0.127859
-0.184987 0.614995 -0.127859
0.038548 0.596375 -0.227458
-0.185134 0.827412 -0.127859
-0.140861 0.564779 -0.127859
-0.143605 0.752251 -0.127859
-0.168186 0.804295 -0.232438
-0.0014561 0.602515 -0.127859
-0.0115305 0.710258 -0.127859
-0.181781 0.580714 -0.232438
-0.174294 0.764202 -0.127859
-0.171551 0.57673 -0.127859
0.0284736 0.704118 -0.182638
-0.0183994 0.783719 -0.232438
-0.198725 0.761918 -0.232438
-0.182537 0.852356 -0.127859
0.0339687 0.645349 -0.127859
0.015954 0.732589 -0.127859
-0.196737 0.846088 -0.127859
-0.0445101 0.746696 -0.127859
-0.202846 0.805995 -0.127859
-0.175064 0.561581 -0.217498
-0.195977 0.732533 -0.127859
-0.155519 0.563408 -0.147779
-0.146201 0.727307 -0.127859
-0.0985588 0.850328 -0.232438
0.0316791 0.669836 -0.127859
-0.129102 0.649862 -0.127859
-0.110927 0.82447 -0.127859
0.0147358 0.851041 -0.172679
-0.180403 0.724109 -0.232438
0.0252681 0.7384 -0.187618
-0.192314 0.693354 -0.227458
-0.17995 0.561124 -0.127859
-0.124674 0.655217 -0.127859
-0.127417 0.842689 -0.127859
-0.196893 0.742328 -0.197578
0.0371742 0.611067 -0.232438
-0.0130554 0.779279 -0.232438
-0.0103123 0.591806 -0.232438
-0.199183 0.766815 -0.127859
-0.137194 0.683687 -0.127859
-0.124821 0.867633 -0.177659
-0.182542 0.694268 -0.127859
-0.175668 0.778894 -0.127859
-0.172467 0.586525 -0.127859
-0.122229 0.734489 -0.232438
-0.170938 0.675592 -0.127859
-0.0585547 0.844188 -0.232438
-0.181323 0.575816 -0.127859
0.00343436 0.76106 -0.232438
-0.181168 0.679576 -0.127859
-0.0394685 0.850913 -0.127859
-0.0362674 0.658543 -0.127859
-0.141319 0.569676 -0.127859
0.00221617 0.879511 -0.127859
-0.182235 0.743699 -0.127859
-0.195364 0.831396 -0.127859
-7.789e-05 0.745911 -0.127859
0.026184 0.728605 -0.172679
-0.202081 0.850528 -0.127859
-0.157956 0.800312 -0.127859
-0.189566 0.66397 -0.127859
-0.183155 0.595406 -0.127859
-0.186356 0.787776 -0.127859
-0.0110726 0.705361 -0.232438
-0.0814599 0.772883 -0.127859
-0.0800905 0.600103 -0.127859
-0.136278 0.673893 -0.127859
-0.165749 0.567392 -0.127859
-0.162082 0.6863 -0.232438
-0.158418 0.647121 -0.127859
-0.162077 0.844388 -0.127859
-0.178874 0.813176 -0.127859
-0.0721458 0.778694 -0.127859
-0.0689447 0.586324 -0.127859
-0.159792 0.661813 -0.127859
-0.18865 0.654175 -0.127859
-0.184529 0.610098 -0.127859
-0.191393 0.841647 -0.127859
-0.187272 0.79757 -0.127859
-0.199792 0.826041 -0.232438
0.0125973 0.821199 -0.232438
0.0153405 0.633727 -0.232438
-0.0622225 0.725279 -0.127859
-0.104214 0.647249 -0.232438
-0.106957 0.834722 -0.232438
-0.096118 0.771512 -0.127859
-0.0918455 0.673107 -0.127859
-0.0109214 0.651032 -0.127859
-0.162842 0.799855 -0.127859
-0.159641 0.607485 -0.127859
-0.124821 0.867633 -0.192598
-0.0906184 0.870831 -0.147779
0.0124462 0.875528 -0.142799
-0.0127531 0.670622 -0.127859
-0.0150383 0.853197 -0.127859
-0.182239 0.585611 -0.127859
-0.0494006 0.588151 -0.127859
0.0367163 0.615965 -0.162719
-0.15399 0.652475 -0.127859
-0.156733 0.839948 -0.127859
0.0206889 0.787374 -0.152759
-0.173841 0.601217 -0.127859
-0.183 0.699165 -0.127859
-0.184218 0.817617 -0.127859
-0.180559 0.62035 -0.127859
-0.115049 0.868547 -0.147779
-0.160406 0.562951 -0.147779
-0.071839 0.828125 -0.127859
-0.0710743 0.872658 -0.157739
0.019773 0.797169 -0.162719
-0.155817 0.830153 -0.127859
-0.114746 0.75989 -0.127859
0.00602633 0.627916 -0.232438
-0.20193 0.7962 -0.232438
-0.183306 0.649734 -0.127859
-0.0709276 0.660242 -0.232438
-0.0736707 0.847714 -0.232438
-0.139021 0.861365 -0.127859
0.0362584 0.620862 -0.147779
-0.107877 0.686429 -0.127859
-0.167581 0.586982 -0.127859
-0.188192 0.649277 -0.127859
-0.168795 0.863521 -0.232438
-0.0913831 0.826297 -0.127859
-0.0877241 0.62903 -0.127859
-0.00664446 0.710715 -0.127859
-0.0903161 0.762174 -0.127859
-0.201014 0.786405 -0.127859
-0.165438 0.774911 -0.127859
-0.163913 0.70589 -0.127859
-0.0417581 0.8754 -0.182638
-0.109251 0.701121 -0.127859
-0.0613022 0.873572 -0.222478
-0.0724569 0.571175 -0.232438
-0.185903 0.62479 -0.127859
-0.19002 0.826955 -0.127859
-0.17979 0.822971 -0.127859
-0.123447 0.852941 -0.232438
-0.140706 0.668538 -0.127859
-0.121317 0.566606 -0.227458
-0.0150427 0.695109 -0.127859
-0.0203823 0.857637 -0.127859
-0.0347425 0.589522 -0.232438
-0.0379435 0.781892 -0.232438
-0.0755068 0.709216 -0.232438
-0.124367 0.704648 -0.127859
0.0193151 0.802066 -0.137819
-0.110323 0.607156 -0.232438
-0.113066 0.794629 -0.232438
-0.135975 0.565236 -0.192598
-0.0704696 0.655345 -0.232438
-0.0732128 0.842817 -0.232438
-0.0409979 0.761845 -0.232438
-0.0466441 0.874943 -0.152759
-0.0606931 0.814346 -0.127859
-0.0570342 0.617079 -0.127859
-0.00847617 0.730305 -0.232438
-0.146961 0.840862 -0.232438
0.0225206 0.767785 -0.177659
-0.145747 0.564322 -0.177659
-0.200708 0.835836 -0.127859
-0.0904673 0.816503 -0.127859
0.038548 0.596375 -0.132839
-0.199641 0.771713 -0.192598
-0.0956601 0.766615 -0.127859
-0.022214 0.877227 -0.137819
0.0252681 0.7384 -0.212518
-0.0640542 0.744869 -0.232438
-0.183453 0.862151 -0.147779
-0.162384 0.794957 -0.127859
-0.141777 0.574574 -0.127859
-0.144978 0.766943 -0.127859
0.0286248 0.64979 -0.127859
-0.0391661 0.742256 -0.127859
-0.0710743 0.872658 -0.197578
-0.0768806 0.723908 -0.127859
0.013362 0.865733 -0.147779
-0.0306123 0.861621 -0.232438
0.00297643 0.765957 -0.127859
-0.0781032 0.684272 -0.127859
-0.132156 0.629816 -0.232438
-0.136273 0.83198 -0.232438
-0.164216 0.814547 -0.127859
-0.160557 0.61728 -0.127859
-0.168795 0.863521 -0.207538
-0.19094 0.678662 -0.207538
-0.0506143 0.864691 -0.127859
0.0147358 0.851041 -0.192598
-0.0872618 0.782221 -0.127859
-0.171396 0.680489 -0.127859
-0.115818 0.665925 -0.127859
-0.111385 0.829367 -0.232438
-0.170022 0.665797 -0.127859
-0.197351 0.747226 -0.142799
-0.141164 0.673436 -0.127859
-0.143907 0.860908 -0.127859
-0.00450599 0.740556 -0.232438
-0.184222 0.659529 -0.232438
-0.0409979 0.761845 -0.127859
-0.0159586 0.704904 -0.127859
-0.0600841 0.75512 -0.127859
-0.121771 0.729592 -0.127859
-0.121157 0.828454 -0.127859
-0.0240501 0.738729 -0.127859
-0.195821 0.836293 -0.127859
-0.148797 0.702363 -0.127859
-0.0197732 0.798412 -0.232438
0.000228871 0.795342 -0.127859
-0.001754 0.86926 -0.127859
-0.0263442 0.605128 -0.127859
-0.148495 0.593706 -0.127859
-0.173681 0.863064 -0.227458
-0.114444 0.651233 -0.127859
-0.135975 0.565236 -0.227458
-0.206509 0.845174 -0.152759
-0.186965 0.847001 -0.127859
-0.157805 0.745983 -0.127859
-0.112003 0.572417 -0.127859
-0.071839 0.828125 -0.232438
-0.00924086 0.685771 -0.127859
-0.18865 0.654175 -0.232438
-0.184529 0.610098 -0.232438
-0.191393 0.841647 -0.232438
-0.187272 0.79757 -0.232438
-0.176282 0.680032 -0.127859
-0.132303 0.842232 -0.127859
-0.0724525 0.729263 -0.127859
-0.165896 0.779808 -0.127859
-0.182995 0.857253 -0.127859
-0.18071 0.674678 -0.127859
-0.179794 0.664883 -0.127859
-0.173992 0.655545 -0.127859
-0.0981053 0.687342 -0.127859
-0.179029 0.709417 -0.127859
-0.167421 0.848829 -0.127859
-0.164678 0.661357 -0.127859
-0.128488 0.748724 -0.127859
-0.178878 0.655089 -0.127859
-0.077343 0.570718 -0.177659
-0.151087 0.72685 -0.127859
-0.158565 0.859537 -0.127859
-0.0471065 0.721752 -0.127859
-0.177198 0.689827 -0.127859
-0.100244 0.657501 -0.127859
-0.120704 0.665468 -0.127859
0.0011403 0.627459 -0.232438
-0.115053 0.710459 -0.127859
-0.149713 0.712158 -0.127859
-0.084821 0.703405 -0.127859
0.0394639 0.58658 -0.162719
0.014429 0.80161 -0.127859
-0.142382 0.791887 -0.232438
-0.116271 0.82891 -0.232438
-0.0926057 0.786661 -0.127859
-0.149406 0.761589 -0.127859
-0.200556 0.781508 -0.127859
-0.152616 0.637783 -0.127859
-0.122687 0.739386 -0.127859
-0.171396 0.680489 -0.232438
-0.176589 0.630601 -0.127859
-0.0773385 0.728806 -0.127859
-0.120246 0.660571 -0.232438
-0.122531 0.843146 -0.232438
-0.0694026 0.591221 -0.127859
-0.0921522 0.623676 -0.232438
0.0312212 0.674734 -0.192598
-0.200098 0.77661 -0.167699
-0.174757 0.611012 -0.127859
-0.166052 0.676049 -0.232438
0.0220626 0.772682 -0.162719
0.0252637 0.580312 -0.162719
-0.202388 0.801097 -0.212518
-0.121922 0.78392 -0.127859
-0.0442078 0.638039 -0.232438
-0.169106 0.656002 -0.127859
0.0376322 0.60617 -0.187618
-0.164985 0.611926 -0.232438
-0.187734 0.64438 -0.127859
-0.177504 0.640396 -0.232438
-0.180248 0.827869 -0.232438
-0.177656 0.694725 -0.127859
-0.172925 0.591422 -0.127859
-0.0936772 0.692697 -0.127859
-0.154292 0.761132 -0.127859
0.026184 0.728605 -0.182638
-0.128031 0.743827 -0.232438
-0.181012 0.783335 -0.127859
-0.0710743 0.872658 -0.152759
-0.184676 0.822514 -0.232438
0.0353425 0.630657 -0.197578
-0.170636 0.566935 -0.127859
0.0301497 0.580769 -0.227458
-0.00511952 0.641694 -0.127859
-0.189104 0.81716 -0.127859
0.00282527 0.820285 -0.127859
0.0193151 0.802066 -0.157739
-0.0840563 0.747939 -0.232438
-0.184982 0.773083 -0.127859
-0.00954762 0.63634 -0.127859
0.0154916 0.579398 -0.137819
-0.170173 0.720125 -0.232438
-0.090774 0.767072 -0.127859
-0.0880309 0.579599 -0.127859
-0.0429807 0.835763 -0.127859
-0.0397797 0.643394 -0.127859
0.0248102 0.743297 -0.197578
-0.180408 0.566021 -0.142799
-0.169408 0.764659 -0.127859
-0.166665 0.577187 -0.127859
-0.0739775 0.798283 -0.127859
-0.0675709 0.571632 -0.167699
-0.182693 0.748596 -0.127859
-0.0548957 0.64692 -0.127859
-0.132463 0.580385 -0.127859
-0.134748 0.76296 -0.127859
-0.0970383 0.623219 -0.232438
-0.100697 0.820486 -0.232438
-0.195977 0.732533 -0.157739
-0.095051 0.707389 -0.127859
0.0154916 0.579398 -0.232438
-0.178571 0.70452 -0.127859
-0.0240545 0.580641 -0.232438
-0.0277135 0.777908 -0.232438
-0.159023 0.864435 -0.217498
-0.186361 0.629688 -0.127859
-0.189562 0.822058 -0.127859
-0.185445 0.619893 -0.217498
-0.197809 0.752123 -0.207538
-0.0319861 0.876313 -0.127859
-0.168493 0.754864 -0.127859
-0.165292 0.562495 -0.127859
-0.130169 0.713986 -0.127859
-0.165287 0.720582 -0.127859
-0.0576432 0.676305 -0.232438
-0.0603864 0.863777 -0.232438
-0.0683267 0.843274 -0.127859
-0.181777 0.738801 -0.127859
-0.113217 0.848957 -0.127859
-0.1091 0.646792 -0.127859
-0.0933704 0.742128 -0.127859
-0.103298 0.637454 -0.127859
-0.0868038 0.777323 -0.232438
-0.178114 0.699622 -0.127859
-0.0932148 0.845887 -0.127859
-0.159943 0.716142 -0.127859
-0.164829 0.715685 -0.127859
-0.184831 0.718755 -0.127859
-0.173076 0.645751 -0.127859
-0.0220672 0.664811 -0.127859
-0.128182 0.798155 -0.232438
-0.0413002 0.870502 -0.127859
-0.0839051 0.69361 -0.232438
0.0173278 0.717897 -0.232438
-0.0220672 0.664811 -0.232438
-0.13124 0.620021 -0.127859
-0.108033 0.582669 -0.232438
-0.110776 0.770141 -0.232438
-0.134753 0.604872 -0.127859
-0.138412 0.802139 -0.127859
-0.129707 0.867176 -0.222478
0.000686798 0.790444 -0.127859
-0.163909 0.863978 -0.142799
-0.180248 0.827869 -0.127859
-0.177504 0.640396 -0.127859
-0.119477 0.863192 -0.232438
-0.169413 0.606571 -0.127859
-0.126354 0.620478 -0.127859
-0.0368721 0.875856 -0.217498
-0.139181 0.599518 -0.127859
-0.141773 0.732662 -0.127859
0.0280157 0.709016 -0.222478
0.0371742 0.611067 -0.152759
-0.165443 0.616823 -0.232438
-0.169866 0.769557 -0.127859
-0.166207 0.572289 -0.127859
-0.106504 0.671736 -0.127859
0.0266419 0.723708 -0.137819
-0.206967 0.850071 -0.127859
-0.186507 0.842104 -0.127859
-0.154297 0.603044 -0.232438
-0.0564162 0.874029 -0.177659
-0.148188 0.643137 -0.127859
-0.150931 0.83061 -0.127859
-0.124821 0.867633 -0.202558
0.0124462 0.875528 -0.157739
-0.182239 0.585611 -0.137819
-0.14773 0.63824 -0.127859
-0.151389 0.835507 -0.127859
-0.136122 0.777652 -0.232438
-0.111696 0.621848 -0.232438
-0.114439 0.809321 -0.232438
-0.0382547 0.574373 -0.227458
-0.147272 0.633343 -0.127859
-0.136433 0.570133 -0.127859
-0.114439 0.809321 -0.127859
-0.111696 0.621848 -0.127859
-0.146814 0.628445 -0.127859
-0.150016 0.820815 -0.127859
-0.146357 0.623548 -0.127859
0.0235876 0.703661 -0.232438
0.0031276 0.711629 -0.232438
-0.145899 0.61865 -0.127859
-0.148184 0.801225 -0.127859
-0.134593 0.866719 -0.147779
-0.0515302 0.874486 -0.127859
-0.0370277 0.772097 -0.127859
-0.0333687 0.57483 -0.127859
-0.122229 0.734489 -0.127859
-0.124523 0.600888 -0.127859
-0.127266 0.788361 -0.127859
-0.144525 0.603958 -0.127859
-0.147268 0.791431 -0.127859
-0.171547 0.734818 -0.127859
-0.144067 0.599061 -0.127859
-0.147726 0.796328 -0.127859
-0.197351 0.747226 -0.162719
-0.080544 0.763088 -0.127859
-0.12956 0.65476 -0.127859
-0.151545 0.731748 -0.127859
-0.119935 0.86809 -0.132839
-0.135211 0.609769 -0.127859
-0.137954 0.797242 -0.127859
-0.0416114 0.662983 -0.232438
-0.0529128 0.573002 -0.127859
-0.188192 0.649277 -0.212518
0.0077113 0.820742 -0.232438
0.00999651 0.638167 -0.232438
0.0170254 0.826554 -0.127859
-0.10039 0.869917 -0.227458
0.0161096 0.836348 -0.167699
-0.143151 0.589266 -0.127859
-0.145894 0.776738 -0.127859
-0.0907785 0.608984 -0.127859
-0.115204 0.764787 -0.232438
-0.14055 0.772298 -0.127859
-0.0920011 0.569347 -0.162719
-0.190784 0.782421 -0.232438
0.0156517 0.841246 -0.172679
-0.142693 0.584368 -0.127859
-0.0675709 0.571632 -0.132839
-0.186819 0.634585 -0.162719
0.00954301 0.801153 -0.127859
-0.205594 0.835379 -0.132839
-0.0432875 0.786332 -0.127859
-0.184987 0.614995 -0.192598
-0.0663483 0.611268 -0.127859
-0.118868 0.803967 -0.127859
-0.0623737 0.779608 -0.127859
-0.0478668 0.835307 -0.232438
0.0202309 0.792272 -0.182638
-0.118263 0.586653 -0.127859
-0.159023 0.864435 -0.147779
-0.186361 0.629688 -0.207538
-0.111541 0.725608 -0.127859
-0.142235 0.579471 -0.127859
-0.205594 0.835379 -0.147779
0.00251851 0.770854 -0.127859
-0.138874 0.648949 -0.127859
-0.123607 0.591093 -0.232438
0.0234364 0.75799 -0.222478
-0.197653 0.855883 -0.232438
-0.0678688 0.838377 -0.127859
-0.0642098 0.641109 -0.127859
-0.162535 0.849286 -0.127859
-0.150633 0.563865 -0.232438
-0.153377 0.751337 -0.232438
-0.0626849 0.572089 -0.137819
-0.0467997 0.771183 -0.232438
-0.162993 0.854183 -0.127859
-0.0486314 0.790773 -0.127859
-0.0454304 0.598403 -0.127859
-0.100093 0.603172 -0.127859
0.0165675 0.831451 -0.172679
-0.158872 0.810106 -0.127859
-0.158414 0.805209 -0.127859
-0.031377 0.817087 -0.127859
-0.027718 0.61982 -0.127859
0.0335108 0.650247 -0.152759
-0.102836 0.790645 -0.127859
-0.0996347 0.598275 -0.127859
-0.101773 0.568434 -0.177659
-0.120704 0.665468 -0.232438
-0.0231343 0.728934 -0.127859
-0.156124 0.780722 -0.127859
0.0339687 0.645349 -0.197578
-0.131236 0.778109 -0.127859
-0.15475 0.76603 -0.127859
-0.122078 0.680161 -0.127859
-0.107873 0.844516 -0.232438
0.0147358 0.851041 -0.162719
-0.136736 0.67879 -0.127859
-0.160401 0.721039 -0.232438
-0.0179459 0.620734 -0.127859
-0.205594 0.835379 -0.212518
-0.0803929 0.708759 -0.127859
-0.152919 0.74644 -0.127859
-0.204678 0.825584 -0.197578
-0.170636 0.566935 -0.232438
-0.0565762 0.612182 -0.127859
0.0188571 0.806964 -0.217498
-0.198418 0.811349 -0.127859
-0.175366 0.670238 -0.232438
-0.177193 0.847915 -0.232438
-0.207883 0.859866 -0.227458
-0.16727 0.7945 -0.127859
-0.163611 0.597233 -0.127859
-0.149251 0.865349 -0.127859
0.00785804 0.608326 -0.127859
-0.152003 0.736645 -0.127859
-0.150629 0.721953 -0.127859
-0.13979 0.658743 -0.232438
-0.105277 0.86946 -0.222478
-0.139479 0.866262 -0.152759
-0.196435 0.737431 -0.162719
-0.150171 0.717056 -0.127859
-0.0406911 0.811276 -0.127859
-0.0513834 0.66207 -0.232438
-0.0550424 0.859337 -0.232438
-0.0503164 0.597946 -0.232438
-0.146966 0.682774 -0.127859
-0.146508 0.677876 -0.127859
-0.181323 0.575816 -0.187618
-0.193074 0.806908 -0.232438
0.0257261 0.733503 -0.157739
-0.024966 0.748524 -0.127859
-0.0645122 0.749766 -0.232438
0.00526607 0.74147 -0.232438
-0.0611511 0.819244 -0.232438
-0.14605 0.672979 -0.127859
-0.110011 0.814675 -0.127859
-0.107268 0.627203 -0.127859
-0.0475644 0.72665 -0.232438
-0.153683 0.701906 -0.127859
0.0203777 0.579855 -0.162719
-0.0278647 0.832237 -0.127859
-0.097345 0.573788 -0.127859
-0.037948 0.623804 -0.127859
-0.144369 0.707718 -0.127859
0.0280157 0.709016 -0.172679
-0.144218 0.653389 -0.127859
-0.146503 0.835964 -0.127859
-0.158569 0.70145 -0.127859
0.0183992 0.811861 -0.162719
0.0248102 0.743297 -0.147779
-0.013211 0.675519 -0.127859
-0.112154 0.626746 -0.127859
0.0229785 0.762887 -0.162719
-0.163149 0.750424 -0.232438
-0.145592 0.668081 -0.232438
-0.14376 0.648492 -0.127859
-0.194145 0.712944 -0.157739
-0.0649701 0.754664 -0.232438
-0.122073 0.838248 -0.127859
0.0107656 0.840789 -0.232438
-0.0252727 0.699093 -0.127859
-0.0968871 0.568891 -0.187618
-0.201165 0.840733 -0.232438
0.0206889 0.787374 -0.212518
-0.143302 0.643594 -0.127859
-0.146045 0.831067 -0.127859
-0.123296 0.798612 -0.127859
-0.148339 0.697466 -0.127859
-0.0229831 0.674606 -0.232438
-0.14147 0.624005 -0.127859
-0.163909 0.863978 -0.222478
-0.166052 0.676049 -0.127859
-0.117649 0.685515 -0.127859
-0.116885 0.730048 -0.127859
-0.0773385 0.728806 -0.232438
-0.185445 0.619893 -0.177659
-0.176584 0.788689 -0.127859
0.0220626 0.772682 -0.232438
0.0252637 0.580312 -0.232438
-0.140097 0.609312 -0.127859
-0.140857 0.722867 -0.127859
-0.0651257 0.650904 -0.232438
-0.126959 0.837792 -0.232438
-0.184987 0.614995 -0.137819
-0.0368721 0.875856 -0.127859
-0.0341289 0.688384 -0.127859
-0.159788 0.819901 -0.232438
0.0156517 0.841246 -0.157739
-0.00542185 0.750351 -0.232438
-0.134899 0.817288 -0.127859
-0.0777965 0.733703 -0.127859
-0.137807 0.584825 -0.127859
-0.143147 0.747354 -0.127859
-0.172307 0.848372 -0.127859
-0.0382547 0.574373 -0.127859
-0.108944 0.750552 -0.232438
0.0229785 0.762887 -0.172679
-0.136891 0.575031 -0.127859
-0.135975 0.565236 -0.127859
-0.0845142 0.752836 -0.232438
-0.119783 0.813761 -0.232438
-0.158107 0.85464 -0.127859
-0.0284827 0.575287 -0.162719
-0.0842075 0.802267 -0.127859
-0.0805485 0.605 -0.127859
-0.0716878 0.773796 -0.127859
-0.182239 0.585611 -0.147779
-0.0906184 0.870831 -0.127859
-0.156275 0.83505 -0.127859
-0.145743 0.72241 -0.127859
-0.202539 0.855426 -0.232438
-0.0617646 0.720382 -0.127859
0.0270998 0.71881 -0.147779
-0.0593238 0.641566 -0.127859
0.0129041 0.87063 -0.197578
-0.00526625 0.854111 -0.127859
-0.0287806 0.842031 -0.127859
-0.152612 0.795871 -0.127859
-0.0802373 0.812519 -0.232438
-0.178571 0.70452 -0.232438
0.0303053 0.684528 -0.132839
-0.151696 0.786076 -0.127859
0.0234364 0.75799 -0.132839
-0.0759648 0.714114 -0.232438
-0.190482 0.673764 -0.187618
-0.122691 0.581299 -0.127859
-0.185445 0.619893 -0.167699
-0.0101567 0.695566 -0.232438
-0.150322 0.771384 -0.127859
-0.121317 0.566606 -0.127859
-0.114902 0.65613 -0.232438
-0.114133 0.858752 -0.127859
-0.0747466 0.595662 -0.232438
-0.0784056 0.792929 -0.232438
0.013362 0.865733 -0.137819
-0.00725799 0.611853 -0.232438
-0.117494 0.789274 -0.127859
-0.0538242 0.740885 -0.127859
-0.0613022 0.873572 -0.202558
-0.0724569 0.571175 -0.127859
-0.128333 0.852484 -0.127859
-0.0634451 0.685643 -0.232438
-0.178727 0.60076 -0.127859
0.0170254 0.826554 -0.157739
-0.207883 0.859866 -0.212518
-0.147575 0.742 -0.127859
-0.0903205 0.604086 -0.232438
-0.142533 0.846216 -0.127859
0.0216047 0.777579 -0.162719
-0.0909296 0.663312 -0.232438
-0.143453 0.697923 -0.127859
-0.0956601 0.766615 -0.232438
-0.13979 0.658743 -0.127859
-0.0894002 0.752379 -0.232438
-0.142386 0.633799 -0.127859
-0.167728 0.799398 -0.127859
-0.0661883 0.873115 -0.172679
-0.172307 0.848372 -0.232438
-0.138416 0.644051 -0.127859
0.0161096 0.836348 -0.142799
-0.0448124 0.855353 -0.127859
-0.184676 0.822514 -0.127859
-0.137042 0.629359 -0.127859
-0.102685 0.736316 -0.127859
-0.136584 0.624462 -0.127859
-0.202997 0.860323 -0.127859
-0.161779 0.577644 -0.127859
-0.163909 0.863978 -0.192598
-0.0358051 0.811733 -0.127859
-0.032604 0.619363 -0.127859
0.0362584 0.620862 -0.137819
-0.00908527 0.78953 -0.232438
-0.0058842 0.597161 -0.232438
-0.0539798 0.637126 -0.127859
-0.136127 0.619564 -0.127859
-0.139328 0.811934 -0.127859
-0.00816941 0.779736 -0.127859
-0.191398 0.683559 -0.187618
-0.158267 0.592793 -0.127859
-0.0967315 0.67265 -0.232438
-0.135669 0.614667 -0.127859
-0.134295 0.599974 -0.127859
-0.152305 0.845302 -0.232438
-0.0808464 0.871745 -0.192598
-0.00266986 0.879054 -0.182638
-0.133837 0.595077 -0.127859
0.0289315 0.699221 -0.142799
-0.198725 0.761918 -0.127859
-0.00266986 0.879054 -0.207538
-0.194448 0.821601 -0.127859
-0.121317 0.566606 -0.147779
-0.133379 0.59018 -0.127859
-0.135664 0.772755 -0.127859
-0.144062 0.757149 -0.127859
-0.0684868 0.581427 -0.127859
0.00129589 0.731218 -0.127859
0.0274022 0.610153 -0.127859
-0.140248 0.663641 -0.127859
0.0138199 0.860835 -0.127859
-0.131547 0.57059 -0.127859
-0.156586 0.627531 -0.232438
-0.018555 0.67996 -0.232438
0.0211468 0.782477 -0.227458
-0.131089 0.565693 -0.127859
-0.177958 0.803382 -0.127859
-0.126203 0.566149 -0.132839
-0.184071 0.605201 -0.157739
-0.153221 0.855097 -0.127859
-0.0266421 0.871873 -0.232438
-0.023441 0.679503 -0.232438
-0.0307679 0.757862 -0.232438
-0.137647 0.846673 -0.127859
-0.149558 0.815918 -0.127859
0.013362 0.865733 -0.177659
-0.107419 0.681531 -0.232438
-0.20193 0.7962 -0.177659
-0.14681 0.786533 -0.127859
-0.0776409 0.837463 -0.232438
0.015954 0.732589 -0.232438
-0.0257307 0.70399 -0.232438
0.00205615 0.617664 -0.127859
-0.141013 0.619107 -0.127859
-0.143756 0.80658 -0.127859
0.0307632 0.679631 -0.182638
0.0303053 0.684528 -0.147779
-0.01703 0.610939 -0.127859
-0.139941 0.713072 -0.127859
-0.139483 0.708174 -0.127859
-0.18468 0.664427 -0.127859
-0.187423 0.851899 -0.127859
-0.0759603 0.872202 -0.207538
-0.0393173 0.796584 -0.232438
-0.19094 0.678662 -0.157739
-0.138567 0.69838 -0.127859
-0.0442078 0.638039 -0.127859
-0.00252312 0.666638 -0.127859
-0.179945 0.719212 -0.127859
0.0243523 0.748195 -0.227458
-0.148948 0.756692 -0.127859
-0.144365 0.865806 -0.157739
-0.0894047 0.594291 -0.127859
-0.13582 0.668995 -0.127859
-0.121317 0.566606 -0.167699
-0.135362 0.664098 -0.127859
-0.138105 0.85157 -0.127859
-0.152007 0.578557 -0.232438
-0.0313814 0.659 -0.127859
-0.151545 0.731748 -0.232438
-0.0634407 0.843731 -0.127859
-0.200556 0.781508 -0.167699
-0.0324484 0.723123 -0.232438
0.0298474 0.689426 -0.142799
0.0225161 0.609697 -0.127859
0.019773 0.797169 -0.127859
-0.173837 0.759305 -0.232438
-0.165443 0.616823 -0.127859
-0.0942863 0.751922 -0.232438
0.00740011 0.613223 -0.232438
-0.13353 0.644508 -0.127859
-0.165292 0.562495 -0.217498
-0.175064 0.561581 -0.172679
-0.195977 0.732533 -0.177659
-0.132761 0.84713 -0.127859
-0.097345 0.573788 -0.232438
-0.0138246 0.576657 -0.222478
-0.0228275 0.778365 -0.127859
-0.0829893 0.683815 -0.127859
-0.153679 0.859994 -0.127859
-0.108486 0.745654 -0.127859
-0.132614 0.634713 -0.127859
-0.0261886 0.708887 -0.127859
-0.0312302 0.604671 -0.232438
-0.0339734 0.792144 -0.232438
-0.0202311 0.803309 -0.127859
0.00221617 0.879511 -0.197578
0.0316791 0.669836 -0.132839
-0.195519 0.727636 -0.232438
0.0243478 0.590107 -0.127859
0.0202309 0.792272 -0.127859
-0.0678732 0.680289 -0.127859
0.0216047 0.777579 -0.167699
-0.196586 0.791759 -0.127859
-0.196893 0.742328 -0.127859
-0.168644 0.809193 -0.127859
-0.147419 0.845759 -0.127859
-0.195977 0.732533 -0.147779
-0.103756 0.642352 -0.232438
-0.0103123 0.591806 -0.127859
-0.0130554 0.779279 -0.127859
-0.149562 0.65783 -0.127859
-0.152763 0.8502 -0.127859
-0.0332131 0.678589 -0.127859
-0.0919966 0.727435 -0.232438
-0.146352 0.781636 -0.127859
-0.0446613 0.801025 -0.127859
-0.19796 0.806452 -0.232438
-0.175975 0.729464 -0.127859
-0.129867 0.605329 -0.127859
-0.133526 0.802596 -0.127859
-0.0316837 0.767656 -0.127859
-0.129409 0.600431 -0.127859
-0.0437498 0.633142 -0.127859
-0.0315325 0.713328 -0.127859
-0.128951 0.595534 -0.127859
-0.132152 0.787904 -0.127859
-0.158263 0.750881 -0.232438
-0.017328 0.877684 -0.127859
0.0348846 0.635554 -0.177659
-0.103142 0.741214 -0.127859
-0.0510722 0.869588 -0.232438
-0.207883 0.859866 -0.127859
-0.0544333 0.800111 -0.127859
-0.0516902 0.612639 -0.127859
-0.0840607 0.589851 -0.232438
-0.111545 0.56752 -0.147779
-0.0257307 0.70399 -0.127859
-0.200556 0.781508 -0.192598
-0.143609 0.594163 -0.127859
0.0202309 0.792272 -0.222478
-0.196435 0.737431 -0.127859
-0.145587 0.826169 -0.127859
0.026184 0.728605 -0.197578
-0.0489382 0.741342 -0.127859
-0.126812 0.625375 -0.127859
-0.130471 0.822642 -0.127859
0.0206889 0.787374 -0.157739
-0.126203 0.566149 -0.227458
-0.186512 0.684016 -0.127859
-0.189411 0.767729 -0.127859
-0.175824 0.675135 -0.232438
0.0350358 0.581226 -0.167699
-0.148793 0.860451 -0.232438
-0.141466 0.782093 -0.127859
-0.139176 0.757605 -0.127859
-0.16101 0.780265 -0.127859
-0.196128 0.786862 -0.127859
-0.0322928 0.826882 -0.127859
-0.0290917 0.634512 -0.127859
0.019773 0.797169 -0.207538
-0.02726 0.614923 -0.127859
-0.136887 0.733118 -0.127859
-0.173379 0.754407 -0.127859
-0.11704 0.626289 -0.127859
-0.120699 0.823556 -0.127859
-0.134597 0.708631 -0.127859
-0.0187106 0.5762 -0.232438
-0.134139 0.703734 -0.127859
0.0243523 0.748195 -0.202558
-0.0883332 0.688256 -0.232438
-0.0741286 0.852612 -0.127859
-0.133681 0.698837 -0.127859
-0.0577988 0.572545 -0.207538
-0.073524 0.635298 -0.232438
-0.0758092 0.817873 -0.232438
-0.133223 0.693939 -0.127859
-0.14208 0.683231 -0.127859
-0.132765 0.689042 -0.127859
0.00526164 0.583382 -0.127859
-0.0187106 0.5762 -0.207538
-0.131392 0.674349 -0.127859
-0.0677221 0.62596 -0.232438
-0.0704652 0.813433 -0.232438
-0.126506 0.674806 -0.127859
-0.129707 0.867176 -0.127859
0.000833536 0.578028 -0.127859
-0.116889 0.571961 -0.127859
-0.120548 0.769228 -0.127859
0.0211468 0.782477 -0.162719
-0.130476 0.664555 -0.127859
-0.133219 0.852027 -0.127859
0.00221617 0.879511 -0.142799
0.0202309 0.792272 -0.157739
-0.195519 0.727636 -0.177659
-0.130018 0.659657 -0.127859
-0.074591 0.699421 -0.127859
-0.0982609 0.583583 -0.232438
-0.100546 0.766158 -0.232438
-0.0686335 0.793843 -0.127859
0.00694218 0.618121 -0.127859
-0.192772 0.698252 -0.147779
-0.112154 0.626746 -0.232438
-0.106499 0.829824 -0.127859
-0.128644 0.644965 -0.127859
-0.134593 0.866719 -0.222478
-0.183155 0.595406 -0.187618
-0.189566 0.66397 -0.187618
-0.128186 0.640068 -0.127859
-0.203304 0.810892 -0.127859
-0.127728 0.63517 -0.127859
-0.12727 0.630273 -0.127859
-0.201014 0.786405 -0.157739
-0.124674 0.655217 -0.232438
-0.127417 0.842689 -0.232438
0.0257261 0.733503 -0.167699
-0.0498541 0.751137 -0.127859
-0.178567 0.862607 -0.227458
-0.144365 0.865806 -0.177659
0.00221617 0.879511 -0.167699
0.0316791 0.669836 -0.162719
0.0202309 0.792272 -0.132839
-0.195519 0.727636 -0.202558
-0.0816155 0.669123 -0.127859
-0.185289 0.723652 -0.232438
-0.154137 0.864892 -0.142799
-0.101311 0.721624 -0.232438
0.0362584 0.620862 -0.162719
-0.161468 0.785163 -0.127859
-0.158725 0.59769 -0.127859
-0.124065 0.595991 -0.127859
-0.127724 0.793258 -0.127859
-0.123149 0.586196 -0.127859
-0.16819 0.646207 -0.232438
-0.170933 0.83368 -0.232438
0.013362 0.865733 -0.202558
-0.0155007 0.700006 -0.232438
-0.026033 0.812647 -0.127859
-0.0232899 0.625175 -0.127859
-0.171854 0.685387 -0.127859
-0.122233 0.576401 -0.127859
-0.124518 0.758976 -0.127859
0.026184 0.728605 -0.157739
-0.116582 0.621392 -0.127859
-0.202846 0.805995 -0.197578
0.0113747 0.781563 -0.232438
-0.0953533 0.816046 -0.232438
-0.195364 0.831396 -0.232438
-0.121775 0.571504 -0.127859
-0.124976 0.763873 -0.127859
-0.0518414 0.666967 -0.232438
-0.0545845 0.854439 -0.232438
0.0161096 0.836348 -0.187618
-0.10039 0.869917 -0.127859
-0.0962736 0.667753 -0.127859
-0.0661927 0.715027 -0.127859
-0.142075 0.841318 -0.127859
-0.193532 0.811806 -0.232438
-0.190024 0.668867 -0.157739
-0.140701 0.826626 -0.127859
-0.205594 0.835379 -0.232438
-0.140243 0.821729 -0.127859
-0.0536686 0.844645 -0.127859
-0.0504676 0.652275 -0.127859
-0.0139757 0.630986 -0.127859
-0.0167189 0.818458 -0.127859
-0.0220628 0.822899 -0.127859
-0.101462 0.775953 -0.127859
-0.0987188 0.58848 -0.127859
-0.126661 0.571047 -0.232438
-0.102071 0.835178 -0.127859
-0.098412 0.637911 -0.127859
-0.0243525 0.847386 -0.127859
-0.0206935 0.650118 -0.127859
0.0298474 0.689426 -0.227458
-0.124212 0.808407 -0.232438
-0.105894 0.61251 -0.232438
-0.139786 0.816831 -0.127859
-0.0764227 0.719011 -0.127859
-0.184831 0.718755 -0.232438
-0.117952 0.794172 -0.232438
-0.0507743 0.602844 -0.232438
0.038548 0.596375 -0.222478
-0.156431 0.731291 -0.127859
-0.0507699 0.760932 -0.127859
-0.181781 0.580714 -0.197578
-0.171698 0.789146 -0.127859
-0.184524 0.768186 -0.232438
-0.0529128 0.573002 -0.182638
-0.137038 0.787447 -0.127859
-0.0420649 0.825969 -0.127859
-0.0384059 0.628701 -0.127859
-0.140861 0.564779 -0.192598
-0.13658 0.782549 -0.127859
-0.205136 0.830482 -0.157739
-0.135206 0.767857 -0.127859
-0.145285 0.717512 -0.127859
-0.186205 0.733447 -0.127859
-0.202997 0.860323 -0.232438
-0.0736751 0.689627 -0.232438
-0.195061 0.722739 -0.167699
-0.132917 0.74337 -0.127859
-0.133223 0.693939 -0.232438
0.0122906 0.771768 -0.127859
-0.159023 0.864435 -0.202558
-0.198111 0.86078 -0.157739
-0.186361 0.629688 -0.167699
-0.14208 0.683231 -0.232438
-0.146508 0.677876 -0.232438
-0.115813 0.824013 -0.127859
-0.0866527 0.722995 -0.232438
-0.12559 0.665011 -0.127859
0.0174834 0.821656 -0.197578
-0.0806952 0.817416 -0.232438
-0.131085 0.72378 -0.127859
-0.192314 0.693354 -0.127859
-0.153221 0.855097 -0.232438
-0.0524505 0.726193 -0.127859
-0.130627 0.718883 -0.127859
0.00862272 0.65286 -0.127859
0.00496374 0.850127 -0.127859
-0.0916899 0.776866 -0.232438
-0.193839 0.762375 -0.127859
-0.129253 0.704191 -0.127859
0.0284736 0.704118 -0.132839
-0.128795 0.699293 -0.127859
-0.133988 0.649405 -0.232438
-0.136731 0.836878 -0.232438
-0.191398 0.683559 -0.222478
-0.15231 0.687214 -0.127859
-0.0577988 0.572545 -0.232438
0.038548 0.596375 -0.212518
-0.199641 0.771713 -0.212518
-0.190175 0.723195 -0.127859
-0.185747 0.72855 -0.127859
-0.144827 0.712615 -0.232438
-0.129867 0.605329 -0.232438
-0.133526 0.802596 -0.232438
-0.0999326 0.86502 -0.127859
-0.0582523 0.735531 -0.127859
0.0113703 0.623475 -0.232438
-0.0778009 0.575615 -0.127859
-0.131845 0.837335 -0.127859
-0.0808464 0.871745 -0.147779
-0.127421 0.684601 -0.127859
-0.128791 0.857381 -0.127859
0.0275578 0.713913 -0.227458
-0.0403888 0.702619 -0.127859
-0.0776409 0.837463 -0.127859
-0.122842 0.635627 -0.127859
-0.187734 0.64438 -0.227458
-0.074591 0.699421 -0.232438
0.0270998 0.71881 -0.227458
-0.122384 0.63073 -0.127859
-0.121468 0.620935 -0.127859
0.0156517 0.841246 -0.187618
-0.191398 0.683559 -0.202558
-0.167577 0.745069 -0.127859
0.026184 0.728605 -0.137819
0.0199197 0.584753 -0.127859
0.0390059 0.591478 -0.177659
-0.0648145 0.858423 -0.232438
0.00206058 0.775752 -0.127859
-0.120553 0.61114 -0.127859
-0.122838 0.793715 -0.127859
-0.184071 0.605201 -0.162719
-0.0448169 0.697265 -0.127859
-0.173681 0.863064 -0.197578
-0.111843 0.834265 -0.232438
-0.123145 0.744284 -0.127859
0.0161096 0.836348 -0.227458
-0.150478 0.667625 -0.127859
-0.084363 0.698508 -0.232438
-0.0324484 0.723123 -0.127859
-0.0587147 0.58234 -0.127859
-0.138109 0.693482 -0.127859
-0.141159 0.831524 -0.127859
-0.166359 0.626618 -0.232438
0.0339687 0.645349 -0.227458
-0.00129608 0.864362 -0.127859
-0.0724569 0.571175 -0.167699
-0.0542866 0.587695 -0.232438
-0.0570297 0.775167 -0.232438
-0.193687 0.708046 -0.127859
-0.0271 0.87677 -0.227458
-0.059475 0.695895 -0.127859
0.0362584 0.620862 -0.187618
-0.0246592 0.797955 -0.232438
-0.109709 0.706018 -0.127859
-0.129404 0.758519 -0.127859
0.00404788 0.859922 -0.232438
0.00724894 0.667552 -0.232438
-0.192923 0.75258 -0.127859
-0.194603 0.717841 -0.147779
-0.028785 0.683944 -0.232438
-0.0819178 0.77778 -0.232438
-0.128946 0.753622 -0.127859
-0.12864 0.803053 -0.127859
-0.126657 0.729135 -0.127859
-0.044968 0.751594 -0.127859
-0.111545 0.56752 -0.232438
-0.114288 0.754992 -0.232438
-0.157809 0.587895 -0.127859
-0.124825 0.709545 -0.127859
0.0394639 0.58658 -0.197578
-0.055198 0.755577 -0.232438
-0.00984995 0.744997 -0.127859
-0.193225 0.861237 -0.172679
-0.182697 0.590508 -0.172679
-0.0522993 0.671864 -0.127859
0.0353425 0.630657 -0.227458
-0.139634 0.762503 -0.127859
-0.164674 0.819444 -0.127859
-0.121162 0.670366 -0.127859
-0.123905 0.857838 -0.127859
0.00710221 0.879968 -0.217498
-0.0944419 0.648163 -0.232438
-0.097185 0.835635 -0.232438
-0.177651 0.852813 -0.127859
-0.174908 0.66534 -0.127859
-0.120246 0.660571 -0.127859
-0.122531 0.843146 -0.127859
-0.0452748 0.702163 -0.232438
-0.00939646 0.582012 -0.232438
-0.113835 0.592007 -0.127859
-0.118872 0.645879 -0.127859
-0.182239 0.585611 -0.157739
-0.117956 0.636084 -0.127859
-0.183453 0.862151 -0.212518
-0.175362 0.828326 -0.232438
-0.118103 0.8485 -0.127859
-0.116124 0.616494 -0.127859
0.0258772 0.679174 -0.127859
0.0168698 0.722794 -0.232438
-0.114751 0.601802 -0.127859
-0.114293 0.596904 -0.127859
0.0380901 0.601272 -0.187618
-0.164527 0.607028 -0.232438
-0.189259 0.713401 -0.127859
-0.186663 0.738345 -0.127859
0.0081648 0.657757 -0.127859
0.00542166 0.845229 -0.127859
-0.112919 0.582212 -0.127859
-0.0443545 0.850456 -0.127859
-0.0406955 0.653188 -0.127859
-0.0515302 0.874486 -0.197578
-0.0333687 0.57483 -0.147779
-0.134593 0.866719 -0.127859
-0.077343 0.570718 -0.182638
-0.131387 0.832437 -0.127859
0.00770687 0.662655 -0.127859
-0.130013 0.817745 -0.127859
-0.118872 0.645879 -0.232438
0.0217559 0.723251 -0.232438
-0.128182 0.798155 -0.127859
0.0303053 0.684528 -0.172679
-0.0840563 0.747939 -0.127859
-0.114897 0.814218 -0.127859
-0.111238 0.616951 -0.127859
-0.0246592 0.797955 -0.127859
-0.113679 0.695767 -0.127859
-0.153381 0.59325 -0.127859
-0.15704 0.790517 -0.127859
-0.00145167 0.760603 -0.232438
-0.143298 0.801682 -0.127859
-0.125892 0.773668 -0.127859
0.0238943 0.753092 -0.172679
-0.0040525 0.577571 -0.127859
-0.00679563 0.765043 -0.127859
-0.15796 0.642224 -0.232438
-0.160703 0.829696 -0.232438
-0.0834428 0.846801 -0.127859
-0.0385571 0.68303 -0.127859
-0.136127 0.619564 -0.232438
-0.139328 0.811934 -0.232438
-0.0839051 0.69361 -0.127859
0.0280157 0.709016 -0.127859
-0.120855 0.719797 -0.127859
-0.034738 0.74761 -0.232438
0.0350358 0.581226 -0.202558
-0.0753512 0.812976 -0.127859
-0.0382547 0.574373 -0.172679
-0.20025 0.830939 -0.127859
-0.0790147 0.852155 -0.127859
0.0243523 0.748195 -0.152759
-8.23183e-05 0.587823 -0.232438
-0.118107 0.690412 -0.127859
-0.0257262 0.862078 -0.232438
-0.145899 0.61865 -0.232438
-0.148184 0.801225 -0.232438
-0.0452748 0.702163 -0.127859
-0.0529084 0.73109 -0.232438
-0.207425 0.854969 -0.227458
-0.117191 0.680617 -0.127859
-0.187734 0.64438 -0.187618
-0.116734 0.67572 -0.127859
0.0362584 0.620862 -0.202558
-0.0151939 0.749437 -0.127859
-0.113986 0.646335 -0.232438
-0.0889423 0.747482 -0.127859
-0.0955045 0.870374 -0.162719
-0.152767 0.692112 -0.232438
-0.0947486 0.598732 -0.127859
-0.114902 0.65613 -0.127859
0.0289315 0.699221 -0.182638
-0.146961 0.840862 -0.127859
-0.0454304 0.598403 -0.232438
-0.0486314 0.790773 -0.232438
-0.110781 0.612054 -0.127859
-0.117343 0.734946 -0.127859
0.00816923 0.815845 -0.127859
-0.143453 0.697923 -0.232438
-0.199183 0.766815 -0.182638
-0.130783 0.615124 -0.127859
-0.113066 0.794629 -0.127859
-0.110323 0.607156 -0.127859
-0.124367 0.704648 -0.232438
0.0289315 0.699221 -0.207538
-0.109865 0.602259 -0.127859
0.0275578 0.713913 -0.212518
-0.154137 0.864892 -0.127859
-0.191398 0.683559 -0.207538
-0.186049 0.837207 -0.127859
-0.0271 0.87677 -0.207538
-0.109402 0.755449 -0.127859
-0.106659 0.567977 -0.127859
-0.117498 0.631186 -0.127859
-0.120241 0.818659 -0.127859
-0.0235922 0.733831 -0.127859
-0.197351 0.747226 -0.202558
-0.104667 0.810235 -0.127859
-0.101924 0.622762 -0.127859
0.0203777 0.579855 -0.202558
-0.126959 0.837792 -0.127859
0.0220626 0.772682 -0.132839
0.0252637 0.580312 -0.132839
-0.127879 0.689499 -0.127859
-0.140097 0.609312 -0.232438
-0.140857 0.722867 -0.232438
-0.0752001 0.758647 -0.127859
-0.0729149 0.576072 -0.127859
-0.135815 0.827083 -0.232438
-0.0744398 0.645093 -0.127859
-0.126043 0.827997 -0.127859
-0.0124463 0.720053 -0.232438
-0.0886356 0.796913 -0.127859
-0.0863504 0.614338 -0.127859
0.0211468 0.782477 -0.187618
-0.131089 0.565693 -0.177659
-0.0416114 0.662983 -0.127859
-0.121464 0.779023 -0.127859
-0.165594 0.671151 -0.127859
-0.138567 0.69838 -0.232438
-0.186819 0.634585 -0.202558
-0.111999 0.730505 -0.127859
-0.119632 0.759433 -0.127859
-0.0831404 0.738144 -0.127859
-0.139479 0.866262 -0.197578
-0.178567 0.862607 -0.127859
-0.017488 0.615837 -0.232438
-0.185289 0.723652 -0.127859
-0.097803 0.578685 -0.127859
-0.176584 0.788689 -0.232438
-0.113221 0.690869 -0.127859
-0.0835984 0.743041 -0.232438
-0.0165721 0.606042 -0.127859
0.0106056 0.578942 -0.217498
-0.160406 0.562951 -0.152759
-0.115049 0.868547 -0.127859
-0.11139 0.671279 -0.127859
-0.0431363 0.732004 -0.232438
-0.112763 0.685972 -0.127859
0.0124462 0.875528 -0.192598
-0.112305 0.681074 -0.127859
-0.13185 0.679247 -0.127859
-0.183302 0.807822 -0.127859
-0.113675 0.853854 -0.127859
-0.110474 0.661485 -0.127859
0.0139711 0.806507 -0.232438
0.0171722 0.614137 -0.232438
-0.0107658 0.754792 -0.232438
-0.17048 0.670695 -0.127859
-0.109558 0.65169 -0.127859
-0.108642 0.641895 -0.127859
-0.175979 0.571376 -0.127859
-0.122989 0.848043 -0.232438
-0.106352 0.617408 -0.127859
-0.053064 0.627331 -0.127859
-0.105894 0.61251 -0.127859
-0.206509 0.845174 -0.172679
-0.162388 0.636869 -0.127859
0.0390059 0.591478 -0.192598
0.0193151 0.802066 -0.167699
-0.104521 0.597818 -0.127859
-0.0857324 0.871288 -0.137819
-0.104516 0.755906 -0.127859
-0.103147 0.583126 -0.127859
-0.188192 0.649277 -0.197578
0.0217559 0.723251 -0.127859
-0.105432 0.765701 -0.127859
-0.102231 0.573331 -0.127859
-0.0672597 0.779151 -0.127859
-0.0645166 0.591678 -0.127859
-0.139332 0.653846 -0.127859
-0.0463418 0.766286 -0.232438
-0.10589 0.770598 -0.127859
-0.101773 0.568434 -0.127859
-0.0906184 0.870831 -0.227458
-0.124821 0.867633 -0.127859
-0.124363 0.862736 -0.127859
-0.103294 0.795542 -0.232438
-0.119326 0.808864 -0.127859
-0.116578 0.779479 -0.127859
0.0183992 0.811861 -0.217498
-0.192772 0.698252 -0.132839
-0.180865 0.570919 -0.232438
-0.136429 0.728221 -0.127859
-0.030919 0.81219 -0.127859
-0.0281759 0.624718 -0.127859
-0.087115 0.569804 -0.202558
-0.10513 0.657044 -0.127859
-0.00359014 0.730761 -0.127859
-0.16193 0.631972 -0.127859
-0.180096 0.77354 -0.127859
-0.177353 0.586068 -0.127859
-0.185903 0.62479 -0.227458
-0.198267 0.757021 -0.217498
-0.128795 0.699293 -0.232438
-0.112457 0.735403 -0.127859
-0.20422 0.820687 -0.232438
-0.087573 0.574702 -0.232438
-0.0912319 0.771969 -0.232438
-0.0472577 0.776081 -0.127859
-0.197351 0.747226 -0.147779
-0.131543 0.728678 -0.127859
-0.129556 0.812848 -0.127859
-0.150633 0.563865 -0.222478
0.017021 0.668466 -0.127859
-0.110167 0.710916 -0.127859
-0.0923034 0.678004 -0.232438
-0.0243525 0.847386 -0.232438
-0.0206935 0.650118 -0.232438
-0.108793 0.696223 -0.127859
-0.0715367 0.719468 -0.127859
-0.0661883 0.873115 -0.127859
0.0255705 0.629743 -0.127859
-0.186361 0.629688 -0.147779
-0.0945886 0.860579 -0.127859
-0.108335 0.691326 -0.127859
-0.0570342 0.617079 -0.232438
-0.0606931 0.814346 -0.232438
-0.106046 0.666839 -0.127859
0.0142779 0.855938 -0.157739
-0.120553 0.61114 -0.232438
-0.122838 0.793715 -0.232438
-0.116578 0.779479 -0.232438
-0.0327552 0.673692 -0.232438
0.00221617 0.879511 -0.147779
-0.103756 0.642352 -0.127859
-0.00618211 0.863905 -0.127859
-0.0920011 0.569347 -0.177659
-0.0655836 0.655802 -0.127859
-0.105125 0.815132 -0.127859
-0.101466 0.617865 -0.127859
-0.125132 0.660114 -0.232438
-0.126203 0.566149 -0.127859
-0.184071 0.605201 -0.127859
-0.191851 0.846545 -0.127859
-0.18773 0.802468 -0.127859
-0.103752 0.80044 -0.127859
-0.101008 0.612967 -0.127859
-0.0208402 0.862535 -0.127859
-0.0190085 0.842945 -0.127859
-0.0515302 0.874486 -0.222478
-0.0148872 0.798868 -0.127859
-0.0687847 0.848171 -0.127859
-0.0125975 0.774381 -0.127859
-0.0116817 0.764587 -0.127859
-0.16651 0.680946 -0.127859
-0.0501564 0.859794 -0.232438
-0.0107658 0.754792 -0.127859
-0.189717 0.718298 -0.127859
-0.0103079 0.749894 -0.127859
-0.148335 0.855554 -0.232438
-0.00847617 0.730305 -0.127859
-0.082069 0.832108 -0.127859
-0.0788679 0.639739 -0.127859
-0.00756032 0.72051 -0.127859
-0.00618654 0.705818 -0.127859
-0.00572861 0.70092 -0.127859
-0.154906 0.66227 -0.232438
-0.00481276 0.691125 -0.127859
-0.00755589 0.878598 -0.127859
-0.0817667 0.723452 -0.232438
-0.155519 0.563408 -0.227458
-0.0038969 0.68133 -0.127859
-0.087115 0.569804 -0.192598
-0.00343897 0.676433 -0.127859
-0.00664004 0.868803 -0.127859
-0.0258818 0.758318 -0.232438
-0.00298105 0.671536 -0.127859
-0.00206519 0.661741 -0.127859
-0.00160727 0.656843 -0.127859
-0.0771829 0.832565 -0.232438
-0.00114934 0.651946 -0.127859
-0.00389247 0.839418 -0.127859
-0.187734 0.64438 -0.162719
-0.000691412 0.647049 -0.127859
-0.0043504 0.844316 -0.127859
0.0241967 0.644435 -0.127859
-0.190024 0.668867 -0.147779
-0.044968 0.751594 -0.232438
-0.0675709 0.571632 -0.127859
0.000224443 0.637254 -0.127859
-0.0700073 0.808535 -0.232438
-0.087115 0.569804 -0.227458
0.0011403 0.627459 -0.127859
0.00159822 0.622561 -0.127859
-0.00160284 0.814931 -0.127859
-0.194603 0.717841 -0.157739
0.00297201 0.607869 -0.127859
-0.000686983 0.805136 -0.127859
-0.180861 0.729007 -0.232438
-0.122078 0.680161 -0.232438
-0.0361118 0.762302 -0.127859
0.00434579 0.593177 -0.127859
-0.0187106 0.5762 -0.197578
0.00480371 0.58828 -0.127859
-0.163762 0.651562 -0.232438
-0.01687 0.872787 -0.127859
-0.140861 0.564779 -0.212518
-0.0400864 0.593963 -0.232438
-0.192007 0.742785 -0.127859
-0.150473 0.825712 -0.127859
-0.0164121 0.867889 -0.127859
-0.182235 0.743699 -0.232438
-0.171547 0.734818 -0.232438
-0.0141225 0.843402 -0.127859
-0.196893 0.742328 -0.177659
-0.153532 0.647578 -0.232438
-0.0127487 0.82871 -0.127859
-0.200708 0.835836 -0.232438
-0.00618654 0.705818 -0.232438
-0.169257 0.710331 -0.232438
-0.0118328 0.818915 -0.127859
-0.128951 0.595534 -0.232438
-0.132152 0.787904 -0.232438
-0.145592 0.668081 -0.127859
-0.158569 0.70145 -0.232438
-0.010917 0.80912 -0.127859
-0.0808464 0.871745 -0.187618
-0.0480268 0.573459 -0.162719
-0.0289406 0.580184 -0.232438
-0.150633 0.563865 -0.127859
-0.153377 0.751337 -0.127859
-0.146357 0.623548 -0.232438
-0.183453 0.862151 -0.227458
-0.0414558 0.766743 -0.127859
-0.0387126 0.57927 -0.127859
-0.0100011 0.799325 -0.127859
-0.121317 0.566606 -0.177659
-0.00266986 0.879054 -0.127859
0.0350358 0.581226 -0.232438
-0.00862734 0.784633 -0.127859
-0.0176347 0.828253 -0.127859
-0.115667 0.611597 -0.232438
-0.118561 0.853398 -0.232438
0.0257261 0.733503 -0.147779
-0.0154962 0.858094 -0.127859
-0.00496392 0.745454 -0.127859
-0.184222 0.659529 -0.127859
-0.00450599 0.740556 -0.127859
-0.181323 0.575816 -0.162719
-0.00404807 0.735659 -0.127859
-0.00267429 0.720967 -0.127859
-0.0448124 0.855353 -0.232438
-0.00221636 0.716069 -0.127859
-0.00130051 0.706274 -0.127859
-0.0417581 0.8754 -0.142799
-0.000842578 0.701377 -0.127859
0.0113703 0.623475 -0.127859
-0.155973 0.726394 -0.232438
0.0138199 0.860835 -0.152759
-0.0529128 0.573002 -0.157739
-0.00680006 0.606955 -0.232438
-0.000384651 0.69648 -0.127859
7.32763e-05 0.691582 -0.127859
-0.0808464 0.871745 -0.142799
0.000531203 0.686685 -0.127859
-0.0933748 0.58404 -0.232438
-0.0970338 0.781307 -0.232438
0.00098913 0.681787 -0.127859
-0.0466441 0.874943 -0.137819
-0.16422 0.656459 -0.232438
-0.104979 0.602716 -0.232438
-0.0368721 0.875856 -0.142799
-0.184529 0.610098 -0.182638
-0.18865 0.654175 -0.182638
-0.0510767 0.711501 -0.232438
0.00144706 0.67689 -0.127859
0.0348846 0.635554 -0.212518
0.000833536 0.578028 -0.142799
0.00236291 0.667095 -0.127859
-0.000380222 0.854567 -0.127859
0.0344267 0.640452 -0.212518
-0.0116861 0.606499 -0.127859
-0.0144292 0.793971 -0.127859
-0.15002 0.662727 -0.127859
0.00282084 0.662198 -0.127859
-0.00083815 0.859465 -0.127859
-0.106659 0.567977 -0.192598
-0.00435483 0.686228 -0.127859
0.00373669 0.652403 -0.127859
0.00419462 0.647505 -0.127859
-0.00755589 0.878598 -0.217498
0.0267931 0.669379 -0.127859
-0.0458839 0.761388 -0.127859
0.00511047 0.637711 -0.127859
0.0220626 0.772682 -0.167699
0.0252637 0.580312 -0.167699
-0.202388 0.801097 -0.137819
-0.045426 0.756491 -0.127859
0.0055684 0.632813 -0.127859
-0.20193 0.7962 -0.217498
0.00602633 0.627916 -0.127859
0.00648426 0.623018 -0.127859
0.00831596 0.603429 -0.127859
0.00557283 0.790901 -0.127859
0.0353425 0.630657 -0.157739
0.00877389 0.598531 -0.127859
0.00603076 0.786004 -0.127859
0.0129041 0.87063 -0.132839
-0.0171812 0.665268 -0.127859
-0.153225 0.697009 -0.232438
0.00968975 0.588736 -0.127859
0.00694661 0.776209 -0.127859
-0.0457327 0.70706 -0.232438
-0.0759603 0.872202 -0.137819
0.0106056 0.578942 -0.127859
0.00832039 0.761517 -0.127859
-0.206967 0.850071 -0.232438
-0.011984 0.873243 -0.127859
-0.0115261 0.868346 -0.127859
-0.00969436 0.848756 -0.127859
-0.147272 0.633343 -0.232438
-0.203762 0.81579 -0.132839
-0.00877851 0.838961 -0.127859
-0.186819 0.634585 -0.127859
-0.00832058 0.834064 -0.127859
0.0225206 0.767785 -0.227458
-0.00557302 0.80468 -0.127859
-0.00511509 0.799782 -0.127859
-0.00465716 0.794885 -0.127859
-0.00328338 0.780192 -0.127859
0.0238943 0.753092 -0.137819
-0.0040525 0.577571 -0.162719
-0.00282545 0.775295 -0.127859
0.0344267 0.640452 -0.232438
-0.00236753 0.770398 -0.127859
-0.153839 0.598147 -0.127859
-0.156582 0.785619 -0.127859
-0.114595 0.705561 -0.127859
-0.109251 0.701121 -0.232438
-0.172009 0.581627 -0.127859
-0.0019096 0.7655 -0.127859
-0.00160727 0.656843 -0.232438
-0.198418 0.811349 -0.232438
0.00571957 0.578485 -0.172679
-0.148033 0.746897 -0.127859
-0.189108 0.659072 -0.232438
-0.186814 0.792673 -0.232438
-0.00145167 0.760603 -0.127859
-0.189108 0.659072 -0.182638
0.00571957 0.578485 -0.127859
-0.000993744 0.755705 -0.127859
-0.000535817 0.750808 -0.127859
0.0350358 0.581226 -0.212518
0.000837964 0.736116 -0.127859
0.00175382 0.726321 -0.127859
-0.0890979 0.643722 -0.232438
-0.0767295 0.66958 -0.127859
-0.069247 0.694981 -0.232438
-0.022214 0.877227 -0.207538
0.0179413 0.816759 -0.152759
-0.0396241 0.747153 -0.232438
0.00221175 0.721424 -0.127859
-0.0558071 0.814803 -0.127859
-0.0526061 0.622433 -0.127859
0.0031276 0.711629 -0.127859
-0.0956645 0.608527 -0.232438
-0.0997814 0.810691 -0.232438
-0.0955045 0.870374 -0.177659
-0.056265 0.819701 -0.127859
0.00358553 0.706731 -0.127859
-0.0431408 0.573916 -0.207538
0.00450138 0.696936 -0.127859
-0.141008 0.777195 -0.232438
0.00495931 0.692039 -0.127859
-0.110163 0.869004 -0.172679
0.00541724 0.687142 -0.127859
-0.0661883 0.873115 -0.162719
0.00587516 0.682244 -0.127859
0.00633309 0.677347 -0.127859
-0.0724569 0.571175 -0.132839
-0.00740915 0.666181 -0.127859
-0.0110681 0.863449 -0.127859
-0.0608443 0.868675 -0.127859
-0.0581012 0.681202 -0.127859
0.00679102 0.672449 -0.127859
0.00724894 0.667552 -0.127859
0.00404788 0.859922 -0.127859
0.0109124 0.628373 -0.127859
0.00862715 0.810948 -0.127859
-0.110469 0.819573 -0.232438
-0.186361 0.629688 -0.157739
-0.0955089 0.712286 -0.127859
0.0122861 0.61368 -0.127859
0.0307632 0.679631 -0.197578
0.0303053 0.684528 -0.152759
-0.104521 0.597818 -0.232438
-0.0613022 0.873572 -0.227458
-0.0651257 0.650904 -0.127859
0.013202 0.603886 -0.127859
0.0104589 0.791358 -0.127859
0.0179413 0.816759 -0.227458
0.0141178 0.594091 -0.127859
-0.110163 0.869004 -0.182638
0.0145758 0.589193 -0.127859
-0.203304 0.810892 -0.137819
-0.00709796 0.8737 -0.127859
0.00679544 0.830537 -0.232438
-0.207883 0.859866 -0.232438
-0.00480833 0.849213 -0.127859
-0.186361 0.629688 -0.162719
-0.00343455 0.834521 -0.127859
-0.159485 0.711244 -0.232438
-0.0941307 0.855682 -0.127859
-0.00297662 0.829623 -0.127859
-0.00206076 0.819829 -0.127859
-0.00114491 0.810034 -0.127859
0.00160265 0.780649 -0.127859
-0.17979 0.822971 -0.232438
0.0348846 0.635554 -0.157739
0.00389229 0.756162 -0.127859
-0.181319 0.733904 -0.127859
-0.0290917 0.634512 -0.232438
-0.0322928 0.826882 -0.232438
0.0353425 0.630657 -0.177659
-0.166359 0.626618 -0.127859
0.00435021 0.751265 -0.127859
-0.0318349 0.821985 -0.232438
0.00526607 0.74147 -0.127859
0.0156517 0.841246 -0.142799
-0.191398 0.683559 -0.132839
-0.186049 0.837207 -0.232438
0.005724 0.736573 -0.127859
0.0139667 0.648419 -0.232438
0.00618192 0.731675 -0.127859
0.0275578 0.713913 -0.232438
0.0165675 0.831451 -0.127859
0.00709778 0.72188 -0.127859
-0.0161142 0.601144 -0.232438
0.0075557 0.716983 -0.127859
-0.022214 0.877227 -0.227458
-0.188339 0.861694 -0.162719
-0.193687 0.708046 -0.197578
0.00801363 0.712085 -0.127859
-0.146663 0.574117 -0.127859
-0.0611555 0.661156 -0.232438
-0.0865015 0.668666 -0.127859
0.00938741 0.697393 -0.127859
0.0103033 0.687598 -0.127859
0.00801806 0.870173 -0.127859
-0.104823 0.706475 -0.232438
0.0107612 0.682701 -0.127859
0.0112191 0.677804 -0.127859
0.00710221 0.879968 -0.127859
0.012135 0.668009 -0.127859
0.00847599 0.865276 -0.127859
0.0125929 0.663111 -0.127859
0.0130508 0.658214 -0.127859
0.0103077 0.845686 -0.127859
0.0135088 0.653316 -0.127859
0.00984977 0.850584 -0.127859
0.0312212 0.674734 -0.197578
-0.0814643 0.614795 -0.127859
-0.148495 0.593706 -0.232438
0.0148825 0.638624 -0.127859
0.0180925 0.76243 -0.232438
-0.00527068 0.696023 -0.232438
-0.179029 0.709417 -0.232438
0.0153405 0.633727 -0.127859
0.0125973 0.821199 -0.127859
-0.174757 0.611012 -0.232438
0.0157984 0.628829 -0.127859
0.0193151 0.802066 -0.227458
0.0303053 0.684528 -0.227458
0.0162563 0.623932 -0.127859
0.014887 0.796712 -0.127859
-0.0112237 0.759689 -0.127859
0.0167142 0.619035 -0.127859
-0.165292 0.562495 -0.182638
-0.175064 0.561581 -0.137819
-0.0426784 0.727107 -0.232438
0.0171722 0.614137 -0.127859
0.0139711 0.806507 -0.127859
-0.162846 0.641767 -0.127859
0.0257261 0.733503 -0.127859
0.018088 0.604342 -0.127859
0.00801806 0.870173 -0.232438
0.0103033 0.687598 -0.232438
0.018546 0.599445 -0.127859
-0.113528 0.641438 -0.232438
0.0190039 0.594548 -0.127859
0.0162607 0.78202 -0.127859
0.0194618 0.58965 -0.127859
0.0158028 0.786917 -0.127859
0.0109168 0.78646 -0.232438
0.0203777 0.579855 -0.127859
0.0249614 0.688969 -0.127859
-0.20422 0.820687 -0.172679
-0.136433 0.570133 -0.232438
-0.0596261 0.750223 -0.127859
-0.00221193 0.874157 -0.127859
0.00511047 0.637711 -0.232438
0.000535632 0.844773 -0.127859
0.000993559 0.839875 -0.127859
0.0380901 0.601272 -0.207538
0.00145149 0.834978 -0.127859
0.00190941 0.83008 -0.127859
0.00236734 0.825183 -0.127859
-0.0434387 0.840661 -0.232438
-0.0733684 0.739058 -0.127859
-0.121313 0.724694 -0.127859
0.00419905 0.805593 -0.127859
0.0051149 0.795798 -0.127859
0.00648868 0.781106 -0.127859
-0.091841 0.831195 -0.232438
-0.119023 0.700207 -0.127859
0.00786247 0.766414 -0.127859
-0.145747 0.564322 -0.212518
0.00877832 0.756619 -0.127859
0.00969417 0.746824 -0.127859
-0.00237195 0.61231 -0.232438
-0.147575 0.742 -0.232438
0.0101521 0.741927 -0.127859
0.01061 0.737029 -0.127859
-0.0857324 0.871288 -0.232438
-0.0926102 0.628573 -0.232438
-0.0958112 0.820943 -0.232438
0.0193151 0.802066 -0.142799
0.0115259 0.727235 -0.127859
-0.138416 0.644051 -0.232438
-0.118259 0.744741 -0.127859
0.0119838 0.722337 -0.127859
-0.188801 0.708503 -0.127859
-0.187121 0.743242 -0.127859
0.0124417 0.71744 -0.127859
0.0133576 0.707645 -0.127859
0.0151893 0.688055 -0.127859
0.0124462 0.875528 -0.127859
0.0161052 0.67826 -0.127859
-0.13887 0.807037 -0.232438
-0.0307679 0.757862 -0.127859
0.0165631 0.673363 -0.127859
0.0151937 0.846143 -0.127859
-0.055198 0.755577 -0.127859
-0.116729 0.833808 -0.127859
-0.0669574 0.670494 -0.232438
-0.0706164 0.867761 -0.232438
0.0174789 0.663568 -0.127859
0.0142779 0.855938 -0.127859
-0.205136 0.830482 -0.152759
-0.0321416 0.772554 -0.127859
-0.0387126 0.57927 -0.232438
-0.0414558 0.766743 -0.232438
0.0179369 0.658671 -0.127859
0.0193106 0.643979 -0.127859
0.0156517 0.841246 -0.127859
0.0202265 0.634184 -0.127859
-0.129707 0.867176 -0.162719
-0.0550469 0.701249 -0.232438
-0.123451 0.694853 -0.127859
0.0206844 0.629286 -0.127859
0.0211424 0.624389 -0.127859
0.0183992 0.811861 -0.127859
-0.0632895 0.789402 -0.127859
0.0216003 0.619491 -0.127859
0.0220582 0.614594 -0.127859
0.0229741 0.604799 -0.127859
0.0193151 0.802066 -0.127859
0.0170254 0.826554 -0.187618
-0.0573365 0.725736 -0.127859
-0.0380991 0.678132 -0.127859
-0.163611 0.597233 -0.232438
-0.16727 0.7945 -0.232438
-0.20193 0.7962 -0.127859
-0.12238 0.788817 -0.127859
0.0248058 0.58521 -0.127859
-0.0877241 0.62903 -0.232438
-0.0913831 0.826297 -0.232438
-0.202388 0.801097 -0.127859
0.0252637 0.580312 -0.127859
0.0220626 0.772682 -0.127859
0.0371742 0.611067 -0.227458
-0.196893 0.742328 -0.202558
0.00313203 0.869717 -0.127859
-0.0284827 0.575287 -0.222478
0.00358996 0.864819 -0.127859
0.00450581 0.855024 -0.127859
0.0220626 0.772682 -0.172679
0.0252637 0.580312 -0.172679
-0.202388 0.801097 -0.177659
0.00633752 0.835435 -0.127859
-0.207425 0.854969 -0.217498
0.00679544 0.830537 -0.127859
-0.207883 0.859866 -0.217498
-0.0413002 0.870502 -0.232438
0.00725337 0.82564 -0.127859
0.0183992 0.811861 -0.227458
0.0109168 0.78646 -0.127859
0.0118326 0.776666 -0.127859
-0.144365 0.865806 -0.202558
-0.0692426 0.853069 -0.127859
-0.0683312 0.685186 -0.127859
0.0132064 0.761973 -0.127859
0.0136644 0.757076 -0.127859
-0.12101 0.616037 -0.127859
-0.093526 0.638368 -0.232438
0.0154961 0.737486 -0.127859
0.00327877 0.6573 -0.232438
-0.0555004 0.864234 -0.232438
0.0173278 0.717897 -0.127859
0.014887 0.796712 -0.232438
0.0162563 0.623932 -0.232438
-0.133984 0.807493 -0.232438
0.0177857 0.712999 -0.127859
0.0362584 0.620862 -0.232438
0.0182436 0.708102 -0.127859
0.0187015 0.703204 -0.127859
-0.0180926 0.83315 -0.232438
-0.0153495 0.645678 -0.232438
-0.117801 0.739843 -0.232438
-0.126199 0.724237 -0.127859
0.0191595 0.698307 -0.127859
0.0196174 0.69341 -0.127859
-0.0834428 0.846801 -0.232438
0.0214491 0.67382 -0.127859
0.0194662 0.747738 -0.232438
0.0295406 0.639995 -0.127859
0.022365 0.664025 -0.127859
-0.0808464 0.871745 -0.217498
0.0228229 0.659128 -0.127859
0.0232808 0.65423 -0.127859
-0.199183 0.766815 -0.167699
0.0237387 0.649333 -0.127859
-0.184987 0.614995 -0.182638
0.00190498 0.671992 -0.127859
-0.0506187 0.706603 -0.232438
-0.184071 0.605201 -0.202558
-0.0352004 0.594419 -0.232438
-0.179336 0.659986 -0.232438
0.0150337 0.584296 -0.127859
0.0246546 0.639538 -0.127859
-0.156275 0.83505 -0.232438
-0.09887 0.642809 -0.232438
-0.101613 0.830281 -0.232438
0.0260284 0.624846 -0.127859
-0.017328 0.877684 -0.207538
0.0225206 0.767785 -0.167699
-0.145747 0.564322 -0.167699
0.0278601 0.605256 -0.127859
0.0229785 0.762887 -0.177659
0.028318 0.600359 -0.127859
0.0335108 0.650247 -0.167699
0.0187015 0.703204 -0.232438
0.0287759 0.595461 -0.127859
0.0191595 0.698307 -0.232438
0.0292339 0.590564 -0.127859
0.0174834 0.821656 -0.127859
0.0296918 0.585666 -0.127859
0.0301497 0.580769 -0.127859
-0.102378 0.785747 -0.232438
-0.0345824 0.851369 -0.127859
-0.0310702 0.866518 -0.127859
-0.0283271 0.679046 -0.127859
0.00756013 0.875071 -0.127859
-0.0284827 0.575287 -0.127859
-0.102991 0.686885 -0.127859
0.00939184 0.855481 -0.127859
-0.1917 0.792216 -0.232438
0.0107656 0.840789 -0.127859
-0.170324 0.774454 -0.232438
0.0116815 0.830994 -0.127859
-0.0480224 0.731547 -0.232438
0.0121394 0.826097 -0.127859
0.0380901 0.601272 -0.147779
0.0135132 0.811404 -0.127859
-0.165292 0.562495 -0.137819
0.0153449 0.791815 -0.127859
-0.159792 0.661813 -0.232438
-0.0712343 0.610811 -0.232438
0.0167187 0.777122 -0.127859
0.0180925 0.76243 -0.127859
0.0211468 0.782477 -0.197578
0.0190083 0.752635 -0.127859
-0.181777 0.738801 -0.232438
-0.0930681 0.633471 -0.127859
0.0194662 0.747738 -0.127859
-0.0864971 0.826754 -0.232438
0.0312212 0.674734 -0.187618
0.02084 0.733046 -0.127859
0.0222138 0.718354 -0.127859
-0.0238945 0.842488 -0.127859
-0.0211514 0.655016 -0.127859
-0.0530596 0.785419 -0.232438
-0.0304611 0.807293 -0.127859
0.0240455 0.698764 -0.127859
-0.161161 0.834594 -0.232438
-0.0762715 0.664683 -0.127859
-0.0825269 0.837006 -0.232438
-0.133984 0.807493 -0.127859
-0.0417625 0.717312 -0.232438
-0.0293941 0.743169 -0.232438
0.0245034 0.693866 -0.127859
-0.129098 0.80795 -0.232438
0.0254193 0.684072 -0.127859
0.0174834 0.821656 -0.142799
-0.0248148 0.694195 -0.127859
0.0263351 0.674277 -0.127859
0.00770687 0.662655 -0.232438
0.027251 0.664482 -0.127859
0.0277089 0.659585 -0.127859
0.0281669 0.654687 -0.127859
0.0290827 0.644892 -0.127859
-0.194603 0.717841 -0.222478
0.0299986 0.635097 -0.127859
-0.187734 0.64438 -0.152759
-0.066953 0.828582 -0.127859
0.0313723 0.620405 -0.127859
0.0170254 0.826554 -0.162719
-0.00603094 0.809577 -0.127859
0.0322882 0.61061 -0.127859
0.033204 0.600816 -0.127859
-0.203762 0.81579 -0.212518
0.033662 0.595918 -0.127859
0.0350358 0.581226 -0.127859
-0.0906184 0.870831 -0.177659
-0.182239 0.585611 -0.192598
-0.100088 0.76126 -0.127859
-0.157044 0.632429 -0.232438
-0.15933 0.815004 -0.232438
0.0119882 0.880425 -0.127859
-0.0492405 0.849999 -0.232438
-0.100702 0.662398 -0.127859
0.013362 0.865733 -0.127859
-0.0797838 0.649534 -0.232438
-0.0811531 0.822314 -0.232438
-0.126203 0.566149 -0.197578
-0.0674153 0.675391 -0.127859
0.0206889 0.787374 -0.127859
-0.0803884 0.866847 -0.232438
0.0216047 0.777579 -0.127859
0.0238943 0.753092 -0.127859
0.0243523 0.748195 -0.127859
0.0248102 0.743297 -0.127859
-0.0301588 0.698636 -0.232438
-0.0458883 0.603301 -0.232438
-0.166963 0.843931 -0.127859
0.026184 0.728605 -0.127859
0.0275578 0.713913 -0.127859
-0.0306167 0.703533 -0.232438
0.0284736 0.704118 -0.127859
-0.191856 0.688457 -0.137819
-0.0603908 0.705689 -0.127859
-0.0976474 0.682445 -0.232438
0.0289315 0.699221 -0.127859
-0.151549 0.57366 -0.232438
-0.199641 0.771713 -0.222478
0.0307632 0.679631 -0.127859
0.0390059 0.591478 -0.212518
0.0312212 0.674734 -0.127859
-0.197351 0.747226 -0.177659
0.032137 0.664939 -0.127859
-0.183453 0.862151 -0.182638
0.0293895 0.694323 -0.207538
-0.156431 0.731291 -0.232438
-0.141622 0.678333 -0.127859
-0.144365 0.865806 -0.127859
0.032595 0.660041 -0.127859
-0.0985632 0.69224 -0.127859
0.0330529 0.655144 -0.127859
-0.087115 0.569804 -0.212518
-0.155671 0.617737 -0.127859
-0.104672 0.652147 -0.232438
-0.107415 0.839619 -0.232438
0.0335108 0.650247 -0.127859
0.0348846 0.635554 -0.127859
-0.189717 0.718298 -0.232438
-0.0895514 0.806708 -0.232438
0.0362584 0.620862 -0.127859
0.0289315 0.699221 -0.202558
0.0367163 0.615965 -0.127859
-0.0380947 0.83622 -0.232438
0.0371742 0.611067 -0.127859
0.0243523 0.748195 -0.182638
-0.170782 0.779351 -0.232438
0.0390059 0.591478 -0.127859
0.0394639 0.58658 -0.127859
-0.201472 0.791302 -0.147779
-0.177046 0.635499 -0.127859
0.0399218 0.581683 -0.127859
-0.187276 0.639483 -0.177659
-0.0522949 0.829952 -0.127859
-0.0490938 0.637582 -0.127859
-0.207425 0.854969 -0.232438
-0.206509 0.845174 -0.232438
-0.119179 0.596448 -0.232438
-0.173681 0.863064 -0.167699
-0.206051 0.840277 -0.232438
-0.126506 0.674806 -0.232438
-0.129707 0.867176 -0.232438
-0.205136 0.830482 -0.232438
-0.146659 0.732205 -0.232438
-0.129098 0.80795 -0.127859
-0.0600841 0.75512 -0.232438
-0.104058 0.751009 -0.232438
-0.204678 0.825584 -0.232438
-0.203762 0.81579 -0.232438
-0.203304 0.810892 -0.232438
-0.149251 0.865349 -0.232438
-0.110163 0.869004 -0.132839
-0.202846 0.805995 -0.232438
-0.151696 0.786076 -0.232438
-0.199183 0.766815 -0.232438
-0.201014 0.786405 -0.232438
0.0129041 0.87063 -0.177659
-0.119174 0.754535 -0.232438
-0.200098 0.77661 -0.232438
-0.199641 0.771713 -0.232438
-0.198267 0.757021 -0.232438
-0.197809 0.752123 -0.232438
0.0289315 0.699221 -0.232438
-0.196893 0.742328 -0.232438
0.0335108 0.650247 -0.132839
-0.195061 0.722739 -0.232438
-0.194603 0.717841 -0.232438
0.0248102 0.743297 -0.192598
-0.192772 0.698252 -0.232438
0.0252681 0.7384 -0.192598
-0.170178 0.562038 -0.187618
-0.192314 0.693354 -0.232438
-0.191856 0.688457 -0.232438
-0.191398 0.683559 -0.232438
-0.19094 0.678662 -0.232438
-0.190024 0.668867 -0.232438
-0.185898 0.782878 -0.232438
-0.188192 0.649277 -0.232438
-0.187734 0.64438 -0.232438
-0.0130599 0.621191 -0.127859
-0.0153451 0.803766 -0.127859
-0.060542 0.760018 -0.232438
0.0301497 0.580769 -0.142799
-0.207425 0.854969 -0.177659
-0.187276 0.639483 -0.232438
-0.188646 0.812263 -0.232438
-0.159023 0.864435 -0.132839
-0.186819 0.634585 -0.232438
-0.0724569 0.571175 -0.227458
-0.0260374 0.654559 -0.232438
-0.15628 0.676962 -0.127859
-0.198111 0.86078 -0.127859
-0.186361 0.629688 -0.232438
-0.189562 0.822058 -0.232438
0.00068237 0.632356 -0.127859
-0.0639031 0.69054 -0.232438
-0.0255795 0.649662 -0.232438
-0.197809 0.752123 -0.217498
-0.185445 0.619893 -0.232438
-0.190478 0.831852 -0.232438
-0.184071 0.605201 -0.232438
-0.191851 0.846545 -0.232438
-0.18773 0.802468 -0.232438
-0.107415 0.839619 -0.127859
-0.104672 0.652147 -0.127859
-0.0939795 0.801353 -0.232438
-0.183613 0.600303 -0.232438
-0.192309 0.851442 -0.232438
-0.182697 0.590508 -0.232438
-0.193225 0.861237 -0.232438
-0.203762 0.81579 -0.152759
-0.163758 0.80965 -0.127859
-0.161015 0.622177 -0.127859
-0.137958 0.639154 -0.232438
-0.1517 0.627988 -0.232438
-0.0796282 0.753293 -0.232438
-0.0906184 0.870831 -0.212518
-0.0150383 0.853197 -0.232438
-0.0127531 0.670622 -0.232438
-0.137496 0.792344 -0.127859
-0.182239 0.585611 -0.232438
-0.126812 0.625375 -0.232438
-0.130471 0.822642 -0.232438
-0.181323 0.575816 -0.232438
-0.202081 0.850528 -0.232438
-0.201623 0.845631 -0.232438
-0.20025 0.830939 -0.232438
-0.0990211 0.697137 -0.232438
-0.199334 0.821144 -0.232438
-0.139479 0.866262 -0.212518
-0.0687847 0.848171 -0.232438
-0.198876 0.816246 -0.232438
-0.0280203 0.728477 -0.127859
-0.197502 0.801554 -0.232438
-0.197044 0.796657 -0.232438
0.0188571 0.806964 -0.227458
-0.196586 0.791759 -0.232438
-0.112608 0.789731 -0.127859
-0.108491 0.587566 -0.127859
-0.196128 0.786862 -0.232438
-0.0941307 0.855682 -0.232438
0.038548 0.596375 -0.167699
-0.0611555 0.661156 -0.127859
-0.19567 0.781964 -0.232438
-0.195212 0.777067 -0.232438
0.0394639 0.58658 -0.167699
-0.0202311 0.803309 -0.232438
-0.0275624 0.72358 -0.127859
-0.194754 0.77217 -0.232438
-0.194297 0.767272 -0.232438
0.0249614 0.688969 -0.232438
-0.193381 0.757477 -0.232438
-0.192465 0.747683 -0.232438
-0.082229 0.570261 -0.137819
-0.0700117 0.650447 -0.127859
-0.192007 0.742785 -0.232438
-0.190633 0.728093 -0.232438
0.0124417 0.71744 -0.232438
-0.189259 0.713401 -0.232438
-0.186663 0.738345 -0.232438
0.0289315 0.699221 -0.137819
-0.188343 0.703606 -0.232438
-0.186512 0.684016 -0.232438
-0.189411 0.767729 -0.232438
-0.0455771 0.810819 -0.127859
-0.128035 0.585739 -0.232438
0.00710221 0.879968 -0.187618
-0.186054 0.679119 -0.232438
-0.189868 0.772627 -0.232438
-0.185596 0.674221 -0.232438
-0.190326 0.777524 -0.232438
-0.022214 0.877227 -0.172679
-0.185138 0.669324 -0.232438
-0.187881 0.856796 -0.232438
-0.18468 0.664427 -0.232438
-0.187423 0.851899 -0.232438
-0.119326 0.808864 -0.232438
-0.0474133 0.672321 -0.232438
-0.082229 0.570261 -0.162719
-0.183764 0.654632 -0.232438
-0.155977 0.568306 -0.232438
-0.159178 0.760675 -0.232438
-0.0953533 0.816046 -0.127859
-0.110163 0.869004 -0.232438
-0.154137 0.864892 -0.222478
-0.182848 0.644837 -0.232438
-0.061609 0.824141 -0.232438
-0.0429852 0.677676 -0.232438
-0.103449 0.691783 -0.127859
-0.18239 0.639939 -0.232438
-0.181933 0.635042 -0.232438
-0.117801 0.739843 -0.127859
-0.181475 0.630145 -0.232438
-0.181017 0.625247 -0.232438
-0.18376 0.81272 -0.232438
0.0252681 0.7384 -0.217498
-0.110781 0.612054 -0.232438
0.0238943 0.753092 -0.177659
-0.180559 0.62035 -0.232438
-0.184218 0.817617 -0.232438
-0.180101 0.615452 -0.232438
-0.182386 0.798027 -0.232438
-0.168795 0.863521 -0.197578
-0.125892 0.773668 -0.232438
-0.0472621 0.617993 -0.232438
0.00999651 0.638167 -0.127859
0.0077113 0.820742 -0.127859
-0.172614 0.798941 -0.232438
-0.179643 0.610555 -0.232438
-0.182844 0.802925 -0.232438
0.0270998 0.71881 -0.222478
-0.191398 0.683559 -0.172679
-0.179185 0.605658 -0.232438
-0.178269 0.595863 -0.232438
-0.177811 0.590965 -0.232438
-0.0466441 0.874943 -0.222478
-0.196279 0.84119 -0.127859
-0.177353 0.586068 -0.232438
-0.180096 0.77354 -0.232438
-0.010459 0.804223 -0.127859
-0.0868083 0.619235 -0.232438
-0.176895 0.58117 -0.232438
-0.180554 0.778438 -0.232438
-0.0900093 0.811605 -0.232438
-0.175979 0.571376 -0.232438
0.0124462 0.875528 -0.222478
-0.101004 0.771055 -0.232438
-0.201472 0.791302 -0.212518
-0.160708 0.671608 -0.127859
-0.0533663 0.735988 -0.232438
-0.0330619 0.624261 -0.232438
-0.175522 0.566478 -0.232438
-0.178723 0.758848 -0.232438
-0.175064 0.561581 -0.232438
-0.179181 0.763745 -0.232438
-0.159023 0.864435 -0.187618
-0.198111 0.86078 -0.232438
-0.197195 0.850985 -0.232438
-0.196737 0.846088 -0.232438
0.0203777 0.579855 -0.147779
-0.194906 0.826498 -0.232438
0.0151937 0.846143 -0.147779
-0.103903 0.854768 -0.127859
-0.10116 0.667296 -0.127859
-0.194448 0.821601 -0.232438
0.0390059 0.591478 -0.207538
0.0312212 0.674734 -0.137819
-0.0828381 0.629487 -0.232438
-0.180865 0.570919 -0.187618
-0.0649701 0.754664 -0.127859
-0.192616 0.802011 -0.232438
-0.202388 0.801097 -0.182638
-0.0490894 0.79567 -0.232438
0.0367163 0.615965 -0.227458
-0.0310746 0.708431 -0.232438
-0.113982 0.804423 -0.127859
-0.192158 0.797114 -0.232438
-0.20422 0.820687 -0.217498
-0.188037 0.753037 -0.232438
-0.186205 0.733447 -0.232438
-0.115053 0.710459 -0.232438
-0.170178 0.562038 -0.182638
-0.0794726 0.857052 -0.127859
0.0252681 0.7384 -0.127859
-0.0687891 0.690083 -0.232438
-0.180865 0.570919 -0.182638
-0.0391661 0.742256 -0.232438
0.0234364 0.75799 -0.207538
-0.0759648 0.714114 -0.127859
-0.184373 0.713858 -0.232438
-0.183915 0.70896 -0.232438
-0.183457 0.704063 -0.232438
-0.124821 0.867633 -0.217498
0.0124462 0.875528 -0.167699
-0.182239 0.585611 -0.152759
-0.164522 0.765116 -0.127859
-0.182542 0.694268 -0.232438
0.0248102 0.743297 -0.217498
0.0179413 0.816759 -0.187618
-0.180408 0.566021 -0.217498
-0.163913 0.70589 -0.232438
-0.113377 0.58711 -0.127859
-0.154137 0.864892 -0.232438
-0.181626 0.684473 -0.232438
0.013362 0.865733 -0.232438
-0.181168 0.679576 -0.232438
-0.159641 0.607485 -0.232438
-0.162842 0.799855 -0.232438
-0.18071 0.674678 -0.232438
-0.182995 0.857253 -0.232438
-0.180252 0.669781 -0.232438
-0.179794 0.664883 -0.232438
-0.177962 0.645294 -0.232438
-0.180705 0.832766 -0.232438
-0.176589 0.630601 -0.232438
-0.187276 0.639483 -0.197578
-0.176131 0.625704 -0.232438
-0.176735 0.843018 -0.232438
0.0289315 0.699221 -0.192598
-0.175673 0.620807 -0.232438
-0.0944374 0.806251 -0.232438
-0.0319861 0.876313 -0.187618
-0.185445 0.619893 -0.157739
-0.0112282 0.601601 -0.232438
-0.175215 0.615909 -0.232438
-0.178416 0.808279 -0.232438
0.00969417 0.746824 -0.232438
-0.104063 0.592921 -0.232438
-0.174299 0.606114 -0.232438
-0.173841 0.601217 -0.232438
-0.0440566 0.583711 -0.232438
-0.168795 0.863521 -0.217498
0.0353425 0.630657 -0.132839
-0.19094 0.678662 -0.212518
-0.172925 0.591422 -0.232438
-0.0445101 0.746696 -0.232438
-0.0142825 0.581555 -0.232438
-0.0304655 0.649205 -0.232438
-0.0341245 0.846472 -0.232438
-0.172009 0.581627 -0.232438
-0.0295497 0.63941 -0.232438
-0.0350404 0.856267 -0.232438
-0.170178 0.562038 -0.232438
-0.172921 0.74951 -0.232438
-0.0187106 0.5762 -0.222478
-0.0614578 0.769813 -0.127859
-0.0582568 0.577443 -0.127859
-0.192767 0.856339 -0.232438
-0.189104 0.81716 -0.232438
-0.0382547 0.574373 -0.142799
-0.184982 0.773083 -0.232438
-0.176126 0.783792 -0.232438
-0.0532107 0.839747 -0.127859
-0.0446657 0.642937 -0.232438
-0.0474088 0.830409 -0.232438
-0.183609 0.758391 -0.232438
0.0147358 0.851041 -0.132839
-0.15475 0.76603 -0.232438
-0.136584 0.624462 -0.232438
-0.183151 0.753494 -0.232438
-0.182693 0.748596 -0.232438
-0.183764 0.654632 -0.127859
-0.139176 0.757605 -0.232438
-0.181319 0.733904 -0.232438
0.022365 0.664025 -0.232438
-0.179945 0.719212 -0.232438
0.0142779 0.855938 -0.172679
0.021907 0.668922 -0.232438
-0.179487 0.714314 -0.232438
-0.0863504 0.614338 -0.232438
-0.0886356 0.796913 -0.232438
-0.202846 0.805995 -0.192598
-0.178114 0.699622 -0.232438
-0.177656 0.694725 -0.232438
-0.0895558 0.64862 -0.232438
-0.199641 0.771713 -0.167699
-0.0161142 0.601144 -0.127859
-0.176282 0.680032 -0.232438
-0.17445 0.660443 -0.232438
-0.178109 0.85771 -0.232438
-0.173992 0.655545 -0.232438
0.0394639 0.58658 -0.147779
-0.173076 0.645751 -0.232438
-0.107722 0.790188 -0.232438
-0.0475644 0.72665 -0.127859
-0.171703 0.631058 -0.232438
-0.174446 0.818531 -0.232438
-0.0816111 0.827211 -0.232438
-0.0759603 0.872202 -0.197578
0.0234364 0.75799 -0.212518
-0.170329 0.616366 -0.232438
-0.0890935 0.80181 -0.127859
-0.169871 0.611469 -0.232438
-0.172156 0.794044 -0.232438
-0.169413 0.606571 -0.232438
-0.166968 0.685844 -0.232438
-0.077343 0.570718 -0.222478
-0.083754 0.639282 -0.127859
-0.124212 0.808407 -0.127859
-0.0962692 0.825841 -0.232438
-0.168955 0.601674 -0.232438
-0.173072 0.803838 -0.232438
-0.153381 0.59325 -0.232438
-0.15704 0.790517 -0.232438
-0.0159542 0.862992 -0.232438
-0.013669 0.680417 -0.232438
-0.168497 0.596776 -0.232438
-0.0382547 0.574373 -0.152759
-0.168039 0.591879 -0.232438
-0.199641 0.771713 -0.132839
-0.167123 0.582084 -0.232438
-0.0246636 0.639867 -0.232438
-0.193687 0.708046 -0.142799
-0.163455 0.700993 -0.127859
-0.166665 0.577187 -0.232438
-0.169408 0.764659 -0.232438
-0.14773 0.63824 -0.232438
-0.151389 0.835507 -0.232438
-0.070314 0.759104 -0.232438
-0.132001 0.733575 -0.232438
-0.166207 0.572289 -0.232438
-0.169866 0.769557 -0.232438
-0.165749 0.567392 -0.232438
-0.175064 0.561581 -0.182638
-0.195977 0.732533 -0.187618
-0.165292 0.562495 -0.232438
-0.168493 0.754864 -0.232438
-0.0164121 0.867889 -0.232438
-0.186965 0.847001 -0.232438
-0.0686379 0.635755 -0.232438
-0.194145 0.712944 -0.142799
-0.185592 0.832309 -0.232438
-0.207883 0.859866 -0.222478
-0.183302 0.807822 -0.232438
-0.194603 0.717841 -0.167699
-0.127577 0.580842 -0.127859
-0.13032 0.768314 -0.127859
-0.0674153 0.675391 -0.232438
-0.0916899 0.776866 -0.127859
-0.181928 0.79313 -0.232438
-0.0884888 0.584497 -0.127859
-0.18147 0.788233 -0.232438
-0.181012 0.783335 -0.232438
-0.0857324 0.871288 -0.142799
-0.13429 0.758062 -0.232438
-0.107575 0.577772 -0.232438
-0.111234 0.775039 -0.232438
-0.0894002 0.752379 -0.127859
-0.179638 0.768643 -0.232438
-0.10284 0.632557 -0.232438
-0.178265 0.753951 -0.232438
-0.192772 0.698252 -0.167699
-0.177349 0.744156 -0.232438
0.0203777 0.579855 -0.232438
-0.10681 0.622305 -0.232438
-0.109553 0.809778 -0.232438
-0.176891 0.739258 -0.232438
-0.11383 0.750095 -0.232438
-0.034738 0.74761 -0.127859
-0.109096 0.80488 -0.232438
-0.0854345 0.604543 -0.232438
-0.0877197 0.787118 -0.232438
-0.0167233 0.66037 -0.232438
-0.197809 0.752123 -0.167699
-0.174143 0.709874 -0.232438
-0.0103079 0.749894 -0.232438
-0.173685 0.704976 -0.232438
-0.173227 0.700079 -0.232438
-0.207425 0.854969 -0.187618
-0.0750489 0.704319 -0.232438
-0.172312 0.690284 -0.232438
-0.171854 0.685387 -0.232438
-0.17048 0.670695 -0.232438
-0.0268021 0.610025 -0.127859
-0.0753512 0.812976 -0.232438
-0.169106 0.656002 -0.232438
-0.0724569 0.571175 -0.172679
-0.168648 0.651105 -0.232438
-0.172765 0.853269 -0.232438
-0.167732 0.64131 -0.232438
-0.171391 0.838577 -0.232438
-0.167274 0.636413 -0.232438
-0.170018 0.823885 -0.232438
0.0289315 0.699221 -0.227458
0.0367163 0.615965 -0.152759
-0.0689403 0.744412 -0.127859
-0.165901 0.62172 -0.232438
0.0252681 0.7384 -0.142799
-0.164069 0.602131 -0.232438
-0.166812 0.789603 -0.232438
-0.163153 0.592336 -0.232438
-0.0787168 0.58541 -0.232438
-0.162695 0.587438 -0.232438
-0.0982565 0.741671 -0.127859
-0.0832916 0.792472 -0.232438
-0.160863 0.567849 -0.232438
-0.163607 0.755321 -0.232438
0.0238943 0.753092 -0.192598
-0.160406 0.562951 -0.232438
-0.164064 0.760219 -0.232438
-0.18376 0.81272 -0.127859
-0.181017 0.625247 -0.127859
-0.125434 0.768771 -0.232438
0.0138199 0.860835 -0.222478
-0.183453 0.862151 -0.232438
-0.00679563 0.765043 -0.232438
-0.0040525 0.577571 -0.232438
-0.0727593 0.679832 -0.232438
-0.190935 0.83675 -0.232438
-0.179332 0.818074 -0.232438
-0.178874 0.813176 -0.232438
-0.124363 0.862736 -0.232438
-0.136887 0.733118 -0.232438
-0.029852 0.748067 -0.232438
-0.177042 0.793587 -0.232438
-0.17521 0.773997 -0.232438
-0.149251 0.865349 -0.132839
-0.172463 0.744613 -0.232438
-0.172005 0.739715 -0.232438
-0.0550424 0.859337 -0.127859
-0.0513834 0.66207 -0.127859
-0.171089 0.72992 -0.232438
0.0183948 0.653773 -0.232438
-0.0222184 0.719139 -0.127859
-0.181626 0.684473 -0.127859
-0.117036 0.784377 -0.232438
-0.0541266 0.849542 -0.127859
-0.170631 0.725023 -0.232438
-0.146814 0.628445 -0.232438
-0.150016 0.820815 -0.232438
-0.111545 0.56752 -0.167699
-0.169715 0.715228 -0.232438
-0.168799 0.705433 -0.232438
0.0390059 0.591478 -0.162719
-0.175819 0.833223 -0.232438
-0.149864 0.766487 -0.232438
-0.121926 0.625832 -0.232438
-0.0455771 0.810819 -0.232438
-0.106348 0.775496 -0.232438
-0.168341 0.700536 -0.232438
0.0124462 0.875528 -0.147779
-0.0741331 0.694524 -0.232438
-0.190482 0.673764 -0.177659
-0.165594 0.671151 -0.232438
-0.190024 0.668867 -0.177659
-0.165136 0.666254 -0.232438
-0.167879 0.853726 -0.232438
-0.134593 0.866719 -0.202558
-0.0333687 0.57483 -0.192598
-0.164678 0.661357 -0.232438
-0.167421 0.848829 -0.232438
-0.163304 0.646664 -0.232438
-0.166505 0.839034 -0.232438
-0.135975 0.565236 -0.147779
-0.162846 0.641767 -0.232438
-0.183155 0.595406 -0.142799
-0.189566 0.66397 -0.142799
-0.0353516 0.648748 -0.232438
-0.16193 0.631972 -0.232438
-0.0274068 0.827339 -0.127859
-0.0739819 0.640196 -0.232438
-0.161015 0.622177 -0.232438
-0.163758 0.80965 -0.232438
-0.0237478 0.630072 -0.127859
-0.160557 0.61728 -0.232438
-0.164216 0.814547 -0.232438
-0.160099 0.612382 -0.232438
0.0350358 0.581226 -0.227458
-0.158725 0.59769 -0.232438
-0.161468 0.785163 -0.232438
-0.157809 0.587895 -0.232438
-0.157351 0.582998 -0.232438
-0.160094 0.77047 -0.232438
-0.150633 0.563865 -0.227458
-0.0255751 0.80775 -0.232438
-0.135362 0.664098 -0.232438
-0.138105 0.85157 -0.232438
-0.156435 0.573203 -0.232438
-0.158721 0.755778 -0.232438
-0.113221 0.690869 -0.232438
-0.155519 0.563408 -0.232438
-0.159636 0.765573 -0.232438
-0.176277 0.83812 -0.232438
-0.0968871 0.568891 -0.212518
-0.181781 0.580714 -0.212518
-0.171698 0.789146 -0.232438
0.0275578 0.713913 -0.157739
-0.113835 0.592007 -0.232438
-0.123754 0.80351 -0.232438
-0.017328 0.877684 -0.162719
0.0225206 0.767785 -0.127859
-0.0642098 0.641109 -0.232438
-0.0678688 0.838377 -0.232438
-0.17124 0.784249 -0.232438
0.0211468 0.782477 -0.142799
-0.0451192 0.805922 -0.127859
-0.0420693 0.667881 -0.127859
-0.168035 0.749967 -0.232438
-0.167577 0.745069 -0.232438
-0.0561139 0.765372 -0.232438
-0.167119 0.740172 -0.232438
-0.166661 0.735275 -0.232438
0.0348846 0.635554 -0.207538
0.000833536 0.578028 -0.157739
-0.166203 0.730377 -0.232438
-0.165745 0.72548 -0.232438
-0.194145 0.712944 -0.127859
-0.164371 0.710788 -0.232438
-0.1091 0.646792 -0.232438
-0.113217 0.848957 -0.232438
-0.152616 0.637783 -0.232438
0.0183992 0.811861 -0.192598
-0.180865 0.570919 -0.207538
-0.163455 0.700993 -0.232438
-0.0997858 0.652604 -0.232438
-0.102987 0.844973 -0.232438
-0.0208446 0.704447 -0.232438
-0.188192 0.649277 -0.192598
-0.16254 0.691198 -0.232438
-0.0527528 0.83485 -0.127859
-0.0486359 0.632685 -0.127859
-0.161624 0.681403 -0.232438
0.0266419 0.723708 -0.177659
-0.206967 0.850071 -0.217498
-0.0561183 0.607284 -0.127859
-0.070314 0.759104 -0.127859
-0.100853 0.716727 -0.232438
0.0358004 0.625759 -0.172679
-0.16025 0.666711 -0.232438
-0.0927613 0.682902 -0.127859
-0.159334 0.656916 -0.232438
-0.0808464 0.871745 -0.137819
-0.116427 0.725151 -0.232438
0.0142779 0.855938 -0.167699
-0.158876 0.652019 -0.232438
-0.161619 0.839491 -0.232438
0.0147358 0.851041 -0.167699
-0.158418 0.647121 -0.232438
-0.162077 0.844388 -0.232438
-0.191398 0.683559 -0.227458
-0.137803 0.742913 -0.232438
-0.0567274 0.66651 -0.127859
-0.155671 0.617737 -0.232438
-0.149251 0.865349 -0.197578
-0.155213 0.612839 -0.232438
-0.062836 0.626417 -0.232438
-0.154755 0.607942 -0.232438
0.0147358 0.851041 -0.127859
-0.152923 0.588352 -0.232438
-0.106655 0.726065 -0.127859
-0.03749 0.618907 -0.232438
-0.0955045 0.870374 -0.197578
-0.152465 0.583455 -0.232438
-0.155666 0.775825 -0.232438
-0.0437454 0.79123 -0.127859
-0.0410023 0.603757 -0.127859
-0.151091 0.568762 -0.232438
-0.190482 0.673764 -0.132839
-0.0483291 0.682116 -0.232438
-0.173681 0.863064 -0.232438
-0.173223 0.858167 -0.232438
-0.170475 0.828782 -0.232438
-0.0284827 0.575287 -0.202558
-0.169102 0.81409 -0.232438
0.0284736 0.704118 -0.227458
-0.168644 0.809193 -0.232438
-0.167728 0.799398 -0.232438
-0.188339 0.861694 -0.127859
-0.166354 0.784706 -0.232438
-0.180865 0.570919 -0.172679
-0.165896 0.779808 -0.232438
-0.0410023 0.603757 -0.232438
-0.0437454 0.79123 -0.232438
0.0335108 0.650247 -0.227458
-0.165438 0.774911 -0.232438
-0.16498 0.770013 -0.232438
-0.0906184 0.870831 -0.187618
-0.164522 0.765116 -0.232438
-0.017328 0.877684 -0.212518
-0.145747 0.564322 -0.187618
-0.162691 0.745526 -0.232438
-0.0393217 0.638496 -0.232438
-0.161775 0.735731 -0.232438
-0.161317 0.730834 -0.232438
-0.139639 0.604415 -0.127859
-0.141315 0.727764 -0.127859
-0.159943 0.716142 -0.232438
-0.159027 0.706347 -0.232438
-0.157654 0.691655 -0.232438
-0.0759603 0.872202 -0.222478
0.0234364 0.75799 -0.232438
-0.157196 0.686757 -0.232438
0.0367163 0.615965 -0.207538
-0.198725 0.761918 -0.142799
-0.0805485 0.605 -0.232438
-0.0842075 0.802267 -0.232438
-0.142538 0.688128 -0.127859
-0.156738 0.68186 -0.232438
-0.159023 0.864435 -0.232438
-0.083296 0.634384 -0.232438
-0.0860392 0.821857 -0.232438
-0.207425 0.854969 -0.142799
-0.15628 0.676962 -0.232438
-0.155364 0.667168 -0.232438
-0.0319861 0.876313 -0.147779
-0.154448 0.657373 -0.232438
-0.157191 0.844845 -0.232438
-0.15399 0.652475 -0.232438
-0.156733 0.839948 -0.232438
-0.153835 0.756235 -0.127859
-0.152158 0.632886 -0.232438
-0.155359 0.825256 -0.232438
-0.0661883 0.873115 -0.202558
0.0203777 0.579855 -0.137819
-0.151243 0.623091 -0.232438
0.0246546 0.639538 -0.232438
-0.0292385 0.846929 -0.232438
-0.101155 0.825384 -0.232438
-0.150785 0.618194 -0.232438
-0.150327 0.613296 -0.232438
-0.036263 0.816631 -0.127859
-0.149869 0.608399 -0.232438
-0.15307 0.800768 -0.232438
-0.0710743 0.872658 -0.202558
-0.190784 0.782421 -0.127859
-0.148953 0.598604 -0.232438
-0.152154 0.790974 -0.232438
-0.134753 0.604872 -0.232438
-0.138412 0.802139 -0.232438
-0.0212981 0.867432 -0.232438
-0.0202355 0.645221 -0.232438
-0.200098 0.77661 -0.212518
-0.148037 0.588809 -0.232438
-0.15078 0.776281 -0.232438
-0.172618 0.640853 -0.232438
-0.146663 0.574117 -0.232438
0.0216047 0.777579 -0.182638
-0.155515 0.721496 -0.127859
-0.0384059 0.628701 -0.232438
-0.0420649 0.825969 -0.232438
0.0234364 0.75799 -0.127859
-0.146205 0.569219 -0.232438
-0.148491 0.751794 -0.232438
-0.0875685 0.73279 -0.232438
-0.0646678 0.646007 -0.232438
-0.0674109 0.833479 -0.232438
-0.145747 0.564322 -0.232438
-0.0697005 0.857966 -0.232438
-0.193225 0.861237 -0.197578
-0.182697 0.590508 -0.197578
-0.168337 0.858624 -0.232438
0.0257261 0.733503 -0.217498
-0.082229 0.570261 -0.147779
-0.0564162 0.874029 -0.127859
-0.166963 0.843931 -0.232438
-0.166047 0.834137 -0.232438
-0.165132 0.824342 -0.232438
-0.164674 0.819444 -0.232438
-0.17216 0.635956 -0.127859
-0.1633 0.804752 -0.232438
-0.161926 0.79006 -0.232438
-0.157805 0.745983 -0.232438
-0.157347 0.741086 -0.232438
-0.156889 0.736188 -0.232438
-0.155515 0.721496 -0.232438
-0.159183 0.602588 -0.232438
-0.155057 0.716599 -0.232438
0.0188571 0.806964 -0.127859
-0.107726 0.6321 -0.127859
-0.154599 0.711701 -0.232438
-0.0576388 0.834393 -0.232438
-0.151852 0.682317 -0.232438
-0.151394 0.677419 -0.232438
-0.101618 0.672193 -0.232438
0.0161096 0.836348 -0.147779
-0.150936 0.672522 -0.232438
-0.150478 0.667625 -0.232438
-0.172467 0.586525 -0.232438
-0.175668 0.778894 -0.232438
-0.15002 0.662727 -0.232438
0.00450581 0.855024 -0.232438
-0.148646 0.648035 -0.232438
-0.206509 0.845174 -0.207538
-0.119783 0.813761 -0.127859
-0.148188 0.643137 -0.232438
-0.150931 0.83061 -0.232438
-0.0490938 0.637582 -0.232438
-0.0522949 0.829952 -0.232438
-0.145441 0.613753 -0.232438
-0.203762 0.81579 -0.167699
-0.144983 0.608856 -0.232438
-0.1491 0.81102 -0.232438
0.0156472 0.683158 -0.232438
-0.144525 0.603958 -0.232438
-0.147268 0.791431 -0.232438
-0.143609 0.594163 -0.232438
0.0270998 0.71881 -0.197578
-0.191398 0.683559 -0.152759
0.0156517 0.841246 -0.232438
0.0193106 0.643979 -0.232438
-0.0353471 0.806836 -0.127859
-0.0298564 0.589979 -0.127859
-0.143151 0.589266 -0.232438
-0.145894 0.776738 -0.232438
-0.141319 0.569676 -0.232438
-0.140861 0.564779 -0.232438
-0.143605 0.752251 -0.232438
-0.168795 0.863521 -0.167699
-0.163451 0.859081 -0.232438
0.013362 0.865733 -0.187618
-0.162993 0.854183 -0.232438
-0.0509255 0.657172 -0.232438
-0.0808464 0.871745 -0.182638
0.0151937 0.846143 -0.167699
-0.150633 0.563865 -0.157739
-0.111385 0.829367 -0.127859
-0.0367253 0.66344 -0.232438
-0.0390106 0.846015 -0.232438
-0.162535 0.849286 -0.232438
0.0165675 0.831451 -0.212518
-0.0452704 0.86025 -0.127859
-0.158872 0.810106 -0.232438
-0.158414 0.805209 -0.232438
-0.157956 0.800312 -0.232438
-0.157498 0.795414 -0.232438
-0.156124 0.780722 -0.232438
-0.154292 0.761132 -0.232438
-0.0661883 0.873115 -0.192598
0.0203777 0.579855 -0.212518
-0.100239 0.815589 -0.127859
-0.0974962 0.628116 -0.127859
-0.152158 0.632886 -0.127859
-0.155359 0.825256 -0.127859
-0.153835 0.756235 -0.232438
-0.0651212 0.808992 -0.127859
-0.0619202 0.616622 -0.127859
-0.00985438 0.586909 -0.127859
-0.0135134 0.784176 -0.127859
-0.152003 0.736645 -0.232438
0.0335108 0.650247 -0.207538
-0.151087 0.72685 -0.232438
-0.144365 0.865806 -0.222478
-0.105277 0.86946 -0.137819
-0.101773 0.568434 -0.202558
-0.113372 0.745198 -0.127859
-0.150629 0.721953 -0.232438
-0.150171 0.717056 -0.232438
-0.149713 0.712158 -0.232438
-0.149255 0.707261 -0.232438
0.0179413 0.816759 -0.217498
-0.148339 0.697466 -0.232438
-0.147881 0.692568 -0.232438
-0.202997 0.860323 -0.182638
-0.147424 0.687671 -0.232438
-0.126964 0.679704 -0.127859
-0.129249 0.862279 -0.127859
-0.14605 0.672979 -0.232438
-0.185903 0.62479 -0.187618
-0.197809 0.752123 -0.132839
-0.133832 0.753165 -0.232438
-0.145134 0.663184 -0.232438
-0.147877 0.850656 -0.232438
-0.158111 0.696552 -0.127859
-0.0793258 0.644636 -0.232438
-0.143302 0.643594 -0.232438
-0.146045 0.831067 -0.232438
-0.0857324 0.871288 -0.177659
0.0141223 0.752179 -0.127859
-0.142844 0.638697 -0.232438
0.0206889 0.787374 -0.132839
-0.126203 0.566149 -0.202558
-0.142386 0.633799 -0.232438
-0.14147 0.624005 -0.232438
0.0371742 0.611067 -0.192598
-0.196893 0.742328 -0.192598
-0.102533 0.681988 -0.232438
-0.141013 0.619107 -0.232438
-0.143756 0.80658 -0.232438
-0.0335154 0.787246 -0.232438
-0.140555 0.61421 -0.232438
-0.144214 0.811477 -0.232438
-0.13582 0.668995 -0.232438
-0.139181 0.599518 -0.232438
-0.141773 0.732662 -0.232438
-0.178567 0.862607 -0.187618
-0.139479 0.866262 -0.232438
-0.0613022 0.873572 -0.232438
-0.138723 0.59462 -0.232438
-0.142231 0.737559 -0.232438
-0.0948954 0.811148 -0.127859
-0.0585591 0.6861 -0.232438
-0.171089 0.72992 -0.127859
-0.137349 0.579928 -0.232438
-0.140092 0.7674 -0.232438
-0.149562 0.65783 -0.232438
-0.152763 0.8502 -0.232438
-0.127119 0.575944 -0.232438
-0.130778 0.773211 -0.232438
-0.136891 0.575031 -0.232438
-0.131236 0.778109 -0.232438
-0.206509 0.845174 -0.157739
-0.0180971 0.675062 -0.232438
-0.135975 0.565236 -0.232438
-0.158107 0.85464 -0.232438
0.019773 0.797169 -0.177659
-0.155817 0.830153 -0.232438
-0.154902 0.820358 -0.232438
-0.087115 0.569804 -0.157739
-0.153986 0.810563 -0.232438
-0.183453 0.862151 -0.157739
-0.109558 0.65169 -0.232438
-0.0158074 0.650575 -0.232438
-0.152612 0.795871 -0.232438
-0.0552025 0.597489 -0.127859
-0.0716878 0.773796 -0.232438
-0.160859 0.725937 -0.232438
-0.172765 0.853269 -0.127859
-0.168648 0.651105 -0.127859
-0.0437498 0.633142 -0.232438
0.038548 0.596375 -0.162719
-0.150322 0.771384 -0.232438
-0.0466441 0.874943 -0.127859
-0.149406 0.761589 -0.232438
-0.181323 0.575816 -0.137819
-0.0461862 0.870045 -0.232438
-0.148948 0.756692 -0.232438
-0.183155 0.595406 -0.137819
-0.189566 0.66397 -0.137819
-0.148033 0.746897 -0.232438
-0.189108 0.659072 -0.152759
-0.147117 0.737102 -0.232438
-0.0571853 0.671408 -0.127859
-0.146201 0.727307 -0.232438
-0.092299 0.836092 -0.232438
-0.17674 0.68493 -0.127859
-0.145743 0.72241 -0.232438
-0.145285 0.717512 -0.232438
0.0293895 0.694323 -0.127859
-0.144369 0.707718 -0.232438
0.0335108 0.650247 -0.182638
-0.0365742 0.609112 -0.232438
-0.142995 0.693025 -0.232438
0.0150337 0.584296 -0.232438
-0.0884888 0.584497 -0.232438
-0.105277 0.86946 -0.212518
-0.141622 0.678333 -0.232438
-0.144365 0.865806 -0.232438
-0.140706 0.668538 -0.232438
0.000380037 0.741013 -0.232438
-0.0365697 0.7672 -0.127859
-0.0338266 0.579727 -0.127859
-0.048787 0.687014 -0.127859
-0.140248 0.663641 -0.232438
-0.111999 0.730505 -0.232438
-0.139332 0.653846 -0.232438
-0.138874 0.648949 -0.232438
-0.1375 0.634256 -0.232438
-0.135211 0.609769 -0.232438
-0.137954 0.797242 -0.232438
-0.133837 0.595077 -0.232438
-0.0892446 0.856139 -0.127859
-0.0851277 0.653974 -0.127859
-0.0532151 0.681659 -0.232438
-0.133379 0.59018 -0.232438
-0.135664 0.772755 -0.232438
-0.0522993 0.671864 -0.232438
-0.168795 0.863521 -0.212518
-0.0354983 0.861164 -0.127859
-0.084363 0.698508 -0.127859
0.0353425 0.630657 -0.127859
-0.0527572 0.676762 -0.232438
-0.131547 0.57059 -0.232438
-0.000842578 0.701377 -0.232438
-0.0242013 0.793057 -0.232438
-0.0205423 0.59579 -0.232438
-0.131089 0.565693 -0.232438
-0.153679 0.859994 -0.232438
-0.150473 0.825712 -0.232438
-0.14681 0.786533 -0.232438
-0.186819 0.634585 -0.137819
-0.0996347 0.598275 -0.232438
-0.102836 0.790645 -0.232438
-0.0348892 0.801938 -0.127859
-0.146352 0.781636 -0.232438
-0.145436 0.771841 -0.232438
0.013362 0.865733 -0.157739
-0.14452 0.762046 -0.232438
-0.135055 0.713529 -0.127859
-0.144062 0.757149 -0.232438
-0.140399 0.717969 -0.232438
-0.133072 0.639611 -0.232438
-0.135357 0.822186 -0.232438
-0.139941 0.713072 -0.232438
-0.139483 0.708174 -0.232438
0.0348846 0.635554 -0.197578
-0.137651 0.688585 -0.232438
-0.141617 0.836421 -0.232438
-0.137194 0.683687 -0.232438
-0.0442033 0.796127 -0.127859
-0.0405444 0.59886 -0.127859
-0.136736 0.67879 -0.232438
-0.101773 0.568434 -0.212518
-0.0124419 0.878141 -0.127859
-0.136278 0.673893 -0.232438
0.0136599 0.598988 -0.127859
0.0100009 0.796255 -0.127859
-0.194906 0.826498 -0.127859
-0.0581012 0.681202 -0.232438
-0.0608443 0.868675 -0.232438
-0.022374 0.61538 -0.232438
-0.152919 0.74644 -0.232438
-0.134904 0.6592 -0.232438
-0.138563 0.856467 -0.232438
-0.0408423 0.865605 -0.127859
-0.0371833 0.668338 -0.127859
-0.134446 0.654303 -0.232438
-0.0405399 0.756948 -0.232438
-0.191398 0.683559 -0.192598
-0.132614 0.634713 -0.232438
-0.131698 0.624918 -0.232438
-0.134442 0.812391 -0.232438
-0.130783 0.615124 -0.232438
0.014429 0.80161 -0.232438
-0.130325 0.610226 -0.232438
-0.133068 0.797698 -0.232438
-0.129409 0.600431 -0.232438
0.0026741 0.874614 -0.127859
-0.175673 0.620807 -0.127859
-0.128493 0.590636 -0.232438
-0.0823757 0.782677 -0.127859
-0.0791747 0.590308 -0.127859
-0.127577 0.580842 -0.232438
-0.13032 0.768314 -0.232438
-0.0959668 0.717184 -0.232438
-0.126203 0.566149 -0.232438
0.00710221 0.879968 -0.132839
-0.145587 0.826169 -0.232438
-0.0744354 0.803181 -0.232438
0.0380901 0.601272 -0.192598
-0.145129 0.821272 -0.232438
0.0376322 0.60617 -0.192598
-0.0970338 0.781307 -0.127859
-0.0933748 0.58404 -0.127859
-0.144672 0.816374 -0.232438
-0.191398 0.683559 -0.162719
0.0270998 0.71881 -0.232438
0.0188527 0.648876 -0.127859
0.0161096 0.836348 -0.127859
-0.0432919 0.628245 -0.232438
-0.116431 0.567063 -0.157739
-0.143298 0.801682 -0.232438
-0.0138246 0.576657 -0.212518
-0.0609999 0.764915 -0.232438
-0.14284 0.796785 -0.232438
-0.14055 0.772298 -0.232438
0.0133576 0.707645 -0.232438
-0.131845 0.837335 -0.232438
-0.138718 0.752708 -0.232438
-0.138261 0.747811 -0.232438
-0.137345 0.738016 -0.232438
-0.136429 0.728221 -0.232438
-0.135513 0.718426 -0.232438
-0.123754 0.80351 -0.127859
-0.135055 0.713529 -0.232438
-0.134597 0.708631 -0.232438
-0.150633 0.563865 -0.162719
-0.0521437 0.775624 -0.127859
-0.0480268 0.573459 -0.127859
-0.161321 0.572746 -0.232438
-0.108184 0.636998 -0.232438
-0.183306 0.649734 -0.232438
-0.134139 0.703734 -0.232438
-0.133681 0.698837 -0.232438
0.0358004 0.625759 -0.207538
-0.132308 0.684144 -0.232438
-0.00863177 0.626545 -0.232438
-0.0267977 0.768113 -0.232438
-0.13185 0.679247 -0.232438
-0.192772 0.698252 -0.202558
-0.0548957 0.64692 -0.232438
0.0350358 0.581226 -0.222478
-0.0539754 0.795214 -0.232438
-0.181781 0.580714 -0.202558
-0.130934 0.669452 -0.232438
-0.133677 0.856924 -0.232438
-0.130476 0.664555 -0.232438
-0.133219 0.852027 -0.232438
-0.105277 0.86946 -0.142799
-0.0446613 0.801025 -0.232438
-0.130018 0.659657 -0.232438
-0.12956 0.65476 -0.232438
-0.0977985 0.736773 -0.127859
-0.0264954 0.659456 -0.232438
-0.128644 0.644965 -0.232438
-0.204678 0.825584 -0.182638
-0.128186 0.640068 -0.232438
-0.118721 0.59155 -0.232438
-0.127728 0.63517 -0.232438
-0.163909 0.863978 -0.212518
-0.12727 0.630273 -0.232438
-0.126354 0.620478 -0.232438
-0.125897 0.61558 -0.232438
-0.0040525 0.577571 -0.187618
-0.124981 0.605786 -0.232438
-0.124523 0.600888 -0.232438
-0.127266 0.788361 -0.232438
-0.124065 0.595991 -0.232438
-0.127724 0.793258 -0.232438
-0.168795 0.863521 -0.142799
-0.0887867 0.851241 -0.127859
-0.123149 0.586196 -0.232438
-0.122691 0.581299 -0.232438
0.013362 0.865733 -0.132839
-0.122233 0.576401 -0.232438
-0.124518 0.758976 -0.232438
0.0257261 0.733503 -0.177659
-0.143449 0.856011 -0.232438
-0.0661927 0.715027 -0.232438
-0.142075 0.841318 -0.232438
-0.0657348 0.71013 -0.232438
-0.140243 0.821729 -0.232438
-0.139786 0.816831 -0.232438
-0.0196264 0.585995 -0.232438
-0.0874174 0.678461 -0.127859
-0.137496 0.792344 -0.232438
-0.137038 0.787447 -0.232438
0.0138199 0.860835 -0.212518
-0.135206 0.767857 -0.232438
-0.110927 0.82447 -0.232438
-0.0121396 0.769484 -0.127859
-0.133375 0.748268 -0.232438
-0.132917 0.74337 -0.232438
-0.131085 0.72378 -0.232438
-0.0756624 0.605457 -0.232438
-0.023899 0.6844 -0.232438
0.0380901 0.601272 -0.172679
-0.084821 0.703405 -0.232438
-0.129253 0.704191 -0.232438
0.00587959 0.840332 -0.232438
-0.0460395 0.657629 -0.232438
-0.128337 0.694396 -0.232438
-0.134446 0.654303 -0.127859
-0.182084 0.68937 -0.232438
-0.0698605 0.596119 -0.232438
-0.0735195 0.793386 -0.232438
0.0380901 0.601272 -0.152759
-0.0631384 0.735074 -0.232438
-0.0529128 0.573002 -0.202558
-0.0419137 0.77164 -0.127859
-0.127421 0.684601 -0.232438
-0.128791 0.857381 -0.232438
-0.12559 0.665011 -0.232438
-0.124216 0.650319 -0.232438
-0.127875 0.847586 -0.232438
-0.178567 0.862607 -0.167699
-0.139479 0.866262 -0.157739
-0.112915 0.7403 -0.232438
-0.202846 0.805995 -0.142799
-0.123758 0.645422 -0.232438
-0.0661883 0.873115 -0.207538
-0.1233 0.640524 -0.232438
-0.126501 0.832894 -0.232438
0.0275578 0.713913 -0.222478
-0.122842 0.635627 -0.232438
-0.122384 0.63073 -0.232438
-0.121468 0.620935 -0.232438
-0.120095 0.606242 -0.232438
-0.0857324 0.871288 -0.192598
-0.117805 0.581755 -0.232438
-0.106961 0.676634 -0.127859
-0.0565762 0.612182 -0.232438
-0.0179415 0.778822 -0.232438
-0.0151983 0.591349 -0.232438
-0.0112282 0.601601 -0.127859
-0.117347 0.576858 -0.232438
-0.12009 0.76433 -0.232438
-0.0663483 0.611268 -0.232438
-0.116889 0.571961 -0.232438
-0.120548 0.769228 -0.232438
-0.139021 0.861365 -0.232438
-0.137189 0.841775 -0.232438
-0.134899 0.817288 -0.232438
-0.0469509 0.825512 -0.127859
-0.13261 0.792801 -0.232438
-0.0252727 0.699093 -0.232438
-0.196893 0.742328 -0.182638
0.0136644 0.757076 -0.232438
-0.131694 0.783006 -0.232438
-0.0124419 0.878141 -0.217498
-0.131089 0.565693 -0.217498
-0.129862 0.763417 -0.232438
-0.129404 0.758519 -0.232438
-0.0333687 0.57483 -0.172679
-0.183155 0.595406 -0.162719
-0.189566 0.66397 -0.162719
-0.0460395 0.657629 -0.127859
-0.128946 0.753622 -0.232438
-0.128488 0.748724 -0.232438
0.0266419 0.723708 -0.182638
-0.206967 0.850071 -0.177659
-0.127573 0.73893 -0.232438
0.0138155 0.702748 -0.127859
-0.126657 0.729135 -0.232438
-0.126199 0.724237 -0.232438
-0.191091 0.73299 -0.232438
-0.0796326 0.595205 -0.232438
-0.0278691 0.674149 -0.232438
-0.0315281 0.871416 -0.232438
-0.170173 0.720125 -0.127859
-0.124825 0.709545 -0.232438
-0.123909 0.69975 -0.232438
-0.122993 0.689955 -0.232438
-0.122535 0.685058 -0.232438
0.0371742 0.611067 -0.207538
-0.0974918 0.786204 -0.127859
-0.0810064 0.609897 -0.232438
-0.0837495 0.79737 -0.232438
-0.121162 0.670366 -0.232438
-0.123905 0.857838 -0.232438
-0.19399 0.816703 -0.232438
-0.118414 0.640981 -0.232438
-0.117956 0.636084 -0.232438
-0.0906184 0.870831 -0.192598
-0.124821 0.867633 -0.137819
-0.000540245 0.59272 -0.232438
-0.117498 0.631186 -0.232438
-0.120241 0.818659 -0.232438
0.0129041 0.87063 -0.127859
-0.116124 0.616494 -0.232438
-0.118103 0.8485 -0.232438
-0.115209 0.606699 -0.232438
-0.114751 0.601802 -0.232438
-0.114293 0.596904 -0.232438
-0.112919 0.582212 -0.232438
-0.134593 0.866719 -0.232438
-0.182239 0.585611 -0.202558
0.0119882 0.880425 -0.232438
-0.134135 0.861822 -0.232438
-0.178109 0.85771 -0.127859
-0.17445 0.660443 -0.127859
-0.132303 0.842232 -0.232438
-0.131387 0.832437 -0.232438
-0.0577988 0.572545 -0.182638
0.0226717 0.713456 -0.127859
-0.130929 0.82754 -0.232438
-0.200556 0.781508 -0.232438
-0.130013 0.817745 -0.232438
-0.177046 0.635499 -0.232438
-0.129556 0.812848 -0.232438
-0.12864 0.803053 -0.232438
-0.126808 0.783463 -0.232438
-0.12635 0.778566 -0.232438
-0.0416069 0.821071 -0.127859
-0.0388638 0.633599 -0.127859
-0.161775 0.735731 -0.127859
-0.12406 0.754079 -0.232438
0.0266419 0.723708 -0.152759
-0.206967 0.850071 -0.147779
-0.0481735 0.785876 -0.232438
-0.123602 0.749181 -0.232438
-0.123145 0.744284 -0.232438
-0.0887911 0.693153 -0.232438
0.0147358 0.851041 -0.142799
-0.0231343 0.728934 -0.232438
-0.122687 0.739386 -0.232438
-0.0226763 0.724037 -0.232438
-0.121771 0.729592 -0.232438
-0.0724525 0.729263 -0.232438
-0.121313 0.724694 -0.232438
-0.120855 0.719797 -0.232438
-0.073066 0.630401 -0.232438
-0.120397 0.714899 -0.232438
-0.076725 0.827668 -0.232438
-0.119939 0.710002 -0.232438
-0.205594 0.835379 -0.157739
-0.121775 0.571504 -0.232438
-0.124976 0.763873 -0.232438
-0.102529 0.840076 -0.232438
-0.119481 0.705104 -0.232438
0.0229785 0.762887 -0.232438
-0.0124463 0.720053 -0.127859
-0.118565 0.69531 -0.232438
-0.130627 0.718883 -0.232438
-0.117649 0.685515 -0.232438
-0.117191 0.680617 -0.232438
-0.13658 0.782549 -0.232438
-0.115818 0.665925 -0.232438
-0.114444 0.651233 -0.232438
0.0119882 0.880425 -0.212518
-0.161473 0.627075 -0.232438
-0.11307 0.636541 -0.232438
-0.112612 0.631643 -0.232438
-0.111238 0.616951 -0.232438
-0.114897 0.814218 -0.232438
-0.11841 0.799069 -0.232438
-0.109407 0.597361 -0.232438
-0.111692 0.779936 -0.232438
0.0135132 0.811404 -0.232438
-0.174299 0.606114 -0.127859
-0.108949 0.592464 -0.232438
-0.11215 0.784834 -0.232438
-0.179332 0.818074 -0.127859
-0.108491 0.587566 -0.232438
-0.112608 0.789731 -0.232438
-0.0564162 0.874029 -0.172679
0.0266419 0.723708 -0.132839
-0.0741286 0.852612 -0.232438
-0.107117 0.572874 -0.232438
-0.0271 0.87677 -0.182638
0.00587959 0.840332 -0.127859
-0.106659 0.567977 -0.232438
-0.109402 0.755449 -0.232438
-0.128333 0.852484 -0.232438
-0.126043 0.827997 -0.232438
0.0127441 0.608783 -0.127859
-0.125585 0.823099 -0.232438
-0.125127 0.818202 -0.232438
-0.0710743 0.872658 -0.187618
-0.124669 0.813304 -0.232438
-0.0521481 0.617536 -0.127859
-0.0836028 0.584953 -0.232438
-0.123296 0.798612 -0.232438
-0.0529084 0.73109 -0.127859
-0.12238 0.788817 -0.232438
-0.121006 0.774125 -0.232438
0.0188571 0.806964 -0.212518
-0.118716 0.749638 -0.232438
-0.118259 0.744741 -0.232438
0.0298474 0.689426 -0.197578
-0.181933 0.635042 -0.127859
-0.117343 0.734946 -0.232438
-0.116885 0.730048 -0.232438
0.0362584 0.620862 -0.167699
-0.0263442 0.605128 -0.232438
-0.114595 0.705561 -0.232438
-0.114137 0.700664 -0.232438
-0.119019 0.858295 -0.232438
-0.0654324 0.601473 -0.232438
-0.119637 0.601345 -0.232438
-0.113679 0.695767 -0.232438
0.00465698 0.800696 -0.127859
-0.112763 0.685972 -0.232438
-0.00328338 0.780192 -0.232438
-0.11704 0.626289 -0.232438
-0.120699 0.823556 -0.232438
-0.112305 0.681074 -0.232438
-0.0040525 0.577571 -0.147779
-0.0356583 0.599317 -0.127859
-0.11139 0.671279 -0.232438
-0.115049 0.868547 -0.232438
-0.145747 0.564322 -0.207538
-0.110474 0.661485 -0.232438
-0.113675 0.853854 -0.232438
-0.110016 0.656587 -0.232438
-0.112301 0.839162 -0.232438
-0.0484847 0.578357 -0.127859
-0.108642 0.641895 -0.232438
-0.170933 0.83368 -0.127859
-0.16819 0.646207 -0.127859
-0.06818 0.630858 -0.232438
-0.107268 0.627203 -0.232438
-0.110011 0.814675 -0.232438
0.0171766 0.772225 -0.232438
-0.106352 0.617408 -0.232438
-0.10039 0.869917 -0.182638
0.0161096 0.836348 -0.217498
0.0270998 0.71881 -0.142799
-0.105437 0.607613 -0.232438
-0.108638 0.799983 -0.232438
-0.103605 0.588023 -0.232438
-0.103147 0.583126 -0.232438
-0.104516 0.755906 -0.232438
-0.200098 0.77661 -0.192598
-0.11215 0.784834 -0.127859
-0.108949 0.592464 -0.127859
-0.102231 0.573331 -0.232438
-0.105432 0.765701 -0.232438
-0.0552025 0.597489 -0.232438
-0.101773 0.568434 -0.232438
-0.10589 0.770598 -0.232438
-0.180408 0.566021 -0.192598
0.0141178 0.594091 -0.232438
-0.122073 0.838248 -0.232438
-0.181781 0.580714 -0.167699
-0.121157 0.828454 -0.232438
-0.117494 0.789274 -0.232438
-0.106659 0.567977 -0.132839
-0.11612 0.774582 -0.232438
-0.191856 0.688457 -0.182638
-0.114746 0.75989 -0.232438
-0.115049 0.868547 -0.212518
0.0238943 0.753092 -0.227458
-0.160406 0.562951 -0.187618
-0.0356583 0.599317 -0.232438
-0.0124419 0.878141 -0.182638
-0.196435 0.737431 -0.132839
-0.113372 0.745198 -0.232438
-0.112457 0.735403 -0.232438
-0.155822 0.672065 -0.232438
-0.111541 0.725608 -0.232438
-0.0635963 0.739971 -0.232438
-0.097185 0.835635 -0.127859
-0.0944419 0.648163 -0.127859
-0.111083 0.72071 -0.232438
-0.110625 0.715813 -0.232438
-0.110167 0.710916 -0.232438
-0.198111 0.86078 -0.147779
-0.161779 0.577644 -0.232438
-0.108335 0.691326 -0.232438
-0.107877 0.686429 -0.232438
-0.0466441 0.874943 -0.227458
-0.165132 0.824342 -0.127859
-0.106504 0.671736 -0.232438
0.0206844 0.629286 -0.232438
-0.0339734 0.792144 -0.127859
-0.0312302 0.604671 -0.127859
-0.106046 0.666839 -0.232438
-0.191856 0.688457 -0.222478
-0.176433 0.734361 -0.232438
-0.105588 0.661941 -0.232438
-0.10513 0.657044 -0.232438
-0.0799305 0.86195 -0.232438
-0.199183 0.766815 -0.197578
-0.101008 0.612967 -0.232438
-0.103752 0.80044 -0.232438
-0.022214 0.877227 -0.232438
-0.0193197 0.635426 -0.232438
-0.100551 0.60807 -0.232438
-0.10421 0.805337 -0.232438
-0.0368721 0.875856 -0.137819
-0.184987 0.614995 -0.157739
-0.100093 0.603172 -0.232438
-0.184071 0.605201 -0.142799
-0.033671 0.683487 -0.127859
-0.0991767 0.593378 -0.232438
-0.117645 0.843603 -0.232438
-0.117187 0.838705 -0.232438
0.019773 0.797169 -0.152759
-0.157498 0.795414 -0.127859
-0.153683 0.701906 -0.232438
-0.116729 0.833808 -0.232438
0.0270998 0.71881 -0.167699
-0.191398 0.683559 -0.182638
-0.0806952 0.817416 -0.127859
-0.115813 0.824013 -0.232438
-0.194145 0.712944 -0.152759
-0.115355 0.819116 -0.232438
-0.135975 0.565236 -0.132839
-0.113982 0.804423 -0.232438
-0.169715 0.715228 -0.127859
-0.15231 0.687214 -0.232438
-0.110318 0.765244 -0.232438
0.00908065 0.647962 -0.127859
-0.177198 0.689827 -0.232438
-0.165589 0.829239 -0.232438
-0.10986 0.760347 -0.232438
-0.150785 0.618194 -0.127859
-0.108486 0.745654 -0.232438
-0.107113 0.730962 -0.232438
0.032595 0.660041 -0.207538
-0.165292 0.562495 -0.197578
-0.141164 0.673436 -0.232438
-0.143907 0.860908 -0.232438
-0.105739 0.71627 -0.232438
0.032137 0.664939 -0.207538
-0.105281 0.711372 -0.232438
-0.103907 0.69668 -0.232438
-0.0284827 0.575287 -0.232438
-0.102991 0.686885 -0.232438
-0.0593194 0.799654 -0.232438
-0.131089 0.565693 -0.182638
-0.102075 0.677091 -0.232438
-0.10116 0.667296 -0.232438
-0.103903 0.854768 -0.232438
-0.100702 0.662398 -0.232438
-0.0808464 0.871745 -0.212518
-0.100244 0.657501 -0.232438
-0.0993279 0.647706 -0.232438
-0.0979541 0.633014 -0.232438
-0.0974962 0.628116 -0.232438
-0.100239 0.815589 -0.232438
-0.0626849 0.572089 -0.207538
-0.0961224 0.613424 -0.232438
-0.0993235 0.805794 -0.232438
-0.0952066 0.603629 -0.232438
-0.201014 0.786405 -0.152759
-0.0947486 0.598732 -0.232438
0.0280157 0.709016 -0.147779
-0.0942907 0.593835 -0.232438
-0.0929169 0.579142 -0.232438
-0.131089 0.565693 -0.172679
-0.092459 0.574245 -0.232438
-0.124669 0.813304 -0.127859
-0.0920011 0.569347 -0.232438
-0.0939839 0.643266 -0.232438
-0.0967271 0.830738 -0.232438
0.0161052 0.67826 -0.232438
-0.112759 0.84406 -0.232438
-0.0406911 0.811276 -0.232438
-0.0626849 0.572089 -0.152759
0.0051149 0.795798 -0.232438
-0.0880309 0.579599 -0.232438
-0.090774 0.767072 -0.232438
-0.107264 0.785291 -0.232438
-0.0238945 0.842488 -0.232438
-0.0211514 0.655016 -0.232438
-0.198725 0.761918 -0.192598
-0.106806 0.780393 -0.232438
0.0376322 0.60617 -0.127859
-0.104974 0.760804 -0.232438
-0.0571853 0.671408 -0.232438
-0.103142 0.741214 -0.232438
-0.0466441 0.874943 -0.192598
-0.0916943 0.618778 -0.232438
-0.0591726 0.587238 -0.232438
-0.102685 0.736316 -0.232438
-0.0138246 0.576657 -0.167699
-0.102227 0.731419 -0.232438
-0.101769 0.726522 -0.232438
-0.00801824 0.725407 -0.127859
-0.0981053 0.687342 -0.232438
-0.0971894 0.677547 -0.232438
-0.0994746 0.860122 -0.232438
-0.0962736 0.667753 -0.232438
-0.10039 0.869917 -0.232438
-0.00755589 0.878598 -0.192598
-0.0431408 0.573916 -0.227458
-0.0958157 0.662855 -0.232438
-0.0953577 0.657958 -0.232438
-0.122989 0.848043 -0.127859
-0.102382 0.62766 -0.232438
-0.0948998 0.65306 -0.232438
-0.129102 0.649862 -0.232438
-0.0930681 0.633471 -0.232438
-0.0315325 0.713328 -0.232438
-0.0912364 0.613881 -0.232438
-0.0907785 0.608984 -0.232438
-0.0852745 0.86639 -0.232438
-0.0894047 0.594291 -0.232438
-0.0431408 0.573916 -0.197578
0.0145758 0.589193 -0.232438
-0.0889467 0.589394 -0.232438
-0.0921478 0.781764 -0.232438
-0.153986 0.810563 -0.127859
-0.087115 0.569804 -0.232438
-0.109705 0.864106 -0.232438
0.0174834 0.821656 -0.232438
0.0258772 0.679174 -0.232438
-0.109247 0.859209 -0.232438
-0.190024 0.668867 -0.132839
-0.048787 0.687014 -0.232438
-0.108789 0.854311 -0.232438
-0.176437 0.576273 -0.127859
-0.108331 0.849414 -0.232438
-0.185903 0.62479 -0.137819
-0.157649 0.849743 -0.232438
-0.106499 0.829824 -0.232438
-0.10192 0.78085 -0.232438
-0.100088 0.76126 -0.232438
0.0269442 0.615051 -0.127859
-0.0524505 0.726193 -0.232438
-0.0996302 0.756363 -0.232438
-0.022214 0.877227 -0.157739
-0.192314 0.693354 -0.162719
-0.183151 0.753494 -0.127859
-0.0987144 0.746568 -0.232438
-0.0284827 0.575287 -0.227458
-0.0982565 0.741671 -0.232438
-0.0977985 0.736773 -0.232438
-0.165292 0.562495 -0.207538
-0.175064 0.561581 -0.157739
-0.195977 0.732533 -0.162719
-0.0973406 0.731876 -0.232438
-0.0968827 0.726978 -0.232438
-0.178567 0.862607 -0.232438
-0.0964247 0.722081 -0.232438
-0.165292 0.562495 -0.192598
-0.175064 0.561581 -0.147779
-0.095051 0.707389 -0.232438
-0.0941351 0.697594 -0.232438
-0.0936772 0.692697 -0.232438
-0.132921 0.585282 -0.232438
-0.0932193 0.687799 -0.232438
-0.0927613 0.682902 -0.232438
-0.0904717 0.658415 -0.232438
0.0129041 0.87063 -0.157739
-0.143911 0.70282 -0.127859
-0.0900138 0.653517 -0.232438
-0.0881821 0.633928 -0.232438
-0.0909252 0.8214 -0.232438
-0.0872662 0.624133 -0.232438
-0.207425 0.854969 -0.127859
-0.0858924 0.609441 -0.232438
-0.206051 0.840277 -0.137819
-0.134295 0.599974 -0.232438
-0.0849766 0.599646 -0.232438
-0.150633 0.563865 -0.207538
-0.0845186 0.594748 -0.232438
-0.082229 0.570261 -0.232438
-0.139479 0.866262 -0.147779
-0.196435 0.737431 -0.167699
-0.0345824 0.851369 -0.232438
-0.105277 0.86946 -0.232438
-0.0319861 0.876313 -0.157739
-0.104819 0.864563 -0.232438
-0.104361 0.859666 -0.232438
-0.145747 0.564322 -0.157739
-0.0984076 0.795999 -0.232438
0.0289315 0.699221 -0.167699
-0.0284827 0.575287 -0.157739
-0.0979497 0.791102 -0.232438
0.0284736 0.704118 -0.162719
-0.0974918 0.786204 -0.232438
0.038548 0.596375 -0.177659
-0.199183 0.766815 -0.152759
-0.0952021 0.761717 -0.232438
-0.0938284 0.747025 -0.232438
-0.0933704 0.742128 -0.232438
0.0330529 0.655144 -0.137819
-0.00893853 0.577114 -0.137819
-0.111083 0.72071 -0.127859
-0.0985632 0.69224 -0.232438
-0.0929125 0.73723 -0.232438
-0.0924546 0.732333 -0.232438
-0.0915387 0.722538 -0.232438
0.0106056 0.578942 -0.132839
-0.0910808 0.717641 -0.232438
-0.0686379 0.635755 -0.127859
-0.0906229 0.712743 -0.232438
0.0225206 0.767785 -0.147779
-0.157196 0.686757 -0.127859
-0.0901649 0.707846 -0.232438
-0.0968871 0.568891 -0.217498
-0.0878753 0.683359 -0.232438
-0.0874174 0.678461 -0.232438
-0.0417581 0.8754 -0.172679
-0.0237434 0.78816 -0.232438
-0.0210002 0.600687 -0.232438
0.0183992 0.811861 -0.232438
0.0211424 0.624389 -0.232438
-0.0869594 0.673564 -0.232438
-0.0901605 0.865934 -0.232438
-0.160406 0.562951 -0.162719
-0.0732172 0.684729 -0.232438
-0.0755024 0.867304 -0.232438
-0.0860436 0.663769 -0.232438
-0.0883288 0.846344 -0.232438
-0.0777965 0.733703 -0.232438
-0.0855857 0.658872 -0.232438
-0.0851277 0.653974 -0.232438
-0.0892446 0.856139 -0.232438
-0.119935 0.86809 -0.192598
-0.198111 0.86078 -0.152759
-0.0846698 0.649077 -0.232438
-0.0874129 0.836549 -0.232438
0.0341199 0.591021 -0.232438
-0.0526061 0.622433 -0.232438
-0.0558071 0.814803 -0.232438
-0.0842119 0.644179 -0.232438
-0.0878709 0.841446 -0.232438
-0.0920011 0.569347 -0.157739
-0.0616134 0.666053 -0.232438
-0.083754 0.639282 -0.232438
0.0380901 0.601272 -0.197578
-0.0819222 0.619692 -0.232438
-0.197809 0.752123 -0.137819
-0.0814643 0.614795 -0.232438
0.0206889 0.787374 -0.222478
-0.0800905 0.600103 -0.232438
-0.0814599 0.772883 -0.232438
-0.0791747 0.590308 -0.232438
-0.0823757 0.782677 -0.232438
-0.0782588 0.580513 -0.232438
0.00710221 0.879968 -0.207538
-0.0778009 0.575615 -0.232438
-0.105583 0.820029 -0.127859
-0.077343 0.570718 -0.232438
-0.0800861 0.75819 -0.232438
-0.0999326 0.86502 -0.232438
-0.0271 0.87677 -0.232438
-0.0990167 0.855225 -0.232438
-0.177193 0.847915 -0.127859
-0.175366 0.670238 -0.127859
-0.123447 0.852941 -0.127859
-0.0981009 0.84543 -0.232438
-0.119788 0.655673 -0.127859
-0.0976429 0.840533 -0.232438
0.0371742 0.611067 -0.222478
-0.196893 0.742328 -0.162719
-0.106806 0.780393 -0.127859
-0.0935216 0.796456 -0.232438
-0.0930637 0.791559 -0.232438
-0.0926057 0.786661 -0.232438
-0.0898582 0.757277 -0.232438
-0.0927569 0.84099 -0.232438
-0.0467997 0.771183 -0.127859
-0.0889423 0.747482 -0.232438
-0.130169 0.713986 -0.232438
-0.0884844 0.742584 -0.232438
-0.0880265 0.737687 -0.232438
-0.0861948 0.718097 -0.232438
-0.198725 0.761918 -0.222478
-0.0857368 0.7132 -0.232438
-0.185903 0.62479 -0.212518
-0.198267 0.757021 -0.207538
-0.0852789 0.708303 -0.232438
-0.0834472 0.688713 -0.232438
-0.133832 0.753165 -0.127859
-0.0829893 0.683815 -0.232438
-0.111234 0.775039 -0.127859
-0.107575 0.577772 -0.127859
-0.0825313 0.678918 -0.232438
-0.0820734 0.674021 -0.232438
-0.0816155 0.669123 -0.232438
0.032137 0.664939 -0.182638
-0.0806996 0.659328 -0.232438
-0.0843586 0.856596 -0.232438
0.0179369 0.658671 -0.232438
-0.0802417 0.654431 -0.232438
-0.125741 0.71934 -0.232438
-0.07841 0.634841 -0.232438
-0.103449 0.691783 -0.232438
-0.0779521 0.629944 -0.232438
0.0154916 0.579398 -0.202558
-0.148646 0.648035 -0.127859
-0.0774941 0.625046 -0.232438
-0.0770362 0.620149 -0.232438
-0.0761204 0.610354 -0.232438
-0.0793214 0.802724 -0.232438
-0.0271 0.87677 -0.137819
-0.108029 0.740757 -0.232438
-0.0752045 0.600559 -0.232438
-0.0779476 0.788032 -0.232438
-0.00755589 0.878598 -0.167699
-0.0742887 0.590765 -0.232438
-0.0738307 0.585867 -0.232438
-0.0765739 0.77334 -0.232438
0.0301497 0.580769 -0.217498
-0.162237 0.582541 -0.232438
-0.0950465 0.865477 -0.232438
-0.119935 0.86809 -0.207538
-0.00251869 0.824726 -0.232438
-0.000233485 0.642151 -0.232438
-0.102382 0.62766 -0.127859
-0.0945886 0.860579 -0.232438
-0.0936728 0.850784 -0.232438
-0.0932148 0.845887 -0.232438
-0.0904673 0.816503 -0.232438
-0.0890935 0.80181 -0.232438
-0.205594 0.835379 -0.137819
-0.0776453 0.679375 -0.127859
-0.0872618 0.782221 -0.232438
-0.19323 0.703149 -0.212518
-0.0854301 0.762631 -0.232438
-0.0849721 0.757734 -0.232438
-0.0831404 0.738144 -0.232438
0.0240455 0.698764 -0.232438
-0.141924 0.78699 -0.232438
-0.0826825 0.733246 -0.232438
-0.141466 0.782093 -0.232438
-0.0822246 0.728349 -0.232438
-0.0417581 0.8754 -0.197578
-0.0808508 0.713657 -0.232438
0.0350358 0.581226 -0.207538
-0.0803929 0.708759 -0.232438
-0.0484847 0.578357 -0.232438
-0.119935 0.86809 -0.147779
-0.162237 0.582541 -0.127859
-0.0799349 0.703862 -0.232438
-0.079477 0.698965 -0.232438
-0.0480268 0.573459 -0.217498
-0.0735195 0.793386 -0.127859
-0.0698605 0.596119 -0.127859
-0.0785612 0.68917 -0.232438
-0.0781032 0.684272 -0.232438
-0.0776453 0.679375 -0.232438
-0.115049 0.868547 -0.192598
0.0238943 0.753092 -0.207538
-0.160406 0.562951 -0.192598
0.0106056 0.578942 -0.162719
-0.0771874 0.674477 -0.232438
-0.0564162 0.874029 -0.152759
-0.082229 0.570261 -0.172679
-0.0767295 0.66958 -0.232438
-0.00496392 0.745454 -0.232438
-0.0180971 0.675062 -0.127859
-0.0753557 0.654888 -0.232438
-0.0780988 0.84236 -0.232438
-0.191549 0.737888 -0.232438
-0.0748977 0.64999 -0.232438
-0.0785567 0.847258 -0.232438
-0.205594 0.835379 -0.192598
-0.0588614 0.794757 -0.127859
-0.0295452 0.797498 -0.127859
-0.0726081 0.625503 -0.232438
-0.0748933 0.808078 -0.232438
-0.0300032 0.802395 -0.127859
-0.0721502 0.620606 -0.232438
-0.0529128 0.573002 -0.207538
-0.0703185 0.601016 -0.232438
-0.0730616 0.788489 -0.232438
-0.0411534 0.658086 -0.232438
-0.0438966 0.845558 -0.232438
-0.0808464 0.871745 -0.167699
-0.150633 0.563865 -0.137819
-0.134904 0.6592 -0.127859
-0.138563 0.856467 -0.127859
-0.0694026 0.591221 -0.232438
-0.0689447 0.586324 -0.232438
-0.0721458 0.778694 -0.232438
-0.0684868 0.581427 -0.232438
0.0243523 0.748195 -0.157739
-0.0680288 0.576529 -0.232438
-0.0712299 0.768899 -0.232438
-0.0675709 0.571632 -0.232438
-0.182239 0.585611 -0.212518
-0.0906184 0.870831 -0.232438
0.0358004 0.625759 -0.227458
-0.0887867 0.851241 -0.232438
-0.00893853 0.577114 -0.182638
-0.086955 0.831652 -0.232438
-0.0855812 0.816959 -0.232438
-0.0124419 0.878141 -0.167699
0.0202309 0.792272 -0.207538
0.0132064 0.761973 -0.232438
-0.081002 0.767985 -0.232438
-0.0927569 0.84099 -0.127859
-0.0898582 0.757277 -0.127859
-0.176437 0.576273 -0.232438
-0.0791703 0.748396 -0.232438
0.0301497 0.580769 -0.137819
-0.187276 0.639483 -0.227458
-0.0787123 0.743498 -0.232438
-0.137349 0.579928 -0.127859
-0.140092 0.7674 -0.127859
-0.0718434 0.670037 -0.232438
-0.0745866 0.857509 -0.232438
-0.082229 0.570261 -0.192598
-0.0700117 0.650447 -0.232438
-0.0695538 0.64555 -0.232438
-0.0690959 0.640652 -0.232438
-0.198267 0.757021 -0.197578
-0.0672641 0.621063 -0.232438
-0.0709231 0.81833 -0.232438
-0.0187106 0.5762 -0.147779
-0.0649745 0.596576 -0.232438
-0.0645166 0.591678 -0.232438
-0.0672597 0.779151 -0.232438
0.0358004 0.625759 -0.177659
-0.0640587 0.586781 -0.232438
-0.0677176 0.784048 -0.232438
0.0344267 0.640452 -0.172679
-0.0631428 0.576986 -0.232438
-0.0626849 0.572089 -0.232438
0.032595 0.660041 -0.227458
-0.0848165 0.861493 -0.232438
-0.186819 0.634585 -0.152759
-0.0370321 0.614009 -0.232438
-0.0829848 0.841903 -0.232438
-0.171245 0.626161 -0.232438
-0.174904 0.823428 -0.232438
-0.0516858 0.770726 -0.232438
-0.10039 0.869917 -0.177659
-0.0788635 0.797827 -0.232438
-0.107571 0.73586 -0.232438
-0.0774897 0.783134 -0.232438
-0.182079 0.847458 -0.232438
-0.0761159 0.768442 -0.232438
-0.036263 0.816631 -0.232438
-0.0920011 0.569347 -0.217498
-0.075658 0.763545 -0.232438
-0.0747421 0.75375 -0.232438
-0.0159586 0.704904 -0.232438
-0.0742842 0.748852 -0.232438
-0.0738263 0.743955 -0.232438
-0.0733684 0.739058 -0.232438
-0.0729104 0.73416 -0.232438
-0.0715367 0.719468 -0.232438
-0.0710787 0.714571 -0.232438
-0.0706208 0.709673 -0.232438
0.0376322 0.60617 -0.227458
-0.0697049 0.699878 -0.232438
-0.0683312 0.685186 -0.232438
-0.0692426 0.853069 -0.232438
-0.129862 0.763417 -0.127859
-0.0678732 0.680289 -0.232438
-0.101466 0.617865 -0.232438
-0.105125 0.815132 -0.232438
-0.0660415 0.660699 -0.232438
0.0348846 0.635554 -0.187618
0.000833536 0.578028 -0.167699
-0.0338266 0.579727 -0.232438
-0.0365697 0.7672 -0.232438
-0.0637519 0.636212 -0.232438
-0.0124419 0.878141 -0.187618
0.0211468 0.782477 -0.177659
-0.0825313 0.678918 -0.127859
-0.0619202 0.616622 -0.232438
-0.0651212 0.808992 -0.232438
0.0202309 0.792272 -0.177659
-0.0614623 0.611725 -0.232438
-0.184071 0.605201 -0.197578
-0.0610043 0.606827 -0.232438
-0.0637475 0.7943 -0.232438
-0.0605464 0.60193 -0.232438
-0.0642054 0.799197 -0.232438
0.0179413 0.816759 -0.207538
-0.0596306 0.592135 -0.232438
-0.0498541 0.751137 -0.232438
-0.183613 0.600303 -0.172679
-0.0487826 0.845101 -0.127859
-0.0170256 0.769027 -0.127859
-0.0582568 0.577443 -0.232438
-0.0614578 0.769813 -0.232438
-0.0382547 0.574373 -0.132839
-0.0790147 0.852155 -0.232438
-0.0762671 0.822771 -0.232438
-0.024966 0.748524 -0.232438
-0.146966 0.682774 -0.232438
-0.0739775 0.798283 -0.232438
-0.070772 0.764002 -0.232438
0.0266419 0.723708 -0.202558
-0.206967 0.850071 -0.192598
-0.0698561 0.754207 -0.232438
-0.0240501 0.738729 -0.232438
-0.10039 0.869917 -0.212518
0.0161096 0.836348 -0.222478
0.0270998 0.71881 -0.137819
-0.0680244 0.734617 -0.232438
-0.154137 0.864892 -0.217498
0.0165675 0.831451 -0.137819
-0.0675665 0.72972 -0.232438
-0.0652768 0.705233 -0.232438
0.0371742 0.611067 -0.182638
-0.0648189 0.700335 -0.232438
-0.064361 0.695438 -0.232438
-0.203304 0.810892 -0.172679
-0.0629872 0.680745 -0.232438
-0.197351 0.747226 -0.187618
-0.0620714 0.670951 -0.232438
0.032137 0.664939 -0.132839
-0.0606976 0.656258 -0.232438
-0.0629828 0.838833 -0.232438
-0.0300076 0.644307 -0.232438
-0.0593238 0.641566 -0.232438
-0.0588659 0.636669 -0.232438
-0.156893 0.5781 -0.232438
-0.160552 0.775368 -0.232438
-0.0434431 0.682573 -0.232438
-0.0584079 0.631771 -0.232438
-0.0408467 0.707517 -0.232438
-0.00527068 0.696023 -0.127859
-0.043901 0.68747 -0.232438
-0.05795 0.626874 -0.232438
-0.0403888 0.702619 -0.232438
-0.0574921 0.621976 -0.232438
-0.0602352 0.809449 -0.232438
-0.135975 0.565236 -0.207538
-0.206509 0.845174 -0.132839
-0.0561183 0.607284 -0.232438
-0.181621 0.842561 -0.232438
-0.0538287 0.582797 -0.232438
-0.0574877 0.780064 -0.232438
-0.0281759 0.624718 -0.232438
-0.030919 0.81219 -0.232438
-0.0533707 0.5779 -0.232438
-0.0529128 0.573002 -0.232438
-0.0727548 0.83792 -0.232438
-0.0713811 0.823227 -0.232438
0.0206889 0.787374 -0.182638
-0.117805 0.581755 -0.127859
-0.0318393 0.663897 -0.232438
-0.0690914 0.79874 -0.232438
-0.0487826 0.845101 -0.232438
-0.0681756 0.788945 -0.232438
-0.0663439 0.769356 -0.232438
-0.0658859 0.764458 -0.232438
0.0376322 0.60617 -0.147779
-0.0626805 0.730177 -0.232438
0.0275578 0.713913 -0.207538
-0.0622225 0.725279 -0.232438
-0.184067 0.763289 -0.127859
0.00892949 0.702291 -0.127859
-0.0617646 0.720382 -0.232438
-0.0613067 0.715484 -0.232438
-0.139639 0.604415 -0.232438
-0.141315 0.727764 -0.232438
-0.0608487 0.710587 -0.232438
-0.0603908 0.705689 -0.232438
-0.0599329 0.700792 -0.232438
-0.191856 0.688457 -0.202558
-0.059475 0.695895 -0.232438
-0.059017 0.690997 -0.232438
-0.0567274 0.66651 -0.232438
-0.0562695 0.661613 -0.232438
-0.188339 0.861694 -0.217498
-0.0596306 0.592135 -0.127859
0.0179413 0.816759 -0.127859
-0.050312 0.756034 -0.232438
-0.194145 0.712944 -0.207538
-0.00587978 0.755249 -0.127859
-0.0558115 0.656715 -0.232438
-0.0590126 0.849085 -0.232438
-0.0553536 0.651818 -0.232438
-0.0544378 0.642023 -0.232438
-0.120095 0.606242 -0.127859
-0.0539798 0.637126 -0.232438
-0.053064 0.627331 -0.232438
0.0147358 0.851041 -0.212518
-0.0512323 0.607741 -0.232438
-0.0548913 0.805008 -0.232438
-0.0494006 0.588151 -0.232438
-0.0489426 0.583254 -0.232438
-0.0512278 0.765829 -0.232438
-0.0710743 0.872658 -0.232438
-0.0724569 0.571175 -0.212518
-0.0683267 0.843274 -0.232438
-0.0655792 0.813889 -0.232438
0.00557283 0.790901 -0.232438
0.00831596 0.603429 -0.232438
-0.0623737 0.779608 -0.232438
-0.19094 0.678662 -0.162719
-0.0619158 0.77471 -0.232438
-0.0596261 0.750223 -0.232438
-0.0591682 0.745326 -0.232438
-0.0582523 0.735531 -0.232438
-0.0014561 0.602515 -0.232438
-0.0573365 0.725736 -0.232438
-0.166816 0.631515 -0.232438
-0.16956 0.818988 -0.232438
-0.138265 0.589723 -0.232438
-0.142689 0.742456 -0.232438
-0.1036 0.746111 -0.232438
-0.0559627 0.711044 -0.232438
-0.137807 0.584825 -0.232438
-0.143147 0.747354 -0.232438
-0.0555048 0.706146 -0.232438
-0.182239 0.585611 -0.177659
-0.0477156 0.780978 -0.127859
-0.054131 0.691454 -0.232438
-0.0536731 0.686557 -0.232438
-0.0500097 0.647377 -0.232438
-0.0495517 0.64248 -0.232438
-0.0518369 0.825055 -0.232438
-0.048178 0.627788 -0.232438
-0.0509211 0.81526 -0.232438
-0.193225 0.861237 -0.207538
-0.182697 0.590508 -0.207538
-0.0468042 0.613095 -0.232438
-0.0495473 0.800568 -0.232438
-0.0435987 0.578813 -0.232438
-0.112461 0.577315 -0.127859
-0.115662 0.769685 -0.127859
-0.0657303 0.868218 -0.232438
-0.0431408 0.573916 -0.212518
-0.0330575 0.782349 -0.232438
-0.00893853 0.577114 -0.187618
-0.0643566 0.853526 -0.232438
-0.0634407 0.843731 -0.232438
-0.0625249 0.833936 -0.232438
-0.0597773 0.804551 -0.232438
-0.0588614 0.794757 -0.232438
-0.0431408 0.573916 -0.187618
-0.0579456 0.784962 -0.232438
-0.0417581 0.8754 -0.217498
0.0362584 0.620862 -0.227458
-0.0547401 0.75068 -0.232438
0.0216047 0.777579 -0.137819
-0.0542822 0.745782 -0.232438
-0.0538242 0.740885 -0.232438
0.0264863 0.619948 -0.127859
-0.0519925 0.721295 -0.232438
-0.0515346 0.716398 -0.232438
-0.109865 0.602259 -0.232438
-0.0501608 0.701706 -0.232438
0.0312212 0.674734 -0.172679
-0.0497029 0.696808 -0.232438
0.011068 0.732132 -0.127859
-0.049245 0.691911 -0.232438
-0.19094 0.678662 -0.142799
-0.0663439 0.769356 -0.127859
-0.0478712 0.677219 -0.232438
-0.161166 0.676506 -0.232438
-0.163909 0.863978 -0.232438
-0.0469553 0.667424 -0.232438
-0.0496985 0.854896 -0.232438
0.0399218 0.581683 -0.222478
0.00633752 0.835435 -0.232438
-0.160708 0.671608 -0.232438
-0.0464974 0.662526 -0.232438
-0.0455816 0.652732 -0.232438
-0.0423761 0.61845 -0.232438
-0.142235 0.579471 -0.232438
-0.0419181 0.613552 -0.232438
-0.0457283 0.865148 -0.232438
-0.0414602 0.608655 -0.232438
0.0142779 0.855938 -0.202558
-0.0359607 0.707974 -0.232438
-0.0405444 0.59886 -0.232438
-0.0442033 0.796127 -0.232438
-0.0391706 0.584168 -0.232438
-0.027718 0.61982 -0.232438
-0.031377 0.817087 -0.232438
-0.0382547 0.574373 -0.232438
-0.0599285 0.85888 -0.232438
-0.0594705 0.853983 -0.232438
0.0252681 0.7384 -0.197578
-0.192314 0.693354 -0.222478
-0.17995 0.561124 -0.142799
-0.050312 0.756034 -0.127859
-0.0580968 0.83929 -0.232438
-0.0571809 0.829495 -0.232438
-0.056265 0.819701 -0.232438
-0.0553492 0.809906 -0.232438
-0.0526016 0.780521 -0.232438
-0.107726 0.6321 -0.232438
-0.0507699 0.760932 -0.232438
-0.170178 0.562038 -0.217498
-0.17995 0.561124 -0.222478
0.0127441 0.608783 -0.232438
-0.19323 0.703149 -0.127859
-0.0493961 0.746239 -0.232438
-0.082229 0.570261 -0.222478
-0.0489382 0.741342 -0.232438
-0.0391706 0.584168 -0.127859
-0.0947442 0.75682 -0.232438
-0.0484803 0.736445 -0.232438
-0.0471065 0.721752 -0.232438
-0.0466486 0.716855 -0.232438
-0.0188618 0.630529 -0.127859
-0.0448169 0.697265 -0.232438
0.0289315 0.699221 -0.197578
0.0367163 0.615965 -0.132839
-0.0443589 0.692368 -0.232438
-0.139479 0.866262 -0.217498
-0.178567 0.862607 -0.202558
0.0316791 0.669836 -0.187618
-0.132761 0.84713 -0.232438
-0.0425272 0.672778 -0.232438
-0.155519 0.563408 -0.142799
-0.0406955 0.653188 -0.232438
-0.0443545 0.850456 -0.232438
-0.087115 0.569804 -0.222478
-0.179638 0.768643 -0.127859
-0.0402376 0.648291 -0.232438
-0.101773 0.568434 -0.137819
-0.0312258 0.762759 -0.232438
-0.173681 0.863064 -0.137819
-0.206051 0.840277 -0.202558
-0.108184 0.636998 -0.127859
-0.0388638 0.633599 -0.232438
-0.0416069 0.821071 -0.232438
-0.037948 0.623804 -0.232438
0.0229785 0.762887 -0.212518
-0.146205 0.569219 -0.127859
-0.148491 0.751794 -0.127859
-0.0361162 0.604214 -0.232438
-0.0384015 0.786789 -0.232438
-0.149251 0.865349 -0.177659
-0.0251171 0.802852 -0.232438
-0.0219161 0.610482 -0.232438
-0.0333687 0.57483 -0.232438
-0.0370277 0.772097 -0.232438
-0.206967 0.850071 -0.167699
-0.0564162 0.874029 -0.232438
0.0147358 0.851041 -0.202558
-0.0432875 0.786332 -0.232438
-0.1375 0.634256 -0.127859
-0.00923643 0.843859 -0.127859
-0.0541266 0.849542 -0.232438
-0.0191685 0.581098 -0.127859
-0.0532107 0.839747 -0.232438
-0.0477156 0.780978 -0.232438
-0.184987 0.614995 -0.162719
-0.17521 0.773997 -0.127859
-0.0472577 0.776081 -0.232438
0.00465698 0.800696 -0.232438
-0.0458839 0.761388 -0.232438
-0.199641 0.771713 -0.182638
-0.0422205 0.722209 -0.232438
-0.0399308 0.697722 -0.232438
-0.0394729 0.692825 -0.232438
-0.0385571 0.68303 -0.232438
-0.112759 0.84406 -0.127859
-0.0376412 0.673235 -0.232438
-0.0403843 0.860707 -0.232438
-0.0371833 0.668338 -0.232438
-0.0408423 0.865605 -0.232438
-0.0138246 0.576657 -0.152759
-0.0339778 0.634056 -0.232438
-0.0367209 0.821528 -0.232438
-0.0335199 0.629158 -0.232438
-0.0371788 0.826425 -0.232438
0.0275578 0.713913 -0.182638
0.00892949 0.702291 -0.232438
-0.0611511 0.819244 -0.127859
-0.0811531 0.822314 -0.127859
-0.0797838 0.649534 -0.127859
-0.0321461 0.614466 -0.232438
-0.0327507 0.83178 -0.232438
-0.0316881 0.609569 -0.232438
-0.131698 0.624918 -0.127859
-0.134442 0.812391 -0.127859
-0.0584079 0.631771 -0.127859
-0.0307723 0.599774 -0.232438
-0.0344313 0.797041 -0.232438
0.0161096 0.836348 -0.157739
-0.0303144 0.594876 -0.232438
-0.111545 0.56752 -0.152759
-0.0298564 0.589979 -0.232438
-0.0353471 0.806836 -0.232438
-0.160401 0.721039 -0.127859
-0.0293985 0.585082 -0.232438
-0.0515302 0.874486 -0.232438
0.0353425 0.630657 -0.162719
-0.122535 0.685058 -0.127859
-0.0506143 0.864691 -0.232438
0.0330529 0.655144 -0.202558
-0.0920011 0.569347 -0.187618
-0.0469509 0.825512 -0.232438
-0.197809 0.752123 -0.192598
-0.046493 0.820614 -0.232438
-0.194603 0.717841 -0.202558
-0.0460351 0.815717 -0.232438
-0.0428296 0.781435 -0.232438
-0.0423716 0.776538 -0.232438
0.0376322 0.60617 -0.217498
-0.0107702 0.596704 -0.232438
-0.0419137 0.77164 -0.232438
-0.0968871 0.568891 -0.132839
-0.181781 0.580714 -0.192598
-0.156129 0.622634 -0.232438
-0.160245 0.824799 -0.232438
-0.040082 0.75205 -0.232438
-0.0387082 0.737358 -0.232438
-0.0440522 0.741799 -0.232438
-0.0382503 0.732461 -0.232438
-0.173681 0.863064 -0.177659
-0.206051 0.840277 -0.172679
-0.0377924 0.727563 -0.232438
-0.0151939 0.749437 -0.232438
-0.0373344 0.722666 -0.232438
-0.0156518 0.754335 -0.232438
-0.0203867 0.699549 -0.232438
-0.0364186 0.712871 -0.232438
-0.0355027 0.703076 -0.232438
-0.0350448 0.698179 -0.232438
-0.0345869 0.693281 -0.232438
-0.0341289 0.688384 -0.232438
-0.0368721 0.875856 -0.232438
-0.033671 0.683487 -0.232438
-0.0322972 0.668794 -0.232438
-0.0313814 0.659 -0.232438
-0.0286338 0.629615 -0.232438
-0.02726 0.614923 -0.232438
-0.0268021 0.610025 -0.232438
-0.0258863 0.600231 -0.232438
-0.0281715 0.782806 -0.232438
-0.0249704 0.590436 -0.232438
-0.0290873 0.7926 -0.232438
-0.0235966 0.575743 -0.232438
-0.0452704 0.86025 -0.232438
-0.205136 0.830482 -0.192598
-0.0425228 0.830866 -0.232438
-0.0361118 0.762302 -0.232438
-0.0461906 0.711957 -0.127859
-0.0431408 0.573916 -0.127859
-0.035196 0.752507 -0.232438
-0.0342801 0.742712 -0.232438
-0.0338222 0.737815 -0.232438
-0.0329063 0.72802 -0.232438
-0.132001 0.733575 -0.127859
-0.0319905 0.718225 -0.232438
-0.0297008 0.693738 -0.232438
-0.0292429 0.688841 -0.232438
0.0211468 0.782477 -0.217498
-0.0283271 0.679046 -0.232438
-0.0310702 0.866518 -0.232438
0.0203777 0.579855 -0.217498
-0.0251216 0.644764 -0.232438
-0.0242057 0.634969 -0.232438
-0.170178 0.562038 -0.197578
-0.0217561 0.87233 -0.232438
-0.0826869 0.575159 -0.232438
-0.0863459 0.772426 -0.232438
-0.0197776 0.640324 -0.232438
-0.203762 0.81579 -0.147779
-0.0559583 0.869132 -0.232438
-0.0237478 0.630072 -0.232438
-0.026033 0.812647 -0.232438
-0.0232899 0.625175 -0.232438
-0.0228319 0.620277 -0.232438
-0.0214582 0.605585 -0.232438
0.00571957 0.578485 -0.187618
-0.0191685 0.581098 -0.232438
0.0188571 0.806964 -0.182638
-0.0385526 0.841118 -0.232438
-0.0376368 0.831323 -0.232438
-0.184987 0.614995 -0.177659
-0.0135178 0.626088 -0.127859
-0.0171768 0.823355 -0.127859
-0.0325996 0.777451 -0.232438
-0.0321416 0.772554 -0.232438
-0.185445 0.619893 -0.182638
-0.0787168 0.58541 -0.127859
-0.0316837 0.767656 -0.232438
-0.0284782 0.733375 -0.232438
-0.0664995 0.665596 -0.127859
-0.0280203 0.728477 -0.232438
0.0394639 0.58658 -0.182638
-0.154297 0.603044 -0.127859
-0.0275624 0.72358 -0.232438
-0.0271044 0.718682 -0.232438
0.019773 0.797169 -0.137819
0.0298474 0.689426 -0.127859
-0.0918455 0.673107 -0.232438
-0.0266465 0.713785 -0.232438
0.0164119 0.727691 -0.232438
-0.0261886 0.708887 -0.232438
-0.0248148 0.694195 -0.232438
-0.0216093 0.659913 -0.232438
-0.0188618 0.630529 -0.232438
0.00953858 0.643065 -0.127859
-0.0179459 0.620734 -0.232438
0.00342993 0.602972 -0.127859
-0.0165721 0.606042 -0.232438
-0.0174835 0.773924 -0.232438
-0.0147404 0.586452 -0.232438
-0.0138246 0.576657 -0.232438
0.0344267 0.640452 -0.207538
-0.0359562 0.866062 -0.232438
-0.0354983 0.861164 -0.232438
-0.0304611 0.807293 -0.232438
-0.0300032 0.802395 -0.232438
-0.179487 0.714314 -0.127859
-0.0295452 0.797498 -0.232438
-0.0466441 0.874943 -0.142799
-0.0263398 0.763216 -0.232438
-0.0254239 0.753421 -0.232438
-0.0235922 0.733831 -0.232438
-0.150633 0.563865 -0.212518
-0.0217605 0.714242 -0.232438
-0.0213026 0.709344 -0.232438
-0.0040525 0.577571 -0.207538
-0.04772 0.62289 -0.232438
-0.051379 0.820157 -0.232438
-0.0199288 0.694652 -0.232438
-0.0194709 0.689755 -0.232438
-0.017328 0.877684 -0.172679
-0.0190129 0.684857 -0.232438
0.0216047 0.777579 -0.217498
-0.0171812 0.665268 -0.232438
-0.0185506 0.838048 -0.232438
-0.0148916 0.640781 -0.232438
-0.0435942 0.736901 -0.232438
-0.0144337 0.635883 -0.232438
-0.20193 0.7962 -0.152759
-0.0167189 0.818458 -0.232438
-0.0139757 0.630986 -0.232438
-0.184987 0.614995 -0.217498
-0.0171768 0.823355 -0.232438
-0.0135178 0.626088 -0.232438
-0.0153451 0.803766 -0.232438
-0.164829 0.715685 -0.232438
-0.0130599 0.621191 -0.232438
0.0330529 0.655144 -0.232438
-0.0976429 0.840533 -0.127859
-0.103298 0.637454 -0.232438
-0.00893853 0.577114 -0.232438
-0.0319861 0.876313 -0.232438
