ply
format ascii 1.0
comment Created by Open3D
element vertex 12056
property double x
property double y
property double z
end_header
0.615137 -0.0261132 0.0760433
0.61515 -0.0213918 0.0760433
0.615175 -0.011949 0.0760433
0.615201 -0.00250624 0.0760433
0.615214 0.00221515 0.0760433
0.615226 0.00693653 0.0760433
0.615252 0.0163793 0.0760433
0.615265 0.0211007 0.0760433
0.615277 0.0258221 0.0760433
0.615099 -0.0402773 0.0808838
0.615175 -0.011949 0.0808838
0.615226 0.00693653 0.0808838
0.615239 0.0116579 0.0808838
0.615252 0.0163793 0.0808838
0.615277 0.0258221 0.0808838
0.615112 -0.0355559 0.0857243
0.615137 -0.0261132 0.0857243
0.615163 -0.0166704 0.0857243
0.615201 -0.00250624 0.0857243
0.615265 0.0211007 0.0857243
0.615277 0.0258221 0.0857243
0.615112 -0.0355559 0.0905648
0.615163 -0.0166704 0.0905648
0.615175 -0.011949 0.0905648
0.615201 -0.00250624 0.0905648
0.615226 0.00693653 0.0905648
0.615239 0.0116579 0.0905648
0.615252 0.0163793 0.0905648
0.615265 0.0211007 0.0905648
0.615277 0.0258221 0.0905648
0.615099 -0.0402773 0.0954053
0.615137 -0.0261132 0.0954053
0.615163 -0.0166704 0.0954053
0.615239 0.0116579 0.0954053
0.615252 0.0163793 0.0954053
0.615277 0.0258221 0.0954053
0.615137 -0.0261132 0.100246
0.615163 -0.0166704 0.100246
0.615201 -0.00250624 0.100246
0.615226 0.00693653 0.100246
0.615239 0.0116579 0.100246
0.615252 0.0163793 0.100246
0.615265 0.0211007 0.100246
0.61529 0.0305435 0.100246
0.615099 -0.0402773 0.105086
0.615137 -0.0261132 0.105086
0.615163 -0.0166704 0.105086
0.615175 -0.011949 0.105086
0.615201 -0.00250624 0.105086
0.615214 0.00221515 0.105086
0.615226 0.00693653 0.105086
0.615239 0.0116579 0.105086
0.615252 0.0163793 0.105086
0.615099 -0.0402773 0.109927
0.615112 -0.0355559 0.109927
0.615137 -0.0261132 0.109927
0.615163 -0.0166704 0.109927
0.615175 -0.011949 0.109927
0.615201 -0.00250624 0.109927
0.615214 0.00221515 0.109927
0.615226 0.00693653 0.109927
0.615239 0.0116579 0.109927
0.615252 0.0163793 0.109927
0.615137 -0.0261132 0.114767
0.615163 -0.0166704 0.114767
0.615175 -0.011949 0.114767
0.61529 0.0305435 0.0760433
0.615188 -0.00722762 0.114767
0.615214 0.00221515 0.114767
0.615226 0.00693653 0.114767
0.615252 0.0163793 0.114767
0.615265 0.0211007 0.114767
0.615277 0.0258221 0.114767
0.615099 -0.0402773 0.119608
0.615137 -0.0261132 0.119608
0.615163 -0.0166704 0.119608
0.615175 -0.011949 0.119608
0.61529 0.0305435 0.105086
0.615188 -0.00722762 0.119608
0.615214 0.00221515 0.119608
0.615226 0.00693653 0.119608
0.615252 0.0163793 0.119608
0.615188 -0.00722762 0.109927
0.61529 0.0305435 0.119608
0.615112 -0.0355559 0.124448
0.615137 -0.0261132 0.124448
0.61515 -0.0213918 0.124448
0.615163 -0.0166704 0.124448
0.615175 -0.011949 0.124448
0.615201 -0.00250624 0.124448
0.615214 0.00221515 0.124448
0.615226 0.00693653 0.124448
0.615252 0.0163793 0.124448
0.615265 0.0211007 0.124448
0.615277 0.0258221 0.124448
0.615099 -0.0402773 0.129289
0.615112 -0.0355559 0.129289
0.615137 -0.0261132 0.129289
0.61515 -0.0213918 0.129289
0.615175 -0.011949 0.129289
0.615201 -0.00250624 0.129289
0.615214 0.00221515 0.129289
0.615226 0.00693653 0.129289
0.615252 0.0163793 0.129289
0.615277 0.0258221 0.129289
0.615099 -0.0402773 0.134129
0.615112 -0.0355559 0.134129
0.615137 -0.0261132 0.134129
0.61515 -0.0213918 0.134129
0.615163 -0.0166704 0.134129
0.615188 -0.00722762 0.134129
0.615214 0.00221515 0.134129
0.615226 0.00693653 0.134129
0.615265 0.0211007 0.134129
0.615277 0.0258221 0.134129
0.61529 0.0305435 0.134129
0.615303 0.0352648 0.0760433
0.630117 0.0352249 0.0760433
0.635055 0.0352115 0.0760433
0.644931 0.0351849 0.0760433
0.649869 0.0351716 0.0760433
0.659745 0.0351449 0.0760433
0.664683 0.0351316 0.0760433
0.669621 0.0351183 0.0760433
0.615265 0.0211007 0.129289
0.67456 0.0351049 0.0760433
0.615214 0.00221515 0.0905648
0.679498 0.0350916 0.0760433
0.684436 0.0350783 0.0760433
0.689374 0.0350649 0.0760433
0.620241 0.0352515 0.0808838
0.625179 0.0352382 0.0808838
0.635055 0.0352115 0.0808838
0.644931 0.0351849 0.0808838
0.649869 0.0351716 0.0808838
0.654807 0.0351582 0.0808838
0.659745 0.0351449 0.0808838
0.664683 0.0351316 0.0808838
0.669621 0.0351183 0.0808838
0.615265 0.0211007 0.0954053
0.67456 0.0351049 0.0808838
0.615214 0.00221515 0.0857243
0.679498 0.0350916 0.0808838
0.684436 0.0350783 0.0808838
0.615303 0.0352648 0.0857243
0.620241 0.0352515 0.0857243
0.630117 0.0352249 0.0857243
0.635055 0.0352115 0.0857243
0.61529 0.0305435 0.0857243
0.615188 -0.00722762 0.100246
0.639993 0.0351982 0.0857243
0.644931 0.0351849 0.0857243
0.615188 -0.00722762 0.129289
0.649869 0.0351716 0.0857243
0.615303 0.0352648 0.0808838
0.654807 0.0351582 0.0857243
0.659745 0.0351449 0.0857243
0.669621 0.0351183 0.0857243
0.67456 0.0351049 0.0857243
0.679498 0.0350916 0.0857243
0.684436 0.0350783 0.0857243
0.689374 0.0350649 0.0857243
0.694312 0.0350516 0.0857243
0.625179 0.0352382 0.0905648
0.639993 0.0351982 0.0905648
0.644931 0.0351849 0.0905648
0.654807 0.0351582 0.0905648
0.659745 0.0351449 0.0905648
0.664683 0.0351316 0.0905648
0.669621 0.0351183 0.0905648
0.679498 0.0350916 0.0905648
0.684436 0.0350783 0.0905648
0.689374 0.0350649 0.0905648
0.694312 0.0350516 0.0905648
0.635055 0.0352115 0.0954053
0.639993 0.0351982 0.0954053
0.644931 0.0351849 0.0954053
0.615112 -0.0355559 0.0760433
0.615303 0.0352648 0.0905648
0.654807 0.0351582 0.0954053
0.659745 0.0351449 0.0954053
0.67456 0.0351049 0.0954053
0.684436 0.0350783 0.0954053
0.689374 0.0350649 0.0954053
0.620241 0.0352515 0.100246
0.649869 0.0351716 0.100246
0.615303 0.0352648 0.0954053
0.654807 0.0351582 0.100246
0.664683 0.0351316 0.100246
0.684436 0.0350783 0.100246
0.615112 -0.0355559 0.114767
0.615303 0.0352648 0.105086
0.620241 0.0352515 0.105086
0.635055 0.0352115 0.105086
0.639993 0.0351982 0.105086
0.649869 0.0351716 0.105086
0.664683 0.0351316 0.105086
0.67456 0.0351049 0.105086
0.684436 0.0350783 0.105086
0.620241 0.0352515 0.109927
0.625179 0.0352382 0.109927
0.630117 0.0352249 0.109927
0.635055 0.0352115 0.109927
0.639993 0.0351982 0.109927
0.644931 0.0351849 0.109927
0.61529 0.0305435 0.0905648
0.615188 -0.00722762 0.105086
0.639993 0.0351982 0.0760433
0.649869 0.0351716 0.109927
0.654807 0.0351582 0.109927
0.67456 0.0351049 0.109927
0.679498 0.0350916 0.109927
0.684436 0.0350783 0.109927
0.689374 0.0350649 0.109927
0.615303 0.0352648 0.114767
0.620241 0.0352515 0.114767
0.625179 0.0352382 0.114767
0.679498 0.0350916 0.105086
0.630117 0.0352249 0.114767
0.615188 -0.00722762 0.0857243
0.61529 0.0305435 0.0954053
0.649869 0.0351716 0.114767
0.664683 0.0351316 0.114767
0.615124 -0.0308346 0.0905648
0.669621 0.0351183 0.114767
0.67456 0.0351049 0.114767
0.679498 0.0350916 0.114767
0.689374 0.0350649 0.114767
0.620241 0.0352515 0.119608
0.679498 0.0350916 0.0954053
0.630117 0.0352249 0.119608
0.635055 0.0352115 0.119608
0.639993 0.0351982 0.119608
0.649869 0.0351716 0.119608
0.654807 0.0351582 0.119608
0.659745 0.0351449 0.119608
0.669621 0.0351183 0.119608
0.67456 0.0351049 0.119608
0.684436 0.0350783 0.119608
0.689374 0.0350649 0.119608
0.625179 0.0352382 0.124448
0.679498 0.0350916 0.100246
0.630117 0.0352249 0.124448
0.635055 0.0352115 0.124448
0.639993 0.0351982 0.124448
0.615188 -0.00722762 0.0905648
0.649869 0.0351716 0.124448
0.659745 0.0351449 0.124448
0.679498 0.0350916 0.124448
0.684436 0.0350783 0.124448
0.694312 0.0350516 0.124448
0.615303 0.0352648 0.129289
0.620241 0.0352515 0.129289
0.630117 0.0352249 0.129289
0.635055 0.0352115 0.129289
0.644931 0.0351849 0.129289
0.654807 0.0351582 0.129289
0.659745 0.0351449 0.129289
0.67456 0.0351049 0.129289
0.689374 0.0350649 0.129289
0.694312 0.0350516 0.129289
0.620241 0.0352515 0.134129
0.625179 0.0352382 0.134129
0.615201 -0.00250624 0.134129
0.630117 0.0352249 0.134129
0.615175 -0.011949 0.134129
0.639993 0.0351982 0.134129
0.644931 0.0351849 0.134129
0.639993 0.0351982 0.100246
0.649869 0.0351716 0.134129
0.654807 0.0351582 0.134129
0.659745 0.0351449 0.134129
0.664683 0.0351316 0.134129
0.615239 0.0116579 0.0712028
0.62019 0.016366 0.0712028
0.659669 0.00681659 0.0712028
0.644931 0.0351849 0.100246
0.625051 -0.0119757 0.0712028
0.63984 -0.0214584 0.13897
0.689157 -0.0451986 0.114767
0.615265 0.0211007 0.0808838
0.669532 0.00206855 0.0712028
0.699059 -0.0357825 0.105086
0.694274 0.0208875 0.13897
0.654718 0.00210853 0.0712028
0.64978 0.00212186 0.0712028
0.644842 0.00213519 0.0712028
0.615277 0.0258221 0.100246
0.639904 0.00214851 0.0712028
0.620152 0.00220182 0.0712028
0.615214 0.00221515 0.0712028
0.689272 -0.00270614 0.0712028
0.664683 0.0351316 0.0857243
0.639853 -0.016737 0.13897
0.66952 -0.00265283 0.0712028
0.674343 -0.0451586 0.119608
0.699135 -0.00745418 0.0712028
0.625179 0.0352382 0.105086
0.689259 -0.00742753 0.0712028
0.684321 -0.0074142 0.0712028
0.620241 0.0352515 0.0712028
0.699161 0.00198859 0.109927
0.674445 -0.00738755 0.0712028
0.669583 0.0209541 0.13897
0.664569 -0.00736089 0.0712028
0.654693 -0.00733424 0.0712028
0.649755 -0.00732091 0.0712028
0.644816 -0.00730759 0.0712028
0.67456 0.0351049 0.100246
0.69925 0.0350383 0.134129
0.615265 0.0211007 0.119608
0.620126 -0.00724095 0.0712028
0.689246 -0.0121489 0.0712028
0.699199 0.0161527 0.0760433
0.649742 -0.0120423 0.0712028
0.644804 -0.012029 0.0712028
0.659567 -0.0309545 0.13897
0.699148 -0.0027328 0.0712028
0.639866 -0.0120156 0.0712028
0.694312 0.0350516 0.0954053
0.69911 -0.016897 0.129289
0.620113 -0.0119623 0.0712028
0.699173 0.00670998 0.0712028
0.694235 0.0067233 0.13897
0.69911 -0.016897 0.0712028
0.61529 0.0305435 0.129289
0.659656 0.00209521 0.0712028
0.634838 -0.045052 0.124448
0.689234 -0.0168703 0.13897
0.6299 -0.0450387 0.124448
0.699186 0.0114314 0.129289
0.674407 -0.0215517 0.0712028
0.674445 -0.00738755 0.13897
0.669469 -0.0215384 0.0712028
0.63984 -0.0214584 0.0712028
0.669456 -0.0262598 0.0712028
0.689336 0.0209008 0.13897
0.699237 0.0303169 0.0808838
0.630117 0.0352249 0.100246
0.694146 -0.0263264 0.0712028
0.615112 -0.0355559 0.119608
0.629913 -0.0403173 0.0712028
0.62019 0.016366 0.13897
0.654654 -0.0214984 0.0712028
0.679332 -0.0262864 0.0712028
0.615277 0.0258221 0.0712028
0.664518 -0.0262464 0.0712028
0.674534 0.0256622 0.0712028
0.699199 0.0161527 0.109927
0.639827 -0.0261798 0.0712028
0.6299 -0.0450387 0.13897
0.634889 -0.0261665 0.0712028
0.699071 -0.0310611 0.109927
0.684436 0.0350783 0.114767
0.620075 -0.0261265 0.0712028
0.669494 -0.0120956 0.0712028
0.654591 -0.0451053 0.0760433
0.615137 -0.0261132 0.0712028
0.699071 -0.0310611 0.0712028
0.674509 0.0162194 0.0712028
0.694133 -0.0310478 0.0712028
0.699097 -0.0216183 0.13897
0.620101 -0.0166837 0.0712028
0.674381 -0.0309945 0.0712028
0.669443 -0.0309812 0.0712028
0.664505 -0.0309678 0.0712028
0.659567 -0.0309545 0.0712028
0.654629 -0.0309412 0.0712028
0.615163 -0.0166704 0.129289
0.634928 -0.0120023 0.13897
0.625179 0.0352382 0.0857243
0.639815 -0.0309012 0.0712028
0.68441 0.0256355 0.13897
0.694121 -0.0357692 0.13897
0.634877 -0.0308879 0.0712028
0.65958 -0.0262331 0.0712028
0.649653 -0.045092 0.114767
0.629939 -0.0308745 0.0712028
0.699097 -0.0216183 0.0712028
0.615124 -0.0308346 0.0712028
0.699059 -0.0357825 0.0712028
0.615277 0.0258221 0.119608
0.66943 -0.0357025 0.0712028
0.615239 0.0116579 0.119608
0.624975 -0.040304 0.0712028
0.699122 -0.0121756 0.0712028
0.664492 -0.0356892 0.0712028
0.659554 -0.0356759 0.0712028
0.625026 -0.0214184 0.0712028
0.694312 0.0350516 0.100246
0.69911 -0.016897 0.109927
0.654616 -0.0356626 0.0712028
0.68441 0.0256355 0.0712028
0.615124 -0.0308346 0.100246
0.664467 -0.045132 0.119608
0.649678 -0.0356492 0.0712028
0.659745 0.0351449 0.0712028
0.64474 -0.0356359 0.0712028
0.664531 -0.0215251 0.13897
0.679281 -0.045172 0.119608
0.624988 -0.0355826 0.0712028
0.62005 -0.0355693 0.0712028
0.625064 -0.00725428 0.0712028
0.615112 -0.0355559 0.0712028
0.689157 -0.0451986 0.0712028
0.699173 0.00670998 0.129289
0.654642 -0.0262198 0.0712028
0.679294 -0.0404506 0.0712028
0.644753 -0.0309145 0.0712028
0.649716 -0.0214851 0.0712028
0.689374 0.0350649 0.105086
0.629939 -0.0308745 0.13897
0.669418 -0.0404239 0.0712028
0.689234 -0.0168703 0.0712028
0.61515 -0.0213918 0.13897
0.615252 0.0163793 0.134129
0.634902 -0.0214451 0.13897
0.669583 0.0209541 0.0712028
0.66448 -0.0404106 0.0712028
0.689323 0.0161794 0.0712028
0.654603 -0.0403839 0.0712028
0.644727 -0.0403573 0.0712028
0.61515 -0.0213918 0.0905648
0.699033 -0.0452253 0.0712028
0.679281 -0.045172 0.0712028
0.669621 0.0351183 0.129289
0.664467 -0.045132 0.0712028
0.654591 -0.0451053 0.0712028
0.620113 -0.0119623 0.13897
0.634838 -0.045052 0.0712028
0.620024 -0.045012 0.0712028
0.615086 -0.0449987 0.0712028
0.69925 0.0350383 0.13897
0.625115 0.0116313 0.13897
0.699084 -0.0263397 0.0857243
0.694312 0.0350516 0.13897
0.615226 0.00693653 0.0857243
0.689183 -0.0357558 0.13897
0.689374 0.0350649 0.13897
0.67447 0.00205522 0.0712028
0.644765 -0.0261931 0.0712028
0.664543 -0.0168037 0.0712028
0.699135 -0.00745418 0.0760433
0.669621 0.0351183 0.13897
0.699071 -0.0310611 0.0808838
0.664683 0.0351316 0.13897
0.699059 -0.0357825 0.129289
0.69925 0.0350383 0.0712028
0.67456 0.0351049 0.13897
0.659618 -0.012069 0.13897
0.644829 -0.0025862 0.0712028
0.644931 0.0351849 0.13897
0.689374 0.0350649 0.124448
0.664569 -0.00736089 0.13897
0.654782 0.0257155 0.13897
0.674343 -0.0451586 0.0808838
0.634966 0.00216184 0.13897
0.615214 0.00221515 0.13897
0.649653 -0.045092 0.129289
0.699237 0.0303169 0.13897
0.699173 0.00670998 0.109927
0.694299 0.0303302 0.13897
0.61515 -0.0213918 0.0712028
0.689361 0.0303436 0.13897
0.699212 0.0208741 0.0712028
0.644855 0.00685657 0.0712028
0.6299 -0.0450387 0.129289
0.684423 0.0303569 0.13897
0.664543 -0.0168037 0.13897
0.674547 0.0303835 0.13897
0.659733 0.0304235 0.13897
0.699148 -0.0027328 0.134129
0.664683 0.0351316 0.0954053
0.649653 -0.045092 0.0712028
0.639776 -0.0450653 0.124448
0.654795 0.0304368 0.13897
0.674343 -0.0451586 0.0712028
0.639917 0.0068699 0.0712028
0.625039 -0.0166971 0.13897
0.689157 -0.0451986 0.100246
0.630028 0.00217517 0.0712028
0.639891 -0.00257287 0.0712028
0.699097 -0.0216183 0.114767
0.635042 0.0304902 0.13897
0.635055 0.0352115 0.114767
0.659529 -0.0451187 0.0712028
0.635055 0.0352115 0.0905648
0.630104 0.0305035 0.13897
0.694095 -0.0452119 0.119608
0.625166 0.0305168 0.13897
0.664467 -0.045132 0.0808838
0.620228 0.0305301 0.13897
0.644918 0.0304635 0.13897
0.634838 -0.045052 0.119608
0.69911 -0.016897 0.0760433
0.644715 -0.0450787 0.124448
0.664531 -0.0215251 0.0712028
0.684257 -0.0310211 0.0712028
0.679319 -0.0310078 0.0712028
0.699033 -0.0452253 0.0857243
0.674534 0.0256622 0.13897
0.644715 -0.0450787 0.0760433
0.664658 0.0256888 0.13897
0.699135 -0.00745418 0.134129
0.644765 -0.0261931 0.13897
0.644906 0.0257421 0.13897
0.699173 0.00670998 0.119608
0.699084 -0.0263397 0.0760433
0.699122 -0.0121756 0.0760433
0.694095 -0.0452119 0.0712028
0.669609 0.0303969 0.13897
0.620037 -0.0402907 0.0712028
0.635029 0.0257688 0.13897
0.699059 -0.0357825 0.109927
0.625153 0.0257954 0.13897
0.620215 0.0258088 0.13897
0.635004 0.016326 0.13897
0.699046 -0.0405039 0.109927
0.684397 0.0209141 0.13897
0.679459 0.0209274 0.13897
0.674521 0.0209408 0.13897
0.649844 0.0257288 0.13897
0.699173 0.00670998 0.105086
0.634915 -0.0167237 0.0712028
0.659745 0.0351449 0.13897
0.659733 0.0304235 0.0712028
0.664556 -0.0120823 0.0712028
0.625179 0.0352382 0.119608
0.65972 0.0257021 0.13897
0.654769 0.0209941 0.13897
0.694172 -0.0168836 0.13897
0.639776 -0.0450653 0.0808838
0.659529 -0.0451187 0.0808838
0.694095 -0.0452119 0.13897
0.699212 0.0208741 0.13897
0.634838 -0.045052 0.114767
0.679408 0.0020419 0.0712028
0.659554 -0.0356759 0.13897
0.679408 0.0020419 0.13897
0.625179 0.0352382 0.129289
0.69421 -0.00271947 0.0712028
0.684385 0.0161927 0.0712028
0.654705 -0.00261285 0.13897
0.625179 0.0352382 0.0760433
0.659605 -0.0167903 0.13897
0.635055 0.0352115 0.100246
0.679332 -0.0262864 0.13897
0.615214 0.00221515 0.100246
0.684232 -0.0404639 0.0712028
0.699212 0.0208741 0.0808838
0.654693 -0.00733424 0.13897
0.61515 -0.0213918 0.100246
0.639776 -0.0450653 0.119608
0.649653 -0.045092 0.0760433
0.694184 -0.0121622 0.13897
0.634915 -0.0167237 0.13897
0.679498 0.0350916 0.134129
0.615188 -0.00722762 0.0712028
0.615099 -0.0402773 0.0905648
0.6299 -0.0450387 0.105086
0.699224 0.0255955 0.0905648
0.615163 -0.0166704 0.13897
0.634928 -0.0120023 0.0712028
0.634902 -0.0214451 0.0712028
0.620101 -0.0166837 0.13897
0.644893 0.0210207 0.13897
0.615239 0.0116579 0.13897
0.620228 0.0305301 0.0712028
0.624962 -0.0450254 0.0857243
0.649793 0.00684325 0.0712028
0.689221 -0.0215917 0.13897
0.654731 0.00682992 0.0712028
0.689348 0.0256222 0.13897
0.699135 -0.00745418 0.105086
0.689183 -0.0357558 0.0712028
0.65958 -0.0262331 0.13897
0.674509 0.0162194 0.13897
0.664683 0.0351316 0.124448
0.649653 -0.045092 0.0905648
0.664518 -0.0262464 0.13897
0.615124 -0.0308346 0.0808838
0.669621 0.0351183 0.0954053
0.694159 -0.021605 0.13897
0.639993 0.0351982 0.129289
0.615175 -0.011949 0.13897
0.615163 -0.0166704 0.0712028
0.615175 -0.011949 0.100246
0.634953 -0.00255955 0.0712028
0.654807 0.0351582 0.105086
0.654654 -0.0214984 0.13897
0.639866 -0.0120156 0.13897
0.694312 0.0350516 0.105086
0.69911 -0.016897 0.0954053
0.644804 -0.012029 0.13897
0.630117 0.0352249 0.0905648
0.634838 -0.045052 0.13897
0.689157 -0.0451986 0.0857243
0.620139 -0.00251957 0.13897
0.644791 -0.0167504 0.13897
0.699059 -0.0357825 0.114767
0.679396 -0.00267949 0.13897
0.629964 -0.0214318 0.13897
0.65468 -0.0120556 0.0712028
0.659631 -0.00734757 0.13897
0.615124 -0.0308346 0.114767
0.664467 -0.045132 0.105086
0.684219 -0.0451853 0.0712028
0.624962 -0.0450254 0.0760433
0.615086 -0.0449987 0.114767
0.644715 -0.0450787 0.13897
0.620062 -0.0308479 0.13897
0.644715 -0.0450787 0.0712028
0.630117 0.0352249 0.0954053
0.694223 0.00200192 0.13897
0.699084 -0.0263397 0.13897
0.654667 -0.016777 0.13897
0.615175 -0.011949 0.0857243
0.654718 0.00210853 0.13897
0.639929 0.0115913 0.13897
0.699199 0.0161527 0.105086
0.61529 0.0305435 0.109927
0.615188 -0.00722762 0.124448
0.649869 0.0351716 0.0905648
0.694146 -0.0263264 0.13897
0.654807 0.0351582 0.114767
0.629913 -0.0403173 0.13897
0.654756 0.0162727 0.13897
0.699186 0.0114314 0.119608
0.689285 0.00201524 0.0712028
0.620088 -0.0214051 0.13897
0.620024 -0.045012 0.13897
0.684296 -0.016857 0.0712028
0.649678 -0.0356492 0.13897
0.635055 0.0352115 0.13897
0.659529 -0.0451187 0.0954053
0.68427 -0.0262997 0.13897
0.615201 -0.00250624 0.0712028
0.679472 0.0256488 0.13897
0.674394 -0.0262731 0.13897
0.699135 -0.00745418 0.109927
0.629964 -0.0214318 0.0712028
0.639942 0.0163127 0.13897
0.674356 -0.0404373 0.0712028
0.649704 -0.0262065 0.13897
0.615252 0.0163793 0.0857243
0.664607 0.00680326 0.13897
0.615239 0.0116579 0.129289
0.674419 -0.0168303 0.0712028
0.659529 -0.0451187 0.100246
0.624962 -0.0450254 0.0712028
0.664607 0.00680326 0.0712028
0.615252 0.0163793 0.0712028
0.634851 -0.0403306 0.13897
0.634889 -0.0261665 0.13897
0.689272 -0.00270614 0.13897
0.699224 0.0255955 0.119608
0.664581 -0.00263951 0.13897
0.694095 -0.0452119 0.0760433
0.699212 0.0208741 0.119608
0.629926 -0.0355959 0.0712028
0.630028 0.00217517 0.13897
0.654591 -0.0451053 0.129289
0.629977 -0.0167104 0.0712028
0.699071 -0.0310611 0.134129
0.624975 -0.040304 0.13897
0.615188 -0.00722762 0.0808838
0.630117 0.0352249 0.0712028
0.659656 0.00209521 0.13897
0.634991 0.0116046 0.13897
0.644753 -0.0309145 0.13897
0.674343 -0.0451586 0.0760433
0.674419 -0.0168303 0.13897
0.684359 0.00674996 0.0712028
0.634966 0.00216184 0.0712028
0.654591 -0.0451053 0.114767
0.699084 -0.0263397 0.119608
0.699212 0.0208741 0.0857243
0.620241 0.0352515 0.0954053
0.694108 -0.0404906 0.13897
0.630015 -0.00254622 0.0712028
0.615099 -0.0402773 0.0857243
0.649691 -0.0309278 0.13897
0.6299 -0.0450387 0.100246
0.630079 0.0210607 0.13897
0.694184 -0.0121622 0.0712028
0.674547 0.0303835 0.0712028
0.69911 -0.016897 0.13897
0.694108 -0.0404906 0.0712028
0.615086 -0.0449987 0.13897
0.699186 0.0114314 0.105086
0.699148 -0.0027328 0.0808838
0.620088 -0.0214051 0.0712028
0.699071 -0.0310611 0.119608
0.684436 0.0350783 0.13897
0.679357 -0.0168436 0.13897
0.654807 0.0351582 0.0712028
0.679281 -0.045172 0.13897
0.634979 0.00688323 0.13897
0.689374 0.0350649 0.134129
0.669456 -0.0262598 0.13897
0.649767 -0.00259953 0.0712028
0.689336 0.0209008 0.0712028
0.615099 -0.0402773 0.0712028
0.689195 -0.0310345 0.0712028
0.625179 0.0352382 0.0954053
0.674368 -0.0357159 0.13897
0.674432 -0.0121089 0.13897
0.649665 -0.0403706 0.0712028
0.615303 0.0352648 0.109927
0.625077 -0.00253289 0.13897
0.674343 -0.0451586 0.129289
0.654807 0.0351582 0.13897
0.669405 -0.0451453 0.0905648
0.649653 -0.045092 0.13897
0.629977 -0.0167104 0.13897
0.699161 0.00198859 0.0954053
0.64474 -0.0356359 0.13897
0.634877 -0.0308879 0.13897
0.615239 0.0116579 0.0857243
0.689195 -0.0310345 0.13897
0.654603 -0.0403839 0.13897
0.669609 0.0303969 0.0712028
0.689259 -0.00742753 0.13897
0.664505 -0.0309678 0.13897
0.699046 -0.0405039 0.0712028
0.69925 0.0350383 0.0760433
0.654629 -0.0309412 0.13897
0.68931 0.011458 0.13897
0.659643 -0.00262618 0.0712028
0.659592 -0.0215117 0.13897
0.654591 -0.0451053 0.0808838
0.625128 0.0163527 0.0712028
0.639993 0.0351982 0.13897
0.659669 0.00681659 0.13897
0.664467 -0.045132 0.13897
0.69925 0.0350383 0.100246
0.684245 -0.0357425 0.13897
0.679281 -0.045172 0.105086
0.699173 0.00670998 0.0954053
0.699237 0.0303169 0.0760433
0.644727 -0.0403573 0.13897
0.699186 0.0114314 0.114767
0.6299 -0.0450387 0.0712028
0.699237 0.0303169 0.0954053
0.699161 0.00198859 0.0712028
0.699199 0.0161527 0.129289
0.694274 0.0208875 0.0712028
0.679498 0.0350916 0.119608
0.679345 -0.021565 0.13897
0.644931 0.0351849 0.119608
0.654591 -0.0451053 0.100246
0.694121 -0.0357692 0.0712028
0.615163 -0.0166704 0.0760433
0.679447 0.0162061 0.13897
0.69925 0.0350383 0.119608
0.615112 -0.0355559 0.105086
0.699237 0.0303169 0.109927
0.615303 0.0352648 0.13897
0.699135 -0.00745418 0.13897
0.684359 0.00674996 0.13897
0.684257 -0.0310211 0.13897
0.699122 -0.0121756 0.105086
0.615188 -0.00722762 0.13897
0.630091 0.0257821 0.13897
0.694235 0.0067233 0.0712028
0.679281 -0.045172 0.100246
0.649742 -0.0120423 0.13897
0.625039 -0.0166971 0.0712028
0.699059 -0.0357825 0.0954053
0.615112 -0.0355559 0.100246
0.639878 -0.00729426 0.0712028
0.699237 0.0303169 0.0905648
0.664492 -0.0356892 0.13897
0.679319 -0.0310078 0.13897
0.699122 -0.0121756 0.129289
0.699097 -0.0216183 0.0905648
0.699046 -0.0405039 0.13897
0.669443 -0.0309812 0.13897
0.62999 -0.011989 0.0712028
0.699148 -0.0027328 0.13897
0.69925 0.0350383 0.109927
0.699097 -0.0216183 0.134129
0.625026 -0.0214184 0.13897
0.679498 0.0350916 0.129289
0.694223 0.00200192 0.0712028
0.630117 0.0352249 0.13897
0.615201 -0.00250624 0.13897
0.620241 0.0352515 0.0905648
0.679307 -0.0357292 0.13897
0.699173 0.00670998 0.0808838
0.699199 0.0161527 0.13897
0.644715 -0.0450787 0.0808838
0.615188 -0.00722762 0.0760433
0.630117 0.0352249 0.0808838
0.679498 0.0350916 0.13897
0.679345 -0.021565 0.0712028
0.649805 0.0115646 0.13897
0.61515 -0.0213918 0.0857243
0.639776 -0.0450653 0.13897
0.649653 -0.045092 0.105086
0.620164 0.00692321 0.0712028
0.674343 -0.0451586 0.109927
0.699122 -0.0121756 0.13897
0.699033 -0.0452253 0.124448
0.699097 -0.0216183 0.0760433
0.669405 -0.0451453 0.13897
0.639789 -0.040344 0.0712028
0.625102 0.00690988 0.0712028
0.699161 0.00198859 0.13897
0.615265 0.0211007 0.13897
0.659745 0.0351449 0.100246
0.68917 -0.0404772 0.0712028
0.615201 -0.00250624 0.0808838
0.684219 -0.0451853 0.13897
0.624962 -0.0450254 0.13897
0.699033 -0.0452253 0.13897
0.674458 -0.00266616 0.13897
0.664632 0.016246 0.13897
0.620024 -0.045012 0.134129
0.699046 -0.0405039 0.114767
0.679294 -0.0404506 0.13897
0.63004 0.00689655 0.13897
0.684283 -0.0215784 0.13897
0.649729 -0.0167637 0.13897
0.679307 -0.0357292 0.0712028
0.620203 0.0210874 0.13897
0.689157 -0.0451986 0.13897
0.639802 -0.0356226 0.13897
0.654642 -0.0262198 0.13897
0.644791 -0.0167504 0.0712028
0.654807 0.0351582 0.0760433
0.615303 0.0352648 0.119608
0.699237 0.0303169 0.119608
0.684346 0.00202857 0.0712028
0.669405 -0.0451453 0.0712028
0.68917 -0.0404772 0.13897
0.699148 -0.0027328 0.0857243
0.639802 -0.0356226 0.0712028
0.615112 -0.0355559 0.13897
0.644778 -0.0214717 0.13897
0.699212 0.0208741 0.105086
0.639891 -0.00257287 0.13897
0.639853 -0.016737 0.0712028
0.615175 -0.011949 0.0712028
0.659643 -0.00262618 0.13897
0.644931 0.0351849 0.105086
0.694197 -0.00744085 0.0712028
0.620075 -0.0261265 0.13897
0.699084 -0.0263397 0.0808838
0.674483 0.00677661 0.13897
0.699122 -0.0121756 0.124448
0.684296 -0.016857 0.13897
0.649856 0.0304502 0.0712028
0.699071 -0.0310611 0.13897
0.699033 -0.0452253 0.0760433
0.639776 -0.0450653 0.100246
0.699212 0.0208741 0.114767
0.669545 0.00678994 0.0712028
0.674368 -0.0357159 0.0712028
0.699059 -0.0357825 0.13897
0.679281 -0.045172 0.0760433
0.615112 -0.0355559 0.0954053
0.64488 0.0162993 0.0712028
0.639776 -0.0450653 0.0712028
0.625141 0.021074 0.0712028
0.659529 -0.0451187 0.0905648
0.615226 0.00693653 0.0954053
0.62005 -0.0355693 0.13897
0.69421 -0.00271947 0.13897
0.699135 -0.00745418 0.119608
0.679396 -0.00267949 0.0712028
0.699224 0.0255955 0.0712028
0.625115 0.0116313 0.0712028
0.669494 -0.0120956 0.13897
0.689361 0.0303436 0.0712028
0.624988 -0.0355826 0.13897
0.649767 -0.00259953 0.13897
0.699161 0.00198859 0.114767
0.699122 -0.0121756 0.134129
0.684334 -0.00269282 0.0712028
0.699033 -0.0452253 0.114767
0.639776 -0.0450653 0.0857243
0.634979 0.00688323 0.0712028
0.679421 0.00676328 0.13897
0.654616 -0.0356626 0.13897
0.63494 -0.00728093 0.13897
0.65468 -0.0120556 0.13897
0.664594 0.00208188 0.13897
0.664581 -0.00263951 0.0712028
0.64978 0.00212186 0.13897
0.669571 0.0162327 0.13897
0.620024 -0.045012 0.119608
0.699046 -0.0405039 0.119608
0.644867 0.011578 0.13897
0.615252 0.0163793 0.13897
0.615214 0.00221515 0.0808838
0.684232 -0.0404639 0.13897
0.684308 -0.0121356 0.13897
0.615137 -0.0261132 0.0905648
0.689374 0.0350649 0.0712028
0.615124 -0.0308346 0.124448
0.699033 -0.0452253 0.109927
0.659618 -0.012069 0.0712028
0.699097 -0.0216183 0.109927
0.699135 -0.00745418 0.114767
0.674381 -0.0309945 0.13897
0.694159 -0.021605 0.0712028
0.644715 -0.0450787 0.114767
0.615137 -0.0261132 0.13897
0.620126 -0.00724095 0.13897
0.694312 0.0350516 0.114767
0.669481 -0.016817 0.0712028
0.625051 -0.0119757 0.13897
0.69911 -0.016897 0.114767
0.639815 -0.0309012 0.13897
0.699084 -0.0263397 0.0712028
0.630002 -0.00726761 0.13897
0.620024 -0.045012 0.0905648
0.639878 -0.00729426 0.13897
0.630091 0.0257821 0.0712028
0.615112 -0.0355559 0.0808838
0.699237 0.0303169 0.0857243
0.66462 0.0115247 0.13897
0.615239 0.0116579 0.0760433
0.694248 0.0114447 0.13897
0.615099 -0.0402773 0.114767
0.699224 0.0255955 0.109927
0.625179 0.0352382 0.100246
0.644816 -0.00730759 0.13897
0.68427 -0.0262997 0.0712028
0.669507 -0.00737422 0.13897
0.694172 -0.0168836 0.0712028
0.699071 -0.0310611 0.129289
0.699199 0.0161527 0.0954053
0.679383 -0.00740087 0.13897
0.684245 -0.0357425 0.0712028
0.669545 0.00678994 0.13897
0.699212 0.0208741 0.100246
0.620241 0.0352515 0.0760433
0.634953 -0.00255955 0.13897
0.694095 -0.0452119 0.109927
0.684321 -0.0074142 0.13897
0.689374 0.0350649 0.100246
0.625077 -0.00253289 0.0712028
0.654782 0.0257155 0.0712028
0.635055 0.0352115 0.0712028
0.624962 -0.0450254 0.100246
0.669418 -0.0404239 0.13897
0.634851 -0.0403306 0.0712028
0.644842 0.00213519 0.13897
0.615124 -0.0308346 0.119608
0.664467 -0.045132 0.124448
0.625064 -0.00725428 0.13897
0.684219 -0.0451853 0.124448
0.684372 0.0114713 0.13897
0.629926 -0.0355959 0.13897
0.694261 0.0161661 0.13897
0.654667 -0.016777 0.0712028
0.664671 0.0304102 0.0712028
0.630015 -0.00254622 0.13897
0.674343 -0.0451586 0.13897
0.644829 -0.0025862 0.13897
0.630117 0.0352249 0.105086
0.659541 -0.0403973 0.0712028
0.669405 -0.0451453 0.129289
0.674343 -0.0451586 0.0857243
0.674432 -0.0121089 0.0712028
0.669405 -0.0451453 0.124448
0.674343 -0.0451586 0.0905648
0.689374 0.0350649 0.0808838
0.64488 0.0162993 0.13897
0.630104 0.0305035 0.0712028
0.684436 0.0350783 0.0712028
0.62509 0.00218849 0.13897
0.664671 0.0304102 0.13897
0.684346 0.00202857 0.13897
0.689285 0.00201524 0.13897
0.659631 -0.00734757 0.0712028
0.620164 0.00692321 0.13897
0.664556 -0.0120823 0.13897
0.684436 0.0350783 0.129289
0.664658 0.0256888 0.0712028
0.625102 0.00690988 0.13897
0.649793 0.00684325 0.13897
0.699122 -0.0121756 0.119608
0.615226 0.00693653 0.0712028
0.669621 0.0351183 0.0712028
0.625 -0.0308612 0.13897
0.679421 0.00676328 0.0712028
0.684436 0.0350783 0.134129
0.615239 0.0116579 0.134129
0.620139 -0.00251957 0.0712028
0.659682 0.011538 0.13897
0.694312 0.0350516 0.119608
0.69911 -0.016897 0.105086
0.669596 0.0256755 0.13897
0.634864 -0.0356092 0.13897
0.699224 0.0255955 0.0857243
0.689297 0.00673663 0.13897
0.689221 -0.0215917 0.0712028
0.699033 -0.0452253 0.119608
0.699097 -0.0216183 0.0954053
0.679357 -0.0168436 0.0712028
0.66952 -0.00265283 0.13897
0.61515 -0.0213918 0.0808838
0.620177 0.0116446 0.13897
0.699122 -0.0121756 0.0905648
0.630053 0.0116179 0.13897
0.659707 0.0209807 0.13897
0.63494 -0.00728093 0.0712028
0.654744 0.0115513 0.13897
0.699212 0.0208741 0.109927
0.6299 -0.0450387 0.0954053
0.699186 0.0114314 0.13897
0.694095 -0.0452119 0.105086
0.61515 -0.0213918 0.119608
0.644778 -0.0214717 0.0712028
0.659694 0.0162594 0.13897
0.63998 0.0304768 0.0712028
0.639789 -0.040344 0.13897
0.669405 -0.0451453 0.134129
0.674407 -0.0215517 0.13897
0.689323 0.0161794 0.13897
0.669481 -0.016817 0.13897
0.625141 0.021074 0.13897
0.615099 -0.0402773 0.124448
0.699224 0.0255955 0.124448
0.635017 0.0210474 0.13897
0.620177 0.0116446 0.0712028
0.63004 0.00689655 0.0712028
0.634991 0.0116046 0.0712028
0.699161 0.00198859 0.129289
0.699186 0.0114314 0.0808838
0.644867 0.011578 0.0712028
0.615277 0.0258221 0.109927
0.620037 -0.0402907 0.13897
0.649805 0.0115646 0.0712028
0.654744 0.0115513 0.0712028
0.699199 0.0161527 0.100246
0.669558 0.0115113 0.0712028
0.699097 -0.0216183 0.124448
0.674496 0.011498 0.0712028
0.684372 0.0114713 0.0712028
0.620152 0.00220182 0.13897
0.68931 0.011458 0.0712028
0.694248 0.0114447 0.0712028
0.699186 0.0114314 0.0712028
0.639993 0.0351982 0.114767
0.67937 -0.0121223 0.13897
0.634838 -0.045052 0.0905648
0.630066 0.0163393 0.0712028
0.630053 0.0116179 0.0712028
0.635004 0.016326 0.0712028
0.620241 0.0352515 0.124448
0.679281 -0.045172 0.0905648
0.664632 0.016246 0.0712028
0.639942 0.0163127 0.0712028
0.679383 -0.00740087 0.0712028
0.654756 0.0162727 0.0712028
0.61515 -0.0213918 0.105086
0.659694 0.0162594 0.0712028
0.615163 -0.0166704 0.0808838
0.669571 0.0162327 0.0712028
0.679281 -0.045172 0.0808838
0.679447 0.0162061 0.0712028
0.694261 0.0161661 0.0712028
0.629951 -0.0261531 0.0712028
0.699199 0.0161527 0.0712028
0.689208 -0.0263131 0.13897
0.615265 0.0211007 0.0712028
0.620203 0.0210874 0.0712028
0.630079 0.0210607 0.0712028
0.659745 0.0351449 0.114767
0.630002 -0.00726761 0.0712028
0.679281 -0.045172 0.114767
0.635017 0.0210474 0.0712028
0.615226 0.00693653 0.13897
0.669405 -0.0451453 0.105086
0.615137 -0.0261132 0.0808838
0.644893 0.0210207 0.0712028
0.699224 0.0255955 0.114767
0.615277 0.0258221 0.105086
0.649831 0.0210074 0.0712028
0.615086 -0.0449987 0.124448
0.654769 0.0209941 0.0712028
0.664645 0.0209674 0.0712028
0.61529 0.0305435 0.114767
0.649869 0.0351716 0.0954053
0.674521 0.0209408 0.0712028
0.615175 -0.011949 0.0954053
0.679459 0.0209274 0.0712028
0.684397 0.0209141 0.0712028
0.620215 0.0258088 0.0712028
0.674343 -0.0451586 0.124448
0.625153 0.0257954 0.0712028
0.635029 0.0257688 0.0712028
0.659745 0.0351449 0.105086
0.679281 -0.045172 0.129289
0.654731 0.00682992 0.13897
0.639968 0.0257554 0.0712028
0.694095 -0.0452119 0.134129
0.644906 0.0257421 0.0712028
0.634838 -0.045052 0.100246
0.615265 0.0211007 0.105086
0.674458 -0.00266616 0.0712028
0.649844 0.0257288 0.0712028
0.669596 0.0256755 0.0712028
0.669405 -0.0451453 0.0808838
0.61529 0.0305435 0.0808838
0.615188 -0.00722762 0.0954053
0.639993 0.0351982 0.0808838
0.679472 0.0256488 0.0712028
0.689348 0.0256222 0.0712028
0.649869 0.0351716 0.13897
0.61529 0.0305435 0.0712028
0.654591 -0.0451053 0.0905648
0.625166 0.0305168 0.0712028
0.635042 0.0304902 0.0712028
0.699071 -0.0310611 0.0954053
0.644918 0.0304635 0.0712028
0.654795 0.0304368 0.0712028
0.699046 -0.0405039 0.129289
0.620024 -0.045012 0.0954053
0.684423 0.0303569 0.0712028
0.625179 0.0352382 0.13897
0.625013 -0.0261398 0.0712028
0.694299 0.0303302 0.0712028
0.67456 0.0351049 0.124448
0.699173 0.00670998 0.0905648
0.654807 0.0351582 0.124448
0.699237 0.0303169 0.0712028
0.615303 0.0352648 0.0712028
0.625013 -0.0261398 0.13897
0.625179 0.0352382 0.0712028
0.699161 0.00198859 0.119608
0.649869 0.0351716 0.129289
0.639993 0.0351982 0.0712028
0.644931 0.0351849 0.0712028
0.61529 0.0305435 0.13897
0.649869 0.0351716 0.0712028
0.674343 -0.0451586 0.105086
0.664683 0.0351316 0.0712028
0.615265 0.0211007 0.109927
0.67456 0.0351049 0.0712028
0.615214 0.00221515 0.0954053
0.679498 0.0350916 0.0712028
0.694312 0.0350516 0.0712028
0.615086 -0.0449987 0.134129
0.699186 0.0114314 0.109927
0.624962 -0.0450254 0.134129
0.6299 -0.0450387 0.134129
0.634838 -0.045052 0.134129
0.639776 -0.0450653 0.134129
0.649653 -0.045092 0.134129
0.629951 -0.0261531 0.13897
0.699161 0.00198859 0.0905648
0.639955 0.0210341 0.0712028
0.684219 -0.0451853 0.109927
0.659529 -0.0451187 0.134129
0.620024 -0.045012 0.100246
0.615124 -0.0308346 0.109927
0.659682 0.011538 0.0712028
0.664467 -0.045132 0.134129
0.674343 -0.0451586 0.134129
0.659745 0.0351449 0.109927
0.679281 -0.045172 0.134129
0.699148 -0.0027328 0.105086
0.684219 -0.0451853 0.134129
0.689157 -0.0451986 0.134129
0.684385 0.0161927 0.13897
0.699033 -0.0452253 0.134129
0.699097 -0.0216183 0.0857243
0.684334 -0.00269282 0.13897
0.615086 -0.0449987 0.129289
0.649755 -0.00732091 0.13897
0.620024 -0.045012 0.129289
0.664683 0.0351316 0.119608
0.689297 0.00673663 0.0712028
0.634864 -0.0356092 0.0712028
0.649653 -0.045092 0.0954053
0.624962 -0.0450254 0.129289
0.659529 -0.0451187 0.114767
0.684219 -0.0451853 0.129289
0.634838 -0.045052 0.129289
0.69911 -0.016897 0.0808838
0.639776 -0.0450653 0.129289
0.684219 -0.0451853 0.114767
0.659529 -0.0451187 0.129289
0.630066 0.0163393 0.13897
0.69925 0.0350383 0.129289
0.664467 -0.045132 0.129289
0.66462 0.0115247 0.0712028
0.689157 -0.0451986 0.129289
0.694095 -0.0452119 0.129289
0.634838 -0.045052 0.0808838
0.699033 -0.0452253 0.129289
0.620024 -0.045012 0.124448
0.679485 0.0303702 0.13897
0.659529 -0.0451187 0.109927
0.649818 0.016286 0.13897
0.624962 -0.0450254 0.124448
0.649653 -0.045092 0.124448
0.649856 0.0304502 0.13897
0.699161 0.00198859 0.105086
0.659605 -0.0167903 0.0712028
0.654591 -0.0451053 0.124448
0.67937 -0.0121223 0.0712028
0.659529 -0.0451187 0.124448
0.62999 -0.011989 0.13897
0.620024 -0.045012 0.109927
0.679281 -0.045172 0.124448
0.699148 -0.0027328 0.100246
0.689157 -0.0451986 0.124448
0.694095 -0.0452119 0.124448
0.615086 -0.0449987 0.119608
0.624962 -0.0450254 0.119608
0.6299 -0.0450387 0.119608
0.644715 -0.0450787 0.119608
0.649653 -0.045092 0.119608
0.684219 -0.0451853 0.119608
0.659529 -0.0451187 0.119608
0.620024 -0.045012 0.114767
0.669405 -0.0451453 0.119608
0.689157 -0.0451986 0.119608
0.624962 -0.0450254 0.114767
0.6299 -0.0450387 0.114767
0.61515 -0.0213918 0.109927
0.639776 -0.0450653 0.114767
0.664683 0.0351316 0.109927
0.699224 0.0255955 0.13897
0.649653 -0.045092 0.0808838
0.615124 -0.0308346 0.105086
0.664467 -0.045132 0.114767
0.669405 -0.0451453 0.114767
0.674343 -0.0451586 0.114767
0.694095 -0.0452119 0.114767
0.644715 -0.0450787 0.134129
0.615086 -0.0449987 0.109927
0.624962 -0.0450254 0.109927
0.6299 -0.0450387 0.109927
0.62509 0.00218849 0.0712028
0.664467 -0.045132 0.0760433
0.61529 0.0305435 0.124448
0.634838 -0.045052 0.109927
0.699212 0.0208741 0.134129
0.61515 -0.0213918 0.114767
0.639776 -0.0450653 0.109927
0.664683 0.0351316 0.129289
0.644855 0.00685657 0.13897
0.649653 -0.045092 0.0857243
0.649653 -0.045092 0.109927
0.674483 0.00677661 0.0712028
0.654591 -0.0451053 0.109927
0.615124 -0.0308346 0.0857243
0.669621 0.0351183 0.100246
0.664467 -0.045132 0.109927
0.669405 -0.0451453 0.109927
0.620241 0.0352515 0.13897
0.679281 -0.045172 0.109927
0.689157 -0.0451986 0.109927
0.615086 -0.0449987 0.105086
0.639929 0.0115913 0.0712028
0.620024 -0.045012 0.105086
0.699173 0.00670998 0.13897
0.69925 0.0350383 0.124448
0.649818 0.016286 0.0712028
0.624962 -0.0450254 0.105086
0.639955 0.0210341 0.13897
0.634838 -0.045052 0.105086
0.639776 -0.0450653 0.105086
0.644715 -0.0450787 0.105086
0.644931 0.0351849 0.114767
0.654591 -0.0451053 0.105086
0.659529 -0.0451187 0.105086
0.659529 -0.0451187 0.13897
0.684219 -0.0451853 0.105086
0.689157 -0.0451986 0.105086
0.699033 -0.0452253 0.105086
0.674496 0.011498 0.13897
0.699097 -0.0216183 0.0808838
0.694286 0.0256088 0.13897
0.615086 -0.0449987 0.100246
0.644715 -0.0450787 0.100246
0.649653 -0.045092 0.100246
0.615124 -0.0308346 0.0954053
0.664467 -0.045132 0.100246
0.669405 -0.0451453 0.100246
0.674343 -0.0451586 0.100246
0.615201 -0.00250624 0.119608
0.684219 -0.0451853 0.100246
0.694095 -0.0452119 0.100246
0.615124 -0.0308346 0.13897
0.699033 -0.0452253 0.100246
0.649704 -0.0262065 0.0712028
0.699122 -0.0121756 0.114767
0.699097 -0.0216183 0.100246
0.615086 -0.0449987 0.0954053
0.624962 -0.0450254 0.0954053
0.694133 -0.0310478 0.13897
0.684219 -0.0451853 0.0905648
0.634838 -0.045052 0.0954053
0.615124 -0.0308346 0.134129
0.639776 -0.0450653 0.0954053
0.644715 -0.0450787 0.0954053
0.644931 0.0351849 0.124448
0.694197 -0.00744085 0.13897
0.654591 -0.0451053 0.0954053
0.615124 -0.0308346 0.0760433
0.669621 0.0351183 0.105086
0.664467 -0.045132 0.0954053
0.669405 -0.0451453 0.0954053
0.625 -0.0308612 0.0712028
0.694286 0.0256088 0.0712028
0.674343 -0.0451586 0.0954053
0.679281 -0.045172 0.0954053
0.625128 0.0163527 0.13897
0.684219 -0.0451853 0.0954053
0.689157 -0.0451986 0.0954053
0.694095 -0.0452119 0.0954053
0.699033 -0.0452253 0.0954053
0.699097 -0.0216183 0.119608
0.615086 -0.0449987 0.0905648
0.615099 -0.0402773 0.0760433
0.699224 0.0255955 0.0760433
0.624962 -0.0450254 0.0905648
0.6299 -0.0450387 0.0905648
0.615124 -0.0308346 0.129289
0.639776 -0.0450653 0.0905648
0.644715 -0.0450787 0.0905648
0.669621 0.0351183 0.109927
0.664467 -0.045132 0.0905648
0.689157 -0.0451986 0.0905648
0.694095 -0.0452119 0.0905648
0.699186 0.0114314 0.124448
0.674356 -0.0404373 0.13897
0.699033 -0.0452253 0.0905648
0.644715 -0.0450787 0.109927
0.615086 -0.0449987 0.0857243
0.669507 -0.00737422 0.0712028
0.620024 -0.045012 0.0857243
0.6299 -0.0450387 0.0857243
0.634838 -0.045052 0.0857243
0.644715 -0.0450787 0.0857243
0.689246 -0.0121489 0.13897
0.654591 -0.0451053 0.0857243
0.659529 -0.0451187 0.0857243
0.669621 0.0351183 0.124448
0.664467 -0.045132 0.0857243
0.615239 0.0116579 0.114767
0.669405 -0.0451453 0.0857243
0.679281 -0.045172 0.0857243
0.684219 -0.0451853 0.0857243
0.694095 -0.0452119 0.0857243
0.67447 0.00205522 0.13897
0.644715 -0.0450787 0.129289
0.615086 -0.0449987 0.0808838
0.620024 -0.045012 0.0808838
0.624962 -0.0450254 0.0808838
0.615201 -0.00250624 0.114767
0.674394 -0.0262731 0.0712028
0.684219 -0.0451853 0.0808838
0.649691 -0.0309278 0.0712028
0.6299 -0.0450387 0.0808838
0.689157 -0.0451986 0.0808838
0.694095 -0.0452119 0.0808838
0.699033 -0.0452253 0.0808838
0.699097 -0.0216183 0.105086
0.615086 -0.0449987 0.0760433
0.620024 -0.045012 0.0760433
0.699186 0.0114314 0.134129
0.6299 -0.0450387 0.0760433
0.634838 -0.045052 0.0760433
0.61515 -0.0213918 0.0954053
0.639776 -0.0450653 0.0760433
0.635055 0.0352115 0.134129
0.620062 -0.0308479 0.0712028
0.659529 -0.0451187 0.0760433
0.615239 0.0116579 0.124448
0.669405 -0.0451453 0.0760433
0.615201 -0.00250624 0.0954053
0.679485 0.0303702 0.0712028
0.684219 -0.0451853 0.0760433
0.689157 -0.0451986 0.0760433
0.699046 -0.0405039 0.134129
0.699059 -0.0357825 0.134129
0.699084 -0.0263397 0.134129
0.694312 0.0350516 0.0760433
0.69911 -0.016897 0.134129
0.699186 0.0114314 0.0857243
0.639904 0.00214851 0.13897
0.699161 0.00198859 0.134129
0.699173 0.00670998 0.134129
0.699224 0.0255955 0.134129
0.699237 0.0303169 0.134129
0.699084 -0.0263397 0.129289
0.699097 -0.0216183 0.129289
0.699135 -0.00745418 0.129289
0.699148 -0.0027328 0.129289
0.699059 -0.0357825 0.100246
0.615099 -0.0402773 0.13897
0.699212 0.0208741 0.129289
0.699224 0.0255955 0.129289
0.699237 0.0303169 0.129289
0.699046 -0.0405039 0.124448
0.699059 -0.0357825 0.124448
0.639917 0.0068699 0.13897
0.699071 -0.0310611 0.124448
0.699084 -0.0263397 0.124448
0.694312 0.0350516 0.109927
0.69911 -0.016897 0.124448
0.699186 0.0114314 0.0760433
0.699135 -0.00745418 0.124448
0.699161 0.00198859 0.124448
0.699173 0.00670998 0.124448
0.654591 -0.0451053 0.13897
0.699084 -0.0263397 0.0954053
0.699199 0.0161527 0.124448
0.699212 0.0208741 0.124448
0.615303 0.0352648 0.100246
0.699237 0.0303169 0.124448
0.699059 -0.0357825 0.119608
0.694312 0.0350516 0.0808838
0.659592 -0.0215117 0.0712028
0.69911 -0.016897 0.119608
0.669532 0.00206855 0.13897
0.699148 -0.0027328 0.119608
0.65972 0.0257021 0.0712028
0.699059 -0.0357825 0.0857243
0.699199 0.0161527 0.119608
0.699071 -0.0310611 0.114767
0.699084 -0.0263397 0.114767
0.699212 0.0208741 0.0954053
0.699173 0.00670998 0.114767
0.699199 0.0161527 0.114767
0.699237 0.0303169 0.114767
0.69925 0.0350383 0.114767
0.699084 -0.0263397 0.109927
0.699212 0.0208741 0.0905648
0.699122 -0.0121756 0.109927
0.654705 -0.00261285 0.0712028
0.699046 -0.0405039 0.105086
0.69925 0.0350383 0.0808838
0.639968 0.0257554 0.13897
0.699071 -0.0310611 0.105086
0.699084 -0.0263397 0.105086
0.664645 0.0209674 0.13897
0.699224 0.0255955 0.105086
0.615303 0.0352648 0.134129
0.699237 0.0303169 0.105086
0.699148 -0.0027328 0.109927
0.69925 0.0350383 0.105086
0.699046 -0.0405039 0.0808838
0.699046 -0.0405039 0.100246
0.699071 -0.0310611 0.100246
0.654591 -0.0451053 0.119608
0.694312 0.0350516 0.134129
0.699084 -0.0263397 0.100246
0.69911 -0.016897 0.100246
0.649831 0.0210074 0.13897
0.699122 -0.0121756 0.100246
0.699135 -0.00745418 0.100246
0.684308 -0.0121356 0.0712028
0.699199 0.0161527 0.134129
0.699161 0.00198859 0.100246
0.67456 0.0351049 0.0905648
0.699173 0.00670998 0.100246
0.699186 0.0114314 0.100246
0.615099 -0.0402773 0.100246
0.699224 0.0255955 0.100246
0.615303 0.0352648 0.124448
0.699237 0.0303169 0.100246
0.699046 -0.0405039 0.0954053
0.699122 -0.0121756 0.0954053
0.679434 0.0114847 0.13897
0.699135 -0.00745418 0.0954053
0.699148 -0.0027328 0.0954053
0.669469 -0.0215384 0.13897
0.649665 -0.0403706 0.13897
0.699186 0.0114314 0.0954053
0.699224 0.0255955 0.0954053
0.69925 0.0350383 0.0954053
0.699046 -0.0405039 0.0905648
0.664594 0.00208188 0.0712028
0.699059 -0.0357825 0.0905648
0.699071 -0.0310611 0.0905648
0.654591 -0.0451053 0.134129
0.699084 -0.0263397 0.0905648
0.659707 0.0209807 0.0712028
0.69911 -0.016897 0.0905648
0.699135 -0.00745418 0.0905648
0.699148 -0.0027328 0.0905648
0.699186 0.0114314 0.0905648
0.699199 0.0161527 0.0905648
0.649729 -0.0167637 0.0712028
0.699148 -0.0027328 0.124448
0.69925 0.0350383 0.0905648
0.699046 -0.0405039 0.0857243
0.699148 -0.0027328 0.114767
0.69925 0.0350383 0.0857243
0.615277 0.0258221 0.13897
0.699071 -0.0310611 0.0857243
0.66448 -0.0404106 0.13897
0.669621 0.0351183 0.134129
0.69911 -0.016897 0.0857243
0.699122 -0.0121756 0.0857243
0.699135 -0.00745418 0.0857243
0.699161 0.00198859 0.0857243
0.684283 -0.0215784 0.0712028
0.699173 0.00670998 0.0857243
0.649716 -0.0214851 0.13897
0.669558 0.0115113 0.13897
0.699199 0.0161527 0.0857243
0.639827 -0.0261798 0.13897
0.699059 -0.0357825 0.0808838
0.66943 -0.0357025 0.13897
0.699122 -0.0121756 0.0808838
0.659541 -0.0403973 0.13897
0.679434 0.0114847 0.0712028
0.699135 -0.00745418 0.0808838
0.699161 0.00198859 0.0808838
0.699199 0.0161527 0.0808838
0.699224 0.0255955 0.0808838
0.699046 -0.0405039 0.0760433
0.699059 -0.0357825 0.0760433
0.699071 -0.0310611 0.0760433
0.699148 -0.0027328 0.0760433
0.63998 0.0304768 0.13897
0.699161 0.00198859 0.0760433
0.689208 -0.0263131 0.0712028
0.699173 0.00670998 0.0760433
0.699212 0.0208741 0.0760433
0.67456 0.0351049 0.134129
0.575351 0.115048 -0.0369637
0.580322 0.115048 -0.0369637
0.595236 0.115049 -0.0369637
0.610149 0.11505 -0.0369637
0.61512 0.11505 -0.0369637
0.630034 0.115051 -0.0369637
0.639976 0.115052 -0.0369637
0.644947 0.115053 -0.0369637
0.649918 0.115053 -0.0369637
0.659861 0.115054 -0.0369637
0.664832 0.115054 -0.0369637
0.669803 0.115054 -0.0369637
0.679745 0.115055 -0.0369637
0.694659 0.115056 -0.0369637
0.704601 0.115057 -0.0369637
0.709572 0.115057 -0.0369637
0.714544 0.115057 -0.0369637
0.719515 0.115058 -0.0369637
0.575351 0.115048 -0.0321247
0.580322 0.115048 -0.0321247
0.585293 0.115048 -0.0321247
0.590264 0.115049 -0.0321247
0.595236 0.115049 -0.0321247
0.600207 0.115049 -0.0321247
0.61512 0.11505 -0.0321247
0.620091 0.115051 -0.0321247
0.630034 0.115051 -0.0321247
0.635005 0.115052 -0.0321247
0.639976 0.115052 -0.0321247
0.65489 0.115053 -0.0321247
0.659861 0.115054 -0.0321247
0.679745 0.115055 -0.0321247
0.684717 0.115055 -0.0321247
0.689688 0.115056 -0.0321247
0.694659 0.115056 -0.0321247
0.704601 0.115057 -0.0321247
0.709572 0.115057 -0.0321247
0.714544 0.115057 -0.0321247
0.719515 0.115058 -0.0321247
0.724486 0.115058 -0.0321247
0.580322 0.115048 -0.0272856
0.585293 0.115048 -0.0272856
0.595236 0.115049 -0.0272856
0.600207 0.115049 -0.0272856
0.610149 0.11505 -0.0272856
0.61512 0.11505 -0.0272856
0.630034 0.115051 -0.0272856
0.635005 0.115052 -0.0272856
0.649918 0.115053 -0.0272856
0.659861 0.115054 -0.0272856
0.669803 0.115054 -0.0272856
0.674774 0.115055 -0.0272856
0.679745 0.115055 -0.0272856
0.689688 0.115056 -0.0272856
0.694659 0.115056 -0.0272856
0.69963 0.115056 -0.0272856
0.704601 0.115057 -0.0272856
0.709572 0.115057 -0.0272856
0.719515 0.115058 -0.0272856
0.580322 0.115048 -0.0224466
0.585293 0.115048 -0.0224466
0.590264 0.115049 -0.0224466
0.61512 0.11505 -0.0224466
0.620091 0.115051 -0.0224466
0.635005 0.115052 -0.0224466
0.639976 0.115052 -0.0224466
0.649918 0.115053 -0.0224466
0.65489 0.115053 -0.0224466
0.659861 0.115054 -0.0224466
0.669803 0.115054 -0.0224466
0.674774 0.115055 -0.0224466
0.709572 0.115057 -0.0224466
0.719515 0.115058 -0.0224466
0.724486 0.115058 -0.0224466
0.575351 0.115048 -0.0176076
0.580322 0.115048 -0.0176076
0.585293 0.115048 -0.0176076
0.610149 0.11505 -0.0176076
0.61512 0.11505 -0.0176076
0.620091 0.115051 -0.0176076
0.649918 0.115053 -0.0176076
0.65489 0.115053 -0.0176076
0.674774 0.115055 -0.0176076
0.679745 0.115055 -0.0176076
0.684717 0.115055 -0.0176076
0.704601 0.115057 -0.0176076
0.714544 0.115057 -0.0176076
0.580322 0.115048 -0.0127685
0.585293 0.115048 -0.0127685
0.595236 0.115049 -0.0127685
0.605178 0.11505 -0.0127685
0.630034 0.115051 -0.0127685
0.635005 0.115052 -0.0127685
0.644947 0.115053 -0.0127685
0.659861 0.115054 -0.0127685
0.664832 0.115054 -0.0127685
0.679745 0.115055 -0.0127685
0.684717 0.115055 -0.0127685
0.689688 0.115056 -0.0127685
0.69963 0.115056 -0.0127685
0.709572 0.115057 -0.0127685
0.714544 0.115057 -0.0127685
0.724486 0.115058 -0.0127685
0.575351 0.115048 -0.00792951
0.580322 0.115048 -0.00792951
0.664832 0.115054 -0.0321247
0.585293 0.115048 -0.00792951
0.595236 0.115049 -0.00792951
0.600207 0.115049 -0.00792951
0.605178 0.11505 -0.00792951
0.610149 0.11505 -0.00792951
0.630034 0.115051 -0.00792951
0.635005 0.115052 -0.00792951
0.644947 0.115053 -0.00792951
0.649918 0.115053 -0.00792951
0.659861 0.115054 -0.00792951
0.664832 0.115054 -0.00792951
0.669803 0.115054 -0.00792951
0.684717 0.115055 -0.00792951
0.689688 0.115056 -0.00792951
0.704601 0.115057 -0.00792951
0.719515 0.115058 -0.00792951
0.575351 0.115048 -0.00309048
0.580322 0.115048 -0.00309048
0.585293 0.115048 -0.00309048
0.595236 0.115049 -0.00309048
0.600207 0.115049 -0.00309048
0.61512 0.11505 -0.00309048
0.620091 0.115051 -0.00309048
0.625063 0.115051 -0.00309048
0.630034 0.115051 -0.00309048
0.635005 0.115052 -0.00309048
0.639976 0.115052 -0.00309048
0.644947 0.115053 -0.00309048
0.649918 0.115053 -0.00309048
0.65489 0.115053 -0.00309048
0.659861 0.115054 -0.00309048
0.674774 0.115055 -0.00309048
0.679745 0.115055 -0.00309048
0.684717 0.115055 -0.00309048
0.689688 0.115056 -0.00309048
0.69963 0.115056 -0.00309048
0.714544 0.115057 -0.00309048
0.719515 0.115058 -0.00309048
0.724486 0.115058 -0.00309048
0.575351 0.115048 0.00174856
0.580322 0.115048 0.00174856
0.585293 0.115048 0.00174856
0.590264 0.115049 0.00174856
0.595236 0.115049 0.00174856
0.600207 0.115049 0.00174856
0.605178 0.11505 0.00174856
0.61512 0.11505 0.00174856
0.620091 0.115051 0.00174856
0.625063 0.115051 0.00174856
0.630034 0.115051 0.00174856
0.635005 0.115052 0.00174856
0.644947 0.115053 0.00174856
0.649918 0.115053 0.00174856
0.659861 0.115054 0.00174856
0.664832 0.115054 0.00174856
0.69963 0.115056 0.00174856
0.704601 0.115057 0.00174856
0.709572 0.115057 0.00174856
0.714544 0.115057 0.00174856
0.724486 0.115058 0.00174856
0.575351 0.115048 0.00658759
0.580322 0.115048 0.00658759
0.585293 0.115048 0.00658759
0.590264 0.115049 0.00658759
0.595236 0.115049 0.00658759
0.605178 0.11505 0.00658759
0.610149 0.11505 0.00658759
0.61512 0.11505 0.00658759
0.625063 0.115051 0.00658759
0.649918 0.115053 0.00658759
0.65489 0.115053 0.00658759
0.664832 0.115054 0.00658759
0.679745 0.115055 0.00658759
0.684717 0.115055 0.00658759
0.689688 0.115056 0.00658759
0.704601 0.115057 0.00658759
0.709572 0.115057 0.00658759
0.714544 0.115057 0.00658759
0.719515 0.115058 0.00658759
0.724486 0.115058 0.00658759
0.575351 0.115048 0.0114266
0.580322 0.115048 0.0114266
0.585293 0.115048 0.0114266
0.595236 0.115049 0.0114266
0.600207 0.115049 0.0114266
0.61512 0.11505 0.0114266
0.630034 0.115051 0.0114266
0.635005 0.115052 0.0114266
0.639976 0.115052 0.0114266
0.649918 0.115053 0.0114266
0.669803 0.115054 0.0114266
0.679745 0.115055 0.0114266
0.69963 0.115056 0.0114266
0.704601 0.115057 0.0114266
0.714544 0.115057 0.0114266
0.719515 0.115058 0.0114266
0.724486 0.115058 0.0114266
0.575351 0.115048 0.0162657
0.580322 0.115048 0.0162657
0.585293 0.115048 0.0162657
0.590264 0.115049 0.0162657
0.610149 0.11505 0.0162657
0.61512 0.11505 0.0162657
0.630034 0.115051 0.0162657
0.635005 0.115052 0.0162657
0.639976 0.115052 0.0162657
0.644947 0.115053 0.0162657
0.649918 0.115053 0.0162657
0.65489 0.115053 0.0162657
0.659861 0.115054 0.0162657
0.669803 0.115054 0.0162657
0.674774 0.115055 0.0162657
0.679745 0.115055 0.0162657
0.694659 0.115056 0.0162657
0.69963 0.115056 0.0162657
0.704601 0.115057 0.0162657
0.714544 0.115057 0.0162657
0.719515 0.115058 0.0162657
0.724486 0.115058 0.0162657
0.575351 0.115048 0.0211047
0.580322 0.115048 0.0211047
0.585293 0.115048 0.0211047
0.595236 0.115049 0.0211047
0.600207 0.115049 0.0211047
0.605178 0.11505 0.0211047
0.61512 0.11505 0.0211047
0.625063 0.115051 0.0211047
0.630034 0.115051 0.0211047
0.635005 0.115052 0.0211047
0.659861 0.115054 0.0211047
0.674774 0.115055 0.0211047
0.679745 0.115055 0.0211047
0.689688 0.115056 0.0211047
0.704601 0.115057 0.0211047
0.714544 0.115057 0.0211047
0.719515 0.115058 0.0211047
0.724486 0.115058 0.0211047
0.575351 0.115048 0.0259437
0.585293 0.115048 0.0259437
0.595236 0.115049 0.0259437
0.600207 0.115049 0.0259437
0.620091 0.115051 0.0259437
0.625063 0.115051 0.0259437
0.630034 0.115051 0.0259437
0.635005 0.115052 0.0259437
0.649918 0.115053 0.0259437
0.659861 0.115054 0.0259437
0.664832 0.115054 0.0259437
0.684717 0.115055 0.0259437
0.689688 0.115056 0.0259437
0.69963 0.115056 0.0259437
0.704601 0.115057 0.0259437
0.714544 0.115057 0.0259437
0.724486 0.115058 0.0259437
0.575351 0.115048 0.0307827
0.580322 0.115048 0.0307827
0.664832 0.115054 -0.0224466
0.585293 0.115048 0.0307827
0.595236 0.115049 0.0307827
0.61512 0.11505 0.0307827
0.625063 0.115051 0.0307827
0.630034 0.115051 0.0307827
0.639976 0.115052 0.0307827
0.649918 0.115053 0.0307827
0.659861 0.115054 0.0307827
0.664832 0.115054 0.0307827
0.689688 0.115056 0.0307827
0.694659 0.115056 0.0307827
0.69963 0.115056 0.0307827
0.714544 0.115057 0.0307827
0.724486 0.115058 0.0307827
0.575351 0.115048 0.0356218
0.580322 0.115048 0.0356218
0.585293 0.115048 0.0356218
0.595236 0.115049 0.0356218
0.600207 0.115049 0.0356218
0.605178 0.11505 0.0356218
0.610149 0.11505 0.0356218
0.61512 0.11505 0.0356218
0.630034 0.115051 0.0356218
0.639976 0.115052 0.0356218
0.644947 0.115053 0.0356218
0.649918 0.115053 0.0356218
0.664832 0.115054 0.0356218
0.679745 0.115055 0.0356218
0.689688 0.115056 0.0356218
0.69963 0.115056 0.0356218
0.714544 0.115057 0.0356218
0.719515 0.115058 0.0356218
0.724486 0.115058 0.0356218
0.575351 0.115048 0.0404608
0.580322 0.115048 0.0404608
0.664832 0.115054 0.0162657
0.585293 0.115048 0.0404608
0.595236 0.115049 0.0404608
0.600207 0.115049 0.0404608
0.620091 0.115051 0.0404608
0.625063 0.115051 0.0404608
0.635005 0.115052 0.0404608
0.649918 0.115053 0.0404608
0.659861 0.115054 0.0404608
0.669803 0.115054 0.0404608
0.689688 0.115056 0.0404608
0.69963 0.115056 0.0404608
0.704601 0.115057 0.0404608
0.719515 0.115058 0.0404608
0.575351 0.115048 0.0452998
0.580322 0.115048 0.0452998
0.585293 0.115048 0.0452998
0.590264 0.115049 0.0452998
0.600207 0.115049 0.0452998
0.605178 0.11505 0.0452998
0.61512 0.11505 0.0452998
0.620091 0.115051 0.0452998
0.625063 0.115051 0.0452998
0.635005 0.115052 0.0452998
0.639976 0.115052 0.0452998
0.649918 0.115053 0.0452998
0.65489 0.115053 0.0452998
0.664832 0.115054 0.0452998
0.674774 0.115055 0.0452998
0.679745 0.115055 0.0452998
0.689688 0.115056 0.0452998
0.69963 0.115056 0.0452998
0.704601 0.115057 0.0452998
0.714544 0.115057 0.0452998
0.575351 0.115048 0.0501389
0.580322 0.115048 0.0501389
0.585293 0.115048 0.0501389
0.595236 0.115049 0.0501389
0.600207 0.115049 0.0501389
0.61512 0.11505 0.0501389
0.620091 0.115051 0.0501389
0.625063 0.115051 0.0501389
0.635005 0.115052 0.0501389
0.644947 0.115053 0.0501389
0.649918 0.115053 0.0501389
0.669803 0.115054 0.0501389
0.689688 0.115056 0.0501389
0.69963 0.115056 0.0501389
0.704601 0.115057 0.0501389
0.714544 0.115057 0.0501389
0.714544 0.115057 -0.0272856
0.729457 0.115059 -0.0369637
0.729457 0.110165 -0.0369637
0.605178 0.11505 0.0501389
0.729458 0.100378 -0.0369637
0.729459 0.0905905 -0.0369637
0.72946 0.0759096 -0.0369637
0.729461 0.0661224 -0.0369637
0.729461 0.0612287 -0.0369637
0.729462 0.0416543 -0.0369637
0.729463 0.031867 -0.0369637
0.729463 0.0269734 -0.0369637
0.729465 0.00739892 -0.0369637
0.729465 0.0025053 -0.0369637
0.729466 -0.00238832 -0.0369637
0.729466 -0.00728194 -0.0369637
0.729466 -0.0121756 -0.0369637
0.729467 -0.0170692 -0.0369637
0.729467 -0.0219628 -0.0369637
0.729468 -0.03175 -0.0369637
0.729468 -0.0366437 -0.0369637
0.729468 -0.0415373 -0.0369637
0.674774 0.115055 -0.0127685
0.729469 -0.0464309 -0.0369637
0.729469 -0.0513245 -0.0369637
0.729469 -0.0562181 -0.0369637
0.72947 -0.0611118 -0.0369637
0.72947 -0.0660054 -0.0369637
0.72947 -0.070899 -0.0369637
0.729472 -0.0855799 -0.0369637
0.729472 -0.0904735 -0.0369637
0.689688 0.115056 0.0114266
0.729472 -0.0953671 -0.0369637
0.729473 -0.100261 -0.0369637
0.729473 -0.105154 -0.0369637
0.729473 -0.110048 -0.0369637
0.729457 0.110165 -0.0321247
0.694659 0.115056 0.0259437
0.729458 0.105271 -0.0321247
0.729459 0.0954841 -0.0321247
0.729459 0.0905905 -0.0321247
0.729459 0.0856968 -0.0321247
0.72946 0.0808032 -0.0321247
0.72946 0.0759096 -0.0321247
0.729461 0.0661224 -0.0321247
0.729461 0.0612287 -0.0321247
0.729461 0.0563351 -0.0321247
0.729462 0.0514415 -0.0321247
0.729463 0.0367606 -0.0321247
0.729463 0.0269734 -0.0321247
0.684717 0.115055 -0.0272856
0.729464 0.0220798 -0.0321247
0.729464 0.0171862 -0.0321247
0.729465 0.00739892 -0.0321247
0.729466 -0.0121756 -0.0321247
0.729467 -0.0170692 -0.0321247
0.729467 -0.0219628 -0.0321247
0.729467 -0.0268564 -0.0321247
0.729468 -0.03175 -0.0321247
0.729468 -0.0366437 -0.0321247
0.729469 -0.0464309 -0.0321247
0.729469 -0.0513245 -0.0321247
0.729469 -0.0562181 -0.0321247
0.72947 -0.0611118 -0.0321247
0.72947 -0.070899 -0.0321247
0.729471 -0.0757926 -0.0321247
0.729472 -0.0904735 -0.0321247
0.729473 -0.100261 -0.0321247
0.729473 -0.105154 -0.0321247
0.679745 0.115055 0.0501389
0.729473 -0.110048 -0.0321247
0.729457 0.115059 -0.0272856
0.605178 0.11505 -0.0224466
0.729458 0.100378 -0.0272856
0.729459 0.0954841 -0.0272856
0.729459 0.0905905 -0.0272856
0.72946 0.0808032 -0.0272856
0.72946 0.0759096 -0.0272856
0.729461 0.0661224 -0.0272856
0.729461 0.0612287 -0.0272856
0.729461 0.0563351 -0.0272856
0.729462 0.0416543 -0.0272856
0.729463 0.0367606 -0.0272856
0.684717 0.115055 0.0452998
0.729463 0.031867 -0.0272856
0.729463 0.0269734 -0.0272856
0.729464 0.0220798 -0.0272856
0.729464 0.0171862 -0.0272856
0.729465 0.00739892 -0.0272856
0.729465 0.0025053 -0.0272856
0.729466 -0.00238832 -0.0272856
0.729466 -0.00728194 -0.0272856
0.729466 -0.0121756 -0.0272856
0.729467 -0.0219628 -0.0272856
0.729468 -0.0366437 -0.0272856
0.729468 -0.0415373 -0.0272856
0.729469 -0.0464309 -0.0272856
0.729469 -0.0513245 -0.0272856
0.729469 -0.0562181 -0.0272856
0.72947 -0.0611118 -0.0272856
0.72947 -0.0660054 -0.0272856
0.72947 -0.070899 -0.0272856
0.729472 -0.0855799 -0.0272856
0.729472 -0.0953671 -0.0272856
0.729473 -0.100261 -0.0272856
0.729473 -0.105154 -0.0272856
0.729473 -0.110048 -0.0272856
0.729457 0.110165 -0.0224466
0.605178 0.11505 -0.0321247
0.729458 0.100378 -0.0224466
0.729459 0.0856968 -0.0224466
0.72946 0.0759096 -0.0224466
0.729461 0.0661224 -0.0224466
0.729461 0.0612287 -0.0224466
0.729461 0.0563351 -0.0224466
0.729462 0.0514415 -0.0224466
0.729462 0.0465479 -0.0224466
0.620091 0.115051 0.00658759
0.729462 0.0416543 -0.0224466
0.729464 0.0171862 -0.0224466
0.729464 0.0122925 -0.0224466
0.729465 0.0025053 -0.0224466
0.729466 -0.00238832 -0.0224466
0.729466 -0.00728194 -0.0224466
0.729466 -0.0121756 -0.0224466
0.729467 -0.0219628 -0.0224466
0.729467 -0.0268564 -0.0224466
0.729468 -0.03175 -0.0224466
0.729468 -0.0366437 -0.0224466
0.729469 -0.0562181 -0.0224466
0.72947 -0.0611118 -0.0224466
0.72947 -0.0660054 -0.0224466
0.72947 -0.070899 -0.0224466
0.729471 -0.0757926 -0.0224466
0.729471 -0.0806862 -0.0224466
0.729472 -0.0855799 -0.0224466
0.729472 -0.0904735 -0.0224466
0.729472 -0.0953671 -0.0224466
0.729473 -0.100261 -0.0224466
0.729473 -0.105154 -0.0224466
0.729473 -0.110048 -0.0224466
0.729457 0.115059 -0.0176076
0.729457 0.110165 -0.0176076
0.694659 0.115056 0.0114266
0.729458 0.105271 -0.0176076
0.729458 0.100378 -0.0176076
0.729459 0.0954841 -0.0176076
0.729459 0.0856968 -0.0176076
0.72946 0.0808032 -0.0176076
0.709572 0.115057 0.0404608
0.72946 0.071016 -0.0176076
0.729461 0.0661224 -0.0176076
0.729461 0.0612287 -0.0176076
0.729462 0.0465479 -0.0176076
0.729463 0.0367606 -0.0176076
0.729463 0.0269734 -0.0176076
0.729464 0.0220798 -0.0176076
0.729464 0.0171862 -0.0176076
0.729465 0.00739892 -0.0176076
0.729465 0.0025053 -0.0176076
0.729466 -0.00238832 -0.0176076
0.729466 -0.00728194 -0.0176076
0.729466 -0.0121756 -0.0176076
0.729468 -0.03175 -0.0176076
0.729468 -0.0366437 -0.0176076
0.674774 0.115055 0.0307827
0.729469 -0.0464309 -0.0176076
0.729469 -0.0513245 -0.0176076
0.729469 -0.0562181 -0.0176076
0.72947 -0.0611118 -0.0176076
0.72947 -0.0660054 -0.0176076
0.72947 -0.070899 -0.0176076
0.729471 -0.0806862 -0.0176076
0.729472 -0.0855799 -0.0176076
0.729472 -0.0904735 -0.0176076
0.729472 -0.0953671 -0.0176076
0.729473 -0.100261 -0.0176076
0.729473 -0.105154 -0.0176076
0.729473 -0.110048 -0.0176076
0.729457 0.115059 -0.0127685
0.729457 0.110165 -0.0127685
0.694659 0.115056 0.00658759
0.729458 0.105271 -0.0127685
0.729458 0.100378 -0.0127685
0.729459 0.0954841 -0.0127685
0.729459 0.0905905 -0.0127685
0.72946 0.0759096 -0.0127685
0.709572 0.115057 0.0452998
0.72946 0.071016 -0.0127685
0.729461 0.0661224 -0.0127685
0.729461 0.0612287 -0.0127685
0.729461 0.0563351 -0.0127685
0.729462 0.0465479 -0.0127685
0.729462 0.0416543 -0.0127685
0.729463 0.0367606 -0.0127685
0.729463 0.031867 -0.0127685
0.729463 0.0269734 -0.0127685
0.729464 0.0220798 -0.0127685
0.729466 -0.00238832 -0.0127685
0.729466 -0.0121756 -0.0127685
0.729467 -0.0219628 -0.0127685
0.729467 -0.0268564 -0.0127685
0.729468 -0.03175 -0.0127685
0.729468 -0.0415373 -0.0127685
0.674774 0.115055 0.0114266
0.729469 -0.0464309 -0.0127685
0.729469 -0.0513245 -0.0127685
0.72947 -0.0660054 -0.0127685
0.72947 -0.070899 -0.0127685
0.729472 -0.0953671 -0.0127685
0.729473 -0.100261 -0.0127685
0.729473 -0.110048 -0.0127685
0.729457 0.115059 -0.00792951
0.729457 0.110165 -0.00792951
0.694659 0.115056 0.00174856
0.729458 0.105271 -0.00792951
0.729459 0.0954841 -0.00792951
0.729459 0.0905905 -0.00792951
0.72946 0.0808032 -0.00792951
0.729461 0.0563351 -0.00792951
0.729462 0.0465479 -0.00792951
0.729462 0.0416543 -0.00792951
0.729463 0.0367606 -0.00792951
0.684717 0.115055 0.0404608
0.729463 0.031867 -0.00792951
0.729464 0.0220798 -0.00792951
0.729464 0.0171862 -0.00792951
0.729464 0.0122925 -0.00792951
0.729465 0.00739892 -0.00792951
0.729466 -0.00238832 -0.00792951
0.729466 -0.00728194 -0.00792951
0.729466 -0.0121756 -0.00792951
0.729467 -0.0219628 -0.00792951
0.729468 -0.03175 -0.00792951
0.729468 -0.0366437 -0.00792951
0.674774 0.115055 0.00174856
0.729469 -0.0464309 -0.00792951
0.72947 -0.0660054 -0.00792951
0.729472 -0.0855799 -0.00792951
0.729472 -0.0904735 -0.00792951
0.729472 -0.0953671 -0.00792951
0.729473 -0.100261 -0.00792951
0.729473 -0.105154 -0.00792951
0.679745 0.115055 0.0259437
0.729473 -0.110048 -0.00792951
0.729457 0.115059 -0.00309048
0.729457 0.110165 -0.00309048
0.694659 0.115056 -0.00309048
0.729458 0.105271 -0.00309048
0.729458 0.100378 -0.00309048
0.729459 0.0905905 -0.00309048
0.729459 0.0856968 -0.00309048
0.72946 0.0759096 -0.00309048
0.729461 0.0661224 -0.00309048
0.729461 0.0612287 -0.00309048
0.729461 0.0563351 -0.00309048
0.729462 0.0514415 -0.00309048
0.729462 0.0465479 -0.00309048
0.620091 0.115051 -0.00792951
0.729462 0.0416543 -0.00309048
0.729463 0.0367606 -0.00309048
0.684717 0.115055 0.0211047
0.729463 0.031867 -0.00309048
0.729464 0.0220798 -0.00309048
0.729466 -0.00238832 -0.00309048
0.729466 -0.0121756 -0.00309048
0.729468 -0.03175 -0.00309048
0.729468 -0.0415373 -0.00309048
0.729469 -0.0513245 -0.00309048
0.729469 -0.0562181 -0.00309048
0.72947 -0.0611118 -0.00309048
0.72947 -0.0660054 -0.00309048
0.72947 -0.070899 -0.00309048
0.729471 -0.0806862 -0.00309048
0.729472 -0.0855799 -0.00309048
0.729473 -0.100261 -0.00309048
0.729473 -0.105154 -0.00309048
0.729473 -0.110048 -0.00309048
0.729457 0.110165 0.00174856
0.694659 0.115056 -0.00792951
0.729458 0.105271 0.00174856
0.729458 0.100378 0.00174856
0.729459 0.0954841 0.00174856
0.729459 0.0905905 0.00174856
0.729459 0.0856968 0.00174856
0.72946 0.0808032 0.00174856
0.729461 0.0661224 0.00174856
0.729461 0.0612287 0.00174856
0.729461 0.0563351 0.00174856
0.729462 0.0514415 0.00174856
0.729462 0.0465479 0.00174856
0.729462 0.0416543 0.00174856
0.600207 0.115049 0.0307827
0.729463 0.0367606 0.00174856
0.684717 0.115055 0.00174856
0.729463 0.031867 0.00174856
0.729463 0.0269734 0.00174856
0.729465 0.0025053 0.00174856
0.729466 -0.00728194 0.00174856
0.729466 -0.0121756 0.00174856
0.729468 -0.03175 0.00174856
0.729468 -0.0366437 0.00174856
0.729468 -0.0415373 0.00174856
0.72947 -0.0611118 0.00174856
0.72947 -0.0660054 0.00174856
0.72947 -0.070899 0.00174856
0.729472 -0.0953671 0.00174856
0.729473 -0.100261 0.00174856
0.729473 -0.105154 0.00174856
0.679745 0.115055 0.0404608
0.729473 -0.110048 0.00174856
0.729457 0.115059 0.00658759
0.729457 0.110165 0.00658759
0.694659 0.115056 -0.0127685
0.729458 0.105271 0.00658759
0.729458 0.100378 0.00658759
0.729459 0.0905905 0.00658759
0.729459 0.0856968 0.00658759
0.72946 0.0808032 0.00658759
0.72946 0.0759096 0.00658759
0.72946 0.071016 0.00658759
0.729461 0.0661224 0.00658759
0.729461 0.0612287 0.00658759
0.729462 0.0514415 0.00658759
0.729462 0.0465479 0.00658759
0.620091 0.115051 0.0356218
0.729462 0.0416543 0.00658759
0.729463 0.0367606 0.00658759
0.684717 0.115055 0.0114266
0.729463 0.031867 0.00658759
0.729464 0.0171862 0.00658759
0.729464 0.0122925 0.00658759
0.729465 0.0025053 0.00658759
0.729466 -0.00238832 0.00658759
0.729466 -0.00728194 0.00658759
0.729466 -0.0121756 0.00658759
0.729467 -0.0219628 0.00658759
0.729468 -0.0366437 0.00658759
0.729468 -0.0415373 0.00658759
0.729469 -0.0464309 0.00658759
0.729469 -0.0513245 0.00658759
0.729469 -0.0562181 0.00658759
0.72947 -0.0660054 0.00658759
0.72947 -0.070899 0.00658759
0.729471 -0.0757926 0.00658759
0.729471 -0.0806862 0.00658759
0.729472 -0.0953671 0.00658759
0.729473 -0.105154 0.00658759
0.729473 -0.110048 0.00658759
0.729457 0.115059 0.0114266
0.729457 0.110165 0.0114266
0.694659 0.115056 -0.0176076
0.729458 0.105271 0.0114266
0.639976 0.115052 -0.00792951
0.729458 0.100378 0.0114266
0.729459 0.0905905 0.0114266
0.729459 0.0856968 0.0114266
0.72946 0.0808032 0.0114266
0.729461 0.0661224 0.0114266
0.729461 0.0563351 0.0114266
0.729462 0.0514415 0.0114266
0.729462 0.0465479 0.0114266
0.729462 0.0416543 0.0114266
0.729463 0.031867 0.0114266
0.729463 0.0269734 0.0114266
0.729464 0.0220798 0.0114266
0.729464 0.0171862 0.0114266
0.649919 0.110159 -0.0418027
0.654904 -0.0855852 -0.0418027
0.649918 0.115053 -0.0418027
0.659868 0.0171812 0.0549779
0.644963 -0.110054 -0.0418027
0.575353 0.0905794 0.0549779
0.580338 -0.105165 0.0549779
0.570383 0.0710046 0.0452998
0.644962 -0.0855859 -0.0418027
0.595242 0.0269638 0.0549779
0.570383 0.066111 0.0356218
0.729469 -0.0562181 0.0501389
0.644959 -0.0513306 -0.0418027
0.575351 0.115048 -0.0127685
0.570386 0.0220684 0.0549779
0.644956 -0.00239436 -0.0418027
0.644954 0.0220737 -0.0418027
0.64495 0.0710099 -0.0418027
0.714551 0.0171851 0.0549779
0.615137 -0.11495 -0.00792951
0.729463 0.0367606 0.0259437
0.610149 0.11505 0.0307827
0.64495 0.0807972 -0.0418027
0.729462 0.0465479 0.0404608
0.644949 0.095478 -0.0418027
0.644948 0.100372 -0.0418027
0.724489 0.0710156 -0.0418027
0.644948 0.105265 -0.0418027
0.639991 -0.0953735 -0.0418027
0.575364 -0.07091 -0.0418027
0.639988 -0.0513309 -0.0418027
0.689688 0.115056 0.0549779
0.639987 -0.0415437 -0.0418027
0.585305 -0.0513348 -0.0418027
0.639985 -0.00728834 -0.0418027
0.639984 -0.00239472 -0.0418027
0.639984 0.00739252 -0.0418027
0.669811 0.00739465 -0.0418027
0.639983 0.0122861 -0.0418027
0.639982 0.0318606 -0.0418027
0.639981 0.0416479 -0.0418027
0.729464 0.0220798 0.0162657
0.580324 0.0905798 0.0549779
0.63998 0.066116 -0.0418027
0.729465 0.00739892 0.0356218
0.570394 -0.0904849 -0.0418027
0.649934 -0.100266 -0.0418027
0.615137 -0.11495 -0.0321247
0.639976 0.110159 -0.0418027
0.575361 -0.0219738 -0.0418027
0.63004 0.0220727 -0.0418027
0.63502 -0.0953739 -0.0418027
0.664832 0.115054 -0.0272856
0.635019 -0.080693 -0.0418027
0.625063 0.115051 0.0114266
0.635018 -0.0709058 -0.0418027
0.635015 -0.0219696 -0.0418027
0.654896 0.0269681 0.0549779
0.625066 0.0612213 -0.0418027
0.570381 0.100366 -0.0369637
0.659877 -0.114947 0.0114266
0.570392 -0.0611231 0.0356218
0.635012 0.0122858 -0.0418027
0.72946 0.0808032 0.0211047
0.639989 -0.0611182 -0.0418027
0.63501 0.0416475 -0.0418027
0.644958 -0.0366497 -0.0418027
0.639992 -0.105161 -0.0418027
0.635007 0.0856901 -0.0418027
0.719528 -0.0660061 -0.0418027
0.630049 -0.0953742 -0.0418027
0.57039 -0.0268678 0.0452998
0.674791 -0.114945 -0.0127685
0.630046 -0.0562252 -0.0418027
0.6201 -0.0121834 -0.0418027
0.669811 0.00250103 0.0549779
0.570383 0.0710046 -0.0369637
0.615123 0.080795 -0.0418027
0.630044 -0.0219699 -0.0418027
0.719515 0.115058 -0.0418027
0.570388 -0.00729331 0.00658759
0.709572 0.115057 0.0501389
0.63004 0.0269663 -0.0418027
0.570385 0.0367493 0.0211047
0.63004 0.0318599 -0.0418027
0.649922 0.0710103 -0.0418027
0.570394 -0.0806976 0.0114266
0.630039 0.0465408 -0.0418027
0.674774 0.115055 0.0501389
0.59524 0.0514319 -0.0418027
0.684727 -0.0268596 -0.0418027
0.649935 -0.114947 -0.0369637
0.630047 -0.0709061 -0.0418027
0.729465 0.00739892 -0.0224466
0.630038 0.0514344 -0.0418027
0.729466 -0.00728194 -0.00309048
0.630035 0.095477 -0.0418027
0.570396 -0.110059 0.0211047
0.729473 -0.110048 0.0452998
0.649935 -0.110054 -0.0418027
0.630034 0.110158 -0.0418027
0.625077 -0.0904809 -0.0418027
0.659873 -0.0513295 0.0549779
0.729469 -0.0562181 0.0452998
0.61512 0.11505 0.0404608
0.625076 -0.0709065 -0.0418027
0.704601 0.115057 0.0307827
0.585305 -0.0464412 -0.0418027
0.684728 -0.0464341 0.0549779
0.699633 0.0759075 -0.0418027
0.625075 -0.0562256 -0.0418027
0.625074 -0.051332 -0.0418027
0.570384 0.0514301 -0.0321247
0.58531 -0.114952 0.0211047
0.694669 -0.0219653 0.0549779
0.570389 -0.0170806 0.00658759
0.625073 -0.0268639 -0.0418027
0.729472 -0.0855799 0.00174856
0.605187 -0.0170781 -0.0418027
0.62507 0.0122851 -0.0418027
0.719518 0.0661216 -0.0418027
0.625069 0.0220723 -0.0418027
0.625067 0.051434 -0.0418027
0.684733 -0.114945 0.0356218
0.625065 0.0759021 -0.0418027
0.625065 0.0807958 -0.0418027
0.57039 -0.0317614 -0.0272856
0.625064 0.090583 -0.0418027
0.72947 -0.0660054 0.0307827
0.625063 0.110157 -0.0418027
0.620108 -0.114949 -0.0418027
0.704604 0.0710142 0.0549779
0.620106 -0.0953749 -0.0418027
0.610165 -0.105163 -0.0418027
0.729458 0.105271 0.0211047
0.659872 -0.0366486 -0.0418027
0.729468 -0.0415373 -0.0224466
0.620099 0.00249748 -0.0418027
0.615137 -0.11495 -0.0369637
0.729472 -0.0855799 -0.0127685
0.620096 0.0465401 -0.0418027
0.570389 -0.0121869 0.0162657
0.620095 0.0710082 -0.0418027
0.659866 0.0367557 0.0549779
0.625065 0.0856894 -0.0418027
0.625077 -0.0855873 -0.0418027
0.620092 0.105264 -0.0418027
0.620091 0.115051 -0.0418027
0.644955 0.00249926 -0.0418027
0.570388 -0.00729331 0.0549779
0.724496 -0.0268568 -0.0418027
0.615136 -0.105163 -0.0418027
0.630039 0.0465408 0.0549779
0.570384 0.0563237 -0.0272856
0.615133 -0.0611199 -0.0418027
0.649927 -0.0121812 -0.0418027
0.729457 0.110165 -0.0272856
0.615132 -0.0464391 -0.0418027
0.704601 0.115057 -0.0127685
0.679754 -0.00239188 0.0549779
0.61513 -0.0170774 -0.0418027
0.625071 -0.00239578 -0.0418027
0.605193 -0.10027 -0.0418027
0.615122 0.0905823 0.0549779
0.615129 -0.00239649 -0.0418027
0.615126 0.0269652 -0.0418027
0.615125 0.0514333 -0.0418027
0.674783 -0.00239223 0.0549779
0.615123 0.0710078 -0.0418027
0.704618 -0.114943 0.0211047
0.615123 0.0759014 -0.0418027
0.66484 -0.00239294 -0.0418027
0.615121 0.105263 -0.0418027
0.659873 -0.0611167 -0.0418027
0.615131 -0.0317582 0.0549779
0.72946 0.071016 -0.0321247
0.610165 -0.11495 -0.0418027
0.570384 0.0514301 0.0114266
0.610158 -0.0121841 -0.0418027
0.570393 -0.075804 0.0452998
0.610157 -0.00239685 -0.0418027
0.625076 -0.0660128 -0.0418027
0.674776 0.0856929 -0.0418027
0.679762 -0.110052 -0.0418027
0.610154 0.0416457 -0.0418027
0.610153 0.0563266 -0.0418027
0.610154 0.0465394 -0.0418027
0.724494 -0.00238868 0.0549779
0.63005 -0.114949 -0.00309048
0.610153 0.0661138 -0.0418027
0.610152 0.0710075 -0.0418027
0.610152 0.0759011 -0.0418027
0.635011 0.0269666 -0.0418027
0.610149 0.11505 -0.0418027
0.570395 -0.0953785 -0.0321247
0.605194 -0.105163 -0.0418027
0.729461 0.0563351 -0.0369637
0.644952 0.0416482 -0.0418027
0.674791 -0.114945 0.0356218
0.605192 -0.0855887 -0.0418027
0.625079 -0.114949 -0.0176076
0.570382 0.0807918 0.0452998
0.630044 -0.0317571 -0.0418027
0.570388 -0.00239969 0.0114266
0.605189 -0.0464398 -0.0418027
0.570394 -0.0855912 -0.0127685
0.605188 -0.0219717 -0.0418027
0.729472 -0.0904735 0.0114266
0.605191 -0.0709079 -0.0418027
0.605187 -0.0121844 -0.0418027
0.65489 0.105266 0.0549779
0.605186 -0.00239721 -0.0418027
0.605186 0.00249641 -0.0418027
0.654898 -0.00728727 0.0549779
0.72946 0.0759096 0.0162657
0.72946 0.0808032 0.0307827
0.580328 0.03675 -0.0418027
0.729461 0.0661224 0.0404608
0.605182 0.0563262 -0.0418027
0.580335 -0.0611224 -0.0418027
0.635021 -0.110055 -0.0418027
0.60518 0.0807943 -0.0418027
0.639977 0.105265 -0.0418027
0.605179 0.0954752 -0.0418027
0.664843 -0.0366483 0.0549779
0.570385 0.0367493 0.00658759
0.605179 0.105262 -0.0418027
0.600223 -0.110057 -0.0418027
0.729462 0.0465479 -0.0369637
0.684718 0.0905873 -0.0418027
0.570394 -0.0855912 0.0452998
0.600221 -0.0904827 -0.0418027
0.699638 0.00250317 0.0549779
0.610155 0.0269649 -0.0418027
0.669809 0.0318628 -0.0418027
0.60022 -0.0709082 -0.0418027
0.67479 -0.105158 0.0549779
0.729459 0.0856968 0.0211047
0.600219 -0.061121 -0.0418027
0.724488 0.0905901 0.0549779
0.600218 -0.0464401 -0.0418027
0.600218 -0.0415465 -0.0418027
0.61015 0.0954755 0.0549779
0.729464 0.0220798 0.0211047
0.600218 -0.0366529 -0.0418027
0.729462 0.0514415 0.0259437
0.600212 0.0465386 -0.0418027
0.580329 0.0122819 -0.0418027
0.600211 0.0612195 -0.0418027
0.659867 0.0269684 0.0549779
0.615136 -0.100269 -0.0418027
0.600209 0.080794 -0.0418027
0.694665 0.0269709 -0.0418027
0.600208 0.0954748 -0.0418027
0.600208 0.100368 -0.0418027
0.729463 0.031867 0.0307827
0.570393 -0.0709104 -0.0127685
0.595252 -0.114951 -0.0418027
0.714544 0.115057 -0.0418027
0.570381 0.0954727 0.0501389
0.595249 -0.0758022 -0.0418027
0.595248 -0.066015 -0.0418027
0.570393 -0.075804 0.0501389
0.570393 -0.0709104 0.0501389
0.729464 0.0171862 0.0211047
0.595247 -0.0513341 -0.0418027
0.729463 0.031867 0.0259437
0.595246 -0.0317596 -0.0418027
0.664835 0.0661177 0.0549779
0.580329 0.0122819 0.0549779
0.620098 0.0171783 -0.0418027
0.595244 -0.00239792 -0.0418027
0.610165 -0.11495 0.0307827
0.595244 0.0024957 -0.0418027
0.659865 0.0563301 0.0549779
0.72947 -0.0611118 -0.00792951
0.595243 0.00738932 -0.0418027
0.644964 -0.114948 -0.0176076
0.729471 -0.0757926 0.0452998
0.595242 0.0269638 -0.0418027
0.654894 0.0563298 -0.0418027
0.674774 0.115055 0.00658759
0.729469 -0.0464309 -0.0418027
0.595241 0.0416447 -0.0418027
0.689693 0.046545 -0.0418027
0.59524 0.0563255 -0.0418027
0.620099 0.0073911 -0.0418027
0.654898 0.00249997 -0.0418027
0.595252 -0.114951 -0.0224466
0.595239 0.0612191 -0.0418027
0.699644 -0.0806884 0.0549779
0.729462 0.0514415 -0.0127685
0.580322 0.110154 -0.0418027
0.635008 0.0759028 -0.0418027
0.72946 0.0808032 -0.0369637
0.595238 0.0759 -0.0418027
0.639986 -0.0219692 -0.0418027
0.570393 -0.0709104 0.0114266
0.595237 0.0905809 -0.0418027
0.639979 0.0710096 -0.0418027
0.709574 0.0954827 0.0549779
0.625074 -0.0415447 -0.0418027
0.729459 0.0905905 -0.0418027
0.570383 0.0710046 0.0307827
0.64993 -0.0513302 -0.0418027
0.595236 0.110155 -0.0418027
0.610149 0.11505 -0.0224466
0.590279 -0.0904834 -0.0418027
0.69964 -0.0219649 0.0549779
0.590278 -0.0758026 -0.0418027
0.694673 -0.0855823 0.0549779
0.590264 0.115049 0.0114266
0.605194 -0.11495 -0.0272856
0.570392 -0.0562295 0.0549779
0.580331 -0.0170798 0.0549779
0.590276 -0.0415472 -0.0418027
0.590271 0.0171762 -0.0418027
0.729471 -0.0806862 -0.0127685
0.694675 -0.114944 0.0549779
0.68969 0.0808004 0.0549779
0.590271 0.0220698 -0.0418027
0.694675 -0.11005 0.0549779
0.59027 0.0367507 -0.0418027
0.570392 -0.0611231 0.0404608
0.590267 0.0758996 -0.0418027
0.694665 0.0367582 0.0549779
0.570381 0.0905791 0.0501389
0.590266 0.0905805 -0.0418027
0.570381 0.100366 0.0549779
0.595251 -0.10027 -0.0418027
0.590266 0.0954741 -0.0418027
0.61513 -0.021971 -0.0418027
0.729463 0.0367606 -0.0224466
0.58531 -0.114952 -0.0418027
0.570384 0.0514301 0.0549779
0.585309 -0.105165 -0.0418027
0.620091 0.115051 0.0307827
0.585309 -0.100271 -0.0418027
0.570383 0.0710046 0.0259437
0.585307 -0.0806965 -0.0418027
0.570382 0.0758982 0.00658759
0.585307 -0.0758029 -0.0418027
0.570381 0.0954727 0.0404608
0.585306 -0.0709093 -0.0418027
0.585306 -0.0660157 -0.0418027
0.585306 -0.0611221 -0.0418027
0.585305 -0.0562284 -0.0418027
0.57038 0.110154 0.0307827
0.704608 0.0269716 0.0549779
0.570394 -0.0904849 0.0307827
0.620098 0.022072 -0.0418027
0.729469 -0.0513245 -0.00792951
0.719519 0.0563344 0.0549779
0.5853 0.0220695 -0.0418027
0.729473 -0.110048 0.0549779
0.639992 -0.110054 -0.0418027
0.600207 0.105262 -0.0418027
0.729473 -0.105154 0.0549779
0.585296 0.0807929 -0.0418027
0.570384 0.0563237 -0.00309048
0.585295 0.0905802 -0.0418027
0.68473 -0.0709022 -0.0418027
0.704605 0.0563333 0.0549779
0.585295 0.0954738 -0.0418027
0.615128 0.00249713 0.0549779
0.585293 0.115048 -0.0418027
0.67975 0.0514379 0.0549779
0.570396 -0.114953 -0.00792951
0.610162 -0.0611203 -0.0418027
0.70958 0.00250388 -0.0418027
0.570384 0.0612174 -0.0369637
0.580333 -0.0415479 -0.0418027
0.709572 0.115057 -0.00792951
0.580333 -0.0366543 -0.0418027
0.580331 -0.0170798 -0.0418027
0.605181 0.0661135 -0.0418027
0.615134 -0.0758008 -0.0418027
0.580331 -0.0072926 -0.0418027
0.58033 0.00249464 -0.0418027
0.580328 0.0318564 -0.0418027
0.570386 0.0220684 0.0356218
0.72947 -0.0611118 0.0404608
0.709575 0.0759082 -0.0418027
0.580326 0.0563245 -0.0418027
0.729464 0.0220798 0.0452998
0.580326 0.0661117 -0.0418027
0.630041 0.0171791 0.0549779
0.580331 -0.0121862 -0.0418027
0.580325 0.0710053 -0.0418027
0.644964 -0.114948 0.0452998
0.580323 0.0954734 -0.0418027
0.570389 -0.0170806 0.00174856
0.570396 -0.110059 -0.0127685
0.590281 -0.114952 0.0211047
0.575366 -0.0953781 -0.0418027
0.570393 -0.0709104 -0.0418027
0.689702 -0.0806891 0.0549779
0.575365 -0.0806973 -0.0418027
0.575362 -0.0415483 -0.0418027
0.644952 0.0465418 0.0549779
0.575361 -0.0317611 -0.0418027
0.590276 -0.0464409 -0.0418027
0.729464 0.0171862 0.0549779
0.57536 -0.0170802 -0.0418027
0.600218 -0.0366529 0.0549779
0.57038 0.10526 -0.0321247
0.57536 -0.0121866 -0.0418027
0.644961 -0.0757987 -0.0418027
0.694673 -0.0757951 -0.0418027
0.729473 -0.110048 0.0211047
0.580323 0.100367 -0.0418027
0.570386 0.0318556 0.0501389
0.699647 -0.114944 0.0259437
0.57536 -0.00729296 -0.0418027
0.575359 0.00249428 -0.0418027
0.610149 0.11505 0.00174856
0.580327 0.0416436 -0.0418027
0.600208 0.100368 0.0549779
0.615135 -0.0904817 -0.0418027
0.585303 -0.0170795 -0.0418027
0.575359 0.0073879 -0.0418027
0.729472 -0.0904735 -0.0127685
0.689691 0.0759068 0.0549779
0.729472 -0.0904735 0.0211047
0.65489 0.115053 0.0211047
0.575357 0.0220688 -0.0418027
0.719515 0.115058 0.0501389
0.575357 0.0269624 -0.0418027
0.679762 -0.114945 -0.00309048
0.635005 0.115052 0.0356218
0.575357 0.031856 -0.0418027
0.659861 0.115054 0.0356218
0.689689 0.100375 0.0549779
0.575356 0.0367496 -0.0418027
0.729459 0.0905905 0.0162657
0.575356 0.0416432 -0.0418027
0.575356 0.0465369 -0.0418027
0.66982 -0.114946 0.0501389
0.575354 0.0661113 -0.0418027
0.644947 0.115053 -0.0321247
0.684733 -0.114945 0.0211047
0.580337 -0.0953778 -0.0418027
0.575353 0.0807922 -0.0418027
0.69466 0.100375 -0.0418027
0.580327 0.0514308 -0.0418027
0.590273 -0.00729189 -0.0418027
0.729466 -0.00728194 -0.0127685
0.580338 -0.110059 -0.0418027
0.575352 0.0954731 -0.0418027
0.570387 0.00738755 0.0211047
0.580336 -0.0758033 -0.0418027
0.575351 0.110154 -0.0418027
0.65489 0.11016 0.0549779
0.644964 -0.114948 0.0501389
0.625078 -0.0953746 -0.0418027
0.620092 0.10037 -0.0418027
0.570396 -0.110059 -0.0418027
0.649932 -0.0709047 -0.0418027
0.590277 -0.0562281 -0.0418027
0.635015 -0.0268632 -0.0418027
0.729472 -0.0953671 -0.0418027
0.689688 0.115056 -0.0224466
0.625066 0.0710085 -0.0418027
0.570394 -0.0806976 -0.0418027
0.729465 0.00739892 -0.00309048
0.674777 0.0807993 0.0549779
0.679762 -0.114945 0.0549779
0.570393 -0.075804 -0.0418027
0.620108 -0.114949 -0.0176076
0.644953 0.031861 -0.0418027
0.72946 0.071016 0.0162657
0.704603 0.0954823 -0.0418027
0.709588 -0.0953685 -0.0418027
0.729467 -0.0170692 -0.00309048
0.570391 -0.0415487 -0.0418027
0.570388 -0.00729331 -0.0418027
0.644955 0.00249926 0.0549779
0.580338 -0.114952 -0.0321247
0.570387 0.00738755 -0.0418027
0.694667 0.00250281 0.0549779
0.570385 0.0416429 -0.0418027
0.635021 -0.114948 -0.0272856
0.570382 0.0758982 -0.0418027
0.615122 0.0856887 -0.0418027
0.664832 0.115054 -0.0176076
0.570382 0.0807918 -0.0418027
0.57038 0.10526 -0.0418027
0.639976 0.115052 0.00174856
0.620103 -0.0464387 -0.0418027
0.719515 0.115058 -0.0127685
0.679752 0.0220762 -0.0418027
0.729472 -0.0855799 0.0549779
0.729471 -0.0757926 0.0549779
0.644964 -0.114948 -0.00792951
0.575366 -0.0953781 0.0549779
0.595241 0.036751 -0.0418027
0.615127 0.0220716 0.0549779
0.72947 -0.0660054 0.0549779
0.729469 -0.0562181 0.0549779
0.724498 -0.0513249 0.0549779
0.570393 -0.0660167 -0.0418027
0.654894 0.0465425 0.0549779
0.570383 0.066111 0.0404608
0.729469 -0.0464309 0.0549779
0.654894 0.0563298 0.0549779
0.699647 -0.114944 0.0211047
0.729468 -0.0366437 0.0549779
0.570385 0.0367493 0.0452998
0.729467 -0.0268564 0.0549779
0.570396 -0.114953 0.0162657
0.729467 -0.0219628 0.0549779
0.570387 0.00738755 0.0307827
0.729466 -0.0121756 0.0549779
0.605183 0.046539 -0.0418027
0.729466 -0.00238832 0.0549779
0.729465 0.00739892 0.0549779
0.729464 0.0220798 0.0549779
0.699631 0.105269 -0.0418027
0.729463 0.0269734 0.0549779
0.714547 0.0612277 -0.0418027
0.729462 0.0514415 -0.0369637
0.684718 0.0954809 -0.0418027
0.684719 0.0856936 -0.0418027
0.570388 -0.00729331 0.0501389
0.72946 0.0759096 0.0549779
0.669819 -0.105159 -0.0418027
0.729459 0.0856968 0.0549779
0.595246 -0.026866 -0.0418027
0.729459 0.0954841 0.0549779
0.729457 0.110165 0.0549779
0.729457 0.115059 0.0549779
0.570395 -0.0953785 0.0211047
0.630034 0.115051 -0.0418027
0.580322 0.115048 0.0259437
0.620096 0.0563273 0.0549779
0.580327 0.0465372 -0.0418027
0.694669 -0.0268589 0.0549779
0.570387 0.0171748 0.0404608
0.724499 -0.0708994 0.0549779
0.570389 -0.0170806 0.0259437
0.615127 0.017178 -0.0418027
0.724499 -0.0660057 0.0549779
0.570384 0.0612174 -0.0272856
0.644957 -0.0170752 -0.0418027
0.659865 0.0612238 -0.0418027
0.625063 0.105264 -0.0418027
0.570388 -0.00729331 0.0211047
0.724497 -0.036644 0.0549779
0.72947 -0.0611118 0.0452998
0.724486 0.115058 0.0549779
0.595247 -0.0415469 0.0549779
0.714554 -0.0366447 0.0549779
0.724496 -0.0219632 0.0549779
0.570386 0.0318556 0.0259437
0.580329 0.0220691 -0.0418027
0.729461 0.0661224 0.0549779
0.570388 -0.00729331 -0.0321247
0.669803 0.115054 0.0452998
0.570382 0.0856855 -0.0321247
0.724491 0.0465475 0.0549779
0.610149 0.11505 0.0549779
0.64992 0.0954784 0.0549779
0.654905 -0.0953724 0.0549779
0.729462 0.0465479 -0.0321247
0.669803 0.110161 0.0549779
0.694662 0.0710135 -0.0418027
0.57038 0.110154 0.0404608
0.699632 0.0954819 0.0549779
0.570383 0.066111 -0.0418027
0.724491 0.0514411 0.0549779
0.724489 0.0710156 0.0549779
0.63999 -0.075799 -0.0418027
0.635009 0.0563284 -0.0418027
0.644949 0.0905844 -0.0418027
0.719523 0.00250459 -0.0418027
0.654906 -0.114947 0.00658759
0.719529 -0.080687 0.0549779
0.699646 -0.105156 -0.0418027
0.719519 0.0514408 -0.0418027
0.635013 0.00249855 -0.0418027
0.635006 0.105265 -0.0418027
0.719528 -0.0708997 0.0549779
0.719527 -0.0562189 0.0549779
0.659866 0.0367557 -0.0418027
0.729472 -0.0855799 -0.0418027
0.719526 -0.0464316 0.0549779
0.600216 -0.0121848 0.0549779
0.719525 -0.0268571 0.0549779
0.639985 -0.012182 -0.0418027
0.590268 0.0661124 0.0549779
0.654891 0.0954787 0.0549779
0.729471 -0.0757926 -0.0272856
0.570389 -0.0219742 0.00658759
0.72449 0.0563348 0.0549779
0.625079 -0.114949 0.0259437
0.719524 -0.00728265 0.0549779
0.635009 0.0563284 0.0549779
0.63999 -0.075799 0.0549779
0.570393 -0.0709104 0.0452998
0.570387 0.0171748 -0.0418027
0.69963 0.115056 -0.0321247
0.719522 0.0171854 0.0549779
0.570391 -0.036655 -0.0321247
0.635008 0.0710092 0.0549779
0.639991 -0.0904799 0.0549779
0.719521 0.0269727 0.0549779
0.649921 0.0856912 0.0549779
0.654906 -0.110053 0.0549779
0.72947 -0.0660054 0.0501389
0.580336 -0.0806969 -0.0418027
0.575351 0.115048 -0.0418027
0.71952 0.0367599 0.0549779
0.570385 0.0416429 0.0549779
0.729467 -0.0219628 0.0162657
0.570385 0.0367493 0.0549779
0.729468 -0.03175 0.0162657
0.64495 0.0759036 -0.0418027
0.630035 0.100371 0.0549779
0.600223 -0.114951 -0.00792951
0.719519 0.061228 0.0549779
0.724502 -0.110048 0.0549779
0.719518 0.0710153 0.0549779
0.719517 0.0808025 0.0549779
0.729464 0.0171862 -0.0418027
0.570396 -0.110059 0.0356218
0.60022 -0.0758019 -0.0418027
0.7245 -0.0806866 0.0549779
0.719517 0.0905897 0.0549779
0.570391 -0.0464423 -0.0272856
0.729461 0.0612287 0.0549779
0.729467 -0.0170692 0.00658759
0.570391 -0.0415487 -0.0272856
0.729474 -0.114942 0.00174856
0.610159 -0.0170777 0.0549779
0.724501 -0.0904738 0.0549779
0.719516 0.100377 0.0549779
0.600217 -0.0268657 0.0549779
0.724501 -0.0953675 0.0549779
0.719516 0.105271 0.0549779
0.65489 0.115053 0.0259437
0.570395 -0.105166 -0.0321247
0.71456 -0.114943 0.0549779
0.570387 0.0171748 0.0162657
0.714559 -0.105155 0.0549779
0.714559 -0.100262 0.0549779
0.585304 -0.036654 -0.0418027
0.570382 0.0758982 0.0452998
0.714558 -0.0904745 0.0549779
0.714558 -0.0855809 0.0549779
0.679757 -0.0513281 0.0549779
0.714557 -0.0757937 0.0549779
0.585308 -0.0953774 -0.0418027
0.714557 -0.0709001 0.0549779
0.595249 -0.0709086 -0.0418027
0.72946 0.071016 0.0549779
0.63005 -0.114949 0.0162657
0.714557 -0.0660065 0.0549779
0.729468 -0.03175 0.0549779
0.570385 0.0416429 0.00658759
0.714556 -0.0562192 0.0549779
0.729468 -0.0415373 -0.0176076
0.719518 0.0661216 0.0549779
0.714555 -0.046432 0.0549779
0.729464 0.0122925 -0.0418027
0.714554 -0.0317511 0.0549779
0.69467 -0.0415398 -0.0418027
0.570385 0.0367493 -0.0127685
0.714553 -0.0121766 0.0549779
0.689704 -0.114944 0.00658759
0.71455 0.0269723 0.0549779
0.575367 -0.114953 -0.0224466
0.630045 -0.0366508 0.0549779
0.714549 0.0416532 0.0549779
0.684725 0.0025021 0.0549779
0.570387 0.0171748 -0.0272856
0.714549 0.0465468 0.0549779
0.610162 -0.0709075 -0.0418027
0.714547 0.0661213 0.0549779
0.714547 0.0710149 0.0549779
0.714546 0.0759085 0.0549779
0.714546 0.0856958 0.0549779
0.570386 0.0318556 -0.00309048
0.714545 0.0905894 0.0549779
0.714545 0.095483 0.0549779
0.570386 0.0220684 -0.00309048
0.590281 -0.114952 -0.0418027
0.570393 -0.0709104 -0.0321247
0.595236 0.115049 0.0162657
0.714545 0.100377 0.0549779
0.729458 0.105271 0.0162657
0.714544 0.10527 0.0549779
0.635019 -0.0855866 0.0549779
0.570386 0.026962 0.00658759
0.654906 -0.114947 -0.0224466
0.714544 0.110164 0.0549779
0.714544 0.115057 0.0549779
0.709588 -0.105156 0.0549779
0.729464 0.0122925 0.0114266
0.639993 -0.114948 0.0307827
0.709586 -0.075794 0.0549779
0.709586 -0.0709004 0.0549779
0.694667 0.00739643 0.0549779
0.58531 -0.114952 0.0404608
0.709584 -0.0464323 0.0549779
0.704601 0.115057 0.0356218
0.620096 0.0514337 -0.0418027
0.664832 0.115054 -0.0418027
0.709584 -0.0415387 0.0549779
0.729462 0.0416543 0.0404608
0.709583 -0.0366451 0.0549779
0.590278 -0.0806962 -0.0418027
0.719522 0.0122918 -0.0418027
0.709582 -0.0219642 0.0549779
0.724502 -0.114942 -0.0321247
0.600212 0.0367514 -0.0418027
0.709582 -0.012177 0.0549779
0.664836 0.0612241 0.0549779
0.610151 0.0856883 -0.0418027
0.644952 0.0514355 -0.0418027
0.689704 -0.114944 0.0501389
0.639993 -0.114948 -0.0127685
0.664836 0.0563305 0.0549779
0.72946 0.071016 -0.00309048
0.709579 0.0171847 0.0549779
0.709579 0.026972 0.0549779
0.709578 0.0367592 0.0549779
0.625075 -0.0611192 0.0549779
0.570396 -0.110059 0.00174856
0.729462 0.0465479 0.0549779
0.709576 0.0612273 0.0549779
0.689688 0.115056 -0.0176076
0.709586 -0.0806877 0.0549779
0.714549 0.0367596 0.0549779
0.709575 0.0856954 0.0549779
0.729459 0.0954841 -0.00309048
0.709574 0.090589 0.0549779
0.625076 -0.0660128 0.0549779
0.709574 0.100376 0.0549779
0.644962 -0.0855859 0.0549779
0.729472 -0.0953671 0.0259437
0.704618 -0.114943 0.0549779
0.615135 -0.0904817 0.0549779
0.600222 -0.0953763 -0.0418027
0.585303 -0.0170795 0.0549779
0.595252 -0.114951 -0.0127685
0.704617 -0.11005 0.0549779
0.570389 -0.0121869 -0.0418027
0.704617 -0.105156 0.0549779
0.704617 -0.100263 0.0549779
0.570383 0.066111 -0.0176076
0.699647 -0.114944 -0.00792951
0.61016 -0.0415458 -0.0418027
0.719517 0.0856961 0.0549779
0.689704 -0.105157 -0.0418027
0.704614 -0.0660072 0.0549779
0.729472 -0.0855799 0.0211047
0.61016 -0.0366522 -0.0418027
0.67478 0.0367567 -0.0418027
0.729463 0.0269734 -0.0224466
0.590278 -0.0709089 -0.0418027
0.709579 0.0220784 0.0549779
0.67478 0.0367567 0.0549779
0.704614 -0.0611135 0.0549779
0.61016 -0.0317586 -0.0418027
0.704614 -0.0562199 0.0549779
0.704613 -0.0464327 0.0549779
0.570388 0.00249393 0.0452998
0.704612 -0.0415391 0.0549779
0.704611 -0.017071 0.0549779
0.615128 0.00249713 -0.0418027
0.570381 0.0905791 -0.00309048
0.70461 -0.0121773 0.0549779
0.70461 -0.0023901 0.0549779
0.72946 0.0808032 0.0549779
0.704608 0.0171844 0.0549779
0.575363 -0.0562292 -0.0418027
0.704608 0.022078 0.0549779
0.600214 0.0122833 -0.0418027
0.704607 0.0416525 0.0549779
0.654906 -0.114947 0.0211047
0.63501 0.0367539 -0.0418027
0.654892 0.0807979 0.0549779
0.684724 0.017183 -0.0418027
0.684727 -0.0317532 0.0549779
0.704605 0.061227 0.0549779
0.570384 0.0612174 -0.0321247
0.709589 -0.110049 0.0549779
0.704603 0.0856951 0.0549779
0.60021 0.0710067 -0.0418027
0.704603 0.0905887 0.0549779
0.57038 0.10526 -0.0369637
0.709588 -0.0953685 0.0549779
0.704603 0.0954823 0.0549779
0.699646 -0.11005 0.0549779
0.699646 -0.105156 0.0549779
0.615132 -0.0464391 0.0549779
0.719519 0.0514408 0.0549779
0.595242 0.0220702 -0.0418027
0.72946 0.071016 0.0114266
0.615127 0.0220716 -0.0418027
0.620098 0.0269656 -0.0418027
0.654906 -0.114947 -0.0127685
0.699646 -0.100263 0.0549779
0.59524 0.0465383 -0.0418027
0.699644 -0.0757948 0.0549779
0.57038 0.110154 -0.0418027
0.699643 -0.0709011 0.0549779
0.600223 -0.114951 0.0501389
0.729457 0.110165 0.0211047
0.699643 -0.0611139 0.0549779
0.600217 -0.021972 0.0549779
0.590279 -0.0953771 -0.0418027
0.570381 0.0905791 -0.0418027
0.699642 -0.0513267 0.0549779
0.570388 -0.00239969 -0.0418027
0.595249 -0.0758022 0.0549779
0.72946 0.0759096 -0.00792951
0.699642 -0.046433 0.0549779
0.69466 0.0954816 -0.0418027
0.674785 -0.0366476 -0.0418027
0.580326 0.0612181 -0.0418027
0.699641 -0.0366458 0.0549779
0.709589 -0.114943 0.0452998
0.69964 -0.0170713 0.0549779
0.570394 -0.0855912 0.0211047
0.694675 -0.114944 0.0162657
0.699639 -0.00728407 0.0549779
0.570393 -0.075804 0.0259437
0.699638 -0.00239045 0.0549779
0.674791 -0.114945 -0.0418027
0.64993 -0.041543 0.0549779
0.570384 0.0563237 0.0452998
0.699637 0.0220776 0.0549779
0.719531 -0.114942 0.0356218
0.699636 0.0269713 0.0549779
0.644954 0.0269674 0.0549779
0.699636 0.0318649 0.0549779
0.689704 -0.114944 0.0549779
0.729464 0.0122925 -0.0272856
0.639993 -0.114948 -0.0272856
0.654906 -0.114947 -0.00792951
0.615134 -0.0709072 -0.0418027
0.59028 -0.100271 -0.0418027
0.699634 0.056333 0.0549779
0.679757 -0.0513281 -0.0418027
0.600222 -0.105164 0.0549779
0.699632 0.0856947 0.0549779
0.714544 0.115057 0.0404608
0.72449 0.0563348 -0.0418027
0.714546 0.0808022 -0.0418027
0.684726 -0.021966 -0.0418027
0.704618 -0.114943 0.0307827
0.699631 0.100376 0.0549779
0.699631 0.105269 0.0549779
0.719523 -0.00238903 -0.0418027
0.689702 -0.0904763 -0.0418027
0.570394 -0.0855912 0.0356218
0.575355 0.0612177 -0.0418027
0.67479 -0.100265 0.0549779
0.724494 0.00739856 0.0549779
0.729467 -0.0268564 -0.0369637
0.570386 0.026962 0.0211047
0.694673 -0.0757951 0.0549779
0.570392 -0.0513359 0.0356218
0.694672 -0.0709015 0.0549779
0.595244 -0.00239792 0.0549779
0.580337 -0.0904841 -0.0418027
0.570389 -0.0121869 0.0356218
0.570389 -0.0170806 0.0356218
0.600215 -0.00729118 -0.0418027
0.694672 -0.0611142 0.0549779
0.694671 -0.051327 0.0549779
0.605178 0.11505 0.0114266
0.709575 0.0808018 -0.0418027
0.69467 -0.0366462 0.0549779
0.570384 0.0514301 0.00174856
0.694669 -0.0317525 0.0549779
0.630049 -0.100268 -0.0418027
0.605189 -0.0366525 -0.0418027
0.605178 0.11505 -0.0369637
0.585297 0.0563248 -0.0418027
0.570391 -0.0464423 0.0162657
0.605192 -0.0806951 -0.0418027
0.694668 -0.0170717 0.0549779
0.664844 -0.0513291 0.0549779
0.71952 0.0416535 0.0549779
0.620099 0.0122847 -0.0418027
0.694666 0.0171837 0.0549779
0.694665 0.0269709 0.0549779
0.694665 0.0318645 0.0549779
0.694664 0.0416518 0.0549779
0.694664 0.0465454 0.0549779
0.595252 -0.114951 -0.0369637
0.714552 0.00250423 -0.0418027
0.590274 -0.0219728 -0.0418027
0.694661 0.0856944 0.0549779
0.580332 -0.0268671 0.0549779
0.69466 0.100375 0.0549779
0.575353 0.0807922 0.0549779
0.580337 -0.0953778 0.0549779
0.694659 0.110162 0.0549779
0.57039 -0.0268678 0.00174856
0.630043 -0.0170763 -0.0418027
0.605185 0.0122837 0.0549779
0.729465 0.0025053 -0.0127685
0.57039 -0.0268678 0.0162657
0.729459 0.0954841 0.0114266
0.694659 0.115056 0.0549779
0.689703 -0.0953699 0.0549779
0.689702 -0.0904763 0.0549779
0.600219 -0.0562274 -0.0418027
0.689701 -0.0757955 0.0549779
0.709577 0.0563337 0.0549779
0.6897 -0.0611146 0.0549779
0.6897 -0.056221 0.0549779
0.600222 -0.0953763 0.0549779
0.6897 -0.0513274 0.0549779
0.570384 0.0563237 0.0404608
0.615129 -0.0121837 -0.0418027
0.689699 -0.0366465 0.0549779
0.570388 -0.00729331 0.00174856
0.580338 -0.114952 0.0114266
0.689698 -0.0268593 0.0549779
0.57039 -0.0268678 -0.00309048
0.605186 0.00739003 -0.0418027
0.689697 -0.017072 0.0549779
0.669807 0.0563309 0.0549779
0.63005 -0.114949 0.0501389
0.620104 -0.0660132 -0.0418027
0.724489 0.066122 0.0549779
0.615135 -0.085588 -0.0418027
0.600207 0.115049 -0.0369637
0.684717 0.110162 0.0549779
0.699645 -0.0904756 -0.0418027
0.709572 0.115057 -0.00309048
0.689697 -0.0121784 0.0549779
0.630036 0.0807961 -0.0418027
0.659877 -0.114947 0.0356218
0.694672 -0.0611142 -0.0418027
0.689695 0.00739607 0.0549779
0.570387 0.0171748 0.0452998
0.575355 0.0514305 -0.0418027
0.600213 0.0220705 -0.0418027
0.689695 0.0122897 0.0549779
0.71456 -0.114943 0.00174856
0.635016 -0.041544 -0.0418027
0.709582 -0.0170706 -0.0418027
0.689694 0.0220769 0.0549779
0.570395 -0.100272 -0.00309048
0.625066 0.0710085 0.0549779
0.689693 0.046545 0.0549779
0.68969 0.085694 0.0549779
0.694674 -0.090476 0.0549779
0.689688 0.105268 0.0549779
0.575361 -0.0268674 -0.0418027
0.689688 0.110162 0.0549779
0.72947 -0.070899 -0.00792951
0.6201 -0.00239614 -0.0418027
0.659867 0.0220748 -0.0418027
0.590273 -0.0121855 -0.0418027
0.684733 -0.114945 0.0549779
0.684733 -0.110051 0.0549779
0.729472 -0.0904735 0.0259437
0.610157 0.00249677 -0.0418027
0.570392 -0.0562295 0.0211047
0.684732 -0.105158 0.0549779
0.674774 0.115055 -0.00792951
0.615132 -0.0562263 -0.0418027
0.684732 -0.100264 0.0549779
0.684732 -0.0953703 0.0549779
0.595247 -0.0464405 -0.0418027
0.580323 0.105261 -0.0418027
0.684731 -0.0904767 0.0549779
0.674782 0.00739501 0.0549779
0.729464 0.0220798 0.00658759
0.684731 -0.0806894 0.0549779
0.620097 0.0367528 -0.0418027
0.719528 -0.0660061 0.0549779
0.635007 0.0856901 0.0549779
0.639992 -0.105161 0.0549779
0.635006 0.100371 -0.0418027
0.595252 -0.114951 -0.00309048
0.600219 -0.061121 0.0549779
0.729471 -0.0806862 -0.00792951
0.724488 0.0905901 -0.0418027
0.729472 -0.0904735 -0.0272856
0.644964 -0.114948 -0.0418027
0.684729 -0.061115 0.0549779
0.570381 0.0905791 0.0549779
0.684729 -0.0513277 0.0549779
0.610152 0.0710075 0.0549779
0.699647 -0.114944 0.0549779
0.729466 -0.00238832 0.0259437
0.684728 -0.0415405 0.0549779
0.684727 -0.0366469 0.0549779
0.644951 0.0661163 -0.0418027
0.684727 -0.0268596 0.0549779
0.65489 0.115053 0.0356218
0.684726 -0.0170724 0.0549779
0.714548 0.0514404 0.0549779
0.674783 -0.00239223 -0.0418027
0.570388 -0.00239969 0.00174856
0.57039 -0.0317614 -0.0418027
0.684726 -0.0121788 0.0549779
0.684725 -0.00728514 0.0549779
0.684725 -0.00239152 0.0549779
0.570381 0.100366 0.0356218
0.669807 0.0661181 -0.0418027
0.570389 -0.0170806 -0.00792951
0.684724 0.00739572 0.0549779
0.684724 0.017183 0.0549779
0.63501 0.0367539 0.0549779
0.570388 0.00249393 0.0307827
0.7245 -0.075793 0.0549779
0.684723 0.0220766 0.0549779
0.684722 0.0367574 0.0549779
0.620099 0.0122847 0.0549779
0.570386 0.0220684 -0.0418027
0.684722 0.0465447 0.0549779
0.635005 0.115052 0.0549779
0.704611 -0.0268582 0.0549779
0.674779 0.0514376 -0.0418027
0.684721 0.0563319 0.0549779
0.65987 -0.0170742 -0.0418027
0.570384 0.0612174 -0.0176076
0.68472 0.0661192 0.0549779
0.605193 -0.095376 -0.0418027
0.68472 0.0710128 0.0549779
0.684719 0.0759064 0.0549779
0.684719 0.0808 0.0549779
0.570393 -0.0660167 -0.0321247
0.684718 0.0905873 0.0549779
0.600223 -0.110057 0.0549779
0.729466 -0.00238832 0.00174856
0.674776 0.0954802 0.0549779
0.67976 -0.0953707 0.0549779
0.694675 -0.114944 -0.00792951
0.635016 -0.0464377 -0.0418027
0.644953 0.0367546 -0.0418027
0.724486 0.110165 0.0549779
0.570394 -0.0904849 -0.0321247
0.625065 0.0759021 0.0549779
0.570396 -0.114953 0.0549779
0.694663 0.0612262 0.0549779
0.625069 0.0269659 0.0549779
0.570391 -0.036655 0.0501389
0.625065 0.0807958 0.0549779
0.664835 0.075905 0.0549779
0.719526 -0.0366444 -0.0418027
0.625063 0.105264 0.0549779
0.729462 0.0514415 0.0549779
0.709576 0.0661209 0.0549779
0.570395 -0.0953785 -0.0224466
0.72947 -0.070899 0.0259437
0.59524 0.0465383 0.0549779
0.63998 0.0563287 -0.0418027
0.62507 0.0122851 0.0549779
0.69466 0.105269 -0.0418027
0.639979 0.0807968 -0.0418027
0.659872 -0.0415423 0.0549779
0.729461 0.0563351 0.00658759
0.709578 0.0416528 0.0549779
0.620106 -0.0855877 -0.0418027
0.615128 0.00739074 0.0549779
0.570387 0.0171748 0.0549779
0.605179 0.105262 0.0549779
0.590281 -0.114952 0.0259437
0.620107 -0.105162 0.0549779
0.704603 0.0856951 -0.0418027
0.709589 -0.110049 -0.0418027
0.729464 0.0171862 0.0307827
0.709588 -0.100262 0.0549779
0.635018 -0.0660121 -0.0418027
0.620106 -0.0904813 0.0549779
0.610165 -0.105163 0.0549779
0.575367 -0.114953 -0.0369637
0.570387 0.00738755 -0.00309048
0.649918 0.115053 0.0549779
0.659868 0.0171812 -0.0418027
0.689698 -0.0268593 -0.0418027
0.72946 0.0759096 0.0259437
0.580323 0.105261 0.0549779
0.595236 0.110155 0.0549779
0.654904 -0.0806916 0.0549779
0.689688 0.115056 -0.0418027
0.729473 -0.100261 0.0356218
0.635012 0.0171794 -0.0418027
0.590273 -0.00239827 0.0549779
0.649933 -0.0855855 -0.0418027
0.729459 0.0954841 -0.0224466
0.620103 -0.0415451 0.0549779
0.639991 -0.0904799 -0.0418027
0.635008 0.0710092 -0.0418027
0.719522 0.0171854 -0.0418027
0.625076 -0.0709065 0.0549779
0.714554 -0.0268575 0.0549779
0.580333 -0.0317607 -0.0418027
0.714556 -0.0513256 -0.0418027
0.630042 0.00249819 0.0549779
0.639988 -0.0562245 0.0549779
0.595242 0.0220702 0.0549779
0.620095 0.0710082 0.0549779
0.615134 -0.0709072 0.0549779
0.699635 0.0465457 -0.0418027
0.620097 0.0367528 0.0549779
0.729461 0.0661224 -0.00792951
0.615131 -0.0317582 -0.0418027
0.689704 -0.105157 0.0549779
0.570385 0.0416429 -0.00309048
0.60519 -0.0513334 0.0549779
0.570394 -0.0806976 0.0259437
0.679762 -0.114945 0.0404608
0.620096 0.0465401 0.0549779
0.729459 0.0954841 0.0356218
0.590277 -0.0611217 0.0549779
0.69963 0.110163 0.0549779
0.704607 0.0367589 0.0549779
0.644964 -0.114948 0.00658759
0.729459 0.0905905 -0.0176076
0.595247 -0.0415469 -0.0418027
0.699641 -0.0415394 0.0549779
0.649924 0.0416486 0.0549779
0.620095 0.0612209 -0.0418027
0.575367 -0.114953 -0.0321247
0.620095 0.0612209 0.0549779
0.709589 -0.114943 0.0356218
0.729457 0.115059 -0.0224466
0.649932 -0.0709047 0.0549779
0.605186 0.00739003 0.0549779
0.689698 -0.0219656 -0.0418027
0.570391 -0.036655 0.0162657
0.644955 0.00739288 0.0549779
0.615136 -0.105163 0.0549779
0.699647 -0.114944 0.0452998
0.684729 -0.0562213 0.0549779
0.610151 0.0807947 0.0549779
0.575352 0.10526 0.0549779
0.580335 -0.0709097 0.0549779
0.57039 -0.0268678 -0.0418027
0.719525 -0.0219635 0.0549779
0.615137 -0.11495 -0.0272856
0.600207 0.115049 -0.0224466
0.729463 0.0367606 0.0452998
0.644952 0.0416482 0.0549779
0.729471 -0.0806862 0.0211047
0.61015 0.100369 -0.0418027
0.724502 -0.114942 0.0162657
0.649926 0.00739323 0.0549779
0.580325 0.0710053 0.0549779
0.669806 0.080799 0.0549779
0.570389 -0.0170806 -0.0369637
0.729458 0.105271 -0.0369637
0.585297 0.0563248 0.0549779
0.605189 -0.0366525 0.0549779
0.620104 -0.056226 -0.0418027
0.644958 -0.0317561 0.0549779
0.639977 0.100371 -0.0418027
0.570394 -0.0904849 0.0501389
0.674786 -0.0464348 0.0549779
0.729462 0.0514415 0.0307827
0.605191 -0.0660143 -0.0418027
0.704616 -0.0904753 0.0549779
0.59525 -0.0855895 0.0549779
0.590265 0.105261 0.0549779
0.684728 -0.0464341 -0.0418027
0.570394 -0.0904849 0.0356218
0.699633 0.0759075 0.0549779
0.585305 -0.0464412 0.0549779
0.605183 0.0367518 -0.0418027
0.570395 -0.0953785 0.0404608
0.57038 0.110154 -0.0321247
0.61513 -0.021971 0.0549779
0.610149 0.110156 0.0549779
0.724491 0.0416539 0.0549779
0.729462 0.0416543 -0.0321247
0.694662 0.0661199 -0.0418027
0.664833 0.105267 0.0549779
0.600212 0.041645 0.0549779
0.694662 0.0661199 0.0549779
0.610149 0.110156 -0.0418027
0.570395 -0.100272 0.00174856
0.570392 -0.0513359 -0.0369637
0.659877 -0.114947 -0.0127685
0.615126 0.0318588 0.0549779
0.595236 0.115049 -0.0176076
0.595245 -0.0170788 -0.0418027
0.729467 -0.0170692 0.0404608
0.71456 -0.114943 -0.00309048
0.625066 0.0612213 0.0549779
0.654896 0.0269681 -0.0418027
0.729469 -0.0562181 -0.00792951
0.615125 0.0416461 0.0549779
0.729461 0.0563351 0.0549779
0.630048 -0.085587 -0.0418027
0.580324 0.0905798 -0.0418027
0.72946 0.0759096 0.0114266
0.639981 0.0514351 0.0549779
0.729472 -0.0855799 0.00658759
0.615124 0.0612206 0.0549779
0.570388 -0.00729331 -0.00792951
0.649918 0.115053 0.0211047
0.58033 0.00738826 -0.0418027
0.630041 0.00739181 0.0549779
0.625079 -0.114949 0.0114266
0.719522 0.00739821 0.0549779
0.724502 -0.114942 0.0307827
0.664832 0.115054 0.0211047
0.620107 -0.100269 0.0549779
0.615124 0.0661142 0.0549779
0.615123 0.0710078 0.0549779
0.71456 -0.114943 -0.0418027
0.615128 0.00739074 -0.0418027
0.570381 0.0954727 -0.0321247
0.620106 -0.0855877 0.0549779
0.70461 -0.0023901 -0.0418027
0.585301 0.0122822 -0.0418027
0.575351 0.110154 0.0549779
0.580336 -0.0758033 0.0549779
0.644947 0.115053 0.0452998
0.585309 -0.110058 -0.0418027
0.61512 0.11505 0.0549779
0.630044 -0.0268635 -0.0418027
0.689693 0.0367578 0.0549779
0.729468 -0.0366437 0.0501389
0.724487 0.105271 0.0549779
0.605187 -0.00729083 0.0549779
0.580334 -0.0562288 -0.0418027
0.65489 0.105266 -0.0418027
0.669811 -0.00239259 0.0549779
0.580323 0.100367 0.0549779
0.649918 0.115053 -0.0127685
0.699635 0.0416521 0.0549779
0.64496 -0.0562242 0.0549779
0.729467 -0.0268564 0.00174856
0.570386 0.026962 -0.0369637
0.59525 -0.0806958 -0.0418027
0.620107 -0.100269 -0.0418027
0.570382 0.0807918 -0.0321247
0.620103 -0.0513323 0.0549779
0.600208 0.0905812 -0.0418027
0.620094 0.0759018 0.0549779
0.635012 0.022073 0.0549779
0.649931 -0.0611174 -0.0418027
0.610163 -0.0806948 -0.0418027
0.659862 0.100373 -0.0418027
0.664846 -0.0855845 -0.0418027
0.729467 -0.0219628 0.0452998
0.63502 -0.0904802 0.0549779
0.679758 -0.0611153 0.0549779
0.570389 -0.0170806 -0.0321247
0.639976 0.115052 0.0211047
0.610163 -0.0758011 0.0549779
0.610161 -0.0562267 -0.0418027
0.570385 0.0465365 0.0307827
0.610161 -0.0464394 0.0549779
0.600216 -0.0170784 -0.0418027
0.689704 -0.114944 0.0452998
0.729464 0.0122925 -0.0369637
0.639993 -0.114948 -0.0176076
0.620101 -0.017077 0.0549779
0.570386 0.0220684 -0.0224466
0.61016 -0.0366522 0.0549779
0.66982 -0.114946 0.0404608
0.600208 0.0954748 0.0549779
0.570394 -0.0904849 -0.0127685
0.684721 0.0514383 0.0549779
0.65489 0.115053 -0.0369637
0.615121 0.110157 0.0549779
0.570385 0.0416429 -0.00792951
0.635021 -0.114948 0.0114266
0.709576 0.0710146 0.0549779
0.630041 0.0171791 -0.0418027
0.570385 0.0465365 0.0356218
0.595241 0.0318574 0.0549779
0.729468 -0.0366437 0.0404608
0.600223 -0.114951 0.0404608
0.610159 -0.0219713 0.0549779
0.600207 0.110156 -0.0418027
0.659876 -0.100266 -0.0418027
0.625067 0.0563277 0.0549779
0.600207 0.115049 0.00658759
0.59027 0.0367507 0.0549779
0.719527 -0.0611125 -0.0418027
0.610157 -0.00239685 0.0549779
0.570396 -0.114953 -0.0418027
0.585303 -0.0268667 -0.0418027
0.600215 -0.00729118 0.0549779
0.64495 0.0759036 0.0549779
0.570393 -0.0660167 -0.0369637
0.590267 0.0758996 0.0549779
0.625078 -0.105162 0.0549779
0.659868 0.0122876 0.0549779
0.679753 0.012289 0.0549779
0.694659 0.115056 0.0356218
0.729458 0.105271 0.0549779
0.689693 0.0416514 0.0549779
0.570385 0.0465365 0.0452998
0.590271 0.0171762 0.0549779
0.724501 -0.100261 0.0549779
0.719515 0.110164 0.0549779
0.719527 -0.0611125 0.0549779
0.729462 0.0465479 0.0501389
0.585293 0.115048 -0.0369637
0.610155 0.0318585 0.0549779
0.644947 0.115053 0.0404608
0.684733 -0.114945 -0.00309048
0.674788 -0.0709029 0.0549779
0.63005 -0.114949 0.0404608
0.620098 0.022072 0.0549779
0.654906 -0.114947 -0.0176076
0.610155 0.0367521 0.0549779
0.729472 -0.0904735 0.0162657
0.590269 0.0514315 -0.0418027
0.729459 0.0856968 0.0452998
0.610162 -0.0611203 0.0549779
0.70958 0.00250388 0.0549779
0.570382 0.0758982 -0.0369637
0.729469 -0.0464309 -0.00309048
0.615126 0.0367525 0.0549779
0.635013 0.00249855 0.0549779
0.58531 -0.114952 0.0549779
0.570384 0.0514301 -0.0418027
0.679757 -0.0415408 -0.0418027
0.615134 -0.0758008 0.0549779
0.605181 0.0661135 0.0549779
0.580324 0.0807926 0.0549779
0.719522 0.0122918 0.0549779
0.654902 -0.0611171 0.0549779
0.704612 -0.0317518 0.0549779
0.605193 -0.10027 0.0549779
0.605193 -0.0904824 0.0549779
0.59524 0.0563255 0.0549779
0.570382 0.0856855 0.00174856
0.60519 -0.056227 0.0549779
0.605189 -0.0464398 0.0549779
0.729474 -0.114942 0.0114266
0.679745 0.115055 0.0549779
0.635019 -0.0855866 -0.0418027
0.605188 -0.0268653 0.0549779
0.689691 0.0710131 0.0549779
0.610153 0.0612202 0.0549779
0.625064 0.0954766 0.0549779
0.66982 -0.114946 0.0259437
0.615133 -0.0660136 -0.0418027
0.714545 0.095483 -0.0418027
0.724493 0.0171858 0.0549779
0.639986 -0.0268628 -0.0418027
0.644952 0.0514355 0.0549779
0.610151 0.0856883 0.0549779
0.570381 0.0905791 -0.0224466
0.57038 0.110154 -0.00792951
0.610165 -0.11495 0.0549779
0.570389 -0.0121869 0.0114266
0.659861 0.115054 0.00658759
0.605186 -0.00239721 0.0549779
0.610164 -0.100269 -0.0418027
0.635014 -0.0121823 0.0549779
0.729466 -0.00728194 0.0549779
0.724492 0.0318667 -0.0418027
0.649934 -0.10516 0.0549779
0.644955 0.00739288 -0.0418027
0.625068 0.0318596 -0.0418027
0.605184 0.0220709 0.0549779
0.699633 0.0808011 0.0549779
0.635014 -0.0121823 -0.0418027
0.674781 0.0269695 0.0549779
0.61512 0.11505 0.0259437
0.654893 0.0710106 0.0549779
0.644954 0.0269674 -0.0418027
0.575367 -0.114953 0.0307827
0.724494 0.00250494 -0.0418027
0.704601 0.115057 0.0549779
0.649925 0.0171805 0.0549779
0.620093 0.085689 0.0549779
0.595244 0.0024957 0.0549779
0.659865 0.0563301 -0.0418027
0.644963 -0.10516 0.0549779
0.664834 0.0905858 0.0549779
0.605191 -0.0660143 0.0549779
0.605181 0.0710071 0.0549779
0.72946 0.0808032 -0.0224466
0.649921 0.0759039 0.0549779
0.630045 -0.0415444 -0.0418027
0.605181 0.0759007 0.0549779
0.63005 -0.114949 -0.0418027
0.590272 0.00249535 -0.0418027
0.689692 0.0612259 0.0549779
0.729457 0.110165 0.0356218
0.575351 0.115048 0.0549779
0.580336 -0.0806969 0.0549779
0.585304 -0.0415476 -0.0418027
0.570386 0.0318556 -0.0176076
0.58033 -0.00239898 -0.0418027
0.57039 -0.0317614 -0.00792951
0.729471 -0.0806862 0.00174856
0.615125 0.0465397 0.0549779
0.689695 0.0171833 -0.0418027
0.729464 0.0122925 0.0549779
0.729459 0.0905905 0.0549779
0.659871 -0.031755 0.0549779
0.580328 0.0269627 -0.0418027
0.729468 -0.0366437 0.0211047
0.605179 0.0954752 0.0549779
0.689688 0.115056 0.00174856
0.664843 -0.0366483 -0.0418027
0.575363 -0.0562292 0.0549779
0.654891 0.100372 0.0549779
0.664832 0.115054 -0.00309048
0.610156 0.0220712 -0.0418027
0.704608 0.0171844 -0.0418027
0.639979 0.0759032 -0.0418027
0.585298 0.0465376 -0.0418027
0.610163 -0.0855884 0.0549779
0.605178 0.11505 0.0549779
0.729473 -0.105154 -0.0127685
0.669813 -0.0268607 0.0549779
0.620104 -0.0611196 -0.0418027
0.585294 0.105261 -0.0418027
0.704604 0.0759078 0.0549779
0.630037 0.0759025 -0.0418027
0.570384 0.0563237 0.0211047
0.6549 -0.036649 -0.0418027
0.570392 -0.0611231 -0.0321247
0.630043 -0.0170763 0.0549779
0.724496 -0.0219632 -0.0418027
0.595246 -0.026866 0.0549779
0.694663 0.0563326 0.0549779
0.724502 -0.114942 0.0259437
0.729465 0.0025053 0.0549779
0.570386 0.0318556 0.00658759
0.694668 -0.0121781 0.0549779
0.580322 0.115048 0.0549779
0.630049 -0.105161 -0.0418027
0.69963 0.115056 0.00658759
0.60022 -0.0758019 0.0549779
0.664839 0.0122879 -0.0418027
0.719524 -0.0121763 0.0549779
0.60022 -0.0709082 0.0549779
0.630046 -0.0562252 0.0549779
0.595243 0.0122829 -0.0418027
0.615121 0.105263 0.0549779
0.625063 0.115051 -0.0127685
0.570385 0.0465365 -0.0224466
0.635005 0.115052 -0.0369637
0.590266 0.0856869 -0.0418027
0.575357 0.0269624 0.0549779
0.570394 -0.0806976 -0.00309048
0.719524 -0.0170699 0.0549779
0.60022 -0.0660146 0.0549779
0.610159 -0.0268649 0.0549779
0.570381 0.0905791 0.0259437
0.600219 -0.0562274 0.0549779
0.64993 -0.0513302 0.0549779
0.625068 0.0367532 -0.0418027
0.729459 0.0856968 -0.0272856
0.60021 0.0710067 0.0549779
0.664843 -0.0415419 -0.0418027
0.654897 0.0171808 0.0549779
0.6201 -0.00728976 -0.0418027
0.570388 -0.00729331 -0.00309048
0.635005 0.115052 0.00658759
0.590266 0.0905805 0.0549779
0.674779 0.0514376 0.0549779
0.694659 0.115056 0.0211047
0.729458 0.105271 -0.0272856
0.620103 -0.0464387 0.0549779
0.610154 0.0465394 0.0549779
0.600214 0.0171769 0.0549779
0.729465 0.00739892 -0.0418027
0.694661 0.0808007 0.0549779
0.610154 0.0416457 0.0549779
0.600211 0.0514323 0.0549779
0.72946 0.0808032 0.0501389
0.630042 -0.00239543 -0.0418027
0.69466 0.105269 0.0549779
0.610153 0.0661138 0.0549779
0.600209 0.0759004 0.0549779
0.649919 0.105266 0.0549779
0.654904 -0.0904788 0.0549779
0.590275 -0.03176 0.0549779
0.600209 0.080794 0.0549779
0.679747 0.0954805 0.0549779
0.659867 0.0220748 0.0549779
0.72449 0.0612284 0.0549779
0.694666 0.0122901 -0.0418027
0.615137 -0.11495 0.00174856
0.600208 0.0905812 0.0549779
0.704611 -0.0219646 0.0549779
0.674791 -0.114945 -0.00309048
0.610153 0.0563266 0.0549779
0.595247 -0.0464405 0.0549779
0.684732 -0.0953703 -0.0418027
0.595243 0.00738932 0.0549779
0.625072 -0.012183 -0.0418027
0.595246 -0.0317596 0.0549779
0.630041 0.00739181 -0.0418027
0.58033 0.00738826 0.0549779
0.570389 -0.0219742 0.0452998
0.729471 -0.0806862 0.0501389
0.635005 0.110158 -0.0418027
0.620097 0.0416464 -0.0418027
0.689692 0.0563323 0.0549779
0.679746 0.105268 0.0549779
0.605192 -0.0758015 0.0549779
0.694665 0.0318645 -0.0418027
0.630047 -0.0660125 -0.0418027
0.610159 -0.0268649 -0.0418027
0.729467 -0.0170692 0.0549779
0.704613 -0.0513263 0.0549779
0.570392 -0.0611231 0.0549779
0.714558 -0.0806873 0.0549779
0.639988 -0.0464373 -0.0418027
0.689699 -0.0415401 0.0549779
0.63005 -0.114949 -0.0321247
0.669803 0.115054 0.00658759
0.570382 0.0856855 0.0549779
0.704618 -0.114943 -0.0321247
0.72947 -0.070899 0.0549779
0.65987 -0.0121805 0.0549779
0.595236 0.115049 -0.0224466
0.585297 0.0612184 -0.0418027
0.580332 -0.0219735 0.0549779
0.729472 -0.0904735 -0.00309048
0.620095 0.0661145 -0.0418027
0.694675 -0.114944 -0.0224466
0.635013 -0.00239507 0.0549779
0.684723 0.0318638 0.0549779
0.625071 -0.0072894 -0.0418027
0.709584 -0.0513259 0.0549779
0.63998 0.066116 0.0549779
0.605188 -0.0317589 0.0549779
0.605189 -0.0415462 0.0549779
0.729473 -0.105154 0.0501389
0.580327 0.0514308 0.0549779
0.635012 0.022073 -0.0418027
0.570391 -0.0415487 0.0501389
0.600223 -0.114951 -0.00309048
0.64993 -0.0464366 0.0549779
0.694673 -0.0855823 -0.0418027
0.570387 0.00738755 0.0501389
0.620105 -0.0758004 -0.0418027
0.590279 -0.0904834 0.0549779
0.605183 0.0367518 0.0549779
0.669816 -0.061116 0.0549779
0.639976 0.115052 0.0404608
0.689696 0.00250245 0.0549779
0.724494 -0.00238868 -0.0418027
0.664848 -0.114946 -0.0321247
0.71456 -0.114943 -0.0369637
0.570389 -0.0121869 -0.0369637
0.719528 -0.0757933 0.0549779
0.659864 0.0661174 0.0549779
0.570388 -0.00239969 0.0259437
0.580331 -0.0121862 0.0549779
0.580331 -0.0072926 0.0549779
0.654899 -0.0121809 0.0549779
0.620098 0.0269656 0.0549779
0.58033 -0.00239898 0.0549779
0.620094 0.0759018 -0.0418027
0.719521 0.0220791 0.0549779
0.669815 -0.0562224 0.0549779
0.664842 -0.0317547 -0.0418027
0.61513 -0.0170774 0.0549779
0.605194 -0.110057 0.0549779
0.58033 0.00249464 0.0549779
0.590268 0.0661124 -0.0418027
0.570381 0.0954727 -0.0418027
0.570396 -0.114953 0.0452998
0.714551 0.00739785 0.0549779
0.600215 0.00249606 0.0549779
0.575363 -0.0513355 0.0549779
0.600215 -0.00239756 0.0549779
0.729473 -0.100261 0.0259437
0.570396 -0.110059 0.0549779
0.729464 0.0122925 0.00174856
0.639993 -0.114948 0.0501389
0.575353 0.0856858 0.0549779
0.580337 -0.100271 0.0549779
0.729469 -0.0513245 0.0162657
0.704601 0.115057 -0.00309048
0.649927 -0.0121812 0.0549779
0.570387 0.0171748 -0.00309048
0.71456 -0.114943 0.0356218
0.664848 -0.114946 -0.00792951
0.71456 -0.110049 0.0549779
0.659863 0.0807982 0.0549779
0.654893 0.066117 0.0549779
0.709581 -0.00728336 0.0549779
0.729459 0.0954841 0.0211047
0.729459 0.0856968 -0.0369637
0.5853 0.0220695 0.0549779
0.674774 0.115055 0.0404608
0.729469 -0.0464309 0.00174856
0.664839 0.0122879 0.0549779
0.72946 0.0759096 0.0356218
0.635012 0.0122858 0.0549779
0.635021 -0.114948 -0.0418027
0.570394 -0.0904849 0.0404608
0.639977 0.100371 0.0549779
0.570382 0.0807918 -0.0224466
0.615124 0.0661142 -0.0418027
0.659877 -0.114947 0.0549779
0.585296 0.0758993 -0.0418027
0.610164 -0.0953756 -0.0418027
0.605179 0.100369 -0.0418027
0.615133 -0.0660136 0.0549779
0.625064 0.090583 0.0549779
0.570393 -0.075804 0.0549779
0.585301 0.00738861 0.0549779
0.600221 -0.0855891 -0.0418027
0.704615 -0.080688 -0.0418027
0.595252 -0.114951 0.0307827
0.724498 -0.0513249 -0.0418027
0.570393 -0.0660167 0.0549779
0.689702 -0.0855827 0.0549779
0.714551 0.0122915 0.0549779
0.585302 -0.00729225 -0.0418027
0.580328 0.0269627 0.0549779
0.674785 -0.0415412 0.0549779
0.639982 0.0367542 0.0549779
0.664842 -0.0219674 0.0549779
0.605178 0.11505 0.0404608
0.595245 -0.0121852 0.0549779
0.72947 -0.0611118 0.0259437
0.585293 0.115048 0.0549779
0.67975 0.0514379 -0.0418027
0.570381 0.0905791 -0.00792951
0.674774 0.115055 -0.0369637
0.699634 0.0612266 0.0549779
0.605182 0.0514326 -0.0418027
0.729462 0.0465479 -0.0272856
0.630048 -0.0806933 0.0549779
0.570382 0.0856855 -0.0418027
0.669808 0.0465436 0.0549779
0.699639 -0.0121777 0.0549779
0.610149 0.11505 -0.00309048
0.580326 0.0612181 0.0549779
0.570386 0.0220684 0.0307827
0.630043 -0.0121827 -0.0418027
0.699642 -0.0562203 0.0549779
0.585304 -0.0317603 0.0549779
0.610161 -0.0513331 -0.0418027
0.724486 0.115058 0.0452998
0.620093 0.0905826 -0.0418027
0.714544 0.115057 -0.00792951
0.60519 -0.0611206 0.0549779
0.585302 -0.00239863 0.0549779
0.585294 0.100367 0.0549779
0.580322 0.110154 0.0549779
0.71455 0.031866 0.0549779
0.625068 0.0318596 0.0549779
0.620097 0.0416464 0.0549779
0.63998 0.0563287 0.0549779
0.570383 0.066111 -0.0369637
0.699647 -0.114944 -0.00309048
0.649921 0.0856912 -0.0418027
0.654906 -0.110053 -0.0418027
0.610164 -0.0953756 0.0549779
0.605179 0.100369 0.0549779
0.615123 0.080795 0.0549779
0.689697 -0.00728479 0.0549779
0.654901 -0.0415426 0.0549779
0.590269 0.0465379 -0.0418027
0.575367 -0.114953 0.00658759
0.585297 0.0612184 0.0549779
0.580332 -0.0219735 -0.0418027
0.729462 0.0514415 0.0404608
0.600218 -0.0415465 0.0549779
0.625063 0.115051 0.0356218
0.610158 -0.0121841 0.0549779
0.709589 -0.114943 -0.0176076
0.635017 -0.0513313 -0.0418027
0.570388 -0.00729331 0.0259437
0.585308 -0.0855902 -0.0418027
0.71953 -0.100261 -0.0418027
0.689688 0.115056 -0.0369637
0.575361 -0.0268674 0.0549779
0.590272 0.00738897 0.0549779
0.600223 -0.114951 -0.0272856
0.570385 0.0367493 -0.0418027
0.704614 -0.0660072 -0.0418027
0.57038 0.110154 -0.00309048
0.620092 0.110157 0.0549779
0.570386 0.0318556 -0.0418027
0.699646 -0.11005 -0.0418027
0.600207 0.105262 0.0549779
0.66484 0.00250068 0.0549779
0.575359 -0.00239934 -0.0418027
0.600211 0.0612195 0.0549779
0.625073 -0.0366511 0.0549779
0.630042 -0.00728905 -0.0418027
0.664848 -0.105159 0.0549779
0.570395 -0.100272 0.0307827
0.635006 0.105265 0.0549779
0.610154 0.051433 0.0549779
0.63005 -0.114949 -0.0127685
0.664833 0.100373 0.0549779
0.570388 -0.00729331 0.0452998
0.664838 0.0269688 0.0549779
0.709585 -0.0562196 0.0549779
0.625063 0.115051 -0.0224466
0.570385 0.0465365 -0.0127685
0.575367 -0.114953 0.0549779
0.630034 0.115051 0.00658759
0.570391 -0.0464423 0.0549779
0.669811 0.00739465 0.0549779
0.709589 -0.114943 -0.0224466
0.575362 -0.0366547 0.0549779
0.644956 -0.0121816 -0.0418027
0.704616 -0.0855816 -0.0418027
0.570382 0.0807918 0.0114266
0.570391 -0.036655 0.0549779
0.674781 0.0220759 0.0549779
0.630038 0.056328 -0.0418027
0.659875 -0.0806912 -0.0418027
0.570393 -0.0660167 0.0404608
0.674783 -0.0121795 0.0549779
0.644947 0.115053 0.0211047
0.684733 -0.114945 0.0162657
0.65489 0.115053 0.0501389
0.605183 0.0416454 0.0549779
0.729468 -0.03175 -0.0272856
0.59525 -0.0806958 0.0549779
0.630037 0.0710089 -0.0418027
0.615131 -0.0366518 -0.0418027
0.679755 -0.0170727 0.0549779
0.595243 0.0122829 0.0549779
0.575357 0.0220688 0.0549779
0.729467 -0.0170692 -0.0272856
0.570391 -0.0415487 -0.0176076
0.729474 -0.114942 -0.0224466
0.570389 -0.0170806 -0.00309048
0.630035 0.0905833 -0.0418027
0.570392 -0.0513359 0.0549779
0.669816 -0.0660096 0.0549779
0.654895 0.0416489 -0.0418027
0.570393 -0.0709104 0.0549779
0.654894 0.0514362 -0.0418027
0.575359 0.0073879 0.0549779
0.605182 0.0612199 -0.0418027
0.664839 0.0220752 0.0549779
0.72947 -0.0660054 0.0404608
0.615132 -0.0513327 0.0549779
0.729465 0.00739892 0.0259437
0.639991 -0.0953735 0.0549779
0.575365 -0.0855909 0.0549779
0.570387 0.00738755 0.0549779
0.570394 -0.0806976 -0.0224466
0.729462 0.0465479 0.0259437
0.64495 0.0807972 0.0549779
0.69963 0.115056 0.0211047
0.625066 0.0661149 -0.0418027
0.659869 0.00250032 0.0549779
0.57038 0.110154 0.0549779
0.649923 0.0465422 0.0549779
0.63501 0.0465411 0.0549779
0.639989 -0.0660118 0.0549779
0.699638 0.00250317 -0.0418027
0.570384 0.0563237 0.0549779
0.570383 0.0710046 -0.0418027
0.575364 -0.07091 0.0549779
0.689698 -0.0317529 0.0549779
0.605178 0.110156 0.0549779
0.679761 -0.105158 0.0549779
0.729473 -0.100261 0.0452998
0.575356 0.0367496 0.0549779
0.630049 -0.105161 0.0549779
0.620107 -0.110056 0.0549779
0.635016 -0.0366504 -0.0418027
0.674791 -0.114945 0.0307827
0.570392 -0.0513359 0.0452998
0.649928 -0.0170749 0.0549779
0.669812 -0.00728621 0.0549779
0.639979 0.0759032 0.0549779
0.664839 0.0171815 -0.0418027
0.585298 0.0514312 -0.0418027
0.610163 -0.0806948 0.0549779
0.69467 -0.0464334 -0.0418027
0.644952 0.0465418 -0.0418027
0.729467 -0.0219628 -0.0176076
0.575362 -0.0415483 0.0549779
0.729457 0.115059 0.00174856
0.649925 0.0269677 0.0549779
0.590281 -0.114952 -0.0272856
0.575355 0.0514305 0.0549779
0.66982 -0.114946 -0.0418027
0.659868 0.00739394 0.0549779
0.719515 0.115058 -0.0176076
0.575367 -0.110059 0.0549779
0.575355 0.0612177 0.0549779
0.67479 -0.100265 -0.0418027
0.610151 0.0905819 0.0549779
0.644951 0.0563291 0.0549779
0.630046 -0.0611189 -0.0418027
0.61015 0.100369 0.0549779
0.714556 -0.0513256 0.0549779
0.635013 0.00739217 -0.0418027
0.630042 0.00249819 -0.0418027
0.625073 -0.0317575 -0.0418027
0.704605 0.0661206 0.0549779
0.719531 -0.110049 0.0549779
0.570382 0.0807918 0.00174856
0.639981 0.0416479 0.0549779
0.580333 -0.0317607 0.0549779
0.585308 -0.0855902 0.0549779
0.71953 -0.100261 0.0549779
0.689696 -0.00239117 0.0549779
0.669806 0.0710117 0.0549779
0.72946 0.0808032 0.0356218
0.610152 0.0759011 0.0549779
0.570392 -0.0611231 -0.0224466
0.590265 0.110155 0.0549779
0.704609 0.0122908 0.0549779
0.620101 -0.0219706 0.0549779
0.585296 0.0710057 0.0549779
0.57536 -0.0121866 0.0549779
0.630048 -0.0904806 -0.0418027
0.635017 -0.0562249 0.0549779
0.729463 0.0269734 0.0211047
0.620105 -0.0806941 0.0549779
0.674774 0.115055 -0.0321247
0.595239 0.0710064 0.0549779
0.699637 0.0122904 0.0549779
0.580324 0.0856862 0.0549779
0.590275 -0.03176 -0.0418027
0.729468 -0.0366437 0.0452998
0.620091 0.115051 0.0549779
0.570388 0.00249393 0.0356218
0.570389 -0.0219742 0.0549779
0.644954 0.0220737 0.0549779
0.600213 0.0318578 -0.0418027
0.620099 0.0073911 0.0549779
0.600219 -0.0513338 -0.0418027
0.600213 0.0318578 0.0549779
0.570381 0.0954727 -0.00309048
0.654902 -0.0562235 0.0549779
0.729474 -0.114942 0.0356218
0.575363 -0.0513355 -0.0418027
0.729474 -0.114942 0.0404608
0.67478 0.0318631 0.0549779
0.585301 0.00738861 -0.0418027
0.704615 -0.080688 0.0549779
0.570394 -0.0904849 -0.0369637
0.585301 0.00249499 0.0549779
0.639984 0.0024989 -0.0418027
0.66982 -0.114946 0.0549779
0.600207 0.115049 -0.0127685
0.580323 0.0954734 0.0549779
0.635021 -0.114948 0.0549779
0.600221 -0.0904827 0.0549779
0.600214 0.0171769 -0.0418027
0.590271 0.0269634 -0.0418027
0.585307 -0.0806965 0.0549779
0.719516 0.100377 -0.0418027
0.724501 -0.0904738 -0.0418027
0.590281 -0.114952 -0.0176076
0.590274 -0.0219728 0.0549779
0.625068 0.0416468 0.0549779
0.625063 0.115051 0.0549779
0.570385 0.0465365 0.0549779
0.729463 0.031867 0.0549779
0.575354 0.0661113 0.0549779
0.615135 -0.085588 0.0549779
0.664841 -0.0121802 0.0549779
0.65489 0.115053 -0.0127685
0.659863 0.0856919 0.0549779
0.664845 -0.0709036 0.0549779
0.605187 -0.0170781 0.0549779
0.580326 0.0563245 0.0549779
0.664833 0.0954795 -0.0418027
0.69964 -0.0268586 0.0549779
0.719527 -0.0513252 0.0549779
0.57038 0.115047 -0.0418027
0.625066 0.0661149 0.0549779
0.679755 -0.0219664 0.0549779
0.570384 0.0612174 0.0162657
0.590273 -0.00729189 0.0549779
0.689704 -0.114944 -0.0224466
0.639993 -0.114948 -0.0321247
0.575352 0.0954731 0.0549779
0.580338 -0.110059 0.0549779
0.570391 -0.036655 -0.00792951
0.63005 -0.114949 -0.0272856
0.729469 -0.0513245 0.0114266
0.714552 0.00250423 0.0549779
0.729473 -0.100261 0.0549779
0.694663 0.051439 -0.0418027
0.570394 -0.0904849 0.0549779
0.570385 0.0416429 0.0211047
0.669807 0.0661181 0.0549779
0.694668 -0.0121781 -0.0418027
0.719529 -0.080687 -0.0418027
0.729474 -0.114942 -0.0127685
0.620105 -0.0709068 0.0549779
0.630037 0.0661153 0.0549779
0.639976 0.115052 -0.0418027
0.704602 0.100376 0.0549779
0.595237 0.100368 0.0549779
0.639989 -0.0660118 -0.0418027
0.63501 0.0465411 -0.0418027
0.570389 -0.0170806 0.0549779
0.6897 -0.056221 -0.0418027
0.570395 -0.100272 -0.0418027
0.704606 0.0465461 0.0549779
0.580335 -0.066016 0.0549779
0.605194 -0.11495 0.00658759
0.729468 -0.03175 0.0211047
0.684722 0.0416511 0.0549779
0.600212 0.0367514 0.0549779
0.57039 -0.0317614 0.0452998
0.625077 -0.0904809 0.0549779
0.63999 -0.0806926 -0.0418027
0.635009 0.061222 -0.0418027
0.729466 -0.00728194 0.0452998
0.610161 -0.0464394 -0.0418027
0.620092 0.110157 -0.0418027
0.570396 -0.110059 0.0162657
0.590269 0.0563252 -0.0418027
0.570388 0.00249393 -0.0418027
0.709576 0.0710146 -0.0418027
0.729469 -0.0513245 0.00174856
0.610161 -0.0562267 0.0549779
0.585305 -0.0562284 0.0549779
0.64992 0.0905848 -0.0418027
0.679751 0.0416507 0.0549779
0.689704 -0.114944 -0.00309048
0.590272 0.00738897 -0.0418027
0.649933 -0.0904792 -0.0418027
0.644961 -0.0806923 -0.0418027
0.699647 -0.114944 0.0162657
0.570383 0.066111 0.0549779
0.729465 0.0025053 0.0259437
0.699641 -0.0317522 0.0549779
0.729473 -0.110048 0.0162657
0.684726 -0.021966 0.0549779
0.610165 -0.110056 -0.0418027
0.60518 0.0905816 -0.0418027
0.580325 0.0758989 -0.0418027
0.590272 0.00249535 0.0549779
0.615135 -0.0953753 0.0549779
0.570381 0.0905791 0.0162657
0.68969 0.0808004 -0.0418027
0.694675 -0.114944 -0.0418027
0.605183 0.046539 0.0549779
0.729466 -0.0121756 0.0114266
0.575365 -0.0806973 0.0549779
0.66982 -0.114946 0.0162657
0.630044 -0.0317571 0.0549779
0.699637 0.0220776 -0.0418027
0.729459 0.0954841 -0.0369637
0.724493 0.0122922 0.0549779
0.729466 -0.0121756 0.0452998
0.72947 -0.0611118 0.0114266
0.595238 0.0856872 -0.0418027
0.63998 0.0612223 0.0549779
0.659872 -0.0366486 0.0549779
0.610153 0.0612202 -0.0418027
0.714555 -0.0415384 0.0549779
0.570382 0.0758982 -0.00309048
0.570392 -0.0611231 -0.00792951
0.729472 -0.0855799 0.0114266
0.605178 0.110156 -0.0418027
0.570383 0.0710046 0.0549779
0.590278 -0.0806962 0.0549779
0.69964 -0.0170713 -0.0418027
0.580327 0.0416436 0.0549779
0.72947 -0.0660054 -0.0321247
0.580332 -0.0268671 -0.0418027
0.729464 0.0171862 -0.00309048
0.644948 0.100372 0.0549779
0.600216 -0.0121848 -0.0418027
0.639993 -0.114948 -0.0369637
0.729464 0.0171862 0.0501389
0.689691 0.0661195 0.0549779
0.635013 -0.00239507 -0.0418027
0.570396 -0.110059 -0.0272856
0.625064 0.0954766 -0.0418027
0.664834 0.0856922 -0.0418027
0.704609 0.00250352 0.0549779
0.72946 0.0808032 -0.00309048
0.679749 0.0612252 0.0549779
0.724495 -0.0170695 0.0549779
0.60021 0.0661131 0.0549779
0.570391 -0.0415487 0.0549779
0.600223 -0.114951 0.0356218
0.664834 0.0807986 0.0549779
0.709583 -0.0366451 -0.0418027
0.664848 -0.114946 -0.0272856
0.575359 0.00249428 0.0549779
0.635011 0.0318603 -0.0418027
0.729464 0.0220798 0.0307827
0.590275 -0.0268664 0.0549779
0.5853 0.0171759 0.0549779
0.62507 0.00739146 -0.0418027
0.644964 -0.114948 -0.0369637
0.615129 -0.00239649 0.0549779
0.71952 0.0465472 0.0549779
0.729461 0.0612287 -0.00792951
0.590268 0.0612188 0.0549779
0.57039 -0.0317614 0.0211047
0.600211 0.0563259 0.0549779
0.570391 -0.036655 -0.0418027
0.585294 0.110155 0.0549779
0.68472 0.0612255 0.0549779
0.615125 0.0514333 0.0549779
0.585303 -0.0268667 0.0549779
0.575367 -0.110059 -0.0418027
0.570395 -0.100272 0.0549779
0.575367 -0.114953 0.0452998
0.684717 0.105268 0.0549779
0.57038 0.115047 -0.0321247
0.699635 0.0465457 0.0549779
0.649923 0.0563294 0.0549779
0.729457 0.115059 0.0356218
0.570388 0.00249393 0.0549779
0.595237 0.0905809 0.0549779
0.570387 0.0122812 0.00174856
0.615121 0.110157 -0.0418027
0.575366 -0.0904845 0.0549779
0.66981 0.0171819 0.0549779
0.600207 0.115049 0.0549779
0.585309 -0.105165 0.0549779
0.729467 -0.0170692 -0.0127685
0.575363 -0.0611228 0.0549779
0.570392 -0.0611231 -0.0127685
0.635021 -0.105161 -0.0418027
0.59524 0.0514319 0.0549779
0.699634 0.0661202 0.0549779
0.669803 0.115054 -0.0321247
0.585295 0.0856865 0.0549779
0.664846 -0.0806909 0.0549779
0.570389 -0.0170806 -0.0272856
0.72947 -0.0611118 -0.0127685
0.625078 -0.105162 -0.0418027
0.729459 0.0856968 -0.00792951
0.595246 -0.0366533 -0.0418027
0.625077 -0.0806937 -0.0418027
0.64496 -0.0660114 -0.0418027
0.729459 0.0954841 0.0404608
0.585298 0.0514312 0.0549779
0.729473 -0.105154 -0.0418027
0.59028 -0.110058 -0.0418027
0.580329 0.0220691 0.0549779
0.625063 0.115051 0.0162657
0.664838 0.036756 0.0549779
0.70958 0.0122911 0.0549779
0.580333 -0.0415479 0.0549779
0.719521 0.0318663 0.0549779
0.644951 0.0612227 -0.0418027
0.664836 0.0514369 -0.0418027
0.719518 0.0710153 -0.0418027
0.724502 -0.110048 -0.0418027
0.62507 0.0171787 -0.0418027
0.600209 0.0856876 -0.0418027
0.679748 0.075906 -0.0418027
0.57536 -0.0170802 0.0549779
0.570395 -0.0953785 0.0307827
0.580329 0.0171755 0.0549779
0.580334 -0.0464416 0.0549779
0.570387 0.00738755 0.0114266
0.729467 -0.0219628 0.0356218
0.630037 0.0661153 -0.0418027
0.570381 0.0905791 -0.0321247
0.620105 -0.0709068 -0.0418027
0.580334 -0.0513352 0.0549779
0.674789 -0.095371 0.0549779
0.590268 0.0612188 -0.0418027
0.64992 0.0954784 -0.0418027
0.654905 -0.0953724 -0.0418027
0.575355 0.0563241 -0.0418027
0.684733 -0.114945 0.00174856
0.615125 0.0465397 -0.0418027
0.669807 0.0612245 0.0549779
0.605182 0.0563262 0.0549779
0.635021 -0.110055 0.0549779
0.570384 0.0514301 0.0259437
0.570396 -0.110059 -0.0176076
0.570386 0.026962 0.0549779
0.694659 0.115056 0.0404608
0.679747 0.0954805 -0.0418027
0.729458 0.105271 0.0501389
0.610164 -0.090482 0.0549779
0.684717 0.115055 0.0549779
0.729469 -0.0464309 -0.0224466
0.630042 -0.00728905 0.0549779
0.615137 -0.11495 -0.0418027
0.57038 0.115047 -0.00792951
0.585294 0.105261 0.0549779
0.649919 0.100372 0.0549779
0.585296 0.0807929 0.0549779
0.679748 0.075906 0.0549779
0.600209 0.0856876 0.0549779
0.654891 0.100372 -0.0418027
0.6201 -0.00728976 0.0549779
0.615124 0.0563269 -0.0418027
0.654893 0.0612234 0.0549779
0.600212 0.0465386 0.0549779
0.65489 0.115053 -0.00792951
0.64496 -0.0611178 -0.0418027
0.66981 0.0122883 0.0549779
0.570396 -0.114953 0.0501389
0.585301 0.0122822 0.0549779
0.585297 0.0661121 0.0549779
0.590276 -0.0464409 0.0549779
0.59027 0.0416443 -0.0418027
0.729463 0.0367606 0.0356218
0.649921 0.0759039 -0.0418027
0.669813 -0.0219671 -0.0418027
0.570385 0.0367493 0.0356218
0.724487 0.100377 0.0549779
0.590271 0.0269634 0.0549779
0.585298 0.0465376 0.0549779
0.729473 -0.110048 -0.0418027
0.600223 -0.114951 -0.0127685
0.625075 -0.0611192 -0.0418027
0.704615 -0.0709008 0.0549779
0.659862 0.0954791 0.0549779
0.615134 -0.0806944 0.0549779
0.570381 0.0954727 0.0549779
0.729458 0.105271 -0.0224466
0.585298 0.041644 0.0549779
0.630039 0.0416472 -0.0418027
0.570395 -0.105166 -0.0127685
0.659861 0.115054 0.0114266
0.709587 -0.0904749 0.0549779
0.704602 0.10527 0.0549779
0.595236 0.105262 0.0549779
0.729458 0.100378 -0.0418027
0.679748 0.0807997 0.0549779
0.729472 -0.0953671 0.0549779
0.585299 0.0367503 0.0549779
0.689704 -0.114944 0.00174856
0.729464 0.0171862 0.0259437
0.709578 0.0318656 0.0549779
0.605193 -0.0904824 -0.0418027
0.719515 0.115058 0.0452998
0.669813 -0.0170734 -0.0418027
0.649928 -0.0219685 0.0549779
0.649935 -0.114947 -0.0176076
0.590279 -0.0855898 0.0549779
0.57039 -0.0317614 0.0549779
0.644956 -0.00728798 0.0549779
0.654899 -0.0170745 0.0549779
0.669813 -0.0170734 0.0549779
0.570383 0.066111 -0.0224466
0.570381 0.100366 -0.0418027
0.729467 -0.0219628 0.00174856
0.595252 -0.114951 0.0501389
0.600214 0.00738968 0.0549779
0.714547 0.0612277 0.0549779
0.67975 0.0465443 -0.0418027
0.620104 -0.0611196 0.0549779
0.595248 -0.0611214 0.0549779
0.674774 0.115055 -0.0418027
0.590276 -0.0415472 0.0549779
0.729462 0.0514415 -0.00792951
0.590269 0.0514315 0.0549779
0.729467 -0.0268564 -0.00309048
0.570386 0.026962 -0.0418027
0.659876 -0.0953721 0.0549779
0.689702 -0.0806891 -0.0418027
0.570394 -0.0855912 0.0549779
0.639987 -0.0317564 0.0549779
0.684729 -0.0562213 -0.0418027
0.724486 0.115058 0.0404608
0.575364 -0.0758036 -0.0418027
0.585304 -0.0415476 0.0549779
0.684717 0.115055 0.0501389
0.729463 0.031867 0.0501389
0.65489 0.115053 0.0404608
0.575364 -0.0758036 0.0549779
0.620106 -0.0953749 0.0549779
0.684728 -0.0415405 -0.0418027
0.620093 0.0905826 0.0549779
0.595241 0.036751 0.0549779
0.610161 -0.0513331 0.0549779
0.679755 -0.0121791 0.0549779
0.729465 0.0025053 0.0501389
0.674774 0.115055 0.0356218
0.729469 -0.0464309 0.0114266
0.729474 -0.114942 0.0259437
0.585306 -0.0660157 0.0549779
0.585306 -0.0709093 0.0549779
0.679752 0.0220762 0.0549779
0.570395 -0.100272 -0.0224466
0.585307 -0.0758029 0.0549779
0.729464 0.0122925 0.0404608
0.674787 -0.0562221 0.0549779
0.575367 -0.114953 -0.0418027
0.585309 -0.100271 0.0549779
0.570386 0.0220684 -0.0321247
0.729465 0.00739892 -0.0127685
0.575354 0.071005 0.0549779
0.689697 -0.00728479 -0.0418027
0.605192 -0.0758015 -0.0418027
0.57039 -0.0268678 0.0211047
0.585308 -0.0953774 0.0549779
0.719516 0.0954834 -0.0418027
0.7245 -0.0855802 -0.0418027
0.570382 0.0758982 0.0549779
0.709572 0.115057 0.0356218
0.72946 0.071016 0.00174856
0.69466 0.0954816 0.0549779
0.65987 -0.0170742 0.0549779
0.590279 -0.0953771 0.0549779
0.570391 -0.0464423 -0.0369637
0.679752 0.0171826 0.0549779
0.7245 -0.0855802 0.0549779
0.719516 0.0954834 0.0549779
0.63005 -0.114949 0.0452998
0.615136 -0.110056 0.0549779
0.570383 0.066111 0.0211047
0.699647 -0.114944 -0.0176076
0.595251 -0.10027 0.0549779
0.590266 0.0954741 0.0549779
0.615135 -0.0953753 -0.0418027
0.719531 -0.114942 0.0307827
0.575362 -0.0464419 0.0549779
0.649935 -0.114947 0.0501389
0.625072 -0.0170766 0.0549779
0.575367 -0.114953 0.0356218
0.644954 0.0171801 -0.0418027
0.719526 -0.0366444 0.0549779
0.570392 -0.0562295 0.0162657
0.699638 0.00739679 0.0549779
0.729468 -0.0415373 -0.00792951
0.635013 0.00739217 0.0549779
0.709589 -0.114943 0.00174856
0.689701 -0.0660082 0.0549779
0.610149 0.11505 -0.0127685
0.674791 -0.114945 -0.0176076
0.570391 -0.0464423 -0.0127685
0.729465 0.0025053 -0.0321247
0.605192 -0.0855887 0.0549779
0.580336 -0.0855905 -0.0418027
0.570389 -0.0121869 0.0501389
0.610165 -0.11495 0.0211047
0.585302 -0.00729225 0.0549779
0.57038 0.115047 -0.0176076
0.595238 0.0856872 0.0549779
0.72947 -0.0660054 0.0162657
0.615122 0.0954759 0.0549779
0.625078 -0.100268 -0.0418027
0.620093 0.0954763 -0.0418027
0.65489 0.115053 -0.0418027
0.625073 -0.0366511 -0.0418027
0.669813 -0.0268607 -0.0418027
0.639987 -0.0366501 -0.0418027
0.689699 -0.0464337 0.0549779
0.570388 0.00249393 -0.0127685
0.719526 -0.041538 0.0549779
0.610149 0.11505 0.0452998
0.674791 -0.114945 0.0211047
0.610157 0.00739039 0.0549779
0.620108 -0.114949 0.00658759
0.674775 0.105267 0.0549779
0.67976 -0.090477 0.0549779
0.66982 -0.114946 0.00174856
0.595245 -0.0219724 -0.0418027
0.669805 0.0954798 0.0549779
0.694662 0.0710135 0.0549779
0.669803 0.110161 -0.0418027
0.684718 0.0954809 0.0549779
0.729462 0.0416543 -0.0418027
0.724497 -0.0464313 0.0549779
0.57039 -0.0268678 0.0356218
0.729463 0.0269734 -0.0418027
0.659864 0.0759046 0.0549779
0.689701 -0.0757955 -0.0418027
0.570386 0.0318556 0.0549779
0.595236 0.115049 -0.0418027
0.615132 -0.0562263 0.0549779
0.729469 -0.0464309 0.0501389
0.59027 0.0416443 0.0549779
0.595241 0.0318574 -0.0418027
0.644962 -0.0904795 0.0549779
0.600221 -0.0806955 0.0549779
0.620102 -0.0268642 0.0549779
0.664836 0.0612241 -0.0418027
0.570388 0.00249393 -0.0272856
0.59027 0.0318571 0.0549779
0.61512 0.11505 -0.0127685
0.724488 0.0856965 -0.0418027
0.654895 0.0416489 0.0549779
0.72946 0.071016 0.0452998
0.635014 -0.00728869 -0.0418027
0.590271 0.0220698 0.0549779
0.570394 -0.0806976 0.00174856
0.610155 0.0269649 0.0549779
0.729459 0.0905905 0.0404608
0.654896 0.0318617 0.0549779
0.669817 -0.0855841 -0.0418027
0.590273 -0.0121855 0.0549779
0.729468 -0.0366437 -0.00309048
0.610162 -0.0709075 0.0549779
0.729463 0.0367606 0.0549779
0.63502 -0.0904802 -0.0418027
0.57038 0.110154 0.0356218
0.570395 -0.105166 0.0211047
0.625071 0.00249784 0.0549779
0.595237 0.0954745 -0.0418027
0.67975 0.0563316 0.0549779
0.669818 -0.0904777 0.0549779
0.575364 -0.0660164 0.0549779
0.639987 -0.0317564 -0.0418027
0.679751 0.0318635 0.0549779
0.714555 -0.0415384 -0.0418027
0.580333 -0.0366543 0.0549779
0.724488 0.0808029 0.0549779
0.580325 0.0758989 0.0549779
0.570384 0.0514301 0.0356218
0.58531 -0.114952 -0.0127685
0.590278 -0.0709089 0.0549779
0.635019 -0.0757994 0.0549779
0.729472 -0.0904735 0.00658759
0.679757 -0.0464345 -0.0418027
0.620099 0.00249748 0.0549779
0.639986 -0.0219692 0.0549779
0.625072 -0.012183 0.0549779
0.709589 -0.114943 0.0259437
0.635006 0.100371 0.0549779
0.570382 0.0807918 0.0549779
0.590278 -0.0758026 0.0549779
0.714544 0.115057 -0.0224466
0.729457 0.115059 -0.0321247
0.595248 -0.066015 0.0549779
0.620108 -0.114949 -0.00792951
0.699644 -0.0806884 -0.0418027
0.729466 -0.00238832 0.0501389
0.714559 -0.0953682 0.0549779
0.570385 0.0465365 0.0501389
0.59028 -0.110058 0.0549779
0.729463 0.0269734 0.0307827
0.649929 -0.0268621 0.0549779
0.635007 0.0905837 -0.0418027
0.659869 0.00250032 -0.0418027
0.729463 0.0269734 0.0452998
0.590281 -0.114952 0.0549779
0.595245 -0.0219724 0.0549779
0.729458 0.100378 -0.0321247
0.615131 -0.0415455 -0.0418027
0.605181 0.0710071 -0.0418027
0.595236 0.115049 0.0549779
0.729471 -0.0806862 0.0549779
0.595248 -0.0562277 0.0549779
0.729464 0.0122925 -0.00309048
0.639993 -0.114948 0.0452998
0.605193 -0.095376 0.0549779
0.620098 0.0171783 0.0549779
0.729468 -0.0366437 0.0356218
0.595239 0.0661128 0.0549779
0.664832 0.115054 0.0404608
0.600212 0.041645 -0.0418027
0.585303 -0.0219731 0.0549779
0.639978 0.0856904 0.0549779
0.575354 0.0758986 0.0549779
0.659875 -0.0806912 0.0549779
0.580337 -0.0904841 0.0549779
0.620091 0.115051 -0.0127685
0.729462 0.0416543 0.0549779
0.669816 -0.061116 -0.0418027
0.570387 0.0171748 0.0211047
0.630045 -0.0415444 0.0549779
0.605181 0.0759007 -0.0418027
0.595248 -0.0611214 -0.0418027
0.649927 -0.00728763 0.0549779
0.704616 -0.0953689 0.0549779
0.63005 -0.110055 0.0549779
0.610164 -0.090482 -0.0418027
0.729459 0.0954841 0.0501389
0.704618 -0.114943 -0.00309048
0.625067 0.051434 0.0549779
0.639976 0.115052 -0.0176076
0.729458 0.100378 -0.00792951
0.704611 -0.0219646 -0.0418027
0.694663 0.051439 0.0549779
0.625068 0.0367532 0.0549779
0.639976 0.115052 0.00658759
0.694661 0.090588 -0.0418027
0.615131 -0.0415455 0.0549779
0.625069 0.0220723 0.0549779
0.570393 -0.0660167 0.0452998
0.62507 0.0171787 0.0549779
0.68473 -0.0660086 0.0549779
0.67478 0.0416503 0.0549779
0.644958 -0.0366497 0.0549779
0.63502 -0.0953739 0.0549779
0.570387 0.0171748 0.0307827
0.62507 0.00739146 0.0549779
0.635016 -0.0464377 0.0549779
0.625074 -0.051332 0.0549779
0.63502 -0.100267 -0.0418027
0.600213 0.0269642 -0.0418027
0.61513 -0.0268646 -0.0418027
0.684718 0.100374 -0.0418027
0.729466 -0.00238832 -0.0321247
0.605192 -0.0806951 0.0549779
0.694666 0.0220773 -0.0418027
0.600207 0.115049 -0.0418027
0.644948 0.110159 0.0549779
0.664848 -0.114946 0.0452998
0.68969 0.0905876 0.0549779
0.625074 -0.0415447 0.0549779
0.615132 -0.0513327 -0.0418027
0.625074 -0.0464384 0.0549779
0.615133 -0.0611199 0.0549779
0.635019 -0.080693 0.0549779
0.61512 0.11505 -0.0418027
0.625068 0.0416468 -0.0418027
0.664845 -0.06601 0.0549779
0.704605 0.061227 -0.0418027
0.659863 0.0905855 0.0549779
0.664846 -0.0757972 0.0549779
0.714552 -0.00728301 0.0549779
0.729459 0.0856968 -0.0127685
0.674781 0.0171822 0.0549779
0.60518 0.085688 0.0549779
0.729469 -0.0562181 0.00174856
0.674774 0.115055 0.0549779
0.570391 -0.0464423 0.0211047
0.570383 0.066111 0.00658759
0.699647 -0.114944 -0.0321247
0.649924 0.0318613 0.0549779
0.570396 -0.110059 0.0307827
0.689704 -0.114944 -0.0369637
0.674785 -0.0366476 0.0549779
0.575357 0.031856 0.0549779
0.630034 0.115051 0.0549779
0.570381 0.0954727 0.0114266
0.69963 0.115056 0.0549779
0.644951 0.0661163 0.0549779
0.570395 -0.105166 0.0549779
0.664837 0.0465433 0.0549779
0.724502 -0.114942 0.0452998
0.600217 -0.021972 -0.0418027
0.669816 -0.0709033 0.0549779
0.729461 0.0563351 0.0307827
0.630035 0.095477 0.0549779
0.57038 0.10526 -0.0272856
0.719525 -0.0317508 0.0549779
0.630035 0.0905833 0.0549779
0.590274 -0.0170791 0.0549779
0.69467 -0.0415398 0.0549779
0.620096 0.0514337 0.0549779
0.664842 -0.0317547 0.0549779
0.570387 0.00738755 0.0356218
0.610157 0.00739039 -0.0418027
0.72946 0.0759096 -0.0176076
0.679749 0.0710124 0.0549779
0.630036 0.0856897 0.0549779
0.644951 0.0563291 -0.0418027
0.610151 0.0905819 -0.0418027
0.570396 -0.114953 0.0114266
0.630036 0.0807961 0.0549779
0.630037 0.0759025 0.0549779
0.704601 0.115057 -0.0224466
0.605185 0.0122837 -0.0418027
0.72947 -0.0611118 0.0549779
0.605194 -0.11495 -0.0418027
0.630037 0.0710089 0.0549779
0.630038 0.056328 0.0549779
0.630038 0.0514344 0.0549779
0.630045 -0.046438 0.0549779
0.649935 -0.114947 0.00658759
0.570392 -0.0513359 0.00174856
0.575354 0.0758986 -0.0418027
0.729459 0.0905905 0.0259437
0.630039 0.0367535 0.0549779
0.639978 0.0905841 -0.0418027
0.719531 -0.105155 0.0549779
0.654906 -0.114947 0.0162657
0.679759 -0.0806898 0.0549779
0.674777 0.0759057 0.0549779
0.729461 0.0563351 -0.0418027
0.63004 0.0318599 0.0549779
0.694666 0.0220773 0.0549779
0.570386 0.0220684 -0.0127685
0.63004 0.0269663 0.0549779
0.729471 -0.0757926 0.0162657
0.709585 -0.0660068 0.0549779
0.63004 0.0220727 0.0549779
0.714554 -0.0268575 -0.0418027
0.699633 0.0808011 -0.0418027
0.714548 0.0563341 0.0549779
0.674788 -0.0806902 0.0549779
0.635005 0.115052 -0.0418027
0.684722 0.0465447 -0.0418027
0.630041 0.0122854 0.0549779
0.729469 -0.0513245 -0.0224466
0.630042 -0.00239543 0.0549779
0.649935 -0.114947 -0.0418027
0.684723 0.0220766 -0.0418027
0.639976 0.115052 -0.0127685
0.630046 -0.0513316 0.0549779
0.570386 0.0318556 0.0404608
0.630046 -0.0611189 0.0549779
0.729461 0.0563351 0.0501389
0.724502 -0.114942 0.0549779
0.719518 0.0759089 0.0549779
0.704612 -0.0366454 -0.0418027
0.590274 -0.0170791 -0.0418027
0.630047 -0.0757997 0.0549779
0.635015 -0.0317568 0.0549779
0.570391 -0.0464423 -0.0418027
0.704602 0.100376 -0.0418027
0.570388 0.00249393 -0.0321247
0.635017 -0.0562249 -0.0418027
0.630048 -0.0904806 0.0549779
0.674782 0.00250139 0.0549779
0.644947 0.115053 0.0259437
0.630049 -0.0953742 0.0549779
0.664835 0.075905 -0.0418027
0.644962 -0.0953731 -0.0418027
0.630041 0.0122854 -0.0418027
0.570395 -0.0953785 0.0501389
0.580324 0.0856862 -0.0418027
0.709577 0.0465465 0.0549779
0.635005 0.110158 0.0549779
0.635006 0.0954773 0.0549779
0.639993 -0.114948 0.0549779
0.575367 -0.105165 -0.0418027
0.570396 -0.110059 0.0404608
0.704616 -0.0855816 0.0549779
0.644956 -0.0121816 0.0549779
0.59525 -0.0855895 -0.0418027
0.590265 0.105261 -0.0418027
0.57039 -0.0317614 0.0404608
0.57536 -0.00729296 0.0549779
0.644961 -0.070905 -0.0418027
0.570381 0.0905791 0.0211047
0.615128 0.0122844 -0.0418027
0.570381 0.0905791 -0.0272856
0.729461 0.0563351 -0.0176076
0.590269 0.0563252 0.0549779
0.729463 0.0269734 0.0501389
0.664848 -0.114946 0.0549779
0.699639 -0.00728407 -0.0418027
0.625076 -0.0758001 -0.0418027
0.570391 -0.0415487 0.0356218
0.60518 0.085688 -0.0418027
0.570385 0.0416429 -0.0224466
0.590267 0.071006 0.0549779
0.719531 -0.114942 0.0501389
0.674784 -0.0170731 0.0549779
0.644957 -0.0170752 0.0549779
0.63501 0.0416475 0.0549779
0.639989 -0.0611182 0.0549779
0.654901 -0.0464362 0.0549779
0.635011 0.0318603 0.0549779
0.635011 0.0269666 0.0549779
0.635014 -0.00728869 0.0549779
0.66982 -0.114946 -0.0127685
0.669818 -0.0953714 0.0549779
0.635015 -0.0219696 0.0549779
0.669817 -0.0757969 0.0549779
0.729472 -0.0953671 0.0356218
0.64495 0.0710099 0.0549779
0.570394 -0.0904849 -0.0176076
0.649933 -0.0953728 0.0549779
0.600219 -0.0513338 0.0549779
0.635017 -0.0513313 0.0549779
0.630048 -0.0806933 -0.0418027
0.729471 -0.0757926 -0.00309048
0.570392 -0.0562295 0.00658759
0.72946 0.0808032 -0.0127685
0.694661 0.090588 0.0549779
0.724496 -0.0268568 0.0549779
0.635018 -0.0709058 0.0549779
0.639982 0.0367542 -0.0418027
0.679747 0.100374 0.0549779
0.600213 0.0269642 0.0549779
0.585295 0.0856865 -0.0418027
0.625071 -0.00239578 0.0549779
0.719531 -0.114942 0.0549779
0.635021 -0.114948 -0.0127685
0.635021 -0.105161 0.0549779
0.729469 -0.0464309 0.0404608
0.679759 -0.0757962 0.0549779
0.699634 0.0661202 -0.0418027
0.590279 -0.0855898 -0.0418027
0.729472 -0.0904735 0.0549779
0.694675 -0.114944 0.0259437
0.674786 -0.0513284 0.0549779
0.674777 0.0807993 -0.0418027
0.679762 -0.114945 -0.0418027
0.570392 -0.0611231 0.0211047
0.595239 0.0661128 -0.0418027
0.709577 0.0514401 0.0549779
0.639976 0.110159 0.0549779
0.575361 -0.0219738 0.0549779
0.644947 0.115053 0.00658759
0.61015 0.105263 -0.0418027
0.580334 -0.0464416 -0.0418027
0.639976 0.115052 -0.0272856
0.6201 -0.0121834 0.0549779
0.659872 -0.0464359 0.0549779
0.595248 -0.0562277 -0.0418027
0.649925 0.0220741 0.0549779
0.699636 0.0269713 -0.0418027
0.620097 0.0318592 0.0549779
0.659869 -0.0023933 0.0549779
0.620102 -0.0317579 0.0549779
0.639979 0.0807968 0.0549779
0.659872 -0.0415423 -0.0418027
0.729467 -0.0170692 -0.00792951
0.595252 -0.110058 0.0549779
0.590267 0.0807933 0.0549779
0.639979 0.0710096 0.0549779
0.625077 -0.0806937 0.0549779
0.64496 -0.0660114 0.0549779
0.724486 0.115058 0.0501389
0.605183 0.0416454 -0.0418027
0.694668 -0.00728443 -0.0418027
0.729468 -0.0415373 0.0549779
0.709581 -0.00238974 0.0549779
0.639982 0.026967 0.0549779
0.639983 0.0220734 0.0549779
0.585299 0.0269631 -0.0418027
0.600223 -0.114951 -0.0418027
0.57038 0.110154 0.0501389
0.69964 -0.0268586 -0.0418027
0.570394 -0.0855912 -0.00792951
0.620108 -0.114949 0.0549779
0.704604 0.0710142 -0.0418027
0.570393 -0.0660167 -0.00792951
0.639983 0.0171798 0.0549779
0.644959 -0.0513306 0.0549779
0.654892 0.0759043 -0.0418027
0.729457 0.110165 -0.0418027
0.600207 0.115049 0.0162657
0.729463 0.0367606 0.0114266
0.674785 -0.0317539 0.0549779
0.610164 -0.100269 0.0549779
0.72946 0.0808032 0.0404608
0.575354 0.071005 -0.0418027
0.570389 -0.0219742 0.0356218
0.639983 0.0122861 0.0549779
0.570394 -0.0855912 0.00174856
0.570388 0.00249393 0.0404608
0.639984 0.00739252 0.0549779
0.620094 0.0807954 0.0549779
0.625079 -0.110055 0.0549779
0.71456 -0.114943 0.0307827
0.639984 -0.00239472 0.0549779
0.570384 0.0514301 0.0501389
0.724497 -0.0415376 0.0549779
0.674789 -0.0855838 0.0549779
0.605178 0.11505 0.0307827
0.729458 0.100378 0.0259437
0.729473 -0.100261 0.0307827
0.669815 -0.0513288 0.0549779
0.630034 0.110158 0.0549779
0.639982 0.0318606 0.0549779
0.570386 0.026962 0.0501389
0.639988 -0.0513309 0.0549779
0.654905 -0.100266 0.0549779
0.729469 -0.0513245 0.0549779
0.615122 0.0954759 -0.0418027
0.684725 -0.00239152 -0.0418027
0.635007 0.0807965 0.0549779
0.639991 -0.100267 0.0549779
0.580328 0.0318564 0.0549779
0.649923 0.0514358 0.0549779
0.644947 0.115053 0.0549779
0.684717 0.115055 0.0356218
0.729463 0.031867 -0.0176076
0.625073 -0.0268639 0.0549779
0.644948 0.105265 0.0549779
0.644949 0.0856908 0.0549779
0.669819 -0.110052 0.0549779
0.714552 -0.00728301 -0.0418027
0.644951 0.0612227 0.0549779
0.644954 0.0171801 0.0549779
0.689703 -0.100264 0.0549779
0.57038 0.115047 0.00174856
0.570394 -0.0904849 -0.00792951
0.649927 -0.00239401 0.0549779
0.709574 0.090589 -0.0418027
0.585296 0.0758993 0.0549779
0.66981 0.0220755 0.0549779
0.644955 0.0122865 0.0549779
0.664836 0.0563305 -0.0418027
0.644956 -0.00239436 0.0549779
0.704615 -0.0757944 0.0549779
0.585302 -0.0121859 -0.0418027
0.644957 -0.0219688 0.0549779
0.729472 -0.0953671 0.0404608
0.729468 -0.0366437 0.0259437
0.729461 0.0612287 0.0114266
0.674783 -0.00728585 0.0549779
0.729458 0.105271 0.0259437
0.644957 -0.0268625 0.0549779
0.570391 -0.0464423 -0.0321247
0.644959 -0.0464369 0.0549779
0.600218 -0.0464401 0.0549779
0.639989 -0.0709054 -0.0418027
0.635009 0.0514347 -0.0418027
0.644961 -0.0757987 0.0549779
0.729472 -0.0855799 -0.0321247
0.694675 -0.105157 0.0549779
0.689689 0.0954812 0.0549779
0.570394 -0.0806976 0.0404608
0.679762 -0.114945 0.0259437
0.625079 -0.114949 -0.0418027
0.625064 0.10037 -0.0418027
0.664834 0.0807986 -0.0418027
0.729468 -0.03175 -0.0418027
0.674784 -0.0268603 0.0549779
0.57038 0.110154 0.0211047
0.600211 0.0514323 -0.0418027
0.570388 0.00249393 0.00658759
0.664832 0.115054 0.0501389
0.585294 0.110155 -0.0418027
0.570385 0.0367493 0.00174856
0.600222 -0.10027 0.0549779
0.694672 -0.0660079 0.0549779
0.649919 0.110159 0.0549779
0.654904 -0.0855852 0.0549779
0.64992 0.0905848 0.0549779
0.570381 0.100366 0.0307827
0.610159 -0.0219713 -0.0418027
0.694675 -0.114944 0.0211047
0.610165 -0.11495 -0.0224466
0.649921 0.0807975 0.0549779
0.654906 -0.114947 0.0549779
0.639981 0.0514351 -0.0418027
0.714546 0.0808022 0.0549779
0.659873 -0.0562231 0.0549779
0.649922 0.0661167 0.0549779
0.620103 -0.0415451 -0.0418027
0.585298 0.041644 -0.0418027
0.719529 -0.0855806 0.0549779
0.575358 0.0122815 -0.0418027
0.605178 0.11505 -0.0176076
0.694662 0.0759071 0.0549779
0.649922 0.0612231 0.0549779
0.644961 -0.0806923 0.0549779
0.699644 -0.085582 -0.0418027
0.59027 0.0318571 -0.0418027
0.600223 -0.114951 0.0549779
0.6549 -0.0268618 0.0549779
0.570395 -0.0953785 -0.0418027
0.570387 0.0122812 0.0162657
0.72946 0.0759096 0.00174856
0.649924 0.036755 0.0549779
0.669814 -0.0366479 0.0549779
0.689693 0.0367578 -0.0418027
0.644964 -0.114948 0.0259437
0.61015 0.0954755 -0.0418027
0.649926 0.00249961 0.0549779
0.729469 -0.0513245 0.0452998
0.674778 0.0612248 0.0549779
0.620108 -0.114949 -0.00309048
0.649929 -0.0317557 0.0549779
0.585302 -0.00239863 -0.0418027
0.664832 0.115054 0.0549779
0.575355 0.0563241 0.0549779
0.674789 -0.095371 -0.0418027
0.570394 -0.0855912 -0.0224466
0.719531 -0.105155 -0.0418027
0.58531 -0.114952 -0.00792951
0.70461 -0.00728372 0.0549779
0.729467 -0.0170692 0.0452998
0.575351 0.115048 -0.0224466
0.649931 -0.0611174 0.0549779
0.64496 -0.0562242 -0.0418027
0.6201 -0.00239614 0.0549779
0.699635 0.0416521 -0.0418027
0.72946 0.071016 -0.0272856
0.610165 -0.11495 -0.0127685
0.709572 0.115057 0.0549779
0.570392 -0.0611231 -0.0369637
0.570388 -0.00239969 -0.0369637
0.649931 -0.0660111 0.0549779
0.615121 0.10037 0.0549779
0.570396 -0.110059 0.0501389
0.649933 -0.0855855 0.0549779
0.684727 -0.0317532 -0.0418027
0.654902 -0.0513299 -0.0418027
0.729462 0.0416543 0.0356218
0.649934 -0.100266 0.0549779
0.570395 -0.100272 0.0501389
0.729464 0.0122925 -0.0127685
0.639993 -0.114948 -0.0418027
0.635006 0.0954773 -0.0418027
0.724486 0.115058 -0.0369637
0.620093 0.0954763 0.0549779
0.625078 -0.100268 0.0549779
0.65489 0.115053 0.0549779
0.570381 0.100366 0.00174856
0.600221 -0.0806955 -0.0418027
0.654892 0.0856915 0.0549779
0.610155 0.0367521 -0.0418027
0.615124 0.0612206 -0.0418027
0.654892 0.0759043 0.0549779
0.684723 0.0269702 -0.0418027
0.615125 0.0416461 -0.0418027
0.630034 0.115051 -0.0224466
0.570394 -0.0855912 -0.0418027
0.590275 -0.0366536 0.0549779
0.709576 0.0612273 -0.0418027
0.654894 0.0514362 0.0549779
0.669811 -0.00239259 -0.0418027
0.659864 0.071011 0.0549779
0.620096 0.0563273 -0.0418027
0.679745 0.115055 0.0307827
0.659865 0.0612238 0.0549779
0.654895 0.0367553 0.0549779
0.605185 0.0171773 -0.0418027
0.669812 -0.0121798 -0.0418027
0.654896 0.0220744 0.0549779
0.570388 0.00249393 -0.0176076
0.654897 0.0122872 0.0549779
0.729465 0.0025053 0.0162657
0.57039 -0.0268678 -0.0176076
0.654898 -0.00239365 0.0549779
0.684724 0.0122893 0.0549779
0.729465 0.0025053 0.0114266
0.57039 -0.0268678 -0.00792951
0.679756 -0.0317536 0.0549779
0.605187 -0.0121844 0.0549779
0.654903 -0.0660107 0.0549779
0.729463 0.0367606 -0.0369637
0.669819 -0.110052 -0.0418027
0.699645 -0.0953692 0.0549779
0.595244 -0.00729154 0.0549779
0.580328 0.03675 0.0549779
0.709573 0.10527 0.0549779
0.57038 0.115047 -0.0224466
0.659861 0.105266 0.0549779
0.694659 0.115056 -0.0224466
0.595243 0.0171766 -0.0418027
0.65489 0.115053 -0.0272856
0.689701 -0.0709018 0.0549779
0.605184 0.0318581 -0.0418027
0.729472 -0.0855799 0.0501389
0.659865 0.0514365 0.0549779
0.620102 -0.0366515 -0.0418027
0.615126 0.0269652 0.0549779
0.699641 -0.0415394 -0.0418027
0.649924 0.0416486 -0.0418027
0.689692 0.0514387 0.0549779
0.570384 0.0514301 -0.0127685
0.58531 -0.114952 0.0356218
0.659866 0.0416493 0.0549779
0.72947 -0.0611118 -0.0418027
0.644949 0.095478 0.0549779
0.664836 0.0514369 0.0549779
0.659867 0.031862 0.0549779
0.580327 0.0465372 0.0549779
0.69467 -0.0464334 0.0549779
0.600217 -0.0317593 -0.0418027
0.570387 0.0122812 0.0356218
0.674787 -0.0611157 0.0549779
0.570391 -0.0415487 -0.0224466
0.590267 0.071006 -0.0418027
0.654903 -0.075798 0.0549779
0.659869 -0.00728692 0.0549779
0.570395 -0.100272 0.0356218
0.610151 0.0807947 -0.0418027
0.580335 -0.0709097 -0.0418027
0.575352 0.10526 -0.0418027
0.659864 0.0759046 -0.0418027
0.724496 -0.0317504 0.0549779
0.620102 -0.0366515 0.0549779
0.659871 -0.0219678 0.0549779
0.595238 0.0759 0.0549779
0.714557 -0.0757937 -0.0418027
0.659871 -0.0268614 0.0549779
0.659874 -0.0757976 0.0549779
0.729463 0.0269734 0.0162657
0.679759 -0.0709026 0.0549779
0.659875 -0.0855848 0.0549779
0.644957 -0.0268625 -0.0418027
0.620092 0.105264 0.0549779
0.625077 -0.0855873 0.0549779
0.659861 0.115054 -0.0418027
0.664847 -0.100265 -0.0418027
0.625065 0.0856894 0.0549779
0.669809 0.0367564 0.0549779
0.570385 0.0465365 0.0404608
0.570384 0.0563237 0.0501389
0.575352 0.100367 0.0549779
0.580338 -0.114952 0.0549779
0.615137 -0.11495 0.0211047
0.659877 -0.105159 0.0549779
0.585299 0.0318567 0.0549779
0.669819 -0.100265 0.0549779
0.659877 -0.110053 0.0549779
0.714553 -0.0121766 -0.0418027
0.72449 0.0612284 -0.0418027
0.635021 -0.114948 -0.0321247
0.570395 -0.0953785 -0.0272856
0.664832 0.11016 0.0549779
0.709583 -0.0268578 0.0549779
0.664833 0.0954795 0.0549779
0.719515 0.115058 0.0549779
0.659864 0.0661174 -0.0418027
0.729457 0.110165 0.0501389
0.630049 -0.100268 0.0549779
0.585308 -0.0904838 0.0549779
0.570381 0.0954727 0.0211047
0.664834 0.0856922 0.0549779
0.719525 -0.0317508 -0.0418027
0.610155 0.0318585 -0.0418027
0.674791 -0.114945 -0.0369637
0.590272 0.0122826 0.0549779
0.654899 -0.0219681 -0.0418027
0.719515 0.115058 0.0307827
0.575359 -0.00239934 0.0549779
0.570393 -0.0660167 -0.0176076
0.724493 0.0220794 0.0549779
0.620108 -0.114949 0.0501389
0.729461 0.0612287 0.0404608
0.724502 -0.114942 0.0501389
0.600217 -0.0317593 0.0549779
0.570396 -0.110059 -0.0224466
0.664837 0.0416496 0.0549779
0.63502 -0.100267 0.0549779
0.570386 0.0220684 0.0404608
0.664839 0.0171815 0.0549779
0.649935 -0.114947 -0.0272856
0.714556 -0.0611128 0.0549779
0.570381 0.0905791 0.0114266
0.669805 0.0856926 -0.0418027
0.605189 -0.0415462 -0.0418027
0.595244 -0.00729154 -0.0418027
0.72947 -0.070899 0.0452998
0.654903 -0.0709043 0.0549779
0.669803 0.115054 -0.0176076
0.570382 0.0856855 0.0307827
0.659861 0.115054 -0.0176076
0.644962 -0.0953731 0.0549779
0.66484 -0.00239294 0.0549779
0.664841 -0.00728656 0.0549779
0.590264 0.115049 -0.0418027
0.605194 -0.11495 -0.0321247
0.729469 -0.0464309 0.0452998
0.60021 0.0661131 -0.0418027
0.625063 0.110157 0.0549779
0.72947 -0.0611118 0.0501389
0.615126 0.0367525 -0.0418027
0.664843 -0.0415419 0.0549779
0.60519 -0.056227 -0.0418027
0.570388 -0.00729331 0.0114266
0.664843 -0.0464355 0.0549779
0.600214 0.0122833 0.0549779
0.590264 0.115049 0.0404608
0.630038 0.0612216 -0.0418027
0.639986 -0.0170756 0.0549779
0.570392 -0.0562295 -0.00309048
0.674775 0.100374 0.0549779
0.729473 -0.105154 0.0114266
0.669809 0.0269691 0.0549779
0.664844 -0.0562228 0.0549779
0.570392 -0.0611231 -0.0418027
0.649922 0.0710103 0.0549779
0.70461 -0.0121773 -0.0418027
0.664845 -0.0611164 0.0549779
0.729469 -0.0513245 0.0211047
0.724489 0.0759092 0.0549779
0.575366 -0.100272 -0.0418027
0.664847 -0.0904781 0.0549779
0.679757 -0.0464345 0.0549779
0.570387 0.0122812 0.0549779
0.595245 -0.0170788 0.0549779
0.719515 0.115058 0.00174856
0.664848 -0.110053 0.0549779
0.669817 -0.0806905 0.0549779
0.699647 -0.114944 0.0307827
0.625063 0.115051 -0.0418027
0.570385 0.0465365 -0.0418027
0.669803 0.115054 0.0549779
0.635009 0.0514347 0.0549779
0.639989 -0.0709054 0.0549779
0.689694 0.0318642 0.0549779
0.580334 -0.0513352 -0.0418027
0.570386 0.0318556 0.0211047
0.605194 -0.11495 -0.0369637
0.669804 0.105267 0.0549779
0.72947 -0.070899 0.0211047
0.615129 -0.0121837 0.0549779
0.600213 0.0220705 0.0549779
0.669804 0.100373 0.0549779
0.729466 -0.0121756 0.0356218
0.570384 0.0612174 -0.0418027
0.669805 0.0905862 0.0549779
0.669805 0.0856926 0.0549779
0.570384 0.0514301 0.0452998
0.58531 -0.114952 0.00174856
0.570386 0.0318556 -0.00792951
0.669806 0.0759053 0.0549779
0.729457 0.110165 0.0307827
0.605182 0.0514326 0.0549779
0.699634 0.0612266 -0.0418027
0.669809 0.0318628 0.0549779
0.605185 0.0171773 0.0549779
0.669812 -0.0121798 0.0549779
0.570394 -0.0806976 0.0549779
0.654895 0.0367553 -0.0418027
0.570384 0.0612174 -0.0224466
0.669813 -0.0219671 0.0549779
0.729472 -0.0953671 -0.00309048
0.709587 -0.0855813 0.0549779
0.704602 0.110163 0.0549779
0.66484 0.00250068 -0.0418027
0.600221 -0.0855891 0.0549779
0.729474 -0.114942 0.0549779
0.669814 -0.0415415 0.0549779
0.694671 -0.0562206 0.0549779
0.669814 -0.0317543 0.0549779
0.669817 -0.0855841 0.0549779
0.654896 0.0318617 -0.0418027
0.669819 -0.105159 0.0549779
0.72946 0.0759096 -0.0418027
0.605184 0.0269645 0.0549779
0.709572 0.115057 -0.0176076
0.724494 0.00739856 -0.0418027
0.674775 0.110161 0.0549779
0.67976 -0.0855834 0.0549779
0.729472 -0.0904735 0.0307827
0.704612 -0.0366454 0.0549779
0.674776 0.0856929 0.0549779
0.679762 -0.110052 0.0549779
0.729474 -0.114942 0.0307827
0.674778 0.0563312 0.0549779
0.620102 -0.0317579 -0.0418027
0.674787 -0.0660093 0.0549779
0.729461 0.0563351 0.0162657
0.615131 -0.0366518 0.0549779
0.679754 -0.00239188 -0.0418027
0.714558 -0.0855809 -0.0418027
0.729464 0.0122925 0.0307827
0.674784 -0.0219667 0.0549779
0.699643 -0.0660075 0.0549779
0.605188 -0.0219717 0.0549779
0.575358 0.0171751 0.0549779
0.595252 -0.110058 -0.0418027
0.590267 0.0807933 -0.0418027
0.649931 -0.0562238 0.0549779
0.61016 -0.0415458 0.0549779
0.674788 -0.0757965 0.0549779
0.709589 -0.114943 0.0549779
0.704604 0.0808014 0.0549779
0.590277 -0.0660153 0.0549779
0.674789 -0.0904774 0.0549779
0.610149 0.11505 0.0114266
0.674791 -0.114945 0.0549779
0.595252 -0.114951 0.0549779
0.729464 0.0171862 0.00174856
0.694664 0.0416518 -0.0418027
0.610162 -0.0660139 0.0549779
0.679746 0.110161 0.0549779
0.57038 0.10526 0.00174856
0.590272 0.0122826 -0.0418027
0.679745 0.115055 -0.0224466
0.625075 -0.0562256 0.0549779
0.729473 -0.110048 0.0356218
0.709578 0.0367592 -0.0418027
0.570393 -0.075804 0.0211047
0.679748 0.0856933 0.0549779
0.610156 0.0220712 0.0549779
0.570382 0.0807918 0.0404608
0.585295 0.0954738 0.0549779
0.679751 0.0367571 0.0549779
0.679752 0.0269698 0.0549779
0.659862 0.100373 0.0549779
0.664846 -0.0855845 0.0549779
0.679754 -0.0072855 0.0549779
0.570396 -0.114953 0.0404608
0.659861 0.11016 -0.0418027
0.664847 -0.0953717 -0.0418027
0.679756 -0.02686 0.0549779
0.729466 -0.00238832 0.0307827
0.724486 0.115058 -0.0272856
0.625071 0.00249784 -0.0418027
0.610156 0.0171776 -0.0418027
0.570386 0.0318556 0.0307827
0.595239 0.0710064 -0.0418027
0.729469 -0.0464309 0.0259437
0.679757 -0.0415408 0.0549779
0.635018 -0.0611185 -0.0418027
0.570389 -0.0121869 0.0549779
0.595246 -0.0366533 0.0549779
0.570388 -0.00239969 -0.0224466
0.679758 -0.0562217 0.0549779
0.699635 0.0514394 0.0549779
0.59028 -0.105164 -0.0418027
0.595239 0.0612191 0.0549779
0.679758 -0.0660089 0.0549779
0.679761 -0.100264 0.0549779
0.654905 -0.10516 0.0549779
0.605178 0.11505 -0.00309048
0.649922 0.0661167 -0.0418027
0.649922 0.0612231 -0.0418027
0.729468 -0.0415373 0.0211047
0.649923 0.0563294 -0.0418027
0.66484 0.0073943 0.0549779
0.649923 0.0514358 -0.0418027
0.649923 0.0465422 -0.0418027
0.585299 0.0367503 -0.0418027
0.649924 0.036755 -0.0418027
0.72947 -0.0660054 0.0211047
0.649924 0.0318613 -0.0418027
0.57038 0.10526 -0.0127685
0.649925 0.0269677 -0.0418027
0.719517 0.0856961 -0.0418027
0.649925 0.0220741 -0.0418027
0.570389 -0.0170806 -0.0418027
0.649925 0.0171805 -0.0418027
0.570396 -0.114953 -0.0321247
0.704601 0.115057 -0.0418027
0.649926 0.0122869 -0.0418027
0.684717 0.115055 0.0307827
0.729463 0.031867 -0.0224466
0.714547 0.0661213 -0.0418027
0.649926 0.00249961 -0.0418027
0.694669 -0.0268589 -0.0418027
0.71456 -0.114943 -0.0176076
0.615137 -0.11495 -0.0176076
0.649927 -0.00728763 -0.0418027
0.704616 -0.0953689 -0.0418027
0.649928 -0.0170749 -0.0418027
0.68472 0.0710128 -0.0418027
0.585295 0.0905802 0.0549779
0.570384 0.0563237 0.0356218
0.729471 -0.0757926 -0.00792951
0.635007 0.0905837 0.0549779
0.649929 -0.0268621 -0.0418027
0.57039 -0.0317614 0.0162657
0.649929 -0.0317557 -0.0418027
0.64993 -0.041543 -0.0418027
0.64993 -0.0464366 -0.0418027
0.649931 -0.0660111 -0.0418027
0.729464 0.0171862 0.0452998
0.649932 -0.0757983 -0.0418027
0.689704 -0.114944 -0.0272856
0.724502 -0.105155 -0.0418027
0.635016 -0.041544 0.0549779
0.644953 0.0367546 0.0549779
0.729461 0.0612287 0.0501389
0.649932 -0.0806919 -0.0418027
0.729461 0.0563351 0.0404608
0.649933 -0.0953728 -0.0418027
0.600223 -0.114951 0.0114266
0.649934 -0.10516 -0.0418027
0.654891 0.0954787 -0.0418027
0.60022 -0.0660146 -0.0418027
0.719524 -0.0170699 -0.0418027
0.654891 0.0905851 -0.0418027
0.654892 0.0856915 -0.0418027
0.654892 0.0807979 -0.0418027
0.654893 0.0710106 -0.0418027
0.659877 -0.110053 -0.0418027
0.570388 -0.00729331 0.0162657
0.654893 0.066117 -0.0418027
0.654893 0.0612234 -0.0418027
0.654894 0.0465425 -0.0418027
0.729469 -0.0562181 -0.0418027
0.654896 0.0220744 -0.0418027
0.654897 0.00739359 -0.0418027
0.654898 -0.00239365 -0.0418027
0.654898 -0.00728727 -0.0418027
0.610157 0.00249677 0.0549779
0.654899 -0.0121809 -0.0418027
0.654899 -0.0170745 -0.0418027
0.6549 -0.0268618 -0.0418027
0.729459 0.0905905 0.0307827
0.654901 -0.0415426 -0.0418027
0.654901 -0.0464362 -0.0418027
0.654902 -0.0562235 -0.0418027
0.654903 -0.0709043 -0.0418027
0.694672 -0.0709015 -0.0418027
0.654903 -0.075798 -0.0418027
0.654905 -0.100266 -0.0418027
0.729465 0.00739892 0.00174856
0.654905 -0.10516 -0.0418027
0.659861 0.105266 -0.0418027
0.570385 0.0416429 0.0162657
0.635021 -0.114948 0.0356218
0.704615 -0.0709008 -0.0418027
0.659862 0.0954791 -0.0418027
0.644961 -0.070905 0.0549779
0.659863 0.0905855 -0.0418027
0.664846 -0.0757972 -0.0418027
0.659863 0.0856919 -0.0418027
0.664845 -0.0709036 -0.0418027
0.679753 0.00739536 -0.0418027
0.659863 0.0807982 -0.0418027
0.659864 0.071011 -0.0418027
0.659866 0.0465429 -0.0418027
0.615128 0.0122844 0.0549779
0.699636 0.0367585 0.0549779
0.659867 0.031862 -0.0418027
0.620105 -0.0806941 -0.0418027
0.654897 0.0171808 -0.0418027
0.57038 0.110154 -0.0176076
0.659867 0.0269684 -0.0418027
0.654897 0.0122872 -0.0418027
0.570382 0.0807918 0.0356218
0.615129 -0.00729011 -0.0418027
0.659868 0.0122876 -0.0418027
0.704618 -0.114943 0.0452998
0.659868 0.00739394 -0.0418027
0.729468 -0.0415373 -0.0321247
0.659869 -0.0023933 -0.0418027
0.729468 -0.0366437 -0.0127685
0.659869 -0.00728692 -0.0418027
0.649918 0.115053 -0.0321247
0.615134 -0.0806944 -0.0418027
0.65987 -0.0121805 -0.0418027
0.659871 -0.0268614 -0.0418027
0.659871 -0.031755 -0.0418027
0.659872 -0.0464359 -0.0418027
0.659873 -0.0562231 -0.0418027
0.630034 0.105264 -0.0418027
0.659874 -0.070904 -0.0418027
0.729467 -0.0268564 -0.00792951
0.659874 -0.0757976 -0.0418027
0.570387 0.0171748 0.0259437
0.659875 -0.0855848 -0.0418027
0.570393 -0.075804 0.0404608
0.610149 0.11505 -0.0321247
0.659875 -0.0904785 -0.0418027
0.625072 -0.0219703 0.0549779
0.659876 -0.0953721 -0.0418027
0.590269 0.0465379 0.0549779
0.729462 0.0465479 -0.0418027
0.729465 0.00739892 0.0114266
0.679762 -0.114945 0.0452998
0.659877 -0.105159 -0.0418027
0.664832 0.11016 -0.0418027
0.570384 0.0514301 -0.00309048
0.644948 0.110159 -0.0418027
0.58531 -0.114952 0.0501389
0.664833 0.105267 -0.0418027
0.729461 0.0661224 0.0211047
0.714552 -0.00238939 0.0549779
0.664833 0.100373 -0.0418027
0.570384 0.0563237 -0.0418027
0.664834 0.0905858 -0.0418027
0.6549 -0.0317554 0.0549779
0.664835 0.0661177 -0.0418027
0.63005 -0.114949 0.0307827
0.570387 0.00738755 0.0259437
0.664837 0.0465433 -0.0418027
0.570385 0.0367493 0.0307827
0.664837 0.0416496 -0.0418027
0.664838 0.0269688 -0.0418027
0.605182 0.0612199 0.0549779
0.679753 0.00250174 0.0549779
0.664839 0.0220752 -0.0418027
0.66484 0.0073943 -0.0418027
0.664841 -0.00728656 -0.0418027
0.664841 -0.0121802 -0.0418027
0.719515 0.115058 0.0259437
0.664841 -0.0170738 -0.0418027
0.699647 -0.114944 0.00174856
0.679745 0.115055 0.00174856
0.625069 0.0269659 -0.0418027
0.585305 -0.0513348 0.0549779
0.664843 -0.0464355 -0.0418027
0.664844 -0.0513291 -0.0418027
0.729458 0.105271 0.0307827
0.580322 0.115048 -0.0418027
0.664844 -0.0562228 -0.0418027
0.610165 -0.11495 -0.0321247
0.694674 -0.100263 0.0549779
0.664845 -0.0611164 -0.0418027
0.71456 -0.114943 0.00658759
0.664846 -0.0806909 -0.0418027
0.664848 -0.105159 -0.0418027
0.664848 -0.110053 -0.0418027
0.669817 -0.0806905 -0.0418027
0.644963 -0.110054 0.0549779
0.664848 -0.114946 -0.0418027
0.71456 -0.114943 0.0211047
0.669803 0.115054 -0.0418027
0.669804 0.105267 -0.0418027
0.669804 0.100373 -0.0418027
0.69963 0.115056 -0.0176076
0.669805 0.0954798 -0.0418027
0.570384 0.0612174 0.0549779
0.669805 0.0905862 -0.0418027
0.669806 0.080799 -0.0418027
0.600216 -0.0170784 0.0549779
0.669806 0.0710117 -0.0418027
0.689696 -0.00239117 -0.0418027
0.724497 -0.0415376 -0.0418027
0.570389 -0.0121869 -0.00309048
0.664835 0.0710114 0.0549779
0.669807 0.0563309 -0.0418027
0.689697 -0.017072 -0.0418027
0.580338 -0.114952 0.0307827
0.669808 0.0514372 -0.0418027
0.669808 0.0465436 -0.0418027
0.729471 -0.0757926 -0.0176076
0.570389 -0.0219742 0.0162657
0.669809 0.0367564 -0.0418027
0.674782 0.0122886 -0.0418027
0.724499 -0.0660057 -0.0418027
0.570391 -0.036655 -0.00309048
0.669809 0.0269691 -0.0418027
0.585304 -0.0317603 -0.0418027
0.630043 -0.0121827 0.0549779
0.570381 0.0954727 0.0356218
0.575362 -0.0464419 -0.0418027
0.595252 -0.114951 -0.0321247
0.635021 -0.114948 0.0211047
0.66981 0.0220755 -0.0418027
0.66981 0.0171819 -0.0418027
0.669811 0.00250103 -0.0418027
0.669814 -0.0317543 -0.0418027
0.664848 -0.114946 -0.0176076
0.669814 -0.0366479 -0.0418027
0.654899 -0.0219681 0.0549779
0.570385 0.0416429 0.0452998
0.669815 -0.0464352 -0.0418027
0.570386 0.0220684 -0.0369637
0.669815 -0.0513288 -0.0418027
0.669815 -0.0562224 -0.0418027
0.669816 -0.0660096 -0.0418027
0.625067 0.0465404 0.0549779
0.63005 -0.114949 0.0356218
0.669816 -0.0709033 -0.0418027
0.639976 0.115052 0.0259437
0.709582 -0.012177 -0.0418027
0.729464 0.0171862 -0.0369637
0.669817 -0.0757969 -0.0418027
0.729463 0.031867 -0.0321247
0.580326 0.0661117 0.0549779
0.669818 -0.0904777 -0.0418027
0.684717 0.115055 -0.0224466
0.669818 -0.0953714 -0.0418027
0.669819 -0.100265 -0.0418027
0.674775 0.105267 -0.0418027
0.67976 -0.090477 -0.0418027
0.570388 -0.00239969 -0.0272856
0.674775 0.100374 -0.0418027
0.674776 0.0954802 -0.0418027
0.67976 -0.0953707 -0.0418027
0.674777 0.0759057 -0.0418027
0.63999 -0.0855863 -0.0418027
0.635008 0.0661156 -0.0418027
0.674777 0.0710121 -0.0418027
0.600223 -0.114951 0.00658759
0.570392 -0.0611231 0.0452998
0.674778 0.0612248 -0.0418027
0.674778 0.0563312 -0.0418027
0.674779 0.046544 -0.0418027
0.644958 -0.0415433 -0.0418027
0.719525 -0.0268571 -0.0418027
0.67478 0.0416503 -0.0418027
0.674781 0.0269695 -0.0418027
0.7245 -0.075793 -0.0418027
0.674781 0.0220759 -0.0418027
0.58531 -0.114952 -0.0369637
0.674782 0.00739501 -0.0418027
0.570388 0.00249393 0.0114266
0.674783 -0.00728585 -0.0418027
0.66982 -0.114946 -0.0369637
0.674783 -0.0121795 -0.0418027
0.674784 -0.0170731 -0.0418027
0.674784 -0.0219667 -0.0418027
0.674785 -0.0317539 -0.0418027
0.600209 0.0759004 -0.0418027
0.674785 -0.0415412 -0.0418027
0.674786 -0.0464348 -0.0418027
0.674786 -0.0513284 -0.0418027
0.674787 -0.0562221 -0.0418027
0.729472 -0.0904735 0.0404608
0.674787 -0.0611157 -0.0418027
0.694675 -0.114944 -0.0272856
0.729463 0.0269734 -0.00792951
0.674788 -0.0709029 -0.0418027
0.674788 -0.0757965 -0.0418027
0.590277 -0.0611217 -0.0418027
0.625071 -0.0072894 0.0549779
0.674789 -0.0855838 -0.0418027
0.729464 0.0220798 -0.0224466
0.590277 -0.0660153 -0.0418027
0.674789 -0.0904774 -0.0418027
0.570391 -0.036655 0.0211047
0.600207 0.115049 -0.0176076
0.729463 0.0367606 0.0501389
0.67479 -0.105158 -0.0418027
0.679745 0.115055 -0.0418027
0.570389 -0.0121869 -0.0224466
0.610162 -0.0660139 -0.0418027
0.679746 0.110161 -0.0418027
0.679746 0.105268 -0.0418027
0.709579 0.0220784 -0.0418027
0.72947 -0.070899 0.0501389
0.679747 0.100374 -0.0418027
0.709578 0.0318656 -0.0418027
0.679747 0.0905869 -0.0418027
0.679748 0.0856933 -0.0418027
0.605178 0.11505 -0.0272856
0.724495 -0.0072823 0.0549779
0.729458 0.100378 0.0549779
0.679748 0.0807997 -0.0418027
0.649921 0.0807975 -0.0418027
0.654906 -0.114947 -0.0418027
0.679749 0.0710124 -0.0418027
0.72947 -0.0611118 0.00658759
0.639977 0.0954777 0.0549779
0.679749 0.0661188 -0.0418027
0.570384 0.0563237 0.0259437
0.67975 0.0563316 -0.0418027
0.729457 0.110165 0.0259437
0.709582 -0.0170706 0.0549779
0.679751 0.0416507 -0.0418027
0.625079 -0.114949 0.0404608
0.679751 0.0367571 -0.0418027
0.679751 0.0318635 -0.0418027
0.679752 0.0269698 -0.0418027
0.575358 0.0122815 0.0549779
0.679753 0.012289 -0.0418027
0.570384 0.0563237 0.00174856
0.575367 -0.105165 0.0549779
0.679753 0.00250174 -0.0418027
0.679754 -0.0072855 -0.0418027
0.679755 -0.0121791 -0.0418027
0.679755 -0.0170727 -0.0418027
0.659861 0.11016 0.0549779
0.664847 -0.0953717 0.0549779
0.679756 -0.02686 -0.0418027
0.644963 -0.100267 0.0549779
0.679756 -0.0366472 -0.0418027
0.679758 -0.0562217 -0.0418027
0.570385 0.0367493 -0.0369637
0.644964 -0.114948 0.0162657
0.729473 -0.100261 0.00658759
0.679758 -0.0611153 -0.0418027
0.620091 0.115051 0.0211047
0.679758 -0.0660089 -0.0418027
0.679759 -0.0709026 -0.0418027
0.679745 0.115055 -0.00792951
0.729473 -0.110048 0.0501389
0.679759 -0.0757962 -0.0418027
0.729474 -0.114942 0.0501389
0.679761 -0.100264 -0.0418027
0.679761 -0.105158 -0.0418027
0.729464 0.0220798 -0.0369637
0.684717 0.115055 -0.0418027
0.684719 0.0808 -0.0418027
0.684719 0.0759064 -0.0418027
0.68472 0.0661192 -0.0418027
0.679752 0.0171826 -0.0418027
0.68472 0.0612255 -0.0418027
0.684721 0.0563319 -0.0418027
0.684721 0.0514383 -0.0418027
0.684722 0.0416511 -0.0418027
0.684722 0.0367574 -0.0418027
0.699647 -0.114944 0.0404608
0.684723 0.0318638 -0.0418027
0.644955 0.0122865 -0.0418027
0.570381 0.0954727 0.0307827
0.719523 0.00250459 0.0549779
0.644949 0.0905844 0.0549779
0.704618 -0.114943 0.0501389
0.644962 -0.0904795 -0.0418027
0.684724 0.0122893 -0.0418027
0.684724 0.00739572 -0.0418027
0.684725 0.0025021 -0.0418027
0.615121 0.10037 -0.0418027
0.684725 -0.00728514 -0.0418027
0.570389 -0.0121869 -0.0127685
0.72946 0.071016 -0.00792951
0.585299 0.0269631 0.0549779
0.595238 0.0807936 -0.0418027
0.610165 -0.11495 -0.0176076
0.684726 -0.0121788 -0.0418027
0.595237 0.100368 -0.0418027
0.729458 0.105271 0.0356218
0.684726 -0.0170724 -0.0418027
0.684727 -0.0366469 -0.0418027
0.649933 -0.0904792 0.0549779
0.684729 -0.0513277 -0.0418027
0.68473 -0.0660086 -0.0418027
0.704606 0.0514397 0.0549779
0.610158 -0.00729047 0.0549779
0.68473 -0.0757958 -0.0418027
0.684731 -0.0806894 -0.0418027
0.71455 0.0220787 0.0549779
0.684731 -0.0855831 -0.0418027
0.684731 -0.0904767 -0.0418027
0.570391 -0.036655 0.00658759
0.684732 -0.100264 -0.0418027
0.684732 -0.105158 -0.0418027
0.674784 -0.0268603 -0.0418027
0.684733 -0.110051 -0.0418027
0.644947 0.115053 -0.0176076
0.590277 -0.0562281 0.0549779
0.684733 -0.114945 -0.0418027
0.689688 0.110162 -0.0418027
0.659861 0.115054 0.0501389
0.570395 -0.0953785 0.0549779
0.689688 0.105268 -0.0418027
0.694674 -0.090476 -0.0418027
0.689689 0.100375 -0.0418027
0.66982 -0.114946 0.0211047
0.625074 -0.0464384 -0.0418027
0.689689 0.0954812 -0.0418027
0.694675 -0.105157 -0.0418027
0.68969 0.0905876 -0.0418027
0.620108 -0.114949 0.0162657
0.709589 -0.114943 -0.0127685
0.61512 0.11505 -0.00792951
0.68969 0.085694 -0.0418027
0.590281 -0.114952 0.00658759
0.689691 0.0710131 -0.0418027
0.570381 0.100366 0.0404608
0.689691 0.0661195 -0.0418027
0.689692 0.0612259 -0.0418027
0.689692 0.0514387 -0.0418027
0.580336 -0.0855905 0.0549779
0.689694 0.0269706 -0.0418027
0.605178 0.11505 0.0259437
0.729458 0.100378 0.0356218
0.689694 0.0220769 -0.0418027
0.689695 0.0122897 -0.0418027
0.689695 0.00739607 -0.0418027
0.664848 -0.114946 0.0404608
0.689696 0.00250245 -0.0418027
0.570389 -0.0121869 0.0259437
0.635014 -0.0170759 -0.0418027
0.72946 0.071016 0.0307827
0.610165 -0.11495 0.0452998
0.689698 -0.0317529 -0.0418027
0.630034 0.115051 0.0404608
0.570391 -0.0464423 0.0452998
0.639988 -0.0464373 0.0549779
0.689699 -0.0415401 -0.0418027
0.635005 0.115052 -0.0176076
0.639987 -0.0366501 0.0549779
0.689699 -0.0464337 -0.0418027
0.72946 0.071016 0.0259437
0.6897 -0.0513274 -0.0418027
0.570393 -0.0709104 -0.00792951
0.6897 -0.0611146 -0.0418027
0.729459 0.0905905 0.0211047
0.689701 -0.0660082 -0.0418027
0.684733 -0.114945 0.0259437
0.605184 0.0318581 0.0549779
0.689701 -0.0709018 -0.0418027
0.674782 0.00250139 -0.0418027
0.674791 -0.114945 0.00174856
0.689702 -0.0855827 -0.0418027
0.689704 -0.110051 -0.0418027
0.684717 0.115055 -0.0369637
0.729464 0.0220798 -0.0418027
0.689704 -0.114944 -0.0418027
0.694659 0.115056 -0.0418027
0.615126 0.0318588 -0.0418027
0.729459 0.0905905 0.0452998
0.724494 0.00250494 0.0549779
0.610154 0.051433 -0.0418027
0.729459 0.0856968 0.0307827
0.694661 0.0856944 -0.0418027
0.729472 -0.0855799 0.0356218
0.625076 -0.0758001 0.0549779
0.694661 0.0808007 -0.0418027
0.659873 -0.0513295 -0.0418027
0.694662 0.0759071 -0.0418027
0.729462 0.0514415 -0.0272856
0.630048 -0.085587 0.0549779
0.694663 0.0612262 -0.0418027
0.694663 0.0563326 -0.0418027
0.709583 -0.0317515 0.0549779
0.625079 -0.114949 0.0452998
0.729464 0.0220798 0.00174856
0.694664 0.0465454 -0.0418027
0.570396 -0.114953 0.0356218
0.729463 0.0269734 -0.00309048
0.694665 0.0367582 -0.0418027
0.729466 -0.00728194 -0.0321247
0.694666 0.0171837 -0.0418027
0.694667 0.00739643 -0.0418027
0.709586 -0.0709004 -0.0418027
0.694667 0.00250281 -0.0418027
0.69467 -0.0366462 -0.0418027
0.625079 -0.114949 0.00174856
0.694671 -0.051327 -0.0418027
0.694671 -0.0562206 -0.0418027
0.694672 -0.0660079 -0.0418027
0.694673 -0.0806887 -0.0418027
0.729474 -0.114942 0.0211047
0.575361 -0.0317611 0.0549779
0.694674 -0.0953696 -0.0418027
0.724488 0.0856965 0.0549779
0.694674 -0.100263 -0.0418027
0.694675 -0.11005 -0.0418027
0.699632 0.0905883 -0.0418027
0.699645 -0.0953692 -0.0418027
0.570382 0.0856855 -0.00792951
0.699632 0.0856947 -0.0418027
0.625063 0.115051 -0.00792951
0.724502 -0.105155 0.0549779
0.600222 -0.10027 -0.0418027
0.699633 0.0710138 -0.0418027
0.719527 -0.0562189 -0.0418027
0.570381 0.0954727 -0.0272856
0.59028 -0.100271 0.0549779
0.729469 -0.0562181 0.0356218
0.699634 0.056333 -0.0418027
0.729467 -0.0170692 0.0307827
0.59028 -0.105164 0.0549779
0.699635 0.0514394 -0.0418027
0.570387 0.00738755 0.0162657
0.729467 -0.0219628 0.0259437
0.699636 0.0367585 -0.0418027
0.729458 0.100378 0.0404608
0.699636 0.0318649 -0.0418027
0.729459 0.0954841 0.0452998
0.689688 0.115056 0.0162657
0.729472 -0.0953671 -0.0321247
0.605186 0.00249641 0.0549779
0.699637 0.017184 -0.0418027
0.664842 -0.026861 -0.0418027
0.699637 0.0122904 -0.0418027
0.709586 -0.0806877 -0.0418027
0.729462 0.0514415 0.0356218
0.699638 -0.00239045 -0.0418027
0.570391 -0.0415487 -0.0321247
0.729474 -0.114942 -0.00309048
0.699639 -0.0121777 -0.0418027
0.620106 -0.0904813 -0.0418027
0.699641 -0.0317522 -0.0418027
0.699641 -0.0366458 -0.0418027
0.674781 0.0171822 -0.0418027
0.57038 0.10526 0.0549779
0.699642 -0.046433 -0.0418027
0.699642 -0.0562203 -0.0418027
0.570393 -0.075804 -0.0176076
0.679762 -0.114945 -0.00792951
0.699643 -0.0611139 -0.0418027
0.724502 -0.114942 -0.0224466
0.699643 -0.0660075 -0.0418027
0.699643 -0.0709011 -0.0418027
0.699644 -0.0757948 -0.0418027
0.699646 -0.100263 -0.0418027
0.699647 -0.114944 -0.0418027
0.704602 0.110163 -0.0418027
0.709587 -0.0855813 -0.0418027
0.704602 0.10527 -0.0418027
0.709587 -0.0904749 -0.0418027
0.704604 0.0759078 -0.0418027
0.719531 -0.110049 -0.0418027
0.704605 0.0661206 -0.0418027
0.68473 -0.0709022 0.0549779
0.704605 0.0563333 -0.0418027
0.610158 -0.00729047 -0.0418027
0.68473 -0.0757958 0.0549779
0.704606 0.0514397 -0.0418027
0.704607 0.0416525 -0.0418027
0.729467 -0.0170692 0.0259437
0.704607 0.0367589 -0.0418027
0.570385 0.0367493 0.0501389
0.704607 0.0318652 -0.0418027
0.615136 -0.100269 0.0549779
0.709585 -0.0562196 -0.0418027
0.704608 0.022078 -0.0418027
0.570382 0.0758982 0.0404608
0.694659 0.110162 -0.0418027
0.704609 0.0122908 -0.0418027
0.704609 0.00739714 -0.0418027
0.704609 0.00250352 -0.0418027
0.570391 -0.036655 0.0114266
0.709575 0.0808018 0.0549779
0.704611 -0.017071 -0.0418027
0.635005 0.115052 0.0307827
0.704612 -0.0415391 -0.0418027
0.669812 -0.00728621 -0.0418027
0.704613 -0.0513263 -0.0418027
0.704614 -0.0611135 -0.0418027
0.644957 -0.0219688 -0.0418027
0.585302 -0.0121859 0.0549779
0.704615 -0.0757944 -0.0418027
0.704617 -0.100263 -0.0418027
0.704617 -0.105156 -0.0418027
0.704617 -0.11005 -0.0418027
0.704618 -0.114943 -0.0418027
0.709572 0.115057 -0.0418027
0.595238 0.0807936 0.0549779
0.679749 0.0612252 -0.0418027
0.709573 0.110164 -0.0418027
0.709573 0.10527 -0.0418027
0.649919 0.105266 -0.0418027
0.654904 -0.0904788 -0.0418027
0.57039 -0.0317614 0.0259437
0.57038 0.10526 0.0452998
0.709574 0.100376 -0.0418027
0.729469 -0.0562181 0.0211047
0.709574 0.0954827 -0.0418027
0.709576 0.0661209 -0.0418027
0.63998 0.0612223 -0.0418027
0.57038 0.115047 0.0404608
0.709577 0.0563337 -0.0418027
0.729457 0.115059 0.0162657
0.615123 0.0759014 0.0549779
0.620093 0.085689 -0.0418027
0.709577 0.0514401 -0.0418027
0.610165 -0.11495 0.0162657
0.709577 0.0465465 -0.0418027
0.714544 0.10527 -0.0418027
0.709578 0.0416528 -0.0418027
0.630047 -0.0709061 0.0549779
0.709579 0.026972 -0.0418027
0.724496 -0.0317504 -0.0418027
0.709579 0.0171847 -0.0418027
0.70958 0.0122911 -0.0418027
0.70958 0.0073975 -0.0418027
0.585309 -0.110058 0.0549779
0.684733 -0.114945 0.0404608
0.729469 -0.0562181 -0.0127685
0.709581 -0.00238974 -0.0418027
0.709581 -0.00728336 -0.0418027
0.595236 0.115049 0.0452998
0.689695 0.0171833 0.0549779
0.709582 -0.0219642 -0.0418027
0.709583 -0.0268578 -0.0418027
0.709583 -0.0317515 -0.0418027
0.679749 0.0661188 0.0549779
0.709584 -0.0415387 -0.0418027
0.570389 -0.0170806 0.0404608
0.674787 -0.0660093 -0.0418027
0.709584 -0.0513259 -0.0418027
0.570382 0.0758982 0.0259437
0.709585 -0.0611132 -0.0418027
0.709585 -0.0660068 -0.0418027
0.729471 -0.0806862 0.0162657
0.709586 -0.075794 -0.0418027
0.714548 0.0563341 -0.0418027
0.729461 0.0563351 0.0259437
0.635018 -0.0660121 0.0549779
0.709588 -0.100262 -0.0418027
0.709588 -0.105156 -0.0418027
0.729463 0.0269734 0.0356218
0.709573 0.110164 0.0549779
0.714544 0.110164 -0.0418027
0.709575 0.0759082 0.0549779
0.714545 0.100377 -0.0418027
0.729459 0.0954841 0.00658759
0.714545 0.0905894 -0.0418027
0.714546 0.0856958 -0.0418027
0.729466 -0.00238832 -0.0418027
0.729459 0.0905905 -0.0224466
0.714546 0.0759085 -0.0418027
0.659873 -0.0611167 0.0549779
0.714547 0.0710149 -0.0418027
0.620108 -0.114949 -0.0272856
0.689693 0.0416514 -0.0418027
0.570388 -0.00239969 0.0452998
0.729464 0.0171862 -0.0127685
0.714548 0.0514404 -0.0418027
0.620108 -0.114949 0.0356218
0.729462 0.0514415 -0.0176076
0.714549 0.0465468 -0.0418027
0.704613 -0.0464327 -0.0418027
0.570391 -0.0464423 -0.00792951
0.630045 -0.0366508 -0.0418027
0.714549 0.0416532 -0.0418027
0.605178 0.11505 0.0162657
0.714549 0.0367596 -0.0418027
0.644947 0.115053 0.0114266
0.71455 0.031866 -0.0418027
0.684717 0.115055 0.0162657
0.729463 0.031867 0.0162657
0.699644 -0.085582 0.0549779
0.71455 0.0269723 -0.0418027
0.729463 0.0269734 0.00658759
0.684731 -0.0855831 0.0549779
0.71455 0.0220787 -0.0418027
0.570383 0.0710046 0.0356218
0.714551 0.0122915 -0.0418027
0.590281 -0.114952 -0.0369637
0.714552 -0.00238939 -0.0418027
0.570394 -0.0806976 -0.0321247
0.729465 0.00739892 0.00658759
0.679762 -0.114945 0.0501389
0.714553 -0.0170702 -0.0418027
0.714553 -0.0219639 -0.0418027
0.570382 0.0807918 0.0211047
0.709585 -0.0611132 0.0549779
0.714554 -0.0366447 -0.0418027
0.714555 -0.046432 -0.0418027
0.570381 0.100366 -0.0127685
0.714556 -0.0562192 -0.0418027
0.620092 0.10037 0.0549779
0.625078 -0.0953746 0.0549779
0.570393 -0.075804 -0.00792951
0.714556 -0.0611128 -0.0418027
0.570387 0.0122812 -0.00309048
0.714557 -0.0660065 -0.0418027
0.714557 -0.0709001 -0.0418027
0.570384 0.0514301 -0.0272856
0.58531 -0.114952 0.0259437
0.714559 -0.0953682 -0.0418027
0.570385 0.0367493 -0.0272856
0.57039 -0.0268678 -0.0272856
0.714559 -0.100262 -0.0418027
0.71456 -0.110049 -0.0418027
0.689694 0.0318642 -0.0418027
0.570389 -0.0170806 0.0452998
0.69963 0.115056 -0.00792951
0.610156 0.012284 -0.0418027
0.719515 0.110164 -0.0418027
0.724501 -0.100261 -0.0418027
0.600223 -0.114951 0.0259437
0.600217 -0.0268657 -0.0418027
0.719516 0.105271 -0.0418027
0.724501 -0.0953675 -0.0418027
0.57038 0.10526 0.0307827
0.729463 0.0269734 0.0259437
0.719517 0.0905897 -0.0418027
0.7245 -0.0806866 -0.0418027
0.719517 0.0808025 -0.0418027
0.719519 0.061228 -0.0418027
0.719519 0.0563344 -0.0418027
0.570387 0.00738755 -0.0321247
0.72947 -0.070899 0.0356218
0.71952 0.0465472 -0.0418027
0.729468 -0.0415373 0.0114266
0.71952 0.0416535 -0.0418027
0.729462 0.0514415 0.0162657
0.615129 -0.00729011 0.0549779
0.719521 0.0269727 -0.0418027
0.58531 -0.114952 0.0162657
0.719521 0.0220791 -0.0418027
0.570387 0.00738755 -0.0272856
0.719522 0.00739821 -0.0418027
0.625063 0.115051 -0.0369637
0.719524 -0.00728265 -0.0418027
0.570393 -0.0709104 0.0259437
0.570385 0.0416429 -0.0321247
0.719524 -0.0121763 -0.0418027
0.719525 -0.0219635 -0.0418027
0.719526 -0.041538 -0.0418027
0.625064 0.10037 0.0549779
0.719526 -0.0464316 -0.0418027
0.644963 -0.10516 -0.0418027
0.729471 -0.0806862 0.0259437
0.57038 0.115047 0.0549779
0.719527 -0.0513252 -0.0418027
0.719528 -0.0708997 -0.0418027
0.729473 -0.105154 0.0259437
0.585297 0.0661121 -0.0418027
0.719528 -0.0757933 -0.0418027
0.719529 -0.0855806 -0.0418027
0.71953 -0.0904742 -0.0418027
0.570383 0.066111 0.0259437
0.729468 -0.03175 0.00658759
0.605194 -0.11495 -0.00309048
0.71953 -0.0953678 -0.0418027
0.729466 -0.00728194 0.0114266
0.595252 -0.114951 -0.00792951
0.719531 -0.114942 -0.0418027
0.724486 0.115058 -0.0418027
0.724486 0.110165 -0.0418027
0.605187 -0.00729083 -0.0418027
0.724487 0.105271 -0.0418027
0.724487 0.0954837 -0.0418027
0.620091 0.115051 0.0114266
0.729462 0.0416543 -0.0176076
0.724488 0.0808029 -0.0418027
0.724489 0.066122 -0.0418027
0.724491 0.0465475 -0.0418027
0.724491 0.0416539 -0.0418027
0.704614 -0.0562199 -0.0418027
0.570394 -0.0904849 0.00658759
0.659874 -0.0660104 0.0549779
0.724492 0.0367603 -0.0418027
0.724492 0.026973 -0.0418027
0.724493 0.0220794 -0.0418027
0.724493 0.0171858 -0.0418027
0.724493 0.0122922 -0.0418027
0.620103 -0.0513323 -0.0418027
0.724495 -0.0072823 -0.0418027
0.724495 -0.0121759 -0.0418027
0.724495 -0.0170695 -0.0418027
0.635014 -0.0170759 0.0549779
0.72946 0.0808032 -0.0418027
0.570395 -0.105166 -0.0418027
0.724497 -0.036644 -0.0418027
0.724497 -0.0464313 -0.0418027
0.570388 0.00249393 -0.00792951
0.615122 0.0856887 0.0549779
0.724499 -0.0611121 -0.0418027
0.724499 -0.0708994 -0.0418027
0.674776 0.0905866 -0.0418027
0.729457 0.115059 -0.0418027
0.57038 0.110154 -0.0272856
0.729458 0.105271 -0.0418027
0.729459 0.0954841 -0.0418027
0.729467 -0.0268564 0.0114266
0.570386 0.026962 -0.0272856
0.729461 0.0661224 -0.0418027
0.729461 0.0612287 -0.0418027
0.709589 -0.114943 0.0404608
0.729462 0.0514415 -0.0418027
0.694675 -0.114944 0.00174856
0.729463 0.0367606 -0.0418027
0.729463 0.031867 -0.0418027
0.729465 0.0025053 -0.0418027
0.570383 0.066111 -0.00792951
0.699647 -0.114944 -0.0224466
0.724492 0.0318667 0.0549779
0.729466 -0.00728194 -0.0418027
0.69963 0.115056 -0.0418027
0.570384 0.0612174 0.0259437
0.630034 0.115051 0.0501389
0.729466 -0.0121756 -0.0418027
0.729467 -0.0219628 -0.0418027
0.570386 0.026962 0.0162657
0.729467 -0.0268564 -0.0418027
0.570381 0.0954727 -0.0369637
0.595252 -0.114951 0.0404608
0.729468 -0.0366437 -0.0418027
0.729468 -0.0415373 -0.0418027
0.729469 -0.0513245 -0.0418027
0.654903 -0.0660107 -0.0418027
0.72947 -0.0660054 -0.0418027
0.72947 -0.070899 -0.0418027
0.570389 -0.0219742 -0.00792951
0.729471 -0.0757926 -0.0418027
0.729472 -0.0904735 -0.0418027
0.729473 -0.100261 -0.0418027
0.689699 -0.0366465 -0.0418027
0.570391 -0.0464423 0.00174856
0.669814 -0.0415415 -0.0418027
0.729474 -0.114942 -0.0418027
0.570391 -0.0415487 0.0114266
0.57038 0.115047 0.0501389
0.729463 0.0367606 0.0307827
0.57038 0.10526 0.0501389
0.570381 0.100366 0.0501389
0.570382 0.0856855 0.0501389
0.570382 0.0807918 0.0501389
0.570382 0.0758982 0.0501389
0.69963 0.115056 -0.0369637
0.570383 0.0710046 0.0501389
0.570383 0.066111 0.0501389
0.570384 0.0612174 0.0501389
0.729466 -0.00728194 0.0307827
0.570385 0.0416429 0.0501389
0.570386 0.0220684 0.0501389
0.704608 0.0269716 -0.0418027
0.570387 0.0171748 0.0501389
0.689703 -0.100264 -0.0418027
0.570387 0.0122812 0.0501389
0.570388 0.00249393 0.0501389
0.570388 -0.00239969 0.0501389
0.570389 -0.0170806 0.0501389
0.639986 -0.0170756 -0.0418027
0.630038 0.0612216 0.0549779
0.570389 -0.0219742 0.0501389
0.649926 0.00739323 -0.0418027
0.729471 -0.0806862 0.0452998
0.57039 -0.0268678 0.0501389
0.57039 -0.0317614 0.0501389
0.570391 -0.0464423 0.0501389
0.570392 -0.0611231 0.0501389
0.570393 -0.0660167 0.0501389
0.724498 -0.0562185 -0.0418027
0.570394 -0.0806976 0.0501389
0.679762 -0.114945 -0.0321247
0.570394 -0.0855912 0.0501389
0.570395 -0.105166 0.0501389
0.57038 0.115047 0.0452998
0.644953 0.031861 0.0549779
0.57038 0.110154 0.0452998
0.570381 0.100366 0.0452998
0.570381 0.0954727 0.0452998
0.630044 -0.0219699 0.0549779
0.570381 0.0905791 0.0452998
0.570382 0.0856855 0.0452998
0.570383 0.066111 0.0452998
0.605194 -0.11495 0.0162657
0.714551 0.00739785 -0.0418027
0.570384 0.0612174 0.0452998
0.570386 0.0318556 0.0452998
0.694668 -0.00728443 0.0549779
0.729468 -0.03175 0.0501389
0.605194 -0.11495 0.0356218
0.570386 0.026962 0.0452998
0.575351 0.115048 -0.0272856
0.570386 0.0220684 0.0452998
0.570387 0.0122812 0.0452998
0.689692 0.0563323 -0.0418027
0.570387 0.00738755 0.0452998
0.570389 -0.0121869 0.0452998
0.610165 -0.11495 0.0404608
0.724491 0.0514411 -0.0418027
0.570391 -0.036655 0.0452998
0.639987 -0.0415437 0.0549779
0.570391 -0.0415487 0.0452998
0.600223 -0.114951 -0.0321247
0.590264 0.115049 -0.00792951
0.570392 -0.0562295 0.0452998
0.570394 -0.0806976 0.0452998
0.570395 -0.0953785 0.0452998
0.570395 -0.100272 0.0452998
0.570395 -0.105166 0.0452998
0.570396 -0.110059 0.0452998
0.57038 0.10526 0.0404608
0.570381 0.0905791 0.0404608
0.669803 0.115054 0.0211047
0.699642 -0.0513267 -0.0418027
0.570382 0.0856855 0.0404608
0.69963 0.115056 -0.0224466
0.600215 0.00249606 -0.0418027
0.570383 0.0710046 0.0404608
0.570384 0.0612174 0.0404608
0.570384 0.0514301 0.0404608
0.58531 -0.114952 -0.00309048
0.729467 -0.0170692 0.0501389
0.570385 0.0416429 0.0404608
0.649935 -0.114947 0.00174856
0.719531 -0.114942 -0.0176076
0.570385 0.0367493 0.0404608
0.729467 -0.0268564 -0.0176076
0.570386 0.026962 0.0404608
0.635018 -0.0611185 0.0549779
0.719518 0.0759089 -0.0418027
0.724502 -0.114942 -0.0418027
0.570387 0.0122812 0.0404608
0.570387 0.00738755 0.0404608
0.729467 -0.0219628 0.0501389
0.590275 -0.0268664 -0.0418027
0.72947 -0.070899 0.0114266
0.620108 -0.114949 -0.0321247
0.570388 -0.00239969 0.0404608
0.570388 -0.00729331 0.0404608
0.570389 -0.0121869 0.0404608
0.570389 -0.0219742 0.0404608
0.57039 -0.0268678 0.0404608
0.570391 -0.036655 0.0404608
0.570391 -0.0415487 0.0404608
0.630034 0.115051 0.0452998
0.570391 -0.0464423 0.0404608
0.605194 -0.11495 -0.0127685
0.570392 -0.0562295 0.0404608
0.570393 -0.0709104 0.0404608
0.570394 -0.0855912 0.0404608
0.729471 -0.0806862 -0.0321247
0.694675 -0.114944 0.0452998
0.570395 -0.100272 0.0404608
0.57038 0.115047 -0.0369637
0.570395 -0.105166 0.0404608
0.724502 -0.114942 0.0356218
0.57038 0.115047 0.0356218
0.729463 0.0367606 0.0404608
0.57038 0.10526 0.0356218
0.585303 -0.0219731 -0.0418027
0.570381 0.0905791 0.0356218
0.669803 0.115054 -0.0127685
0.570382 0.0856855 0.0356218
0.714551 0.0171851 -0.0418027
0.570382 0.0758982 0.0356218
0.570384 0.0612174 0.0356218
0.570385 0.0416429 0.0356218
0.575362 -0.0366547 -0.0418027
0.635021 -0.114948 0.0259437
0.570386 0.0318556 0.0356218
0.689694 0.0269706 0.0549779
0.570386 0.026962 0.0356218
0.570387 0.0171748 0.0356218
0.570392 -0.0513359 0.0404608
0.71456 -0.114943 0.0404608
0.570388 -0.00239969 0.0356218
0.635008 0.0759028 0.0549779
0.570388 -0.00729331 0.0356218
0.57039 -0.0317614 0.0356218
0.570391 -0.036655 0.0356218
0.570391 -0.0464423 0.0356218
0.570392 -0.0562295 0.0356218
0.570393 -0.0660167 0.0356218
0.570393 -0.0709104 0.0356218
0.570393 -0.075804 0.0356218
0.570394 -0.0806976 0.0356218
0.570395 -0.0953785 0.0356218
0.57038 0.110154 -0.0369637
0.570395 -0.105166 0.0356218
0.600211 0.0563259 -0.0418027
0.57038 0.115047 0.0307827
0.570381 0.0905791 0.0307827
0.570396 -0.114953 -0.0369637
0.585294 0.100367 -0.0418027
0.570382 0.0807918 0.0307827
0.570382 0.0758982 0.0307827
0.669806 0.0759053 -0.0418027
0.570383 0.066111 0.0307827
0.570384 0.0612174 0.0307827
0.635008 0.0661156 0.0549779
0.63999 -0.0855863 0.0549779
0.729466 -0.00728194 0.0162657
0.570384 0.0563237 0.0307827
0.570384 0.0514301 0.0307827
0.664838 0.036756 -0.0418027
0.570385 0.0416429 0.0307827
0.694674 -0.0953696 0.0549779
0.635021 -0.114948 0.0452998
0.590264 0.115049 -0.0369637
0.605194 -0.11495 0.0211047
0.729468 -0.03175 0.0307827
0.729467 -0.0268564 -0.0272856
0.570386 0.026962 0.0307827
0.570387 0.0122812 0.0307827
0.570388 -0.00239969 0.0307827
0.570388 -0.00729331 0.0307827
0.630035 0.100371 -0.0418027
0.570389 -0.0121869 0.0307827
0.570389 -0.0170806 0.0307827
0.570389 -0.0219742 0.0307827
0.57039 -0.0268678 0.0307827
0.57039 -0.0317614 0.0307827
0.694666 0.0122901 0.0549779
0.570391 -0.036655 0.0307827
0.570391 -0.0415487 0.0307827
0.600223 -0.114951 -0.0369637
0.570391 -0.0464423 0.0307827
0.575363 -0.0611228 -0.0418027
0.570392 -0.0513359 0.0307827
0.590264 0.115049 -0.0127685
0.570392 -0.0562295 0.0307827
0.570392 -0.0611231 0.0307827
0.67478 0.0318631 -0.0418027
0.570393 -0.0660167 0.0307827
0.570393 -0.0709104 0.0307827
0.570393 -0.075804 0.0307827
0.570394 -0.0806976 0.0307827
0.679762 -0.114945 0.0307827
0.570394 -0.0855912 0.0307827
0.575366 -0.0904845 -0.0418027
0.65489 0.11016 -0.0418027
0.570395 -0.105166 0.0307827
0.570396 -0.114953 0.0307827
0.57038 0.115047 0.0259437
0.57038 0.110154 0.0259437
0.595237 0.0954745 0.0549779
0.57038 0.10526 0.0259437
0.570381 0.100366 0.0259437
0.570381 0.0954727 0.0259437
0.595252 -0.114951 -0.0176076
0.699631 0.100376 -0.0418027
0.570382 0.0856855 0.0259437
0.570382 0.0807918 0.0259437
0.664838 0.0318624 -0.0418027
0.570385 0.0465365 0.0259437
0.570385 0.0416429 0.0259437
0.590264 0.115049 -0.0272856
0.729468 -0.03175 0.0404608
0.570385 0.0367493 0.0259437
0.570386 0.026962 0.0259437
0.570386 0.0220684 0.0259437
0.729466 -0.0121756 0.0404608
0.570387 0.0122812 0.0259437
0.654906 -0.114947 -0.0272856
0.570388 0.00249393 0.0259437
0.570389 -0.0219742 0.0259437
0.57039 -0.0268678 0.0259437
0.570391 -0.036655 0.0259437
0.570391 -0.0415487 0.0259437
0.600223 -0.114951 0.0211047
0.595251 -0.105164 -0.0418027
0.570391 -0.0464423 0.0259437
0.590264 0.115049 -0.00309048
0.570392 -0.0562295 0.0259437
0.570392 -0.0611231 0.0259437
0.570393 -0.0660167 0.0259437
0.570394 -0.0855912 0.0259437
0.679756 -0.0317536 -0.0418027
0.570394 -0.0904849 0.0259437
0.659861 0.115054 0.0549779
0.664847 -0.100265 0.0549779
0.570395 -0.0953785 0.0259437
0.570395 -0.100272 0.0259437
0.580338 -0.114952 -0.0369637
0.615137 -0.11495 0.0404608
0.570395 -0.105166 0.0259437
0.605184 0.0220709 -0.0418027
0.570396 -0.110059 0.0259437
0.729471 -0.0806862 -0.0418027
0.570396 -0.114953 0.0259437
0.57038 0.115047 0.0211047
0.57038 0.10526 0.0211047
0.600214 0.00738968 -0.0418027
0.570381 0.100366 0.0211047
0.63005 -0.110055 -0.0418027
0.570382 0.0856855 0.0211047
0.704618 -0.114943 -0.0224466
0.570382 0.0758982 0.0211047
0.570383 0.0710046 0.0211047
0.570384 0.0612174 0.0211047
0.570384 0.0514301 0.0211047
0.699633 0.0710138 0.0549779
0.570385 0.0465365 0.0211047
0.570386 0.0220684 0.0211047
0.714553 -0.0219639 0.0549779
0.570387 0.0122812 0.0211047
0.570388 0.00249393 0.0211047
0.724492 0.0367603 0.0549779
0.659874 -0.0660104 -0.0418027
0.570388 -0.00239969 0.0211047
0.639982 0.026967 -0.0418027
0.704607 0.0318652 0.0549779
0.570389 -0.0121869 0.0211047
0.580337 -0.100271 -0.0418027
0.575353 0.0856858 -0.0418027
0.570389 -0.0170806 0.0211047
0.729471 -0.0757926 -0.0127685
0.570389 -0.0219742 0.0211047
0.639978 0.0905841 0.0549779
0.729467 -0.0170692 -0.0418027
0.570391 -0.0415487 0.0211047
0.649935 -0.114947 -0.0127685
0.570392 -0.0513359 0.0211047
0.570393 -0.0660167 0.0211047
0.570393 -0.0709104 0.0211047
0.570394 -0.0806976 0.0211047
0.679762 -0.114945 0.0211047
0.570394 -0.0904849 0.0211047
0.570395 -0.100272 0.0211047
0.729471 -0.0806862 -0.0369637
0.570396 -0.114953 0.0211047
0.57038 0.115047 0.0162657
0.570394 -0.0904849 0.00174856
0.67975 0.0465443 0.0549779
0.57038 0.110154 0.0162657
0.57038 0.10526 0.0162657
0.719523 -0.00238903 0.0549779
0.689703 -0.0953699 -0.0418027
0.570381 0.100366 0.0162657
0.570381 0.0954727 0.0162657
0.704618 -0.114943 0.0356218
0.669803 0.115054 -0.00309048
0.570382 0.0856855 0.0162657
0.570382 0.0807918 0.0162657
0.704618 -0.114943 -0.0176076
0.570382 0.0758982 0.0162657
0.570383 0.0710046 0.0162657
0.570383 0.066111 0.0162657
0.71953 -0.0953678 0.0549779
0.639983 0.0171798 -0.0418027
0.729465 0.0025053 0.0307827
0.570384 0.0563237 0.0162657
0.570384 0.0514301 0.0162657
0.684717 0.110162 -0.0418027
0.58531 -0.114952 -0.0272856
0.570385 0.0465365 0.0162657
0.729464 0.0122925 0.0501389
0.699632 0.0905883 0.0549779
0.704603 0.0905887 -0.0418027
0.570385 0.0367493 0.0162657
0.570386 0.0318556 0.0162657
0.729469 -0.0464309 0.0356218
0.570386 0.0220684 0.0162657
0.729466 -0.0121756 0.0501389
0.570388 0.00249393 0.0162657
0.570388 -0.00239969 0.0162657
0.570389 -0.0170806 0.0162657
0.570391 -0.0415487 0.0162657
0.694667 -0.00239081 -0.0418027
0.719531 -0.114942 -0.0272856
0.570392 -0.0513359 0.0162657
0.575356 0.0416432 0.0549779
0.679762 -0.114945 -0.0224466
0.694669 -0.0219653 -0.0418027
0.570392 -0.0611231 0.0162657
0.570393 -0.0660167 0.0162657
0.580338 -0.105165 -0.0418027
0.575353 0.0905794 -0.0418027
0.620108 -0.114949 0.0307827
0.570393 -0.0709104 0.0162657
0.674779 0.046544 0.0549779
0.570393 -0.075804 0.0162657
0.570394 -0.0806976 0.0162657
0.729462 0.0465479 0.0356218
0.570394 -0.0855912 0.0162657
0.600223 -0.114951 -0.0176076
0.570394 -0.0904849 0.0162657
0.679755 -0.0219664 -0.0418027
0.570395 -0.0953785 0.0162657
0.570395 -0.100272 0.0162657
0.615137 -0.11495 0.0501389
0.605184 0.0269645 -0.0418027
0.570395 -0.105166 0.0162657
0.585301 0.00249499 -0.0418027
0.57038 0.115047 0.0114266
0.729463 0.0367606 0.0162657
0.57038 0.110154 0.0114266
0.57038 0.10526 0.0114266
0.570381 0.100366 0.0114266
0.570382 0.0856855 0.0114266
0.644958 -0.0415433 0.0549779
0.570382 0.0758982 0.0114266
0.570383 0.0710046 0.0114266
0.570383 0.066111 0.0114266
0.570384 0.0612174 0.0114266
0.674778 0.0661184 0.0549779
0.729466 -0.00728194 0.0211047
0.570384 0.0563237 0.0114266
0.570385 0.0465365 0.0114266
0.729468 -0.0366437 0.0162657
0.570385 0.0416429 0.0114266
0.635021 -0.114948 0.00174856
0.659877 -0.114947 -0.00309048
0.719531 -0.114942 -0.00792951
0.689704 -0.110051 0.0549779
0.570385 0.0367493 0.0114266
0.644964 -0.114948 -0.0321247
0.6549 -0.036649 0.0549779
0.570386 0.0318556 0.0114266
0.729465 0.0025053 0.0356218
0.570386 0.026962 0.0114266
0.570386 0.0220684 0.0114266
0.72947 -0.0611118 0.0162657
0.570387 0.0171748 0.0114266
0.71456 -0.114943 0.0162657
0.580335 -0.066016 -0.0418027
0.654902 -0.0513299 0.0549779
0.704606 0.0465461 -0.0418027
0.570387 0.0122812 0.0114266
0.570389 -0.0170806 0.0114266
0.570389 -0.0219742 0.0114266
0.729465 0.0025053 -0.00309048
0.57039 -0.0268678 0.0114266
0.57039 -0.0317614 0.0114266
0.570391 -0.0464423 0.0114266
0.719531 -0.114942 -0.0224466
0.570392 -0.0513359 0.0114266
0.729471 -0.0757926 0.00174856
0.570392 -0.0562295 0.0114266
0.570392 -0.0611231 0.0114266
0.570393 -0.0660167 0.0114266
0.620108 -0.114949 0.0211047
0.570393 -0.075804 0.0114266
0.570394 -0.0855912 0.0114266
0.570394 -0.0904849 0.0114266
0.659861 0.115054 0.0452998
0.570395 -0.0953785 0.0114266
0.639988 -0.0562245 -0.0418027
0.60519 -0.0513334 -0.0418027
0.729457 0.115059 0.0452998
0.570395 -0.100272 0.0114266
0.570395 -0.105166 0.0114266
0.570387 0.0122812 -0.0224466
0.724502 -0.114942 -0.00792951
0.570396 -0.110059 0.0114266
0.590281 -0.114952 -0.00309048
0.57038 0.115047 0.00658759
0.57038 0.110154 0.00658759
0.57038 0.10526 0.00658759
0.570381 0.100366 0.00658759
0.570381 0.0954727 0.00658759
0.620102 -0.0268642 -0.0418027
0.570381 0.0905791 0.00658759
0.570382 0.0856855 0.00658759
0.570382 0.0807918 0.00658759
0.570383 0.0710046 0.00658759
0.6549 -0.0317554 -0.0418027
0.570384 0.0612174 0.00658759
0.570384 0.0563237 0.00658759
0.570384 0.0514301 0.00658759
0.58531 -0.114952 0.00658759
0.570385 0.0465365 0.00658759
0.595247 -0.0513341 0.0549779
0.570386 0.0220684 0.00658759
0.570387 0.0171748 0.00658759
0.625067 0.0563277 -0.0418027
0.570387 0.0122812 0.00658759
0.570387 0.00738755 0.00658759
0.729467 -0.0219628 0.0307827
0.570388 -0.00239969 0.00658759
0.570389 -0.0121869 0.00658759
0.729465 0.0025053 -0.00792951
0.649919 0.100372 -0.0418027
0.57039 -0.0268678 0.00658759
0.57039 -0.0317614 0.00658759
0.70461 -0.00728372 -0.0418027
0.570391 -0.0415487 0.00658759
0.570391 -0.0464423 0.00658759
0.704612 -0.0317518 -0.0418027
0.570393 -0.0660167 0.00658759
0.620108 -0.114949 0.0259437
0.674788 -0.0806902 -0.0418027
0.729461 0.0612287 0.0162657
0.570393 -0.0709104 0.00658759
0.704611 -0.0268582 -0.0418027
0.570393 -0.075804 0.00658759
0.570394 -0.0806976 0.00658759
0.729462 0.0465479 0.0211047
0.570394 -0.0855912 0.00658759
0.570395 -0.0953785 0.00658759
0.570395 -0.100272 0.00658759
0.724486 0.115058 -0.0176076
0.570395 -0.105166 0.00658759
0.570396 -0.110059 0.00658759
0.590281 -0.114952 0.0404608
0.570396 -0.114953 0.00658759
0.729467 -0.0268564 0.0501389
0.57038 0.110154 0.00174856
0.570381 0.0954727 0.00174856
0.694667 -0.00239081 0.0549779
0.595252 -0.114951 0.00658759
0.570381 0.0905791 0.00174856
0.570382 0.0758982 0.00174856
0.570383 0.0710046 0.00174856
0.570383 0.066111 0.00174856
0.699647 -0.114944 -0.0369637
0.570384 0.0612174 0.00174856
0.570385 0.0465365 0.00174856
0.729468 -0.0366437 0.0307827
0.570385 0.0416429 0.00174856
0.664835 0.0710114 -0.0418027
0.570386 0.0318556 0.00174856
0.590264 0.115049 0.0259437
0.605194 -0.11495 -0.0176076
0.595251 -0.0953767 -0.0418027
0.590265 0.100368 -0.0418027
0.57039 -0.0268678 0.0549779
0.729465 0.0025053 0.0404608
0.570386 0.026962 0.00174856
0.570386 0.0220684 0.00174856
0.729466 -0.0121756 0.0162657
0.570387 0.0171748 0.00174856
0.639985 -0.00728834 0.0549779
0.664848 -0.114946 -0.00309048
0.570387 0.00738755 0.00174856
0.729467 -0.0219628 0.0404608
0.570388 0.00249393 0.00174856
0.570389 -0.0121869 0.00174856
0.570389 -0.0219742 0.00174856
0.57039 -0.0317614 0.00174856
0.570391 -0.036655 0.00174856
0.575356 0.0465369 0.0549779
0.570391 -0.0415487 0.00174856
0.694668 -0.0170717 -0.0418027
0.570392 -0.0562295 0.00174856
0.679762 -0.114945 -0.0127685
0.570392 -0.0611231 0.00174856
0.570393 -0.0660167 0.00174856
0.729461 0.0612287 0.0307827
0.570393 -0.0709104 0.00174856
0.570393 -0.075804 0.00174856
0.724486 0.115058 -0.00792951
0.64496 -0.0611178 0.0549779
0.664845 -0.06601 -0.0418027
0.66981 0.0122883 -0.0418027
0.570395 -0.105166 0.00174856
0.699637 0.017184 0.0549779
0.659865 0.0514365 -0.0418027
0.570396 -0.114953 0.00174856
0.57038 0.115047 -0.00309048
0.570394 -0.0904849 -0.00309048
0.630039 0.0367535 -0.0418027
0.57038 0.10526 -0.00309048
0.570381 0.100366 -0.00309048
0.669803 0.115054 0.0259437
0.585296 0.0710057 -0.0418027
0.620101 -0.0219706 -0.0418027
0.570382 0.0856855 -0.00309048
0.570382 0.0807918 -0.00309048
0.570383 0.0710046 -0.00309048
0.570383 0.066111 -0.00309048
0.699647 -0.114944 0.00658759
0.570384 0.0612174 -0.00309048
0.625063 0.115051 -0.0321247
0.644959 -0.0464369 -0.0418027
0.570385 0.0465365 -0.00309048
0.570385 0.0367493 -0.00309048
0.69964 -0.0219649 -0.0418027
0.644964 -0.114948 -0.0224466
0.674775 0.110161 -0.0418027
0.67976 -0.0855834 -0.0418027
0.649932 -0.0757983 0.0549779
0.570386 0.026962 -0.00309048
0.630045 -0.046438 -0.0418027
0.639976 0.115052 0.0549779
0.595243 0.0171766 0.0549779
0.729459 0.0954841 0.0307827
0.570388 0.00249393 -0.00309048
0.60519 -0.0611206 -0.0418027
0.570388 -0.00239969 -0.00309048
0.729471 -0.0757926 -0.0369637
0.570389 -0.0219742 -0.00309048
0.654898 0.00249997 0.0549779
0.57039 -0.0317614 -0.00309048
0.729467 -0.0170692 -0.0176076
0.570391 -0.0415487 -0.00309048
0.570391 -0.0464423 -0.00309048
0.570393 -0.0660167 -0.00309048
0.585308 -0.0904838 -0.0418027
0.729461 0.0612287 0.0356218
0.570393 -0.0709104 -0.00309048
0.570393 -0.075804 -0.00309048
0.570394 -0.0855912 -0.00309048
0.570395 -0.105166 -0.00309048
0.570396 -0.110059 -0.00309048
0.590281 -0.114952 0.0356218
0.724487 0.0954837 0.0549779
0.570396 -0.114953 -0.00309048
0.57038 0.10526 -0.00792951
0.63005 -0.114949 0.0549779
0.570381 0.100366 -0.00792951
0.61513 -0.0268646 0.0549779
0.570381 0.0954727 -0.00792951
0.570382 0.0807918 -0.00792951
0.704618 -0.114943 0.00658759
0.600222 -0.105164 -0.0418027
0.570382 0.0758982 -0.00792951
0.570383 0.0710046 -0.00792951
0.570384 0.0612174 -0.00792951
0.570384 0.0563237 -0.00792951
0.570384 0.0514301 -0.00792951
0.58531 -0.114952 0.0452998
0.625063 0.115051 -0.0272856
0.570385 0.0465365 -0.00792951
0.570385 0.0367493 -0.00792951
0.570386 0.0220684 -0.00792951
0.61016 -0.0317586 0.0549779
0.570387 0.0171748 -0.00792951
0.620104 -0.056226 0.0549779
0.644958 -0.0317561 -0.0418027
0.570387 0.00738755 -0.00792951
0.570388 -0.00239969 -0.00792951
0.570389 -0.0121869 -0.00792951
0.729467 -0.0170692 -0.0224466
0.570391 -0.0415487 -0.00792951
0.729474 -0.114942 -0.0272856
0.719531 -0.114942 -0.00309048
0.605194 -0.105163 0.0549779
0.659877 -0.114947 0.00174856
0.570392 -0.0513359 -0.00792951
0.570394 -0.0806976 -0.00792951
0.570395 -0.0953785 -0.00792951
0.664841 -0.0170738 0.0549779
0.570395 -0.100272 -0.00792951
0.65489 0.115053 0.00174856
0.570395 -0.105166 -0.00792951
0.570396 -0.110059 -0.00792951
0.590281 -0.114952 0.0307827
0.57038 0.115047 -0.0127685
0.57038 0.110154 -0.0127685
0.570381 0.0954727 -0.0127685
0.595252 -0.114951 0.0162657
0.570381 0.0905791 -0.0127685
0.669803 0.115054 0.0356218
0.570382 0.0856855 -0.0127685
0.570382 0.0807918 -0.0127685
0.570383 0.0710046 -0.0127685
0.570383 0.066111 -0.0127685
0.684729 -0.061115 -0.0418027
0.699647 -0.114944 -0.0272856
0.570384 0.0612174 -0.0127685
0.570384 0.0563237 -0.0127685
0.714553 -0.0170702 0.0549779
0.600215 -0.00239756 -0.0418027
0.570385 0.0416429 -0.0127685
0.659877 -0.114947 0.0211047
0.575358 0.0171751 -0.0418027
0.719531 -0.114942 0.0162657
0.570386 0.0318556 -0.0127685
0.570387 0.0171748 -0.0127685
0.570387 0.00738755 -0.0127685
0.570388 -0.00239969 -0.0127685
0.679759 -0.0806898 -0.0418027
0.570388 -0.00729331 -0.0127685
0.570389 -0.0170806 -0.0127685
0.570392 -0.0562295 -0.0369637
0.714558 -0.0806873 -0.0418027
0.570389 -0.0219742 -0.0127685
0.729465 0.0025053 0.0211047
0.57039 -0.0268678 -0.0127685
0.57039 -0.0317614 -0.0127685
0.580338 -0.114952 -0.0418027
0.575352 0.100367 -0.0418027
0.570391 -0.036655 -0.0127685
0.699632 0.0954819 -0.0418027
0.63005 -0.114949 -0.0224466
0.570391 -0.0415487 -0.0127685
0.729474 -0.114942 -0.0176076
0.570393 -0.0660167 -0.0127685
0.620108 -0.114949 0.0452998
0.570393 -0.075804 -0.0127685
0.644956 -0.00728798 -0.0418027
0.570392 -0.0611231 0.00658759
0.679762 -0.114945 -0.0272856
0.570394 -0.0806976 -0.0127685
0.570395 -0.100272 -0.0127685
0.570396 -0.114953 -0.0127685
0.57038 0.10526 -0.0176076
0.570381 0.100366 -0.0176076
0.570381 0.0954727 -0.0176076
0.570381 0.0905791 -0.0176076
0.669803 0.115054 0.0307827
0.570382 0.0856855 -0.0176076
0.570382 0.0807918 -0.0176076
0.570382 0.0758982 -0.0176076
0.570383 0.0710046 -0.0176076
0.570384 0.0563237 -0.0176076
0.570384 0.0514301 -0.0176076
0.58531 -0.114952 -0.0176076
0.625063 0.115051 -0.0176076
0.570385 0.0465365 -0.0176076
0.570385 0.0416429 -0.0176076
0.570392 -0.0513359 -0.0321247
0.659877 -0.114947 0.0259437
0.719531 -0.114942 0.0211047
0.570395 -0.0953785 0.00174856
0.635021 -0.114948 -0.00309048
0.570385 0.0367493 -0.0176076
0.729467 -0.0268564 0.0211047
0.674776 0.0905866 0.0549779
0.570386 0.026962 -0.0176076
0.570386 0.0220684 -0.0176076
0.570387 0.0171748 -0.0176076
0.714559 -0.105155 -0.0418027
0.724502 -0.114942 -0.00309048
0.570387 0.0122812 -0.0176076
0.570387 0.00738755 -0.0176076
0.570388 -0.00239969 -0.0176076
0.595249 -0.0709086 0.0549779
0.570388 -0.00729331 -0.0176076
0.580338 -0.114952 -0.00792951
0.605191 -0.0709079 0.0549779
0.570389 -0.0121869 -0.0176076
0.649932 -0.0806919 0.0549779
0.570389 -0.0170806 -0.0176076
0.570392 -0.0562295 -0.0418027
0.570389 -0.0219742 -0.0176076
0.595251 -0.0953767 0.0549779
0.590265 0.100368 0.0549779
0.57039 -0.0317614 -0.0176076
0.570391 -0.036655 -0.0176076
0.570391 -0.0464423 -0.0176076
0.570392 -0.0611231 -0.0176076
0.639986 -0.0268628 0.0549779
0.570393 -0.0709104 -0.0176076
0.570394 -0.0806976 -0.0176076
0.729462 0.0465479 0.0452998
0.570394 -0.0855912 -0.0176076
0.570395 -0.100272 -0.0176076
0.65489 0.115053 0.0114266
0.570395 -0.105166 -0.0176076
0.570396 -0.114953 -0.0176076
0.57038 0.110154 -0.0224466
0.729459 0.0856968 -0.0418027
0.620097 0.0318592 -0.0418027
0.57038 0.10526 -0.0224466
0.570381 0.100366 -0.0224466
0.570381 0.0954727 -0.0224466
0.605194 -0.110057 -0.0418027
0.595252 -0.114951 0.0259437
0.630044 -0.0268635 0.0549779
0.570382 0.0856855 -0.0224466
0.635019 -0.0757994 -0.0418027
0.704618 -0.114943 -0.0272856
0.669808 0.04165 -0.0418027
0.704618 -0.114943 -0.00792951
0.570382 0.0758982 -0.0224466
0.610156 0.012284 0.0549779
0.570383 0.0710046 -0.0224466
0.620101 -0.017077 -0.0418027
0.570384 0.0563237 -0.0224466
0.570384 0.0514301 -0.0224466
0.67479 -0.110052 0.0549779
0.58531 -0.114952 -0.0224466
0.570385 0.0367493 -0.0224466
0.724492 0.026973 0.0549779
0.644964 -0.114948 0.00174856
0.644949 0.0856908 -0.0418027
0.600223 -0.114951 0.0162657
0.570386 0.0318556 -0.0224466
0.729467 -0.0268564 0.0162657
0.570386 0.026962 -0.0224466
0.570387 0.0171748 -0.0224466
0.654902 -0.0611171 -0.0418027
0.570387 0.00738755 -0.0224466
0.615136 -0.110056 -0.0418027
0.570388 0.00249393 -0.0224466
0.649935 -0.110054 0.0549779
0.570388 -0.00729331 -0.0224466
0.620107 -0.105162 -0.0418027
0.615137 -0.11495 0.0549779
0.580338 -0.114952 -0.0272856
0.570389 -0.0170806 -0.0224466
0.610149 0.11505 0.0404608
0.635016 -0.0366504 0.0549779
0.674791 -0.114945 0.0404608
0.57039 -0.0268678 -0.0224466
0.57039 -0.0317614 -0.0224466
0.570391 -0.036655 -0.0224466
0.63005 -0.114949 0.0114266
0.570391 -0.0464423 -0.0224466
0.570393 -0.0660167 -0.0224466
0.684719 0.0856936 0.0549779
0.729461 0.0612287 0.0452998
0.575365 -0.0855909 -0.0418027
0.570393 -0.0709104 -0.0224466
0.570393 -0.075804 -0.0224466
0.570394 -0.0904849 -0.0224466
0.65489 0.115053 0.0307827
0.570395 -0.105166 -0.0224466
0.570396 -0.114953 -0.0224466
0.57038 0.115047 -0.0272856
0.615137 -0.11495 -0.0224466
0.570381 0.100366 -0.0272856
0.719531 -0.114942 0.0452998
0.659877 -0.114947 0.0501389
0.669803 0.115054 0.00174856
0.570382 0.0856855 -0.0272856
0.570382 0.0807918 -0.0272856
0.570382 0.0758982 -0.0272856
0.620107 -0.110056 -0.0418027
0.570383 0.0710046 -0.0272856
0.570383 0.066111 -0.0272856
0.570385 0.0465365 -0.0272856
0.570385 0.0416429 -0.0272856
0.570386 0.0318556 -0.0272856
0.570386 0.0220684 -0.0272856
0.724502 -0.114942 -0.0127685
0.570387 0.0122812 -0.0272856
0.654906 -0.114947 0.0259437
0.570388 -0.00729331 -0.0272856
0.570389 -0.0121869 -0.0272856
0.570391 -0.036655 -0.0272856
0.63005 -0.114949 0.00174856
0.570392 -0.0562295 -0.0272856
0.570392 -0.0611231 -0.0272856
0.615122 0.0905823 -0.0418027
0.570393 -0.0660167 -0.0272856
0.570393 -0.0709104 -0.0272856
0.575364 -0.0660164 -0.0418027
0.570393 -0.075804 -0.0272856
0.570394 -0.0806976 -0.0272856
0.729462 0.0465479 0.0307827
0.570394 -0.0855912 -0.0272856
0.600223 -0.114951 -0.0224466
0.679753 0.00739536 0.0549779
0.570394 -0.0904849 -0.0272856
0.570395 -0.100272 -0.0272856
0.570395 -0.105166 -0.0272856
0.570396 -0.114953 -0.0272856
0.704616 -0.0904753 -0.0418027
0.570381 0.100366 -0.0321247
0.664838 0.0318624 0.0549779
0.570382 0.0758982 -0.0321247
0.570383 0.0710046 -0.0321247
0.610156 0.0171776 0.0549779
0.570383 0.066111 -0.0321247
0.570384 0.0563237 -0.0321247
0.570385 0.0465365 -0.0321247
0.570385 0.0367493 -0.0321247
0.570386 0.0318556 -0.0321247
0.729467 -0.0268564 0.00658759
0.570386 0.026962 -0.0321247
0.570387 0.0171748 -0.0321247
0.570388 -0.00239969 -0.0321247
0.729457 0.110165 0.0162657
0.570389 -0.0121869 -0.0321247
0.59525 -0.0904831 0.0549779
0.635009 0.061222 0.0549779
0.63999 -0.0806926 0.0549779
0.57039 -0.0268678 -0.0321247
0.57039 -0.0317614 -0.0321247
0.570393 -0.075804 -0.0321247
0.649931 -0.0562238 -0.0418027
0.570394 -0.0855912 -0.0321247
0.724499 -0.0611121 0.0549779
0.570395 -0.100272 -0.0321247
0.570396 -0.110059 -0.0321247
0.570381 0.0905791 -0.0369637
0.570382 0.0856855 -0.0369637
0.664832 0.115054 0.0114266
0.570382 0.0807918 -0.0369637
0.570384 0.0563237 -0.0369637
0.570384 0.0514301 -0.0369637
0.58531 -0.114952 0.0114266
0.570385 0.0465365 -0.0369637
0.570385 0.0416429 -0.0369637
0.659877 -0.114947 0.0452998
0.719531 -0.114942 0.0404608
0.600223 -0.114951 0.00174856
0.719521 0.0318663 -0.0418027
0.570386 0.0318556 -0.0369637
0.570387 0.0171748 -0.0369637
0.570387 0.0122812 -0.0369637
0.654906 -0.114947 -0.0369637
0.570387 0.00738755 -0.0369637
0.570388 0.00249393 -0.0369637
0.72946 0.071016 0.0501389
0.570388 -0.00729331 -0.0369637
0.610149 0.11505 0.0501389
0.674791 -0.114945 0.0259437
0.57039 -0.0268678 -0.0369637
0.714558 -0.0904745 -0.0418027
0.57039 -0.0317614 -0.0369637
0.570391 -0.036655 -0.0369637
0.729467 -0.0170692 0.00174856
0.570391 -0.0415487 -0.0369637
0.724489 0.0759092 -0.0418027
0.729474 -0.114942 0.00658759
0.724498 -0.0562185 0.0549779
0.570393 -0.0709104 -0.0369637
0.570393 -0.075804 -0.0369637
0.620108 -0.114949 -0.0127685
0.595251 -0.105164 0.0549779
0.570394 -0.0806976 -0.0369637
0.630034 0.115051 -0.0176076
0.590266 0.0856869 0.0549779
0.570394 -0.0855912 -0.0369637
0.684723 0.0269702 0.0549779
0.570395 -0.100272 -0.0369637
0.570395 -0.105166 -0.0369637
0.729464 0.0220798 0.0501389
0.570396 -0.110059 -0.0369637
0.580329 0.0171755 -0.0418027
0.590281 -0.114952 0.0452998
0.575367 -0.114953 0.0501389
0.580338 -0.114952 0.0501389
0.590281 -0.114952 0.0501389
0.72946 0.071016 0.0356218
0.610165 -0.11495 0.0501389
0.71952 0.0367599 -0.0418027
0.625079 -0.114949 0.0501389
0.635021 -0.114948 0.0501389
0.709572 0.115057 0.0211047
0.72946 0.071016 -0.0369637
0.654906 -0.114947 0.0501389
0.664848 -0.114946 0.0501389
0.610149 0.11505 0.0259437
0.674791 -0.114945 0.0501389
0.635015 -0.0317568 -0.0418027
0.590276 -0.0513345 -0.0418027
0.684733 -0.114945 0.0501389
0.694675 -0.114944 0.0501389
0.699647 -0.114944 0.0501389
0.71953 -0.0904742 0.0549779
0.729466 -0.00238832 0.0114266
0.709589 -0.114943 0.0501389
0.570392 -0.0513359 0.0259437
0.71456 -0.114943 0.0501389
0.664848 -0.114946 -0.0127685
0.615137 -0.11495 0.0307827
0.674778 0.0661184 -0.0418027
0.580338 -0.114952 0.0452998
0.729467 -0.0219628 -0.00309048
0.595252 -0.114951 0.0452998
0.600223 -0.114951 0.0452998
0.709572 0.115057 0.0259437
0.654906 -0.114947 0.0452998
0.66982 -0.114946 0.0452998
0.610149 0.11505 0.0211047
0.674791 -0.114945 0.0452998
0.684733 -0.114945 0.0452998
0.71456 -0.114943 0.0452998
0.664848 -0.114946 0.0307827
0.729474 -0.114942 0.0452998
0.580324 0.0807926 -0.0418027
0.575367 -0.114953 0.0404608
0.590264 0.115049 -0.0176076
0.605194 -0.11495 0.0404608
0.620108 -0.114949 0.0404608
0.729461 0.0612287 0.0259437
0.635021 -0.114948 0.0404608
0.709589 -0.114943 0.00658759
0.689691 0.0759068 -0.0418027
0.644964 -0.114948 0.0404608
0.659877 -0.114947 0.0404608
0.689704 -0.114944 0.0404608
0.729471 -0.0806862 -0.0272856
0.625079 -0.110055 -0.0418027
0.620094 0.0807954 -0.0418027
0.659866 0.0465429 0.0549779
0.694675 -0.114944 0.0404608
0.704618 -0.114943 0.0404608
0.724502 -0.114942 0.0404608
0.595252 -0.114951 0.0356218
0.610165 -0.11495 0.0356218
0.580338 -0.114952 0.0404608
0.615137 -0.11495 0.0356218
0.625079 -0.114949 0.0356218
0.639993 -0.114948 0.0356218
0.709572 0.115057 0.0114266
0.654906 -0.114947 0.0356218
0.664842 -0.0219674 -0.0418027
0.664848 -0.114946 0.0356218
0.66982 -0.114946 0.0356218
0.679762 -0.114945 0.0356218
0.620104 -0.0660132 0.0549779
0.689704 -0.114944 0.0356218
0.639993 -0.114948 0.00174856
0.694675 -0.114944 0.0356218
0.699647 -0.114944 0.0356218
0.654897 0.00739359 0.0549779
0.729466 -0.00238832 0.0211047
0.58531 -0.114952 0.0307827
0.600223 -0.114951 0.0307827
0.625079 -0.114949 0.0307827
0.635021 -0.114948 0.0307827
0.605194 -0.11495 0.0307827
0.729468 -0.03175 0.0452998
0.654906 -0.114947 0.0307827
0.649935 -0.114947 0.0404608
0.659877 -0.114947 0.0307827
0.66982 -0.114946 0.0307827
0.644947 0.115053 -0.0418027
0.684733 -0.114945 0.0307827
0.689704 -0.114944 0.0307827
0.639993 -0.114948 -0.00309048
0.709589 -0.114943 0.0307827
0.61015 0.105263 0.0549779
0.684733 -0.114945 -0.0176076
0.575367 -0.114953 0.0259437
0.580338 -0.114952 0.0259437
0.729468 -0.03175 0.0356218
0.605194 -0.11495 0.0259437
0.610165 -0.11495 0.0259437
0.580338 -0.114952 -0.0224466
0.615137 -0.11495 0.0259437
0.580334 -0.0562288 0.0549779
0.63005 -0.114949 0.0259437
0.719531 -0.114942 0.00658759
0.649935 -0.114947 0.0259437
0.664848 -0.114946 0.0259437
0.689704 -0.114944 0.0259437
0.639993 -0.114948 0.0114266
0.610159 -0.0170777 -0.0418027
0.704618 -0.114943 0.0259437
0.729467 -0.0268564 0.0356218
0.570392 -0.0513359 0.0501389
0.71456 -0.114943 0.0259437
0.664848 -0.114946 0.0114266
0.649935 -0.114947 0.0356218
0.570392 -0.0513359 -0.0272856
0.719531 -0.114942 0.0259437
0.570395 -0.0953785 -0.00309048
0.635021 -0.114948 -0.00792951
0.595252 -0.114951 0.0211047
0.595241 0.0416447 0.0549779
0.625079 -0.114949 0.0211047
0.63005 -0.114949 0.0211047
0.625072 -0.0170766 -0.0418027
0.644964 -0.114948 0.0211047
0.664848 -0.114946 0.0211047
0.585304 -0.036654 0.0549779
0.689704 -0.114944 0.0211047
0.729464 0.0122925 0.0356218
0.639993 -0.114948 0.00658759
0.709589 -0.114943 0.0211047
0.580335 -0.0611224 0.0549779
0.724502 -0.114942 0.0211047
0.575367 -0.114953 0.0162657
0.590281 -0.114952 0.0162657
0.580338 -0.114952 0.0356218
0.615137 -0.11495 0.0162657
0.714554 -0.0317511 -0.0418027
0.625079 -0.114949 0.0162657
0.635021 -0.114948 0.0162657
0.649935 -0.114947 0.0114266
0.570392 -0.0513359 -0.00309048
0.719531 -0.114942 0.00174856
0.639993 -0.114948 0.0162657
0.649928 -0.0219685 -0.0418027
0.659877 -0.114947 0.0162657
0.664848 -0.114946 0.0162657
0.71456 -0.114943 0.0114266
0.729469 -0.0513245 0.0501389
0.659875 -0.0904785 0.0549779
0.674791 -0.114945 0.0162657
0.679762 -0.114945 0.0162657
0.689704 -0.114944 0.0162657
0.729464 0.0171862 0.0162657
0.704618 -0.114943 0.0162657
0.595252 -0.114951 -0.0272856
0.709589 -0.114943 0.0162657
0.729474 -0.114942 0.0162657
0.639991 -0.100267 -0.0418027
0.635007 0.0807965 -0.0418027
0.590281 -0.114952 0.0114266
0.649929 -0.0366493 -0.0418027
0.595252 -0.114951 0.0114266
0.639992 -0.110054 0.0549779
0.729468 -0.03175 0.0259437
0.605194 -0.11495 0.0114266
0.659871 -0.0219678 -0.0418027
0.610165 -0.11495 0.0114266
0.580338 -0.114952 0.0162657
0.615137 -0.11495 0.0114266
0.620108 -0.114949 0.0114266
0.644964 -0.114948 0.0114266
0.689698 -0.0219656 0.0549779
0.654906 -0.114947 0.0114266
0.66982 -0.114946 0.0114266
0.674791 -0.114945 0.0114266
0.679762 -0.114945 0.0114266
0.684717 0.105268 -0.0418027
0.684733 -0.114945 0.0114266
0.689704 -0.114944 0.0114266
0.694675 -0.114944 0.0114266
0.699647 -0.114944 0.0114266
0.704618 -0.114943 0.0114266
0.570386 0.026962 -0.0127685
0.729467 -0.0268564 0.0259437
0.709589 -0.114943 0.0114266
0.719531 -0.114942 0.0114266
0.570395 -0.0953785 -0.0369637
0.635021 -0.114948 -0.0176076
0.724502 -0.114942 0.0114266
0.580338 -0.114952 0.00658759
0.610165 -0.11495 0.00658759
0.580338 -0.114952 0.0211047
0.615137 -0.11495 0.00658759
0.639981 0.0465415 -0.0418027
0.625079 -0.114949 0.00658759
0.669807 0.0612245 -0.0418027
0.69963 0.110163 -0.0418027
0.63005 -0.114949 0.00658759
0.570395 -0.0953785 -0.0127685
0.635021 -0.114948 0.00658759
0.649935 -0.114947 0.0452998
0.719531 -0.114942 -0.0127685
0.570392 -0.0513359 -0.0418027
0.649935 -0.114947 0.0162657
0.659877 -0.114947 0.00658759
0.664848 -0.114946 0.00658759
0.66982 -0.114946 0.00658759
0.674791 -0.114945 0.00658759
0.679762 -0.114945 0.00658759
0.644947 0.115053 0.0307827
0.699645 -0.0904756 0.0549779
0.684733 -0.114945 0.00658759
0.694675 -0.114944 0.00658759
0.570387 0.0122812 -0.00792951
0.724502 -0.114942 0.00658759
0.635015 -0.0268632 0.0549779
0.575367 -0.114953 0.00174856
0.639984 0.0024989 0.0549779
0.580338 -0.114952 0.00174856
0.590281 -0.114952 0.00174856
0.639978 0.0856904 -0.0418027
0.595252 -0.114951 0.00174856
0.5853 0.0171759 -0.0418027
0.610165 -0.11495 0.00174856
0.620108 -0.114949 0.00174856
0.654906 -0.114947 0.00174856
0.664848 -0.114946 0.00174856
0.679762 -0.114945 0.00174856
0.570382 0.0758982 -0.0127685
0.704618 -0.114943 0.00174856
0.570387 0.0122812 -0.0127685
0.724502 -0.114942 0.00174856
0.575367 -0.114953 -0.00309048
0.580338 -0.114952 -0.00309048
0.610165 -0.11495 -0.00309048
0.615137 -0.11495 -0.00309048
0.729463 0.0367606 0.0211047
0.625079 -0.114949 -0.00309048
0.644963 -0.100267 -0.0418027
0.679756 -0.0366472 0.0549779
0.644964 -0.114948 -0.00309048
0.649935 -0.114947 -0.00309048
0.654906 -0.114947 -0.00309048
0.67479 -0.110052 -0.0418027
0.66982 -0.114946 -0.00309048
0.694675 -0.114944 -0.00309048
0.620095 0.0661145 0.0549779
0.644964 -0.114948 0.0307827
0.709589 -0.114943 -0.00309048
0.600207 0.110156 0.0549779
0.659876 -0.100266 0.0549779
0.575367 -0.114953 -0.00792951
0.590281 -0.114952 -0.00792951
0.590264 0.115049 0.0307827
0.605194 -0.11495 -0.00792951
0.635012 0.0171794 0.0549779
0.729469 -0.0464309 0.0211047
0.72946 0.071016 -0.0224466
0.654906 -0.114947 0.0404608
0.724495 -0.0121759 0.0549779
0.610165 -0.11495 -0.00792951
0.625079 -0.114949 -0.00792951
0.63005 -0.114949 -0.00792951
0.729464 0.0122925 -0.0321247
0.639993 -0.114948 -0.00792951
0.659877 -0.114947 -0.0176076
0.570392 -0.0513359 -0.0176076
0.649935 -0.114947 -0.00792951
0.649935 -0.114947 0.0549779
0.674777 0.0710121 0.0549779
0.659877 -0.114947 -0.00792951
0.66982 -0.114946 -0.00792951
0.674791 -0.114945 -0.00792951
0.684733 -0.114945 -0.00792951
0.625067 0.0465404 -0.0418027
0.689704 -0.114944 -0.00792951
0.729464 0.0171862 0.0404608
0.664842 -0.026861 0.0549779
0.644964 -0.114948 0.0356218
0.709589 -0.114943 -0.00792951
0.71456 -0.114943 -0.00792951
0.729474 -0.114942 -0.00792951
0.575367 -0.114953 -0.0127685
0.580338 -0.114952 -0.0127685
0.590281 -0.114952 -0.0127685
0.615137 -0.11495 -0.0127685
0.654904 -0.0806916 -0.0418027
0.625079 -0.114949 -0.0127685
0.644964 -0.114948 -0.0127685
0.729471 -0.0757926 0.0501389
0.575367 -0.114953 0.0211047
0.684733 -0.114945 -0.0127685
0.669808 0.04165 0.0549779
0.689704 -0.114944 -0.0127685
0.729464 0.0171862 0.0356218
0.694675 -0.114944 -0.0127685
0.699647 -0.114944 -0.0127685
0.704618 -0.114943 -0.0127685
0.71456 -0.114943 -0.0127685
0.625072 -0.0219703 -0.0418027
0.590276 -0.0513345 0.0549779
0.575367 -0.114953 -0.0176076
0.615137 -0.11495 0.0452998
0.580338 -0.114952 -0.0176076
0.63005 -0.114949 -0.0176076
0.66982 -0.114946 -0.0176076
0.570392 -0.0611231 -0.00309048
0.679762 -0.114945 -0.0176076
0.689704 -0.114944 -0.0176076
0.729472 -0.0904735 0.00174856
0.694675 -0.114944 -0.0176076
0.669808 0.0514372 0.0549779
0.570387 0.0122812 -0.0321247
0.724502 -0.114942 -0.0176076
0.630047 -0.0757997 -0.0418027
0.590281 -0.114952 -0.0224466
0.590264 0.115049 0.0211047
0.570392 -0.0562295 0.0501389
0.605194 -0.11495 -0.0224466
0.729465 0.0025053 0.0452998
0.620108 -0.114949 -0.0224466
0.625079 -0.114949 -0.0224466
0.570395 -0.0953785 -0.0176076
0.635021 -0.114948 -0.0224466
0.729464 0.0122925 -0.0176076
0.649929 -0.0366493 0.0549779
0.639993 -0.114948 -0.0224466
0.689704 -0.114944 -0.0321247
0.649935 -0.114947 -0.0224466
0.639985 -0.012182 0.0549779
0.570392 -0.0513359 -0.0224466
0.719531 -0.114942 -0.0369637
0.649935 -0.114947 0.0211047
0.659877 -0.114947 -0.0224466
0.664848 -0.114946 -0.0224466
0.639977 0.0954777 -0.0418027
0.71456 -0.114943 -0.0321247
0.66982 -0.114946 -0.0224466
0.674791 -0.114945 -0.0224466
0.684733 -0.114945 -0.0224466
0.575367 -0.114953 -0.0272856
0.709572 0.115057 0.0162657
0.72946 0.071016 -0.0418027
0.610165 -0.11495 -0.0272856
0.625079 -0.114949 -0.0272856
0.644964 -0.114948 -0.0272856
0.719531 -0.114942 -0.0321247
0.659877 -0.114947 -0.0272856
0.66982 -0.114946 -0.0272856
0.674791 -0.114945 -0.0272856
0.575367 -0.114953 0.0114266
0.684733 -0.114945 -0.0272856
0.659866 0.0416493 -0.0418027
0.644964 -0.114948 0.0549779
0.709589 -0.114943 -0.0272856
0.729467 -0.0170692 0.0162657
0.71456 -0.114943 -0.0272856
0.620105 -0.0758004 0.0549779
0.570387 0.0122812 -0.0418027
0.724502 -0.114942 -0.0272856
0.58531 -0.114952 -0.0321247
0.590281 -0.114952 -0.0321247
0.625079 -0.114949 -0.0321247
0.659877 -0.114947 -0.0418027
0.570392 -0.0513359 0.00658759
0.649935 -0.114947 -0.0321247
0.585299 0.0318567 -0.0418027
0.654906 -0.114947 -0.0321247
0.649935 -0.114947 0.0307827
0.659877 -0.114947 -0.0321247
0.66982 -0.114946 -0.0321247
0.674791 -0.114945 -0.0321247
0.644947 0.115053 -0.0272856
0.684733 -0.114945 -0.0321247
0.615124 0.0563269 0.0549779
0.724487 0.100377 -0.0418027
0.694675 -0.114944 -0.0321247
0.709589 -0.114943 -0.0321247
0.729474 -0.114942 -0.0321247
0.709572 0.115057 0.0307827
0.610165 -0.11495 -0.0369637
0.649926 0.0122869 0.0549779
0.570388 -0.00239969 0.0549779
0.620108 -0.114949 -0.0369637
0.615127 0.017178 0.0549779
0.625079 -0.114949 -0.0369637
0.63005 -0.114949 -0.0369637
0.570394 -0.0904849 0.0452998
0.635021 -0.114948 -0.0369637
0.570392 -0.0513359 -0.0127685
0.659877 -0.114947 -0.0369637
0.664848 -0.114946 -0.0369637
0.679762 -0.114945 -0.0369637
0.644947 0.115053 -0.0224466
0.684733 -0.114945 -0.0369637
0.694675 -0.114944 -0.0369637
0.704618 -0.114943 -0.0369637
0.709589 -0.114943 -0.0369637
0.724502 -0.114942 -0.0369637
0.729474 -0.114942 -0.0369637
0.729473 -0.100261 0.0501389
0.575366 -0.100272 0.0549779
0.664847 -0.0904781 -0.0418027
0.729472 -0.0953671 0.0501389
0.625073 -0.0317575 0.0549779
0.694675 -0.114944 0.0307827
0.729472 -0.0904735 0.0501389
0.729468 -0.0415373 0.0501389
0.729466 -0.00728194 0.0501389
0.729465 0.00739892 0.0501389
0.729462 0.0416543 0.0501389
0.729462 0.0514415 0.0501389
0.60518 0.0807943 0.0549779
0.729461 0.0661224 0.0501389
0.72946 0.0759096 0.0501389
0.70958 0.0073975 0.0549779
0.729459 0.0856968 0.0501389
0.729459 0.0905905 0.0501389
0.610163 -0.0855884 -0.0418027
0.605178 0.11505 -0.0418027
0.729458 0.100378 0.0501389
0.729457 0.115059 0.0501389
0.729473 -0.105154 0.0452998
0.699638 0.00739679 -0.0418027
0.729472 -0.0953671 0.0452998
0.729472 -0.0904735 0.0452998
0.649927 -0.00239401 -0.0418027
0.729472 -0.0855799 0.0452998
0.72947 -0.0660054 0.0452998
0.729468 -0.0415373 0.0452998
0.729467 -0.0268564 0.0452998
0.630039 0.0416472 0.0549779
0.729466 -0.00238832 0.0452998
0.729465 0.00739892 0.0452998
0.590265 0.110155 -0.0418027
0.729464 0.0122925 0.0452998
0.729468 -0.0366437 0.0114266
0.674782 0.0122886 0.0549779
0.729463 0.031867 0.0452998
0.729462 0.0416543 0.0452998
0.729462 0.0514415 0.0452998
0.605188 -0.0268653 -0.0418027
0.729461 0.0563351 0.0452998
0.729461 0.0661224 0.0452998
0.72946 0.0759096 0.0452998
0.72946 0.0808032 0.0452998
0.729458 0.100378 0.0452998
0.694659 0.115056 0.0452998
0.729458 0.105271 0.0452998
0.729457 0.110165 0.0452998
0.729473 -0.110048 0.0404608
0.729473 -0.105154 0.0404608
0.729473 -0.100261 0.0404608
0.729472 -0.0855799 0.0404608
0.729471 -0.0806862 0.0404608
0.590264 0.115049 0.0549779
0.570389 -0.0219742 -0.0224466
0.570392 -0.0562295 -0.0224466
0.729471 -0.0757926 0.0404608
0.679747 0.0905869 0.0549779
0.72947 -0.070899 0.0404608
0.729469 -0.0562181 0.0404608
0.729469 -0.0513245 0.0404608
0.729468 -0.0415373 0.0404608
0.729467 -0.0268564 0.0404608
0.729466 -0.00728194 0.0404608
0.59525 -0.0904831 -0.0418027
0.729466 -0.00238832 0.0404608
0.729465 0.00739892 0.0404608
0.729464 0.0220798 0.0404608
0.729463 0.0269734 0.0404608
0.729463 0.031867 0.0404608
0.72946 0.071016 0.0404608
0.610165 -0.110056 0.0549779
0.60518 0.0905816 0.0549779
0.72946 0.0759096 0.0404608
0.729459 0.0856968 0.0404608
0.694659 0.115056 0.0501389
0.610163 -0.0758011 -0.0418027
0.729458 0.105271 0.0404608
0.595245 -0.0121852 -0.0418027
0.729457 0.110165 0.0404608
0.729457 0.115059 0.0404608
0.729473 -0.105154 0.0356218
0.729472 -0.0904735 0.0356218
0.729471 -0.0806862 0.0356218
0.570392 -0.0562295 -0.0321247
0.570389 -0.0219742 -0.0272856
0.729471 -0.0757926 0.0356218
0.72947 -0.0660054 0.0356218
0.72947 -0.0611118 0.0356218
0.729469 -0.0513245 0.0356218
0.590275 -0.0366536 -0.0418027
0.729468 -0.0415373 0.0356218
0.729467 -0.0170692 0.0356218
0.729466 -0.00728194 0.0356218
0.729466 -0.00238832 0.0356218
0.729464 0.0220798 0.0356218
0.729463 0.031867 0.0356218
0.729461 0.0563351 0.0356218
0.729461 0.0661224 0.0356218
0.729459 0.0856968 0.0356218
0.729459 0.0905905 0.0356218
0.729473 -0.110048 0.0307827
0.729473 -0.105154 0.0307827
0.729472 -0.0953671 0.0307827
0.704604 0.0808014 -0.0418027
0.709589 -0.114943 -0.0418027
0.729472 -0.0855799 0.0307827
0.729471 -0.0806862 0.0307827
0.590264 0.115049 0.0501389
0.605194 -0.11495 0.0549779
0.570389 -0.0219742 -0.0321247
0.729471 -0.0757926 0.0307827
0.72947 -0.070899 0.0307827
0.630036 0.0856897 -0.0418027
0.72947 -0.0611118 0.0307827
0.729469 -0.0562181 0.0307827
0.639977 0.105265 0.0549779
0.709584 -0.0464323 -0.0418027
0.729469 -0.0513245 0.0307827
0.729469 -0.0464309 0.0307827
0.729468 -0.0415373 0.0307827
0.570386 0.026962 -0.00792951
0.729467 -0.0268564 0.0307827
0.729466 -0.0121756 0.0307827
0.729465 0.00739892 0.0307827
0.620091 0.115051 -0.0369637
0.684718 0.100374 0.0549779
0.605188 -0.0317589 -0.0418027
0.729462 0.0416543 0.0307827
0.689697 -0.0121784 -0.0418027
0.729461 0.0661224 0.0307827
0.72946 0.0759096 0.0307827
0.729458 0.100378 0.0307827
0.729457 0.115059 0.0307827
0.585306 -0.0611221 0.0549779
0.729473 -0.110048 0.0259437
0.729472 -0.0855799 0.0259437
0.605194 -0.11495 0.0501389
0.570392 -0.0562295 -0.0127685
0.570389 -0.0219742 -0.0369637
0.729471 -0.0757926 0.0259437
0.72947 -0.0660054 0.0259437
0.729469 -0.0562181 0.0259437
0.704609 0.00739714 0.0549779
0.729469 -0.0513245 0.0259437
0.729468 -0.0415373 0.0259437
0.729466 -0.0121756 0.0259437
0.729466 -0.00728194 0.0259437
0.639993 -0.114948 0.0259437
0.729464 0.0122925 0.0259437
0.729464 0.0220798 0.0259437
0.620091 0.115051 -0.0272856
0.729462 0.0416543 0.0259437
0.729461 0.0661224 0.0259437
0.72946 0.0808032 0.0259437
0.639981 0.0465415 0.0549779
0.729459 0.0856968 0.0259437
0.639976 0.115052 0.0501389
0.709575 0.0856954 -0.0418027
0.729459 0.0954841 0.0259437
0.729457 0.115059 0.0259437
0.729473 -0.105154 0.0211047
0.669815 -0.0464352 0.0549779
0.729473 -0.100261 0.0211047
0.694673 -0.0806887 0.0549779
0.729472 -0.0953671 0.0211047
0.590264 0.115049 0.0356218
0.605194 -0.11495 0.0452998
0.570389 -0.0219742 -0.0418027
0.570392 -0.0562295 -0.0176076
0.729471 -0.0757926 0.0211047
0.72947 -0.0611118 0.0211047
0.729467 -0.0219628 0.0211047
0.729467 -0.0170692 0.0211047
0.729466 -0.0121756 0.0211047
0.639983 0.0220734 -0.0418027
0.729465 0.00739892 0.0211047
0.639993 -0.114948 0.0211047
0.729464 0.0122925 0.0211047
0.729463 0.031867 0.0211047
0.620091 0.115051 0.0162657
0.729462 0.0416543 0.0211047
0.729462 0.0514415 0.0211047
0.729461 0.0563351 0.0211047
0.729461 0.0612287 0.0211047
0.72946 0.071016 0.0211047
0.72946 0.0759096 0.0211047
0.630046 -0.0513316 -0.0418027
0.729458 0.100378 0.0211047
0.659874 -0.070904 0.0549779
0.630034 0.105264 0.0549779
0.729457 0.115059 0.0211047
0.729473 -0.105154 0.0162657
0.729473 -0.100261 0.0162657
0.729472 -0.0953671 0.0162657
0.729472 -0.0855799 0.0162657
0.72947 -0.070899 0.0162657
0.694669 -0.0317525 -0.0418027
0.729469 -0.0562181 0.0162657
0.674774 0.115055 0.0259437
0.729469 -0.0464309 0.0162657
0.729468 -0.0415373 0.0162657
0.729466 -0.00238832 0.0162657
0.729465 0.00739892 0.0162657
0.639993 -0.114948 0.0404608
0.729464 0.0122925 0.0162657
0.729462 0.0416543 0.0162657
0.729462 0.0465479 0.0162657
0.729461 0.0661224 0.0162657
0.72946 0.0808032 0.0162657
0.729459 0.0856968 0.0162657
0.595236 0.105262 -0.0418027
0.729459 0.0954841 0.0162657
0.729458 0.100378 0.0162657
0.729473 -0.110048 0.0114266
0.729473 -0.100261 0.0114266
0.654891 0.0905851 0.0549779
0.729472 -0.0953671 0.0114266
0.729471 -0.0806862 0.0114266
0.570392 -0.0562295 -0.00792951
0.729471 -0.0757926 0.0114266
0.625079 -0.114949 0.0549779
0.72947 -0.0660054 0.0114266
0.590273 -0.00239827 -0.0418027
0.630047 -0.0660125 0.0549779
0.729469 -0.0562181 0.0114266
0.605194 -0.11495 0.00174856
0.729468 -0.03175 0.0114266
0.729467 -0.0219628 0.0114266
0.71456 -0.114943 -0.0224466
0.729467 -0.0170692 0.0114266
0.410322 -0.0499668 -0.0551593
0.425204 -0.0499649 -0.0551593
0.430164 -0.0499642 -0.0551593
0.445045 -0.0499623 -0.0551593
0.464887 -0.0499597 -0.0551593
0.479768 -0.0499577 -0.0551593
0.489689 -0.0499564 -0.0551593
0.509531 -0.0499538 -0.0551593
0.514491 -0.0499531 -0.0551593
0.524412 -0.0499518 -0.0551593
0.529373 -0.0499512 -0.0551593
0.415283 -0.0499662 -0.0502812
0.425204 -0.0499649 -0.0502812
0.474808 -0.0499584 -0.0502812
0.479768 -0.0499577 -0.0502812
0.489689 -0.0499564 -0.0502812
0.49465 -0.0499557 -0.0502812
0.49961 -0.0499551 -0.0502812
0.529373 -0.0499512 -0.0502812
0.410322 -0.0499668 -0.045403
0.420243 -0.0499655 -0.045403
0.425204 -0.0499649 -0.045403
0.459927 -0.0499603 -0.045403
0.464887 -0.0499597 -0.045403
0.469848 -0.049959 -0.045403
0.479768 -0.0499577 -0.045403
0.514491 -0.0499531 -0.045403
0.524412 -0.0499518 -0.045403
0.410322 -0.0499668 -0.0405249
0.445045 -0.0499623 -0.0405249
0.459927 -0.0499603 -0.0405249
0.464887 -0.0499597 -0.0405249
0.469848 -0.049959 -0.0405249
0.479768 -0.0499577 -0.0405249
0.504571 -0.0499544 -0.0405249
0.509531 -0.0499538 -0.0405249
0.524412 -0.0499518 -0.0405249
0.410322 -0.0499668 -0.0356468
0.415283 -0.0499662 -0.0356468
0.420243 -0.0499655 -0.0356468
0.425204 -0.0499649 -0.0356468
0.450006 -0.0499616 -0.0356468
0.454966 -0.049961 -0.0356468
0.459927 -0.0499603 -0.0356468
0.474808 -0.0499584 -0.0356468
0.479768 -0.0499577 -0.0356468
0.49961 -0.0499551 -0.0356468
0.514491 -0.0499531 -0.0356468
0.524412 -0.0499518 -0.0356468
0.410322 -0.0499668 -0.0307686
0.415283 -0.0499662 -0.0307686
0.425204 -0.0499649 -0.0307686
0.445045 -0.0499623 -0.0307686
0.450006 -0.0499616 -0.0307686
0.454966 -0.049961 -0.0307686
0.459927 -0.0499603 -0.0307686
0.464887 -0.0499597 -0.0307686
0.474808 -0.0499584 -0.0307686
0.479768 -0.0499577 -0.0307686
0.484729 -0.0499571 -0.0307686
0.49465 -0.0499557 -0.0307686
0.529373 -0.0499512 -0.0307686
0.420243 -0.0499655 -0.0258905
0.425204 -0.0499649 -0.0258905
0.430164 -0.0499642 -0.0258905
0.459927 -0.0499603 -0.0258905
0.479768 -0.0499577 -0.0258905
0.484729 -0.0499571 -0.0258905
0.489689 -0.0499564 -0.0258905
0.519452 -0.0499525 -0.0258905
0.524412 -0.0499518 -0.0258905
0.420243 -0.0499655 -0.0210123
0.519452 -0.0499525 -0.0307686
0.430164 -0.0499642 -0.0210123
0.445045 -0.0499623 -0.0210123
0.450006 -0.0499616 -0.0210123
0.454966 -0.049961 -0.0210123
0.459927 -0.0499603 -0.0210123
0.464887 -0.0499597 -0.0210123
0.479768 -0.0499577 -0.0210123
0.484729 -0.0499571 -0.0210123
0.49961 -0.0499551 -0.0210123
0.415283 -0.0499662 -0.0161342
0.425204 -0.0499649 -0.0161342
0.440085 -0.0499629 -0.0161342
0.450006 -0.0499616 -0.0161342
0.459927 -0.0499603 -0.0161342
0.469848 -0.049959 -0.0161342
0.474808 -0.0499584 -0.0161342
0.484729 -0.0499571 -0.0161342
0.49465 -0.0499557 -0.0161342
0.509531 -0.0499538 -0.0161342
0.519452 -0.0499525 -0.0161342
0.524412 -0.0499518 -0.0161342
0.529373 -0.0499512 -0.0161342
0.410322 -0.0499668 -0.0112561
0.415283 -0.0499662 -0.0112561
0.420243 -0.0499655 -0.0112561
0.425204 -0.0499649 -0.0112561
0.450006 -0.0499616 -0.0112561
0.464887 -0.0499597 -0.0112561
0.474808 -0.0499584 -0.0112561
0.479768 -0.0499577 -0.0112561
0.484729 -0.0499571 -0.0112561
0.509531 -0.0499538 -0.0112561
0.519452 -0.0499525 -0.0112561
0.410322 -0.0499668 -0.00637793
0.420243 -0.0499655 -0.00637793
0.425204 -0.0499649 -0.00637793
0.435125 -0.0499636 -0.00637793
0.450006 -0.0499616 -0.00637793
0.464887 -0.0499597 -0.00637793
0.479768 -0.0499577 -0.00637793
0.484729 -0.0499571 -0.00637793
0.49465 -0.0499557 -0.00637793
0.49961 -0.0499551 -0.00637793
0.509531 -0.0499538 -0.00637793
0.519452 -0.0499525 -0.00637793
0.524412 -0.0499518 -0.00637793
0.529373 -0.0499512 -0.00637793
0.415283 -0.0499662 -0.00149979
0.420243 -0.0499655 -0.00149979
0.425204 -0.0499649 -0.00149979
0.430164 -0.0499642 -0.00149979
0.474808 -0.0499584 -0.00149979
0.479768 -0.0499577 -0.00149979
0.484729 -0.0499571 -0.00149979
0.49465 -0.0499557 -0.00149979
0.435125 -0.0499636 0.00337835
0.445045 -0.0499623 0.00337835
0.450006 -0.0499616 0.00337835
0.454966 -0.049961 0.00337835
0.459927 -0.0499603 0.00337835
0.464887 -0.0499597 0.00337835
0.484729 -0.0499571 0.00337835
0.489689 -0.0499564 0.00337835
0.49961 -0.0499551 0.00337835
0.514491 -0.0499531 0.00337835
0.529373 -0.0499512 0.00337835
0.440085 -0.0499629 0.00825648
0.445045 -0.0499623 0.00825648
0.464887 -0.0499597 0.00825648
0.474808 -0.0499584 0.00825648
0.479768 -0.0499577 0.00825648
0.484729 -0.0499571 0.00825648
0.49465 -0.0499557 0.00825648
0.514491 -0.0499531 0.00825648
0.519452 -0.0499525 0.00825648
0.524412 -0.0499518 0.00825648
0.529373 -0.0499512 0.00825648
0.410322 -0.0499668 0.0131346
0.420243 -0.0499655 0.0131346
0.445045 -0.0499623 0.0131346
0.450006 -0.0499616 0.0131346
0.464887 -0.0499597 0.0131346
0.474808 -0.0499584 0.0131346
0.479768 -0.0499577 0.0131346
0.484729 -0.0499571 0.0131346
0.489689 -0.0499564 0.0131346
0.49465 -0.0499557 0.0131346
0.529373 -0.0499512 -0.00149979
0.514491 -0.0499531 0.0131346
0.519452 -0.0499525 0.0131346
0.524412 -0.0499518 0.0131346
0.410322 -0.0499668 0.0180128
0.450006 -0.0499616 0.0180128
0.459927 -0.0499603 0.0180128
0.474808 -0.0499584 0.0180128
0.479768 -0.0499577 0.0180128
0.49465 -0.0499557 0.0180128
0.514491 -0.0499531 0.0180128
0.519452 -0.0499525 0.0180128
0.420243 -0.0499655 0.0228909
0.430164 -0.0499642 0.0228909
0.445045 -0.0499623 0.0228909
0.450006 -0.0499616 0.0228909
0.459927 -0.0499603 0.0228909
0.469848 -0.049959 0.0228909
0.474808 -0.0499584 0.0228909
0.484729 -0.0499571 0.0228909
0.49465 -0.0499557 0.0228909
0.504571 -0.0499544 0.0228909
0.509531 -0.0499538 0.0228909
0.529373 -0.0499512 -0.0112561
0.514491 -0.0499531 0.0228909
0.425204 -0.0499649 0.027769
0.435125 -0.0499636 0.027769
0.450006 -0.0499616 0.027769
0.459927 -0.0499603 0.027769
0.479768 -0.0499577 0.027769
0.484729 -0.0499571 0.027769
0.489689 -0.0499564 0.027769
0.504571 -0.0499544 0.027769
0.509531 -0.0499538 0.027769
0.529373 -0.0499512 -0.0210123
0.514491 -0.0499531 0.027769
0.524412 -0.0499518 0.027769
0.420243 -0.0499655 0.0326472
0.450006 -0.0499616 0.0326472
0.459927 -0.0499603 0.0326472
0.415283 -0.0499662 -0.0210123
0.469848 -0.049959 0.0326472
0.484729 -0.0499571 0.0326472
0.49961 -0.0499551 0.0326472
0.509531 -0.0499538 0.0326472
0.524412 -0.0499518 0.0326472
0.514491 -0.0499531 -0.0258905
0.529373 -0.0499512 0.0326472
0.534334 -0.0549282 -0.0551593
0.435125 -0.0499636 0.0326472
0.534336 -0.0698611 -0.0551593
0.534337 -0.0748387 -0.0551593
0.534337 -0.0798163 -0.0551593
0.534339 -0.0947492 -0.0551593
0.534342 -0.11466 -0.0551593
0.534342 -0.119637 -0.0551593
0.534346 -0.144526 -0.0551593
0.534347 -0.154481 -0.0551593
0.534348 -0.164436 -0.0551593
0.53435 -0.174391 -0.0551593
0.53435 -0.179369 -0.0551593
0.534352 -0.189324 -0.0551593
0.534353 -0.204257 -0.0551593
0.534354 -0.209235 -0.0551593
0.534355 -0.21919 -0.0551593
0.534333 -0.0499505 -0.0502812
0.534335 -0.0599058 -0.0502812
0.534335 -0.0648834 -0.0502812
0.534336 -0.0698611 -0.0502812
0.53434 -0.0997268 -0.0502812
0.534342 -0.11466 -0.0502812
0.534342 -0.119637 -0.0502812
0.534344 -0.129593 -0.0502812
0.534345 -0.139548 -0.0502812
0.534346 -0.144526 -0.0502812
0.53435 -0.179369 -0.0502812
0.534351 -0.184347 -0.0502812
0.534352 -0.189324 -0.0502812
0.534353 -0.199279 -0.0502812
0.534353 -0.204257 -0.0502812
0.534354 -0.209235 -0.0502812
0.534355 -0.214212 -0.0502812
0.534333 -0.0499505 -0.045403
0.534335 -0.0599058 -0.045403
0.534336 -0.0698611 -0.045403
0.534338 -0.084794 -0.045403
0.534339 -0.0947492 -0.045403
0.53434 -0.0997268 -0.045403
0.534341 -0.109682 -0.045403
0.534342 -0.11466 -0.045403
0.534342 -0.119637 -0.045403
0.534343 -0.124615 -0.045403
0.534344 -0.129593 -0.045403
0.534345 -0.139548 -0.045403
0.534346 -0.144526 -0.045403
0.53435 -0.179369 -0.045403
0.534352 -0.189324 -0.045403
0.534353 -0.204257 -0.045403
0.534354 -0.209235 -0.045403
0.534355 -0.21919 -0.045403
0.504571 -0.0499544 0.00337835
0.534334 -0.0549282 -0.0405249
0.534335 -0.0648834 -0.0405249
0.534356 -0.224168 -0.0551593
0.534337 -0.0798163 -0.0405249
0.534338 -0.084794 -0.0405249
0.53434 -0.0997268 -0.0405249
0.534341 -0.109682 -0.0405249
0.534342 -0.11466 -0.0405249
0.534346 -0.144526 -0.0405249
0.509531 -0.0499538 -0.0210123
0.534346 -0.149503 -0.0405249
0.534354 -0.209235 -0.0405249
0.534355 -0.214212 -0.0405249
0.534355 -0.21919 -0.0405249
0.534335 -0.0599058 -0.0356468
0.534335 -0.0648834 -0.0356468
0.534336 -0.0698611 -0.0356468
0.534337 -0.0798163 -0.0356468
0.534338 -0.0897716 -0.0356468
0.53434 -0.0997268 -0.0356468
0.534342 -0.119637 -0.0356468
0.534344 -0.13457 -0.0356468
0.534347 -0.154481 -0.0356468
0.53435 -0.179369 -0.0356468
0.534351 -0.184347 -0.0356468
0.534352 -0.189324 -0.0356468
0.534353 -0.204257 -0.0356468
0.534354 -0.209235 -0.0356468
0.534355 -0.214212 -0.0356468
0.534355 -0.21919 -0.0356468
0.504571 -0.0499544 0.0180128
0.534334 -0.0549282 -0.0307686
0.534335 -0.0648834 -0.0307686
0.534337 -0.0748387 -0.0307686
0.53434 -0.0997268 -0.0307686
0.534342 -0.11466 -0.0307686
0.534343 -0.124615 -0.0307686
0.534344 -0.129593 -0.0307686
0.534346 -0.149503 -0.0307686
0.534347 -0.154481 -0.0307686
0.534349 -0.169414 -0.0307686
0.53435 -0.174391 -0.0307686
0.534353 -0.199279 -0.0307686
0.534354 -0.209235 -0.0307686
0.534355 -0.214212 -0.0307686
0.534355 -0.21919 -0.0307686
0.440085 -0.0499629 -0.0551593
0.534333 -0.0499505 -0.0258905
0.534336 -0.0698611 -0.0258905
0.534337 -0.0748387 -0.0258905
0.534338 -0.0897716 -0.0258905
0.53434 -0.0997268 -0.0258905
0.534342 -0.11466 -0.0258905
0.534344 -0.129593 -0.0258905
0.534345 -0.139548 -0.0258905
0.534346 -0.144526 -0.0258905
0.534346 -0.149503 -0.0258905
0.534348 -0.159458 -0.0258905
0.534349 -0.169414 -0.0258905
0.53435 -0.174391 -0.0258905
0.534351 -0.184347 -0.0258905
0.534352 -0.189324 -0.0258905
0.534353 -0.19928 -0.0258905
0.534353 -0.204257 -0.0258905
0.534354 -0.209235 -0.0258905
0.534333 -0.0499505 -0.0210123
0.504571 -0.0499544 -0.0258905
0.534334 -0.0549282 -0.0210123
0.534335 -0.0599058 -0.0210123
0.534335 -0.0648834 -0.0210123
0.534337 -0.0748387 -0.0210123
0.534338 -0.0897716 -0.0210123
0.534339 -0.0947492 -0.0210123
0.53434 -0.0997268 -0.0210123
0.534342 -0.11466 -0.0210123
0.534345 -0.139548 -0.0210123
0.534346 -0.144526 -0.0210123
0.534348 -0.164436 -0.0210123
0.53435 -0.174391 -0.0210123
0.53435 -0.179369 -0.0210123
0.534352 -0.194302 -0.0210123
0.534353 -0.199279 -0.0210123
0.534355 -0.214212 -0.0210123
0.534355 -0.21919 -0.0210123
0.49961 -0.0499551 -0.0551593
0.534356 -0.224168 -0.0210123
0.534333 -0.0499505 -0.0161342
0.534335 -0.0599058 -0.0161342
0.534335 -0.0648834 -0.0161342
0.534336 -0.0698611 -0.0161342
0.534338 -0.084794 -0.0161342
0.534338 -0.0897716 -0.0161342
0.53434 -0.0997268 -0.0161342
0.534341 -0.109682 -0.0161342
0.534342 -0.119637 -0.0161342
0.534343 -0.124615 -0.0161342
0.534344 -0.129593 -0.0161342
0.534345 -0.139548 -0.0161342
0.534346 -0.144526 -0.0161342
0.534347 -0.154481 -0.0161342
0.534352 -0.189324 -0.0161342
0.430164 -0.0499642 -0.0161342
0.534352 -0.194302 -0.0161342
0.534353 -0.199279 -0.0161342
0.534354 -0.209235 -0.0161342
0.534355 -0.214212 -0.0161342
0.534333 -0.0499505 -0.0112561
0.504571 -0.0499544 -0.0112561
0.534334 -0.0549282 -0.0112561
0.534335 -0.0599058 -0.0112561
0.534335 -0.0648834 -0.0112561
0.534336 -0.0698611 -0.0112561
0.534338 -0.084794 -0.0112561
0.534338 -0.0897716 -0.0112561
0.534339 -0.0947492 -0.0112561
0.53434 -0.0997268 -0.0112561
0.534341 -0.109682 -0.0112561
0.534342 -0.11466 -0.0112561
0.534345 -0.139548 -0.0112561
0.534346 -0.144526 -0.0112561
0.534348 -0.164436 -0.0112561
0.534349 -0.169414 -0.0112561
0.53435 -0.174391 -0.0112561
0.534352 -0.189324 -0.0112561
0.534353 -0.199279 -0.0112561
0.534353 -0.204257 -0.0112561
0.534354 -0.209235 -0.0112561
0.534355 -0.21919 -0.0112561
0.534333 -0.0499505 -0.00637793
0.534335 -0.0599058 -0.00637793
0.534335 -0.0648834 -0.00637793
0.534337 -0.0748387 -0.00637793
0.534337 -0.0798163 -0.00637793
0.53434 -0.104704 -0.00637793
0.534341 -0.109682 -0.00637793
0.534342 -0.11466 -0.00637793
0.534342 -0.119637 -0.00637793
0.534344 -0.129593 -0.00637793
0.534345 -0.139548 -0.00637793
0.534346 -0.144526 -0.00637793
0.534346 -0.149503 -0.00637793
0.534348 -0.164436 -0.00637793
0.534349 -0.169414 -0.00637793
0.53435 -0.174391 -0.00637793
0.534352 -0.194302 -0.00637793
0.519452 -0.0499525 -0.0502812
0.534353 -0.199279 -0.00637793
0.534353 -0.204257 -0.00637793
0.534354 -0.209235 -0.00637793
0.49961 -0.0499551 -0.045403
0.534356 -0.224168 -0.00637793
0.534333 -0.0499505 -0.00149979
0.534337 -0.0748387 -0.00149979
0.534337 -0.0798163 -0.00149979
0.534338 -0.084794 -0.00149979
0.534338 -0.0897716 -0.00149979
0.53434 -0.104704 -0.00149979
0.534341 -0.109682 -0.00149979
0.534342 -0.11466 -0.00149979
0.534343 -0.124615 -0.00149979
0.534345 -0.139548 -0.00149979
0.534346 -0.144526 -0.00149979
0.534347 -0.154481 -0.00149979
0.534348 -0.164436 -0.00149979
0.53435 -0.174391 -0.00149979
0.534352 -0.189324 -0.00149979
0.534352 -0.194302 -0.00149979
0.534353 -0.204257 -0.00149979
0.415283 -0.0499662 0.0131346
0.534355 -0.214212 -0.00149979
0.534355 -0.21919 -0.00149979
0.534356 -0.224168 -0.00149979
0.534337 -0.0748387 0.00337835
0.534337 -0.0798163 0.00337835
0.534338 -0.084794 0.00337835
0.534338 -0.0897716 0.00337835
0.534341 -0.109682 0.00337835
0.534344 -0.13457 0.00337835
0.534346 -0.149503 0.00337835
0.53435 -0.174391 0.00337835
0.534352 -0.194302 0.00337835
0.430164 -0.0499642 -0.0405249
0.519452 -0.0499525 -0.0356468
0.534353 -0.199279 0.00337835
0.534354 -0.209235 0.00337835
0.534356 -0.224168 0.00337835
0.534337 -0.0798163 0.00825648
0.534339 -0.0947492 0.00825648
0.53434 -0.0997268 0.00825648
0.53434 -0.104704 0.00825648
0.534341 -0.109682 0.00825648
0.534342 -0.11466 0.00825648
0.534343 -0.124615 0.00825648
0.534344 -0.129593 0.00825648
0.534344 -0.13457 0.00825648
0.534345 -0.139548 0.00825648
0.534346 -0.144526 0.00825648
0.534346 -0.149503 0.00825648
0.534348 -0.159458 0.00825648
0.534348 -0.164436 0.00825648
0.53435 -0.174391 0.00825648
0.534352 -0.194302 0.00825648
0.420243 -0.0499655 -0.0405249
0.534354 -0.209235 0.00825648
0.534355 -0.214212 0.00825648
0.534355 -0.21919 0.00825648
0.440085 -0.0499629 -0.0210123
0.534333 -0.0499505 0.0131346
0.504571 -0.0499544 -0.0356468
0.534334 -0.0549282 0.0131346
0.534335 -0.0648834 0.0131346
0.435125 -0.0499636 -0.045403
0.534336 -0.0698611 0.0131346
0.534337 -0.0748387 0.0131346
0.53434 -0.0997268 0.0131346
0.534341 -0.109682 0.0131346
0.534344 -0.129593 0.0131346
0.534345 -0.139548 0.0131346
0.534348 -0.164436 0.0131346
0.534349 -0.169414 0.0131346
0.53435 -0.179369 0.0131346
0.534351 -0.184347 0.0131346
0.534352 -0.194302 0.0131346
0.534353 -0.199279 0.0131346
0.534353 -0.204257 0.0131346
0.534355 -0.214212 0.0131346
0.534355 -0.21919 0.0131346
0.534356 -0.224168 0.0131346
0.534336 -0.0698611 0.0180128
0.534337 -0.0798163 0.0180128
0.534347 -0.154481 -0.00637793
0.53434 -0.0997268 0.0180128
0.534348 -0.159458 -0.0161342
0.53434 -0.104704 0.0180128
0.534341 -0.109682 0.0180128
0.534342 -0.11466 0.0180128
0.534343 -0.124615 0.0180128
0.534344 -0.13457 0.0180128
0.534345 -0.139548 0.0180128
0.534346 -0.144526 0.0180128
0.534348 -0.159458 0.0180128
0.534349 -0.169414 0.0180128
0.53435 -0.174391 0.0180128
0.534352 -0.194302 0.0180128
0.534353 -0.199279 0.0180128
0.534353 -0.204257 0.0180128
0.534355 -0.214212 0.0180128
0.534355 -0.21919 0.0180128
0.534356 -0.224168 0.0180128
0.534347 -0.154481 -0.0112561
0.53434 -0.0997268 0.0228909
0.534341 -0.109682 0.0228909
0.534342 -0.11466 0.0228909
0.534342 -0.119637 0.0228909
0.53435 -0.179369 -0.00149979
0.534343 -0.124615 0.0228909
0.534344 -0.13457 0.0228909
0.534345 -0.139548 0.0228909
0.534347 -0.154481 0.0228909
0.534348 -0.164436 0.0228909
0.53435 -0.174391 0.0228909
0.534353 -0.199279 0.0228909
0.534353 -0.204257 0.0228909
0.534355 -0.214212 0.0228909
0.534334 -0.0549282 0.027769
0.534335 -0.0648834 0.027769
0.534338 -0.084794 0.027769
0.534338 -0.0897716 0.027769
0.509531 -0.0499538 -0.0307686
0.534339 -0.0947492 0.027769
0.534348 -0.159458 -0.00637793
0.53434 -0.104704 0.027769
0.534341 -0.109682 0.027769
0.534342 -0.11466 0.027769
0.534342 -0.119637 0.027769
0.534344 -0.13457 0.027769
0.534339 -0.0947492 -0.0258905
0.534346 -0.144526 0.027769
0.534346 -0.149503 0.027769
0.534341 -0.109682 -0.0210123
0.534348 -0.159458 0.027769
0.534351 -0.184347 0.027769
0.534352 -0.189324 0.027769
0.534352 -0.194302 0.027769
0.534353 -0.204257 0.027769
0.484729 -0.0499571 -0.0405249
0.534354 -0.209235 0.027769
0.534355 -0.214212 0.027769
0.534355 -0.21919 0.027769
0.534356 -0.224168 0.027769
0.534333 -0.0499505 0.0326472
0.534335 -0.0648834 0.0326472
0.53434 -0.0997268 0.0326472
0.534348 -0.159458 -0.0112561
0.53434 -0.104704 0.0326472
0.534341 -0.109682 0.0326472
0.534342 -0.11466 0.0326472
0.534342 -0.119637 0.0326472
0.53435 -0.179369 -0.0161342
0.534343 -0.124615 0.0326472
0.534344 -0.13457 0.0326472
0.534345 -0.139548 0.0326472
0.534339 -0.0947492 0.00337835
0.534346 -0.144526 0.0326472
0.534346 -0.149503 0.0326472
0.534347 -0.154481 0.0326472
0.53435 -0.174391 0.0326472
0.534344 -0.13457 -0.0161342
0.534351 -0.184347 0.0326472
0.534352 -0.194302 0.0326472
0.534353 -0.199279 0.0326472
0.534353 -0.204257 0.0326472
0.484729 -0.0499571 -0.045403
0.420243 -0.0499655 -0.0161342
0.534354 -0.209235 0.0326472
0.534355 -0.214212 0.0326472
0.534355 -0.21919 0.0326472
0.534356 -0.224168 0.0326472
0.519475 -0.229147 -0.0551593
0.509555 -0.229149 -0.0551593
0.499634 -0.22915 -0.0551593
0.489713 -0.229151 -0.0551593
0.484752 -0.229152 -0.0551593
0.45995 -0.229155 -0.0551593
0.534343 -0.124615 -0.0112561
0.45499 -0.229156 -0.0551593
0.450029 -0.229156 -0.0551593
0.445069 -0.229157 -0.0551593
0.440109 -0.229158 -0.0551593
0.435148 -0.229158 -0.0551593
0.430188 -0.229159 -0.0551593
0.425227 -0.22916 -0.0551593
0.415306 -0.229161 -0.0551593
0.410346 -0.229162 -0.0551593
0.529396 -0.229146 -0.0502812
0.524436 -0.229147 -0.0502812
0.519475 -0.229147 -0.0502812
0.534349 -0.169414 -0.0356468
0.514515 -0.229148 -0.0502812
0.509555 -0.229149 -0.0502812
0.504594 -0.229149 -0.0502812
0.534338 -0.084794 -0.0356468
0.499634 -0.22915 -0.0502812
0.494673 -0.229151 -0.0502812
0.489713 -0.229151 -0.0502812
0.484752 -0.229152 -0.0502812
0.474832 -0.229153 -0.0502812
0.469871 -0.229154 -0.0502812
0.49961 -0.0499551 -0.0258905
0.464911 -0.229154 -0.0502812
0.45499 -0.229156 -0.0502812
0.440109 -0.229158 -0.0502812
0.435148 -0.229158 -0.0502812
0.430188 -0.229159 -0.0502812
0.534342 -0.119637 0.0131346
0.425227 -0.22916 -0.0502812
0.420267 -0.22916 -0.0502812
0.415306 -0.229161 -0.0502812
0.519475 -0.229147 -0.045403
0.509555 -0.229149 -0.045403
0.504594 -0.229149 -0.045403
0.534338 -0.084794 -0.0307686
0.499634 -0.22915 -0.045403
0.484752 -0.229152 -0.045403
0.479792 -0.229152 -0.045403
0.534335 -0.0648834 0.0228909
0.469871 -0.229154 -0.045403
0.464911 -0.229154 -0.045403
0.45995 -0.229155 -0.045403
0.450029 -0.229156 -0.045403
0.430188 -0.229159 -0.045403
0.425227 -0.22916 -0.045403
0.420267 -0.22916 -0.045403
0.534357 -0.229145 -0.0405249
0.474832 -0.229153 -0.0551593
0.524436 -0.229147 -0.0405249
0.519475 -0.229147 -0.0405249
0.509555 -0.229149 -0.0405249
0.519452 -0.0499525 -0.0210123
0.494673 -0.229151 -0.0405249
0.489713 -0.229151 -0.0405249
0.534335 -0.0599058 -0.00149979
0.479792 -0.229152 -0.0405249
0.474832 -0.229153 -0.0405249
0.534335 -0.0648834 0.0180128
0.469871 -0.229154 -0.0405249
0.45995 -0.229155 -0.0405249
0.450029 -0.229156 -0.0405249
0.445069 -0.229157 -0.0405249
0.430188 -0.229159 -0.0405249
0.415306 -0.229161 -0.0405249
0.529396 -0.229146 -0.0356468
0.524436 -0.229147 -0.0356468
0.519475 -0.229147 -0.0356468
0.514515 -0.229148 -0.0356468
0.489713 -0.229151 -0.0356468
0.484752 -0.229152 -0.0356468
0.469871 -0.229154 -0.0356468
0.445069 -0.229157 -0.0356468
0.440109 -0.229158 -0.0356468
0.534344 -0.13457 -0.0502812
0.435148 -0.229158 -0.0356468
0.430188 -0.229159 -0.0356468
0.534342 -0.119637 -0.0210123
0.534349 -0.169414 0.0326472
0.425227 -0.22916 -0.0356468
0.415306 -0.229161 -0.0356468
0.410346 -0.229162 -0.0356468
0.529396 -0.229146 -0.0307686
0.524436 -0.229147 -0.0307686
0.53434 -0.104704 -0.0258905
0.504594 -0.229149 -0.0307686
0.454966 -0.049961 -0.00637793
0.499634 -0.22915 -0.0307686
0.519452 -0.0499525 0.0228909
0.494673 -0.229151 -0.0307686
0.484752 -0.229152 -0.0307686
0.469871 -0.229154 -0.0307686
0.45995 -0.229155 -0.0307686
0.450029 -0.229156 -0.0307686
0.440109 -0.229158 -0.0307686
0.435148 -0.229158 -0.0307686
0.430188 -0.229159 -0.0307686
0.534342 -0.119637 -0.0258905
0.425227 -0.22916 -0.0307686
0.415306 -0.229161 -0.0307686
0.410346 -0.229162 -0.0307686
0.524436 -0.229147 -0.0258905
0.519475 -0.229147 -0.0258905
0.509555 -0.229149 -0.0258905
0.504594 -0.229149 -0.0258905
0.489713 -0.229151 -0.0258905
0.484752 -0.229152 -0.0258905
0.474832 -0.229153 -0.0258905
0.469871 -0.229154 -0.0258905
0.464911 -0.229154 -0.0258905
0.45995 -0.229155 -0.0258905
0.45499 -0.229156 -0.0258905
0.450029 -0.229156 -0.0258905
0.504571 -0.0499544 0.0326472
0.445069 -0.229157 -0.0258905
0.440109 -0.229158 -0.0258905
0.435148 -0.229158 -0.0258905
0.430188 -0.229159 -0.0258905
0.534334 -0.0549282 0.0326472
0.410346 -0.229162 -0.0258905
0.529396 -0.229146 -0.0210123
0.519475 -0.229147 -0.0210123
0.514515 -0.229148 -0.0210123
0.509555 -0.229149 -0.0210123
0.53434 -0.104704 -0.0307686
0.504594 -0.229149 -0.0210123
0.499634 -0.22915 -0.0210123
0.489713 -0.229151 -0.0210123
0.484752 -0.229152 -0.0210123
0.534335 -0.0599058 0.0180128
0.479792 -0.229152 -0.0210123
0.534335 -0.0648834 -0.00149979
0.469871 -0.229154 -0.0210123
0.464911 -0.229154 -0.0210123
0.45995 -0.229155 -0.0210123
0.45499 -0.229156 -0.0210123
0.450029 -0.229156 -0.0210123
0.489689 -0.0499564 -0.0405249
0.445069 -0.229157 -0.0210123
0.435148 -0.229158 -0.0210123
0.430188 -0.229159 -0.0210123
0.420267 -0.22916 -0.0210123
0.415306 -0.229161 -0.0210123
0.534349 -0.169414 0.0228909
0.514515 -0.229148 -0.0161342
0.454966 -0.049961 0.00825648
0.499634 -0.22915 -0.0161342
0.494673 -0.229151 -0.0161342
0.489713 -0.229151 -0.0161342
0.484752 -0.229152 -0.0161342
0.534335 -0.0599058 0.0228909
0.479792 -0.229152 -0.0161342
0.469871 -0.229154 -0.0161342
0.49961 -0.0499551 0.00825648
0.534356 -0.224168 -0.0356468
0.464911 -0.229154 -0.0161342
0.45995 -0.229155 -0.0161342
0.45499 -0.229156 -0.0161342
0.489689 -0.0499564 -0.045403
0.445069 -0.229157 -0.0161342
0.440109 -0.229158 -0.0161342
0.435148 -0.229158 -0.0161342
0.430188 -0.229159 -0.0161342
0.425227 -0.22916 -0.0161342
0.415306 -0.229161 -0.0161342
0.534334 -0.0549282 -0.0258905
0.410346 -0.229162 -0.0161342
0.529396 -0.229146 -0.0112561
0.524436 -0.229147 -0.0112561
0.519475 -0.229147 -0.0112561
0.509555 -0.229149 -0.0112561
0.454966 -0.049961 -0.00149979
0.499634 -0.22915 -0.0112561
0.489713 -0.229151 -0.0112561
0.484752 -0.229152 -0.0112561
0.534335 -0.0599058 0.0326472
0.479792 -0.229152 -0.0112561
0.469871 -0.229154 -0.0112561
0.49961 -0.0499551 0.0131346
0.534356 -0.224168 -0.0405249
0.464911 -0.229154 -0.0112561
0.450029 -0.229156 -0.0112561
0.445069 -0.229157 -0.0112561
0.435148 -0.229158 -0.0112561
0.430188 -0.229159 -0.0112561
0.425227 -0.22916 -0.0112561
0.415306 -0.229161 -0.0112561
0.534357 -0.229145 -0.00637793
0.524436 -0.229147 -0.00637793
0.519475 -0.229147 -0.00637793
0.534349 -0.169414 0.027769
0.514515 -0.229148 -0.00637793
0.509555 -0.229149 -0.00637793
0.489713 -0.229151 -0.00637793
0.469871 -0.229154 -0.00637793
0.464911 -0.229154 -0.00637793
0.45995 -0.229155 -0.00637793
0.45499 -0.229156 -0.00637793
0.450029 -0.229156 -0.00637793
0.489689 -0.0499564 -0.0307686
0.445069 -0.229157 -0.00637793
0.440109 -0.229158 -0.00637793
0.435148 -0.229158 -0.00637793
0.430188 -0.229159 -0.00637793
0.425227 -0.22916 -0.00637793
0.415306 -0.229161 -0.00637793
0.410346 -0.229162 -0.00637793
0.534357 -0.229145 -0.00149979
0.519475 -0.229147 -0.00149979
0.514515 -0.229148 -0.00149979
0.509555 -0.229149 -0.00149979
0.430164 -0.0499642 0.027769
0.494673 -0.229151 -0.00149979
0.489713 -0.229151 -0.00149979
0.484752 -0.229152 -0.00149979
0.474832 -0.229153 -0.00149979
0.45995 -0.229155 -0.00149979
0.45499 -0.229156 -0.00149979
0.450029 -0.229156 -0.00149979
0.435148 -0.229158 -0.00149979
0.425227 -0.22916 -0.00149979
0.410346 -0.229162 -0.00149979
0.534357 -0.229145 0.00337835
0.529396 -0.229146 0.00337835
0.474832 -0.229153 -0.0112561
0.524436 -0.229147 0.00337835
0.519475 -0.229147 0.00337835
0.514515 -0.229148 0.00337835
0.509555 -0.229149 0.00337835
0.53434 -0.104704 -0.0551593
0.504594 -0.229149 0.00337835
0.499634 -0.22915 0.00337835
0.489713 -0.229151 0.00337835
0.484752 -0.229152 0.00337835
0.479792 -0.229152 0.00337835
0.469871 -0.229154 0.00337835
0.45995 -0.229155 0.00337835
0.534345 -0.139548 -0.0405249
0.45499 -0.229156 0.00337835
0.450029 -0.229156 0.00337835
0.435148 -0.229158 0.00337835
0.430188 -0.229159 0.00337835
0.415306 -0.229161 0.00337835
0.474832 -0.229153 -0.00637793
0.524436 -0.229147 0.00825648
0.519475 -0.229147 0.00825648
0.509555 -0.229149 0.00825648
0.53434 -0.104704 -0.0356468
0.504594 -0.229149 0.00825648
0.454966 -0.049961 -0.0161342
0.499634 -0.22915 0.00825648
0.519452 -0.0499525 0.027769
0.494673 -0.229151 0.00825648
0.489713 -0.229151 0.00825648
0.484752 -0.229152 0.00825648
0.474832 -0.229153 0.00825648
0.469871 -0.229154 0.00825648
0.534356 -0.224168 -0.0112561
0.464911 -0.229154 0.00825648
0.45995 -0.229155 0.00825648
0.440109 -0.229158 0.00825648
0.435148 -0.229158 0.00825648
0.425227 -0.22916 0.00825648
0.415306 -0.229161 0.00825648
0.410346 -0.229162 0.00825648
0.474832 -0.229153 -0.0210123
0.524436 -0.229147 0.0131346
0.519475 -0.229147 0.0131346
0.534349 -0.169414 -0.0161342
0.514515 -0.229148 0.0131346
0.509555 -0.229149 0.0131346
0.53434 -0.104704 -0.045403
0.504594 -0.229149 0.0131346
0.499634 -0.22915 0.0131346
0.534352 -0.194302 -0.045403
0.494673 -0.229151 0.0131346
0.489713 -0.229151 0.0131346
0.484752 -0.229152 0.0131346
0.534335 -0.0599058 -0.0405249
0.479792 -0.229152 0.0131346
0.474832 -0.229153 0.0131346
0.469871 -0.229154 0.0131346
0.45995 -0.229155 0.0131346
0.450029 -0.229156 0.0131346
0.435148 -0.229158 0.0131346
0.430188 -0.229159 0.0131346
0.534351 -0.184347 -0.00149979
0.534344 -0.129593 0.0326472
0.529396 -0.229146 0.0180128
0.474832 -0.229153 -0.0161342
0.524436 -0.229147 0.0180128
0.534349 -0.169414 0.00337835
0.514515 -0.229148 0.0180128
0.509555 -0.229149 0.0180128
0.504594 -0.229149 0.0180128
0.454966 -0.049961 -0.0551593
0.499634 -0.22915 0.0180128
0.534352 -0.194302 -0.0258905
0.494673 -0.229151 0.0180128
0.489713 -0.229151 0.0180128
0.484752 -0.229152 0.0180128
0.479792 -0.229152 0.0180128
0.474832 -0.229153 0.0180128
0.469871 -0.229154 0.0180128
0.464911 -0.229154 0.0180128
0.45995 -0.229155 0.0180128
0.534345 -0.139548 -0.0551593
0.45499 -0.229156 0.0180128
0.450029 -0.229156 0.0180128
0.489689 -0.0499564 -0.00637793
0.445069 -0.229157 0.0180128
0.440109 -0.229158 0.0180128
0.435148 -0.229158 0.0180128
0.430188 -0.229159 0.0180128
0.410346 -0.229162 0.0180128
0.519475 -0.229147 0.0228909
0.509555 -0.229149 0.0228909
0.504594 -0.229149 0.0228909
0.430164 -0.0499642 0.00337835
0.494673 -0.229151 0.0228909
0.469871 -0.229154 0.0228909
0.45499 -0.229156 0.0228909
0.445069 -0.229157 0.0228909
0.440109 -0.229158 0.0228909
0.440085 -0.0499629 -0.0258905
0.420267 -0.22916 0.0228909
0.410346 -0.229162 0.0228909
0.534357 -0.229145 0.027769
0.534344 -0.129593 0.0180128
0.529396 -0.229146 0.027769
0.474832 -0.229153 -0.0356468
0.524436 -0.229147 0.027769
0.519475 -0.229147 0.027769
0.509555 -0.229149 0.027769
0.534347 -0.154481 -0.0210123
0.53434 -0.0997268 0.027769
0.504594 -0.229149 0.027769
0.499634 -0.22915 0.027769
0.430164 -0.0499642 -0.0112561
0.534352 -0.194302 -0.0112561
0.494673 -0.229151 0.027769
0.484752 -0.229152 0.027769
0.534335 -0.0599058 -0.0307686
0.479792 -0.229152 0.027769
0.474832 -0.229153 0.027769
0.464911 -0.229154 0.027769
0.45995 -0.229155 0.027769
0.45499 -0.229156 0.027769
0.534344 -0.13457 0.0131346
0.435148 -0.229158 0.027769
0.415306 -0.229161 0.027769
0.410346 -0.229162 0.027769
0.534357 -0.229145 0.0326472
0.529396 -0.229146 0.0326472
0.504594 -0.229149 0.0326472
0.454966 -0.049961 -0.0405249
0.499634 -0.22915 0.0326472
0.430164 -0.0499642 0.0180128
0.494673 -0.229151 0.0326472
0.484752 -0.229152 0.0326472
0.474832 -0.229153 0.0326472
0.534335 -0.0648834 -0.0551593
0.469871 -0.229154 0.0326472
0.45499 -0.229156 0.0326472
0.450029 -0.229156 0.0326472
0.445069 -0.229157 0.0326472
0.534344 -0.13457 -0.0307686
0.435148 -0.229158 0.0326472
0.430188 -0.229159 0.0326472
0.425227 -0.22916 0.0326472
0.415306 -0.229161 0.0326472
0.454966 -0.049961 0.027769
0.410346 -0.229162 0.0326472
0.405386 -0.229162 -0.0551593
0.425227 -0.22916 0.027769
0.405385 -0.224185 -0.0551593
0.405384 -0.214229 -0.0551593
0.405383 -0.209252 -0.0551593
0.534344 -0.13457 -0.00637793
0.405382 -0.199296 -0.0551593
0.405381 -0.194319 -0.0551593
0.534343 -0.124615 0.0131346
0.45499 -0.229156 -0.0307686
0.40538 -0.189341 -0.0551593
0.534342 -0.119637 -0.00149979
0.40538 -0.184364 -0.0551593
0.534341 -0.109682 -0.0551593
0.405378 -0.174408 -0.0551593
0.405377 -0.164453 -0.0551593
0.534339 -0.0947492 -0.0356468
0.405376 -0.159475 -0.0551593
0.405376 -0.154498 -0.0551593
0.405375 -0.14952 -0.0551593
0.405374 -0.139565 -0.0551593
0.405373 -0.134587 -0.0551593
0.405373 -0.12961 -0.0551593
0.405372 -0.124632 -0.0551593
0.49465 -0.0499557 -0.0210123
0.405371 -0.114677 -0.0551593
0.405369 -0.0997438 -0.0551593
0.410322 -0.0499668 0.0326472
0.405367 -0.0848109 -0.0551593
0.469848 -0.049959 -0.0502812
0.405365 -0.069878 -0.0551593
0.420267 -0.22916 -0.00637793
0.405364 -0.0649004 -0.0551593
0.405363 -0.0549451 -0.0551593
0.405385 -0.224185 -0.0502812
0.405384 -0.219207 -0.0502812
0.405384 -0.214229 -0.0502812
0.405383 -0.209252 -0.0502812
0.405382 -0.204274 -0.0502812
0.405382 -0.199296 -0.0502812
0.529396 -0.229146 -0.0161342
0.405381 -0.194319 -0.0502812
0.534343 -0.124615 0.00337835
0.45499 -0.229156 -0.0405249
0.40538 -0.189341 -0.0502812
0.405379 -0.179386 -0.0502812
0.405377 -0.164453 -0.0502812
0.405376 -0.159475 -0.0502812
0.445045 -0.0499623 -0.045403
0.405375 -0.14952 -0.0502812
0.405374 -0.144543 -0.0502812
0.405373 -0.134587 -0.0502812
0.405371 -0.119654 -0.0502812
0.405371 -0.114677 -0.0502812
0.405369 -0.104721 -0.0502812
0.405368 -0.0947662 -0.0502812
0.405367 -0.0897886 -0.0502812
0.405365 -0.0748557 -0.0502812
0.440085 -0.0499629 -0.0307686
0.420267 -0.22916 0.00337835
0.405364 -0.0649004 -0.0502812
0.405363 -0.0599228 -0.0502812
0.405386 -0.229162 -0.045403
0.405384 -0.214229 -0.045403
0.405383 -0.209252 -0.045403
0.405382 -0.204274 -0.045403
0.405382 -0.199296 -0.045403
0.405381 -0.194319 -0.045403
0.534349 -0.169414 -0.0502812
0.40538 -0.189341 -0.045403
0.40538 -0.184364 -0.045403
0.405378 -0.174408 -0.045403
0.405374 -0.144543 -0.045403
0.405374 -0.139565 -0.045403
0.405373 -0.12961 -0.045403
0.435125 -0.0499636 0.0180128
0.405372 -0.124632 -0.045403
0.405371 -0.114677 -0.045403
0.40537 -0.109699 -0.045403
0.405369 -0.104721 -0.045403
0.405369 -0.0997438 -0.045403
0.405367 -0.0897886 -0.045403
0.534337 -0.0748387 0.0326472
0.405367 -0.0848109 -0.045403
0.405366 -0.0798333 -0.045403
0.534335 -0.0599058 0.027769
0.405365 -0.0748557 -0.045403
0.534333 -0.0499505 0.027769
0.420267 -0.22916 0.00825648
0.405364 -0.0649004 -0.045403
0.405363 -0.0599228 -0.045403
0.405363 -0.0549451 -0.045403
0.405362 -0.0499675 -0.045403
0.405384 -0.219207 -0.0405249
0.405383 -0.209252 -0.0405249
0.534351 -0.184347 -0.045403
0.405381 -0.194319 -0.0405249
0.40538 -0.184364 -0.0405249
0.405378 -0.169431 -0.0405249
0.534348 -0.164436 -0.0356468
0.405376 -0.159475 -0.0405249
0.405376 -0.154498 -0.0405249
0.405375 -0.14952 -0.0405249
0.405374 -0.144543 -0.0405249
0.405374 -0.139565 -0.0405249
0.405373 -0.12961 -0.0405249
0.405371 -0.119654 -0.0405249
0.49465 -0.0499557 -0.0112561
0.405371 -0.114677 -0.0405249
0.40537 -0.109699 -0.0405249
0.405369 -0.104721 -0.0405249
0.405369 -0.0997438 -0.0405249
0.405368 -0.0947662 -0.0405249
0.405367 -0.0897886 -0.0405249
0.405366 -0.0798333 -0.0405249
0.405364 -0.0649004 -0.0405249
0.440085 -0.0499629 0.00337835
0.405363 -0.0599228 -0.0405249
0.534357 -0.229145 -0.0307686
0.405362 -0.0499675 -0.0405249
0.405386 -0.229162 -0.0356468
0.405385 -0.224185 -0.0356468
0.405384 -0.219207 -0.0356468
0.405383 -0.209252 -0.0356468
0.405382 -0.204274 -0.0356468
0.405382 -0.199296 -0.0356468
0.405379 -0.179386 -0.0356468
0.405378 -0.174408 -0.0356468
0.534347 -0.154481 -0.0258905
0.405377 -0.164453 -0.0356468
0.405376 -0.159475 -0.0356468
0.405376 -0.154498 -0.0356468
0.445045 -0.0499623 -0.0356468
0.405375 -0.14952 -0.0356468
0.405374 -0.144543 -0.0356468
0.405373 -0.134587 -0.0356468
0.405373 -0.12961 -0.0356468
0.435125 -0.0499636 0.00825648
0.405372 -0.124632 -0.0356468
0.405371 -0.119654 -0.0356468
0.405369 -0.104721 -0.0356468
0.534338 -0.084794 0.0180128
0.405369 -0.0997438 -0.0356468
0.405368 -0.0947662 -0.0356468
0.405367 -0.0897886 -0.0356468
0.534337 -0.0748387 0.0228909
0.405367 -0.0848109 -0.0356468
0.405366 -0.0798333 -0.0356468
0.405365 -0.0748557 -0.0356468
0.469848 -0.049959 0.00337835
0.405365 -0.069878 -0.0356468
0.440085 -0.0499629 -0.0112561
0.405363 -0.0599228 -0.0356468
0.405363 -0.0549451 -0.0356468
0.534357 -0.229145 -0.0258905
0.405362 -0.0499675 -0.0356468
0.405386 -0.229162 -0.0307686
0.405384 -0.219207 -0.0307686
0.405383 -0.209252 -0.0307686
0.405382 -0.199296 -0.0307686
0.534351 -0.184347 -0.0307686
0.405381 -0.194319 -0.0307686
0.514515 -0.229148 -0.045403
0.40538 -0.189341 -0.0307686
0.40538 -0.184364 -0.0307686
0.405379 -0.179386 -0.0307686
0.405378 -0.169431 -0.0307686
0.405375 -0.14952 -0.0307686
0.405374 -0.144543 -0.0307686
0.405374 -0.139565 -0.0307686
0.405373 -0.134587 -0.0307686
0.405373 -0.12961 -0.0307686
0.405372 -0.124632 -0.0307686
0.534336 -0.0698611 0.0228909
0.405371 -0.114677 -0.0307686
0.40537 -0.109699 -0.0307686
0.405369 -0.104721 -0.0307686
0.405369 -0.0997438 -0.0307686
0.405367 -0.0897886 -0.0307686
0.534335 -0.0599058 0.0131346
0.479792 -0.229152 -0.0258905
0.405365 -0.0748557 -0.0307686
0.469848 -0.049959 -0.0258905
0.405365 -0.069878 -0.0307686
0.534333 -0.0499505 0.0228909
0.420267 -0.22916 0.0180128
0.405364 -0.0649004 -0.0307686
0.405363 -0.0549451 -0.0307686
0.534357 -0.229145 -0.045403
0.405362 -0.0499675 -0.0307686
0.405386 -0.229162 -0.0258905
0.405384 -0.219207 -0.0258905
0.405383 -0.209252 -0.0258905
0.405382 -0.204274 -0.0258905
0.405381 -0.194319 -0.0258905
0.40538 -0.184364 -0.0258905
0.405379 -0.179386 -0.0258905
0.405378 -0.174408 -0.0258905
0.405378 -0.169431 -0.0258905
0.405376 -0.159475 -0.0258905
0.405376 -0.154498 -0.0258905
0.405373 -0.134587 -0.0258905
0.534338 -0.0897716 0.0131346
0.405371 -0.119654 -0.0258905
0.405371 -0.114677 -0.0258905
0.40537 -0.109699 -0.0258905
0.405369 -0.104721 -0.0258905
0.405368 -0.0947662 -0.0258905
0.405367 -0.0897886 -0.0258905
0.405366 -0.0798333 -0.0258905
0.405365 -0.0748557 -0.0258905
0.469848 -0.049959 -0.0307686
0.474808 -0.0499584 0.027769
0.405365 -0.069878 -0.0258905
0.420267 -0.22916 0.027769
0.405364 -0.0649004 -0.0258905
0.405363 -0.0599228 -0.0258905
0.405363 -0.0549451 -0.0258905
0.405362 -0.0499675 -0.0258905
0.405386 -0.229162 -0.0210123
0.425227 -0.22916 0.0180128
0.405385 -0.224185 -0.0210123
0.405384 -0.219207 -0.0210123
0.514491 -0.0499531 -0.00637793
0.529373 -0.0499512 0.0180128
0.405384 -0.214229 -0.0210123
0.405383 -0.209252 -0.0210123
0.405382 -0.199296 -0.0210123
0.534343 -0.124615 -0.0405249
0.40538 -0.189341 -0.0210123
0.534342 -0.119637 -0.0405249
0.40538 -0.184364 -0.0210123
0.405379 -0.179386 -0.0210123
0.405378 -0.174408 -0.0210123
0.405378 -0.169431 -0.0210123
0.405376 -0.159475 -0.0210123
0.405376 -0.154498 -0.0210123
0.445045 -0.0499623 -0.0502812
0.405375 -0.14952 -0.0210123
0.405374 -0.144543 -0.0210123
0.405374 -0.139565 -0.0210123
0.405373 -0.134587 -0.0210123
0.504571 -0.0499544 -0.0551593
0.405373 -0.12961 -0.0210123
0.405372 -0.124632 -0.0210123
0.405371 -0.119654 -0.0210123
0.40537 -0.109699 -0.0210123
0.405369 -0.104721 -0.0210123
0.405369 -0.0997438 -0.0210123
0.405368 -0.0947662 -0.0210123
0.405367 -0.0848109 -0.0210123
0.534335 -0.0599058 0.00337835
0.405365 -0.0748557 -0.0210123
0.405363 -0.0599228 -0.0210123
0.405363 -0.0549451 -0.0210123
0.405386 -0.229162 -0.0161342
0.425227 -0.22916 0.0228909
0.405385 -0.224185 -0.0161342
0.405384 -0.219207 -0.0161342
0.405384 -0.214229 -0.0161342
0.405383 -0.209252 -0.0161342
0.534344 -0.13457 -0.0405249
0.405382 -0.199296 -0.0161342
0.405381 -0.194319 -0.0161342
0.40538 -0.189341 -0.0161342
0.40538 -0.184364 -0.0161342
0.405379 -0.179386 -0.0161342
0.405378 -0.174408 -0.0161342
0.534348 -0.159458 -0.045403
0.405378 -0.169431 -0.0161342
0.405377 -0.164453 -0.0161342
0.405375 -0.14952 -0.0161342
0.405374 -0.144543 -0.0161342
0.405374 -0.139565 -0.0161342
0.534338 -0.0897716 0.0228909
0.405371 -0.119654 -0.0161342
0.40537 -0.109699 -0.0161342
0.405369 -0.0997438 -0.0161342
0.405368 -0.0947662 -0.0161342
0.405367 -0.0897886 -0.0161342
0.405367 -0.0848109 -0.0161342
0.405366 -0.0798333 -0.0161342
0.405365 -0.069878 -0.0161342
0.405364 -0.0649004 -0.0161342
0.405363 -0.0549451 -0.0161342
0.405386 -0.229162 -0.0112561
0.405385 -0.224185 -0.0112561
0.405384 -0.219207 -0.0112561
0.514491 -0.0499531 -0.0210123
0.529373 -0.0499512 0.027769
0.405384 -0.214229 -0.0112561
0.405383 -0.209252 -0.0112561
0.405382 -0.204274 -0.0112561
0.405382 -0.199296 -0.0112561
0.529396 -0.229146 -0.0551593
0.405381 -0.194319 -0.0112561
0.40538 -0.189341 -0.0112561
0.534342 -0.119637 -0.0307686
0.40538 -0.184364 -0.0112561
0.489689 -0.0499564 -0.0161342
0.445069 -0.229157 0.00337835
0.415303 -0.199295 -0.0600374
0.405386 -0.229162 0.0375253
0.405365 -0.0748557 0.0228909
0.479792 -0.229152 0.0326472
0.415301 -0.18934 -0.0600374
0.445065 -0.199291 -0.0600374
0.524424 -0.139549 -0.0600374
0.504571 -0.0499544 -0.0161342
0.415301 -0.184362 -0.0600374
0.430164 -0.0499642 0.0131346
0.534352 -0.194302 -0.0356468
0.494673 -0.229151 0.00337835
0.415299 -0.169429 -0.0600374
0.484735 -0.0947557 0.0375253
0.509555 -0.229149 -0.0600374
0.405371 -0.119654 0.0326472
0.405384 -0.214229 -0.00149979
0.415297 -0.154496 -0.0600374
0.479791 -0.224175 0.0375253
0.524436 -0.229147 -0.0210123
0.454989 -0.2192 0.0375253
0.534349 -0.169414 -0.0210123
0.514515 -0.229148 -0.0551593
0.524431 -0.194303 -0.0600374
0.405363 -0.0549451 0.00337835
0.41529 -0.10472 -0.0600374
0.469848 -0.049959 -0.0551593
0.405365 -0.069878 -0.0502812
0.464901 -0.15449 -0.0600374
0.534356 -0.224168 -0.0258905
0.464911 -0.229154 -0.00149979
0.415287 -0.0848096 -0.0600374
0.410326 -0.074855 -0.0600374
0.415286 -0.0748544 -0.0600374
0.499631 -0.209239 -0.0600374
0.405378 -0.169431 -0.0502812
0.474825 -0.179377 0.0375253
0.415284 -0.0549438 -0.0600374
0.454966 -0.049961 0.0228909
0.410346 -0.229162 0.0131346
0.499627 -0.179374 -0.0600374
0.415295 -0.139564 -0.0600374
0.534348 -0.164436 -0.0502812
0.410332 -0.124631 0.0375253
0.534355 -0.21919 0.00337835
0.464901 -0.15449 0.0375253
0.504571 -0.0499544 -0.0210123
0.534334 -0.0549282 -0.0161342
0.405373 -0.12961 0.0228909
0.410343 -0.204273 -0.0600374
0.410342 -0.199296 -0.0600374
0.410341 -0.189341 -0.0600374
0.410338 -0.164452 -0.0600374
0.534344 -0.129593 -0.0600374
0.405386 -0.229162 0.0228909
0.410337 -0.159475 -0.0600374
0.479787 -0.194309 -0.0600374
0.534342 -0.11466 -0.0600374
0.534345 -0.139548 -0.0307686
0.410332 -0.119654 -0.0600374
0.469848 -0.049959 -0.0112561
0.405365 -0.069878 0.00337835
0.46986 -0.144534 -0.0600374
0.410329 -0.0997432 -0.0600374
0.504579 -0.114664 -0.0600374
0.534348 -0.164436 -0.0161342
0.410328 -0.0947655 -0.0600374
0.474808 -0.0499584 -0.00637793
0.479787 -0.194309 0.0375253
0.420248 -0.084809 -0.0600374
0.410326 -0.0798326 -0.0600374
0.410324 -0.0599221 -0.0600374
0.405385 -0.224185 -0.0600374
0.430164 -0.0499642 -0.0502812
0.459948 -0.209245 -0.0600374
0.53435 -0.174391 -0.0405249
0.405384 -0.219207 -0.0600374
0.524431 -0.194303 0.0375253
0.405383 -0.209252 -0.0600374
0.405377 -0.164453 -0.0600374
0.405381 -0.194319 -0.0210123
0.509546 -0.164439 0.0375253
0.534337 -0.0798163 -0.0600374
0.445045 -0.0499623 -0.0112561
0.405375 -0.14952 -0.0600374
0.514512 -0.209237 0.0375253
0.524412 -0.0499518 -0.0112561
0.415298 -0.164452 -0.0600374
0.509554 -0.224171 -0.0600374
0.405372 -0.124632 0.0228909
0.405374 -0.139565 -0.0600374
0.484751 -0.219197 0.0375253
0.405371 -0.119654 -0.0600374
0.430179 -0.159472 -0.0600374
0.405371 -0.114677 -0.0600374
0.405369 -0.104721 -0.0600374
0.405367 -0.0848109 -0.0600374
0.405365 -0.0748557 -0.0600374
0.519452 -0.0499525 0.0326472
0.494673 -0.229151 -0.0210123
0.534352 -0.194302 -0.0600374
0.405374 -0.144543 0.0131346
0.53434 -0.104704 -0.0112561
0.504594 -0.229149 -0.0161342
0.479781 -0.144533 0.0375253
0.534357 -0.229145 0.0375253
0.450021 -0.164447 0.0375253
0.534356 -0.224168 0.0375253
0.509538 -0.104708 -0.0600374
0.534352 -0.194302 0.0375253
0.53435 -0.179369 0.0375253
0.534349 -0.169414 0.0375253
0.534348 -0.159458 0.0375253
0.509545 -0.154484 -0.0600374
0.534346 -0.149503 0.0375253
0.474809 -0.054936 -0.0600374
0.534339 -0.0947492 -0.0161342
0.534346 -0.144526 0.0375253
0.499622 -0.139552 -0.0600374
0.53435 -0.179369 0.027769
0.534343 -0.124615 0.0375253
0.534342 -0.11466 0.0375253
0.405376 -0.154498 -0.0307686
0.534337 -0.0798163 0.0375253
0.494673 -0.229151 -0.0258905
0.519452 -0.0499525 0.0375253
0.405371 -0.114677 -0.0210123
0.534336 -0.0698611 0.0375253
0.49466 -0.12462 -0.0600374
0.440085 -0.0499629 -0.0356468
0.534333 -0.0499505 0.0375253
0.410342 -0.199296 0.0375253
0.534351 -0.184347 0.00825648
0.410327 -0.0848103 -0.0600374
0.529396 -0.229146 0.0375253
0.514502 -0.129595 0.0375253
0.405363 -0.0599228 -0.0600374
0.47977 -0.059913 0.0375253
0.529395 -0.219191 0.0375253
0.534337 -0.0748387 -0.0600374
0.529394 -0.214213 0.0375253
0.534336 -0.0698611 -0.0600374
0.415302 -0.194318 -0.0600374
0.534354 -0.209235 -0.0210123
0.420262 -0.194317 -0.0600374
0.529387 -0.159459 0.0375253
0.529381 -0.11466 0.0375253
0.534333 -0.0499505 -0.0307686
0.420267 -0.22916 0.0131346
0.52938 -0.104705 0.0375253
0.529373 -0.0499512 -0.0405249
0.410344 -0.214229 -0.0600374
0.435129 -0.0798294 -0.0600374
0.405368 -0.0947662 -0.045403
0.529379 -0.0997275 0.0375253
0.534338 -0.084794 0.0131346
0.529379 -0.0947499 0.0375253
0.529377 -0.0847946 0.0375253
0.450006 -0.0499616 0.0375253
0.529376 -0.0748393 0.0375253
0.529375 -0.0648841 0.0375253
0.405376 -0.154498 0.0228909
0.524436 -0.229147 0.0375253
0.529396 -0.229146 -0.0258905
0.524432 -0.199281 0.0375253
0.524429 -0.17937 0.0375253
0.474816 -0.10969 0.0375253
0.509532 -0.0599091 -0.0600374
0.524428 -0.169415 0.0375253
0.415283 -0.0499662 0.0326472
0.415301 -0.18934 0.0375253
0.410338 -0.16943 0.0375253
0.40537 -0.109699 -0.0502812
0.524421 -0.114661 0.0375253
0.534335 -0.0648834 0.00825648
0.450018 -0.144537 -0.0600374
0.52442 -0.104706 0.0375253
0.459938 -0.13458 -0.0600374
0.524419 -0.0997282 0.0375253
0.489689 -0.0499564 0.0228909
0.459941 -0.159468 0.0375253
0.524418 -0.0897729 0.0375253
0.494665 -0.169419 -0.0600374
0.534342 -0.119637 0.0180128
0.410343 -0.209251 -0.0600374
0.40538 -0.184364 -0.0600374
0.519461 -0.119639 -0.0600374
0.534354 -0.209235 -0.0600374
0.524414 -0.0648847 0.0375253
0.459927 -0.0499603 -0.00637793
0.445046 -0.0549399 0.0375253
0.524412 -0.0499518 0.0375253
0.519475 -0.229147 0.0375253
0.519475 -0.22417 0.0375253
0.445045 -0.0499623 -0.00149979
0.524422 -0.124616 0.0375253
0.524427 -0.164437 -0.0600374
0.484729 -0.0499571 -0.0502812
0.534354 -0.209235 0.0375253
0.524436 -0.229147 -0.0161342
0.40538 -0.184364 0.0375253
0.519474 -0.219192 0.0375253
0.534337 -0.0798163 -0.0161342
0.519473 -0.209237 0.0375253
0.440085 -0.0499629 0.027769
0.405363 -0.0599228 -0.0161342
0.504582 -0.139552 -0.0600374
0.519472 -0.199281 0.0375253
0.519471 -0.194304 0.0375253
0.509541 -0.124618 0.0375253
0.51947 -0.189326 0.0375253
0.405373 -0.134587 -0.0600374
0.519468 -0.174393 0.0375253
0.534344 -0.13457 -0.0112561
0.425211 -0.104719 -0.0600374
0.519467 -0.164438 0.0375253
0.469848 -0.049959 0.0180128
0.499618 -0.109687 0.0375253
0.519466 -0.154483 0.0375253
0.534352 -0.194302 -0.0551593
0.519465 -0.149505 0.0375253
0.519464 -0.13955 0.0375253
0.519463 -0.134572 0.0375253
0.534338 -0.084794 0.0375253
0.51946 -0.109684 0.0375253
0.519457 -0.0897735 0.0375253
0.430187 -0.224181 0.0375253
0.524433 -0.209236 0.0375253
0.435147 -0.219203 0.0375253
0.514515 -0.229148 0.0375253
0.415293 -0.124631 0.0375253
0.430188 -0.229159 -0.00149979
0.430165 -0.0549419 0.0375253
0.514508 -0.179372 0.0375253
0.514508 -0.174394 0.0375253
0.514507 -0.164439 0.0375253
0.53434 -0.0997268 -0.00637793
0.489705 -0.16942 0.0375253
0.514504 -0.144528 0.0375253
0.410322 -0.0499668 -0.0502812
0.454977 -0.134581 0.0375253
0.405378 -0.174408 0.027769
0.450029 -0.229156 -0.0502812
0.405382 -0.204274 -0.0600374
0.514501 -0.11964 0.0375253
0.514497 -0.0947518 0.0375253
0.484752 -0.229152 -0.0405249
0.509545 -0.159462 0.0375253
0.514497 -0.0897742 0.0375253
0.514496 -0.0847966 0.0375253
0.425218 -0.159473 0.0375253
0.420252 -0.119652 -0.0600374
0.494673 -0.229151 -0.045403
0.504577 -0.0947531 0.0375253
0.459942 -0.169423 -0.0600374
0.534343 -0.124615 -0.0258905
0.53435 -0.174391 0.0375253
0.454969 -0.0698715 0.0375253
0.405379 -0.179386 0.0180128
0.405369 -0.0997438 -0.00149979
0.420243 -0.0499655 0.0180128
0.514494 -0.0698637 0.0375253
0.405379 -0.179386 -0.0600374
0.425221 -0.179383 0.0375253
0.514491 -0.0499531 0.0375253
0.509552 -0.209238 0.0375253
0.464911 -0.229154 0.0228909
0.509549 -0.18435 0.0375253
0.405368 -0.0947662 -0.0600374
0.509531 -0.0499538 -0.0258905
0.534346 -0.149503 -0.045403
0.509547 -0.174395 0.0375253
0.469848 -0.049959 -0.0210123
0.405365 -0.069878 -0.0600374
0.430164 -0.0499642 0.00825648
0.534352 -0.194302 -0.0405249
0.499629 -0.189329 -0.0600374
0.40537 -0.109699 -0.0551593
0.509543 -0.144529 0.0375253
0.445051 -0.0897833 -0.0600374
0.509542 -0.129596 0.0375253
0.41033 -0.109698 0.0375253
0.50954 -0.119641 0.0375253
0.445047 -0.0599175 -0.0600374
0.49961 -0.0499551 -0.0405249
0.524423 -0.134572 0.0375253
0.509538 -0.0997301 0.0375253
0.509533 -0.0648867 0.0375253
0.405369 -0.104721 0.0228909
0.49961 -0.0499551 0.0228909
0.50459 -0.199283 0.0375253
0.519472 -0.204259 0.0375253
0.509538 -0.104708 0.0375253
0.469863 -0.169422 0.0375253
0.504589 -0.189328 0.0375253
0.445059 -0.154493 0.0375253
0.534353 -0.204257 -0.0405249
0.450012 -0.0997379 -0.0600374
0.504586 -0.169418 0.0375253
0.534335 -0.0648834 -0.045403
0.489713 -0.229151 0.027769
0.504584 -0.154485 0.0375253
0.415283 -0.0499662 -0.0600374
0.504582 -0.134574 0.0375253
0.50458 -0.124619 0.0375253
0.420254 -0.134585 -0.0600374
0.405366 -0.0798333 -0.00637793
0.504578 -0.109686 0.0375253
0.494652 -0.0698663 -0.0600374
0.504576 -0.0897755 0.0375253
0.534353 -0.199279 -0.0405249
0.504584 -0.149507 0.0375253
0.425205 -0.0599202 0.0375253
0.474831 -0.224175 0.0375253
0.445061 -0.169425 -0.0600374
0.504574 -0.0748426 0.0375253
0.405367 -0.0848109 0.0131346
0.504573 -0.069865 0.0375253
0.489704 -0.164442 -0.0600374
0.534334 -0.0549282 -0.0502812
0.445069 -0.229157 -0.045403
0.504571 -0.0499544 0.0375253
0.405364 -0.0649004 0.0228909
0.519455 -0.069863 0.0375253
0.534357 -0.229145 0.00825648
0.499633 -0.224172 0.0375253
0.454966 -0.049961 0.0131346
0.430175 -0.134584 0.0375253
0.469859 -0.134579 0.0375253
0.534352 -0.189324 0.0180128
0.464902 -0.159468 0.0375253
0.464907 -0.204266 0.0375253
0.435125 -0.0499636 0.0131346
0.405372 -0.124632 -0.0502812
0.415289 -0.0947649 -0.0600374
0.430164 -0.0499642 -0.00637793
0.459936 -0.119647 0.0375253
0.49963 -0.199284 0.0375253
0.454984 -0.184357 0.0375253
0.519452 -0.0499525 0.00337835
0.499629 -0.194306 0.0375253
0.534338 -0.084794 0.0228909
0.499627 -0.179374 0.0375253
0.474832 -0.229153 -0.045403
0.474819 -0.1296 -0.0600374
0.499627 -0.174396 0.0375253
0.405371 -0.119654 -0.0307686
0.499625 -0.159463 0.0375253
0.459927 -0.0499603 -0.0600374
0.494658 -0.114665 -0.0600374
0.529378 -0.0897722 0.0375253
0.474813 -0.0897794 -0.0600374
0.499619 -0.119642 0.0375253
0.519466 -0.15946 0.0375253
0.405385 -0.224185 -0.045403
0.420247 -0.0748537 -0.0600374
0.445054 -0.114671 0.0375253
0.469865 -0.179377 -0.0600374
0.474808 -0.0499584 -0.0258905
0.499619 -0.114664 0.0375253
0.489707 -0.184352 0.0375253
0.534352 -0.189324 0.00825648
0.420265 -0.214227 -0.0600374
0.499617 -0.0997314 0.0375253
0.519452 -0.0499525 -0.045403
0.430164 -0.0499642 -0.0307686
0.499616 -0.0947538 0.0375253
0.524426 -0.154482 -0.0600374
0.499613 -0.0698656 0.0375253
0.49961 -0.0499551 0.0375253
0.440109 -0.229158 -0.0210123
0.405362 -0.0499675 0.00825648
0.534351 -0.184347 -0.00637793
0.529396 -0.229146 -0.00149979
0.534344 -0.129593 0.0375253
0.494671 -0.214218 0.0375253
0.410343 -0.209251 0.0375253
0.405376 -0.154498 -0.0502812
0.415285 -0.0648991 -0.0600374
0.494669 -0.199285 0.0375253
0.52939 -0.184347 -0.0600374
0.494668 -0.189329 0.0375253
0.469871 -0.229154 -0.0551593
0.534335 -0.0648834 0.0375253
0.529373 -0.0499512 -0.0356468
0.405384 -0.214229 -0.0405249
0.435139 -0.159471 0.0375253
0.509542 -0.134574 0.0375253
0.405366 -0.0798333 -0.0210123
0.494661 -0.134576 0.0375253
0.49466 -0.129598 0.0375253
0.509539 -0.109685 0.0375253
0.459942 -0.169423 0.0375253
0.534348 -0.159458 -0.0356468
0.494657 -0.10471 0.0375253
0.435125 -0.0499636 -0.0210123
0.49465 -0.0499557 0.0375253
0.430186 -0.214226 0.0375253
0.415293 -0.124631 -0.0600374
0.43514 -0.164449 0.0375253
0.534338 -0.084794 0.00825648
0.405369 -0.0997438 -0.0258905
0.494653 -0.0748439 0.0375253
0.494662 -0.144531 0.0375253
0.410322 -0.0499668 -0.0600374
0.534333 -0.0499505 0.00337835
0.420267 -0.22916 0.0326472
0.405364 -0.0649004 -0.0210123
0.494652 -0.0648886 0.0375253
0.405367 -0.0848109 0.00825648
0.519458 -0.0947512 0.0375253
0.494651 -0.059911 0.0375253
0.534347 -0.154481 -0.045403
0.469864 -0.1744 0.0375253
0.420254 -0.134585 0.0375253
0.534337 -0.0798163 -0.045403
0.534356 -0.224168 -0.0600374
0.519464 -0.144527 0.0375253
0.415283 -0.0499662 0.00825648
0.534355 -0.214212 0.00337835
0.499631 -0.209239 0.0375253
0.49465 -0.0549334 0.0375253
0.469848 -0.049959 0.00825648
0.499632 -0.214217 0.0375253
0.489713 -0.229151 0.0375253
0.514505 -0.149506 0.0375253
0.440101 -0.174404 -0.0600374
0.534353 -0.204257 0.00337835
0.489706 -0.179375 0.0375253
0.534339 -0.0947492 -0.00637793
0.489706 -0.174397 0.0375253
0.425204 -0.0499649 0.0228909
0.405374 -0.144543 0.0180128
0.489703 -0.154487 0.0375253
0.435148 -0.229158 0.0228909
0.425224 -0.204271 -0.0600374
0.529382 -0.119638 0.0375253
0.405372 -0.124632 -0.0161342
0.450007 -0.0599169 0.0375253
0.509536 -0.0847972 0.0375253
0.405378 -0.174408 0.00337835
0.489699 -0.124621 0.0375253
0.459932 -0.0897814 0.0375253
0.440092 -0.104717 -0.0600374
0.405377 -0.164453 0.00337835
0.469856 -0.114668 0.0375253
0.415288 -0.0897873 -0.0600374
0.489695 -0.0947551 0.0375253
0.435125 -0.0499636 -0.0551593
0.534336 -0.0698611 0.00825648
0.405371 -0.114677 -0.0161342
0.50954 -0.114663 -0.0600374
0.450006 -0.0499616 -0.045403
0.405376 -0.154498 -0.0600374
0.489694 -0.0847998 0.0375253
0.464907 -0.199289 0.0375253
0.489692 -0.0698669 0.0375253
0.469848 -0.0549366 -0.0600374
0.524414 -0.0648847 -0.0600374
0.469871 -0.229154 -0.00149979
0.514506 -0.159461 0.0375253
0.499624 -0.154485 0.0375253
0.484752 -0.224174 0.0375253
0.489713 -0.229151 -0.045403
0.499623 -0.149508 0.0375253
0.484751 -0.214219 0.0375253
0.405382 -0.204274 0.00337835
0.534348 -0.159458 0.0131346
0.484749 -0.204264 0.0375253
0.464896 -0.119647 0.0375253
0.519457 -0.0897735 -0.0600374
0.405382 -0.204274 0.0375253
0.534347 -0.154481 0.0131346
0.484749 -0.199286 0.0375253
0.534346 -0.149503 -0.0112561
0.46985 -0.0698695 -0.0600374
0.484748 -0.194308 0.0375253
0.534342 -0.119637 -0.0112561
0.425227 -0.22916 -0.0258905
0.464906 -0.194311 -0.0600374
0.405366 -0.0798333 -0.0600374
0.514503 -0.134573 0.0375253
0.534355 -0.21919 -0.0600374
0.489698 -0.119643 0.0375253
0.484747 -0.184353 0.0375253
0.484745 -0.16942 0.0375253
0.484744 -0.164443 0.0375253
0.534337 -0.0748387 0.0180128
0.405367 -0.0848109 -0.0307686
0.519462 -0.124617 0.0375253
0.484743 -0.159465 0.0375253
0.479792 -0.229152 -0.00637793
0.534335 -0.0599058 0.0375253
0.489696 -0.0997327 0.0375253
0.484743 -0.154487 0.0375253
0.469848 -0.049959 -0.0356468
0.474808 -0.0499584 0.0326472
0.534355 -0.214212 -0.0551593
0.405365 -0.069878 -0.0210123
0.45002 -0.15947 -0.0600374
0.410328 -0.0897879 0.0375253
0.534349 -0.169414 -0.0405249
0.514515 -0.229148 -0.0600374
0.524414 -0.0599071 0.0375253
0.405372 -0.124632 -0.0405249
0.529382 -0.119638 -0.0600374
0.440088 -0.0698735 -0.0600374
0.484737 -0.114666 0.0375253
0.509531 -0.0499538 -0.045403
0.534346 -0.149503 -0.0161342
0.534339 -0.0947492 0.0180128
0.484737 -0.109689 0.0375253
0.484736 -0.104711 0.0375253
0.484733 -0.0848005 0.0375253
0.514491 -0.0499531 -0.00149979
0.529373 -0.0499512 0.0131346
0.454974 -0.109693 -0.0600374
0.415283 -0.0499662 0.027769
0.405365 -0.0748557 0.00337835
0.534338 -0.0897716 -0.0600374
0.47979 -0.21422 0.0375253
0.479789 -0.209242 0.0375253
0.50458 -0.119641 0.0375253
0.529373 -0.0499512 0.0375253
0.49961 -0.0499551 0.027769
0.40537 -0.109699 0.0180128
0.45995 -0.229155 0.0228909
0.489697 -0.10471 0.0375253
0.479787 -0.189331 0.0375253
0.499634 -0.22915 -0.0405249
0.415304 -0.214228 -0.0600374
0.479773 -0.0848011 -0.0600374
0.479792 -0.229152 0.0375253
0.534348 -0.164436 0.027769
0.499612 -0.0599104 0.0375253
0.464887 -0.0499597 0.027769
0.479786 -0.184354 0.0375253
0.534356 -0.224168 0.00825648
0.489691 -0.0648893 0.0375253
0.479784 -0.169421 0.0375253
0.405386 -0.229162 0.027769
0.48474 -0.134577 0.0375253
0.53434 -0.0997268 0.00337835
0.47978 -0.139555 0.0375253
0.405374 -0.139565 0.027769
0.47978 -0.134577 0.0375253
0.479779 -0.1296 0.0375253
0.43513 -0.0897846 0.0375253
0.45995 -0.229155 -0.0112561
0.479778 -0.124622 0.0375253
0.474822 -0.159466 0.0375253
0.45002 -0.15947 0.0375253
0.464887 -0.0499597 -0.0258905
0.479777 -0.114667 0.0375253
0.534349 -0.169414 -0.00149979
0.514515 -0.229148 0.00825648
0.415297 -0.154496 0.0375253
0.474827 -0.19431 -0.0600374
0.405386 -0.229162 -0.0600374
0.435125 -0.0499636 0.0228909
0.479776 -0.109689 0.0375253
0.405374 -0.144543 -0.0551593
0.464905 -0.184356 0.0375253
0.405369 -0.0997438 0.027769
0.514491 -0.0499531 -0.0161342
0.405384 -0.214229 -0.0307686
0.509534 -0.074842 0.0375253
0.405374 -0.139565 -0.0258905
0.479774 -0.0947564 0.0375253
0.509531 -0.0499538 -0.0502812
0.534346 -0.149503 -0.0210123
0.534339 -0.0947492 0.0228909
0.405377 -0.164453 0.0375253
0.479774 -0.0897788 0.0375253
0.504571 -0.0499544 0.00825648
0.410346 -0.229162 -0.0210123
0.454987 -0.204268 0.0375253
0.534338 -0.084794 0.0326472
0.405369 -0.0997438 -0.0502812
0.479773 -0.0848011 0.0375253
0.534356 -0.224168 0.0228909
0.479787 -0.189331 -0.0600374
0.479772 -0.0748459 0.0375253
0.405365 -0.069878 -0.00149979
0.534345 -0.139548 -0.0356468
0.45499 -0.229156 0.0131346
0.474826 -0.189332 0.0375253
0.445062 -0.174403 -0.0600374
0.534341 -0.109682 -0.0502812
0.405378 -0.174408 -0.0502812
0.474826 -0.184354 0.0375253
0.509551 -0.199283 0.0375253
0.445048 -0.0698728 0.0375253
0.41033 -0.104721 -0.0600374
0.42521 -0.0997412 -0.0600374
0.504594 -0.229149 -0.00149979
0.474824 -0.174399 0.0375253
0.499621 -0.134575 0.0375253
0.440085 -0.0499629 -0.0405249
0.405364 -0.0649004 -0.0600374
0.474818 -0.124623 -0.0600374
0.474823 -0.164444 0.0375253
0.405383 -0.209252 -0.00149979
0.45499 -0.229156 -0.0356468
0.40538 -0.189341 -0.0600374
0.509541 -0.124618 -0.0600374
0.469848 -0.049959 0.027769
0.405365 -0.069878 -0.0112561
0.474811 -0.0748465 0.0375253
0.405367 -0.0848109 0.00337835
0.435135 -0.129606 0.0375253
0.489713 -0.229151 -0.0600374
0.53434 -0.104704 -0.0210123
0.504594 -0.229149 -0.0112561
0.469857 -0.124623 0.0375253
0.534357 -0.229145 0.0180128
0.450028 -0.219201 0.0375253
0.474813 -0.0897794 0.0375253
0.454981 -0.159469 0.0375253
0.405374 -0.144543 -0.0600374
0.529388 -0.169414 0.0375253
0.474811 -0.0698689 0.0375253
0.435136 -0.134583 0.0375253
0.440101 -0.174404 0.0375253
0.489697 -0.109688 0.0375253
0.445069 -0.229157 0.0375253
0.405367 -0.0848109 -0.0258905
0.499626 -0.169418 0.0375253
0.48969 -0.054934 -0.0600374
0.469857 -0.119646 -0.0600374
0.474822 -0.159466 -0.0600374
0.49961 -0.0499551 -0.0161342
0.464911 -0.229154 -0.0405249
0.504574 -0.0748426 -0.0600374
0.450006 -0.0499616 -0.0502812
0.454976 -0.124625 0.0375253
0.435126 -0.0599188 0.0375253
0.405379 -0.179386 -0.0405249
0.410339 -0.179385 0.0375253
0.51946 -0.109684 -0.0600374
0.405366 -0.0798333 -0.0502812
0.484739 -0.124622 0.0375253
0.494673 -0.229151 -0.0551593
0.430186 -0.219204 0.0375253
0.415295 -0.144541 0.0375253
0.430181 -0.179383 0.0375253
0.415296 -0.149519 -0.0600374
0.534346 -0.144526 -0.0356468
0.425212 -0.109696 0.0375253
0.454966 -0.049961 -0.045403
0.499634 -0.22915 0.0375253
0.494654 -0.0798215 0.0375253
0.534352 -0.189324 0.0375253
0.499628 -0.184351 0.0375253
0.464887 -0.0499597 -0.0356468
0.514493 -0.064886 -0.0600374
0.450014 -0.109693 0.0375253
0.534344 -0.13457 -0.0258905
0.410332 -0.124631 -0.0600374
0.524433 -0.204258 0.0375253
0.405377 -0.164453 -0.0210123
0.435132 -0.109695 0.0375253
0.410346 -0.229162 -0.0112561
0.469861 -0.154489 0.0375253
0.425227 -0.22916 -0.0405249
0.430181 -0.174405 0.0375253
0.430179 -0.16445 0.0375253
0.415284 -0.0599215 -0.0600374
0.459927 -0.0499603 -0.0551593
0.430177 -0.149517 0.0375253
0.430169 -0.0848077 -0.0600374
0.504581 -0.129597 0.0375253
0.469852 -0.0798248 0.0375253
0.405384 -0.214229 0.00337835
0.425227 -0.22916 0.00337835
0.405385 -0.224185 -0.0307686
0.410345 -0.224184 -0.0600374
0.435125 -0.0499636 -0.0161342
0.405372 -0.124632 -0.0600374
0.430178 -0.154495 0.0375253
0.430177 -0.144539 0.0375253
0.410333 -0.129609 -0.0600374
0.430173 -0.114673 0.0375253
0.509551 -0.20426 -0.0600374
0.405368 -0.0947662 0.0326472
0.484747 -0.189331 0.0375253
0.415296 -0.149519 0.0375253
0.514501 -0.124618 0.0375253
0.405379 -0.179386 0.0326472
0.534335 -0.0599058 -0.0551593
0.49963 -0.204262 0.0375253
0.440086 -0.0599182 0.0375253
0.405376 -0.159475 0.0180128
0.45498 -0.154491 -0.0600374
0.445062 -0.179381 0.0375253
0.445057 -0.13956 -0.0600374
0.514509 -0.184349 0.0375253
0.415283 -0.0499662 -0.045403
0.420263 -0.199295 -0.0600374
0.405372 -0.124632 0.0131346
0.420246 -0.0698761 -0.0600374
0.529374 -0.0599064 0.0375253
0.514505 -0.154483 0.0375253
0.47482 -0.139556 -0.0600374
0.534347 -0.154481 0.00337835
0.415294 -0.134586 0.0375253
0.410331 -0.114676 -0.0600374
0.420251 -0.109697 -0.0600374
0.43017 -0.0947629 0.0375253
0.534346 -0.144526 -0.0600374
0.425219 -0.169428 0.0375253
0.524416 -0.0798176 0.0375253
0.430169 -0.0848077 0.0375253
0.405369 -0.104721 0.0375253
0.415306 -0.224183 -0.0600374
0.405376 -0.159475 -0.0600374
0.405383 -0.209252 0.0375253
0.40537 -0.109699 -0.0600374
0.524433 -0.209236 -0.0600374
0.405376 -0.159475 0.0375253
0.529373 -0.0499512 -0.0258905
0.514491 -0.0499531 0.0326472
0.494659 -0.119643 0.0375253
0.430184 -0.204271 0.0375253
0.524412 -0.0499518 -0.0307686
0.509536 -0.0897748 0.0375253
0.524412 -0.0499518 -0.0502812
0.459944 -0.179379 0.0375253
0.425223 -0.199294 0.0375253
0.425222 -0.189339 0.0375253
0.405374 -0.144543 0.027769
0.435142 -0.179382 0.0375253
0.450007 -0.0549393 -0.0600374
0.48971 -0.209241 0.0375253
0.474819 -0.1296 0.0375253
0.454966 -0.049961 0.0375253
0.464907 -0.199289 -0.0600374
0.42026 -0.179384 0.0375253
0.405377 -0.164453 -0.045403
0.529392 -0.19928 -0.0600374
0.534338 -0.084794 -0.00637793
0.44009 -0.0848064 0.0375253
0.425219 -0.16445 0.0375253
0.484738 -0.119644 0.0375253
0.534357 -0.229145 -0.0600374
0.524426 -0.154482 0.0375253
0.504582 -0.134574 -0.0600374
0.504571 -0.0549321 0.0375253
0.420255 -0.139563 0.0375253
0.425217 -0.149518 0.0375253
0.440104 -0.194314 -0.0600374
0.405378 -0.169431 -0.045403
0.410341 -0.194318 0.0375253
0.450029 -0.229156 0.0228909
0.524434 -0.214214 -0.0600374
0.425214 -0.129607 0.0375253
0.430165 -0.0599195 0.0375253
0.484752 -0.229152 0.0228909
0.440098 -0.149516 0.0375253
0.430164 -0.0499642 0.0326472
0.489712 -0.224174 -0.0600374
0.440103 -0.189337 0.0375253
0.514498 -0.0997295 0.0375253
0.435147 -0.219203 -0.0600374
0.425208 -0.0848083 0.0375253
0.459927 -0.0499603 -0.00149979
0.524425 -0.144527 -0.0600374
0.430188 -0.229159 0.027769
0.494656 -0.0947544 0.0375253
0.459934 -0.104714 0.0375253
0.445059 -0.154493 -0.0600374
0.53434 -0.104704 -0.0405249
0.425206 -0.0698754 0.0375253
0.464906 -0.189333 0.0375253
0.534343 -0.124615 -0.0210123
0.425215 -0.134585 -0.0600374
0.509542 -0.129596 -0.0600374
0.420267 -0.22916 -0.0112561
0.405364 -0.0649004 -0.0112561
0.509537 -0.0947525 0.0375253
0.425204 -0.0499649 0.0375253
0.40537 -0.109699 0.0375253
0.514492 -0.0549308 0.0375253
0.49961 -0.0499551 -0.0307686
0.459932 -0.0897814 -0.0600374
0.494673 -0.229151 0.0375253
0.504594 -0.229149 -0.0405249
0.435132 -0.104718 0.0375253
0.440109 -0.229158 0.0375253
0.425204 -0.0499649 -0.0210123
0.445051 -0.0897833 0.0375253
0.53435 -0.174391 -0.045403
0.405384 -0.219207 -0.0551593
0.420246 -0.0698761 0.0375253
0.534335 -0.0648834 0.00337835
0.430172 -0.109696 -0.0600374
0.435146 -0.209248 0.0375253
0.524413 -0.0549295 0.0375253
0.46489 -0.0748478 0.0375253
0.534352 -0.189324 0.0326472
0.484738 -0.119644 -0.0600374
0.405374 -0.144543 -0.0258905
0.415291 -0.114675 -0.0600374
0.440092 -0.0997393 0.0375253
0.464911 -0.229154 0.0326472
0.45994 -0.154491 0.0375253
0.474817 -0.119645 0.0375253
0.405364 -0.0649004 0.0375253
0.410322 -0.0499668 0.0375253
0.410346 -0.229162 0.00337835
0.415303 -0.204273 -0.0600374
0.405365 -0.069878 0.00825648
0.489689 -0.0499564 -0.0210123
0.445069 -0.229157 0.00825648
0.489704 -0.164442 0.0375253
0.519462 -0.124617 -0.0600374
0.53435 -0.174391 -0.0502812
0.474831 -0.224175 -0.0600374
0.425212 -0.114674 0.0375253
0.43513 -0.0947623 0.0375253
0.509555 -0.229149 0.0375253
0.534351 -0.184347 -0.0551593
0.405381 -0.194319 -0.00637793
0.534343 -0.124615 -0.00637793
0.435146 -0.214225 0.0375253
0.489709 -0.199285 0.0375253
0.420262 -0.189339 0.0375253
0.405372 -0.124632 0.0375253
0.415304 -0.20925 -0.0600374
0.405367 -0.0897886 -0.00637793
0.420243 -0.0499655 0.027769
0.420261 -0.184362 0.0375253
0.42026 -0.174406 0.0375253
0.514515 -0.229148 -0.0258905
0.40538 -0.189341 -0.0356468
0.534349 -0.169414 -0.0600374
0.529383 -0.129593 0.0375253
0.420258 -0.159473 0.0375253
0.410338 -0.16943 -0.0600374
0.435125 -0.0499636 -0.0112561
0.519473 -0.214214 -0.0600374
0.40538 -0.184364 -0.0356468
0.410336 -0.149519 0.0375253
0.405371 -0.114677 -0.0356468
0.459931 -0.0798261 -0.0600374
0.489697 -0.10471 -0.0600374
0.534349 -0.169414 -0.045403
0.514515 -0.229148 -0.0307686
0.40538 -0.189341 -0.0258905
0.410332 -0.119654 0.0375253
0.459927 -0.0499603 0.00825648
0.509553 -0.219193 0.0375253
0.42025 -0.0997419 0.0375253
0.410334 -0.139564 0.0375253
0.405384 -0.214229 -0.0600374
0.474812 -0.0798241 -0.0600374
0.504594 -0.224172 -0.0600374
0.534342 -0.11466 -0.0356468
0.454982 -0.169424 0.0375253
0.440096 -0.134583 0.0375253
0.519475 -0.229147 -0.0600374
0.529373 -0.0549288 0.0375253
0.440086 -0.0549406 -0.0600374
0.41033 -0.104721 0.0375253
0.405373 -0.134587 0.027769
0.53434 -0.104704 0.0131346
0.440095 -0.124627 0.0375253
0.425213 -0.119652 0.0375253
0.474808 -0.0499584 0.00337835
0.420264 -0.204272 0.0375253
0.415283 -0.0499662 -0.0258905
0.469848 -0.049959 0.0375253
0.405373 -0.134587 -0.0161342
0.469848 -0.0549366 0.0375253
0.484752 -0.229152 0.0375253
0.435134 -0.124628 0.0375253
0.479768 -0.0499577 0.0326472
0.405384 -0.219207 0.0326472
0.425204 -0.0499649 0.0180128
0.405374 -0.144543 0.0228909
0.410324 -0.0648997 0.0375253
0.474813 -0.0848018 0.0375253
0.534334 -0.0549282 -0.045403
0.44009 -0.089784 0.0375253
0.405374 -0.139565 0.0375253
0.405384 -0.214229 0.0375253
0.405373 -0.134587 -0.0112561
0.410325 -0.0698774 0.0375253
0.479782 -0.14951 0.0375253
0.494664 -0.154486 -0.0600374
0.410345 -0.219206 0.0375253
0.405368 -0.0947662 0.00337835
0.405379 -0.179386 -0.00637793
0.445061 -0.169425 0.0375253
0.405368 -0.0947662 0.0375253
0.420264 -0.20925 0.0375253
0.420245 -0.0648984 -0.0600374
0.440097 -0.144538 0.0375253
0.445057 -0.13956 0.0375253
0.534337 -0.0798163 -0.0258905
0.415285 -0.0648991 0.0375253
0.445062 -0.179381 -0.0600374
0.534342 -0.11466 0.00337835
0.435133 -0.114673 0.0375253
0.440104 -0.194314 0.0375253
0.430183 -0.194316 0.0375253
0.40538 -0.184364 0.027769
0.450012 -0.0947603 0.0375253
0.514515 -0.229148 -0.0405249
0.425215 -0.134585 0.0375253
0.534351 -0.184347 -0.0112561
0.524433 -0.204258 -0.0600374
0.405382 -0.199296 0.0180128
0.415285 -0.0698767 -0.0600374
0.405369 -0.0997438 0.00825648
0.415304 -0.214228 0.0375253
0.534337 -0.0748387 -0.0502812
0.405367 -0.0848109 0.0375253
0.519461 -0.119639 0.0375253
0.410326 -0.0798326 0.0375253
0.405385 -0.224185 0.00337835
0.49465 -0.0499557 -0.0551593
0.4649 -0.144535 0.0375253
0.415305 -0.219206 -0.0600374
0.469859 -0.139556 -0.0600374
0.420243 -0.0499655 0.00825648
0.450012 -0.0997379 0.0375253
0.504594 -0.224172 0.0375253
0.489689 -0.0499564 0.0326472
0.46491 -0.224177 0.0375253
0.504585 -0.159462 0.0375253
0.450006 -0.0499616 -0.0551593
0.435125 -0.0549412 0.0375253
0.440088 -0.0748511 -0.0600374
0.464887 -0.0499597 0.0228909
0.529376 -0.0748393 -0.0600374
0.40538 -0.189341 0.0131346
0.519454 -0.0648854 0.0375253
0.454975 -0.11467 0.0375253
0.534355 -0.21919 0.0228909
0.469854 -0.0947577 0.0375253
0.489708 -0.18933 -0.0600374
0.519452 -0.0499525 -0.00149979
0.534353 -0.199279 0.0375253
0.534344 -0.129593 -0.0405249
0.484739 -0.129599 -0.0600374
0.484746 -0.179375 0.0375253
0.474808 -0.0499584 -0.0405249
0.499632 -0.219195 0.0375253
0.405366 -0.0798333 0.0375253
0.464887 -0.0499597 0.0375253
0.454983 -0.174402 0.0375253
0.430188 -0.229159 0.0375253
0.48474 -0.134577 -0.0600374
0.534344 -0.129593 -0.00149979
0.514515 -0.229148 0.0228909
0.410345 -0.219206 -0.0600374
0.425221 -0.184361 -0.0600374
0.469866 -0.189333 -0.0600374
0.450014 -0.114671 0.0375253
0.534343 -0.124615 -0.0356468
0.40538 -0.189341 -0.00637793
0.410334 -0.134587 0.0375253
0.534348 -0.164436 0.0180128
0.454985 -0.189335 -0.0600374
0.405377 -0.164453 -0.0258905
0.410324 -0.0599221 0.0375253
0.405375 -0.14952 0.0375253
0.415287 -0.079832 -0.0600374
0.435125 -0.0499636 -0.0258905
0.405371 -0.114677 0.0131346
0.519469 -0.179371 0.0375253
0.420262 -0.189339 -0.0600374
0.534337 -0.0798163 -0.0307686
0.405376 -0.154498 0.0375253
0.405371 -0.119654 0.0375253
0.534345 -0.139548 0.00337835
0.435136 -0.139561 0.0375253
0.454974 -0.109693 0.0375253
0.499629 -0.189329 0.0375253
0.49961 -0.0499551 -0.00149979
0.534356 -0.224168 -0.0502812
0.519472 -0.204259 -0.0600374
0.53435 -0.179369 0.00337835
0.405381 -0.194319 0.0375253
0.534353 -0.199279 0.027769
0.494665 -0.164441 0.0375253
0.489712 -0.219196 0.0375253
0.519452 -0.0499525 -0.0600374
0.459933 -0.0997366 0.0375253
0.405384 -0.219207 0.0375253
0.534354 -0.209235 0.0131346
0.494664 -0.154486 0.0375253
0.405384 -0.219207 0.0131346
0.405374 -0.139565 0.0180128
0.51947 -0.184349 0.0375253
0.534346 -0.144526 0.0228909
0.415293 -0.129608 0.0375253
0.420252 -0.114675 0.0375253
0.524427 -0.15946 0.0375253
0.469851 -0.0748472 -0.0600374
0.440085 -0.0499629 0.0228909
0.405363 -0.0599228 0.0228909
0.529387 -0.154481 0.0375253
0.509532 -0.0549314 0.0375253
0.504592 -0.214216 0.0375253
0.405378 -0.174408 -0.0600374
0.435145 -0.20427 0.0375253
0.529381 -0.11466 -0.0600374
0.440089 -0.0798287 -0.0600374
0.474829 -0.209243 0.0375253
0.509531 -0.0499538 0.00337835
0.445052 -0.0997386 -0.0600374
0.410322 -0.0499668 -0.0258905
0.459944 -0.184356 -0.0600374
0.514501 -0.124618 -0.0600374
0.474815 -0.0997347 0.0375253
0.499623 -0.14453 -0.0600374
0.420262 -0.194317 0.0375253
0.405386 -0.229162 -0.00637793
0.405386 -0.229162 -0.0502812
0.420256 -0.144541 0.0375253
0.499632 -0.214217 -0.0600374
0.440107 -0.214225 0.0375253
0.494668 -0.189329 -0.0600374
0.479768 -0.0499577 0.0375253
0.415299 -0.174407 0.0375253
0.450006 -0.0499616 -0.0258905
0.430179 -0.159472 0.0375253
0.454971 -0.0848044 0.0375253
0.494662 -0.139553 0.0375253
0.405382 -0.204274 -0.0551593
0.420251 -0.104719 -0.0600374
0.415283 -0.0499662 0.0180128
0.405365 -0.0748557 -0.0112561
0.405379 -0.179386 -0.045403
0.435131 -0.0997399 0.0375253
0.45497 -0.0798268 0.0375253
0.450029 -0.229156 0.0375253
0.405376 -0.154498 -0.0161342
0.415304 -0.20925 0.0375253
0.469863 -0.169422 -0.0600374
0.509544 -0.149506 0.0375253
0.469853 -0.0897801 0.0375253
0.514491 -0.0499531 -0.0112561
0.529373 -0.0499512 0.0228909
0.405384 -0.214229 -0.0258905
0.445059 -0.149515 0.0375253
0.405363 -0.0549451 0.0375253
0.425217 -0.154495 0.0375253
0.514491 -0.0499531 -0.0502812
0.425225 -0.214227 0.0375253
0.509551 -0.199283 -0.0600374
0.425206 -0.0648978 0.0375253
0.415289 -0.0997425 0.0375253
0.450029 -0.229156 -0.0600374
0.494658 -0.109687 0.0375253
0.430182 -0.189338 0.0375253
0.509531 -0.0499538 0.00825648
0.529392 -0.194303 0.0375253
0.405377 -0.164453 0.027769
0.435129 -0.084807 0.0375253
0.41529 -0.10472 0.0375253
0.405385 -0.224185 0.00825648
0.509548 -0.179372 0.0375253
0.440087 -0.0648958 0.0375253
0.459942 -0.164446 0.0375253
0.405367 -0.0897886 -0.0600374
0.534344 -0.13457 -0.045403
0.425211 -0.104719 0.0375253
0.445069 -0.229157 0.027769
0.52939 -0.184347 0.0375253
0.464904 -0.179378 0.0375253
0.415303 -0.199295 0.0375253
0.479782 -0.154488 -0.0600374
0.410325 -0.0698774 -0.0600374
0.450013 -0.104716 0.0375253
0.410335 -0.144542 0.0375253
0.524436 -0.229147 0.0228909
0.44506 -0.15947 0.0375253
0.430188 -0.229159 0.0228909
0.450013 -0.104716 -0.0600374
0.524412 -0.0499518 0.00337835
0.415298 -0.164452 0.0375253
0.435125 -0.0499636 -0.00149979
0.405372 -0.124632 0.00825648
0.405373 -0.12961 -0.0161342
0.410346 -0.229162 -0.0600374
0.534335 -0.0648834 -0.0258905
0.489713 -0.229151 0.0326472
0.464893 -0.0947584 0.0375253
0.534355 -0.214212 0.0375253
0.410336 -0.154497 0.0375253
0.425214 -0.124629 0.0375253
0.489695 -0.0897775 0.0375253
0.534352 -0.189324 -0.0210123
0.445063 -0.184358 0.0375253
0.405373 -0.12961 0.0375253
0.459928 -0.0599156 0.0375253
0.435141 -0.174404 0.0375253
0.504587 -0.174395 0.0375253
0.405367 -0.0897886 0.0375253
0.454979 -0.144536 0.0375253
0.450023 -0.17938 -0.0600374
0.40538 -0.184364 0.00825648
0.405385 -0.224185 -0.0405249
0.435137 -0.144539 0.0375253
0.524415 -0.0698624 0.0375253
0.405365 -0.069878 0.0180128
0.430167 -0.0748524 0.0375253
0.534337 -0.0798163 -0.0210123
0.450018 -0.139559 0.0375253
0.519453 -0.0599077 0.0375253
0.435127 -0.0648965 0.0375253
0.410331 -0.114676 0.0375253
0.47483 -0.219198 -0.0600374
0.534341 -0.109682 -0.0258905
0.534348 -0.159458 0.0326472
0.459927 -0.0549379 0.0375253
0.454981 -0.164447 -0.0600374
0.524429 -0.174393 0.0375253
0.435128 -0.0748517 0.0375253
0.430166 -0.0648971 0.0375253
0.534346 -0.149503 0.0180128
0.534339 -0.0947492 0.0375253
0.489689 -0.0499564 -0.0112561
0.445069 -0.229157 -0.00149979
0.469861 -0.149512 0.0375253
0.474832 -0.229153 0.00337835
0.435138 -0.149516 0.0375253
0.489706 -0.179375 -0.0600374
0.534338 -0.084794 -0.0502812
0.405369 -0.0997438 0.0326472
0.405378 -0.174408 -0.0405249
0.509547 -0.169417 0.0375253
0.410339 -0.174408 0.0375253
0.405382 -0.204274 -0.0405249
0.46489 -0.0698702 -0.0600374
0.519459 -0.104706 -0.0600374
0.415283 -0.0499662 0.0228909
0.494663 -0.149508 0.0375253
0.45498 -0.154491 0.0375253
0.415284 -0.0549438 0.0375253
0.53434 -0.0997268 0.0375253
0.489701 -0.139554 0.0375253
0.405378 -0.169431 0.0375253
0.509537 -0.0947525 -0.0600374
0.405365 -0.069878 0.0375253
0.405368 -0.0947662 0.0180128
0.499629 -0.194306 -0.0600374
0.405365 -0.069878 -0.0405249
0.534355 -0.214212 -0.0600374
0.494673 -0.224173 0.0375253
0.440085 -0.0499629 -0.0502812
0.420267 -0.22916 -0.00149979
0.4153 -0.179385 -0.0600374
0.405383 -0.209252 0.027769
0.459939 -0.139558 0.0375253
0.410344 -0.214229 0.0375253
0.410346 -0.229162 0.0375253
0.534345 -0.139548 0.027769
0.405376 -0.159475 0.0326472
0.420249 -0.0897866 0.0375253
0.454989 -0.224178 0.0375253
0.425223 -0.194316 0.0375253
0.514495 -0.0798189 0.0375253
0.45995 -0.229155 0.0326472
0.519455 -0.0748406 0.0375253
0.534357 -0.229145 -0.0112561
0.405362 -0.0499675 -0.0210123
0.450016 -0.124626 0.0375253
0.405383 -0.209252 -0.00637793
0.45995 -0.229155 -0.0502812
0.489708 -0.194308 0.0375253
0.464894 -0.104714 0.0375253
0.489695 -0.0897775 -0.0600374
0.405367 -0.0897886 -0.0551593
0.420265 -0.214227 0.0375253
0.504585 -0.159462 -0.0600374
0.435127 -0.0698741 0.0375253
0.405374 -0.139565 0.0326472
0.415299 -0.169429 0.0375253
0.529375 -0.0698617 0.0375253
0.420258 -0.164451 0.0375253
0.459933 -0.094759 -0.0600374
0.430185 -0.209248 0.0375253
0.519475 -0.229147 0.0326472
0.499614 -0.0798209 0.0375253
0.534333 -0.0499505 0.0180128
0.420267 -0.22916 -0.0356468
0.405364 -0.0649004 -0.0356468
0.454972 -0.0947597 0.0375253
0.420248 -0.084809 0.0375253
0.405376 -0.159475 -0.0307686
0.534339 -0.0947492 -0.0600374
0.469867 -0.199288 0.0375253
0.415284 -0.0599215 0.0375253
0.454985 -0.189335 0.0375253
0.415285 -0.0698767 0.0375253
0.405369 -0.104721 0.027769
0.534344 -0.129593 -0.0356468
0.425209 -0.0897859 0.0375253
0.504577 -0.0997308 0.0375253
0.53435 -0.174391 0.0131346
0.445061 -0.164448 -0.0600374
0.484742 -0.14951 0.0375253
0.410323 -0.0549445 -0.0600374
0.534348 -0.159458 -0.0502812
0.529393 -0.204258 0.0375253
0.405378 -0.174408 0.00825648
0.469858 -0.129601 -0.0600374
0.405364 -0.0649004 -0.00149979
0.534353 -0.19928 -0.045403
0.440107 -0.219202 0.0375253
0.454966 -0.049961 -0.0112561
0.44009 -0.0848064 -0.0600374
0.459947 -0.204267 -0.0600374
0.474821 -0.149511 0.0375253
0.405371 -0.114677 0.00337835
0.405381 -0.194319 -0.00149979
0.499612 -0.064888 0.0375253
0.529373 -0.0549288 -0.0600374
0.509532 -0.0549314 -0.0600374
0.534339 -0.0947492 -0.0405249
0.425225 -0.209249 0.0375253
0.534337 -0.0748387 -0.0112561
0.415287 -0.079832 0.0375253
0.464887 -0.0499597 0.0180128
0.489708 -0.194308 -0.0600374
0.53435 -0.174391 0.027769
0.479769 -0.0549353 0.0375253
0.425204 -0.0499649 0.0131346
0.415288 -0.0897873 0.0375253
0.534352 -0.189324 -0.0307686
0.459947 -0.204267 0.0375253
0.405367 -0.0848109 -0.0502812
0.534337 -0.0748387 0.0375253
0.494659 -0.119643 -0.0600374
0.42521 -0.0947636 0.0375253
0.529396 -0.224168 -0.0600374
0.469848 -0.049959 -0.00149979
0.420263 -0.199295 0.0375253
0.410333 -0.129609 0.0375253
0.415302 -0.194318 0.0375253
0.484729 -0.0499571 0.0180128
0.405362 -0.0499675 -0.0600374
0.440105 -0.199292 0.0375253
0.529379 -0.0947499 -0.0600374
0.4897 -0.129599 0.0375253
0.534346 -0.149503 -0.0551593
0.405377 -0.164453 0.0228909
0.415292 -0.119653 0.0375253
0.529385 -0.139549 0.0375253
0.405369 -0.0997438 0.0228909
0.430175 -0.129606 0.0375253
0.420251 -0.109697 0.0375253
0.45995 -0.224177 -0.0600374
0.509553 -0.214216 -0.0600374
0.405365 -0.0748557 0.0375253
0.4153 -0.179385 0.0375253
0.534344 -0.13457 -0.00149979
0.405382 -0.199296 -0.0600374
0.435148 -0.229158 0.0375253
0.484741 -0.139554 0.0375253
0.415287 -0.0848096 0.0375253
0.454985 -0.194312 0.0375253
0.534337 -0.0748387 -0.045403
0.405367 -0.0848109 0.0326472
0.534342 -0.11466 -0.0161342
0.514514 -0.219193 0.0375253
0.529388 -0.164437 0.0375253
0.420247 -0.0798313 0.0375253
0.534352 -0.189324 -0.00637793
0.420257 -0.154496 0.0375253
0.454966 -0.049961 0.0180128
0.415303 -0.204273 0.0375253
0.46987 -0.219199 0.0375253
0.529378 -0.0897722 -0.0600374
0.534355 -0.214212 -0.0112561
0.474808 -0.0499584 0.0375253
0.509532 -0.0599091 0.0375253
0.45499 -0.229156 0.00825648
0.474819 -0.134578 -0.0600374
0.534353 -0.204257 0.0375253
0.469868 -0.204266 0.0375253
0.435138 -0.154494 0.0375253
0.534341 -0.109682 -0.0307686
0.534348 -0.159458 0.0228909
0.514513 -0.214215 0.0375253
0.53435 -0.179369 -0.00637793
0.405381 -0.194319 0.0131346
0.425223 -0.194316 -0.0600374
0.405376 -0.159475 0.027769
0.534338 -0.084794 -0.0210123
0.405369 -0.0997438 0.0375253
0.504578 -0.104708 0.0375253
0.420243 -0.0499655 0.0375253
0.4649 -0.149512 0.0375253
0.534344 -0.129593 -0.0112561
0.420244 -0.0549432 0.0375253
0.420245 -0.0599208 0.0375253
0.454983 -0.179379 0.0375253
0.420249 -0.0947642 0.0375253
0.40538 -0.189341 0.0375253
0.420251 -0.104719 0.0375253
0.450029 -0.229156 0.00825648
0.440103 -0.184359 0.0375253
0.519468 -0.169416 0.0375253
0.509543 -0.144529 -0.0600374
0.440085 -0.0499629 0.0375253
0.430169 -0.0897853 0.0375253
0.405363 -0.0549451 -0.0405249
0.450025 -0.194313 -0.0600374
0.405367 -0.0897886 -0.0210123
0.440086 -0.0549406 0.0375253
0.49465 -0.0499557 -0.0356468
0.450008 -0.0648945 -0.0600374
0.53435 -0.179369 0.00825648
0.410328 -0.0897879 -0.0600374
0.529396 -0.224168 0.0375253
0.474828 -0.204265 0.0375253
0.440088 -0.0748511 0.0375253
0.534347 -0.154481 0.0375253
0.4401 -0.164448 0.0375253
0.435129 -0.084807 -0.0600374
0.415305 -0.219206 0.0375253
0.479784 -0.164443 0.0375253
0.534338 -0.0897716 -0.0405249
0.440089 -0.0798287 0.0375253
0.405384 -0.214229 0.0326472
0.450029 -0.229156 0.027769
0.509534 -0.074842 -0.0600374
0.479783 -0.159466 0.0375253
0.529377 -0.079817 0.0375253
0.464894 -0.099736 0.0375253
0.405373 -0.134587 0.00825648
0.534352 -0.189324 -0.0405249
0.42026 -0.174406 -0.0600374
0.48473 -0.0599123 0.0375253
0.405373 -0.12961 -0.0502812
0.415301 -0.184362 0.0375253
0.514501 -0.11964 -0.0600374
0.534337 -0.0798163 0.027769
0.440094 -0.114672 0.0375253
0.509555 -0.229149 0.0326472
0.440096 -0.129605 0.0375253
0.474808 -0.0499584 -0.045403
0.50459 -0.194306 0.0375253
0.405366 -0.0798333 0.0326472
0.435139 -0.159471 -0.0600374
0.440097 -0.13956 0.0375253
0.405373 -0.134587 -0.045403
0.519475 -0.22417 -0.0600374
0.53434 -0.104704 -0.0161342
0.440099 -0.154493 0.0375253
0.415293 -0.129608 -0.0600374
0.534355 -0.21919 -0.0258905
0.499619 -0.114664 -0.0600374
0.53434 -0.0997268 -0.0600374
0.534357 -0.229145 -0.0356468
0.405362 -0.0499675 0.00337835
0.489698 -0.114666 0.0375253
0.440101 -0.169426 0.0375253
0.445053 -0.109694 0.0375253
0.405378 -0.174408 0.0228909
0.479791 -0.219197 0.0375253
0.440102 -0.179381 0.0375253
0.534348 -0.159458 -0.0210123
0.53434 -0.104704 0.0228909
0.410339 -0.179385 -0.0600374
0.42522 -0.174406 -0.0600374
0.534339 -0.0947492 -0.0502812
0.405376 -0.159475 -0.045403
0.41034 -0.184363 0.0375253
0.445062 -0.174403 0.0375253
0.459938 -0.13458 0.0375253
0.420252 -0.119652 0.0375253
0.425218 -0.159473 -0.0600374
0.410334 -0.134587 -0.0600374
0.474822 -0.154489 0.0375253
0.405376 -0.159475 0.00825648
0.484729 -0.0499571 0.0375253
0.410326 -0.074855 0.0375253
0.479771 -0.0698682 0.0375253
0.459937 -0.124625 0.0375253
0.440094 -0.11965 0.0375253
0.410322 -0.0499668 -0.00149979
0.445068 -0.224179 0.0375253
0.509543 -0.139551 0.0375253
0.44505 -0.0848057 -0.0600374
0.46986 -0.144534 0.0375253
0.474808 -0.0499584 -0.0600374
0.494662 -0.144531 -0.0600374
0.464887 -0.0499597 -0.0161342
0.440106 -0.209247 0.0375253
0.454986 -0.19929 0.0375253
0.405385 -0.224185 0.0375253
0.425227 -0.224182 -0.0600374
0.40538 -0.184364 0.0228909
0.435144 -0.199293 0.0375253
0.405378 -0.169431 -0.0600374
0.445053 -0.104716 0.0375253
0.514512 -0.20426 0.0375253
0.440108 -0.22418 0.0375253
0.494655 -0.0897768 0.0375253
0.524436 -0.229147 -0.00149979
0.499617 -0.104709 -0.0600374
0.494669 -0.194307 0.0375253
0.52939 -0.17937 -0.0600374
0.445045 -0.0499623 0.0375253
0.474816 -0.10969 -0.0600374
0.514495 -0.0748413 0.0375253
0.405366 -0.0798333 0.00337835
0.534337 -0.0748387 -0.0405249
0.405367 -0.0848109 0.027769
0.450027 -0.214223 0.0375253
0.514491 -0.0499531 -0.0600374
0.524412 -0.0499518 0.0180128
0.430168 -0.07983 0.0375253
0.53435 -0.179369 -0.0112561
0.524432 -0.199281 -0.0600374
0.435142 -0.18436 0.0375253
0.405374 -0.139565 -0.00149979
0.420247 -0.0748537 0.0375253
0.499619 -0.119642 -0.0600374
0.534355 -0.21919 -0.0161342
0.474809 -0.054936 0.0375253
0.479788 -0.199287 0.0375253
0.469855 -0.104713 -0.0600374
0.479789 -0.204264 0.0375253
0.450017 -0.134581 0.0375253
0.445047 -0.0599175 0.0375253
0.445052 -0.0997386 0.0375253
0.41034 -0.184363 -0.0600374
0.474829 -0.209243 -0.0600374
0.445069 -0.229157 -0.0502812
0.499626 -0.169418 -0.0600374
0.534338 -0.084794 -0.0600374
0.405379 -0.179386 0.027769
0.425208 -0.0798307 0.0375253
0.445049 -0.0748504 0.0375253
0.514499 -0.109685 -0.0600374
0.52443 -0.184348 0.0375253
0.445055 -0.119649 0.0375253
0.509534 -0.0698643 0.0375253
0.534348 -0.164436 0.0326472
0.425207 -0.074853 0.0375253
0.405376 -0.154498 -0.045403
0.519473 -0.209237 -0.0600374
0.415289 -0.0947649 0.0375253
0.504571 -0.0499544 -0.00637793
0.534334 -0.0549282 -0.00637793
0.405373 -0.12961 0.027769
0.44505 -0.0848057 0.0375253
0.5145 -0.114662 0.0375253
0.405365 -0.069878 -0.00637793
0.445051 -0.094761 0.0375253
0.464898 -0.129602 0.0375253
0.474828 -0.199287 0.0375253
0.489702 -0.144531 0.0375253
0.445049 -0.0798281 0.0375253
0.410341 -0.189341 0.0375253
0.445055 -0.124627 0.0375253
0.534344 -0.129593 0.00337835
0.514515 -0.229148 0.027769
0.494671 -0.20924 -0.0600374
0.445056 -0.129604 0.0375253
0.479778 -0.119645 0.0375253
0.534342 -0.119637 0.0375253
0.474826 -0.189332 -0.0600374
0.405363 -0.0549451 -0.0600374
0.499615 -0.0847985 0.0375253
0.445066 -0.204269 -0.0600374
0.435125 -0.0499636 0.0375253
0.445057 -0.134582 0.0375253
0.534344 -0.129593 0.027769
0.529396 -0.229146 0.0131346
0.415295 -0.139564 0.0375253
0.405382 -0.199296 0.0131346
0.489693 -0.0798222 0.0375253
0.524422 -0.119639 0.0375253
0.464887 -0.0499597 0.0326472
0.514493 -0.064886 0.0375253
0.450019 -0.149514 -0.0600374
0.420243 -0.0499655 -0.0502812
0.420253 -0.12463 0.0375253
0.445058 -0.144537 0.0375253
0.420244 -0.0549432 -0.0600374
0.45994 -0.149513 0.0375253
0.43018 -0.169427 -0.0600374
0.450006 -0.0499616 -0.00149979
0.445047 -0.0648952 0.0375253
0.534333 -0.0499505 -0.0405249
0.504582 -0.139552 0.0375253
0.445064 -0.189336 0.0375253
0.425227 -0.22916 0.0131346
0.405385 -0.224185 -0.0258905
0.410336 -0.149519 -0.0600374
0.499611 -0.0549327 0.0375253
0.445066 -0.204269 0.0375253
0.499615 -0.0847985 -0.0600374
0.415283 -0.0499662 -0.0405249
0.534355 -0.214212 -0.045403
0.445066 -0.209247 0.0375253
0.430184 -0.204271 -0.0600374
0.469869 -0.214221 -0.0600374
0.445067 -0.214224 0.0375253
0.504594 -0.229149 0.0375253
0.524429 -0.17937 -0.0600374
0.464887 -0.0499597 -0.00149979
0.519456 -0.0798183 0.0375253
0.454974 -0.104715 0.0375253
0.484752 -0.229152 -0.00637793
0.494671 -0.214218 -0.0600374
0.450009 -0.0698721 0.0375253
0.454966 -0.049961 -0.0258905
0.529384 -0.134571 0.0375253
0.534356 -0.224168 -0.0307686
0.459945 -0.189334 -0.0600374
0.49961 -0.0499551 -0.0112561
0.464911 -0.229154 -0.0356468
0.415306 -0.224183 0.0375253
0.524435 -0.224169 0.0375253
0.45497 -0.0798268 -0.0600374
0.405363 -0.0599228 0.0375253
0.494673 -0.229151 -0.0600374
0.509551 -0.20426 0.0375253
0.464897 -0.124624 0.0375253
0.534335 -0.0599058 0.00825648
0.479792 -0.229152 -0.0356468
0.405365 -0.0748557 -0.0405249
0.430171 -0.104718 -0.0600374
0.450015 -0.119648 0.0375253
0.405373 -0.12961 -0.0600374
0.484729 -0.0499571 -0.0356468
0.420243 -0.0499655 -0.0307686
0.534354 -0.209235 0.0228909
0.440105 -0.20427 -0.0600374
0.504581 -0.129597 -0.0600374
0.534352 -0.189324 0.0131346
0.509536 -0.0897748 -0.0600374
0.430172 -0.109696 0.0375253
0.450018 -0.144537 0.0375253
0.524421 -0.114661 -0.0600374
0.524416 -0.07484 0.0375253
0.405365 -0.0748557 0.00825648
0.450019 -0.149514 0.0375253
0.469855 -0.109691 0.0375253
0.529396 -0.229146 -0.00637793
0.435148 -0.224181 0.0375253
0.405381 -0.194319 -0.0600374
0.534336 -0.0698611 -0.00149979
0.45993 -0.0748485 0.0375253
0.479768 -0.0499577 -0.0161342
0.454975 -0.119648 -0.0600374
0.435144 -0.194315 0.0375253
0.405366 -0.0798333 -0.0112561
0.534337 -0.0798163 -0.0502812
0.469852 -0.0848024 0.0375253
0.405384 -0.219207 0.0180128
0.405382 -0.204274 -0.0307686
0.524434 -0.214214 0.0375253
0.509535 -0.0798196 0.0375253
0.410323 -0.0549445 0.0375253
0.464893 -0.0947584 -0.0600374
0.410334 -0.139564 -0.0600374
0.450022 -0.169425 0.0375253
0.469871 -0.224176 0.0375253
0.529379 -0.0997275 -0.0600374
0.410335 -0.144542 -0.0600374
0.450022 -0.174402 0.0375253
0.499634 -0.22915 -0.0258905
0.450023 -0.17938 0.0375253
0.454979 -0.144536 -0.0600374
0.40538 -0.189341 0.0326472
0.450024 -0.184358 0.0375253
0.415291 -0.109698 0.0375253
0.425204 -0.0549425 0.0375253
0.440085 -0.0499629 0.0326472
0.450024 -0.189335 0.0375253
0.450025 -0.194313 0.0375253
0.489713 -0.229151 -0.0307686
0.450011 -0.0897827 -0.0600374
0.430169 -0.0897853 -0.0600374
0.405362 -0.0499675 0.0375253
0.499621 -0.129597 0.0375253
0.440109 -0.229158 -0.0405249
0.454979 -0.149514 0.0375253
0.450022 -0.174402 -0.0600374
0.450026 -0.199291 0.0375253
0.415306 -0.229161 0.0131346
0.524423 -0.129594 -0.0600374
0.440099 -0.159471 0.0375253
0.514514 -0.22417 0.0375253
0.504593 -0.219194 -0.0600374
0.450026 -0.204268 0.0375253
0.410346 -0.229162 -0.045403
0.534334 -0.0549282 0.0375253
0.494667 -0.184352 0.0375253
0.534336 -0.0698611 -0.0210123
0.405371 -0.114677 0.0375253
0.529388 -0.164437 -0.0600374
0.445065 -0.199291 0.0375253
0.450027 -0.209246 0.0375253
0.534339 -0.0947492 -0.00149979
0.435134 -0.11965 0.0375253
0.454967 -0.0549386 0.0375253
0.509555 -0.229149 -0.0307686
0.464907 -0.204266 -0.0600374
0.489693 -0.0748446 -0.0600374
0.524435 -0.219191 0.0375253
0.454968 -0.0599162 0.0375253
0.415306 -0.229161 0.0375253
0.430188 -0.229159 0.00825648
0.514492 -0.0549308 -0.0600374
0.405369 -0.104721 -0.0112561
0.514511 -0.199282 0.0375253
0.415297 -0.159474 -0.0600374
0.464892 -0.0848031 0.0375253
0.524431 -0.189326 0.0375253
0.484735 -0.0997334 -0.0600374
0.415291 -0.109698 -0.0600374
0.519458 -0.0997288 0.0375253
0.40537 -0.109699 -0.00637793
0.534352 -0.194302 0.0228909
0.504578 -0.109686 -0.0600374
0.519453 -0.0549301 -0.0600374
0.494665 -0.169419 0.0375253
0.440109 -0.229158 0.0131346
0.405362 -0.0499675 0.0228909
0.405369 -0.104721 -0.0551593
0.45497 -0.0748491 0.0375253
0.534353 -0.19928 0.00825648
0.459935 -0.11467 0.0375253
0.435129 -0.0798294 0.0375253
0.499613 -0.0748433 0.0375253
0.534353 -0.199279 -0.0551593
0.49962 -0.12462 -0.0600374
0.405373 -0.134587 0.0326472
0.405383 -0.209252 0.0180128
0.454972 -0.089782 0.0375253
0.405373 -0.134587 0.0180128
0.524418 -0.0947505 0.0375253
0.509534 -0.0698643 -0.0600374
0.454973 -0.0997373 0.0375253
0.464903 -0.169423 0.0375253
0.445061 -0.164448 0.0375253
0.410324 -0.0648997 -0.0600374
0.43513 -0.0897846 -0.0600374
0.425216 -0.139562 0.0375253
0.454975 -0.119648 0.0375253
0.489709 -0.199285 -0.0600374
0.519454 -0.0648854 -0.0600374
0.410327 -0.0848103 0.0375253
0.405379 -0.179386 -0.0112561
0.469865 -0.184355 0.0375253
0.534347 -0.154481 -0.0405249
0.405377 -0.164453 -0.00149979
0.509554 -0.224171 0.0375253
0.425214 -0.124629 -0.0600374
0.405362 -0.0499675 0.027769
0.420256 -0.149518 0.0375253
0.48969 -0.054934 0.0375253
0.450007 -0.0599169 -0.0600374
0.534352 -0.194302 -0.0307686
0.459948 -0.209245 0.0375253
0.484731 -0.06489 0.0375253
0.534348 -0.164436 0.0375253
0.469858 -0.129601 0.0375253
0.52442 -0.109683 0.0375253
0.45001 -0.0798274 0.0375253
0.459939 -0.144535 0.0375253
0.479786 -0.184354 -0.0600374
0.489708 -0.18933 0.0375253
0.425227 -0.224182 0.0375253
0.529374 -0.0599064 -0.0600374
0.504592 -0.209239 0.0375253
0.534338 -0.0897716 -0.045403
0.49465 -0.0499557 -0.0600374
0.534336 -0.0698611 0.00337835
0.454988 -0.214223 0.0375253
0.489707 -0.184352 -0.0600374
0.489693 -0.0748446 0.0375253
0.514513 -0.214215 -0.0600374
0.509555 -0.229149 -0.0356468
0.504591 -0.204261 0.0375253
0.459929 -0.0648932 0.0375253
0.410336 -0.154497 -0.0600374
0.425217 -0.149518 -0.0600374
0.459943 -0.174401 0.0375253
0.524436 -0.229147 -0.0600374
0.47977 -0.0648906 0.0375253
0.459931 -0.0798261 0.0375253
0.430182 -0.18436 0.0375253
0.48473 -0.0549347 0.0375253
0.405367 -0.0897886 0.027769
0.494673 -0.229151 -0.0356468
0.464896 -0.114669 -0.0600374
0.534337 -0.0748387 0.00825648
0.459933 -0.094759 0.0375253
0.405374 -0.139565 -0.0356468
0.519459 -0.104706 0.0375253
0.519471 -0.194304 -0.0600374
0.534357 -0.229145 0.0228909
0.459935 -0.109692 0.0375253
0.469863 -0.164445 -0.0600374
0.454966 -0.049961 0.0326472
0.459937 -0.129602 0.0375253
0.534337 -0.0748387 -0.0161342
0.459944 -0.184356 0.0375253
0.524424 -0.139549 0.0375253
0.40537 -0.109699 0.0131346
0.459945 -0.189334 0.0375253
0.405382 -0.199296 0.0375253
0.425217 -0.154495 -0.0600374
0.514505 -0.154483 -0.0600374
0.45001 -0.0798274 -0.0600374
0.534335 -0.0599058 -0.0258905
0.479792 -0.229152 0.0228909
0.459946 -0.199289 0.0375253
0.459948 -0.214222 0.0375253
0.489691 -0.0599117 0.0375253
0.479789 -0.204264 -0.0600374
0.459949 -0.2192 0.0375253
0.53434 -0.104704 0.00337835
0.469864 -0.1744 -0.0600374
0.450011 -0.0897827 0.0375253
0.494651 -0.059911 -0.0600374
0.459927 -0.0499603 0.0375253
0.534344 -0.129593 0.0228909
0.529396 -0.229146 0.00825648
0.425223 -0.199294 -0.0600374
0.464911 -0.229154 0.00337835
0.430176 -0.139562 0.0375253
0.479776 -0.104712 0.0375253
0.454978 -0.139558 0.0375253
0.405369 -0.104721 -0.0161342
0.415297 -0.159474 0.0375253
0.494665 -0.164441 -0.0600374
0.514493 -0.0599084 0.0375253
0.45995 -0.229155 0.0375253
0.464888 -0.0599149 0.0375253
0.464904 -0.1744 0.0375253
0.405384 -0.214229 -0.00637793
0.489702 -0.149509 0.0375253
0.474828 -0.204265 -0.0600374
0.534345 -0.139548 0.0375253
0.484732 -0.0698676 0.0375253
0.514491 -0.0499531 -0.0307686
0.464889 -0.0648926 0.0375253
0.464891 -0.0798255 0.0375253
0.464892 -0.0897807 0.0375253
0.484741 -0.144532 0.0375253
0.504583 -0.144529 0.0375253
0.474809 -0.0599136 0.0375253
0.464895 -0.109691 0.0375253
0.464898 -0.134579 0.0375253
0.504579 -0.114664 0.0375253
0.464899 -0.139557 0.0375253
0.405372 -0.124632 -0.0258905
0.504571 -0.0549321 -0.0600374
0.524412 -0.0499518 -0.00149979
0.514499 -0.104707 0.0375253
0.425224 -0.204271 0.0375253
0.509531 -0.0499538 0.0375253
0.410322 -0.0499668 0.00337835
0.52939 -0.17937 0.0375253
0.534355 -0.21919 0.0375253
0.454971 -0.0848044 -0.0600374
0.440088 -0.0698735 0.0375253
0.405371 -0.114677 0.0180128
0.45499 -0.229156 0.0375253
0.464906 -0.194311 0.0375253
0.464894 -0.099736 -0.0600374
0.405383 -0.209252 0.00825648
0.464908 -0.209244 0.0375253
0.494653 -0.0748439 -0.0600374
0.405372 -0.124632 0.027769
0.534343 -0.124615 -0.0502812
0.474827 -0.19431 0.0375253
0.440097 -0.144538 -0.0600374
0.405374 -0.139565 -0.0502812
0.464909 -0.214222 0.0375253
0.450009 -0.0698721 -0.0600374
0.464909 -0.219199 0.0375253
0.534357 -0.229145 -0.0161342
0.499621 -0.129597 -0.0600374
0.524413 -0.0549295 -0.0600374
0.464911 -0.229154 0.0375253
0.534346 -0.144526 0.00337835
0.435143 -0.189337 -0.0600374
0.410337 -0.159475 0.0375253
0.469866 -0.189333 0.0375253
0.405367 -0.0897886 0.0180128
0.46985 -0.0698695 0.0375253
0.425204 -0.0499649 0.00337835
0.405374 -0.144543 0.0375253
0.454966 -0.049961 -0.0502812
0.52442 -0.104706 -0.0600374
0.445045 -0.0499623 0.027769
0.440091 -0.0947616 -0.0600374
0.45994 -0.154491 -0.0600374
0.415283 -0.0499662 0.00337835
0.405365 -0.0748557 0.027769
0.405369 -0.0997438 -0.0600374
0.534344 -0.13457 -0.0210123
0.534351 -0.184347 0.0375253
0.425216 -0.14454 0.0375253
0.48971 -0.204263 0.0375253
0.420258 -0.164451 -0.0600374
0.534341 -0.109682 -0.0356468
0.469859 -0.139556 0.0375253
0.405362 -0.0499675 0.0131346
0.450029 -0.224179 0.0375253
0.469862 -0.159467 0.0375253
0.425204 -0.0499649 0.0326472
0.43514 -0.169427 0.0375253
0.504594 -0.229149 -0.0356468
0.469865 -0.179377 0.0375253
0.479768 -0.0499577 0.0228909
0.405384 -0.219207 0.0228909
0.425213 -0.119652 -0.0600374
0.484735 -0.0997334 0.0375253
0.405379 -0.179386 0.0375253
0.410341 -0.194318 -0.0600374
0.430173 -0.119651 0.0375253
0.529389 -0.174392 0.0375253
0.405363 -0.0599228 0.0326472
0.430171 -0.0997406 0.0375253
0.514503 -0.139551 0.0375253
0.420254 -0.129608 0.0375253
0.445068 -0.219202 -0.0600374
0.454987 -0.204268 -0.0600374
0.410322 -0.0499668 0.027769
0.450008 -0.0648945 0.0375253
0.49961 -0.0499551 0.0180128
0.534356 -0.224168 -0.045403
0.450018 -0.139559 -0.0600374
0.405366 -0.0798333 0.00825648
0.454981 -0.164447 0.0375253
0.47482 -0.139556 0.0375253
0.519473 -0.214214 0.0375253
0.479776 -0.109689 -0.0600374
0.534343 -0.124615 -0.0600374
0.474814 -0.0947571 0.0375253
0.474815 -0.104712 0.0375253
0.474818 -0.124623 0.0375253
0.534341 -0.109682 0.0375253
0.474824 -0.174399 -0.0600374
0.47482 -0.144533 0.0375253
0.450006 -0.0499616 0.00825648
0.469863 -0.164445 0.0375253
0.415306 -0.229161 -0.0600374
0.529385 -0.144526 0.0375253
0.405368 -0.0947662 0.00825648
0.405379 -0.179386 -0.00149979
0.534353 -0.204257 -0.0210123
0.420243 -0.0499655 -0.0600374
0.405378 -0.169431 0.0131346
0.405381 -0.194319 -0.0356468
0.435135 -0.129606 -0.0600374
0.420245 -0.0599208 -0.0600374
0.405384 -0.219207 -0.045403
0.420247 -0.0798313 -0.0600374
0.534342 -0.119637 0.00825648
0.420249 -0.0897866 -0.0600374
0.454972 -0.089782 -0.0600374
0.420249 -0.0947642 -0.0600374
0.494672 -0.219195 0.0375253
0.42025 -0.0997419 -0.0600374
0.479786 -0.179376 0.0375253
0.420253 -0.12463 -0.0600374
0.450026 -0.204268 -0.0600374
0.420254 -0.129608 -0.0600374
0.479775 -0.099734 -0.0600374
0.420256 -0.144541 -0.0600374
0.420256 -0.149518 -0.0600374
0.420257 -0.154496 -0.0600374
0.519475 -0.229147 0.0180128
0.459929 -0.0648932 -0.0600374
0.474821 -0.149511 -0.0600374
0.420259 -0.169429 -0.0600374
0.499613 -0.0748433 -0.0600374
0.405363 -0.0549451 -0.0502812
0.42026 -0.179384 -0.0600374
0.534353 -0.204257 -0.0161342
0.420261 -0.184362 -0.0600374
0.534355 -0.21919 -0.0502812
0.420264 -0.204272 -0.0600374
0.454983 -0.174402 -0.0600374
0.420266 -0.219205 -0.0600374
0.420266 -0.224183 -0.0600374
0.534333 -0.0499505 -0.0551593
0.474817 -0.114668 0.0375253
0.420267 -0.22916 -0.0600374
0.440092 -0.0997393 -0.0600374
0.425204 -0.0499649 -0.0600374
0.504573 -0.0648873 0.0375253
0.425204 -0.0549425 -0.0600374
0.454986 -0.19929 -0.0600374
0.425205 -0.0599202 -0.0600374
0.459927 -0.0499603 0.0131346
0.504572 -0.0599097 0.0375253
0.425206 -0.0648978 -0.0600374
0.40537 -0.109699 -0.0356468
0.50459 -0.199283 -0.0600374
0.47483 -0.219198 0.0375253
0.425206 -0.0698754 -0.0600374
0.425207 -0.074853 -0.0600374
0.425208 -0.0848083 -0.0600374
0.534338 -0.0897716 0.0180128
0.529383 -0.124616 0.0375253
0.514507 -0.164439 -0.0600374
0.53435 -0.179369 0.0180128
0.425209 -0.0897859 -0.0600374
0.534349 -0.169414 0.00825648
0.514515 -0.229148 -0.0112561
0.484739 -0.129599 0.0375253
0.42521 -0.0947636 -0.0600374
0.499633 -0.224172 -0.0600374
0.509531 -0.0499538 -0.0356468
0.534346 -0.149503 -0.00149979
0.534339 -0.0947492 0.0326472
0.425212 -0.109696 -0.0600374
0.425212 -0.114674 -0.0600374
0.425214 -0.129607 -0.0600374
0.445064 -0.194314 -0.0600374
0.469869 -0.214221 0.0375253
0.405367 -0.0897886 -0.00149979
0.425216 -0.139562 -0.0600374
0.425216 -0.14454 -0.0600374
0.405379 -0.179386 0.0228909
0.405369 -0.0997438 -0.00637793
0.425219 -0.169428 -0.0600374
0.534342 -0.11466 0.0131346
0.410339 -0.174408 -0.0600374
0.425221 -0.179383 -0.0600374
0.425222 -0.189339 -0.0600374
0.430176 -0.139562 -0.0600374
0.534348 -0.164436 0.00337835
0.425225 -0.209249 -0.0600374
0.509545 -0.154484 0.0375253
0.405378 -0.169431 0.00825648
0.425225 -0.214227 -0.0600374
0.474832 -0.229153 0.0375253
0.405385 -0.224185 0.0180128
0.425226 -0.219204 -0.0600374
0.479786 -0.179376 -0.0600374
0.534342 -0.119637 0.00337835
0.40538 -0.184364 -0.0502812
0.425227 -0.22916 -0.0600374
0.430164 -0.0499642 -0.0600374
0.40537 -0.109699 -0.00149979
0.405386 -0.229162 -0.0405249
0.430165 -0.0549419 -0.0600374
0.435125 -0.0499636 -0.0307686
0.534336 -0.0698611 0.0326472
0.405371 -0.114677 0.00825648
0.430165 -0.0599195 -0.0600374
0.484729 -0.0499571 -0.0551593
0.430166 -0.0648971 -0.0600374
0.445055 -0.119649 -0.0600374
0.534337 -0.0798163 0.0326472
0.464909 -0.219199 -0.0600374
0.405376 -0.154498 0.0131346
0.534355 -0.21919 -0.00637793
0.430167 -0.0698748 -0.0600374
0.484749 -0.199286 -0.0600374
0.435137 -0.144539 -0.0600374
0.494658 -0.109687 -0.0600374
0.489689 -0.0499564 -0.00149979
0.445069 -0.229157 0.0131346
0.430173 -0.114673 -0.0600374
0.430173 -0.119651 -0.0600374
0.534338 -0.0897716 -0.0307686
0.430174 -0.124629 -0.0600374
0.405373 -0.12961 0.0131346
0.499634 -0.22915 -0.0356468
0.430175 -0.129606 -0.0600374
0.454973 -0.0997373 -0.0600374
0.430177 -0.149517 -0.0600374
0.489692 -0.0698669 -0.0600374
0.430175 -0.134584 -0.0600374
0.464902 -0.159468 -0.0600374
0.430177 -0.144539 -0.0600374
0.514506 -0.159461 -0.0600374
0.534348 -0.164436 -0.045403
0.51451 -0.194304 0.0375253
0.405376 -0.159475 -0.00637793
0.484743 -0.159465 -0.0600374
0.430179 -0.16445 -0.0600374
0.529386 -0.149504 -0.0600374
0.425227 -0.22916 0.0375253
0.430181 -0.179383 -0.0600374
0.504571 -0.0499544 -0.0307686
0.534334 -0.0549282 0.0180128
0.479772 -0.0798235 0.0375253
0.405373 -0.12961 0.00337835
0.430182 -0.189338 -0.0600374
0.519462 -0.129595 -0.0600374
0.529388 -0.169414 -0.0600374
0.430183 -0.194316 -0.0600374
0.420258 -0.159473 -0.0600374
0.430184 -0.199293 -0.0600374
0.534353 -0.199279 -0.00149979
0.430186 -0.214226 -0.0600374
0.534353 -0.204257 0.00825648
0.430186 -0.219204 -0.0600374
0.405362 -0.0499675 -0.00637793
0.430188 -0.229159 -0.0600374
0.405384 -0.214229 0.027769
0.534336 -0.0698611 0.027769
0.524419 -0.0997282 -0.0600374
0.435125 -0.0499636 -0.0600374
0.435126 -0.0599188 -0.0600374
0.435127 -0.0648965 -0.0600374
0.459927 -0.0499603 -0.0502812
0.415289 -0.0997425 -0.0600374
0.435127 -0.0698741 -0.0600374
0.474832 -0.229153 -0.0307686
0.524436 -0.229147 0.0326472
0.47977 -0.0648906 -0.0600374
0.445045 -0.0499623 -0.00637793
0.435128 -0.0748517 -0.0600374
0.43513 -0.0947623 -0.0600374
0.435131 -0.0997399 -0.0600374
0.435132 -0.104718 -0.0600374
0.435132 -0.109695 -0.0600374
0.534349 -0.169414 -0.0551593
0.435133 -0.114673 -0.0600374
0.450029 -0.229156 -0.0161342
0.46489 -0.0698702 0.0375253
0.494673 -0.224173 -0.0600374
0.484734 -0.0897781 0.0375253
0.504592 -0.214216 -0.0600374
0.435136 -0.134583 -0.0600374
0.514491 -0.0499531 -0.0405249
0.435136 -0.139561 -0.0600374
0.415283 -0.0499662 -0.00637793
0.405365 -0.0748557 0.0131346
0.410345 -0.224184 0.0375253
0.435138 -0.149516 -0.0600374
0.440094 -0.114672 -0.0600374
0.405366 -0.0798333 0.0131346
0.435138 -0.154494 -0.0600374
0.43514 -0.164449 -0.0600374
0.49465 -0.0499557 -0.0258905
0.519463 -0.134572 -0.0600374
0.484745 -0.174398 0.0375253
0.43514 -0.169427 -0.0600374
0.425204 -0.0499649 -0.0405249
0.51947 -0.184349 -0.0600374
0.435141 -0.174404 -0.0600374
0.445045 -0.0499623 0.0326472
0.435142 -0.179382 -0.0600374
0.459927 -0.0499603 -0.0112561
0.435142 -0.18436 -0.0600374
0.440098 -0.149516 -0.0600374
0.405376 -0.154498 0.00825648
0.435144 -0.194315 -0.0600374
0.534348 -0.159458 0.00337835
0.405378 -0.174408 0.0375253
0.4897 -0.134576 0.0375253
0.435144 -0.199293 -0.0600374
0.425208 -0.0798307 -0.0600374
0.435145 -0.20427 -0.0600374
0.524428 -0.169415 -0.0600374
0.435146 -0.209248 -0.0600374
0.40538 -0.189341 -0.0405249
0.435146 -0.214225 -0.0600374
0.405382 -0.199296 -0.0258905
0.435148 -0.229158 -0.0600374
0.479792 -0.229152 -0.00149979
0.49963 -0.204262 -0.0600374
0.440086 -0.0599182 -0.0600374
0.464902 -0.164445 -0.0600374
0.440087 -0.0648958 -0.0600374
0.44009 -0.089784 -0.0600374
0.504591 -0.204261 -0.0600374
0.440093 -0.109695 -0.0600374
0.504575 -0.0798202 0.0375253
0.524429 -0.174393 -0.0600374
0.405378 -0.174408 -0.0307686
0.440094 -0.11965 -0.0600374
0.440095 -0.124627 -0.0600374
0.440096 -0.129605 -0.0600374
0.514499 -0.109685 0.0375253
0.519465 -0.149505 -0.0600374
0.519475 -0.229147 -0.0307686
0.469849 -0.0599143 0.0375253
0.440097 -0.13956 -0.0600374
0.494654 -0.0847992 0.0375253
0.509533 -0.0648867 -0.0600374
0.49465 -0.0499557 0.027769
0.4649 -0.144535 -0.0600374
0.405371 -0.114677 -0.00637793
0.469862 -0.159467 -0.0600374
0.405382 -0.204274 -0.0210123
0.440102 -0.179381 -0.0600374
0.420243 -0.0499655 0.00337835
0.519464 -0.13955 -0.0600374
0.405376 -0.159475 -0.0161342
0.534348 -0.164436 -0.0600374
0.440103 -0.184359 -0.0600374
0.440103 -0.189337 -0.0600374
0.440105 -0.199292 -0.0600374
0.519452 -0.0499525 -0.0551593
0.430164 -0.0499642 -0.045403
0.440106 -0.209247 -0.0600374
0.529394 -0.214213 -0.0600374
0.40537 -0.109699 0.027769
0.499612 -0.064888 -0.0600374
0.440107 -0.219202 -0.0600374
0.445069 -0.229157 -0.0307686
0.534334 -0.0549282 -0.0600374
0.474808 -0.0499584 -0.0210123
0.440108 -0.22418 -0.0600374
0.405373 -0.134587 -0.0405249
0.479772 -0.0748459 -0.0600374
0.474832 -0.229153 0.0228909
0.41033 -0.109698 -0.0600374
0.43018 -0.169427 0.0375253
0.405385 -0.224185 0.0326472
0.440109 -0.229158 -0.0600374
0.445046 -0.0549399 -0.0600374
0.524427 -0.164437 0.0375253
0.405373 -0.134587 -0.00149979
0.415306 -0.229161 0.0228909
0.445047 -0.0648952 -0.0600374
0.405375 -0.14952 0.0131346
0.445049 -0.0748504 -0.0600374
0.440085 -0.0499629 -0.00637793
0.405363 -0.0599228 -0.0307686
0.454968 -0.0599162 -0.0600374
0.524417 -0.0847953 -0.0600374
0.415295 -0.144541 -0.0600374
0.445049 -0.0798281 -0.0600374
0.405368 -0.0947662 -0.0551593
0.454968 -0.0648939 -0.0600374
0.405379 -0.179386 -0.0551593
0.529394 -0.209235 -0.0600374
0.445051 -0.094761 -0.0600374
0.430171 -0.104718 0.0375253
0.45002 -0.154492 0.0375253
0.514502 -0.129595 -0.0600374
0.534347 -0.154481 -0.0502812
0.405377 -0.164453 -0.0112561
0.529392 -0.19928 0.0375253
0.469857 -0.124623 -0.0600374
0.440099 -0.154493 -0.0600374
0.445053 -0.104716 -0.0600374
0.53435 -0.179369 -0.0600374
0.534346 -0.144526 -0.0307686
0.445053 -0.109694 -0.0600374
0.504594 -0.229149 -0.0551593
0.445054 -0.114671 -0.0600374
0.410343 -0.204273 0.0375253
0.445055 -0.124627 -0.0600374
0.51451 -0.194304 -0.0600374
0.529385 -0.144526 -0.0600374
0.405372 -0.124632 -0.00637793
0.53435 -0.179369 -0.0405249
0.445056 -0.129604 -0.0600374
0.49467 -0.204262 0.0375253
0.445057 -0.134582 -0.0600374
0.534333 -0.0499505 -0.0356468
0.529387 -0.154481 -0.0600374
0.445058 -0.144537 -0.0600374
0.445059 -0.149515 -0.0600374
0.44506 -0.15947 -0.0600374
0.420267 -0.22916 -0.0551593
0.405364 -0.0649004 -0.00637793
0.445064 -0.189336 -0.0600374
0.469848 -0.049959 -0.00637793
0.445066 -0.209247 -0.0600374
0.489689 -0.0499564 0.0180128
0.445067 -0.214224 -0.0600374
0.489697 -0.109688 -0.0600374
0.445068 -0.224179 -0.0600374
0.445069 -0.229157 -0.0600374
0.524423 -0.129594 0.0375253
0.450006 -0.0499616 -0.0600374
0.454972 -0.0947597 -0.0600374
0.450009 -0.0748498 -0.0600374
0.420266 -0.219205 0.0375253
0.45001 -0.084805 -0.0600374
0.499634 -0.22915 0.0228909
0.454966 -0.049961 -0.0600374
0.534333 -0.0499505 0.00825648
0.420267 -0.22916 0.0375253
0.43017 -0.0947629 -0.0600374
0.450012 -0.0947603 -0.0600374
0.405373 -0.12961 -0.0258905
0.504571 -0.0499544 -0.0600374
0.450014 -0.109693 -0.0600374
0.450014 -0.114671 -0.0600374
0.524417 -0.0847953 0.0375253
0.469854 -0.0997353 0.0375253
0.440107 -0.214225 -0.0600374
0.459935 -0.11467 -0.0600374
0.450015 -0.119648 -0.0600374
0.450016 -0.124626 -0.0600374
0.474823 -0.164444 -0.0600374
0.445045 -0.0499623 -0.0258905
0.405375 -0.14952 -0.045403
0.450016 -0.129604 -0.0600374
0.450017 -0.134581 -0.0600374
0.479792 -0.229152 -0.0307686
0.415283 -0.0499662 0.0375253
0.45002 -0.154492 -0.0600374
0.405366 -0.0798333 -0.0307686
0.450021 -0.164447 -0.0600374
0.450022 -0.169425 -0.0600374
0.504586 -0.169418 -0.0600374
0.450024 -0.184358 -0.0600374
0.440085 -0.0499629 -0.0600374
0.450024 -0.189335 -0.0600374
0.435125 -0.0499636 -0.0502812
0.519462 -0.129595 0.0375253
0.499625 -0.164441 0.0375253
0.405371 -0.114677 -0.0112561
0.450027 -0.209246 -0.0600374
0.450027 -0.214223 -0.0600374
0.450028 -0.219201 -0.0600374
0.405363 -0.0599228 0.00337835
0.450029 -0.224179 -0.0600374
0.420245 -0.0648984 0.0375253
0.514512 -0.20426 -0.0600374
0.435125 -0.0499636 -0.0356468
0.454967 -0.0549386 -0.0600374
0.454969 -0.0698715 -0.0600374
0.454974 -0.104715 -0.0600374
0.484733 -0.0848005 -0.0600374
0.534337 -0.0798163 0.0131346
0.405376 -0.154498 0.0326472
0.454976 -0.124625 -0.0600374
0.454977 -0.129603 -0.0600374
0.454977 -0.134581 -0.0600374
0.514504 -0.144528 -0.0600374
0.454978 -0.139558 -0.0600374
0.405378 -0.169431 0.027769
0.454979 -0.149514 -0.0600374
0.509531 -0.0499538 0.0131346
0.47483 -0.21422 0.0375253
0.454982 -0.169424 -0.0600374
0.454983 -0.179379 -0.0600374
0.48475 -0.209241 0.0375253
0.454984 -0.184357 -0.0600374
0.464887 -0.0499597 -0.0600374
0.405371 -0.119654 -0.045403
0.454985 -0.194312 -0.0600374
0.534338 -0.084794 -0.0551593
0.504588 -0.179373 0.0375253
0.454987 -0.209245 -0.0600374
0.405369 -0.0997438 -0.0112561
0.49465 -0.0499557 -0.0405249
0.534338 -0.0897716 -0.0551593
0.50954 -0.114663 0.0375253
0.454988 -0.214223 -0.0600374
0.454989 -0.224178 -0.0600374
0.45499 -0.229156 -0.0600374
0.459928 -0.0599156 -0.0600374
0.459929 -0.0698708 -0.0600374
0.415306 -0.229161 -0.0258905
0.459931 -0.0848037 -0.0600374
0.48971 -0.209241 -0.0600374
0.459933 -0.0997366 -0.0600374
0.479792 -0.229152 -0.0551593
0.459934 -0.104714 -0.0600374
0.469855 -0.104713 0.0375253
0.459935 -0.109692 -0.0600374
0.534343 -0.124615 -0.0551593
0.529395 -0.219191 -0.0600374
0.459936 -0.119647 -0.0600374
0.459937 -0.124625 -0.0600374
0.459937 -0.129602 -0.0600374
0.479782 -0.154488 0.0375253
0.53434 -0.104704 -0.0600374
0.459939 -0.139558 -0.0600374
0.405368 -0.0947662 -0.0307686
0.45994 -0.149513 -0.0600374
0.489689 -0.0499564 -0.0600374
0.459942 -0.164446 -0.0600374
0.405366 -0.0798333 0.0180128
0.459943 -0.174401 -0.0600374
0.524412 -0.0499518 0.0228909
0.459944 -0.179379 -0.0600374
0.440109 -0.229158 -0.045403
0.459946 -0.194312 -0.0600374
0.454989 -0.2192 -0.0600374
0.464904 -0.179378 -0.0600374
0.49962 -0.12462 0.0375253
0.459948 -0.214222 -0.0600374
0.459949 -0.2192 -0.0600374
0.405365 -0.0748557 -0.0551593
0.514507 -0.169416 -0.0600374
0.45995 -0.229155 -0.0600374
0.405369 -0.0997438 0.0131346
0.529373 -0.0499512 -0.045403
0.405384 -0.214229 -0.0356468
0.464888 -0.0549373 -0.0600374
0.464888 -0.0599149 -0.0600374
0.464889 -0.0648926 -0.0600374
0.464905 -0.184356 -0.0600374
0.469851 -0.0748472 0.0375253
0.519458 -0.0997288 -0.0600374
0.420267 -0.22916 -0.0258905
0.46489 -0.0748478 -0.0600374
0.469871 -0.229154 0.027769
0.464891 -0.0798255 -0.0600374
0.464892 -0.0848031 -0.0600374
0.464892 -0.0897807 -0.0600374
0.464894 -0.104714 -0.0600374
0.464895 -0.109691 -0.0600374
0.405382 -0.204274 0.00825648
0.464896 -0.119647 -0.0600374
0.464897 -0.124624 -0.0600374
0.464898 -0.129602 -0.0600374
0.464911 -0.229154 -0.0551593
0.464898 -0.134579 -0.0600374
0.464899 -0.139557 -0.0600374
0.4649 -0.149512 -0.0600374
0.45499 -0.229156 -0.045403
0.464904 -0.1744 -0.0600374
0.464906 -0.189333 -0.0600374
0.464908 -0.209244 -0.0600374
0.464909 -0.214222 -0.0600374
0.464888 -0.0549373 0.0375253
0.494667 -0.179374 -0.0600374
0.440092 -0.104717 0.0375253
0.464911 -0.229154 -0.0600374
0.405365 -0.069878 -0.045403
0.469848 -0.049959 -0.0600374
0.519475 -0.229147 -0.0161342
0.469849 -0.0599143 -0.0600374
0.445045 -0.0499623 0.0180128
0.524425 -0.149504 -0.0600374
0.46985 -0.0648919 -0.0600374
0.405386 -0.229162 0.00337835
0.464911 -0.229154 -0.0307686
0.469852 -0.0848024 -0.0600374
0.479785 -0.174399 0.0375253
0.494664 -0.159464 -0.0600374
0.415306 -0.229161 -0.00149979
0.469853 -0.0897801 -0.0600374
0.445045 -0.0499623 -0.0600374
0.405375 -0.14952 -0.0112561
0.469854 -0.0947577 -0.0600374
0.484731 -0.06489 -0.0600374
0.469852 -0.0798248 -0.0600374
0.40537 -0.109699 0.00825648
0.469854 -0.0997353 -0.0600374
0.534336 -0.0698611 -0.0307686
0.479774 -0.0947564 -0.0600374
0.405366 -0.0798333 -0.0551593
0.469855 -0.109691 -0.0600374
0.440109 -0.229158 0.0326472
0.469856 -0.114668 -0.0600374
0.440085 -0.0499629 0.0180128
0.405363 -0.0599228 -0.00637793
0.469861 -0.149512 -0.0600374
0.469865 -0.184355 -0.0600374
0.489689 -0.0499564 -0.0356468
0.469867 -0.199288 -0.0600374
0.454987 -0.209245 0.0375253
0.469868 -0.204266 -0.0600374
0.534338 -0.084794 -0.0258905
0.469869 -0.209243 -0.0600374
0.459929 -0.0698708 0.0375253
0.40537 -0.109699 -0.0112561
0.440085 -0.0499629 -0.045403
0.46987 -0.219199 -0.0600374
0.415299 -0.174407 -0.0600374
0.469871 -0.224176 -0.0600374
0.42521 -0.0997412 0.0375253
0.529396 -0.229146 -0.0600374
0.529381 -0.109683 0.0375253
0.469871 -0.229154 -0.0600374
0.534352 -0.189324 0.0228909
0.454977 -0.129603 0.0375253
0.474809 -0.0599136 -0.0600374
0.405382 -0.204274 -0.0161342
0.494667 -0.179374 0.0375253
0.474811 -0.0698689 -0.0600374
0.479768 -0.0499577 0.00337835
0.474811 -0.0748465 -0.0600374
0.534338 -0.0897716 -0.00637793
0.405371 -0.119654 0.027769
0.474813 -0.0848018 -0.0600374
0.474814 -0.0947571 -0.0600374
0.405381 -0.194319 0.00825648
0.474815 -0.0997347 -0.0600374
0.474817 -0.114668 -0.0600374
0.494652 -0.0698663 0.0375253
0.474817 -0.119645 -0.0600374
0.47482 -0.144533 -0.0600374
0.474822 -0.154489 -0.0600374
0.415291 -0.114675 0.0375253
0.53434 -0.104704 0.0375253
0.474825 -0.179377 -0.0600374
0.474826 -0.184354 -0.0600374
0.405386 -0.229162 0.0180128
0.534344 -0.13457 0.0375253
0.484732 -0.0748452 0.0375253
0.474828 -0.199287 -0.0600374
0.509531 -0.0499538 0.0180128
0.405377 -0.164453 0.0131346
0.53434 -0.0997268 -0.0551593
0.435143 -0.189337 0.0375253
0.47483 -0.21422 -0.0600374
0.479768 -0.0499577 -0.0600374
0.479769 -0.0549353 -0.0600374
0.47977 -0.059913 -0.0600374
0.410329 -0.0997432 0.0375253
0.479771 -0.0698682 -0.0600374
0.405363 -0.0549451 -0.00637793
0.479772 -0.0798235 -0.0600374
0.479774 -0.0897788 -0.0600374
0.479776 -0.104712 -0.0600374
0.405377 -0.164453 -0.0405249
0.410338 -0.164452 0.0375253
0.489701 -0.139554 -0.0600374
0.504571 -0.0499544 -0.045403
0.534334 -0.0549282 0.00825648
0.410346 -0.229162 -0.0502812
0.405373 -0.12961 -0.00149979
0.479777 -0.114667 -0.0600374
0.529387 -0.159459 -0.0600374
0.479778 -0.124622 -0.0600374
0.479779 -0.1296 -0.0600374
0.47978 -0.139555 -0.0600374
0.534346 -0.144526 0.0131346
0.479781 -0.144533 -0.0600374
0.405363 -0.0549451 0.00825648
0.534346 -0.149503 0.0131346
0.479782 -0.14951 -0.0600374
0.430182 -0.18436 -0.0600374
0.524431 -0.189326 -0.0600374
0.534348 -0.159458 -0.00149979
0.479783 -0.159466 -0.0600374
0.534338 -0.0897716 -0.0502812
0.479784 -0.164443 -0.0600374
0.479784 -0.169421 -0.0600374
0.534354 -0.209235 0.0180128
0.479785 -0.174399 -0.0600374
0.405383 -0.209252 0.00337835
0.489711 -0.214218 0.0375253
0.479789 -0.209242 -0.0600374
0.534338 -0.0897716 0.0326472
0.405371 -0.119654 0.0131346
0.47979 -0.21422 -0.0600374
0.534339 -0.0947492 -0.0307686
0.529391 -0.189325 -0.0600374
0.405365 -0.0748557 -0.0161342
0.514507 -0.169416 0.0375253
0.479792 -0.229152 -0.0600374
0.509543 -0.139551 -0.0600374
0.420243 -0.0499655 -0.0551593
0.534354 -0.209235 -0.00149979
0.430187 -0.224181 -0.0600374
0.484729 -0.0499571 -0.0600374
0.514515 -0.229148 0.0326472
0.48473 -0.0549347 -0.0600374
0.48473 -0.0599123 -0.0600374
0.534344 -0.13457 -0.0600374
0.484732 -0.0698676 -0.0600374
0.484732 -0.0748452 -0.0600374
0.534347 -0.154481 0.027769
0.474824 -0.169422 0.0375253
0.484733 -0.0798228 -0.0600374
0.484734 -0.0897781 -0.0600374
0.425221 -0.184361 0.0375253
0.484735 -0.0947557 -0.0600374
0.484736 -0.104711 -0.0600374
0.53435 -0.179369 -0.0258905
0.494671 -0.20924 0.0375253
0.405381 -0.194319 0.0326472
0.405377 -0.164453 -0.0307686
0.484737 -0.109689 -0.0600374
0.440109 -0.229158 -0.00149979
0.484739 -0.124622 -0.0600374
0.450029 -0.229156 -0.0356468
0.430185 -0.209248 -0.0600374
0.484741 -0.139554 -0.0600374
0.484741 -0.144532 -0.0600374
0.524436 -0.229147 -0.045403
0.474832 -0.229153 -0.0600374
0.484742 -0.14951 -0.0600374
0.53435 -0.174391 -0.0356468
0.425226 -0.219204 0.0375253
0.484743 -0.154487 -0.0600374
0.499613 -0.0698656 -0.0600374
0.484744 -0.164443 -0.0600374
0.445045 -0.0499623 -0.0161342
0.459927 -0.0549379 -0.0600374
0.484745 -0.16942 -0.0600374
0.484745 -0.174398 -0.0600374
0.484746 -0.179375 -0.0600374
0.40538 -0.189341 0.00825648
0.415292 -0.119653 -0.0600374
0.46985 -0.0648919 0.0375253
0.524425 -0.149504 0.0375253
0.405375 -0.14952 0.00825648
0.484747 -0.184353 -0.0600374
0.484747 -0.189331 -0.0600374
0.534357 -0.229145 0.0131346
0.405366 -0.0798333 0.027769
0.484748 -0.194308 -0.0600374
0.484749 -0.204264 -0.0600374
0.474812 -0.0798241 0.0375253
0.48475 -0.209241 -0.0600374
0.484751 -0.214219 -0.0600374
0.509555 -0.229149 -0.0161342
0.484733 -0.0798228 0.0375253
0.52443 -0.184348 -0.0600374
0.484751 -0.219197 -0.0600374
0.504593 -0.219194 0.0375253
0.504572 -0.0599097 -0.0600374
0.405371 -0.114677 0.027769
0.534344 -0.129593 -0.0551593
0.484752 -0.224174 -0.0600374
0.405386 -0.229162 0.00825648
0.484752 -0.229152 -0.0600374
0.524412 -0.0499518 -0.0210123
0.430168 -0.07983 -0.0600374
0.489691 -0.0599117 -0.0600374
0.489691 -0.0648893 -0.0600374
0.524422 -0.119639 -0.0600374
0.489693 -0.0798222 -0.0600374
0.534337 -0.0798163 -0.0112561
0.489694 -0.0847998 -0.0600374
0.524414 -0.0599071 -0.0600374
0.489695 -0.0947551 -0.0600374
0.489696 -0.0997327 -0.0600374
0.489698 -0.114666 -0.0600374
0.489699 -0.124621 -0.0600374
0.410328 -0.0947655 0.0375253
0.4897 -0.129599 -0.0600374
0.405378 -0.169431 -0.0356468
0.4897 -0.134576 -0.0600374
0.489702 -0.144531 -0.0600374
0.534351 -0.184347 -0.0600374
0.53434 -0.104704 -0.0502812
0.504594 -0.229149 -0.00637793
0.415294 -0.134586 -0.0600374
0.489702 -0.149509 -0.0600374
0.49465 -0.0499557 0.00337835
0.489704 -0.159464 -0.0600374
0.534346 -0.149503 -0.0356468
0.435134 -0.11965 -0.0600374
0.489705 -0.16942 -0.0600374
0.405382 -0.199296 -0.0405249
0.51451 -0.189327 0.0375253
0.435134 -0.124628 -0.0600374
0.489706 -0.174397 -0.0600374
0.48971 -0.204263 -0.0600374
0.489711 -0.214218 -0.0600374
0.450009 -0.0748498 0.0375253
0.489712 -0.219196 -0.0600374
0.469869 -0.209243 0.0375253
0.504587 -0.174395 -0.0600374
0.509553 -0.214216 0.0375253
0.49465 -0.0549334 -0.0600374
0.53435 -0.179369 -0.0307686
0.514514 -0.219193 -0.0600374
0.494652 -0.0648886 -0.0600374
0.45995 -0.224177 0.0375253
0.494654 -0.0798215 -0.0600374
0.499634 -0.22915 -0.0600374
0.494654 -0.0847992 -0.0600374
0.454975 -0.11467 -0.0600374
0.494655 -0.0897768 -0.0600374
0.494656 -0.0947544 -0.0600374
0.494656 -0.0997321 -0.0600374
0.405385 -0.224185 0.027769
0.494657 -0.10471 -0.0600374
0.440109 -0.229158 0.027769
0.49466 -0.129598 -0.0600374
0.534357 -0.229145 -0.0210123
0.405362 -0.0499675 -0.0551593
0.494661 -0.134576 -0.0600374
0.494662 -0.139553 -0.0600374
0.494663 -0.149508 -0.0600374
0.464903 -0.169423 -0.0600374
0.519453 -0.0549301 0.0375253
0.47481 -0.0648913 0.0375253
0.494666 -0.174397 -0.0600374
0.494667 -0.184352 -0.0600374
0.499617 -0.104709 0.0375253
0.494669 -0.194307 -0.0600374
0.494669 -0.199285 -0.0600374
0.49467 -0.204262 -0.0600374
0.494672 -0.219195 -0.0600374
0.534356 -0.224168 -0.0161342
0.464911 -0.229154 0.0131346
0.49961 -0.0499551 -0.0600374
0.415306 -0.229161 -0.045403
0.499611 -0.0549327 -0.0600374
0.499612 -0.0599104 -0.0600374
0.499614 -0.0798209 -0.0600374
0.499615 -0.0897762 -0.0600374
0.494673 -0.229151 -0.0112561
0.430164 -0.0499642 0.0375253
0.499616 -0.0947538 -0.0600374
0.524425 -0.144527 0.0375253
0.440091 -0.0947616 0.0375253
0.405374 -0.139565 -0.00637793
0.499617 -0.0997314 -0.0600374
0.534355 -0.214212 -0.0258905
0.499618 -0.109687 -0.0600374
0.499621 -0.134575 -0.0600374
0.534342 -0.119637 -0.0600374
0.499623 -0.149508 -0.0600374
0.489713 -0.229151 0.0228909
0.499624 -0.154485 -0.0600374
0.49465 -0.0499557 -0.045403
0.499625 -0.159463 -0.0600374
0.499625 -0.164441 -0.0600374
0.499627 -0.174396 -0.0600374
0.49963 -0.199284 -0.0600374
0.405378 -0.174408 -0.00149979
0.534353 -0.199279 -0.0356468
0.50459 -0.194306 -0.0600374
0.499632 -0.219195 -0.0600374
0.50955 -0.194305 0.0375253
0.524422 -0.124616 -0.0600374
0.405374 -0.139565 0.00337835
0.504573 -0.0648873 -0.0600374
0.405375 -0.14952 -0.0258905
0.504575 -0.0798202 -0.0600374
0.534344 -0.129593 -0.0210123
0.514497 -0.0947518 -0.0600374
0.464887 -0.0499597 -0.0502812
0.504575 -0.0847979 -0.0600374
0.405378 -0.174408 0.0326472
0.519452 -0.0499525 -0.0405249
0.430164 -0.0499642 -0.0356468
0.464896 -0.114669 0.0375253
0.504576 -0.0897755 -0.0600374
0.45995 -0.229155 -0.0356468
0.440101 -0.169426 -0.0600374
0.504577 -0.0947531 -0.0600374
0.534351 -0.184347 0.0228909
0.474815 -0.104712 -0.0600374
0.504578 -0.104708 -0.0600374
0.50458 -0.119641 -0.0600374
0.504583 -0.144529 -0.0600374
0.474808 -0.0499584 -0.0551593
0.430167 -0.0698748 0.0375253
0.504584 -0.149507 -0.0600374
0.504584 -0.154485 -0.0600374
0.479791 -0.219197 -0.0600374
0.504586 -0.16444 -0.0600374
0.405369 -0.104721 0.00825648
0.499623 -0.14453 0.0375253
0.504588 -0.179373 -0.0600374
0.450006 -0.0499616 -0.0405249
0.504588 -0.184351 -0.0600374
0.47978 -0.134577 -0.0600374
0.504589 -0.189328 -0.0600374
0.504592 -0.209239 -0.0600374
0.504594 -0.229149 -0.0600374
0.534346 -0.149503 0.0228909
0.509531 -0.0499538 -0.0600374
0.509536 -0.0847972 -0.0600374
0.534338 -0.0897716 0.0375253
0.430174 -0.124629 0.0375253
0.469867 -0.19431 0.0375253
0.405371 -0.119654 -0.00637793
0.509538 -0.0997301 -0.0600374
0.415306 -0.229161 0.0180128
0.509539 -0.109685 -0.0600374
0.410322 -0.0499668 0.0228909
0.534337 -0.0748387 0.027769
0.405367 -0.0848109 -0.0405249
0.46491 -0.224177 -0.0600374
0.524418 -0.0947505 -0.0600374
0.440093 -0.109695 0.0375253
0.50954 -0.119641 -0.0600374
0.435125 -0.0549412 -0.0600374
0.509542 -0.134574 -0.0600374
0.509544 -0.149506 -0.0600374
0.53435 -0.179369 0.0326472
0.529396 -0.229146 -0.0405249
0.509545 -0.159462 -0.0600374
0.509546 -0.164439 -0.0600374
0.405373 -0.134587 0.0375253
0.509547 -0.169417 -0.0600374
0.529396 -0.229146 -0.045403
0.509547 -0.174395 -0.0600374
0.445064 -0.194314 0.0375253
0.529385 -0.139549 -0.0600374
0.405376 -0.154498 -0.00149979
0.509548 -0.179372 -0.0600374
0.509549 -0.189327 -0.0600374
0.479792 -0.229152 0.00825648
0.524416 -0.07484 -0.0600374
0.50955 -0.194305 -0.0600374
0.509552 -0.209238 -0.0600374
0.509553 -0.219193 -0.0600374
0.534353 -0.204257 -0.0307686
0.514493 -0.0599084 -0.0600374
0.440105 -0.20427 0.0375253
0.514494 -0.0698637 -0.0600374
0.459946 -0.194312 0.0375253
0.514495 -0.0748413 -0.0600374
0.514495 -0.0798189 -0.0600374
0.534357 -0.229145 -0.0551593
0.405362 -0.0499675 -0.0161342
0.514496 -0.0847966 -0.0600374
0.454981 -0.159469 -0.0600374
0.514497 -0.0897742 -0.0600374
0.534352 -0.194302 -0.0502812
0.494673 -0.229151 -0.00637793
0.514498 -0.0997295 -0.0600374
0.499628 -0.184351 -0.0600374
0.514499 -0.104707 -0.0600374
0.415283 -0.0499662 -0.0551593
0.5145 -0.114662 -0.0600374
0.514503 -0.134573 -0.0600374
0.420266 -0.224183 0.0375253
0.430171 -0.0997406 -0.0600374
0.514503 -0.139551 -0.0600374
0.405363 -0.0599228 -0.0551593
0.459939 -0.144535 -0.0600374
0.514505 -0.149506 -0.0600374
0.504571 -0.0499544 0.0131346
0.534334 -0.0549282 -0.0356468
0.514508 -0.174394 -0.0600374
0.534339 -0.0947492 0.0131346
0.514509 -0.184349 -0.0600374
0.53434 -0.0997268 -0.00149979
0.51451 -0.189327 -0.0600374
0.514511 -0.199282 -0.0600374
0.514512 -0.209237 -0.0600374
0.529391 -0.189325 0.0375253
0.514514 -0.22417 -0.0600374
0.494666 -0.174397 0.0375253
0.47481 -0.0648913 -0.0600374
0.519453 -0.0599077 -0.0600374
0.519455 -0.069863 -0.0600374
0.519455 -0.0748406 -0.0600374
0.519456 -0.0798183 -0.0600374
0.534346 -0.149503 -0.0502812
0.405377 -0.164453 0.00825648
0.519457 -0.0847959 -0.0600374
0.519458 -0.0947512 -0.0600374
0.499634 -0.22915 -0.00149979
0.51946 -0.114662 -0.0600374
0.519464 -0.144527 -0.0600374
0.445063 -0.184358 -0.0600374
0.519466 -0.154483 -0.0600374
0.405383 -0.209252 0.0228909
0.519467 -0.164438 -0.0600374
0.519468 -0.169416 -0.0600374
0.519468 -0.174393 -0.0600374
0.504575 -0.0847979 0.0375253
0.519469 -0.179371 -0.0600374
0.51947 -0.189326 -0.0600374
0.479775 -0.099734 0.0375253
0.519472 -0.199281 -0.0600374
0.519474 -0.219192 -0.0600374
0.405364 -0.0649004 0.0131346
0.534352 -0.189324 0.00337835
0.524412 -0.0499518 -0.0600374
0.534355 -0.214212 -0.00637793
0.430167 -0.0748524 -0.0600374
0.524415 -0.0698624 -0.0600374
0.405362 -0.0499675 -0.0502812
0.524416 -0.0798176 -0.0600374
0.524418 -0.0897729 -0.0600374
0.534334 -0.0549282 0.0228909
0.405373 -0.12961 0.00825648
0.52442 -0.109683 -0.0600374
0.534337 -0.0798163 0.0228909
0.524423 -0.134572 -0.0600374
0.524427 -0.15946 -0.0600374
0.524435 -0.224169 -0.0600374
0.529373 -0.0499512 -0.0600374
0.53435 -0.174391 -0.0161342
0.529375 -0.0648841 -0.0600374
0.529375 -0.0698617 -0.0600374
0.509535 -0.0798196 -0.0600374
0.529377 -0.079817 -0.0600374
0.529377 -0.0847946 -0.0600374
0.52938 -0.104705 -0.0600374
0.529381 -0.109683 -0.0600374
0.405371 -0.119654 -0.0551593
0.45993 -0.0748485 -0.0600374
0.529383 -0.124616 -0.0600374
0.489689 -0.0499564 0.0375253
0.529383 -0.129593 -0.0600374
0.534343 -0.124615 0.027769
0.405381 -0.194319 0.00337835
0.499634 -0.22915 -0.00637793
0.529384 -0.134571 -0.0600374
0.489689 -0.0499564 0.00825648
0.504586 -0.16444 0.0375253
0.529389 -0.174392 -0.0600374
0.529392 -0.194303 -0.0600374
0.405378 -0.169431 -0.0551593
0.42522 -0.174406 0.0375253
0.529393 -0.204258 -0.0600374
0.534335 -0.0599058 -0.0600374
0.469871 -0.229154 0.0375253
0.534335 -0.0648834 -0.0600374
0.534341 -0.109682 -0.0600374
0.494658 -0.114665 0.0375253
0.405384 -0.219207 0.00825648
0.45499 -0.229156 -0.0112561
0.534345 -0.139548 -0.0600374
0.53435 -0.174391 -0.0600374
0.534352 -0.189324 -0.0600374
0.534353 -0.199279 -0.0600374
0.450026 -0.199291 -0.0600374
0.534353 -0.204257 -0.0600374
0.440109 -0.229158 0.00337835
0.405362 -0.0499675 0.0326472
0.405363 -0.0549451 0.0326472
0.45001 -0.084805 0.0375253
0.405364 -0.0649004 0.0326472
0.484737 -0.114666 -0.0600374
0.405365 -0.069878 0.0326472
0.405365 -0.0748557 0.0326472
0.405367 -0.0897886 0.0326472
0.45497 -0.0748491 -0.0600374
0.405369 -0.104721 0.0326472
0.40537 -0.109699 0.0326472
0.534336 -0.0698611 -0.0405249
0.405371 -0.114677 0.0326472
0.430178 -0.154495 -0.0600374
0.405372 -0.124632 0.0326472
0.504571 -0.0499544 -0.00149979
0.534334 -0.0549282 -0.00149979
0.405373 -0.12961 0.0326472
0.425204 -0.0499649 0.00825648
0.405374 -0.144543 0.0326472
0.405375 -0.14952 0.0326472
0.425219 -0.16445 -0.0600374
0.405377 -0.164453 0.0326472
0.534347 -0.154481 0.00825648
0.405378 -0.169431 0.0326472
0.430181 -0.174405 -0.0600374
0.40538 -0.184364 0.0326472
0.534351 -0.184347 -0.0405249
0.405382 -0.199296 0.0326472
0.430184 -0.199293 0.0375253
0.49466 -0.12462 0.0375253
0.405382 -0.204274 0.0326472
0.405383 -0.209252 0.0326472
0.494656 -0.0997321 0.0375253
0.405386 -0.229162 0.0326472
0.499615 -0.0897762 0.0375253
0.405363 -0.0549451 0.027769
0.405363 -0.0599228 0.027769
0.420267 -0.22916 -0.0161342
0.405364 -0.0649004 0.027769
0.469848 -0.049959 0.0131346
0.405365 -0.069878 0.027769
0.454968 -0.0648939 0.0375253
0.405368 -0.0947662 0.027769
0.405375 -0.14952 0.027769
0.504588 -0.184351 0.0375253
0.405376 -0.154498 0.027769
0.40538 -0.189341 0.027769
0.405381 -0.194319 0.027769
0.534351 -0.184347 -0.0210123
0.435148 -0.224181 -0.0600374
0.405382 -0.199296 0.027769
0.405382 -0.204274 0.027769
0.405384 -0.219207 0.027769
0.405363 -0.0549451 0.0228909
0.405365 -0.069878 0.0228909
0.405366 -0.0798333 0.0228909
0.534337 -0.0748387 -0.0356468
0.469867 -0.19431 -0.0600374
0.405367 -0.0848109 0.0228909
0.405367 -0.0897886 0.0228909
0.405368 -0.0947662 0.0228909
0.40537 -0.109699 0.0228909
0.534336 -0.0698611 -0.00637793
0.514508 -0.179372 -0.0600374
0.405371 -0.114677 0.0228909
0.405371 -0.119654 0.0228909
0.405373 -0.134587 0.0228909
0.450016 -0.129604 0.0375253
0.405374 -0.139565 0.0228909
0.405375 -0.14952 0.0228909
0.405376 -0.159475 0.0228909
0.534347 -0.154481 0.0180128
0.405378 -0.169431 0.0228909
0.40538 -0.189341 0.0228909
0.405381 -0.194319 0.0228909
0.534351 -0.184347 0.0180128
0.529396 -0.229146 0.0228909
0.405382 -0.199296 0.0228909
0.479778 -0.119645 -0.0600374
0.405382 -0.204274 0.0228909
0.405384 -0.214229 0.0228909
0.405385 -0.224185 0.0228909
0.479788 -0.199287 -0.0600374
0.405362 -0.0499675 0.0180128
0.494664 -0.159464 0.0375253
0.489712 -0.224174 0.0375253
0.50458 -0.124619 -0.0600374
0.405363 -0.0549451 0.0180128
0.405363 -0.0599228 0.0180128
0.420267 -0.22916 -0.0307686
0.405364 -0.0649004 0.0180128
0.405365 -0.0748557 0.0180128
0.410322 -0.0499668 0.00825648
0.405367 -0.0848109 0.0180128
0.405369 -0.0997438 0.0180128
0.405369 -0.104721 0.0180128
0.489704 -0.159464 0.0375253
0.415286 -0.0748544 0.0375253
0.405371 -0.119654 0.0180128
0.405372 -0.124632 0.0180128
0.469861 -0.154489 -0.0600374
0.445068 -0.219202 0.0375253
0.405373 -0.12961 0.0180128
0.405375 -0.14952 0.0180128
0.405363 -0.0549451 0.0131346
0.405376 -0.154498 0.0180128
0.509531 -0.0499538 -0.00149979
0.534346 -0.149503 -0.0600374
0.440099 -0.159471 -0.0600374
0.405377 -0.164453 0.0180128
0.534347 -0.154481 -0.0600374
0.405378 -0.169431 0.0180128
0.405378 -0.174408 0.0180128
0.40538 -0.184364 0.0180128
0.40538 -0.189341 0.0180128
0.53435 -0.179369 0.0228909
0.504577 -0.0997308 -0.0600374
0.405381 -0.194319 0.0180128
0.420259 -0.169429 0.0375253
0.519466 -0.15946 -0.0600374
0.405382 -0.204274 0.0180128
0.405384 -0.214229 0.0180128
0.469857 -0.119646 0.0375253
0.405363 -0.0599228 0.0131346
0.405365 -0.069878 0.0131346
0.405367 -0.0897886 0.0131346
0.405368 -0.0947662 0.0131346
0.405369 -0.104721 0.0131346
0.405373 -0.134587 0.0131346
0.405374 -0.139565 0.0131346
0.405376 -0.159475 0.0131346
0.534348 -0.159458 -0.0551593
0.405378 -0.174408 0.0131346
0.405379 -0.179386 0.0131346
0.519457 -0.0847959 0.0375253
0.40538 -0.184364 0.0131346
0.420252 -0.114675 -0.0600374
0.405382 -0.204274 0.0131346
0.405383 -0.209252 0.0131346
0.405384 -0.214229 0.0131346
0.524436 -0.229147 -0.0551593
0.405385 -0.224185 0.0131346
0.405386 -0.229162 0.0131346
0.534333 -0.0499505 -0.0600374
0.464902 -0.164445 0.0375253
0.405363 -0.0599228 0.00825648
0.405364 -0.0649004 0.00825648
0.529386 -0.149504 0.0375253
0.405367 -0.0897886 0.00825648
0.405371 -0.119654 0.00825648
0.405374 -0.139565 0.00825648
0.405374 -0.144543 0.00825648
0.4401 -0.164448 -0.0600374
0.469859 -0.134579 -0.0600374
0.474824 -0.169422 -0.0600374
0.405379 -0.179386 0.00825648
0.534351 -0.184347 -0.0161342
0.405382 -0.199296 0.00825648
0.405384 -0.214229 0.00825648
0.420267 -0.22916 -0.0405249
0.499622 -0.139552 0.0375253
0.405364 -0.0649004 0.00337835
0.405367 -0.0897886 0.00337835
0.405378 -0.169431 -0.0112561
0.405369 -0.0997438 0.00337835
0.479791 -0.224175 -0.0600374
0.405369 -0.104721 0.00337835
0.40537 -0.109699 0.00337835
0.405371 -0.119654 0.00337835
0.405372 -0.124632 0.00337835
0.504573 -0.069865 -0.0600374
0.405373 -0.134587 0.00337835
0.405374 -0.144543 0.00337835
0.405375 -0.14952 0.00337835
0.405376 -0.154498 0.00337835
0.534348 -0.164436 -0.0307686
0.405376 -0.159475 0.00337835
0.534348 -0.159458 -0.0405249
0.405378 -0.169431 0.00337835
0.529394 -0.209235 0.0375253
0.405379 -0.179386 0.00337835
0.405368 -0.0947662 -0.0112561
0.40538 -0.184364 0.00337835
0.40538 -0.189341 0.00337835
0.534351 -0.184347 0.00337835
0.405382 -0.199296 0.00337835
0.524435 -0.219191 -0.0600374
0.405384 -0.219207 0.00337835
0.440109 -0.229158 -0.0112561
0.420264 -0.20925 -0.0600374
0.405362 -0.0499675 -0.00149979
0.405363 -0.0549451 -0.00149979
0.440085 -0.0499629 -0.00149979
0.405363 -0.0599228 -0.00149979
0.459946 -0.199289 -0.0600374
0.405365 -0.0748557 -0.00149979
0.405366 -0.0798333 -0.00149979
0.410322 -0.0499668 -0.0210123
0.489703 -0.154487 -0.0600374
0.405367 -0.0848109 -0.00149979
0.405368 -0.0947662 -0.00149979
0.405369 -0.104721 -0.00149979
0.435125 -0.0499636 -0.0405249
0.49465 -0.0499557 0.0326472
0.405371 -0.114677 -0.00149979
0.405371 -0.119654 -0.00149979
0.405372 -0.124632 -0.00149979
0.405374 -0.144543 -0.00149979
0.405375 -0.14952 -0.00149979
0.534348 -0.164436 -0.0258905
0.405376 -0.159475 -0.00149979
0.534348 -0.159458 -0.0600374
0.405378 -0.169431 -0.00149979
0.40538 -0.184364 -0.00149979
0.40538 -0.189341 -0.00149979
0.435148 -0.229158 -0.045403
0.405382 -0.199296 -0.00149979
0.405382 -0.204274 -0.00149979
0.405384 -0.219207 -0.00149979
0.474819 -0.134578 0.0375253
0.405385 -0.224185 -0.00149979
0.420255 -0.139563 -0.0600374
0.405386 -0.229162 -0.00149979
0.479792 -0.229152 -0.0502812
0.405365 -0.0748557 -0.00637793
0.410322 -0.0499668 -0.0161342
0.405367 -0.0848109 -0.00637793
0.405368 -0.0947662 -0.00637793
0.405369 -0.104721 -0.00637793
0.504571 -0.0499544 -0.0502812
0.534334 -0.0549282 0.00337835
0.405373 -0.12961 -0.00637793
0.405373 -0.134587 -0.00637793
0.489698 -0.119643 -0.0600374
0.405374 -0.144543 -0.00637793
0.509549 -0.189327 0.0375253
0.405375 -0.14952 -0.00637793
0.405363 -0.0549451 -0.0112561
0.450007 -0.0549393 0.0375253
0.459931 -0.0848037 0.0375253
0.509549 -0.18435 -0.0600374
0.405376 -0.154498 -0.00637793
0.405377 -0.164453 -0.00637793
0.534348 -0.159458 -0.0307686
0.405378 -0.169431 -0.00637793
0.405378 -0.174408 -0.00637793
0.40538 -0.184364 -0.00637793
0.534344 -0.13457 -0.0551593
0.435148 -0.229158 -0.0405249
0.405382 -0.199296 -0.00637793
0.405382 -0.204274 -0.00637793
0.405384 -0.219207 -0.00637793
0.425227 -0.22916 -0.0210123
0.405385 -0.224185 -0.00637793
0.534357 -0.229145 -0.0502812
0.405362 -0.0499675 -0.0112561
0.440085 -0.0499629 0.0131346
0.405363 -0.0599228 -0.0112561
0.405367 -0.0848109 -0.0112561
0.405367 -0.0897886 -0.0112561
0.534338 -0.0897716 0.00825648
0.405371 -0.119654 -0.0112561
0.405372 -0.124632 -0.0112561
0.410346 -0.229162 -0.0405249
0.51946 -0.114662 0.0375253
0.459941 -0.159468 -0.0600374
0.405373 -0.12961 -0.0112561
0.405374 -0.139565 -0.0112561
0.440096 -0.134583 -0.0600374
0.405374 -0.144543 -0.0112561
0.405376 -0.154498 -0.0112561
0.534348 -0.164436 -0.0405249
0.405376 -0.159475 -0.0112561
0.445048 -0.0698728 -0.0600374
0.405378 -0.174408 -0.0112561
