ply
format ascii 1.0
comment Created by Open3D
element vertex 24099
property double x
property double y
property double z
end_header
0.615444 0.0551844 0.0853022
0.62041 0.0551848 0.0853022
0.625376 0.0551852 0.0853022
0.635309 0.055186 0.0853022
0.650207 0.0551872 0.0853022
0.655173 0.0551876 0.0853022
0.689936 0.0551903 0.0853022
0.694902 0.0551907 0.0853022
0.699868 0.0551911 0.0853022
0.704834 0.0551915 0.0853022
0.7098 0.0551919 0.0853022
0.734631 0.0551939 0.0853022
0.744563 0.0551947 0.0853022
0.74953 0.0551951 0.0853022
0.754496 0.0551955 0.0853022
0.759462 0.0551959 0.0853022
0.615444 0.0551844 0.0901976
0.62041 0.0551848 0.0901976
0.635309 0.055186 0.0901976
0.645241 0.0551868 0.0901976
0.660139 0.055188 0.0901976
0.670071 0.0551888 0.0901976
0.675038 0.0551892 0.0901976
0.689936 0.0551903 0.0901976
0.694902 0.0551907 0.0901976
0.7098 0.0551919 0.0901976
0.714767 0.0551923 0.0901976
0.729665 0.0551935 0.0901976
0.734631 0.0551939 0.0901976
0.744563 0.0551947 0.0901976
0.754496 0.0551955 0.0901976
0.759462 0.0551959 0.0901976
0.764428 0.0551963 0.0901976
0.62041 0.0551848 0.0950929
0.625376 0.0551852 0.0950929
0.630342 0.0551856 0.0950929
0.635309 0.055186 0.0950929
0.650207 0.0551872 0.0950929
0.655173 0.0551876 0.0950929
0.670071 0.0551888 0.0950929
0.680004 0.0551895 0.0950929
0.7098 0.0551919 0.0950929
0.714767 0.0551923 0.0950929
0.719733 0.0551927 0.0950929
0.729665 0.0551935 0.0950929
0.734631 0.0551939 0.0950929
0.744563 0.0551947 0.0950929
0.74953 0.0551951 0.0950929
0.759462 0.0551959 0.0950929
0.615444 0.0551844 0.0999883
0.62041 0.0551848 0.0999883
0.625376 0.0551852 0.0999883
0.635309 0.055186 0.0999883
0.650207 0.0551872 0.0999883
0.655173 0.0551876 0.0999883
0.665105 0.0551884 0.0999883
0.680004 0.0551895 0.0999883
0.694902 0.0551907 0.0999883
0.699868 0.0551911 0.0999883
0.729665 0.0551935 0.0999883
0.734631 0.0551939 0.0999883
0.744563 0.0551947 0.0999883
0.74953 0.0551951 0.0999883
0.759462 0.0551959 0.0999883
0.62041 0.0551848 0.104884
0.625376 0.0551852 0.104884
0.630342 0.0551856 0.104884
0.650207 0.0551872 0.104884
0.655173 0.0551876 0.104884
0.660139 0.055188 0.104884
0.694902 0.0551907 0.104884
0.699868 0.0551911 0.104884
0.714767 0.0551923 0.104884
0.724699 0.0551931 0.104884
0.729665 0.0551935 0.104884
0.744563 0.0551947 0.104884
0.754496 0.0551955 0.104884
0.759462 0.0551959 0.104884
0.615444 0.0551844 0.109779
0.62041 0.0551848 0.109779
0.625376 0.0551852 0.109779
0.635309 0.055186 0.109779
0.640275 0.0551864 0.109779
0.645241 0.0551868 0.109779
0.665105 0.0551884 0.109779
0.670071 0.0551888 0.109779
0.675038 0.0551892 0.109779
0.680004 0.0551895 0.109779
0.68497 0.0551899 0.109779
0.694902 0.0551907 0.109779
0.699868 0.0551911 0.109779
0.724699 0.0551931 0.109779
0.729665 0.0551935 0.109779
0.744563 0.0551947 0.109779
0.74953 0.0551951 0.109779
0.754496 0.0551955 0.109779
0.764428 0.0551963 0.109779
0.62041 0.0551848 0.114674
0.704834 0.0551915 0.0901976
0.625376 0.0551852 0.114674
0.635309 0.055186 0.114674
0.645241 0.0551868 0.114674
0.670071 0.0551888 0.114674
0.675038 0.0551892 0.114674
0.68497 0.0551899 0.114674
0.704834 0.0551915 0.114674
0.7098 0.0551919 0.114674
0.724699 0.0551931 0.114674
0.729665 0.0551935 0.114674
0.744563 0.0551947 0.114674
0.754496 0.0551955 0.114674
0.759462 0.0551959 0.114674
0.615444 0.0551844 0.11957
0.62041 0.0551848 0.11957
0.625376 0.0551852 0.11957
0.640275 0.0551864 0.11957
0.645241 0.0551868 0.11957
0.665105 0.0551884 0.11957
0.670071 0.0551888 0.11957
0.675038 0.0551892 0.11957
0.68497 0.0551899 0.11957
0.694902 0.0551907 0.11957
0.7098 0.0551919 0.11957
0.714767 0.0551923 0.11957
0.724699 0.0551931 0.11957
0.729665 0.0551935 0.11957
0.744563 0.0551947 0.11957
0.754496 0.0551955 0.11957
0.764428 0.0551963 0.11957
0.615444 0.0551844 0.124465
0.62041 0.0551848 0.124465
0.625376 0.0551852 0.124465
0.630342 0.0551856 0.124465
0.635309 0.055186 0.124465
0.640275 0.0551864 0.124465
0.645241 0.0551868 0.124465
0.655173 0.0551876 0.124465
0.660139 0.055188 0.124465
0.675038 0.0551892 0.124465
0.68497 0.0551899 0.124465
0.699868 0.0551911 0.124465
0.704834 0.0551915 0.124465
0.744563 0.0551947 0.124465
0.74953 0.0551951 0.124465
0.759462 0.0551959 0.124465
0.764428 0.0551963 0.124465
0.615444 0.0551844 0.12936
0.62041 0.0551848 0.12936
0.625376 0.0551852 0.12936
0.630342 0.0551856 0.12936
0.635309 0.055186 0.12936
0.640275 0.0551864 0.12936
0.645241 0.0551868 0.12936
0.665105 0.0551884 0.12936
0.670071 0.0551888 0.12936
0.675038 0.0551892 0.12936
0.694902 0.0551907 0.12936
0.704834 0.0551915 0.12936
0.7098 0.0551919 0.12936
0.719733 0.0551927 0.12936
0.724699 0.0551931 0.12936
0.729665 0.0551935 0.12936
0.744563 0.0551947 0.12936
0.74953 0.0551951 0.12936
0.689936 0.0551903 0.114674
0.754496 0.0551955 0.12936
0.759462 0.0551959 0.12936
0.764428 0.0551963 0.12936
0.615444 0.0551844 0.134256
0.62041 0.0551848 0.134256
0.625376 0.0551852 0.134256
0.635309 0.055186 0.134256
0.640275 0.0551864 0.134256
0.650207 0.0551872 0.134256
0.655173 0.0551876 0.134256
0.675038 0.0551892 0.134256
0.680004 0.0551895 0.134256
0.689936 0.0551903 0.134256
0.699868 0.0551911 0.134256
0.739597 0.0551943 0.134256
0.744563 0.0551947 0.134256
0.754496 0.0551955 0.134256
0.759462 0.0551959 0.134256
0.764428 0.0551963 0.134256
0.615444 0.0551844 0.139151
0.62041 0.0551848 0.139151
0.625376 0.0551852 0.139151
0.640275 0.0551864 0.139151
0.655173 0.0551876 0.139151
0.675038 0.0551892 0.139151
0.68497 0.0551899 0.139151
0.689936 0.0551903 0.139151
0.699868 0.0551911 0.139151
0.714767 0.0551923 0.139151
0.719733 0.0551927 0.139151
0.734631 0.0551939 0.139151
0.739597 0.0551943 0.139151
0.74953 0.0551951 0.139151
0.754496 0.0551955 0.139151
0.764428 0.0551963 0.139151
0.615444 0.0551844 0.144046
0.62041 0.0551848 0.144046
0.625376 0.0551852 0.144046
0.635309 0.055186 0.144046
0.645241 0.0551868 0.144046
0.655173 0.0551876 0.144046
0.665105 0.0551884 0.144046
0.670071 0.0551888 0.144046
0.675038 0.0551892 0.144046
0.68497 0.0551899 0.144046
0.699868 0.0551911 0.144046
0.704834 0.0551915 0.144046
0.714767 0.0551923 0.144046
0.719733 0.0551927 0.144046
0.744563 0.0551947 0.144046
0.754496 0.0551955 0.144046
0.759462 0.0551959 0.144046
0.764428 0.0551963 0.144046
0.615444 0.0551844 0.148942
0.704834 0.0551915 0.0999883
0.625376 0.0551852 0.148942
0.635309 0.055186 0.148942
0.640275 0.0551864 0.148942
0.655173 0.0551876 0.148942
0.660139 0.055188 0.148942
0.665105 0.0551884 0.148942
0.670071 0.0551888 0.148942
0.675038 0.0551892 0.148942
0.68497 0.0551899 0.148942
0.714767 0.0551923 0.148942
0.739597 0.0551943 0.148942
0.744563 0.0551947 0.148942
0.754496 0.0551955 0.148942
0.764428 0.0551963 0.148942
0.615444 0.0551844 0.153837
0.62041 0.0551848 0.153837
0.625376 0.0551852 0.153837
0.635309 0.055186 0.153837
0.655173 0.0551876 0.153837
0.665105 0.0551884 0.153837
0.670071 0.0551888 0.153837
0.680004 0.0551895 0.153837
0.689936 0.0551903 0.153837
0.694902 0.0551907 0.153837
0.699868 0.0551911 0.153837
0.729665 0.0551935 0.153837
0.739597 0.0551943 0.153837
0.754496 0.0551955 0.153837
0.759462 0.0551959 0.153837
0.764428 0.0551963 0.153837
0.615444 0.0551844 0.158732
0.704834 0.0551915 0.139151
0.625376 0.0551852 0.158732
0.635309 0.055186 0.158732
0.640275 0.0551864 0.158732
0.645241 0.0551868 0.158732
0.650207 0.0551872 0.158732
0.655173 0.0551876 0.158732
0.665105 0.0551884 0.158732
0.670071 0.0551888 0.158732
0.680004 0.0551895 0.158732
0.68497 0.0551899 0.158732
0.694902 0.0551907 0.158732
0.699868 0.0551911 0.158732
0.704834 0.0551915 0.158732
0.719733 0.0551927 0.158732
0.729665 0.0551935 0.158732
0.734631 0.0551939 0.158732
0.739597 0.0551943 0.158732
0.689936 0.0551903 0.0950929
0.754496 0.0551955 0.158732
0.759462 0.0551959 0.158732
0.764428 0.0551963 0.158732
0.615444 0.0551844 0.163628
0.640275 0.0551864 0.163628
0.645241 0.0551868 0.163628
0.655173 0.0551876 0.163628
0.660139 0.055188 0.163628
0.675038 0.0551892 0.163628
0.68497 0.0551899 0.163628
0.704834 0.0551915 0.163628
0.729665 0.0551935 0.163628
0.739597 0.0551943 0.163628
0.74953 0.0551951 0.163628
0.689936 0.0551903 0.0999883
0.754496 0.0551955 0.163628
0.759462 0.0551959 0.163628
0.764428 0.0551963 0.163628
0.615444 0.0551844 0.168523
0.62041 0.0551848 0.168523
0.625376 0.0551852 0.168523
0.645241 0.0551868 0.168523
0.655173 0.0551876 0.168523
0.660139 0.055188 0.168523
0.665105 0.0551884 0.168523
0.670071 0.0551888 0.168523
0.675038 0.0551892 0.168523
0.714767 0.0551923 0.168523
0.719733 0.0551927 0.168523
0.729665 0.0551935 0.168523
0.739597 0.0551943 0.168523
0.744563 0.0551947 0.168523
0.689936 0.0551903 0.163628
0.754496 0.0551955 0.168523
0.615444 0.0551844 0.173418
0.62041 0.0551848 0.173418
0.625376 0.0551852 0.173418
0.635309 0.055186 0.173418
0.640275 0.0551864 0.173418
0.655173 0.0551876 0.173418
0.675038 0.0551892 0.173418
0.694902 0.0551907 0.173418
0.7098 0.0551919 0.173418
0.729665 0.0551935 0.173418
0.739597 0.0551943 0.173418
0.744563 0.0551947 0.173418
0.754496 0.0551955 0.173418
0.62041 0.0551848 0.178314
0.635309 0.055186 0.178314
0.640275 0.0551864 0.178314
0.645241 0.0551868 0.178314
0.650207 0.0551872 0.178314
0.660139 0.055188 0.178314
0.68497 0.0551899 0.178314
0.699868 0.0551911 0.178314
0.704834 0.0551915 0.178314
0.709801 0.0551919 0.178314
0.729665 0.0551935 0.178314
0.739597 0.0551943 0.178314
0.744563 0.0551947 0.178314
0.689936 0.0551903 0.12936
0.754496 0.0551955 0.178314
0.615444 0.0551844 0.183209
0.62041 0.0551848 0.183209
0.635309 0.055186 0.183209
0.645241 0.0551868 0.183209
0.655173 0.0551876 0.183209
0.660139 0.055188 0.183209
0.665105 0.0551884 0.183209
0.670071 0.0551888 0.183209
0.675038 0.0551892 0.183209
0.680004 0.0551895 0.183209
0.689936 0.0551903 0.183209
0.704834 0.0551915 0.183209
0.7098 0.0551919 0.183209
0.719733 0.0551927 0.183209
0.724699 0.0551931 0.183209
0.729665 0.0551935 0.183209
0.739597 0.0551943 0.183209
0.744563 0.0551947 0.183209
0.689936 0.0551903 0.11957
0.754496 0.0551955 0.183209
0.759462 0.0551959 0.183209
0.704834 0.0551915 0.109779
0.625376 0.0551852 0.188104
0.635309 0.055186 0.188104
0.655173 0.0551876 0.188104
0.665105 0.0551884 0.188104
0.675038 0.0551892 0.188104
0.68497 0.0551899 0.188104
0.699868 0.0551911 0.188104
0.704834 0.0551915 0.188104
0.7098 0.0551919 0.188104
0.729665 0.0551935 0.188104
0.734631 0.0551939 0.188104
0.739597 0.0551943 0.188104
0.744563 0.0551947 0.188104
0.74953 0.0551951 0.188104
0.759462 0.0551959 0.188104
0.764428 0.0551963 0.188104
0.615444 0.0551844 0.193
0.704834 0.0551915 0.153837
0.625376 0.0551852 0.193
0.635309 0.055186 0.193
0.650207 0.0551872 0.193
0.655173 0.0551876 0.193
0.660139 0.055188 0.193
0.680004 0.0551895 0.193
0.689936 0.0551903 0.193
0.694902 0.0551907 0.193
0.699868 0.0551911 0.193
0.704834 0.0551915 0.193
0.709801 0.0551919 0.193
0.714767 0.0551923 0.193
0.719733 0.0551927 0.193
0.739597 0.0551943 0.193
0.744563 0.0551947 0.193
0.754496 0.0551955 0.193
0.764428 0.0551963 0.193
0.754496 0.0551955 0.0950929
0.689936 0.0551903 0.188104
0.769394 0.0551967 0.0853022
0.769395 0.0503031 0.0853022
0.769395 0.0454094 0.0853022
0.645241 0.0551868 0.173418
0.769395 0.0405158 0.0853022
0.769396 0.0356222 0.0853022
0.769396 0.0307286 0.0853022
0.769398 0.00626046 0.0853022
0.769398 0.00136683 0.0853022
0.660139 0.055188 0.188104
0.7694 -0.0182077 0.0853022
0.769401 -0.0279949 0.0853022
0.769403 -0.052463 0.0853022
0.769403 -0.0573566 0.0853022
0.769403 -0.0622502 0.0853022
0.769404 -0.0671439 0.0853022
0.769404 -0.0720375 0.0853022
0.769405 -0.0769311 0.0853022
0.769405 -0.0818247 0.0853022
0.769406 -0.091612 0.0853022
0.769406 -0.0965056 0.0853022
0.769407 -0.101399 0.0853022
0.714767 0.0551923 0.109779
0.769407 -0.106293 0.0853022
0.769407 -0.111186 0.0853022
0.769408 -0.11608 0.0853022
0.769408 -0.120974 0.0853022
0.769409 -0.125867 0.0853022
0.769409 -0.130761 0.0853022
0.76941 -0.145442 0.0853022
0.76941 -0.150335 0.0853022
0.729665 0.0551935 0.134256
0.769411 -0.155229 0.0853022
0.769411 -0.160123 0.0853022
0.769412 -0.165016 0.0853022
0.769412 -0.16991 0.0853022
0.769395 0.0503031 0.0901976
0.734631 0.0551939 0.148942
0.769395 0.0454094 0.0901976
0.769396 0.0356222 0.0901976
0.769396 0.0307286 0.0901976
0.769396 0.0258349 0.0901976
0.769397 0.0209413 0.0901976
0.769398 0.00626046 0.0901976
0.769398 0.00136683 0.0901976
0.769399 -0.00352679 0.0901976
0.769399 -0.00842041 0.0901976
0.640275 0.0551864 0.188104
0.7694 -0.0231013 0.0901976
0.769401 -0.0328885 0.0901976
0.724699 0.0551931 0.0950929
0.769401 -0.0377821 0.0901976
0.769402 -0.0426758 0.0901976
0.769403 -0.052463 0.0901976
0.769404 -0.0720375 0.0901976
0.769405 -0.0818247 0.0901976
0.769405 -0.0867184 0.0901976
0.769406 -0.091612 0.0901976
0.769406 -0.0965056 0.0901976
0.714767 0.0551923 0.0999883
0.769407 -0.106293 0.0901976
0.769407 -0.111186 0.0901976
0.769408 -0.120974 0.0901976
0.769409 -0.130761 0.0901976
0.769409 -0.135655 0.0901976
0.76941 -0.145442 0.0901976
0.76941 -0.150335 0.0901976
0.769411 -0.160123 0.0901976
0.769412 -0.165016 0.0901976
0.719733 0.0551927 0.173418
0.769412 -0.16991 0.0901976
0.689936 0.0551903 0.173418
0.769394 0.0551967 0.0950929
0.734631 0.0551939 0.144046
0.769395 0.0454094 0.0950929
0.769395 0.0405158 0.0950929
0.769396 0.0356222 0.0950929
0.769396 0.0258349 0.0950929
0.769397 0.0209413 0.0950929
0.769397 0.0160477 0.0950929
0.769398 0.00626046 0.0950929
0.769399 -0.00352679 0.0950929
0.7694 -0.013314 0.0950929
0.7694 -0.0182077 0.0950929
0.7694 -0.0231013 0.0950929
0.724699 0.0551931 0.168523
0.769401 -0.0279949 0.0950929
0.769401 -0.0328885 0.0950929
0.769401 -0.0377821 0.0950929
0.769402 -0.0426758 0.0950929
0.769403 -0.0622502 0.0950929
0.769404 -0.0671439 0.0950929
0.769404 -0.0720375 0.0950929
0.769405 -0.0818247 0.0950929
0.769406 -0.0965056 0.0950929
0.769407 -0.106293 0.0950929
0.769407 -0.111186 0.0950929
0.769408 -0.120974 0.0950929
0.769409 -0.125867 0.0950929
0.769409 -0.130761 0.0950929
0.76941 -0.145442 0.0950929
0.769411 -0.160123 0.0950929
0.769412 -0.165016 0.0950929
0.719733 0.0551927 0.178314
0.769412 -0.16991 0.0950929
0.689936 0.0551903 0.168523
0.769394 0.0551967 0.0999883
0.769396 0.0307286 0.0999883
0.769396 0.0258349 0.0999883
0.769397 0.0209413 0.0999883
0.769397 0.0160477 0.0999883
0.769398 0.00626046 0.0999883
0.769398 0.00136683 0.0999883
0.769399 -0.00352679 0.0999883
0.769399 -0.00842041 0.0999883
0.7694 -0.013314 0.0999883
0.724699 0.0551931 0.148942
0.769401 -0.0279949 0.0999883
0.769401 -0.0328885 0.0999883
0.769401 -0.0377821 0.0999883
0.769402 -0.0426758 0.0999883
0.769403 -0.052463 0.0999883
0.769403 -0.0573566 0.0999883
0.769403 -0.0622502 0.0999883
0.769404 -0.0671439 0.0999883
0.769404 -0.0720375 0.0999883
0.769405 -0.0818247 0.0999883
0.769406 -0.091612 0.0999883
0.769407 -0.106293 0.0999883
0.769407 -0.111186 0.0999883
0.769408 -0.11608 0.0999883
0.769408 -0.120974 0.0999883
0.769409 -0.130761 0.0999883
0.76941 -0.145442 0.0999883
0.76941 -0.150335 0.0999883
0.729665 0.0551935 0.148942
0.769411 -0.155229 0.0999883
0.769411 -0.160123 0.0999883
0.769412 -0.165016 0.0999883
0.769412 -0.16991 0.0999883
0.769394 0.0551967 0.104884
0.769395 0.0503031 0.104884
0.734631 0.0551939 0.134256
0.769395 0.0454094 0.104884
0.769395 0.0405158 0.104884
0.769396 0.0356222 0.104884
0.769396 0.0258349 0.104884
0.769397 0.0209413 0.104884
0.769397 0.0160477 0.104884
0.769398 0.00626046 0.104884
0.769398 0.00136683 0.104884
0.769399 -0.00352679 0.104884
0.7694 -0.013314 0.104884
0.7694 -0.0231013 0.104884
0.724699 0.0551931 0.158732
0.769401 -0.0279949 0.104884
0.769401 -0.0328885 0.104884
0.769401 -0.0377821 0.104884
0.769402 -0.0426758 0.104884
0.769402 -0.0475694 0.104884
0.769403 -0.0573566 0.104884
0.769403 -0.0622502 0.104884
0.769404 -0.0720375 0.104884
0.769405 -0.0867184 0.104884
0.769406 -0.0965056 0.104884
0.769407 -0.101399 0.104884
0.714767 0.0551923 0.153837
0.769407 -0.106293 0.104884
0.769408 -0.11608 0.104884
0.769408 -0.120974 0.104884
0.769409 -0.125867 0.104884
0.769409 -0.130761 0.104884
0.769409 -0.135655 0.104884
0.76941 -0.145442 0.104884
0.76941 -0.150335 0.104884
0.729665 0.0551935 0.139151
0.769411 -0.155229 0.104884
0.769411 -0.160123 0.104884
0.769412 -0.165016 0.104884
0.719733 0.0551927 0.188104
0.769412 -0.16991 0.104884
0.769394 0.0551967 0.109779
0.769395 0.0503031 0.109779
0.734631 0.0551939 0.12936
0.769395 0.0454094 0.109779
0.645241 0.0551868 0.0999883
0.769395 0.0405158 0.109779
0.769396 0.0356222 0.109779
0.769396 0.0307286 0.109779
0.769396 0.0258349 0.109779
0.769397 0.0209413 0.109779
0.769397 0.0160477 0.109779
0.769398 0.00626046 0.109779
0.769398 0.00136683 0.109779
0.769399 -0.00352679 0.109779
0.7694 -0.0182077 0.109779
0.7694 -0.0231013 0.109779
0.724699 0.0551931 0.163628
0.769401 -0.0279949 0.109779
0.769401 -0.0328885 0.109779
0.769401 -0.0377821 0.109779
0.769403 -0.052463 0.109779
0.769403 -0.0573566 0.109779
0.769404 -0.0720375 0.109779
0.769405 -0.0769311 0.109779
0.769405 -0.0867184 0.109779
0.769406 -0.091612 0.109779
0.769407 -0.101399 0.109779
0.714767 0.0551923 0.134256
0.769407 -0.106293 0.109779
0.769407 -0.111186 0.109779
0.769409 -0.125867 0.109779
0.76941 -0.150335 0.109779
0.769411 -0.155229 0.109779
0.769411 -0.160123 0.109779
0.769412 -0.165016 0.109779
0.769412 -0.16991 0.109779
0.769394 0.0551967 0.114674
0.769395 0.0503031 0.114674
0.734631 0.0551939 0.124465
0.769395 0.0454094 0.114674
0.769396 0.0356222 0.114674
0.769396 0.0307286 0.114674
0.769397 0.0209413 0.114674
0.769398 0.00136683 0.114674
0.769399 -0.00352679 0.114674
0.769399 -0.00842041 0.114674
0.7694 -0.013314 0.114674
0.7694 -0.0182077 0.114674
0.7694 -0.0231013 0.114674
0.769401 -0.0279949 0.114674
0.769401 -0.0377821 0.114674
0.769402 -0.0426758 0.114674
0.769402 -0.0475694 0.114674
0.769403 -0.0622502 0.114674
0.769404 -0.0671439 0.114674
0.769404 -0.0720375 0.114674
0.769405 -0.0769311 0.114674
0.769405 -0.0818247 0.114674
0.769406 -0.091612 0.114674
0.769407 -0.101399 0.114674
0.714767 0.0551923 0.124465
0.769407 -0.106293 0.114674
0.769407 -0.111186 0.114674
0.769408 -0.11608 0.114674
0.769409 -0.125867 0.114674
0.769409 -0.135655 0.114674
0.769411 -0.155229 0.114674
0.769411 -0.160123 0.114674
0.769412 -0.165016 0.114674
0.719733 0.0551927 0.148942
0.769412 -0.16991 0.114674
0.769394 0.0551967 0.11957
0.769395 0.0503031 0.11957
0.734631 0.0551939 0.11957
0.769395 0.0454094 0.11957
0.769395 0.0405158 0.11957
0.769396 0.0356222 0.11957
0.769396 0.0307286 0.11957
0.769396 0.0258349 0.11957
0.769397 0.0209413 0.11957
0.769397 0.0160477 0.11957
0.769398 0.00626046 0.11957
0.769398 0.00136683 0.11957
0.769399 -0.00352679 0.11957
0.769399 -0.00842041 0.11957
0.7694 -0.013314 0.11957
0.660139 0.055188 0.114674
0.7694 -0.0182077 0.11957
0.7694 -0.0231013 0.11957
0.724699 0.0551931 0.144046
0.769401 -0.0279949 0.11957
0.769401 -0.0377821 0.11957
0.769402 -0.0426758 0.11957
0.769403 -0.052463 0.11957
0.769403 -0.0622502 0.11957
0.769404 -0.0720375 0.11957
0.769406 -0.091612 0.11957
0.769406 -0.0965056 0.11957
0.769407 -0.101399 0.11957
0.769408 -0.11608 0.11957
0.769408 -0.120974 0.11957
0.769409 -0.125867 0.11957
0.769409 -0.130761 0.11957
0.76941 -0.145442 0.11957
0.769411 -0.160123 0.11957
0.769412 -0.165016 0.11957
0.769412 -0.16991 0.11957
0.769394 0.0551967 0.124465
0.769395 0.0503031 0.124465
0.734631 0.0551939 0.114674
0.769395 0.0454094 0.124465
0.769395 0.0405158 0.124465
0.769396 0.0356222 0.124465
0.769396 0.0307286 0.124465
0.769397 0.0209413 0.124465
0.769397 0.0160477 0.124465
0.769398 0.00626046 0.124465
0.769398 0.00136683 0.124465
0.769399 -0.00352679 0.124465
0.769399 -0.00842041 0.124465
0.7694 -0.013314 0.124465
0.7694 -0.0182077 0.124465
0.640275 0.0551864 0.153837
0.7694 -0.0231013 0.124465
0.724699 0.0551931 0.124465
0.769401 -0.0279949 0.124465
0.769403 -0.0622502 0.124465
0.769404 -0.0671439 0.124465
0.769404 -0.0720375 0.124465
0.769406 -0.091612 0.124465
0.769406 -0.0965056 0.124465
0.769407 -0.106293 0.124465
0.769407 -0.111186 0.124465
0.769408 -0.11608 0.124465
0.769409 -0.125867 0.124465
0.769409 -0.130761 0.124465
0.769411 -0.155229 0.124465
0.769411 -0.160123 0.124465
0.769412 -0.16991 0.124465
0.769394 0.0551967 0.12936
0.769395 0.0503031 0.12936
0.734631 0.0551939 0.109779
0.769395 0.0454094 0.12936
0.769395 0.0405158 0.12936
0.769396 0.0307286 0.12936
0.769396 0.0258349 0.12936
0.769397 0.0209413 0.12936
0.769397 0.0160477 0.12936
0.769398 0.0111541 0.12936
0.769398 0.00626046 0.12936
0.769398 0.00136683 0.12936
0.769399 -0.00352679 0.12936
0.769399 -0.00842041 0.12936
0.7694 -0.013314 0.12936
0.660139 0.055188 0.158732
0.7694 -0.0182077 0.12936
0.724699 0.0551931 0.134256
0.769401 -0.0279949 0.12936
0.769401 -0.0377821 0.12936
0.769402 -0.0426758 0.12936
0.769403 -0.0573566 0.12936
0.769403 -0.0622502 0.12936
0.769404 -0.0671439 0.12936
0.769404 -0.0720375 0.12936
0.769405 -0.0818247 0.12936
0.769406 -0.0965056 0.12936
0.769407 -0.101399 0.12936
0.769407 -0.106293 0.12936
0.769407 -0.111186 0.12936
0.769408 -0.11608 0.12936
0.769409 -0.125867 0.12936
0.769409 -0.130761 0.12936
0.76941 -0.145442 0.12936
0.769411 -0.155229 0.12936
0.769412 -0.165016 0.12936
0.719733 0.0551927 0.163628
0.769412 -0.16991 0.12936
0.769394 0.0551967 0.134256
0.769395 0.0503031 0.134256
0.734631 0.0551939 0.104884
0.769395 0.0454094 0.134256
0.680004 0.0551895 0.114674
0.769395 0.0405158 0.134256
0.769396 0.0356222 0.134256
0.769396 0.0307286 0.134256
0.769396 0.0258349 0.134256
0.769397 0.0209413 0.134256
0.769397 0.0160477 0.134256
0.769398 0.00626046 0.134256
0.769398 0.00136683 0.134256
0.769399 -0.00352679 0.134256
0.769399 -0.00842041 0.134256
0.7694 -0.013314 0.134256
0.660139 0.055188 0.139151
0.7694 -0.0182077 0.134256
0.7694 -0.0231013 0.134256
0.724699 0.0551931 0.139151
0.769401 -0.0279949 0.134256
0.769401 -0.0328885 0.134256
0.769401 -0.0377821 0.134256
0.769402 -0.0426758 0.134256
0.769403 -0.0622502 0.134256
0.769404 -0.0671439 0.134256
0.769404 -0.0720375 0.134256
0.769405 -0.0769311 0.134256
0.769405 -0.0818247 0.134256
0.769406 -0.0965056 0.134256
0.769407 -0.101399 0.134256
0.714767 0.0551923 0.158732
0.769407 -0.106293 0.134256
0.769408 -0.120974 0.134256
0.769409 -0.125867 0.134256
0.76941 -0.140548 0.134256
0.769411 -0.160123 0.134256
0.769412 -0.165016 0.134256
0.769412 -0.16991 0.134256
0.769395 0.0503031 0.139151
0.769395 0.0454094 0.139151
0.769396 0.0307286 0.139151
0.769396 0.0258349 0.139151
0.769397 0.0160477 0.139151
0.769398 0.0111541 0.139151
0.769399 -0.00352679 0.139151
0.769399 -0.00842041 0.139151
0.7694 -0.013314 0.139151
0.7694 -0.0182077 0.139151
0.640275 0.0551864 0.144046
0.7694 -0.0231013 0.139151
0.769401 -0.0279949 0.139151
0.769401 -0.0328885 0.139151
0.769401 -0.0377821 0.139151
0.769402 -0.0426758 0.139151
0.769403 -0.0622502 0.139151
0.769404 -0.0671439 0.139151
0.769407 -0.101399 0.139151
0.769407 -0.111186 0.139151
0.769408 -0.11608 0.139151
0.769408 -0.120974 0.139151
0.769409 -0.125867 0.139151
0.769409 -0.130761 0.139151
0.76941 -0.140548 0.139151
0.76941 -0.145442 0.139151
0.76941 -0.150335 0.139151
0.769411 -0.155229 0.139151
0.769411 -0.160123 0.139151
0.769412 -0.165016 0.139151
0.769394 0.0551967 0.144046
0.769395 0.0503031 0.144046
0.680004 0.0551895 0.178314
0.769396 0.0356222 0.144046
0.769396 0.0307286 0.144046
0.769396 0.0258349 0.144046
0.769398 0.0111541 0.144046
0.769398 0.00626046 0.144046
0.769398 0.00136683 0.144046
0.769399 -0.00352679 0.144046
0.769399 -0.00842041 0.144046
0.7694 -0.013314 0.144046
0.7694 -0.0182077 0.144046
0.7694 -0.0231013 0.144046
0.769401 -0.0279949 0.144046
0.769402 -0.0426758 0.144046
0.769403 -0.0622502 0.144046
0.769404 -0.0671439 0.144046
0.769404 -0.0720375 0.144046
0.769405 -0.0818247 0.144046
0.769407 -0.101399 0.144046
0.769407 -0.111186 0.144046
0.769408 -0.120974 0.144046
0.769409 -0.130761 0.144046
0.76941 -0.140548 0.144046
0.76941 -0.145442 0.144046
0.76941 -0.150335 0.144046
0.769411 -0.160123 0.144046
0.769412 -0.165016 0.144046
0.769412 -0.16991 0.144046
0.769394 0.0551967 0.148942
0.769395 0.0454094 0.148942
0.645241 0.0551868 0.153837
0.769395 0.0405158 0.148942
0.769396 0.0307286 0.148942
0.769397 0.0160477 0.148942
0.74953 0.0551951 0.183209
0.769398 0.0111541 0.148942
0.769398 0.00626046 0.148942
0.769398 0.00136683 0.148942
0.769399 -0.00842041 0.148942
0.7694 -0.013314 0.148942
0.660139 0.055188 0.0950929
0.7694 -0.0182077 0.148942
0.7694 -0.0231013 0.148942
0.769401 -0.0328885 0.148942
0.769401 -0.0377821 0.148942
0.769402 -0.0426758 0.148942
0.769403 -0.052463 0.148942
0.769403 -0.0573566 0.148942
0.769403 -0.0622502 0.148942
0.769404 -0.0671439 0.148942
0.769405 -0.0769311 0.148942
0.769407 -0.101399 0.148942
0.769407 -0.111186 0.148942
0.769408 -0.11608 0.148942
0.769408 -0.120974 0.148942
0.769409 -0.125867 0.148942
0.769409 -0.130761 0.148942
0.76941 -0.145442 0.148942
0.76941 -0.150335 0.148942
0.769411 -0.155229 0.148942
0.769411 -0.160123 0.148942
0.769412 -0.165016 0.148942
0.769412 -0.16991 0.148942
0.769394 0.0551967 0.153837
0.769395 0.0503031 0.153837
0.769395 0.0454094 0.153837
0.769395 0.0405158 0.153837
0.769397 0.0209413 0.153837
0.769398 0.00136683 0.153837
0.769399 -0.00352679 0.153837
0.769399 -0.00842041 0.153837
0.7694 -0.013314 0.153837
0.7694 -0.0231013 0.153837
0.769401 -0.0279949 0.153837
0.769401 -0.0328885 0.153837
0.769402 -0.0426758 0.153837
0.769403 -0.052463 0.153837
0.769403 -0.0622502 0.153837
0.769404 -0.0671439 0.153837
0.769404 -0.0720375 0.153837
0.769405 -0.0769311 0.153837
0.769406 -0.0965056 0.153837
0.769407 -0.101399 0.153837
0.769408 -0.11608 0.153837
0.769409 -0.125867 0.153837
0.76941 -0.140548 0.153837
0.76941 -0.150335 0.153837
0.769411 -0.155229 0.153837
0.769411 -0.160123 0.153837
0.769412 -0.165016 0.153837
0.769394 0.0551967 0.158732
0.769395 0.0503031 0.158732
0.769396 0.0307286 0.158732
0.769396 0.0258349 0.158732
0.769397 0.0209413 0.158732
0.769397 0.0160477 0.158732
0.769398 0.00626046 0.158732
0.769399 -0.00352679 0.158732
0.769399 -0.00842041 0.158732
0.7694 -0.013314 0.158732
0.7694 -0.0182077 0.158732
0.769401 -0.0279949 0.158732
0.769402 -0.0426758 0.158732
0.769403 -0.052463 0.158732
0.769403 -0.0573566 0.158732
0.769404 -0.0671439 0.158732
0.769404 -0.0720375 0.158732
0.769405 -0.0769311 0.158732
0.769405 -0.0818247 0.158732
0.769405 -0.0867184 0.158732
0.769406 -0.0965056 0.158732
0.769407 -0.106293 0.158732
0.769408 -0.120974 0.158732
0.769409 -0.125867 0.158732
0.769409 -0.130761 0.158732
0.76941 -0.140548 0.158732
0.76941 -0.145442 0.158732
0.76941 -0.150335 0.158732
0.769411 -0.155229 0.158732
0.769411 -0.160123 0.158732
0.769412 -0.165016 0.158732
0.769412 -0.16991 0.158732
0.689936 0.0551903 0.158732
0.769394 0.0551967 0.163628
0.769395 0.0503031 0.163628
0.769395 0.0454094 0.163628
0.769395 0.0405158 0.163628
0.769396 0.0356222 0.163628
0.769396 0.0307286 0.163628
0.769396 0.0258349 0.163628
0.769397 0.0209413 0.163628
0.769397 0.0160477 0.163628
0.769398 0.00136683 0.163628
0.769399 -0.00352679 0.163628
0.769399 -0.00842041 0.163628
0.7694 -0.0182077 0.163628
0.7694 -0.0231013 0.163628
0.769401 -0.0279949 0.163628
0.769401 -0.0328885 0.163628
0.769401 -0.0377821 0.163628
0.769402 -0.0475694 0.163628
0.769403 -0.052463 0.163628
0.769403 -0.0622502 0.163628
0.769404 -0.0720375 0.163628
0.769405 -0.0818247 0.163628
0.769406 -0.0965056 0.163628
0.769407 -0.106293 0.163628
0.769407 -0.111186 0.163628
0.769408 -0.120974 0.163628
0.769409 -0.125867 0.163628
0.769409 -0.130761 0.163628
0.76941 -0.140548 0.163628
0.76941 -0.145442 0.163628
0.76941 -0.150335 0.163628
0.769411 -0.155229 0.163628
0.769411 -0.160123 0.163628
0.769412 -0.165016 0.163628
0.719733 0.0551927 0.104884
0.769412 -0.16991 0.163628
0.769395 0.0503031 0.168523
0.734631 0.0551939 0.168523
0.769395 0.0454094 0.168523
0.769396 0.0356222 0.168523
0.769396 0.0258349 0.168523
0.769397 0.0209413 0.168523
0.769397 0.0160477 0.168523
0.769398 0.00626046 0.168523
0.769398 0.00136683 0.168523
0.769399 -0.00842041 0.168523
0.7694 -0.013314 0.168523
0.7694 -0.0182077 0.168523
0.7694 -0.0231013 0.168523
0.769401 -0.0328885 0.168523
0.769402 -0.0426758 0.168523
0.769403 -0.052463 0.168523
0.769403 -0.0622502 0.168523
0.769405 -0.0867184 0.168523
0.769407 -0.101399 0.168523
0.769407 -0.106293 0.168523
0.769407 -0.111186 0.168523
0.714767 0.0551923 0.183209
0.769408 -0.11608 0.168523
0.769409 -0.125867 0.168523
0.769409 -0.130761 0.168523
0.76941 -0.140548 0.168523
0.76941 -0.145442 0.168523
0.76941 -0.150335 0.168523
0.769411 -0.160123 0.168523
0.769412 -0.165016 0.168523
0.769412 -0.16991 0.168523
0.689936 0.0551903 0.144046
0.769394 0.0551967 0.173418
0.769395 0.0503031 0.173418
0.769396 0.0258349 0.173418
0.769397 0.0209413 0.173418
0.769397 0.0160477 0.173418
0.769398 0.00626046 0.173418
0.769398 0.00136683 0.173418
0.769399 -0.00842041 0.173418
0.7694 -0.013314 0.173418
0.7694 -0.0182077 0.173418
0.769401 -0.0328885 0.173418
0.769401 -0.0377821 0.173418
0.769402 -0.0426758 0.173418
0.769402 -0.0475694 0.173418
0.769403 -0.052463 0.173418
0.769403 -0.0622502 0.173418
0.769404 -0.0671439 0.173418
0.769404 -0.0720375 0.173418
0.769405 -0.0769311 0.173418
0.769405 -0.0867184 0.173418
0.769406 -0.0965056 0.173418
0.769407 -0.101399 0.173418
0.769407 -0.106293 0.173418
0.769407 -0.111186 0.173418
0.769408 -0.11608 0.173418
0.769409 -0.125867 0.173418
0.769409 -0.135655 0.173418
0.76941 -0.140548 0.173418
0.76941 -0.145442 0.173418
0.769411 -0.160123 0.173418
0.769412 -0.165016 0.173418
0.719733 0.0551927 0.114674
0.769412 -0.16991 0.173418
0.769394 0.0551967 0.178314
0.769395 0.0503031 0.178314
0.769396 0.0356222 0.178314
0.769396 0.0307286 0.178314
0.769398 0.0111541 0.178314
0.769398 0.00626046 0.178314
0.769398 0.00136683 0.178314
0.769399 -0.00842041 0.178314
0.7694 -0.013314 0.178314
0.769401 -0.0279949 0.178314
0.769401 -0.0328885 0.178314
0.769401 -0.0377821 0.178314
0.769402 -0.0426758 0.178314
0.769403 -0.052463 0.178314
0.769404 -0.0671439 0.178314
0.769405 -0.0818247 0.178314
0.769405 -0.0867184 0.178314
0.769406 -0.091612 0.178314
0.769406 -0.0965056 0.178314
0.769407 -0.101399 0.178314
0.769407 -0.106293 0.178314
0.769407 -0.111186 0.178314
0.769408 -0.11608 0.178314
0.769408 -0.120974 0.178314
0.769409 -0.125867 0.178314
0.769409 -0.130761 0.178314
0.769409 -0.135655 0.178314
0.76941 -0.140548 0.178314
0.76941 -0.145442 0.178314
0.769411 -0.155229 0.178314
0.769412 -0.16991 0.178314
0.769394 0.0551967 0.183209
0.734631 0.0551939 0.153837
0.769395 0.0454094 0.183209
0.769395 0.0405158 0.183209
0.769396 0.0356222 0.183209
0.769396 0.0307286 0.183209
0.769397 0.0209413 0.183209
0.769397 0.0160477 0.183209
0.769398 0.00136683 0.183209
0.769399 -0.00352679 0.183209
0.769399 -0.00842041 0.183209
0.7694 -0.013314 0.183209
0.7694 -0.0182077 0.183209
0.640275 0.0551864 0.0901976
0.7694 -0.0231013 0.183209
0.724699 0.0551931 0.188104
0.769401 -0.0279949 0.183209
0.769401 -0.0328885 0.183209
0.769401 -0.0377821 0.183209
0.769402 -0.0475694 0.183209
0.769403 -0.052463 0.183209
0.769403 -0.0573566 0.183209
0.769404 -0.0671439 0.183209
0.769404 -0.0720375 0.183209
0.769406 -0.091612 0.183209
0.769406 -0.0965056 0.183209
0.769407 -0.101399 0.183209
0.769407 -0.106293 0.183209
0.769407 -0.111186 0.183209
0.769408 -0.11608 0.183209
0.769409 -0.125867 0.183209
0.769409 -0.130761 0.183209
0.769409 -0.135655 0.183209
0.76941 -0.140548 0.183209
0.76941 -0.145442 0.183209
0.769411 -0.155229 0.183209
0.769411 -0.160123 0.183209
0.769412 -0.165016 0.183209
0.769412 -0.16991 0.183209
0.645241 0.0551868 0.193
0.769395 0.0503031 0.188104
0.769395 0.0454094 0.188104
0.680004 0.0551895 0.11957
0.769395 0.0405158 0.188104
0.769396 0.0307286 0.188104
0.769397 0.0209413 0.188104
0.769397 0.0160477 0.188104
0.769398 0.00626046 0.188104
0.769398 0.00136683 0.188104
0.769399 -0.00352679 0.188104
0.769399 -0.00842041 0.188104
0.7694 -0.013314 0.188104
0.749537 -0.0377837 0.197895
0.689937 0.0454031 0.0804069
0.684988 -0.169917 0.0804069
0.684986 -0.145449 0.0804069
0.709812 -0.0916167 0.197895
0.610482 0.00624779 0.158732
0.684983 -0.111193 0.0804069
0.645244 0.0111442 0.0804069
0.610492 -0.120986 0.183209
0.680018 -0.125874 0.0804069
0.675043 -0.0133216 0.0804069
0.684978 -0.0426825 0.0804069
0.769401 -0.0377821 0.153837
0.675044 -0.0280024 0.0804069
0.684977 -0.0377889 0.0804069
0.684974 0.00625373 0.0804069
0.635322 -0.111197 0.0804069
0.684973 0.0111474 0.0804069
0.655191 -0.174813 0.114674
0.684972 0.0258282 0.0804069
0.7694 -0.0231013 0.0853022
0.709818 -0.169915 0.0804069
0.684971 0.0356155 0.0804069
0.689953 -0.160129 0.0804069
0.680021 -0.155236 0.0804069
0.680015 -0.0916191 0.0804069
0.680015 -0.0867255 0.0804069
0.680013 -0.0573638 0.0804069
0.719733 0.0551927 0.0901976
0.769412 -0.16991 0.197895
0.680012 -0.0475765 0.0804069
0.684973 0.016041 0.197895
0.68001 -0.0231084 0.0804069
0.764446 -0.174804 0.153837
0.68001 -0.0182148 0.0804069
0.640288 -0.106303 0.197895
0.680009 -0.00842753 0.0804069
0.680008 0.00625333 0.0804069
0.74953 0.0551951 0.11957
0.660152 -0.111195 0.197895
0.769407 -0.106293 0.148942
0.635312 0.0111434 0.0804069
0.680005 0.0405087 0.0804069
0.610494 -0.150348 0.173418
0.675056 -0.174811 0.0804069
0.759468 -0.0231021 0.197895
0.675054 -0.155237 0.0804069
0.675054 -0.145449 0.0804069
0.610488 -0.0720502 0.193
0.665105 0.0551884 0.134256
0.675052 -0.130768 0.0804069
0.675052 -0.125875 0.0804069
0.675051 -0.116088 0.0804069
0.769406 -0.0965056 0.144046
0.620417 -0.0329004 0.0804069
0.670088 -0.150343 0.197895
0.610479 0.0405031 0.0853022
0.699887 -0.174809 0.134256
0.675047 -0.0671514 0.0804069
0.610492 -0.120986 0.158732
0.675045 -0.0377897 0.0804069
0.689941 -0.0133204 0.197895
0.61049 -0.101412 0.173418
0.640293 -0.174814 0.11957
0.680019 -0.130768 0.0804069
0.675043 -0.00842793 0.0804069
0.769403 -0.0622502 0.178314
0.680019 -0.135662 0.0804069
0.675042 -0.00353431 0.0804069
0.769404 -0.0671439 0.168523
0.680019 -0.140555 0.0804069
0.675042 0.00135931 0.0804069
0.75947 -0.0426766 0.0804069
0.680021 -0.165023 0.0804069
0.67504 0.0258274 0.0804069
0.759476 -0.125868 0.0804069
0.67504 0.030721 0.0804069
0.699877 -0.0573622 0.0804069
0.630348 -0.0133251 0.197895
0.709818 -0.165021 0.197895
0.769403 -0.0573566 0.163628
0.610489 -0.086731 0.168523
0.670087 -0.140556 0.0804069
0.670087 -0.135662 0.0804069
0.670086 -0.125875 0.0804069
0.655183 -0.0720466 0.197895
0.734631 0.0551939 0.193
0.769396 0.0356222 0.153837
0.670084 -0.106301 0.0804069
0.655176 0.0209322 0.0804069
0.68498 -0.0769378 0.0804069
0.610482 0.00135417 0.0950929
0.670083 -0.0867263 0.0804069
0.670082 -0.0720454 0.0804069
0.610488 -0.0671565 0.12936
0.739597 0.0551943 0.197895
0.610495 -0.160135 0.153837
0.764435 -0.0279953 0.197895
0.645256 -0.135664 0.197895
0.67008 -0.0524709 0.0804069
0.670079 -0.0426837 0.0804069
0.610483 -0.0133267 0.158732
0.684985 -0.140555 0.0804069
0.709816 -0.140553 0.197895
0.670079 -0.0377901 0.0804069
0.615455 -0.081837 0.0804069
0.635324 -0.140559 0.197895
0.670077 -0.0182156 0.0804069
0.694902 0.0551907 0.139151
0.610495 -0.165029 0.109779
0.670086 -0.130769 0.0804069
0.670077 -0.00842832 0.0804069
0.764446 -0.174804 0.139151
0.670075 0.0160398 0.0804069
0.610483 -0.00353945 0.144046
0.670074 0.0209334 0.0804069
0.699887 -0.174809 0.158732
0.769404 -0.0671439 0.11957
0.670073 0.0356143 0.0804069
0.610496 -0.169923 0.144046
0.769401 -0.0328885 0.188104
0.670072 0.0502951 0.0804069
0.714767 0.0551923 0.0804069
0.640293 -0.174814 0.193
0.670071 0.0551888 0.0804069
0.665124 -0.174812 0.0804069
0.66512 -0.130769 0.0804069
0.665119 -0.120982 0.0804069
0.754509 -0.111188 0.0804069
0.610488 -0.0769438 0.12936
0.615462 -0.174816 0.0999883
0.610494 -0.150348 0.139151
0.665117 -0.0916203 0.0804069
0.665115 -0.0671522 0.0804069
0.665114 -0.0524713 0.0804069
0.635312 0.016037 0.197895
0.684988 -0.17481 0.0853022
0.665112 -0.0280032 0.0804069
0.739613 -0.135657 0.197895
0.739597 0.0551943 0.109779
0.610482 0.00135417 0.178314
0.665112 -0.0231096 0.0804069
0.724709 -0.0720411 0.197895
0.724717 -0.174807 0.158732
0.665108 0.020933 0.0804069
0.61049 -0.0916246 0.0950929
0.665107 0.0356139 0.0804069
0.704837 0.0258298 0.0804069
0.665106 0.0405075 0.0804069
0.704837 0.0209362 0.0804069
0.665106 0.0454011 0.0804069
0.610488 -0.0671565 0.144046
0.665106 0.0502947 0.0804069
0.724717 -0.174807 0.197895
0.660156 -0.155238 0.0804069
0.684977 -0.0328952 0.197895
0.650225 -0.165026 0.0804069
0.615462 -0.174816 0.183209
0.769411 -0.160123 0.193
0.680017 -0.111194 0.0804069
0.759467 -0.0133148 0.197895
0.759462 0.0551959 0.109779
0.71974 -0.0377861 0.0804069
0.610479 0.0405031 0.0999883
0.699887 -0.174809 0.168523
0.66015 -0.0769398 0.0804069
0.660147 -0.0475781 0.0804069
0.694917 -0.135661 0.197895
0.61048 0.0307159 0.148942
0.610496 -0.174816 0.0999883
0.76941 -0.145442 0.109779
0.660145 -0.0133227 0.0804069
0.769398 0.0111541 0.163628
0.650225 -0.174813 0.178314
0.660144 -0.00353549 0.0804069
0.764441 -0.111187 0.0804069
0.610488 -0.0769438 0.139151
0.615462 -0.174816 0.0901976
0.76941 -0.140548 0.0950929
0.665123 -0.169918 0.0804069
0.660142 0.0209326 0.0804069
0.655191 -0.169919 0.0804069
0.684979 -0.0573634 0.0804069
0.764439 -0.0867188 0.0804069
0.655191 -0.165025 0.0804069
0.610483 -0.00353945 0.0950929
0.769395 0.0503031 0.0950929
0.655186 -0.106302 0.0804069
0.769406 -0.091612 0.0950929
0.670075 0.0111462 0.0804069
0.655185 -0.0965147 0.0804069
0.769398 0.00626046 0.114674
0.655185 -0.0916211 0.0804069
0.754513 -0.160124 0.197895
0.610484 -0.0182203 0.11957
0.655184 -0.0769402 0.0804069
0.655183 -0.0720466 0.0804069
0.729665 0.0551935 0.0853022
0.764428 0.0503027 0.197895
0.655182 -0.0573657 0.0804069
0.61048 0.0307159 0.11957
0.684985 -0.130768 0.0804069
0.625388 -0.0916235 0.197895
0.61048 0.0307159 0.144046
0.655181 -0.0475785 0.0804069
0.61048 0.0307159 0.0950929
0.744582 -0.174806 0.11957
0.65518 -0.0328976 0.0804069
0.655178 -0.00353589 0.0804069
0.655177 0.00135773 0.0804069
0.655173 0.050294 0.0804069
0.684988 -0.169917 0.197895
0.744576 -0.106295 0.197895
0.754498 0.0209401 0.0804069
0.769398 0.0111541 0.0901976
0.650225 -0.174813 0.0804069
0.665106 0.0405075 0.197895
0.660143 0.00135813 0.197895
0.769396 0.0356222 0.173418
0.650223 -0.150345 0.0804069
0.650223 -0.140558 0.0804069
0.699869 0.0405103 0.0804069
0.70485 -0.145447 0.0804069
0.734631 0.0551939 0.173418
0.650222 -0.135664 0.0804069
0.610483 -0.00843307 0.134256
0.744567 0.00625848 0.197895
0.650221 -0.11609 0.0804069
0.665108 0.0258266 0.197895
0.610483 -0.0133267 0.153837
0.650217 -0.072047 0.0804069
0.610493 -0.135667 0.168523
0.650216 -0.0573661 0.0804069
0.610492 -0.116093 0.144046
0.704834 0.0551915 0.11957
0.625376 0.0551852 0.178314
0.650214 -0.0377916 0.0804069
0.650213 -0.0231108 0.0804069
0.769396 0.0258349 0.153837
0.650212 -0.00842991 0.0804069
0.620429 -0.174815 0.163628
0.650211 0.00625096 0.0804069
0.65021 0.0111446 0.0804069
0.650207 0.0502936 0.0804069
0.610495 -0.160135 0.124465
0.645258 -0.165026 0.0804069
0.769399 -0.00352679 0.0853022
0.684976 -0.0182144 0.0804069
0.67009 -0.174811 0.168523
0.694904 0.0356163 0.197895
0.650207 0.0551872 0.163628
0.714785 -0.174808 0.158732
0.704852 -0.169915 0.197895
0.769403 -0.0622502 0.183209
0.645257 -0.145452 0.0804069
0.610483 -0.00353945 0.168523
0.610481 0.0209287 0.168523
0.645241 0.0551868 0.0853022
0.769395 0.0405158 0.178314
0.625381 -0.00353827 0.0804069
0.76941 -0.145442 0.124465
0.645251 -0.076941 0.0804069
0.630346 0.00624937 0.197895
0.665117 -0.0867267 0.0804069
0.64525 -0.0573665 0.0804069
0.645249 -0.0524729 0.0804069
0.694902 0.0551907 0.0950929
0.645247 -0.0280048 0.0804069
0.724709 -0.0671474 0.197895
0.670071 0.0551888 0.178314
0.645246 -0.0133239 0.0804069
0.645245 -0.00353668 0.0804069
0.675056 -0.169917 0.0804069
0.620424 -0.120986 0.0804069
0.645244 0.0160378 0.0804069
0.645244 0.0209314 0.0804069
0.769398 0.0111541 0.193
0.75948 -0.174804 0.173418
0.680004 0.0454023 0.0804069
0.645242 0.0356123 0.0804069
0.610484 -0.0231139 0.12936
0.650224 -0.155239 0.0804069
0.645242 0.0405059 0.0804069
0.69988 -0.0867239 0.197895
0.749543 -0.111188 0.197895
0.754497 0.035621 0.197895
0.645241 0.0502932 0.0804069
0.640293 -0.174814 0.0804069
0.610494 -0.145454 0.114674
0.640291 -0.155239 0.0804069
0.640291 -0.150346 0.0804069
0.650214 -0.032898 0.0804069
0.709807 -0.0279996 0.0804069
0.764431 0.0209409 0.197895
0.640289 -0.130771 0.0804069
0.76941 -0.140548 0.197895
0.640288 -0.106303 0.0804069
0.769403 -0.0622502 0.158732
0.670077 -0.0182156 0.197895
0.610485 -0.0377948 0.139151
0.640287 -0.10141 0.0804069
0.615453 -0.0573689 0.197895
0.640282 -0.0377924 0.0804069
0.615449 -0.00843268 0.0804069
0.620421 -0.076943 0.197895
0.769412 -0.165016 0.193
0.640288 -0.11609 0.0804069
0.640281 -0.0280052 0.0804069
0.64028 -0.0182179 0.0804069
0.759475 -0.111187 0.197895
0.64028 -0.0133243 0.0804069
0.620418 -0.0475813 0.0804069
0.759475 -0.106294 0.197895
0.640279 0.00625017 0.0804069
0.7694 -0.0231013 0.0999883
0.640275 0.0551864 0.0804069
0.610493 -0.130774 0.109779
0.635327 -0.174814 0.0804069
0.754496 0.0551955 0.0804069
0.610479 0.0356095 0.173418
0.675055 -0.16013 0.0804069
0.640282 -0.0328988 0.0804069
0.655184 -0.0867275 0.0804069
0.699868 0.0551911 0.0950929
0.724707 -0.0426793 0.197895
0.635325 -0.150346 0.0804069
0.749533 0.00625887 0.197895
0.7247 0.0405122 0.0804069
0.684982 -0.0965123 0.0804069
0.769405 -0.0867184 0.183209
0.680018 -0.120981 0.0804069
0.675043 -0.0182152 0.0804069
0.635324 -0.140559 0.0804069
0.635324 -0.135665 0.0804069
0.65021 0.0209318 0.197895
0.610493 -0.130774 0.173418
0.769398 0.00626046 0.139151
0.635319 -0.0818354 0.0804069
0.645253 -0.101409 0.0804069
0.769397 0.0209413 0.139151
0.635318 -0.0671546 0.0804069
0.635318 -0.0573673 0.0804069
0.769408 -0.120974 0.114674
0.635317 -0.0524737 0.0804069
0.610484 -0.0231139 0.0999883
0.684988 -0.17481 0.104884
0.635316 -0.0426865 0.0804069
0.680004 0.0551895 0.0804069
0.655182 -0.0524721 0.197895
0.635315 -0.0280056 0.0804069
0.635314 -0.0182183 0.0804069
0.689936 0.0551903 0.104884
0.729671 -0.0133172 0.0804069
0.610481 0.016035 0.0999883
0.680015 -0.0818319 0.0804069
0.610493 -0.130774 0.134256
0.63531 0.0307179 0.0804069
0.680007 0.011147 0.0804069
0.63531 0.0356115 0.0804069
0.769396 0.0307286 0.0804069
0.769395 0.0454094 0.158732
0.63531 0.0405051 0.0804069
0.610481 0.0111414 0.153837
0.769398 0.00626046 0.163628
0.635309 0.0502924 0.0804069
0.635309 0.055186 0.0804069
0.630361 -0.174815 0.0804069
0.729681 -0.140551 0.197895
0.610493 -0.130774 0.0901976
0.63036 -0.160134 0.0804069
0.764446 -0.174804 0.173418
0.630359 -0.15524 0.0804069
0.739605 -0.0426781 0.197895
0.630359 -0.150347 0.0804069
0.61049 -0.101412 0.183209
0.630358 -0.140559 0.0804069
0.630358 -0.135666 0.0804069
0.610493 -0.140561 0.183209
0.630355 -0.106304 0.0804069
0.615455 -0.0867306 0.0804069
0.769406 -0.0965056 0.168523
0.630354 -0.0916231 0.0804069
0.630353 -0.0818358 0.0804069
0.749548 -0.174805 0.178314
0.630353 -0.0769422 0.0804069
0.769408 -0.11608 0.134256
0.630352 -0.0622613 0.0804069
0.684975 -0.00353352 0.197895
0.67009 -0.174811 0.0804069
0.61049 -0.0965183 0.139151
0.630351 -0.0524741 0.0804069
0.670071 0.0551888 0.134256
0.610491 -0.106306 0.193
0.689954 -0.17481 0.197895
0.650216 -0.0573661 0.197895
0.630346 0.011143 0.0804069
0.630346 0.0160366 0.0804069
0.61048 0.0307159 0.173418
0.635327 -0.169921 0.0804069
0.630345 0.0209302 0.0804069
0.68994 0.00625412 0.0804069
0.635326 -0.160133 0.0804069
0.630344 0.0356111 0.0804069
0.635325 -0.15524 0.0804069
0.630344 0.0405047 0.0804069
0.655191 -0.174813 0.104884
0.640275 0.0551864 0.0950929
0.7694 -0.0231013 0.188104
0.635325 -0.145453 0.0804069
0.630343 0.0453984 0.0804069
0.744563 0.0551947 0.153837
0.625389 -0.106304 0.0804069
0.680016 -0.0965127 0.0804069
0.7396 0.0160453 0.0804069
0.625395 -0.174815 0.0804069
0.645245 0.00625056 0.197895
0.625394 -0.165028 0.0804069
0.709813 -0.101404 0.197895
0.625393 -0.155241 0.0804069
0.694908 -0.01332 0.197895
0.610482 0.00624779 0.139151
0.769406 -0.091612 0.144046
0.645259 -0.174813 0.12936
0.675051 -0.111194 0.0804069
0.610488 -0.0671565 0.148942
0.620429 -0.174815 0.158732
0.625392 -0.145453 0.0804069
0.759479 -0.160123 0.0804069
0.625391 -0.125879 0.0804069
0.62539 -0.120985 0.0804069
0.62539 -0.116092 0.0804069
0.610478 0.0502904 0.153837
0.62539 -0.111198 0.0804069
0.680016 -0.101406 0.0804069
0.610495 -0.160135 0.197895
0.655175 0.0307195 0.197895
0.675038 0.0502955 0.197895
0.625387 -0.0769426 0.0804069
0.655189 -0.150345 0.0804069
0.625386 -0.072049 0.0804069
0.739613 -0.140551 0.0804069
0.625386 -0.0622617 0.0804069
0.610494 -0.150348 0.153837
0.625385 -0.0524745 0.0804069
0.610494 -0.150348 0.0853022
0.625384 -0.0475809 0.0804069
0.684976 -0.023108 0.0804069
0.67505 -0.1063 0.0804069
0.610487 -0.0622629 0.134256
0.625383 -0.0329 0.0804069
0.675047 -0.0622578 0.0804069
0.759475 -0.116081 0.197895
0.610496 -0.169923 0.0950929
0.689954 -0.17481 0.0804069
0.625379 0.0209298 0.0804069
0.610483 -0.00353945 0.11957
0.625379 0.0258235 0.0804069
0.620426 -0.145454 0.0804069
0.610488 -0.0720502 0.173418
0.650225 -0.174813 0.144046
0.68497 0.0551899 0.12936
0.650208 0.0453999 0.0804069
0.74953 0.0551951 0.114674
0.620422 -0.0965175 0.0804069
0.620422 -0.0916239 0.0804069
0.650222 -0.135664 0.197895
0.655188 -0.135664 0.0804069
0.62042 -0.0671557 0.0804069
0.625389 -0.101411 0.0804069
0.769411 -0.155229 0.134256
0.684986 -0.145449 0.197895
0.62042 -0.0622621 0.0804069
0.61049 -0.0916246 0.114674
0.655173 0.0551876 0.11957
0.739607 -0.0671462 0.197895
0.610488 -0.0671565 0.0901976
0.749533 0.0160461 0.197895
0.620416 -0.0231131 0.0804069
0.645248 -0.0328984 0.0804069
0.769403 -0.052463 0.144046
0.680011 -0.0377893 0.0804069
0.650207 0.0551872 0.124465
0.714785 -0.174808 0.197895
0.620416 -0.0182195 0.0804069
0.610485 -0.0377948 0.158732
0.769404 -0.0720375 0.193
0.620416 -0.0133259 0.0804069
0.749533 0.0160461 0.0804069
0.769401 -0.0377821 0.168523
0.620414 0.00624858 0.0804069
0.684988 -0.17481 0.168523
0.620413 0.0160358 0.0804069
0.620412 0.0356103 0.0804069
0.620411 0.0453976 0.0804069
0.749531 0.0405142 0.197895
0.635327 -0.174814 0.109779
0.610496 -0.169923 0.109779
0.630361 -0.174815 0.144046
0.630357 -0.130772 0.0804069
0.615462 -0.165029 0.0804069
0.719751 -0.174808 0.163628
0.759462 0.0551959 0.139151
0.615461 -0.155241 0.0804069
0.610493 -0.130774 0.0804069
0.699884 -0.145447 0.197895
0.610492 -0.12588 0.0804069
0.61546 -0.145454 0.0804069
0.670071 0.0551888 0.188104
0.610491 -0.106306 0.188104
0.61546 -0.14056 0.0804069
0.630342 0.0551856 0.144046
0.610492 -0.116093 0.173418
0.615459 -0.135667 0.0804069
0.689936 0.0502967 0.0804069
0.615457 -0.111199 0.0804069
0.615457 -0.101411 0.0804069
0.615456 -0.0916243 0.0804069
0.744563 0.0551947 0.139151
0.684985 -0.135661 0.0804069
0.734646 -0.135657 0.0804069
0.615453 -0.0622625 0.0804069
0.729665 0.0551935 0.193
0.615453 -0.0573689 0.0804069
0.764446 -0.174804 0.163628
0.615452 -0.0475817 0.0804069
0.694902 0.0551907 0.144046
0.615451 -0.0377944 0.0804069
0.675038 0.0551892 0.158732
0.615451 -0.0280072 0.0804069
0.61545 -0.0231135 0.0804069
0.660148 -0.0524717 0.0804069
0.635313 -0.00353747 0.0804069
0.744582 -0.174806 0.139151
0.615449 -0.0133263 0.0804069
0.709819 -0.174808 0.173418
0.630347 0.00135575 0.0804069
0.724717 -0.174807 0.124465
0.615448 0.00135456 0.0804069
0.660139 0.055188 0.0853022
0.7694 -0.0182077 0.153837
0.645253 -0.0916219 0.0804069
0.610491 -0.111199 0.124465
0.615447 0.0160354 0.0804069
0.660139 0.055188 0.12936
0.689951 -0.130767 0.197895
0.615461 -0.160135 0.197895
0.769411 -0.155229 0.193
0.734632 0.040513 0.0804069
0.620415 -0.00843228 0.0804069
0.630352 -0.067155 0.0804069
0.610496 -0.169923 0.163628
0.769404 -0.0671439 0.109779
0.620428 -0.169922 0.0804069
0.615446 0.0356099 0.0804069
0.769395 0.0405158 0.173418
0.650223 -0.145451 0.0804069
0.645241 0.0551868 0.0804069
0.610496 -0.174816 0.0804069
0.610496 -0.169923 0.0804069
0.650217 -0.0671534 0.197895
0.769396 0.0258349 0.148942
0.625384 -0.0377936 0.197895
0.689936 0.0551903 0.0804069
0.655179 -0.0182168 0.0804069
0.610494 -0.145454 0.0804069
0.640293 -0.174814 0.178314
0.610492 -0.120986 0.0804069
0.769409 -0.130761 0.134256
0.630354 -0.0867294 0.0804069
0.61049 -0.0965183 0.0804069
0.67009 -0.174811 0.163628
0.65519 -0.160132 0.0804069
0.630354 -0.0867294 0.197895
0.640286 -0.081835 0.0804069
0.610488 -0.0720502 0.0804069
0.610484 -0.0182203 0.0804069
0.665105 0.0551884 0.0804069
0.610483 -0.0133267 0.0804069
0.670071 0.0551888 0.0999883
0.630345 0.0258239 0.197895
0.655175 0.0258258 0.0804069
0.704834 0.0551915 0.104884
0.610481 0.0209287 0.0804069
0.61048 0.0307159 0.0804069
0.630346 0.00624937 0.0804069
0.610479 0.0356095 0.0804069
0.610496 -0.174816 0.168523
0.610479 0.0453968 0.0804069
0.610478 0.0502904 0.0804069
0.610478 0.055184 0.0804069
0.610495 -0.160135 0.178314
0.769412 -0.165016 0.197895
0.615458 -0.120986 0.0804069
0.610491 -0.111199 0.153837
0.61049 -0.0916246 0.0804069
0.769409 -0.135655 0.197895
0.759468 -0.0182084 0.197895
0.684988 -0.17481 0.134256
0.645247 -0.0231112 0.0804069
0.665106 0.0454011 0.197895
0.769409 -0.130761 0.197895
0.769405 -0.0769311 0.193
0.754514 -0.174805 0.109779
0.769407 -0.106293 0.197895
0.684971 0.0405091 0.0804069
0.689953 -0.155235 0.0804069
0.764431 0.0111537 0.0804069
0.769407 -0.101399 0.197895
0.610481 0.016035 0.153837
0.769406 -0.0965056 0.197895
0.769405 -0.0818247 0.197895
0.759467 -0.00352758 0.0804069
0.610486 -0.0524757 0.0901976
0.769403 -0.0573566 0.153837
0.680012 -0.0426829 0.0804069
0.759463 0.040515 0.0804069
0.764444 -0.150336 0.0804069
0.769401 -0.0377821 0.197895
0.67504 0.030721 0.197895
0.769401 -0.0328885 0.197895
0.729683 -0.174807 0.0804069
0.684983 -0.116087 0.0804069
0.739603 -0.01821 0.0804069
0.610485 -0.0329012 0.183209
0.769401 -0.0279949 0.197895
0.749537 -0.0377837 0.0804069
0.650218 -0.0867279 0.0804069
0.7694 -0.0182077 0.197895
0.729682 -0.155232 0.0804069
0.670071 0.0551888 0.124465
0.610491 -0.106306 0.178314
0.7694 -0.013314 0.197895
0.714767 0.0551923 0.114674
0.655187 -0.116089 0.0804069
0.76941 -0.150335 0.178314
0.734649 -0.174806 0.158732
0.769399 -0.00352679 0.197895
0.769405 -0.0867184 0.11957
0.610485 -0.0329012 0.0804069
0.769397 0.0160477 0.197895
0.709817 -0.145447 0.0804069
0.635323 -0.125878 0.0804069
0.610493 -0.135667 0.173418
0.769396 0.0307286 0.0950929
0.764439 -0.0769315 0.197895
0.610487 -0.0573693 0.104884
0.630361 -0.174815 0.0950929
0.764442 -0.120974 0.197895
0.694905 0.0160418 0.197895
0.764441 -0.106293 0.197895
0.615448 0.00624819 0.0804069
0.76444 -0.096506 0.197895
0.719733 0.0551927 0.109779
0.709815 -0.120978 0.197895
0.769408 -0.120974 0.188104
0.769397 0.0160477 0.114674
0.76444 -0.0916124 0.197895
0.769398 0.00626046 0.197895
0.610488 -0.0671565 0.0853022
0.615455 -0.0769434 0.0804069
0.610479 0.0453968 0.0901976
0.645241 0.0551868 0.104884
0.769395 0.0405158 0.0999883
0.764438 -0.0671443 0.197895
0.704853 -0.174809 0.109779
0.769401 -0.0328885 0.144046
0.670088 -0.150343 0.0804069
0.714785 -0.174808 0.109779
0.680004 0.0551895 0.148942
0.74954 -0.0720391 0.0804069
0.764437 -0.0524634 0.197895
0.645242 0.0453995 0.0804069
0.764436 -0.0426762 0.197895
0.650224 -0.155239 0.197895
0.645242 0.0405059 0.197895
0.764434 -0.0231017 0.197895
0.650219 -0.0916215 0.0804069
0.764434 -0.018208 0.197895
0.769408 -0.120974 0.109779
0.665123 -0.165025 0.0804069
0.625391 -0.130772 0.197895
0.769396 0.0258349 0.114674
0.635321 -0.0965163 0.0804069
0.764432 0.00136644 0.197895
0.65021 0.0209318 0.0804069
0.620425 -0.130773 0.0804069
0.615445 0.0453972 0.0804069
0.699871 0.0160422 0.0804069
0.76443 0.0258345 0.197895
0.769411 -0.155229 0.0804069
0.665109 0.0111458 0.0804069
0.76443 0.0307282 0.197895
0.764428 0.0551963 0.197895
0.620429 -0.174815 0.0999883
0.769405 -0.0818247 0.153837
0.75948 -0.174804 0.197895
0.610481 0.0209287 0.0901976
0.660156 -0.160131 0.0804069
0.769402 -0.0475694 0.178314
0.759479 -0.160123 0.197895
0.610481 0.016035 0.104884
0.625391 -0.130772 0.0804069
0.645259 -0.174813 0.193
0.759474 -0.0916128 0.197895
0.714782 -0.135659 0.0804069
0.759472 -0.0671447 0.197895
0.729683 -0.174807 0.153837
0.680022 -0.174811 0.11957
0.759471 -0.0573574 0.197895
0.610492 -0.12588 0.124465
0.660158 -0.174812 0.163628
0.65022 -0.106302 0.0804069
0.689948 -0.0916183 0.197895
0.630347 -0.00353787 0.0804069
0.610487 -0.0573693 0.0804069
0.749533 0.0111525 0.0804069
0.75947 -0.0524638 0.197895
0.769397 0.0209413 0.144046
0.764439 -0.0867188 0.197895
0.759469 -0.0328893 0.197895
0.734639 -0.0426785 0.197895
0.759467 -0.0084212 0.197895
0.655173 0.0551876 0.0804069
0.665111 -0.018216 0.0804069
0.769407 -0.111186 0.134256
0.759467 -0.00352758 0.197895
0.61048 0.0307159 0.134256
0.709803 0.0258302 0.0804069
0.739616 -0.174806 0.12936
0.769407 -0.101399 0.124465
0.759466 0.00625967 0.197895
0.665109 0.00625214 0.197895
0.610482 0.00135417 0.11957
0.625376 0.0551852 0.0901976
0.759465 0.0209405 0.197895
0.67505 -0.0965131 0.197895
0.714785 -0.174808 0.163628
0.759464 0.0258342 0.197895
0.610479 0.0453968 0.197895
0.769402 -0.0475694 0.193
0.680022 -0.174811 0.188104
0.675054 -0.150343 0.197895
0.754513 -0.165018 0.197895
0.754511 -0.130762 0.197895
0.769407 -0.111186 0.197895
0.75451 -0.125869 0.197895
0.620414 0.00135496 0.0804069
0.754509 -0.111188 0.197895
0.610482 0.00135417 0.0901976
0.754508 -0.0965068 0.197895
0.704852 -0.165021 0.0804069
0.680008 -0.00353391 0.0804069
0.769403 -0.0622502 0.188104
0.764446 -0.174804 0.0901976
0.754507 -0.0818259 0.197895
0.699868 0.0551911 0.12936
0.610495 -0.155242 0.197895
0.699886 -0.165022 0.0804069
0.754505 -0.0671451 0.197895
0.754505 -0.0622514 0.197895
0.620423 -0.101411 0.197895
0.754505 -0.0573578 0.197895
0.699883 -0.125873 0.197895
0.640275 0.0551864 0.114674
0.754502 -0.0279961 0.197895
0.610495 -0.165029 0.0999883
0.640276 0.0356119 0.0804069
0.754502 -0.0231025 0.197895
0.754501 -0.0133152 0.197895
0.610496 -0.169923 0.0901976
0.734632 0.0454067 0.197895
0.610487 -0.0573693 0.148942
0.645249 -0.0475793 0.0804069
0.625383 -0.0329 0.197895
0.74953 0.0551951 0.197895
0.754498 0.0307274 0.197895
0.645244 0.0111442 0.197895
0.769405 -0.0867184 0.153837
0.610485 -0.0329012 0.114674
0.754496 0.0551955 0.197895
0.749547 -0.165018 0.197895
0.625382 -0.0231128 0.197895
0.610493 -0.130774 0.163628
0.769411 -0.155229 0.0950929
0.749545 -0.14055 0.197895
0.749545 -0.135656 0.197895
0.759471 -0.0573574 0.0804069
0.684972 0.0307218 0.0804069
0.680011 -0.0328956 0.197895
0.655181 -0.0426849 0.0804069
0.749544 -0.130763 0.197895
0.749544 -0.120975 0.197895
0.769398 0.0111541 0.134256
0.65518 -0.0377912 0.0804069
0.635316 -0.0377928 0.0804069
0.749542 -0.106294 0.197895
0.620415 -0.00353866 0.197895
0.749541 -0.0867199 0.197895
0.74954 -0.0769327 0.197895
0.729677 -0.101402 0.197895
0.640277 0.0307183 0.0804069
0.68002 -0.150343 0.0804069
0.675041 0.0111466 0.0804069
0.655191 -0.174813 0.163628
0.769395 0.0405158 0.0901976
0.655186 -0.101408 0.0804069
0.74954 -0.0720391 0.197895
0.749539 -0.0622518 0.197895
0.749539 -0.0573582 0.197895
0.764439 -0.0818251 0.197895
0.749537 -0.0328901 0.197895
0.650219 -0.101409 0.197895
0.670088 -0.155237 0.0804069
0.749536 -0.0231029 0.197895
0.749534 -0.00352837 0.197895
0.680005 0.0405087 0.197895
0.749533 0.0111525 0.197895
0.769395 0.0405158 0.168523
0.749532 0.0258334 0.197895
0.620429 -0.174815 0.109779
0.655179 -0.0231104 0.0804069
0.749531 0.0356206 0.197895
0.744581 -0.165018 0.197895
0.739611 -0.116082 0.197895
0.74458 -0.155231 0.197895
0.744579 -0.145444 0.197895
0.610481 0.0209287 0.197895
0.620419 -0.0524749 0.197895
0.68001 -0.028002 0.0804069
0.739606 -0.0524654 0.197895
0.744577 -0.116082 0.197895
0.675052 -0.120981 0.0804069
0.694903 0.0405099 0.0804069
0.650207 0.0551872 0.144046
0.714785 -0.174808 0.168523
0.630347 -0.00843149 0.0804069
0.744575 -0.0867203 0.197895
0.744574 -0.0720395 0.197895
0.620421 -0.0867302 0.197895
0.769402 -0.0426758 0.183209
0.684971 0.0405091 0.197895
0.689953 -0.155235 0.197895
0.744573 -0.0671459 0.197895
0.769408 -0.120974 0.124465
0.744573 -0.0622522 0.197895
0.769397 0.0160477 0.193
0.76941 -0.140548 0.148942
0.684987 -0.165023 0.0804069
0.744572 -0.0573586 0.197895
0.610487 -0.0573693 0.0999883
0.620412 0.0258231 0.0804069
0.754508 -0.1014 0.197895
0.74457 -0.0231033 0.197895
0.684988 -0.17481 0.0999883
0.744568 -0.00352877 0.197895
0.660139 0.055188 0.11957
0.645254 -0.106303 0.197895
0.630356 -0.111198 0.197895
0.76941 -0.150335 0.183209
0.744567 0.0111521 0.197895
0.764428 0.0551963 0.0853022
0.615459 -0.135667 0.197895
0.610493 -0.140561 0.188104
0.704844 -0.0622554 0.0804069
0.744567 0.0160457 0.197895
0.724702 0.0160441 0.0804069
0.670086 -0.130769 0.197895
0.724702 0.0209378 0.0804069
0.749547 -0.169912 0.197895
0.744566 0.025833 0.197895
0.610492 -0.12588 0.158732
0.769397 0.0160477 0.144046
0.74953 0.0503015 0.197895
0.769411 -0.155229 0.188104
0.680014 -0.0720446 0.0804069
0.630361 -0.174815 0.139151
0.744565 0.0307266 0.197895
0.769404 -0.0720375 0.197895
0.709802 0.0405111 0.197895
0.699868 0.0551911 0.148942
0.749546 -0.150337 0.197895
0.744564 0.0454075 0.197895
0.640284 -0.0671542 0.0804069
0.610491 -0.106306 0.139151
0.620429 -0.174815 0.139151
0.764433 -0.0084208 0.197895
0.744578 -0.125869 0.197895
0.689943 -0.0377885 0.197895
0.68497 0.0551899 0.0901976
0.724717 -0.174807 0.144046
0.739614 -0.150338 0.197895
0.739613 -0.140551 0.197895
0.71974 -0.0377861 0.197895
0.764429 0.045409 0.197895
0.729665 0.0502999 0.0804069
0.640293 -0.174814 0.188104
0.729682 -0.155232 0.197895
0.754505 -0.0622514 0.0804069
0.610493 -0.140561 0.0901976
0.769403 -0.052463 0.12936
0.719751 -0.174808 0.173418
0.610479 0.0356095 0.183209
0.739611 -0.111189 0.197895
0.635324 -0.135665 0.197895
0.610492 -0.12588 0.0901976
0.769397 0.0160477 0.153837
0.73961 -0.106295 0.197895
0.764436 -0.0475698 0.197895
0.769412 -0.174804 0.158732
0.630351 -0.0475805 0.0804069
0.759479 -0.165017 0.197895
0.61049 -0.101412 0.193
0.739607 -0.0720399 0.197895
0.759462 0.0551959 0.173418
0.615451 -0.0329008 0.0804069
0.719751 -0.174808 0.11957
0.665108 0.0258266 0.0804069
0.665121 -0.14545 0.0804069
0.66014 0.0454007 0.0804069
0.610484 -0.0231139 0.139151
0.769406 -0.0965056 0.114674
0.739605 -0.0377845 0.197895
0.610486 -0.0426884 0.144046
0.739602 -0.00842278 0.197895
0.610484 -0.0182203 0.168523
0.675056 -0.174811 0.163628
0.769407 -0.106293 0.144046
0.739602 0.00136446 0.197895
0.75451 -0.125869 0.0804069
0.635312 0.00624977 0.0804069
0.759468 -0.0279957 0.197895
0.7396 0.0209389 0.197895
0.655182 -0.0622594 0.0804069
0.635321 -0.106304 0.0804069
0.739598 0.0405134 0.197895
0.769401 -0.0279949 0.193
0.739598 0.0454071 0.197895
0.67009 -0.174811 0.197895
0.739598 0.0503007 0.197895
0.769401 -0.0279949 0.0804069
0.764446 -0.174804 0.188104
0.660139 0.055188 0.0804069
0.670087 -0.14545 0.197895
0.734648 -0.160125 0.197895
0.610493 -0.130774 0.11957
0.734648 -0.155232 0.197895
0.630342 0.0551856 0.114674
0.610492 -0.116093 0.168523
0.734646 -0.130764 0.197895
0.734645 -0.120976 0.197895
0.734645 -0.116083 0.197895
0.734644 -0.106296 0.197895
0.734643 -0.0965084 0.197895
0.655179 -0.0133231 0.0804069
0.734643 -0.0916148 0.197895
0.694904 0.0307226 0.0804069
0.660151 -0.0916207 0.0804069
0.665121 -0.140557 0.197895
0.74953 0.0551951 0.0901976
0.754499 0.0111529 0.197895
0.610487 -0.0622629 0.139151
0.734642 -0.0867211 0.197895
0.704853 -0.174809 0.183209
0.769406 -0.091612 0.139151
0.734641 -0.0671466 0.197895
0.75948 -0.174804 0.158732
0.734641 -0.062253 0.197895
0.67505 -0.101407 0.197895
0.610487 -0.0622629 0.114674
0.769404 -0.0720375 0.139151
0.680017 -0.1063 0.0804069
0.680005 0.0356151 0.197895
0.610478 0.0502904 0.183209
0.734639 -0.0377849 0.197895
0.734638 -0.0279977 0.197895
0.630349 -0.0231124 0.0804069
0.764432 0.00626006 0.197895
0.680009 -0.0133212 0.0804069
0.665124 -0.174812 0.12936
0.645259 -0.16992 0.0804069
0.635327 -0.174814 0.148942
0.719733 0.0551927 0.0999883
0.734636 -0.00352956 0.197895
0.660139 0.055188 0.173418
0.734635 0.00136406 0.197895
0.640279 -0.00353708 0.0804069
0.610478 0.055184 0.153837
0.734635 0.00625769 0.197895
0.61049 -0.0916246 0.134256
0.734634 0.0258322 0.197895
0.734633 0.0307258 0.197895
0.689944 -0.0426821 0.0804069
0.635309 0.055186 0.139151
0.734634 0.0209386 0.197895
0.610489 -0.0818374 0.148942
0.734632 0.0503003 0.197895
0.769403 -0.0573566 0.114674
0.610489 -0.086731 0.12936
0.660158 -0.174812 0.0804069
0.680004 0.0551895 0.168523
0.734631 0.0551939 0.197895
0.739605 -0.0475718 0.197895
0.665105 0.0551884 0.124465
0.729683 -0.169913 0.197895
0.640293 -0.174814 0.183209
0.764435 -0.0377825 0.197895
0.67505 -0.0965131 0.0804069
0.714785 -0.174808 0.153837
0.72968 -0.130764 0.197895
0.675048 -0.072045 0.0804069
0.729679 -0.120977 0.197895
0.729679 -0.116083 0.197895
0.729678 -0.11119 0.197895
0.675038 0.0551892 0.178314
0.729678 -0.106296 0.197895
0.744573 -0.0622522 0.0804069
0.729677 -0.0965088 0.197895
0.729677 -0.0916151 0.197895
0.769397 0.0160477 0.0804069
0.769403 -0.0573566 0.124465
0.610489 -0.086731 0.139151
0.729676 -0.0818279 0.197895
0.684976 -0.0280016 0.0804069
0.724699 0.0551931 0.0901976
0.7545 0.00625927 0.197895
0.714783 -0.15034 0.197895
0.739615 -0.165019 0.197895
0.729676 -0.0769343 0.197895
0.729674 -0.0622534 0.197895
0.675038 0.0551892 0.0804069
0.724704 -0.0133176 0.0804069
0.680004 0.0502959 0.0804069
0.729674 -0.0524662 0.197895
0.610486 -0.0426884 0.193
0.68497 0.0551899 0.173418
0.615462 -0.174816 0.193
0.729673 -0.0475725 0.197895
0.610491 -0.111199 0.188104
0.754514 -0.174805 0.134256
0.640293 -0.174814 0.12936
0.655178 -0.00842951 0.0804069
0.729672 -0.0377853 0.197895
0.729672 -0.0328917 0.197895
0.610488 -0.0769438 0.104884
0.729672 -0.0279981 0.197895
0.764433 -0.00352718 0.197895
0.729671 -0.0133172 0.197895
0.72967 -0.00842358 0.197895
0.620414 0.00135496 0.197895
0.729669 0.00625729 0.197895
0.769394 0.0551967 0.188104
0.635323 -0.130772 0.0804069
0.759462 0.0551959 0.11957
0.615453 -0.0622625 0.197895
0.72968 -0.135658 0.0804069
0.739604 -0.0279973 0.197895
0.734649 -0.174806 0.197895
0.729668 0.0209382 0.197895
0.729667 0.0307254 0.197895
0.670084 -0.101407 0.0804069
0.729665 0.0502999 0.197895
0.694916 -0.12098 0.197895
0.610482 0.00624779 0.104884
0.739616 -0.174806 0.114674
0.759477 -0.140549 0.197895
0.729665 0.0551935 0.197895
0.744563 0.0551947 0.158732
0.660144 -0.00842912 0.0804069
0.704834 0.0551915 0.0804069
0.724716 -0.155233 0.197895
0.675038 0.0551892 0.193
0.739615 -0.169912 0.0804069
0.724715 -0.150339 0.197895
0.769401 -0.0328885 0.124465
0.724715 -0.145445 0.197895
0.61048 0.0258223 0.0804069
0.724713 -0.125871 0.197895
0.630361 -0.174815 0.11957
0.724712 -0.11119 0.197895
0.640278 0.0111438 0.0804069
0.615457 -0.111199 0.197895
0.714767 0.0454051 0.0804069
0.719749 -0.150339 0.0804069
0.724711 -0.0916155 0.197895
0.769407 -0.111186 0.11957
0.670081 -0.0622582 0.197895
0.610486 -0.0524757 0.0804069
0.72471 -0.0818283 0.197895
0.694902 0.0551907 0.178314
0.724709 -0.0769347 0.197895
0.734631 0.0551939 0.183209
0.680004 0.0551895 0.188104
0.769396 0.0356222 0.139151
0.749532 0.030727 0.197895
0.610487 -0.0622629 0.0853022
0.704838 0.0160426 0.0804069
0.724707 -0.0475729 0.197895
0.610481 0.0111414 0.168523
0.724704 -0.0133176 0.197895
0.610493 -0.140561 0.134256
0.670077 -0.0133219 0.0804069
0.714767 0.0551923 0.173418
0.769408 -0.11608 0.163628
0.635314 -0.0084311 0.0804069
0.72471 -0.0867219 0.0804069
0.610496 -0.174816 0.153837
0.744582 -0.174806 0.183209
0.724704 -0.00353035 0.197895
0.724702 0.0111505 0.197895
0.724702 0.0160441 0.197895
0.709809 -0.0524678 0.197895
0.724702 0.0209378 0.197895
0.724701 0.030725 0.197895
0.744582 -0.174806 0.197895
0.640293 -0.16992 0.197895
0.66511 -0.0035351 0.197895
0.665108 0.020933 0.197895
0.615449 -0.00353906 0.197895
0.704838 0.0160426 0.197895
0.635311 0.0258243 0.197895
0.645256 -0.140558 0.0804069
0.769406 -0.0965056 0.139151
0.635315 -0.0280056 0.197895
0.665106 0.0502947 0.197895
0.734639 -0.0475722 0.197895
0.680013 -0.067151 0.0804069
0.660151 -0.0965143 0.197895
0.655188 -0.13077 0.0804069
0.69492 -0.174809 0.114674
0.764434 -0.0231017 0.0804069
0.610479 0.0405031 0.0804069
0.769405 -0.0818247 0.124465
0.635327 -0.174814 0.173418
0.769399 -0.00352679 0.148942
0.749535 -0.0182092 0.197895
0.665105 0.0551884 0.197895
0.724717 -0.169914 0.197895
0.675045 -0.032896 0.0804069
0.739609 -0.0867207 0.197895
0.660158 -0.174812 0.197895
0.635321 -0.106304 0.197895
0.749542 -0.101401 0.197895
0.660152 -0.101408 0.0804069
0.625382 -0.0182191 0.0804069
0.650223 -0.150345 0.197895
0.769395 0.0454094 0.193
0.660157 -0.165025 0.197895
0.610493 -0.130774 0.168523
0.714773 -0.0231056 0.0804069
0.660156 -0.155238 0.197895
0.719746 -0.116084 0.197895
0.660155 -0.140557 0.197895
0.68001 -0.0231084 0.197895
0.734644 -0.101402 0.197895
0.610482 0.00624779 0.11957
0.66511 0.00135852 0.197895
0.645257 -0.145452 0.197895
0.764433 -0.0133144 0.197895
0.709813 -0.0965104 0.197895
0.665105 0.0551884 0.178314
0.610483 -0.0133267 0.173418
0.630355 -0.10141 0.0804069
0.610495 -0.160135 0.0999883
0.660152 -0.101408 0.197895
0.670089 -0.165024 0.0804069
0.660151 -0.0867271 0.197895
0.63532 -0.086729 0.197895
0.635326 -0.165027 0.197895
0.610492 -0.120986 0.197895
0.660149 -0.0720462 0.197895
0.769399 -0.00352679 0.178314
0.709815 -0.130766 0.197895
0.769401 -0.0328885 0.158732
0.709816 -0.135659 0.197895
0.689951 -0.130767 0.0804069
0.660149 -0.062259 0.197895
0.68498 -0.0720442 0.0804069
0.744579 -0.145444 0.0804069
0.610481 0.0209287 0.134256
0.7545 0.00136565 0.0804069
0.64029 -0.135665 0.0804069
0.729681 -0.145445 0.197895
0.769396 0.0307286 0.168523
0.65518 -0.028004 0.0804069
0.73961 -0.101402 0.197895
0.665116 -0.081833 0.197895
0.709819 -0.174808 0.183209
0.64525 -0.0573665 0.197895
0.724707 -0.0524666 0.0804069
0.660147 -0.0475781 0.197895
0.7396 0.0258326 0.0804069
0.660145 -0.02311 0.197895
0.769405 -0.0818247 0.0804069
0.660145 -0.0182164 0.197895
0.699868 0.0551911 0.114674
0.66014 0.0454007 0.197895
0.665121 -0.14545 0.197895
0.665115 -0.0622586 0.0804069
0.660141 0.0307199 0.197895
0.615448 0.0111418 0.0804069
0.610489 -0.0818374 0.158732
0.610491 -0.106306 0.0804069
0.744565 0.0405138 0.0804069
0.650216 -0.0622597 0.0804069
0.655191 -0.165025 0.197895
0.704844 -0.067149 0.0804069
0.684978 -0.0475761 0.197895
0.719738 -0.013318 0.197895
0.704852 -0.165021 0.197895
0.70981 -0.0671486 0.197895
0.694912 -0.0720434 0.197895
0.610483 -0.00353945 0.178314
0.635317 -0.0475801 0.0804069
0.694909 -0.0280008 0.197895
0.74953 0.0551951 0.193
0.655188 -0.135664 0.197895
0.610483 -0.00843307 0.183209
0.655188 -0.13077 0.197895
0.769395 0.0405158 0.144046
0.670085 -0.111194 0.0804069
0.635319 -0.0720482 0.197895
0.655187 -0.120983 0.197895
0.699875 -0.0280004 0.197895
0.709814 -0.116085 0.0804069
0.729676 -0.0867215 0.197895
0.610493 -0.140561 0.197895
0.68995 -0.116086 0.197895
0.749538 -0.047571 0.0804069
0.670078 -0.0280028 0.0804069
0.61049 -0.0965183 0.158732
0.635316 -0.0328992 0.0804069
0.66014 0.0502943 0.197895
0.655182 -0.0622594 0.197895
0.769402 -0.0475694 0.109779
0.680022 -0.174811 0.0804069
0.675039 0.0356147 0.0804069
0.655182 -0.0573657 0.197895
0.769404 -0.0671439 0.163628
0.759479 -0.15523 0.197895
0.610481 0.0111414 0.104884
0.739602 -0.00352916 0.197895
0.610486 -0.047582 0.124465
0.69988 -0.0916175 0.197895
0.630349 -0.028006 0.197895
0.769396 0.0258349 0.124465
0.764437 -0.057357 0.197895
0.65518 -0.0377912 0.197895
0.655178 -0.00842951 0.197895
0.640289 -0.120984 0.197895
0.615455 -0.0867306 0.197895
0.655177 0.00625135 0.197895
0.769398 0.0111541 0.197895
0.729682 -0.160126 0.197895
0.67009 -0.174811 0.139151
0.640277 0.0258247 0.197895
0.699869 0.0502975 0.197895
0.704851 -0.155234 0.197895
0.655175 0.0258258 0.197895
0.610486 -0.0426884 0.109779
0.734649 -0.174806 0.0853022
0.704838 0.0111489 0.197895
0.769398 0.0111541 0.188104
0.734633 0.0356194 0.197895
0.650225 -0.165026 0.197895
0.739609 -0.096508 0.197895
0.660156 -0.150344 0.197895
0.615462 -0.174816 0.114674
0.769397 0.0160477 0.178314
0.650224 -0.160132 0.197895
0.62041 0.0551848 0.163628
0.769412 -0.174804 0.197895
0.769396 0.0356222 0.188104
0.650223 -0.140558 0.197895
0.650222 -0.13077 0.197895
0.675038 0.0502955 0.0804069
0.625384 -0.0475809 0.197895
0.660145 -0.0182164 0.0804069
0.749534 0.00136525 0.197895
0.655185 -0.0916211 0.197895
0.610483 -0.00843307 0.0804069
0.719745 -0.101403 0.0804069
0.670085 -0.120982 0.197895
0.61049 -0.0965183 0.0999883
0.615447 0.0209291 0.197895
0.620427 -0.155241 0.197895
0.610488 -0.0671565 0.193
0.650219 -0.0965151 0.197895
0.610478 0.055184 0.0950929
0.684987 -0.155236 0.0804069
0.719733 0.0551927 0.153837
0.62539 -0.111198 0.197895
0.660147 -0.0377908 0.197895
0.650212 -0.00353629 0.197895
0.630351 -0.0475805 0.197895
0.769405 -0.0769311 0.178314
0.754514 -0.174805 0.114674
0.764444 -0.150336 0.197895
0.759463 0.040515 0.197895
0.689947 -0.0769375 0.197895
0.610493 -0.140561 0.158732
0.699884 -0.140554 0.0804069
0.610492 -0.120986 0.178314
0.769397 0.0160477 0.0853022
0.625383 -0.0280064 0.197895
0.744575 -0.091614 0.197895
0.610493 -0.135667 0.153837
0.769397 0.0209413 0.148942
0.625384 -0.0426872 0.197895
0.769408 -0.120974 0.197895
0.769409 -0.125867 0.197895
0.650213 -0.0231108 0.197895
0.689948 -0.0965119 0.197895
0.769396 0.0356222 0.158732
0.655186 -0.111196 0.197895
0.739605 -0.0377845 0.0804069
0.684975 -0.00353352 0.0804069
0.650209 0.0307191 0.0804069
0.739608 -0.0818271 0.197895
0.610496 -0.174816 0.134256
0.65519 -0.160132 0.197895
0.640278 0.0160374 0.197895
0.709802 0.0307238 0.197895
0.655173 0.050294 0.197895
0.675056 -0.174811 0.0999883
0.65021 0.0111446 0.197895
0.769395 0.0454094 0.144046
0.699881 -0.101405 0.197895
0.645256 -0.140558 0.197895
0.650208 0.0356127 0.197895
0.749537 -0.0328901 0.0804069
0.764428 0.0551963 0.168523
0.660141 0.0307199 0.0804069
0.665124 -0.174812 0.193
0.734632 0.040513 0.197895
0.660153 -0.120982 0.0804069
0.665107 0.0307203 0.197895
0.625377 0.045398 0.0804069
0.645259 -0.16992 0.197895
0.610496 -0.169923 0.134256
0.719742 -0.0573606 0.197895
0.61048 0.0258223 0.139151
0.729671 -0.0231044 0.197895
0.769406 -0.0965056 0.188104
0.689936 0.0551903 0.178314
0.769394 0.0551967 0.0901976
0.645255 -0.120984 0.197895
0.645254 -0.11609 0.197895
0.645257 -0.150345 0.197895
0.635313 -0.00353747 0.197895
0.610496 -0.174816 0.173418
0.704834 0.0551915 0.0950929
0.675053 -0.140556 0.0804069
0.610488 -0.0720502 0.0999883
0.645256 -0.130771 0.197895
0.689949 -0.111193 0.197895
0.615446 0.0307163 0.197895
0.620428 -0.165028 0.197895
0.62042 -0.0720494 0.0804069
0.749535 -0.0133156 0.197895
0.625392 -0.14056 0.0804069
0.610481 0.016035 0.12936
0.655181 -0.0426849 0.197895
0.769396 0.0356222 0.197895
0.640275 0.0502928 0.197895
0.769402 -0.0475694 0.134256
0.680022 -0.174811 0.153837
0.640282 -0.0426861 0.0804069
0.630349 -0.0328996 0.0804069
0.645253 -0.0965155 0.197895
0.739597 0.0551943 0.0901976
0.660157 -0.169919 0.197895
0.64029 -0.135665 0.197895
0.645252 -0.0818346 0.197895
0.650213 -0.0182172 0.0804069
0.660143 0.00135813 0.0804069
0.645251 -0.076941 0.197895
0.689947 -0.0867247 0.197895
0.734637 -0.0182104 0.197895
0.769402 -0.0426758 0.188104
0.76941 -0.150335 0.11957
0.660143 0.00625175 0.0804069
0.749542 -0.0965072 0.197895
0.610486 -0.0426884 0.0804069
0.704853 -0.174809 0.163628
0.650212 -0.0133235 0.0804069
0.74953 0.0454079 0.197895
0.7247 0.0454059 0.0804069
0.724717 -0.174807 0.134256
0.645251 -0.0671538 0.197895
0.650208 0.0405063 0.0804069
0.7694 -0.0231013 0.158732
0.630348 -0.0182187 0.0804069
0.724699 0.0502995 0.197895
0.650207 0.0551872 0.153837
0.684973 0.0209346 0.0804069
0.689954 -0.169916 0.0804069
0.640276 0.0405055 0.197895
0.769409 -0.135655 0.163628
0.610489 -0.0818374 0.197895
0.734647 -0.140551 0.197895
0.645249 -0.0426857 0.197895
0.610484 -0.0182203 0.109779
0.640284 -0.0622605 0.0804069
0.69492 -0.174809 0.0901976
0.625383 -0.0280064 0.0804069
0.660148 -0.0573653 0.0804069
0.675046 -0.0524705 0.197895
0.610492 -0.12588 0.0853022
0.769394 0.0551967 0.197895
0.660147 -0.0426845 0.0804069
0.625389 -0.106304 0.197895
0.635319 -0.0720482 0.0804069
0.714782 -0.140553 0.197895
0.684975 -0.0133208 0.0804069
0.645248 -0.037792 0.197895
0.645247 -0.0280048 0.197895
0.650225 -0.174813 0.139151
0.61049 -0.0965183 0.104884
0.675041 0.0111466 0.197895
0.68002 -0.150343 0.197895
0.670072 0.0502951 0.197895
0.670082 -0.0818327 0.0804069
0.759462 0.0551959 0.0804069
0.620411 0.0502912 0.197895
0.660146 -0.0328972 0.0804069
0.69492 -0.174809 0.109779
0.675048 -0.0769386 0.197895
0.689948 -0.101406 0.197895
0.610478 0.055184 0.148942
0.645244 0.0209314 0.197895
0.610486 -0.0426884 0.114674
0.704853 -0.174809 0.178314
0.620417 -0.0329004 0.197895
0.769408 -0.11608 0.0901976
0.689949 -0.106299 0.197895
0.640291 -0.145452 0.0804069
0.744579 -0.14055 0.0804069
0.655191 -0.174813 0.144046
0.65021 0.0160382 0.197895
0.670071 0.0551888 0.139151
0.645243 0.025825 0.197895
0.610486 -0.0524757 0.134256
0.684977 -0.0328952 0.0804069
0.739604 -0.0328909 0.0804069
0.610486 -0.0426884 0.188104
0.615462 -0.174816 0.153837
0.769402 -0.0426758 0.197895
0.650225 -0.169919 0.197895
0.645243 0.0307187 0.197895
0.754497 0.0405146 0.0804069
0.754504 -0.0524642 0.197895
0.650219 -0.0916215 0.197895
0.67008 -0.0475773 0.197895
0.645248 -0.0328984 0.197895
0.615447 0.0160354 0.197895
0.670076 -0.0035347 0.0804069
0.744567 0.00625848 0.0804069
0.75948 -0.169911 0.0804069
0.640293 -0.174814 0.197895
0.625381 0.00135536 0.197895
0.660142 0.0258262 0.197895
0.729675 -0.067147 0.197895
0.640292 -0.165027 0.197895
0.714769 0.020937 0.197895
0.719751 -0.174808 0.197895
0.7545 -0.00352797 0.197895
0.610492 -0.120986 0.109779
0.650214 -0.0280044 0.0804069
0.714785 -0.174808 0.0853022
0.620413 0.0209294 0.0804069
0.670082 -0.076939 0.197895
0.694912 -0.0671498 0.197895
0.734636 -0.00842318 0.197895
0.610479 0.0453968 0.183209
0.714781 -0.125872 0.197895
0.640289 -0.125878 0.197895
0.640275 0.0551864 0.168523
0.675049 -0.0818323 0.197895
0.640288 -0.111197 0.197895
0.689943 -0.0328948 0.0804069
0.67008 -0.0573645 0.0804069
0.675046 -0.0524705 0.0804069
0.759463 0.0356214 0.0804069
0.764444 -0.145442 0.0804069
0.610493 -0.140561 0.148942
0.769408 -0.120974 0.153837
0.670074 0.025827 0.0804069
0.625386 -0.0671554 0.0804069
0.769406 -0.0965056 0.148942
0.660147 -0.0426845 0.197895
0.689939 0.0111477 0.197895
0.769395 0.0503031 0.183209
0.680007 0.011147 0.197895
0.610484 -0.0280076 0.0804069
0.670085 -0.120982 0.0804069
0.759476 -0.125868 0.197895
0.630346 0.0160366 0.197895
0.699881 -0.101405 0.0804069
0.640286 -0.081835 0.197895
0.684981 -0.0867251 0.0804069
0.675047 -0.0671514 0.197895
0.689936 0.0551903 0.197895
0.650216 -0.0622597 0.197895
0.769405 -0.0769311 0.11957
0.61049 -0.101412 0.0804069
0.640281 -0.0280052 0.197895
0.650207 0.0551872 0.109779
0.714785 -0.174808 0.104884
0.714772 -0.0133184 0.197895
0.64028 -0.0182179 0.197895
0.655186 -0.106302 0.197895
0.680012 -0.0524701 0.0804069
0.635322 -0.111197 0.197895
0.689942 -0.018214 0.197895
0.684988 -0.17481 0.173418
0.739608 -0.0769335 0.197895
0.714767 0.0551923 0.163628
0.769407 -0.106293 0.139151
0.709809 -0.0524678 0.0804069
0.76941 -0.140548 0.104884
0.734649 -0.174806 0.183209
0.610494 -0.145454 0.148942
0.769399 -0.00842041 0.193
0.640278 0.0111438 0.197895
0.610495 -0.165029 0.173418
0.704845 -0.0769363 0.197895
0.63532 -0.0916227 0.0804069
0.655184 -0.0818338 0.197895
0.680013 -0.0573638 0.197895
0.655191 -0.174813 0.197895
0.610478 0.055184 0.0853022
0.610487 -0.0622629 0.0804069
0.719743 -0.0671478 0.0804069
0.7098 0.0551919 0.134256
0.61048 0.0258223 0.183209
0.665121 -0.135663 0.197895
0.699873 0.00136129 0.197895
0.769398 0.00626046 0.153837
0.729675 -0.0720407 0.0804069
0.640275 0.0551864 0.197895
0.610492 -0.12588 0.188104
0.655176 0.0209322 0.197895
0.635317 -0.0524737 0.197895
0.724706 -0.0279985 0.197895
0.650212 -0.0133235 0.197895
0.635321 -0.10141 0.197895
0.704848 -0.120979 0.197895
0.610488 -0.0720502 0.12936
0.769397 0.0209413 0.197895
0.650225 -0.174813 0.193
0.660144 -0.00842912 0.197895
0.769403 -0.0622502 0.0901976
0.734639 -0.0377849 0.0804069
0.610481 0.016035 0.197895
0.694902 0.0551907 0.114674
0.684984 -0.12098 0.0804069
0.744579 -0.135657 0.197895
0.635319 -0.0818354 0.197895
0.729674 -0.0573598 0.197895
0.61048 0.0258223 0.12936
0.645252 -0.0818346 0.0804069
0.610479 0.0405031 0.168523
0.714783 -0.155233 0.197895
0.769401 -0.0279949 0.0901976
0.709817 -0.15034 0.0804069
0.769405 -0.0769311 0.197895
0.699873 -0.00842595 0.197895
0.724699 0.0502995 0.0804069
0.625395 -0.174815 0.0950929
0.620419 -0.0524749 0.0804069
0.635316 -0.0328992 0.197895
0.610484 -0.0280076 0.163628
0.769408 -0.11608 0.188104
0.615455 -0.081837 0.197895
0.759466 0.00136604 0.197895
0.660146 -0.0280036 0.197895
0.769401 -0.0279949 0.168523
0.709817 -0.155234 0.197895
0.610493 -0.140561 0.0804069
0.640282 -0.0426861 0.197895
0.754503 -0.0377833 0.197895
0.769403 -0.052463 0.139151
0.675042 -0.00353431 0.197895
0.680019 -0.135662 0.197895
0.665124 -0.174812 0.197895
0.769402 -0.0426758 0.124465
0.734637 -0.0182104 0.0804069
0.620422 -0.0916239 0.197895
0.625391 -0.135666 0.0804069
0.709808 -0.0426805 0.0804069
0.635316 -0.0426865 0.197895
0.724714 -0.135658 0.197895
0.610484 -0.0182203 0.193
0.660142 0.0209326 0.197895
0.665123 -0.169918 0.197895
0.680005 0.0356151 0.0804069
0.754514 -0.174805 0.0901976
0.610486 -0.0524757 0.197895
0.769409 -0.130761 0.193
0.630342 0.0551856 0.193
0.684979 -0.062257 0.0804069
0.650217 -0.0769406 0.197895
0.739609 -0.096508 0.0804069
0.645246 -0.0084303 0.197895
0.680006 0.0307214 0.0804069
0.610494 -0.150348 0.0804069
0.655191 -0.174813 0.0901976
0.714776 -0.0671482 0.0804069
0.635317 -0.0475801 0.197895
0.684982 -0.0965123 0.197895
0.650217 -0.072047 0.197895
0.610483 -0.0133267 0.144046
0.689951 -0.135661 0.0804069
0.714784 -0.165021 0.197895
0.625386 -0.0622617 0.197895
0.610478 0.0502904 0.109779
0.635314 -0.0133247 0.0804069
0.719738 -0.013318 0.0804069
0.62042 -0.0622621 0.197895
0.75947 -0.0475702 0.0804069
0.620423 -0.111198 0.197895
0.699871 0.0258294 0.197895
0.704849 -0.130766 0.197895
0.739597 0.0551943 0.0853022
0.610481 0.0111414 0.173418
0.610483 -0.00843307 0.0853022
0.625395 -0.174815 0.134256
0.670085 -0.116088 0.0804069
0.670084 -0.101407 0.197895
0.660149 -0.0720462 0.0804069
0.699882 -0.120979 0.0804069
0.610481 0.0111414 0.0853022
0.630353 -0.0818358 0.197895
0.630357 -0.125878 0.197895
0.655173 0.0551876 0.109779
0.76443 0.0258345 0.0804069
0.769404 -0.0671439 0.104884
0.675041 0.00625294 0.197895
0.68002 -0.145449 0.197895
0.699883 -0.130766 0.197895
0.670072 0.0454015 0.197895
0.689947 -0.0769375 0.0804069
0.610493 -0.140561 0.124465
0.709806 -0.0133188 0.197895
0.76941 -0.140548 0.188104
0.625394 -0.169921 0.197895
0.635309 0.0453987 0.197895
0.610487 -0.0573693 0.188104
0.734631 0.0551939 0.163628
0.655183 -0.067153 0.197895
0.615461 -0.155241 0.197895
0.689941 -0.0133204 0.0804069
0.65519 -0.155238 0.0804069
0.665124 -0.174812 0.183209
0.615457 -0.101411 0.197895
0.764429 0.0405154 0.197895
0.719746 -0.11119 0.197895
0.75451 -0.120975 0.0804069
0.610486 -0.047582 0.11957
0.670075 0.00625254 0.0804069
0.61048 0.0307159 0.0901976
0.615462 -0.169922 0.197895
0.75948 -0.169911 0.197895
0.650224 -0.160132 0.0804069
0.709805 0.00136209 0.197895
0.70484 -0.0182128 0.197895
0.650207 0.0551872 0.11957
0.630359 -0.150347 0.197895
0.714771 0.0062561 0.197895
0.610494 -0.145454 0.12936
0.675038 0.0454019 0.0804069
0.680017 -0.111194 0.197895
0.744581 -0.169912 0.197895
0.694913 -0.076937 0.197895
0.645256 -0.130771 0.0804069
0.645251 -0.0720474 0.0804069
0.640291 -0.155239 0.197895
0.610481 0.0209287 0.0999883
0.62539 -0.120985 0.197895
0.650221 -0.120983 0.197895
0.655177 0.011145 0.197895
0.764446 -0.174804 0.197895
0.759465 0.0160469 0.197895
0.7098 0.0551919 0.197895
0.625387 -0.0769426 0.197895
0.709808 -0.0328933 0.0804069
0.625388 -0.0916235 0.0804069
0.610479 0.0356095 0.158732
0.660142 0.016039 0.0804069
0.680013 -0.0622574 0.197895
0.610494 -0.145454 0.0950929
0.684971 0.0356155 0.197895
0.689953 -0.160129 0.197895
0.620414 0.00624858 0.197895
0.610484 -0.0231139 0.114674
0.640291 -0.145452 0.197895
0.610482 0.00624779 0.197895
0.610486 -0.0524757 0.144046
0.620425 -0.135666 0.0804069
0.615444 0.0502908 0.0804069
0.65022 -0.106302 0.197895
0.680022 -0.174811 0.0901976
0.610479 0.0356095 0.197895
0.769394 0.0551967 0.139151
0.764436 -0.0426762 0.0804069
0.709815 -0.125872 0.197895
0.729676 -0.0818279 0.0804069
0.655174 0.0454003 0.0804069
0.749548 -0.174805 0.163628
0.684988 -0.17481 0.197895
0.714782 -0.135659 0.197895
0.689947 -0.0818311 0.197895
0.749536 -0.0231029 0.0804069
0.610493 -0.135667 0.144046
0.684971 0.0454027 0.0804069
0.689952 -0.145448 0.0804069
0.769408 -0.120974 0.183209
0.620419 -0.0573685 0.197895
0.655185 -0.0965147 0.197895
0.769412 -0.174804 0.139151
0.62041 0.0551848 0.197895
0.620411 0.0453976 0.197895
0.759462 0.0551959 0.193
0.610495 -0.165029 0.178314
0.61546 -0.150348 0.197895
0.660158 -0.174812 0.12936
0.749548 -0.174805 0.124465
0.645259 -0.174813 0.0804069
0.610484 -0.0280076 0.148942
0.769403 -0.052463 0.0950929
0.754512 -0.150337 0.197895
0.610484 -0.0231139 0.11957
0.610492 -0.12588 0.11957
0.724708 -0.0622538 0.197895
0.610492 -0.12588 0.197895
0.630361 -0.174815 0.114674
0.630342 0.0551856 0.168523
0.610492 -0.116093 0.0999883
0.62042 -0.0671557 0.197895
0.665115 -0.0720458 0.0804069
0.699878 -0.0671494 0.197895
0.610478 0.055184 0.124465
0.610494 -0.150348 0.114674
0.640275 0.0551864 0.0999883
0.625394 -0.165028 0.197895
0.704834 0.0551915 0.148942
0.625376 0.0551852 0.197895
0.61048 0.0307159 0.183209
0.660148 -0.0524717 0.197895
0.610479 0.0356095 0.12936
0.620418 -0.0426876 0.197895
0.610487 -0.0622629 0.178314
0.739599 0.0356198 0.197895
0.749538 -0.0524646 0.197895
0.610479 0.0453968 0.193
0.610496 -0.169923 0.139151
0.714779 -0.101404 0.197895
0.620425 -0.125879 0.197895
0.610488 -0.0671565 0.153837
0.680017 -0.116087 0.197895
0.620422 -0.0965175 0.197895
0.620413 0.0160358 0.197895
0.665119 -0.111195 0.0804069
0.610483 -0.00843307 0.0901976
0.650207 0.0551872 0.114674
0.630352 -0.0622613 0.197895
0.739604 -0.0231036 0.197895
0.630358 -0.145453 0.197895
0.620421 -0.0818366 0.0804069
0.734649 -0.174806 0.193
0.655187 -0.120983 0.0804069
0.640279 0.00625017 0.197895
0.660155 -0.145451 0.197895
0.645252 -0.0867283 0.197895
0.630361 -0.174815 0.104884
0.61545 -0.0231135 0.197895
0.74953 0.0551951 0.173418
0.670078 -0.0328964 0.0804069
0.739614 -0.160125 0.197895
0.610484 -0.0231139 0.144046
0.610485 -0.0329012 0.197895
0.665121 -0.135663 0.0804069
0.704847 -0.106298 0.197895
0.615453 -0.0524753 0.0804069
0.620426 -0.14056 0.0804069
0.615444 0.0551844 0.0804069
0.689942 -0.0231076 0.197895
0.769408 -0.11608 0.0950929
0.635314 -0.0084311 0.197895
0.675045 -0.0377897 0.197895
0.689954 -0.17481 0.188104
0.734649 -0.174806 0.173418
0.62041 0.0551848 0.188104
0.660144 -0.00353549 0.197895
0.660149 -0.0671526 0.197895
0.709818 -0.169915 0.197895
0.71478 -0.116084 0.0804069
0.665107 0.0307203 0.0804069
0.625385 -0.0573681 0.197895
0.744582 -0.174806 0.144046
0.655176 0.0160386 0.0804069
0.64029 -0.140558 0.0804069
0.610479 0.0405031 0.124465
0.694902 0.0551907 0.188104
0.645247 -0.0182175 0.197895
0.660139 0.055188 0.144046
0.7694 -0.0182077 0.0999883
0.719747 -0.125871 0.0804069
0.724713 -0.116084 0.197895
0.689946 -0.0720438 0.197895
0.769408 -0.120974 0.173418
0.665123 -0.165025 0.197895
0.610486 -0.047582 0.197895
0.744569 -0.0182096 0.0804069
0.769405 -0.0769311 0.0901976
0.615458 -0.120986 0.197895
0.694914 -0.0965115 0.0804069
0.625391 -0.135666 0.197895
0.675044 -0.0280024 0.197895
0.610489 -0.086731 0.197895
0.615451 -0.0377944 0.197895
0.660139 0.055188 0.134256
0.7694 -0.0182077 0.104884
0.764431 0.0209409 0.0804069
0.610493 -0.135667 0.0804069
0.610487 -0.0622629 0.193
0.660158 -0.174812 0.104884
0.640283 -0.0475797 0.197895
0.69988 -0.0965111 0.197895
0.610488 -0.0671565 0.0999883
0.615448 0.00135456 0.197895
0.714776 -0.0622546 0.0804069
0.610487 -0.0622629 0.124465
0.635312 0.00624977 0.197895
0.769404 -0.0671439 0.197895
0.749547 -0.160124 0.197895
0.699869 0.0405103 0.197895
0.70485 -0.145447 0.197895
0.625377 0.045398 0.197895
0.670087 -0.14545 0.0804069
0.620412 0.0307167 0.0804069
0.769411 -0.155229 0.144046
0.724707 -0.0524666 0.197895
0.665108 0.0160394 0.197895
0.610486 -0.0524757 0.12936
0.625381 -0.00843189 0.197895
0.704841 -0.0328937 0.197895
0.610496 -0.174816 0.109779
0.615452 -0.0475817 0.197895
0.610484 -0.0182203 0.197895
0.665114 -0.0524713 0.197895
0.73464 -0.0573594 0.0804069
0.660148 -0.0573653 0.197895
0.610483 -0.0133267 0.197895
0.610484 -0.0280076 0.197895
0.739616 -0.174806 0.173418
0.670081 -0.0671518 0.0804069
0.655187 -0.116089 0.197895
0.769407 -0.106293 0.193
0.645255 -0.125877 0.0804069
0.640275 0.0453991 0.197895
0.694902 0.0551907 0.148942
0.76444 -0.1014 0.197895
0.610495 -0.165029 0.0901976
0.610495 -0.165029 0.197895
0.620418 -0.037794 0.0804069
0.670087 -0.135662 0.197895
0.675039 0.0405083 0.0804069
0.610493 -0.135667 0.183209
0.744574 -0.0769331 0.197895
0.729678 -0.11119 0.0804069
0.689936 0.0551903 0.148942
0.769394 0.0551967 0.168523
0.645254 -0.111196 0.0804069
0.680017 -0.116087 0.0804069
0.635309 0.055186 0.11957
0.645241 0.0502932 0.197895
0.610484 -0.0231139 0.0804069
0.680007 0.0160406 0.197895
0.655186 -0.101408 0.197895
0.769409 -0.135655 0.193
0.744571 -0.0377841 0.197895
0.675043 -0.00842793 0.197895
0.680019 -0.130768 0.197895
0.769402 -0.0475694 0.197895
0.675039 0.0356147 0.197895
0.680022 -0.174811 0.197895
0.655174 0.0405067 0.197895
0.610496 -0.169923 0.153837
0.729683 -0.174807 0.0853022
0.724714 -0.130765 0.197895
0.709813 -0.106298 0.197895
0.610478 0.055184 0.197895
0.635323 -0.125878 0.197895
0.630348 -0.0182187 0.197895
0.655191 -0.169919 0.197895
0.610482 0.00624779 0.109779
0.61545 -0.0182199 0.0804069
0.680012 -0.0475765 0.197895
0.724705 -0.0231048 0.197895
0.769405 -0.0818247 0.139151
0.635327 -0.174814 0.193
0.610488 -0.0769438 0.197895
0.665116 -0.081833 0.0804069
0.615462 -0.174816 0.104884
0.769396 0.0258349 0.188104
0.635321 -0.0965163 0.197895
0.655179 -0.0231104 0.197895
0.610495 -0.155242 0.139151
0.61545 -0.0182199 0.197895
0.694918 -0.140554 0.197895
0.655189 -0.150345 0.197895
0.625393 -0.155241 0.197895
0.610482 0.00135417 0.109779
0.610486 -0.0426884 0.12936
0.61049 -0.0965183 0.197895
0.76941 -0.140548 0.109779
0.655179 -0.0133231 0.197895
0.759469 -0.0377829 0.197895
0.635315 -0.023112 0.0804069
0.684976 -0.023108 0.197895
0.665114 -0.0573649 0.197895
0.610494 -0.145454 0.197895
0.640293 -0.174814 0.153837
0.764446 -0.16991 0.197895
0.759465 0.0111533 0.197895
0.749548 -0.174805 0.134256
0.660158 -0.174812 0.183209
0.615446 0.0356099 0.197895
0.620428 -0.169922 0.197895
0.76941 -0.150335 0.114674
0.764435 -0.0328889 0.197895
0.655178 -0.00353589 0.197895
0.610487 -0.0573693 0.197895
0.63532 -0.086729 0.0804069
0.640279 0.00135654 0.197895
0.625387 -0.0818362 0.197895
0.665124 -0.174812 0.0999883
0.749539 -0.0671455 0.197895
0.680013 -0.067151 0.197895
0.749543 -0.116082 0.197895
0.610491 -0.106306 0.197895
0.620424 -0.120986 0.197895
0.719743 -0.0769351 0.197895
0.739597 0.0551943 0.12936
0.610482 0.00135417 0.197895
0.62042 -0.0720494 0.197895
0.61048 0.0258223 0.197895
0.650222 -0.13077 0.0804069
0.620418 -0.037794 0.197895
0.61049 -0.0916246 0.188104
0.640287 -0.0965159 0.197895
0.704841 -0.0231064 0.197895
0.615454 -0.0720498 0.197895
0.744579 -0.14055 0.197895
0.610495 -0.160135 0.163628
0.66015 -0.0818334 0.197895
0.724709 -0.0769347 0.0804069
0.655187 -0.125876 0.197895
0.650219 -0.0965151 0.0804069
0.610485 -0.0377948 0.193
0.610488 -0.0769438 0.0804069
0.689938 0.0356159 0.197895
0.769396 0.0307286 0.197895
0.670077 -0.00842832 0.197895
0.610495 -0.165029 0.193
0.660139 0.055188 0.153837
0.625393 -0.160134 0.0804069
0.610481 0.0111414 0.148942
0.630353 -0.0720486 0.197895
0.734637 -0.0133168 0.197895
0.769401 -0.0377821 0.188104
0.699876 -0.0475749 0.197895
0.670089 -0.169918 0.0804069
0.61048 0.0258223 0.144046
0.704848 -0.111192 0.197895
0.769405 -0.0867184 0.148942
0.610485 -0.0329012 0.109779
0.610479 0.0405031 0.183209
0.650216 -0.0524725 0.0804069
0.74458 -0.150337 0.197895
0.63035 -0.0426868 0.0804069
0.620414 0.0111422 0.197895
0.704839 -0.00353193 0.197895
0.709803 0.0209366 0.197895
0.610488 -0.0769438 0.148942
0.610493 -0.135667 0.197895
0.749548 -0.174805 0.158732
0.630361 -0.174815 0.197895
0.689948 -0.0916183 0.0804069
0.635309 0.055186 0.104884
0.635319 -0.0769418 0.0804069
0.754514 -0.174805 0.11957
0.709813 -0.0965104 0.0804069
0.704853 -0.174809 0.104884
0.714784 -0.160127 0.197895
0.620429 -0.174815 0.11957
0.640277 0.020931 0.0804069
0.769395 0.0454094 0.173418
0.689944 -0.0475757 0.0804069
0.719734 0.0356182 0.0804069
0.734638 -0.0328913 0.0804069
0.63036 -0.165027 0.0804069
0.620416 -0.0133259 0.197895
0.610488 -0.0671565 0.188104
0.61048 0.0307159 0.197895
0.645245 0.00625056 0.0804069
0.610493 -0.140561 0.0999883
0.630351 -0.0573677 0.197895
0.66512 -0.125876 0.0804069
0.714769 0.0258306 0.0804069
0.719751 -0.169914 0.0804069
0.610491 -0.111199 0.168523
0.630359 -0.15524 0.197895
0.729673 -0.0426789 0.197895
0.620423 -0.101411 0.0804069
0.615462 -0.165029 0.197895
0.694905 0.0209354 0.197895
0.684978 -0.0524697 0.197895
0.675054 -0.150343 0.0804069
0.610478 0.0502904 0.158732
0.769407 -0.101399 0.0950929
0.635313 0.00135615 0.197895
0.769407 -0.101399 0.158732
0.630355 -0.0965167 0.0804069
0.675056 -0.174811 0.0950929
0.610495 -0.155242 0.0999883
0.714781 -0.120978 0.197895
0.769405 -0.0769311 0.104884
0.61049 -0.101412 0.11957
0.769412 -0.174804 0.0999883
0.610492 -0.116093 0.197895
0.759474 -0.0965064 0.197895
0.615444 0.0551844 0.114674
0.729669 0.00136367 0.197895
0.610485 -0.0377948 0.197895
0.610488 -0.0720502 0.153837
0.670073 0.0405079 0.0804069
0.635323 -0.120984 0.0804069
0.610488 -0.0671565 0.197895
0.704847 -0.101404 0.197895
0.640284 -0.0573669 0.0804069
0.709819 -0.174808 0.163628
0.714767 0.0551923 0.12936
0.769407 -0.106293 0.0804069
0.635312 0.0111434 0.197895
0.660143 0.0111454 0.197895
0.704837 0.0209362 0.197895
0.69491 -0.0377881 0.197895
0.739603 -0.0133164 0.197895
0.615458 -0.12588 0.197895
0.660139 0.055188 0.109779
0.709815 -0.120978 0.0804069
0.764431 0.0160473 0.197895
0.744571 -0.0426777 0.197895
0.734634 0.0160449 0.197895
0.670085 -0.111194 0.197895
0.610482 0.00624779 0.0999883
0.739616 -0.174806 0.109779
0.630353 -0.0769422 0.197895
0.67008 -0.0475773 0.0804069
0.655179 -0.0182168 0.197895
0.610479 0.0356095 0.193
0.759477 -0.135655 0.197895
0.655173 0.0551876 0.197895
0.61049 -0.0965183 0.0950929
0.665111 -0.0133223 0.197895
0.67009 -0.174811 0.124465
0.630349 -0.0328996 0.197895
0.754505 -0.0671451 0.0804069
0.660146 -0.0328972 0.197895
0.769405 -0.0818247 0.148942
0.635327 -0.174814 0.197895
0.68001 -0.028002 0.197895
0.645245 0.00135694 0.0804069
0.769395 0.0503031 0.0999883
0.625382 -0.0133255 0.197895
0.660147 -0.0377908 0.0804069
0.769396 0.0258349 0.183209
0.625384 -0.0377936 0.0804069
0.650207 0.0502936 0.197895
0.68001 -0.0182148 0.197895
0.620412 0.0258231 0.197895
0.610483 -0.0133267 0.0950929
0.610488 -0.0720502 0.197895
0.650225 -0.174813 0.11957
0.704843 -0.0475745 0.197895
0.769402 -0.0475694 0.0950929
0.680022 -0.174811 0.0950929
0.754512 -0.15523 0.197895
0.615449 -0.00843268 0.197895
0.709819 -0.174808 0.0999883
0.630352 -0.067155 0.197895
0.61546 -0.150348 0.0804069
0.694902 0.0502971 0.0804069
0.610495 -0.165029 0.153837
0.719733 0.0551927 0.134256
0.645253 -0.0916219 0.197895
0.61049 -0.101412 0.197895
0.684973 0.0111474 0.197895
0.620415 -0.00843228 0.197895
0.620415 -0.00353866 0.0804069
0.670089 -0.169918 0.197895
0.675045 -0.0426833 0.197895
0.610486 -0.0426884 0.139151
0.754514 -0.174805 0.168523
0.704853 -0.174809 0.153837
0.769407 -0.111186 0.188104
0.655184 -0.0769402 0.197895
0.625378 0.0307171 0.197895
0.769401 -0.0328885 0.193
0.734637 -0.023104 0.197895
0.61048 0.0307159 0.104884
0.729665 0.0551935 0.144046
0.62539 -0.116092 0.197895
0.655177 0.00625135 0.0804069
0.655173 0.0551876 0.12936
0.729667 0.0258318 0.197895
0.694906 0.0111481 0.197895
0.610479 0.0453968 0.148942
0.769397 0.0160477 0.0901976
0.65518 -0.0328976 0.197895
0.615448 0.00624819 0.197895
0.645251 -0.0720474 0.197895
0.694906 0.0013609 0.0804069
0.749536 -0.0279965 0.197895
0.709817 -0.145447 0.197895
0.74954 -0.0818263 0.197895
0.68995 -0.12098 0.197895
0.630347 -0.00353787 0.197895
0.769399 -0.00842041 0.104884
0.68995 -0.125874 0.197895
0.754501 -0.0133152 0.0804069
0.630347 -0.00843149 0.197895
0.675046 -0.0475769 0.0804069
0.615448 0.0111418 0.197895
0.764442 -0.125868 0.197895
0.769411 -0.155229 0.197895
0.709811 -0.0769359 0.197895
0.620419 -0.0573685 0.0804069
0.719737 0.0062565 0.197895
0.610495 -0.160135 0.0853022
0.620417 -0.0280068 0.0804069
0.63036 -0.160134 0.197895
0.729679 -0.116083 0.0804069
0.610495 -0.160135 0.0804069
0.684976 -0.0182144 0.197895
0.660146 -0.0280036 0.0804069
0.769396 0.0258349 0.0804069
0.670078 -0.0231092 0.197895
0.769406 -0.091612 0.104884
0.714772 -0.018212 0.197895
0.759473 -0.0867192 0.197895
0.610496 -0.169923 0.12936
0.769407 -0.106293 0.11957
0.670081 -0.0671518 0.197895
0.64525 -0.0622601 0.0804069
0.650218 -0.0867279 0.197895
0.620426 -0.145454 0.197895
0.680004 0.0551895 0.139151
0.769395 0.0405158 0.197895
0.640289 -0.130771 0.197895
0.625377 0.0405043 0.197895
0.769407 -0.111186 0.104884
0.655176 0.0160386 0.197895
0.650221 -0.11609 0.197895
0.699877 -0.0524685 0.0804069
0.625379 0.0258235 0.197895
0.640289 -0.120984 0.0804069
0.724714 -0.130765 0.0804069
0.645242 0.0356123 0.197895
0.769405 -0.0818247 0.183209
0.75948 -0.174804 0.178314
0.684988 -0.17481 0.163628
0.680004 0.0551895 0.0901976
0.625381 -0.00353827 0.197895
0.764428 0.0551963 0.173418
0.645247 -0.0182175 0.0804069
0.734641 -0.0671466 0.0804069
0.769395 0.0454094 0.0999883
0.625382 -0.0182191 0.197895
0.635323 -0.120984 0.197895
0.76941 -0.145442 0.114674
0.655177 0.00135773 0.197895
0.699874 -0.0231068 0.197895
0.670075 0.0160398 0.197895
0.625386 -0.0671554 0.197895
0.610478 0.055184 0.178314
0.655191 -0.174813 0.109779
0.734631 0.0551939 0.178314
0.635309 0.0453987 0.0804069
0.650208 0.0356127 0.0804069
0.630349 -0.0231124 0.197895
0.655189 -0.140557 0.197895
0.769409 -0.135655 0.168523
0.670076 0.00135892 0.197895
0.62538 0.00624898 0.197895
0.640293 -0.16992 0.0804069
0.7694 -0.013314 0.0853022
0.724701 0.030725 0.0804069
0.610484 -0.0231139 0.197895
0.665114 -0.0475777 0.197895
0.625385 -0.0524745 0.197895
0.625388 -0.0867298 0.197895
0.625388 -0.0867298 0.0804069
0.684972 0.0307218 0.197895
0.610482 0.00135417 0.144046
0.769402 -0.0426758 0.163628
0.675044 -0.0231088 0.0804069
0.769401 -0.0328885 0.0853022
0.714781 -0.130765 0.197895
0.724707 -0.0426793 0.0804069
0.769403 -0.0573566 0.0901976
0.635325 -0.150346 0.197895
0.610495 -0.160135 0.104884
0.640284 -0.0671542 0.197895
0.625389 -0.101411 0.197895
0.610484 -0.0280076 0.178314
0.739616 -0.174806 0.144046
0.665113 -0.0377905 0.197895
0.699871 0.0160422 0.197895
0.769398 0.0111541 0.173418
0.650225 -0.174813 0.163628
0.675049 -0.0818323 0.0804069
0.640275 0.0551864 0.193
0.739614 -0.155231 0.197895
0.610483 -0.00353945 0.183209
0.615454 -0.0671561 0.197895
0.655175 0.0356131 0.197895
0.630355 -0.106304 0.197895
0.7694 -0.0182077 0.0901976
0.734635 0.00625769 0.0804069
0.640277 0.0307183 0.197895
0.675056 -0.174811 0.114674
0.610495 -0.155242 0.11957
0.645254 -0.106303 0.0804069
0.625392 -0.14056 0.197895
0.769408 -0.11608 0.197895
0.610482 0.00624779 0.134256
0.61546 -0.14056 0.197895
0.650216 -0.0524725 0.197895
0.67505 -0.101407 0.0804069
0.724699 0.0551931 0.178314
0.684971 0.0454027 0.197895
0.689952 -0.145448 0.197895
0.769406 -0.091612 0.188104
0.610492 -0.116093 0.188104
0.76443 0.0356218 0.197895
0.665119 -0.116088 0.0804069
0.630358 -0.140559 0.197895
0.734642 -0.0818275 0.197895
0.625392 -0.145453 0.197895
0.610492 -0.120986 0.0901976
0.615458 -0.116092 0.197895
0.625393 -0.150347 0.197895
0.769395 0.0405158 0.139151
0.744574 -0.0818267 0.197895
0.650207 0.0551872 0.12936
0.714785 -0.174808 0.193
0.670074 0.0209334 0.197895
0.625393 -0.160134 0.197895
0.769409 -0.135655 0.12936
0.630342 0.0551856 0.197895
0.615456 -0.0916243 0.197895
0.610492 -0.12588 0.183209
0.670076 -0.0035347 0.197895
0.665117 -0.0965139 0.197895
0.665114 -0.0475777 0.0804069
0.759466 0.00625967 0.0804069
0.7545 0.00136565 0.197895
0.610496 -0.169923 0.183209
0.660153 -0.120982 0.197895
0.769405 -0.0867184 0.144046
0.610485 -0.0329012 0.104884
0.63035 -0.0426868 0.197895
0.754503 -0.0328897 0.197895
0.689945 -0.057363 0.197895
0.660142 0.016039 0.197895
0.694919 -0.155235 0.197895
0.64525 -0.0622601 0.197895
0.635325 -0.15524 0.197895
0.630344 0.0405047 0.197895
0.699878 -0.072043 0.197895
0.729683 -0.165019 0.197895
0.739606 -0.057359 0.197895
0.610494 -0.150348 0.134256
0.635309 0.0502924 0.197895
0.769403 -0.0622502 0.109779
0.635326 -0.160133 0.197895
0.630344 0.0356111 0.197895
0.769397 0.0209413 0.193
0.650225 -0.174813 0.197895
0.625378 0.0356107 0.197895
0.645241 0.0551868 0.139151
0.699881 -0.106298 0.197895
0.769396 0.0307286 0.104884
0.635321 -0.10141 0.0804069
0.610488 -0.0671565 0.173418
0.739609 -0.0916144 0.197895
0.610478 0.0502904 0.197895
0.769398 0.00136683 0.139151
0.630347 0.00135575 0.197895
0.61049 -0.0916246 0.12936
0.65022 -0.111196 0.0804069
0.734644 -0.111189 0.197895
0.610481 0.0111414 0.197895
0.610494 -0.145454 0.168523
0.689941 -0.00842674 0.0804069
0.635318 -0.0622609 0.0804069
0.650225 -0.174813 0.153837
0.739601 0.00625808 0.197895
0.640276 0.0356119 0.197895
0.665107 0.0356139 0.197895
0.610478 0.055184 0.11957
0.724706 -0.0377857 0.197895
0.610494 -0.150348 0.11957
0.640279 -0.00353708 0.197895
0.610491 -0.106306 0.168523
0.729677 -0.101402 0.0804069
0.625395 -0.174815 0.193
0.709817 -0.15034 0.197895
0.769409 -0.130761 0.153837
0.635314 -0.0133247 0.197895
0.769403 -0.0622502 0.197895
0.754508 -0.0965068 0.0804069
0.769404 -0.0720375 0.148942
0.645246 -0.0133239 0.197895
0.759474 -0.1014 0.197895
0.684983 -0.111193 0.197895
0.675055 -0.165024 0.197895
0.729669 0.0111509 0.197895
0.610483 -0.00843307 0.173418
0.699877 -0.0573622 0.197895
0.684982 -0.101406 0.197895
0.769409 -0.130761 0.109779
0.630354 -0.0916231 0.197895
0.610482 0.00624779 0.0804069
0.625379 0.0160362 0.197895
0.729681 -0.150339 0.197895
0.610479 0.0405031 0.114674
0.660151 -0.0867271 0.0804069
0.61048 0.0307159 0.12936
0.68497 0.0551899 0.183209
0.615462 -0.174816 0.178314
0.665119 -0.120982 0.197895
0.67009 -0.174811 0.0853022
0.650215 -0.0475789 0.197895
0.635318 -0.0671546 0.197895
0.704836 0.0307234 0.197895
0.7694 -0.013314 0.163628
0.645253 -0.0965155 0.0804069
0.7247 0.0356186 0.197895
0.670089 -0.160131 0.0804069
0.620429 -0.174815 0.183209
0.670071 0.0551888 0.197895
0.615449 -0.0133263 0.197895
0.635327 -0.174814 0.0853022
0.704842 -0.0426809 0.197895
0.610479 0.0405031 0.178314
0.684984 -0.125874 0.197895
0.694907 -0.00842635 0.197895
0.630358 -0.135666 0.197895
0.714771 0.00136248 0.197895
0.744575 -0.0867203 0.0804069
0.610493 -0.135667 0.12936
0.665122 -0.150344 0.0804069
0.719733 0.0551927 0.197895
0.615453 -0.0524753 0.197895
0.76444 -0.1014 0.0804069
0.610488 -0.0720502 0.11957
0.610482 0.00135417 0.0804069
0.680004 0.0551896 0.144046
0.63531 0.0405051 0.197895
0.689945 -0.0622566 0.197895
0.63035 -0.0377932 0.0804069
0.63036 -0.165027 0.197895
0.72471 -0.0867219 0.197895
0.769412 -0.165016 0.124465
0.625391 -0.125879 0.197895
0.610486 -0.047582 0.153837
0.635311 0.0209306 0.197895
0.709807 -0.023106 0.197895
0.610483 -0.0133267 0.134256
0.610488 -0.0671565 0.0804069
0.610481 0.016035 0.11957
0.66511 -0.00842872 0.197895
0.665111 -0.018216 0.197895
0.665112 -0.0231096 0.197895
0.615462 -0.174816 0.0804069
0.610488 -0.0769438 0.124465
0.610493 -0.140561 0.0853022
0.680016 -0.101406 0.197895
0.610481 0.0209287 0.12936
0.694902 0.0551907 0.168523
0.665112 -0.0280032 0.197895
0.610482 0.00624779 0.173418
0.630342 0.0551856 0.0853022
0.769406 -0.091612 0.153837
0.645259 -0.174813 0.144046
0.689952 -0.150342 0.197895
0.675054 -0.155237 0.197895
0.769407 -0.101399 0.163628
0.635313 0.00135615 0.0804069
0.769399 -0.00842041 0.109779
0.620411 0.0502912 0.0804069
0.64029 -0.140558 0.197895
0.610479 0.0405031 0.139151
0.7396 0.0160453 0.197895
0.645242 0.0453995 0.197895
0.74953 0.0551951 0.148942
0.69492 -0.174809 0.168523
0.665115 -0.0622586 0.197895
0.620414 0.0111422 0.0804069
0.625395 -0.174815 0.197895
0.665115 -0.0671522 0.197895
0.684975 -0.0133208 0.197895
0.665115 -0.0720458 0.197895
0.665116 -0.0769394 0.197895
0.610496 -0.174816 0.139151
0.665117 -0.0916203 0.197895
0.699885 -0.155235 0.197895
0.724712 -0.106296 0.197895
0.665118 -0.101408 0.197895
0.615462 -0.174816 0.124465
0.655173 0.0551876 0.178314
0.665118 -0.106301 0.197895
0.655191 -0.174813 0.0804069
0.610478 0.055184 0.114674
0.709801 0.0454047 0.197895
0.754499 0.0160465 0.197895
0.610479 0.0405031 0.197895
0.665119 -0.111195 0.197895
0.724701 0.0258314 0.197895
0.675039 0.0405083 0.197895
0.71477 0.0160433 0.197895
0.675051 -0.116088 0.197895
0.67009 -0.174811 0.0901976
0.744571 -0.0426777 0.0804069
0.660152 -0.106302 0.197895
0.610479 0.0405031 0.173418
0.699874 -0.0182132 0.197895
0.694906 0.0013609 0.197895
0.610488 -0.0671565 0.104884
0.620429 -0.174815 0.114674
0.635316 -0.0377928 0.197895
0.610486 -0.047582 0.144046
0.69492 -0.174809 0.0999883
0.69987 0.030723 0.197895
0.70485 -0.13566 0.197895
0.655184 -0.0867275 0.197895
0.625379 0.0209298 0.197895
0.610483 -0.00353945 0.104884
0.655173 0.0551876 0.0901976
0.66512 -0.125876 0.197895
0.66512 -0.130769 0.197895
0.744563 0.0551947 0.197895
0.699873 -0.00353233 0.197895
0.769405 -0.0818247 0.193
0.640287 -0.0965159 0.0804069
0.640277 0.020931 0.197895
0.680004 0.0551896 0.0853022
0.719734 0.0356182 0.197895
0.699887 -0.174809 0.144046
0.615452 -0.042688 0.0804069
0.640293 -0.174814 0.163628
0.620424 -0.116092 0.197895
0.764428 0.0551963 0.183209
0.704849 -0.125872 0.197895
0.610482 0.00135417 0.158732
0.670073 0.0405079 0.197895
0.610494 -0.145454 0.124465
0.684974 0.00625373 0.197895
0.610495 -0.165029 0.148942
0.764446 -0.174804 0.193
0.719737 -0.00353075 0.197895
0.769403 -0.0573566 0.0950929
0.670073 0.0356143 0.197895
0.610479 0.0453968 0.12936
0.694911 -0.0524689 0.197895
0.670073 0.0307207 0.197895
0.675041 0.0160402 0.197895
0.769405 -0.0769311 0.12936
0.61049 -0.101412 0.0950929
0.769412 -0.174804 0.124465
0.670074 0.025827 0.197895
0.670077 -0.0133219 0.197895
0.610483 -0.00353945 0.12936
0.769398 0.00136683 0.197895
0.749548 -0.174805 0.183209
0.670078 -0.0280028 0.197895
0.670078 -0.0328964 0.197895
0.610483 -0.0133267 0.183209
0.620421 -0.076943 0.0804069
0.630355 -0.0965167 0.197895
0.670079 -0.0377901 0.197895
0.759478 -0.145443 0.0804069
0.689939 0.020935 0.0804069
0.769409 -0.125867 0.0901976
0.620421 -0.0867302 0.0804069
0.67008 -0.0524709 0.197895
0.67008 -0.0573645 0.197895
0.680022 -0.169917 0.0804069
0.640275 0.0453991 0.0804069
0.719736 0.0160437 0.197895
0.625381 -0.00843189 0.0804069
0.75947 -0.0475702 0.197895
0.694915 -0.111192 0.197895
0.764446 -0.174804 0.0853022
0.73464 -0.0573594 0.197895
0.714769 0.0258306 0.197895
0.719751 -0.169914 0.197895
0.62041 0.0551848 0.193
0.769412 -0.174804 0.168523
0.650209 0.0258254 0.197895
0.61048 0.0307159 0.178314
0.694904 0.0307226 0.197895
0.72968 -0.135658 0.197895
0.670082 -0.0818327 0.197895
0.610487 -0.0622629 0.158732
0.689938 0.0307222 0.197895
0.769399 -0.00352679 0.168523
0.645252 -0.0867283 0.0804069
0.615452 -0.042688 0.197895
0.610494 -0.145454 0.109779
0.63036 -0.169921 0.0804069
0.610496 -0.169923 0.178314
0.724716 -0.160126 0.197895
0.670083 -0.0916199 0.197895
0.684983 -0.116087 0.197895
0.610488 -0.0720502 0.168523
0.680008 0.00135971 0.0804069
0.759477 -0.140549 0.0804069
0.719741 -0.052467 0.197895
0.754511 -0.135656 0.197895
0.665109 0.0111458 0.197895
0.694902 0.0502971 0.197895
0.769406 -0.091612 0.0804069
0.680004 0.0551895 0.197895
0.670084 -0.0965135 0.197895
0.769407 -0.111186 0.158732
0.744572 -0.052465 0.197895
0.704834 0.0551915 0.197895
0.764442 -0.11608 0.197895
0.769407 -0.101399 0.0999883
0.734646 -0.12587 0.0804069
0.610486 -0.0426884 0.178314
0.610483 -0.00843307 0.197895
0.709815 -0.130766 0.0804069
0.670087 -0.140556 0.197895
0.635309 0.055186 0.168523
0.74954 -0.0818263 0.0804069
0.684974 0.00136011 0.0804069
0.704839 -0.00842555 0.0804069
0.744568 0.00136486 0.197895
0.759465 0.0111533 0.0804069
0.764446 -0.16991 0.0804069
0.764441 -0.111187 0.197895
0.714773 -0.0279993 0.197895
0.665113 -0.0426841 0.0804069
0.675047 -0.0622578 0.197895
0.640277 0.0258247 0.0804069
0.719736 0.0160437 0.0804069
0.759479 -0.165017 0.0804069
0.625395 -0.174815 0.114674
0.68497 0.0551899 0.0853022
0.670088 -0.155237 0.197895
0.645245 -0.00353668 0.197895
0.670089 -0.160131 0.197895
0.670089 -0.165024 0.197895
0.650212 -0.00353629 0.0804069
0.61049 -0.0965183 0.0901976
0.67009 -0.174811 0.11957
0.734638 -0.0328913 0.197895
0.610481 0.0209287 0.183209
0.630344 0.0307175 0.197895
0.675038 0.0551892 0.197895
0.675038 0.0454019 0.197895
0.610495 -0.155242 0.173418
0.615455 -0.0769434 0.197895
0.610493 -0.130774 0.158732
0.754496 0.0454082 0.197895
0.719739 -0.0182116 0.197895
0.675043 -0.0133216 0.197895
0.680018 -0.125874 0.197895
0.689938 0.0356159 0.0804069
0.65021 0.0160382 0.0804069
0.67504 0.0209338 0.197895
0.680021 -0.16013 0.197895
0.62041 0.0551848 0.148942
0.769412 -0.174804 0.188104
0.724711 -0.0965092 0.197895
0.610481 0.0111414 0.183209
0.645257 -0.150345 0.0804069
0.655184 -0.0818338 0.0804069
0.610483 -0.00353945 0.197895
0.759462 0.0551959 0.168523
0.709811 -0.0769359 0.0804069
0.764428 0.0551963 0.0950929
0.660141 0.0356135 0.197895
0.665123 -0.160131 0.197895
0.665114 -0.0573649 0.0804069
0.650215 -0.0426853 0.0804069
0.610484 -0.0280076 0.153837
0.665112 -0.0328968 0.197895
0.675038 0.0551892 0.104884
0.729678 -0.106296 0.0804069
0.675043 -0.0182152 0.197895
0.680018 -0.120981 0.197895
0.749544 -0.125869 0.197895
0.655182 -0.0524721 0.0804069
0.670082 -0.0720454 0.197895
0.610479 0.0356095 0.0901976
0.635327 -0.174814 0.163628
0.769401 -0.0377821 0.144046
0.675044 -0.0231088 0.197895
0.68002 -0.145449 0.0804069
0.675041 0.00625294 0.0804069
0.71477 0.0111497 0.0804069
0.610487 -0.0573693 0.178314
0.620411 0.0405039 0.0804069
0.610484 -0.0280076 0.173418
0.739616 -0.174806 0.148942
0.615454 -0.0671561 0.0804069
0.694915 -0.106299 0.197895
0.769395 0.0405158 0.0804069
0.754501 -0.0084216 0.197895
0.675046 -0.0475769 0.197895
0.610493 -0.135667 0.0853022
0.660158 -0.174812 0.109779
0.675056 -0.174811 0.197895
0.699873 -0.00353233 0.0804069
0.630353 -0.0720486 0.0804069
0.724703 0.00625689 0.197895
0.65022 -0.111196 0.197895
0.675051 -0.111194 0.197895
0.694905 0.0209354 0.0804069
0.675045 -0.0426833 0.0804069
0.769404 -0.0720375 0.178314
0.610494 -0.145454 0.158732
0.754504 -0.0475706 0.197895
0.694914 -0.0916179 0.197895
0.650207 0.0551872 0.0804069
0.610495 -0.155242 0.0901976
0.615451 -0.0329008 0.197895
0.610493 -0.140561 0.12936
0.675048 -0.072045 0.197895
0.689954 -0.17481 0.114674
0.675049 -0.0916195 0.197895
0.68995 -0.12098 0.0804069
0.709819 -0.174808 0.0853022
0.714777 -0.0720418 0.0804069
0.655181 -0.0475785 0.197895
0.670075 0.00625254 0.197895
0.769412 -0.16991 0.153837
0.699872 0.00625492 0.197895
0.610495 -0.155242 0.153837
0.699868 0.0551911 0.197895
0.704852 -0.160128 0.197895
0.704839 0.00136169 0.197895
0.610481 0.0111414 0.0804069
0.630342 0.0551856 0.11957
0.610492 -0.116093 0.148942
0.610486 -0.0426884 0.197895
0.704844 -0.0622554 0.197895
0.69988 -0.0965111 0.0804069
0.709814 -0.116085 0.197895
0.74953 0.0551951 0.158732
0.769398 0.0111541 0.124465
0.69492 -0.174809 0.183209
0.640281 -0.0231116 0.0804069
0.739612 -0.12587 0.197895
0.675053 -0.140556 0.197895
0.704834 0.0551915 0.168523
0.675054 -0.145449 0.197895
0.719747 -0.125871 0.197895
0.610485 -0.0329012 0.148942
0.670084 -0.0965135 0.0804069
0.754502 -0.0182088 0.0804069
0.675055 -0.16013 0.197895
0.675056 -0.169917 0.197895
0.610484 -0.0182203 0.114674
0.630346 0.011143 0.197895
0.75948 -0.174804 0.153837
0.675056 -0.174811 0.134256
0.754509 -0.116081 0.197895
0.680004 0.0502959 0.197895
0.610479 0.0356095 0.178314
0.660155 -0.145451 0.0804069
0.769408 -0.120974 0.168523
0.680004 0.0454023 0.197895
0.610495 -0.155242 0.193
0.680006 0.0258278 0.197895
0.610479 0.0453968 0.0853022
0.724699 0.0551931 0.173418
0.769401 -0.0279949 0.173418
0.665117 -0.0867267 0.197895
0.69492 -0.165022 0.197895
0.625381 0.00135536 0.0804069
0.680006 0.0209342 0.197895
0.655189 -0.145451 0.0804069
0.640275 0.0551864 0.0853022
0.7694 -0.0231013 0.178314
0.739614 -0.150338 0.0804069
0.610495 -0.155242 0.0804069
0.754509 -0.106294 0.197895
0.61546 -0.145454 0.197895
0.769407 -0.106293 0.153837
0.719748 -0.135659 0.197895
0.61049 -0.101412 0.163628
0.610486 -0.0524757 0.158732
0.7694 -0.013314 0.109779
0.709801 0.0502983 0.197895
0.610488 -0.0720502 0.178314
0.650225 -0.174813 0.148942
0.714777 -0.0769355 0.197895
0.724705 -0.0182112 0.197895
0.640281 -0.0231116 0.197895
0.680011 -0.0377893 0.197895
0.635311 0.0258243 0.0804069
0.704835 0.0502979 0.197895
0.749544 -0.125869 0.0804069
0.7396 0.0258326 0.197895
0.610481 0.016035 0.0804069
0.684985 -0.135661 0.197895
0.620416 -0.0182195 0.197895
0.76941 -0.150335 0.134256
0.704846 -0.0867235 0.197895
0.655186 -0.111196 0.0804069
0.729679 -0.12587 0.197895
0.640276 0.0405055 0.0804069
0.714785 -0.174808 0.0999883
0.739616 -0.174806 0.197895
0.714779 -0.09651 0.197895
0.704843 -0.0524682 0.197895
0.610493 -0.130774 0.144046
0.739597 0.0551943 0.0950929
0.610481 0.0111414 0.139151
0.680015 -0.0916191 0.197895
0.769405 -0.0818247 0.104884
0.635327 -0.174814 0.183209
0.680016 -0.0965127 0.197895
0.665124 -0.174812 0.104884
0.680021 -0.155236 0.197895
0.610494 -0.145454 0.11957
0.769403 -0.052463 0.104884
0.635325 -0.145453 0.197895
0.630343 0.0453984 0.197895
0.769406 -0.091612 0.163628
0.680022 -0.169917 0.197895
0.610486 -0.047582 0.188104
0.704839 -0.00842555 0.197895
0.7694 -0.0231013 0.12936
0.68497 0.0502963 0.197895
0.66014 0.0502943 0.0804069
0.610484 -0.0280076 0.139151
0.630342 0.0551856 0.134256
0.645259 -0.174813 0.0950929
0.684972 0.0258282 0.197895
0.684973 0.0209346 0.197895
0.689954 -0.169916 0.197895
0.684978 -0.0524697 0.0804069
0.61049 -0.101412 0.148942
0.640293 -0.174814 0.144046
0.684974 0.00136011 0.197895
0.650211 0.00135734 0.0804069
0.610478 0.055184 0.188104
0.719734 0.0454055 0.197895
0.769402 -0.0475694 0.124465
0.680022 -0.174811 0.173418
0.640288 -0.11609 0.197895
0.680008 0.00625333 0.197895
0.684976 -0.0280016 0.197895
0.709804 0.00625571 0.197895
0.635318 -0.0622609 0.197895
0.62041 0.0551848 0.0804069
0.645253 -0.101409 0.197895
0.704848 -0.116085 0.0804069
0.650225 -0.174813 0.0901976
0.660154 -0.125876 0.0804069
0.610492 -0.120986 0.163628
0.769403 -0.0573566 0.168523
0.610489 -0.086731 0.183209
0.635309 0.055186 0.197895
0.684977 -0.0377889 0.197895
0.610486 -0.0524757 0.114674
0.684982 -0.0916187 0.0804069
0.69491 -0.0426817 0.197895
0.610485 -0.0329012 0.173418
0.699883 -0.13566 0.197895
0.699884 -0.140554 0.197895
0.610496 -0.169923 0.0999883
0.714776 -0.057361 0.197895
0.61049 -0.0916246 0.163628
0.65518 -0.028004 0.197895
0.709813 -0.106298 0.0804069
0.610485 -0.0377948 0.0853022
0.665121 -0.140557 0.0804069
0.684984 -0.125874 0.0804069
0.610479 0.0356095 0.144046
0.660154 -0.13077 0.0804069
0.744582 -0.174806 0.163628
0.670071 0.0551888 0.0853022
0.680017 -0.1063 0.197895
0.689941 -0.00353312 0.197895
0.69492 -0.169916 0.0804069
0.769398 0.00136683 0.158732
0.625393 -0.150347 0.0804069
0.754496 0.0551955 0.124465
0.71975 -0.160127 0.197895
0.684981 -0.0818315 0.197895
0.650219 -0.101409 0.0804069
0.729683 -0.165019 0.0804069
0.744577 -0.120976 0.197895
0.610495 -0.165029 0.144046
0.734635 0.0111513 0.197895
0.620429 -0.174815 0.144046
0.655191 -0.174813 0.12936
0.714779 -0.09651 0.0804069
0.714779 -0.106297 0.197895
0.744564 0.0503011 0.0804069
0.749546 -0.145443 0.0804069
0.739613 -0.145444 0.197895
0.689954 -0.17481 0.0950929
0.684985 -0.130768 0.197895
0.684985 -0.140555 0.197895
0.724711 -0.101403 0.197895
0.625377 0.0502916 0.197895
0.610478 0.0502904 0.12936
0.699881 -0.111192 0.197895
0.694917 -0.130767 0.0804069
0.684986 -0.150342 0.197895
0.769396 0.0258349 0.0853022
0.680009 -0.0133212 0.197895
0.699878 -0.0622558 0.197895
0.729671 -0.0182108 0.197895
0.769395 0.0454094 0.197895
0.769405 -0.0867184 0.0950929
0.610485 -0.0329012 0.153837
0.610478 0.0502904 0.144046
0.64028 -0.0084307 0.0804069
0.680012 -0.0524701 0.197895
0.610487 -0.0573693 0.12936
0.744572 -0.0475714 0.197895
0.670084 -0.106301 0.197895
0.689941 -0.00842674 0.197895
0.680009 -0.00842753 0.197895
0.71477 0.0160433 0.0804069
0.680013 -0.0622574 0.0804069
0.655174 0.0454003 0.197895
0.665105 0.0551884 0.0901976
0.684983 -0.1063 0.0804069
0.610483 -0.0133267 0.11957
0.660158 -0.174812 0.0853022
0.615461 -0.160135 0.0804069
0.699875 -0.0328941 0.197895
0.650221 -0.120983 0.0804069
0.749539 -0.0573582 0.0804069
0.610482 0.00135417 0.0853022
0.769405 -0.0769311 0.144046
0.68994 0.0013605 0.197895
0.699887 -0.174809 0.12936
0.610491 -0.111199 0.0804069
0.744565 0.0356202 0.0804069
0.749546 -0.155231 0.0804069
0.769398 0.00136683 0.0950929
0.689943 -0.0280012 0.197895
0.610489 -0.0818374 0.168523
0.650218 -0.0818342 0.0804069
0.734649 -0.174806 0.144046
0.620411 0.0405039 0.197895
0.689943 -0.0328948 0.197895
0.724699 0.0551931 0.0999883
0.689944 -0.0426821 0.197895
0.645246 -0.0084303 0.0804069
0.640275 0.0551864 0.183209
0.689945 -0.0524693 0.197895
0.689946 -0.0671502 0.197895
0.610484 -0.0280076 0.114674
0.694908 -0.0231072 0.197895
0.610482 0.00135417 0.173418
0.744569 -0.0182096 0.197895
0.675047 -0.0573641 0.197895
0.734633 0.0356194 0.0804069
0.655187 -0.125876 0.0804069
0.754497 0.035621 0.0804069
0.724703 0.00136327 0.197895
0.769409 -0.125867 0.144046
0.635315 -0.023112 0.197895
0.689952 -0.140555 0.197895
0.709804 0.0111493 0.197895
0.694903 0.0405099 0.197895
0.620429 -0.174815 0.0950929
0.660157 -0.165025 0.0804069
0.645245 0.00135694 0.197895
0.610493 -0.130774 0.188104
0.635318 -0.0573673 0.197895
0.610486 -0.0524757 0.153837
0.610483 -0.00353945 0.173418
0.610485 -0.0329012 0.124465
0.640282 -0.0328988 0.197895
0.739616 -0.174806 0.163628
0.630344 0.0307175 0.0804069
0.699887 -0.174809 0.188104
0.714767 0.0551923 0.188104
0.670086 -0.125875 0.197895
0.769405 -0.0867184 0.114674
0.699883 -0.13566 0.0804069
0.610479 0.0453968 0.163628
0.694909 -0.0328945 0.197895
0.769403 -0.0573566 0.173418
0.610489 -0.086731 0.188104
0.704834 0.0551915 0.173418
0.650214 -0.032898 0.197895
0.625377 0.0502916 0.0804069
0.69491 -0.0475753 0.197895
0.694913 -0.0867243 0.197895
0.759477 -0.130762 0.0804069
0.704853 -0.174809 0.197895
0.630351 -0.0524741 0.197895
0.67504 0.0258274 0.197895
0.680021 -0.165023 0.197895
0.610488 -0.0769438 0.144046
0.620427 -0.160135 0.0804069
0.615446 0.0258227 0.0804069
0.704853 -0.174809 0.0999883
0.645241 0.0551868 0.0950929
0.719736 0.0209374 0.0804069
0.625379 0.0160362 0.0804069
0.610484 -0.0182203 0.12936
0.694913 -0.0818307 0.197895
0.675049 -0.0867259 0.0804069
0.689951 -0.135661 0.197895
0.630356 -0.116091 0.0804069
0.734646 -0.12587 0.197895
0.769396 0.0307286 0.173418
0.694915 -0.101405 0.197895
0.610488 -0.0769438 0.109779
0.655177 0.011145 0.0804069
0.694917 -0.125873 0.197895
0.610483 -0.00353945 0.193
0.694917 -0.130767 0.197895
0.625395 -0.174815 0.144046
0.630356 -0.120985 0.197895
0.615446 0.0258227 0.197895
0.620427 -0.160135 0.197895
0.645249 -0.0524729 0.197895
0.744577 -0.111188 0.197895
0.74953 0.0551951 0.168523
0.769398 0.0111541 0.109779
0.69492 -0.174809 0.197895
0.709801 0.0454047 0.0804069
0.744578 -0.130763 0.197895
0.69987 0.0356166 0.197895
0.689954 -0.17481 0.124465
0.714778 -0.0916163 0.197895
0.699871 0.0209358 0.197895
0.665108 0.0160394 0.0804069
0.610484 -0.0280076 0.104884
0.640284 -0.0622605 0.197895
0.625386 -0.072049 0.197895
0.675056 -0.174811 0.144046
0.709808 -0.0377869 0.0804069
0.655191 -0.174813 0.0853022
0.635322 -0.116091 0.197895
0.680022 -0.174811 0.183209
0.76941 -0.140548 0.12936
0.610496 -0.174816 0.197895
0.699874 -0.0133196 0.197895
0.699876 -0.0426813 0.197895
0.61048 0.0307159 0.153837
0.610496 -0.174816 0.0853022
0.640279 0.00135654 0.0804069
0.680008 0.00135971 0.197895
0.615444 0.0551844 0.188104
0.699877 -0.0524685 0.197895
0.610487 -0.0622629 0.0950929
0.714768 0.0405115 0.0804069
0.76941 -0.150335 0.0950929
0.684988 -0.17481 0.0804069
0.610484 -0.0231139 0.124465
0.749538 -0.047571 0.197895
0.699879 -0.0818303 0.197895
0.769398 0.00626046 0.183209
0.699882 -0.116086 0.197895
0.739615 -0.169912 0.197895
0.719739 -0.0279989 0.197895
0.729675 -0.0720407 0.197895
0.769398 0.0111541 0.183209
0.699882 -0.120979 0.197895
0.625378 0.0356107 0.0804069
0.610493 -0.130774 0.197895
0.769399 -0.00842041 0.197895
0.704835 0.0454043 0.197895
0.75451 -0.120975 0.197895
0.699876 -0.0377877 0.197895
0.694911 -0.0622562 0.0804069
0.704836 0.0405107 0.197895
0.67009 -0.174811 0.193
0.704836 0.035617 0.197895
0.764443 -0.135655 0.197895
0.724706 -0.0377857 0.0804069
0.74953 0.0551951 0.178314
0.699879 -0.0769367 0.197895
0.749537 -0.0426773 0.197895
0.719733 0.0551927 0.11957
0.665119 -0.116088 0.197895
0.754496 0.0503019 0.0804069
0.704837 0.0258298 0.197895
0.620412 0.0307167 0.197895
0.680008 -0.00353391 0.197895
0.739616 -0.174806 0.0804069
0.704838 0.00625531 0.197895
0.704842 -0.0377873 0.197895
0.714774 -0.0377865 0.0804069
0.769405 -0.0769311 0.183209
0.759478 -0.145443 0.197895
0.610481 0.0111414 0.178314
0.68498 -0.0720442 0.197895
0.660139 0.055188 0.0999883
0.7694 -0.0182077 0.178314
0.689949 -0.111193 0.0804069
0.7247 0.0405122 0.197895
0.660154 -0.13077 0.197895
0.694913 -0.0867243 0.0804069
0.704843 -0.0573618 0.197895
0.744565 0.0405138 0.197895
0.704844 -0.067149 0.197895
0.76941 -0.145442 0.134256
0.704845 -0.0818299 0.197895
0.704846 -0.0965108 0.197895
0.69492 -0.174809 0.139151
0.684973 0.016041 0.0804069
0.640293 -0.174814 0.114674
0.70485 -0.140553 0.197895
0.689937 0.0405095 0.197895
0.645258 -0.155239 0.197895
0.744581 -0.165018 0.0804069
0.704851 -0.150341 0.197895
0.675056 -0.174811 0.153837
0.75948 -0.174804 0.0853022
0.709802 0.0356174 0.197895
0.630355 -0.10141 0.197895
0.635319 -0.0769418 0.197895
0.764443 -0.130761 0.197895
0.610488 -0.0769438 0.134256
0.610484 -0.0280076 0.134256
0.709804 0.016043 0.197895
0.610481 0.016035 0.193
0.709805 -0.00353154 0.197895
0.764437 -0.0622506 0.197895
0.709815 -0.125872 0.0804069
0.67009 -0.174811 0.158732
0.709807 -0.0279996 0.197895
0.610485 -0.0377948 0.0804069
0.610496 -0.169923 0.168523
0.709808 -0.0328933 0.197895
0.719738 -0.00842437 0.197895
0.734649 -0.169913 0.197895
0.615462 -0.169922 0.0804069
0.709808 -0.0377869 0.197895
0.714767 0.0551923 0.0853022
0.709808 -0.0426805 0.197895
0.734649 -0.174806 0.188104
0.769402 -0.0475694 0.12936
0.734641 -0.0720403 0.197895
0.680011 -0.0328956 0.0804069
0.610488 -0.0720502 0.144046
0.675055 -0.165024 0.0804069
0.709811 -0.0720422 0.197895
0.769405 -0.0867184 0.124465
0.610485 -0.0329012 0.0853022
0.764428 0.0551963 0.0999883
0.694902 0.0551907 0.197895
0.650225 -0.169919 0.0804069
0.645243 0.0307187 0.0804069
0.754496 0.0503019 0.197895
0.709812 -0.0867231 0.197895
0.610483 -0.00843307 0.188104
0.635309 0.055186 0.163628
0.754497 0.0405146 0.197895
0.709814 -0.111191 0.197895
0.610485 -0.0329012 0.188104
0.709818 -0.160127 0.197895
0.625376 0.0551852 0.183209
0.660156 -0.160131 0.197895
0.714767 0.0551923 0.197895
0.610493 -0.140561 0.114674
0.714767 0.0502987 0.197895
0.719749 -0.145446 0.197895
0.744574 -0.0769331 0.0804069
0.714767 0.0454051 0.197895
0.719749 -0.150339 0.197895
0.709819 -0.174808 0.109779
0.660143 0.0111454 0.0804069
0.769405 -0.0867184 0.163628
0.714769 0.0307242 0.197895
0.610479 0.0453968 0.109779
0.749541 -0.0916136 0.197895
0.615444 0.0551844 0.197895
0.620426 -0.14056 0.197895
0.610485 -0.0377948 0.0901976
0.714771 -0.00353114 0.197895
0.764428 0.0551963 0.114674
0.709809 -0.0475741 0.0804069
0.704849 -0.125872 0.0804069
0.610495 -0.165029 0.124465
0.714772 -0.00842476 0.197895
0.769401 -0.0377821 0.158732
0.714774 -0.0328929 0.197895
0.699886 -0.169915 0.197895
0.610488 -0.0671565 0.163628
0.769401 -0.0279949 0.148942
0.724699 0.0551931 0.197895
0.714774 -0.0377865 0.197895
0.714774 -0.0426801 0.197895
0.699868 0.0551911 0.0901976
0.645247 -0.0231112 0.197895
0.684987 -0.155236 0.197895
0.645244 0.0160378 0.197895
0.714775 -0.0475737 0.197895
0.759472 -0.0720383 0.197895
0.714785 -0.174808 0.114674
0.714775 -0.0524674 0.197895
0.660145 -0.02311 0.0804069
0.660154 -0.135663 0.0804069
0.610486 -0.0524757 0.173418
0.68497 0.0551899 0.0999883
0.714777 -0.0720418 0.197895
0.610489 -0.086731 0.153837
0.689939 0.020935 0.197895
0.665124 -0.174812 0.158732
0.744574 -0.0720395 0.0804069
0.670079 -0.0426837 0.197895
0.704841 -0.028 0.0804069
0.610483 -0.0133267 0.148942
0.675056 -0.174811 0.158732
0.71477 0.0111497 0.197895
0.75948 -0.174804 0.12936
0.714778 -0.0818291 0.197895
0.714778 -0.0867227 0.197895
0.660149 -0.0671526 0.0804069
0.610488 -0.0671565 0.11957
0.71478 -0.111191 0.197895
0.744578 -0.125869 0.0804069
0.670083 -0.0916199 0.0804069
0.61048 0.0307159 0.193
0.739611 -0.120976 0.197895
0.660158 -0.174812 0.0901976
0.71478 -0.116084 0.197895
0.630343 0.050292 0.197895
0.719751 -0.174808 0.104884
0.610492 -0.120986 0.11957
0.769409 -0.130761 0.114674
0.660149 -0.062259 0.0804069
0.699876 -0.0377877 0.0804069
0.694913 -0.0818307 0.0804069
0.610491 -0.106306 0.0999883
0.694919 -0.160129 0.197895
0.719734 0.0405119 0.197895
0.754503 -0.042677 0.197895
0.729683 -0.174807 0.178314
0.670082 -0.076939 0.0804069
0.764431 0.0111537 0.197895
0.610496 -0.169923 0.148942
0.645248 -0.037792 0.0804069
0.610488 -0.0720502 0.0853022
0.610496 -0.169923 0.11957
0.630361 -0.174815 0.158732
0.650214 -0.0280044 0.197895
0.68497 0.0551899 0.153837
0.724717 -0.174807 0.12936
0.719735 0.025831 0.197895
0.625377 0.0405043 0.0804069
0.650214 -0.0377916 0.197895
0.610481 0.0209287 0.153837
0.625382 -0.0133255 0.0804069
0.680007 0.0160406 0.0804069
0.719736 0.0209374 0.197895
0.640285 -0.0720478 0.0804069
0.729683 -0.174807 0.0999883
0.680022 -0.174811 0.0853022
0.719739 -0.0231052 0.197895
0.724713 -0.120977 0.197895
0.739616 -0.174806 0.193
0.625376 0.0551852 0.0804069
0.610496 -0.174816 0.114674
0.650223 -0.145451 0.197895
0.645241 0.0551868 0.197895
0.769395 0.0503031 0.197895
0.719737 0.00136288 0.197895
0.630357 -0.130772 0.197895
0.71974 -0.0328925 0.197895
0.719741 -0.0426797 0.197895
0.675041 0.0160402 0.0804069
0.769397 0.0209413 0.0853022
0.635312 0.016037 0.0804069
0.625378 0.0307171 0.0804069
0.615462 -0.174816 0.197895
0.734642 -0.0818275 0.0804069
0.61049 -0.101412 0.153837
0.640293 -0.174814 0.0853022
0.719741 -0.0475733 0.197895
0.734646 -0.135657 0.197895
0.719742 -0.0622542 0.197895
0.625388 -0.0965171 0.0804069
0.610481 0.016035 0.168523
0.694918 -0.145448 0.197895
0.65519 -0.155238 0.197895
0.769407 -0.101399 0.188104
0.615454 -0.0720498 0.0804069
0.719743 -0.0671478 0.197895
0.744582 -0.174806 0.158732
0.724716 -0.16502 0.197895
0.684979 -0.0573634 0.197895
0.729666 0.0405126 0.197895
0.719743 -0.0720415 0.197895
0.610482 0.00624779 0.168523
0.650209 0.0258254 0.0804069
0.684975 -0.00842714 0.0804069
0.729683 -0.174807 0.173418
0.680022 -0.174811 0.109779
0.660153 -0.116089 0.197895
0.610486 -0.0524757 0.0853022
0.764438 -0.0671443 0.0804069
0.660152 -0.111195 0.0804069
0.610483 -0.00843307 0.114674
0.714785 -0.169914 0.197895
0.625395 -0.174815 0.168523
0.719748 -0.130765 0.197895
0.665113 -0.0377905 0.0804069
0.660139 0.055188 0.197895
0.709804 0.0111493 0.0804069
0.769396 0.0258349 0.197895
0.729674 -0.0622534 0.0804069
0.630358 -0.145453 0.0804069
0.734649 -0.174806 0.148942
0.615445 0.0453972 0.197895
0.620425 -0.130773 0.197895
0.719748 -0.140552 0.197895
0.689938 0.0307222 0.0804069
0.689938 0.0258286 0.0804069
0.689954 -0.17481 0.183209
0.615458 -0.116092 0.0804069
0.689939 0.0160414 0.0804069
0.709819 -0.174808 0.197895
0.724705 -0.0231048 0.0804069
0.744576 -0.101401 0.197895
0.689939 0.0111477 0.0804069
0.75947 -0.0426766 0.197895
0.610481 0.0111414 0.144046
0.615457 -0.106305 0.0804069
0.635327 -0.174814 0.0901976
0.68994 0.0013605 0.0804069
0.689942 -0.018214 0.0804069
0.749548 -0.174805 0.197895
0.744566 0.0209393 0.197895
0.739608 -0.0818271 0.0804069
0.689943 -0.0280012 0.0804069
0.724717 -0.174807 0.178314
0.68497 0.0551899 0.197895
0.689943 -0.0377885 0.0804069
0.689945 -0.0524693 0.0804069
0.689945 -0.057363 0.0804069
0.689945 -0.0622566 0.0804069
0.689946 -0.0671502 0.0804069
0.650209 0.0307191 0.197895
0.689946 -0.0720438 0.0804069
0.689947 -0.0818311 0.0804069
0.66014 0.0405071 0.197895
0.665122 -0.155237 0.197895
0.610493 -0.135667 0.134256
0.689947 -0.0867247 0.0804069
0.769399 -0.00352679 0.173418
0.689948 -0.0965119 0.0804069
0.689948 -0.101406 0.0804069
0.675045 -0.032896 0.197895
0.689949 -0.106299 0.0804069
0.769406 -0.0965056 0.109779
0.699878 -0.0671494 0.0804069
0.68995 -0.116086 0.0804069
0.68995 -0.125874 0.0804069
0.74953 0.0454079 0.0804069
0.689952 -0.140555 0.0804069
0.689952 -0.150342 0.0804069
0.689954 -0.165023 0.0804069
0.72968 -0.130764 0.0804069
0.665123 -0.160131 0.0804069
0.660141 0.0356135 0.0804069
0.709809 -0.0475741 0.197895
0.694902 0.0551907 0.0804069
0.665117 -0.0965139 0.0804069
0.709812 -0.0867231 0.0804069
0.694904 0.0356163 0.0804069
0.640289 -0.125878 0.0804069
0.759472 -0.0769319 0.0804069
0.714785 -0.174808 0.178314
0.694904 0.025829 0.0804069
0.694905 0.0160418 0.0804069
0.660151 -0.0916207 0.197895
0.769395 0.0503031 0.0804069
0.694906 0.0111481 0.0804069
0.694906 0.00625452 0.0804069
0.769397 0.0209413 0.178314
0.650225 -0.174813 0.188104
0.694907 -0.00842635 0.0804069
0.694908 -0.01332 0.0804069
0.769408 -0.11608 0.0804069
0.699872 0.0111485 0.197895
0.694908 -0.0182136 0.0804069
0.694908 -0.0231072 0.0804069
0.694909 -0.0328945 0.0804069
0.694911 -0.0524689 0.0804069
0.7098 0.0551919 0.163628
0.694912 -0.0671498 0.0804069
0.694912 -0.0720434 0.0804069
0.665105 0.0551884 0.139151
0.694913 -0.076937 0.0804069
0.769396 0.0307286 0.153837
0.694915 -0.101405 0.0804069
0.694915 -0.106299 0.0804069
0.640286 -0.0867287 0.197895
0.694915 -0.111192 0.0804069
0.689954 -0.17481 0.0901976
0.694916 -0.116086 0.0804069
0.61049 -0.101412 0.139151
0.694916 -0.12098 0.0804069
0.610494 -0.145454 0.0999883
0.734646 -0.130764 0.0804069
0.739604 -0.0328909 0.197895
0.694917 -0.135661 0.0804069
0.694918 -0.145448 0.0804069
0.61049 -0.0916246 0.148942
0.694919 -0.150341 0.0804069
0.615449 -0.00353906 0.0804069
0.610489 -0.0818374 0.139151
0.694919 -0.155235 0.0804069
0.694919 -0.160129 0.0804069
0.769403 -0.052463 0.124465
0.69492 -0.165022 0.0804069
0.610486 -0.047582 0.163628
0.734648 -0.150338 0.197895
0.729666 0.0454063 0.197895
0.699868 0.0551911 0.0804069
0.704852 -0.160128 0.0804069
0.610481 0.016035 0.0853022
0.734647 -0.145445 0.197895
0.699869 0.0502975 0.0804069
0.704851 -0.155234 0.0804069
0.744578 -0.130763 0.0804069
0.694907 -0.00353272 0.197895
0.69987 0.0356166 0.0804069
0.69987 0.030723 0.0804069
0.70485 -0.13566 0.0804069
0.699871 0.0258294 0.0804069
0.704849 -0.130766 0.0804069
0.699871 0.0209358 0.0804069
0.769412 -0.165016 0.178314
0.699872 0.0111485 0.0804069
0.769407 -0.111186 0.153837
0.749542 -0.106294 0.0804069
0.769411 -0.160123 0.197895
0.719747 -0.120978 0.197895
0.699872 0.00625492 0.0804069
0.699873 0.00136129 0.0804069
0.699874 -0.0133196 0.0804069
0.610485 -0.0377948 0.188104
0.699875 -0.0280004 0.0804069
0.660155 -0.140557 0.0804069
0.69491 -0.0426817 0.0804069
0.610478 0.0502904 0.104884
0.754507 -0.0916132 0.197895
0.699875 -0.0328941 0.0804069
0.69491 -0.0475753 0.0804069
0.610481 0.0209287 0.158732
0.699876 -0.0426813 0.0804069
0.749535 -0.00842199 0.197895
0.655183 -0.067153 0.0804069
0.699876 -0.0475749 0.0804069
0.744582 -0.174806 0.168523
0.769407 -0.101399 0.0901976
0.754498 0.0258338 0.197895
0.699878 -0.0622558 0.0804069
0.655189 -0.140557 0.0804069
0.699878 -0.072043 0.0804069
0.699879 -0.0769367 0.0804069
0.610482 0.00135417 0.104884
0.69988 -0.0867239 0.0804069
0.754502 -0.0182088 0.197895
0.699881 -0.106298 0.0804069
0.699882 -0.116086 0.0804069
0.689936 0.0551903 0.124465
0.754496 0.0551955 0.188104
0.670072 0.0454015 0.0804069
0.620427 -0.150347 0.197895
0.699883 -0.130766 0.0804069
0.610486 -0.0426884 0.148942
0.699884 -0.145447 0.0804069
0.650207 0.0551872 0.0901976
0.699885 -0.150341 0.0804069
0.699885 -0.155235 0.0804069
0.7694 -0.013314 0.0804069
0.769403 -0.052463 0.134256
0.719751 -0.174808 0.168523
0.640275 0.0502928 0.0804069
0.724717 -0.174807 0.163628
0.699885 -0.160128 0.0804069
0.724704 -0.00842397 0.197895
0.689954 -0.17481 0.134256
0.699886 -0.169915 0.0804069
0.734639 -0.0475722 0.0804069
0.655191 -0.174813 0.124465
0.610479 0.0405031 0.188104
0.704835 0.0502979 0.0804069
0.610483 -0.00843307 0.11957
0.68497 0.0502963 0.0804069
0.7694 -0.0231013 0.197895
0.625395 -0.174815 0.173418
0.704835 0.0454043 0.0804069
0.67009 -0.174811 0.188104
0.704836 0.0405107 0.0804069
0.704836 0.035617 0.0804069
0.610483 -0.00353945 0.0804069
0.704836 0.0307234 0.0804069
0.704838 0.00625531 0.0804069
0.67009 -0.174811 0.153837
0.704839 0.00136169 0.0804069
0.610487 -0.0573693 0.0950929
0.704839 -0.00353193 0.0804069
0.724717 -0.174807 0.139151
0.630351 -0.0573677 0.0804069
0.699885 -0.150341 0.197895
0.714785 -0.174808 0.188104
0.764428 0.0551963 0.178314
0.704841 -0.0328937 0.0804069
0.704842 -0.0377873 0.0804069
0.704842 -0.0426809 0.0804069
0.704843 -0.0475745 0.0804069
0.704843 -0.0524682 0.0804069
0.625388 -0.0965171 0.197895
0.729683 -0.174807 0.139151
0.769411 -0.155229 0.11957
0.704843 -0.0573618 0.0804069
0.704845 -0.0720426 0.0804069
0.680014 -0.0769382 0.197895
0.645259 -0.174813 0.178314
0.759462 0.0551959 0.148942
0.704845 -0.0769363 0.0804069
0.739616 -0.174806 0.124465
0.704846 -0.0916171 0.0804069
0.729665 0.0551935 0.124465
0.704846 -0.0965108 0.0804069
0.769412 -0.16991 0.139151
0.704847 -0.101404 0.0804069
0.719733 0.0551927 0.124465
0.665112 -0.0328968 0.0804069
0.704847 -0.106298 0.0804069
0.769411 -0.160123 0.178314
0.704848 -0.111192 0.0804069
0.704848 -0.120979 0.0804069
0.769405 -0.0769311 0.163628
0.610491 -0.111199 0.193
0.754514 -0.174805 0.12936
0.70485 -0.140553 0.0804069
0.769411 -0.155229 0.173418
0.704851 -0.150341 0.0804069
0.729668 0.0160445 0.197895
0.684988 -0.17481 0.139151
0.704852 -0.169915 0.0804069
0.709816 -0.140553 0.0804069
0.704853 -0.174809 0.0804069
0.610491 -0.111199 0.178314
0.754514 -0.174805 0.144046
0.7098 0.0551919 0.0804069
0.709801 0.0502983 0.0804069
0.620427 -0.150347 0.0804069
0.74457 -0.0279969 0.197895
0.610488 -0.0720502 0.158732
0.709802 0.0405111 0.0804069
0.739597 0.0551943 0.104884
0.709802 0.0356174 0.0804069
0.709802 0.0307238 0.0804069
0.709803 0.0209366 0.0804069
0.610479 0.0405031 0.158732
0.759471 -0.062251 0.197895
0.709804 0.00625571 0.0804069
0.610488 -0.0769438 0.114674
0.709805 -0.00353154 0.0804069
0.729676 -0.0769343 0.0804069
0.620429 -0.174815 0.153837
0.610486 -0.0524757 0.188104
0.709806 -0.00842516 0.0804069
0.615444 0.0551844 0.178314
0.709806 -0.0133188 0.0804069
0.709807 -0.023106 0.0804069
0.714775 -0.0475737 0.0804069
0.764442 -0.125868 0.0804069
0.61049 -0.0965183 0.11957
0.729681 -0.150339 0.0804069
0.67009 -0.174811 0.0999883
0.709809 -0.0573614 0.0804069
0.739597 0.0551943 0.124465
0.68498 -0.0769378 0.197895
0.610482 0.00135417 0.193
0.70981 -0.062255 0.0804069
0.744577 -0.111188 0.0804069
0.70981 -0.0671486 0.0804069
0.724702 0.0111505 0.0804069
0.610483 -0.00353945 0.158732
0.645249 -0.0426857 0.0804069
0.709811 -0.0720422 0.0804069
0.709811 -0.0818295 0.0804069
0.610484 -0.0231139 0.158732
0.709812 -0.0916167 0.0804069
0.709814 -0.111191 0.0804069
0.769402 -0.0426758 0.0853022
0.709816 -0.135659 0.0804069
0.709817 -0.155234 0.0804069
0.76941 -0.145442 0.193
0.709818 -0.165021 0.0804069
0.709819 -0.174808 0.0804069
0.714768 0.0356178 0.0804069
0.71975 -0.155233 0.0804069
0.610492 -0.120986 0.144046
0.714769 0.020937 0.0804069
0.719751 -0.174808 0.0804069
0.610492 -0.120986 0.168523
0.714771 0.00136248 0.0804069
0.714772 -0.00842476 0.0804069
0.684982 -0.101406 0.0804069
0.759473 -0.0867192 0.0804069
0.714772 -0.018212 0.0804069
0.63035 -0.0377932 0.197895
0.714774 -0.0328929 0.0804069
0.610494 -0.150348 0.188104
0.704845 -0.0720426 0.197895
0.764443 -0.135655 0.0804069
0.625395 -0.174815 0.0853022
0.689944 -0.0475757 0.197895
0.714775 -0.0524674 0.0804069
0.610487 -0.0573693 0.134256
0.650207 0.0551872 0.197895
0.714785 -0.174808 0.124465
0.714776 -0.057361 0.0804069
0.714777 -0.0769355 0.0804069
0.714778 -0.0818291 0.0804069
0.620412 0.0356103 0.197895
0.714778 -0.0916163 0.0804069
0.640278 0.0160374 0.0804069
0.714779 -0.101404 0.0804069
0.714779 -0.106297 0.0804069
0.76941 -0.150335 0.12936
0.719746 -0.106297 0.0804069
0.734649 -0.174806 0.0999883
0.684975 -0.00842714 0.197895
0.71478 -0.111191 0.0804069
0.714781 -0.120978 0.0804069
0.734649 -0.174806 0.0950929
0.769401 -0.0328885 0.114674
0.714781 -0.130765 0.0804069
0.714782 -0.140553 0.0804069
0.630356 -0.120985 0.0804069
0.714783 -0.145446 0.0804069
0.630357 -0.125878 0.0804069
0.714783 -0.15034 0.0804069
0.61049 -0.0965183 0.144046
0.714783 -0.155233 0.0804069
0.714784 -0.160127 0.0804069
0.640275 0.0551864 0.104884
0.7694 -0.0231013 0.173418
0.714784 -0.165021 0.0804069
0.714785 -0.174808 0.0804069
0.650221 -0.125877 0.0804069
0.719733 0.0502991 0.0804069
0.769409 -0.130761 0.173418
0.719734 0.0405119 0.0804069
0.749536 -0.0279965 0.0804069
0.610493 -0.130774 0.139151
0.719735 0.0307246 0.0804069
0.769396 0.0356222 0.0999883
0.719735 0.025831 0.0804069
0.69492 -0.174809 0.0804069
0.719736 0.0111501 0.0804069
0.769408 -0.120974 0.12936
0.719737 0.0062565 0.0804069
0.610483 -0.00353945 0.148942
0.769396 0.0258349 0.178314
0.719737 -0.00353075 0.0804069
0.719738 -0.00842437 0.0804069
0.61048 0.0307159 0.114674
0.769395 0.0503031 0.148942
0.719739 -0.0182116 0.0804069
0.63532 -0.0916227 0.197895
0.719739 -0.0231052 0.0804069
0.719739 -0.0279989 0.0804069
0.71974 -0.0328925 0.0804069
0.689954 -0.17481 0.168523
0.610496 -0.169923 0.197895
0.719741 -0.0475733 0.0804069
0.610483 -0.00353945 0.124465
0.719742 -0.0573606 0.0804069
0.719742 -0.0622542 0.0804069
0.719743 -0.0720415 0.0804069
0.719743 -0.0769351 0.0804069
0.699868 0.0551911 0.163628
0.719744 -0.0818287 0.0804069
0.719744 -0.0867223 0.0804069
0.704846 -0.0916171 0.197895
0.719745 -0.0965096 0.0804069
0.610486 -0.0524757 0.0999883
0.719746 -0.11119 0.0804069
0.769402 -0.0475694 0.153837
0.754512 -0.145443 0.0804069
0.719746 -0.116084 0.0804069
0.610484 -0.0231139 0.0853022
0.769411 -0.160123 0.12936
0.719747 -0.120978 0.0804069
0.620417 -0.0280068 0.197895
0.719748 -0.130765 0.0804069
0.719748 -0.135659 0.0804069
0.769412 -0.174804 0.173418
0.645254 -0.111196 0.197895
0.610488 -0.0671565 0.109779
0.719748 -0.140552 0.0804069
0.71975 -0.160127 0.0804069
0.71975 -0.16502 0.0804069
0.769399 -0.00352679 0.193
0.769401 -0.0377821 0.0853022
0.724699 0.0551931 0.0804069
0.769399 -0.00842041 0.0853022
0.7247 0.0356186 0.0804069
0.670071 0.0551888 0.163628
0.610491 -0.106306 0.163628
0.714783 -0.145446 0.197895
0.724701 0.0258314 0.0804069
0.724703 0.00625689 0.0804069
0.719741 -0.0426797 0.0804069
0.724703 0.00136327 0.0804069
0.724704 -0.00353035 0.0804069
0.724704 -0.00842397 0.0804069
0.724705 -0.0182112 0.0804069
0.724706 -0.0279985 0.0804069
0.684978 -0.0475761 0.0804069
0.610479 0.0356095 0.153837
0.744582 -0.174806 0.173418
0.724706 -0.0328921 0.0804069
0.684986 -0.150342 0.0804069
0.724707 -0.0475729 0.0804069
0.724708 -0.0573602 0.0804069
0.610493 -0.135667 0.0999883
0.655175 0.0356131 0.0804069
0.724708 -0.0622538 0.0804069
0.719745 -0.101403 0.197895
0.704853 -0.174809 0.139151
0.610488 -0.0720502 0.109779
0.724709 -0.0720411 0.0804069
0.72471 -0.0818283 0.0804069
0.744582 -0.174806 0.153837
0.724711 -0.0916155 0.0804069
0.724711 -0.0965092 0.0804069
0.724711 -0.101403 0.0804069
0.724712 -0.106296 0.0804069
0.610494 -0.150348 0.158732
0.724712 -0.11119 0.0804069
0.724713 -0.116084 0.0804069
0.739616 -0.174806 0.0950929
0.724713 -0.120977 0.0804069
0.724713 -0.125871 0.0804069
0.724714 -0.135658 0.0804069
0.724715 -0.140552 0.0804069
0.714776 -0.0671482 0.197895
0.724715 -0.145445 0.0804069
0.724715 -0.150339 0.0804069
0.61049 -0.0965183 0.12936
0.724716 -0.155233 0.0804069
0.724716 -0.160126 0.0804069
0.724716 -0.16502 0.0804069
0.68497 0.0551899 0.104884
0.724717 -0.174807 0.0804069
0.729665 0.0551935 0.0804069
0.699868 0.0551911 0.173418
0.729666 0.0454063 0.0804069
0.734648 -0.150338 0.0804069
0.729666 0.0405126 0.0804069
0.709819 -0.174808 0.144046
0.665118 -0.106301 0.0804069
0.660145 -0.0133227 0.197895
0.729667 0.035619 0.0804069
0.734649 -0.165019 0.0804069
0.729667 0.0307254 0.0804069
0.749548 -0.174805 0.109779
0.655173 0.0551876 0.114674
0.729667 0.0258318 0.0804069
0.630361 -0.174815 0.12936
0.76941 -0.150335 0.197895
0.719746 -0.106297 0.197895
0.729668 0.0209382 0.0804069
0.734649 -0.174806 0.0804069
0.729669 0.0111509 0.0804069
0.729669 0.00136367 0.0804069
0.72967 -0.00842358 0.0804069
0.729671 -0.0231044 0.0804069
0.75948 -0.174804 0.193
0.709811 -0.0818295 0.197895
0.684988 -0.17481 0.148942
0.769405 -0.0867184 0.197895
0.729672 -0.0328917 0.0804069
0.645241 0.0551868 0.148942
0.769395 0.0405158 0.158732
0.729672 -0.0377853 0.0804069
0.769405 -0.0867184 0.139151
0.610485 -0.0329012 0.0999883
0.620421 -0.0818366 0.197895
0.749532 0.0209397 0.197895
0.729673 -0.0426789 0.0804069
0.729673 -0.0475725 0.0804069
0.729674 -0.0524662 0.0804069
0.769395 0.0454094 0.178314
0.729674 -0.0573598 0.0804069
0.610488 -0.0720502 0.148942
0.769398 0.0111541 0.153837
0.675048 -0.0769386 0.0804069
0.650225 -0.174813 0.168523
0.769396 0.0356222 0.193
0.729675 -0.067147 0.0804069
0.645256 -0.135664 0.0804069
0.769403 -0.0573566 0.188104
0.610489 -0.086731 0.144046
0.729676 -0.0867215 0.0804069
0.729677 -0.0916151 0.0804069
0.729679 -0.12587 0.0804069
0.724717 -0.174807 0.148942
0.729681 -0.140551 0.0804069
0.729681 -0.145445 0.0804069
0.729683 -0.169913 0.0804069
0.724699 0.0551931 0.0853022
0.769401 -0.0377821 0.0804069
0.734631 0.0551939 0.0804069
0.744572 -0.0475714 0.0804069
0.734632 0.0503003 0.0804069
0.680006 0.0209342 0.0804069
0.734632 0.0454067 0.0804069
0.680004 0.0551895 0.12936
0.734633 0.0307258 0.0804069
0.650211 0.00625096 0.197895
0.759474 -0.0965064 0.0804069
0.734634 0.0258322 0.0804069
0.734634 0.0209386 0.0804069
0.610495 -0.165029 0.188104
0.699881 -0.111192 0.0804069
0.734634 0.0160449 0.0804069
0.7694 -0.013314 0.0901976
0.734635 0.0111513 0.0804069
0.610494 -0.150348 0.183209
0.769399 -0.00842041 0.0950929
0.734635 0.00136406 0.0804069
0.610495 -0.160135 0.188104
0.734636 -0.00352956 0.0804069
0.665124 -0.174812 0.168523
0.734636 -0.00842318 0.0804069
0.769401 -0.0377821 0.124465
0.724715 -0.140552 0.197895
0.734637 -0.0133168 0.0804069
0.610496 -0.174816 0.158732
0.769401 -0.0328885 0.11957
0.734637 -0.023104 0.0804069
0.769404 -0.0671439 0.0901976
0.734639 -0.0426785 0.0804069
0.610483 -0.00843307 0.178314
0.73464 -0.0524658 0.0804069
0.749544 -0.130763 0.0804069
0.610486 -0.047582 0.178314
0.769398 0.0111541 0.0950929
0.69492 -0.174809 0.163628
0.650225 -0.174813 0.109779
0.734642 -0.0867211 0.0804069
0.769405 -0.0769311 0.139151
0.635327 -0.169921 0.197895
0.630345 0.0209302 0.197895
0.754514 -0.174805 0.104884
0.734643 -0.0916148 0.0804069
0.734643 -0.0965084 0.0804069
0.734644 -0.101402 0.0804069
0.63036 -0.169921 0.197895
0.734644 -0.106296 0.0804069
0.734645 -0.116083 0.0804069
0.769406 -0.0965056 0.0999883
0.734645 -0.120976 0.0804069
0.734647 -0.140551 0.0804069
0.769412 -0.174804 0.144046
0.719744 -0.0867223 0.197895
0.734647 -0.145445 0.0804069
0.734648 -0.155232 0.0804069
0.734648 -0.160125 0.0804069
0.76941 -0.145442 0.197895
0.734649 -0.169913 0.0804069
0.739609 -0.0867207 0.0804069
0.610478 0.0502904 0.173418
0.610478 0.055184 0.183209
0.689937 0.0454031 0.197895
0.655191 -0.174813 0.0999883
0.739598 0.0454071 0.0804069
0.764444 -0.145442 0.197895
0.759463 0.0356214 0.197895
0.739599 0.0356198 0.0804069
0.610478 0.055184 0.104884
0.739599 0.0307262 0.0804069
0.61048 0.0258223 0.114674
0.665105 0.0551884 0.114674
0.640292 -0.160133 0.0804069
0.739601 0.0111517 0.0804069
0.739601 0.00625808 0.0804069
0.739602 0.00136446 0.0804069
0.714767 0.0551923 0.178314
0.769408 -0.11608 0.158732
0.739602 -0.00352916 0.0804069
0.764445 -0.155229 0.197895
0.759463 0.0454086 0.197895
0.684981 -0.0867251 0.197895
0.610486 -0.047582 0.193
0.739602 -0.00842278 0.0804069
0.675056 -0.174811 0.178314
0.739603 -0.0133164 0.0804069
0.739604 -0.0231036 0.0804069
0.739604 -0.0279973 0.0804069
0.769411 -0.155229 0.0901976
0.739605 -0.0426781 0.0804069
0.704846 -0.0867235 0.0804069
0.739605 -0.0475718 0.0804069
0.645249 -0.0475793 0.197895
0.749545 -0.14055 0.0804069
0.769411 -0.155229 0.168523
0.739606 -0.0524654 0.0804069
0.739606 -0.057359 0.0804069
0.739607 -0.0622526 0.0804069
0.61049 -0.101412 0.0901976
0.769412 -0.174804 0.11957
0.739607 -0.0671462 0.0804069
0.739607 -0.0720399 0.0804069
0.739608 -0.0769335 0.0804069
0.660156 -0.150344 0.0804069
0.739609 -0.0916144 0.0804069
0.699887 -0.174809 0.0804069
0.610491 -0.111199 0.12936
0.660151 -0.0965143 0.0804069
0.73961 -0.101402 0.0804069
0.714774 -0.0426801 0.0804069
0.73961 -0.106295 0.0804069
0.610492 -0.116093 0.139151
0.7098 0.0551919 0.144046
0.739611 -0.111189 0.0804069
0.739611 -0.116082 0.0804069
0.610493 -0.135667 0.104884
0.719751 -0.174808 0.114674
0.739611 -0.120976 0.0804069
0.739612 -0.12587 0.0804069
0.739612 -0.130763 0.0804069
0.739613 -0.135657 0.0804069
0.739613 -0.145444 0.0804069
0.739614 -0.160125 0.0804069
0.739615 -0.165019 0.0804069
0.655189 -0.145451 0.197895
0.759467 -0.0084212 0.0804069
0.709809 -0.0573614 0.197895
0.744564 0.0454075 0.0804069
0.749546 -0.150337 0.0804069
0.744565 0.0307266 0.0804069
0.744566 0.025833 0.0804069
0.749547 -0.169912 0.0804069
0.76941 -0.145442 0.153837
0.744566 0.0209393 0.0804069
0.749548 -0.174805 0.0804069
0.655174 0.0405067 0.0804069
0.724709 -0.0671474 0.0804069
0.610493 -0.130774 0.0999883
0.744567 0.0160457 0.0804069
0.744567 0.0111521 0.0804069
0.610492 -0.12588 0.114674
0.744568 0.00136486 0.0804069
0.66511 0.00135852 0.0804069
0.610482 0.00624779 0.188104
0.769404 -0.0671439 0.188104
0.744568 -0.00352877 0.0804069
0.610481 0.0111414 0.193
0.74457 -0.0231033 0.0804069
0.610484 -0.0231139 0.173418
0.74457 -0.0279969 0.0804069
0.749543 -0.116082 0.0804069
0.610486 -0.0426884 0.173418
0.74457 -0.0328905 0.0804069
0.744571 -0.0377841 0.0804069
0.744572 -0.052465 0.0804069
0.769409 -0.125867 0.0999883
0.744572 -0.0573586 0.0804069
0.61049 -0.0965183 0.134256
0.680004 0.0551895 0.104884
0.769395 0.0405158 0.114674
0.744574 -0.0818267 0.0804069
0.744576 -0.0965076 0.0804069
0.675038 0.0551892 0.153837
0.744576 -0.101401 0.0804069
0.610491 -0.106306 0.114674
0.744576 -0.106295 0.0804069
0.759462 0.0551959 0.178314
0.744577 -0.120976 0.0804069
0.684981 -0.0818315 0.0804069
0.744579 -0.135657 0.0804069
0.610479 0.0405031 0.0901976
0.74458 -0.150337 0.0804069
0.74458 -0.155231 0.0804069
0.759465 0.0160469 0.0804069
0.764446 -0.174804 0.0804069
0.744581 -0.160125 0.0804069
0.744581 -0.169912 0.0804069
0.744582 -0.174806 0.0804069
0.610496 -0.174816 0.183209
0.74953 0.0551951 0.0804069
0.719737 0.00136288 0.0804069
0.74953 0.0503015 0.0804069
0.610479 0.0453968 0.168523
0.749531 0.0405142 0.0804069
0.769408 -0.11608 0.144046
0.749531 0.0356206 0.0804069
0.749532 0.030727 0.0804069
0.680004 0.0551895 0.173418
0.769396 0.0356222 0.148942
0.749532 0.0258334 0.0804069
0.645241 0.0551868 0.134256
0.749532 0.0209397 0.0804069
0.749533 0.00625887 0.0804069
0.749534 0.00136525 0.0804069
0.749534 -0.00352837 0.0804069
0.660142 0.0258262 0.0804069
0.749535 -0.00842199 0.0804069
0.749535 -0.0133156 0.0804069
0.754496 0.0454082 0.0804069
0.749535 -0.0182092 0.0804069
0.749538 -0.0524646 0.0804069
0.769408 -0.11608 0.109779
0.749539 -0.0622518 0.0804069
0.749539 -0.0671455 0.0804069
0.66015 -0.0769398 0.197895
0.74954 -0.0769327 0.0804069
0.749541 -0.0867199 0.0804069
0.749541 -0.0916136 0.0804069
0.749542 -0.0965072 0.0804069
0.704853 -0.174809 0.0950929
0.749542 -0.101401 0.0804069
0.620418 -0.0475813 0.197895
0.714781 -0.125872 0.0804069
0.749543 -0.111188 0.0804069
0.610481 0.016035 0.148942
0.749544 -0.120975 0.0804069
0.749545 -0.135656 0.0804069
0.7545 -0.00352797 0.0804069
0.749547 -0.160124 0.0804069
0.749547 -0.165018 0.0804069
0.769396 0.0356222 0.12936
0.754498 0.0307274 0.0804069
0.754498 0.0258338 0.0804069
0.769403 -0.0622502 0.0804069
0.754499 0.0160465 0.0804069
0.754499 0.0111529 0.0804069
0.660158 -0.174812 0.0950929
0.729671 -0.0182108 0.0804069
0.610487 -0.0622629 0.168523
0.724699 0.0551931 0.153837
0.7545 0.00625927 0.0804069
0.744581 -0.160125 0.197895
0.729683 -0.174807 0.183209
0.769402 -0.0475694 0.0999883
0.734641 -0.0720403 0.0804069
0.680022 -0.174811 0.0999883
0.769402 -0.0426758 0.109779
0.754501 -0.0084216 0.0804069
0.660158 -0.174812 0.158732
0.754502 -0.0231025 0.0804069
0.68497 0.0551899 0.134256
0.754502 -0.0279961 0.0804069
0.754503 -0.0328897 0.0804069
0.769401 -0.0328885 0.12936
0.754503 -0.0377833 0.0804069
0.620416 -0.0231131 0.197895
0.630361 -0.174815 0.0853022
0.665105 0.0551884 0.193
0.754506 -0.0720387 0.0804069
0.764432 0.00136644 0.0804069
0.675056 -0.174811 0.0901976
0.610495 -0.155242 0.0950929
0.754506 -0.0769323 0.0804069
0.754507 -0.0818259 0.0804069
0.610481 0.0209287 0.144046
0.7396 0.0209389 0.0804069
0.754507 -0.0867196 0.0804069
0.754507 -0.0916132 0.0804069
0.610484 -0.0182203 0.144046
0.675056 -0.174811 0.139151
0.754508 -0.1014 0.0804069
0.754509 -0.106294 0.0804069
0.615459 -0.130773 0.197895
0.610493 -0.135667 0.114674
0.754511 -0.130762 0.0804069
0.754511 -0.135656 0.0804069
0.70484 -0.0182128 0.0804069
0.610484 -0.0231139 0.153837
0.640286 -0.0916223 0.197895
0.610483 -0.00843307 0.0950929
0.625395 -0.174815 0.148942
0.754506 -0.0769323 0.197895
0.759472 -0.0720383 0.0804069
0.610484 -0.0182203 0.0901976
0.675056 -0.174811 0.109779
0.754512 -0.15523 0.0804069
0.610484 -0.0231139 0.0950929
0.769403 -0.0573566 0.139151
0.615445 0.0405035 0.197895
0.620429 -0.174815 0.197895
0.610489 -0.086731 0.0950929
0.754513 -0.160124 0.0804069
0.754514 -0.169911 0.0804069
0.729672 -0.0279981 0.0804069
0.610488 -0.0769438 0.168523
0.645258 -0.160133 0.197895
0.754514 -0.174805 0.0804069
0.739597 0.0551943 0.114674
0.610482 0.00135417 0.183209
0.650215 -0.0475789 0.0804069
0.759462 0.0503023 0.0804069
0.764445 -0.160123 0.0804069
0.739601 0.0111517 0.197895
0.640293 -0.174814 0.148942
0.744569 -0.013316 0.197895
0.640286 -0.0867287 0.0804069
0.759463 0.0454086 0.0804069
0.764445 -0.155229 0.0804069
0.610496 -0.169923 0.193
0.610479 0.0453968 0.153837
0.759464 0.0307278 0.0804069
0.764444 -0.140549 0.0804069
0.759464 0.0258342 0.0804069
0.759465 0.0209405 0.0804069
0.759466 0.00136604 0.0804069
0.759467 -0.0133148 0.0804069
0.759468 -0.0182084 0.0804069
0.684988 -0.17481 0.12936
0.759469 -0.0328893 0.0804069
0.670085 -0.116088 0.197895
0.759469 -0.0377829 0.0804069
0.610486 -0.0524757 0.0950929
0.75947 -0.0524638 0.0804069
0.759471 -0.062251 0.0804069
0.665105 0.0551884 0.0853022
0.640285 -0.0769414 0.197895
0.759472 -0.0671447 0.0804069
0.610493 -0.130774 0.148942
0.759474 -0.0916128 0.0804069
0.759474 -0.1014 0.0804069
0.68497 0.0551899 0.193
0.724717 -0.174807 0.183209
0.759475 -0.106294 0.0804069
0.759475 -0.111187 0.0804069
0.759478 -0.150336 0.197895
0.610489 -0.086731 0.178314
0.610479 0.0356095 0.0950929
0.759475 -0.116081 0.0804069
0.759476 -0.120975 0.0804069
0.62538 0.00624898 0.0804069
0.759477 -0.135655 0.0804069
0.694919 -0.150341 0.197895
0.759478 -0.150336 0.0804069
0.610482 0.00624779 0.148942
0.769406 -0.091612 0.12936
0.645259 -0.174813 0.11957
0.759479 -0.15523 0.0804069
0.694902 0.0551907 0.183209
0.764428 0.0551963 0.0804069
0.744563 0.0551947 0.163628
0.764428 0.0503027 0.0804069
0.63531 0.0307179 0.197895
0.769396 0.0307286 0.193
0.76443 0.0356218 0.0804069
0.76941 -0.140548 0.114674
0.76443 0.0307282 0.0804069
0.764432 0.00626006 0.0804069
0.689936 0.0551903 0.109779
0.764433 -0.00352718 0.0804069
0.640287 -0.10141 0.197895
0.764433 -0.0133144 0.0804069
0.764434 -0.018208 0.0804069
0.744577 -0.116082 0.0804069
0.610494 -0.150348 0.12936
0.764435 -0.0279953 0.0804069
0.630342 0.0551856 0.173418
0.769409 -0.135655 0.153837
0.610489 -0.0818374 0.0901976
0.764435 -0.0377825 0.0804069
0.764436 -0.0475698 0.0804069
0.74953 0.0551951 0.104884
0.764437 -0.0524634 0.0804069
0.764437 -0.057357 0.0804069
0.61049 -0.0965183 0.188104
0.764437 -0.0622506 0.0804069
0.734649 -0.165019 0.197895
0.729667 0.035619 0.197895
0.704853 -0.174809 0.0901976
0.754514 -0.174805 0.0853022
0.764438 -0.0720379 0.0804069
0.73464 -0.0524658 0.197895
0.610487 -0.0573693 0.183209
0.764439 -0.0769315 0.0804069
0.769397 0.0209413 0.0804069
0.764439 -0.0818251 0.0804069
0.749537 -0.0426773 0.0804069
0.76444 -0.0916124 0.0804069
0.610495 -0.165029 0.0804069
0.76444 -0.096506 0.0804069
0.764441 -0.106293 0.0804069
0.610487 -0.0573693 0.114674
0.769408 -0.120974 0.0804069
0.610485 -0.0377948 0.0999883
0.749546 -0.145443 0.197895
0.744564 0.0503011 0.197895
0.764442 -0.120974 0.0804069
0.764443 -0.130761 0.0804069
0.729683 -0.174807 0.0950929
0.764445 -0.165017 0.0804069
0.754496 0.0551955 0.0999883
0.714769 0.0307242 0.0804069
0.769394 0.0551967 0.0804069
0.610478 0.0502904 0.0950929
0.680004 0.0551895 0.163628
0.769395 0.0454094 0.0804069
0.769396 0.0356222 0.0804069
0.769405 -0.0867184 0.134256
0.610485 -0.0329012 0.0950929
0.769398 0.00626046 0.0804069
0.67505 -0.1063 0.197895
0.769398 0.00136683 0.0804069
0.610493 -0.135667 0.188104
0.769399 -0.00352679 0.0804069
0.769399 -0.00842041 0.0804069
0.734649 -0.174806 0.124465
0.7694 -0.0182077 0.0804069
0.7694 -0.0231013 0.0804069
0.610495 -0.160135 0.139151
0.655191 -0.174813 0.188104
0.769401 -0.0328885 0.0804069
0.769402 -0.0426758 0.0804069
0.610496 -0.169923 0.158732
0.680022 -0.174811 0.178314
0.769402 -0.0475694 0.0804069
0.769403 -0.052463 0.0804069
0.769403 -0.0573566 0.0804069
0.640284 -0.0573669 0.197895
0.610482 0.00624779 0.114674
0.769404 -0.0671439 0.0804069
0.739597 0.0551943 0.0804069
0.610482 0.00135417 0.148942
0.670071 0.0551888 0.173418
0.769404 -0.0720375 0.0804069
0.769405 -0.0867184 0.0804069
0.610479 0.0356095 0.0853022
0.769406 -0.0965056 0.0804069
0.769407 -0.101399 0.0804069
0.769407 -0.111186 0.0804069
0.739603 -0.01821 0.197895
0.694917 -0.125873 0.0804069
0.769409 -0.125867 0.0804069
0.719735 0.0307246 0.197895
0.769409 -0.130761 0.0804069
0.610489 -0.0818374 0.114674
0.769409 -0.135655 0.0804069
0.699874 -0.0231068 0.0804069
0.76941 -0.145442 0.0804069
0.76941 -0.150335 0.0804069
0.704848 -0.116085 0.197895
0.769411 -0.160123 0.0804069
0.729677 -0.0965088 0.0804069
0.610491 -0.106306 0.124465
0.769412 -0.165016 0.0804069
0.769412 -0.16991 0.0804069
0.640293 -0.174814 0.109779
0.709813 -0.101404 0.0804069
0.769412 -0.174804 0.0804069
0.699869 0.0454039 0.0804069
0.610478 0.055184 0.193
0.610478 0.0502904 0.193
0.719744 -0.0916159 0.0804069
0.610494 -0.150348 0.148942
0.759477 -0.130762 0.197895
0.610479 0.0405031 0.193
0.62538 0.0111426 0.197895
0.61048 0.0258223 0.193
0.684987 -0.165023 0.197895
0.76941 -0.140548 0.0804069
0.610496 -0.174816 0.148942
0.769405 -0.0867184 0.188104
0.610481 0.0209287 0.193
0.650215 -0.0426853 0.197895
0.610482 0.00624779 0.193
0.610483 -0.00843307 0.193
0.764445 -0.165017 0.197895
0.610483 -0.0133267 0.193
0.610484 -0.0231139 0.193
0.610484 -0.0280076 0.193
0.610485 -0.0329012 0.193
0.610486 -0.0524757 0.193
0.610487 -0.0573693 0.193
0.610488 -0.0769438 0.193
0.650208 0.0405063 0.197895
0.615462 -0.174816 0.11957
0.610489 -0.0818374 0.193
0.769403 -0.0573566 0.178314
0.610489 -0.086731 0.193
0.635322 -0.116091 0.0804069
0.61049 -0.0965183 0.193
0.769402 -0.0475694 0.168523
0.630343 0.050292 0.0804069
0.610492 -0.120986 0.193
0.610492 -0.12588 0.193
0.610493 -0.130774 0.193
0.610493 -0.135667 0.193
0.749548 -0.174805 0.168523
0.665122 -0.155237 0.0804069
0.66014 0.0405071 0.0804069
0.610493 -0.140561 0.193
0.769404 -0.0720375 0.168523
0.610494 -0.145454 0.193
0.689954 -0.17481 0.178314
0.610494 -0.150348 0.193
0.610478 0.0502904 0.148942
0.610495 -0.160135 0.193
0.655191 -0.174813 0.134256
0.76941 -0.140548 0.11957
0.610496 -0.174816 0.193
0.61048 0.0258223 0.124465
0.610478 0.0502904 0.188104
0.625382 -0.0231128 0.0804069
0.63531 0.0356115 0.197895
0.610479 0.0453968 0.188104
0.610479 0.0356095 0.188104
0.61048 0.0307159 0.188104
0.61048 0.0258223 0.188104
0.76941 -0.140548 0.0853022
0.610496 -0.174816 0.144046
0.610481 0.0209287 0.188104
0.66511 -0.00842872 0.0804069
0.610481 0.016035 0.188104
0.620424 -0.116092 0.0804069
0.694903 0.0454035 0.0804069
0.610481 0.0111414 0.188104
0.739597 0.0551943 0.144046
0.665109 0.00625214 0.0804069
0.610482 0.00135417 0.188104
0.610483 -0.00353945 0.188104
0.665105 0.0551884 0.163628
0.610483 -0.0133267 0.188104
0.660153 -0.116089 0.0804069
0.610484 -0.0182203 0.188104
0.610484 -0.0231139 0.188104
0.610484 -0.0280076 0.188104
0.739616 -0.174806 0.134256
0.610487 -0.0622629 0.188104
0.610488 -0.0720502 0.188104
0.699879 -0.0818303 0.0804069
0.650225 -0.174813 0.134256
0.610488 -0.0769438 0.188104
0.610489 -0.0818374 0.188104
0.714771 -0.00353114 0.0804069
0.61049 -0.101412 0.188104
0.610492 -0.120986 0.188104
0.610494 -0.145454 0.188104
0.734649 -0.174806 0.139151
0.610495 -0.155242 0.188104
0.610496 -0.169923 0.188104
0.76941 -0.140548 0.124465
0.610496 -0.174816 0.188104
0.610482 0.00624779 0.183209
0.610484 -0.0182203 0.183209
0.749546 -0.155231 0.197895
0.744565 0.0356202 0.197895
0.675056 -0.174811 0.173418
0.684982 -0.0916187 0.197895
0.610484 -0.0231139 0.183209
0.610484 -0.0280076 0.183209
0.739616 -0.174806 0.139151
0.615444 0.0551844 0.104884
0.610485 -0.0377948 0.183209
0.610486 -0.0426884 0.183209
0.615462 -0.174816 0.158732
0.610486 -0.047582 0.183209
0.610486 -0.0524757 0.183209
0.610487 -0.0622629 0.183209
0.610488 -0.0671565 0.183209
0.610488 -0.0720502 0.183209
0.650225 -0.174813 0.12936
0.610488 -0.0769438 0.183209
0.610489 -0.0818374 0.183209
0.61049 -0.0916246 0.183209
0.61049 -0.0965183 0.183209
0.610491 -0.106306 0.183209
0.7694 -0.0182077 0.193
0.630342 0.0551856 0.139151
0.645259 -0.174813 0.0999883
0.610492 -0.116093 0.183209
0.610493 -0.130774 0.183209
0.675038 0.0551892 0.0853022
0.630345 0.0258239 0.0804069
0.610494 -0.145454 0.183209
0.699868 0.0551911 0.11957
0.610495 -0.155242 0.183209
0.719741 -0.052467 0.0804069
0.610495 -0.160135 0.183209
0.759462 0.0551959 0.197895
0.610495 -0.165029 0.183209
0.610478 0.0502904 0.178314
0.610479 0.0453968 0.178314
0.61048 0.0258223 0.178314
0.744582 -0.174806 0.0853022
0.610481 0.0209287 0.178314
0.610482 0.00624779 0.178314
0.665105 0.0551884 0.173418
0.610483 -0.0133267 0.178314
0.610484 -0.0182203 0.178314
0.675052 -0.125875 0.197895
0.610484 -0.0231139 0.178314
0.610485 -0.0329012 0.178314
0.689942 -0.0231076 0.0804069
0.729669 0.00625729 0.0804069
0.610485 -0.0377948 0.178314
0.610486 -0.0524757 0.178314
0.610488 -0.0671565 0.178314
0.610488 -0.0769438 0.178314
0.714772 -0.0133184 0.0804069
0.610489 -0.0818374 0.178314
0.61049 -0.0965183 0.178314
0.61049 -0.101412 0.178314
0.610492 -0.12588 0.178314
0.630361 -0.174815 0.178314
0.610493 -0.130774 0.178314
0.675053 -0.135662 0.197895
0.729683 -0.174807 0.124465
0.610493 -0.135667 0.178314
0.744576 -0.0965076 0.197895
0.610493 -0.140561 0.178314
0.675038 0.0551892 0.0950929
0.610494 -0.145454 0.178314
0.610494 -0.150348 0.178314
0.610495 -0.155242 0.178314
0.610496 -0.174816 0.178314
0.650211 0.00135734 0.197895
0.699869 0.0454039 0.197895
0.610478 0.055184 0.173418
0.610479 0.0453968 0.173418
0.61048 0.0258223 0.173418
0.610481 0.0209287 0.173418
0.610481 0.016035 0.173418
0.769407 -0.101399 0.193
0.72967 -0.00352995 0.197895
0.610484 -0.0182203 0.173418
0.675056 -0.174811 0.193
0.610485 -0.0377948 0.173418
0.729682 -0.160126 0.0804069
0.610486 -0.047582 0.173418
0.610487 -0.0573693 0.173418
0.610487 -0.0622629 0.173418
0.610488 -0.0769438 0.173418
0.680014 -0.0769382 0.0804069
0.610489 -0.0818374 0.173418
0.61049 -0.0916246 0.173418
0.71975 -0.16502 0.197895
0.61049 -0.0965183 0.173418
0.610491 -0.106306 0.173418
0.610492 -0.120986 0.173418
0.610492 -0.12588 0.173418
0.764442 -0.11608 0.0804069
0.610493 -0.140561 0.173418
0.719751 -0.174808 0.0901976
0.675038 0.0551892 0.0999883
0.610494 -0.145454 0.173418
0.610495 -0.160135 0.173418
0.610496 -0.169923 0.173418
0.684979 -0.062257 0.197895
0.689939 0.0160414 0.197895
0.680022 -0.174811 0.163628
0.610478 0.055184 0.168523
0.610478 0.0502904 0.168523
0.610479 0.0356095 0.168523
0.61048 0.0307159 0.168523
0.7098 0.0551919 0.0999883
0.650213 -0.0182172 0.197895
0.61048 0.0258223 0.168523
0.754504 -0.0524642 0.0804069
0.610482 0.00135417 0.168523
0.610483 -0.00843307 0.168523
0.625395 -0.174815 0.124465
0.610483 -0.0133267 0.168523
0.610484 -0.0231139 0.168523
0.764445 -0.160123 0.197895
0.759462 0.0503023 0.197895
0.610484 -0.0280076 0.168523
0.769406 -0.091612 0.173418
0.645259 -0.174813 0.158732
0.610485 -0.0329012 0.168523
0.615444 0.0551844 0.0950929
0.610485 -0.0377948 0.168523
0.610486 -0.0426884 0.168523
0.615462 -0.174816 0.168523
0.610486 -0.047582 0.168523
0.72967 -0.00352995 0.0804069
0.610486 -0.0524757 0.168523
0.610487 -0.0573693 0.168523
0.610488 -0.0671565 0.168523
0.61049 -0.0916246 0.168523
0.764433 -0.0084208 0.0804069
0.61049 -0.0965183 0.168523
0.61049 -0.101412 0.168523
0.640293 -0.174814 0.0901976
0.610492 -0.12588 0.168523
0.610493 -0.140561 0.168523
0.610495 -0.155242 0.168523
0.610495 -0.160135 0.168523
0.610495 -0.165029 0.168523
0.610478 0.055184 0.163628
0.655191 -0.174813 0.11957
0.610478 0.0502904 0.163628
0.610479 0.0405031 0.163628
0.610479 0.0356095 0.163628
0.635327 -0.174814 0.144046
0.61048 0.0307159 0.163628
0.7098 0.0551919 0.139151
0.61048 0.0258223 0.163628
0.610481 0.016035 0.134256
0.744582 -0.174806 0.0999883
0.610481 0.0209287 0.163628
0.610481 0.016035 0.163628
0.739597 0.0551943 0.11957
0.610481 0.0111414 0.163628
0.610482 0.00624779 0.163628
0.630342 0.0551856 0.0999883
0.769406 -0.091612 0.168523
0.645259 -0.174813 0.153837
0.610482 0.00135417 0.163628
0.610483 -0.00353945 0.163628
0.620423 -0.106305 0.0804069
0.610483 -0.00843307 0.163628
0.610483 -0.0133267 0.163628
0.610484 -0.0182203 0.163628
0.610484 -0.0231139 0.163628
0.610485 -0.0329012 0.163628
0.610485 -0.0377948 0.163628
0.610486 -0.0426884 0.163628
0.704853 -0.174809 0.12936
0.610486 -0.0524757 0.163628
0.610487 -0.0573693 0.163628
0.610487 -0.0622629 0.163628
0.610488 -0.0720502 0.163628
0.650225 -0.174813 0.158732
0.610488 -0.0769438 0.163628
0.610489 -0.0818374 0.163628
0.769403 -0.0573566 0.197895
0.610489 -0.086731 0.163628
0.61049 -0.0965183 0.163628
0.610492 -0.116093 0.163628
0.665113 -0.0426841 0.197895
0.610492 -0.12588 0.163628
0.694907 -0.00353272 0.0804069
0.610493 -0.135667 0.163628
0.610493 -0.140561 0.163628
0.694911 -0.0573626 0.0804069
0.719751 -0.174808 0.139151
0.610494 -0.145454 0.163628
0.734649 -0.174806 0.163628
0.719744 -0.0916159 0.197895
0.610494 -0.150348 0.163628
0.719744 -0.0818287 0.197895
0.610495 -0.155242 0.163628
0.610495 -0.165029 0.163628
0.610496 -0.174816 0.163628
0.754507 -0.0867196 0.197895
0.744582 -0.174806 0.193
0.610478 0.055184 0.158732
0.610479 0.0453968 0.158732
0.625387 -0.0818362 0.0804069
0.61048 0.0307159 0.158732
0.7098 0.0551919 0.109779
0.61048 0.0258223 0.158732
0.754503 -0.042677 0.0804069
0.610481 0.016035 0.158732
0.739597 0.0551943 0.0999883
0.764444 -0.140549 0.197895
0.759464 0.0307278 0.197895
0.754504 -0.0475706 0.0804069
0.610481 0.0111414 0.158732
0.610483 -0.00843307 0.158732
0.625395 -0.174815 0.109779
0.610484 -0.0182203 0.158732
0.615456 -0.0965179 0.0804069
0.675056 -0.174811 0.148942
0.699887 -0.174809 0.0950929
0.75948 -0.174804 0.0901976
0.610484 -0.0280076 0.158732
0.769405 -0.0867184 0.0999883
0.610485 -0.0329012 0.158732
0.610486 -0.0426884 0.158732
0.640286 -0.0916223 0.0804069
0.610486 -0.047582 0.158732
0.610487 -0.0573693 0.158732
0.610488 -0.0671565 0.158732
0.655191 -0.174813 0.139151
0.620429 -0.174815 0.178314
0.610488 -0.0769438 0.158732
0.610489 -0.086731 0.158732
0.61049 -0.0916246 0.158732
0.645243 0.025825 0.0804069
0.689941 -0.00353312 0.0804069
0.61049 -0.101412 0.158732
0.670071 0.0551888 0.193
0.610491 -0.106306 0.158732
0.610492 -0.116093 0.158732
0.610493 -0.135667 0.158732
0.610495 -0.155242 0.158732
0.610478 0.0502904 0.0853022
0.610495 -0.160135 0.158732
0.610495 -0.165029 0.158732
0.610479 0.0405031 0.153837
0.7098 0.0551919 0.104884
0.61048 0.0258223 0.153837
0.709804 0.016043 0.0804069
0.610482 0.00624779 0.153837
0.610482 0.00135417 0.153837
0.610483 -0.00353945 0.153837
0.610483 -0.00843307 0.153837
0.704841 -0.0231064 0.0804069
0.610484 -0.0182203 0.153837
0.675056 -0.174811 0.168523
0.610485 -0.0377948 0.153837
0.769404 -0.0720375 0.188104
0.74457 -0.0328905 0.197895
0.610486 -0.0426884 0.153837
0.645251 -0.0671538 0.0804069
0.764429 0.045409 0.0804069
0.704853 -0.174809 0.188104
0.610487 -0.0573693 0.153837
0.610487 -0.0622629 0.153837
0.610488 -0.0769438 0.153837
0.610489 -0.0818374 0.153837
0.680012 -0.0426829 0.197895
0.61049 -0.0916246 0.153837
0.61049 -0.0965183 0.153837
0.610491 -0.106306 0.153837
0.630342 0.0551856 0.109779
0.610492 -0.116093 0.153837
0.610492 -0.120986 0.153837
0.714773 -0.0279993 0.0804069
0.610492 -0.12588 0.153837
0.610493 -0.130774 0.153837
0.610493 -0.140561 0.153837
0.719751 -0.174808 0.153837
0.610494 -0.145454 0.153837
0.76941 -0.150335 0.173418
0.734649 -0.174806 0.153837
0.610479 0.0405031 0.148942
0.610479 0.0356095 0.148942
0.680006 0.0307214 0.197895
0.635327 -0.174814 0.104884
0.739598 0.0405134 0.0804069
0.61048 0.0258223 0.148942
0.610481 0.0209287 0.148942
0.610483 -0.00843307 0.148942
0.610484 -0.0182203 0.148942
0.675052 -0.130768 0.197895
0.610484 -0.0231139 0.148942
0.610485 -0.0377948 0.148942
0.660154 -0.135663 0.197895
0.610486 -0.047582 0.148942
0.69492 -0.174809 0.0950929
0.70484 -0.0133192 0.0804069
0.610486 -0.0524757 0.148942
0.610487 -0.0622629 0.148942
0.610489 -0.086731 0.148942
0.61049 -0.0965183 0.148942
0.615451 -0.0280072 0.197895
0.635326 -0.165027 0.0804069
0.610491 -0.106306 0.148942
0.754514 -0.174805 0.173418
0.610491 -0.111199 0.148942
0.610492 -0.120986 0.148942
0.610492 -0.12588 0.148942
0.610493 -0.135667 0.148942
0.610495 -0.155242 0.148942
0.610495 -0.160135 0.148942
0.610478 0.055184 0.144046
0.650212 -0.00842991 0.197895
0.610479 0.0453968 0.144046
0.640283 -0.0524733 0.0804069
0.610479 0.0405031 0.144046
0.610481 0.016035 0.144046
0.689954 -0.165023 0.197895
0.610482 0.00624779 0.144046
0.739616 -0.174806 0.104884
0.610483 -0.00843307 0.144046
0.625395 -0.174815 0.0999883
0.650218 -0.0818342 0.197895
0.620423 -0.111198 0.0804069
0.610484 -0.0280076 0.144046
0.769406 -0.091612 0.197895
0.645259 -0.174813 0.0853022
0.769405 -0.0867184 0.0853022
0.610485 -0.0329012 0.144046
0.610485 -0.0377948 0.144046
0.610487 -0.0573693 0.144046
0.699883 -0.125873 0.0804069
0.610487 -0.0622629 0.144046
0.769409 -0.135655 0.109779
0.610489 -0.0818374 0.144046
0.68498 -0.0671506 0.197895
0.61049 -0.0916246 0.144046
0.610491 -0.106306 0.144046
0.610492 -0.12588 0.144046
0.610493 -0.140561 0.144046
0.719751 -0.174808 0.144046
0.610494 -0.145454 0.144046
0.610494 -0.150348 0.144046
0.699868 0.0551911 0.183209
0.610495 -0.155242 0.144046
0.610495 -0.160135 0.144046
0.610478 0.055184 0.139151
0.64028 -0.0084307 0.197895
0.610478 0.0502904 0.139151
0.610479 0.0453968 0.139151
0.694909 -0.0280008 0.0804069
0.610479 0.0356095 0.139151
0.69491 -0.0377881 0.0804069
0.61048 0.0307159 0.139151
0.759472 -0.0769319 0.197895
0.610481 0.0209287 0.139151
0.610481 0.016035 0.139151
0.610482 0.00135417 0.139151
0.640282 -0.0377924 0.197895
0.610483 -0.00353945 0.139151
0.610483 -0.00843307 0.139151
0.610483 -0.0133267 0.139151
0.744569 -0.00842239 0.197895
0.610484 -0.0182203 0.139151
0.610485 -0.0329012 0.139151
0.675052 -0.120981 0.197895
0.610486 -0.047582 0.139151
0.744569 -0.00842239 0.0804069
0.650217 -0.0671534 0.0804069
0.610486 -0.0524757 0.139151
0.675056 -0.174811 0.183209
0.620427 -0.155241 0.0804069
0.615447 0.0209291 0.0804069
0.610487 -0.0573693 0.139151
0.610488 -0.0671565 0.139151
0.620429 -0.174815 0.173418
0.610488 -0.0720502 0.139151
0.769398 0.0111541 0.168523
0.650225 -0.174813 0.183209
0.61049 -0.0916246 0.139151
0.610492 -0.120986 0.139151
0.610492 -0.12588 0.139151
0.610493 -0.135667 0.139151
0.610493 -0.140561 0.139151
0.610494 -0.145454 0.139151
0.640293 -0.174814 0.0950929
0.610495 -0.165029 0.139151
0.759473 -0.0818255 0.197895
0.764446 -0.174804 0.178314
0.625385 -0.0573681 0.0804069
0.610478 0.055184 0.134256
0.610478 0.0502904 0.134256
0.610479 0.0453968 0.134256
0.610479 0.0405031 0.134256
0.699887 -0.174809 0.183209
0.610479 0.0356095 0.134256
0.640283 -0.0475797 0.0804069
0.744582 -0.174806 0.178314
0.75948 -0.174804 0.0804069
0.635327 -0.174814 0.114674
0.61048 0.0258223 0.134256
0.640283 -0.0524733 0.197895
0.610481 0.0111414 0.134256
0.610482 0.00135417 0.134256
0.640291 -0.150346 0.197895
0.610483 -0.00353945 0.134256
0.610484 -0.0182203 0.134256
0.675056 -0.174811 0.124465
0.640292 -0.160133 0.197895
0.610484 -0.0231139 0.134256
0.684988 -0.17481 0.0901976
0.645255 -0.125877 0.197895
0.610485 -0.0329012 0.134256
0.610485 -0.0377948 0.134256
0.610486 -0.0426884 0.134256
0.620425 -0.125879 0.0804069
0.744569 -0.013316 0.0804069
0.610486 -0.047582 0.134256
0.645254 -0.11609 0.0804069
0.610488 -0.0671565 0.134256
0.610488 -0.0720502 0.134256
0.769409 -0.135655 0.0999883
0.734642 -0.0769339 0.197895
0.610489 -0.0818374 0.134256
0.769403 -0.0573566 0.11957
0.610489 -0.086731 0.134256
0.610491 -0.106306 0.134256
0.610491 -0.111199 0.134256
0.630342 0.0551856 0.188104
0.769409 -0.135655 0.124465
0.610492 -0.116093 0.134256
0.610492 -0.12588 0.134256
0.660158 -0.174812 0.144046
0.610494 -0.145454 0.134256
0.754505 -0.0573578 0.0804069
0.640293 -0.174814 0.0999883
0.699868 0.0551911 0.168523
0.739607 -0.0622526 0.197895
0.610495 -0.155242 0.134256
0.610495 -0.160135 0.134256
0.684984 -0.12098 0.197895
0.610495 -0.165029 0.134256
0.764446 -0.174804 0.114674
0.610478 0.055184 0.12936
0.610479 0.0405031 0.12936
0.68994 0.00625412 0.197895
0.699887 -0.174809 0.139151
0.610481 0.0111414 0.12936
0.759476 -0.120975 0.197895
0.610482 0.00624779 0.12936
0.739616 -0.174806 0.0901976
0.694914 -0.0916179 0.0804069
0.610482 0.00135417 0.12936
0.610483 -0.00843307 0.12936
0.625395 -0.174815 0.12936
0.610483 -0.0133267 0.12936
0.769402 -0.0475694 0.188104
0.610484 -0.0280076 0.12936
0.610485 -0.0329012 0.12936
0.610485 -0.0377948 0.12936
0.66511 -0.0035351 0.0804069
0.610486 -0.047582 0.12936
0.610487 -0.0622629 0.12936
0.769409 -0.135655 0.0950929
0.610489 -0.0818374 0.12936
0.754514 -0.174805 0.197895
0.744573 -0.0671459 0.0804069
0.61049 -0.101412 0.12936
0.610491 -0.106306 0.12936
0.630342 0.0551856 0.183209
0.769409 -0.135655 0.11957
0.610492 -0.116093 0.12936
0.665122 -0.150344 0.197895
0.680015 -0.0867255 0.197895
0.744575 -0.091614 0.0804069
0.610492 -0.12588 0.12936
0.660158 -0.174812 0.148942
0.610493 -0.130774 0.12936
0.610495 -0.155242 0.12936
0.610495 -0.160135 0.12936
0.764428 0.0551963 0.104884
0.610495 -0.165029 0.12936
0.610496 -0.174816 0.12936
0.610478 0.0502904 0.124465
0.610479 0.0453968 0.124465
0.610479 0.0356095 0.124465
0.699887 -0.174809 0.197895
0.635327 -0.174814 0.12936
0.61048 0.0307159 0.124465
0.610481 0.0209287 0.124465
0.610481 0.016035 0.124465
0.610481 0.0111414 0.124465
0.610482 0.00624779 0.124465
0.739616 -0.174806 0.0853022
0.610482 0.00135417 0.124465
0.610483 -0.00843307 0.124465
0.610483 -0.0133267 0.124465
0.610484 -0.0182203 0.124465
0.704838 0.0111489 0.0804069
0.610484 -0.0280076 0.124465
0.630342 0.0551856 0.148942
0.610492 -0.116093 0.178314
0.645259 -0.174813 0.104884
0.610485 -0.0377948 0.124465
0.610486 -0.0426884 0.124465
0.610491 -0.111199 0.158732
0.754514 -0.174805 0.163628
0.704853 -0.174809 0.11957
0.610486 -0.0524757 0.124465
0.610487 -0.0573693 0.124465
0.714768 0.0405115 0.197895
0.610488 -0.0671565 0.124465
0.620429 -0.174815 0.134256
0.610488 -0.0720502 0.124465
0.610489 -0.0818374 0.124465
0.610489 -0.086731 0.124465
0.61049 -0.0916246 0.124465
0.61049 -0.0965183 0.124465
0.635327 -0.174814 0.0999883
0.754514 -0.174805 0.193
0.61049 -0.101412 0.124465
0.734642 -0.0769339 0.0804069
0.610492 -0.116093 0.124465
0.719751 -0.174808 0.109779
0.610492 -0.120986 0.124465
0.610493 -0.130774 0.124465
0.724708 -0.0573602 0.197895
0.610493 -0.135667 0.124465
0.610494 -0.150348 0.124465
0.610496 -0.169923 0.124465
0.630361 -0.174815 0.163628
0.70981 -0.062255 0.197895
0.699873 -0.00842595 0.0804069
0.610496 -0.174816 0.124465
0.610478 0.0502904 0.11957
0.670078 -0.0231092 0.0804069
0.610479 0.0453968 0.11957
0.610479 0.0405031 0.11957
0.640288 -0.111197 0.0804069
0.610479 0.0356095 0.11957
0.7098 0.0551919 0.148942
0.62538 0.0111426 0.0804069
0.66015 -0.0818334 0.0804069
0.61048 0.0258223 0.11957
0.610481 0.0209287 0.11957
0.610481 0.0111414 0.11957
0.694914 -0.0965115 0.197895
0.610484 -0.0280076 0.11957
0.645259 -0.174813 0.109779
0.714767 0.0502987 0.0804069
0.719749 -0.145446 0.0804069
0.610485 -0.0329012 0.11957
0.610485 -0.0377948 0.11957
0.610486 -0.0426884 0.11957
0.610491 -0.111199 0.163628
0.754514 -0.174805 0.158732
0.704853 -0.174809 0.114674
0.610486 -0.0524757 0.11957
0.610487 -0.0573693 0.11957
0.645255 -0.120984 0.0804069
0.610487 -0.0622629 0.11957
0.670073 0.0307207 0.0804069
0.610488 -0.0769438 0.11957
0.769409 -0.135655 0.0853022
0.610489 -0.0818374 0.11957
0.610489 -0.086731 0.11957
0.61049 -0.0916246 0.11957
0.610491 -0.106306 0.11957
0.610493 -0.135667 0.11957
0.610493 -0.140561 0.11957
0.610495 -0.160135 0.11957
0.610495 -0.165029 0.11957
0.610496 -0.174816 0.11957
0.610478 0.0502904 0.114674
0.610479 0.0453968 0.114674
0.610479 0.0356095 0.114674
0.635327 -0.174814 0.139151
0.610481 0.0209287 0.114674
0.610481 0.0111414 0.114674
0.610482 0.00135417 0.114674
0.610483 -0.00353945 0.114674
0.665105 0.0551884 0.0950929
0.610483 -0.0133267 0.114674
0.610485 -0.0377948 0.114674
0.610488 -0.0671565 0.114674
0.610488 -0.0720502 0.114674
0.769403 -0.0573566 0.134256
0.610489 -0.086731 0.114674
0.61049 -0.0965183 0.114674
0.67009 -0.174811 0.0950929
0.61049 -0.101412 0.114674
0.769412 -0.174804 0.0950929
0.75948 -0.174804 0.11957
0.615457 -0.106305 0.197895
0.699887 -0.174809 0.124465
0.610491 -0.111199 0.114674
0.769409 -0.135655 0.134256
0.610492 -0.116093 0.114674
0.610492 -0.120986 0.114674
0.729679 -0.120977 0.0804069
0.610493 -0.130774 0.114674
0.610495 -0.155242 0.114674
0.724706 -0.0328921 0.197895
0.610495 -0.160135 0.114674
0.694902 0.0551907 0.124465
0.610495 -0.165029 0.114674
0.610496 -0.169923 0.114674
0.630361 -0.174815 0.153837
0.610478 0.055184 0.109779
0.754509 -0.116081 0.0804069
0.610479 0.0405031 0.109779
0.610491 -0.111199 0.0853022
0.699887 -0.174809 0.109779
0.709803 0.0258302 0.197895
0.610479 0.0356095 0.109779
0.61048 0.0307159 0.109779
0.7098 0.0551919 0.158732
0.61048 0.0258223 0.109779
0.610481 0.0209287 0.109779
0.610481 0.0111414 0.109779
0.610483 -0.00353945 0.109779
0.610483 -0.00843307 0.109779
0.625395 -0.174815 0.158732
0.610483 -0.0133267 0.109779
0.610484 -0.0231139 0.109779
0.684988 -0.17481 0.114674
0.610484 -0.0280076 0.109779
0.610485 -0.0377948 0.109779
0.610486 -0.0524757 0.109779
0.610487 -0.0573693 0.109779
0.610487 -0.0622629 0.109779
0.645259 -0.174813 0.197895
0.610492 -0.116093 0.0853022
0.754511 -0.140549 0.0804069
0.610489 -0.0818374 0.109779
0.769403 -0.0573566 0.144046
0.620429 -0.174815 0.193
0.610489 -0.086731 0.109779
0.61049 -0.0916246 0.109779
0.620429 -0.174815 0.0804069
0.615445 0.0405035 0.0804069
0.61049 -0.0965183 0.109779
0.769405 -0.0769311 0.0999883
0.61049 -0.101412 0.109779
0.769412 -0.174804 0.104884
0.610491 -0.106306 0.109779
0.610492 -0.12588 0.109779
0.660158 -0.174812 0.168523
0.610493 -0.135667 0.109779
0.68498 -0.0671506 0.0804069
0.610492 -0.120986 0.12936
0.719751 -0.174808 0.0950929
0.610493 -0.140561 0.109779
0.610494 -0.150348 0.109779
0.610495 -0.160135 0.109779
0.754498 0.0209401 0.197895
0.610479 0.0453968 0.104884
0.610479 0.0405031 0.104884
0.699887 -0.174809 0.163628
0.610479 0.0356095 0.104884
0.7098 0.0551919 0.153837
0.61048 0.0258223 0.104884
0.709806 -0.0182124 0.0804069
0.744582 -0.174806 0.114674
0.64028 -0.0133243 0.197895
0.610481 0.0209287 0.104884
0.610483 -0.00843307 0.104884
0.625395 -0.174815 0.104884
0.665105 0.0551884 0.104884
0.610483 -0.0133267 0.104884
0.610484 -0.0182203 0.104884
0.610495 -0.155242 0.124465
0.675056 -0.174811 0.11957
0.610484 -0.0231139 0.104884
0.610485 -0.0377948 0.104884
0.610486 -0.0426884 0.104884
0.754513 -0.165018 0.0804069
0.764446 -0.174804 0.11957
0.610486 -0.047582 0.104884
0.610486 -0.0524757 0.104884
0.610487 -0.0622629 0.104884
0.610488 -0.0720502 0.104884
0.610492 -0.116093 0.0804069
0.610489 -0.0818374 0.104884
0.675042 0.00135931 0.197895
0.680019 -0.140555 0.197895
0.610489 -0.086731 0.104884
0.694911 -0.0573626 0.197895
0.61049 -0.0916246 0.104884
0.769405 -0.0769311 0.0950929
0.61049 -0.101412 0.104884
0.610491 -0.106306 0.104884
0.699887 -0.174809 0.104884
0.610491 -0.111199 0.104884
0.630342 0.0551856 0.158732
0.769409 -0.135655 0.144046
0.610489 -0.0818374 0.0804069
0.645259 -0.174813 0.168523
0.610492 -0.116093 0.104884
0.754512 -0.145443 0.197895
0.680015 -0.0818319 0.197895
0.610492 -0.120986 0.104884
0.610492 -0.12588 0.104884
0.660158 -0.174812 0.173418
0.610493 -0.130774 0.104884
0.610493 -0.140561 0.104884
0.754514 -0.169911 0.197895
0.610494 -0.145454 0.104884
0.610494 -0.150348 0.104884
0.610495 -0.155242 0.104884
0.694902 0.0551907 0.134256
0.610495 -0.165029 0.104884
0.610496 -0.169923 0.104884
0.610496 -0.174816 0.104884
0.610478 0.055184 0.0999883
0.610478 0.0502904 0.0999883
0.69988 -0.0916175 0.0804069
0.610479 0.0453968 0.0999883
0.610479 0.0356095 0.0999883
0.635327 -0.174814 0.153837
0.61048 0.0307159 0.0999883
0.670083 -0.0867263 0.197895
0.61048 0.0258223 0.0999883
0.610481 0.0111414 0.0999883
0.610482 0.00135417 0.0999883
0.769409 -0.135655 0.139151
0.670076 0.00135892 0.0804069
0.610492 -0.116093 0.11957
0.645259 -0.174813 0.163628
0.610483 -0.00353945 0.0999883
0.759473 -0.0818255 0.0804069
0.610483 -0.00843307 0.0999883
0.610483 -0.0133267 0.0999883
0.615444 0.0502908 0.197895
0.620425 -0.135666 0.197895
0.610484 -0.0182203 0.0999883
0.640293 -0.174814 0.134256
0.610484 -0.0280076 0.0999883
0.610486 -0.0426884 0.0999883
0.620423 -0.106305 0.197895
0.610486 -0.047582 0.0999883
0.69492 -0.174809 0.144046
0.610487 -0.0622629 0.0999883
0.610488 -0.0769438 0.0999883
0.610489 -0.086731 0.0999883
0.61049 -0.0916246 0.0999883
0.61049 -0.101412 0.0999883
0.610492 -0.120986 0.0999883
0.615459 -0.130773 0.0804069
0.610492 -0.12588 0.0999883
0.689936 0.0502967 0.197895
0.660158 -0.174812 0.188104
0.610494 -0.150348 0.0999883
0.610479 0.0453968 0.0950929
0.610479 0.0405031 0.0950929
0.75948 -0.174804 0.168523
0.699887 -0.174809 0.173418
0.7098 0.0551919 0.124465
0.61048 0.0258223 0.0950929
0.610481 0.0209287 0.0950929
0.610481 0.016035 0.0950929
0.660157 -0.169919 0.0804069
0.610481 0.0111414 0.0950929
0.610482 0.00624779 0.0950929
0.610484 -0.0182203 0.0950929
0.610485 -0.0377948 0.0950929
0.610486 -0.0426884 0.0950929
0.764446 -0.174804 0.109779
0.610486 -0.047582 0.0950929
0.719736 0.0111501 0.197895
0.69492 -0.174809 0.148942
0.635323 -0.130772 0.197895
0.610488 -0.0671565 0.0950929
0.610488 -0.0720502 0.0950929
0.610488 -0.0769438 0.0950929
0.630342 0.0551856 0.178314
0.769409 -0.135655 0.158732
0.645259 -0.174813 0.183209
0.610492 -0.116093 0.0901976
0.610489 -0.0818374 0.0950929
0.689938 0.0258286 0.197895
0.714785 -0.174808 0.139151
0.610491 -0.106306 0.0950929
0.75948 -0.174804 0.148942
0.610491 -0.111199 0.0950929
0.610489 -0.0818374 0.0999883
0.645259 -0.174813 0.188104
0.610492 -0.116093 0.0950929
0.610492 -0.120986 0.0950929
0.655175 0.0307195 0.0804069
0.610492 -0.12588 0.0950929
0.660158 -0.174812 0.193
0.610493 -0.130774 0.0950929
0.615458 -0.12588 0.0804069
0.610493 -0.135667 0.0950929
0.610493 -0.140561 0.0950929
0.610494 -0.150348 0.0950929
0.610495 -0.160135 0.0950929
0.610495 -0.165029 0.0950929
0.610496 -0.174816 0.0950929
0.610478 0.055184 0.0901976
0.739612 -0.130763 0.197895
0.610478 0.0502904 0.0901976
0.7098 0.0551919 0.168523
0.61048 0.0258223 0.0901976
0.640292 -0.165027 0.0804069
0.729683 -0.174807 0.197895
0.610481 0.016035 0.114674
0.744582 -0.174806 0.12936
0.610481 0.016035 0.0901976
0.694903 0.0454035 0.197895
0.610481 0.0111414 0.0901976
0.610482 0.00624779 0.0901976
0.610483 -0.00353945 0.0901976
0.610483 -0.0133267 0.0901976
0.754506 -0.0720387 0.197895
0.694916 -0.116086 0.197895
0.610484 -0.0231139 0.0901976
0.610484 -0.0280076 0.0901976
0.769405 -0.0867184 0.12936
0.610485 -0.0329012 0.0901976
0.610486 -0.0426884 0.0901976
0.610487 -0.0573693 0.0901976
0.610487 -0.0622629 0.0901976
0.610488 -0.0720502 0.0901976
0.610488 -0.0769438 0.0901976
0.694911 -0.0622562 0.197895
0.610489 -0.086731 0.0901976
0.61049 -0.0916246 0.0901976
0.610491 -0.106306 0.0901976
0.699887 -0.174809 0.148942
0.75948 -0.174804 0.144046
0.610491 -0.111199 0.0901976
0.610493 -0.135667 0.0901976
0.610487 -0.0622629 0.197895
0.660158 -0.174812 0.0999883
0.610494 -0.145454 0.0901976
0.610494 -0.150348 0.0901976
0.610495 -0.160135 0.0901976
0.744563 0.0551947 0.0804069
0.610496 -0.174816 0.0901976
0.61048 0.0307159 0.0853022
0.684978 -0.0426825 0.197895
0.61048 0.0258223 0.0853022
0.704834 0.0551915 0.134256
0.625376 0.0551852 0.163628
0.610481 0.0209287 0.0853022
0.610482 0.00624779 0.0853022
0.739616 -0.174806 0.11957
0.610483 -0.00353945 0.0853022
0.739599 0.0307262 0.197895
0.610483 -0.0133267 0.0853022
0.610484 -0.0182203 0.0853022
0.759468 -0.0279957 0.0804069
0.640293 -0.174814 0.124465
0.610484 -0.0280076 0.0853022
0.610486 -0.0426884 0.0853022
0.704853 -0.174809 0.193
0.709806 -0.00842516 0.197895
0.764446 -0.174804 0.0999883
0.610486 -0.047582 0.0853022
0.69492 -0.174809 0.0853022
0.610487 -0.0573693 0.0853022
0.610488 -0.0769438 0.0853022
0.630342 0.0551856 0.163628
0.769409 -0.135655 0.148942
0.610492 -0.116093 0.109779
0.645259 -0.174813 0.173418
0.610489 -0.0818374 0.0853022
0.650207 0.0551872 0.173418
0.714776 -0.0622546 0.197895
0.714785 -0.174808 0.148942
0.610489 -0.086731 0.0853022
0.754512 -0.150337 0.0804069
0.61049 -0.0916246 0.0853022
0.61049 -0.0965183 0.0853022
0.769405 -0.0769311 0.124465
0.61049 -0.101412 0.0853022
0.764431 0.0160473 0.0804069
0.769412 -0.174804 0.12936
0.610491 -0.106306 0.0853022
0.610492 -0.120986 0.0853022
0.610493 -0.130774 0.0853022
0.670071 0.0551888 0.104884
0.714773 -0.0231056 0.197895
0.610494 -0.145454 0.0853022
0.694902 0.0551907 0.163628
0.610495 -0.165029 0.0853022
0.610496 -0.169923 0.0853022
0.620418 -0.0426876 0.0804069
0.630361 -0.174815 0.168523
0.630361 -0.174815 0.193
0.680022 -0.174811 0.193
0.749548 -0.174805 0.0999883
0.684987 -0.160129 0.197895
0.684988 -0.17481 0.193
0.689954 -0.17481 0.193
0.76941 -0.140548 0.0999883
0.734649 -0.174806 0.178314
0.769398 0.0111541 0.114674
0.635311 0.0209306 0.0804069
0.650225 -0.174813 0.104884
0.69492 -0.174809 0.193
0.635327 -0.174814 0.11957
0.699887 -0.174809 0.193
0.675047 -0.0573641 0.0804069
0.709819 -0.174808 0.193
0.769403 -0.052463 0.197895
0.719751 -0.174808 0.193
0.724717 -0.174807 0.193
0.769412 -0.174804 0.193
0.68497 0.0551899 0.168523
0.625394 -0.169921 0.0804069
0.615462 -0.174816 0.188104
0.610489 -0.086731 0.0804069
0.620429 -0.174815 0.188104
0.739614 -0.155231 0.0804069
0.625395 -0.174815 0.188104
0.630361 -0.174815 0.188104
0.769405 -0.0818247 0.109779
0.635327 -0.174814 0.188104
0.665124 -0.174812 0.188104
0.769405 -0.0818247 0.11957
0.635327 -0.174814 0.168523
0.610494 -0.150348 0.197895
0.675056 -0.174811 0.188104
0.719745 -0.0965096 0.197895
0.684988 -0.17481 0.188104
0.769398 0.0111541 0.11957
0.764438 -0.0720379 0.197895
0.69492 -0.174809 0.188104
0.709819 -0.174808 0.188104
0.719751 -0.174808 0.188104
0.734638 -0.0279977 0.0804069
0.724717 -0.174807 0.188104
0.739616 -0.174806 0.188104
0.744582 -0.174806 0.188104
0.749548 -0.174805 0.188104
0.769405 -0.0769311 0.0804069
0.61049 -0.101412 0.144046
0.754514 -0.174805 0.188104
0.769405 -0.0818247 0.173418
0.75948 -0.174804 0.188104
0.625395 -0.174815 0.183209
0.630361 -0.174815 0.183209
0.620429 -0.174815 0.0901976
0.699886 -0.165022 0.197895
0.655191 -0.174813 0.183209
0.67009 -0.174811 0.183209
0.650207 0.0551872 0.139151
0.714785 -0.174808 0.183209
0.769403 -0.052463 0.114674
0.719751 -0.174808 0.183209
0.739616 -0.174806 0.183209
0.754514 -0.174805 0.183209
0.769405 -0.0818247 0.168523
0.75948 -0.174804 0.183209
0.764446 -0.174804 0.183209
0.694908 -0.0182136 0.197895
0.769412 -0.174804 0.183209
0.625395 -0.174815 0.178314
0.635327 -0.174814 0.178314
0.655191 -0.174813 0.178314
0.660158 -0.174812 0.178314
0.665124 -0.174812 0.178314
0.694904 0.025829 0.197895
0.67009 -0.174811 0.178314
0.769398 0.0111541 0.104884
0.69492 -0.174809 0.178314
0.709819 -0.174808 0.178314
0.719751 -0.174808 0.178314
0.739616 -0.174806 0.178314
0.61049 -0.101412 0.134256
0.754514 -0.174805 0.178314
0.62041 0.0551848 0.158732
0.769412 -0.174804 0.178314
0.615462 -0.174816 0.173418
0.630361 -0.174815 0.173418
0.640293 -0.174814 0.173418
0.769398 0.0111541 0.158732
0.650225 -0.174813 0.173418
0.689937 0.0405095 0.0804069
0.655191 -0.174813 0.173418
0.759468 -0.0231021 0.0804069
0.665124 -0.174812 0.173418
0.67009 -0.174811 0.173418
0.689954 -0.17481 0.173418
0.704853 -0.174809 0.173418
0.650207 0.0551872 0.148942
0.714785 -0.174808 0.173418
0.675049 -0.0916195 0.0804069
0.630356 -0.111198 0.0804069
0.724717 -0.174807 0.173418
0.615456 -0.0965179 0.197895
0.749548 -0.174805 0.173418
0.655191 -0.174813 0.153837
0.714771 0.0062561 0.0804069
0.620429 -0.174815 0.168523
0.640293 -0.174814 0.168523
0.769402 -0.0475694 0.11957
0.680022 -0.174811 0.168523
0.704853 -0.174809 0.168523
0.709819 -0.174808 0.168523
0.724717 -0.174807 0.168523
0.640285 -0.0769414 0.0804069
0.729683 -0.174807 0.168523
0.769402 -0.0475694 0.0853022
0.680022 -0.174811 0.104884
0.76941 -0.140548 0.0901976
0.734649 -0.174806 0.168523
0.739616 -0.174806 0.168523
0.764446 -0.174804 0.168523
0.615462 -0.174816 0.163628
0.625395 -0.174815 0.163628
0.665124 -0.174812 0.163628
0.689954 -0.17481 0.163628
0.729683 -0.174807 0.163628
0.75948 -0.174804 0.163628
0.769412 -0.174804 0.163628
0.699887 -0.174809 0.178314
0.635327 -0.174814 0.158732
0.640293 -0.174814 0.158732
0.655191 -0.174813 0.158732
0.769402 -0.0475694 0.139151
0.680022 -0.174811 0.158732
0.620413 0.0209294 0.197895
0.689954 -0.17481 0.158732
0.74953 0.0551951 0.134256
0.769398 0.0111541 0.0999883
0.69492 -0.174809 0.158732
0.704845 -0.0818299 0.0804069
0.704853 -0.174809 0.158732
0.709819 -0.174808 0.158732
0.719751 -0.174808 0.158732
0.729683 -0.174807 0.158732
0.680022 -0.174811 0.124465
0.739616 -0.174806 0.158732
0.70484 -0.0133192 0.197895
0.764446 -0.174804 0.158732
0.625395 -0.174815 0.153837
0.620428 -0.165028 0.0804069
0.615446 0.0307163 0.0804069
0.660158 -0.174812 0.153837
0.665124 -0.174812 0.153837
0.689954 -0.17481 0.153837
0.69492 -0.174809 0.153837
0.645258 -0.165026 0.197895
0.75948 -0.174804 0.139151
0.699887 -0.174809 0.153837
0.709819 -0.174808 0.153837
0.68497 0.0551899 0.0804069
0.724717 -0.174807 0.153837
0.739616 -0.174806 0.153837
0.749548 -0.174805 0.153837
0.769405 -0.0769311 0.188104
0.754514 -0.174805 0.153837
0.769412 -0.174804 0.153837
0.724717 -0.174807 0.104884
0.615462 -0.174816 0.148942
0.620429 -0.174815 0.148942
0.630361 -0.174815 0.148942
0.769406 -0.091612 0.158732
0.670075 0.0111462 0.197895
0.645259 -0.174813 0.148942
0.655191 -0.174813 0.148942
0.719733 0.0502991 0.197895
0.665124 -0.174812 0.148942
0.67009 -0.174811 0.148942
0.769402 -0.0475694 0.148942
0.680022 -0.174811 0.148942
0.714778 -0.0867227 0.0804069
0.724717 -0.169914 0.0804069
0.689954 -0.17481 0.148942
0.704853 -0.174809 0.148942
0.709819 -0.174808 0.148942
0.719751 -0.174808 0.148942
0.729683 -0.174807 0.148942
0.680022 -0.174811 0.134256
0.650217 -0.0769406 0.0804069
0.610481 0.016035 0.183209
0.744582 -0.174806 0.148942
0.749548 -0.174805 0.148942
0.610491 -0.111199 0.173418
0.754514 -0.174805 0.148942
0.704853 -0.174809 0.134256
0.764446 -0.174804 0.148942
0.769412 -0.174804 0.148942
0.665124 -0.174812 0.144046
0.67009 -0.174811 0.144046
0.769402 -0.0475694 0.144046
0.680022 -0.174811 0.144046
0.665116 -0.0769394 0.0804069
0.684988 -0.17481 0.144046
0.689954 -0.17481 0.144046
0.704853 -0.174809 0.144046
0.610491 -0.111199 0.183209
0.754514 -0.174805 0.139151
0.650207 0.0551872 0.168523
0.714785 -0.174808 0.144046
0.640285 -0.0720478 0.197895
0.729683 -0.174807 0.144046
0.769402 -0.0475694 0.158732
0.680022 -0.174811 0.12936
0.749548 -0.174805 0.144046
0.764446 -0.174804 0.144046
0.630349 -0.028006 0.0804069
0.625395 -0.174815 0.139151
0.610484 -0.0280076 0.0950929
0.640293 -0.174814 0.139151
0.719733 0.0551927 0.0853022
0.769412 -0.16991 0.193
0.630342 0.0551856 0.0901976
0.645259 -0.174813 0.139151
0.660158 -0.174812 0.139151
0.684988 -0.17481 0.158732
0.749548 -0.174805 0.114674
0.635314 -0.0182183 0.197895
0.665124 -0.174812 0.139151
0.680022 -0.174811 0.139151
0.689954 -0.17481 0.139151
0.709819 -0.174808 0.139151
0.764435 -0.0328889 0.0804069
0.749548 -0.174805 0.139151
0.680021 -0.16013 0.0804069
0.67504 0.0209338 0.0804069
0.630361 -0.174815 0.134256
0.635327 -0.174814 0.134256
0.769406 -0.091612 0.148942
0.645259 -0.174813 0.134256
0.660158 -0.174812 0.134256
0.665124 -0.174812 0.134256
0.67009 -0.174811 0.134256
0.69492 -0.174809 0.134256
0.709819 -0.174808 0.134256
0.650207 0.0551872 0.188104
0.714785 -0.174808 0.134256
0.61049 -0.0916246 0.197895
0.719751 -0.174808 0.134256
0.729683 -0.174807 0.134256
0.734649 -0.174806 0.134256
0.610481 0.016035 0.178314
0.744582 -0.174806 0.134256
0.75948 -0.174804 0.134256
0.610495 -0.155242 0.0853022
0.675056 -0.174811 0.104884
0.764446 -0.174804 0.134256
0.769412 -0.174804 0.134256
0.630348 -0.0133251 0.0804069
0.7247 0.0454059 0.197895
0.724717 -0.174807 0.0999883
0.615462 -0.174816 0.12936
0.620429 -0.174815 0.12936
0.709805 0.00136209 0.0804069
0.739598 0.0503007 0.0804069
0.67009 -0.174811 0.12936
0.610495 -0.155242 0.109779
0.675056 -0.174811 0.12936
0.75948 -0.174804 0.109779
0.689954 -0.17481 0.12936
0.69492 -0.174809 0.12936
0.709819 -0.174808 0.12936
0.650207 0.0551872 0.183209
0.714785 -0.174808 0.12936
0.61049 -0.0916246 0.178314
0.719751 -0.174808 0.12936
0.729683 -0.174807 0.12936
0.734649 -0.174806 0.12936
0.660143 0.00625175 0.197895
0.729668 0.0160445 0.0804069
0.749548 -0.174805 0.12936
0.610486 -0.047582 0.114674
0.764446 -0.174804 0.12936
0.655191 -0.174813 0.193
0.620429 -0.174815 0.124465
0.630361 -0.174815 0.124465
0.680006 0.0258278 0.0804069
0.635327 -0.174814 0.124465
0.769406 -0.091612 0.134256
0.645259 -0.174813 0.124465
0.769408 -0.11608 0.193
0.625384 -0.0426872 0.0804069
0.650225 -0.174813 0.124465
0.660158 -0.174812 0.124465
0.734644 -0.111189 0.0804069
0.665124 -0.174812 0.124465
0.684988 -0.17481 0.124465
0.769409 -0.135655 0.188104
0.69492 -0.174809 0.124465
0.704853 -0.174809 0.124465
0.709819 -0.174808 0.124465
0.61049 -0.0916246 0.193
0.719751 -0.174808 0.124465
0.610481 0.016035 0.109779
0.729683 -0.174807 0.193
0.704841 -0.028 0.197895
0.744582 -0.174806 0.124465
0.610491 -0.111199 0.197895
0.754514 -0.174805 0.124465
0.670081 -0.0622582 0.0804069
0.769407 -0.111186 0.193
0.754511 -0.140549 0.197895
0.610491 -0.111199 0.11957
0.75948 -0.174804 0.124465
0.610486 -0.047582 0.109779
0.764446 -0.174804 0.124465
0.625395 -0.174815 0.11957
0.660158 -0.174812 0.11957
0.665124 -0.174812 0.11957
0.684987 -0.160129 0.0804069
0.684988 -0.17481 0.11957
0.689954 -0.17481 0.11957
0.69492 -0.174809 0.11957
0.680014 -0.0720446 0.197895
0.75948 -0.174804 0.114674
0.699887 -0.174809 0.11957
0.714785 -0.169914 0.0804069
0.709819 -0.174808 0.11957
0.714785 -0.174808 0.11957
0.724717 -0.174807 0.11957
0.729683 -0.174807 0.11957
0.734649 -0.174806 0.11957
0.684988 -0.17481 0.153837
0.749548 -0.174805 0.11957
0.630342 0.0551856 0.153837
0.645259 -0.174813 0.114674
0.650225 -0.174813 0.114674
0.660158 -0.174812 0.114674
0.650221 -0.125877 0.197895
0.665124 -0.174812 0.114674
0.67009 -0.174811 0.114674
0.769402 -0.0475694 0.0901976
0.680022 -0.174811 0.114674
0.699887 -0.174809 0.114674
0.709819 -0.174808 0.114674
0.615462 -0.174816 0.139151
0.724717 -0.174807 0.114674
0.665111 -0.0133223 0.0804069
0.729683 -0.174807 0.114674
0.734649 -0.174806 0.114674
0.769412 -0.174804 0.114674
0.615462 -0.174816 0.109779
0.630361 -0.174815 0.109779
0.694918 -0.140554 0.0804069
0.665124 -0.174812 0.109779
0.67009 -0.174811 0.109779
0.684988 -0.17481 0.109779
0.689954 -0.17481 0.109779
0.615462 -0.174816 0.144046
0.724717 -0.174807 0.109779
0.729683 -0.174807 0.109779
0.734649 -0.174806 0.109779
0.744582 -0.174806 0.109779
0.769412 -0.174804 0.109779
0.655191 -0.174813 0.168523
0.620429 -0.174815 0.104884
0.769398 0.00626046 0.193
0.640293 -0.174814 0.104884
0.67009 -0.174811 0.104884
0.689954 -0.17481 0.104884
0.69492 -0.174809 0.104884
0.709819 -0.174808 0.104884
0.684983 -0.1063 0.197895
0.729683 -0.174807 0.104884
0.76941 -0.150335 0.124465
0.734649 -0.174806 0.104884
0.744582 -0.174806 0.104884
0.749548 -0.174805 0.104884
0.610491 -0.111199 0.139151
0.75948 -0.174804 0.104884
0.610486 -0.047582 0.0901976
0.764446 -0.174804 0.104884
0.630361 -0.174815 0.0999883
0.74953 0.0551951 0.144046
0.769398 0.0111541 0.0853022
0.69492 -0.174809 0.173418
0.650225 -0.174813 0.0999883
0.689954 -0.17481 0.0999883
0.734641 -0.062253 0.0804069
0.75948 -0.174804 0.0950929
0.699887 -0.174809 0.0999883
0.610492 -0.120986 0.134256
0.719751 -0.174808 0.0999883
0.739616 -0.174806 0.0999883
0.769405 -0.0769311 0.168523
0.754514 -0.174805 0.0999883
0.704853 -0.174809 0.0853022
0.610491 -0.111199 0.144046
0.75948 -0.174804 0.0999883
0.615462 -0.174816 0.0950929
0.635327 -0.174814 0.0950929
0.769398 0.0111541 0.0804069
0.650225 -0.174813 0.0950929
0.655191 -0.174813 0.0950929
0.665124 -0.174812 0.0950929
0.749548 -0.174805 0.193
0.684988 -0.17481 0.0950929
0.709819 -0.174808 0.0950929
0.714785 -0.174808 0.0950929
0.615462 -0.174816 0.134256
0.724717 -0.174807 0.0950929
0.675053 -0.135662 0.0804069
0.729683 -0.174807 0.188104
0.744582 -0.174806 0.0950929
0.699874 -0.0182132 0.0804069
0.749548 -0.174805 0.0950929
0.754514 -0.174805 0.0950929
0.610486 -0.047582 0.0804069
0.764446 -0.174804 0.0950929
0.625395 -0.174815 0.0901976
0.630361 -0.174815 0.0901976
0.630342 0.0551856 0.0804069
0.769406 -0.091612 0.193
0.610492 -0.116093 0.193
0.645259 -0.174813 0.0901976
0.610489 -0.086731 0.173418
0.769403 -0.0573566 0.193
0.665124 -0.174812 0.0901976
0.610491 -0.111199 0.0999883
0.699887 -0.174809 0.0901976
0.709819 -0.174808 0.0901976
0.714785 -0.174808 0.0901976
0.68497 0.0551899 0.0950929
0.650208 0.0453999 0.197895
0.630356 -0.116091 0.197895
0.724717 -0.174807 0.0901976
0.660154 -0.125876 0.197895
0.709806 -0.0182124 0.197895
0.729683 -0.174807 0.0901976
0.764429 0.0405154 0.0804069
0.734649 -0.174806 0.0901976
0.744582 -0.174806 0.0901976
0.684988 -0.17481 0.183209
0.749548 -0.174805 0.0901976
0.769412 -0.174804 0.0901976
0.675049 -0.0867259 0.197895
0.699885 -0.160128 0.197895
0.615462 -0.174816 0.0853022
0.620429 -0.174815 0.0853022
0.74953 0.0551951 0.153837
0.650225 -0.174813 0.0853022
0.665124 -0.174812 0.0853022
0.610494 -0.150348 0.168523
0.675056 -0.174811 0.0853022
0.709818 -0.160127 0.0804069
0.689954 -0.17481 0.0853022
0.610491 -0.111199 0.109779
0.699887 -0.174809 0.0853022
0.719751 -0.174808 0.0853022
0.724717 -0.174807 0.0853022
0.684988 -0.17481 0.178314
0.749548 -0.174805 0.0853022
0.769412 -0.174804 0.0853022
0.694906 0.00625452 0.197895
0.76941 -0.150335 0.193
0.76941 -0.140548 0.193
0.769409 -0.125867 0.193
0.769408 -0.120974 0.193
0.769406 -0.0965056 0.193
0.769405 -0.0867184 0.193
0.769404 -0.0671439 0.193
0.714768 0.0356178 0.197895
0.71975 -0.155233 0.197895
0.769403 -0.0622502 0.193
0.769403 -0.052463 0.193
0.769402 -0.0426758 0.193
0.769401 -0.0377821 0.193
0.7694 -0.0231013 0.193
0.7694 -0.013314 0.193
0.769398 0.00136683 0.193
0.769396 0.0258349 0.193
0.680004 0.0551895 0.124465
0.660152 -0.106302 0.0804069
0.769395 0.0405158 0.193
0.645241 0.0551868 0.188104
0.769395 0.0503031 0.193
0.769394 0.0551967 0.193
0.719733 0.0551927 0.0804069
0.769412 -0.16991 0.188104
0.769412 -0.165016 0.188104
0.769411 -0.160123 0.188104
0.76941 -0.150335 0.188104
0.665118 -0.101408 0.0804069
0.76941 -0.145442 0.188104
0.769409 -0.130761 0.188104
0.719734 0.0454055 0.0804069
0.69492 -0.169916 0.197895
0.769409 -0.125867 0.188104
0.769407 -0.106293 0.188104
0.645258 -0.160133 0.0804069
0.769405 -0.0818247 0.188104
0.645258 -0.155239 0.0804069
0.769403 -0.052463 0.188104
0.724699 0.0551931 0.193
0.769401 -0.0279949 0.188104
0.7694 -0.0182077 0.188104
0.0972481 0.0392266 0.00498866
0.0993874 0.043725 0.00521856
0.101527 0.0482233 0.00544846
0.103666 0.0527217 0.00567837
0.107945 0.0617185 0.00613817
0.110084 0.0662169 0.00636808
0.114362 0.0752137 0.00682788
0.116502 0.0797121 0.00705779
0.118641 0.0842105 0.00728769
0.12078 0.0887089 0.00751759
0.12292 0.0932072 0.0077475
0.125059 0.0977056 0.0079774
0.127198 0.102204 0.0082073
0.129337 0.106702 0.00843721
0.131477 0.111201 0.00866711
0.133616 0.115699 0.00889701
0.135755 0.120198 0.00912692
0.137895 0.124696 0.00935682
0.146452 0.14269 0.0102764
0.148591 0.147188 0.0105063
0.155009 0.160683 0.011196
0.157148 0.165181 0.0114259
0.159287 0.16968 0.0116559
0.163566 0.178677 0.0121157
0.165705 0.183175 0.0123456
0.167845 0.187673 0.0125755
0.169984 0.192172 0.0128054
0.172123 0.19667 0.0130353
0.0993874 0.043725 0.0101514
0.103666 0.0527217 0.0105991
0.105805 0.0572201 0.010823
0.107945 0.0617185 0.0110468
0.110084 0.0662169 0.0112707
0.114362 0.0752137 0.0117184
0.116502 0.0797121 0.0119422
0.118641 0.0842105 0.0121661
0.12078 0.0887089 0.0123899
0.12292 0.0932072 0.0126138
0.125059 0.0977056 0.0128377
0.127198 0.102204 0.0130615
0.133616 0.115699 0.0137331
0.135755 0.120198 0.0139569
0.137895 0.124696 0.0141808
0.142173 0.133693 0.0146285
0.144312 0.138191 0.0148523
0.146452 0.14269 0.0150762
0.148591 0.147188 0.0153
0.15287 0.156185 0.0157477
0.157148 0.165181 0.0161955
0.159287 0.16968 0.0164193
0.161427 0.174178 0.0166432
0.163566 0.178677 0.016867
0.165705 0.183175 0.0170909
0.167845 0.187673 0.0173147
0.169984 0.192172 0.0175386
0.172123 0.19667 0.0177624
0.0993874 0.043725 0.0150843
0.103666 0.0527217 0.0155199
0.107945 0.0617185 0.0159555
0.110084 0.0662169 0.0161733
0.116502 0.0797121 0.0168267
0.118641 0.0842105 0.0170445
0.12078 0.0887089 0.0172623
0.125059 0.0977056 0.0176979
0.127198 0.102204 0.0179157
0.131477 0.111201 0.0183513
0.133616 0.115699 0.0185691
0.135755 0.120198 0.0187869
0.137895 0.124696 0.0190047
0.140034 0.129194 0.0192225
0.142173 0.133693 0.0194403
0.146452 0.14269 0.0198759
0.157148 0.165181 0.020965
0.161427 0.174178 0.0214006
0.163566 0.178677 0.0216184
0.165705 0.183175 0.0218362
0.167845 0.187673 0.022054
0.169984 0.192172 0.0222718
0.172123 0.19667 0.0224896
0.0993874 0.043725 0.0200171
0.103666 0.0527217 0.0204406
0.107945 0.0617185 0.0208641
0.110084 0.0662169 0.0210759
0.112223 0.0707153 0.0212876
0.114362 0.0752137 0.0214994
0.116502 0.0797121 0.0217112
0.118641 0.0842105 0.0219229
0.12078 0.0887089 0.0221347
0.127198 0.102204 0.0227699
0.129337 0.106702 0.0229817
0.131477 0.111201 0.0231934
0.133616 0.115699 0.0234052
0.135755 0.120198 0.0236169
0.137895 0.124696 0.0238287
0.142173 0.133693 0.0242522
0.148591 0.147188 0.0248875
0.155009 0.160683 0.0255227
0.157148 0.165181 0.0257345
0.159287 0.16968 0.0259462
0.161427 0.174178 0.026158
0.165705 0.183175 0.0265815
0.167845 0.187673 0.0267932
0.169984 0.192172 0.027005
0.172123 0.19667 0.0272167
0.0993874 0.043725 0.02495
0.101527 0.0482233 0.0251557
0.107945 0.0617185 0.0257728
0.110084 0.0662169 0.0259785
0.116502 0.0797121 0.0265956
0.168035 0.00556253 0.133211
0.209656 0.184337 0.153861
0.24291 0.163006 0.140621
0.172314 0.0145593 0.14819
0.234353 0.145013 0.14034
0.195846 0.0640416 0.148821
0.12292 0.0932072 0.173202
0.236201 0.171713 0.140345
0.206542 0.0865336 0.139428
0.193707 0.0595432 0.139007
0.161472 0.00316814 0.112401
0.159187 0.00977053 0.00818165
0.208682 0.0910319 0.0718288
0.180871 0.0325529 0.138586
0.139351 0.0136881 0.0104183
0.176592 0.0235561 0.138446
0.200808 0.188545 0.0608502
0.174453 0.0190577 0.138376
0.181845 0.125858 0.192667
0.170175 0.0100609 0.138236
0.180434 0.0658552 0.0104322
0.165705 0.183175 0.0740345
0.165896 0.00106414 0.138095
0.21296 0.100029 0.0335815
0.238632 0.154009 0.145225
0.227353 0.175921 0.159152
0.236492 0.149511 0.145161
0.232214 0.140514 0.145033
0.114362 0.0752137 0.00193738
0.218504 0.180129 0.125197
0.210821 0.0955303 0.144396
0.206542 0.0865336 0.144268
0.202264 0.0775368 0.115025
0.200125 0.0730384 0.144077
0.18301 0.0370513 0.143567
0.140034 0.129194 0.00958672
0.24505 0.167505 0.173767
0.180871 0.0325529 0.143503
0.163566 0.178677 0.083386
0.178732 0.0280545 0.143439
0.112806 0.0263122 0.143813
0.110084 0.0662169 0.0750046
0.176592 0.0235561 0.143375
0.169984 0.192172 0.159535
0.172314 0.0145593 0.143248
0.24291 0.163006 0.154815
0.168035 0.00556253 0.14312
0.105805 0.0572201 0.0403112
0.165896 0.00106414 0.143056
0.18301 0.0370513 0.168117
0.205232 0.186441 0.0320757
0.217239 0.109026 0.149395
0.161572 0.163077 0.192667
0.163029 0.0520697 0.00832673
0.210821 0.0955303 0.149223
0.165313 0.0454673 0.00867163
0.141199 0.0403881 0.00564037
0.200125 0.0730384 0.148936
0.15287 0.156185 0.0779086
0.197985 0.06854 0.148878
0.189428 0.0505464 0.148649
0.180871 0.0325529 0.148419
0.163566 0.178677 0.0786346
0.178732 0.0280545 0.148362
0.112806 0.0263122 0.148699
0.167744 0.0277641 0.00912547
0.110084 0.0662169 0.070102
0.238632 0.154009 0.154713
0.230075 0.136016 0.154509
0.217239 0.109026 0.154203
0.147034 0.0982864 0.00591245
0.231923 0.162716 0.192667
0.208682 0.0910319 0.153999
0.200125 0.0730384 0.153795
0.160744 0.0586721 0.00798183
0.137895 0.124696 0.105836
0.195846 0.0640416 0.153693
0.191567 0.0550448 0.153591
0.209656 0.184337 0.0131909
0.176156 0.0568584 0.192667
0.18515 0.0415496 0.153438
0.18301 0.0370513 0.153387
0.178732 0.0280545 0.153285
0.112806 0.0263122 0.134043
0.110084 0.0662169 0.0848098
0.176592 0.0235561 0.153234
0.165605 0.0232657 0.192667
0.174453 0.0190577 0.153183
0.172314 0.0145593 0.153132
0.24291 0.163006 0.159547
0.232214 0.140514 0.159323
0.184276 0.108154 0.0105773
0.205232 0.186441 0.0466749
0.174262 0.201169 0.132122
0.221517 0.118022 0.1591
0.189428 0.0505464 0.114412
0.217239 0.109026 0.159011
0.210821 0.0955303 0.158877
0.197985 0.06854 0.158609
0.189428 0.0505464 0.158431
0.200808 0.188545 0.124318
0.180871 0.0325529 0.158252
0.174453 0.0190577 0.158118
0.105805 0.0572201 0.000993564
0.209656 0.184337 0.139309
0.219378 0.113524 0.149452
0.153015 0.145084 0.192667
0.169301 0.0766656 0.00892565
0.197985 0.06854 0.139148
0.148591 0.147188 0.173492
0.137895 0.124696 0.139604
0.161472 0.00316814 0.178502
0.187289 0.046048 0.163283
0.21408 0.182233 0.182997
0.137895 0.124696 0.096188
0.180871 0.0325529 0.163169
0.170421 0.158869 0.008399
0.170175 0.0100609 0.162977
0.217239 0.109026 0.0916986
0.209656 0.184337 0.134459
0.165896 0.00106414 0.162901
0.127198 0.102204 0.0810204
0.234353 0.145013 0.168882
0.099533 0.0326242 0.0842057
0.205232 0.186441 0.0515413
0.219378 0.113524 0.154254
0.227935 0.131517 0.159234
0.219378 0.113524 0.168659
0.208682 0.0910319 0.168499
0.168035 0.00556253 0.0489809
0.212232 0.155533 0.192667
0.123648 0.0377033 0.192667
0.197985 0.06854 0.16834
0.200808 0.188545 0.109671
0.180871 0.0325529 0.168085
0.163566 0.178677 0.107143
0.174453 0.0190577 0.167989
0.212523 0.133331 0.192667
0.192687 0.137249 0.192667
0.234353 0.145013 0.173639
0.099533 0.0326242 0.0644855
0.154763 0.0118745 0.192667
0.154617 0.0229753 0.00749186
0.240625 0.169609 0.0883691
0.103666 0.0527217 0.133618
0.21296 0.100029 0.173384
0.1623 0.107574 0.192667
0.197985 0.06854 0.173205
0.199688 0.106341 0.192667
0.189428 0.0505464 0.10463
0.208682 0.0910319 0.173333
0.189428 0.0505464 0.173103
0.184421 0.0970536 0.0106863
0.180871 0.0325529 0.173001
0.163566 0.178677 0.102391
0.168035 0.00556253 0.172848
0.146452 0.14269 0.0246757
0.191131 0.0883472 0.192667
0.234353 0.145013 0.178396
0.151458 0.0961824 0.192667
0.232214 0.140514 0.178377
0.154763 0.0118745 0.0076008
0.12292 0.0932072 0.10994
0.157148 0.165181 0.0543515
0.200125 0.0730384 0.17809
0.240771 0.158508 0.159502
0.197985 0.06854 0.178071
0.118641 0.0842105 0.0268013
0.195846 0.0640416 0.178052
0.168035 0.00556253 0.0440262
0.189428 0.0505464 0.177994
0.18301 0.0370513 0.177937
0.178732 0.0280545 0.177899
0.176592 0.0235561 0.17788
0.135755 0.120198 0.163687
0.172314 0.0145593 0.177841
0.197985 0.06854 0.163475
0.187972 0.161554 0.192667
0.168035 0.00556253 0.177803
0.24291 0.163006 0.183204
0.236492 0.149511 0.183166
0.176592 0.0235561 0.158163
0.240625 0.169609 0.0978507
0.236201 0.171713 0.0737542
0.208682 0.0910319 0.183
0.21296 0.100029 0.0287607
0.202264 0.0775368 0.0228239
0.206542 0.0865336 0.182987
0.206542 0.0865336 0.149108
0.200125 0.0730384 0.182949
0.15287 0.156185 0.0396558
0.208682 0.0910319 0.158832
0.189428 0.0505464 0.182885
0.18301 0.0370513 0.182847
0.163566 0.178677 0.0453751
0.180871 0.0325529 0.182834
0.193415 0.0817448 0.192667
0.211941 0.177734 0.0135358
0.163566 0.178677 0.0501265
0.240771 0.158508 0.173716
0.206542 0.0865336 0.158788
0.176592 0.0235561 0.148304
0.169984 0.192172 0.150068
0.234353 0.145013 0.18791
0.099533 0.0326242 0.148297
0.200808 0.188545 0.187785
0.232214 0.140514 0.187904
0.173871 0.0634608 0.00961544
0.12292 0.0932072 0.124539
0.195846 0.0640416 0.163436
0.189428 0.0505464 0.0948486
0.137895 0.124696 0.115484
0.236201 0.171713 0.0927803
0.210821 0.0955303 0.18784
0.161472 0.00316814 0.0132481
0.197985 0.06854 0.187802
0.140034 0.129194 0.0144046
0.24505 0.167505 0.169042
0.18301 0.0370513 0.163207
0.189428 0.0505464 0.187776
0.234353 0.145013 0.145097
0.099533 0.0326242 0.108856
0.18515 0.0415496 0.187763
0.148591 0.147188 0.0200937
0.18301 0.0370513 0.187757
0.176592 0.0235561 0.187738
0.169984 0.192172 0.107469
0.174453 0.0190577 0.187732
0.172314 0.0145593 0.187725
0.217239 0.109026 0.101315
0.168035 0.00556253 0.187712
0.196383 0.190649 0.0114483
0.209656 0.184337 0.192667
0.121072 0.0665073 0.00286312
0.148199 0.00948014 0.178368
0.103957 0.0305202 0.00589067
0.167845 0.187673 0.1121
0.148199 0.00948014 0.16407
0.161472 0.00316814 0.0179697
0.152623 0.00737614 0.0168675
0.167845 0.187673 0.164232
0.238632 0.154009 0.164202
0.121654 0.0221042 0.0130101
0.152623 0.00737614 0.0216189
0.167845 0.187673 0.159492
0.157148 0.165181 0.087738
0.11723 0.0242082 0.0173295
0.200808 0.188545 0.0169113
0.101527 0.0482233 0.168033
0.099533 0.0326242 0.0151848
0.157048 0.00527214 0.0268915
0.18301 0.0370513 0.148477
0.24505 0.167505 0.178492
0.134927 0.0157922 0.0242851
0.167845 0.187673 0.168971
0.183111 0.196961 0.0789344
0.165896 0.00106414 0.177784
0.130502 0.0178962 0.00928641
0.127198 0.102204 0.071312
0.108381 0.0284162 0.0211575
0.099533 0.0326242 0.0201149
0.234353 0.145013 0.135583
0.227935 0.131517 0.101921
0.165896 0.00106414 0.0332767
0.157048 0.00527214 0.13583
0.148199 0.00948014 0.173602
0.157048 0.00527214 0.0316279
0.148199 0.00948014 0.0830437
0.152623 0.00737614 0.0311216
0.143775 0.0115841 0.0301088
0.130502 0.0178962 0.0285896
0.127198 0.102204 0.0518952
0.161427 0.174178 0.164123
0.112806 0.0263122 0.0265641
0.103957 0.0305202 0.0255513
0.148199 0.00948014 0.08781
0.152623 0.00737614 0.0358729
0.193707 0.0595432 0.0365657
0.18301 0.0370513 0.158297
0.24505 0.167505 0.159591
0.143775 0.0115841 0.0348899
0.18515 0.0415496 0.14363
0.103957 0.0305202 0.0599575
0.20839 0.113234 0.192667
0.139351 0.0136881 0.0343984
0.225505 0.149221 0.0154962
0.167845 0.187673 0.121578
0.24505 0.167505 0.154866
0.146452 0.14269 0.14467
0.0951088 0.0347282 0.0294835
0.157048 0.00527214 0.0411008
0.139351 0.0136881 0.0391944
0.134927 0.0157922 0.0387179
0.170175 0.0100609 0.128339
0.126078 0.0200002 0.0377647
0.121654 0.0221042 0.0372881
0.130502 0.0178962 0.0237638
0.165896 0.00106414 0.173332
0.169984 0.192172 0.00807217
0.129337 0.106702 0.149034
0.0951088 0.0347282 0.0344285
0.165896 0.00106414 0.0477783
0.140034 0.129194 0.120399
0.157048 0.00527214 0.0458373
0.152623 0.00737614 0.0453756
0.108381 0.0284162 0.104462
0.179123 0.165762 0.00945175
0.156028 0.0829776 0.0071831
0.217239 0.109026 0.0965067
0.24505 0.167505 0.0509135
0.234062 0.167214 0.192667
0.14718 0.0871856 0.0060214
0.099533 0.0326242 0.0398352
0.0951088 0.0347282 0.0393734
0.238486 0.16511 0.192667
0.148199 0.00948014 0.0496801
0.140034 0.129194 0.192667
0.143775 0.0115841 0.0492333
0.130502 0.0178962 0.0478929
0.161427 0.174178 0.192667
0.108381 0.0284162 0.0456588
0.099533 0.0326242 0.0447652
0.24505 0.167505 0.187942
0.140034 0.129194 0.173395
0.148199 0.00948014 0.0544463
0.203384 0.159741 0.012592
0.139351 0.0136881 0.0535825
0.152623 0.00737614 0.121397
0.108381 0.0284162 0.124063
0.134927 0.0157922 0.0531506
0.165705 0.183175 0.0882704
0.174262 0.201169 0.0132652
0.221517 0.118022 0.0871712
0.11723 0.0242082 0.0514229
0.112806 0.0263122 0.050991
0.129337 0.106702 0.0811595
0.108381 0.0284162 0.0505591
0.103957 0.0305202 0.0501272
0.167845 0.187673 0.0362717
0.099533 0.0326242 0.0496953
0.0951088 0.0347282 0.0492634
0.24505 0.167505 0.0414633
0.134927 0.0157922 0.0579615
0.165705 0.183175 0.0550533
0.174262 0.201169 0.0284493
0.11723 0.0242082 0.0562934
0.176592 0.0235561 0.123658
0.108381 0.0284162 0.0554594
0.099533 0.0326242 0.0546253
0.0951088 0.0347282 0.0542083
0.175136 0.134564 0.00919773
0.165896 0.00106414 0.0655873
0.157048 0.00527214 0.102675
0.148199 0.00948014 0.116407
0.140034 0.129194 0.125216
0.172314 0.0145593 0.163015
0.24291 0.163006 0.173741
0.152623 0.00737614 0.0643809
0.108381 0.0284162 0.0897613
0.18301 0.0370513 0.138656
0.121654 0.0221042 0.061566
0.183111 0.196961 0.148163
0.187289 0.046048 0.138797
0.137895 0.124696 0.0720682
0.112806 0.0263122 0.0607618
0.108381 0.0284162 0.0603597
0.165896 0.00106414 0.0694671
0.157048 0.00527214 0.0979382
0.140034 0.129194 0.130034
0.108381 0.0284162 0.0799608
0.143775 0.0115841 0.0683578
0.238632 0.154009 0.0361068
0.139351 0.0136881 0.192667
0.121654 0.0221042 0.0664216
0.187289 0.046048 0.143694
0.137895 0.124696 0.0672443
0.112806 0.0263122 0.0656472
0.178732 0.0280545 0.138516
0.110084 0.0662169 0.0553941
0.18515 0.0415496 0.163245
0.103957 0.0305202 0.0648727
0.157048 0.00527214 0.074256
0.140034 0.129194 0.154124
0.152623 0.00737614 0.0738836
0.108381 0.0284162 0.0750605
0.191567 0.0550448 0.138937
0.2151 0.104527 0.163781
0.134927 0.0157922 0.0723943
0.185396 0.190358 0.192667
0.170175 0.0100609 0.108546
0.165705 0.183175 0.116742
0.130502 0.0178962 0.0720219
0.197985 0.06854 0.144013
0.125204 0.0866048 0.00322609
0.121654 0.0221042 0.0712772
0.187289 0.046048 0.148591
0.216802 0.142328 0.192667
0.178732 0.0280545 0.118825
0.110084 0.0662169 0.0504915
0.103957 0.0305202 0.0697879
0.187143 0.0571488 0.011358
0.191567 0.0550448 0.187783
0.0951088 0.0347282 0.0690432
0.161427 0.174178 0.0356728
0.232214 0.140514 0.14027
0.172314 0.0145593 0.172899
0.134927 0.0157922 0.0772052
0.165705 0.183175 0.111997
0.121654 0.0221042 0.0761328
0.183111 0.196961 0.158053
0.163465 0.0187673 0.192667
0.165896 0.00106414 0.0839687
0.204403 0.0820352 0.139358
0.222929 0.178025 0.154238
0.178687 0.199065 0.0289673
0.143775 0.0115841 0.0827012
0.24505 0.167505 0.0650889
0.200953 0.177444 0.192667
0.130502 0.0178962 0.0575445
0.11723 0.0242082 0.0806459
0.176592 0.0235561 0.0497207
0.112806 0.0263122 0.0803033
0.178732 0.0280545 0.123748
0.110084 0.0662169 0.0406863
0.18515 0.0415496 0.177956
0.103957 0.0305202 0.0796182
0.099533 0.0326242 0.0792757
0.202264 0.0775368 0.139288
0.165459 0.0343665 0.192667
0.143775 0.0115841 0.0874823
0.170175 0.0100609 0.153081
0.121654 0.0221042 0.0275769
0.139351 0.0136881 0.0871547
0.108381 0.0284162 0.114263
0.24505 0.167505 0.0556386
0.130502 0.0178962 0.0864993
0.121654 0.0221042 0.085844
0.130502 0.0178962 0.0623703
0.11723 0.0242082 0.0855164
0.136775 0.0424921 0.192667
0.191959 0.192753 0.0698295
0.112223 0.0707153 0.177977
0.112806 0.0263122 0.0851887
0.178732 0.0280545 0.108979
0.193707 0.0595432 0.178033
0.108381 0.0284162 0.084861
0.143775 0.0115841 0.0109843
0.191567 0.0550448 0.148706
0.174554 0.178967 0.192667
0.200808 0.188545 0.0266755
0.101527 0.0482233 0.177887
0.161472 0.00316814 0.0935145
0.157048 0.00527214 0.0932017
0.165896 0.00106414 0.0514673
0.148199 0.00948014 0.121174
0.108381 0.0284162 0.153465
0.139351 0.0136881 0.0919507
0.188991 0.0838488 0.0113761
0.138186 0.102494 0.00475075
0.126078 0.0200002 0.0910124
0.127198 0.102204 0.0276241
0.191959 0.192753 0.064916
0.169984 0.192172 0.050671
0.099533 0.0326242 0.0891358
0.234353 0.145013 0.149854
0.0951088 0.0347282 0.088823
0.148199 0.00948014 0.0973424
0.216365 0.17563 0.0141166
0.140034 0.129194 0.144488
0.134927 0.0157922 0.0964488
0.165705 0.183175 0.0455627
0.126078 0.0200002 0.0958531
0.221517 0.118022 0.144714
0.11723 0.0242082 0.0952573
0.176592 0.0235561 0.0645082
0.191959 0.192753 0.0600025
0.169984 0.192172 0.0459378
0.108381 0.0284162 0.0946616
0.139351 0.0136881 0.178279
0.234062 0.167214 0.01644
0.099533 0.0326242 0.0940658
0.234353 0.145013 0.159368
0.238632 0.154009 0.0550838
0.165896 0.00106414 0.103241
0.108381 0.0284162 0.148565
0.205232 0.186441 0.0758733
0.148199 0.00948014 0.102109
0.191959 0.192753 0.0796565
0.129337 0.106702 0.173274
0.208682 0.0910319 0.0234935
0.140034 0.129194 0.16376
0.139351 0.0136881 0.101543
0.163566 0.178677 0.192667
0.176592 0.0235561 0.0694374
0.230075 0.136016 0.187897
0.112223 0.0707153 0.187771
0.169984 0.192172 0.0364714
0.146452 0.14269 0.13507
0.108381 0.0284162 0.0995619
0.152623 0.00737614 0.0501269
0.103957 0.0305202 0.0992789
0.191567 0.0550448 0.182898
0.0951088 0.0347282 0.0987129
0.161427 0.174178 0.0309154
0.165896 0.00106414 0.108138
0.148199 0.00948014 0.159303
0.148199 0.00948014 0.106875
0.140034 0.129194 0.158942
0.139351 0.0136881 0.106339
0.170175 0.0100609 0.0145276
0.130502 0.0178962 0.105803
0.140034 0.129194 0.0240404
0.24505 0.167505 0.145416
0.146452 0.14269 0.13987
0.099533 0.0326242 0.103926
0.191567 0.0550448 0.178013
0.24505 0.167505 0.0367382
0.171149 0.103366 0.00894371
0.227935 0.131517 0.082816
0.148199 0.00948014 0.111641
0.157048 0.00527214 0.0600466
0.170175 0.0100609 0.177822
0.139351 0.0136881 0.111135
0.134927 0.0157922 0.110882
0.130502 0.0178962 0.110628
0.126078 0.0200002 0.110375
0.142173 0.133693 0.0916182
0.148054 0.0205809 0.192667
0.157048 0.00527214 0.107411
0.134344 0.0601953 0.192667
0.24505 0.167505 0.0603638
0.161472 0.00316814 0.117122
0.157048 0.00527214 0.116884
0.148199 0.00948014 0.145005
0.165896 0.00106414 0.027934
0.0951088 0.0347282 0.00970371
0.152623 0.00737614 0.116646
0.168427 0.14327 0.00827199
0.130502 0.0178962 0.115454
0.105805 0.0572201 0.0747142
0.182428 0.0814544 0.0105593
0.103957 0.0305202 0.114024
0.188846 0.0949496 0.192667
0.099533 0.0326242 0.113786
0.0951088 0.0347282 0.113548
0.125059 0.0977056 0.0906017
0.157048 0.00527214 0.12162
0.165896 0.00106414 0.0438349
0.140034 0.129194 0.105945
0.143775 0.0115841 0.12095
0.139351 0.0136881 0.120727
0.163566 0.178677 0.126148
0.134927 0.0157922 0.120503
0.165705 0.183175 0.0692892
0.130502 0.0178962 0.12028
0.202264 0.0775368 0.148993
0.210821 0.0955303 0.173359
0.131477 0.111201 0.105509
0.126078 0.0200002 0.120057
0.139351 0.0136881 0.173483
0.121654 0.0221042 0.119833
0.176592 0.0235561 0.0891542
0.103957 0.0305202 0.11894
0.101527 0.0482233 0.0103753
0.0951088 0.0347282 0.118493
0.161472 0.00316814 0.126565
0.157048 0.00527214 0.126357
0.148199 0.00948014 0.140239
0.165896 0.00106414 0.042054
0.140034 0.129194 0.101127
0.24505 0.167505 0.0461884
0.148199 0.00948014 0.12594
0.181117 0.181361 0.192667
0.140034 0.129194 0.13967
0.161472 0.00316814 0.0368559
0.126078 0.0200002 0.124897
0.142173 0.133693 0.09643
0.130502 0.0178962 0.018938
0.140325 0.106993 0.192667
0.183985 0.130356 0.192667
0.165896 0.00106414 0.168498
0.127198 0.102204 0.0616036
0.11723 0.0242082 0.12448
0.161472 0.00316814 0.107679
0.099533 0.0326242 0.123646
0.165896 0.00106414 0.132307
0.161472 0.00316814 0.131287
0.185687 0.168157 0.0102686
0.148199 0.00948014 0.183135
0.192979 0.115047 0.192667
0.161472 0.00316814 0.0321343
0.130502 0.0178962 0.129932
0.099533 0.0326242 0.128576
0.183111 0.196961 0.113549
0.200808 0.188545 0.134082
0.214663 0.137829 0.0142075
0.165896 0.00106414 0.136187
0.165896 0.00106414 0.0597994
0.157048 0.00527214 0.0837288
0.143775 0.0115841 0.135294
0.139351 0.0136881 0.135115
0.234353 0.145013 0.111798
0.108381 0.0284162 0.163265
0.163566 0.178677 0.159408
0.134927 0.0157922 0.134936
0.22779 0.142618 0.192667
0.15073 0.151686 0.183092
0.126078 0.0200002 0.134579
0.121654 0.0221042 0.1344
0.11723 0.0242082 0.134221
0.135755 0.120198 0.187837
0.103957 0.0305202 0.133685
0.165896 0.00106414 0.140894
0.161472 0.00316814 0.14073
0.157048 0.00527214 0.140566
0.187535 0.194857 0.187738
0.121654 0.0221042 0.105266
0.139351 0.0136881 0.139911
0.192979 0.115047 0.0116301
0.130502 0.0178962 0.139583
0.108381 0.0284162 0.138764
0.24505 0.167505 0.032013
0.099533 0.0326242 0.138436
0.165896 0.00106414 0.146809
0.161472 0.00316814 0.145452
0.157048 0.00527214 0.145303
0.168035 0.00556253 0.00934335
0.143775 0.0115841 0.144856
0.130502 0.0178962 0.144409
0.161472 0.00316814 0.150173
0.152623 0.00737614 0.149905
0.218796 0.157927 0.0145705
0.106097 0.0350186 0.00121145
0.148199 0.00948014 0.149771
0.157048 0.00527214 0.112148
0.165896 0.00106414 0.056174
0.140034 0.129194 0.115581
0.134927 0.0157922 0.149369
0.158168 0.087476 0.192667
0.217239 0.109026 0.0580425
0.130502 0.0178962 0.0430671
0.148199 0.00948014 0.0735113
0.11723 0.0242082 0.148833
0.135755 0.120198 0.192667
0.103957 0.0305202 0.148431
0.202264 0.0775368 0.0907612
0.0951088 0.0347282 0.148162
0.165896 0.00106414 0.155014
0.130502 0.0178962 0.0044606
0.161472 0.00316814 0.154895
0.152623 0.00737614 0.154656
0.148199 0.00948014 0.154537
0.165896 0.00106414 0.0381106
0.140034 0.129194 0.110763
0.223657 0.122521 0.125623
0.143775 0.0115841 0.154418
0.134927 0.0157922 0.15418
0.240771 0.158508 0.192667
0.121654 0.0221042 0.153822
0.112806 0.0263122 0.153584
0.110084 0.0662169 0.0651994
0.103957 0.0305202 0.153346
0.130502 0.0178962 0.0141122
0.157048 0.00527214 0.159512
0.143775 0.0115841 0.159199
0.134927 0.0157922 0.158991
0.130502 0.0178962 0.0382413
0.11723 0.0242082 0.158574
0.112806 0.0263122 0.158469
0.103957 0.0305202 0.158261
0.178687 0.199065 0.138101
0.133616 0.115699 0.149143
0.099533 0.0326242 0.158157
0.200808 0.188545 0.15361
0.165896 0.00106414 0.164427
0.157048 0.00527214 0.164248
0.152623 0.00737614 0.164159
0.134927 0.0157922 0.163802
0.227935 0.131517 0.16401
0.121654 0.0221042 0.163534
0.174262 0.201169 0.137928
0.221517 0.118022 0.163896
0.11723 0.0242082 0.163444
0.169984 0.192172 0.0648706
0.112806 0.0263122 0.163355
0.099533 0.0326242 0.163087
0.18515 0.0415496 0.128919
0.161472 0.00316814 0.169059
0.157048 0.00527214 0.168985
0.148199 0.00948014 0.168836
0.121217 0.0554065 0.00297207
0.24291 0.163006 0.16901
0.15073 0.151686 0.192667
0.134927 0.0157922 0.168613
0.217239 0.109026 0.0388104
0.126078 0.0200002 0.168464
0.142173 0.133693 0.0531233
0.191959 0.192753 0.035435
0.169984 0.192172 0.0696038
0.112806 0.0263122 0.16824
0.099533 0.0326242 0.168017
0.200808 0.188545 0.173139
0.161472 0.00316814 0.173781
0.157048 0.00527214 0.173721
0.134927 0.0157922 0.173423
0.217239 0.109026 0.0340024
0.142173 0.133693 0.0483115
0.130502 0.0178962 0.0671961
0.152623 0.00737614 0.145154
0.126078 0.0200002 0.0668089
0.125059 0.0977056 0.148925
0.165896 0.00106414 0.178547
0.187535 0.194857 0.192667
0.134927 0.0157922 0.178234
0.149902 0.0472809 0.00669312
0.217239 0.109026 0.0724666
0.123502 0.0488041 0.00331696
0.126078 0.0200002 0.178145
0.112806 0.0263122 0.178011
0.108381 0.0284162 0.177966
0.139351 0.0136881 0.0967467
0.163566 0.178677 0.149905
0.152623 0.00737614 0.140402
0.0951088 0.0347282 0.177832
0.108381 0.0284162 0.0260577
0.165896 0.00106414 0.182999
0.127198 0.102204 0.100437
0.152623 0.00737614 0.183164
0.211941 0.177734 0.192667
0.110521 0.0329146 0.192667
0.130502 0.0178962 0.183015
0.189428 0.0505464 0.124194
0.170029 0.0211617 0.00947036
0.21408 0.182233 0.149152
0.163566 0.178677 0.178413
0.15073 0.151686 0.116065
0.126078 0.0200002 0.00872045
0.125059 0.0977056 0.0808812
0.165896 0.00106414 0.187833
0.157048 0.00527214 0.187931
0.126078 0.0200002 0.187826
0.0951088 0.0347282 0.108603
0.148199 0.00948014 0.0163165
0.112806 0.0263122 0.187782
0.179706 0.121359 0.192667
0.103957 0.0305202 0.187752
0.0951088 0.0347282 0.187722
0.108381 0.0284162 0.0701602
0.240625 0.169609 0.0172568
0.200125 0.0730384 0.173231
0.15287 0.156185 0.0540006
0.236201 0.171713 0.016676
0.231777 0.173817 0.0160951
0.227353 0.175921 0.0155143
0.204403 0.0820352 0.037586
0.178687 0.199065 0.13314
0.143775 0.0115841 0.0540144
0.205232 0.186441 0.01261
0.230075 0.136016 0.0734231
0.191959 0.192753 0.0108675
0.131914 0.0778985 0.192667
0.131768 0.0889992 0.00404289
0.176592 0.0235561 0.1138
0.139351 0.0136881 0.0248064
0.204403 0.0820352 0.115127
0.174453 0.0190577 0.192667
0.238486 0.16511 0.0170209
0.125059 0.0977056 0.095462
0.126078 0.0200002 0.0232426
0.127198 0.102204 0.0761662
0.190111 0.166053 0.192667
0.161427 0.174178 0.16888
0.219378 0.113524 0.178262
0.135755 0.120198 0.154027
0.229638 0.169318 0.0158592
0.220789 0.173526 0.0146975
0.167016 0.083268 0.00858075
0.240625 0.169609 0.0314793
0.203093 0.181942 0.0123741
0.114362 0.0752137 0.0166089
0.198668 0.184046 0.0117932
0.191959 0.192753 0.0993105
0.169984 0.192172 0.126402
0.126078 0.0200002 0.182986
0.194244 0.18615 0.0112124
0.134927 0.0157922 0.0435288
0.176547 0.194566 0.00888897
0.221517 0.118022 0.139919
0.173288 0.107864 0.00917967
0.240771 0.158508 0.0173658
0.099533 0.0326242 0.133506
0.163566 0.178677 0.0263697
0.236347 0.160612 0.0167849
0.231923 0.162716 0.0162041
0.170175 0.0100609 0.0392692
0.168035 0.00556253 0.138165
0.209656 0.184337 0.158712
0.185833 0.157056 0.192667
0.238632 0.154009 0.178434
0.206542 0.0865336 0.0523098
0.209802 0.173236 0.0132998
0.148199 0.00948014 0.0925762
0.157048 0.00527214 0.0789924
0.140034 0.129194 0.149306
0.121654 0.0221042 0.110122
0.200953 0.177444 0.0121381
0.142173 0.133693 0.110866
0.187681 0.183756 0.0103956
0.136047 0.097996 0.0045148
0.174408 0.190068 0.00865302
0.130502 0.0178962 0.187841
0.238632 0.154009 0.0171298
0.157048 0.00527214 0.0647831
0.225359 0.160321 0.0153873
0.220935 0.162425 0.0148064
0.189428 0.0505464 0.138867
0.216511 0.164529 0.0142256
0.24505 0.167505 0.131241
0.146452 0.14269 0.120671
0.161472 0.00316814 0.136008
0.189428 0.0505464 0.0557212
0.203238 0.170841 0.012483
0.209656 0.184337 0.0908022
0.157048 0.00527214 0.0126821
0.198814 0.172945 0.0119022
0.189966 0.177153 0.0107405
0.196383 0.190649 0.0996088
0.185541 0.179257 0.0101596
0.22322 0.155823 0.192667
0.172269 0.185569 0.00841706
0.236492 0.149511 0.0168939
0.174262 0.201169 0.073236
0.232068 0.151615 0.016313
0.227644 0.153719 0.0157322
0.183402 0.174759 0.00992366
0.174554 0.178967 0.00876196
0.170129 0.181071 0.00818111
0.165705 0.183175 0.00760026
0.18515 0.0415496 0.0700751
0.178586 0.0391553 0.192667
0.204403 0.0820352 0.0327397
0.178687 0.199065 0.113298
0.194535 0.163949 0.0114303
0.190111 0.166053 0.0108494
0.137066 0.0202905 0.0052774
0.181263 0.170261 0.00968771
0.16799 0.176573 0.00794516
0.178732 0.0280545 0.0991337
0.163566 0.178677 0.00736431
0.112806 0.0263122 0.0900741
0.178732 0.0280545 0.113902
0.148199 0.00948014 0.0353814
0.210093 0.151034 0.0135177
0.174453 0.0190577 0.143311
0.149173 0.102785 0.00614841
0.151313 0.107283 0.00638436
0.133762 0.104598 0.192667
0.201244 0.155242 0.012356
0.19682 0.157346 0.0117752
0.201099 0.166343 0.0122471
0.192396 0.15945 0.0111943
0.21408 0.182233 0.0137717
0.195846 0.0640416 0.17318
0.187972 0.161554 0.0106135
0.191567 0.0550448 0.168244
0.0951088 0.0347282 0.138273
0.183548 0.163658 0.0100326
0.164148 0.134274 0.192667
0.170275 0.16997 0.00829005
0.165851 0.172074 0.0077092
0.206542 0.0865336 0.095869
0.161427 0.174178 0.00712835
0.0951088 0.0347282 0.0739881
0.171731 0.0589624 0.00937949
0.157048 0.00527214 0.150039
0.168035 0.00556253 0.0142981
0.22565 0.13812 0.0156052
0.217239 0.109026 0.0291943
0.189428 0.0505464 0.0850668
0.216802 0.142328 0.0144435
0.190257 0.154952 0.0109584
0.161427 0.174178 0.0927616
0.176984 0.161264 0.0092158
0.202264 0.0775368 0.134435
0.161472 0.00316814 0.0557421
0.144312 0.138191 0.183056
0.168136 0.165472 0.0080541
0.178732 0.0280545 0.182821
0.17713 0.150163 0.00932474
0.231777 0.173817 0.0972228
0.134927 0.0157922 0.187856
0.170175 0.0100609 0.098649
0.163712 0.167576 0.00747325
0.159287 0.16968 0.0068924
0.205232 0.186441 0.13427
0.143775 0.0115841 0.0779201
0.223511 0.133621 0.0153692
0.152041 0.0517793 0.192667
0.200125 0.0730384 0.105204
0.219087 0.135725 0.0147883
0.219378 0.113524 0.139849
0.189428 0.0505464 0.15354
0.0951088 0.0347282 0.103658
0.20139 0.144141 0.0124649
0.112806 0.0263122 0.0998448
0.178732 0.0280545 0.0942109
0.103957 0.0305202 0.0304665
0.192542 0.148349 0.0113032
0.188118 0.150453 0.0107224
0.148199 0.00948014 0.0449139
0.0951088 0.0347282 0.0640982
0.179269 0.154661 0.0095607
0.181408 0.15916 0.192667
0.127489 0.0800025 0.00357098
0.148591 0.147188 0.00571263
0.148591 0.147188 0.111174
0.187289 0.046048 0.0506454
0.15287 0.156185 0.0205294
0.221517 0.118022 0.0440138
0.137895 0.124696 0.163723
0.152623 0.00737614 0.0406242
0.165997 0.160973 0.00781815
0.149028 0.113886 0.192667
0.214517 0.14893 0.0140986
0.161572 0.163077 0.0072373
0.183111 0.196961 0.172888
0.148199 0.00948014 0.0592126
0.157048 0.00527214 0.0079457
0.212523 0.133331 0.0139715
0.160452 0.0808736 0.192667
0.121654 0.0221042 0.100411
0.208099 0.135435 0.0133907
0.185978 0.145955 0.0104864
0.231777 0.173817 0.135401
0.110084 0.0662169 0.158349
0.168281 0.154371 0.00816304
0.161472 0.00316814 0.0699067
0.223657 0.122521 0.0154781
0.217239 0.109026 0.183051
0.219233 0.124625 0.0148973
0.214808 0.126729 0.0143164
0.2151 0.104527 0.183038
0.168035 0.00556253 0.148075
0.209656 0.184337 0.149011
0.210384 0.128833 0.0137356
0.200808 0.188545 0.0657323
0.225796 0.127019 0.144842
0.240625 0.169609 0.154741
0.188263 0.139353 0.0108313
0.183839 0.141457 0.0102505
0.178732 0.0280545 0.187744
0.174991 0.145665 0.00908879
0.169984 0.192172 0.192667
0.131477 0.111201 0.0135092
0.202264 0.0775368 0.14414
0.205669 0.153138 0.192667
0.185004 0.0526504 0.011122
0.172314 0.0145593 0.158074
0.174262 0.201169 0.192667
0.225796 0.127019 0.17832
0.112223 0.0707153 0.119219
0.108381 0.0284162 0.030958
0.207954 0.146536 0.192667
0.148591 0.147188 0.0776182
0.212378 0.144432 0.192667
0.193707 0.0595432 0.0512002
0.163566 0.178677 0.111894
0.195263 0.108445 0.192667
0.189428 0.0505464 0.168212
0.145041 0.0826872 0.192667
0.148591 0.147188 0.125555
0.112806 0.0263122 0.129157
0.110084 0.0662169 0.0897124
0.163712 0.167576 0.192667
0.159287 0.16968 0.192667
0.227935 0.131517 0.0255023
0.206542 0.0865336 0.134588
0.217239 0.109026 0.0772746
0.20139 0.144141 0.192667
0.0972481 0.0392266 0.143278
0.144312 0.138191 0.110968
0.240771 0.158508 0.14055
0.178004 0.0835584 0.0099784
0.21296 0.100029 0.0480438
0.179269 0.154661 0.192667
0.214954 0.115628 0.192667
0.118641 0.0842105 0.0316797
0.14149 0.0181865 0.192667
0.205377 0.17534 0.192667
0.162883 0.0631704 0.192667
0.196383 0.190649 0.109404
0.129337 0.106702 0.110248
0.200808 0.188545 0.0462039
0.216948 0.131227 0.192667
0.202264 0.0775368 0.0131186
0.206542 0.0865336 0.173307
0.218504 0.180129 0.134835
0.166288 0.138772 0.00803603
0.20596 0.130937 0.192667
0.206397 0.0976343 0.0134816
0.167845 0.187673 0.183189
0.176592 0.0235561 0.168021
0.169984 0.192172 0.135869
0.225796 0.127019 0.192667
0.240625 0.169609 0.107332
0.157048 0.00527214 0.131093
0.185978 0.145955 0.192667
0.144749 0.104889 0.192667
0.156611 0.0385745 0.192667
0.174262 0.201169 0.173272
0.112223 0.0707153 0.0898394
0.103957 0.0305202 0.045212
0.22565 0.13812 0.192667
0.103957 0.0305202 0.143515
0.160016 0.114176 0.192667
0.148199 0.00948014 0.0115502
0.203675 0.137539 0.192667
0.169984 0.192172 0.0885366
0.152623 0.00737614 0.0548782
0.197112 0.135145 0.192667
0.18515 0.0415496 0.192667
0.236492 0.149511 0.14041
0.183839 0.141457 0.192667
0.150047 0.0361801 0.00680207
0.123065 0.0821065 0.00299013
0.210093 0.151034 0.192667
0.19896 0.161845 0.0120111
0.174408 0.190068 0.192667
0.177858 0.0946592 0.00986946
0.170566 0.147769 0.192667
0.108236 0.0395169 0.192667
0.187143 0.0571488 0.192667
0.225505 0.149221 0.192667
0.114945 0.0308106 0.192667
0.15287 0.156185 0.192667
0.101527 0.0482233 0.17296
0.238632 0.154009 0.17369
0.103957 0.0305202 0.1386
0.205814 0.142037 0.192667
0.202118 0.0886376 0.0130097
0.199396 0.128542 0.192667
0.169446 0.0655648 0.00903459
0.163566 0.178677 0.154656
0.169883 0.0322625 0.192667
0.15987 0.125277 0.00732817
0.176447 0.0346569 0.192667
0.172123 0.19667 0.00830812
0.148199 0.00948014 0.006784
0.105951 0.0461193 0.00110251
0.168427 0.14327 0.192667
0.166142 0.149873 0.00792709
0.174262 0.201169 0.107879
0.221517 0.118022 0.183077
0.189428 0.0505464 0.0899577
0.18515 0.0415496 0.138727
0.149319 0.091684 0.00625735
0.18515 0.0415496 0.011231
0.153598 0.100681 0.192667
0.155154 0.149582 0.192667
0.161472 0.00316814 0.0887929
0.144895 0.093788 0.192667
0.118641 0.0842105 0.0463149
0.180288 0.076956 0.0103233
0.176592 0.0235561 0.059579
0.209947 0.162135 0.0134088
0.129337 0.106702 0.095704
0.158604 0.0541737 0.192667
0.1623 0.107574 0.00778201
0.133616 0.115699 0.182995
0.201681 0.12194 0.192667
0.103957 0.0305202 0.163176
0.143775 0.0115841 0.106607
0.223657 0.122521 0.173512
0.178687 0.199065 0.157943
0.142319 0.122592 0.00511371
0.221517 0.118022 0.187872
0.174262 0.201169 0.112727
0.223511 0.133621 0.192667
0.15287 0.156185 0.101817
0.187535 0.194857 0.044791
0.103666 0.0527217 0.0401237
0.139205 0.0247889 0.192667
0.127198 0.102204 0.0033531
0.176693 0.183465 0.00899791
0.234353 0.145013 0.0166579
0.170421 0.158869 0.192667
0.17956 0.13246 0.192667
0.192105 0.181652 0.0109764
0.210675 0.106631 0.192667
0.195846 0.0640416 0.0562569
0.225796 0.127019 0.0396267
0.157148 0.165181 0.187898
0.175136 0.134564 0.192667
0.161427 0.174178 0.173637
0.134927 0.0157922 0.125314
0.143775 0.0115841 0.187886
0.188554 0.117151 0.0110492
0.11723 0.0242082 0.031941
0.176592 0.0235561 0.0990125
0.191959 0.192753 0.025608
0.170712 0.136668 0.192667
0.195846 0.0640416 0.0465133
0.118641 0.0842105 0.178032
0.099533 0.0326242 0.00532471
0.177275 0.139062 0.00943369
0.114362 0.0752137 0.0997475
0.161472 0.00316814 0.0793498
0.217239 0.109026 0.192667
0.103666 0.0527217 0.094252
0.11723 0.0242082 0.104998
0.176592 0.0235561 0.0743666
0.203966 0.115338 0.192667
0.165997 0.160973 0.192667
0.143192 0.0559873 0.00576738
0.143775 0.0115841 0.0635767
0.212669 0.12223 0.0140805
0.160307 0.0919744 0.007655
0.195118 0.119546 0.192667
0.18515 0.0415496 0.18286
0.177421 0.127962 0.192667
0.178732 0.0280545 0.133593
0.134927 0.0157922 0.139747
0.132059 0.0667977 0.00426078
0.152623 0.00737614 0.173662
0.210238 0.139933 0.192667
0.19327 0.0928456 0.192667
0.161472 0.00316814 0.102958
0.181408 0.15916 0.00979665
0.165896 0.00106414 0.0936365
0.133616 0.115699 0.0282412
0.197403 0.112943 0.192667
0.139351 0.0136881 0.183075
0.156174 0.0718768 0.192667
0.236347 0.160612 0.192667
0.24291 0.163006 0.0743797
0.195846 0.0640416 0.139077
0.230075 0.136016 0.149739
0.225796 0.127019 0.106582
0.240625 0.169609 0.168963
0.168035 0.00556253 0.0390715
0.170858 0.125567 0.192667
0.169301 0.0766656 0.192667
0.18515 0.0415496 0.168149
0.103957 0.0305202 0.0845334
0.163029 0.0520697 0.192667
0.143775 0.0115841 0.173543
0.223657 0.122521 0.0968893
0.130502 0.0178962 0.17819
0.151604 0.0850816 0.192667
0.234208 0.156113 0.192667
0.139351 0.0136881 0.0296024
0.222929 0.178025 0.0149334
0.162009 0.129775 0.192667
0.130502 0.0178962 0.158886
0.144312 0.138191 0.187861
0.207808 0.157637 0.0131728
0.0972481 0.0392266 0.163034
0.144312 0.138191 0.0917452
0.174453 0.0190577 0.148247
0.144312 0.138191 0.192667
0.222929 0.178025 0.192667
0.161427 0.174178 0.18791
0.214517 0.14893 0.192667
0.167307 0.0610664 0.192667
0.099533 0.0326242 0.143366
0.190839 0.110549 0.192667
0.153743 0.08958 0.0068382
0.105805 0.0572201 0.104202
0.193707 0.0595432 0.124373
0.210821 0.0955303 0.062334
0.206397 0.0976343 0.192667
0.167845 0.187673 0.059968
0.193561 0.070644 0.0120659
0.137895 0.124696 0.00453286
0.148591 0.147188 0.149524
0.187289 0.046048 0.0359534
0.21296 0.100029 0.168563
0.236201 0.171713 0.168885
0.143775 0.0115841 0.0444522
0.201973 0.0997383 0.192667
0.225796 0.127019 0.168755
0.240625 0.169609 0.131036
0.217239 0.109026 0.120547
0.139351 0.0136881 0.0679706
0.157731 0.120778 0.192667
0.127344 0.0911032 0.00346204
0.199105 0.150744 0.0121201
0.161035 0.0364705 0.00819972
0.0993874 0.043725 0.153204
0.238632 0.154009 0.0788051
0.208682 0.0910319 0.144332
0.168718 0.121069 0.192667
0.171586 0.0700632 0.192667
0.165313 0.0454673 0.192667
0.160598 0.0697728 0.192667
0.219378 0.113524 0.111039
0.130502 0.0178962 0.134757
0.144312 0.138191 0.163832
0.199833 0.0952399 0.192667
0.231777 0.173817 0.192667
0.146452 0.14269 0.0342752
0.191567 0.0550448 0.192667
0.134927 0.0157922 0.0820161
0.165705 0.183175 0.0787798
0.195846 0.0640416 0.143949
0.125204 0.0866048 0.192667
0.12292 0.0932072 0.187801
0.176592 0.0235561 0.17295
0.182865 0.048152 0.0108861
0.168864 0.109968 0.192667
0.112806 0.0263122 0.0167933
0.157148 0.165181 0.149742
0.101527 0.0482233 0.0153021
0.157876 0.109678 0.00720116
0.206542 0.0865336 0.04263
0.240771 0.158508 0.183191
0.133616 0.115699 0.00406096
0.155591 0.11628 0.192667
0.121654 0.0221042 0.124689
0.146743 0.120488 0.192667
0.172314 0.0145593 0.133364
0.240625 0.169609 0.121555
0.176592 0.0235561 0.182809
0.195409 0.097344 0.0120839
0.103957 0.0305202 0.168091
0.178687 0.199065 0.152982
0.217239 0.109026 0.115739
0.195846 0.0640416 0.168308
0.166579 0.11657 0.192667
0.189428 0.0505464 0.0997395
0.181263 0.170261 0.192667
0.099533 0.0326242 0.0743456
0.234353 0.145013 0.164125
0.161427 0.174178 0.0118858
0.153598 0.100681 0.00672926
0.174453 0.0190577 0.163054
0.179997 0.0991576 0.192667
0.221517 0.118022 0.125533
0.11723 0.0242082 0.0903868
0.189966 0.177153 0.192667
0.147617 0.0538833 0.00634823
0.162737 0.0742712 0.192667
0.129337 0.106702 0.115097
0.187289 0.046048 0.177975
0.137895 0.124696 0.0624203
0.166725 0.10547 0.192667
0.171003 0.114466 0.192667
0.193707 0.0595432 0.143885
0.105805 0.0572201 0.133691
0.194244 0.18615 0.192667
0.126078 0.0200002 0.153941
0.15073 0.151686 0.163941
0.191276 0.0772464 0.192667
0.217239 0.109026 0.168627
0.172269 0.185569 0.192667
0.147617 0.0538833 0.192667
0.21408 0.182233 0.105637
0.195846 0.0640416 0.192667
0.147034 0.0982864 0.192667
0.134927 0.0157922 0.0483397
0.165705 0.183175 0.0930157
0.143047 0.0670881 0.00565843
0.218504 0.180129 0.0770036
0.114362 0.0752137 0.0508424
0.173143 0.118965 0.192667
0.174162 0.0412593 0.00983333
0.101527 0.0482233 0.0744238
0.153452 0.111782 0.192667
0.222929 0.178025 0.0965948
0.140179 0.118094 0.192667
0.203384 0.159741 0.192667
0.172123 0.19667 0.098124
0.181554 0.148059 0.192667
0.161718 0.151977 0.192667
0.112806 0.0263122 0.0949595
0.118641 0.0842105 0.158518
0.152623 0.00737614 0.159408
0.220935 0.162425 0.192667
0.143775 0.0115841 0.0157654
0.195555 0.0862432 0.192667
0.210821 0.0955303 0.15405
0.186706 0.0904512 0.192667
0.206542 0.0865336 0.163628
0.139351 0.0136881 0.187871
0.184713 0.074852 0.192667
0.121654 0.0221042 0.0567104
0.0993874 0.043725 0.138406
0.108381 0.0284162 0.143664
0.145041 0.0826872 0.00578544
0.099533 0.0326242 0.000394647
0.157048 0.00527214 0.0363644
0.190985 0.099448 0.0115031
0.232214 0.140514 0.054529
0.164294 0.123173 0.192667
0.114362 0.0752137 0.104638
0.126078 0.0200002 0.0619682
0.125059 0.0977056 0.0225582
0.133762 0.104598 0.0041699
0.164585 0.100971 0.192667
0.187289 0.046048 0.158386
0.137895 0.124696 0.129956
0.176592 0.0235561 0.133517
0.200808 0.188545 0.0754966
0.173288 0.107864 0.192667
0.225796 0.127019 0.0157141
0.118641 0.0842105 0.168275
0.103957 0.0305202 0.192667
0.146889 0.109387 0.192667
0.151167 0.118384 0.00627542
0.166725 0.10547 0.00836286
0.131622 0.1001 0.00393395
0.149319 0.091684 0.192667
0.135901 0.109097 0.00440585
0.24291 0.163006 0.0176017
0.0993874 0.043725 0.0693457
0.197985 0.06854 0.153744
0.118641 0.0842105 0.0511933
0.227644 0.153719 0.192667
0.178687 0.199065 0.128179
0.15175 0.0739808 0.192667
0.187289 0.046048 0.153489
0.137895 0.124696 0.13478
0.180871 0.0325529 0.109088
0.16687 0.0943688 0.192667
0.223365 0.144722 0.0152603
0.112806 0.0263122 0.182896
0.146597 0.131589 0.00558562
0.107945 0.0617185 0.158307
0.18515 0.0415496 0.148534
0.24505 0.167505 0.0178377
0.13449 0.0490945 0.192667
0.187289 0.046048 0.0702346
0.129483 0.0956016 0.00369799
0.0951088 0.0347282 0.093768
0.166142 0.149873 0.192667
0.13235 0.0445961 0.192667
0.155009 0.160683 0.0732783
0.136338 0.0757945 0.00473269
0.206542 0.0865336 0.124908
0.204112 0.104237 0.192667
0.223657 0.122521 0.192667
0.232214 0.140514 0.18314
0.218504 0.180129 0.115558
0.186852 0.0793504 0.192667
0.129337 0.106702 0.032678
0.173579 0.0856624 0.192667
0.152623 0.00737614 0.00736485
0.160307 0.0919744 0.192667
0.129337 0.106702 0.134489
0.108381 0.0284162 0.0162572
0.195555 0.0862432 0.0121929
0.165896 0.00106414 0.12264
0.157048 0.00527214 0.022155
0.173725 0.0745616 0.0095065
0.197985 0.06854 0.192667
0.161472 0.00316814 0.183224
0.188991 0.0838488 0.192667
0.204403 0.0820352 0.168436
0.16789 0.0166633 0.00923441
0.232214 0.140514 0.149797
0.173725 0.0745616 0.192667
0.186415 0.112653 0.192667
0.193561 0.070644 0.192667
0.134198 0.0712961 0.192667
0.189137 0.072748 0.192667
0.2151 0.104527 0.0963791
0.17144 0.081164 0.192667
0.196383 0.190649 0.0506308
0.199251 0.139643 0.192667
0.170275 0.16997 0.192667
0.11723 0.0242082 0.00758854
0.179123 0.165762 0.192667
0.101527 0.0482233 0.18774
0.230075 0.136016 0.192667
0.157148 0.165181 0.102047
0.240771 0.158508 0.187929
0.202118 0.0886376 0.192667
0.148591 0.147188 0.115968
0.187289 0.046048 0.0555427
0.143338 0.0448865 0.192667
0.121654 0.0221042 0.0518548
0.221372 0.129123 0.192667
0.217239 0.109026 0.144587
0.174453 0.0190577 0.172925
0.149756 0.0583817 0.192667
0.169592 0.054464 0.192667
0.193707 0.0595432 0.0560783
0.108236 0.0395169 0.0014474
0.127781 0.0578009 0.192667
0.138914 0.0469905 0.192667
0.194827 0.141747 0.192667
0.130357 0.0289969 0.00435166
0.194681 0.152848 0.192667
0.24291 0.163006 0.178473
0.172314 0.0145593 0.167957
0.2151 0.104527 0.178224
0.221226 0.140224 0.192667
0.168035 0.00556253 0.0539356
0.117084 0.0353089 0.192667
0.114362 0.0752137 0.0263899
0.16332 0.0298681 0.192667
0.169984 0.192172 0.098003
0.167598 0.0388649 0.192667
0.155154 0.149582 0.00652944
0.165705 0.183175 0.187922
0.183693 0.152557 0.0101415
0.19784 0.0796408 0.0125378
0.150047 0.0361801 0.192667
0.148591 0.147188 0.163905
0.181554 0.148059 0.00990559
0.196383 0.190649 0.0898132
0.127926 0.0467001 0.192667
0.200808 0.188545 0.051086
0.191959 0.192753 0.015781
0.125059 0.0977056 0.192667
0.157048 0.00527214 0.0505737
0.140034 0.129194 0.178213
0.148591 0.147188 0.14473
0.203821 0.126438 0.192667
0.170175 0.0100609 0.167926
0.139351 0.0136881 0.0727666
0.176156 0.0568584 0.00996034
0.152478 0.0184769 0.192667
0.212815 0.11113 0.192667
0.0951088 0.0347282 0.158052
0.101527 0.0482233 0.069497
0.12078 0.0887089 0.0318794
0.142756 0.0892896 0.00544055
0.180871 0.0325529 0.0353412
0.144312 0.138191 0.00524072
0.0972481 0.0392266 0.0642555
0.133616 0.115699 0.192667
0.236201 0.171713 0.111806
0.195846 0.0640416 0.187795
0.171294 0.0922648 0.192667
0.12078 0.0887089 0.0854753
0.206542 0.0865336 0.168468
0.202264 0.0775368 0.0422346
0.206542 0.0865336 0.120068
0.161718 0.151977 0.00734624
0.108381 0.0284162 0.0652599
0.166288 0.138772 0.192667
0.200125 0.0730384 0.187808
0.15287 0.156185 0.0683454
0.165851 0.172074 0.192667
0.132059 0.0667977 0.192667
0.177567 0.116861 0.00965157
0.188846 0.0949496 0.0112671
0.202264 0.0775368 0.0664979
0.175282 0.123463 0.192667
0.15073 0.151686 0.106489
0.125059 0.0977056 0.0711607
0.156756 0.0274737 0.192667
0.201681 0.12194 0.0126828
0.099533 0.0326242 0.0595554
0.141053 0.0514889 0.192667
0.20839 0.113234 0.0136086
0.16901 0.0988672 0.00870776
0.159287 0.16968 0.154559
0.112369 0.0596145 0.192667
0.178732 0.0280545 0.0203687
0.155009 0.160683 0.0589516
0.123356 0.0599049 0.192667
0.116502 0.0797121 0.0314801
0.12992 0.0622993 0.00402483
0.174991 0.145665 0.192667
0.183111 0.196961 0.00970577
0.200808 0.188545 0.119436
0.160452 0.0808736 0.00776395
0.161472 0.00316814 0.121844
0.193707 0.0595432 0.0999819
0.143484 0.0337857 0.192667
0.232214 0.140514 0.16885
0.103957 0.0305202 0.0550424
0.157148 0.165181 0.00665645
0.1957 0.0751424 0.192667
0.099533 0.0326242 0.182807
0.127489 0.0800025 0.192667
0.157048 0.00527214 0.178458
0.17844 0.050256 0.0103052
0.236492 0.149511 0.192667
0.164294 0.123173 0.00790902
0.18301 0.0370513 0.192667
0.163566 0.178677 0.0311211
0.21408 0.182233 0.120142
0.159433 0.158579 0.00700134
0.145332 0.0604857 0.00600333
0.170175 0.0100609 0.133287
0.149465 0.0805832 0.00636629
0.223657 0.122521 0.159145
0.143775 0.0115841 0.0922634
0.178687 0.199065 0.172825
0.181117 0.181361 0.00957876
0.168035 0.00556253 0.063845
0.18413 0.119255 0.192667
0.130066 0.0511985 0.192667
0.231777 0.173817 0.0829061
0.110084 0.0662169 0.138738
0.142464 0.111491 0.00522266
0.103957 0.0305202 0.12877
0.234353 0.145013 0.126069
0.219087 0.135725 0.192667
0.21296 0.100029 0.178205
0.131477 0.111201 0.100667
0.202264 0.0775368 0.0616452
0.106097 0.0350186 0.192667
0.139351 0.0136881 0.0631745
0.121654 0.0221042 0.0032989
0.183111 0.196961 0.133328
0.172314 0.0145593 0.182783
0.190985 0.099448 0.192667
0.107945 0.0617185 0.114129
0.148199 0.00948014 0.0639788
0.159187 0.00977053 0.192667
0.145623 0.0382841 0.192667
0.126078 0.0200002 0.0861717
0.142173 0.133693 0.0675589
0.174262 0.201169 0.0274285
0.11723 0.0242082 0.0660344
0.221517 0.118022 0.0536043
0.167845 0.187673 0.140535
0.180871 0.0325529 0.192667
0.232214 0.140514 0.192667
0.218504 0.180129 0.17339
0.10809 0.0506177 0.192667
0.186998 0.0682496 0.192667
0.112514 0.0485137 0.192667
0.146452 0.14269 0.00547668
0.180871 0.0325529 0.114004
0.148199 0.00948014 0.0210827
0.201827 0.110839 0.192667
0.169984 0.192172 0.140602
0.143629 0.0226849 0.192667
0.0972481 0.0392266 0.0593166
0.197548 0.101842 0.0123199
0.18301 0.0370513 0.094466
0.214371 0.160031 0.0139896
0.180871 0.0325529 0.104171
0.116502 0.0797121 0.00217333
0.174699 0.167866 0.192667
0.116502 0.0797121 0.16336
0.103957 0.0305202 0.182837
0.0951088 0.0347282 0.0443184
0.223657 0.122521 0.144778
0.143775 0.0115841 0.125731
0.220789 0.173526 0.192667
0.218504 0.180129 0.120377
0.158459 0.0652744 0.192667
0.140471 0.095892 0.00509565
0.118641 0.0842105 0.0658286
0.142464 0.111491 0.192667
0.101527 0.0482233 0.0202289
0.150193 0.0250793 0.192667
0.126078 0.0200002 0.173304
0.188118 0.150453 0.192667
0.234353 0.145013 0.192667
0.162737 0.0742712 0.00810884
0.0951088 0.0347282 0.00475875
0.164877 0.0787696 0.192667
0.0993874 0.043725 0.0890771
0.24505 0.167505 0.0225628
0.157048 0.00527214 0.183194
0.163857 0.156475 0.192667
0.128218 0.0244985 0.192667
0.219378 0.113524 0.173461
0.148199 0.00948014 0.135472
0.132642 0.0223945 0.192667
0.134344 0.0601953 0.00460568
0.145914 0.0160825 0.192667
0.219378 0.113524 0.0198079
0.157148 0.165181 0.0448125
0.171149 0.103366 0.192667
0.144312 0.138191 0.0581046
0.155009 0.160683 0.00642049
0.172123 0.19667 0.0555797
0.140471 0.095892 0.192667
0.157148 0.165181 0.16405
0.119369 0.0287065 0.192667
0.208682 0.0910319 0.139498
0.127198 0.102204 0.148979
0.157876 0.109678 0.192667
0.218504 0.180129 0.130016
0.143775 0.0115841 0.168761
0.160598 0.0697728 0.00787289
0.1887 0.10605 0.0111582
0.163566 0.178677 0.09764
0.158896 0.0319721 0.192667
0.144458 0.12709 0.00534967
0.15073 0.151686 0.0346745
0.135755 0.120198 0.062257
0.108381 0.0284162 0.0358583
0.165896 0.00106414 0.192667
0.127198 0.102204 0.0858746
0.21408 0.182233 0.192667
0.137895 0.124696 0.0575964
0.234353 0.145013 0.130826
0.1817 0.136958 0.0100145
0.145477 0.0493849 0.00611227
0.236201 0.171713 0.121319
0.139351 0.0136881 0.125523
0.181991 0.114757 0.192667
0.163566 0.178677 0.16891
0.155737 0.105179 0.192667
0.147762 0.0427825 0.192667
0.182137 0.103656 0.192667
0.15287 0.156185 0.173541
0.21053 0.117732 0.192667
0.119223 0.0398073 0.192667
0.165896 0.00106414 0.15883
0.190694 0.12165 0.192667
0.150338 0.0139785 0.00701995
0.191567 0.0550448 0.173129
0.0993874 0.043725 0.000285703
0.172123 0.19667 0.036671
0.176447 0.0346569 0.0101782
0.168281 0.154371 0.192667
0.168035 0.00556253 0.157984
0.191567 0.0550448 0.0363616
0.15287 0.156185 0.0922534
0.138914 0.0469905 0.00529547
0.134927 0.0157922 0.0627724
0.170175 0.0100609 0.103597
0.157048 0.00527214 0.192667
0.121654 0.0221042 0.173245
0.110229 0.0551161 0.00157441
0.125933 0.0311009 0.192667
0.168035 0.00556253 0.0242074
0.126078 0.0200002 0.163623
0.183256 0.18586 0.00981472
0.2151 0.104527 0.149338
0.168035 0.00556253 0.0836638
0.13804 0.113595 0.192667
0.154471 0.0340761 0.192667
0.118641 0.0842105 0.0365581
0.121072 0.0665073 0.192667
0.140034 0.129194 0.0625837
0.172314 0.0145593 0.192667
0.206251 0.108735 0.0133726
0.103957 0.0305202 0.177922
0.1553 0.138482 0.192667
0.105805 0.0572201 0.123861
0.236492 0.149511 0.0881533
0.221517 0.118022 0.173486
0.11723 0.0242082 0.139092
0.174262 0.201169 0.0981812
0.174845 0.156765 0.192667
0.131477 0.111201 0.192667
0.202264 0.0775368 0.163551
0.210821 0.0955303 0.163704
0.131477 0.111201 0.095825
0.142901 0.0781888 0.00554949
0.223074 0.166924 0.0150424
0.161864 0.140876 0.192667
0.15287 0.156185 0.00618454
0.11723 0.0242082 0.012459
0.2151 0.104527 0.0145343
0.219378 0.113524 0.115841
0.219233 0.124625 0.192667
0.165896 0.00106414 0.150307
0.205814 0.142037 0.0130458
0.231777 0.173817 0.0781339
0.193415 0.0817448 0.0119569
0.110084 0.0662169 0.143641
0.188263 0.139353 0.192667
0.21408 0.182233 0.0234417
0.137895 0.124696 0.0334766
0.134781 0.0268929 0.00493251
0.0972481 0.0392266 0.192667
0.144312 0.138191 0.0629104
0.214954 0.115628 0.0144254
0.163611 0.00766653 0.0087625
0.145769 0.0271833 0.192667
0.154035 0.0673784 0.192667
0.138477 0.0802928 0.00496864
0.134927 0.0157922 0.183045
0.177712 0.10576 0.00976052
0.240771 0.158508 0.145288
0.236492 0.149511 0.159413
0.141053 0.0514889 0.00553142
0.187535 0.194857 0.153233
0.125641 0.0533025 0.192667
0.240625 0.169609 0.0504426
0.121654 0.0221042 0.158678
0.216365 0.17563 0.192667
0.216656 0.153429 0.0143345
0.114799 0.0419113 0.192667
0.174453 0.0190577 0.0100512
0.164003 0.145374 0.00769114
0.171294 0.0922648 0.00905266
0.101527 0.0482233 0.138472
0.167845 0.187673 0.00783621
0.146597 0.131589 0.192667
0.145332 0.0604857 0.192667
0.179415 0.143561 0.00966964
0.240771 0.158508 0.126337
0.206542 0.0865336 0.0135905
0.130502 0.0178962 0.125106
0.142173 0.133693 0.192667
0.174308 0.0301585 0.192667
0.236201 0.171713 0.0547281
0.112806 0.0263122 0.173126
0.158022 0.0985768 0.192667
0.200125 0.0730384 0.0906273
0.194972 0.130646 0.192667
0.174262 0.201169 0.16434
0.112223 0.0707153 0.0996325
0.240771 0.158508 0.154764
0.206542 0.0865336 0.153948
0.202264 0.0775368 0.0276766
0.139351 0.0136881 0.0583785
0.238632 0.154009 0.183179
0.099533 0.0326242 0.177877
0.103957 0.0305202 0.0108058
0.18515 0.0415496 0.0945935
0.171731 0.0589624 0.192667
0.227935 0.131517 0.0875921
0.123211 0.0710057 0.192667
0.174453 0.0190577 0.13344
0.180288 0.076956 0.192667
0.238632 0.154009 0.135736
0.187535 0.194857 0.0645078
0.112223 0.0707153 0.192667
0.176592 0.0235561 0.0792958
0.169984 0.192172 0.0317382
0.18058 0.0547544 0.192667
0.159724 0.136378 0.00721923
0.099533 0.0326242 0.0989959
0.176984 0.161264 0.192667
0.169738 0.0433633 0.192667
0.127198 0.102204 0.0373325
0.203675 0.137539 0.0128098
0.103812 0.0416209 0.192667
0.19784 0.0796408 0.192667
0.168035 0.00556253 0.0985279
0.2151 0.104527 0.134894
0.195846 0.0640416 0.158565
0.227935 0.131517 0.130577
0.126078 0.0200002 0.192667
0.159041 0.0208713 0.192667
0.196383 0.190649 0.0751198
0.162592 0.085372 0.192667
0.234353 0.145013 0.183153
0.099533 0.0326242 0.0694155
0.119078 0.0509081 0.192667
0.24291 0.163006 0.150084
0.150876 0.140586 0.192667
0.236492 0.149511 0.168914
0.206542 0.0865336 0.0668295
0.130502 0.0178962 0.192667
0.172706 0.152267 0.192667
0.134927 0.0157922 0.115692
0.165705 0.183175 0.0645439
0.186124 0.134854 0.0105954
0.178586 0.0391553 0.0104142
0.167016 0.083268 0.192667
0.200125 0.0730384 0.192667
0.15287 0.156185 0.049219
0.12078 0.0887089 0.192667
0.196383 0.190649 0.158382
0.168136 0.165472 0.192667
0.202264 0.0775368 0.105319
0.24291 0.163006 0.145352
0.11266 0.0374129 0.00202825
0.130502 0.0178962 0.173364
0.180143 0.0880568 0.192667
0.192542 0.148349 0.192667
0.150338 0.0139785 0.192667
0.152623 0.00737614 0.16891
0.154617 0.0229753 0.192667
0.103666 0.0527217 0.163143
0.15073 0.151686 0.0298869
0.130211 0.0400977 0.192667
0.24291 0.163006 0.187936
0.125641 0.0533025 0.00355292
0.112806 0.0263122 0.0705326
0.152332 0.0295777 0.192667
0.178687 0.199065 0.0140855
0.123648 0.0377033 0.00342591
0.159579 0.147478 0.00711029
0.178832 0.187964 0.192667
0.186561 0.101552 0.192667
0.168035 0.00556253 0.182758
0.134781 0.0268929 0.192667
0.18301 0.0370513 0.173027
0.203821 0.126438 0.0129188
0.176592 0.0235561 0.192667
0.135755 0.120198 0.168517
0.169984 0.192172 0.112203
0.157294 0.154081 0.192667
0.177567 0.116861 0.192667
0.202264 0.0775368 0.0470872
0.217239 0.109026 0.139779
0.174453 0.0190577 0.17786
0.132642 0.0223945 0.00469655
0.134927 0.0157922 0.029096
0.146452 0.14269 0.0486745
0.157048 0.00527214 0.0553102
0.190402 0.143851 0.0110673
0.101527 0.0482233 0.192667
0.110229 0.0551161 0.192667
0.143047 0.0670881 0.192667
0.149028 0.113886 0.00603946
0.11723 0.0242082 0.11961
0.221517 0.118022 0.120738
0.125787 0.0422017 0.192667
0.196383 0.190649 0.0408352
0.155446 0.127381 0.192667
0.176839 0.172365 0.192667
0.178732 0.0280545 0.16313
0.112806 0.0263122 0.138928
0.110084 0.0662169 0.0799072
0.187289 0.046048 0.119208
0.178687 0.199065 0.00912492
0.136338 0.0757945 0.192667
0.227353 0.175921 0.125636
0.103957 0.0305202 0.123855
0.110084 0.0662169 0.192667
0.231777 0.173817 0.125856
0.130502 0.0178962 0.0527187
0.118932 0.0620089 0.00262717
0.234353 0.145013 0.154611
0.157048 0.00527214 0.0695195
0.136775 0.0424921 0.00505952
0.15073 0.151686 0.0825511
0.135755 0.120198 0.110557
0.152623 0.00737614 0.192667
0.121654 0.0221042 0.0809884
0.181991 0.114757 0.0102324
0.191567 0.0550448 0.0119388
0.143775 0.0115841 0.183105
0.145914 0.0160825 0.0064391
0.204403 0.0820352 0.192667
0.167453 0.0499657 0.192667
0.135901 0.109097 0.192667
0.172123 0.19667 0.112305
0.125496 0.0644033 0.192667
0.152623 0.00737614 0.0121162
0.15073 0.151686 0.0250992
0.103666 0.0527217 0.168063
0.146452 0.14269 0.192667
0.184567 0.0859528 0.0107952
0.24505 0.167505 0.107615
0.148199 0.00948014 0.0306152
0.189137 0.072748 0.011485
0.223657 0.122521 0.183089
0.210821 0.0955303 0.0864697
0.202264 0.0775368 0.158698
0.103666 0.0527217 0.00075761
0.136192 0.0868952 0.192667
0.112223 0.0707153 0.050667
0.238632 0.154009 0.116759
0.187535 0.194857 0.0842247
0.223365 0.144722 0.192667
0.167845 0.187673 0.135796
0.186124 0.134854 0.192667
0.153306 0.122882 0.192667
0.0972481 0.0392266 0.0444999
0.227935 0.131517 0.154458
0.195846 0.0640416 0.182924
0.179852 0.110258 0.00999647
0.219378 0.113524 0.163857
0.157585 0.131879 0.00698328
0.14961 0.0694824 0.00647524
0.238632 0.154009 0.0882936
0.196383 0.190649 0.133893
0.12078 0.0887089 0.168305
0.123502 0.0488041 0.192667
0.191567 0.0550448 0.16336
0.129337 0.106702 0.0181335
0.209656 0.184337 0.0228923
0.129774 0.0734001 0.192667
0.236201 0.171713 0.0975368
0.164731 0.0898704 0.192667
0.136483 0.0646937 0.192667
0.18413 0.119255 0.0104684
0.227353 0.175921 0.192667
0.112223 0.0707153 0.00170142
0.238632 0.154009 0.0693166
0.187535 0.194857 0.0349326
0.156611 0.0385745 0.00761887
0.174262 0.201169 0.0135204
0.165896 0.00106414 0.126774
0.139205 0.0247889 0.00551336
0.112806 0.0263122 0.114501
0.231777 0.173817 0.0924506
0.110084 0.0662169 0.10442
0.187289 0.046048 0.192667
0.11723 0.0242082 0.0465524
0.221517 0.118022 0.0967617
0.21408 0.182233 0.178162
0.108381 0.0284162 0.00645662
0.172168 0.0256601 0.192667
0.139351 0.0136881 0.163891
0.121654 0.0221042 0.0324325
0.150193 0.0250793 0.00691101
0.191567 0.0550448 0.0607843
0.152187 0.0406785 0.192667
0.196966 0.146245 0.192667
0.227935 0.131517 0.187891
0.140908 0.0625897 0.192667
0.160889 0.0475713 0.192667
0.161472 0.00316814 0.0226912
0.223657 0.122521 0.0537893
0.131477 0.111201 0.168457
0.202264 0.0775368 0.187814
0.206106 0.119836 0.0132637
0.103666 0.0527217 0.0302821
0.203529 0.14864 0.0127009
0.143775 0.0115841 0.192667
0.142756 0.0892896 0.192667
0.185687 0.168157 0.192667
0.191567 0.0550448 0.158475
0.218504 0.180129 0.139655
0.171877 0.0478617 0.192667
0.112223 0.0707153 0.173081
0.230075 0.136016 0.178358
0.12292 0.0932072 0.00288119
0.188554 0.117151 0.192667
0.178687 0.199065 0.162904
0.103666 0.0527217 0.0253614
0.134053 0.0823968 0.192667
0.218504 0.180129 0.178209
0.116502 0.0797121 0.192667
0.175719 0.0901608 0.192667
0.176301 0.0457577 0.192667
0.147908 0.0316817 0.192667
0.2151 0.104527 0.168595
0.149756 0.0583817 0.00658418
0.134927 0.0157922 0.0675833
0.170175 0.0100609 0.123391
0.199251 0.139643 0.012229
0.155883 0.0940784 0.192667
0.24505 0.167505 0.183217
0.18301 0.0370513 0.133746
0.197985 0.06854 0.0126467
0.21053 0.117732 0.0138445
0.202264 0.0775368 0.0325293
0.0951088 0.0347282 0.0195936
0.103666 0.0527217 0.0893312
0.099533 0.0326242 0.0102548
0.232214 0.140514 0.0450023
0.114362 0.0752137 0.0899665
0.183985 0.130356 0.0103594
0.161472 0.00316814 0.0840714
0.173434 0.0967632 0.00928861
0.126078 0.0200002 0.0522868
0.125059 0.0977056 0.110043
0.151895 0.0628801 0.192667
0.197985 0.06854 0.129417
0.18982 0.188254 0.192667
0.223657 0.122521 0.187878
0.143775 0.0115841 0.0253277
0.158459 0.0652744 0.00763694
0.12292 0.0932072 0.192667
0.240625 0.169609 0.112073
0.174845 0.156765 0.00897985
0.103666 0.0527217 0.104093
0.138331 0.0913936 0.0048597
0.148199 0.00948014 0.0782775
0.208682 0.0910319 0.0283271
0.191959 0.192753 0.123878
0.135755 0.120198 0.158857
0.169984 0.192172 0.102736
0.17844 0.050256 0.192667
0.222929 0.178025 0.0629696
0.206251 0.108735 0.192667
0.170566 0.147769 0.00850794
0.12992 0.0622993 0.192667
0.118641 0.0842105 0.192667
0.116502 0.0797121 0.0461334
0.155446 0.127381 0.00674732
0.107945 0.0617185 0.0895853
0.151167 0.118384 0.192667
0.114654 0.0530121 0.192667
0.236201 0.171713 0.183154
0.191567 0.0550448 0.0461307
0.157148 0.165181 0.106816
0.105805 0.0572201 0.0157377
0.16799 0.176573 0.192667
0.143775 0.0115841 0.00620315
0.187826 0.172655 0.192667
0.157048 0.00527214 0.154776
0.155009 0.160683 0.0923805
0.175864 0.07906 0.192667
0.139351 0.0136881 0.168687
0.121654 0.0221042 0.0421437
0.145186 0.0715865 0.192667
0.209656 0.184337 0.14416
0.116939 0.0464097 0.192667
0.159724 0.136378 0.192667
0.190402 0.143851 0.192667
0.232214 0.140514 0.0831093
0.240771 0.158508 0.16424
0.21296 0.100029 0.0239399
0.143629 0.0226849 0.00609421
0.14149 0.0181865 0.00585825
0.172851 0.141166 0.192667
0.234353 0.145013 0.088013
0.203529 0.14864 0.192667
0.148591 0.147188 0.0728245
0.15073 0.151686 0.00594858
0.236201 0.171713 0.102293
0.133616 0.115699 0.158815
0.189428 0.0505464 0.192667
0.148591 0.147188 0.0536497
0.099533 0.0326242 0.192667
0.183402 0.174759 0.192667
0.156902 0.0163729 0.00783676
0.103957 0.0305202 0.173006
0.144604 0.11599 0.192667
0.101527 0.0482233 0.118765
0.12078 0.0887089 0.0611135
0.16901 0.0988672 0.192667
0.165896 0.00106414 0.0091074
0.227935 0.131517 0.0780398
0.205232 0.186441 0.0710069
0.183693 0.152557 0.192667
0.147325 0.0760848 0.192667
0.126078 0.0200002 0.115216
0.103812 0.0416209 0.000866554
0.169446 0.0655648 0.192667
0.139351 0.0136881 0.0056223
0.139351 0.0136881 0.0152143
0.163566 0.178677 0.0881373
0.156028 0.0829776 0.192667
0.170858 0.125567 0.00872583
0.161472 0.00316814 0.192667
0.0951088 0.0347282 0.0591533
0.172706 0.152267 0.00874389
0.236201 0.171713 0.026189
0.200125 0.0730384 0.163513
0.165022 0.0676688 0.192667
0.206542 0.0865336 0.192667
0.172314 0.0145593 0.128422
0.178004 0.0835584 0.192667
0.121654 0.0221042 0.0955552
0.139351 0.0136881 0.149503
0.227935 0.131517 0.144906
0.221081 0.151325 0.192667
0.13906 0.0358897 0.192667
0.168035 0.00556253 0.108437
0.178295 0.0613568 0.192667
0.170175 0.0100609 0.143184
0.163566 0.178677 0.0738833
0.118787 0.0731097 0.192667
0.103957 0.0305202 0.0206362
0.140762 0.0736905 0.192667
0.146452 0.14269 0.0678735
0.134927 0.0157922 0.0916379
0.165705 0.183175 0.0408174
0.127344 0.0911032 0.192667
0.107945 0.0617185 0.065042
0.168035 0.00556253 0.192667
0.209656 0.184337 0.187816
0.105805 0.0572201 0.0206524
0.218504 0.180129 0.0191719
0.131768 0.0889992 0.192667
0.196383 0.190649 0.0849154
0.180871 0.0325529 0.118921
0.197985 0.06854 0.182936
0.127635 0.0689017 0.192667
0.157439 0.14298 0.192667
0.105805 0.0572201 0.0992877
0.15287 0.156185 0.149633
0.196529 0.179548 0.0115573
0.13692 0.0313913 0.192667
0.165896 0.00106414 0.152979
0.153889 0.0784792 0.192667
0.108381 0.0284162 0.0113569
0.126078 0.0200002 0.105534
0.162446 0.0964728 0.192667
0.151895 0.0628801 0.00682013
0.195846 0.0640416 0.11959
0.230075 0.136016 0.168818
0.225796 0.127019 0.0778868
0.0951088 0.0347282 0.0245386
0.112223 0.0707153 0.0310808
0.158313 0.0763752 0.192667
0.126078 0.0200002 0.100694
0.142173 0.133693 0.0723707
0.112806 0.0263122 0.0558764
0.129337 0.106702 0.0763114
0.121217 0.0554065 0.192667
0.105805 0.0572201 0.192667
0.182865 0.048152 0.192667
0.151313 0.107283 0.192667
0.132205 0.0556969 0.00436972
0.132205 0.0556969 0.192667
0.165168 0.056568 0.192667
0.143775 0.0115841 0.116169
0.223657 0.122521 0.1352
0.156465 0.0496753 0.192667
0.144312 0.138191 0.0100465
0.200808 0.188545 0.143846
0.108381 0.0284162 0.128964
0.232214 0.140514 0.016422
0.129483 0.0956016 0.192667
0.231777 0.173817 0.164034
0.133907 0.0934976 0.192667
0.191959 0.192753 0.1681
0.193707 0.0595432 0.187789
0.21296 0.100029 0.120355
0.105805 0.0572201 0.0845436
0.14718 0.0871856 0.192667
0.160161 0.103075 0.192667
0.240771 0.158508 0.107385
0.21296 0.100029 0.0673269
0.1887 0.10605 0.192667
0.1817 0.136958 0.192667
0.181845 0.125858 0.0101235
0.108381 0.0284162 0.0407586
0.236201 0.171713 0.145102
0.15073 0.151686 0.0586128
0.16575 0.0121649 0.192667
0.114508 0.0641129 0.192667
0.099533 0.0326242 0.029975
0.184276 0.108154 0.192667
0.118932 0.0620089 0.192667
0.189283 0.0616472 0.192667
0.120926 0.0776081 0.192667
0.123211 0.0710057 0.00309908
0.099533 0.0326242 0.153227
0.191422 0.0661456 0.192667
0.172414 0.174469 0.192667
0.189428 0.0505464 0.143758
0.194535 0.163949 0.192667
0.19896 0.161845 0.192667
0.107945 0.0617185 0.00122952
0.155009 0.160683 0.0685027
0.221517 0.118022 0.0152422
0.11723 0.0242082 0.0270705
0.114362 0.0752137 0.192667
0.200808 0.188545 0.0217934
0.101527 0.0482233 0.158179
0.207808 0.157637 0.192667
0.166579 0.11657 0.00825392
0.208099 0.135435 0.192667
0.214371 0.160031 0.192667
0.174308 0.0301585 0.00994227
0.216656 0.153429 0.192667
0.105805 0.0572201 0.0697995
0.18515 0.0415496 0.158341
0.103957 0.0305202 0.074703
0.146743 0.120488 0.00569457
0.161472 0.00316814 0.0982361
0.178978 0.176863 0.192667
0.165705 0.183175 0.192667
0.19225 0.170551 0.192667
0.189428 0.0505464 0.163322
0.168035 0.00556253 0.0341168
0.178732 0.0280545 0.128671
0.208682 0.0910319 0.0138265
0.129337 0.106702 0.163578
0.110084 0.0662169 0.0602967
0.205523 0.164239 0.192667
0.099533 0.0326242 0.172947
0.144312 0.138191 0.0340756
0.200808 0.188545 0.168257
0.205523 0.164239 0.0128279
0.236201 0.171713 0.116563
0.133616 0.115699 0.11529
0.158022 0.0985768 0.00731011
0.133616 0.115699 0.187831
0.14261 0.10039 0.192667
0.0972481 0.0392266 0.128461
0.172123 0.19667 0.0792154
0.206542 0.0865336 0.187827
0.202264 0.0775368 0.0373819
0.21296 0.100029 0.158922
0.193707 0.0595432 0.0707128
0.167162 0.0721672 0.00868969
0.148199 0.00948014 0.0401476
0.2151 0.104527 0.0193487
0.153743 0.08958 0.192667
0.152623 0.00737614 0.0976403
0.195263 0.108445 0.011975
0.209656 0.184337 0.100504
0.208682 0.0910319 0.124998
0.132496 0.0334953 0.00458761
0.142901 0.0781888 0.192667
0.208682 0.0910319 0.178167
0.129337 0.106702 0.0860077
0.167845 0.187673 0.192667
0.170175 0.0100609 0.0343209
0.117084 0.0353089 0.0026091
0.174262 0.201169 0.158726
0.112223 0.0707153 0.0800463
0.227935 0.131517 0.0159501
0.196529 0.179548 0.192667
0.234353 0.145013 0.09277
0.154326 0.0451769 0.192667
0.121654 0.0221042 0.129544
0.230075 0.136016 0.0304953
0.123356 0.0599049 0.00320802
0.232214 0.140514 0.173614
0.172168 0.0256601 0.00970632
0.21296 0.100029 0.115535
0.172314 0.0145593 0.138306
0.19439 0.175049 0.192667
0.198814 0.172945 0.192667
0.114362 0.0752137 0.158434
0.184713 0.074852 0.0109042
0.203238 0.170841 0.192667
0.139351 0.0136881 0.0200104
0.13449 0.0490945 0.00471462
0.192687 0.137249 0.0114122
0.0972481 0.0392266 0.0346221
0.207662 0.168737 0.192667
0.161472 0.00316814 0.0604636
0.221517 0.118022 0.115943
0.137895 0.124696 0.0913641
0.196675 0.168447 0.192667
0.176839 0.172365 0.00910686
0.116502 0.0797121 0.178014
0.129337 0.106702 0.0569188
0.216511 0.164529 0.192667
0.180871 0.0325529 0.153336
0.225359 0.160321 0.192667
0.229783 0.158217 0.192667
0.229929 0.147117 0.0160771
0.18301 0.0370513 0.010995
0.175282 0.123463 0.00930668
0.153306 0.122882 0.00651137
0.194681 0.152848 0.0115392
0.238632 0.154009 0.192667
0.206542 0.0865336 0.0377901
0.189428 0.0505464 0.129085
0.178732 0.0280545 0.192667
0.129337 0.106702 0.0908559
0.192105 0.181652 0.192667
0.236492 0.149511 0.078652
0.123793 0.0266025 0.192667
0.210821 0.0955303 0.134741
0.165896 0.00106414 0.112972
0.178732 0.0280545 0.172976
0.214226 0.171132 0.192667
0.152623 0.00737614 0.178413
0.21296 0.100029 0.0191192
0.21865 0.169028 0.192667
0.18301 0.0370513 0.0797358
0.167453 0.0499657 0.00890758
0.152623 0.00737614 0.187916
0.193124 0.103946 0.011739
0.137895 0.124696 0.144428
0.238632 0.154009 0.168946
0.139351 0.0136881 0.0439905
0.121654 0.0221042 0.00815449
0.183111 0.196961 0.103659
0.227498 0.16482 0.192667
0.204403 0.0820352 0.119973
0.227353 0.175921 0.120848
0.138768 0.0580913 0.192667
0.222929 0.178025 0.0773804
0.121654 0.0221042 0.0469993
0.204403 0.0820352 0.158743
0.118787 0.0731097 0.00251823
0.186998 0.0682496 0.011249
0.167845 0.187673 0.150014
0.169155 0.0877664 0.192667
0.217093 0.120126 0.0146613
0.12292 0.0932072 0.0223464
0.204403 0.0820352 0.153897
0.165705 0.183175 0.130978
0.176693 0.183465 0.192667
0.103957 0.0305202 0.109109
0.167845 0.187673 0.0457502
0.182573 0.0703536 0.0106682
0.205232 0.186441 0.129404
0.219378 0.113524 0.159056
0.2151 0.104527 0.0674927
0.156174 0.0718768 0.00729204
0.163566 0.178677 0.116645
0.172023 0.0367609 0.192667
0.203093 0.181942 0.192667
0.15287 0.156185 0.140069
0.0951088 0.0347282 0.0838781
0.148054 0.0205809 0.00667506
0.173434 0.0967632 0.192667
0.134927 0.0157922 0.144558
0.217239 0.109026 0.0628505
0.24291 0.163006 0.192667
0.15073 0.151686 0.120852
0.125059 0.0977056 0.0614402
0.126078 0.0200002 0.00387975
0.161427 0.174178 0.140336
0.143775 0.0115841 0.0587955
0.145186 0.0715865 0.00589439
0.144312 0.138191 0.0196581
0.183111 0.196961 0.0937691
0.17144 0.081164 0.0091616
0.15073 0.151686 0.111277
0.126078 0.0200002 0.0135612
0.183111 0.196961 0.192667
0.112806 0.0263122 0.0754179
0.208682 0.0910319 0.187834
0.191959 0.192753 0.192667
0.232214 0.140514 0.15456
0.196383 0.190649 0.192667
0.12078 0.0887089 0.134199
0.157148 0.165181 0.192667
0.195846 0.0640416 0.0708723
0.205232 0.186441 0.192667
0.218504 0.180129 0.192667
0.236201 0.171713 0.192667
0.193707 0.0595432 0.0219311
0.21296 0.100029 0.0962516
0.240625 0.169609 0.192667
0.195846 0.0640416 0.114718
0.0951088 0.0347282 -0.000186203
0.151604 0.0850816 0.00660225
0.125059 0.0977056 0.178086
0.103957 0.0305202 0.000975497
0.108381 0.0284162 0.00155635
0.187535 0.194857 0.0102866
0.155883 0.0940784 0.00707415
0.15175 0.0739808 0.00671119
0.19439 0.175049 0.0113213
0.219378 0.113524 0.120642
0.101527 0.0482233 0.182813
0.176592 0.0235561 0.108871
0.200808 0.188545 0.0413218
0.177858 0.0946592 0.192667
0.163174 0.0409689 0.192667
0.142173 0.133693 0.134925
0.0951088 0.0347282 0.0146487
0.161472 0.00316814 0.00852655
0.12078 0.0887089 0.00264524
0.148199 0.00948014 0.0258489
0.198668 0.184046 0.192667
0.16332 0.0298681 0.00854462
0.174262 0.201169 0.146668
0.112223 0.0707153 0.0702532
0.105805 0.0572201 0.0353965
0.218504 0.180129 0.0384491
0.157048 0.00527214 0.0884653
0.200125 0.0730384 0.0274598
0.208682 0.0910319 0.0379941
0.101672 0.0371226 0.0006306
0.143775 0.0115841 0.178324
0.223657 0.122521 0.101678
0.110521 0.0329146 0.0017923
0.146452 0.14269 0.187867
0.200125 0.0730384 0.139218
0.116647 0.0686113 0.192667
0.232214 0.140514 0.0878727
0.114945 0.0308106 0.00237315
0.178732 0.0280545 0.158207
0.119369 0.0287065 0.002954
0.143192 0.0559873 0.192667
0.240625 0.169609 0.0551834
0.12292 0.0932072 0.0807421
0.127926 0.0467001 0.00389782
0.15287 0.156185 0.168759
0.227935 0.131517 0.168786
0.230075 0.136016 0.016186
0.167744 0.0277641 0.192667
0.121654 0.0221042 0.168389
0.123793 0.0266025 0.00353485
0.190839 0.110549 0.0113941
0.218941 0.146826 0.192667
0.172851 0.141166 0.00885284
0.116939 0.0464097 0.00250016
0.232214 0.140514 0.164087
0.180871 0.0325529 0.13367
0.125933 0.0311009 0.0037708
0.236201 0.171713 0.159371
0.133616 0.115699 0.144307
0.103666 0.0527217 0.128697
0.15073 0.151686 0.0634004
0.138477 0.0802928 0.192667
0.170029 0.0211617 0.192667
0.210384 0.128833 0.192667
0.236201 0.171713 0.126076
0.152478 0.0184769 0.00725591
0.227353 0.175921 0.11606
0.161326 0.0142689 0.00841761
0.127635 0.0689017 0.00367993
0.153889 0.0784792 0.00694714
0.210821 0.0955303 0.139568
0.170175 0.0100609 0.00957931
0.110084 0.0662169 0.094615
0.143775 0.0115841 0.101826
0.223657 0.122521 0.168723
0.168573 0.13217 0.192667
0.21408 0.182233 0.168492
0.137895 0.124696 0.0817161
0.101527 0.0482233 0.000521657
0.143775 0.0115841 0.0205465
0.197112 0.135145 0.011993
0.146452 0.14269 0.125471
0.110375 0.0440153 0.00168336
0.2151 0.104527 0.17341
0.191567 0.0550448 0.134053
0.114799 0.0419113 0.00226421
0.140034 0.129194 0.0770374
0.24505 0.167505 0.0934396
0.141199 0.0403881 0.192667
0.146452 0.14269 0.183068
0.208536 0.102133 0.192667
0.145623 0.0382841 0.00622122
0.119223 0.0398073 0.00284506
0.15073 0.151686 0.173516
0.126078 0.0200002 0.149101
0.17713 0.150163 0.192667
0.222929 0.178025 0.082184
0.13692 0.0313913 0.00516846
0.218504 0.180129 0.1011
0.141344 0.0292873 0.00574931
0.212232 0.155533 0.0137537
0.148199 0.00948014 0.068745
0.112223 0.0707153 0.0163911
0.238632 0.154009 0.149969
0.159041 0.0208713 0.00807271
0.0951088 0.0347282 0.123438
0.101527 0.0482233 0.103985
0.131914 0.0778985 0.00415183
0.169155 0.0877664 0.0088167
0.159287 0.16968 0.125979
0.172314 0.0145593 0.00981526
0.126078 0.0200002 0.081331
0.125059 0.0977056 0.153785
0.160889 0.0475713 0.00809078
0.15073 0.151686 0.140003
0.167845 0.187673 0.097882
0.200808 0.188545 0.0120292
0.179706 0.121359 0.00988753
0.234208 0.156113 0.016549
0.163174 0.0409689 0.00843567
0.10809 0.0506177 0.00133846
0.112514 0.0485137 0.00191931
0.18515 0.0415496 0.173052
0.121363 0.0443057 0.00308101
0.125787 0.0422017 0.00366186
0.157294 0.154081 0.00676539
0.130211 0.0400977 0.00424271
0.208682 0.0910319 0.120164
0.134635 0.0379937 0.00482356
0.131477 0.111201 0.0328776
0.202264 0.0775368 0.12473
0.140034 0.129194 0.0722195
0.24505 0.167505 0.0981647
0.13906 0.0358897 0.00540441
0.217239 0.109026 0.0820826
0.121654 0.0221042 0.0227213
0.139351 0.0136881 0.0775626
0.147908 0.0316817 0.00656611
0.151458 0.0961824 0.0064933
0.130502 0.0178962 0.0816735
0.142173 0.133693 0.154172
0.180434 0.0658552 0.192667
0.112806 0.0263122 0.011908
0.152332 0.0295777 0.00714696
0.165705 0.183175 0.0360721
0.12078 0.0887089 0.0708582
0.240771 0.158508 0.168978
0.223657 0.122521 0.130412
0.161181 0.0253697 0.00830866
0.164731 0.0898704 0.00823585
0.217239 0.109026 0.163819
0.108381 0.0284162 0.168166
0.136629 0.0535929 0.192667
0.234353 0.145013 0.068985
0.175427 0.112362 0.192667
0.217239 0.109026 0.178243
0.114362 0.0752137 0.0704045
0.099533 0.0326242 0.187737
0.148591 0.147188 0.159111
0.194827 0.141747 0.0116481
0.192833 0.126148 0.192667
0.127198 0.102204 0.0664578
0.178978 0.176863 0.00934281
0.214226 0.171132 0.0138807
0.195846 0.0640416 0.0124107
0.114654 0.0530121 0.00215526
0.200125 0.0730384 0.0177417
0.139351 0.0136881 0.0823586
0.214808 0.126729 0.192667
0.238632 0.154009 0.159457
0.206542 0.0865336 0.178147
0.202264 0.0775368 0.0519399
0.142173 0.133693 0.0771826
0.119078 0.0509081 0.00273611
0.130502 0.0178962 0.163712
0.142173 0.133693 0.187855
0.13235 0.0445961 0.00447867
0.0993874 0.043725 0.0446814
0.174453 0.0190577 0.182796
0.154471 0.0340761 0.00738292
0.205232 0.186441 0.153736
0.159287 0.16968 0.0831077
0.099533 0.0326242 0.025045
0.184567 0.0859528 0.192667
0.112369 0.0596145 0.00181037
0.130066 0.0511985 0.00413377
0.180725 0.0436537 0.0106501
0.167307 0.0610664 0.00879864
0.162155 0.118674 0.192667
0.112806 0.0263122 0.119386
0.178732 0.0280545 0.168053
0.110084 0.0662169 0.0995176
0.204403 0.0820352 0.144204
0.205669 0.153138 0.0129369
0.222929 0.178025 0.149435
0.147762 0.0427825 0.00645717
0.17601 0.0679592 0.00985139
0.0951088 0.0347282 0.153107
0.126078 0.0200002 0.129738
0.152187 0.0406785 0.00703802
0.1957 0.0751424 0.0123018
0.230075 0.136016 0.164049
0.165896 0.00106414 0.0139413
0.227935 0.131517 0.106697
0.178732 0.0280545 0.0105231
0.116502 0.0797121 0.041249
0.191131 0.0883472 0.011612
0.121508 0.0332049 0.192667
0.121654 0.0221042 0.114978
0.139351 0.0136881 0.144707
0.114508 0.0641129 0.00204632
0.127781 0.0578009 0.00378887
0.161472 0.00316814 0.187946
0.131477 0.111201 0.003825
0.15875 0.0430729 0.00785482
0.225796 0.127019 0.140059
0.167598 0.0388649 0.00901652
0.173143 0.118965 0.00907072
0.152623 0.00737614 0.0263702
0.153161 0.133983 0.00640243
0.204403 0.0820352 0.182975
0.207954 0.146536 0.0132818
0.116647 0.0686113 0.00228227
0.197985 0.06854 0.0564355
0.229929 0.147117 0.192667
0.140034 0.129194 0.0914911
0.24505 0.167505 0.0887145
0.146452 0.14269 0.173468
0.138768 0.0580913 0.00518653
0.110084 0.0662169 0.0455889
0.21296 0.100029 0.0625061
0.161472 0.00316814 0.164338
0.142173 0.133693 0.00981663
0.142319 0.122592 0.192667
0.188409 0.128252 0.192667
0.176592 0.0235561 0.0102872
0.15287 0.156185 0.187886
0.178149 0.0724576 0.0100873
0.165896 0.00106414 0.0797073
0.140762 0.0736905 0.00531354
0.238632 0.154009 0.0266183
0.143775 0.0115841 0.0731389
0.238632 0.154009 0.0455953
0.195118 0.119546 0.011866
0.200125 0.0730384 0.158654
0.196383 0.190649 0.0163461
0.15287 0.156185 0.0635638
0.201973 0.0997383 0.0129007
0.12535 0.0755041 0.00333503
0.129774 0.0734001 0.00391588
0.157048 0.00527214 0.0174186
0.138623 0.0691921 0.00507758
0.146452 0.14269 0.101472
0.112223 0.0707153 0.0261842
0.238632 0.154009 0.14048
0.227353 0.175921 0.168728
0.147471 0.0649841 0.00623928
0.191567 0.0550448 0.0217079
0.2151 0.104527 0.192667
0.160161 0.103075 0.00754606
0.238632 0.154009 0.187923
0.156319 0.0607761 0.00740098
0.21408 0.182233 0.0524518
0.165168 0.056568 0.00856268
0.143775 0.0115841 0.111388
0.223657 0.122521 0.1783
0.21296 0.100029 0.0769685
0.121654 0.0221042 0.148967
0.184858 0.0637512 0.0110131
0.219378 0.113524 0.144651
0.118641 0.0842105 0.187789
0.142173 0.133693 0.00500477
0.11723 0.0242082 0.109869
0.199542 0.117442 0.0124469
0.205232 0.186441 0.109938
0.187289 0.046048 0.0114669
0.179415 0.143561 0.192667
0.145769 0.0271833 0.00633016
0.154035 0.0673784 0.00705609
0.12292 0.0932072 0.182935
0.142173 0.133693 0.101242
0.162883 0.0631704 0.00821779
0.179997 0.0991576 0.0101054
0.196383 0.190649 0.138791
0.12078 0.0887089 0.17805
0.176592 0.0235561 0.0546499
0.139351 0.0136881 0.115931
0.230075 0.136016 0.173588
0.112223 0.0707153 0.168184
0.169984 0.192172 0.0554042
0.165022 0.0676688 0.00845374
0.200125 0.0730384 0.114922
0.099533 0.0326242 0.118716
0.201536 0.133041 0.0125739
0.200808 0.188545 0.1292
0.183111 0.196961 0.118494
0.180871 0.0325529 0.177918
0.210238 0.139933 0.0136266
0.166433 0.127671 0.192667
0.136192 0.0868952 0.00462374
0.174699 0.167866 0.0088709
0.140616 0.0847912 0.00520459
0.232068 0.151615 0.192667
0.171586 0.0700632 0.00927054
0.191959 0.192753 0.158273
0.129337 0.106702 0.192667
0.200125 0.0730384 0.0711911
0.110375 0.0440153 0.192667
0.193707 0.0595432 0.0121748
0.185004 0.0526504 0.192667
0.125059 0.0977056 0.00311714
0.200125 0.0730384 0.168372
0.209947 0.162135 0.192667
0.15287 0.156185 0.073127
0.133907 0.0934976 0.00427884
0.236492 0.149511 0.13566
0.112806 0.0263122 0.0412203
0.129337 0.106702 0.144186
0.139351 0.0136881 0.0487865
0.121654 0.0221042 0.0178657
0.183111 0.196961 0.108604
0.191422 0.0661456 0.0118299
0.12535 0.0755041 0.192667
0.21408 0.182233 0.0717919
0.144895 0.093788 0.0056765
0.16789 0.0166633 0.192667
0.107945 0.0617185 0.10922
0.199979 0.0841392 0.192667
0.158168 0.087476 0.00741905
0.165896 0.00106414 0.0984703
0.162592 0.085372 0.0079999
0.170175 0.0100609 0.0640108
0.107945 0.0617185 0.192667
0.148199 0.00948014 0.192667
0.137895 0.124696 0.192667
0.135755 0.120198 0.00429691
0.148591 0.147188 0.130349
0.187289 0.046048 0.0653373
0.143775 0.0115841 0.039671
0.186852 0.0793504 0.0111401
0.165605 0.0232657 0.00888951
0.144749 0.104889 0.00556756
0.218941 0.146826 0.0146794
0.155591 0.11628 0.00685627
0.116502 0.0797121 0.134054
0.200125 0.0730384 0.0226007
0.208682 0.0910319 0.0428277
0.173579 0.0856624 0.00939755
0.230075 0.136016 0.1402
0.191276 0.0772464 0.011721
0.0993874 0.043725 0.113741
0.099533 0.0326242 0.0349051
0.234353 0.145013 0.121312
0.118641 0.0842105 0.00240928
0.151022 0.129485 0.00616647
0.139351 0.0136881 0.130319
0.140325 0.106993 0.00498671
0.168718 0.121069 0.00848987
0.2151 0.104527 0.0482351
0.175719 0.0901608 0.00963351
0.193707 0.0595432 0.0414438
0.21296 0.100029 0.163742
0.236201 0.171713 0.164128
0.227935 0.131517 0.14013
0.139351 0.0136881 0.154299
0.180143 0.0880568 0.0102144
0.164585 0.100971 0.00812691
0.232214 0.140514 0.0640558
0.176592 0.0235561 0.163092
0.199542 0.117442 0.192667
0.103666 0.0527217 0.109014
0.2151 0.104527 0.154152
0.112806 0.0263122 0.0216787
0.161181 0.0253697 0.192667
0.118641 0.0842105 0.114613
0.178687 0.199065 0.108337
0.222929 0.178025 0.0389515
0.21865 0.169028 0.0144615
0.189428 0.0505464 0.119303
0.180725 0.0436537 0.192667
0.140179 0.118094 0.00487776
0.172123 0.19667 0.140668
0.165896 0.00106414 0.023609
0.140034 0.129194 0.096309
0.196383 0.190649 0.153485
0.161472 0.00316814 0.159616
0.236201 0.171713 0.154615
0.133616 0.115699 0.105618
0.209802 0.173236 0.192667
0.189428 0.0505464 0.133976
0.148591 0.147188 0.187873
0.137895 0.124696 0.101012
0.153452 0.111782 0.00662031
0.143775 0.0115841 0.0970446
0.178687 0.199065 0.148022
0.180871 0.0325529 0.187751
0.148199 0.00948014 0.130706
0.165896 0.00106414 0.0636792
0.140034 0.129194 0.134852
0.2151 0.104527 0.139709
0.134927 0.0157922 0.192667
0.136047 0.097996 0.192667
0.217239 0.109026 0.0147703
0.170175 0.0100609 0.0838041
0.197694 0.0907416 0.0124288
0.160016 0.114176 0.00743712
0.168864 0.109968 0.00859882
0.204258 0.0931359 0.0132456
0.136629 0.0535929 0.00495057
0.155009 0.160683 0.13536
0.161427 0.174178 0.111791
0.212378 0.144432 0.0138626
0.24505 0.167505 0.164316
0.140034 0.129194 0.00476882
0.158896 0.0319721 0.00796377
0.125059 0.0977056 0.0517197
0.148882 0.124986 0.00593052
0.208536 0.102133 0.0137175
0.157731 0.120778 0.00709222
0.171003 0.114466 0.00883477
0.162155 0.118674 0.00767307
0.200808 0.188545 0.0364397
0.175427 0.112362 0.00941562
0.164003 0.145374 0.192667
0.131477 0.111201 0.124878
0.21296 0.100029 0.154101
0.133616 0.115699 0.124962
0.103666 0.0527217 0.123777
0.15073 0.151686 0.0681881
0.165459 0.0343665 0.00878057
0.130357 0.0289969 0.192667
0.186415 0.112653 0.0108133
0.153161 0.133983 0.192667
0.197985 0.06854 0.0904934
0.15073 0.151686 0.178304
0.126078 0.0200002 0.139419
0.161427 0.174178 0.159365
0.130502 0.0178962 0.100977
0.16444 0.112072 0.00801797
0.143338 0.0448865 0.00587632
0.21296 0.100029 0.0142984
0.221517 0.118022 0.101557
0.18982 0.188254 0.0106315
0.11723 0.0242082 0.114739
0.176592 0.0235561 0.084225
0.201827 0.110839 0.0127918
0.130502 0.0178962 0.0334154
0.127198 0.102204 0.0470409
0.200125 0.0730384 0.0128827
0.208682 0.0910319 0.0524947
0.191959 0.192753 0.0501755
0.135755 0.120198 0.183007
0.169984 0.192172 0.0790702
0.210675 0.106631 0.0139535
0.196383 0.190649 0.045733
0.190548 0.13275 0.0111762
0.1553 0.138482 0.00663838
0.0972481 0.0392266 0.138339
0.180972 0.192462 0.192667
0.144312 0.138191 0.115774
0.172123 0.19667 0.0933969
0.172997 0.130066 0.00896178
0.193707 0.0595432 0.148764
0.105805 0.0572201 0.0796289
0.210821 0.0955303 0.0381982
0.135755 0.120198 0.091237
0.15073 0.151686 0.0442498
0.165896 0.00106414 0.117806
0.177421 0.127962 0.00954263
0.176301 0.0457577 0.0100693
0.130502 0.0178962 0.0913251
0.142173 0.133693 0.163796
0.223657 0.122521 0.0633671
0.208682 0.0910319 0.0331606
0.182282 0.0925552 0.192667
0.191959 0.192753 0.109138
0.169984 0.192172 0.0932698
0.225213 0.171422 0.192667
0.153015 0.145084 0.00629348
0.0972481 0.0392266 0.17785
0.170712 0.136668 0.00861688
0.24291 0.163006 0.164278
0.161035 0.0364705 0.192667
0.165705 0.183175 0.102506
0.112806 0.0263122 0.192667
0.17956 0.13246 0.00977858
0.19682 0.157346 0.192667
0.161472 0.00316814 0.0651852
0.223657 0.122521 0.0250559
0.197257 0.124044 0.012102
0.183111 0.196961 0.153108
0.219378 0.113524 0.0150062
0.177275 0.139062 0.192667
0.189428 0.0505464 0.109521
0.166433 0.127671 0.00814498
0.152623 0.00737614 0.0881376
0.18301 0.0370513 0.0502755
0.227353 0.175921 0.173515
0.194972 0.130646 0.0117571
0.167845 0.187673 0.0315325
0.199396 0.128542 0.0123379
0.168573 0.13217 0.00838093
0.208245 0.124334 0.0134996
0.18515 0.0415496 0.133823
0.229638 0.169318 0.192667
0.195846 0.0640416 0.134206
0.240625 0.169609 0.164222
0.197985 0.06854 0.134282
0.200125 0.0730384 0.134359
0.204403 0.0820352 0.134512
0.222929 0.178025 0.111006
0.217239 0.109026 0.134971
0.219378 0.113524 0.135047
0.11723 0.0242082 0.100128
0.221517 0.118022 0.135124
0.225796 0.127019 0.135277
0.139351 0.0136881 0.159095
0.227935 0.131517 0.135353
0.232214 0.140514 0.135507
0.218504 0.180129 0.067365
0.114362 0.0752137 0.0361709
0.21296 0.100029 0.0528646
0.24291 0.163006 0.135889
0.22779 0.142618 0.0158411
0.24505 0.167505 0.135966
0.146452 0.14269 0.13027
0.165896 0.00106414 0.128173
0.174453 0.0190577 0.128505
0.176592 0.0235561 0.128588
0.200808 0.188545 0.0559681
0.180871 0.0325529 0.128753
0.18301 0.0370513 0.128836
0.191567 0.0550448 0.129168
0.195846 0.0640416 0.129334
0.225796 0.127019 0.111364
0.200125 0.0730384 0.1295
0.202264 0.0775368 0.129583
0.204403 0.0820352 0.129665
0.212087 0.166633 0.192667
0.222929 0.178025 0.115809
0.178687 0.199065 0.0190461
0.206542 0.0865336 0.129748
0.210821 0.0955303 0.129914
0.133616 0.115699 0.100782
0.217239 0.109026 0.130163
0.219378 0.113524 0.130246
0.137895 0.124696 0.125132
0.225796 0.127019 0.130494
0.240625 0.169609 0.145259
0.12292 0.0932072 0.158603
0.230075 0.136016 0.13066
0.227935 0.131517 0.116249
0.232214 0.140514 0.130743
0.187535 0.194857 0.069437
0.24291 0.163006 0.131158
0.172314 0.0145593 0.118538
0.126078 0.0200002 0.14426
0.15073 0.151686 0.154366
0.168035 0.00556253 0.123301
0.209656 0.184337 0.173264
0.218504 0.180129 0.0143526
0.105805 0.0572201 0.05997
0.172314 0.0145593 0.12348
0.24291 0.163006 0.116963
0.126078 0.0200002 0.158782
0.15073 0.151686 0.159154
0.174453 0.0190577 0.123569
0.21296 0.100029 0.139639
0.193707 0.0595432 0.0658347
0.131477 0.111201 0.115193
0.187289 0.046048 0.18777
0.180871 0.0325529 0.123837
0.152623 0.00737614 0.111894
0.18301 0.0370513 0.123926
0.103957 0.0305202 0.0402969
0.18515 0.0415496 0.124016
0.148591 0.147188 0.0872056
0.187289 0.046048 0.124105
0.191567 0.0550448 0.124283
0.195846 0.0640416 0.124462
0.225796 0.127019 0.120929
0.163566 0.178677 0.173662
0.240625 0.169609 0.178445
0.197985 0.06854 0.124551
0.200125 0.0730384 0.124641
0.157585 0.131879 0.192667
0.204403 0.0820352 0.124819
0.222929 0.178025 0.120613
0.210821 0.0955303 0.125087
0.131477 0.111201 0.15393
0.193707 0.0595432 0.182911
0.21296 0.100029 0.125176
0.2151 0.104527 0.125266
0.217239 0.109026 0.125355
0.219378 0.113524 0.125444
0.12292 0.0932072 0.163469
0.225796 0.127019 0.0826693
0.230075 0.136016 0.12589
0.165896 0.00106414 0.0187751
0.227935 0.131517 0.111473
0.205232 0.186441 0.0564077
0.232214 0.140514 0.12598
0.112223 0.0707153 0.0408739
0.238632 0.154009 0.126248
0.196675 0.168447 0.0116662
0.227353 0.175921 0.178303
0.187535 0.194857 0.0743663
0.24291 0.163006 0.126426
0.172314 0.0145593 0.113596
0.140034 0.129194 0.0577658
0.24505 0.167505 0.126515
0.168035 0.00556253 0.118347
0.209656 0.184337 0.163563
0.170175 0.0100609 0.118442
0.174453 0.0190577 0.118634
0.21296 0.100029 0.14928
0.178832 0.187964 0.00923387
0.131477 0.111201 0.110351
0.176592 0.0235561 0.118729
0.18301 0.0370513 0.119016
0.103957 0.0305202 0.0353817
0.18515 0.0415496 0.119112
0.129337 0.106702 0.0132854
0.208682 0.0910319 0.10083
0.197985 0.06854 0.119686
0.200125 0.0730384 0.119782
0.210821 0.0955303 0.12026
0.193707 0.0595432 0.0853474
0.148737 0.136087 0.192667
0.131477 0.111201 0.134562
0.2151 0.104527 0.120451
0.147325 0.0760848 0.00613034
0.227935 0.131517 0.121025
0.205232 0.186441 0.0661405
0.121654 0.0221042 0.182956
0.225796 0.127019 0.0300616
0.230075 0.136016 0.121121
0.232214 0.140514 0.121216
0.218504 0.180129 0.149293
0.236492 0.149511 0.121408
0.112223 0.0707153 0.0457704
0.238632 0.154009 0.121503
0.187535 0.194857 0.0792955
0.24291 0.163006 0.121695
0.172314 0.0145593 0.103712
0.140034 0.129194 0.04813
0.24505 0.167505 0.12179
0.184421 0.0970536 0.192667
0.146452 0.14269 0.115871
0.168035 0.00556253 0.113392
0.170175 0.0100609 0.113494
0.165705 0.183175 0.097761
0.174453 0.0190577 0.113698
0.152623 0.00737614 0.126148
0.18301 0.0370513 0.114106
0.17256 0.163368 0.00863495
0.18515 0.0415496 0.114208
0.208682 0.0910319 0.0959965
0.193707 0.0595432 0.114616
0.197985 0.06854 0.11482
0.206542 0.0865336 0.115229
0.208682 0.0910319 0.115331
0.210821 0.0955303 0.115433
0.174453 0.0190577 0.0939558
0.131477 0.111201 0.144246
0.178687 0.199065 0.192667
0.223657 0.122521 0.116045
0.230075 0.136016 0.159279
0.225796 0.127019 0.116147
0.230075 0.136016 0.116351
0.227935 0.131517 0.0589353
0.232214 0.140514 0.116453
0.234353 0.145013 0.116555
0.240771 0.158508 0.116861
0.159579 0.147478 0.192667
0.21296 0.100029 0.0721477
0.140034 0.129194 0.0529479
0.24505 0.167505 0.117065
0.146452 0.14269 0.111071
0.172314 0.0145593 0.108654
0.174453 0.0190577 0.108763
0.152623 0.00737614 0.107143
0.18301 0.0370513 0.109196
0.18515 0.0415496 0.109305
0.187289 0.046048 0.109413
0.137895 0.124696 0.178195
0.195846 0.0640416 0.109847
0.163566 0.178677 0.187916
0.240625 0.169609 0.187926
0.197985 0.06854 0.109955
0.200125 0.0730384 0.110063
0.202264 0.0775368 0.110172
0.204403 0.0820352 0.11028
0.222929 0.178025 0.135024
0.206542 0.0865336 0.110389
0.209656 0.184337 0.0811008
0.208682 0.0910319 0.110497
0.131477 0.111201 0.173299
0.202264 0.0775368 0.182962
0.210821 0.0955303 0.110606
0.202264 0.0775368 0.0859085
0.131477 0.111201 0.0764566
0.21296 0.100029 0.110714
0.186561 0.101552 0.0109222
0.191567 0.0550448 0.119399
0.2151 0.104527 0.110822
0.217239 0.109026 0.110931
0.221517 0.118022 0.111148
0.143775 0.0115841 0.140075
0.223657 0.122521 0.111256
0.227935 0.131517 0.0541591
0.232214 0.140514 0.11169
0.218504 0.180129 0.0914616
0.114362 0.0752137 0.0606234
0.236492 0.149511 0.111906
0.172314 0.0145593 0.0938283
0.140034 0.129194 0.0674016
0.24505 0.167505 0.11234
0.238632 0.154009 0.0503396
0.165896 0.00106414 0.103368
0.168035 0.00556253 0.103483
0.174453 0.0190577 0.103827
0.176592 0.0235561 0.103942
0.200808 0.188545 0.0315576
0.191959 0.192753 0.0206945
0.178732 0.0280545 0.104057
0.110084 0.0662169 0.0357837
0.18301 0.0370513 0.104286
0.103957 0.0305202 0.104194
0.18515 0.0415496 0.104401
0.137895 0.124696 0.183019
0.191567 0.0550448 0.104745
0.209656 0.184337 0.061698
0.208682 0.0910319 0.0814959
0.195846 0.0640416 0.104975
0.225796 0.127019 0.0874518
0.134198 0.0712961 0.00449673
0.197985 0.06854 0.10509
0.204403 0.0820352 0.105434
0.222929 0.178025 0.139827
0.206542 0.0865336 0.105549
0.209656 0.184337 0.0859515
0.208682 0.0910319 0.105664
0.202264 0.0775368 0.178109
0.210821 0.0955303 0.105778
0.193707 0.0595432 0.173154
0.204258 0.0931359 0.192667
0.21296 0.100029 0.105893
0.2151 0.104527 0.106008
0.217239 0.109026 0.106123
0.175573 0.101262 0.192667
0.219378 0.113524 0.106237
0.221517 0.118022 0.106352
0.137895 0.124696 0.0527724
0.223657 0.122521 0.106467
0.230075 0.136016 0.106811
0.227935 0.131517 0.0923682
0.232214 0.140514 0.106926
0.234353 0.145013 0.107041
0.0993874 0.043725 0.158137
0.24291 0.163006 0.1075
0.172314 0.0145593 0.0987702
0.174453 0.0190577 0.0988914
0.152623 0.00737614 0.135651
0.18301 0.0370513 0.099376
0.103957 0.0305202 0.015721
0.18515 0.0415496 0.0994972
0.191567 0.0550448 0.0998607
0.195846 0.0640416 0.100103
0.230075 0.136016 0.13543
0.225796 0.127019 0.0922343
0.145477 0.0493849 0.192667
0.197985 0.06854 0.100224
0.200125 0.0730384 0.100345
0.14961 0.0694824 0.192667
0.204403 0.0820352 0.100588
0.222929 0.178025 0.144631
0.240771 0.158508 0.121599
0.206542 0.0865336 0.100709
0.202264 0.0775368 0.173256
0.131477 0.111201 0.178141
0.210821 0.0955303 0.100951
0.21296 0.100029 0.192667
0.131477 0.111201 0.0812987
0.21296 0.100029 0.101072
0.191567 0.0550448 0.10963
0.2151 0.104527 0.101194
0.219378 0.113524 0.101436
0.225796 0.127019 0.101799
0.232214 0.140514 0.102163
0.114362 0.0752137 0.0557329
0.108381 0.0284162 0.158365
0.234353 0.145013 0.102284
0.155009 0.160683 0.187892
0.236492 0.149511 0.102405
0.128072 0.0355993 0.192667
0.174262 0.201169 0.0836351
0.238632 0.154009 0.102526
0.236492 0.149511 0.116657
0.240771 0.158508 0.102648
0.0993874 0.043725 0.177869
0.24291 0.163006 0.102769
0.140034 0.129194 0.0818553
0.24505 0.167505 0.10289
0.2151 0.104527 0.13008
0.168035 0.00556253 0.0935732
0.170175 0.0100609 0.0937007
0.165705 0.183175 0.107252
0.176592 0.0235561 0.0940834
0.2151 0.104527 0.0386063
0.147471 0.0649841 0.192667
0.191567 0.0550448 0.0949762
0.21296 0.100029 0.134818
0.193707 0.0595432 0.0951037
0.195846 0.0640416 0.0952312
0.230075 0.136016 0.14497
0.225796 0.127019 0.0539742
0.197985 0.06854 0.0953588
0.208682 0.0910319 0.01866
0.129337 0.106702 0.168426
0.200125 0.0730384 0.0954863
0.204403 0.0820352 0.0957414
0.131477 0.111201 0.158772
0.202264 0.0775368 0.192667
0.210821 0.0955303 0.096124
0.202264 0.0775368 0.0956139
0.189283 0.0616472 0.0115939
0.16444 0.112072 0.192667
0.131477 0.111201 0.0619303
0.175573 0.101262 0.00952456
0.219378 0.113524 0.0966342
0.225796 0.127019 0.0970168
0.184858 0.0637512 0.192667
0.227935 0.131517 0.0971444
0.230075 0.136016 0.0972719
0.205232 0.186441 0.0272092
0.232214 0.140514 0.0973995
0.218504 0.180129 0.0818229
0.234353 0.145013 0.097527
0.236492 0.149511 0.0976545
0.174262 0.201169 0.0881648
0.238632 0.154009 0.0977821
0.236492 0.149511 0.107156
0.240771 0.158508 0.0979096
0.168035 0.00556253 0.0886185
0.170175 0.0100609 0.0887524
0.217239 0.109026 0.0195783
0.172314 0.0145593 0.0888863
0.174453 0.0190577 0.0890203
0.178732 0.0280545 0.0892881
0.155009 0.160683 0.116258
0.116502 0.0797121 0.094978
0.18301 0.0370513 0.0895559
0.103957 0.0305202 0.0894485
0.18515 0.0415496 0.0896899
0.2151 0.104527 0.115637
0.191567 0.0550448 0.0900916
0.193707 0.0595432 0.0902255
0.135755 0.120198 0.129877
0.103666 0.0527217 0.172984
0.195846 0.0640416 0.0903594
0.230075 0.136016 0.102042
0.225796 0.127019 0.0587567
0.210821 0.0955303 0.192667
0.204403 0.0820352 0.0908951
0.240771 0.158508 0.135813
0.206542 0.0865336 0.091029
0.131477 0.111201 0.163614
0.210821 0.0955303 0.0912969
0.236201 0.171713 0.187911
0.191567 0.0550448 0.114514
0.2151 0.104527 0.0915647
0.219378 0.113524 0.0918326
0.174262 0.201169 0.0182415
0.221517 0.118022 0.0919665
0.223657 0.122521 0.0921004
0.230075 0.136016 0.0925022
0.121363 0.0443057 0.192667
0.227935 0.131517 0.0350546
0.232214 0.140514 0.0926361
0.114362 0.0752137 0.0410614
0.236492 0.149511 0.0929039
0.221517 0.118022 0.192667
0.11723 0.0242082 0.143962
0.174262 0.201169 0.0933325
0.238632 0.154009 0.0930378
0.240771 0.158508 0.0931718
0.159287 0.16968 0.0211828
0.172314 0.0145593 0.0839444
0.174453 0.0190577 0.0840847
0.116502 0.0797121 0.114516
0.169738 0.0433633 0.00925248
0.107945 0.0617185 0.0552247
0.152623 0.00737614 0.1309
0.18301 0.0370513 0.0846459
0.103957 0.0305202 0.0943637
0.18515 0.0415496 0.0847862
0.148591 0.147188 0.101587
0.187289 0.046048 0.0849265
0.137895 0.124696 0.149252
0.148591 0.147188 0.0440623
0.191567 0.0550448 0.0852071
0.195846 0.0640416 0.0854876
0.18058 0.0547544 0.0105412
0.197985 0.06854 0.085628
0.129337 0.106702 0.178123
0.191959 0.192753 0.114051
0.200125 0.0730384 0.0857682
0.204403 0.0820352 0.0860488
0.222929 0.178025 0.159042
0.240771 0.158508 0.150026
0.236492 0.149511 0.164163
0.206542 0.0865336 0.0861891
0.191567 0.0550448 0.143822
0.2151 0.104527 0.0867503
0.217239 0.109026 0.0868906
0.219378 0.113524 0.0870309
0.121508 0.0332049 0.00318995
0.227935 0.131517 0.0302785
0.205232 0.186441 0.0223428
0.159287 0.16968 0.18314
0.240771 0.158508 0.0884339
0.0993874 0.043725 0.187734
0.24291 0.163006 0.0885742
0.165896 0.00106414 0.0785624
0.2151 0.104527 0.144523
0.168035 0.00556253 0.0787091
0.170175 0.0100609 0.0788558
0.197985 0.06854 0.0321084
0.174453 0.0190577 0.0791491
0.178732 0.0280545 0.0794425
0.107945 0.0617185 0.0454074
0.180871 0.0325529 0.0795891
0.18515 0.0415496 0.0798825
0.234353 0.145013 0.0309289
0.148591 0.147188 0.139936
0.187289 0.046048 0.0800292
0.137895 0.124696 0.158899
0.148591 0.147188 0.0344749
0.189428 0.0505464 0.0801758
0.191567 0.0550448 0.0803225
0.159433 0.158579 0.192667
0.195846 0.0640416 0.0806159
0.225796 0.127019 0.0635392
0.197985 0.06854 0.0807625
0.202264 0.0775368 0.0810559
0.204403 0.0820352 0.0812026
0.222929 0.178025 0.163845
0.240771 0.158508 0.131075
0.206542 0.0865336 0.0813492
0.202264 0.0775368 0.153846
0.210821 0.0955303 0.0816426
0.21296 0.100029 0.0817892
0.15073 0.151686 0.0921264
0.2151 0.104527 0.0819359
0.219378 0.113524 0.0822293
0.11723 0.0242082 0.0368115
0.221517 0.118022 0.0823759
0.172414 0.174469 0.00852601
0.21408 0.182233 0.187832
0.137895 0.124696 0.0768922
0.223657 0.122521 0.0825226
0.230075 0.136016 0.0829626
0.227935 0.131517 0.0684876
0.108381 0.0284162 0.187767
0.218796 0.157927 0.192667
0.234353 0.145013 0.083256
0.114362 0.0752137 0.0801855
0.236492 0.149511 0.0834027
0.221517 0.118022 0.178281
0.11723 0.0242082 0.129351
0.174262 0.201169 0.10303
0.238632 0.154009 0.0835493
0.187535 0.194857 0.020145
0.240771 0.158508 0.083696
0.24505 0.167505 0.0839894
0.134927 0.0157922 0.00504145
0.146452 0.14269 0.168668
0.2151 0.104527 0.158966
0.168035 0.00556253 0.0737544
0.170175 0.0100609 0.0739075
0.159287 0.16968 0.145033
0.172314 0.0145593 0.0740605
0.174453 0.0190577 0.0742136
0.178732 0.0280545 0.0745197
0.155009 0.160683 0.125809
0.180871 0.0325529 0.0746727
0.18301 0.0370513 0.0748258
0.18515 0.0415496 0.0749788
0.148591 0.147188 0.135143
0.187289 0.046048 0.0751319
0.11723 0.0242082 0.0222
0.221517 0.118022 0.0200375
0.137895 0.124696 0.187843
0.148591 0.147188 0.0296812
0.189428 0.0505464 0.0752849
0.191567 0.0550448 0.075438
0.193707 0.0595432 0.075591
0.195846 0.0640416 0.0757441
0.230075 0.136016 0.111581
0.225796 0.127019 0.0683217
0.197985 0.06854 0.0758971
0.191959 0.192753 0.148446
0.129337 0.106702 0.187819
0.200125 0.0730384 0.0760502
0.131477 0.111201 0.0909829
0.202264 0.0775368 0.0762032
0.204403 0.0820352 0.0763563
0.222929 0.178025 0.168649
0.236492 0.149511 0.154662
0.206542 0.0865336 0.0765093
0.210821 0.0955303 0.0768154
0.2151 0.104527 0.0771215
0.219378 0.113524 0.0774276
0.11723 0.0242082 0.041682
0.221517 0.118022 0.0775807
0.133616 0.115699 0.0717657
0.227935 0.131517 0.0637114
0.232214 0.140514 0.0783459
0.108381 0.0284162 0.182867
0.234353 0.145013 0.078499
0.24291 0.163006 0.0791112
0.24505 0.167505 0.0792642
0.168035 0.00556253 0.0687997
0.131622 0.1001 0.192667
0.170175 0.0100609 0.0689591
0.172314 0.0145593 0.0691186
0.197985 0.06854 0.0223775
0.174453 0.0190577 0.069278
0.216948 0.131227 0.0145524
0.178732 0.0280545 0.0695968
0.116502 0.0797121 0.0803246
0.187289 0.046048 0.182873
0.180871 0.0325529 0.0697563
0.152623 0.00737614 0.0691323
0.18301 0.0370513 0.0699157
0.204403 0.0820352 0.149051
0.165705 0.183175 0.15945
0.189428 0.0505464 0.070394
0.2151 0.104527 0.0626783
0.191567 0.0550448 0.0705534
0.197985 0.06854 0.0710317
0.131477 0.111201 0.0861408
0.202264 0.0775368 0.0713506
0.204403 0.0820352 0.07151
0.222929 0.178025 0.125417
0.206542 0.0865336 0.0716694
0.105805 0.0572201 0.0894583
0.193707 0.0595432 0.134129
0.210821 0.0955303 0.0719883
0.2151 0.104527 0.0723071
0.219378 0.113524 0.072626
0.11723 0.0242082 0.0709049
0.221517 0.118022 0.0727854
0.189428 0.0505464 0.0263757
0.178687 0.199065 0.0438491
0.223657 0.122521 0.0729448
0.133616 0.115699 0.0669297
0.225796 0.127019 0.0731043
0.227935 0.131517 0.0732637
0.205232 0.186441 0.0174764
0.159287 0.16968 0.187904
0.232214 0.140514 0.0735825
0.108381 0.0284162 0.173066
0.234353 0.145013 0.073742
0.155009 0.160683 0.17834
0.236492 0.149511 0.0739014
0.238632 0.154009 0.0740608
0.196966 0.146245 0.0118841
0.197257 0.124044 0.192667
0.187535 0.194857 0.0300034
0.236492 0.149511 0.178415
0.197403 0.112943 0.0122109
0.240771 0.158508 0.0742203
0.24505 0.167505 0.0745391
0.146452 0.14269 0.163869
0.159287 0.16968 0.178377
0.172314 0.0145593 0.0641766
0.197985 0.06854 0.0418392
0.174453 0.0190577 0.0643424
0.178732 0.0280545 0.064674
0.116502 0.0797121 0.0705557
0.155009 0.160683 0.0446249
0.180871 0.0325529 0.0648398
0.152623 0.00737614 0.0786349
0.18301 0.0370513 0.0650056
0.18515 0.0415496 0.0651715
0.234353 0.145013 0.0214149
0.189428 0.0505464 0.0655031
0.148591 0.147188 0.168699
0.2151 0.104527 0.0434207
0.191567 0.0550448 0.0656689
0.195846 0.0640416 0.0660005
0.156319 0.0607761 0.192667
0.121654 0.0221042 0.1781
0.230075 0.136016 0.0781929
0.225796 0.127019 0.0348442
0.197985 0.06854 0.0661663
0.200125 0.0730384 0.0663321
0.204403 0.0820352 0.0666637
0.217239 0.109026 0.0676585
0.144312 0.138191 0.159026
0.219378 0.113524 0.0678243
0.135755 0.120198 0.042937
0.161472 0.00316814 0.0274128
0.223657 0.122521 0.0681559
0.227935 0.131517 0.173563
0.121654 0.0221042 0.139256
0.230075 0.136016 0.0686534
0.232214 0.140514 0.0688192
0.178732 0.0280545 0.0843653
0.114362 0.0752137 0.065514
0.240771 0.158508 0.0552688
0.236492 0.149511 0.0691508
0.11723 0.0242082 0.168315
0.221517 0.118022 0.168691
0.174262 0.201169 0.117576
0.236492 0.149511 0.173665
0.240771 0.158508 0.0694824
0.0993874 0.043725 0.192667
0.24291 0.163006 0.0696482
0.24505 0.167505 0.069814
0.146452 0.14269 0.159069
0.168035 0.00556253 0.0588903
0.170175 0.0100609 0.0590625
0.174453 0.0190577 0.0594069
0.178732 0.0280545 0.0597512
0.116502 0.0797121 0.0900935
0.16687 0.0943688 0.00847181
0.107945 0.0617185 0.0306815
0.187289 0.046048 0.173078
0.180871 0.0325529 0.0599234
0.152623 0.00737614 0.0596296
0.18301 0.0370513 0.0600956
0.204403 0.0820352 0.163589
0.12292 0.0932072 0.0612769
0.165705 0.183175 0.168941
0.18515 0.0415496 0.0602678
0.180871 0.0325529 0.089422
0.187289 0.046048 0.06044
0.164877 0.0787696 0.0083448
0.135755 0.120198 0.0332769
0.189428 0.0505464 0.0606121
0.195846 0.0640416 0.0611287
0.157148 0.165181 0.178359
0.197985 0.06854 0.0613009
0.210821 0.0955303 0.178186
0.204403 0.0820352 0.0618174
0.222929 0.178025 0.18306
0.236492 0.149511 0.187916
0.240771 0.158508 0.0789581
0.206542 0.0865336 0.0619896
0.180871 0.0325529 0.0992549
0.189428 0.0505464 0.0165938
0.199105 0.150744 0.192667
0.135755 0.120198 0.047767
0.234353 0.145013 0.064228
0.18515 0.0415496 0.0357494
0.236492 0.149511 0.0644001
0.112223 0.0707153 0.00659798
0.238632 0.154009 0.0645723
0.227353 0.175921 0.187879
0.240771 0.158508 0.0647445
0.21296 0.100029 0.0384023
0.24291 0.163006 0.0649167
0.165896 0.00106414 0.0537571
0.174453 0.0190577 0.0544713
0.178732 0.0280545 0.0548284
0.116502 0.0797121 0.0607868
0.187289 0.046048 0.168181
0.180871 0.0325529 0.055007
0.18301 0.0370513 0.0551855
0.12292 0.0932072 0.0174801
0.165705 0.183175 0.126233
0.18515 0.0415496 0.0553641
0.234353 0.145013 0.054714
0.191567 0.0550448 0.0558998
0.191959 0.192753 0.094397
0.182282 0.0925552 0.0104503
0.200125 0.0730384 0.056614
0.21296 0.100029 0.183026
0.202264 0.0775368 0.0567926
0.210821 0.0955303 0.183013
0.204403 0.0820352 0.0569711
0.222929 0.178025 0.187863
0.240771 0.158508 0.0600066
0.206542 0.0865336 0.0571497
0.193707 0.0595432 0.168276
0.210821 0.0955303 0.0575068
0.21296 0.100029 0.0576854
0.2151 0.104527 0.0578639
0.219378 0.113524 0.058221
0.11723 0.0242082 0.0611639
0.174262 0.201169 0.00854407
0.221517 0.118022 0.0583996
0.21408 0.182233 0.163657
0.223657 0.122521 0.0585782
0.230075 0.136016 0.0591138
0.214663 0.137829 0.192667
0.227935 0.131517 0.0446069
0.108381 0.0284162 0.109362
0.232214 0.140514 0.0592924
0.114362 0.0752137 0.109529
0.234353 0.145013 0.059471
0.221517 0.118022 0.154305
0.11723 0.0242082 0.153703
0.174262 0.201169 0.126572
0.112223 0.0707153 0.0114945
0.238632 0.154009 0.0598281
0.24291 0.163006 0.0601852
0.174453 0.0190577 0.0495357
0.178732 0.0280545 0.0499056
0.155009 0.160683 0.054176
0.180871 0.0325529 0.0500905
0.18515 0.0415496 0.0504604
0.189428 0.0505464 0.0508303
0.191567 0.0550448 0.0510152
0.195846 0.0640416 0.0513851
0.121654 0.0221042 0.192667
0.230075 0.136016 0.0877324
0.225796 0.127019 0.0444092
0.118641 0.0842105 0.173153
0.197985 0.06854 0.05157
0.191959 0.192753 0.0305215
0.200125 0.0730384 0.051755
0.204403 0.0820352 0.0521248
0.105805 0.0572201 0.109117
0.193707 0.0595432 0.163398
0.210821 0.0955303 0.0526797
0.2151 0.104527 0.0530495
0.217239 0.109026 0.0532345
0.170175 0.0100609 0.0442175
0.230075 0.136016 0.0543441
0.227935 0.131517 0.0398307
0.133616 0.115699 0.139471
0.236492 0.149511 0.0548989
0.172314 0.0145593 0.0444089
0.174453 0.0190577 0.0446002
0.176592 0.0235561 0.0447915
0.169984 0.192172 0.0601374
0.178732 0.0280545 0.0449828
0.15987 0.125277 0.192667
0.116502 0.0797121 0.0559023
0.189428 0.0505464 0.0117029
0.180871 0.0325529 0.0451741
0.152623 0.00737614 0.092889
0.18301 0.0370513 0.0453654
0.204403 0.0820352 0.173282
0.165705 0.183175 0.135723
0.18515 0.0415496 0.0455567
0.105951 0.0461193 0.192667
0.234353 0.145013 0.0404429
0.187289 0.046048 0.0457481
0.11723 0.0242082 0.00271805
0.221517 0.118022 0.0392185
0.148591 0.147188 0.048856
0.189428 0.0505464 0.0459394
0.21296 0.100029 0.08661
0.193707 0.0595432 0.046322
0.160744 0.0586721 0.192667
0.197985 0.06854 0.0467046
0.200125 0.0730384 0.0468959
0.105805 0.0572201 0.168094
0.204403 0.0820352 0.0472786
0.178687 0.199065 0.0984157
0.206542 0.0865336 0.0474699
0.202264 0.0775368 0.0179713
0.217239 0.109026 0.0484264
0.219378 0.113524 0.0486178
0.221517 0.118022 0.0488091
0.161472 0.00316814 0.0415774
0.223657 0.122521 0.0490004
0.121654 0.0221042 0.187812
0.225796 0.127019 0.0491917
0.227935 0.131517 0.049383
0.230075 0.136016 0.0495743
0.108381 0.0284162 0.192667
0.232214 0.140514 0.0497656
0.114362 0.0752137 0.094857
0.234353 0.145013 0.0499569
0.236492 0.149511 0.0501483
0.225796 0.127019 0.15919
0.112223 0.0707153 0.153495
0.236492 0.149511 0.0596495
0.240771 0.158508 0.0505309
0.24291 0.163006 0.0507222
0.174453 0.0190577 0.0396646
0.176592 0.0235561 0.0398623
0.178732 0.0280545 0.04006
0.116502 0.0797121 0.0510179
0.180871 0.0325529 0.0402577
0.152623 0.00737614 0.102392
0.18301 0.0370513 0.0404554
0.18515 0.0415496 0.0406531
0.234353 0.145013 0.0451999
0.148591 0.147188 0.10638
0.187289 0.046048 0.0408507
0.137895 0.124696 0.168547
0.189428 0.0505464 0.0410484
0.168035 0.00556253 0.15303
0.191567 0.0550448 0.0412461
0.195846 0.0640416 0.0416415
0.191959 0.192753 0.045262
0.200125 0.0730384 0.0420369
0.193707 0.0595432 0.153642
0.210821 0.0955303 0.0430253
0.103666 0.0527217 0.192667
0.15073 0.151686 0.0490375
0.21296 0.100029 0.043223
0.217239 0.109026 0.0436184
0.219378 0.113524 0.0438161
0.161472 0.00316814 0.0510205
0.223657 0.122521 0.0442115
0.227935 0.131517 0.149682
0.230075 0.136016 0.0448046
0.236492 0.149511 0.0453976
0.11723 0.0242082 0.192667
0.174262 0.201169 0.0448455
0.236492 0.149511 0.149911
0.240771 0.158508 0.045793
0.174453 0.0190577 0.034729
0.176592 0.0235561 0.0349331
0.164148 0.134274 0.00780008
0.178732 0.0280545 0.0351372
0.116502 0.0797121 0.0656713
0.172123 0.19667 0.192667
0.155009 0.160683 0.0494005
0.152623 0.00737614 0.0833863
0.18301 0.0370513 0.0355453
0.192833 0.126148 0.0115211
0.189428 0.0505464 0.0361575
0.195846 0.0640416 0.0367697
0.197985 0.06854 0.0369738
0.191959 0.192753 0.074743
0.200125 0.0730384 0.0371779
0.161472 0.00316814 0.046299
0.223657 0.122521 0.0394226
0.121654 0.0221042 0.144111
0.227935 0.131517 0.192667
0.230075 0.136016 0.0400348
0.232214 0.140514 0.0402389
0.11723 0.0242082 0.182926
0.174262 0.201169 0.0483545
0.138623 0.0691921 0.192667
0.165896 0.00106414 0.0888026
0.238632 0.154009 0.0408511
0.240771 0.158508 0.0410551
0.24291 0.163006 0.0412592
0.165896 0.00106414 0.0289517
0.168035 0.00556253 0.0291621
0.170175 0.0100609 0.0293726
0.174453 0.0190577 0.0297935
0.176592 0.0235561 0.0300039
0.178732 0.0280545 0.0302144
0.116502 0.0797121 0.0363645
0.187289 0.046048 0.0947211
0.180871 0.0325529 0.0304248
0.18301 0.0370513 0.0306353
0.18515 0.0415496 0.0308457
0.148591 0.147188 0.192667
0.187289 0.046048 0.0310561
0.143484 0.0337857 0.00598526
0.189428 0.0505464 0.0312666
0.168035 0.00556253 0.162939
0.191567 0.0550448 0.031477
0.193707 0.0595432 0.0316875
0.195846 0.0640416 0.0318979
0.200125 0.0730384 0.0323188
0.240771 0.158508 0.178453
0.206542 0.0865336 0.0329501
0.193707 0.0595432 0.192667
0.210821 0.0955303 0.033371
0.2151 0.104527 0.0337919
0.219378 0.113524 0.0342128
0.223657 0.122521 0.0346337
0.227935 0.131517 0.183115
0.230075 0.136016 0.035265
0.227935 0.131517 0.0207262
0.108381 0.0284162 0.133864
0.232214 0.140514 0.0354755
0.161427 0.174178 0.0451876
0.155009 0.160683 0.164014
0.114362 0.0752137 0.133981
0.234353 0.145013 0.0356859
0.11723 0.0242082 0.178056
0.174262 0.201169 0.0533308
0.225796 0.127019 0.125712
0.112223 0.0707153 0.163288
0.240771 0.158508 0.0363173
0.212669 0.12223 0.192667
0.170175 0.0100609 0.0244243
0.167845 0.187673 0.178449
0.172314 0.0145593 0.0246411
0.174453 0.0190577 0.0248579
0.176592 0.0235561 0.0250747
0.178732 0.0280545 0.0252916
0.138186 0.102494 0.192667
0.155009 0.160683 0.0637271
0.180871 0.0325529 0.0255084
0.18301 0.0370513 0.0257252
0.18515 0.0415496 0.025942
0.148591 0.147188 0.18308
0.187289 0.046048 0.0261588
0.168035 0.00556253 0.167894
0.191567 0.0550448 0.0265925
0.193707 0.0595432 0.0268093
0.103666 0.0527217 0.187746
0.195846 0.0640416 0.0270261
0.156756 0.0274737 0.00772781
0.197985 0.06854 0.027243
0.204403 0.0820352 0.0278934
0.206542 0.0865336 0.0281102
0.210821 0.0955303 0.0285439
0.2151 0.104527 0.0289775
0.219378 0.113524 0.0294112
0.15287 0.156185 0.0109661
0.221517 0.118022 0.029628
0.135755 0.120198 0.0381069
0.223657 0.122521 0.0298448
0.232214 0.140514 0.0307121
0.114362 0.0752137 0.129091
0.236492 0.149511 0.0311457
0.174262 0.201169 0.0604762
0.165896 0.00106414 0.074301
0.238632 0.154009 0.0313626
0.240771 0.158508 0.0315794
0.24291 0.163006 0.0317962
0.168035 0.00556253 0.0192527
0.140034 0.129194 0.0866732
0.170175 0.0100609 0.0194759
0.172314 0.0145593 0.0196991
0.174453 0.0190577 0.0199223
0.176592 0.0235561 0.0201455
0.187289 0.046048 0.133899
0.180871 0.0325529 0.0205919
0.18301 0.0370513 0.0208151
0.144458 0.12709 0.192667
0.18515 0.0415496 0.0210383
0.148591 0.147188 0.178286
0.187289 0.046048 0.0212615
0.21408 0.182233 0.0427818
0.180871 0.0325529 0.0943384
0.189428 0.0505464 0.0214847
0.195846 0.0640416 0.0221543
0.178687 0.199065 0.0736127
0.179852 0.110258 0.192667
0.206542 0.0865336 0.0232703
0.2151 0.104527 0.0241631
0.183256 0.18586 0.192667
0.217239 0.109026 0.0243863
0.219378 0.113524 0.0246095
0.128072 0.0355993 0.00400676
0.221517 0.118022 0.0248327
0.225796 0.127019 0.0252791
0.227935 0.131517 0.178339
0.230075 0.136016 0.0257255
0.108381 0.0284162 0.119163
0.232214 0.140514 0.0259487
0.114362 0.0752137 0.11931
0.234353 0.145013 0.0261719
0.236492 0.149511 0.0263951
0.174262 0.201169 0.0632834
0.236492 0.149511 0.130909
0.240771 0.158508 0.0268415
0.24291 0.163006 0.0270647
0.24505 0.167505 0.0272879
0.174453 0.0190577 0.0149868
0.176592 0.0235561 0.0152164
0.156902 0.0163729 0.192667
0.178732 0.0280545 0.0154459
0.148591 0.147188 0.0919993
0.187289 0.046048 0.129002
0.180871 0.0325529 0.0156755
0.18301 0.0370513 0.0159051
0.18515 0.0415496 0.0161347
0.187289 0.046048 0.0163642
0.21408 0.182233 0.0379468
0.137895 0.124696 0.0479485
0.2151 0.104527 0.187853
0.168035 0.00556253 0.128256
0.191567 0.0550448 0.0168234
0.157439 0.14298 0.00687433
0.21296 0.100029 0.0914308
0.193707 0.0595432 0.017053
0.195846 0.0640416 0.0172825
0.197985 0.06854 0.0175121
0.105805 0.0572201 0.138605
0.210821 0.0955303 0.0237167
0.204403 0.0820352 0.0182008
0.178687 0.199065 0.103376
0.240771 0.158508 0.112123
0.206542 0.0865336 0.0184304
0.161472 0.00316814 0.0746283
0.223657 0.122521 0.020267
0.230075 0.136016 0.0638836
0.225796 0.127019 0.0204966
0.227935 0.131517 0.125801
0.121654 0.0221042 0.0906996
0.230075 0.136016 0.0209558
0.232214 0.140514 0.0211853
0.155009 0.160683 0.130585
0.114362 0.0752137 0.114419
0.177712 0.10576 0.192667
0.236492 0.149511 0.0216445
0.174262 0.201169 0.069089
0.238632 0.154009 0.0218741
0.236492 0.149511 0.126158
0.240771 0.158508 0.0221036
0.231777 0.173817 0.187895
0.212815 0.11113 0.0141894
0.218504 0.180129 0.187848
0.223074 0.166924 0.192667
0.182719 0.0592528 0.0107771
0.196383 0.190649 0.187769
0.12078 0.0887089 0.124454
0.129337 0.106702 0.0666151
0.191959 0.192753 0.187754
0.183111 0.196961 0.187722
0.221081 0.151325 0.0149154
0.223657 0.122521 0.120834
0.143775 0.0115841 0.149637
0.178687 0.199065 0.187707
0.174262 0.201169 0.187818
0.112223 0.0707153 0.124115
0.163566 0.178677 0.183164
0.240625 0.169609 0.183185
0.231777 0.173817 0.183123
0.227353 0.175921 0.183091
0.218504 0.180129 0.183028
0.174162 0.0412593 0.192667
0.205232 0.186441 0.182934
0.161864 0.140876 0.00745518
0.196383 0.190649 0.182872
0.12078 0.0887089 0.119582
0.129337 0.106702 0.0714632
0.191959 0.192753 0.18284
0.187535 0.194857 0.182809
0.163611 0.00766653 0.192667
0.183111 0.196961 0.182777
0.143775 0.0115841 0.130512
0.208245 0.124334 0.192667
0.223657 0.122521 0.149567
0.178687 0.199065 0.182746
0.174262 0.201169 0.18297
0.134635 0.0379937 0.192667
0.112223 0.0707153 0.104529
0.236201 0.171713 0.178398
0.236492 0.149511 0.040647
0.133616 0.115699 0.129798
0.205232 0.186441 0.187801
0.172023 0.0367609 0.00959737
0.231777 0.173817 0.17835
0.107945 0.0617185 0.0748594
0.227498 0.16482 0.0156232
0.222929 0.178025 0.178256
0.196383 0.190649 0.177974
0.12078 0.0887089 0.114709
0.191959 0.192753 0.177927
0.135755 0.120198 0.057427
0.0972481 0.0392266 0.0889501
0.187535 0.194857 0.177879
0.183111 0.196961 0.177832
0.223657 0.122521 0.154356
0.169883 0.0322625 0.00936142
0.178687 0.199065 0.177785
0.174262 0.201169 0.177738
0.112223 0.0707153 0.109426
0.125059 0.0977056 0.0322787
0.201536 0.133041 0.192667
0.240625 0.169609 0.173704
0.236201 0.171713 0.173641
0.236492 0.149511 0.0358964
0.133616 0.115699 0.134634
0.231777 0.173817 0.173578
0.195409 0.097344 0.192667
0.107945 0.0617185 0.079768
0.162009 0.129775 0.00756413
0.222929 0.178025 0.173453
0.21408 0.182233 0.173327
0.101672 0.0371226 0.192667
0.137895 0.124696 0.0865401
0.128218 0.0244985 0.0041157
0.205232 0.186441 0.173201
0.196383 0.190649 0.173076
0.191959 0.192753 0.173013
0.205232 0.186441 0.178068
0.231777 0.173817 0.168806
0.120926 0.0776081 0.00275418
0.218504 0.180129 0.168571
0.209656 0.184337 0.168414
0.218504 0.180129 0.10592
0.105805 0.0572201 0.0550553
0.205232 0.186441 0.168335
0.159287 0.16968 0.0402366
0.196383 0.190649 0.168178
0.156465 0.0496753 0.00750993
0.227353 0.175921 0.0825451
0.200808 0.188545 0.178021
0.183111 0.196961 0.167943
0.223657 0.122521 0.139989
0.178687 0.199065 0.167864
0.174262 0.201169 0.168424
0.112223 0.0707153 0.094736
0.227353 0.175921 0.16394
0.218504 0.180129 0.163751
0.199688 0.106341 0.0125558
0.205232 0.186441 0.163469
0.196383 0.190649 0.16328
0.129337 0.106702 0.129641
0.191959 0.192753 0.163186
0.169984 0.192172 0.145335
0.0972481 0.0392266 0.0148665
0.187535 0.194857 0.163092
0.227353 0.175921 0.0777572
0.200808 0.188545 0.182903
0.183111 0.196961 0.162998
0.174262 0.201169 0.162809
0.125059 0.0977056 0.0468594
0.240625 0.169609 0.159481
0.231777 0.173817 0.159262
0.218504 0.180129 0.158932
0.21408 0.182233 0.158822
0.116793 0.0575105 0.192667
0.205232 0.186441 0.158602
0.159287 0.16968 0.0783442
0.187535 0.194857 0.158163
0.227353 0.175921 0.0681813
0.231777 0.173817 0.154489
0.110084 0.0662169 0.163251
0.227353 0.175921 0.154364
0.187535 0.194857 0.143375
0.218504 0.180129 0.154113
0.21408 0.182233 0.153987
0.191959 0.192753 0.153359
0.169984 0.192172 0.131135
0.174262 0.201169 0.152857
0.125059 0.0977056 0.05658
0.240625 0.169609 0.15
0.12292 0.0932072 0.178068
0.236201 0.171713 0.149858
0.133616 0.115699 0.110454
0.231777 0.173817 0.149717
0.110084 0.0662169 0.168154
0.227353 0.175921 0.149576
0.187535 0.194857 0.138446
0.205232 0.186441 0.148869
0.196383 0.190649 0.148587
0.12078 0.0887089 0.187795
0.187535 0.194857 0.148304
0.231777 0.173817 0.144945
0.110084 0.0662169 0.148544
0.218504 0.180129 0.144474
0.21408 0.182233 0.144317
0.205232 0.186441 0.144003
0.159287 0.16968 0.0640538
0.196383 0.190649 0.143689
0.12078 0.0887089 0.182922
0.191959 0.192753 0.143532
0.135755 0.120198 0.076747
0.183111 0.196961 0.143218
0.223657 0.122521 0.163934
0.178687 0.199065 0.143061
0.174262 0.201169 0.142904
0.240625 0.169609 0.140518
0.231777 0.173817 0.140173
0.110084 0.0662169 0.153446
0.227353 0.175921 0.14
0.21408 0.182233 0.139482
0.205232 0.186441 0.139137
0.159287 0.16968 0.0688173
0.200808 0.188545 0.138964
0.129337 0.106702 0.153882
0.191959 0.192753 0.138619
0.183111 0.196961 0.138273
0.240625 0.169609 0.135777
0.12292 0.0932072 0.168336
0.236201 0.171713 0.135589
0.133616 0.115699 0.120126
0.21408 0.182233 0.134647
0.129337 0.106702 0.119945
0.191959 0.192753 0.133705
0.236201 0.171713 0.130832
0.133616 0.115699 0.178159
0.231777 0.173817 0.130628
0.227353 0.175921 0.130424
0.222929 0.178025 0.13022
0.21408 0.182233 0.129812
0.15418 0.0562777 0.00716503
0.209656 0.184337 0.129608
0.182719 0.0592528 0.192667
0.196383 0.190649 0.128996
0.129337 0.106702 0.124793
0.191959 0.192753 0.128792
0.169984 0.192172 0.154801
0.187535 0.194857 0.128587
0.200808 0.188545 0.192667
0.183111 0.196961 0.128383
0.221517 0.118022 0.130329
0.174262 0.201169 0.127975
0.240625 0.169609 0.126296
0.134053 0.0823968 0.00438779
0.21408 0.182233 0.124977
0.205232 0.186441 0.124537
0.196383 0.190649 0.124098
0.187535 0.194857 0.123658
0.183111 0.196961 0.123438
0.178687 0.199065 0.123219
0.221517 0.118022 0.14951
0.174262 0.201169 0.122425
0.231777 0.173817 0.121084
0.110084 0.0662169 0.173057
0.127198 0.102204 0.110146
0.209656 0.184337 0.119906
0.205232 0.186441 0.119671
0.196383 0.190649 0.1192
0.200125 0.0730384 0.0809092
0.191959 0.192753 0.118965
0.135755 0.120198 0.149197
0.187535 0.194857 0.118729
0.212087 0.166633 0.0136447
0.227353 0.175921 0.0346659
0.178687 0.199065 0.118258
0.222929 0.178025 0.0245407
0.240625 0.169609 0.116814
0.231777 0.173817 0.116312
0.110084 0.0662169 0.177959
0.186269 0.123754 0.192667
0.21408 0.182233 0.115307
0.209656 0.184337 0.115056
0.205232 0.186441 0.114805
0.196383 0.190649 0.114302
0.187535 0.194857 0.1138
0.227353 0.175921 0.029878
0.231777 0.173817 0.111539
0.110084 0.0662169 0.182862
0.218504 0.180129 0.110739
0.21408 0.182233 0.110472
0.0972481 0.0392266 0.0198054
0.187535 0.194857 0.108871
0.222929 0.178025 0.0293443
0.227353 0.175921 0.0729693
0.236201 0.171713 0.10705
0.133616 0.115699 0.153979
0.231777 0.173817 0.106767
0.110084 0.0662169 0.114225
0.227353 0.175921 0.106485
0.19225 0.170551 0.0110854
0.222929 0.178025 0.106202
0.205232 0.186441 0.105072
0.196383 0.190649 0.104507
0.208682 0.0910319 0.0476612
0.191959 0.192753 0.104224
0.135755 0.120198 0.178177
0.169984 0.192172 0.0838034
0.187535 0.194857 0.103941
0.222929 0.178025 0.019737
0.227353 0.175921 0.0633934
0.240625 0.169609 0.102592
0.12292 0.0932072 0.129405
0.157148 0.165181 0.0352735
0.199979 0.0841392 0.0127737
0.231777 0.173817 0.101995
0.110084 0.0662169 0.119128
0.227353 0.175921 0.101697
0.227353 0.175921 0.144788
0.222929 0.178025 0.101398
0.21408 0.182233 0.100802
0.205232 0.186441 0.100205
0.0972481 0.0392266 0.0247443
0.187535 0.194857 0.0990123
0.183111 0.196961 0.098714
0.222929 0.178025 0.0533623
0.227353 0.175921 0.0969088
0.105805 0.0572201 0.0501406
0.218504 0.180129 0.0962809
0.144604 0.11599 0.00545861
0.21408 0.182233 0.0959669
0.205232 0.186441 0.095339
0.200808 0.188545 0.095025
0.196383 0.190649 0.094711
0.0972481 0.0392266 0.0296832
0.187535 0.194857 0.0940831
0.178687 0.199065 0.0934551
0.222929 0.178025 0.0485587
0.240625 0.169609 0.0931099
0.12292 0.0932072 0.114806
0.157148 0.165181 0.040043
0.227353 0.175921 0.0921209
0.227353 0.175921 0.135212
0.222929 0.178025 0.0917912
0.17601 0.0679592 0.192667
0.21408 0.182233 0.0911319
0.205232 0.186441 0.0904725
0.200125 0.0730384 0.061473
0.191959 0.192753 0.0894835
0.169984 0.192172 0.121669
0.175864 0.07906 0.00974245
0.15875 0.0430729 0.192667
0.200808 0.188545 0.158492
0.183111 0.196961 0.0888242
0.178687 0.199065 0.0884945
0.227353 0.175921 0.087333
0.222929 0.178025 0.0437551
0.236201 0.171713 0.0880237
0.155737 0.105179 0.00696521
0.133616 0.115699 0.168487
0.116793 0.0575105 0.00239122
0.231777 0.173817 0.0876784
0.203966 0.115338 0.0130277
0.110084 0.0662169 0.109323
0.188409 0.128252 0.0109403
0.222929 0.178025 0.0869876
0.218504 0.180129 0.0866423
0.21408 0.182233 0.0862969
0.205232 0.186441 0.0856061
0.159287 0.16968 0.0545269
0.129337 0.106702 0.15873
0.191959 0.192753 0.08457
0.169984 0.192172 0.116936
0.183111 0.196961 0.0838793
0.178687 0.199065 0.0835339
0.240625 0.169609 0.0836283
0.236201 0.171713 0.0832672
0.133616 0.115699 0.0330773
0.21408 0.182233 0.0814619
0.221372 0.129123 0.0151332
0.205232 0.186441 0.0807397
0.159287 0.16968 0.0592904
0.200808 0.188545 0.0803787
0.154326 0.0451769 0.00727397
0.196383 0.190649 0.0800176
0.178687 0.199065 0.0785733
0.221226 0.140224 0.0150243
0.174262 0.201169 0.0782122
0.0972481 0.0392266 4.97501e-05
0.240625 0.169609 0.0788875
0.185833 0.157056 0.0103775
0.12292 0.0932072 0.153737
0.157148 0.165181 0.059121
0.236201 0.171713 0.0785107
0.133616 0.115699 0.0379133
0.21408 0.182233 0.0766269
0.129337 0.106702 0.00358905
0.209656 0.184337 0.0762501
0.200808 0.188545 0.148728
0.16575 0.0121649 0.00899846
0.183111 0.196961 0.0739895
0.240625 0.169609 0.0741467
0.157148 0.165181 0.06866
0.231777 0.173817 0.0733617
0.192396 0.15945 0.192667
0.222929 0.178025 0.0725768
0.185541 0.179257 0.192667
0.218504 0.180129 0.0721843
0.114362 0.0752137 0.0459519
0.200808 0.188545 0.0706144
0.163465 0.0187673 0.00865356
0.196383 0.190649 0.070222
0.148882 0.124986 0.192667
0.178687 0.199065 0.0686521
0.0972481 0.0392266 0.00992756
0.240625 0.169609 0.0694058
0.12292 0.0932072 0.139138
0.157148 0.165181 0.0638905
0.236201 0.171713 0.0689977
0.231777 0.173817 0.0685895
0.110084 0.0662169 0.128933
0.227353 0.175921 0.111273
0.222929 0.178025 0.0677732
0.21408 0.182233 0.0669568
0.196383 0.190649 0.0653242
0.223657 0.122521 0.0777337
0.178687 0.199065 0.0636915
0.240625 0.169609 0.064665
0.236201 0.171713 0.0642411
0.133616 0.115699 0.0475855
0.231777 0.173817 0.0638173
0.110084 0.0662169 0.133836
0.218504 0.180129 0.0625457
0.114362 0.0752137 0.0312804
0.21408 0.182233 0.0621218
0.205232 0.186441 0.0612741
0.196383 0.190649 0.0604264
0.187535 0.194857 0.0595786
0.178687 0.199065 0.0587309
0.174262 0.201169 0.0570311
0.240625 0.169609 0.0599242
0.12292 0.0932072 0.0758758
0.236201 0.171713 0.0594846
0.231777 0.173817 0.0590451
0.227353 0.175921 0.0586055
0.222929 0.178025 0.0581659
0.105805 0.0572201 0.00590827
0.218504 0.180129 0.0577264
0.21408 0.182233 0.0572868
0.137895 0.124696 0.0431245
0.127198 0.102204 0.192667
0.208682 0.0910319 0.0863294
0.209656 0.184337 0.0568473
0.196383 0.190649 0.0555286
0.191959 0.192753 0.055089
0.187535 0.194857 0.0546494
0.144312 0.138191 0.0244639
0.183111 0.196961 0.0542099
0.143775 0.0115841 0.16398
0.223657 0.122521 0.0873115
0.178687 0.199065 0.0537703
0.231777 0.173817 0.0542729
0.227353 0.175921 0.0538176
0.218504 0.180129 0.0529071
0.187535 0.194857 0.0497202
0.200808 0.188545 0.104789
0.183111 0.196961 0.049265
0.193124 0.103946 0.192667
0.14261 0.10039 0.0053316
0.178687 0.199065 0.0488097
0.236201 0.171713 0.0499716
0.231777 0.173817 0.0495006
0.227353 0.175921 0.0490297
0.218504 0.180129 0.0480878
0.21408 0.182233 0.0476168
0.183111 0.196961 0.0443201
0.240625 0.169609 0.0457017
0.12292 0.0932072 0.0661432
0.236201 0.171713 0.0452151
0.133616 0.115699 0.0427494
0.231777 0.173817 0.0447284
0.227353 0.175921 0.0442418
0.218504 0.180129 0.0432684
0.207517 0.179838 0.192667
0.208682 0.0910319 0.0669953
0.209656 0.184337 0.0422951
0.205232 0.186441 0.0418085
0.191959 0.192753 0.0403485
0.169984 0.192172 0.074337
0.20596 0.130937 0.0131547
0.187535 0.194857 0.0398618
0.200808 0.188545 0.114553
0.183111 0.196961 0.0393752
0.178687 0.199065 0.0388885
0.15287 0.156185 0.025311
0.170129 0.181071 0.192667
0.174262 0.201169 0.0384019
0.103666 0.0527217 0.113935
0.15073 0.151686 0.0777634
0.135755 0.120198 0.115387
0.240625 0.169609 0.0409609
0.236201 0.171713 0.0404586
0.207517 0.179838 0.0129549
0.231777 0.173817 0.0399562
0.227353 0.175921 0.0394538
0.182137 0.103656 0.0103414
0.205232 0.186441 0.0369421
0.196383 0.190649 0.0359374
0.204112 0.104237 0.0131367
0.178687 0.199065 0.0339279
0.240625 0.169609 0.0362201
0.12292 0.0932072 0.100207
0.236201 0.171713 0.035702
0.133616 0.115699 0.0814378
0.231777 0.173817 0.035184
0.222929 0.178025 0.0341479
0.105805 0.0572201 0.0304818
0.218504 0.180129 0.0336298
0.21408 0.182233 0.0331118
0.196383 0.190649 0.0310395
0.144312 0.138191 0.048493
0.200808 0.188545 0.0999071
0.183111 0.196961 0.0294854
0.236201 0.171713 0.0309455
0.133616 0.115699 0.0862739
0.231777 0.173817 0.0304118
0.182573 0.0703536 0.192667
0.218504 0.180129 0.0288105
0.21408 0.182233 0.0282768
0.209656 0.184337 0.178115
0.196383 0.190649 0.0261417
0.187535 0.194857 0.0250742
0.219378 0.113524 0.192667
0.183111 0.196961 0.0245405
0.178687 0.199065 0.0240067
0.174262 0.201169 0.0230902
0.240625 0.169609 0.0267385
0.172997 0.130066 0.192667
0.231777 0.173817 0.0256396
0.227353 0.175921 0.0250901
0.105805 0.0572201 0.0255671
0.149902 0.0472809 0.192667
0.129629 0.0845008 0.00380694
0.218504 0.180129 0.0239912
0.209656 0.184337 0.182966
0.196383 0.190649 0.0212439
0.15287 0.156185 0.0587822
0.183111 0.196961 0.0195956
0.240625 0.169609 0.0219976
0.12292 0.0932072 0.0904747
0.236201 0.171713 0.0214325
0.137066 0.0202905 0.192667
0.136483 0.0646937 0.00484163
0.231777 0.173817 0.0208673
0.227353 0.175921 0.0203022
0.21408 0.182233 0.0186067
0.125496 0.0644033 0.00344397
0.187535 0.194857 0.0152158
0.219378 0.113524 0.187865
0.183111 0.196961 0.0146507
0.172123 0.19667 0.18794
0.105805 0.0572201 0.177923
0.169984 0.192172 0.187934
0.167845 0.187673 0.187928
0.22322 0.155823 0.0151513
0.190548 0.13275 0.192667
0.140034 0.129194 0.187849
0.131477 0.111201 0.187825
0.15073 0.151686 0.168729
0.208682 0.0910319 0.091163
0.209656 0.184337 0.0665487
0.127198 0.102204 0.187813
0.116502 0.0797121 0.1194
0.125059 0.0977056 0.187807
0.116502 0.0797121 0.187783
0.114362 0.0752137 0.187777
0.110084 0.0662169 0.187765
0.107945 0.0617185 0.187758
0.105805 0.0572201 0.187752
0.0972481 0.0392266 0.187728
0.144312 0.138191 0.072522
0.172123 0.19667 0.0413982
0.155009 0.160683 0.0350738
0.172123 0.19667 0.183213
0.204403 0.0820352 0.0133546
0.105805 0.0572201 0.182838
0.169984 0.192172 0.183201
0.165705 0.183175 0.183177
0.161427 0.174178 0.183152
0.157148 0.165181 0.183128
0.155009 0.160683 0.183116
0.15287 0.156185 0.183104
0.142173 0.133693 0.183043
0.24505 0.167505 0.192667
0.140034 0.129194 0.183031
0.210821 0.0955303 0.168531
0.202264 0.0775368 0.168404
0.131477 0.111201 0.182983
0.205377 0.17534 0.012719
0.129337 0.106702 0.182971
0.110084 0.0662169 0.0308811
0.209656 0.184337 0.0471458
0.127198 0.102204 0.182959
0.125059 0.0977056 0.182947
0.118641 0.0842105 0.18291
0.116502 0.0797121 0.182898
0.209656 0.184337 0.027743
0.129337 0.106702 0.0520706
0.114362 0.0752137 0.182886
0.230075 0.136016 0.183128
0.112223 0.0707153 0.182874
0.169984 0.192172 0.0412046
0.170175 0.0100609 0.0491659
0.107945 0.0617185 0.18285
0.135755 0.120198 0.125047
0.103666 0.0527217 0.182826
0.150876 0.140586 0.00605753
0.24291 0.163006 0.0838427
0.0993874 0.043725 0.182801
0.206106 0.119836 0.192667
0.0972481 0.0392266 0.182789
0.144312 0.138191 0.0773278
0.174262 0.201169 0.178504
0.155009 0.160683 0.0398494
0.172123 0.19667 0.178486
0.105805 0.0572201 0.173008
0.0972481 0.0392266 0.0494388
0.169984 0.192172 0.178467
0.165705 0.183175 0.178431
0.161427 0.174178 0.178395
0.15287 0.156185 0.178322
0.101527 0.0482233 0.163106
0.134927 0.0157922 0.00985236
0.146452 0.14269 0.178268
0.219378 0.113524 0.0630227
0.144312 0.138191 0.17825
0.130502 0.0178962 0.154061
0.142173 0.133693 0.178232
0.127198 0.102204 0.178104
0.114362 0.0752137 0.177996
0.170175 0.0100609 0.0541142
0.148199 0.00948014 0.187901
0.107945 0.0617185 0.177941
0.172123 0.19667 0.173758
0.169984 0.192172 0.173734
0.123065 0.0821065 0.192667
0.167845 0.187673 0.17371
0.165705 0.183175 0.173686
0.159287 0.16968 0.173613
0.157148 0.165181 0.173589
0.114362 0.0752137 0.143762
0.180972 0.192462 0.00946982
0.144312 0.138191 0.173444
0.130502 0.0178962 0.168538
0.142173 0.133693 0.17342
0.137895 0.124696 0.173371
0.135755 0.120198 0.173347
0.133616 0.115699 0.173323
0.127198 0.102204 0.17325
0.116502 0.0797121 0.158476
0.125059 0.0977056 0.173226
0.12078 0.0887089 0.173178
0.116502 0.0797121 0.173129
0.129337 0.106702 0.0423743
0.114362 0.0752137 0.173105
0.107945 0.0617185 0.173032
0.24291 0.163006 0.0980372
0.0993874 0.043725 0.172936
0.0972481 0.0392266 0.172911
0.144312 0.138191 0.0821336
0.172123 0.19667 0.0319439
0.172123 0.19667 0.169031
0.204403 0.0820352 0.0424323
0.105805 0.0572201 0.163179
0.187535 0.194857 0.0891539
0.0972481 0.0392266 0.039561
0.200808 0.188545 0.163374
0.183111 0.196961 0.0591548
0.144312 0.138191 0.0292697
0.169984 0.192172 0.169001
0.172314 0.0145593 0.0493508
0.159287 0.16968 0.16885
0.157148 0.165181 0.16882
0.161427 0.174178 0.0784894
0.155009 0.160683 0.168789
0.114362 0.0752137 0.148653
0.219378 0.113524 0.0534194
0.144312 0.138191 0.168638
0.130502 0.0178962 0.149235
0.142173 0.133693 0.168608
0.140034 0.129194 0.168578
0.127198 0.102204 0.168396
0.125059 0.0977056 0.168366
0.116502 0.0797121 0.168245
0.199833 0.0952399 0.0126648
0.209656 0.184337 0.0180416
0.129337 0.106702 0.0472225
0.114362 0.0752137 0.168215
0.107945 0.0617185 0.168124
0.24291 0.163006 0.0933057
0.0993874 0.043725 0.168003
0.0972481 0.0392266 0.167973
0.144312 0.138191 0.0869394
0.172123 0.19667 0.164304
0.200808 0.188545 0.0852608
0.183111 0.196961 0.0690446
0.144312 0.138191 0.0436872
0.169984 0.192172 0.164268
0.12292 0.0932072 0.0515442
0.19327 0.0928456 0.011848
0.165705 0.183175 0.164195
0.163566 0.178677 0.164159
0.172314 0.0145593 0.034525
0.159287 0.16968 0.164086
0.15287 0.156185 0.163977
0.133616 0.115699 0.163651
0.127198 0.102204 0.163542
0.116502 0.0797121 0.143823
0.125059 0.0977056 0.163506
0.12078 0.0887089 0.163433
0.118641 0.0842105 0.163397
0.114362 0.0752137 0.163324
0.107945 0.0617185 0.163215
0.24291 0.163006 0.112232
0.0993874 0.043725 0.16307
0.155009 0.160683 0.106707
0.172123 0.19667 0.159577
0.183111 0.196961 0.0640997
0.200808 0.188545 0.0901429
0.144312 0.138191 0.0388814
0.172314 0.0145593 0.0542927
0.159287 0.16968 0.159323
0.157148 0.165181 0.159281
0.155009 0.160683 0.159238
0.15287 0.156185 0.159196
0.142173 0.133693 0.158984
0.209656 0.184337 0.0713994
0.127198 0.102204 0.158688
0.141344 0.0292873 0.192667
0.116502 0.0797121 0.148707
0.125059 0.0977056 0.158645
0.12078 0.0887089 0.158561
0.225796 0.127019 0.163972
0.112223 0.0707153 0.158391
0.193707 0.0595432 0.119495
0.105805 0.0572201 0.158264
0.0972481 0.0392266 0.158095
0.144312 0.138191 0.101357
0.174262 0.201169 0.154898
0.112223 0.0707153 0.0849429
0.125059 0.0977056 0.0419992
0.167845 0.187673 0.154753
0.161427 0.174178 0.154608
0.187826 0.172655 0.0105045
0.157148 0.165181 0.154511
0.12292 0.0932072 0.0564106
0.114362 0.0752137 0.138872
0.15287 0.156185 0.154414
0.148591 0.147188 0.154317
0.134927 0.0157922 0.0339069
0.146452 0.14269 0.154269
0.219378 0.113524 0.0390145
0.144312 0.138191 0.154221
0.137895 0.124696 0.154075
0.208682 0.0910319 0.149165
0.209656 0.184337 0.124757
0.127198 0.102204 0.153833
0.12078 0.0887089 0.153688
0.118641 0.0842105 0.15364
0.116502 0.0797121 0.153591
0.114362 0.0752137 0.153543
0.107945 0.0617185 0.153398
0.210821 0.0955303 0.0140624
0.105805 0.0572201 0.153349
0.101527 0.0482233 0.153253
0.0972481 0.0392266 0.153156
0.172123 0.19667 0.102851
0.174262 0.201169 0.150177
0.112223 0.0707153 0.0653566
0.172123 0.19667 0.150123
0.187535 0.194857 0.168021
0.0972481 0.0392266 0.103767
0.12292 0.0932072 0.0418116
0.165705 0.183175 0.149959
0.161427 0.174178 0.14985
0.159287 0.16968 0.149796
0.126078 0.0200002 0.0764903
0.125059 0.0977056 0.139204
0.15073 0.151686 0.149578
0.176547 0.194566 0.192667
0.146452 0.14269 0.149469
0.144312 0.138191 0.149415
0.130502 0.0178962 0.0961509
0.142173 0.133693 0.14936
0.21296 0.100029 0.129997
0.131477 0.111201 0.149088
0.12292 0.0932072 0.14887
0.197548 0.101842 0.192667
0.157148 0.165181 0.049582
0.12078 0.0887089 0.148816
0.112806 0.0263122 0.10473
0.118641 0.0842105 0.148761
0.112223 0.0707153 0.148598
0.107945 0.0617185 0.148489
0.105805 0.0572201 0.148435
0.0951088 0.0347282 0.172887
0.101527 0.0482233 0.148326
0.24291 0.163006 0.0223332
0.0993874 0.043725 0.148271
0.0972481 0.0392266 0.148217
0.172123 0.19667 0.0839426
0.155009 0.160683 0.097156
0.172123 0.19667 0.145396
0.167845 0.187673 0.145275
0.163566 0.178677 0.145154
0.217093 0.120126 0.192667
0.161427 0.174178 0.145093
0.157148 0.165181 0.144972
0.161427 0.174178 0.0547024
0.155009 0.160683 0.144912
0.15287 0.156185 0.144851
0.15073 0.151686 0.144791
0.144312 0.138191 0.144609
0.155009 0.160683 0.0207472
0.172123 0.19667 0.065034
0.130502 0.0178962 0.0768477
0.142173 0.133693 0.144549
0.15073 0.151686 0.0155239
0.103666 0.0527217 0.177905
0.135755 0.120198 0.144367
0.209656 0.184337 0.105354
0.208682 0.0910319 0.134665
0.127198 0.102204 0.144125
0.12292 0.0932072 0.144004
0.12078 0.0887089 0.143944
0.118641 0.0842105 0.143883
0.225796 0.127019 0.154407
0.112223 0.0707153 0.143702
0.107945 0.0617185 0.143581
0.148737 0.136087 0.00582157
0.210821 0.0955303 0.0188896
0.204403 0.0820352 0.0230471
0.105805 0.0572201 0.14352
0.101527 0.0482233 0.143399
0.12078 0.0887089 0.0367517
0.0993874 0.043725 0.143339
0.174262 0.201169 0.140735
0.112223 0.0707153 0.0751498
0.163566 0.178677 0.140402
0.172314 0.0145593 0.0592347
0.159287 0.16968 0.140269
0.157148 0.165181 0.140203
0.204403 0.0820352 0.187821
0.165705 0.183175 0.145214
0.12292 0.0932072 0.0369453
0.144312 0.138191 0.139803
0.0972481 0.0392266 0.113645
0.172123 0.19667 0.0697611
0.142173 0.133693 0.139737
0.193707 0.0595432 0.0804692
0.131477 0.111201 0.139404
0.129337 0.106702 0.139337
0.190257 0.154952 0.192667
0.208682 0.0910319 0.129831
0.209656 0.184337 0.110205
0.127198 0.102204 0.139271
0.12078 0.0887089 0.139071
0.118641 0.0842105 0.139005
0.116502 0.0797121 0.138938
0.225796 0.127019 0.149624
0.140908 0.0625897 0.00542248
0.112223 0.0707153 0.138805
0.170175 0.0100609 0.187719
0.107945 0.0617185 0.138672
0.11723 0.0242082 0.173185
0.174262 0.201169 0.136014
0.163566 0.178677 0.135651
0.161427 0.174178 0.135578
0.172314 0.0145593 0.0790024
0.159287 0.16968 0.135506
0.157148 0.165181 0.135433
0.15287 0.156185 0.135288
0.144312 0.138191 0.134997
0.0972481 0.0392266 0.118584
0.15073 0.151686 0.0107362
0.135755 0.120198 0.134707
0.209656 0.184337 0.0956529
0.127198 0.102204 0.134417
0.125059 0.0977056 0.134344
0.149173 0.102785 0.192667
0.12292 0.0932072 0.134271
0.157148 0.165181 0.078199
0.118641 0.0842105 0.134126
0.225796 0.127019 0.187885
0.190694 0.12165 0.0112852
0.112223 0.0707153 0.133908
0.158313 0.0763752 0.00752799
0.170175 0.0100609 0.192667
0.107945 0.0617185 0.133763
0.101527 0.0482233 0.133545
0.12078 0.0887089 0.027007
0.24291 0.163006 0.0365277
0.0993874 0.043725 0.133473
0.0972481 0.0392266 0.1334
0.138331 0.0913936 0.192667
0.144312 0.138191 0.125386
0.155009 0.160683 0.0876049
0.172123 0.19667 0.131214
0.187535 0.194857 0.17295
0.0972481 0.0392266 0.0988279
0.167845 0.187673 0.131057
0.163566 0.178677 0.1309
0.161427 0.174178 0.130821
0.172314 0.0145593 0.0147572
0.159287 0.16968 0.130742
0.157148 0.165181 0.130664
0.15287 0.156185 0.130506
0.126078 0.0200002 0.0716496
0.125059 0.0977056 0.144065
0.15073 0.151686 0.130428
0.144312 0.138191 0.130192
0.142173 0.133693 0.130113
0.21296 0.100029 0.144459
0.131477 0.111201 0.12972
0.208682 0.0910319 0.0766624
0.127198 0.102204 0.129562
0.126078 0.0200002 0.0571275
0.125059 0.0977056 0.129484
0.12078 0.0887089 0.129326
0.118641 0.0842105 0.129248
0.116502 0.0797121 0.129169
0.225796 0.127019 0.183102
0.112223 0.0707153 0.129012
0.186706 0.0904512 0.0110312
0.107945 0.0617185 0.128855
0.105805 0.0572201 0.128776
0.101527 0.0482233 0.128619
0.0993874 0.043725 0.12854
0.172123 0.19667 0.126487
0.129629 0.0845008 0.192667
0.167845 0.187673 0.126318
0.161427 0.174178 0.126063
0.157148 0.165181 0.125894
0.15287 0.156185 0.125725
0.142173 0.133693 0.125301
0.209656 0.184337 0.0519965
0.127198 0.102204 0.124708
0.126078 0.0200002 0.0426054
0.125059 0.0977056 0.124624
0.112806 0.0263122 0.0314495
0.118641 0.0842105 0.124369
0.116502 0.0797121 0.124285
0.114362 0.0752137 0.1242
0.110084 0.0662169 0.124031
0.107945 0.0617185 0.123946
0.101527 0.0482233 0.123692
0.0993874 0.043725 0.123607
0.0972481 0.0392266 0.123522
0.155009 0.160683 0.0159716
0.172123 0.19667 0.0603068
0.172123 0.19667 0.12176
0.187535 0.194857 0.133517
0.0972481 0.0392266 0.0840112
0.12292 0.0932072 0.032079
0.165705 0.183175 0.121488
0.178149 0.0724576 0.192667
0.163566 0.178677 0.121397
0.161427 0.174178 0.121306
0.159287 0.16968 0.121215
0.157148 0.165181 0.121125
0.155009 0.160683 0.121034
0.15287 0.156185 0.120943
0.180871 0.0325529 0.0845056
0.148591 0.147188 0.120762
0.144312 0.138191 0.12058
0.172123 0.19667 0.0886697
0.142173 0.133693 0.120489
0.137895 0.124696 0.120308
0.15073 0.151686 0.0873387
0.103666 0.0527217 0.153301
0.135755 0.120198 0.120217
0.193707 0.0595432 0.0609565
0.131477 0.111201 0.120036
0.209656 0.184337 0.0325937
0.208682 0.0910319 0.0621618
0.127198 0.102204 0.119854
0.126078 0.0200002 0.0474461
0.125059 0.0977056 0.119763
0.12292 0.0932072 0.119673
0.118641 0.0842105 0.119491
0.170175 0.0100609 0.18277
0.107945 0.0617185 0.119037
0.193707 0.0595432 0.10486
0.105805 0.0572201 0.118947
0.152041 0.0517793 0.00692908
0.15073 0.151686 0.0729757
0.103666 0.0527217 0.118856
0.24291 0.163006 0.0459907
0.0993874 0.043725 0.118674
0.172123 0.19667 0.117033
0.173871 0.0634608 0.192667
0.167845 0.187673 0.116839
0.155009 0.160683 0.140136
0.161427 0.174178 0.116549
0.159287 0.16968 0.116452
0.157148 0.165181 0.116355
0.15287 0.156185 0.116161
0.229783 0.158217 0.0159681
0.142173 0.133693 0.115677
0.208682 0.0910319 0.0573282
0.209656 0.184337 0.0374444
0.127198 0.102204 0.115
0.125059 0.0977056 0.114903
0.225796 0.127019 0.173537
0.112223 0.0707153 0.114322
0.125059 0.0977056 0.0371389
0.193707 0.0595432 0.109738
0.105805 0.0572201 0.114032
0.101527 0.0482233 0.113838
0.159287 0.16968 0.111688
0.157148 0.165181 0.111586
0.172123 0.19667 0.15485
0.155009 0.160683 0.111483
0.107945 0.0617185 0.0404988
0.15287 0.156185 0.11138
0.137895 0.124696 0.11066
0.12078 0.0887089 0.109837
0.118641 0.0842105 0.109734
0.116502 0.0797121 0.109631
0.155009 0.160683 0.101932
0.107945 0.0617185 0.0503161
0.101527 0.0482233 0.108911
0.12078 0.0887089 0.0464964
0.24291 0.163006 0.0554537
0.0993874 0.043725 0.108809
0.0972481 0.0392266 0.108706
0.172123 0.19667 0.0508525
0.172123 0.19667 0.107578
0.0972481 0.0392266 0.0741334
0.167845 0.187673 0.107361
0.161427 0.174178 0.107034
0.172314 0.0145593 0.0394669
0.159287 0.16968 0.106925
0.15287 0.156185 0.106598
0.146452 0.14269 0.106272
0.219378 0.113524 0.183064
0.144312 0.138191 0.106163
0.142173 0.133693 0.106054
0.103666 0.0527217 0.14838
0.135755 0.120198 0.105727
0.129337 0.106702 0.1054
0.127198 0.102204 0.105291
0.15073 0.151686 0.187879
0.126078 0.0200002 0.032924
0.125059 0.0977056 0.105183
0.12292 0.0932072 0.105074
0.12078 0.0887089 0.104965
0.118641 0.0842105 0.104856
0.116502 0.0797121 0.104747
0.172123 0.19667 0.135941
0.155009 0.160683 0.0828294
0.170175 0.0100609 0.172874
0.107945 0.0617185 0.104311
0.0993874 0.043725 0.103876
0.167845 0.187673 0.102621
0.155009 0.160683 0.192667
0.161427 0.174178 0.102276
0.197694 0.0907416 0.192667
0.159287 0.16968 0.102161
0.135755 0.120198 0.139537
0.103666 0.0527217 0.138539
0.15073 0.151686 0.101702
0.103666 0.0527217 0.158222
0.135755 0.120198 0.100897
0.208682 0.0910319 0.192667
0.129337 0.106702 0.100552
0.126078 0.0200002 0.0184019
0.125059 0.0977056 0.100322
0.12078 0.0887089 0.100092
0.112806 0.0263122 0.0363349
0.118641 0.0842105 0.0999774
0.116502 0.0797121 0.0998624
0.107945 0.0617185 0.0994026
0.103666 0.0527217 0.0991727
0.0951088 0.0347282 0.128383
0.101527 0.0482233 0.0990578
0.0993874 0.043725 0.0989428
0.161427 0.174178 0.097519
0.187681 0.183756 0.192667
0.159287 0.16968 0.097398
0.157148 0.165181 0.097277
0.15287 0.156185 0.097035
0.103666 0.0527217 0.14346
0.15073 0.151686 0.096914
0.180871 0.0325529 0.0107591
0.148591 0.147188 0.096793
0.146452 0.14269 0.096672
0.144312 0.138191 0.096551
0.135755 0.120198 0.096067
0.133616 0.115699 0.095946
0.127198 0.102204 0.095583
0.204403 0.0820352 0.178128
0.12292 0.0932072 0.095341
0.12078 0.0887089 0.09522
0.118641 0.0842105 0.095099
0.170175 0.0100609 0.158029
0.107945 0.0617185 0.094494
0.193707 0.0595432 0.129251
0.210821 0.0955303 0.0671611
0.105805 0.0572201 0.094373
0.0951088 0.0347282 0.182777
0.158604 0.0541737 0.00774588
0.101527 0.0482233 0.094131
0.0993874 0.043725 0.09401
0.0972481 0.0392266 0.093889
0.167845 0.187673 0.0931428
0.163566 0.178677 0.0928887
0.159287 0.16968 0.0926346
0.157148 0.165181 0.0925075
0.146452 0.14269 0.0918723
0.133616 0.115699 0.09111
0.127198 0.102204 0.0907288
0.12078 0.0887089 0.0903476
0.112806 0.0263122 0.0461056
0.118641 0.0842105 0.0902206
0.101527 0.0482233 0.0892042
0.174262 0.201169 0.0888028
0.167845 0.187673 0.0884035
0.161427 0.174178 0.0880042
0.172314 0.0145593 0.029583
0.159287 0.16968 0.0878711
0.15287 0.156185 0.0874718
0.162446 0.0964728 0.00789096
0.146452 0.14269 0.0870725
0.142173 0.133693 0.0868063
0.135755 0.120198 0.086407
0.126078 0.0200002 0.0280833
0.178295 0.0613568 0.0101963
0.125059 0.0977056 0.0857415
0.12292 0.0932072 0.0856084
0.157148 0.165181 0.030504
0.118641 0.0842105 0.0853422
0.116502 0.0797121 0.0852091
0.107945 0.0617185 0.0355901
0.217239 0.109026 0.187859
0.114362 0.0752137 0.085076
0.170175 0.0100609 0.148132
0.107945 0.0617185 0.0846767
0.103666 0.0527217 0.0844105
0.0951088 0.0347282 0.192667
0.101527 0.0482233 0.0842774
0.0993874 0.043725 0.0841443
0.167845 0.187673 0.0836643
0.165705 0.183175 0.0835251
0.155009 0.160683 0.173565
0.161427 0.174178 0.0832468
0.157148 0.165181 0.0829685
0.15287 0.156185 0.0826902
0.187289 0.046048 0.11431
0.148591 0.147188 0.0824119
0.134927 0.0157922 0.106071
0.146452 0.14269 0.0822728
0.142173 0.133693 0.0819945
0.135755 0.120198 0.081577
0.12078 0.0887089 0.0806029
0.118641 0.0842105 0.0804638
0.103666 0.0527217 0.0794897
0.101527 0.0482233 0.0793506
0.0993874 0.043725 0.0792114
0.0972481 0.0392266 0.0790723
0.174262 0.201169 0.0793606
0.167845 0.187673 0.078925
0.155009 0.160683 0.0780538
0.146452 0.14269 0.077473
0.146889 0.109387 0.00580351
0.161326 0.0142689 0.192667
0.133616 0.115699 0.0766018
0.15073 0.151686 0.135215
0.125059 0.0977056 0.076021
0.12078 0.0887089 0.0757306
0.118641 0.0842105 0.0755854
0.116502 0.0797121 0.0754402
0.217239 0.109026 0.173435
0.114362 0.0752137 0.075295
0.103666 0.0527217 0.074569
0.0993874 0.043725 0.0742786
0.174262 0.201169 0.0746395
0.172123 0.19667 0.0744883
0.167845 0.187673 0.0741858
0.161427 0.174178 0.073732
0.159287 0.16968 0.0735808
0.157148 0.165181 0.0734295
0.134927 0.0157922 0.10126
0.146452 0.14269 0.0726732
0.131477 0.111201 0.0716145
0.12292 0.0932072 0.0710095
0.118641 0.0842105 0.070707
0.149465 0.0805832 0.192667
0.107945 0.0617185 0.0699507
0.103666 0.0527217 0.0696482
0.0972481 0.0392266 0.0691944
0.167845 0.187673 0.0694465
0.163566 0.178677 0.0691319
0.132496 0.0334953 0.192667
0.161427 0.174178 0.0689746
0.187289 0.046048 0.104516
0.148591 0.147188 0.0680308
0.144312 0.138191 0.0677162
0.172123 0.19667 0.0461253
0.15073 0.151686 0.0203115
0.135755 0.120198 0.067087
0.21296 0.100029 0.187846
0.131477 0.111201 0.0667724
0.15073 0.151686 0.12564
0.125059 0.0977056 0.0663005
0.12078 0.0887089 0.0659859
0.193707 0.0595432 0.15852
0.210821 0.0955303 0.0478525
0.105805 0.0572201 0.0648847
0.103666 0.0527217 0.0647274
0.0951088 0.0347282 0.162997
0.101527 0.0482233 0.0645701
0.0993874 0.043725 0.0644128
0.11723 0.0242082 0.187797
0.174262 0.201169 0.0651973
0.167845 0.187673 0.0647073
0.112806 0.0263122 0.109616
0.163566 0.178677 0.0643806
0.161427 0.174178 0.0642172
0.187289 0.046048 0.0996184
0.148591 0.147188 0.0632371
0.134927 0.0157922 0.086827
0.146452 0.14269 0.0630737
0.142173 0.133693 0.062747
0.133616 0.115699 0.0620936
0.129337 0.106702 0.0617669
0.112806 0.0263122 0.0021372
0.118641 0.0842105 0.0609502
0.238632 0.154009 0.107271
0.112223 0.0707153 0.0604601
0.110084 0.0662169 0.00146547
0.107945 0.0617185 0.0601334
0.103666 0.0527217 0.0598067
0.0951088 0.0347282 0.167942
0.101527 0.0482233 0.0596433
0.0993874 0.043725 0.05948
0.165705 0.183175 0.0597986
0.163566 0.178677 0.0596292
0.155009 0.160683 0.149687
0.161427 0.174178 0.0594598
0.169592 0.054464 0.00914353
0.187289 0.046048 0.0898238
0.148591 0.147188 0.0584434
0.134927 0.0157922 0.130125
0.146452 0.14269 0.058274
0.142173 0.133693 0.0579352
0.133616 0.115699 0.0572576
0.202264 0.0775368 0.100467
0.131477 0.111201 0.0570882
0.207662 0.168737 0.0130639
0.127198 0.102204 0.0567494
0.12078 0.0887089 0.0562412
0.151022 0.129485 0.192667
0.112806 0.0263122 0.00702258
0.118641 0.0842105 0.0560717
0.238632 0.154009 0.112015
0.112223 0.0707153 0.0555635
0.17256 0.163368 0.192667
0.103666 0.0527217 0.0548859
0.0951088 0.0347282 0.0789331
0.101527 0.0482233 0.0547165
0.0993874 0.043725 0.0545471
0.0972481 0.0392266 0.0543777
0.167845 0.187673 0.0552288
0.112806 0.0263122 0.124272
0.163566 0.178677 0.0548778
0.183548 0.163658 0.192667
0.15073 0.151686 0.0538251
0.146452 0.14269 0.0534742
0.183111 0.196961 0.0344303
0.144312 0.138191 0.0532988
0.135755 0.120198 0.052597
0.133616 0.115699 0.0524215
0.131477 0.111201 0.0522461
0.12078 0.0887089 0.0513688
0.103666 0.0527217 0.0499652
0.101527 0.0482233 0.0497897
0.11266 0.0374129 0.192667
0.0993874 0.043725 0.0496143
0.182428 0.0814544 0.192667
0.174262 0.201169 0.051034
0.174016 0.05236 0.192667
0.171877 0.0478617 0.00948843
0.167845 0.187673 0.0504895
0.174016 0.05236 0.00972438
0.165705 0.183175 0.050308
0.161427 0.174178 0.049945
0.159287 0.16968 0.0497635
0.131477 0.111201 0.047404
0.165705 0.183175 0.154705
0.12292 0.0932072 0.0466779
0.105805 0.0572201 0.0452259
0.13804 0.113595 0.00464181
0.186269 0.123754 0.0107043
0.103666 0.0527217 0.0450444
0.0951088 0.0347282 0.133328
0.101527 0.0482233 0.0448629
0.159287 0.16968 0.045
0.15287 0.156185 0.0444374
0.134927 0.0157922 0.0194742
0.146452 0.14269 0.0438747
0.142173 0.133693 0.0434996
0.163857 0.156475 0.00758219
0.140034 0.129194 0.0433121
0.185396 0.190358 0.0100507
0.131477 0.111201 0.0425618
0.127198 0.102204 0.0421867
0.12078 0.0887089 0.0416241
0.118641 0.0842105 0.0414365
0.201099 0.166343 0.192667
0.101527 0.0482233 0.0399361
0.0993874 0.043725 0.0397486
0.221517 0.118022 0.0679901
0.174262 0.201169 0.0415918
0.167845 0.187673 0.041011
0.163566 0.178677 0.0406238
0.155009 0.160683 0.154463
0.161427 0.174178 0.0404302
0.135755 0.120198 0.071917
0.15073 0.151686 0.0394622
0.148591 0.147188 0.0392686
0.134927 0.0157922 0.0146633
0.146452 0.14269 0.039075
0.142173 0.133693 0.0386878
0.140034 0.129194 0.0384942
0.137895 0.124696 0.0383006
0.167162 0.0721672 0.192667
0.202264 0.0775368 0.119877
0.131477 0.111201 0.0377197
0.129337 0.106702 0.0375261
0.238632 0.154009 0.130992
0.112223 0.0707153 0.0359773
0.103666 0.0527217 0.0352029
0.0951088 0.0347282 0.143218
0.101527 0.0482233 0.0350093
0.0993874 0.043725 0.0348157
0.11723 0.0242082 0.0757754
0.221517 0.118022 0.0631949
0.174262 0.201169 0.0368707
0.163566 0.178677 0.0358724
0.159287 0.16968 0.0354731
0.15287 0.156185 0.0348742
0.142173 0.133693 0.0338759
0.24505 0.167505 0.150141
0.140034 0.129194 0.0336762
0.225213 0.171422 0.0152783
0.127198 0.102204 0.0324783
0.101527 0.0482233 0.0300825
0.0993874 0.043725 0.0298828
0.165705 0.183175 0.0313268
0.159287 0.16968 0.0307097
0.155009 0.160683 0.0302983
0.221517 0.118022 0.0344233
0.174262 0.201169 0.0327876
0.15287 0.156185 0.0300926
0.140616 0.0847912 0.192667
0.146452 0.14269 0.0294755
0.142173 0.133693 0.029064
0.24505 0.167505 0.140691
0.140034 0.129194 0.0288583
0.201244 0.155242 0.192667
0.137895 0.124696 0.0286526
0.135755 0.120198 0.0284469
0.131477 0.111201 0.0280355
0.208682 0.0910319 0.163666
0.15418 0.0562777 0.192667
0.129337 0.106702 0.0278298
0.125059 0.0977056 0.0274184
0.165705 0.183175 0.140469
0.12292 0.0932072 0.0272127
0.576171 0.113772 -0.0659512
0.581137 0.113772 -0.0659512
0.586103 0.113772 -0.0659512
0.596036 0.113773 -0.0659512
0.610934 0.113774 -0.0659512
0.6159 0.113775 -0.0659512
0.630799 0.113776 -0.0659512
0.640731 0.113777 -0.0659512
0.645697 0.113777 -0.0659512
0.655629 0.113778 -0.0659512
0.660595 0.113778 -0.0659512
0.665562 0.113779 -0.0659512
0.670528 0.113779 -0.0659512
0.675494 0.11378 -0.0659512
0.695358 0.113781 -0.0659512
0.705291 0.113782 -0.0659512
0.710257 0.113782 -0.0659512
0.715223 0.113783 -0.0659512
0.720189 0.113783 -0.0659512
0.576171 0.113772 -0.0610812
0.581137 0.113772 -0.0610812
0.586103 0.113772 -0.0610812
0.59107 0.113773 -0.0610812
0.596036 0.113773 -0.0610812
0.6159 0.113775 -0.0610812
0.630799 0.113776 -0.0610812
0.640731 0.113777 -0.0610812
0.650663 0.113778 -0.0610812
0.655629 0.113778 -0.0610812
0.660595 0.113778 -0.0610812
0.670528 0.113779 -0.0610812
0.675494 0.11378 -0.0610812
0.685426 0.11378 -0.0610812
0.690392 0.113781 -0.0610812
0.695358 0.113781 -0.0610812
0.700325 0.113782 -0.0610812
0.705291 0.113782 -0.0610812
0.710257 0.113782 -0.0610812
0.715223 0.113783 -0.0610812
0.720189 0.113783 -0.0610812
0.725155 0.113784 -0.0610812
0.581137 0.113772 -0.0562113
0.586103 0.113772 -0.0562113
0.610934 0.113774 -0.0562113
0.6159 0.113775 -0.0562113
0.630799 0.113776 -0.0562113
0.635765 0.113776 -0.0562113
0.640731 0.113777 -0.0562113
0.660595 0.113778 -0.0562113
0.670528 0.113779 -0.0562113
0.675494 0.11378 -0.0562113
0.68046 0.11378 -0.0562113
0.690392 0.113781 -0.0562113
0.695358 0.113781 -0.0562113
0.700325 0.113782 -0.0562113
0.705291 0.113782 -0.0562113
0.710257 0.113782 -0.0562113
0.581137 0.113772 -0.0513414
0.586103 0.113772 -0.0513414
0.6159 0.113775 -0.0513414
0.635765 0.113776 -0.0513414
0.655629 0.113778 -0.0513414
0.660595 0.113778 -0.0513414
0.670528 0.113779 -0.0513414
0.675494 0.11378 -0.0513414
0.710257 0.113782 -0.0513414
0.581137 0.113772 -0.0464714
0.586103 0.113772 -0.0464714
0.59107 0.113773 -0.0464714
0.605968 0.113774 -0.0464714
0.610934 0.113774 -0.0464714
0.6159 0.113775 -0.0464714
0.655629 0.113778 -0.0464714
0.675494 0.11378 -0.0464714
0.685426 0.11378 -0.0464714
0.690392 0.113781 -0.0464714
0.705291 0.113782 -0.0464714
0.715223 0.113783 -0.0464714
0.720189 0.113783 -0.0464714
0.581137 0.113772 -0.0416015
0.596036 0.113773 -0.0416015
0.605968 0.113774 -0.0416015
0.635765 0.113776 -0.0416015
0.640731 0.113777 -0.0416015
0.655629 0.113778 -0.0416015
0.660595 0.113778 -0.0416015
0.68046 0.11378 -0.0416015
0.685426 0.11378 -0.0416015
0.690392 0.113781 -0.0416015
0.700325 0.113782 -0.0416015
0.705291 0.113782 -0.0416015
0.710257 0.113782 -0.0416015
0.715223 0.113783 -0.0416015
0.581137 0.113772 -0.0367316
0.665562 0.113779 -0.0610812
0.586103 0.113772 -0.0367316
0.596036 0.113773 -0.0367316
0.601002 0.113774 -0.0367316
0.605968 0.113774 -0.0367316
0.610934 0.113774 -0.0367316
0.635765 0.113776 -0.0367316
0.665562 0.113779 -0.0367316
0.670528 0.113779 -0.0367316
0.690392 0.113781 -0.0367316
0.705291 0.113782 -0.0367316
0.720189 0.113783 -0.0367316
0.581137 0.113772 -0.0318617
0.586103 0.113772 -0.0318617
0.596036 0.113773 -0.0318617
0.601002 0.113774 -0.0318617
0.6159 0.113775 -0.0318617
0.620866 0.113775 -0.0318617
0.625833 0.113776 -0.0318617
0.630799 0.113776 -0.0318617
0.635765 0.113776 -0.0318617
0.645697 0.113777 -0.0318617
0.655629 0.113778 -0.0318617
0.675494 0.11378 -0.0318617
0.68046 0.11378 -0.0318617
0.690392 0.113781 -0.0318617
0.705291 0.113782 -0.0318617
0.710257 0.113782 -0.0318617
0.715223 0.113783 -0.0318617
0.720189 0.113783 -0.0318617
0.725155 0.113784 -0.0318617
0.576171 0.113772 -0.0269917
0.581137 0.113772 -0.0269917
0.586103 0.113772 -0.0269917
0.596036 0.113773 -0.0269917
0.601002 0.113774 -0.0269917
0.6159 0.113775 -0.0269917
0.620866 0.113775 -0.0269917
0.625833 0.113776 -0.0269917
0.630799 0.113776 -0.0269917
0.635765 0.113776 -0.0269917
0.645697 0.113777 -0.0269917
0.660595 0.113778 -0.0269917
0.700325 0.113782 -0.0269917
0.705291 0.113782 -0.0269917
0.715223 0.113783 -0.0269917
0.720189 0.113783 -0.0269917
0.725155 0.113784 -0.0269917
0.581137 0.113772 -0.0221218
0.586103 0.113772 -0.0221218
0.59107 0.113773 -0.0221218
0.596036 0.113773 -0.0221218
0.601002 0.113774 -0.0221218
0.610934 0.113774 -0.0221218
0.6159 0.113775 -0.0221218
0.625833 0.113776 -0.0221218
0.635765 0.113776 -0.0221218
0.650663 0.113778 -0.0221218
0.655629 0.113778 -0.0221218
0.665562 0.113779 -0.0221218
0.68046 0.11378 -0.0221218
0.685426 0.11378 -0.0221218
0.690392 0.113781 -0.0221218
0.705291 0.113782 -0.0221218
0.710257 0.113782 -0.0221218
0.650663 0.113778 -0.0367316
0.715223 0.113783 -0.0221218
0.720189 0.113783 -0.0221218
0.725155 0.113784 -0.0221218
0.576171 0.113772 -0.0172519
0.581137 0.113772 -0.0172519
0.586103 0.113772 -0.0172519
0.596036 0.113773 -0.0172519
0.6159 0.113775 -0.0172519
0.630799 0.113776 -0.0172519
0.635765 0.113776 -0.0172519
0.68046 0.11378 -0.0172519
0.705291 0.113782 -0.0172519
0.715223 0.113783 -0.0172519
0.720189 0.113783 -0.0172519
0.725155 0.113784 -0.0172519
0.581137 0.113772 -0.0123819
0.586103 0.113772 -0.0123819
0.596036 0.113773 -0.0123819
0.6159 0.113775 -0.0123819
0.625833 0.113776 -0.0123819
0.630799 0.113776 -0.0123819
0.635765 0.113776 -0.0123819
0.645697 0.113777 -0.0123819
0.650663 0.113778 -0.0123819
0.655629 0.113778 -0.0123819
0.665562 0.113779 -0.0123819
0.670528 0.113779 -0.0123819
0.68046 0.11378 -0.0123819
0.695358 0.113781 -0.0123819
0.705291 0.113782 -0.0123819
0.650663 0.113778 -0.0659512
0.715223 0.113783 -0.0123819
0.725155 0.113784 -0.0123819
0.581137 0.113772 -0.00751201
0.586103 0.113772 -0.00751201
0.601002 0.113774 -0.00751201
0.605968 0.113774 -0.00751201
0.6159 0.113775 -0.00751201
0.625833 0.113776 -0.00751201
0.630799 0.113776 -0.00751201
0.635765 0.113776 -0.00751201
0.640731 0.113777 -0.00751201
0.675494 0.11378 -0.00751201
0.68046 0.11378 -0.00751201
0.705291 0.113782 -0.00751201
0.715223 0.113783 -0.00751201
0.720189 0.113783 -0.00751201
0.725155 0.113784 -0.00751201
0.576171 0.113772 -0.00264208
0.586103 0.113772 -0.00264208
0.596036 0.113773 -0.00264208
0.601002 0.113774 -0.00264208
0.6159 0.113775 -0.00264208
0.620866 0.113775 -0.00264208
0.635765 0.113776 -0.00264208
0.645697 0.113777 -0.00264208
0.660595 0.113778 -0.00264208
0.685426 0.11378 -0.00264208
0.690392 0.113781 -0.00264208
0.705291 0.113782 -0.00264208
0.650663 0.113778 -0.0513414
0.715223 0.113783 -0.00264208
0.725155 0.113784 -0.00264208
0.576171 0.113772 0.00222785
0.665562 0.113779 -0.0513414
0.586103 0.113772 0.00222785
0.596036 0.113773 0.00222785
0.625833 0.113776 0.00222785
0.630799 0.113776 0.00222785
0.640731 0.113777 0.00222785
0.660595 0.113778 0.00222785
0.68046 0.11378 0.00222785
0.690392 0.113781 0.00222785
0.715223 0.113783 0.00222785
0.720189 0.113783 0.00222785
0.725155 0.113784 0.00222785
0.576171 0.113772 0.00709778
0.586103 0.113772 0.00709778
0.596036 0.113773 0.00709778
0.601002 0.113774 0.00709778
0.605968 0.113774 0.00709778
0.610934 0.113774 0.00709778
0.6159 0.113775 0.00709778
0.630799 0.113776 0.00709778
0.645697 0.113777 0.00709778
0.655629 0.113778 0.00709778
0.660595 0.113778 0.00709778
0.690392 0.113781 0.00709778
0.700325 0.113782 0.00709778
0.650663 0.113778 -0.0562113
0.715223 0.113783 0.00709778
0.720189 0.113783 0.00709778
0.725155 0.113784 0.00709778
0.576171 0.113772 0.0119677
0.596036 0.113773 0.0119677
0.601002 0.113774 0.0119677
0.605968 0.113774 0.0119677
0.6159 0.113775 0.0119677
0.620866 0.113775 0.0119677
0.635765 0.113776 0.0119677
0.645697 0.113777 0.0119677
0.690392 0.113781 0.0119677
0.695358 0.113781 0.0119677
0.700325 0.113782 0.0119677
0.710257 0.113782 0.0119677
0.715223 0.113783 0.0119677
0.720189 0.113783 0.0119677
0.725155 0.113784 0.0119677
0.576171 0.113772 0.0168376
0.581137 0.113772 0.0168376
0.586103 0.113772 0.0168376
0.59107 0.113773 0.0168376
0.601002 0.113774 0.0168376
0.605968 0.113774 0.0168376
0.6159 0.113775 0.0168376
0.620866 0.113775 0.0168376
0.625833 0.113776 0.0168376
0.630799 0.113776 0.0168376
0.635765 0.113776 0.0168376
0.650663 0.113778 0.0168376
0.655629 0.113778 0.0168376
0.665562 0.113779 0.0168376
0.675494 0.11378 0.0168376
0.68046 0.11378 0.0168376
0.690392 0.113781 0.0168376
0.705291 0.113782 0.0168376
0.650663 0.113778 0.0119677
0.715223 0.113783 0.0168376
0.576171 0.113772 0.0217076
0.586103 0.113772 0.0217076
0.596036 0.113773 0.0217076
0.601002 0.113774 0.0217076
0.6159 0.113775 0.0217076
0.620866 0.113775 0.0217076
0.635765 0.113776 0.0217076
0.645697 0.113777 0.0217076
0.655629 0.113778 0.0217076
0.670528 0.113779 0.0217076
0.690392 0.113781 0.0217076
0.700325 0.113782 0.0217076
0.705291 0.113782 0.0217076
0.715223 0.113783 0.0217076
0.576171 0.113772 0.0265775
0.581137 0.113772 0.0265775
0.586103 0.113772 0.0265775
0.601002 0.113774 0.0265775
0.6159 0.113775 0.0265775
0.630799 0.113776 0.0265775
0.635765 0.113776 0.0265775
0.725155 0.113784 -0.0659512
0.655629 0.113778 0.0265775
0.670528 0.113779 0.0265775
0.685426 0.11378 0.0265775
0.690392 0.113781 0.0265775
0.700325 0.113782 0.0265775
0.705291 0.113782 0.0265775
0.715223 0.113783 0.0265775
0.720189 0.113783 0.0265775
0.725155 0.113784 0.0265775
0.576171 0.113772 0.0314474
0.586103 0.113772 0.0314474
0.596036 0.113773 0.0314474
0.601002 0.113774 0.0314474
0.605968 0.113774 0.0314474
0.6159 0.113775 0.0314474
0.620866 0.113775 0.0314474
0.630799 0.113776 0.0314474
0.635765 0.113776 0.0314474
0.640731 0.113777 0.0314474
0.645697 0.113777 0.0314474
0.650663 0.113778 0.0314474
0.665562 0.113779 0.0314474
0.670528 0.113779 0.0314474
0.700325 0.113782 0.0314474
0.705291 0.113782 0.0314474
0.650663 0.113778 -0.0318617
0.715223 0.113783 0.0314474
0.725155 0.113784 0.0314474
0.576171 0.113772 0.0363174
0.665562 0.113779 -0.0416015
0.586103 0.113772 0.0363174
0.605968 0.113774 0.0363174
0.6159 0.113775 0.0363174
0.635765 0.113776 0.0363174
0.695358 0.113781 0.0314474
0.640731 0.113777 0.0363174
0.645697 0.113777 0.0363174
0.725155 0.113784 -0.0513414
0.655629 0.113778 0.0363174
0.660595 0.113778 0.0363174
0.665562 0.113779 0.0363174
0.670528 0.113779 0.0363174
0.675494 0.11378 0.0363174
0.700325 0.113782 0.0363174
0.705291 0.113782 0.0363174
0.710257 0.113782 0.0363174
0.720189 0.113783 0.0363174
0.725155 0.113784 0.0363174
0.576171 0.113772 0.0411873
0.581137 0.113772 0.0411873
0.586103 0.113772 0.0411873
0.596036 0.113773 0.0411873
0.6159 0.113775 0.0411873
0.620866 0.113775 0.0411873
0.625833 0.113776 0.0411873
0.630799 0.113776 0.0411873
0.635765 0.113776 0.0411873
0.650663 0.113778 0.0411873
0.655629 0.113778 0.0411873
0.665562 0.113779 0.0411873
0.670528 0.113779 0.0411873
0.675494 0.11378 0.0411873
0.68046 0.11378 0.0411873
0.690392 0.113781 0.0411873
0.705291 0.113782 0.0411873
0.725155 0.113784 0.0411873
0.581137 0.113772 0.0460572
0.665562 0.113779 -0.00264208
0.586103 0.113772 0.0460572
0.601002 0.113774 0.0460572
0.6159 0.113775 0.0460572
0.630799 0.113776 0.0460572
0.635765 0.113776 0.0460572
0.650663 0.113778 0.0460572
0.655629 0.113778 0.0460572
0.670528 0.113779 0.0460572
0.675494 0.11378 0.0460572
0.68046 0.11378 0.0460572
0.690392 0.113781 0.0460572
0.725155 0.113784 0.0460572
0.596036 0.113773 0.0509272
0.635765 0.113776 0.0509272
0.675494 0.11378 0.0509272
0.68046 0.11378 0.0509272
0.695358 0.113781 0.0509272
0.705291 0.113782 0.0509272
0.650663 0.113778 0.00222785
0.715223 0.113783 0.0509272
0.720189 0.113783 0.0509272
0.725155 0.113784 0.0509272
0.586103 0.113772 0.0557971
0.596036 0.113773 0.0557971
0.605968 0.113774 0.0557971
0.610934 0.113774 0.0557971
0.6159 0.113775 0.0557971
0.625833 0.113776 0.0557971
0.635765 0.113776 0.0557971
0.695358 0.113781 0.0363174
0.640731 0.113777 0.0557971
0.650663 0.113778 0.0557971
0.665562 0.113779 0.0557971
0.675494 0.11378 0.0557971
0.690392 0.113781 0.0557971
0.705291 0.113782 0.0557971
0.720189 0.113783 0.0557971
0.725155 0.113784 0.0557971
0.586103 0.113772 0.060667
0.601002 0.113774 0.060667
0.605968 0.113774 0.060667
0.610934 0.113774 0.060667
0.6159 0.113775 0.060667
0.635765 0.113776 0.060667
0.695358 0.113781 0.0557971
0.640731 0.113777 0.060667
0.660595 0.113778 0.060667
0.665562 0.113779 0.060667
0.670528 0.113779 0.060667
0.675494 0.11378 0.060667
0.690392 0.113781 0.060667
0.705291 0.113782 0.060667
0.710257 0.113782 0.060667
0.581137 0.113772 0.0655369
0.586103 0.113772 0.0655369
0.596036 0.113773 0.0655369
0.601002 0.113774 0.0655369
0.605968 0.113774 0.0655369
0.625833 0.113776 0.0655369
0.635765 0.113776 0.0655369
0.640731 0.113777 0.0655369
0.660595 0.113778 0.0655369
0.665562 0.113779 0.0655369
0.670528 0.113779 0.0655369
0.675494 0.11378 0.0655369
0.68046 0.11378 0.0655369
0.690392 0.113781 0.0655369
0.705291 0.113782 0.0655369
0.720189 0.113783 0.0314474
0.725155 0.113784 0.0655369
0.715223 0.113783 -0.0562113
0.650663 0.113778 0.0363174
0.730121 0.113784 -0.0659512
0.730122 0.10889 -0.0659512
0.730123 0.0942094 -0.0659512
0.730123 0.0893158 -0.0659512
0.730124 0.0844222 -0.0659512
0.730124 0.0746349 -0.0659512
0.730125 0.0648477 -0.0659512
0.620866 0.113775 0.0363174
0.730127 0.0403796 -0.0659512
0.730128 0.0305923 -0.0659512
0.730128 0.0256987 -0.0659512
0.730131 -0.00855665 -0.0659512
0.730131 -0.0134503 -0.0659512
0.730132 -0.0183439 -0.0659512
0.730132 -0.0232375 -0.0659512
0.730133 -0.0330248 -0.0659512
0.730134 -0.042812 -0.0659512
0.730135 -0.0525992 -0.0659512
0.730135 -0.0574929 -0.0659512
0.730136 -0.0672801 -0.0659512
0.730137 -0.0868546 -0.0659512
0.730138 -0.0917482 -0.0659512
0.690392 0.113781 -0.0172519
0.730138 -0.0966418 -0.0659512
0.730138 -0.101535 -0.0659512
0.730139 -0.106429 -0.0659512
0.730139 -0.111323 -0.0659512
0.715223 0.113783 -0.0513414
0.730121 0.113784 -0.0610812
0.730122 0.10889 -0.0610812
0.695358 0.113781 -0.00264208
0.730122 0.103997 -0.0610812
0.730123 0.0942094 -0.0610812
0.730123 0.0893158 -0.0610812
0.730124 0.0844222 -0.0610812
0.730124 0.0795285 -0.0610812
0.730124 0.0746349 -0.0610812
0.730125 0.0648477 -0.0610812
0.730126 0.0599541 -0.0610812
0.730126 0.0550604 -0.0610812
0.730126 0.0501668 -0.0610812
0.601002 0.113774 0.0363174
0.730128 0.0354859 -0.0610812
0.730128 0.0256987 -0.0610812
0.685426 0.11378 -0.0562113
0.730129 0.0208051 -0.0610812
0.730129 0.0159115 -0.0610812
0.73013 0.00612421 -0.0610812
0.730132 -0.0183439 -0.0610812
0.730132 -0.0232375 -0.0610812
0.730133 -0.0281311 -0.0610812
0.730133 -0.0330248 -0.0610812
0.730133 -0.0379184 -0.0610812
0.730134 -0.0477056 -0.0610812
0.730135 -0.0525992 -0.0610812
0.730135 -0.0623865 -0.0610812
0.730136 -0.0721737 -0.0610812
0.730137 -0.0770674 -0.0610812
0.730137 -0.0868546 -0.0610812
0.730138 -0.101535 -0.0610812
0.730139 -0.106429 -0.0610812
0.68046 0.11378 0.0217076
0.730139 -0.111323 -0.0610812
0.650663 0.113778 0.0217076
0.730121 0.113784 -0.0562113
0.695358 0.113781 -0.00751201
0.730122 0.103997 -0.0562113
0.730123 0.0942094 -0.0562113
0.730123 0.0893158 -0.0562113
0.730124 0.0844222 -0.0562113
0.730124 0.0795285 -0.0562113
0.730124 0.0746349 -0.0562113
0.730125 0.0648477 -0.0562113
0.730126 0.0550604 -0.0562113
0.730127 0.0452732 -0.0562113
0.730127 0.0403796 -0.0562113
0.730128 0.0354859 -0.0562113
0.685426 0.11378 0.0168376
0.730128 0.0305923 -0.0562113
0.730128 0.0256987 -0.0562113
0.730129 0.0208051 -0.0562113
0.730129 0.0159115 -0.0562113
0.73013 0.00612421 -0.0562113
0.73013 0.00123059 -0.0562113
0.730131 -0.00366303 -0.0562113
0.730131 -0.00855665 -0.0562113
0.730131 -0.0134503 -0.0562113
0.730132 -0.0232375 -0.0562113
0.730134 -0.042812 -0.0562113
0.730135 -0.0574929 -0.0562113
0.730135 -0.0623865 -0.0562113
0.730136 -0.0672801 -0.0562113
0.730136 -0.0721737 -0.0562113
0.730137 -0.0868546 -0.0562113
0.730138 -0.0966418 -0.0562113
0.730138 -0.101535 -0.0562113
0.730139 -0.106429 -0.0562113
0.730139 -0.111323 -0.0562113
0.650663 0.113778 0.0265775
0.730121 0.113784 -0.0513414
0.730122 0.10889 -0.0513414
0.605968 0.113774 -0.0610812
0.730123 0.099103 -0.0513414
0.730123 0.0942094 -0.0513414
0.730124 0.0844222 -0.0513414
0.730124 0.0795285 -0.0513414
0.730124 0.0746349 -0.0513414
0.730125 0.0648477 -0.0513414
0.730126 0.0599541 -0.0513414
0.730126 0.0550604 -0.0513414
0.730126 0.0501668 -0.0513414
0.620866 0.113775 -0.0221218
0.730127 0.0403796 -0.0513414
0.730129 0.0159115 -0.0513414
0.730129 0.0110178 -0.0513414
0.73013 0.00123059 -0.0513414
0.730131 -0.00366303 -0.0513414
0.730131 -0.00855665 -0.0513414
0.730131 -0.0134503 -0.0513414
0.730132 -0.0232375 -0.0513414
0.730133 -0.0281311 -0.0513414
0.730133 -0.0330248 -0.0513414
0.730133 -0.0379184 -0.0513414
0.730134 -0.0477056 -0.0513414
0.730135 -0.0525992 -0.0513414
0.730135 -0.0574929 -0.0513414
0.730136 -0.0672801 -0.0513414
0.730136 -0.0721737 -0.0513414
0.59107 0.113773 0.0655369
0.730137 -0.0770674 -0.0513414
0.730137 -0.0868546 -0.0513414
0.730138 -0.0966418 -0.0513414
0.730138 -0.101535 -0.0513414
0.730139 -0.106429 -0.0513414
0.695358 0.113781 -0.0172519
0.730122 0.103997 -0.0464714
0.730123 0.099103 -0.0464714
0.730123 0.0942094 -0.0464714
0.730124 0.0844222 -0.0464714
0.730124 0.0795285 -0.0464714
0.730124 0.0746349 -0.0464714
0.730125 0.0697413 -0.0464714
0.730125 0.0648477 -0.0464714
0.730126 0.0599541 -0.0464714
0.730126 0.0550604 -0.0464714
0.730127 0.0452732 -0.0464714
0.730128 0.0354859 -0.0464714
0.685426 0.11378 0.00709778
0.730128 0.0305923 -0.0464714
0.730128 0.0256987 -0.0464714
0.730129 0.0208051 -0.0464714
0.730129 0.0159115 -0.0464714
0.73013 0.00612421 -0.0464714
0.73013 0.00123059 -0.0464714
0.730131 -0.00366303 -0.0464714
0.730131 -0.00855665 -0.0464714
0.730131 -0.0134503 -0.0464714
0.730133 -0.0281311 -0.0464714
0.730133 -0.0330248 -0.0464714
0.730133 -0.0379184 -0.0464714
0.730134 -0.042812 -0.0464714
0.675494 0.11378 0.00222785
0.730134 -0.0477056 -0.0464714
0.730135 -0.0525992 -0.0464714
0.730135 -0.0574929 -0.0464714
0.730135 -0.0623865 -0.0464714
0.730136 -0.0672801 -0.0464714
0.730136 -0.0721737 -0.0464714
0.730137 -0.0868546 -0.0464714
0.730138 -0.0966418 -0.0464714
0.730138 -0.101535 -0.0464714
0.730139 -0.106429 -0.0464714
0.68046 0.11378 0.0363174
0.730139 -0.111323 -0.0464714
0.650663 0.113778 0.060667
0.715223 0.113783 0.0655369
0.730121 0.113784 -0.0416015
0.730122 0.10889 -0.0416015
0.695358 0.113781 -0.0221218
0.730122 0.103997 -0.0416015
0.730123 0.099103 -0.0416015
0.730123 0.0942094 -0.0416015
0.730123 0.0893158 -0.0416015
0.730124 0.0844222 -0.0416015
0.730124 0.0795285 -0.0416015
0.730124 0.0746349 -0.0416015
0.730126 0.0599541 -0.0416015
0.730126 0.0550604 -0.0416015
0.730127 0.0452732 -0.0416015
0.730127 0.0403796 -0.0416015
0.730128 0.0354859 -0.0416015
0.685426 0.11378 0.0119677
0.730128 0.0305923 -0.0416015
0.730128 0.0256987 -0.0416015
0.730129 0.0208051 -0.0416015
0.73013 0.00612421 -0.0416015
0.730131 -0.00366303 -0.0416015
0.730131 -0.0134503 -0.0416015
0.730132 -0.0183439 -0.0416015
0.730133 -0.0281311 -0.0416015
0.730133 -0.0330248 -0.0416015
0.730134 -0.042812 -0.0416015
0.675494 0.11378 -0.0172519
0.730134 -0.0477056 -0.0416015
0.730135 -0.0525992 -0.0416015
0.730136 -0.0672801 -0.0416015
0.730138 -0.0917482 -0.0416015
0.730138 -0.0966418 -0.0416015
0.730138 -0.101535 -0.0416015
0.730139 -0.106429 -0.0416015
0.730139 -0.111323 -0.0416015
0.730123 0.0893158 -0.0367316
0.730124 0.0746349 -0.0367316
0.730126 0.0599541 -0.0367316
0.730126 0.0550604 -0.0367316
0.730126 0.0501668 -0.0367316
0.730127 0.0452732 -0.0367316
0.730127 0.0403796 -0.0367316
0.730128 0.0354859 -0.0367316
0.730128 0.0305923 -0.0367316
0.730129 0.0208051 -0.0367316
0.730129 0.0159115 -0.0367316
0.730129 0.0110178 -0.0367316
0.730131 -0.00366303 -0.0367316
0.730131 -0.00855665 -0.0367316
0.730131 -0.0134503 -0.0367316
0.730132 -0.0183439 -0.0367316
0.730132 -0.0232375 -0.0367316
0.730133 -0.0330248 -0.0367316
0.730133 -0.0379184 -0.0367316
0.730134 -0.042812 -0.0367316
0.675494 0.11378 -0.0269917
0.730134 -0.0477056 -0.0367316
0.730135 -0.0525992 -0.0367316
0.730136 -0.0672801 -0.0367316
0.730137 -0.0770674 -0.0367316
0.730138 -0.0917482 -0.0367316
0.730138 -0.0966418 -0.0367316
0.730138 -0.101535 -0.0367316
0.730139 -0.106429 -0.0367316
0.68046 0.11378 -0.00264208
0.730139 -0.111323 -0.0367316
0.730121 0.113784 -0.0318617
0.730122 0.10889 -0.0318617
0.695358 0.113781 -0.0318617
0.730122 0.103997 -0.0318617
0.730123 0.099103 -0.0318617
0.730123 0.0942094 -0.0318617
0.730123 0.0893158 -0.0318617
0.730124 0.0844222 -0.0318617
0.730124 0.0795285 -0.0318617
0.730124 0.0746349 -0.0318617
0.730125 0.0648477 -0.0318617
0.730126 0.0599541 -0.0318617
0.730126 0.0550604 -0.0318617
0.730126 0.0501668 -0.0318617
0.730127 0.0452732 -0.0318617
0.620866 0.113775 -0.0367316
0.730127 0.0403796 -0.0318617
0.730128 0.0354859 -0.0318617
0.685426 0.11378 -0.00751201
0.730128 0.0305923 -0.0318617
0.730129 0.0208051 -0.0318617
0.730129 0.0159115 -0.0318617
0.730131 -0.0134503 -0.0318617
0.730133 -0.0330248 -0.0318617
0.730133 -0.0379184 -0.0318617
0.730134 -0.042812 -0.0318617
0.730135 -0.0525992 -0.0318617
0.730135 -0.0574929 -0.0318617
0.730135 -0.0623865 -0.0318617
0.730136 -0.0672801 -0.0318617
0.730137 -0.081961 -0.0318617
0.730137 -0.0868546 -0.0318617
0.730138 -0.101535 -0.0318617
0.730139 -0.106429 -0.0318617
0.730139 -0.111323 -0.0318617
0.730121 0.113784 -0.0269917
0.730122 0.10889 -0.0269917
0.695358 0.113781 -0.0367316
0.730122 0.103997 -0.0269917
0.730123 0.099103 -0.0269917
0.730123 0.0942094 -0.0269917
0.730123 0.0893158 -0.0269917
0.730124 0.0844222 -0.0269917
0.730124 0.0795285 -0.0269917
0.730124 0.0746349 -0.0269917
0.730125 0.0648477 -0.0269917
0.730126 0.0599541 -0.0269917
0.730126 0.0550604 -0.0269917
0.730126 0.0501668 -0.0269917
0.730127 0.0452732 -0.0269917
0.730127 0.0403796 -0.0269917
0.601002 0.113774 0.00222785
0.730128 0.0354859 -0.0269917
0.685426 0.11378 -0.0269917
0.730128 0.0305923 -0.0269917
0.730128 0.0256987 -0.0269917
0.73013 0.00123059 -0.0269917
0.730131 -0.00366303 -0.0269917
0.730131 -0.00855665 -0.0269917
0.730133 -0.0330248 -0.0269917
0.730134 -0.0477056 -0.0269917
0.730135 -0.0525992 -0.0269917
0.675494 0.11378 0.0265775
0.730135 -0.0574929 -0.0269917
0.730135 -0.0623865 -0.0269917
0.730136 -0.0672801 -0.0269917
0.730136 -0.0721737 -0.0269917
0.730138 -0.0966418 -0.0269917
0.730138 -0.101535 -0.0269917
0.730139 -0.111323 -0.0269917
0.730121 0.113784 -0.0221218
0.730122 0.10889 -0.0221218
0.730123 0.099103 -0.0221218
0.730123 0.0893158 -0.0221218
0.730124 0.0844222 -0.0221218
0.730124 0.0795285 -0.0221218
0.730124 0.0746349 -0.0221218
0.730125 0.0648477 -0.0221218
0.730126 0.0550604 -0.0221218
0.730127 0.0452732 -0.0221218
0.620866 0.113775 0.00709778
0.730127 0.0403796 -0.0221218
0.730128 0.0354859 -0.0221218
0.685426 0.11378 -0.0172519
0.730128 0.0305923 -0.0221218
0.730129 0.0208051 -0.0221218
0.730129 0.0159115 -0.0221218
0.730129 0.0110178 -0.0221218
0.73013 0.00123059 -0.0221218
0.730131 -0.00366303 -0.0221218
0.730131 -0.00855665 -0.0221218
0.730133 -0.0379184 -0.0221218
0.730134 -0.042812 -0.0221218
0.730134 -0.0477056 -0.0221218
0.730135 -0.0574929 -0.0221218
0.730136 -0.0672801 -0.0221218
0.730136 -0.0721737 -0.0221218
0.59107 0.113773 0.0460572
0.730137 -0.0770674 -0.0221218
0.730137 -0.0868546 -0.0221218
0.730138 -0.0966418 -0.0221218
0.730139 -0.106429 -0.0221218
0.68046 0.11378 0.0119677
0.730139 -0.111323 -0.0221218
0.730121 0.113784 -0.0172519
0.730122 0.10889 -0.0172519
0.695358 0.113781 -0.0464714
0.730122 0.103997 -0.0172519
0.730123 0.0893158 -0.0172519
0.730124 0.0844222 -0.0172519
0.730124 0.0795285 -0.0172519
0.730124 0.0746349 -0.0172519
0.730125 0.0648477 -0.0172519
0.730126 0.0599541 -0.0172519
0.730126 0.0550604 -0.0172519
0.730126 0.0501668 -0.0172519
0.730127 0.0403796 -0.0172519
0.601002 0.113774 -0.0123819
0.730128 0.0354859 -0.0172519
0.730128 0.0305923 -0.0172519
0.730128 0.0256987 -0.0172519
0.730129 0.0208051 -0.0172519
0.730129 0.0159115 -0.0172519
0.730131 -0.00855665 -0.0172519
0.730131 -0.0134503 -0.0172519
0.730133 -0.0379184 -0.0172519
0.730134 -0.042812 -0.0172519
0.675494 0.11378 0.00709778
0.730134 -0.0477056 -0.0172519
0.730135 -0.0623865 -0.0172519
0.730137 -0.0868546 -0.0172519
0.730138 -0.0917482 -0.0172519
0.730138 -0.0966418 -0.0172519
0.730138 -0.101535 -0.0172519
0.730139 -0.106429 -0.0172519
0.730139 -0.111323 -0.0172519
0.730121 0.113784 -0.0123819
0.730122 0.10889 -0.0123819
0.730122 0.103997 -0.0123819
0.730123 0.0893158 -0.0123819
0.730124 0.0795285 -0.0123819
0.730125 0.0697413 -0.0123819
0.730125 0.0648477 -0.0123819
0.730126 0.0550604 -0.0123819
0.730126 0.0501668 -0.0123819
0.730127 0.0452732 -0.0123819
0.730127 0.0403796 -0.0123819
0.730128 0.0354859 -0.0123819
0.685426 0.11378 -0.0123819
0.730128 0.0305923 -0.0123819
0.730129 0.0208051 -0.0123819
0.730129 0.0159115 -0.0123819
0.73013 0.00612421 -0.0123819
0.730131 -0.00366303 -0.0123819
0.730131 -0.00855665 -0.0123819
0.730132 -0.0232375 -0.0123819
0.730133 -0.0330248 -0.0123819
0.730134 -0.042812 -0.0123819
0.675494 0.11378 -0.00264208
0.730134 -0.0477056 -0.0123819
0.730135 -0.0525992 -0.0123819
0.730135 -0.0623865 -0.0123819
0.730136 -0.0721737 -0.0123819
0.730137 -0.0770674 -0.0123819
0.730137 -0.0868546 -0.0123819
0.730138 -0.0966418 -0.0123819
0.730138 -0.101535 -0.0123819
0.730139 -0.106429 -0.0123819
0.730139 -0.111323 -0.0123819
0.730122 0.10889 -0.00751201
0.730122 0.103997 -0.00751201
0.730123 0.0942094 -0.00751201
0.730123 0.0893158 -0.00751201
0.730124 0.0795285 -0.00751201
0.730125 0.0648477 -0.00751201
0.730126 0.0599541 -0.00751201
0.730126 0.0550604 -0.00751201
0.730126 0.0501668 -0.00751201
0.730127 0.0452732 -0.00751201
0.620866 0.113775 -0.0123819
0.730127 0.0403796 -0.00751201
0.730128 0.0354859 -0.00751201
0.685426 0.11378 0.0655369
0.730128 0.0305923 -0.00751201
0.730129 0.0208051 -0.00751201
0.730129 0.0159115 -0.00751201
0.730131 -0.00366303 -0.00751201
0.730131 -0.00855665 -0.00751201
0.730131 -0.0134503 -0.00751201
0.730132 -0.0183439 -0.00751201
0.730134 -0.042812 -0.00751201
0.730134 -0.0477056 -0.00751201
0.730135 -0.0525992 -0.00751201
0.730135 -0.0623865 -0.00751201
0.730136 -0.0672801 -0.00751201
0.730136 -0.0721737 -0.00751201
0.730137 -0.0868546 -0.00751201
0.730138 -0.0917482 -0.00751201
0.730138 -0.0966418 -0.00751201
0.730138 -0.101535 -0.00751201
0.730139 -0.106429 -0.00751201
0.730139 -0.111323 -0.00751201
0.650663 0.113778 0.0655369
0.730121 0.113784 -0.00264208
0.605968 0.113774 0.00222785
0.730123 0.099103 -0.00264208
0.730123 0.0893158 -0.00264208
0.730124 0.0844222 -0.00264208
0.730124 0.0795285 -0.00264208
0.730124 0.0746349 -0.00264208
0.730125 0.0648477 -0.00264208
0.730126 0.0599541 -0.00264208
0.730126 0.0550604 -0.00264208
0.730126 0.0501668 -0.00264208
0.730127 0.0452732 -0.00264208
0.620866 0.113775 -0.0562113
0.730127 0.0403796 -0.00264208
0.730128 0.0354859 -0.00264208
0.730128 0.0256987 -0.00264208
0.730129 0.0208051 -0.00264208
0.730129 0.0159115 -0.00264208
0.73013 0.00123059 -0.00264208
0.730131 -0.00366303 -0.00264208
0.730131 -0.00855665 -0.00264208
0.730131 -0.0134503 -0.00264208
0.730132 -0.0183439 -0.00264208
0.730133 -0.0379184 -0.00264208
0.730135 -0.0574929 -0.00264208
0.730136 -0.0672801 -0.00264208
0.730137 -0.0868546 -0.00264208
0.730138 -0.0966418 -0.00264208
0.730138 -0.101535 -0.00264208
0.730139 -0.106429 -0.00264208
0.730139 -0.111323 -0.00264208
0.730121 0.113784 0.00222785
0.730122 0.10889 0.00222785
0.730122 0.103997 0.00222785
0.730123 0.099103 0.00222785
0.730124 0.0795285 0.00222785
0.730124 0.0746349 0.00222785
0.730126 0.0599541 0.00222785
0.730126 0.0550604 0.00222785
0.730126 0.0501668 0.00222785
0.730127 0.0452732 0.00222785
0.685426 0.11378 0.0557971
0.730128 0.0305923 0.00222785
0.730129 0.0159115 0.00222785
0.73013 0.00612421 0.00222785
0.730131 -0.00366303 0.00222785
0.730131 -0.00855665 0.00222785
0.730131 -0.0134503 0.00222785
0.730132 -0.0183439 0.00222785
0.730133 -0.0379184 0.00222785
0.730134 -0.042812 0.00222785
0.730134 -0.0477056 0.00222785
0.730136 -0.0721737 0.00222785
0.730137 -0.081961 0.00222785
0.730138 -0.0966418 0.00222785
0.730138 -0.101535 0.00222785
0.730139 -0.106429 0.00222785
0.730139 -0.111323 0.00222785
0.730121 0.113784 0.00709778
0.730123 0.0942094 0.00709778
0.730123 0.0893158 0.00709778
0.730124 0.0795285 0.00709778
0.730124 0.0746349 0.00709778
0.730125 0.0648477 0.00709778
0.730126 0.0550604 0.00709778
0.730126 0.0501668 0.00709778
0.730127 0.0452732 0.00709778
0.730127 0.0403796 0.00709778
0.685426 0.11378 0.060667
0.730128 0.0305923 0.00709778
0.730128 0.0256987 0.00709778
0.730129 0.0208051 0.00709778
0.73013 0.00123059 0.00709778
0.730131 -0.00855665 0.00709778
0.730131 -0.0134503 0.00709778
0.730132 -0.0232375 0.00709778
0.730133 -0.0379184 0.00709778
0.730134 -0.0477056 0.00709778
0.730135 -0.0623865 0.00709778
0.730136 -0.0672801 0.00709778
0.730136 -0.0721737 0.00709778
0.730137 -0.081961 0.00709778
0.730138 -0.0917482 0.00709778
0.730138 -0.0966418 0.00709778
0.730138 -0.101535 0.00709778
0.730139 -0.106429 0.00709778
0.68046 0.11378 -0.0513414
0.730139 -0.111323 0.00709778
0.650663 0.113778 0.00709778
0.730121 0.113784 0.0119677
0.730122 0.10889 0.0119677
0.730122 0.103997 0.0119677
0.730123 0.099103 0.0119677
0.730123 0.0893158 0.0119677
0.730124 0.0844222 0.0119677
0.730124 0.0795285 0.0119677
0.730124 0.0746349 0.0119677
0.730125 0.0697413 0.0119677
0.730126 0.0550604 0.0119677
0.730126 0.0501668 0.0119677
0.730127 0.0403796 0.0119677
0.730128 0.0354859 0.0119677
0.730128 0.0305923 0.0119677
0.730128 0.0256987 0.0119677
0.730129 0.0208051 0.0119677
0.73013 0.00612421 0.0119677
0.730131 -0.00366303 0.0119677
0.730131 -0.00855665 0.0119677
0.730132 -0.0232375 0.0119677
0.730133 -0.0379184 0.0119677
0.730135 -0.0525992 0.0119677
0.730136 -0.0672801 0.0119677
0.730136 -0.0721737 0.0119677
0.730137 -0.081961 0.0119677
0.730137 -0.0868546 0.0119677
0.730138 -0.101535 0.0119677
0.730139 -0.106429 0.0119677
0.68046 0.11378 -0.0464714
0.730139 -0.111323 0.0119677
0.730122 0.10889 0.0168376
0.730123 0.099103 0.0168376
0.730123 0.0942094 0.0168376
0.730124 0.0844222 0.0168376
0.730126 0.0599541 0.0168376
0.730126 0.0501668 0.0168376
0.730127 0.0452732 0.0168376
0.730127 0.0403796 0.0168376
0.601002 0.113774 -0.0513414
0.730128 0.0354859 0.0168376
0.685426 0.11378 0.0411873
0.730128 0.0305923 0.0168376
0.730128 0.0256987 0.0168376
0.730129 0.0159115 0.0168376
0.73013 0.00612421 0.0168376
0.730131 -0.00366303 0.0168376
0.730131 -0.0134503 0.0168376
0.730133 -0.0281311 0.0168376
0.730134 -0.042812 0.0168376
0.730134 -0.0477056 0.0168376
0.730135 -0.0525992 0.0168376
0.675494 0.11378 0.0314474
0.730135 -0.0574929 0.0168376
0.730135 -0.0623865 0.0168376
0.730136 -0.0672801 0.0168376
0.730136 -0.0721737 0.0168376
0.730137 -0.0770674 0.0168376
0.730137 -0.081961 0.0168376
0.730137 -0.0868546 0.0168376
0.730138 -0.0917482 0.0168376
0.730138 -0.101535 0.0168376
0.730139 -0.106429 0.0168376
0.730139 -0.111323 0.0168376
0.650663 0.113778 -0.00751201
0.715223 0.113783 0.0557971
0.730121 0.113784 0.0217076
0.730122 0.10889 0.0217076
0.730123 0.0893158 0.0217076
0.730124 0.0795285 0.0217076
0.730124 0.0746349 0.0217076
0.730125 0.0648477 0.0217076
0.730126 0.0599541 0.0217076
0.730126 0.0501668 0.0217076
0.730127 0.0452732 0.0217076
0.730127 0.0403796 0.0217076
0.685426 0.11378 0.0217076
0.730128 0.0305923 0.0217076
0.730128 0.0256987 0.0217076
0.730129 0.0208051 0.0217076
0.730129 0.0159115 0.0217076
0.73013 0.00612421 0.0217076
0.730131 -0.00366303 0.0217076
0.730131 -0.00855665 0.0217076
0.730131 -0.0134503 0.0217076
0.730132 -0.0183439 0.0217076
0.730133 -0.0281311 0.0217076
0.730133 -0.0379184 0.0217076
0.730134 -0.042812 0.0217076
0.730135 -0.0525992 0.0217076
0.730135 -0.0623865 0.0217076
0.730136 -0.0672801 0.0217076
0.730137 -0.081961 0.0217076
0.730137 -0.0868546 0.0217076
0.730138 -0.101535 0.0217076
0.730139 -0.106429 0.0217076
0.68046 0.11378 -0.0367316
0.730139 -0.111323 0.0217076
0.715223 0.113783 0.0460572
0.730121 0.113784 0.0265775
0.730122 0.10889 0.0265775
0.695358 0.113781 0.00709778
0.730122 0.103997 0.0265775
0.730123 0.0942094 0.0265775
0.730123 0.0893158 0.0265775
0.730124 0.0844222 0.0265775
0.730124 0.0795285 0.0265775
0.730124 0.0746349 0.0265775
0.730125 0.0697413 0.0265775
0.730125 0.0648477 0.0265775
0.730126 0.0599541 0.0265775
0.730127 0.0452732 0.0265775
0.730128 0.0354859 0.0265775
0.685426 0.11378 0.0314474
0.730128 0.0305923 0.0265775
0.730128 0.0256987 0.0265775
0.730129 0.0208051 0.0265775
0.730129 0.0159115 0.0265775
0.73013 0.00612421 0.0265775
0.73013 0.00123059 0.0265775
0.730132 -0.0183439 0.0265775
0.730133 -0.0281311 0.0265775
0.730133 -0.0330248 0.0265775
0.730133 -0.0379184 0.0265775
0.730134 -0.042812 0.0265775
0.730134 -0.0477056 0.0265775
0.730135 -0.0525992 0.0265775
0.730135 -0.0574929 0.0265775
0.730135 -0.0623865 0.0265775
0.730136 -0.0672801 0.0265775
0.730136 -0.0721737 0.0265775
0.730137 -0.0770674 0.0265775
0.730137 -0.081961 0.0265775
0.730137 -0.0868546 0.0265775
0.730138 -0.0966418 0.0265775
0.730139 -0.106429 0.0265775
0.715223 0.113783 0.0411873
0.730121 0.113784 0.0314474
0.730122 0.10889 0.0314474
0.695358 0.113781 0.00222785
0.730122 0.103997 0.0314474
0.730123 0.099103 0.0314474
0.730123 0.0942094 0.0314474
0.730124 0.0746349 0.0314474
0.730125 0.0697413 0.0314474
0.730125 0.0648477 0.0314474
0.730126 0.0599541 0.0314474
0.730126 0.0550604 0.0314474
0.730126 0.0501668 0.0314474
0.730127 0.0452732 0.0314474
0.730127 0.0403796 0.0314474
0.601002 0.113774 -0.0610812
0.730128 0.0354859 0.0314474
0.685426 0.11378 0.0363174
0.730128 0.0305923 0.0314474
0.730128 0.0256987 0.0314474
0.730129 0.0208051 0.0314474
0.730129 0.0159115 0.0314474
0.730129 0.0110178 0.0314474
0.73013 0.00612421 0.0314474
0.73013 0.00123059 0.0314474
0.730131 -0.00855665 0.0314474
0.730131 -0.0134503 0.0314474
0.730132 -0.0232375 0.0314474
0.730133 -0.0379184 0.0314474
0.730134 -0.042812 0.0314474
0.730134 -0.0477056 0.0314474
0.730135 -0.0525992 0.0314474
0.730135 -0.0574929 0.0314474
0.730135 -0.0623865 0.0314474
0.730136 -0.0672801 0.0314474
0.730136 -0.0721737 0.0314474
0.730137 -0.081961 0.0314474
0.730138 -0.0917482 0.0314474
0.730138 -0.0966418 0.0314474
0.730138 -0.101535 0.0314474
0.730139 -0.106429 0.0314474
0.730139 -0.111323 0.0314474
0.730122 0.10889 0.0363174
0.730122 0.103997 0.0363174
0.640731 0.113777 -0.0318617
0.730123 0.099103 0.0363174
0.730123 0.0942094 0.0363174
0.730123 0.0893158 0.0363174
0.730124 0.0746349 0.0363174
0.730125 0.0697413 0.0363174
0.730125 0.0648477 0.0363174
0.730126 0.0599541 0.0363174
0.730126 0.0550604 0.0363174
0.730126 0.0501668 0.0363174
0.730127 0.0452732 0.0363174
0.620866 0.113775 -0.0513414
0.730127 0.0403796 0.0363174
0.601002 0.113774 -0.0562113
0.730128 0.0354859 0.0363174
0.730128 0.0305923 0.0363174
0.730129 0.0208051 0.0363174
0.730131 -0.00366303 0.0363174
0.730133 -0.0281311 0.0363174
0.730133 -0.0379184 0.0363174
0.730134 -0.042812 0.0363174
0.730134 -0.0477056 0.0363174
0.730135 -0.0525992 0.0363174
0.730135 -0.0574929 0.0363174
0.730135 -0.0623865 0.0363174
0.730136 -0.0721737 0.0363174
0.730138 -0.0917482 0.0363174
0.730138 -0.0966418 0.0363174
0.730138 -0.101535 0.0363174
0.730139 -0.106429 0.0363174
0.730121 0.113784 0.0411873
0.640731 0.113777 0.00709778
0.730123 0.099103 0.0411873
0.730123 0.0893158 0.0411873
0.730124 0.0844222 0.0411873
0.730124 0.0746349 0.0411873
0.730125 0.0697413 0.0411873
0.730126 0.0599541 0.0411873
0.730126 0.0550604 0.0411873
0.730126 0.0501668 0.0411873
0.730127 0.0452732 0.0411873
0.620866 0.113775 -0.0610812
0.730127 0.0403796 0.0411873
0.730128 0.0354859 0.0411873
0.730128 0.0305923 0.0411873
0.730128 0.0256987 0.0411873
0.730129 0.0208051 0.0411873
0.73013 0.00612421 0.0411873
0.730131 -0.00855665 0.0411873
0.730131 -0.0134503 0.0411873
0.730133 -0.0281311 0.0411873
0.730133 -0.0379184 0.0411873
0.730134 -0.042812 0.0411873
0.730135 -0.0525992 0.0411873
0.730135 -0.0574929 0.0411873
0.730135 -0.0623865 0.0411873
0.730136 -0.0672801 0.0411873
0.730136 -0.0721737 0.0411873
0.730137 -0.0770674 0.0411873
0.730138 -0.0966418 0.0411873
0.730138 -0.101535 0.0411873
0.730139 -0.106429 0.0411873
0.730139 -0.111323 0.0411873
0.730121 0.113784 0.0460572
0.605968 0.113774 0.0460572
0.730122 0.10889 0.0460572
0.730122 0.103997 0.0460572
0.730123 0.099103 0.0460572
0.730123 0.0942094 0.0460572
0.730123 0.0893158 0.0460572
0.730124 0.0795285 0.0460572
0.730124 0.0746349 0.0460572
0.730125 0.0697413 0.0460572
0.730126 0.0599541 0.0460572
0.730126 0.0550604 0.0460572
0.730126 0.0501668 0.0460572
0.730127 0.0452732 0.0460572
0.730127 0.0403796 0.0460572
0.730128 0.0305923 0.0460572
0.730128 0.0256987 0.0460572
0.730129 0.0208051 0.0460572
0.73013 0.00612421 0.0460572
0.730131 -0.00366303 0.0460572
0.730131 -0.00855665 0.0460572
0.730131 -0.0134503 0.0460572
0.730133 -0.0379184 0.0460572
0.730134 -0.042812 0.0460572
0.730134 -0.0477056 0.0460572
0.730135 -0.0525992 0.0460572
0.730135 -0.0574929 0.0460572
0.730135 -0.0623865 0.0460572
0.730136 -0.0672801 0.0460572
0.730136 -0.0721737 0.0460572
0.730137 -0.0770674 0.0460572
0.730137 -0.081961 0.0460572
0.730138 -0.0966418 0.0460572
0.730139 -0.106429 0.0460572
0.68046 0.11378 -0.0610812
0.730139 -0.111323 0.0460572
0.730121 0.113784 0.0509272
0.605968 0.113774 -0.0318617
0.730122 0.10889 0.0509272
0.730122 0.103997 0.0509272
0.730123 0.099103 0.0509272
0.730123 0.0942094 0.0509272
0.730123 0.0893158 0.0509272
0.730125 0.0697413 0.0509272
0.730125 0.0648477 0.0509272
0.730126 0.0599541 0.0509272
0.730126 0.0501668 0.0509272
0.730127 0.0452732 0.0509272
0.730127 0.0403796 0.0509272
0.730128 0.0305923 0.0509272
0.730128 0.0256987 0.0509272
0.730129 0.0208051 0.0509272
0.730129 0.0159115 0.0509272
0.73013 0.00123059 0.0509272
0.730131 -0.00366303 0.0509272
0.730132 -0.0232375 0.0509272
0.730133 -0.0379184 0.0509272
0.730134 -0.042812 0.0509272
0.730134 -0.0477056 0.0509272
0.730135 -0.0525992 0.0509272
0.730135 -0.0623865 0.0509272
0.730136 -0.0672801 0.0509272
0.730136 -0.0721737 0.0509272
0.730137 -0.0770674 0.0509272
0.730137 -0.081961 0.0509272
0.730137 -0.0868546 0.0509272
0.730138 -0.0966418 0.0509272
0.730138 -0.101535 0.0509272
0.730139 -0.106429 0.0509272
0.730121 0.113784 0.0557971
0.730122 0.103997 0.0557971
0.640731 0.113777 -0.0123819
0.730123 0.099103 0.0557971
0.730123 0.0942094 0.0557971
0.730124 0.0844222 0.0557971
0.730125 0.0697413 0.0557971
0.730126 0.0501668 0.0557971
0.730127 0.0452732 0.0557971
0.730127 0.0403796 0.0557971
0.730128 0.0305923 0.0557971
0.730128 0.0256987 0.0557971
0.730129 0.0208051 0.0557971
0.73013 0.00123059 0.0557971
0.730131 -0.00366303 0.0557971
0.730131 -0.00855665 0.0557971
0.635765 0.113776 -0.0610812
0.730131 -0.0134503 0.0557971
0.730133 -0.0379184 0.0557971
0.730134 -0.042812 0.0557971
0.730134 -0.0477056 0.0557971
0.730135 -0.0525992 0.0557971
0.730135 -0.0574929 0.0557971
0.730135 -0.0623865 0.0557971
0.730136 -0.0672801 0.0557971
0.730136 -0.0721737 0.0557971
0.730137 -0.081961 0.0557971
0.730137 -0.0868546 0.0557971
0.730138 -0.0917482 0.0557971
0.730138 -0.0966418 0.0557971
0.730138 -0.101535 0.0557971
0.730139 -0.106429 0.0557971
0.730139 -0.111323 0.0557971
0.730121 0.113784 0.060667
0.730122 0.103997 0.060667
0.730123 0.099103 0.060667
0.730123 0.0942094 0.060667
0.730123 0.0893158 0.060667
0.730124 0.0795285 0.060667
0.730124 0.0746349 0.060667
0.730125 0.0648477 0.060667
0.730126 0.0599541 0.060667
0.730126 0.0550604 0.060667
0.730126 0.0501668 0.060667
0.730127 0.0452732 0.060667
0.730127 0.0403796 0.060667
0.730128 0.0256987 0.060667
0.730131 -0.00366303 0.060667
0.730131 -0.00855665 0.060667
0.730132 -0.0232375 0.060667
0.730133 -0.0379184 0.060667
0.730134 -0.042812 0.060667
0.730134 -0.0477056 0.060667
0.730135 -0.0525992 0.060667
0.730135 -0.0574929 0.060667
0.730135 -0.0623865 0.060667
0.730136 -0.0672801 0.060667
0.730137 -0.081961 0.060667
0.730137 -0.0868546 0.060667
0.730138 -0.0917482 0.060667
0.730138 -0.0966418 0.060667
0.730138 -0.101535 0.060667
0.730121 0.113784 0.0655369
0.640731 0.113777 0.0460572
0.695358 0.113781 0.0655369
0.730122 0.103997 0.0655369
0.640731 0.113777 -0.0172519
0.730123 0.099103 0.0655369
0.730123 0.0942094 0.0655369
0.730124 0.0844222 0.0655369
0.730124 0.0746349 0.0655369
0.730125 0.0648477 0.0655369
0.730126 0.0599541 0.0655369
0.730126 0.0550604 0.0655369
0.620866 0.113775 0.060667
0.730126 0.0501668 0.0655369
0.730127 0.0452732 0.0655369
0.730127 0.0403796 0.0655369
0.730128 0.0354859 0.0655369
0.730128 0.0256987 0.0655369
0.730129 0.0110178 0.0655369
0.73013 0.00612421 0.0655369
0.73013 0.00123059 0.0655369
0.730131 -0.00366303 0.0655369
0.730131 -0.00855665 0.0655369
0.730131 -0.0134503 0.0655369
0.730132 -0.0232375 0.0655369
0.730133 -0.0379184 0.0655369
0.730134 -0.042812 0.0655369
0.730135 -0.0574929 0.0655369
0.730135 -0.0623865 0.0655369
0.730136 -0.0721737 0.0655369
0.730137 -0.0868546 0.0655369
0.730138 -0.0917482 0.0655369
0.730138 -0.101535 0.0655369
0.730139 -0.106429 0.0655369
0.730139 -0.111323 0.0655369
0.73014 -0.116216 -0.0659512
0.725173 -0.116217 -0.0659512
0.715241 -0.116218 -0.0659512
0.710275 -0.116218 -0.0659512
0.705309 -0.116218 -0.0659512
0.700343 -0.116219 -0.0659512
0.690411 -0.116219 -0.0659512
0.645697 0.113777 -0.0513414
0.685444 -0.11622 -0.0659512
0.680478 -0.11622 -0.0659512
0.675512 -0.116221 -0.0659512
0.66558 -0.116221 -0.0659512
0.645715 -0.116223 -0.0659512
0.640749 -0.116223 -0.0659512
0.630817 -0.116224 -0.0659512
0.625851 -0.116225 -0.0659512
0.615919 -0.116225 -0.0659512
0.710257 0.113782 0.00222785
0.610952 -0.116226 -0.0659512
0.730133 -0.0330248 0.0460572
0.605986 -0.116226 -0.0659512
0.60102 -0.116227 -0.0659512
0.591088 -0.116227 -0.0659512
0.581156 -0.116228 -0.0659512
0.57619 -0.116229 -0.0659512
0.73014 -0.116216 -0.0610812
0.725173 -0.116217 -0.0610812
0.705309 -0.116218 -0.0610812
0.700343 -0.116219 -0.0610812
0.690411 -0.116219 -0.0610812
0.645697 0.113777 -0.0562113
0.685444 -0.11622 -0.0610812
0.680478 -0.11622 -0.0610812
0.675512 -0.116221 -0.0610812
0.670546 -0.116221 -0.0610812
0.66558 -0.116221 -0.0610812
0.660614 -0.116222 -0.0610812
0.640749 -0.116223 -0.0610812
0.630817 -0.116224 -0.0610812
0.620885 -0.116225 -0.0610812
0.615919 -0.116225 -0.0610812
0.610952 -0.116226 -0.0610812
0.60102 -0.116227 -0.0610812
0.591088 -0.116227 -0.0610812
0.586122 -0.116228 -0.0610812
0.57619 -0.116229 -0.0610812
0.73014 -0.116216 -0.0562113
0.730132 -0.0183439 -0.0123819
0.715241 -0.116218 -0.0562113
0.675512 -0.116221 -0.0562113
0.670546 -0.116221 -0.0562113
0.66558 -0.116221 -0.0562113
0.720207 -0.116217 -0.0610812
0.660614 -0.116222 -0.0562113
0.655648 -0.116222 -0.0562113
0.650681 -0.116223 -0.0562113
0.645715 -0.116223 -0.0562113
0.730129 0.0110178 -0.0562113
0.640749 -0.116223 -0.0562113
0.630817 -0.116224 -0.0562113
0.625851 -0.116225 -0.0562113
0.615919 -0.116225 -0.0562113
0.596054 -0.116227 -0.0562113
0.591088 -0.116227 -0.0562113
0.57619 -0.116229 -0.0562113
0.725173 -0.116217 -0.0513414
0.730132 -0.0183439 -0.0172519
0.715241 -0.116218 -0.0513414
0.700343 -0.116219 -0.0513414
0.690411 -0.116219 -0.0513414
0.675512 -0.116221 -0.0513414
0.670546 -0.116221 -0.0513414
0.66558 -0.116221 -0.0513414
0.655648 -0.116222 -0.0513414
0.650681 -0.116223 -0.0513414
0.730129 0.0110178 -0.0464714
0.640749 -0.116223 -0.0513414
0.615919 -0.116225 -0.0513414
0.60102 -0.116227 -0.0513414
0.586122 -0.116228 -0.0513414
0.57619 -0.116229 -0.0513414
0.73014 -0.116216 -0.0464714
0.720207 -0.116217 -0.0464714
0.715241 -0.116218 -0.0464714
0.700343 -0.116219 -0.0464714
0.730138 -0.0917482 -0.0269917
0.695377 -0.116219 -0.0464714
0.690411 -0.116219 -0.0464714
0.610934 0.113774 -0.0416015
0.675512 -0.116221 -0.0464714
0.670546 -0.116221 -0.0464714
0.655648 -0.116222 -0.0464714
0.650681 -0.116223 -0.0464714
0.645715 -0.116223 -0.0464714
0.730129 0.0110178 -0.0659512
0.640749 -0.116223 -0.0464714
0.630817 -0.116224 -0.0464714
0.625851 -0.116225 -0.0464714
0.620885 -0.116225 -0.0464714
0.59107 0.113773 -0.00264208
0.730133 -0.0330248 0.0655369
0.605986 -0.116226 -0.0464714
0.596054 -0.116227 -0.0464714
0.591088 -0.116227 -0.0464714
0.586122 -0.116228 -0.0464714
0.73014 -0.116216 -0.0416015
0.720207 -0.116217 -0.0416015
0.710275 -0.116218 -0.0416015
0.700343 -0.116219 -0.0416015
0.695377 -0.116219 -0.0416015
0.675512 -0.116221 -0.0416015
0.670546 -0.116221 -0.0416015
0.66558 -0.116221 -0.0416015
0.650681 -0.116223 -0.0416015
0.645715 -0.116223 -0.0416015
0.640749 -0.116223 -0.0416015
0.635783 -0.116224 -0.0416015
0.620885 -0.116225 -0.0416015
0.615919 -0.116225 -0.0416015
0.596054 -0.116227 -0.0416015
0.591088 -0.116227 -0.0416015
0.581156 -0.116228 -0.0416015
0.57619 -0.116229 -0.0416015
0.73014 -0.116216 -0.0367316
0.715241 -0.116218 -0.0367316
0.700343 -0.116219 -0.0367316
0.695377 -0.116219 -0.0367316
0.680478 -0.11622 -0.0367316
0.675512 -0.116221 -0.0367316
0.670546 -0.116221 -0.0367316
0.66558 -0.116221 -0.0367316
0.650681 -0.116223 -0.0367316
0.645715 -0.116223 -0.0367316
0.730129 0.0110178 -0.0610812
0.640749 -0.116223 -0.0367316
0.630817 -0.116224 -0.0367316
0.625851 -0.116225 -0.0367316
0.620885 -0.116225 -0.0367316
0.730125 0.0697413 -0.0513414
0.610952 -0.116226 -0.0367316
0.59107 0.113773 0.00222785
0.605986 -0.116226 -0.0367316
0.60102 -0.116227 -0.0367316
0.591088 -0.116227 -0.0367316
0.586122 -0.116228 -0.0367316
0.57619 -0.116229 -0.0367316
0.700343 -0.116219 -0.0318617
0.695377 -0.116219 -0.0318617
0.690411 -0.116219 -0.0318617
0.685444 -0.11622 -0.0318617
0.680478 -0.11622 -0.0318617
0.610934 0.113774 0.0411873
0.675512 -0.116221 -0.0318617
0.66558 -0.116221 -0.0318617
0.720207 -0.116217 -0.0367316
0.660614 -0.116222 -0.0318617
0.655648 -0.116222 -0.0318617
0.640749 -0.116223 -0.0318617
0.630817 -0.116224 -0.0318617
0.625851 -0.116225 -0.0318617
0.615919 -0.116225 -0.0318617
0.610952 -0.116226 -0.0318617
0.60102 -0.116227 -0.0318617
0.596054 -0.116227 -0.0318617
0.591088 -0.116227 -0.0318617
0.586122 -0.116228 -0.0318617
0.581156 -0.116228 -0.0318617
0.57619 -0.116229 -0.0318617
0.73014 -0.116216 -0.0269917
0.710275 -0.116218 -0.0269917
0.700343 -0.116219 -0.0269917
0.695377 -0.116219 -0.0269917
0.690411 -0.116219 -0.0269917
0.685444 -0.11622 -0.0269917
0.680478 -0.11622 -0.0269917
0.670546 -0.116221 -0.0269917
0.66558 -0.116221 -0.0269917
0.655648 -0.116222 -0.0269917
0.650681 -0.116223 -0.0269917
0.640749 -0.116223 -0.0269917
0.635783 -0.116224 -0.0269917
0.630817 -0.116224 -0.0269917
0.620885 -0.116225 -0.0269917
0.730133 -0.0330248 -0.0172519
0.605986 -0.116226 -0.0269917
0.591088 -0.116227 -0.0269917
0.586122 -0.116228 -0.0269917
0.581156 -0.116228 -0.0269917
0.57619 -0.116229 -0.0269917
0.700343 -0.116219 -0.0221218
0.695377 -0.116219 -0.0221218
0.645697 0.113777 0.00222785
0.685444 -0.11622 -0.0221218
0.680478 -0.11622 -0.0221218
0.610934 0.113774 0.0314474
0.675512 -0.116221 -0.0221218
0.670546 -0.116221 -0.0221218
0.66558 -0.116221 -0.0221218
0.655648 -0.116222 -0.0221218
0.650681 -0.116223 -0.0221218
0.645715 -0.116223 -0.0221218
0.730129 0.0110178 0.00709778
0.640749 -0.116223 -0.0221218
0.620885 -0.116225 -0.0221218
0.610952 -0.116226 -0.0221218
0.730133 -0.0330248 -0.00751201
0.605986 -0.116226 -0.0221218
0.60102 -0.116227 -0.0221218
0.591088 -0.116227 -0.0221218
0.586122 -0.116228 -0.0221218
0.581137 0.113772 0.0509272
0.73014 -0.116216 -0.0172519
0.650663 0.113778 -0.0708211
0.571223 -0.111335 -0.0708211
0.6159 0.113775 0.00222785
0.690395 0.084419 0.0704069
0.571211 0.0354733 -0.0269917
0.730137 -0.081961 -0.00264208
0.645715 -0.106436 -0.0708211
0.571209 0.0697286 0.0168376
0.571209 0.064835 0.00709778
0.571207 0.0941967 -0.00751201
0.655629 0.113778 -0.0367316
0.645711 -0.0623932 -0.0708211
0.645711 -0.0574996 -0.0708211
0.70033 0.0403772 -0.0708211
0.64571 -0.052606 -0.0708211
0.596036 0.113773 0.0265775
0.605972 0.0697314 -0.0708211
0.576171 0.113772 -0.0416015
0.571213 0.0207924 0.0265775
0.571219 -0.0623992 0.0314474
0.645705 0.0159047 -0.0708211
0.730129 0.0208051 0.00222785
0.635771 0.0305848 -0.0708211
0.645704 0.0207984 -0.0708211
0.690411 -0.116219 0.0217076
0.645701 0.064841 -0.0708211
0.6457 0.0746282 -0.0708211
0.610934 0.113774 0.00222785
0.6457 0.0795218 -0.0708211
0.650681 -0.111329 -0.0708211
0.730129 0.0159115 0.0655369
0.645698 0.0990963 -0.0708211
0.65068 -0.0966482 -0.0708211
0.640748 -0.096649 -0.0708211
0.576186 -0.072186 -0.0708211
0.571218 -0.0428247 0.0411873
0.640743 -0.0428191 -0.0708211
0.586117 -0.0526107 -0.0708211
0.571222 -0.101548 0.0460572
0.620875 0.0110091 0.0704069
0.64074 -0.00367015 -0.0708211
0.64074 0.00122347 -0.0708211
0.64074 0.00611709 -0.0708211
0.675494 0.11378 0.0119677
0.670536 0.00611946 -0.0708211
0.640738 0.0305852 -0.0708211
0.640736 0.0550533 -0.0708211
0.700343 -0.116219 0.0655369
0.730134 -0.0477056 -0.00264208
0.596039 0.0697306 -0.0708211
0.640733 0.0893087 -0.0708211
0.571221 -0.0917609 -0.0708211
0.571205 0.113771 -0.0513414
0.715241 -0.116218 -0.0610812
0.640732 0.0942023 -0.0708211
0.571221 -0.0917609 0.0217076
0.635783 -0.116224 -0.0708211
0.720207 -0.116217 0.00709778
0.635782 -0.0966494 -0.0708211
0.635781 -0.0868621 -0.0708211
0.625833 0.113776 -0.0172519
0.63578 -0.0721813 -0.0708211
0.635774 0.00122307 0.0704069
0.635779 -0.062394 -0.0708211
0.635777 -0.0428195 -0.0708211
0.645699 0.0942027 0.0704069
0.65068 -0.101542 0.0704069
0.675512 -0.116221 0.00222785
0.571206 0.0990904 -0.0659512
0.660614 -0.116222 -0.0172519
0.635773 0.0110103 -0.0708211
0.730129 0.0159115 0.0119677
0.635771 0.0354784 -0.0708211
0.640746 -0.0721809 -0.0708211
0.63577 0.0501593 -0.0708211
0.730131 -0.00855665 0.0168376
0.640747 -0.0819681 -0.0708211
0.635769 0.0599465 -0.0708211
0.576178 0.0256864 0.0704069
0.591085 -0.0819721 -0.0708211
0.720197 0.011017 -0.0708211
0.6457 0.0746282 0.0704069
0.720197 0.0159107 -0.0708211
0.640749 -0.106436 -0.0708211
0.635767 0.0844146 -0.0708211
0.720203 -0.0672809 -0.0708211
0.730129 0.0110178 -0.0416015
0.640749 -0.116223 -0.0708211
0.635766 0.0942019 -0.0708211
0.730128 0.0256987 -0.00751201
0.630815 -0.0917561 -0.0708211
0.630814 -0.0819689 -0.0708211
0.640731 0.113777 0.0265775
0.730123 0.0942094 0.00222785
0.630812 -0.0477135 -0.0708211
0.730135 -0.0525992 0.0655369
0.615903 0.0795194 -0.0708211
0.730134 -0.042812 -0.00264208
0.720193 0.0648469 0.0704069
0.645708 -0.0183506 -0.0708211
0.571209 0.0599414 -0.0562113
0.571209 0.064835 -0.0464714
0.73013 0.00123059 -0.0416015
0.571216 -0.0281438 -0.0123819
0.630808 -0.00367095 -0.0708211
0.630807 0.0061163 -0.0708211
0.630807 0.0110099 -0.0708211
0.571222 -0.0966545 0.0217076
0.630806 0.0159035 -0.0708211
0.71027 -0.0526008 0.0704069
0.571211 0.0452605 0.00709778
0.710271 -0.0672817 0.0704069
0.571221 -0.0868673 -0.0513414
0.720207 -0.10643 -0.0708211
0.630805 0.0403717 -0.0708211
0.571223 -0.106442 -0.0416015
0.630803 0.0550525 -0.0708211
0.625851 -0.116225 -0.0708211
0.625849 -0.0917565 -0.0708211
0.596054 -0.116227 -0.0659512
0.660614 -0.116222 0.0509272
0.645711 -0.0672868 -0.0708211
0.625848 -0.0819693 -0.0708211
0.640743 -0.0379255 -0.0708211
0.705291 0.113782 0.00222785
0.586116 -0.0477171 -0.0708211
0.700328 0.0746325 -0.0708211
0.625846 -0.0526076 -0.0708211
0.57121 0.0501541 -0.0610812
0.586122 -0.116228 -0.00751201
0.730128 0.0305923 0.060667
0.625842 -0.00856496 -0.0708211
0.625841 0.0061159 -0.0708211
0.625841 0.0110095 -0.0708211
0.645713 -0.0868613 0.0704069
0.720193 0.0648469 -0.0708211
0.571209 0.0697286 0.060667
0.620866 0.113775 0.0460572
0.62584 0.0207968 -0.0708211
0.596036 0.113773 -0.0562113
0.710259 0.079527 0.0704069
0.730139 -0.111323 0.0509272
0.625846 -0.0575012 0.0704069
0.625839 0.030584 -0.0708211
0.625839 0.0354776 -0.0708211
0.690411 -0.116219 -0.0367316
0.625838 0.0452649 -0.0708211
0.581146 0.00611234 -0.0708211
0.625835 0.0795202 -0.0708211
0.571217 -0.0330374 -0.0562113
0.625834 0.0893075 -0.0708211
0.625834 0.0942011 -0.0708211
0.670528 0.113779 0.0509272
0.665564 0.084417 -0.0708211
0.625834 0.0990947 -0.0708211
0.665564 0.0795234 -0.0708211
0.705309 -0.116218 -0.0318617
0.690411 -0.116219 0.060667
0.610952 -0.106439 -0.0708211
0.571213 0.0158988 0.0557971
0.57619 -0.116229 0.0314474
0.620882 -0.0868633 -0.0708211
0.630803 0.0648398 -0.0708211
0.571207 0.0893031 -0.0610812
0.705309 -0.116218 0.0119677
0.620881 -0.0721824 -0.0708211
0.660608 -0.0379239 -0.0708211
0.620878 -0.0330335 -0.0708211
0.720189 0.113783 0.0704069
0.6606 0.0599485 0.0704069
0.730122 0.10889 0.0655369
0.620877 -0.013459 -0.0708211
0.630812 -0.0575008 -0.0708211
0.660609 -0.062392 -0.0708211
0.620876 -0.00856536 -0.0708211
0.571215 -0.00856932 -0.0318617
0.730134 -0.042812 -0.0513414
0.620875 0.00122189 -0.0708211
0.596039 0.0746242 0.0704069
0.620873 0.0354772 -0.0708211
0.705291 0.113782 0.00709778
0.620871 0.0501581 -0.0708211
0.665562 0.113779 -0.0708211
0.620871 0.0599453 -0.0708211
0.571213 0.0158988 -0.0708211
0.66558 -0.116221 0.0119677
0.62087 0.0746262 -0.0708211
0.730137 -0.081961 -0.0562113
0.62585 -0.111331 -0.0708211
0.620869 0.0795198 -0.0708211
0.596054 -0.111333 -0.0708211
0.591072 0.0795175 -0.0708211
0.725155 0.113784 0.0168376
0.620868 0.0893071 -0.0708211
0.610947 -0.0526087 -0.0708211
0.57121 0.0550478 -0.0562113
0.615915 -0.0770765 -0.0708211
0.605972 0.0648378 -0.0708211
0.615914 -0.0623956 -0.0708211
0.571213 0.0158988 0.0655369
0.675494 0.11378 -0.0367316
0.615914 -0.057502 -0.0708211
0.730122 0.10889 -0.0562113
0.615913 -0.0477147 -0.0708211
0.730133 -0.0330248 -0.0562113
0.630802 0.0697334 -0.0708211
0.660602 0.0305868 0.0704069
0.571211 0.0403669 -0.0318617
0.615911 -0.018353 -0.0708211
0.61591 -0.0134594 -0.0708211
0.650676 -0.0526056 -0.0708211
0.615909 0.00122149 -0.0708211
0.571207 0.0893031 -0.0318617
0.730132 -0.0232375 -0.00751201
0.596054 -0.116227 0.0411873
0.596043 0.0207944 -0.0708211
0.615907 0.0256896 -0.0708211
0.715237 -0.0672813 0.0704069
0.615905 0.0550513 -0.0708211
0.615904 0.0648386 -0.0708211
0.615919 -0.116225 -0.0367316
0.571215 -0.00856932 0.060667
0.615904 0.0697322 -0.0708211
0.615901 0.103988 -0.0708211
0.720189 0.113783 0.0655369
0.615901 0.108881 -0.0708211
0.610951 -0.101545 -0.0708211
0.610949 -0.0721832 -0.0708211
0.700343 -0.116219 0.0411873
0.610948 -0.0575024 -0.0708211
0.586119 -0.0770788 0.0704069
0.571211 0.0452605 0.00222785
0.610944 -0.0134598 -0.0708211
0.650674 -0.0232439 0.0704069
0.57122 -0.07708 0.0168376
0.610943 -0.00367253 -0.0708211
0.730131 -0.0134503 -0.0610812
0.576187 -0.0819732 0.0704069
0.685436 -0.0134538 0.0704069
0.64074 0.00122347 0.0704069
0.675496 0.0844178 -0.0708211
0.680478 -0.111327 -0.0708211
0.571218 -0.0526119 0.0168376
0.655636 0.03548 0.0704069
0.610938 0.0648382 -0.0708211
0.675506 -0.0330291 0.0704069
0.610938 0.0697318 -0.0708211
0.635772 0.0256912 -0.0708211
0.625851 -0.116225 0.0704069
0.571223 -0.116229 -0.0172519
0.610936 0.0941999 -0.0708211
0.610935 0.108881 -0.0708211
0.571222 -0.101548 -0.0269917
0.610934 0.113774 -0.0708211
0.571222 -0.0966545 -0.0610812
0.571212 0.0305797 -0.00264208
0.605986 -0.106439 -0.0708211
0.73013 0.00612421 0.0363174
0.605985 -0.0966517 -0.0708211
0.605984 -0.0819709 -0.0708211
0.57122 -0.0721864 0.0363174
0.625847 -0.0623948 0.0704069
0.605982 -0.06729 -0.0708211
0.571208 0.0795159 0.0168376
0.63081 -0.0330327 -0.0708211
0.571214 -0.00367569 -0.0172519
0.605981 -0.0477155 -0.0708211
0.730126 0.0550604 0.0168376
0.605979 -0.028141 -0.0708211
0.571221 -0.0868673 -0.0416015
0.605979 -0.0232474 -0.0708211
0.596036 0.113773 0.0460572
0.705301 -0.0183459 0.0704069
0.730137 -0.0868546 -0.0269917
0.605979 -0.0183538 -0.0708211
0.705302 -0.0232395 0.0704069
0.625844 -0.0281394 -0.0708211
0.605977 -0.00367292 -0.0708211
0.605977 0.00611432 -0.0708211
0.705291 0.113782 -0.0513414
0.605976 0.0110079 -0.0708211
0.655629 0.113778 -0.0562113
0.605975 0.0305824 -0.0708211
0.605974 0.0354761 -0.0708211
0.605973 0.0501569 -0.0708211
0.605973 0.0550505 -0.0708211
0.581151 -0.0623984 -0.0708211
0.635783 -0.11133 -0.0708211
0.605971 0.0795186 -0.0708211
0.640732 0.10399 -0.0708211
0.60597 0.0941995 -0.0708211
0.625833 0.113776 0.060667
0.571211 0.0354733 -0.0221218
0.605969 0.103987 -0.0708211
0.60102 -0.111333 -0.0708211
0.730127 0.0452732 -0.0659512
0.685428 0.0893122 -0.0708211
0.601019 -0.0966521 -0.0708211
0.610941 0.0256892 -0.0708211
0.670534 0.0305876 -0.0708211
0.601017 -0.0770776 -0.0708211
0.601016 -0.0623968 -0.0708211
0.685441 -0.0721773 -0.0708211
0.601016 -0.0575032 -0.0708211
0.610934 0.113774 -0.0318617
0.675512 -0.116221 0.0411873
0.601015 -0.0477159 -0.0708211
0.601014 -0.0379287 -0.0708211
0.571222 -0.0966545 0.0509272
0.710275 -0.116218 0.0314474
0.700335 -0.0183463 0.0704069
0.700325 0.113782 -0.0513414
0.601011 0.0012203 -0.0708211
0.670546 -0.116221 0.0119677
0.60101 0.0110075 -0.0708211
0.730127 0.0403796 0.0704069
0.630799 0.113776 -0.00264208
0.571218 -0.0477183 0.0509272
0.601009 0.0207948 -0.0708211
0.601008 0.0354757 -0.0708211
0.601006 0.0599438 -0.0708211
0.615917 -0.101545 -0.0708211
0.645701 0.0599473 -0.0708211
0.665567 0.0501617 -0.0708211
0.720193 0.0697405 -0.0708211
0.725173 -0.111323 -0.0708211
0.62584 0.0159031 -0.0708211
0.705296 0.0452712 0.0704069
0.601004 0.0844119 -0.0708211
0.591082 -0.0428231 0.0704069
0.660595 0.113778 0.0460572
0.571222 -0.0966545 0.00222785
0.601004 0.0893055 -0.0708211
0.571222 -0.101548 0.060667
0.640747 -0.0917553 -0.0708211
0.635768 0.0697338 -0.0708211
0.615919 -0.116225 0.0119677
0.601003 0.0990927 -0.0708211
0.586122 -0.116228 -0.0562113
0.685427 0.108887 -0.0708211
0.635773 0.0159039 -0.0708211
0.690409 -0.0917514 -0.0708211
0.571221 -0.0868673 0.00709778
0.730137 -0.0770674 0.0557971
0.640749 -0.11133 -0.0708211
0.601002 0.113774 -0.0708211
0.57122 -0.0721864 -0.0416015
0.715223 0.113783 -0.0708211
0.571207 0.0941967 0.0217076
0.57121 0.0550478 0.0217076
0.730133 -0.0281311 0.0314474
0.640745 -0.0623936 -0.0708211
0.635771 0.040372 -0.0708211
0.596051 -0.0819717 -0.0708211
0.620884 -0.101544 -0.0708211
0.571208 0.0795159 -0.0610812
0.730121 0.113784 0.0363174
0.596051 -0.0721844 -0.0708211
0.620885 -0.116225 0.060667
0.57122 -0.07708 0.0217076
0.596049 -0.0575036 -0.0708211
0.596049 -0.0477163 -0.0708211
0.730123 0.0893158 -0.0464714
0.596048 -0.0428227 -0.0708211
0.571215 -0.00856932 0.0217076
0.596047 -0.0281418 -0.0708211
0.571214 0.00121793 0.0460572
0.596047 -0.0232482 -0.0708211
0.605981 -0.0428219 -0.0708211
0.596045 -0.00856734 -0.0708211
0.596045 -0.00367372 -0.0708211
0.610952 -0.116226 0.00222785
0.695358 0.113781 -0.0513414
0.596044 0.0159008 -0.0708211
0.596036 0.113773 0.060667
0.596042 0.0403689 -0.0708211
0.730123 0.099103 -0.0123819
0.615913 -0.0477147 0.0704069
0.650663 0.113778 -0.0464714
0.690398 0.04527 -0.0708211
0.596041 0.0452625 -0.0708211
0.695358 0.113781 0.0265775
0.730123 0.0942094 -0.0172519
0.615914 -0.0526084 0.0704069
0.680465 0.0452692 -0.0708211
0.675494 0.11378 0.0217076
0.730135 -0.0574929 0.0119677
0.596041 0.0501561 -0.0708211
0.571221 -0.0819736 -0.0172519
0.630804 0.0452653 -0.0708211
0.591072 0.0844111 0.0704069
0.685437 -0.0281347 -0.0708211
0.57121 0.0550478 0.0411873
0.730134 -0.042812 0.0119677
0.59604 0.0599434 -0.0708211
0.730126 0.0501668 -0.0416015
0.581138 0.108878 -0.0708211
0.59604 0.064837 -0.0708211
0.730125 0.0697413 -0.0367316
0.610952 -0.116226 -0.0464714
0.596038 0.0795179 -0.0708211
0.640734 0.0697342 -0.0708211
0.596037 0.0941987 -0.0708211
0.596036 0.113773 -0.0708211
0.690407 -0.0770705 -0.0708211
0.571212 0.0305797 0.0265775
0.591088 -0.111334 -0.0708211
0.591087 -0.101547 -0.0708211
0.725173 -0.116217 0.0217076
0.591086 -0.0966529 -0.0708211
0.640731 0.113777 -0.0367316
0.730123 0.099103 -0.0172519
0.586108 0.055049 0.0704069
0.59107 0.113773 -0.0172519
0.605986 -0.116226 -0.0562113
0.571219 -0.0575055 0.0265775
0.586112 0.00121911 0.0704069
0.730134 -0.042812 0.00709778
0.591082 -0.0379295 -0.0708211
0.685442 -0.0868582 0.0704069
0.591081 -0.0232486 -0.0708211
0.57122 -0.0721864 0.0557971
0.730136 -0.0721737 -0.0367316
0.620876 -0.00367174 -0.0708211
0.660603 0.0207995 -0.0708211
0.59108 -0.0134614 -0.0708211
0.57122 -0.0672928 0.0557971
0.730135 -0.0574929 -0.0172519
0.591079 -0.00367411 -0.0708211
0.630817 -0.116224 -0.0708211
0.591078 0.0110068 -0.0708211
0.591077 0.0159004 -0.0708211
0.650681 -0.116223 0.0460572
0.591077 0.020794 -0.0708211
0.591076 0.0354749 -0.0708211
0.57619 -0.116229 -0.0221218
0.591075 0.0452621 -0.0708211
0.591074 0.059943 -0.0708211
0.591073 0.0697302 -0.0708211
0.571207 0.0893031 0.0217076
0.625833 0.113776 -0.0416015
0.571211 0.0452605 -0.0513414
0.591072 0.0893047 -0.0708211
0.571206 0.0990904 0.0265775
0.660614 -0.116222 0.0363174
0.730135 -0.0525992 -0.0172519
0.705299 0.00612224 0.0704069
0.581153 -0.0868665 0.0704069
0.620866 0.113775 0.00222785
0.586121 -0.101547 -0.0708211
0.581151 -0.0526111 0.0704069
0.571209 0.0697286 -0.00264208
0.665574 -0.0428171 0.0704069
0.58612 -0.0966533 -0.0708211
0.586118 -0.0721852 -0.0708211
0.586118 -0.0672916 -0.0708211
0.586118 -0.062398 -0.0708211
0.655638 0.00611828 0.0704069
0.571223 -0.106442 0.0704069
0.645701 0.064841 0.0704069
0.586112 0.0110064 -0.0708211
0.610952 -0.116226 -0.0269917
0.586111 0.0159 -0.0708211
0.715228 0.0501656 0.0704069
0.730124 0.0746349 0.0509272
0.655648 -0.116222 -0.0610812
0.58611 0.0305808 -0.0708211
0.57122 -0.0672928 -0.0659512
0.645715 -0.116223 0.0460572
0.710275 -0.116218 0.0119677
0.586109 0.0501553 -0.0708211
0.596036 0.113773 -0.0513414
0.586108 0.0599426 -0.0708211
0.650681 -0.116223 -0.0708211
0.586107 0.0746234 -0.0708211
0.605983 -0.0770773 0.0704069
0.586106 0.0795171 -0.0708211
0.57121 0.0550478 -0.0318617
0.586105 0.0941979 -0.0708211
0.655645 -0.0868605 0.0704069
0.571207 0.0893031 0.0655369
0.586103 0.113772 -0.0708211
0.571223 -0.116229 -0.0367316
0.685444 -0.11622 -0.0416015
0.57619 -0.116229 -0.00751201
0.581153 -0.0868665 -0.0708211
0.571215 -0.0134629 0.0217076
0.610952 -0.116226 -0.00751201
0.615903 0.0746258 -0.0708211
0.601017 -0.0819713 -0.0708211
0.571206 0.0990904 -0.0269917
0.645697 0.113777 -0.0221218
0.610935 0.103987 -0.0708211
0.58115 -0.0428239 -0.0708211
0.700339 -0.0672825 0.0704069
0.730136 -0.0672801 -0.0610812
0.581149 -0.028143 -0.0708211
0.581148 -0.0183558 -0.0708211
0.581147 -0.00856853 -0.0708211
0.586116 -0.0428235 -0.0708211
0.571212 0.0305797 -0.0464714
0.581147 -0.0036749 -0.0708211
0.571217 -0.0330374 -0.0367316
0.610937 0.0746254 -0.0708211
0.650665 0.0942031 -0.0708211
0.57122 -0.07708 0.060667
0.710275 -0.116218 -0.0123819
0.581146 0.00121872 -0.0708211
0.730133 -0.0379184 -0.00751201
0.581144 0.0256868 -0.0708211
0.65563 0.103991 0.0704069
0.670534 0.0305876 0.0704069
0.581144 0.0305804 -0.0708211
0.581144 0.0354741 -0.0708211
0.73013 0.00612421 -0.00751201
0.640738 0.020798 -0.0708211
0.610934 0.113774 -0.0269917
0.675512 -0.116221 0.0460572
0.581143 0.0403677 -0.0708211
0.615907 0.0305832 0.0704069
0.571213 0.0207924 0.00709778
0.581143 0.0452613 -0.0708211
0.670532 0.0550557 0.0704069
0.71026 0.0746333 -0.0708211
0.581142 0.0550486 -0.0708211
0.730129 0.0208051 0.0168376
0.581141 0.0648358 -0.0708211
0.610941 0.0305828 -0.0708211
0.695367 0.0110151 0.0704069
0.58114 0.0844103 -0.0708211
0.730126 0.0550604 0.0265775
0.630815 -0.0868625 -0.0708211
0.581139 0.0893039 -0.0708211
0.705309 -0.116218 0.0265775
0.57619 -0.116229 -0.0708211
0.581141 0.0697294 0.0704069
0.571216 -0.0183566 -0.0269917
0.571222 -0.101548 -0.0513414
0.576188 -0.0966541 -0.0708211
0.57122 -0.0721864 -0.0708211
0.57122 -0.0672928 -0.0708211
0.630799 0.113776 0.0363174
0.571218 -0.0477183 0.0363174
0.576187 -0.0819732 -0.0708211
0.59107 0.113773 -0.00751201
0.605986 -0.116226 -0.0513414
0.571219 -0.0575055 0.0217076
0.576186 -0.0770796 -0.0708211
0.576183 -0.0281434 -0.0708211
0.591083 -0.0477167 -0.0708211
0.576182 -0.0232498 -0.0708211
0.640731 0.108883 -0.0708211
0.630806 0.0207972 -0.0708211
0.660603 0.0207995 0.0704069
0.576181 -0.0134625 -0.0708211
0.645712 -0.0770741 -0.0708211
0.695374 -0.0770701 -0.0708211
0.571212 0.0305797 0.0217076
0.700343 -0.116219 -0.00264208
0.640743 -0.0379255 0.0704069
0.576181 -0.00856892 -0.0708211
0.591083 -0.0526103 0.0704069
0.730138 -0.0966418 0.0655369
0.576181 -0.0036753 -0.0708211
0.615917 -0.0917573 -0.0708211
0.586114 -0.0183554 -0.0708211
0.57618 0.00611194 -0.0708211
0.730127 0.0452732 0.0704069
0.635765 0.113776 0.00709778
0.576178 0.0305801 -0.0708211
0.576176 0.0599418 -0.0708211
0.571218 -0.0526119 -0.0269917
0.581154 -0.0966537 -0.0708211
0.576174 0.0795163 -0.0708211
0.69536 0.0991003 -0.0708211
0.581142 0.0501549 -0.0708211
0.591079 -0.00856773 -0.0708211
0.571223 -0.111335 0.0119677
0.730131 -0.00855665 -0.0416015
0.581155 -0.111335 -0.0708211
0.576173 0.0941971 -0.0708211
0.586104 0.108879 0.0704069
0.581152 -0.0721856 -0.0708211
0.576172 0.103984 -0.0708211
0.660599 0.0746294 -0.0708211
0.625849 -0.0966502 -0.0708211
0.620868 0.0990943 -0.0708211
0.571206 0.0990904 0.0557971
0.591083 -0.057504 -0.0708211
0.635776 -0.0281387 -0.0708211
0.730138 -0.0966418 -0.0708211
0.690392 0.113781 -0.0513414
0.625836 0.069733 -0.0708211
0.591076 0.0305812 -0.0708211
0.610943 0.00122109 0.0704069
0.571222 -0.0966545 -0.0708211
0.645708 -0.0281379 -0.0708211
0.610945 -0.023247 -0.0708211
0.695377 -0.116219 -0.00751201
0.571218 -0.0477183 -0.0708211
0.730136 -0.0721737 -0.0172519
0.591081 -0.0281422 -0.0708211
0.571217 -0.037931 -0.0708211
0.571216 -0.0183566 -0.0708211
0.571215 -0.0134629 -0.0708211
0.730123 0.0942094 0.0704069
0.725173 -0.116217 -0.0562113
0.571213 0.0110052 -0.0708211
0.576171 0.113772 0.0557971
0.571213 0.0207924 -0.0708211
0.640731 0.113777 0.0168376
0.695358 0.113781 0.0460572
0.725163 0.0110174 0.0704069
0.581146 0.011006 -0.0708211
0.601007 0.0452629 -0.0708211
0.571209 0.064835 -0.0708211
0.700325 0.113782 0.0509272
0.571209 0.0697286 -0.0708211
0.615903 0.0844131 -0.0708211
0.700331 0.0305899 0.0704069
0.665562 0.113779 -0.0464714
0.571208 0.0795159 -0.0708211
0.571207 0.0893031 -0.0708211
0.571205 0.108878 -0.0708211
0.705306 -0.0770693 0.0704069
0.730137 -0.0868546 0.0704069
0.730137 -0.081961 0.0704069
0.730137 -0.0770674 0.0314474
0.571216 -0.0232502 0.0655369
0.730139 -0.106429 0.0704069
0.71027 -0.0574945 0.0704069
0.60102 -0.116227 -0.0708211
0.670546 -0.116221 0.0704069
0.571221 -0.0868673 -0.0367316
0.730135 -0.0623865 0.0704069
0.605968 0.113774 0.0509272
0.730122 0.10889 0.0411873
0.630811 -0.0428199 0.0704069
0.730133 -0.0379184 0.0704069
0.690392 0.113781 -0.00751201
0.665571 -0.00366817 0.0704069
0.591073 0.0746238 -0.0708211
0.730132 -0.0232375 0.0704069
0.715235 -0.0330259 0.0704069
0.730131 -0.00855665 0.0704069
0.655635 0.0452673 -0.0708211
0.73013 0.00612421 0.0704069
0.730129 0.0159115 0.0704069
0.730129 0.0208051 0.0704069
0.635767 0.0893083 0.0704069
0.730129 0.0110178 0.0168376
0.59107 0.108879 -0.0708211
0.640749 -0.116223 0.0655369
0.630801 0.0795206 -0.0708211
0.660614 -0.116222 0.00709778
0.620866 0.113775 0.0509272
0.730127 0.0403796 -0.0610812
0.695362 0.0648449 -0.0708211
0.630813 -0.0623944 -0.0708211
0.730126 0.0550604 0.0704069
0.730138 -0.0917482 -0.0464714
0.710275 -0.116218 0.0557971
0.730125 0.0648477 0.0704069
0.730124 0.0746349 -0.0123819
0.725167 -0.0330252 0.0704069
0.571215 -0.00856932 0.00709778
0.730125 0.0697413 0.0704069
0.685443 -0.0917518 -0.0708211
0.571217 -0.037931 -0.0221218
0.730124 0.0795285 0.0704069
0.571214 0.00121793 -0.0708211
0.730123 0.0893158 0.0168376
0.615907 0.0305832 -0.0708211
0.725166 -0.0183443 0.0704069
0.730124 0.0844222 0.0704069
0.625833 0.113776 0.0314474
0.725173 -0.106429 0.0704069
0.596047 -0.0330354 -0.0708211
0.67053 0.0795238 -0.0708211
0.725168 -0.047706 0.0704069
0.630799 0.113776 0.0557971
0.660614 -0.116222 -0.0221218
0.571218 -0.0526119 -0.0708211
0.730124 0.0795285 0.0168376
0.725166 -0.0281315 0.0704069
0.605968 0.113774 -0.0221218
0.725165 -0.00855705 0.0704069
0.571213 0.0158988 -0.0513414
0.640744 -0.0477128 -0.0708211
0.571205 0.108878 0.0314474
0.685443 -0.0966454 0.0704069
0.705301 -0.0134523 -0.0708211
0.725164 0.00612382 0.0704069
0.610945 -0.0281406 -0.0708211
0.725161 0.0403792 0.0704069
0.700327 0.0844198 0.0704069
0.571222 -0.101548 -0.0172519
0.635775 -0.00856417 -0.0708211
0.725159 0.0648473 0.0704069
0.610943 0.00122109 -0.0708211
0.571219 -0.0575055 -0.00751201
0.725157 0.0893154 0.0704069
0.605977 0.0012207 -0.0708211
0.59107 0.113773 -0.0367316
0.571219 -0.0575055 0.0168376
0.725156 0.10889 0.0704069
0.730132 -0.0232375 0.0265775
0.720207 -0.116217 0.0704069
0.720205 -0.091749 0.0704069
0.730132 -0.0183439 0.00709778
0.720205 -0.0868554 0.0704069
0.596038 0.0893051 -0.0708211
0.730136 -0.0721737 0.0704069
0.576179 0.0110056 -0.0708211
0.576185 -0.0526115 -0.0708211
0.601017 -0.0770776 0.0704069
0.730137 -0.0868546 0.0363174
0.625845 -0.0428203 -0.0708211
0.730123 0.0893158 -0.0708211
0.730122 0.103997 0.00709778
0.596037 0.0990923 -0.0708211
0.720203 -0.0672809 0.0704069
0.635767 0.0844146 0.0704069
0.640749 -0.106436 0.0704069
0.720202 -0.0526 0.0704069
0.720201 -0.0428128 0.0704069
0.720199 -0.0134511 0.0704069
0.730126 0.0550604 0.0509272
0.650677 -0.0623928 0.0704069
0.730129 0.0110178 -0.00751201
0.640749 -0.116223 -0.00751201
0.720198 -0.00366382 0.0704069
0.730134 -0.0477056 0.0655369
0.615907 0.0354768 -0.0708211
0.720198 0.0012298 0.0704069
0.730126 0.0599541 -0.0708211
0.57122 -0.07708 0.0363174
0.571223 -0.106442 0.0119677
0.720196 0.0208043 0.0704069
0.730129 0.0110178 -0.0708211
0.720196 0.0256979 0.0704069
0.635773 0.0159039 0.0704069
0.601018 -0.0917585 -0.0708211
0.730136 -0.0721737 -0.00264208
0.720194 0.050166 0.0704069
0.730135 -0.0525992 0.00709778
0.720194 0.0550596 0.0704069
0.725173 -0.116217 -0.0416015
0.571213 0.0110052 -0.0562113
0.655648 -0.116222 -0.00264208
0.725173 -0.111323 0.0704069
0.720193 0.0697405 0.0704069
0.57122 -0.07708 -0.00264208
0.725171 -0.086855 0.0704069
0.720191 0.0942086 0.0704069
0.730125 0.0648477 0.0119677
0.596036 0.10888 -0.0708211
0.725172 -0.101536 0.0704069
0.720189 0.108889 0.0704069
0.571221 -0.0868673 0.0704069
0.680474 -0.0623905 0.0704069
0.635781 -0.0917557 0.0704069
0.601014 -0.0428223 -0.0708211
0.71524 -0.10643 0.0704069
0.705308 -0.106431 -0.0708211
0.70033 0.0501644 0.0704069
0.571211 0.0403669 -0.00751201
0.690408 -0.0868578 0.0704069
0.571211 0.0354733 -0.00751201
0.605972 0.0599442 -0.0708211
0.66558 -0.116221 0.0557971
0.730135 -0.0623865 -0.0659512
0.715237 -0.0623877 0.0704069
0.57121 0.0501541 -0.0513414
0.720189 0.113783 -0.0562113
0.576181 -0.0036753 0.0704069
0.730133 -0.0379184 -0.0659512
0.715235 -0.0379196 0.0704069
0.571211 0.0452605 -0.0610812
0.715234 -0.0232387 0.0704069
0.715233 -0.0183451 0.0704069
0.715232 -0.00366422 0.0704069
0.625843 -0.0134586 -0.0708211
0.715229 0.0403784 0.0704069
0.571213 0.0158988 0.0119677
0.620866 0.113775 0.0265775
0.715228 0.045272 0.0704069
0.715227 0.0599529 0.0704069
0.66557 0.00611907 -0.0708211
0.685426 0.11378 -0.0367316
0.715227 0.0648465 0.0704069
0.571223 -0.111335 -0.0367316
0.591088 -0.116227 0.00222785
0.710257 0.113782 -0.0367316
0.581149 -0.0379303 -0.0708211
0.715226 0.0697401 0.0704069
0.730135 -0.0525992 -0.00264208
0.695359 0.103994 0.0704069
0.571214 0.00121793 -0.0269917
0.591078 0.00611313 -0.0708211
0.60102 -0.116227 0.0411873
0.715225 0.084421 0.0704069
0.715225 0.0893146 0.0704069
0.715224 0.103995 0.0704069
0.730133 -0.0281311 -0.0221218
0.571212 0.025686 -0.0610812
0.730121 0.113784 -0.0464714
0.715223 0.113783 0.0704069
0.571207 0.0844095 0.060667
0.710274 -0.106431 0.0704069
0.730136 -0.0721737 0.0217076
0.680461 0.0990991 -0.0708211
0.710263 0.0305907 -0.0708211
0.591088 -0.116227 0.0655369
0.571218 -0.0477183 0.00222785
0.710272 -0.0721753 0.0704069
0.700328 0.0648453 -0.0708211
0.71027 -0.0477072 0.0704069
0.710269 -0.0428136 0.0704069
0.571212 0.025686 0.0460572
0.710269 -0.03792 0.0704069
0.710268 -0.0330263 0.0704069
0.68046 0.11378 -0.0659512
0.670542 -0.0623912 0.0704069
0.710268 -0.0232391 0.0704069
0.571214 -0.00367569 -0.0659512
0.710267 -0.0183455 0.0704069
0.625848 -0.0770757 0.0704069
0.635765 0.113776 -0.0464714
0.690405 -0.0477088 -0.0708211
0.710267 -0.0134519 0.0704069
0.571206 0.103984 0.0704069
0.725159 0.0697409 0.0704069
0.571223 -0.111335 0.0704069
0.610949 -0.0672896 -0.0708211
0.68046 0.108886 -0.0708211
0.695358 0.113781 0.060667
0.710267 -0.00855823 0.0704069
0.710265 0.00612263 0.0704069
0.710264 0.0256971 0.0704069
0.610947 -0.0428215 0.0704069
0.710263 0.0305907 0.0704069
0.660611 -0.0770729 0.0704069
0.695377 -0.116219 0.0557971
0.615905 0.0501577 -0.0708211
0.710263 0.0354844 0.0704069
0.705294 0.0746329 -0.0708211
0.591088 -0.116227 0.0509272
0.650675 -0.0281375 -0.0708211
0.710261 0.0599525 0.0704069
0.685439 -0.0428156 0.0704069
0.660602 0.0305868 -0.0708211
0.605968 0.113774 -0.0513414
0.730123 0.099103 -0.0562113
0.710259 0.0844206 0.0704069
0.730123 0.0942094 0.0119677
0.710259 0.0893142 0.0704069
0.710258 0.0991014 0.0704069
0.730124 0.0746349 0.0168376
0.710257 0.108889 0.0704069
0.710257 0.113782 0.0704069
0.571207 0.0844095 0.0363174
0.730125 0.0648477 0.0460572
0.58115 -0.0428239 0.0704069
0.705309 -0.111325 0.0704069
0.57121 0.0550478 0.0704069
0.730132 -0.0183439 -0.0318617
0.571218 -0.0428247 -0.0708211
0.705308 -0.106431 0.0704069
0.581148 -0.0232494 -0.0708211
0.705307 -0.0966438 0.0704069
0.705307 -0.0868566 0.0704069
0.645697 0.113777 -0.0367316
0.700341 -0.0917506 0.0704069
0.705305 -0.0672821 0.0704069
0.725155 0.113784 0.0217076
0.605974 0.0403697 -0.0708211
0.695368 -0.00855942 -0.0708211
0.720189 0.113783 -0.0123819
0.705304 -0.0526012 0.0704069
0.705303 -0.0477076 0.0704069
0.705303 -0.042814 0.0704069
0.640746 -0.0770745 -0.0708211
0.635769 0.0550529 -0.0708211
0.730133 -0.0379184 0.0168376
0.591081 -0.0330358 -0.0708211
0.625833 0.103988 -0.0708211
0.571215 -0.00856932 -0.00751201
0.730135 -0.0623865 -0.00264208
0.7053 -0.00366501 0.0704069
0.7053 0.00122861 0.0704069
0.601009 0.0256884 -0.0708211
0.615912 -0.0281402 -0.0708211
0.571215 -0.0134629 -0.0659512
0.705297 0.0305903 0.0704069
0.705297 0.035484 0.0704069
0.710257 0.113782 -0.00751201
0.730125 0.0697413 -0.0659512
0.655648 -0.116222 0.0217076
0.705297 0.0403776 0.0704069
0.730123 0.0942094 0.0217076
0.610951 -0.0917577 -0.0708211
0.705296 0.0501648 0.0704069
0.630799 0.108882 -0.0708211
0.675494 0.11378 -0.0708211
0.705295 0.0550585 0.0704069
0.601012 -0.0134606 -0.0708211
0.705295 0.0599521 0.0704069
0.630802 0.074627 -0.0708211
0.57121 0.0550478 -0.00751201
0.571221 -0.0819736 0.0119677
0.730138 -0.0917482 -0.0610812
0.725162 0.0256983 0.0704069
0.710275 -0.116218 0.0704069
0.705293 0.0795266 0.0704069
0.710263 0.040378 -0.0708211
0.710275 -0.111324 0.0704069
0.705293 0.0844202 0.0704069
0.710274 -0.0966434 0.0704069
0.705292 0.0942074 0.0704069
0.576171 0.113772 0.0460572
0.571213 0.0207924 -0.0610812
0.730131 -0.0134503 0.060667
0.571221 -0.0868673 -0.00751201
0.730138 -0.0917482 0.0119677
0.695377 -0.116219 -0.0123819
0.700342 -0.106431 0.0704069
0.650681 -0.116223 -0.0318617
0.700341 -0.086857 0.0704069
0.571206 0.0990904 0.0363174
0.70034 -0.0819634 0.0704069
0.70034 -0.0770697 0.0704069
0.645714 -0.0966486 0.0704069
0.700325 0.113782 -0.0172519
0.571209 0.0599414 0.0509272
0.700339 -0.0721761 0.0704069
0.596038 0.0844115 -0.0708211
0.700339 -0.0623889 0.0704069
0.571207 0.0941967 0.0557971
0.700338 -0.0526016 0.0704069
0.710272 -0.0770689 0.0704069
0.73013 0.00123059 0.00222785
0.640739 0.0159043 -0.0708211
0.650666 0.0844158 0.0704069
0.72019 0.0991022 -0.0708211
0.725172 -0.0917486 -0.0708211
0.700337 -0.0428144 0.0704069
0.650672 0.00611788 -0.0708211
0.630799 0.108882 0.0704069
0.700337 -0.0379208 0.0704069
0.720207 -0.116217 -0.0318617
0.660614 -0.116222 -0.0269917
0.571218 -0.0526119 -0.0367316
0.700335 -0.0134526 0.0704069
0.57122 -0.07708 -0.0416015
0.700334 -0.00855903 0.0704069
0.576187 -0.0868669 -0.0708211
0.57122 -0.0721864 -0.0513414
0.571217 -0.037931 -0.0610812
0.63577 0.0501593 0.0704069
0.640746 -0.0721809 0.0704069
0.581149 -0.0330366 -0.0708211
0.635774 -0.00367055 -0.0708211
0.700333 0.00612184 0.0704069
0.581147 -0.0036749 0.0704069
0.615914 -0.0526084 -0.0708211
0.700332 0.0159091 0.0704069
0.730133 -0.0379184 -0.0123819
0.700332 0.0208027 0.0704069
0.571216 -0.0183566 -0.0562113
0.700332 0.0256963 0.0704069
0.571213 0.0158988 -0.0318617
0.571218 -0.0526119 0.0119677
0.715241 -0.116218 0.00709778
0.700331 0.0354836 0.0704069
0.6904 0.0208019 0.0704069
0.586119 -0.0819725 -0.0708211
0.730134 -0.042812 0.0704069
0.571208 0.0746223 -0.0221218
0.730136 -0.0672801 0.00222785
0.70033 0.0403772 0.0704069
0.730134 -0.0477056 -0.0318617
0.700329 0.0599517 0.0704069
0.645704 0.0305856 -0.0708211
0.720204 -0.0721745 0.0704069
0.620878 -0.0281398 0.0704069
0.571217 -0.037931 0.060667
0.700328 0.0648453 0.0704069
0.57122 -0.0721864 0.0217076
0.700325 0.103994 0.0704069
0.730138 -0.101535 0.0265775
0.695363 0.050164 -0.0708211
0.725173 -0.116217 0.060667
0.635778 -0.0575004 -0.0708211
0.61094 0.0452637 -0.0708211
0.695376 -0.101538 0.0704069
0.57122 -0.0721864 -0.0562113
0.596036 0.113773 -0.0464714
0.596046 -0.0183546 -0.0708211
0.695374 -0.0868574 0.0704069
0.680469 -0.00366699 0.0704069
0.695374 -0.0770701 0.0704069
0.695371 -0.0477084 0.0704069
0.571214 0.00611155 0.0557971
0.695371 -0.0428148 0.0704069
0.61095 -0.0868641 0.0704069
0.605968 0.113774 0.0704069
0.66558 -0.116221 0.0704069
0.670541 -0.0574976 0.0704069
0.69537 -0.0379212 0.0704069
0.730135 -0.0574929 -0.0708211
0.69537 -0.0330275 0.0704069
0.586121 -0.106441 -0.0708211
0.695369 -0.0232403 0.0704069
0.715241 -0.111324 -0.0708211
0.695367 0.00122782 0.0704069
0.695364 0.0403768 0.0704069
0.625851 -0.116225 0.00222785
0.695364 0.0452704 0.0704069
0.581137 0.113772 0.00222785
0.695363 0.050164 0.0704069
0.571206 0.103984 -0.0416015
0.695363 0.0599513 0.0704069
0.695362 0.0648449 0.0704069
0.730122 0.103997 -0.00264208
0.695361 0.0746322 0.0704069
0.571217 -0.0330374 -0.0416015
0.571214 0.00121793 -0.0221218
0.665562 0.113779 0.0217076
0.586104 0.108879 -0.0708211
0.730125 0.0648477 0.0168376
0.695361 0.0844194 0.0704069
0.6159 0.113775 -0.0416015
0.725157 0.0844218 -0.0708211
0.650663 0.113778 -0.00264208
0.715223 0.113783 0.060667
0.730121 0.113784 0.0168376
0.581154 -0.0917601 0.0704069
0.605981 -0.0526091 -0.0708211
0.640745 -0.0575 -0.0708211
0.69536 0.0991003 0.0704069
0.665563 0.0990979 0.0704069
0.576174 0.0795163 0.0704069
0.581154 -0.0966537 0.0704069
0.665562 0.113779 0.0119677
0.7202 -0.0183447 0.0704069
0.650673 -0.00366936 0.0704069
0.695359 0.108888 0.0704069
0.571216 -0.0281438 0.00222785
0.625833 0.113776 -0.00264208
0.69041 -0.111326 0.0704069
0.591074 0.0648366 -0.0708211
0.665565 0.0746298 0.0704069
0.571207 0.0941967 -0.0708211
0.571223 -0.116229 0.0168376
0.705309 -0.116218 0.0460572
0.630817 -0.116224 0.0119677
0.690409 -0.101539 0.0704069
0.650681 -0.116223 0.00222785
0.610947 -0.0428215 -0.0708211
0.571223 -0.106442 -0.00751201
0.680478 -0.11622 0.0460572
0.610947 -0.0477151 -0.0708211
0.730126 0.0599541 0.0557971
0.591074 0.0550494 -0.0708211
0.60102 -0.116227 0.0557971
0.690407 -0.0721769 0.0704069
0.640744 -0.0526064 -0.0708211
0.670546 -0.111327 0.0704069
0.730131 -0.0134503 -0.0269917
0.690405 -0.0526024 0.0704069
0.635776 -0.023245 -0.0708211
0.705309 -0.111325 -0.0708211
0.571215 -0.00856932 -0.0562113
0.615909 0.00611511 0.0704069
0.620866 0.113775 -0.0708211
0.690402 -0.0036662 0.0704069
0.685442 -0.0868582 -0.0708211
0.690401 0.00122743 0.0704069
0.730138 -0.0966418 0.0119677
0.710273 -0.0868562 0.0704069
0.705291 0.108888 0.0704069
0.60102 -0.116227 0.00222785
0.6904 0.0159083 0.0704069
0.571209 0.064835 -0.0123819
0.690398 0.0403764 0.0704069
0.680469 -0.00366699 -0.0708211
0.620868 0.0893071 0.0704069
0.635783 -0.116224 -0.0562113
0.665579 -0.106434 0.0704069
0.690396 0.0648445 0.0704069
0.730138 -0.0917482 0.00222785
0.695377 -0.116219 0.0704069
0.690395 0.0795254 0.0704069
0.720207 -0.10643 0.0704069
0.66558 -0.116221 0.060667
0.690394 0.0893126 0.0704069
0.690393 0.108887 0.0704069
0.650669 0.0452669 0.0704069
0.645715 -0.111329 -0.0708211
0.675512 -0.116221 -0.0708211
0.630809 -0.0134582 -0.0708211
0.571215 -0.00856932 -0.0221218
0.730128 0.0256987 0.0363174
0.635778 -0.0575004 0.0704069
0.685441 -0.0672837 0.0704069
0.591088 -0.116227 -0.00751201
0.68544 -0.0623901 0.0704069
0.620875 0.0110091 -0.0708211
0.571207 0.0893031 -0.00264208
0.720189 0.113783 0.0217076
0.576178 0.0256864 -0.0708211
0.571221 -0.0819736 0.0655369
0.685442 -0.0819645 0.0704069
0.73013 0.00123059 0.0411873
0.571216 -0.0281438 0.00709778
0.685439 -0.0526028 0.0704069
0.685438 -0.0330283 0.0704069
0.57618 0.00121832 -0.0708211
0.725173 -0.116217 0.0119677
0.685444 -0.106433 0.0704069
0.685437 -0.0281347 0.0704069
0.586118 -0.0672916 0.0704069
0.685437 -0.0232411 0.0704069
0.725155 0.113784 -0.0562113
0.655629 0.113778 0.0509272
0.625841 0.00122228 -0.0708211
0.685437 -0.0183475 0.0704069
0.655642 -0.0477116 -0.0708211
0.596053 -0.101546 -0.0708211
0.591071 0.0941983 -0.0708211
0.685434 0.0110143 0.0704069
0.6904 0.0110147 -0.0708211
0.685434 0.0208015 0.0704069
0.685431 0.0550569 0.0704069
0.571209 0.0599414 -0.00751201
0.68543 0.0599505 0.0704069
0.591088 -0.116227 -0.0708211
0.57122 -0.0721864 -0.0610812
0.715239 -0.0917494 0.0704069
0.730131 -0.00366303 0.0704069
0.715225 0.0942082 0.0704069
0.615918 -0.106438 0.0704069
0.68543 0.0648441 0.0704069
0.660614 -0.116222 0.0168376
0.68543 0.0697377 0.0704069
0.571219 -0.0623992 -0.0367316
0.576185 -0.0575051 0.0704069
0.625837 0.0599457 0.0704069
0.705291 0.113782 0.0119677
0.725156 0.10889 -0.0708211
0.591085 -0.0770784 0.0704069
0.576174 0.0746227 -0.0708211
0.675498 0.0599497 0.0704069
0.620885 -0.116225 -0.0708211
0.625835 0.0795202 0.0704069
0.630799 0.113776 -0.0416015
0.650668 0.0550541 0.0704069
0.720195 0.0354852 0.0704069
0.615904 0.0697322 0.0704069
0.586118 -0.062398 0.0704069
0.725161 0.0354856 0.0704069
0.571208 0.0746223 -0.0708211
0.730129 0.0110178 0.0509272
0.720206 -0.101536 0.0704069
0.625833 0.108882 0.0704069
0.610952 -0.116226 0.060667
0.571206 0.0990904 -0.0708211
0.730132 -0.0232375 -0.0269917
0.596054 -0.116227 0.0217076
0.625843 -0.0232458 0.0704069
0.596044 0.0110071 -0.0708211
0.715238 -0.0721749 0.0704069
0.62088 -0.0623952 0.0704069
0.680462 0.0893118 -0.0708211
0.620874 0.0159028 -0.0708211
0.596046 -0.013461 -0.0708211
0.720204 -0.0770682 0.0704069
0.620877 -0.0232462 0.0704069
0.576175 0.0648354 -0.0708211
0.630815 -0.0966498 -0.0708211
0.73013 0.00123059 0.0119677
0.571216 -0.0281438 0.0168376
0.620876 -0.00856536 0.0704069
0.675494 0.11378 -0.0123819
0.59604 0.0599434 0.0704069
0.660597 0.0942039 0.0704069
0.730138 -0.101535 0.0704069
0.576171 0.113772 0.0509272
0.596049 -0.0526099 0.0704069
0.730132 -0.0183439 0.0314474
0.571218 -0.0526119 0.0265775
0.620884 -0.111331 0.0704069
0.571215 -0.00856932 -0.0708211
0.640745 -0.0575 0.0704069
0.620871 0.0501581 0.0704069
0.620871 0.0599453 0.0704069
0.571216 -0.0183566 0.0509272
0.625851 -0.116225 -0.0513414
0.610948 -0.0575024 0.0704069
0.670543 -0.0819657 0.0704069
0.620868 0.0990943 0.0704069
0.625849 -0.0966502 0.0704069
0.690396 0.0697381 -0.0708211
0.576174 0.0746227 0.0704069
0.571216 -0.0232502 0.0314474
0.650668 0.0501605 0.0704069
0.730124 0.0844222 0.0363174
0.640736 0.0501597 0.0704069
0.571209 0.0697286 -0.0221218
0.620867 0.108882 0.0704069
0.60102 -0.116227 -0.0464714
0.571212 0.0305797 0.0509272
0.700343 -0.116219 0.0168376
0.690399 0.0305892 0.0704069
0.610946 -0.0330343 -0.0708211
0.660595 0.113778 0.0557971
0.571222 -0.0966545 0.0655369
0.705294 0.0746329 0.0704069
0.725163 0.0208047 0.0704069
0.59605 -0.0672908 -0.0708211
0.66061 -0.0672857 0.0704069
0.586117 -0.0575043 -0.0708211
0.571221 -0.0917609 0.0509272
0.571205 0.108878 0.00222785
0.615917 -0.096651 0.0704069
0.620878 -0.0330335 0.0704069
0.680462 0.0844182 0.0704069
0.571213 0.0207924 0.0704069
0.615917 -0.0917573 0.0704069
0.586114 -0.0183554 0.0704069
0.730137 -0.081961 0.0363174
0.571223 -0.116229 -0.0123819
0.615916 -0.0868637 0.0704069
0.670537 -0.0085614 0.0704069
0.655636 0.0305864 0.0704069
0.571214 0.00121793 0.0557971
0.581147 -0.0134621 -0.0708211
0.660614 -0.116222 -0.0416015
0.571218 -0.0526119 -0.0659512
0.645715 -0.116223 0.0168376
0.571221 -0.0819736 0.0704069
0.730136 -0.0721737 -0.0318617
0.615916 -0.0819701 0.0704069
0.615912 -0.0330339 0.0704069
0.586122 -0.116228 0.00222785
0.601002 0.113774 -0.0172519
0.675512 -0.111327 0.0704069
0.700329 0.0550581 0.0704069
0.720198 0.00612342 0.0704069
0.571213 0.0110052 -0.00264208
0.660595 0.113778 -0.0464714
0.695375 -0.091751 0.0704069
0.690393 0.103993 0.0704069
0.660607 -0.0330303 0.0704069
0.57122 -0.0721864 0.0168376
0.730129 0.0208051 0.0655369
0.635771 0.0354784 0.0704069
0.596049 -0.0526099 -0.0708211
0.571214 0.00121793 0.0509272
0.586118 -0.0721852 0.0704069
0.615905 0.0550513 0.0704069
0.640731 0.113777 0.0217076
0.695358 0.113781 0.0411873
0.730123 0.0942094 -0.00264208
0.710259 0.0844206 -0.0708211
0.58611 0.0305808 0.0704069
0.605981 -0.0526091 0.0704069
0.571215 -0.00856932 -0.0659512
0.601016 -0.0623968 0.0704069
0.58611 0.0354745 0.0704069
0.571219 -0.0623992 0.0557971
0.640749 -0.116223 0.0509272
0.581138 0.0990912 -0.0708211
0.675509 -0.0819653 0.0704069
0.571214 -0.00367569 0.00709778
0.610946 -0.0379279 -0.0708211
0.640744 -0.0477128 0.0704069
0.730135 -0.0574929 -0.0367316
0.650676 -0.047712 0.0704069
0.6755 0.0354816 -0.0708211
0.571222 -0.101548 0.0655369
0.581156 -0.116228 -0.0464714
0.615919 -0.116225 0.0168376
0.615904 0.0648386 0.0704069
0.620884 -0.106438 0.0704069
0.571211 0.0452605 -0.0562113
0.655632 0.0844162 0.0704069
0.615908 0.0159024 -0.0708211
0.730137 -0.081961 -0.0464714
0.695377 -0.116219 0.0314474
0.571223 -0.116229 0.0704069
0.730122 0.10889 0.00709778
0.640734 0.0697342 0.0704069
0.571207 0.0844095 -0.0708211
0.615911 -0.0232466 0.0704069
0.571211 0.0452605 0.0314474
0.640731 0.113777 -0.0513414
0.610949 -0.0770769 0.0704069
0.645715 -0.116223 0.0704069
0.730131 -0.00855665 -0.0610812
0.695366 0.0159087 -0.0708211
0.610949 -0.0721832 0.0704069
0.680469 0.00612026 0.0704069
0.675502 0.0159071 -0.0708211
0.700337 -0.047708 -0.0708211
0.571206 0.103984 0.0265775
0.730133 -0.0330248 -0.0221218
0.605986 -0.116226 -0.0318617
0.6755 0.0403752 0.0704069
0.571223 -0.111335 -0.0464714
0.670538 -0.013455 0.0704069
0.670544 -0.091753 0.0704069
0.605986 -0.116226 -0.0610812
0.59107 0.113773 -0.0708211
0.610945 -0.0281406 0.0704069
0.596052 -0.0917589 -0.0708211
0.630817 -0.116224 -0.0416015
0.610942 0.0110083 0.0704069
0.581137 0.113772 0.0119677
0.73014 -0.116216 0.0460572
0.610945 -0.0183534 0.0704069
0.610944 -0.00856615 0.0704069
0.591088 -0.116227 -0.0123819
0.596036 0.10888 0.0704069
0.571214 -0.00367569 -0.0708211
0.620879 -0.0428207 0.0704069
0.605968 0.113774 0.0265775
0.586109 0.0452617 -0.0708211
0.640734 0.0746278 -0.0708211
0.705309 -0.116218 -0.00751201
0.586111 0.0207936 0.0704069
0.720189 0.113783 -0.0513414
0.625836 0.069733 0.0704069
0.610938 0.0697318 0.0704069
0.586112 0.00611274 -0.0708211
0.571221 -0.0917609 -0.0659512
0.610937 0.0746254 0.0704069
0.635765 0.108883 0.0704069
0.605968 0.113774 -0.0562113
0.730123 0.099103 0.0265775
0.680463 0.0795246 -0.0708211
0.650681 -0.116223 0.0509272
0.610935 0.108881 0.0704069
0.705301 -0.0134523 0.0704069
0.71026 0.0697397 0.0704069
0.620875 0.00611551 -0.0708211
0.571207 0.0844095 0.0704069
0.59604 0.0550497 -0.0708211
0.730131 -0.00366303 0.0411873
0.576177 0.0403673 -0.0708211
0.571207 0.0941967 0.0168376
0.635772 0.0207976 -0.0708211
0.571218 -0.0428247 0.0217076
0.576182 -0.0183562 -0.0708211
0.571206 0.103984 -0.0610812
0.605983 -0.0721836 0.0704069
0.730128 0.0305923 0.0655369
0.710261 0.0599525 -0.0708211
0.571222 -0.101548 0.0509272
0.650663 0.113778 0.0509272
0.730121 0.113784 -0.0367316
0.605982 -0.0623964 0.0704069
0.571208 0.0795159 -0.0269917
0.700325 0.113782 0.0557971
0.715232 0.00122941 0.0704069
0.730134 -0.0477056 0.0119677
0.710266 -0.00366461 0.0704069
0.655648 -0.116222 -0.0416015
0.620873 0.02569 -0.0708211
0.645711 -0.0672868 0.0704069
0.68046 0.108886 0.0704069
0.605982 -0.0575028 0.0704069
0.680461 0.103993 0.0704069
0.620883 -0.0966506 -0.0708211
0.660609 -0.0526048 0.0704069
0.605981 -0.0428219 0.0704069
0.571212 0.025686 0.0314474
0.730133 -0.0281311 0.0704069
0.571223 -0.116229 0.0265775
0.605968 0.113774 -0.0659512
0.586108 0.055049 -0.0708211
0.571218 -0.0477183 -0.0123819
0.72517 -0.0770678 0.0704069
0.586106 0.0844107 -0.0708211
0.665564 0.0893106 0.0704069
0.605968 0.113774 -0.00264208
0.730123 0.099103 0.00709778
0.6904 0.0208019 -0.0708211
0.60598 -0.0379283 0.0704069
0.700334 -0.0036654 -0.0708211
0.571218 -0.0428247 -0.0610812
0.730127 0.0452732 -0.0513414
0.605979 -0.028141 0.0704069
0.630805 0.0305844 -0.0708211
0.730131 -0.00366303 -0.0659512
0.596053 -0.101546 0.0704069
0.591071 0.0941983 0.0704069
0.675502 0.00611986 0.0704069
0.705293 0.0893138 0.0704069
0.6159 0.113775 0.0704069
0.730136 -0.0721737 -0.0416015
0.610948 -0.062396 0.0704069
0.690392 0.113781 0.0314474
0.670539 -0.0330295 0.0704069
0.571209 0.064835 -0.0172519
0.640742 -0.0232446 -0.0708211
0.57122 -0.0721864 -0.0172519
0.730137 -0.0868546 0.0314474
0.605979 -0.0183538 0.0704069
0.650676 -0.0428183 0.0704069
0.571205 0.113771 0.0704069
0.605976 0.0110079 0.0704069
0.73013 0.00123059 0.0168376
0.571216 -0.0281438 0.0314474
0.635765 0.108883 -0.0708211
0.620872 0.0403709 -0.0708211
0.69041 -0.106432 -0.0708211
0.571211 0.0403669 0.0655369
0.571221 -0.0917609 0.0704069
0.635783 -0.116224 0.060667
0.615914 -0.057502 0.0704069
0.605976 0.0159016 0.0704069
0.655637 0.0207991 -0.0708211
0.586114 -0.0134618 -0.0708211
0.586106 0.0844107 0.0704069
0.70034 -0.0819634 -0.0708211
0.730129 0.0208051 -0.0513414
0.591084 -0.0672912 -0.0708211
0.67551 -0.0917526 -0.0708211
0.571217 -0.037931 -0.00751201
0.690396 0.0697381 0.0704069
0.68543 0.0648441 -0.0708211
0.660595 0.113778 -0.0367316
0.605974 0.0354761 0.0704069
0.571215 -0.00856932 0.0168376
0.695365 0.0354832 0.0704069
0.586117 -0.0575043 0.0704069
0.605973 0.0452633 0.0704069
0.586122 -0.116228 0.0509272
0.615912 -0.0379275 -0.0708211
0.605971 0.074625 0.0704069
0.571213 0.0207924 -0.0123819
0.730124 0.0795285 -0.0367316
0.60597 0.0844123 0.0704069
0.571212 0.025686 -0.0172519
0.610952 -0.111332 0.0704069
0.60597 0.0893059 0.0704069
0.690399 0.0354828 0.0704069
0.601003 0.103986 0.0704069
0.630814 -0.0770753 0.0704069
0.710262 0.0501652 0.0704069
0.60597 0.0941995 0.0704069
0.571211 0.0403669 0.0119677
0.57122 -0.0672928 -0.0416015
0.620885 -0.116225 0.0168376
0.680477 -0.106433 0.0704069
0.730132 -0.0183439 -0.0562113
0.715241 -0.116218 0.0704069
0.571218 -0.0428247 -0.0464714
0.630816 -0.106437 -0.0708211
0.665566 0.0550553 0.0704069
0.640742 -0.0281383 0.0704069
0.625849 -0.0917565 0.0704069
0.610951 -0.0966513 0.0704069
0.605969 0.0990931 0.0704069
0.730137 -0.0770674 0.0655369
0.571216 -0.0232502 0.00222785
0.660602 0.0256932 0.0704069
0.605969 0.103987 0.0704069
0.571208 0.0746223 0.0119677
0.620875 0.00611551 0.0704069
0.571207 0.0941967 -0.0464714
0.576183 -0.0281434 0.0704069
0.695374 -0.0819637 0.0704069
0.576188 -0.101548 0.0704069
0.625836 0.0746266 -0.0708211
0.710257 0.113782 0.0265775
0.730125 0.0697413 -0.0562113
0.610952 -0.116226 -0.0416015
0.655648 -0.116222 0.0119677
0.586121 -0.106441 0.0704069
0.57121 0.0550478 0.0509272
0.601019 -0.0966521 0.0704069
0.730125 0.0697413 0.060667
0.695361 0.0844194 -0.0708211
0.571209 0.0599414 -0.0172519
0.571221 -0.0819736 -0.0708211
0.73013 0.00612421 -0.0318617
0.680478 -0.11622 0.0265775
0.571214 0.00611155 -0.0269917
0.630805 0.035478 0.0704069
0.571223 -0.116229 -0.0269917
0.660601 0.0501613 -0.0708211
0.685441 -0.0721773 0.0704069
0.571213 0.0110052 0.0265775
0.695377 -0.116219 0.0363174
0.640737 0.0354788 -0.0708211
0.660605 -0.00366857 0.0704069
0.725173 -0.116217 0.00222785
0.571218 -0.0428247 0.0460572
0.601018 -0.0917585 0.0704069
0.601017 -0.0819713 0.0704069
0.685426 0.11378 0.0509272
0.645698 0.10399 0.0704069
0.650679 -0.0868609 0.0704069
0.59107 0.113773 -0.0513414
0.730133 -0.0330248 0.0119677
0.571219 -0.0575055 0.060667
0.645715 -0.116223 -0.0610812
0.62087 0.064839 0.0704069
0.571211 0.0452605 0.0704069
0.730122 0.10889 -0.0464714
0.605971 0.0795186 0.0704069
0.605983 -0.0721836 -0.0708211
0.660595 0.113778 0.0704069
0.665579 -0.101541 0.0704069
0.62087 0.0746262 0.0704069
0.571207 0.0941967 0.0509272
0.601016 -0.0575032 0.0704069
0.571207 0.0844095 0.0557971
0.601015 -0.0526095 0.0704069
0.675507 -0.0574972 -0.0708211
0.685438 -0.0379219 0.0704069
0.601014 -0.0379287 0.0704069
0.730135 -0.0574929 -0.0610812
0.630813 -0.067288 0.0704069
0.571216 -0.0281438 0.0704069
0.655629 0.113778 -0.00751201
0.576179 0.0207928 -0.0708211
0.571218 -0.0477183 0.00709778
0.625838 0.0403713 -0.0708211
0.6159 0.113775 -0.0708211
0.715226 0.0795274 -0.0708211
0.571206 0.103984 0.0217076
0.591077 0.020794 0.0704069
0.605984 -0.0917581 0.0704069
0.571207 0.0844095 -0.0513414
0.725173 -0.116217 -0.0269917
0.571213 0.0110052 -0.0416015
0.670533 0.0501621 0.0704069
0.601013 -0.0281414 0.0704069
0.57122 -0.0721864 -0.0221218
0.685435 0.00122703 0.0704069
0.571213 0.0158988 0.00222785
0.695372 -0.0574956 0.0704069
0.596043 0.025688 -0.0708211
0.675494 0.11378 -0.0221218
0.730134 -0.0477056 -0.0708211
0.645697 0.113777 0.0168376
0.586121 -0.111334 -0.0708211
0.57619 -0.116229 0.0363174
0.610935 0.103987 0.0704069
0.720197 0.0159107 0.0704069
0.571213 0.0158988 0.0704069
0.57619 -0.116229 -0.0123819
0.730129 0.0110178 0.0119677
0.571219 -0.0623992 0.0411873
0.730131 -0.00366303 0.0314474
0.605984 -0.0868645 -0.0708211
0.725169 -0.0623869 0.0704069
0.576176 0.0599418 0.0704069
0.571214 -0.00367569 0.0460572
0.601009 0.0207948 0.0704069
0.730123 0.099103 -0.0610812
0.615913 -0.0428211 -0.0708211
0.586109 0.0403681 0.0704069
0.710264 0.0256971 -0.0708211
0.601009 0.0256884 0.0704069
0.596054 -0.116227 -0.0269917
0.640733 0.084415 -0.0708211
0.601008 0.0403693 0.0704069
0.730123 0.0893158 0.0557971
0.660607 -0.0281367 0.0704069
0.725167 -0.0379188 0.0704069
0.601007 0.0501565 0.0704069
0.58114 0.074623 0.0704069
0.57121 0.0501541 -0.0367316
0.730128 0.0354859 0.0509272
0.586122 -0.116228 0.0168376
0.660601 0.040374 0.0704069
0.601005 0.0795183 0.0704069
0.730123 0.099103 -0.00751201
0.630812 -0.0526072 -0.0708211
0.680462 0.0942055 0.0704069
0.645712 -0.0721805 -0.0708211
0.571207 0.0893031 -0.00751201
0.615908 0.0110087 -0.0708211
0.571207 0.0893031 -0.0562113
0.7053 0.00122861 -0.0708211
0.571217 -0.037931 -0.0172519
0.601004 0.0844119 0.0704069
0.571208 0.0795159 -0.0367316
0.730131 -0.00855665 0.0509272
0.605984 -0.0917581 -0.0708211
0.720189 0.113783 0.0168376
0.670538 -0.0183486 -0.0708211
0.615911 -0.0232466 -0.0708211
0.57121 0.0550478 0.0460572
0.610949 -0.0672896 0.0704069
0.675501 0.0208007 -0.0708211
0.601004 0.0893055 0.0704069
0.601007 0.0501565 -0.0708211
0.571205 0.108878 -0.00751201
0.571209 0.0599414 -0.0708211
0.715233 -0.00855784 0.0704069
0.571215 -0.0134629 -0.0610812
0.601003 0.0941991 -0.0708211
0.730132 -0.0232375 -0.0172519
0.596054 -0.116227 0.060667
0.660605 -0.00856219 0.0704069
0.650664 0.0990967 0.0704069
0.571205 0.113771 -0.0221218
0.615917 -0.101545 0.0704069
0.615901 0.108881 0.0704069
0.571211 0.0403669 -0.0659512
0.610951 -0.101545 0.0704069
0.730123 0.099103 0.0704069
0.615919 -0.116225 -0.0708211
0.715231 0.0159103 0.0704069
0.571205 0.113771 -0.0367316
0.660606 -0.0134558 0.0704069
0.571205 0.108878 -0.0318617
0.601002 0.10888 0.0704069
0.730128 0.0256987 -0.0513414
0.591084 -0.0721848 -0.0708211
0.57122 -0.0672928 0.0119677
0.730123 0.0893158 0.0314474
0.620873 0.0354772 0.0704069
0.710257 0.113782 -0.00264208
0.655648 -0.116222 0.0168376
0.650674 -0.0183502 -0.0708211
0.571221 -0.0819736 -0.0269917
0.635767 0.0893083 -0.0708211
0.69537 -0.0281339 0.0704069
0.660604 0.00122505 -0.0708211
0.601006 0.0648374 0.0704069
0.655629 0.113778 0.0314474
0.725155 0.113784 -0.0708211
0.596049 -0.0575036 0.0704069
0.730131 -0.00855665 -0.0318617
0.6308 0.0942015 -0.0708211
0.730124 0.0844222 0.0217076
0.571206 0.103984 0.0411873
0.571223 -0.111335 -0.00751201
0.730139 -0.106429 -0.0269917
0.625838 0.0403713 0.0704069
0.665562 0.113779 0.00222785
0.610942 0.0207956 0.0704069
0.730124 0.0746349 0.0704069
0.730126 0.0501668 -0.0221218
0.591075 0.0501557 0.0704069
0.725165 -0.00366342 0.0704069
0.61094 0.0452637 0.0704069
0.596048 -0.0428227 0.0704069
0.730123 0.0893158 0.0704069
0.720201 -0.0330256 0.0704069
0.730125 0.0648477 0.0411873
0.71026 0.0697397 -0.0708211
0.596047 -0.0232482 0.0704069
0.571213 0.0158988 0.0460572
0.596042 0.0305816 0.0704069
0.700325 0.113782 -0.0123819
0.571209 0.0599414 0.0557971
0.625834 0.0942011 0.0704069
0.571206 0.103984 -0.0659512
0.596045 0.00121991 0.0704069
0.690397 0.0550573 0.0704069
0.571214 0.00611155 -0.0221218
0.730135 -0.0623865 0.0119677
0.615903 0.0795194 0.0704069
0.596044 0.00611353 0.0704069
0.596043 0.0207944 0.0704069
0.571213 0.0110052 -0.0318617
0.605971 0.074625 -0.0708211
0.596043 0.025688 0.0704069
0.571223 -0.111335 -0.0123819
0.620867 0.108882 -0.0708211
0.730137 -0.0868546 -0.0367316
0.576182 -0.0232498 0.0704069
0.596036 0.113773 -0.00751201
0.581148 -0.0232494 0.0704069
0.571214 0.00611155 -0.0708211
0.571216 -0.0232502 -0.0269917
0.650675 -0.0281375 0.0704069
0.615901 0.103988 0.0704069
0.57122 -0.0721864 0.00222785
0.665562 0.113779 0.00709778
0.601016 -0.0672904 0.0704069
0.675508 -0.0672845 0.0704069
0.710258 0.103995 0.0704069
0.685444 -0.11622 0.00709778
0.605978 -0.00856655 0.0704069
0.571216 -0.0232502 0.0119677
0.675512 -0.116221 0.0655369
0.730134 -0.042812 -0.0269917
0.581147 -0.00856853 0.0704069
0.675511 -0.0966462 0.0704069
0.601013 -0.0232478 -0.0708211
0.571223 -0.111335 -0.0562113
0.581138 0.103985 0.0704069
0.625837 0.0550521 0.0704069
0.685432 0.0354824 0.0704069
0.635766 0.103989 -0.0708211
0.571217 -0.0330374 -0.0318617
0.645707 -0.00856338 0.0704069
0.695373 -0.0721765 -0.0708211
0.655645 -0.0770733 -0.0708211
0.690407 -0.0672833 0.0704069
0.650678 -0.0770737 -0.0708211
0.581139 0.0941975 0.0704069
0.720194 0.0550596 -0.0708211
0.571214 0.00611155 -0.0610812
0.695372 -0.0574956 -0.0708211
0.581143 0.0452613 0.0704069
0.610948 -0.062396 -0.0708211
0.710266 0.00122901 -0.0708211
0.705309 -0.116218 -0.00264208
0.610945 -0.0183534 -0.0708211
0.571208 0.0746223 0.0314474
0.58612 -0.0966533 0.0704069
0.571209 0.0599414 -0.0659512
0.635782 -0.101543 -0.0708211
0.730123 0.0942094 -0.0367316
0.586109 0.0452617 0.0704069
0.57122 -0.0721864 0.0314474
0.610934 0.113774 0.0704069
0.571205 0.108878 -0.0416015
0.730135 -0.0525992 -0.0221218
0.615903 0.0746258 0.0704069
0.581146 0.00121872 0.0704069
0.586113 -0.00856813 -0.0708211
0.69536 0.0942066 0.0704069
0.615908 0.020796 0.0704069
0.571209 0.0697286 -0.0659512
0.700325 0.113782 0.0704069
0.670532 0.0599493 0.0704069
0.605982 -0.06729 0.0704069
0.571212 0.025686 0.00709778
0.596036 0.103986 0.0704069
0.610952 -0.116226 0.0704069
0.596046 -0.0183546 0.0704069
0.730126 0.0599541 0.00709778
0.58612 -0.0917597 -0.0708211
0.730131 -0.00366303 -0.0172519
0.605984 -0.0819709 0.0704069
0.675494 0.11378 0.0704069
0.571218 -0.0526119 0.0314474
0.601005 0.0746246 0.0704069
0.715235 -0.0330259 -0.0708211
0.625851 -0.116225 -0.0123819
0.571216 -0.0183566 -0.0464714
0.640744 -0.0526064 0.0704069
0.640731 0.113777 0.0509272
0.730122 0.103997 0.0704069
0.571212 0.025686 -0.0221218
0.571213 0.0110052 0.0655369
0.650669 0.0403732 0.0704069
0.725159 0.0599537 -0.0708211
0.725156 0.0991026 0.0704069
0.576184 -0.0428243 0.0704069
0.710275 -0.116218 -0.0464714
0.625843 -0.0134586 0.0704069
0.581143 0.0403677 0.0704069
0.730135 -0.0525992 -0.0708211
0.730122 0.103997 -0.0513414
0.61591 -0.00856575 0.0704069
0.730135 -0.0574929 -0.00751201
0.710258 0.0942078 -0.0708211
0.620874 0.0207964 -0.0708211
0.635783 -0.11133 0.0704069
0.571213 0.0110052 0.0363174
0.730124 0.0844222 0.0314474
0.586111 0.0207936 -0.0708211
0.635772 0.0256912 0.0704069
0.60102 -0.116227 0.0217076
0.71524 -0.096643 -0.0708211
0.571211 0.0354733 -0.0562113
0.571222 -0.101548 0.0704069
0.596045 -0.00367372 0.0704069
0.640735 0.0648406 0.0704069
0.645704 0.0305856 0.0704069
0.625845 -0.0379267 0.0704069
0.715236 -0.0477068 0.0704069
0.730121 0.113784 -0.00751201
0.650663 0.113778 0.0704069
0.685439 -0.0477092 -0.0708211
0.571221 -0.0917609 0.00709778
0.620879 -0.0477143 0.0704069
0.571206 0.0990904 -0.00264208
0.660614 -0.116222 0.0655369
0.715238 -0.0770685 0.0704069
0.615911 -0.018353 0.0704069
0.586105 0.0893043 0.0704069
0.581146 0.011006 0.0704069
0.695358 0.113781 -0.0269917
0.730122 0.103997 -0.0367316
0.605968 0.10888 0.0704069
0.586111 0.0256872 -0.0708211
0.705304 -0.0574948 0.0704069
0.586122 -0.116228 -0.0416015
0.650671 0.0110115 0.0704069
0.59107 0.113773 -0.0269917
0.605986 -0.111333 0.0704069
0.640731 0.113777 -0.0269917
0.620879 -0.0477143 -0.0708211
0.720189 0.113783 -0.0416015
0.680467 0.0208011 -0.0708211
0.59605 -0.0623972 0.0704069
0.675495 0.103992 0.0704069
0.680476 -0.0917522 0.0704069
0.670546 -0.116221 -0.0172519
0.591088 -0.116227 0.0704069
0.57618 0.00611194 0.0704069
0.57122 -0.0721864 0.0704069
0.715234 -0.0281323 0.0704069
0.571211 0.0403669 -0.0708211
0.665562 0.113779 0.0460572
0.586112 0.00611274 0.0704069
0.571221 -0.0917609 -0.0123819
0.620866 0.113775 -0.0659512
0.730127 0.0403796 0.00222785
0.60598 -0.0330347 -0.0708211
0.725158 0.0746345 0.0704069
0.576186 -0.0672924 0.0704069
0.571218 -0.0428247 -0.0269917
0.601003 0.103986 -0.0708211
0.650681 -0.116223 0.060667
0.730138 -0.0917482 0.0265775
0.695377 -0.116219 -0.00264208
0.59108 -0.018355 -0.0708211
0.675506 -0.0428164 0.0704069
0.705309 -0.116218 -0.0269917
0.571208 0.0746223 -0.0416015
0.715231 0.00612303 0.0704069
0.581142 0.0501549 0.0704069
0.635772 0.0207976 0.0704069
0.730131 -0.0134503 0.0265775
0.571221 -0.0868673 0.0509272
0.650681 -0.116223 0.0119677
0.581137 0.113772 0.0363174
0.73014 -0.116216 0.0704069
0.601002 0.113774 0.0411873
0.635776 -0.023245 0.0704069
0.596045 0.00121991 -0.0708211
0.710257 0.113782 0.0314474
0.730125 0.0697413 -0.00264208
0.655648 -0.116222 0.0557971
0.690404 -0.0281343 0.0704069
0.650671 0.0159051 0.0704069
0.675501 0.0256943 -0.0708211
0.571221 -0.0917609 0.0363174
0.72517 -0.0770678 -0.0708211
0.690392 0.113781 0.0363174
0.605977 0.0012207 0.0704069
0.581141 0.0648358 0.0704069
0.571211 0.0354733 -0.0610812
0.700336 -0.0330271 0.0704069
0.690403 -0.0183471 0.0704069
0.581156 -0.116228 0.0363174
0.571216 -0.0281438 -0.0708211
0.571211 0.0403669 0.0704069
0.730132 -0.0232375 -0.0708211
0.710257 0.113782 0.0217076
0.630806 0.0256908 -0.0708211
0.655648 -0.116222 0.0411873
0.695369 -0.013453 0.0704069
0.571215 -0.0134629 0.0168376
0.730129 0.0159115 -0.0416015
0.715228 0.0501656 -0.0708211
0.620885 -0.116225 0.00709778
0.720202 -0.0477064 0.0704069
0.61094 0.0354764 0.0704069
0.601014 -0.0428223 0.0704069
0.576181 -0.0134625 0.0704069
0.650673 -0.0134566 -0.0708211
0.571206 0.103984 -0.0123819
0.635782 -0.0966494 0.0704069
0.730121 0.113784 0.0704069
0.685429 0.079525 0.0704069
0.57122 -0.0721864 -0.0269917
0.596038 0.0795179 0.0704069
0.571213 0.0110052 0.0168376
0.69041 -0.106432 0.0704069
0.725173 -0.116217 -0.0123819
0.571205 0.108878 0.0557971
0.586105 0.0941979 0.0704069
0.571218 -0.0477183 0.0704069
0.60102 -0.116227 0.0265775
0.57122 -0.07708 -0.0269917
0.68046 0.11378 0.0704069
0.605972 0.0648378 0.0704069
0.650681 -0.116223 0.0655369
0.581142 0.0599422 -0.0708211
0.730135 -0.0525992 0.0704069
0.725165 -0.00366342 -0.0708211
0.620875 0.00122189 0.0704069
0.720204 -0.0770682 -0.0708211
0.586107 0.0648362 -0.0708211
0.630813 -0.0721816 0.0704069
0.571217 -0.0330374 0.00222785
0.571221 -0.0819736 -0.00264208
0.586114 -0.023249 0.0704069
0.655638 0.00611828 -0.0708211
0.640731 0.108883 0.0704069
0.71523 0.0256975 0.0704069
0.730131 -0.0134503 -0.0221218
0.605973 0.0501569 0.0704069
0.695372 -0.0623893 0.0704069
0.710271 -0.0672817 -0.0708211
0.610934 0.113774 -0.0513414
0.591086 -0.0917593 -0.0708211
0.571218 -0.0428247 0.0314474
0.60102 -0.116227 0.0119677
0.650663 0.113778 -0.0172519
0.59605 -0.0672908 0.0704069
0.620876 -0.00367174 0.0704069
0.695365 0.0256959 0.0704069
0.571208 0.0795159 -0.0416015
0.650664 0.10399 -0.0708211
0.730133 -0.0379184 -0.0269917
0.620874 0.0159028 0.0704069
0.571205 0.108878 0.0168376
0.730122 0.10889 0.060667
0.596046 -0.013461 0.0704069
0.571213 0.0207924 -0.0318617
0.571214 0.00611155 0.0704069
0.601002 0.113774 0.0704069
0.58114 0.074623 -0.0708211
0.645715 -0.116223 -0.0269917
0.670539 -0.0232423 0.0704069
0.581139 0.0893039 0.0704069
0.576188 -0.101548 -0.0708211
0.670538 -0.0183486 0.0704069
0.576177 0.0354737 0.0704069
0.640739 0.0110107 -0.0708211
0.610935 0.0990935 0.0704069
0.730131 -0.00366303 0.0265775
0.695366 0.0208023 0.0704069
0.571218 -0.0428247 0.0704069
0.68046 0.11378 0.00709778
0.60598 -0.0330347 0.0704069
0.596051 -0.0721844 0.0704069
0.730134 -0.0477056 0.0217076
0.66557 0.00611907 0.0704069
0.57122 -0.0721864 0.0655369
0.730136 -0.0672801 -0.0123819
0.581149 -0.0330366 0.0704069
0.730135 -0.0574929 0.00222785
0.710266 0.00122901 0.0704069
0.730135 -0.0574929 0.0509272
0.591087 -0.101547 0.0704069
0.630803 0.0599461 0.0704069
0.705291 0.113782 0.0460572
0.586116 -0.0477171 0.0704069
0.571205 0.108878 -0.0172519
0.730129 0.0110178 0.0265775
0.571219 -0.0623992 0.0509272
0.620885 -0.116225 0.0704069
0.620882 -0.0770761 0.0704069
0.571213 0.0110052 0.0704069
0.586122 -0.116228 0.0655369
0.576179 0.0110056 0.0704069
0.571221 -0.0868673 0.0217076
0.705306 -0.081963 0.0704069
0.615919 -0.116225 0.0363174
0.645704 0.025692 -0.0708211
0.700332 0.0256963 -0.0708211
0.571213 0.0158988 0.0363174
0.685444 -0.11622 0.0704069
0.57619 -0.116229 0.00222785
0.59108 -0.0134614 0.0704069
0.596039 0.0697306 0.0704069
0.665562 0.113779 -0.00751201
0.635781 -0.0868621 0.0704069
0.571217 -0.037931 0.0704069
0.725161 0.0452728 0.0704069
0.730137 -0.0868546 0.00709778
0.67054 -0.0379231 0.0704069
0.625833 0.113776 0.0509272
0.571211 0.0452605 0.0460572
0.60102 -0.116227 -0.0416015
0.571212 0.0305797 0.0704069
0.715235 -0.0428132 0.0704069
0.591088 -0.111334 0.0704069
0.695363 0.0550577 0.0704069
0.66061 -0.0721793 0.0704069
0.601012 -0.0134606 0.0704069
0.576179 0.0207928 0.0704069
0.581137 0.113772 0.0314474
0.73014 -0.116216 0.0509272
0.59604 0.064837 0.0704069
0.615903 0.0844131 0.0704069
0.571213 0.0158988 -0.0659512
0.725162 0.0305919 0.0704069
0.571214 0.00121793 0.0704069
0.730123 0.099103 0.0217076
0.61095 -0.0868641 -0.0708211
0.605968 0.113774 -0.0708211
0.571214 0.00611155 -0.00751201
0.581153 -0.0770792 -0.0708211
0.576172 0.108878 -0.0708211
0.645715 -0.116223 0.0217076
0.655642 -0.0477116 0.0704069
0.586105 0.0893043 -0.0708211
0.685429 0.0746314 0.0704069
0.680468 0.0110139 0.0704069
0.615905 0.059945 0.0704069
0.680473 -0.0526032 0.0704069
0.655643 -0.0526052 0.0704069
0.571213 0.0110052 -0.00751201
0.665562 0.113779 -0.0318617
0.610942 0.0207956 -0.0708211
0.730133 -0.0379184 -0.0562113
0.581145 0.0207932 0.0704069
0.705298 0.0159095 -0.0708211
0.57122 -0.07708 0.0557971
0.660597 0.0990975 0.0704069
0.665578 -0.0868597 0.0704069
0.630804 0.0452653 0.0704069
0.645706 -0.00366976 -0.0708211
0.62087 0.0697326 0.0704069
0.665564 0.084417 0.0704069
0.571216 -0.0183566 0.0460572
0.571216 -0.0183566 0.0704069
0.62088 -0.0623952 -0.0708211
0.586104 0.103985 -0.0708211
0.725157 0.094209 0.0704069
0.730138 -0.101535 -0.0708211
0.690404 -0.0379215 -0.0708211
0.571218 -0.0477183 -0.0269917
0.581138 0.103985 -0.0708211
0.58612 -0.0917597 0.0704069
0.58115 -0.0477175 0.0704069
0.730124 0.0844222 -0.00751201
0.596038 0.0844115 0.0704069
0.710257 0.113782 0.00709778
0.730125 0.0697413 -0.0269917
0.655648 -0.116222 0.0314474
0.675508 -0.0623908 0.0704069
0.730132 -0.0183439 -0.0221218
0.571218 -0.0428247 -0.0562113
0.635768 0.0746274 -0.0708211
0.730124 0.0795285 -0.0659512
0.596039 0.0746242 -0.0708211
0.620866 0.113775 -0.0172519
0.730127 0.0403796 -0.0464714
0.725158 0.0795281 -0.0708211
0.571211 0.0354733 0.0704069
0.730133 -0.0330248 -0.0708211
0.720207 -0.116217 0.0655369
0.710275 -0.116218 -0.0562113
0.660601 0.040374 -0.0708211
0.645715 -0.116223 0.0265775
0.690409 -0.096645 0.0704069
0.586116 -0.0428235 0.0704069
0.571221 -0.0868673 0.0168376
0.650668 0.0501605 -0.0708211
0.571209 0.0697286 0.0460572
0.615906 0.0452641 -0.0708211
0.59107 0.113773 0.0411873
0.571219 -0.0575055 -0.0269917
0.695369 -0.0183467 -0.0708211
0.690399 0.0256955 0.0704069
0.571215 -0.0134629 0.0655369
0.730122 0.103997 -0.0659512
0.620877 -0.013459 0.0704069
0.601002 0.113774 0.0509272
0.730128 0.0354859 -0.0708211
0.591076 0.0354749 0.0704069
0.635779 -0.0672876 -0.0708211
0.685443 -0.101539 0.0704069
0.571208 0.0795159 0.0217076
0.581142 0.0550486 0.0704069
0.675504 -0.008561 -0.0708211
0.650674 -0.0232439 -0.0708211
0.57122 -0.07708 -0.0172519
0.586103 0.113772 -0.0416015
0.620884 -0.101544 0.0704069
0.640732 0.0990959 -0.0708211
0.630801 0.0795206 0.0704069
0.730124 0.0746349 -0.00751201
0.680463 0.0697373 0.0704069
0.605972 0.0599442 0.0704069
0.581144 0.0256868 0.0704069
0.650681 -0.116223 -0.0610812
0.635777 -0.0330323 0.0704069
0.610951 -0.0966513 -0.0708211
0.605969 0.0990931 -0.0708211
0.655637 0.0207991 0.0704069
0.571207 0.0893031 0.0704069
0.596054 -0.116227 0.0704069
0.690395 0.0746318 0.0704069
0.700337 -0.0379208 -0.0708211
0.605973 0.0452633 -0.0708211
0.670544 -0.0868594 0.0704069
0.655632 0.0795226 -0.0708211
0.720198 0.0012298 -0.0708211
0.645699 0.0893091 -0.0708211
0.700328 0.0746325 0.0704069
0.605968 0.10888 -0.0708211
0.601003 0.0941991 0.0704069
0.591086 -0.0868657 0.0704069
0.576177 0.0452609 -0.0708211
0.670546 -0.116221 0.0217076
0.620872 0.0403709 0.0704069
0.720195 0.0403788 0.0704069
0.710275 -0.116218 -0.0367316
0.645715 -0.116223 0.00709778
0.73013 0.00612421 -0.00264208
0.576175 0.069729 0.0704069
0.695376 -0.106432 0.0704069
0.690394 0.0942062 0.0704069
0.615907 0.0354768 0.0704069
0.571222 -0.0966545 0.0119677
0.730133 -0.0281311 0.0119677
0.571212 0.025686 0.0704069
0.571207 0.0893031 -0.0221218
0.620878 -0.0281398 -0.0708211
0.665562 0.113779 -0.0562113
0.63578 -0.0819685 -0.0708211
0.61591 -0.00367213 0.0704069
0.571207 0.0893031 0.0460572
0.615905 0.0501577 0.0704069
0.581148 -0.0183558 0.0704069
0.720207 -0.116217 -0.0513414
0.571218 -0.0526119 -0.0172519
0.586111 0.0256872 0.0704069
0.6755 0.0403752 -0.0708211
0.645713 -0.0868613 -0.0708211
0.635782 -0.106437 0.0704069
0.57121 0.0501541 0.0460572
0.640737 0.0403724 -0.0708211
0.68544 -0.0574964 0.0704069
0.650673 -0.0134566 0.0704069
0.730133 -0.0281311 0.0509272
0.571212 0.025686 0.0119677
0.635777 -0.0379259 -0.0708211
0.591079 0.00121951 0.0704069
0.67053 0.089311 0.0704069
0.62087 0.0697326 -0.0708211
0.73013 0.00123059 -0.0172519
0.571216 -0.0281438 -0.0367316
0.605984 -0.0868645 0.0704069
0.57121 0.0550478 -0.0367316
0.620882 -0.0868633 0.0704069
0.571214 -0.00367569 0.0704069
0.730129 0.0159115 0.0460572
0.630815 -0.0917561 0.0704069
0.720192 0.0795278 -0.0708211
0.700325 0.113782 0.00222785
0.571209 0.0599414 0.0704069
0.635778 -0.0477131 -0.0708211
0.645703 0.0354792 -0.0708211
0.591088 -0.116227 -0.0513414
0.630814 -0.0770753 -0.0708211
0.640743 -0.0330319 -0.0708211
0.571221 -0.0819736 0.060667
0.695365 0.0305896 0.0704069
0.576177 0.0354737 -0.0708211
0.571205 0.108878 0.0704069
0.596048 -0.0379291 0.0704069
0.645697 0.113777 0.0509272
0.635777 -0.0330323 -0.0708211
0.591083 -0.0526103 -0.0708211
0.685444 -0.11622 0.0217076
0.591077 0.0159004 0.0704069
0.610934 0.113774 -0.0610812
0.660612 -0.0917538 -0.0708211
0.660595 0.113778 -0.00751201
0.625835 0.0844139 0.0704069
0.625833 0.113776 0.0265775
0.571211 0.0452605 0.0265775
0.650672 0.00122426 0.0704069
0.57122 -0.07708 -0.0708211
0.675499 0.0452688 0.0704069
0.596047 -0.0330354 0.0704069
0.586108 0.0599426 0.0704069
0.630799 0.113776 -0.0221218
0.571218 -0.0477183 0.0265775
0.581146 0.00611234 0.0704069
0.730124 0.0795285 0.0314474
0.620873 0.02569 0.0704069
0.690411 -0.116219 0.0704069
0.571208 0.0746223 -0.0610812
0.645698 0.10399 -0.0708211
0.650679 -0.0868609 -0.0708211
0.58114 0.0844103 0.0704069
0.625833 0.113776 -0.0610812
0.64571 -0.0477124 -0.0708211
0.610944 -0.0134598 0.0704069
0.571211 0.0452605 -0.0318617
0.640743 -0.0330319 0.0704069
0.645706 -0.00366976 0.0704069
0.730132 -0.0232375 -0.0221218
0.596054 -0.116227 0.0557971
0.680471 -0.0183479 0.0704069
0.571223 -0.116229 -0.0708211
0.67053 0.0844174 -0.0708211
0.571207 0.0893031 -0.0172519
0.650681 -0.116223 0.0704069
0.730131 -0.0134503 0.0704069
0.571221 -0.0868673 0.00222785
0.730138 -0.0917482 0.0217076
0.695377 -0.116219 0.00222785
0.605982 -0.0623964 -0.0708211
0.571214 -0.00367569 -0.0318617
0.620883 -0.0966506 0.0704069
0.685444 -0.11622 -0.0562113
0.57619 -0.116229 -0.0172519
0.581145 0.0207932 -0.0708211
0.571215 -0.00856932 -0.0610812
0.596051 -0.077078 0.0704069
0.57122 -0.07708 0.00222785
0.655636 0.0256928 0.0704069
0.601017 -0.072184 -0.0708211
0.571216 -0.0281438 0.060667
0.581139 0.0941975 -0.0708211
0.71524 -0.096643 0.0704069
0.576176 0.0501545 0.0704069
0.730129 0.0110178 0.0217076
0.635766 0.0942019 0.0704069
0.640749 -0.116223 0.0704069
0.730125 0.0648477 -0.0367316
0.615912 -0.0330339 -0.0708211
0.605972 0.0697314 0.0704069
0.715241 -0.116218 0.0168376
0.66558 -0.116221 0.00222785
0.625842 -0.00367134 -0.0708211
0.730132 -0.0232375 0.0363174
0.605985 -0.101545 -0.0708211
0.61591 -0.00367213 -0.0708211
0.620882 -0.0819697 0.0704069
0.601005 0.069731 -0.0708211
0.720207 -0.116217 0.0265775
0.705295 0.0648457 0.0704069
0.680465 0.0501629 0.0704069
0.61095 -0.0819705 0.0704069
0.571214 0.00611155 0.060667
0.670532 0.0648429 0.0704069
0.571211 0.0403669 -0.0513414
0.720207 -0.116217 0.0217076
0.605968 0.113774 -0.0269917
0.730122 0.10889 0.0704069
0.610943 0.00611472 0.0704069
0.730122 0.103997 0.0411873
0.596044 0.0159008 0.0704069
0.630811 -0.0379263 0.0704069
0.690397 0.0599509 -0.0708211
0.625833 0.108882 -0.0708211
0.576171 0.113772 0.060667
0.571213 0.0207924 -0.0513414
0.650675 -0.0379247 0.0704069
0.615909 0.00611511 -0.0708211
0.571207 0.0941967 -0.0610812
0.596054 -0.116227 0.0119677
0.57122 -0.07708 0.0704069
0.710275 -0.116218 -0.0172519
0.576172 0.108878 0.0704069
0.581153 -0.0770792 0.0704069
0.571211 0.0452605 0.0217076
0.591084 -0.0672912 0.0704069
0.730128 0.0256987 -0.0123819
0.650671 0.0159051 -0.0708211
0.670533 0.0452684 0.0704069
0.571216 -0.0281438 0.0411873
0.605968 0.113774 0.0217076
0.730123 0.099103 -0.0659512
0.620877 -0.0183526 0.0704069
0.680461 0.0990991 0.0704069
0.625851 -0.116225 0.0119677
0.571221 -0.0917609 0.0655369
0.586115 -0.0330362 0.0704069
0.700343 -0.116219 0.00222785
0.650681 -0.116223 0.0411873
0.635773 0.00611669 -0.0708211
0.630808 0.00122268 -0.0708211
0.571205 0.108878 0.0411873
0.625844 -0.0330331 -0.0708211
0.690411 -0.116219 -0.0416015
0.705308 -0.101537 0.0704069
0.615905 0.059945 -0.0708211
0.630817 -0.116224 0.0168376
0.685444 -0.11622 -0.0513414
0.586121 -0.101547 0.0704069
0.630799 0.113776 0.0217076
0.730131 -0.0134503 -0.0708211
0.620871 0.0550517 -0.0708211
0.655643 -0.0526052 -0.0708211
0.576173 0.0893035 0.0704069
0.581155 -0.106441 0.0704069
0.730138 -0.0917482 0.0509272
0.695377 -0.116219 -0.0659512
0.645715 -0.106436 0.0704069
0.710271 -0.0623881 0.0704069
0.725166 -0.0232379 0.0704069
0.571212 0.0305797 -0.0416015
0.591087 -0.10644 -0.0708211
0.695368 -0.0036658 0.0704069
0.57122 -0.0672928 0.0704069
0.730127 0.0452732 0.0119677
0.60598 -0.0379283 -0.0708211
0.630816 -0.101543 -0.0708211
0.571216 -0.0281438 -0.0513414
0.581156 -0.116228 0.0314474
0.615919 -0.116225 -0.0269917
0.695367 0.0110151 -0.0708211
0.650664 0.10399 0.0704069
0.690404 -0.0379215 0.0704069
0.685443 -0.0966454 -0.0708211
0.710261 0.0550589 0.0704069
0.586121 -0.111334 0.0704069
0.730138 -0.0917482 -0.00264208
0.620869 0.0795198 0.0704069
0.62585 -0.111331 0.0704069
0.660602 0.0354804 0.0704069
0.596037 0.0941987 0.0704069
0.571214 0.00611155 0.0314474
0.645697 0.113777 -0.0416015
0.630815 -0.0966498 0.0704069
0.576176 0.0550482 0.0704069
0.620866 0.113775 0.0655369
0.730126 0.0501668 0.0265775
0.650678 -0.0672864 0.0704069
0.610936 0.0941999 0.0704069
0.700325 0.103994 -0.0708211
0.670536 0.00611946 0.0704069
0.625833 0.113776 0.0217076
0.710274 -0.101537 0.0704069
0.57121 0.0550478 0.0168376
0.640735 0.0648406 -0.0708211
0.665572 -0.0134554 0.0704069
0.715237 -0.0623877 -0.0708211
0.596044 0.0110071 0.0704069
0.645709 -0.0379251 0.0704069
0.571211 0.0452605 0.0168376
0.665571 -0.00366817 -0.0708211
0.571222 -0.0966545 0.0704069
0.581152 -0.067292 0.0704069
0.720207 -0.116217 -0.0221218
0.591073 0.0697302 0.0704069
0.640731 0.113777 -0.0708211
0.67053 0.0844174 0.0704069
0.571207 0.0941967 0.0314474
0.650666 0.0795222 0.0704069
0.625851 -0.116225 -0.0172519
0.571215 -0.0134629 0.0704069
0.680473 -0.0477096 0.0704069
0.571211 0.0403669 -0.0367316
0.720207 -0.116217 0.00222785
0.635783 -0.116224 -0.0172519
0.730133 -0.0281311 -0.0318617
0.571212 0.025686 -0.0708211
0.591083 -0.0477167 0.0704069
0.571205 0.113771 0.0168376
0.62088 -0.0575016 0.0704069
0.655644 -0.0672861 0.0704069
0.640734 0.0795214 0.0704069
0.665562 0.113779 0.0265775
0.586113 -0.00367451 -0.0708211
0.586104 0.103985 0.0704069
0.571208 0.0795159 0.0363174
0.601005 0.0795183 -0.0708211
0.645699 0.0942027 -0.0708211
0.65068 -0.101542 -0.0708211
0.700327 0.0795262 0.0704069
0.695365 0.0256959 -0.0708211
0.586107 0.0648362 0.0704069
0.615912 -0.0379275 0.0704069
0.680465 0.0550565 0.0704069
0.685427 0.0990995 -0.0708211
0.675505 -0.0281355 0.0704069
0.730126 0.0599541 0.0704069
0.630816 -0.101543 0.0704069
0.655629 0.113778 0.0704069
0.605973 0.0550505 0.0704069
0.660596 0.108885 0.0704069
0.665578 -0.096647 0.0704069
0.710275 -0.116218 -0.0610812
0.645715 -0.116223 0.0314474
0.665563 0.0942043 0.0704069
0.601006 0.0648374 -0.0708211
0.730136 -0.0672801 0.0704069
0.655632 0.0795226 0.0704069
0.571214 -0.00367569 -0.0513414
0.700343 -0.116219 0.0557971
0.710261 0.0648461 0.0704069
0.581149 -0.028143 0.0704069
0.591074 0.0550494 0.0704069
0.571219 -0.0623992 -0.0708211
0.640742 -0.0232446 0.0704069
0.655637 0.0159055 0.0704069
0.720189 0.113783 0.060667
0.571223 -0.106442 0.0217076
0.655637 0.0159055 -0.0708211
0.571205 0.108878 -0.0464714
0.620882 -0.0819697 -0.0708211
0.571223 -0.111335 0.060667
0.586113 -0.00856813 0.0704069
0.675509 -0.0770717 0.0704069
0.571217 -0.0330374 -0.0610812
0.610944 -0.00856615 -0.0708211
0.705296 0.0501648 -0.0708211
0.571206 0.0990904 0.060667
0.571209 0.0697286 0.00222785
0.665566 0.0599489 0.0704069
0.66558 -0.116221 0.0655369
0.640741 -0.00856378 -0.0708211
0.675503 -0.00366738 0.0704069
0.61591 -0.0134594 0.0704069
0.571212 0.0305797 -0.0610812
0.586107 0.0697298 0.0704069
0.635768 0.079521 0.0704069
0.640748 -0.101543 0.0704069
0.571214 0.00611155 0.0655369
0.620881 -0.0672888 0.0704069
0.715241 -0.116218 -0.0318617
0.571218 -0.0526119 0.0509272
0.615901 0.0990939 0.0704069
0.65563 0.108884 0.0704069
0.725155 0.113784 -0.0416015
0.576186 -0.0770796 0.0704069
0.576186 -0.0672924 -0.0708211
0.57122 -0.07708 -0.0562113
0.68046 0.11378 0.0265775
0.586117 -0.0526107 0.0704069
0.625847 -0.072182 0.0704069
0.665574 -0.0428171 -0.0708211
0.6606 0.0550549 0.0704069
0.591074 0.0648366 0.0704069
0.725162 0.0256983 -0.0708211
0.620866 0.113775 0.0704069
0.685427 0.0990995 0.0704069
0.581153 -0.0819729 -0.0708211
0.576171 0.113772 -0.0708211
0.730139 -0.106429 0.060667
0.640741 -0.00856378 0.0704069
0.591072 0.0893047 0.0704069
0.57121 0.0501541 -0.0708211
0.680472 -0.042816 -0.0708211
0.586122 -0.116228 0.0265775
0.685434 0.0159079 0.0704069
0.596037 0.0990923 0.0704069
0.586111 0.0159 0.0704069
0.675499 0.0501625 -0.0708211
0.640735 0.0599469 -0.0708211
0.720205 -0.0819618 -0.0708211
0.591084 -0.0721848 0.0704069
0.6755 0.0354816 0.0704069
0.630799 0.113776 -0.0708211
0.630815 -0.0868625 0.0704069
0.586122 -0.116228 -0.0659512
0.675502 0.00611986 -0.0708211
0.571214 0.00121793 -0.0172519
0.715231 0.0159103 -0.0708211
0.571208 0.0746223 0.00709778
0.596042 0.0305816 -0.0708211
0.605975 0.0305824 0.0704069
0.700331 0.0305899 -0.0708211
0.630808 -0.00856457 -0.0708211
0.571222 -0.101548 0.00222785
0.581156 -0.116228 -0.0562113
0.620884 -0.106438 -0.0708211
0.615919 -0.116225 0.0265775
0.591077 0.0256876 0.0704069
0.670528 0.113779 0.0704069
0.730129 0.0110178 -0.0123819
0.630803 0.0550525 0.0704069
0.571216 -0.0281438 0.0460572
0.655646 -0.0966478 0.0704069
0.571205 0.108878 0.060667
0.571221 -0.0917609 -0.00751201
0.725156 0.103996 0.0704069
0.730128 0.0354859 -0.0659512
0.71523 0.0305911 0.0704069
0.670546 -0.111327 -0.0708211
0.596054 -0.111333 0.0704069
0.591072 0.0795175 0.0704069
0.625834 0.0893075 0.0704069
0.630817 -0.116224 0.0704069
0.635771 0.0305848 0.0704069
0.571216 -0.0281438 0.0217076
0.685441 -0.0770709 0.0704069
0.730137 -0.0770674 0.0363174
0.571216 -0.0232502 0.0704069
0.571218 -0.0477183 -0.00751201
0.591073 0.0746238 0.0704069
0.680463 0.074631 -0.0708211
0.660604 0.0110123 0.0704069
0.725172 -0.0917486 0.0704069
0.72019 0.0991022 0.0704069
0.586115 -0.0281426 -0.0708211
0.591082 -0.0428231 -0.0708211
0.720195 0.0452724 0.0704069
0.695358 0.113781 -0.0416015
0.730122 0.103997 -0.0221218
0.586109 0.0501553 0.0704069
0.730126 0.0599541 0.0119677
0.591074 0.059943 0.0704069
0.571217 -0.0330374 -0.0464714
0.675495 0.0942051 0.0704069
0.680477 -0.0966458 0.0704069
0.660612 -0.0966474 0.0704069
0.576183 -0.033037 0.0704069
0.670528 0.113779 -0.00751201
0.700338 -0.0526016 -0.0708211
0.70033 0.0452708 0.0704069
0.61095 -0.0819705 -0.0708211
0.660597 0.0990975 -0.0708211
0.665578 -0.0868597 -0.0708211
0.610936 0.0844127 0.0704069
0.630802 0.0697334 0.0704069
0.596054 -0.116227 0.0509272
0.730136 -0.0672801 -0.0172519
0.625851 -0.116225 0.0265775
0.620866 0.113775 -0.0464714
0.650678 -0.0721801 0.0704069
0.720207 -0.111323 0.0704069
0.640736 0.0501597 -0.0708211
0.591081 -0.0281422 0.0704069
0.620869 0.0844135 0.0704069
0.596042 0.0354753 0.0704069
0.591079 -0.00856773 0.0704069
0.571209 0.064835 0.0704069
0.591087 -0.10644 0.0704069
0.69041 -0.111326 -0.0708211
0.685426 0.11378 -0.0659512
0.730129 0.0208051 -0.0708211
0.635778 -0.0526068 -0.0708211
0.675495 0.0990987 0.0704069
0.571215 -0.00856932 -0.00264208
0.615919 -0.116225 -0.0123819
0.581156 -0.116228 0.00709778
0.685443 -0.0917518 0.0704069
0.586119 -0.0868661 -0.0708211
0.615906 0.0403705 0.0704069
0.660614 -0.116222 -0.0367316
0.630799 0.113776 0.0704069
0.62584 0.0256904 0.0704069
0.576189 -0.106441 -0.0708211
0.680478 -0.11622 0.0119677
0.645697 0.113777 0.0655369
0.685444 -0.11622 -0.0367316
0.591083 -0.057504 0.0704069
0.601002 0.113774 -0.0416015
0.650672 0.00611788 0.0704069
0.605978 -0.0134602 0.0704069
0.725159 0.0648473 -0.0708211
0.730126 0.0550604 -0.0659512
0.645703 0.0403728 -0.0708211
0.610934 0.113774 0.0119677
0.675512 -0.116221 0.00709778
0.596036 0.113773 0.0704069
0.645715 -0.116223 -0.0318617
0.645714 -0.101542 -0.0708211
0.605968 0.113774 0.0411873
0.730123 0.099103 -0.0708211
0.685433 0.0305888 0.0704069
0.655644 -0.0721797 0.0704069
0.625836 0.0648394 0.0704069
0.730129 0.0159115 0.060667
0.670545 -0.106434 0.0704069
0.586107 0.0746234 0.0704069
0.59604 0.0550497 0.0704069
0.576189 -0.111335 0.0704069
0.690406 -0.057496 0.0704069
0.670541 -0.052604 0.0704069
0.625851 -0.116225 -0.0221218
0.640736 0.0452661 -0.0708211
0.596041 0.0501561 0.0704069
0.571217 -0.0330374 -0.0708211
0.655638 0.00122466 0.0704069
0.620879 -0.0428207 -0.0708211
0.586109 0.0403681 -0.0708211
0.640732 0.0990959 0.0704069
0.59107 0.108879 0.0704069
0.640732 0.0942023 0.0704069
0.635781 -0.0917557 -0.0708211
0.571205 0.108878 0.00709778
0.690392 0.113781 0.0704069
0.625841 0.0110095 0.0704069
0.705297 0.035484 -0.0708211
0.571211 0.0354733 0.0217076
0.591086 -0.0917593 0.0704069
0.730131 -0.00855665 0.0363174
0.720206 -0.0966426 0.0704069
0.675498 0.0648433 0.0704069
0.60102 -0.116227 0.0509272
0.700325 0.113782 0.0411873
0.625838 0.0452649 0.0704069
0.630813 -0.067288 -0.0708211
0.73014 -0.116216 -0.0318617
0.625839 0.0354776 0.0704069
0.730139 -0.111323 0.060667
0.6606 0.0599485 -0.0708211
0.640743 -0.0428191 0.0704069
0.625839 0.030584 0.0704069
0.720205 -0.091749 -0.0708211
0.571209 0.064835 -0.00264208
0.605978 -0.0134602 -0.0708211
0.62584 0.0207968 0.0704069
0.660599 0.0697358 -0.0708211
0.730135 -0.0525992 0.00222785
0.71027 -0.0477072 -0.0708211
0.571211 0.0403669 0.0217076
0.665569 0.0256936 0.0704069
0.650679 -0.0819673 0.0704069
0.586122 -0.116228 0.0704069
0.625842 -0.00856496 0.0704069
0.57122 -0.0672928 -0.0562113
0.615902 0.0893067 -0.0708211
0.625842 -0.00367134 0.0704069
0.665577 -0.0819661 0.0704069
0.625843 -0.0183522 0.0704069
0.635775 -0.0134578 -0.0708211
0.690392 0.113781 -0.0659512
0.700333 0.0110155 0.0704069
0.730125 0.0648477 -0.0708211
0.571205 0.108878 -0.0367316
0.625845 -0.0477139 0.0704069
0.571215 -0.0134629 0.0265775
0.715226 0.0746337 0.0704069
0.625846 -0.0526076 0.0704069
0.730136 -0.0721737 0.060667
0.710268 -0.0281327 -0.0708211
0.635773 0.0110103 0.0704069
0.715233 -0.0134515 0.0704069
0.610946 -0.0330343 0.0704069
0.60101 0.0159012 0.0704069
0.670543 -0.0721785 0.0704069
0.625848 -0.0819693 0.0704069
0.665576 -0.0672853 0.0704069
0.730126 0.0599541 -0.0659512
0.715228 0.0550592 0.0704069
0.715232 -0.00366422 -0.0708211
0.571221 -0.0819736 -0.0610812
0.73013 0.00612421 -0.0221218
0.596052 -0.0868653 0.0704069
0.59107 0.103986 0.0704069
0.680478 -0.11622 0.0217076
0.665562 0.108885 0.0704069
0.665562 0.113779 -0.0269917
0.586103 0.113772 0.0704069
0.730132 -0.0232375 -0.0416015
0.596054 -0.116227 0.0363174
0.730126 0.0550604 0.0557971
0.591075 0.0501557 -0.0708211
0.571207 0.0893031 -0.0513414
0.690407 -0.0770705 0.0704069
0.635774 -0.00367055 0.0704069
0.730129 0.0110178 0.0363174
0.640749 -0.116223 0.0557971
0.571219 -0.0623992 0.0655369
0.670546 -0.116221 -0.00264208
0.640735 0.0599469 0.0704069
0.725166 -0.0232379 -0.0708211
0.655639 -0.0134562 0.0704069
0.625851 -0.116225 -0.0610812
0.630801 0.0844143 0.0704069
0.730135 -0.0623865 -0.0513414
0.630802 0.074627 0.0704069
0.571217 -0.037931 0.0168376
0.72516 0.0501664 -0.0708211
0.615907 0.0256896 0.0704069
0.610952 -0.111332 -0.0708211
0.60597 0.0893059 -0.0708211
0.630803 0.0648398 0.0704069
0.571207 0.0941967 -0.00264208
0.630804 0.0501589 0.0704069
0.73013 0.00612421 0.00709778
0.630805 0.0403717 0.0704069
0.705305 -0.0623885 0.0704069
0.571223 -0.106442 0.0168376
0.630805 0.0305844 0.0704069
0.730134 -0.0477056 0.0411873
0.710258 0.0942078 0.0704069
0.630806 0.0256908 0.0704069
0.571216 -0.0232502 -0.0367316
0.730137 -0.0770674 -0.0708211
0.715233 -0.0134515 -0.0708211
0.601019 -0.101546 0.0704069
0.571211 0.0452605 0.0557971
0.601002 0.113774 0.0557971
0.650678 -0.0770737 0.0704069
0.591082 -0.0379295 0.0704069
0.630806 0.0207972 0.0704069
0.680467 0.0305884 0.0704069
0.710257 0.113782 -0.0269917
0.630806 0.0159035 0.0704069
0.655648 -0.116222 -0.0123819
0.620879 -0.0379271 0.0704069
0.57122 -0.07708 0.0314474
0.635766 0.0990955 -0.0708211
0.685439 -0.0477092 0.0704069
0.586119 -0.0770788 -0.0708211
0.625845 -0.0428203 0.0704069
0.640745 -0.0672872 -0.0708211
0.63577 0.0452657 -0.0708211
0.571216 -0.0183566 0.0265775
0.730128 0.0354859 0.00222785
0.645697 0.108884 0.0704069
0.73014 -0.116216 0.0265775
0.630807 0.0110099 0.0704069
0.630807 0.0061163 0.0704069
0.596042 0.0403689 0.0704069
0.680464 0.0648437 0.0704069
0.571205 0.113771 0.0655369
0.630808 0.00122268 0.0704069
0.635783 -0.116224 -0.0464714
0.571222 -0.0966545 -0.0659512
0.730135 -0.0525992 -0.0562113
0.630808 -0.00367095 0.0704069
0.571206 0.0990904 0.0655369
0.571214 0.00611155 -0.0367316
0.645709 -0.0330315 -0.0708211
0.730134 -0.0477056 -0.0562113
0.581144 0.0305804 0.0704069
0.630808 -0.00856457 0.0704069
0.725161 0.0403792 -0.0708211
0.700326 0.0991007 0.0704069
0.630809 -0.0183518 0.0704069
0.655639 -0.00856259 0.0704069
0.730123 0.0893158 -0.0513414
0.715226 0.0746337 -0.0708211
0.591079 0.00121951 -0.0708211
0.675512 -0.116221 0.0363174
0.635777 -0.0379259 0.0704069
0.65067 0.0256924 -0.0708211
0.63081 -0.0330327 0.0704069
0.700342 -0.101538 0.0704069
0.571211 0.0354733 0.0168376
0.645711 -0.0574996 0.0704069
0.620869 0.0844135 -0.0708211
0.710262 0.0501652 -0.0708211
0.571215 -0.0134629 0.0411873
0.730124 0.0795285 0.0557971
0.635775 -0.0134578 0.0704069
0.610952 -0.116226 -0.0123819
0.601006 0.0599438 0.0704069
0.571215 -0.00856932 0.0314474
0.705299 0.0110159 0.0704069
0.630812 -0.0477135 0.0704069
0.57122 -0.0672928 0.00709778
0.705298 0.0159095 0.0704069
0.630812 -0.0526072 0.0704069
0.571209 0.064835 -0.0269917
0.57122 -0.0672928 -0.00751201
0.615902 0.0942003 0.0704069
0.630812 -0.0575008 0.0704069
0.730137 -0.0868546 0.0460572
0.695376 -0.111325 -0.0708211
0.601008 0.0403693 -0.0708211
0.635765 0.113776 -0.0708211
0.630817 -0.111331 0.0704069
0.610952 -0.116226 -0.00264208
0.685444 -0.11622 0.0460572
0.675502 0.0110135 0.0704069
0.635765 0.113776 0.0704069
0.680476 -0.0819649 0.0704069
0.571216 -0.0183566 -0.0221218
0.680466 0.0403756 0.0704069
0.625851 -0.116225 0.060667
0.730138 -0.0917482 0.0704069
0.57122 -0.0721864 -0.0464714
0.63577 0.0452657 0.0704069
0.640745 -0.0672872 0.0704069
0.730129 0.0110178 0.0704069
0.605986 -0.116226 0.0704069
0.571219 -0.0623992 0.00222785
0.715223 0.113783 -0.0367316
0.635771 0.040372 0.0704069
0.640745 -0.0623936 0.0704069
0.730126 0.0599541 -0.0562113
0.67551 -0.086859 0.0704069
0.730139 -0.111323 0.0704069
0.680468 0.0159075 0.0704069
0.660613 -0.101541 0.0704069
0.635776 -0.0281387 0.0704069
0.571205 0.113771 -0.0708211
0.615919 -0.116225 0.0509272
0.576172 0.0990908 0.0704069
0.581156 -0.116228 0.0704069
0.635773 0.00611669 0.0704069
0.57122 -0.07708 0.0509272
0.610938 0.0648382 0.0704069
0.630817 -0.116224 0.0460572
0.655631 0.0990971 0.0704069
0.710265 0.00612263 -0.0708211
0.635778 -0.0477131 0.0704069
0.610947 -0.0526087 0.0704069
0.730129 0.0159115 0.0363174
0.635778 -0.0526068 0.0704069
0.655641 -0.0330307 0.0704069
0.730125 0.0697413 -0.0610812
0.610952 -0.116226 -0.0708211
0.635777 -0.0428195 0.0704069
0.71524 -0.101537 0.0704069
0.645706 0.00611749 -0.0708211
0.675501 0.030588 0.0704069
0.725163 0.0208047 -0.0708211
0.63578 -0.0721813 0.0704069
0.730128 0.0256987 0.0704069
0.65068 -0.0917546 -0.0708211
0.685426 0.11378 0.0704069
0.620868 0.0942007 0.0704069
0.62585 -0.101544 0.0704069
0.571223 -0.106442 -0.0318617
0.625851 -0.116225 0.0655369
0.601012 -0.00856694 -0.0708211
0.700343 -0.116219 0.0704069
0.675506 -0.0379227 0.0704069
0.571208 0.0795159 0.0509272
0.586105 0.0990916 0.0704069
0.601017 -0.072184 0.0704069
0.675511 -0.106433 0.0704069
0.655636 0.0256928 -0.0708211
0.640732 0.10399 0.0704069
0.615906 0.0403705 -0.0708211
0.596054 -0.116227 -0.0708211
0.640733 0.0893087 0.0704069
0.591085 -0.0770784 -0.0708211
0.650674 -0.0183502 0.0704069
0.571221 -0.0819736 0.0314474
0.610951 -0.0917577 0.0704069
0.655647 -0.101541 0.0704069
0.571215 -0.0134629 0.0363174
0.605986 -0.116226 -0.0416015
0.730133 -0.0330248 0.0704069
0.640733 0.084415 0.0704069
0.635769 0.0599465 0.0704069
0.640747 -0.0819681 0.0704069
0.685426 0.11378 0.0460572
0.730128 0.0305923 -0.00264208
0.625844 -0.0281394 0.0704069
0.690401 0.00612105 0.0704069
0.705301 -0.0183459 -0.0708211
0.655647 -0.106435 0.0704069
0.625833 0.113776 0.00709778
0.601012 -0.0183542 0.0704069
0.730128 0.0354859 0.00709778
0.591075 0.0403685 -0.0708211
0.710262 0.0452716 0.0704069
0.63081 -0.0232454 0.0704069
0.571214 -0.00367569 0.0314474
0.576187 -0.0868669 0.0704069
0.571221 -0.0868673 -0.0562113
0.730123 0.0893158 0.0655369
0.700335 -0.0134526 -0.0708211
0.640736 0.0550533 0.0704069
0.571209 0.064835 -0.00751201
0.730124 0.0844222 0.00709778
0.640736 0.0452661 0.0704069
0.571209 0.0599414 -0.0416015
0.581138 0.0990912 0.0704069
0.65067 0.0256924 0.0704069
0.640737 0.0354788 0.0704069
0.730134 -0.042812 -0.0610812
0.660605 -0.00366857 -0.0708211
0.655629 0.113778 0.060667
0.625847 -0.0623948 -0.0708211
0.715236 -0.0526004 -0.0708211
0.700325 0.113782 0.0168376
0.571209 0.0599414 0.060667
0.581147 -0.0134621 0.0704069
0.640738 0.020798 0.0704069
0.680478 -0.11622 -0.0464714
0.571219 -0.0623992 -0.0318617
0.730131 -0.00366303 -0.0318617
0.640739 0.0110107 0.0704069
0.610941 0.0305828 0.0704069
0.645697 0.113777 -0.0708211
0.685444 -0.11622 0.00222785
0.68046 0.11378 -0.0269917
0.665574 -0.0477108 -0.0708211
0.62584 0.0256904 -0.0708211
0.665573 -0.0281363 0.0704069
0.635782 -0.106437 -0.0708211
0.730123 0.0942094 0.0411873
0.581149 -0.0379303 0.0704069
0.620881 -0.0672888 -0.0708211
0.660604 0.00611867 0.0704069
0.571219 -0.0623992 0.0119677
0.615916 -0.0868637 -0.0708211
0.601002 0.113774 -0.0659512
0.700341 -0.0917506 -0.0708211
0.64074 -0.00367015 0.0704069
0.571218 -0.0428247 0.0119677
0.571216 -0.0232502 0.0217076
0.640741 -0.018351 -0.0708211
0.690411 -0.116219 0.0265775
0.66558 -0.116221 0.0168376
0.605979 -0.0232474 0.0704069
0.591077 0.0256876 -0.0708211
0.60101 0.0159012 -0.0708211
0.730129 0.0159115 0.00709778
0.645698 0.0990963 0.0704069
0.65068 -0.0966482 0.0704069
0.645699 0.0844154 0.0704069
0.730135 -0.0623865 0.00222785
0.630801 0.0844143 -0.0708211
0.610934 0.113774 0.0655369
0.6457 0.0795218 0.0704069
0.650681 -0.111329 0.0704069
0.62585 -0.106437 0.0704069
0.645701 0.0697346 0.0704069
0.581156 -0.116228 -0.0610812
0.615919 -0.116225 0.0314474
0.581145 0.0158996 0.0704069
0.645701 0.0599473 0.0704069
0.571205 0.113771 0.060667
0.571221 -0.0917609 0.00222785
0.635783 -0.116224 0.0704069
0.645702 0.0550537 0.0704069
0.615918 -0.111332 -0.0708211
0.571214 0.00121793 -0.0513414
0.675505 -0.0232419 0.0704069
0.645702 0.0501601 0.0704069
0.615915 -0.0672892 0.0704069
0.571206 0.103984 0.00709778
0.665571 0.00122545 0.0704069
0.730124 0.0844222 0.00222785
0.610939 0.0501573 -0.0708211
0.72516 0.0501664 0.0704069
0.581156 -0.116228 0.0119677
0.615908 0.0159024 0.0704069
0.586119 -0.0868661 0.0704069
0.645703 0.0452665 0.0704069
0.730128 0.0354859 -0.0513414
0.586122 -0.116228 -0.0708211
0.725173 -0.116217 0.0704069
0.720192 0.0746341 0.0704069
0.57121 0.0501541 0.0265775
0.571221 -0.0917609 -0.0610812
0.615908 0.0110087 0.0704069
0.645703 0.0403728 0.0704069
0.620874 0.0207964 0.0704069
0.610939 0.0550509 0.0704069
0.571217 -0.037931 0.0265775
0.655641 -0.0281371 0.0704069
0.730124 0.0844222 0.0509272
0.620879 -0.0379271 -0.0708211
0.700337 -0.0428144 -0.0708211
0.620873 0.0305836 0.0704069
0.720193 0.0599533 0.0704069
0.571209 0.064835 -0.0562113
0.710272 -0.0819626 0.0704069
0.625836 0.0746266 0.0704069
0.730126 0.0599541 -0.0221218
0.645703 0.0354792 0.0704069
0.601005 0.069731 0.0704069
0.66558 -0.116221 -0.00751201
0.670528 0.113779 0.0557971
0.645705 0.0159047 0.0704069
0.665566 0.0599489 -0.0708211
0.571214 0.00121793 -0.0562113
0.635769 0.0648402 0.0704069
0.640747 -0.0868617 0.0704069
0.670534 0.0403748 0.0704069
0.630817 -0.116224 -0.00264208
0.670535 0.0208003 0.0704069
0.675503 0.00122624 0.0704069
0.571217 -0.0330374 0.0363174
0.615918 -0.111332 0.0704069
0.61094 0.0354764 -0.0708211
0.645705 0.0110111 0.0704069
0.665562 0.103992 -0.0708211
0.630817 -0.116224 0.0363174
0.605975 0.0207952 0.0704069
0.576189 -0.106441 0.0704069
0.571221 -0.0819736 -0.0123819
0.645706 0.00611749 0.0704069
0.635779 -0.062394 0.0704069
0.650679 -0.0819673 -0.0708211
0.645708 -0.0232442 0.0704069
0.650676 -0.0526056 0.0704069
0.695362 0.0697385 0.0704069
0.615916 -0.0819701 -0.0708211
0.660606 -0.0134558 -0.0708211
0.591086 -0.0868657 -0.0708211
0.670546 -0.116221 0.0509272
0.685428 0.0893122 0.0704069
0.675507 -0.04771 0.0704069
0.725159 0.0697409 -0.0708211
0.660599 0.0746294 0.0704069
0.655633 0.0648417 -0.0708211
0.610952 -0.116226 0.0363174
0.690411 -0.116219 -0.0221218
0.64571 -0.0477124 0.0704069
0.675507 -0.0526036 -0.0708211
0.670537 -0.00366778 0.0704069
0.720192 0.0795278 0.0704069
0.64571 -0.052606 0.0704069
0.68046 0.11378 0.0314474
0.730139 -0.111323 -0.0513414
0.665574 -0.0477108 0.0704069
0.730135 -0.0623865 -0.0367316
0.596044 0.00611353 -0.0708211
0.605977 0.00611432 0.0704069
0.730131 -0.00366303 0.00709778
0.655646 -0.0917542 0.0704069
0.571214 0.00611155 0.0217076
0.620882 -0.0770761 -0.0708211
0.665567 0.0403744 0.0704069
0.690408 -0.0819641 0.0704069
0.645699 0.0893091 0.0704069
0.645711 -0.0623932 0.0704069
0.571223 -0.116229 -0.0318617
0.571207 0.0941967 0.0704069
0.670536 0.0110131 0.0704069
0.571207 0.0844095 0.0655369
0.645712 -0.0770741 0.0704069
0.62585 -0.101544 -0.0708211
0.620868 0.0942007 -0.0708211
0.655629 0.113778 -0.0708211
0.730138 -0.0917482 0.0411873
0.625845 -0.0379267 -0.0708211
0.670539 -0.0281359 -0.0708211
0.640741 -0.0134574 -0.0708211
0.571219 -0.0623992 0.060667
0.645713 -0.091755 0.0704069
0.571211 0.0354733 -0.0708211
0.625834 0.0990947 0.0704069
0.615901 0.0990939 -0.0708211
0.685436 -0.00856021 -0.0708211
0.571215 -0.0134629 -0.0416015
0.63578 -0.0819685 0.0704069
0.715236 -0.0526004 0.0704069
0.650664 0.108884 0.0704069
0.605974 0.0403697 0.0704069
0.571223 -0.106442 -0.0172519
0.730124 0.0844222 0.060667
0.725166 -0.0281315 -0.0708211
0.571215 -0.00856932 0.0265775
0.615918 -0.106438 -0.0708211
0.710257 0.113782 0.0509272
0.710265 0.0159099 0.0704069
0.660606 -0.0183494 0.0704069
0.695373 -0.0721765 0.0704069
0.650665 0.0942031 0.0704069
0.571218 -0.0428247 0.00222785
0.645702 0.0501601 -0.0708211
0.610936 0.0844127 -0.0708211
0.670546 -0.116221 0.0655369
0.571207 0.0893031 -0.0464714
0.57121 0.0550478 -0.0221218
0.730132 -0.0183439 0.0168376
0.571218 -0.0526119 0.0704069
0.650667 0.0599477 0.0704069
0.665577 -0.0819661 -0.0708211
0.571222 -0.101548 -0.0367316
0.650669 0.0354796 0.0704069
0.576185 -0.0526115 0.0704069
0.571221 -0.0819736 -0.0513414
0.675512 -0.116221 0.0704069
0.65067 0.030586 0.0704069
0.720202 -0.0477064 -0.0708211
0.596051 -0.077078 -0.0708211
0.571216 -0.0232502 0.0411873
0.630799 0.113776 -0.0513414
0.571221 -0.0868673 -0.0708211
0.650671 0.0207987 0.0704069
0.730132 -0.0183439 0.0119677
0.715241 -0.116218 -0.0221218
0.675499 0.0550561 0.0704069
0.660604 0.00122505 0.0704069
0.615909 0.00122149 0.0704069
0.705291 0.113782 0.0704069
0.645713 -0.0819677 0.0704069
0.670529 0.103992 0.0704069
0.70033 0.0501644 -0.0708211
0.571214 0.00611155 -0.0123819
0.571212 0.0305797 -0.0123819
0.62088 -0.052608 0.0704069
0.660611 -0.0819665 0.0704069
0.591088 -0.116227 0.060667
0.640734 0.0746278 0.0704069
0.615913 -0.0428211 0.0704069
0.730132 -0.0232375 0.0217076
0.720207 -0.116217 0.0363174
0.655633 0.0697354 0.0704069
0.576176 0.0501545 -0.0708211
0.675499 0.0501625 0.0704069
0.655638 0.0110119 0.0704069
0.610941 0.0256892 0.0704069
0.571208 0.0795159 0.0655369
0.685432 0.0452696 0.0704069
0.591075 0.0452621 0.0704069
0.650677 -0.0574992 0.0704069
0.625849 -0.0868629 -0.0708211
0.620867 0.103988 -0.0708211
0.625835 0.0844139 -0.0708211
0.635774 0.00122307 -0.0708211
0.725155 0.113784 0.0704069
0.670546 -0.116221 -0.0318617
0.675512 -0.111327 -0.0708211
0.700325 0.113782 0.0460572
0.655631 0.0942035 0.0704069
0.655632 0.074629 0.0704069
0.576184 -0.0428243 -0.0708211
0.571213 0.0110052 0.060667
0.665567 0.0501617 0.0704069
0.655633 0.0648417 0.0704069
0.700338 -0.0574952 0.0704069
0.72516 0.05506 0.0704069
0.690398 0.04527 0.0704069
0.650669 0.0452669 -0.0708211
0.655634 0.0550545 0.0704069
0.576171 0.113772 -0.0123819
0.690397 0.0599509 0.0704069
0.700325 0.113782 -0.0659512
0.571209 0.0697286 0.0217076
0.655634 0.0501609 0.0704069
0.655635 0.0403736 0.0704069
0.571214 0.00121793 -0.0123819
0.645713 -0.0819677 -0.0708211
0.591078 0.0110068 0.0704069
0.700343 -0.116219 -0.0123819
0.591078 0.00611313 0.0704069
0.635775 -0.00856417 0.0704069
0.571219 -0.0575055 0.0655369
0.670546 -0.116221 0.0168376
0.576183 -0.033037 -0.0708211
0.73013 0.00123059 -0.0659512
0.581156 -0.116228 0.0655369
0.655639 -0.00366897 0.0704069
0.730135 -0.0623865 -0.0416015
0.62585 -0.106437 -0.0708211
0.730124 0.0844222 -0.0367316
0.596048 -0.0379291 -0.0708211
0.596052 -0.0868653 -0.0708211
0.59107 0.103986 -0.0708211
0.635766 0.0990955 0.0704069
0.720205 -0.0819618 0.0704069
0.695373 -0.0672829 0.0704069
0.655642 -0.0428179 0.0704069
0.571213 0.0158988 0.0509272
0.710265 0.0110163 0.0704069
0.660606 -0.0232431 0.0704069
0.655643 -0.0623924 0.0704069
0.571218 -0.0428247 -0.00264208
0.60102 -0.116227 -0.00751201
0.655645 -0.0770733 0.0704069
0.571207 0.0893031 -0.0269917
0.655645 -0.0819669 0.0704069
0.605977 -0.00367292 0.0704069
0.596042 0.0354753 -0.0708211
0.655647 -0.111329 0.0704069
0.710257 0.113782 0.0411873
0.730125 0.0697413 -0.0172519
0.615908 0.020796 -0.0708211
0.655648 -0.116222 0.0704069
0.571211 0.0403669 0.0509272
0.576188 -0.0917605 0.0704069
0.57122 -0.0672928 -0.0123819
0.581155 -0.106441 -0.0708211
0.576173 0.0893035 -0.0708211
0.620885 -0.116225 0.00222785
0.660596 0.103991 0.0704069
0.596041 0.0452625 0.0704069
0.730136 -0.0721737 -0.0708211
0.730136 -0.0721737 -0.0659512
0.591081 -0.0330358 0.0704069
0.700343 -0.116219 -0.0562113
0.68544 -0.0623901 -0.0708211
0.660598 0.079523 0.0704069
0.571214 0.00611155 0.00709778
0.571212 0.0305797 -0.0708211
0.601011 -0.00367332 0.0704069
0.705291 0.103995 -0.0708211
0.710273 -0.0917498 -0.0708211
0.581137 0.113772 0.0557971
0.660599 0.0697358 0.0704069
0.730139 -0.111323 0.0265775
0.660599 0.0648421 0.0704069
0.571214 -0.00367569 0.0363174
0.675501 0.0208007 0.0704069
0.730128 0.0305923 0.0704069
0.680467 0.0208011 0.0704069
0.596054 -0.116227 0.00222785
0.660614 -0.116222 0.0704069
0.60101 0.00611392 -0.0708211
0.571206 0.0990904 -0.00751201
0.571209 0.0697286 0.0509272
0.645707 -0.013457 0.0704069
0.730137 -0.081961 -0.00751201
0.660601 0.0501613 0.0704069
0.700325 0.113782 -0.00264208
0.670529 0.0942047 0.0704069
0.645708 -0.0183506 0.0704069
0.660601 0.0452676 0.0704069
0.655648 -0.116222 -0.0367316
0.615915 -0.0721828 -0.0708211
0.660603 0.0159059 0.0704069
0.670535 0.025694 0.0704069
0.571223 -0.116229 -0.0416015
0.695358 0.113781 0.0217076
0.596038 0.0893051 0.0704069
0.610949 -0.0770769 -0.0708211
0.57121 0.0501541 -0.0172519
0.73014 -0.116216 -0.0513414
0.665575 -0.0526044 0.0704069
0.730125 0.0648477 0.0557971
0.725163 0.0110174 -0.0708211
0.695358 0.113781 0.0168376
0.730122 0.103997 0.0168376
0.660608 -0.0428175 0.0704069
0.660608 -0.0477112 0.0704069
0.63081 -0.0281391 -0.0708211
0.660609 -0.0574984 0.0704069
0.660609 -0.062392 0.0704069
0.635783 -0.116224 -0.0610812
0.571222 -0.0966545 -0.0562113
0.680472 -0.0330287 0.0704069
0.571209 0.0599414 0.0655369
0.601013 -0.0232478 0.0704069
0.730137 -0.0868546 -0.0416015
0.620872 0.0452645 -0.0708211
0.571215 -0.0134629 -0.0123819
0.685435 -0.00366659 0.0704069
0.725168 -0.0525996 0.0704069
0.625833 0.103988 0.0704069
0.571212 0.0305797 0.00222785
0.610942 0.015902 -0.0708211
0.690405 -0.0428152 -0.0708211
0.571218 -0.0477183 0.0168376
0.675502 0.0159071 0.0704069
0.665564 0.0795234 0.0704069
0.730123 0.0942094 -0.0123819
0.680463 0.074631 0.0704069
0.596036 0.103986 -0.0708211
0.62584 0.0159031 0.0704069
0.730124 0.0746349 0.0557971
0.655648 -0.116222 -0.0659512
0.635775 -0.0183514 0.0704069
0.665565 0.0648425 0.0704069
0.645715 -0.111329 0.0704069
0.680463 0.0795246 0.0704069
0.660595 0.113778 -0.0318617
0.571222 -0.0966545 0.0314474
0.645703 0.0452665 -0.0708211
0.730135 -0.0574929 0.0704069
0.571209 0.064835 -0.0416015
0.690406 -0.057496 -0.0708211
0.571222 -0.101548 -0.0708211
0.665572 -0.018349 0.0704069
0.601007 0.0550501 0.0704069
0.665573 -0.0232427 0.0704069
0.645701 0.0697346 -0.0708211
0.625846 -0.0575012 -0.0708211
0.665575 -0.057498 0.0704069
0.59107 0.113773 -0.0562113
0.571219 -0.0575055 0.0704069
0.665576 -0.0623916 0.0704069
0.725169 -0.0574933 0.0704069
0.57122 -0.0721864 -0.0123819
0.665578 -0.0917534 0.0704069
0.670529 0.103992 -0.0708211
0.710257 0.113782 0.0168376
0.730125 0.0697413 -0.0416015
0.655648 -0.116222 0.0460572
0.615915 -0.0672892 -0.0708211
0.6904 0.0110147 0.0704069
0.715225 0.0942082 -0.0708211
0.576171 0.113772 -0.00751201
0.571213 0.0207924 0.0655369
0.60101 0.0110075 0.0704069
0.591084 -0.0623976 0.0704069
0.68047 -0.00856061 0.0704069
0.705309 -0.116218 -0.0172519
0.730127 0.0452732 -0.0172519
0.670528 0.108886 0.0704069
0.571215 -0.0134629 0.0509272
0.730122 0.10889 -0.0367316
0.72517 -0.0721741 0.0704069
0.571216 -0.0183566 -0.0416015
0.645697 0.113777 0.0557971
0.57619 -0.116229 0.0509272
0.67053 0.0795238 0.0704069
0.571213 0.0158988 0.060667
0.57619 -0.116229 0.0265775
0.725157 0.0844218 0.0704069
0.625847 -0.072182 -0.0708211
0.571214 -0.00367569 -0.0123819
0.68046 0.11378 0.0557971
0.725158 0.0795281 0.0704069
0.625848 -0.0770757 -0.0708211
0.586119 -0.0819725 0.0704069
0.670531 0.0697365 0.0704069
0.710257 0.113782 -0.0708211
0.685426 0.11378 -0.0318617
0.675509 -0.0721781 0.0704069
0.571217 -0.037931 0.0314474
0.675507 -0.0526036 0.0704069
0.730137 -0.081961 -0.0659512
0.571223 -0.116229 -0.00751201
0.615906 0.0452641 0.0704069
0.675494 0.11378 -0.0416015
0.730134 -0.0477056 -0.0659512
0.670536 0.0159067 0.0704069
0.73013 0.00123059 0.0704069
0.675497 0.0746306 -0.0708211
0.730138 -0.0917482 -0.0123819
0.695377 -0.116219 0.060667
0.630811 -0.0428199 -0.0708211
0.615919 -0.116225 -0.0464714
0.635768 0.0746274 0.0704069
0.571221 -0.0868673 -0.0123819
0.730137 -0.0770674 0.0704069
0.571216 -0.0232502 0.00709778
0.576175 0.069729 -0.0708211
0.645697 0.113777 -0.0610812
0.685444 -0.11622 -0.00751201
0.630813 -0.0721816 -0.0708211
0.73013 0.00612421 -0.0513414
0.630804 0.0501589 -0.0708211
0.670545 -0.10154 0.0704069
0.690404 -0.0330279 0.0704069
0.670539 -0.0281359 0.0704069
0.645715 -0.116223 0.0557971
0.620883 -0.0917569 0.0704069
0.591085 -0.0819721 0.0704069
0.680478 -0.11622 0.0509272
0.680477 -0.101539 0.0704069
0.571219 -0.0623992 -0.0464714
0.596036 0.113773 0.0363174
0.715224 0.0991018 0.0704069
0.665563 0.0942043 -0.0708211
0.615917 -0.096651 -0.0708211
0.625851 -0.116225 0.0314474
0.581137 0.113772 0.00709778
0.67054 -0.0428168 0.0704069
0.700329 0.0599517 -0.0708211
0.670541 -0.0477104 0.0704069
0.680475 -0.0721777 0.0704069
0.660595 0.113778 0.0217076
0.571222 -0.0966545 0.0265775
0.690393 0.103993 -0.0708211
0.695375 -0.091751 -0.0708211
0.710268 -0.0281327 0.0704069
0.730131 -0.00366303 -0.0610812
0.695366 0.0208023 -0.0708211
0.710264 0.0208035 0.0704069
0.670542 -0.0672849 0.0704069
0.670543 -0.0770721 0.0704069
0.571217 -0.0330374 -0.0221218
0.601012 -0.00856694 0.0704069
0.670545 -0.0966466 0.0704069
0.645697 0.113777 -0.0464714
0.685444 -0.11622 -0.0708211
0.645709 -0.0379251 -0.0708211
0.581151 -0.0623984 0.0704069
0.571212 0.025686 -0.00264208
0.675496 0.0893114 0.0704069
0.571211 0.0452605 -0.0708211
0.625833 0.113776 -0.0708211
0.576175 0.0648354 0.0704069
0.675496 0.0844178 0.0704069
0.680478 -0.111327 0.0704069
0.675497 0.0746306 0.0704069
0.700341 -0.0966442 0.0704069
0.57121 0.0550478 0.0557971
0.675501 0.0256943 0.0704069
0.660613 -0.111328 0.0704069
0.571215 -0.00856932 0.0363174
0.571209 0.064835 0.0655369
0.730128 0.0256987 0.00222785
0.65068 -0.0917546 0.0704069
0.675504 -0.008561 0.0704069
0.625851 -0.116225 -0.0269917
0.695372 -0.052602 -0.0708211
0.645697 0.113777 0.0704069
0.675504 -0.0134546 0.0704069
0.596053 -0.0966525 -0.0708211
0.591071 0.0990919 -0.0708211
0.571216 -0.0281438 0.0265775
0.730135 -0.0574929 0.0217076
0.680475 -0.0770713 0.0704069
0.675507 -0.0574972 0.0704069
0.571219 -0.0623992 -0.0562113
0.571206 0.103984 -0.0708211
0.725172 -0.0966422 0.0704069
0.72019 0.103996 0.0704069
0.67551 -0.0917526 0.0704069
0.675511 -0.10154 0.0704069
0.680462 0.0893118 0.0704069
0.615912 -0.0281402 0.0704069
0.586106 0.0795171 0.0704069
0.610939 0.0550509 -0.0708211
0.690402 -0.00855982 0.0704069
0.680466 0.035482 0.0704069
0.680467 0.0256947 0.0704069
0.571206 0.0990904 -0.0123819
0.690409 -0.096645 -0.0708211
0.730125 0.0648477 -0.0416015
0.690403 -0.0232407 0.0704069
0.685443 -0.101539 -0.0708211
0.690406 -0.0623897 0.0704069
0.571223 -0.111335 -0.0416015
0.680469 0.00122663 0.0704069
0.690393 0.0990999 0.0704069
0.68047 -0.0134542 0.0704069
0.675504 -0.0183482 0.0704069
0.685432 0.040376 0.0704069
0.625851 -0.116225 -0.00264208
0.601008 0.0354757 0.0704069
0.620867 0.103988 0.0704069
0.625849 -0.0868629 0.0704069
0.705292 0.0942074 -0.0708211
0.710274 -0.0966434 -0.0708211
0.680471 -0.0232415 0.0704069
0.610934 0.113774 0.0265775
0.581142 0.0599422 0.0704069
0.601003 0.0990927 0.0704069
0.705292 0.0991011 -0.0708211
0.680471 -0.0281351 0.0704069
0.715235 -0.0379196 -0.0708211
0.571208 0.0795159 0.0704069
0.680472 -0.042816 0.0704069
0.57121 0.0501541 -0.0123819
0.63081 -0.0232454 -0.0708211
0.720189 0.113783 -0.0708211
0.57619 -0.116229 -0.0464714
0.625843 -0.0232458 -0.0708211
0.685427 0.103993 0.0704069
0.571222 -0.0966545 -0.0367316
0.591075 0.0403685 0.0704069
0.650665 0.0893095 -0.0708211
0.60102 -0.116227 -0.0172519
0.610934 0.113774 -0.0123819
0.650666 0.0844158 -0.0708211
0.650681 -0.116223 0.0314474
0.576185 -0.0575051 -0.0708211
0.650666 0.0746286 -0.0708211
0.650667 0.069735 -0.0708211
0.571209 0.0697286 -0.00751201
0.610943 -0.00367253 0.0704069
0.720201 -0.0379192 0.0704069
0.57121 0.0550478 0.0265775
0.725159 0.0599537 0.0704069
0.650669 0.0403732 -0.0708211
0.65067 0.030586 -0.0708211
0.645697 0.113777 0.0460572
0.650671 0.0207987 -0.0708211
0.730122 0.103997 0.0217076
0.680462 0.0942055 -0.0708211
0.650671 0.0110115 -0.0708211
0.571212 0.0305797 0.0460572
0.700343 -0.116219 0.0217076
0.650672 0.00122426 -0.0708211
0.630799 0.113776 0.060667
0.660614 -0.116222 -0.0659512
0.571218 -0.0526119 -0.0416015
0.71026 0.0746333 0.0704069
0.680464 0.0599501 0.0704069
0.650673 -0.00366936 -0.0708211
0.650673 -0.00856298 -0.0708211
0.650675 -0.0330311 -0.0708211
0.591088 -0.116227 0.0460572
0.730126 0.0550604 0.0217076
0.710263 0.040378 0.0704069
0.650675 -0.0379247 -0.0708211
0.650676 -0.0428183 -0.0708211
0.650676 -0.047712 -0.0708211
0.730133 -0.0379184 -0.0416015
0.660605 -0.00856219 -0.0708211
0.650677 -0.0574992 -0.0708211
0.630814 -0.0819689 0.0704069
0.685428 0.0942058 0.0704069
0.650677 -0.0623928 -0.0708211
0.670546 -0.116221 -0.0659512
0.675504 -0.0134546 -0.0708211
0.730126 0.0501668 0.0704069
0.665562 0.103992 0.0704069
0.650678 -0.0672864 -0.0708211
0.710258 0.103995 -0.0708211
0.650678 -0.0721801 -0.0708211
0.650681 -0.106435 -0.0708211
0.690407 -0.0721769 -0.0708211
0.655631 0.0990971 -0.0708211
0.571217 -0.0330374 0.060667
0.655631 0.0942035 -0.0708211
0.601016 -0.0672904 -0.0708211
0.7202 -0.0183447 -0.0708211
0.655631 0.0893098 -0.0708211
0.571206 0.0990904 0.0704069
0.655632 0.0844162 -0.0708211
0.655632 0.074629 -0.0708211
0.730122 0.10889 -0.0708211
0.655633 0.0697354 -0.0708211
0.6159 0.113775 0.0655369
0.655634 0.0599481 -0.0708211
0.655635 0.0403736 -0.0708211
0.571221 -0.0819736 0.0265775
0.655636 0.03548 -0.0708211
0.571209 0.0599414 -0.0513414
0.655636 0.0305864 -0.0708211
0.655639 -0.00366897 -0.0708211
0.670528 0.113779 0.0119677
0.655639 -0.00856259 -0.0708211
0.655639 -0.0134562 -0.0708211
0.65564 -0.0183498 -0.0708211
0.65564 -0.0232435 -0.0708211
0.720196 0.0305915 0.0704069
0.655641 -0.0281371 -0.0708211
0.655641 -0.0379243 -0.0708211
0.571219 -0.0623992 -0.0610812
0.730123 0.0893158 0.00222785
0.596049 -0.0477163 0.0704069
0.655642 -0.0428179 -0.0708211
0.655643 -0.0574988 -0.0708211
0.571214 0.00611155 -0.0513414
0.655643 -0.0623924 -0.0708211
0.730136 -0.0672801 -0.0708211
0.655644 -0.0672861 -0.0708211
0.655644 -0.0721797 -0.0708211
0.625851 -0.116225 -0.0416015
0.655645 -0.0819669 -0.0708211
0.655645 -0.0868605 -0.0708211
0.571217 -0.0330374 -0.00264208
0.655646 -0.0917542 -0.0708211
0.576176 0.0550482 -0.0708211
0.655646 -0.0966478 -0.0708211
0.571207 0.0893031 0.0557971
0.655647 -0.101541 -0.0708211
0.73013 0.00612421 -0.0269917
0.655647 -0.106435 -0.0708211
0.655647 -0.111329 -0.0708211
0.571213 0.0110052 0.0119677
0.660595 0.113778 -0.0708211
0.665579 -0.101541 -0.0708211
0.586115 -0.0281426 0.0704069
0.571208 0.0746223 -0.0659512
0.660596 0.108885 -0.0708211
0.665578 -0.096647 -0.0708211
0.660596 0.103991 -0.0708211
0.571211 0.0403669 -0.0123819
0.635783 -0.116224 0.00709778
0.705305 -0.0721757 -0.0708211
0.660597 0.0942039 -0.0708211
0.660597 0.0893102 -0.0708211
0.665577 -0.0770725 -0.0708211
0.660598 0.0844166 -0.0708211
0.665576 -0.0721789 -0.0708211
0.571222 -0.101548 0.0314474
0.680469 0.00612026 -0.0708211
0.660598 0.079523 -0.0708211
0.730138 -0.101535 0.0460572
0.660599 0.0648421 -0.0708211
0.6606 0.0550549 -0.0708211
0.571211 0.0403669 0.0557971
0.635783 -0.116224 0.0460572
0.730137 -0.081961 0.0411873
0.660601 0.0452676 -0.0708211
0.645715 -0.116223 0.0509272
0.730137 -0.0868546 -0.0708211
0.660602 0.0354804 -0.0708211
0.571213 0.0207924 0.0363174
0.695372 -0.052602 0.0704069
0.660602 0.0256932 -0.0708211
0.655638 0.0110119 -0.0708211
0.571208 0.0795159 0.00709778
0.660603 0.0159059 -0.0708211
0.61591 -0.00856575 -0.0708211
0.660604 0.0110123 -0.0708211
0.705309 -0.116218 0.0168376
0.660604 0.00611867 -0.0708211
0.660606 -0.0183494 -0.0708211
0.571209 0.0599414 -0.0464714
0.610952 -0.116226 -0.0172519
0.660606 -0.0232431 -0.0708211
0.660607 -0.0281367 -0.0708211
0.660607 -0.0330303 -0.0708211
0.660608 -0.0428175 -0.0708211
0.640731 0.113777 0.0411873
0.695358 0.113781 0.0704069
0.650673 -0.00856298 0.0704069
0.660608 -0.0477112 -0.0708211
0.660609 -0.0574984 -0.0708211
0.571223 -0.106442 0.0655369
0.650663 0.113778 -0.0269917
0.715223 0.113783 0.0363174
0.630799 0.103989 -0.0708211
0.66061 -0.0721793 -0.0708211
0.730133 -0.0281311 -0.0367316
0.660611 -0.0770729 -0.0708211
0.571223 -0.111335 0.0557971
0.571206 0.103984 0.0119677
0.675494 0.108886 0.0704069
0.680476 -0.0868586 0.0704069
0.660611 -0.0819665 -0.0708211
0.660612 -0.0966474 -0.0708211
0.730127 0.0452732 -0.0708211
0.73013 0.00612421 -0.0172519
0.680478 -0.11622 0.0168376
0.645697 0.113777 0.060667
0.685444 -0.11622 0.0119677
0.601002 0.10888 -0.0708211
0.660613 -0.101541 -0.0708211
0.58114 0.0795167 0.0704069
0.650681 -0.116223 -0.0172519
0.660613 -0.106435 -0.0708211
0.571215 -0.00856932 -0.0123819
0.660613 -0.111328 -0.0708211
0.665562 0.108885 -0.0708211
0.601014 -0.0330351 0.0704069
0.57121 0.0501541 -0.0318617
0.730128 0.0354859 0.0460572
0.645697 0.108884 -0.0708211
0.586122 -0.116228 0.0217076
0.665563 0.0990979 -0.0708211
0.645704 0.0207984 0.0704069
0.57121 0.0550478 -0.0708211
0.665564 0.0893106 -0.0708211
0.665565 0.0746298 -0.0708211
0.571212 0.0305797 -0.0269917
0.665565 0.0697362 -0.0708211
0.685428 0.0844186 0.0704069
0.670544 -0.0868594 -0.0708211
0.665565 0.0648425 -0.0708211
0.630817 -0.116224 0.00222785
0.571209 0.0697286 0.0704069
0.665566 0.0550553 -0.0708211
0.665569 0.0256936 -0.0708211
0.665569 0.0207999 -0.0708211
0.635766 0.103989 0.0704069
0.655635 0.0452673 0.0704069
0.665569 0.0159063 -0.0708211
0.730134 -0.0477056 0.0704069
0.66557 0.0110127 -0.0708211
0.730138 -0.0966418 -0.0318617
0.665571 0.00122545 -0.0708211
0.665571 -0.0085618 -0.0708211
0.665572 -0.0134554 -0.0708211
0.720189 0.113783 -0.00264208
0.665572 -0.018349 -0.0708211
0.665573 -0.0330299 -0.0708211
0.690392 0.113781 -0.0269917
0.665574 -0.0379235 -0.0708211
0.730132 -0.0232375 0.0460572
0.720207 -0.116217 0.060667
0.665575 -0.0526044 -0.0708211
0.581137 0.113772 -0.0708211
0.665575 -0.057498 -0.0708211
0.665576 -0.0623916 -0.0708211
0.571209 0.0599414 -0.0610812
0.59107 0.113773 0.0217076
0.730137 -0.0770674 0.00222785
0.571216 -0.0232502 -0.0610812
0.605986 -0.116226 0.0265775
0.730138 -0.0966418 0.0217076
0.72517 -0.0672805 0.0704069
0.665578 -0.0917534 -0.0708211
0.665579 -0.106434 -0.0708211
0.685433 0.0256951 0.0704069
0.665579 -0.111328 -0.0708211
0.670543 -0.0819657 -0.0708211
0.66558 -0.116221 -0.0708211
0.715241 -0.116218 -0.00751201
0.670528 0.113779 -0.0708211
0.670528 0.108886 -0.0708211
0.581154 -0.0917601 -0.0708211
0.571215 -0.0134629 0.00709778
0.670529 0.0990983 -0.0708211
0.700325 0.113782 -0.0464714
0.670529 0.0942047 -0.0708211
0.730124 0.0844222 0.0460572
0.690402 -0.0036662 -0.0708211
0.581156 -0.116228 0.0557971
0.571206 0.0990904 0.00709778
0.670532 0.0648429 -0.0708211
0.640738 0.0256916 0.0704069
0.571216 -0.0183566 -0.0367316
0.725168 -0.0428124 -0.0708211
0.571215 -0.0134629 -0.0318617
0.670532 0.0550557 -0.0708211
0.690403 -0.0183471 -0.0708211
0.581156 -0.116228 0.00222785
0.571214 0.00611155 0.0363174
0.670533 0.0501621 -0.0708211
0.670533 0.0452684 -0.0708211
0.730137 -0.0770674 -0.0464714
0.59107 0.113773 0.0704069
0.571216 -0.0232502 -0.0123819
0.670534 0.0354812 -0.0708211
0.591076 0.0305812 0.0704069
0.675502 0.0110135 -0.0708211
0.72517 -0.0672805 -0.0708211
0.571217 -0.037931 -0.0318617
0.670535 0.025694 -0.0708211
0.586115 -0.0330362 -0.0708211
0.571207 0.0941967 0.00709778
0.670536 0.0159067 -0.0708211
0.670537 0.00122584 -0.0708211
0.730137 -0.081961 0.0655369
0.670537 -0.00366778 -0.0708211
0.68543 0.0697377 -0.0708211
0.57121 0.0550478 0.00709778
0.730138 -0.0966418 0.0704069
0.605976 0.0159016 -0.0708211
0.670538 -0.013455 -0.0708211
0.690408 -0.0819641 -0.0708211
0.571209 0.064835 0.0411873
0.730137 -0.0868546 0.0411873
0.645714 -0.101542 0.0704069
0.670539 -0.0232423 -0.0708211
0.571211 0.0354733 0.00709778
0.670539 -0.0330295 -0.0708211
0.610937 0.079519 -0.0708211
0.700343 -0.116219 0.060667
0.66558 -0.116221 -0.0464714
0.67054 -0.0379231 -0.0708211
0.571211 0.0403669 0.0168376
0.635783 -0.116224 0.0119677
0.670541 -0.0477104 -0.0708211
0.571213 0.0207924 -0.0659512
0.670541 -0.052604 -0.0708211
0.670541 -0.0574976 -0.0708211
0.620866 0.113775 -0.0416015
0.730127 0.0403796 0.0265775
0.680474 -0.0672841 0.0704069
0.670542 -0.0623912 -0.0708211
0.571213 0.0158988 -0.00751201
0.670542 -0.0672849 -0.0708211
0.630817 -0.116224 0.00709778
0.581138 0.108878 0.0704069
0.670543 -0.0721785 -0.0708211
0.640731 0.113777 -0.00264208
0.710267 -0.0134519 -0.0708211
0.730129 0.0159115 -0.0659512
0.71523 0.0208039 0.0704069
0.670543 -0.0770721 -0.0708211
0.730128 0.0305923 -0.0610812
0.670544 -0.091753 -0.0708211
0.685426 0.11378 -0.0513414
0.670545 -0.0966466 -0.0708211
0.650681 -0.116223 -0.0659512
0.670545 -0.10154 -0.0708211
0.670545 -0.106434 -0.0708211
0.670546 -0.116221 -0.0708211
0.571212 0.025686 0.0509272
0.675495 0.0942051 -0.0708211
0.680477 -0.0966458 -0.0708211
0.640747 -0.0868617 -0.0708211
0.635769 0.0648402 -0.0708211
0.675497 0.0697369 -0.0708211
0.571218 -0.0428247 0.0363174
0.675499 0.0550561 -0.0708211
0.571223 -0.106442 0.060667
0.7202 -0.0232383 0.0704069
0.725173 -0.116217 0.0509272
0.675499 0.0452688 -0.0708211
0.64571 -0.0428187 -0.0708211
0.7202 -0.0281319 -0.0708211
0.610934 0.113774 0.0460572
0.675512 -0.116221 -0.0269917
0.675503 0.00122624 -0.0708211
0.730129 0.0159115 0.0557971
0.675503 -0.00366738 -0.0708211
0.571214 -0.00367569 -0.0269917
0.675504 -0.0183482 -0.0708211
0.650675 -0.0330311 0.0704069
0.610936 0.0893063 0.0704069
0.675505 -0.0232419 -0.0708211
0.685427 0.108887 0.0704069
0.675506 -0.0330291 -0.0708211
0.59108 -0.018355 0.0704069
0.675506 -0.0379227 -0.0708211
0.601005 0.0746246 -0.0708211
0.591081 -0.0232486 0.0704069
0.675506 -0.0428164 -0.0708211
0.675507 -0.04771 -0.0708211
0.675508 -0.0623908 -0.0708211
0.730128 0.0256987 -0.0367316
0.675509 -0.0721781 -0.0708211
0.57121 0.0501541 0.060667
0.675509 -0.0770717 -0.0708211
0.730126 0.0599541 -0.0123819
0.675509 -0.0819653 -0.0708211
0.591084 -0.0623976 -0.0708211
0.67551 -0.086859 -0.0708211
0.675511 -0.0966462 -0.0708211
0.675511 -0.10154 -0.0708211
0.601002 0.113774 -0.0464714
0.730128 0.0354859 0.0217076
0.675511 -0.106433 -0.0708211
0.730139 -0.111323 0.0363174
0.68046 0.11378 -0.0708211
0.571215 -0.0134629 -0.0513414
0.730136 -0.0672801 0.0363174
0.680461 0.103993 -0.0708211
0.730129 0.0159115 0.0411873
0.710264 0.0208035 -0.0708211
0.640731 0.113777 0.0704069
0.680462 0.0844182 -0.0708211
0.655648 -0.116222 -0.0708211
0.680463 0.0697373 -0.0708211
0.730135 -0.0623865 -0.0221218
0.680464 0.0648437 -0.0708211
0.730124 0.0795285 0.0655369
0.615915 -0.0770765 0.0704069
0.710257 0.108889 -0.0708211
0.680464 0.0599501 -0.0708211
0.57121 0.0550478 -0.00264208
0.615915 -0.0721828 0.0704069
0.680465 0.0550565 -0.0708211
0.695361 0.0795258 0.0704069
0.680465 0.0501629 -0.0708211
0.571207 0.0893031 -0.0367316
0.730122 0.10889 -0.00264208
0.680466 0.0403756 -0.0708211
0.680466 0.035482 -0.0708211
0.680467 0.0305884 -0.0708211
0.680467 0.0256947 -0.0708211
0.571221 -0.0868673 0.0557971
0.650681 -0.116223 0.0168376
0.60102 -0.116227 0.060667
0.57121 0.0550478 -0.0269917
0.680469 0.00122663 -0.0708211
0.68047 -0.00856061 -0.0708211
0.670528 0.113779 -0.0172519
0.571207 0.0844095 0.0314474
0.665571 -0.0085618 0.0704069
0.705292 0.0991011 0.0704069
0.68047 -0.0134542 -0.0708211
0.680471 -0.0183479 -0.0708211
0.625833 0.113776 0.0363174
0.665568 0.0354808 0.0704069
0.571211 0.0452605 0.060667
0.680471 -0.0281351 -0.0708211
0.680472 -0.0379223 -0.0708211
0.730138 -0.0917482 -0.0221218
0.680473 -0.0477096 -0.0708211
0.680473 -0.0526032 -0.0708211
0.730129 0.0110178 0.00222785
0.715239 -0.0868558 -0.0708211
0.725173 -0.116217 -0.0367316
0.571213 0.0110052 -0.0513414
0.680474 -0.0574968 -0.0708211
0.571211 0.0354733 -0.0659512
0.645715 -0.116223 -0.0123819
0.730138 -0.101535 -0.0221218
0.680474 -0.0623905 -0.0708211
0.620866 0.113775 -0.00751201
0.605981 -0.0477155 0.0704069
0.680474 -0.0672841 -0.0708211
0.680475 -0.0721777 -0.0708211
0.680475 -0.0770713 -0.0708211
0.73014 -0.116216 0.0217076
0.680477 -0.101539 -0.0708211
0.73013 0.00612421 0.060667
0.635769 0.0550529 0.0704069
0.640746 -0.0770745 0.0704069
0.680477 -0.106433 -0.0708211
0.730129 0.0208051 -0.0659512
0.685426 0.11378 -0.0708211
0.730126 0.0501668 -0.0659512
0.685428 0.0942058 -0.0708211
0.630799 0.113776 0.0119677
0.571218 -0.0477183 0.0119677
0.685428 0.0844186 -0.0708211
0.685429 0.079525 -0.0708211
0.645715 -0.116223 -0.0513414
0.700335 -0.0232399 -0.0708211
0.710275 -0.116218 0.0460572
0.685429 0.0746314 -0.0708211
0.680468 0.0159075 -0.0708211
0.68543 0.0599505 -0.0708211
0.660614 -0.116222 0.0557971
0.685431 0.0550569 -0.0708211
0.685431 0.0501633 -0.0708211
0.685432 0.040376 -0.0708211
0.685433 0.0305888 -0.0708211
0.645705 0.0110111 -0.0708211
0.571207 0.0941967 0.00222785
0.60102 -0.111333 0.0704069
0.705309 -0.116218 0.0217076
0.665569 0.0207999 0.0704069
0.685433 0.0256951 -0.0708211
0.660595 0.113778 0.0509272
0.645713 -0.091755 -0.0708211
0.685434 0.0110143 -0.0708211
0.685435 0.00612065 -0.0708211
0.685435 0.00122703 -0.0708211
0.576171 0.113772 -0.0221218
0.571213 0.0207924 0.0557971
0.615902 0.0942003 -0.0708211
0.685435 -0.00366659 -0.0708211
0.685436 -0.0134538 -0.0708211
0.685437 -0.0183475 -0.0708211
0.685437 -0.0232411 -0.0708211
0.64571 -0.0428187 0.0704069
0.705309 -0.116218 0.00222785
0.685438 -0.0330283 -0.0708211
0.685438 -0.0379219 -0.0708211
0.685439 -0.0428156 -0.0708211
0.591086 -0.0966529 0.0704069
0.685439 -0.0526028 -0.0708211
0.571208 0.0795159 0.0411873
0.68544 -0.0574964 -0.0708211
0.685441 -0.0672837 -0.0708211
0.685441 -0.0770709 -0.0708211
0.685442 -0.0819645 -0.0708211
0.650665 0.0893095 0.0704069
0.685444 -0.106433 -0.0708211
0.690392 0.113781 -0.0708211
0.690393 0.108887 -0.0708211
0.60102 -0.116227 0.0363174
0.670537 0.00122584 0.0704069
0.690393 0.0990999 -0.0708211
0.670546 -0.116221 -0.00751201
0.625845 -0.0477139 -0.0708211
0.690394 0.0942062 -0.0708211
0.695376 -0.106432 -0.0708211
0.6159 0.113775 0.0509272
0.690394 0.0893126 -0.0708211
0.620885 -0.116225 -0.0123819
0.6159 0.113775 -0.0367316
0.625847 -0.0672884 0.0704069
0.690395 0.084419 -0.0708211
0.730138 -0.0917482 0.0460572
0.690395 0.0795254 -0.0708211
0.695377 -0.116219 -0.0708211
0.710275 -0.116218 -0.0221218
0.690395 0.0746318 -0.0708211
0.650669 0.0354796 -0.0708211
0.690396 0.0648445 -0.0708211
0.690399 0.0354828 -0.0708211
0.645715 -0.116223 -0.00264208
0.571216 -0.0183566 0.0168376
0.690399 0.0305892 -0.0708211
0.730133 -0.0281311 0.0460572
0.690399 0.0256955 -0.0708211
0.6904 0.0159083 -0.0708211
0.690401 0.00612105 -0.0708211
0.690401 0.00122743 -0.0708211
0.571215 -0.0134629 -0.00264208
0.730125 0.0697413 0.00222785
0.635775 -0.0183514 -0.0708211
0.610952 -0.116226 0.0168376
0.690402 -0.00855982 -0.0708211
0.73013 0.00123059 0.0363174
0.605983 -0.0770773 -0.0708211
0.571216 -0.0281438 -0.00751201
0.730125 0.0648477 0.00222785
0.690402 -0.0134534 -0.0708211
0.690403 -0.0232407 -0.0708211
0.571217 -0.037931 -0.0123819
0.690404 -0.0281343 -0.0708211
0.690404 -0.0330279 -0.0708211
0.690405 -0.0526024 -0.0708211
0.690407 -0.0672833 -0.0708211
0.685444 -0.11622 -0.00264208
0.690408 -0.0868578 -0.0708211
0.690411 -0.116219 -0.0708211
0.730129 0.0110178 0.0411873
0.640749 -0.116223 0.0411873
0.695358 0.113781 -0.0708211
0.640734 0.0795214 -0.0708211
0.695359 0.103994 -0.0708211
0.730124 0.0795285 0.0509272
0.69536 0.0942066 -0.0708211
0.640731 0.113777 -0.0221218
0.715229 0.0354848 0.0704069
0.69536 0.089313 -0.0708211
0.665562 0.113779 0.0704069
0.720201 -0.0379192 -0.0708211
0.571217 -0.0330374 0.0411873
0.695361 0.0795258 -0.0708211
0.625841 0.00122228 0.0704069
0.571223 -0.106442 0.0363174
0.730122 0.10889 0.0557971
0.660609 -0.0526048 -0.0708211
0.695361 0.0746322 -0.0708211
0.730127 0.0452732 -0.0610812
0.695362 0.0697385 -0.0708211
0.730126 0.0501668 -0.0562113
0.695363 0.0599513 -0.0708211
0.571222 -0.101548 0.0363174
0.695363 0.0550577 -0.0708211
0.625851 -0.116225 0.0168376
0.730129 0.0208051 -0.0269917
0.695364 0.0452704 -0.0708211
0.571223 -0.116229 0.00709778
0.730129 0.0159115 -0.0269917
0.695364 0.0403768 -0.0708211
0.625851 -0.116225 0.0460572
0.596054 -0.116227 0.0265775
0.730128 0.0256987 -0.0318617
0.695365 0.0354832 -0.0708211
0.685444 -0.11622 0.0363174
0.695365 0.0305896 -0.0708211
0.710272 -0.0721753 -0.0708211
0.725163 0.0159111 0.0704069
0.571215 -0.00856932 0.0704069
0.695367 0.00122782 -0.0708211
0.571211 0.0403669 0.0460572
0.710257 0.113782 0.0460572
0.610952 -0.106439 0.0704069
0.655648 -0.116222 0.0655369
0.695369 -0.013453 -0.0708211
0.680478 -0.11622 -0.0513414
0.571219 -0.0623992 -0.0123819
0.695369 -0.0232403 -0.0708211
0.645697 0.113777 0.0265775
0.57619 -0.116229 0.0460572
0.69537 -0.0281339 -0.0708211
0.730135 -0.0574929 -0.0123819
0.615914 -0.0623956 0.0704069
0.69537 -0.0330275 -0.0708211
0.69537 -0.0379212 -0.0708211
0.695371 -0.0428148 -0.0708211
0.695371 -0.0477084 -0.0708211
0.695372 -0.0623893 -0.0708211
0.695373 -0.0672829 -0.0708211
0.695374 -0.0819637 -0.0708211
0.73014 -0.116216 -0.00751201
0.695374 -0.0868574 -0.0708211
0.695375 -0.0966446 -0.0708211
0.695376 -0.101538 -0.0708211
0.700336 -0.0281335 -0.0708211
0.571205 0.108878 0.0217076
0.630817 -0.116224 -0.0221218
0.670532 0.0599493 -0.0708211
0.700325 0.108888 -0.0708211
0.586113 -0.00367451 0.0704069
0.571205 0.113771 0.0314474
0.630817 -0.116224 -0.0513414
0.700326 0.094207 -0.0708211
0.571205 0.113771 -0.0464714
0.700326 0.0893134 -0.0708211
0.586122 -0.116228 0.0363174
0.700341 -0.0966442 -0.0708211
0.571207 0.0844095 -0.0367316
0.700327 0.0844198 -0.0708211
0.625833 0.113776 -0.0367316
0.601019 -0.101546 -0.0708211
0.700328 0.0697389 -0.0708211
0.730135 -0.0574929 0.00709778
0.700329 0.0550581 -0.0708211
0.70033 0.0452708 -0.0708211
0.700331 0.0354836 -0.0708211
0.700332 0.0208027 -0.0708211
0.690392 0.113781 -0.0123819
0.730138 -0.0966418 -0.0610812
0.700332 0.0159091 -0.0708211
0.665573 -0.0281363 -0.0708211
0.700333 0.0110155 -0.0708211
0.710272 -0.0819626 -0.0708211
0.695377 -0.116219 0.0411873
0.730138 -0.0966418 0.0168376
0.685435 0.00612065 0.0704069
0.57618 0.00121832 0.0704069
0.625841 0.0061159 0.0704069
0.700333 0.00612184 -0.0708211
0.710273 -0.0917498 0.0704069
0.705291 0.103995 0.0704069
0.700333 0.00122822 -0.0708211
0.66558 -0.116221 0.0265775
0.700334 -0.00855903 -0.0708211
0.620872 0.0452645 0.0704069
0.700335 -0.0183463 -0.0708211
0.620883 -0.0917569 -0.0708211
0.700336 -0.0330271 -0.0708211
0.660614 -0.116222 -0.0708211
0.605986 -0.106439 0.0704069
0.571218 -0.0526119 -0.0221218
0.700338 -0.0574952 -0.0708211
0.57122 -0.07708 -0.0464714
0.700339 -0.0623889 -0.0708211
0.665562 0.113779 0.0509272
0.700339 -0.0672825 -0.0708211
0.700339 -0.0721761 -0.0708211
0.70034 -0.0770697 -0.0708211
0.700341 -0.086857 -0.0708211
0.630813 -0.0623944 0.0704069
0.700342 -0.101538 -0.0708211
0.700342 -0.106431 -0.0708211
0.720194 0.050166 -0.0708211
0.700342 -0.111325 -0.0708211
0.700343 -0.116219 -0.0708211
0.690392 0.113781 0.0509272
0.705291 0.108888 -0.0708211
0.710273 -0.0868562 -0.0708211
0.705293 0.0844202 -0.0708211
0.710275 -0.111324 -0.0708211
0.730137 -0.0868546 0.00222785
0.695376 -0.111325 0.0704069
0.705293 0.0795266 -0.0708211
0.710275 -0.116218 -0.0708211
0.705294 0.0697393 -0.0708211
0.57122 -0.0672928 -0.0367316
0.620885 -0.116225 0.0265775
0.720207 -0.111323 -0.0708211
0.705295 0.0648457 -0.0708211
0.705295 0.0599521 -0.0708211
0.625837 0.0599457 -0.0708211
0.571209 0.064835 0.0363174
0.690397 0.0501636 0.0704069
0.705295 0.0550585 -0.0708211
0.705297 0.0403776 -0.0708211
0.571213 0.0110052 0.0460572
0.705297 0.0305903 -0.0708211
0.71027 -0.0574945 -0.0708211
0.705298 0.0208031 -0.0708211
0.695359 0.108888 -0.0708211
0.705299 0.0110159 -0.0708211
0.705299 0.00612224 -0.0708211
0.7053 -0.00366501 -0.0708211
0.73013 0.00123059 -0.0610812
0.581156 -0.116228 0.060667
0.640731 0.113777 -0.0464714
0.730123 0.099103 -0.0367316
0.705302 -0.0232395 -0.0708211
0.705303 -0.0379204 -0.0708211
0.635765 0.113776 0.00222785
0.690405 -0.0428152 0.0704069
0.705303 -0.042814 -0.0708211
0.670537 -0.0085614 -0.0708211
0.705304 -0.0526012 -0.0708211
0.571221 -0.0917609 -0.0221218
0.705304 -0.0574948 -0.0708211
0.725155 0.113784 0.060667
0.605975 0.0256888 0.0704069
0.705305 -0.0623885 -0.0708211
0.705305 -0.0672821 -0.0708211
0.645708 -0.0232442 -0.0708211
0.705306 -0.0770693 -0.0708211
0.601018 -0.0868649 -0.0708211
0.705306 -0.081963 -0.0708211
0.685434 0.0159079 -0.0708211
0.571222 -0.101548 0.0411873
0.700325 0.113782 0.0655369
0.645707 -0.013457 -0.0708211
0.705307 -0.0868566 -0.0708211
0.571208 0.0795159 -0.0172519
0.705307 -0.0966438 -0.0708211
0.720192 0.0746341 -0.0708211
0.725173 -0.116217 -0.0708211
0.705308 -0.101537 -0.0708211
0.705309 -0.116218 -0.0708211
0.571223 -0.116229 0.0314474
0.571206 0.103984 0.0168376
0.710258 0.0991014 -0.0708211
0.710259 0.0893142 -0.0708211
0.605968 0.113774 -0.0172519
0.710259 0.079527 -0.0708211
0.730129 0.0208051 0.060667
0.710261 0.0648461 -0.0708211
0.710261 0.0550589 -0.0708211
0.710262 0.0452716 -0.0708211
0.715224 0.103995 -0.0708211
0.710263 0.0354844 -0.0708211
0.57122 -0.07708 -0.00751201
0.710265 0.0110163 -0.0708211
0.730135 -0.0574929 -0.0416015
0.710266 -0.00366461 -0.0708211
0.710267 -0.00855823 -0.0708211
0.710267 -0.0183455 -0.0708211
0.630817 -0.116224 -0.0123819
0.596036 0.113773 0.0168376
0.710268 -0.0232391 -0.0708211
0.710268 -0.0330263 -0.0708211
0.730136 -0.0672801 0.0655369
0.710269 -0.03792 -0.0708211
0.710269 -0.0428136 -0.0708211
0.675508 -0.0672845 -0.0708211
0.71027 -0.0526008 -0.0708211
0.571208 0.0746223 -0.00264208
0.710271 -0.0623881 -0.0708211
0.730137 -0.081961 -0.0123819
0.710272 -0.0770689 -0.0708211
0.715228 0.0550592 -0.0708211
0.645709 -0.0330315 0.0704069
0.710274 -0.101537 -0.0708211
0.710274 -0.106431 -0.0708211
0.715223 0.108889 -0.0708211
0.715224 0.0991018 -0.0708211
0.730123 0.0942094 -0.0221218
0.715225 0.0893146 -0.0708211
0.715225 0.084421 -0.0708211
0.730131 -0.00366303 -0.0708211
0.571212 0.0305797 0.0655369
0.690402 -0.0134534 0.0704069
0.715226 0.0697401 -0.0708211
0.620885 -0.116225 -0.0562113
0.690398 0.0403764 -0.0708211
0.571214 -0.00367569 0.0168376
0.685426 0.11378 0.00222785
0.730128 0.0305923 -0.0513414
0.715227 0.0648465 -0.0708211
0.690411 -0.116219 0.0314474
0.715227 0.0599529 -0.0708211
0.730126 0.0501668 -0.0464714
0.715228 0.045272 -0.0708211
0.705303 -0.0477076 -0.0708211
0.571218 -0.0477183 -0.0367316
0.630811 -0.0379263 -0.0708211
0.715229 0.0403784 -0.0708211
0.571213 0.0158988 0.0411873
0.57619 -0.116229 0.0411873
0.605968 0.113774 -0.0123819
0.715229 0.0354848 -0.0708211
0.571216 -0.0183566 0.0655369
0.645697 0.113777 -0.0172519
0.71523 0.0305911 -0.0708211
0.71523 0.0256975 -0.0708211
0.730128 0.0256987 -0.0221218
0.71523 0.0208039 -0.0708211
0.571209 0.0599414 0.0168376
0.610942 0.015902 0.0704069
0.715231 0.00612303 -0.0708211
0.571223 -0.111335 -0.0513414
0.715233 -0.00855784 -0.0708211
0.571211 0.0354733 0.0509272
0.715233 -0.0183451 -0.0708211
0.715234 -0.0232387 -0.0708211
0.571208 0.0795159 -0.00751201
0.700327 0.0795262 -0.0708211
0.715234 -0.0281323 -0.0708211
0.715235 -0.0428132 -0.0708211
0.571208 0.0746223 0.0655369
0.715236 -0.0477068 -0.0708211
0.57122 -0.07708 -0.0367316
0.715237 -0.0672813 -0.0708211
0.715238 -0.0721749 -0.0708211
0.715238 -0.0770685 -0.0708211
0.665567 0.0403744 -0.0708211
0.571211 0.0354733 0.00222785
0.571216 -0.0232502 -0.0416015
0.605986 -0.116226 0.0460572
0.571219 -0.0575055 -0.0659512
0.715239 -0.0819622 -0.0708211
0.57121 0.0501541 -0.0562113
0.730128 0.0354859 0.0704069
0.586122 -0.116228 -0.00264208
0.581156 -0.116228 0.0460572
0.571216 -0.0281438 -0.0562113
0.71524 -0.101537 -0.0708211
0.725173 -0.116217 -0.0318617
0.571213 0.0110052 -0.0464714
0.71524 -0.10643 -0.0708211
0.715241 -0.116218 -0.0708211
0.700342 -0.111325 0.0704069
0.670546 -0.116221 0.060667
0.586116 -0.0379299 0.0704069
0.670531 0.0746302 0.0704069
0.60102 -0.116227 -0.00264208
0.601013 -0.0281414 -0.0708211
0.72019 0.103996 -0.0708211
0.725172 -0.0966422 -0.0708211
0.571206 0.103984 0.00222785
0.720191 0.089315 -0.0708211
0.725171 -0.0819614 -0.0708211
0.73014 -0.116216 0.0557971
0.720191 0.0844214 -0.0708211
0.591088 -0.116227 0.0411873
0.720193 0.0599533 -0.0708211
0.720195 0.0452724 -0.0708211
0.720195 0.0403788 -0.0708211
0.720196 0.0256979 -0.0708211
0.586122 -0.116228 -0.0123819
0.720196 0.0208043 -0.0708211
0.571214 0.00611155 -0.0562113
0.720198 0.00612342 -0.0708211
0.720198 -0.00366382 -0.0708211
0.625833 0.113776 -0.0659512
0.720199 -0.00855744 -0.0708211
0.57122 -0.0721864 -0.00264208
0.571211 0.0403669 -0.0610812
0.720199 -0.0134511 -0.0708211
0.7202 -0.0232383 -0.0708211
0.610938 0.0599446 -0.0708211
0.571205 0.113771 0.0363174
0.720201 -0.0330256 -0.0708211
0.720201 -0.0428128 -0.0708211
0.571205 0.113771 0.0265775
0.720202 -0.0526 -0.0708211
0.571207 0.0941967 -0.0562113
0.720203 -0.0574937 -0.0708211
0.720203 -0.0623873 -0.0708211
0.720204 -0.0721745 -0.0708211
0.650666 0.0795222 -0.0708211
0.720205 -0.0868554 -0.0708211
0.596054 -0.116227 -0.0367316
0.720207 -0.116217 -0.0708211
0.730125 0.0697413 -0.0221218
0.655648 -0.116222 0.0509272
0.66558 -0.116221 0.0363174
0.605978 -0.00856655 -0.0708211
0.725156 0.103996 -0.0708211
0.695377 -0.116219 -0.0610812
0.725156 0.0991026 -0.0708211
0.725157 0.094209 -0.0708211
0.730137 -0.081961 -0.0367316
0.725157 0.0893154 -0.0708211
0.73014 -0.116216 -0.0221218
0.725158 0.0746345 -0.0708211
0.650663 0.113778 -0.0416015
0.72516 0.05506 -0.0708211
0.725161 0.0452728 -0.0708211
0.725161 0.0354856 -0.0708211
0.630816 -0.106437 0.0704069
0.571207 0.0844095 0.0411873
0.730131 -0.00855665 0.0265775
0.695366 0.0159087 0.0704069
0.725162 0.0305919 -0.0708211
0.725163 0.0159111 -0.0708211
0.571207 0.0941967 0.0460572
0.710257 0.113782 -0.0464714
0.725164 0.00612382 -0.0708211
0.725164 0.0012302 -0.0708211
0.571217 -0.037931 0.0363174
0.62088 -0.052608 -0.0708211
0.725165 -0.00855705 -0.0708211
0.725165 -0.0134507 -0.0708211
0.571214 0.00121793 0.0314474
0.725166 -0.0183443 -0.0708211
0.730124 0.0795285 -0.0708211
0.730125 0.0697413 0.0655369
0.710265 0.0159099 -0.0708211
0.725167 -0.0330252 -0.0708211
0.571223 -0.106442 -0.0708211
0.725167 -0.0379188 -0.0708211
0.725168 -0.047706 -0.0708211
0.571214 0.00121793 -0.0367316
0.730135 -0.0623865 -0.0708211
0.725169 -0.0623869 -0.0708211
0.72517 -0.0721741 -0.0708211
0.690411 -0.116219 -0.0562113
0.725173 -0.106429 -0.0708211
0.675496 0.0893114 -0.0708211
0.730121 0.113784 -0.0708211
0.571205 0.108878 -0.0562113
0.640731 0.113777 0.0119677
0.730122 0.103997 -0.0708211
0.730123 0.0942094 -0.0708211
0.730133 -0.0281311 -0.0172519
0.571212 0.025686 -0.0562113
0.730124 0.0746349 -0.0708211
0.710257 0.113782 -0.0123819
0.610952 -0.116226 -0.0562113
0.730125 0.0697413 -0.0708211
0.730126 0.0550604 -0.0708211
0.705303 -0.0379204 0.0704069
0.571221 -0.0819736 0.0509272
0.730126 0.0501668 -0.0708211
0.620866 0.113775 0.0557971
0.730127 0.0403796 -0.0708211
0.730128 0.0305923 -0.0708211
0.725173 -0.116217 0.0363174
0.730128 0.0256987 -0.0708211
0.730129 0.0159115 -0.0708211
0.571206 0.103984 0.060667
0.571223 -0.111335 0.00709778
0.675497 0.0795242 0.0704069
0.680478 -0.11622 0.0704069
0.73013 0.00612421 -0.0708211
0.73013 0.00123059 -0.0708211
0.571209 0.064835 -0.0367316
0.730131 -0.00855665 -0.0708211
0.700325 0.113782 -0.0708211
0.571209 0.0599414 -0.00264208
0.586122 -0.116228 0.060667
0.571212 0.025686 -0.0123819
0.730133 -0.0281311 -0.0708211
0.571207 0.0941967 -0.0659512
0.730133 -0.0379184 -0.0708211
0.730134 -0.042812 -0.0708211
0.730138 -0.0917482 -0.0708211
0.730139 -0.106429 -0.0708211
0.68046 0.11378 0.060667
0.730139 -0.111323 -0.0708211
0.67054 -0.0428168 -0.0708211
0.73014 -0.116216 -0.0708211
0.571218 -0.0428247 -0.0172519
0.571205 0.108878 0.0655369
0.571221 -0.0917609 0.060667
0.725164 0.0012302 0.0704069
0.610939 0.0501573 0.0704069
0.571206 0.103984 0.0655369
0.571223 -0.111335 0.0655369
0.645706 0.00122386 -0.0708211
0.571207 0.0941967 0.0655369
0.571223 -0.116229 -0.0513414
0.571209 0.0697286 0.0655369
0.57121 0.0550478 0.0655369
0.670531 0.0697365 -0.0708211
0.571211 0.0452605 0.0655369
0.571211 0.0354733 0.0655369
0.730133 -0.0281311 0.00709778
0.571212 0.025686 0.0655369
0.571214 0.00121793 0.0655369
0.571214 -0.00367569 0.0655369
0.675495 0.103992 -0.0708211
0.680476 -0.0917522 -0.0708211
0.571215 -0.00856932 0.0655369
0.73013 0.00123059 0.060667
0.571216 -0.0281438 0.0655369
0.655638 0.00122466 -0.0708211
0.571217 -0.0330374 0.0655369
0.571217 -0.037931 0.0655369
0.571218 -0.0428247 0.0655369
0.630799 0.113776 -0.0367316
0.571218 -0.0477183 0.0655369
0.730132 -0.0183439 0.0460572
0.571218 -0.0526119 0.0655369
0.57122 -0.0672928 0.0655369
0.57122 -0.07708 0.0655369
0.710275 -0.116218 0.00222785
0.730131 -0.0134503 0.0363174
0.571221 -0.0868673 0.0655369
0.730137 -0.081961 -0.0416015
0.695377 -0.116219 0.0265775
0.571223 -0.116229 0.0655369
0.571207 0.0941967 0.060667
0.601009 0.030582 -0.0708211
0.571207 0.0893031 0.060667
0.571208 0.0795159 0.060667
0.571209 0.064835 0.060667
0.61094 0.0403701 -0.0708211
0.57121 0.0550478 0.060667
0.571211 0.0403669 0.060667
0.571211 0.0354733 0.060667
0.710275 -0.116218 -0.0513414
0.665573 -0.0330299 0.0704069
0.645715 -0.116223 0.0411873
0.60102 -0.116227 -0.0562113
0.571212 0.0305797 0.060667
0.700343 -0.116219 0.00709778
0.640738 0.0305852 0.0704069
0.571212 0.025686 0.060667
0.571213 0.0207924 0.060667
0.571214 0.00121793 0.060667
0.571214 -0.00367569 0.060667
0.571215 -0.0134629 0.060667
0.571216 -0.0183566 0.060667
0.571216 -0.0232502 0.060667
0.571218 -0.0428247 0.060667
0.571218 -0.0477183 0.060667
0.715241 -0.116218 -0.0416015
0.571218 -0.0526119 0.060667
0.57122 -0.0672928 0.060667
0.57122 -0.0721864 0.060667
0.705309 -0.116218 -0.0562113
0.63578 -0.0770749 -0.0708211
0.690411 -0.116219 0.0363174
0.730131 -0.0134503 -0.0123819
0.571221 -0.0868673 0.060667
0.571222 -0.0966545 0.060667
0.705294 0.0697393 0.0704069
0.571223 -0.116229 0.060667
0.670528 0.113779 -0.00264208
0.620877 -0.0232462 -0.0708211
0.586107 0.0697298 -0.0708211
0.571207 0.0844095 -0.0318617
0.635782 -0.101543 0.0704069
0.571205 0.113771 0.0557971
0.571206 0.103984 0.0557971
0.571223 -0.111335 0.00222785
0.730129 0.0110178 0.0460572
0.640749 -0.116223 0.0460572
0.571208 0.0795159 0.0557971
0.705309 -0.116218 0.0704069
0.571208 0.0746223 0.0557971
0.571209 0.0697286 0.0557971
0.571209 0.064835 0.0557971
0.571211 0.0354733 0.0557971
0.715232 0.00122941 -0.0708211
0.571212 0.0305797 0.0557971
0.700343 -0.116219 0.0119677
0.571212 0.025686 0.0557971
0.571213 0.0110052 0.0557971
0.571214 -0.00367569 0.0557971
0.571215 -0.00856932 0.0557971
0.571215 -0.0134629 0.0557971
0.571216 -0.0183566 0.0557971
0.730137 -0.0770674 0.0217076
0.695369 -0.0183467 0.0704069
0.571216 -0.0232502 0.0557971
0.571216 -0.0281438 0.0557971
0.571217 -0.0330374 0.0557971
0.571217 -0.037931 0.0557971
0.571218 -0.0428247 0.0557971
0.571218 -0.0477183 0.0557971
0.571218 -0.0526119 0.0557971
0.730133 -0.0330248 0.0314474
0.571219 -0.0575055 0.0557971
0.670546 -0.116221 0.0265775
0.571221 -0.0819736 0.0557971
0.700333 0.00122822 0.0704069
0.571221 -0.0917609 0.0557971
0.660595 0.113778 0.0411873
0.700334 -0.0036654 0.0704069
0.571222 -0.0966545 0.0557971
0.571222 -0.101548 0.0557971
0.685434 0.0208015 -0.0708211
0.571223 -0.106442 0.0557971
0.596047 -0.0281418 0.0704069
0.645704 0.025692 0.0704069
0.571205 0.113771 0.0509272
0.571205 0.108878 0.0509272
0.571221 -0.0917609 0.0265775
0.730124 0.0844222 -0.0123819
0.571206 0.103984 0.0509272
0.571206 0.0990904 0.0509272
0.645706 0.00122386 0.0704069
0.571207 0.0893031 0.0509272
0.571207 0.0844095 0.0509272
0.680474 -0.0574968 0.0704069
0.571223 -0.116229 -0.0221218
0.571208 0.0746223 0.0509272
0.705309 -0.116218 0.0557971
0.571209 0.064835 0.0509272
0.57121 0.0501541 0.0509272
0.625833 0.113776 0.0460572
0.571211 0.0452605 0.0509272
0.571213 0.0207924 0.0509272
0.571213 0.0110052 0.0509272
0.571214 0.00611155 0.0509272
0.650664 0.108884 -0.0708211
0.571214 -0.00367569 0.0509272
0.571215 -0.00856932 0.0509272
0.720206 -0.101536 -0.0708211
0.571216 -0.0232502 0.0509272
0.720206 -0.0966426 -0.0708211
0.571216 -0.0281438 0.0509272
0.695367 0.00612144 -0.0708211
0.571217 -0.037931 0.0509272
0.576179 0.0158992 0.0704069
0.571218 -0.0428247 0.0509272
0.730133 -0.0330248 0.0411873
0.605986 -0.116226 -0.0708211
0.571219 -0.0575055 0.0509272
0.640742 -0.0281383 -0.0708211
0.57122 -0.0672928 0.0509272
0.57122 -0.0721864 0.0509272
0.571223 -0.106442 0.0509272
0.571223 -0.111335 0.0509272
0.571223 -0.116229 0.0509272
0.571207 0.0844095 -0.0221218
0.571205 0.113771 0.0460572
0.571205 0.108878 0.0460572
0.571206 0.103984 0.0460572
0.605975 0.0207952 -0.0708211
0.571223 -0.111335 -0.00264208
0.571219 -0.0623992 0.0704069
0.650666 0.0746286 0.0704069
0.640749 -0.116223 0.0363174
0.571206 0.0990904 0.0460572
0.571207 0.0844095 0.0460572
0.571208 0.0795159 0.0460572
0.705309 -0.116218 0.060667
0.571208 0.0746223 0.0460572
0.571209 0.064835 0.0460572
0.700325 0.113782 -0.0221218
0.571209 0.0599414 0.0460572
0.571211 0.0354733 0.0460572
0.576171 0.113772 -0.0367316
0.571213 0.0207924 0.0460572
0.571214 0.00611155 0.0460572
0.59605 -0.0623972 -0.0708211
0.571215 -0.00856932 0.0460572
0.571215 -0.0134629 0.0460572
0.730137 -0.0770674 0.0119677
0.571216 -0.0232502 0.0460572
0.571217 -0.037931 0.0460572
0.571218 -0.0477183 0.0460572
0.730132 -0.0183439 0.0411873
0.715241 -0.116218 -0.0269917
0.571218 -0.0526119 0.0460572
0.571219 -0.0575055 0.0460572
0.640749 -0.116223 0.060667
0.571219 -0.0623992 0.0460572
0.705305 -0.0721757 0.0704069
0.57122 -0.0672928 0.0460572
0.57122 -0.0721864 0.0460572
0.705309 -0.116218 -0.0416015
0.690411 -0.116219 0.0509272
0.57122 -0.07708 0.0460572
0.710275 -0.116218 0.00709778
0.571221 -0.0819736 0.0460572
0.571221 -0.0868673 0.0460572
0.660595 0.113778 -0.0221218
0.576182 -0.0183562 0.0704069
0.571222 -0.0966545 0.0460572
0.571223 -0.106442 0.0460572
0.665569 0.0159063 0.0704069
0.680468 0.0110139 -0.0708211
0.571223 -0.111335 0.0460572
0.571206 0.103984 -0.00264208
0.730137 -0.081961 -0.0221218
0.571223 -0.116229 0.0460572
0.571205 0.113771 0.0411873
0.571206 0.0990904 0.0411873
0.571207 0.0941967 0.0411873
0.571207 0.0893031 0.0411873
0.596054 -0.116227 0.0655369
0.571208 0.0746223 0.0411873
0.571209 0.0697286 0.0411873
0.571209 0.0599414 0.0411873
0.571211 0.0452605 0.0411873
0.571211 0.0403669 0.0411873
0.571221 -0.0917609 0.0460572
0.635783 -0.116224 0.0363174
0.571211 0.0354733 0.0411873
0.571212 0.0305797 0.0411873
0.571212 0.025686 0.0411873
0.576171 0.113772 -0.0318617
0.571213 0.0207924 0.0411873
0.571213 0.0110052 0.0411873
0.571214 0.00611155 0.0411873
0.571214 0.00121793 0.0411873
0.620885 -0.116225 -0.0318617
0.571214 -0.00367569 0.0411873
0.571215 -0.00856932 0.0411873
0.571216 -0.0183566 0.0411873
0.571217 -0.037931 0.0411873
0.571218 -0.0477183 0.0411873
0.730132 -0.0183439 0.0704069
0.571218 -0.0526119 0.0411873
0.59107 0.113773 -0.0123819
0.730133 -0.0330248 0.0509272
0.571219 -0.0575055 0.0411873
0.57122 -0.0672928 0.0411873
0.57122 -0.0721864 0.0411873
0.57122 -0.07708 0.0411873
0.710275 -0.116218 0.0265775
0.571221 -0.0819736 0.0411873
0.730131 -0.0134503 0.0119677
0.571221 -0.0868673 0.0411873
0.685444 -0.111326 0.0704069
0.650681 -0.116223 0.0265775
0.655631 0.0893098 0.0704069
0.635783 -0.116224 0.0557971
0.571221 -0.0917609 0.0411873
0.571205 0.108878 0.0119677
0.660595 0.113778 -0.0172519
0.571222 -0.0966545 0.0411873
0.571223 -0.106442 0.0411873
0.571223 -0.111335 0.0411873
0.571206 0.103984 -0.00751201
0.730137 -0.081961 -0.0172519
0.571223 -0.116229 0.0411873
0.571205 0.108878 0.0363174
0.58611 0.0354745 -0.0708211
0.571206 0.103984 0.0363174
0.571207 0.0941967 0.0363174
0.571207 0.0893031 0.0363174
0.581151 -0.0575047 -0.0708211
0.65563 0.103991 -0.0708211
0.571209 0.0697286 0.0363174
0.700325 0.113782 -0.00751201
0.625836 0.0648394 -0.0708211
0.571209 0.0599414 0.0363174
0.57121 0.0550478 0.0363174
0.57121 0.0501541 0.0363174
0.625833 0.113776 0.0119677
0.571211 0.0452605 0.0363174
0.62088 -0.0575016 -0.0708211
0.571211 0.0403669 0.0363174
0.571221 -0.0917609 0.0314474
0.635783 -0.116224 0.0509272
0.571211 0.0354733 0.0363174
0.700343 -0.116219 -0.0172519
0.571212 0.025686 0.0363174
0.571214 0.00121793 0.0363174
0.571216 -0.0183566 0.0363174
0.571216 -0.0232502 0.0363174
0.73013 0.00123059 0.0217076
0.571216 -0.0281438 0.0363174
0.730133 -0.0330248 0.0363174
0.640749 -0.11133 0.0704069
0.571219 -0.0575055 0.0363174
0.571219 -0.0623992 0.0363174
0.57122 -0.0672928 0.0363174
0.571221 -0.0819736 0.0363174
0.571221 -0.0868673 0.0363174
0.660595 0.113778 -0.0123819
0.571222 -0.0966545 0.0363174
0.571223 -0.111335 0.0363174
0.730137 -0.081961 -0.0269917
0.571223 -0.116229 0.0363174
0.571206 0.103984 0.0314474
0.610943 0.00611472 -0.0708211
0.571206 0.0990904 0.0314474
0.571207 0.0893031 0.0314474
0.586112 0.0110064 0.0704069
0.571208 0.0795159 0.0314474
0.571209 0.0697286 0.0314474
0.571209 0.064835 0.0314474
0.700325 0.113782 -0.0367316
0.610942 0.0110083 -0.0708211
0.720189 0.108889 -0.0708211
0.725172 -0.101536 -0.0708211
0.571209 0.0599414 0.0314474
0.670529 0.0990983 0.0704069
0.57121 0.0550478 0.0314474
0.725173 -0.116217 0.0655369
0.57121 0.0501541 0.0314474
0.720191 0.0844214 0.0704069
0.571211 0.0403669 0.0314474
0.635783 -0.116224 0.0217076
0.571211 0.0354733 0.0314474
0.60102 -0.116227 0.0704069
0.571212 0.0305797 0.0314474
0.576171 0.113772 -0.0464714
0.571213 0.0207924 0.0314474
0.571213 0.0158988 0.0314474
0.685444 -0.11622 0.0655369
0.57619 -0.116229 0.00709778
0.571213 0.0110052 0.0314474
0.571215 -0.0134629 0.0314474
0.571216 -0.0183566 0.0314474
0.680478 -0.11622 -0.0123819
0.571217 -0.0330374 0.0314474
0.571218 -0.0477183 0.0314474
0.730133 -0.0330248 0.0557971
0.571219 -0.0575055 0.0314474
0.57122 -0.0672928 0.0314474
0.591088 -0.116227 0.0265775
0.635765 0.113776 -0.0659512
0.730131 -0.0134503 0.0509272
0.591072 0.0844111 -0.0708211
0.571221 -0.0868673 0.0314474
0.720189 0.113783 0.0460572
0.571223 -0.106442 0.0314474
0.660597 0.0893102 0.0704069
0.665577 -0.0770725 0.0704069
0.571223 -0.111335 0.0314474
0.571205 0.108878 0.0265775
0.571207 0.0941967 0.0265775
0.571207 0.0893031 0.0265775
0.670528 0.113779 -0.0221218
0.720203 -0.0574937 0.0704069
0.571207 0.0844095 0.0265775
0.601007 0.0452629 0.0704069
0.571208 0.0795159 0.0265775
0.665565 0.0697362 0.0704069
0.720191 0.0942086 -0.0708211
0.725171 -0.086855 -0.0708211
0.571208 0.0746223 0.0265775
0.571209 0.0697286 0.0265775
0.571209 0.064835 0.0265775
0.67053 0.089311 -0.0708211
0.571209 0.0599414 0.0265775
0.571211 0.0403669 0.0265775
0.730125 0.0697413 -0.00751201
0.725165 -0.0134507 0.0704069
0.655648 -0.116222 0.060667
0.635783 -0.116224 0.0411873
0.571211 0.0354733 0.0265775
0.730133 -0.0281311 0.0655369
0.571212 0.025686 0.0265775
0.571213 0.0158988 0.0265775
0.57619 -0.116229 0.0119677
0.571214 0.00611155 0.0265775
0.571214 0.00121793 0.0265775
0.620885 -0.116225 -0.0659512
0.571214 -0.00367569 0.0265775
0.571216 -0.0232502 0.0265775
0.640739 0.0159043 0.0704069
0.571217 -0.0330374 0.0265775
0.571218 -0.0428247 0.0265775
0.60102 -0.116227 0.00709778
0.571219 -0.0623992 0.0265775
0.725168 -0.0525996 -0.0708211
0.66557 0.0110127 0.0704069
0.57122 -0.0672928 0.0265775
0.591088 -0.116227 0.0314474
0.645712 -0.0721805 0.0704069
0.655634 0.0501609 -0.0708211
0.57122 -0.0721864 0.0265775
0.57122 -0.07708 0.0265775
0.571221 -0.0868673 0.0265775
0.576189 -0.111335 -0.0708211
0.571222 -0.101548 0.0265775
0.571205 0.113771 -0.0610812
0.720189 0.113783 0.0411873
0.571223 -0.106442 0.0265775
0.725173 -0.116217 0.0168376
0.571223 -0.111335 0.0265775
0.730129 0.0110178 -0.0269917
0.640749 -0.116223 0.0217076
0.571205 0.113771 0.0217076
0.571206 0.0990904 0.0217076
0.660614 -0.116222 0.0411873
0.571207 0.0844095 0.0217076
0.571208 0.0746223 0.0217076
0.571209 0.064835 0.0217076
0.59107 0.113773 -0.0659512
0.730133 -0.0330248 0.00222785
0.605986 -0.116226 -0.00751201
0.571209 0.0599414 0.0217076
0.57121 0.0501541 0.0217076
0.645715 -0.116223 0.0655369
0.730133 -0.0281311 0.060667
0.571212 0.025686 0.0217076
0.571213 0.0207924 0.0217076
0.705298 0.0256967 -0.0708211
0.571213 0.0158988 0.0217076
0.690409 -0.101539 -0.0708211
0.571213 0.0110052 0.0217076
0.571214 0.00121793 0.0217076
0.571214 -0.00367569 0.0217076
0.571216 -0.0183566 0.0217076
0.571217 -0.0330374 0.0217076
0.571217 -0.037931 0.0217076
0.576178 0.0305801 0.0704069
0.571218 -0.0477183 0.0217076
0.571219 -0.0623992 0.0217076
0.57122 -0.0672928 0.0217076
0.725169 -0.0574933 -0.0708211
0.571221 -0.0819736 0.0217076
0.571222 -0.101548 0.0217076
0.571223 -0.111335 0.0217076
0.640749 -0.116223 0.0119677
0.571223 -0.116229 0.0217076
0.571206 0.0990904 0.0168376
0.596054 -0.116227 -0.0221218
0.660614 -0.116222 0.0460572
0.571207 0.0893031 0.0168376
0.571207 0.0844095 0.0168376
0.586116 -0.0379299 -0.0708211
0.571208 0.0746223 0.0168376
0.571209 0.064835 0.0168376
0.650667 0.069735 0.0704069
0.596051 -0.0819717 0.0704069
0.605986 -0.116226 -0.0123819
0.57121 0.0501541 0.0168376
0.571212 0.0305797 0.0168376
0.730133 -0.0330248 0.0217076
0.605986 -0.116226 0.00709778
0.730133 -0.0281311 0.0557971
0.571212 0.025686 0.0168376
0.576171 0.113772 -0.0562113
0.571213 0.0207924 0.0168376
0.571213 0.0158988 0.0168376
0.57619 -0.116229 0.0168376
0.690397 0.0550573 -0.0708211
0.571214 0.00611155 0.0168376
0.571214 0.00121793 0.0168376
0.571216 -0.0232502 0.0168376
0.675512 -0.116221 0.060667
0.571217 -0.0330374 0.0168376
0.571218 -0.0428247 0.0168376
0.675498 0.0599497 -0.0708211
0.571219 -0.0623992 0.0168376
0.57122 -0.0672928 0.0168376
0.571221 -0.0819736 0.0168376
0.635783 -0.116224 -0.0659512
0.571221 -0.0917609 0.0168376
0.571222 -0.0966545 0.0168376
0.571222 -0.101548 0.0168376
0.615919 -0.116225 0.0655369
0.571223 -0.111335 0.0168376
0.640749 -0.116223 0.0314474
0.571205 0.113771 0.0119677
0.571206 0.0990904 0.0119677
0.571207 0.0941967 0.0119677
0.596054 -0.116227 -0.00751201
0.571207 0.0893031 0.0119677
0.571207 0.0844095 0.0119677
0.571208 0.0795159 0.0119677
0.700325 0.113782 -0.0318617
0.571209 0.0697286 0.0119677
0.571209 0.064835 0.0119677
0.730133 -0.0330248 0.0168376
0.605986 -0.116226 0.00222785
0.571209 0.0599414 0.0119677
0.57121 0.0550478 0.0119677
0.58115 -0.0477175 -0.0708211
0.645708 -0.0281379 0.0704069
0.57121 0.0501541 0.0119677
0.571211 0.0452605 0.0119677
0.571211 0.0354733 0.0119677
0.571212 0.0305797 0.0119677
0.576171 0.113772 -0.0513414
0.571213 0.0207924 0.0119677
0.571214 0.00611155 0.0119677
0.571214 0.00121793 0.0119677
0.581156 -0.116228 0.0509272
0.620885 -0.116225 -0.0513414
0.571214 -0.00367569 0.0119677
0.571215 -0.00856932 0.0119677
0.571215 -0.0134629 0.0119677
0.610952 -0.116226 0.00709778
0.571216 -0.0183566 0.0119677
0.73013 0.00123059 0.0460572
0.571216 -0.0281438 0.0119677
0.571217 -0.0330374 0.0119677
0.571217 -0.037931 0.0119677
0.730133 -0.0330248 0.060667
0.695368 -0.00855942 0.0704069
0.571219 -0.0575055 0.0119677
0.57122 -0.0721864 0.0119677
0.655634 0.0550545 -0.0708211
0.57122 -0.07708 0.0119677
0.571221 -0.0868673 0.0119677
0.730137 -0.081961 -0.0513414
0.695377 -0.116219 0.0119677
0.571221 -0.0917609 0.0119677
0.571222 -0.101548 0.0119677
0.615919 -0.116225 0.060667
0.625844 -0.0330331 0.0704069
0.571223 -0.116229 0.0119677
0.571205 0.113771 0.00709778
0.586114 -0.023249 -0.0708211
0.571207 0.0893031 0.00709778
0.670528 0.113779 -0.0416015
0.571207 0.0844095 0.00709778
0.715231 0.0110166 -0.0708211
0.571209 0.0697286 0.00709778
0.571209 0.0599414 0.00709778
0.57121 0.0501541 0.00709778
0.571211 0.0403669 0.00709778
0.576183 -0.0379307 -0.0708211
0.635783 -0.116224 -0.00264208
0.571212 0.0305797 0.00709778
0.571213 0.0158988 0.00709778
0.601014 -0.0330351 -0.0708211
0.571213 0.0110052 0.00709778
0.695367 0.00612144 0.0704069
0.571214 0.00121793 0.00709778
0.571216 -0.0183566 0.00709778
0.571217 -0.0330374 0.00709778
0.571217 -0.037931 0.00709778
0.60597 0.0844123 -0.0708211
0.650668 0.0550541 -0.0708211
0.571218 -0.0428247 0.00709778
0.571219 -0.0575055 0.00709778
0.57122 -0.0721864 0.00709778
0.57122 -0.07708 0.00709778
0.615902 0.0893067 0.0704069
0.571221 -0.0819736 0.00709778
0.571222 -0.0966545 0.00709778
0.680465 0.0452692 0.0704069
0.571205 0.108878 -0.0659512
0.571222 -0.101548 0.00709778
0.571223 -0.106442 0.00709778
0.601007 0.0550501 -0.0708211
0.571205 0.113771 0.00222785
0.571206 0.0990904 0.00222785
0.596054 -0.116227 -0.0610812
0.576184 -0.0477179 -0.0708211
0.650667 0.0599477 -0.0708211
0.660614 -0.116222 0.060667
0.571207 0.0893031 0.00222785
0.571223 -0.116229 -0.0659512
0.670528 0.113779 -0.0464714
0.571207 0.0844095 0.00222785
0.586105 0.0990916 -0.0708211
0.571208 0.0795159 0.00222785
0.601019 -0.106439 0.0704069
0.571208 0.0746223 0.00222785
0.670531 0.0746302 -0.0708211
0.571209 0.064835 0.00222785
0.571209 0.0599414 0.00222785
0.57121 0.0550478 0.00222785
0.57121 0.0501541 0.00222785
0.665568 0.0354808 -0.0708211
0.571211 0.0403669 0.00222785
0.635783 -0.116224 0.0168376
0.730133 -0.0281311 -0.0562113
0.571212 0.025686 0.00222785
0.571213 0.0207924 0.00222785
0.571213 0.0110052 0.00222785
0.571214 0.00611155 0.00222785
0.64074 0.00611709 0.0704069
0.571214 0.00121793 0.00222785
0.571214 -0.00367569 0.00222785
0.571215 -0.00856932 0.00222785
0.6308 0.0990951 -0.0708211
0.571215 -0.0134629 0.00222785
0.571216 -0.0183566 0.00222785
0.615919 -0.116225 0.0704069
0.571217 -0.037931 0.00222785
0.730132 -0.0183439 0.0557971
0.576185 -0.0623988 -0.0708211
0.571218 -0.0526119 0.00222785
0.59107 0.113773 -0.0416015
0.571219 -0.0575055 0.00222785
0.675501 0.030588 -0.0708211
0.57122 -0.0672928 0.00222785
0.571221 -0.0819736 0.00222785
0.571217 -0.0330374 0.0509272
0.680478 -0.11622 0.00222785
0.576188 -0.0917605 -0.0708211
0.65563 0.108884 -0.0708211
0.571223 -0.106442 0.00222785
0.690397 0.0501636 -0.0708211
0.57121 0.0501541 0.0557971
0.725173 -0.116217 0.0411873
0.665574 -0.0379235 0.0704069
0.571223 -0.116229 0.00222785
0.705309 -0.116218 0.0314474
0.610938 0.0599446 0.0704069
0.660608 -0.0379239 0.0704069
0.571205 0.113771 -0.00264208
0.571205 0.108878 -0.00264208
0.700326 0.0991007 -0.0708211
0.571207 0.0844095 -0.00264208
0.571208 0.0795159 -0.00264208
0.57121 0.0501541 -0.00264208
0.7202 -0.0281319 0.0704069
0.665568 0.0305872 -0.0708211
0.571211 0.0452605 -0.00264208
0.571211 0.0403669 -0.00264208
0.720199 -0.00855744 0.0704069
0.571211 0.0354733 -0.00264208
0.571213 0.0207924 -0.00264208
0.660611 -0.0868601 -0.0708211
0.571213 0.0158988 -0.00264208
0.66558 -0.116221 0.0411873
0.720197 0.011017 0.0704069
0.665567 0.045268 -0.0708211
0.571214 0.00611155 -0.00264208
0.571214 0.00121793 -0.00264208
0.571214 -0.00367569 -0.00264208
0.571216 -0.0183566 -0.00264208
0.730137 -0.0770674 0.060667
0.571216 -0.0232502 -0.00264208
0.571216 -0.0281438 -0.00264208
0.571217 -0.037931 -0.00264208
0.630799 0.113776 0.0509272
0.596053 -0.10644 -0.0708211
0.571218 -0.0477183 -0.00264208
0.59107 0.113773 -0.0318617
0.571219 -0.0575055 -0.00264208
0.571219 -0.0623992 -0.00264208
0.655629 0.113778 0.0655369
0.57122 -0.0672928 -0.00264208
0.571221 -0.0868673 -0.00264208
0.680472 -0.0330287 -0.0708211
0.571221 -0.0917609 -0.00264208
0.660595 0.113778 0.0265775
0.571222 -0.0966545 -0.00264208
0.571222 -0.101548 -0.00264208
0.571223 -0.106442 -0.00264208
0.730137 -0.081961 -0.0708211
0.571223 -0.116229 -0.00264208
0.571208 0.0746223 0.060667
0.705309 -0.116218 0.0411873
0.571205 0.113771 -0.00751201
0.630817 -0.111331 -0.0708211
0.61094 0.0403701 0.0704069
0.571207 0.0844095 -0.00751201
0.705309 -0.116218 -0.0513414
0.571208 0.0746223 -0.00751201
0.57121 0.0501541 -0.00751201
0.571211 0.0452605 -0.00751201
0.581151 -0.0526111 -0.0708211
0.571212 0.0305797 -0.00751201
0.730133 -0.0281311 -0.0659512
0.571212 0.025686 -0.00751201
0.610946 -0.0379279 0.0704069
0.571213 0.0207924 -0.00751201
0.571214 0.00121793 -0.00751201
0.66061 -0.0672857 -0.0708211
0.571214 -0.00367569 -0.00751201
0.640738 0.0256916 -0.0708211
0.571215 -0.0134629 -0.00751201
0.581155 -0.101547 -0.0708211
0.576174 0.0844099 -0.0708211
0.571216 -0.0183566 -0.00751201
0.730137 -0.0770674 -0.0416015
0.571216 -0.0232502 -0.00751201
0.596053 -0.0966525 0.0704069
0.591071 0.0990919 0.0704069
0.571217 -0.0330374 -0.00751201
0.715239 -0.0819622 0.0704069
0.571218 -0.0526119 -0.00751201
0.675497 0.0795242 -0.0708211
0.680478 -0.11622 -0.0708211
0.571219 -0.0623992 -0.00751201
0.57122 -0.0721864 -0.00751201
0.571221 -0.0819736 -0.00751201
0.680478 -0.11622 -0.00751201
0.660595 0.113778 0.0314474
0.571222 -0.0966545 -0.00751201
0.571222 -0.101548 -0.00751201
0.581156 -0.116228 -0.0221218
0.615919 -0.116225 0.0411873
0.700336 -0.0281335 0.0704069
0.571205 0.113771 -0.0123819
0.571221 -0.0917609 -0.0269917
0.571205 0.108878 -0.0123819
0.571207 0.0941967 -0.0123819
0.705309 -0.116218 0.00709778
0.571207 0.0893031 -0.0123819
0.705291 0.113782 -0.0708211
0.571223 -0.116229 -0.0610812
0.670528 0.113779 -0.0318617
0.571207 0.0844095 -0.0123819
0.586103 0.113772 0.0509272
0.571208 0.0795159 -0.0123819
0.705309 -0.116218 -0.0464714
0.571208 0.0746223 -0.0123819
0.571209 0.0697286 -0.0123819
0.571209 0.0599414 -0.0123819
0.57121 0.0550478 -0.0123819
0.571211 0.0452605 -0.0123819
0.625833 0.113776 0.0704069
0.705293 0.0893138 -0.0708211
0.571211 0.0354733 -0.0123819
0.576174 0.0844099 0.0704069
0.581155 -0.101547 0.0704069
0.571213 0.0158988 -0.0123819
0.730132 -0.0183439 0.060667
0.715241 -0.116218 0.0265775
0.571213 0.0110052 -0.0123819
0.571216 -0.0183566 -0.0123819
0.571217 -0.0330374 -0.0123819
0.720207 -0.116217 -0.0562113
0.576184 -0.0477179 0.0704069
0.695368 -0.0036658 -0.0708211
0.571218 -0.0526119 -0.0123819
0.730129 0.0110178 0.060667
0.571219 -0.0575055 -0.0123819
0.576186 -0.072186 0.0704069
0.57122 -0.07708 -0.0123819
0.660595 0.113778 0.0119677
0.680471 -0.0232415 -0.0708211
0.571222 -0.0966545 -0.0123819
0.571222 -0.101548 -0.0123819
0.650664 0.0990967 -0.0708211
0.615919 -0.116225 0.0217076
0.605975 0.0256888 -0.0708211
0.571223 -0.106442 -0.0123819
0.665567 0.045268 0.0704069
0.57121 0.0501541 0.0655369
0.725173 -0.116217 0.0314474
0.586112 0.00121911 -0.0708211
0.571205 0.113771 -0.0172519
0.571206 0.103984 -0.0172519
0.571206 0.0990904 -0.0172519
0.660614 -0.116222 0.0314474
0.571207 0.0941967 -0.0172519
0.571207 0.0844095 -0.0172519
0.665568 0.0305872 0.0704069
0.571208 0.0746223 -0.0172519
0.725171 -0.0819614 0.0704069
0.720191 0.089315 0.0704069
0.571209 0.0697286 -0.0172519
0.57121 0.0550478 -0.0172519
0.571211 0.0452605 -0.0172519
0.571211 0.0403669 -0.0172519
0.571211 0.0354733 -0.0172519
0.571212 0.0305797 -0.0172519
0.630801 0.0893079 0.0704069
0.571213 0.0207924 -0.0172519
0.571213 0.0158988 -0.0172519
0.730132 -0.0183439 0.0509272
0.715241 -0.116218 -0.0123819
0.581152 -0.067292 -0.0708211
0.705296 0.0452712 -0.0708211
0.571213 0.0110052 -0.0172519
0.571214 0.00611155 -0.0172519
0.605982 -0.0575028 -0.0708211
0.571215 -0.00856932 -0.0172519
0.571215 -0.0134629 -0.0172519
0.730124 0.0795285 0.0411873
0.596045 -0.00856734 0.0704069
0.610952 -0.116226 0.0265775
0.571216 -0.0183566 -0.0172519
0.59107 0.113773 0.060667
0.571216 -0.0232502 -0.0172519
0.73013 0.00123059 -0.0318617
0.571216 -0.0281438 -0.0172519
0.571217 -0.0330374 -0.0172519
0.571218 -0.0477183 -0.0172519
0.59107 0.113773 0.0363174
0.730137 -0.0770674 -0.0269917
0.571219 -0.0575055 -0.0172519
0.571219 -0.0623992 -0.0172519
0.57122 -0.0672928 -0.0172519
0.620885 -0.116225 -0.00751201
0.571221 -0.0868673 -0.0172519
0.571221 -0.0917609 -0.0172519
0.660595 0.113778 0.0168376
0.571222 -0.0966545 -0.0172519
0.571223 -0.111335 -0.0172519
0.571205 0.108878 -0.0221218
0.715226 0.0795274 0.0704069
0.571206 0.103984 -0.0221218
0.571206 0.0990904 -0.0221218
0.571207 0.0941967 -0.0221218
0.571208 0.0795159 -0.0221218
0.571209 0.064835 -0.0221218
0.655641 -0.0330307 -0.0708211
0.571209 0.0599414 -0.0221218
0.57121 0.0501541 -0.0221218
0.571211 0.0452605 -0.0221218
0.571211 0.0403669 -0.0221218
0.670535 0.0208003 -0.0708211
0.635783 -0.116224 -0.00751201
0.571212 0.0305797 -0.0221218
0.571213 0.0207924 -0.0221218
0.705298 0.0256967 0.0704069
0.571213 0.0158988 -0.0221218
0.625837 0.0550521 -0.0708211
0.571213 0.0110052 -0.0221218
0.571214 -0.00367569 -0.0221218
0.571215 -0.0134629 -0.0221218
0.59107 0.113773 0.0557971
0.730137 -0.0770674 -0.0562113
0.571216 -0.0232502 -0.0221218
0.73013 0.00123059 -0.0367316
0.596052 -0.0917589 0.0704069
0.571216 -0.0281438 -0.0221218
0.605985 -0.101545 0.0704069
0.571218 -0.0477183 -0.0221218
0.59107 0.113773 0.0314474
0.730137 -0.0770674 -0.0318617
0.571219 -0.0575055 -0.0221218
0.680478 -0.11622 -0.0562113
0.645707 -0.00856338 -0.0708211
0.715239 -0.0868558 0.0704069
0.571219 -0.0623992 -0.0221218
0.705302 -0.0330267 -0.0708211
0.57122 -0.0672928 -0.0221218
0.620885 -0.116225 -0.00264208
0.705302 -0.0281331 -0.0708211
0.57122 -0.07708 -0.0221218
0.571221 -0.0819736 -0.0221218
0.715241 -0.111324 0.0704069
0.571221 -0.0868673 -0.0221218
0.695375 -0.0966446 0.0704069
0.571222 -0.0966545 -0.0221218
0.571222 -0.101548 -0.0221218
0.725155 0.113784 -0.0464714
0.655629 0.113778 0.0557971
0.571223 -0.106442 -0.0221218
0.685436 -0.00856021 0.0704069
0.571223 -0.111335 -0.0221218
0.571205 0.113771 -0.0269917
0.571221 -0.0917609 -0.0367316
0.571205 0.108878 -0.0269917
0.571206 0.103984 -0.0269917
0.571207 0.0941967 -0.0269917
0.63081 -0.0281391 0.0704069
0.571207 0.0844095 -0.0269917
0.571208 0.0746223 -0.0269917
0.571209 0.0697286 -0.0269917
0.715231 0.0110166 0.0704069
0.571209 0.0599414 -0.0269917
0.571219 -0.0575055 -0.0562113
0.605986 -0.116226 0.0363174
0.57121 0.0501541 -0.0269917
0.571211 0.0452605 -0.0269917
0.571211 0.0403669 -0.0269917
0.571212 0.025686 -0.0269917
0.571213 0.0207924 -0.0269917
0.571213 0.0158988 -0.0269917
0.571218 -0.0526119 0.00709778
0.715241 -0.116218 0.0119677
0.571213 0.0110052 -0.0269917
0.571215 -0.00856932 -0.0269917
0.581156 -0.116228 -0.0172519
0.571215 -0.0134629 -0.0269917
0.610952 -0.116226 0.0411873
0.571216 -0.0281438 -0.0269917
0.571217 -0.0330374 -0.0269917
0.571217 -0.037931 -0.0269917
0.680478 -0.11622 -0.0416015
0.571219 -0.0623992 -0.0269917
0.57122 -0.0672928 -0.0269917
0.620885 -0.116225 0.0119677
0.571221 -0.0868673 -0.0269917
0.635783 -0.116224 -0.0318617
0.571222 -0.0966545 -0.0269917
0.725155 0.113784 -0.0367316
0.670536 0.0110131 -0.0708211
0.665576 -0.0672853 -0.0708211
0.571223 -0.106442 -0.0269917
0.571223 -0.111335 -0.0269917
0.591088 -0.116227 0.0119677
0.571205 0.113771 -0.0318617
0.571221 -0.0917609 -0.0318617
0.630805 0.035478 -0.0708211
0.571206 0.103984 -0.0318617
0.571206 0.0990904 -0.0318617
0.601015 -0.0526095 -0.0708211
0.571207 0.0941967 -0.0318617
0.571208 0.0795159 -0.0318617
0.571209 0.0697286 -0.0318617
0.650681 -0.106435 0.0704069
0.571209 0.064835 -0.0318617
0.571209 0.0599414 -0.0318617
0.571211 0.0354733 -0.0318617
0.610945 -0.023247 0.0704069
0.571212 0.0305797 -0.0318617
0.6308 0.0990951 0.0704069
0.675494 0.108886 -0.0708211
0.680476 -0.0868586 -0.0708211
0.571212 0.025686 -0.0318617
0.610947 -0.0477151 0.0704069
0.571214 0.00611155 -0.0318617
0.571214 0.00121793 -0.0318617
0.630801 0.0893079 -0.0708211
0.571216 -0.0183566 -0.0318617
0.730137 -0.0770674 -0.0659512
0.605986 -0.116226 0.0557971
0.571216 -0.0232502 -0.0318617
0.571216 -0.0281438 -0.0318617
0.690405 -0.0477088 0.0704069
0.571218 -0.0477183 -0.0318617
0.630799 0.113776 0.0655369
0.720207 -0.116217 -0.0269917
0.571218 -0.0526119 -0.0318617
0.57122 -0.0672928 -0.0318617
0.57122 -0.0721864 -0.0318617
0.57122 -0.07708 -0.0318617
0.571221 -0.0819736 -0.0318617
0.73013 0.00612421 -0.0659512
0.680478 -0.11622 0.0655369
0.571221 -0.0868673 -0.0318617
0.635783 -0.116224 -0.0367316
0.571222 -0.0966545 -0.0318617
0.571222 -0.101548 -0.0318617
0.571223 -0.111335 -0.0318617
0.581144 0.0354741 0.0704069
0.591088 -0.116227 0.00709778
0.571206 0.103984 -0.0367316
0.630817 -0.116224 0.0265775
0.571206 0.0990904 -0.0367316
0.630809 -0.0134582 0.0704069
0.571207 0.0941967 -0.0367316
0.705309 -0.116218 -0.0221218
0.601019 -0.106439 -0.0708211
0.690411 -0.116219 0.0460572
0.571208 0.0746223 -0.0367316
0.571209 0.0697286 -0.0367316
0.571209 0.0599414 -0.0367316
0.625833 0.113776 -0.0562113
0.65564 -0.0183498 0.0704069
0.571211 0.0452605 -0.0367316
0.655643 -0.0574988 0.0704069
0.571211 0.0354733 -0.0367316
0.720203 -0.0623873 0.0704069
0.571212 0.0305797 -0.0367316
0.730133 -0.0281311 0.00222785
0.571212 0.025686 -0.0367316
0.576171 0.113772 0.0704069
0.581153 -0.0819729 0.0704069
0.571213 0.0207924 -0.0367316
0.601015 -0.0477159 0.0704069
0.571213 0.0158988 -0.0367316
0.725173 -0.116217 -0.0221218
0.571213 0.0110052 -0.0367316
0.571214 -0.00367569 -0.0367316
0.571215 -0.00856932 -0.0367316
0.576172 0.103984 0.0704069
0.581152 -0.0721856 0.0704069
0.571215 -0.0134629 -0.0367316
0.730124 0.0795285 0.0363174
0.610952 -0.116226 0.0509272
0.605985 -0.0966517 0.0704069
0.571217 -0.037931 -0.0367316
0.730132 -0.0183439 -0.0513414
0.715241 -0.116218 0.0557971
0.571218 -0.0428247 -0.0367316
0.59107 0.113773 0.0509272
0.730137 -0.0770674 -0.0172519
0.571219 -0.0575055 -0.0367316
0.690406 -0.0623897 -0.0708211
0.57122 -0.0721864 -0.0367316
0.571221 -0.0819736 -0.0367316
0.655629 0.113778 -0.0269917
0.725168 -0.0428124 0.0704069
0.571223 -0.106442 -0.0367316
0.571205 0.113771 -0.0416015
0.715237 -0.0574941 -0.0708211
0.571206 0.0990904 -0.0416015
0.571207 0.0941967 -0.0416015
0.571207 0.0893031 -0.0416015
0.670528 0.113779 0.00709778
0.571207 0.0844095 -0.0416015
0.60101 0.00611392 0.0704069
0.571209 0.0697286 -0.0416015
0.586114 -0.0134618 0.0704069
0.57121 0.0550478 -0.0416015
0.57121 0.0501541 -0.0416015
0.730128 0.0354859 0.060667
0.586122 -0.116228 0.00709778
0.625833 0.113776 -0.0513414
0.700326 0.0893134 0.0704069
0.670534 0.0354812 0.0704069
0.571211 0.0452605 -0.0416015
0.601011 -0.00367332 -0.0708211
0.635779 -0.0672876 0.0704069
0.571211 0.0403669 -0.0416015
0.660614 -0.116222 -0.00751201
0.576179 0.0158992 -0.0708211
0.640741 -0.0134574 0.0704069
0.720207 -0.116217 -0.0123819
0.571211 0.0354733 -0.0416015
0.730133 -0.0281311 -0.00264208
0.571212 0.025686 -0.0416015
0.571213 0.0207924 -0.0416015
0.571213 0.0158988 -0.0416015
0.571214 0.00611155 -0.0416015
0.571214 0.00121793 -0.0416015
0.571214 -0.00367569 -0.0416015
0.680476 -0.0819649 -0.0708211
0.571215 -0.00856932 -0.0416015
0.73013 0.00123059 -0.00751201
0.571216 -0.0281438 -0.0416015
0.581156 -0.116228 -0.0708211
0.576172 0.0990908 -0.0708211
0.571217 -0.037931 -0.0416015
0.571218 -0.0477183 -0.0416015
0.571219 -0.0623992 -0.0416015
0.571221 -0.0819736 -0.0416015
0.571221 -0.0917609 -0.0416015
0.635783 -0.116224 -0.0221218
0.571222 -0.0966545 -0.0416015
0.571222 -0.101548 -0.0416015
0.571206 0.103984 -0.0464714
0.571206 0.0990904 -0.0464714
0.675497 0.0697369 0.0704069
0.650667 0.0648413 0.0704069
0.596054 -0.116227 -0.0123819
0.660614 -0.116222 0.0119677
0.670528 0.113779 0.00222785
0.571207 0.0844095 -0.0464714
0.571208 0.0795159 -0.0464714
0.571208 0.0746223 -0.0464714
0.571209 0.0697286 -0.0464714
0.57121 0.0550478 -0.0464714
0.57121 0.0501541 -0.0464714
0.625833 0.113776 -0.0464714
0.571211 0.0452605 -0.0464714
0.65564 -0.0232435 0.0704069
0.571211 0.0403669 -0.0464714
0.571211 0.0354733 -0.0464714
0.730133 -0.0281311 -0.00751201
0.571212 0.025686 -0.0464714
0.571213 0.0207924 -0.0464714
0.660611 -0.0868601 0.0704069
0.571213 0.0158988 -0.0464714
0.571214 0.00611155 -0.0464714
0.571214 0.00121793 -0.0464714
0.571214 -0.00367569 -0.0464714
0.571215 -0.00856932 -0.0464714
0.630799 0.103989 0.0704069
0.571215 -0.0134629 -0.0464714
0.571219 -0.0575055 -0.0708211
0.605986 -0.116226 0.0411873
0.571216 -0.0232502 -0.0464714
0.73013 0.00123059 -0.0123819
0.571216 -0.0281438 -0.0464714
0.571217 -0.037931 -0.0464714
0.571218 -0.0477183 -0.0464714
0.660614 -0.116222 -0.0464714
0.571218 -0.0526119 -0.0464714
0.59107 0.113773 0.00709778
0.730137 -0.0770674 -0.00751201
0.571216 -0.0232502 -0.0708211
0.605986 -0.116226 0.0168376
0.571219 -0.0575055 -0.0464714
0.57122 -0.0672928 -0.0464714
0.620885 -0.116225 0.0217076
0.571221 -0.0819736 -0.0464714
0.571221 -0.0868673 -0.0464714
0.571221 -0.0917609 -0.0464714
0.635783 -0.116224 -0.0513414
0.571222 -0.0966545 -0.0464714
0.571222 -0.101548 -0.0464714
0.655629 0.113778 -0.0172519
0.571223 -0.106442 -0.0464714
0.571223 -0.116229 -0.0464714
0.571205 0.108878 -0.0513414
0.620873 0.0305836 -0.0708211
0.730124 0.0844222 -0.0708211
0.571206 0.103984 -0.0513414
0.571206 0.0990904 -0.0513414
0.601009 0.030582 0.0704069
0.571207 0.0941967 -0.0513414
0.605986 -0.111333 -0.0708211
0.596054 -0.116227 -0.00264208
0.571208 0.0795159 -0.0513414
0.571209 0.0697286 -0.0513414
0.571209 0.064835 -0.0513414
0.620877 -0.0183526 -0.0708211
0.700326 0.094207 0.0704069
0.57121 0.0550478 -0.0513414
0.571211 0.0354733 -0.0513414
0.645699 0.0844154 -0.0708211
0.60102 -0.116227 -0.0123819
0.571212 0.0305797 -0.0513414
0.730133 -0.0281311 -0.0123819
0.571212 0.025686 -0.0513414
0.571215 -0.00856932 -0.0513414
0.705298 0.0208031 0.0704069
0.571216 -0.0183566 -0.0513414
0.685444 -0.11622 0.0314474
0.57619 -0.116229 0.0655369
0.571217 -0.0330374 -0.0513414
0.571217 -0.037931 -0.0513414
0.715237 -0.0574941 0.0704069
0.630817 -0.116224 -0.0172519
0.715241 -0.116218 0.0655369
0.576185 -0.0623988 0.0704069
0.571218 -0.0428247 -0.0513414
0.571218 -0.0477183 -0.0513414
0.720207 -0.116217 -0.0659512
0.660614 -0.116222 -0.0513414
0.571218 -0.0526119 -0.0513414
0.59107 0.113773 0.0265775
0.571216 -0.0232502 -0.0513414
0.571219 -0.0575055 -0.0513414
0.571219 -0.0623992 -0.0513414
0.57122 -0.0672928 -0.0513414
0.57122 -0.07708 -0.0513414
0.571221 -0.0917609 -0.0513414
0.571222 -0.0966545 -0.0513414
0.655629 0.113778 0.00222785
0.571223 -0.106442 -0.0513414
0.571205 0.113771 -0.0562113
0.571206 0.103984 -0.0562113
0.571206 0.0990904 -0.0562113
0.720207 -0.116217 0.0168376
0.660614 -0.116222 0.0217076
0.670528 0.113779 -0.0269917
0.571207 0.0844095 -0.0562113
0.571208 0.0795159 -0.0562113
0.700325 0.113782 0.060667
0.620884 -0.111331 -0.0708211
0.571209 0.0697286 -0.0562113
0.571211 0.0403669 -0.0562113
0.655641 -0.0379243 0.0704069
0.581151 -0.0575047 0.0704069
0.571212 0.0305797 -0.0562113
0.576171 0.113772 0.0655369
0.571213 0.0207924 -0.0562113
0.571213 0.0158988 -0.0562113
0.675495 0.0990987 -0.0708211
0.571214 -0.00367569 -0.0562113
0.571215 -0.0134629 -0.0562113
0.571217 -0.037931 -0.0562113
0.571218 -0.0477183 -0.0562113
0.596053 -0.10644 0.0704069
0.571221 -0.0819736 -0.0562113
0.665579 -0.111328 0.0704069
0.571221 -0.0917609 -0.0562113
0.571222 -0.101548 -0.0562113
0.660598 0.0844166 0.0704069
0.665576 -0.0721789 0.0704069
0.571223 -0.106442 -0.0562113
0.571223 -0.116229 -0.0562113
0.571205 0.108878 -0.0610812
0.690409 -0.0917514 0.0704069
0.705307 -0.0917502 -0.0708211
0.571206 0.0990904 -0.0610812
0.670528 0.113779 0.0168376
0.571207 0.0844095 -0.0610812
0.571209 0.0697286 -0.0610812
0.601011 0.0012203 0.0704069
0.571209 0.064835 -0.0610812
0.57121 0.0550478 -0.0610812
0.571213 0.0158988 -0.0610812
0.66558 -0.116221 0.0509272
0.725173 -0.116217 -0.0464714
0.571213 0.0110052 -0.0610812
0.571214 0.00121793 -0.0610812
0.571214 -0.00367569 -0.0610812
0.571216 -0.0183566 -0.0610812
0.645697 0.113777 0.0411873
0.57619 -0.116229 0.060667
0.581156 -0.116228 0.0411873
0.571216 -0.0281438 -0.0610812
0.571218 -0.0477183 -0.0610812
0.660614 -0.116222 -0.00264208
0.720207 -0.116217 -0.00751201
0.571218 -0.0526119 -0.0610812
0.730137 -0.0770674 0.00709778
0.605986 -0.116226 0.0314474
0.571216 -0.0232502 -0.0562113
0.571219 -0.0575055 -0.0610812
0.705302 -0.0330267 0.0704069
0.57122 -0.0672928 -0.0610812
0.705302 -0.0281331 0.0704069
0.57122 -0.07708 -0.0610812
0.571221 -0.0868673 -0.0610812
0.576188 -0.0966541 0.0704069
0.571222 -0.101548 -0.0610812
0.655629 0.113778 -0.00264208
0.571223 -0.106442 -0.0610812
0.571223 -0.111335 -0.0610812
0.571208 0.0746223 -0.0562113
0.690411 -0.116219 0.0655369
0.571205 0.113771 -0.0659512
0.615919 -0.116225 0.0460572
0.571207 0.0893031 -0.0659512
0.571207 0.0844095 -0.0659512
0.665562 0.113779 -0.0172519
0.586103 0.113772 0.0119677
0.571208 0.0795159 -0.0659512
0.571209 0.064835 -0.0659512
0.57121 0.0550478 -0.0659512
0.57121 0.0501541 -0.0659512
0.586122 -0.116228 -0.0172519
0.571211 0.0452605 -0.0659512
0.60102 -0.116227 -0.0269917
0.700328 0.0697389 0.0704069
0.720196 0.0305915 -0.0708211
0.571212 0.0305797 -0.0659512
0.730133 -0.0281311 -0.0269917
0.571212 0.025686 -0.0659512
0.571213 0.0110052 -0.0659512
0.571214 0.00611155 -0.0659512
0.635768 0.0697338 0.0704069
0.640747 -0.0917553 0.0704069
0.571214 0.00121793 -0.0659512
0.571216 -0.0183566 -0.0659512
0.59107 0.113773 0.0119677
0.730137 -0.0770674 -0.00264208
0.605986 -0.116226 0.0217076
0.571219 -0.0575055 -0.0416015
0.571216 -0.0232502 -0.0659512
0.610934 0.113774 0.0217076
0.675512 -0.116221 -0.00264208
0.6308 0.0942015 0.0704069
0.571216 -0.0281438 -0.0659512
0.715239 -0.0917494 -0.0708211
0.571217 -0.0330374 -0.0659512
0.571217 -0.037931 -0.0659512
0.730132 -0.0183439 -0.0269917
0.571218 -0.0428247 -0.0659512
0.571218 -0.0477183 -0.0659512
0.571219 -0.0623992 -0.0659512
0.57122 -0.0721864 -0.0659512
0.57122 -0.07708 -0.0659512
0.571221 -0.0819736 -0.0659512
0.630799 0.113776 -0.0464714
0.571221 -0.0868673 -0.0659512
0.571222 -0.101548 -0.0659512
0.655629 0.113778 0.0119677
0.571223 -0.106442 -0.0659512
0.576181 -0.00856892 0.0704069
0.571223 -0.111335 -0.0659512
0.581145 0.0158996 -0.0708211
0.591088 -0.116227 0.0168376
0.571212 0.0305797 0.0363174
0.60102 -0.116227 0.0655369
0.571219 -0.0623992 0.00709778
0.605986 -0.116226 0.0655369
0.610952 -0.116226 0.0655369
0.620885 -0.116225 0.0655369
0.730138 -0.0917482 -0.0513414
0.710275 -0.116218 0.0363174
0.601018 -0.0868649 0.0704069
0.705307 -0.0917502 0.0704069
0.630817 -0.116224 0.0655369
0.645714 -0.0966486 -0.0708211
0.635783 -0.116224 0.0655369
0.730125 0.0697413 -0.0318617
0.655648 -0.116222 0.0363174
0.695377 -0.116219 0.0655369
0.625838 0.0501585 -0.0708211
0.571208 0.0746223 0.0363174
0.705309 -0.116218 0.0655369
0.730138 -0.0917482 -0.0318617
0.695377 -0.116219 -0.0513414
0.62087 0.064839 -0.0708211
0.710275 -0.116218 0.0655369
0.73014 -0.116216 0.0655369
0.605986 -0.116226 0.060667
0.630809 -0.0183518 -0.0708211
0.630817 -0.116224 0.060667
0.625847 -0.0672884 -0.0708211
0.645715 -0.116223 0.060667
0.680478 -0.11622 0.060667
0.58114 0.0795167 -0.0708211
0.685444 -0.11622 0.060667
0.695377 -0.116219 -0.0562113
0.710275 -0.116218 0.060667
0.730132 -0.0183439 -0.0464714
0.571218 -0.0428247 -0.0318617
0.715241 -0.116218 0.060667
0.581137 0.113772 0.0217076
0.73014 -0.116216 0.060667
0.586122 -0.116228 0.0557971
0.610936 0.0893063 -0.0708211
0.645702 0.0550537 -0.0708211
0.591088 -0.116227 0.0557971
0.610952 -0.116226 0.0557971
0.581156 -0.116228 -0.0367316
0.660613 -0.106435 0.0704069
0.615919 -0.116225 0.0557971
0.576173 0.0941971 0.0704069
0.581155 -0.111335 0.0704069
0.620885 -0.116225 0.0557971
0.710275 -0.116218 0.0509272
0.625851 -0.116225 0.0557971
0.630817 -0.116224 0.0557971
0.685432 0.0452696 -0.0708211
0.650681 -0.116223 0.0557971
0.730137 -0.081961 -0.0610812
0.695377 -0.116219 0.0168376
0.670546 -0.116221 0.0557971
0.675512 -0.116221 0.0557971
0.680478 -0.11622 0.0557971
0.685444 -0.11622 0.0557971
0.610934 0.113774 -0.00751201
0.675512 -0.116221 0.0168376
0.705309 -0.116218 -0.0367316
0.620881 -0.0721824 0.0704069
0.670534 0.0403748 -0.0708211
0.571208 0.0746223 -0.0513414
0.690411 -0.116219 0.0557971
0.730132 -0.0232375 0.0411873
0.720207 -0.116217 0.0557971
0.57121 0.0501541 0.0411873
0.725173 -0.116217 0.0557971
0.640741 -0.018351 0.0704069
0.605986 -0.116226 0.0509272
0.620885 -0.116225 0.0509272
0.625851 -0.116225 0.0509272
0.730132 -0.0232375 -0.0464714
0.596054 -0.116227 0.0314474
0.630817 -0.116224 0.0509272
0.610934 0.113774 0.0509272
0.675512 -0.116221 0.0509272
0.610935 0.0990935 -0.0708211
0.685444 -0.11622 0.0509272
0.695377 -0.116219 0.0509272
0.610937 0.079519 0.0704069
0.700343 -0.116219 0.0509272
0.705309 -0.116218 0.0509272
0.571218 -0.0428247 -0.0416015
0.715241 -0.116218 0.0509272
0.730132 -0.0232375 0.0557971
0.650667 0.0648413 -0.0708211
0.720207 -0.116217 0.0509272
0.655634 0.0599481 0.0704069
0.645715 -0.116223 0.0363174
0.581141 0.0697294 -0.0708211
0.586122 -0.116228 0.0460572
0.730132 -0.0232375 -0.00264208
0.596054 -0.116227 0.0460572
0.60102 -0.116227 0.0460572
0.610952 -0.116226 0.0460572
0.620885 -0.116225 0.0460572
0.66558 -0.116221 0.0460572
0.685432 0.0354824 -0.0708211
0.670546 -0.116221 0.0460572
0.695377 -0.116219 0.0460572
0.700343 -0.116219 0.0460572
0.7053 -0.00855863 -0.0708211
0.571218 -0.0428247 -0.0221218
0.715241 -0.116218 0.0460572
0.730132 -0.0232375 0.00222785
0.720207 -0.116217 0.0460572
0.725173 -0.116217 0.0460572
0.586122 -0.116228 0.0411873
0.620885 -0.116225 0.0411873
0.625851 -0.116225 0.0411873
0.630817 -0.116224 0.0411873
0.670546 -0.116221 0.0411873
0.73013 0.00612421 0.0557971
0.680478 -0.11622 0.0411873
0.685444 -0.11622 0.0411873
0.571208 0.0746223 -0.0318617
0.690411 -0.116219 0.0411873
0.730138 -0.0917482 -0.0562113
0.645715 -0.116223 -0.0708211
0.710275 -0.116218 0.0411873
0.596054 -0.116227 -0.0513414
0.715241 -0.116218 0.0411873
0.720207 -0.116217 0.0411873
0.710275 -0.116218 -0.0318617
0.645715 -0.116223 0.00222785
0.73014 -0.116216 0.0411873
0.591088 -0.116227 0.0363174
0.620885 -0.116225 0.0363174
0.625851 -0.116225 0.0363174
0.730132 -0.0232375 -0.0318617
0.596054 -0.116227 0.0168376
0.650681 -0.116223 0.0363174
0.700335 -0.0232399 0.0704069
0.571223 -0.116229 0.0557971
0.695377 -0.116219 0.0217076
0.670546 -0.116221 0.0363174
0.73013 0.00612421 0.0509272
0.680478 -0.11622 0.0363174
0.700343 -0.116219 0.0363174
0.571208 0.0746223 0.0704069
0.705309 -0.116218 0.0363174
0.730132 -0.0183439 -0.0708211
0.571218 -0.0428247 -0.00751201
0.715241 -0.116218 0.0363174
0.581137 0.113772 -0.00264208
0.73014 -0.116216 0.0363174
0.586122 -0.116228 0.0314474
0.60102 -0.116227 0.0314474
0.730125 0.0697413 0.0168376
0.69536 0.089313 0.0704069
0.610952 -0.116226 0.0314474
0.620885 -0.116225 0.0314474
0.630817 -0.116224 0.0314474
0.635783 -0.116224 0.0314474
0.66558 -0.116221 0.0314474
0.670546 -0.116221 0.0314474
0.675512 -0.116221 0.0314474
0.73013 0.00612421 -0.0367316
0.680478 -0.11622 0.0314474
0.700343 -0.116219 0.0314474
0.571218 -0.0428247 -0.0123819
0.715241 -0.116218 0.0314474
0.730132 -0.0232375 0.0168376
0.720207 -0.116217 0.0314474
0.73014 -0.116216 0.0314474
0.615919 -0.116225 -0.00751201
0.581156 -0.116228 0.0265775
0.635783 -0.116224 0.0265775
0.730129 0.0110178 0.0557971
0.640749 -0.116223 0.0265775
0.610952 -0.116226 -0.0513414
0.655648 -0.116222 0.0265775
0.610934 0.113774 -0.0172519
0.675512 -0.116221 0.0265775
0.57619 -0.116229 0.0704069
0.685444 -0.11622 0.0265775
0.700343 -0.116219 0.0265775
0.57121 0.0501541 0.0704069
0.725173 -0.116217 0.0265775
0.57619 -0.116229 0.0217076
0.581156 -0.116228 0.0217076
0.591088 -0.116227 0.0217076
0.710257 0.113782 0.0655369
0.730125 0.0697413 0.00709778
0.610952 -0.116226 0.0217076
0.640737 0.0403724 0.0704069
0.720195 0.0354852 -0.0708211
0.625851 -0.116225 0.0217076
0.700325 0.108888 0.0704069
0.630817 -0.116224 0.0217076
0.650681 -0.116223 0.0217076
0.66558 -0.116221 0.0217076
0.610934 0.113774 -0.00264208
0.675512 -0.116221 0.0217076
0.710275 -0.116218 0.0217076
0.571218 -0.0526119 -0.00264208
0.715241 -0.116218 0.0217076
0.615919 -0.116225 0.00222785
0.675498 0.0648433 -0.0708211
0.581156 -0.116228 0.0168376
0.60102 -0.116227 0.0168376
0.730129 0.0110178 -0.0318617
0.640749 -0.116223 0.0168376
0.57619 -0.116229 0.0557971
0.685444 -0.11622 0.0168376
0.625838 0.0501585 0.0704069
0.601012 -0.0183542 -0.0708211
0.690411 -0.116219 0.0168376
0.710275 -0.116218 0.0168376
0.73014 -0.116216 0.0168376
0.730128 0.0354859 0.0557971
0.586122 -0.116228 0.0119677
0.630803 0.0599461 -0.0708211
0.571219 -0.0575055 -0.0318617
0.605986 -0.116226 0.0119677
0.710257 0.113782 0.0557971
0.730125 0.0697413 0.0217076
0.610952 -0.116226 0.0119677
0.680472 -0.0379223 0.0704069
0.645715 -0.116223 0.0119677
0.660612 -0.0917538 0.0704069
0.675512 -0.116221 0.0119677
0.690411 -0.116219 0.0119677
0.660614 -0.116222 0.0265775
0.720207 -0.116217 0.0119677
0.581137 0.113772 0.0704069
0.73014 -0.116216 0.0119677
0.576177 0.0452609 0.0704069
0.596054 -0.116227 0.00709778
0.615919 -0.116225 0.00709778
0.625851 -0.116225 0.00709778
0.640749 -0.116223 0.00709778
0.685431 0.0501633 0.0704069
0.650681 -0.116223 0.00709778
0.710257 0.113782 -0.0172519
0.655648 -0.116222 0.00709778
0.665573 -0.0232427 -0.0708211
0.66558 -0.116221 0.00709778
0.670546 -0.116221 0.00709778
0.571217 -0.0330374 0.0704069
0.680478 -0.11622 0.00709778
0.690411 -0.116219 0.00709778
0.695377 -0.116219 0.00709778
0.725173 -0.116217 0.00709778
0.73014 -0.116216 0.00709778
0.635783 -0.116224 0.00222785
0.730129 0.0110178 -0.0172519
0.640749 -0.116223 0.00222785
0.700337 -0.047708 0.0704069
0.655648 -0.116222 0.00222785
0.660614 -0.116222 0.00222785
0.670546 -0.116221 0.00222785
0.690411 -0.116219 0.00222785
0.730132 -0.0183439 0.0363174
0.715241 -0.116218 0.00222785
0.73014 -0.116216 0.00222785
0.685444 -0.11622 -0.0464714
0.57619 -0.116229 -0.00264208
0.640748 -0.096649 0.0704069
0.581156 -0.116228 -0.00264208
0.591088 -0.116227 -0.00264208
0.730133 -0.0330248 0.00709778
0.605986 -0.116226 -0.00264208
0.581156 -0.116228 -0.0513414
0.615919 -0.116225 -0.00264208
0.730129 0.0110178 -0.00264208
0.640749 -0.116223 -0.00264208
0.675505 -0.0281355 -0.0708211
0.685444 -0.111326 -0.0708211
0.650681 -0.116223 -0.00264208
0.66558 -0.116221 -0.00264208
0.576177 0.0403673 0.0704069
0.680478 -0.11622 -0.00264208
0.63578 -0.0770749 0.0704069
0.690411 -0.116219 -0.00264208
0.640749 -0.116223 -0.0172519
0.576183 -0.0379307 0.0704069
0.710275 -0.116218 -0.00264208
0.730132 -0.0183439 0.0655369
0.571218 -0.0526119 0.0217076
0.715241 -0.116218 -0.00264208
0.66558 -0.116221 -0.0172519
0.571218 -0.0526119 -0.0562113
0.720207 -0.116217 -0.00264208
0.725173 -0.116217 -0.00264208
0.581137 0.113772 0.060667
0.620871 0.0550517 0.0704069
0.73014 -0.116216 -0.00264208
0.615919 -0.116225 -0.0221218
0.581156 -0.116228 -0.00751201
0.625851 -0.116225 -0.00751201
0.630817 -0.116224 -0.00751201
0.625843 -0.0183522 -0.0708211
0.645715 -0.116223 -0.00751201
0.650681 -0.116223 -0.00751201
0.715223 0.108889 0.0704069
0.655648 -0.116222 -0.00751201
0.610934 0.113774 0.0168376
0.675512 -0.116221 -0.00751201
0.690411 -0.116219 -0.00751201
0.700343 -0.116219 -0.00751201
0.710275 -0.116218 -0.00751201
0.725173 -0.116217 -0.00751201
0.635783 -0.116224 -0.0123819
0.640749 -0.116223 -0.0123819
0.650681 -0.116223 -0.0123819
0.660614 -0.116222 -0.0123819
0.66558 -0.116221 -0.0123819
0.571218 -0.0526119 0.0363174
0.7053 -0.00855863 0.0704069
0.715241 -0.116218 -0.0172519
0.670546 -0.116221 -0.0123819
0.591079 -0.00367411 0.0704069
0.675512 -0.116221 -0.0123819
0.645697 0.113777 -0.00751201
0.685444 -0.11622 -0.0123819
0.690411 -0.116219 -0.0123819
0.705309 -0.116218 -0.0123819
0.73014 -0.116216 -0.0123819
0.640748 -0.101543 -0.0708211
0.635768 0.079521 -0.0708211
0.591088 -0.116227 -0.0172519
0.596054 -0.116227 -0.0172519
0.730133 -0.0330248 -0.00264208
0.605986 -0.116226 -0.0172519
0.581156 -0.116228 -0.0123819
0.615919 -0.116225 -0.0172519
0.620885 -0.116225 -0.0172519
0.645715 -0.116223 -0.0172519
0.655648 -0.116222 -0.0172519
0.610934 0.113774 0.0363174
0.675512 -0.116221 -0.0172519
0.571217 -0.0330374 0.0460572
0.680478 -0.11622 -0.0172519
0.685427 0.103993 -0.0708211
0.685444 -0.11622 -0.0172519
0.690411 -0.116219 -0.0172519
0.695377 -0.116219 -0.0172519
0.720207 -0.116217 -0.0172519
0.725173 -0.116217 -0.0172519
0.714591 0.114058 0.000342591
0.719573 0.114075 0.000342591
0.66975 0.113912 0.00522307
0.674732 0.113928 0.00522307
0.679715 0.113944 0.00522307
0.694661 0.113993 0.00522307
0.659786 0.113879 0.0101035
0.674732 0.113928 0.0101035
0.699644 0.11401 0.0101035
0.709608 0.114042 0.0101035
0.719573 0.114075 0.0101035
0.674732 0.113928 0.014984
0.709608 0.114042 0.014984
0.714591 0.114058 0.014984
0.659786 0.113879 0.0198645
0.674732 0.113928 0.0198645
0.679715 0.113944 0.0198645
0.694661 0.113993 0.0198645
0.709608 0.114042 0.0198645
0.714591 0.114058 0.0198645
0.724555 0.114091 0.0198645
0.659786 0.113879 0.024745
0.679715 0.113944 0.024745
0.694661 0.113993 0.024745
0.704626 0.114026 0.024745
0.709608 0.114042 0.024745
0.659786 0.113879 0.0296254
0.664768 0.113896 0.0296254
0.679715 0.113944 0.0296254
0.684697 0.113961 0.0296254
0.694661 0.113993 0.0296254
0.699644 0.11401 0.0296254
0.704626 0.114026 0.0296254
0.674732 0.113928 0.0345059
0.679715 0.113944 0.0345059
0.699644 0.11401 0.0345059
0.704626 0.114026 0.0345059
0.714591 0.114058 0.0345059
0.699644 0.11401 0.000342591
0.719573 0.114075 0.0345059
0.659786 0.113879 0.0393864
0.689679 0.113977 0.0393864
0.694661 0.113993 0.0393864
0.699644 0.11401 0.0393864
0.704626 0.114026 0.0393864
0.714591 0.114058 0.0393864
0.664768 0.113896 0.0442669
0.66975 0.113912 0.0442669
0.679715 0.113944 0.0442669
0.699644 0.11401 0.0442669
0.704626 0.114026 0.0442669
0.719573 0.114075 0.0442669
0.659786 0.113879 0.0491473
0.66975 0.113912 0.0491473
0.699644 0.11401 0.0491473
0.704626 0.114026 0.0491473
0.724555 0.114091 0.0491473
0.659786 0.113879 0.0540278
0.714591 0.114058 0.0540278
0.724555 0.114091 0.0540278
0.674732 0.113928 0.024745
0.729537 0.114107 0.000342591
0.709608 0.114042 0.0393864
0.729553 0.109217 0.000342591
0.699644 0.11401 0.00522307
0.719573 0.114075 0.0491473
0.729569 0.104326 0.000342591
0.66975 0.113912 0.0345059
0.729601 0.0945454 0.000342591
0.729617 0.089655 0.000342591
0.709608 0.114042 0.0491473
0.729553 0.109217 0.00522307
0.684697 0.113961 0.0491473
0.729601 0.0945454 0.00522307
0.729617 0.089655 0.00522307
0.729665 0.0749837 0.00522307
0.729553 0.109217 0.0101035
0.729585 0.0994359 0.0101035
0.684697 0.113961 0.0540278
0.729601 0.0945454 0.0101035
0.729617 0.089655 0.0101035
0.729633 0.0847645 0.0101035
0.729553 0.109217 0.014984
0.699644 0.11401 0.0540278
0.729569 0.104326 0.014984
0.729585 0.0994359 0.014984
0.729649 0.0798741 0.014984
0.729553 0.109217 0.0198645
0.729569 0.104326 0.0198645
0.729585 0.0994359 0.0198645
0.729633 0.0847645 0.0198645
0.674732 0.113928 0.0491473
0.729537 0.114107 0.024745
0.719573 0.114075 0.024745
0.729569 0.104326 0.024745
0.66975 0.113912 0.0101035
0.729601 0.0945454 0.024745
0.729617 0.089655 0.024745
0.729633 0.0847645 0.024745
0.729665 0.0749837 0.024745
0.729553 0.109217 0.0296254
0.719573 0.114075 0.0393864
0.729569 0.104326 0.0296254
0.729633 0.0847645 0.0296254
0.729665 0.0749837 0.0296254
0.664768 0.113896 0.000342591
0.704626 0.114026 0.0198645
0.729537 0.114107 0.0345059
0.729553 0.109217 0.0345059
0.729569 0.104326 0.0345059
0.66975 0.113912 0.0540278
0.729601 0.0945454 0.0345059
0.729633 0.0847645 0.0345059
0.729649 0.0798741 0.0345059
0.729665 0.0749837 0.0345059
0.729553 0.109217 0.0393864
0.729569 0.104326 0.0393864
0.699644 0.11401 0.0198645
0.729585 0.0994359 0.0393864
0.729601 0.0945454 0.0393864
0.729633 0.0847645 0.0393864
0.729649 0.0798741 0.0393864
0.729553 0.109217 0.0442669
0.729569 0.104326 0.0442669
0.729585 0.0994359 0.0442669
0.714591 0.114058 0.0442669
0.729601 0.0945454 0.0442669
0.684697 0.113961 0.0198645
0.729617 0.089655 0.0442669
0.729649 0.0798741 0.0442669
0.729665 0.0749837 0.0442669
0.729537 0.114107 0.0491473
0.729553 0.109217 0.0491473
0.729569 0.104326 0.0491473
0.684697 0.113961 0.000342591
0.729617 0.089655 0.0491473
0.729537 0.114107 0.0540278
0.729553 0.109217 0.0540278
0.729617 0.089655 0.0540278
0.729633 0.0847645 0.0540278
0.679715 0.113944 0.0491473
0.729649 0.0798741 0.0540278
0.724699 0.0700769 0.000342591
0.719717 0.0700606 0.000342591
0.709752 0.0700281 0.000342591
0.70477 0.0700118 0.000342591
0.689679 0.113977 0.00522307
0.684841 0.0699467 0.000342591
0.674876 0.0699141 0.000342591
0.669894 0.0698978 0.000342591
0.674732 0.113928 0.0296254
0.729537 0.114107 0.00522307
0.729681 0.0700932 0.00522307
0.719717 0.0700606 0.00522307
0.709752 0.0700281 0.00522307
0.70477 0.0700118 0.00522307
0.674876 0.0699141 0.00522307
0.669894 0.0698978 0.00522307
0.724555 0.114091 0.00522307
0.724699 0.0700769 0.00522307
0.664912 0.0698816 0.00522307
0.729537 0.114107 0.0101035
0.729681 0.0700932 0.0101035
0.709752 0.0700281 0.0101035
0.694805 0.0699793 0.0101035
0.674876 0.0699141 0.0101035
0.669894 0.0698978 0.0101035
0.664912 0.0698816 0.0101035
0.679715 0.113944 0.0101035
0.679859 0.0699304 0.0101035
0.719717 0.0700606 0.014984
0.709752 0.0700281 0.014984
0.70477 0.0700118 0.014984
0.694805 0.0699793 0.014984
0.684697 0.113961 0.014984
0.684841 0.0699467 0.014984
0.674876 0.0699141 0.014984
0.669894 0.0698978 0.014984
0.659929 0.0698653 0.014984
0.724555 0.114091 0.024745
0.729633 0.0847645 0.0442669
0.724699 0.0700769 0.0198645
0.719717 0.0700606 0.0198645
0.709752 0.0700281 0.0198645
0.699788 0.0699955 0.0198645
0.694805 0.0699793 0.0198645
0.689679 0.113977 0.0345059
0.684841 0.0699467 0.0198645
0.679859 0.0699304 0.0198645
0.674876 0.0699141 0.0198645
0.669894 0.0698978 0.0198645
0.674732 0.113928 0.0540278
0.729537 0.114107 0.0198645
0.729681 0.0700932 0.024745
0.729633 0.0847645 0.0491473
0.724699 0.0700769 0.024745
0.719717 0.0700606 0.024745
0.69974 0.0846669 -0.00453789
0.699708 0.0944478 -0.00453789
0.694805 0.0699793 -0.00453789
0.709608 0.114042 0.0442669
0.674748 0.109038 0.0589083
0.654835 0.104082 0.0345059
0.694789 0.0748697 -0.00453789
0.694773 0.0797601 -0.00453789
0.719653 0.0896224 -0.00453789
0.689711 0.104196 -0.00453789
0.684825 0.0748371 -0.00453789
0.684777 0.0895085 -0.00453789
0.694693 0.104212 -0.00453789
0.729617 0.089655 0.0345059
0.674812 0.0894759 0.0589083
0.709752 0.0700281 0.0442669
0.684729 0.10418 -0.00453789
0.679715 0.113944 0.0589083
0.679763 0.0992731 -0.00453789
0.709608 0.114042 0.0296254
0.654835 0.104082 0.00522307
0.689823 0.069963 0.0491473
0.674732 0.113928 0.0393864
0.674876 0.0699141 0.0345059
0.719573 0.114075 0.0296254
0.694757 0.0846506 -0.00453789
0.674876 0.0699141 -0.00453789
0.659786 0.113879 0.0589083
0.689711 0.104196 0.0589083
0.709752 0.0700281 0.0345059
0.674812 0.0894759 -0.00453789
0.724619 0.0945292 -0.00453789
0.689695 0.109087 -0.00453789
0.67478 0.0992568 -0.00453789
0.669894 0.0698978 -0.00453789
0.669878 0.0747883 -0.00453789
0.729569 0.104326 0.0101035
0.669862 0.0796787 -0.00453789
0.6648 0.104115 0.0589083
0.714591 0.114058 0.00522307
0.66975 0.113912 -0.00453789
0.659786 0.113879 0.0345059
0.654835 0.104082 0.0589083
0.6648 0.104115 -0.00453789
0.654915 0.0796299 -0.00453789
0.67486 0.0748046 -0.00453789
0.684697 0.113961 0.0101035
0.729617 0.089655 0.0393864
0.684841 0.0699467 0.0101035
0.664848 0.0894434 -0.00453789
0.659913 0.0747557 -0.00453789
0.674732 0.113928 0.0442669
0.674876 0.0699141 0.0442669
0.694693 0.104212 0.0589083
0.694661 0.113993 0.0345059
0.664912 0.0698816 -0.00453789
0.729665 0.0749837 0.000342591
0.659898 0.0796462 -0.00453789
0.659802 0.108989 -0.00453789
0.729681 0.0700932 0.0540278
0.669846 0.0845692 -0.00453789
0.654947 0.069849 -0.00453789
0.724699 0.0700769 0.0393864
0.669766 0.109021 -0.00453789
0.659882 0.0845366 0.0589083
0.70477 0.0700118 0.0198645
0.654931 0.0747395 -0.00453789
0.684809 0.0797276 0.0589083
0.654931 0.0747395 0.0491473
0.654947 0.069849 0.0491473
0.654867 0.0943012 -0.00453789
0.724699 0.0700769 0.0540278
0.70477 0.0700118 0.0101035
0.724667 0.0798578 0.0589083
0.654851 0.0991917 -0.00453789
0.729585 0.0994359 -0.00453789
0.714686 0.0847157 -0.00453789
0.729649 0.0798741 0.0589083
0.719717 0.0700606 0.0296254
0.724555 0.114091 0.014984
0.724699 0.0700769 0.014984
0.664912 0.0698816 0.014984
0.729633 0.0847645 0.0589083
0.679763 0.0992731 0.0589083
0.704626 0.114026 0.0101035
0.654803 0.113863 -0.00453789
0.724603 0.0994196 0.0589083
0.654931 0.0747395 0.024745
0.684697 0.113961 0.00522307
0.66975 0.113912 0.0296254
0.689679 0.113977 0.0442669
0.729617 0.089655 0.0589083
0.724587 0.10431 0.0589083
0.704706 0.0895736 -0.00453789
0.71467 0.0896062 -0.00453789
0.704754 0.0749023 -0.00453789
0.729569 0.104326 0.0589083
0.724683 0.0749674 0.0589083
0.724555 0.114091 0.0589083
0.664768 0.113896 0.0393864
0.654803 0.113863 0.0491473
0.714591 0.114058 0.0101035
0.719605 0.104294 0.0589083
0.714734 0.0700444 0.0589083
0.699756 0.0797764 0.0589083
0.664832 0.0943338 0.0589083
0.679843 0.0748209 0.0589083
0.709608 0.114042 0.00522307
0.654835 0.104082 0.0296254
0.69966 0.109119 -0.00453789
0.664848 0.0894434 0.0589083
0.699644 0.11401 0.024745
0.719573 0.114075 0.0589083
0.729585 0.0994359 0.0589083
0.694805 0.0699793 0.0540278
0.729553 0.109217 0.024745
0.679779 0.0943826 0.0589083
0.689759 0.0895248 -0.00453789
0.719717 0.0700606 0.0393864
0.664816 0.0992242 0.0589083
0.664912 0.0698816 0.0345059
0.714591 0.114058 0.024745
0.679811 0.0846017 -0.00453789
0.679715 0.113944 0.0393864
0.719717 0.0700606 0.0101035
0.65985 0.0943175 -0.00453789
0.694661 0.113993 0.0101035
0.719685 0.0798415 0.0589083
0.699644 0.11401 0.014984
0.729585 0.0994359 0.0540278
0.694805 0.0699793 0.0589083
0.694725 0.0944315 -0.00453789
0.654883 0.0894108 0.0198645
0.674764 0.104147 0.0589083
0.719621 0.0994033 0.0589083
0.66983 0.0894596 -0.00453789
0.674732 0.113928 0.0589083
0.659929 0.0698653 -0.00453789
0.669766 0.109021 0.0589083
0.684745 0.0992894 0.0589083
0.66975 0.113912 0.014984
0.684697 0.113961 0.0393864
0.689679 0.113977 0.0540278
0.729601 0.0945454 0.0198645
0.654867 0.0943012 0.0540278
0.719605 0.104294 -0.00453789
0.664768 0.113896 0.024745
0.654803 0.113863 0.0101035
0.729681 0.0700932 0.0589083
0.694805 0.0699793 0.0442669
0.659818 0.104098 0.0589083
0.689679 0.113977 0.0101035
0.684841 0.0699467 -0.00453789
0.724635 0.0896387 0.0589083
0.654819 0.108973 0.00522307
0.724555 0.114091 0.0296254
0.724699 0.0700769 0.0296254
0.729585 0.0994359 0.0296254
0.694805 0.0699793 0.000342591
0.70964 0.104261 -0.00453789
0.67478 0.0992568 0.0589083
0.654819 0.108973 -0.00453789
0.659834 0.099208 0.0589083
0.704738 0.0797927 0.0589083
0.674876 0.0699141 0.0296254
0.709752 0.0700281 0.024745
0.729649 0.0798741 0.0296254
0.694677 0.109103 -0.00453789
0.664912 0.0698816 0.0198645
0.724555 0.114091 -0.00453789
0.714734 0.0700444 0.0101035
0.699772 0.074886 -0.00453789
0.654899 0.0845203 0.000342591
0.684745 0.0992894 -0.00453789
0.689679 0.113977 0.0491473
0.674796 0.0943664 -0.00453789
0.689823 0.069963 0.0540278
0.71467 0.0896062 0.0589083
0.729553 0.109217 0.0589083
0.679859 0.0699304 0.0296254
0.684793 0.084618 0.0589083
0.709608 0.114042 0.0589083
0.654883 0.0894108 0.0442669
0.714591 0.114058 0.0589083
0.654835 0.104082 0.0540278
0.669846 0.0845692 0.0589083
0.654931 0.0747395 0.0589083
0.724699 0.0700769 0.0345059
0.664912 0.0698816 0.0589083
0.719669 0.084732 0.0589083
0.729569 0.104326 0.0540278
0.70469 0.094464 0.0589083
0.709624 0.109152 -0.00453789
0.684713 0.10907 0.0589083
0.674748 0.109038 -0.00453789
0.654835 0.104082 0.0491473
0.709704 0.0846994 0.0589083
0.66975 0.113912 0.000342591
0.699676 0.104229 -0.00453789
0.729617 0.089655 0.014984
0.654899 0.0845203 0.0589083
0.714654 0.0944966 0.0589083
0.729665 0.0749837 0.0491473
0.674844 0.079695 -0.00453789
0.729665 0.0749837 0.0540278
0.669814 0.0943501 0.0589083
0.709608 0.114042 0.0540278
0.694789 0.0748697 0.0589083
0.679779 0.0943826 -0.00453789
0.654883 0.0894108 0.0589083
0.689695 0.109087 0.0589083
0.679715 0.113944 0.000342591
0.674828 0.0845855 0.0589083
0.724651 0.0847483 0.0589083
0.669782 0.104131 0.0589083
0.679827 0.0797113 0.0589083
0.654867 0.0943012 0.0393864
0.714607 0.109168 0.0589083
0.669894 0.0698978 0.0393864
0.684825 0.0748371 0.0589083
0.714591 0.114058 0.0296254
0.70972 0.079809 0.0589083
0.654851 0.0991917 0.0589083
0.689727 0.0993056 -0.00453789
0.679747 0.104164 -0.00453789
0.709624 0.109152 0.0589083
0.664864 0.0845529 -0.00453789
0.654899 0.0845203 -0.00453789
0.669814 0.0943501 -0.00453789
0.674844 0.079695 0.0589083
0.719573 0.114075 0.0540278
0.729585 0.0994359 0.0491473
0.674764 0.104147 -0.00453789
0.694709 0.0993219 0.0589083
0.699724 0.0895573 0.0589083
0.659866 0.0894271 0.0589083
0.66975 0.113912 0.024745
0.729601 0.0945454 0.014984
0.689679 0.113977 0.0589083
0.654867 0.0943012 0.0589083
0.654835 0.104082 -0.00453789
0.654947 0.069849 0.0589083
0.679715 0.113944 0.0540278
0.699724 0.0895573 -0.00453789
0.719573 0.114075 0.014984
0.704706 0.0895736 0.0589083
0.729681 0.0700932 0.0198645
0.664768 0.113896 0.0589083
0.669878 0.0747883 0.0589083
0.699692 0.0993382 -0.00453789
0.684841 0.0699467 0.00522307
0.689679 0.113977 -0.00453789
0.719669 0.084732 -0.00453789
0.724571 0.1092 -0.00453789
0.664912 0.0698816 0.0442669
0.654915 0.0796299 0.014984
0.679859 0.0699304 0.0589083
0.694773 0.0797601 0.0589083
0.654835 0.104082 0.024745
0.689791 0.0797439 -0.00453789
0.724571 0.1092 0.0589083
0.719717 0.0700606 0.0589083
0.654915 0.0796299 0.0101035
0.729569 0.104326 0.00522307
0.699644 0.11401 -0.00453789
0.684697 0.113961 0.0589083
0.704658 0.104245 0.0589083
0.654947 0.069849 0.000342591
0.679811 0.0846017 0.0589083
0.729665 0.0749837 0.0589083
0.729537 0.114107 0.0393864
0.684761 0.0943989 0.0589083
0.704642 0.109135 0.0589083
0.654883 0.0894108 0.024745
0.714734 0.0700444 0.024745
0.654899 0.0845203 0.0393864
0.729649 0.0798741 0.0491473
0.659929 0.0698653 0.00522307
0.694709 0.0993219 -0.00453789
0.654867 0.0943012 0.0442669
0.689823 0.069963 0.0589083
0.714734 0.0700444 0.014984
0.659913 0.0747557 0.0589083
0.709752 0.0700281 0.0589083
0.66983 0.0894596 0.0589083
0.724619 0.0945292 0.0589083
0.699772 0.074886 0.0589083
0.684713 0.10907 -0.00453789
0.689823 0.069963 0.0442669
0.674876 0.0699141 0.0393864
0.689807 0.0748534 0.0589083
0.659834 0.099208 -0.00453789
0.689759 0.0895248 0.0589083
0.689679 0.113977 0.014984
0.654883 0.0894108 0.000342591
0.699692 0.0993382 0.0589083
0.654867 0.0943012 0.00522307
0.694661 0.113993 -0.00453789
0.664896 0.074772 0.0589083
0.659929 0.0698653 0.0101035
0.704674 0.0993545 0.0589083
0.719653 0.0896224 0.0589083
0.659929 0.0698653 0.000342591
0.689775 0.0846343 0.0589083
0.684841 0.0699467 0.0491473
0.724555 0.114091 0.0442669
0.729617 0.089655 0.0296254
0.694661 0.113993 0.0589083
0.684697 0.113961 0.024745
0.729601 0.0945454 0.0296254
0.674796 0.0943664 0.0589083
0.654947 0.069849 0.0540278
0.694677 0.109103 0.0589083
0.659786 0.113879 0.0442669
0.704658 0.104245 -0.00453789
0.659786 0.113879 0.00522307
0.654947 0.069849 0.024745
0.654819 0.108973 0.0198645
0.674732 0.113928 -0.00453789
0.684777 0.0895085 0.0589083
0.679747 0.104164 0.0589083
0.70477 0.0700118 0.0345059
0.694725 0.0944315 0.0589083
0.714702 0.0798253 0.0589083
0.689775 0.0846343 -0.00453789
0.659802 0.108989 0.0589083
0.729537 0.114107 0.014984
0.729681 0.0700932 0.014984
0.654819 0.108973 0.0589083
0.674876 0.0699141 0.0589083
0.69974 0.0846669 0.0589083
0.654819 0.108973 0.0101035
0.699644 0.11401 0.0589083
0.719637 0.0945129 0.0589083
0.729665 0.0749837 0.014984
0.67486 0.0748046 0.0589083
0.654803 0.113863 0.0589083
0.714638 0.099387 0.0589083
0.654851 0.0991917 0.0491473
0.729633 0.0847645 0.014984
0.689807 0.0748534 -0.00453789
0.694661 0.113993 0.014984
0.654867 0.0943012 0.0198645
0.679827 0.0797113 -0.00453789
0.69966 0.109119 0.0589083
0.704674 0.0993545 -0.00453789
0.714591 0.114058 0.0491473
0.699676 0.104229 0.0589083
0.699788 0.0699955 -0.00453789
0.679715 0.113944 -0.00453789
0.684729 0.10418 0.0589083
0.729585 0.0994359 0.024745
0.694805 0.0699793 0.00522307
0.654851 0.0991917 0.000342591
0.689743 0.0944152 0.0589083
0.704626 0.114026 0.0589083
0.724555 0.114091 0.0101035
0.724699 0.0700769 0.0101035
0.709688 0.0895899 0.0589083
0.709608 0.114042 0.000342591
0.689743 0.0944152 -0.00453789
0.684793 0.084618 -0.00453789
0.66975 0.113912 0.0198645
0.684697 0.113961 0.0442669
0.709736 0.0749185 -0.00453789
0.679795 0.0894922 0.0589083
0.654819 0.108973 0.0345059
0.689727 0.0993056 0.0589083
0.704722 0.0846832 0.0589083
0.724683 0.0749674 -0.00453789
0.729665 0.0749837 0.0101035
0.70477 0.0700118 0.0589083
0.719573 0.114075 0.00522307
0.684809 0.0797276 -0.00453789
0.654931 0.0747395 0.014984
0.70964 0.104261 0.0589083
0.704626 0.114026 0.0540278
0.709656 0.0993708 0.0589083
0.709672 0.0944803 0.0589083
0.729649 0.0798741 0.00522307
0.689823 0.069963 0.00522307
0.679859 0.0699304 0.0393864
0.669782 0.104131 -0.00453789
0.714686 0.0847157 0.0589083
0.664832 0.0943338 -0.00453789
0.699756 0.0797764 -0.00453789
0.729537 0.114107 0.0589083
0.704626 0.114026 -0.00453789
0.729601 0.0945454 0.0589083
0.719589 0.109184 0.0589083
0.654883 0.0894108 0.0491473
0.70469 0.094464 -0.00453789
0.669798 0.0992405 0.0589083
0.704738 0.0797927 -0.00453789
0.714734 0.0700444 0.00522307
0.719701 0.0749511 0.0589083
0.654899 0.0845203 0.0198645
0.70477 0.0700118 -0.00453789
0.664768 0.113896 0.00522307
0.704626 0.114026 0.014984
0.709656 0.0993708 -0.00453789
0.724555 0.114091 0.0393864
0.709672 0.0944803 -0.00453789
0.709688 0.0895899 -0.00453789
0.679795 0.0894922 -0.00453789
0.694757 0.0846506 0.0589083
0.709704 0.0846994 -0.00453789
0.659786 0.113879 -0.00453789
0.654947 0.069849 0.0345059
0.689679 0.113977 0.0198645
0.709736 0.0749185 0.0589083
0.684841 0.0699467 0.0296254
0.729601 0.0945454 0.0540278
0.664896 0.074772 -0.00453789
0.70972 0.079809 -0.00453789
0.729585 0.0994359 0.0345059
0.654851 0.0991917 0.00522307
0.709752 0.0700281 -0.00453789
0.654867 0.0943012 0.000342591
0.714591 0.114058 -0.00453789
0.654867 0.0943012 0.024745
0.714607 0.109168 -0.00453789
0.669894 0.0698978 0.024745
0.679731 0.109054 0.0589083
0.714638 0.099387 -0.00453789
0.654931 0.0747395 0.0442669
0.724699 0.0700769 0.0589083
0.654867 0.0943012 0.0296254
0.714702 0.0798253 -0.00453789
0.694741 0.089541 0.0589083
0.654819 0.108973 0.0442669
0.684841 0.0699467 0.0393864
0.714734 0.0700444 -0.00453789
0.70477 0.0700118 0.0491473
0.719573 0.114075 -0.00453789
0.729601 0.0945454 0.0491473
0.719589 0.109184 -0.00453789
0.694661 0.113993 0.0540278
0.729617 0.089655 0.0198645
0.719621 0.0994033 -0.00453789
0.654915 0.0796299 0.0589083
0.719637 0.0945129 -0.00453789
0.714734 0.0700444 0.0198645
0.709752 0.0700281 0.0540278
0.654899 0.0845203 0.0101035
0.664784 0.109005 -0.00453789
0.719685 0.0798415 -0.00453789
0.664912 0.0698816 0.024745
0.719701 0.0749511 -0.00453789
0.694805 0.0699793 0.0491473
0.689823 0.069963 0.014984
0.699788 0.0699955 0.0296254
0.669798 0.0992405 -0.00453789
0.719717 0.0700606 -0.00453789
0.70477 0.0700118 0.0296254
0.724587 0.10431 -0.00453789
0.664816 0.0992242 -0.00453789
0.654931 0.0747395 0.0101035
0.699788 0.0699955 0.00522307
0.679859 0.0699304 0.00522307
0.659929 0.0698653 0.0540278
0.724603 0.0994196 -0.00453789
0.659786 0.113879 0.014984
0.724635 0.0896387 -0.00453789
0.724651 0.0847483 -0.00453789
0.664768 0.113896 0.0198645
0.654803 0.113863 0.0296254
0.724667 0.0798578 -0.00453789
0.654947 0.069849 0.0393864
0.694741 0.089541 -0.00453789
0.654819 0.108973 0.0393864
0.654883 0.0894108 -0.00453789
0.684841 0.0699467 0.0540278
0.724555 0.114091 0.000342591
0.664912 0.0698816 0.000342591
0.724699 0.0700769 -0.00453789
0.729681 0.0700932 0.000342591
0.704722 0.0846832 -0.00453789
0.729537 0.114107 -0.00453789
0.654835 0.104082 0.0393864
0.709608 0.114042 0.0345059
0.729553 0.109217 -0.00453789
0.654803 0.113863 0.0540278
0.659882 0.0845366 -0.00453789
0.729569 0.104326 -0.00453789
0.654819 0.108973 0.0540278
0.66975 0.113912 0.0393864
0.729601 0.0945454 -0.00453789
0.729681 0.0700932 0.0393864
0.729617 0.089655 -0.00453789
0.679859 0.0699304 0.000342591
0.654915 0.0796299 0.024745
0.729649 0.0798741 0.0101035
0.689823 0.069963 0.0101035
0.654915 0.0796299 0.0393864
0.679859 0.0699304 0.0345059
0.729665 0.0749837 -0.00453789
0.729681 0.0700932 -0.00453789
0.669894 0.0698978 0.0540278
0.654851 0.0991917 0.0540278
0.654883 0.0894108 0.0540278
0.724555 0.114091 0.0345059
0.694661 0.113993 0.0442669
0.654899 0.0845203 0.0540278
0.669894 0.0698978 0.0442669
0.659866 0.0894271 -0.00453789
0.654915 0.0796299 0.0540278
0.654931 0.0747395 0.0540278
0.664864 0.0845529 0.0589083
0.654819 0.108973 0.0491473
0.684841 0.0699467 0.0345059
0.684697 0.113961 0.0345059
0.654867 0.0943012 0.0491473
0.664768 0.113896 0.0345059
0.684761 0.0943989 -0.00453789
0.714718 0.0749348 0.0589083
0.654803 0.113863 0.0442669
0.694661 0.113993 0.0491473
0.654899 0.0845203 0.0491473
0.729649 0.0798741 0.000342591
0.689823 0.069963 0.0198645
0.654915 0.0796299 0.0491473
0.654835 0.104082 0.0442669
0.654851 0.0991917 0.0442669
0.65985 0.0943175 0.0589083
0.729649 0.0798741 -0.00453789
0.654915 0.0796299 0.0442669
0.729665 0.0749837 0.0393864
0.70477 0.0700118 0.0393864
0.654947 0.069849 0.0442669
0.664768 0.113896 0.0540278
0.654803 0.113863 0.0393864
0.654851 0.0991917 0.0393864
0.689679 0.113977 0.000342591
0.654883 0.0894108 0.0393864
0.689823 0.069963 0.024745
0.654931 0.0747395 0.0393864
0.664768 0.113896 0.0491473
0.654803 0.113863 0.0345059
0.654851 0.0991917 0.0345059
0.654867 0.0943012 0.0345059
0.674876 0.0699141 0.024745
0.654883 0.0894108 0.0345059
0.659898 0.0796462 0.0589083
0.654931 0.0747395 0.0345059
0.654851 0.0991917 0.0296254
0.684841 0.0699467 0.0589083
0.654883 0.0894108 0.0296254
0.729633 0.0847645 -0.00453789
0.654899 0.0845203 0.0296254
0.659929 0.0698653 0.0198645
0.699788 0.0699955 0.0393864
0.679731 0.109054 -0.00453789
0.654931 0.0747395 0.0296254
0.699788 0.0699955 0.0345059
0.654915 0.0796299 0.0296254
0.659929 0.0698653 0.0491473
0.659786 0.113879 0.000342591
0.654819 0.108973 0.0296254
0.654947 0.069849 0.0296254
0.664768 0.113896 0.014984
0.654803 0.113863 0.024745
0.654851 0.0991917 0.024745
0.654931 0.0747395 0.00522307
0.714734 0.0700444 0.0345059
0.654899 0.0845203 0.024745
0.664768 0.113896 0.0101035
0.654803 0.113863 0.0198645
0.709608 0.114042 -0.00453789
0.654835 0.104082 0.0198645
0.654851 0.0991917 0.0198645
0.699788 0.0699955 0.024745
0.689791 0.0797439 0.0589083
0.659929 0.0698653 0.0589083
0.654915 0.0796299 0.0198645
0.654931 0.0747395 0.0198645
0.654819 0.108973 0.024745
0.654947 0.069849 0.0198645
0.689679 0.113977 0.0296254
0.684697 0.113961 -0.00453789
0.684841 0.0699467 0.024745
0.654803 0.113863 0.014984
0.704754 0.0749023 0.0589083
0.654835 0.104082 0.014984
0.654851 0.0991917 0.014984
0.654867 0.0943012 0.014984
0.689679 0.113977 0.024745
0.66975 0.113912 0.0589083
0.654883 0.0894108 0.014984
0.714734 0.0700444 0.000342591
0.704642 0.109135 -0.00453789
0.679843 0.0748209 -0.00453789
0.654899 0.0845203 0.014984
0.654819 0.108973 0.014984
0.654947 0.069849 0.014984
0.654819 0.108973 0.000342591
0.654835 0.104082 0.0101035
0.669894 0.0698978 0.0589083
0.654851 0.0991917 0.0101035
0.694661 0.113993 0.000342591
0.714654 0.0944966 -0.00453789
0.654867 0.0943012 0.0101035
0.654883 0.0894108 0.0101035
0.654947 0.069849 0.0101035
0.704626 0.114026 0.000342591
0.664768 0.113896 -0.00453789
0.714718 0.0749348 -0.00453789
0.654803 0.113863 0.00522307
0.654883 0.0894108 0.00522307
0.714622 0.104277 -0.00453789
0.709752 0.0700281 0.0491473
0.654899 0.0845203 0.00522307
0.699788 0.0699955 0.0101035
0.654915 0.0796299 0.00522307
0.654947 0.069849 0.00522307
0.704626 0.114026 0.00522307
0.729537 0.114107 0.0442669
0.654803 0.113863 0.000342591
0.654835 0.104082 0.000342591
0.654915 0.0796299 0.000342591
0.654899 0.0845203 0.0442669
0.714734 0.0700444 0.0296254
0.724699 0.0700769 0.0491473
0.664912 0.0698816 0.0540278
0.674876 0.0699141 0.0540278
0.689823 0.069963 0.0345059
0.729649 0.0798741 0.0198645
0.679859 0.0699304 0.0540278
0.699788 0.0699955 0.0442669
0.659929 0.0698653 0.0393864
0.659929 0.0698653 0.0296254
0.699788 0.0699955 0.0540278
0.729665 0.0749837 0.0198645
0.70477 0.0700118 0.0540278
0.714734 0.0700444 0.0540278
0.679859 0.0699304 -0.00453789
0.719717 0.0700606 0.0540278
0.669894 0.0698978 0.0491473
0.674732 0.113928 0.000342591
0.674876 0.0699141 0.0491473
0.674828 0.0845855 -0.00453789
0.689823 0.069963 0.0393864
0.729649 0.0798741 0.024745
0.66488 0.0796625 0.0589083
0.689823 0.069963 -0.00453789
0.679859 0.0699304 0.0491473
0.699788 0.0699955 0.0491473
0.659929 0.0698653 0.0345059
0.714734 0.0700444 0.0491473
0.729681 0.0700932 0.0491473
0.699788 0.0699955 0.014984
0.654915 0.0796299 0.0345059
0.689823 0.069963 0.0296254
0.659929 0.0698653 0.0442669
0.689823 0.069963 0.000342591
0.679859 0.0699304 0.0442669
0.684841 0.0699467 0.0442669
0.70477 0.0700118 0.0442669
0.729633 0.0847645 0.000342591
0.654899 0.0845203 0.0345059
0.699708 0.0944478 0.0589083
0.714734 0.0700444 0.0442669
0.699788 0.0699955 0.000342591
0.719717 0.0700606 0.0442669
0.664784 0.109005 0.0589083
0.664912 0.0698816 0.0491473
0.724699 0.0700769 0.0442669
0.729681 0.0700932 0.0442669
0.694805 0.0699793 0.0345059
0.664912 0.0698816 0.0393864
0.719573 0.114075 0.0198645
0.659818 0.104098 -0.00453789
0.669862 0.0796787 0.0589083
0.694805 0.0699793 0.0393864
0.709752 0.0700281 0.0393864
0.729633 0.0847645 0.00522307
0.714734 0.0700444 0.0393864
0.669894 0.0698978 0.0345059
0.679715 0.113944 0.014984
0.679859 0.0699304 0.014984
0.66488 0.0796625 -0.00453789
0.719717 0.0700606 0.0345059
0.729681 0.0700932 0.0345059
0.714622 0.104277 0.0589083
0.664912 0.0698816 0.0296254
0.669894 0.0698978 0.0296254
0.729585 0.0994359 0.000342591
0.694805 0.0699793 0.0296254
0.709752 0.0700281 0.0296254
0.729537 0.114107 0.0296254
0.729681 0.0700932 0.0296254
0.699788 0.0699955 0.0589083
0.659929 0.0698653 0.024745
0.719717 0.0700606 0.0491473
0.679859 0.0699304 0.024745
0.729585 0.0994359 0.00522307
0.694805 0.0699793 0.024745
0.654931 0.0747395 0.000342591
0.70477 0.0700118 0.024745
0.414905 -0.049961 -0.045312
0.453012 -0.0499585 -0.045312
0.472066 -0.0499572 -0.045312
0.410141 -0.0499613 -0.0403834
0.414905 -0.049961 -0.0403834
0.424432 -0.0499604 -0.0403834
0.429195 -0.0499601 -0.0403834
0.438722 -0.0499594 -0.0403834
0.453012 -0.0499585 -0.0403834
0.462539 -0.0499578 -0.0403834
0.448249 -0.0499588 -0.045312
0.481592 -0.0499566 -0.0403834
0.486356 -0.0499562 -0.0403834
0.495883 -0.0499556 -0.0403834
0.419668 -0.0499607 -0.0354548
0.424432 -0.0499604 -0.0354548
0.429195 -0.0499601 -0.0354548
0.433958 -0.0499597 -0.0354548
0.448249 -0.0499588 -0.0354548
0.453012 -0.0499585 -0.0354548
0.467302 -0.0499575 -0.0354548
0.472066 -0.0499572 -0.0354548
0.495883 -0.0499556 -0.0354548
0.410141 -0.0499613 -0.0305261
0.414905 -0.049961 -0.0305261
0.419668 -0.0499607 -0.0305261
0.424432 -0.0499604 -0.0305261
0.429195 -0.0499601 -0.0305261
0.467302 -0.0499575 -0.0305261
0.472066 -0.0499572 -0.0305261
0.476829 -0.0499569 -0.0305261
0.481592 -0.0499566 -0.0305261
0.500646 -0.0499553 -0.0305261
0.410141 -0.0499613 -0.0255975
0.419668 -0.0499607 -0.0255975
0.424432 -0.0499604 -0.0255975
0.481592 -0.0499566 -0.0354548
0.448249 -0.0499588 -0.0255975
0.453012 -0.0499585 -0.0255975
0.462539 -0.0499578 -0.0255975
0.472066 -0.0499572 -0.0255975
0.448249 -0.0499588 -0.0403834
0.481592 -0.0499566 -0.0255975
0.486356 -0.0499562 -0.0255975
0.495883 -0.0499556 -0.0255975
0.414905 -0.049961 -0.0206689
0.424432 -0.0499604 -0.0206689
0.429195 -0.0499601 -0.0206689
0.438722 -0.0499594 -0.0206689
0.443485 -0.0499591 -0.0206689
0.448249 -0.0499588 -0.0206689
0.453012 -0.0499585 -0.0206689
0.467302 -0.0499575 -0.0206689
0.472066 -0.0499572 -0.0206689
0.481592 -0.0499566 -0.0206689
0.495883 -0.0499556 -0.0206689
0.429195 -0.0499601 -0.0157402
0.457775 -0.0499581 -0.0157402
0.467302 -0.0499575 -0.0157402
0.500646 -0.0499553 -0.0157402
0.438722 -0.0499594 -0.0108116
0.448249 -0.0499588 -0.0108116
0.453012 -0.0499585 -0.0108116
0.457775 -0.0499581 -0.0108116
0.491119 -0.0499559 -0.0108116
0.414905 -0.049961 -0.00588294
0.424432 -0.0499604 -0.00588294
0.448249 -0.0499588 -0.00588294
0.453012 -0.0499585 -0.00588294
0.457775 -0.0499581 -0.00588294
0.462539 -0.0499578 -0.00588294
0.481592 -0.0499566 -0.00588294
0.491119 -0.0499559 -0.00588294
0.495883 -0.0499556 -0.00588294
0.500646 -0.0499553 -0.00588294
0.410141 -0.0499613 -0.000954299
0.414905 -0.049961 -0.000954299
0.419668 -0.0499607 -0.000954299
0.429195 -0.0499601 -0.000954299
0.433958 -0.0499597 -0.000954299
0.448249 -0.0499588 -0.000954299
0.457775 -0.0499581 -0.000954299
0.472066 -0.0499572 -0.000954299
0.481592 -0.0499566 -0.000954299
0.486356 -0.0499562 -0.000954299
0.500646 -0.0499553 -0.000954299
0.476829 -0.0499569 -0.000954299
0.410141 -0.0499613 0.00397434
0.414905 -0.049961 0.00397434
0.429195 -0.0499601 0.00397434
0.438722 -0.0499594 0.00397434
0.457775 -0.0499581 0.00397434
0.476829 -0.0499569 0.00397434
0.481592 -0.0499566 0.00397434
0.486356 -0.0499562 0.00397434
0.495883 -0.0499556 0.00397434
0.500646 -0.0499553 0.00397434
0.476829 -0.0499569 -0.045312
0.410141 -0.0499613 0.00890298
0.419668 -0.0499607 0.00890298
0.438722 -0.0499594 0.00890298
0.453012 -0.0499585 0.00890298
0.457775 -0.0499581 0.00890298
0.462539 -0.0499578 0.00890298
0.476829 -0.0499569 0.00890298
0.486356 -0.0499562 0.00890298
0.491119 -0.0499559 0.00890298
0.495883 -0.0499556 0.00890298
0.414905 -0.049961 0.0138316
0.419668 -0.0499607 0.0138316
0.433958 -0.0499597 0.0138316
0.438722 -0.0499594 0.0138316
0.443485 -0.0499591 0.0138316
0.448249 -0.0499588 0.0138316
0.457775 -0.0499581 0.0138316
0.462539 -0.0499578 0.0138316
0.472066 -0.0499572 0.0138316
0.481592 -0.0499566 0.0138316
0.486356 -0.0499562 0.0138316
0.495883 -0.0499556 0.0138316
0.500646 -0.0499553 0.0138316
0.414905 -0.049961 0.0187603
0.457775 -0.0499581 0.0187603
0.462539 -0.0499578 0.0187603
0.467302 -0.0499575 0.0187603
0.481592 -0.0499566 0.0187603
0.495883 -0.0499556 0.0187603
0.424432 -0.0499604 0.0236889
0.429195 -0.0499601 0.0236889
0.448249 -0.0499588 0.0236889
0.457775 -0.0499581 0.0236889
0.462539 -0.0499578 0.0236889
0.476829 -0.0499569 0.0236889
0.481592 -0.0499566 0.0236889
0.491119 -0.0499559 0.0236889
0.500646 -0.0499553 0.0236889
0.410141 -0.0499613 0.0286175
0.438722 -0.0499594 0.0286175
0.448249 -0.0499588 0.0286175
0.457775 -0.0499581 0.0286175
0.462539 -0.0499578 0.0286175
0.467302 -0.0499575 0.0286175
0.481592 -0.0499566 0.0286175
0.495883 -0.0499556 0.0286175
0.424432 -0.0499604 0.0335462
0.433958 -0.0499597 0.0335462
0.438722 -0.0499594 0.0335462
0.443485 -0.0499591 0.0335462
0.448249 -0.0499588 0.0335462
0.453012 -0.0499585 0.0335462
0.457775 -0.0499581 0.0335462
0.462539 -0.0499578 0.0335462
0.491119 -0.0499559 0.0335462
0.495883 -0.0499556 0.0335462
0.50541 -0.0598977 -0.045312
0.505411 -0.0698403 -0.045312
0.505411 -0.0748117 -0.045312
0.505411 -0.079783 -0.045312
0.505412 -0.094697 -0.045312
0.505413 -0.0996684 -0.045312
0.505413 -0.109611 -0.045312
0.505414 -0.114582 -0.045312
0.505415 -0.134468 -0.045312
0.505416 -0.14441 -0.045312
0.505416 -0.149382 -0.045312
0.505416 -0.154353 -0.045312
0.462539 -0.0499578 -0.0206689
0.505417 -0.164296 -0.045312
0.443485 -0.0499591 -0.0157402
0.505419 -0.189153 -0.045312
0.505419 -0.194124 -0.045312
0.505419 -0.199095 -0.045312
0.50542 -0.204067 -0.045312
0.50542 -0.214009 -0.045312
0.505421 -0.218981 -0.045312
0.505421 -0.223952 -0.045312
0.50541 -0.0549263 -0.0403834
0.50541 -0.0598977 -0.0403834
0.505411 -0.0698403 -0.0403834
0.505411 -0.0748117 -0.0403834
0.429195 -0.0499601 -0.0108116
0.505412 -0.0897257 -0.0403834
0.505412 -0.094697 -0.0403834
0.505413 -0.0996684 -0.0403834
0.505413 -0.10464 -0.0403834
0.505414 -0.114582 -0.0403834
0.419668 -0.0499607 -0.0108116
0.505415 -0.129496 -0.0403834
0.505415 -0.134468 -0.0403834
0.505416 -0.14441 -0.0403834
0.505416 -0.149382 -0.0403834
0.505417 -0.159324 -0.0403834
0.505417 -0.164296 -0.0403834
0.505418 -0.174239 -0.0403834
0.443485 -0.0499591 -0.0108116
0.505419 -0.189153 -0.0403834
0.50542 -0.209038 -0.0403834
0.50542 -0.214009 -0.0403834
0.505421 -0.218981 -0.0403834
0.505421 -0.223952 -0.0403834
0.50541 -0.0598977 -0.0354548
0.505411 -0.0748117 -0.0354548
0.505411 -0.079783 -0.0354548
0.505412 -0.0897257 -0.0354548
0.491119 -0.0499559 0.0138316
0.505414 -0.119554 -0.0354548
0.505415 -0.134468 -0.0354548
0.505416 -0.149382 -0.0354548
0.505417 -0.164296 -0.0354548
0.505417 -0.169267 -0.0354548
0.505418 -0.17921 -0.0354548
0.505418 -0.184181 -0.0354548
0.50542 -0.204067 -0.0354548
0.50542 -0.209038 -0.0354548
0.505421 -0.218981 -0.0354548
0.505421 -0.223952 -0.0354548
0.505409 -0.049955 -0.0305261
0.505411 -0.0698403 -0.0305261
0.505411 -0.0748117 -0.0305261
0.505412 -0.0847544 -0.0305261
0.505412 -0.0897257 -0.0305261
0.429195 -0.0499601 0.0286175
0.505412 -0.094697 -0.0305261
0.472066 -0.0499572 0.00397434
0.505413 -0.0996684 -0.0305261
0.505413 -0.10464 -0.0305261
0.505414 -0.114582 -0.0305261
0.491119 -0.0499559 0.0187603
0.505414 -0.119554 -0.0305261
0.505415 -0.134468 -0.0305261
0.505416 -0.14441 -0.0305261
0.505419 -0.194124 -0.0403834
0.505416 -0.149382 -0.0305261
0.505416 -0.154353 -0.0305261
0.505417 -0.159324 -0.0305261
0.462539 -0.0499578 -0.0354548
0.505417 -0.164296 -0.0305261
0.505418 -0.174239 -0.0305261
0.457775 -0.0499581 -0.0403834
0.505418 -0.17921 -0.0305261
0.505418 -0.184181 -0.0305261
0.505419 -0.199095 -0.0305261
0.50542 -0.204067 -0.0305261
0.50542 -0.209038 -0.0305261
0.50542 -0.214009 -0.0305261
0.505421 -0.218981 -0.0305261
0.50541 -0.0549263 -0.0255975
0.50541 -0.0598977 -0.0255975
0.50541 -0.064869 -0.0255975
0.505411 -0.0698403 -0.0255975
0.505411 -0.0748117 -0.0255975
0.505411 -0.079783 -0.0255975
0.505412 -0.0847544 -0.0255975
0.505413 -0.109611 -0.0255975
0.505414 -0.119554 -0.0255975
0.505415 -0.129496 -0.0255975
0.505415 -0.134468 -0.0255975
0.505417 -0.164296 -0.0255975
0.505418 -0.184181 -0.0255975
0.505419 -0.199095 -0.0255975
0.50542 -0.209038 -0.0255975
0.50542 -0.214009 -0.0255975
0.505421 -0.218981 -0.0255975
0.505421 -0.223952 -0.0255975
0.50541 -0.064869 -0.0206689
0.505411 -0.0698403 -0.0206689
0.505411 -0.0748117 -0.0206689
0.505411 -0.079783 -0.0206689
0.505412 -0.0847544 -0.0206689
0.505412 -0.0897257 -0.0206689
0.505413 -0.109611 -0.0206689
0.505414 -0.114582 -0.0206689
0.491119 -0.0499559 -0.000954299
0.505414 -0.119554 -0.0206689
0.505414 -0.124525 -0.0206689
0.505415 -0.134468 -0.0206689
0.505416 -0.14441 -0.0206689
0.505419 -0.194124 -0.0255975
0.505416 -0.149382 -0.0206689
0.505417 -0.159324 -0.0206689
0.505417 -0.169267 -0.0206689
0.457775 -0.0499581 -0.0255975
0.505418 -0.17921 -0.0206689
0.50542 -0.209038 -0.0206689
0.505421 -0.218981 -0.0206689
0.505421 -0.223952 -0.0206689
0.50541 -0.0549263 -0.0157402
0.50541 -0.0598977 -0.0157402
0.50541 -0.064869 -0.0157402
0.505411 -0.0698403 -0.0157402
0.505411 -0.0748117 -0.0157402
0.505412 -0.0897257 -0.0157402
0.505413 -0.0996684 -0.0157402
0.505413 -0.10464 -0.0157402
0.505413 -0.109611 -0.0157402
0.491119 -0.0499559 0.00397434
0.505414 -0.119554 -0.0157402
0.505414 -0.124525 -0.0157402
0.505415 -0.134468 -0.0157402
0.505416 -0.14441 -0.0157402
0.505419 -0.194124 -0.0206689
0.505416 -0.149382 -0.0157402
0.505417 -0.159324 -0.0157402
0.505417 -0.164296 -0.0157402
0.505417 -0.169267 -0.0157402
0.505418 -0.174239 -0.0157402
0.505418 -0.17921 -0.0157402
0.505418 -0.184181 -0.0157402
0.50542 -0.209038 -0.0157402
0.50542 -0.214009 -0.0157402
0.505421 -0.218981 -0.0157402
0.505421 -0.223952 -0.0157402
0.50541 -0.0549263 -0.0108116
0.50541 -0.064869 -0.0108116
0.505411 -0.0698403 -0.0108116
0.505412 -0.0897257 -0.0108116
0.505413 -0.10464 -0.0108116
0.505413 -0.109611 -0.0108116
0.505414 -0.119554 -0.0108116
0.505415 -0.129496 -0.0108116
0.505415 -0.134468 -0.0108116
0.505417 -0.159324 -0.0108116
0.505417 -0.164296 -0.0108116
0.505418 -0.174239 -0.0108116
0.457775 -0.0499581 -0.0354548
0.505418 -0.17921 -0.0108116
0.505418 -0.184181 -0.0108116
0.505419 -0.189153 -0.0108116
0.505419 -0.194124 -0.0108116
0.505419 -0.199095 -0.0108116
0.50542 -0.204067 -0.0108116
0.50542 -0.214009 -0.0108116
0.505411 -0.0698403 -0.00588294
0.505412 -0.0847544 -0.00588294
0.505412 -0.0897257 -0.00588294
0.472066 -0.0499572 0.0286175
0.505413 -0.0996684 -0.00588294
0.505413 -0.10464 -0.00588294
0.505414 -0.119554 -0.00588294
0.505415 -0.134468 -0.00588294
0.505416 -0.149382 -0.00588294
0.505417 -0.159324 -0.00588294
0.505417 -0.164296 -0.00588294
0.505418 -0.184181 -0.00588294
0.486356 -0.0499562 -0.0354548
0.505419 -0.194124 -0.00588294
0.505419 -0.199095 -0.00588294
0.50542 -0.204067 -0.00588294
0.50542 -0.209038 -0.00588294
0.50542 -0.214009 -0.00588294
0.505421 -0.218981 -0.00588294
0.505409 -0.049955 -0.000954299
0.50541 -0.0549263 -0.000954299
0.50541 -0.0598977 -0.000954299
0.50541 -0.064869 -0.000954299
0.505411 -0.0698403 -0.000954299
0.505411 -0.0748117 -0.000954299
0.505411 -0.079783 -0.000954299
0.505412 -0.0847544 -0.000954299
0.505412 -0.0897257 -0.000954299
0.429195 -0.0499601 0.0187603
0.505412 -0.094697 -0.000954299
0.472066 -0.0499572 0.0236889
0.505413 -0.0996684 -0.000954299
0.505413 -0.10464 -0.000954299
0.505413 -0.109611 -0.000954299
0.505414 -0.114582 -0.000954299
0.505415 -0.129496 -0.000954299
0.505415 -0.134468 -0.000954299
0.505416 -0.14441 -0.000954299
0.505416 -0.154353 -0.000954299
0.505417 -0.164296 -0.000954299
0.505418 -0.174239 -0.000954299
0.457775 -0.0499581 -0.0206689
0.505418 -0.17921 -0.000954299
0.505418 -0.184181 -0.000954299
0.50542 -0.204067 -0.000954299
0.50542 -0.209038 -0.000954299
0.50542 -0.214009 -0.000954299
0.505409 -0.049955 0.00397434
0.50541 -0.0549263 0.00397434
0.50541 -0.0598977 0.00397434
0.50541 -0.064869 0.00397434
0.505411 -0.0748117 0.00397434
0.505411 -0.079783 0.00397434
0.505412 -0.0847544 0.00397434
0.505412 -0.0897257 0.00397434
0.505413 -0.10464 0.00397434
0.505414 -0.119554 0.00397434
0.505415 -0.134468 0.00397434
0.505415 -0.139439 0.00397434
0.505416 -0.14441 0.00397434
0.505417 -0.159324 0.00397434
0.505417 -0.164296 0.00397434
0.505417 -0.169267 0.00397434
0.505418 -0.174239 0.00397434
0.505418 -0.184181 0.00397434
0.505419 -0.199095 0.00397434
0.50542 -0.204067 0.00397434
0.50542 -0.209038 0.00397434
0.505421 -0.218981 0.00397434
0.505421 -0.223952 0.00397434
0.505409 -0.049955 0.00890298
0.505421 -0.218981 -0.0108116
0.50541 -0.0598977 0.00890298
0.50541 -0.064869 0.00890298
0.505421 -0.223952 -0.00588294
0.505411 -0.0698403 0.00890298
0.505411 -0.0748117 0.00890298
0.505419 -0.189153 -0.00588294
0.505411 -0.079783 0.00890298
0.505412 -0.0847544 0.00890298
0.505413 -0.10464 0.00890298
0.505419 -0.194124 -0.000954299
0.505414 -0.114582 0.00890298
0.491119 -0.0499559 0.0286175
0.505414 -0.119554 0.00890298
0.505414 -0.124525 0.00890298
0.505415 -0.134468 0.00890298
0.505415 -0.139439 0.00890298
0.505416 -0.14441 0.00890298
0.505416 -0.149382 0.00890298
0.505416 -0.154353 0.00890298
0.505417 -0.159324 0.00890298
0.505417 -0.164296 0.00890298
0.505417 -0.169267 0.00890298
0.505418 -0.174239 0.00890298
0.505418 -0.184181 0.00890298
0.505419 -0.189153 0.00890298
0.50542 -0.204067 0.00890298
0.50542 -0.209038 0.00890298
0.50541 -0.0598977 -0.0108116
0.505421 -0.218981 0.00890298
0.505421 -0.223952 0.00890298
0.505409 -0.049955 0.0138316
0.50541 -0.0549263 0.0138316
0.50541 -0.064869 0.0138316
0.505411 -0.0698403 0.0138316
0.505411 -0.079783 0.0138316
0.505412 -0.0847544 0.0138316
0.505412 -0.0897257 0.0138316
0.429195 -0.0499601 0.0335462
0.505412 -0.094697 0.0138316
0.491119 -0.0499559 -0.0354548
0.505414 -0.119554 0.0138316
0.505415 -0.129496 0.0138316
0.505415 -0.134468 0.0138316
0.505415 -0.139439 0.0138316
0.505416 -0.149382 0.0138316
0.505416 -0.154353 0.0138316
0.505417 -0.164296 0.0138316
0.505417 -0.169267 0.0138316
0.505418 -0.174239 0.0138316
0.505418 -0.17921 0.0138316
0.505419 -0.194124 0.0138316
0.505419 -0.199095 0.0138316
0.50542 -0.204067 0.0138316
0.50542 -0.214009 0.0138316
0.50541 -0.0549263 0.0187603
0.50541 -0.0598977 0.0187603
0.505421 -0.223952 -0.000954299
0.505411 -0.0698403 0.0187603
0.505411 -0.0748117 0.0187603
0.505411 -0.079783 0.0187603
0.505412 -0.0847544 0.0187603
0.505413 -0.0996684 0.0187603
0.505413 -0.10464 0.0187603
0.505414 -0.114582 0.0187603
0.505414 -0.124525 0.0187603
0.505415 -0.129496 0.0187603
0.505415 -0.134468 0.0187603
0.505416 -0.14441 0.0187603
0.505416 -0.149382 0.0187603
0.505417 -0.159324 0.0187603
0.505417 -0.164296 0.0187603
0.505417 -0.169267 0.0187603
0.505418 -0.174239 0.0187603
0.505418 -0.17921 0.0187603
0.505418 -0.184181 0.0187603
0.505411 -0.079783 -0.0157402
0.505419 -0.189153 0.0187603
0.505419 -0.194124 0.0187603
0.505419 -0.199095 0.0187603
0.50542 -0.204067 0.0187603
0.50542 -0.209038 0.0187603
0.50541 -0.0549263 0.0236889
0.505411 -0.0748117 0.0236889
0.505419 -0.189153 0.00397434
0.505411 -0.079783 0.0236889
0.505412 -0.0847544 0.0236889
0.505412 -0.0897257 0.0236889
0.505413 -0.0996684 0.0236889
0.505413 -0.10464 0.0236889
0.505413 -0.109611 0.0236889
0.505414 -0.114582 0.0236889
0.505414 -0.124525 0.0236889
0.505415 -0.129496 0.0236889
0.505415 -0.134468 0.0236889
0.505415 -0.139439 0.0236889
0.505416 -0.149382 0.0236889
0.505416 -0.154353 0.0236889
0.505417 -0.159324 0.0236889
0.505417 -0.164296 0.0236889
0.505419 -0.189153 0.0236889
0.505419 -0.194124 0.0236889
0.505419 -0.199095 0.0236889
0.50542 -0.204067 0.0236889
0.50542 -0.209038 0.0236889
0.50542 -0.214009 0.0236889
0.505421 -0.218981 0.0236889
0.505409 -0.049955 0.0286175
0.50541 -0.0598977 0.0286175
0.505421 -0.223952 0.0138316
0.505411 -0.0698403 0.0286175
0.505411 -0.0748117 0.0286175
0.505419 -0.189153 0.0138316
0.505411 -0.079783 0.0286175
0.505412 -0.0847544 0.0286175
0.505413 -0.0996684 0.0286175
0.505413 -0.10464 0.0286175
0.505413 -0.109611 0.0286175
0.486356 -0.0499562 -0.0206689
0.505414 -0.114582 0.0286175
0.505415 -0.129496 0.0286175
0.505415 -0.134468 0.0286175
0.505416 -0.14441 0.0286175
0.505416 -0.149382 0.0286175
0.505417 -0.159324 0.0286175
0.505417 -0.164296 0.0286175
0.505418 -0.174239 0.0286175
0.505418 -0.184181 0.0286175
0.505419 -0.189153 0.0286175
0.505419 -0.194124 0.0286175
0.50542 -0.204067 0.0286175
0.50542 -0.209038 0.0286175
0.505421 -0.218981 0.0286175
0.505411 -0.0698403 0.0236889
0.505421 -0.223952 0.0286175
0.505409 -0.049955 0.0335462
0.505421 -0.218981 0.0138316
0.50541 -0.0598977 0.0335462
0.505421 -0.223952 0.0187603
0.505411 -0.0698403 0.0335462
0.505411 -0.079783 0.0335462
0.505412 -0.0847544 0.0335462
0.505413 -0.0996684 0.0335462
0.486356 -0.0499562 -0.0157402
0.505414 -0.114582 0.0335462
0.505414 -0.124525 0.0335462
0.505415 -0.129496 0.0335462
0.505415 -0.139439 0.0335462
0.505416 -0.14441 0.0335462
0.505416 -0.149382 0.0335462
0.505416 -0.154353 0.0335462
0.505417 -0.164296 0.0335462
0.505417 -0.169267 0.0335462
0.505419 -0.189153 0.0335462
0.505419 -0.194124 0.0335462
0.50542 -0.204067 0.0335462
0.443485 -0.0499591 0.0187603
0.500658 -0.228924 -0.045312
0.495894 -0.228924 -0.045312
0.491131 -0.228924 -0.045312
0.414905 -0.049961 0.0236889
0.481604 -0.228925 -0.045312
0.476841 -0.228925 -0.045312
0.505416 -0.154353 -0.0354548
0.472077 -0.228925 -0.045312
0.462551 -0.228926 -0.045312
0.457787 -0.228926 -0.045312
0.505413 -0.109611 -0.0354548
0.453024 -0.228927 -0.045312
0.44826 -0.228927 -0.045312
0.443497 -0.228927 -0.045312
0.438734 -0.228928 -0.045312
0.43397 -0.228928 -0.045312
0.429207 -0.228928 -0.045312
0.424443 -0.228929 -0.045312
0.414917 -0.228929 -0.045312
0.410153 -0.22893 -0.045312
0.505421 -0.228923 -0.0403834
0.495894 -0.228924 -0.0403834
0.491131 -0.228924 -0.0403834
0.486368 -0.228925 -0.0403834
0.505416 -0.154353 -0.0255975
0.472077 -0.228925 -0.0403834
0.462551 -0.228926 -0.0403834
0.457787 -0.228926 -0.0403834
0.44826 -0.228927 -0.0403834
0.443497 -0.228927 -0.0403834
0.438734 -0.228928 -0.0403834
0.43397 -0.228928 -0.0403834
0.429207 -0.228928 -0.0403834
0.505414 -0.119554 -0.045312
0.424443 -0.228929 -0.0403834
0.41968 -0.228929 -0.0403834
0.505421 -0.228923 -0.0354548
0.505419 -0.189153 -0.0255975
0.500658 -0.228924 -0.0354548
0.495894 -0.228924 -0.0354548
0.491131 -0.228924 -0.0354548
0.476841 -0.228925 -0.0354548
0.505416 -0.154353 -0.0206689
0.472077 -0.228925 -0.0354548
0.462551 -0.228926 -0.0354548
0.457787 -0.228926 -0.0354548
0.453024 -0.228927 -0.0354548
0.44826 -0.228927 -0.0354548
0.443497 -0.228927 -0.0354548
0.438734 -0.228928 -0.0354548
0.429207 -0.228928 -0.0354548
0.41968 -0.228929 -0.0354548
0.414917 -0.228929 -0.0354548
0.410153 -0.22893 -0.0354548
0.443485 -0.0499591 0.00890298
0.505419 -0.189153 -0.0206689
0.500658 -0.228924 -0.0305261
0.486368 -0.228925 -0.0305261
0.481604 -0.228925 -0.0305261
0.462551 -0.228926 -0.0305261
0.505413 -0.109611 0.0335462
0.453024 -0.228927 -0.0305261
0.44826 -0.228927 -0.0305261
0.443497 -0.228927 -0.0305261
0.438734 -0.228928 -0.0305261
0.429207 -0.228928 -0.0305261
0.424443 -0.228929 -0.0305261
0.414917 -0.228929 -0.0305261
0.505421 -0.228923 -0.0255975
0.500658 -0.228924 -0.0255975
0.491131 -0.228924 -0.0255975
0.419668 -0.0499607 0.00397434
0.476841 -0.228925 -0.0255975
0.472077 -0.228925 -0.0255975
0.505414 -0.124525 -0.0305261
0.467314 -0.228926 -0.0255975
0.462551 -0.228926 -0.0255975
0.453024 -0.228927 -0.0255975
0.44826 -0.228927 -0.0255975
0.438734 -0.228928 -0.0255975
0.43397 -0.228928 -0.0255975
0.429207 -0.228928 -0.0255975
0.424443 -0.228929 -0.0255975
0.414917 -0.228929 -0.0255975
0.410153 -0.22893 -0.0255975
0.505421 -0.228923 -0.0206689
0.500658 -0.228924 -0.0206689
0.505412 -0.094697 0.0335462
0.495894 -0.228924 -0.0206689
0.486368 -0.228925 -0.0206689
0.481604 -0.228925 -0.0206689
0.476841 -0.228925 -0.0206689
0.505416 -0.154353 -0.0108116
0.472077 -0.228925 -0.0206689
0.462551 -0.228926 -0.0206689
0.453024 -0.228927 -0.0206689
0.44826 -0.228927 -0.0206689
0.443497 -0.228927 -0.0206689
0.438734 -0.228928 -0.0206689
0.43397 -0.228928 -0.0206689
0.429207 -0.228928 -0.0206689
0.424443 -0.228929 -0.0206689
0.410153 -0.22893 -0.0206689
0.491131 -0.228924 -0.0157402
0.505416 -0.154353 -0.00588294
0.472077 -0.228925 -0.0157402
0.462551 -0.228926 -0.0157402
0.453024 -0.228927 -0.0157402
0.44826 -0.228927 -0.0157402
0.424443 -0.228929 -0.0157402
0.414917 -0.228929 -0.0157402
0.410153 -0.22893 -0.0157402
0.453012 -0.0499585 0.0236889
0.505421 -0.228923 -0.0108116
0.505412 -0.094697 0.0236889
0.495894 -0.228924 -0.0108116
0.491131 -0.228924 -0.0108116
0.486368 -0.228925 -0.0108116
0.481604 -0.228925 -0.0108116
0.476841 -0.228925 -0.0108116
0.505416 -0.154353 0.00397434
0.472077 -0.228925 -0.0108116
0.457787 -0.228926 -0.0108116
0.443497 -0.228927 -0.0108116
0.429207 -0.228928 -0.0108116
0.424443 -0.228929 -0.0108116
0.41968 -0.228929 -0.0108116
0.414917 -0.228929 -0.0108116
0.505409 -0.049955 0.0187603
0.410153 -0.22893 -0.0108116
0.505421 -0.228923 -0.00588294
0.505412 -0.094697 0.0187603
0.495894 -0.228924 -0.00588294
0.491131 -0.228924 -0.00588294
0.486368 -0.228925 -0.00588294
0.481604 -0.228925 -0.00588294
0.476841 -0.228925 -0.00588294
0.472077 -0.228925 -0.00588294
0.505412 -0.0897257 0.0335462
0.467314 -0.228926 -0.00588294
0.457787 -0.228926 -0.00588294
0.505413 -0.109611 0.00890298
0.453024 -0.228927 -0.00588294
0.443497 -0.228927 -0.00588294
0.438734 -0.228928 -0.00588294
0.43397 -0.228928 -0.00588294
0.424443 -0.228929 -0.00588294
0.41968 -0.228929 -0.00588294
0.414917 -0.228929 -0.00588294
0.505409 -0.049955 0.0236889
0.410153 -0.22893 -0.00588294
0.453012 -0.0499585 0.0286175
0.505421 -0.228923 -0.000954299
0.495894 -0.228924 -0.000954299
0.491131 -0.228924 -0.000954299
0.481604 -0.228925 -0.000954299
0.419668 -0.0499607 0.0286175
0.476841 -0.228925 -0.000954299
0.467314 -0.228926 -0.000954299
0.44826 -0.228927 -0.000954299
0.443497 -0.228927 -0.000954299
0.438734 -0.228928 -0.000954299
0.43397 -0.228928 -0.000954299
0.429207 -0.228928 -0.000954299
0.414917 -0.228929 -0.000954299
0.443485 -0.0499591 -0.0305261
0.500658 -0.228924 0.00397434
0.491131 -0.228924 0.00397434
0.491119 -0.0499559 -0.0403834
0.486368 -0.228925 0.00397434
0.481604 -0.228925 0.00397434
0.476841 -0.228925 0.00397434
0.472077 -0.228925 0.00397434
0.467314 -0.228926 0.00397434
0.505417 -0.169267 -0.00588294
0.462551 -0.228926 0.00397434
0.505413 -0.109611 0.0138316
0.453024 -0.228927 0.00397434
0.44826 -0.228927 0.00397434
0.443497 -0.228927 0.00397434
0.429207 -0.228928 0.00397434
0.486368 -0.228925 -0.0157402
0.424443 -0.228929 0.00397434
0.505418 -0.17921 0.00890298
0.410153 -0.22893 0.00397434
0.505412 -0.094697 0.00397434
0.495894 -0.228924 0.00890298
0.481604 -0.228925 0.00890298
0.476841 -0.228925 0.00890298
0.472077 -0.228925 0.00890298
0.505412 -0.0897257 0.0187603
0.467314 -0.228926 0.00890298
0.462551 -0.228926 0.00890298
0.457787 -0.228926 0.00890298
0.44826 -0.228927 0.00890298
0.443497 -0.228927 0.00890298
0.43397 -0.228928 0.00890298
0.429207 -0.228928 0.00890298
0.424443 -0.228929 0.00890298
0.505418 -0.17921 0.0286175
0.410153 -0.22893 0.00890298
0.505421 -0.228923 0.0138316
0.491131 -0.228924 0.0138316
0.438733 -0.214014 -0.0502407
0.438732 -0.1991 -0.0502407
0.457776 -0.0549295 0.0384748
0.505412 -0.094697 -0.0502407
0.438724 -0.0897302 -0.0502407
0.405382 -0.109618 0.0236889
0.405389 -0.223959 0.00397434
0.438724 -0.0847588 -0.0502407
0.405387 -0.194131 -0.000954299
0.419668 -0.054932 0.0384748
0.405384 -0.139446 -0.0354548
0.424432 -0.0499604 -0.0108116
0.438723 -0.0648734 -0.0502407
0.467302 -0.0499575 0.00890298
0.491123 -0.109612 0.0384748
0.405386 -0.164303 0.00890298
0.438734 -0.228928 0.0335462
0.438722 -0.0549308 -0.0502407
0.405385 -0.15436 -0.000954299
0.405387 -0.189159 -0.0108116
0.43397 -0.228928 -0.0502407
0.44826 -0.228927 0.0187603
0.50541 -0.0598977 0.0236889
0.433967 -0.184186 -0.0502407
0.405385 -0.15436 0.0187603
0.495892 -0.189153 -0.0502407
0.433962 -0.104644 -0.0502407
0.410143 -0.0698467 0.0384748
0.500656 -0.204067 0.0384748
0.505421 -0.223952 0.0335462
0.433961 -0.0947018 -0.0502407
0.405384 -0.134474 -0.0502407
0.433961 -0.0847591 -0.0502407
0.500655 -0.189153 0.0384748
0.50542 -0.214009 0.0286175
0.43396 -0.0797878 -0.0502407
0.410152 -0.214016 -0.0502407
0.433958 -0.0499597 -0.0502407
0.43397 -0.228928 0.0384748
0.429207 -0.228928 -0.0502407
0.429206 -0.218986 -0.0502407
0.405378 -0.0499616 0.00397434
0.405389 -0.223959 -0.0108116
0.405382 -0.109618 -0.0157402
0.429204 -0.189158 -0.0502407
0.505411 -0.079783 -0.0403834
0.405385 -0.149388 0.0384748
0.505414 -0.124525 0.00397434
0.467314 -0.228926 -0.0403834
0.405378 -0.054933 -0.0157402
0.438722 -0.0499594 -0.00588294
0.414909 -0.114588 0.0384748
0.433968 -0.1991 -0.0502407
0.453018 -0.139443 0.0384748
0.50541 -0.0549263 0.00890298
0.429202 -0.154358 -0.0502407
0.481598 -0.129498 0.0384748
0.405387 -0.194131 -0.0157402
0.429198 -0.0996735 -0.0502407
0.429201 -0.134473 -0.0502407
0.429197 -0.0847594 -0.0502407
0.419668 -0.0499607 -0.00588294
0.486368 -0.228925 -0.0354548
0.495889 -0.154354 0.0384748
0.419668 -0.0499607 -0.0157402
0.486368 -0.228925 -0.045312
0.429196 -0.0648741 -0.0502407
0.405383 -0.11956 -0.000954299
0.424443 -0.228929 -0.0502407
0.505412 -0.0897257 0.00890298
0.424443 -0.223957 -0.0502407
0.424443 -0.218986 -0.0502407
0.405388 -0.199102 0.0138316
0.424441 -0.199101 -0.0502407
0.433959 -0.0648738 -0.0502407
0.42444 -0.179215 -0.0502407
0.50542 -0.209038 0.0138316
0.443488 -0.0897298 0.0384748
0.433965 -0.154358 -0.0502407
0.481592 -0.0499566 -0.045312
0.42444 -0.174244 -0.0502407
0.419676 -0.164302 -0.0502407
0.424439 -0.15933 -0.0502407
0.443485 -0.0499591 -0.000954299
0.405385 -0.149388 -0.0502407
0.433958 -0.0499597 -0.045312
0.405382 -0.114589 -0.00588294
0.429204 -0.179215 -0.0502407
0.424438 -0.144416 -0.0502407
0.429205 -0.194129 -0.0502407
0.424436 -0.124531 -0.0502407
0.448253 -0.124529 -0.0502407
0.405385 -0.159331 0.00397434
0.438731 -0.184186 -0.0502407
0.50541 -0.064869 0.0286175
0.453021 -0.179213 -0.0502407
0.424436 -0.119559 -0.0502407
0.429206 -0.209043 -0.0502407
0.424436 -0.114588 -0.0502407
0.41968 -0.228929 0.00890298
0.414913 -0.179216 -0.0502407
0.410145 -0.104646 0.0384748
0.505412 -0.0847544 -0.0354548
0.424434 -0.0897311 -0.0502407
0.505411 -0.0698403 -0.0354548
0.505421 -0.223952 0.0384748
0.41968 -0.223958 -0.0502407
0.405389 -0.218987 -0.000954299
0.405386 -0.164303 -0.0157402
0.457784 -0.174242 -0.0502407
0.419677 -0.189158 -0.0502407
0.505413 -0.10464 -0.0206689
0.419677 -0.184187 -0.0502407
0.41968 -0.228929 -0.0502407
0.505419 -0.199095 0.00890298
0.481596 -0.09967 -0.0502407
0.419674 -0.134474 -0.0502407
0.505413 -0.10464 -0.0354548
0.410144 -0.0847607 -0.0502407
0.42444 -0.184187 -0.0502407
0.472066 -0.0499572 0.00890298
0.505413 -0.0996684 -0.0354548
0.410144 -0.0897321 -0.0502407
0.505416 -0.149382 -0.000954299
0.40538 -0.0797897 -0.0206689
0.47207 -0.114585 -0.0502407
0.433964 -0.134473 -0.0502407
0.419668 -0.054932 -0.0502407
0.505413 -0.10464 -0.0255975
0.419668 -0.0499607 -0.0502407
0.453012 -0.0499585 -0.0502407
0.505418 -0.184181 0.0335462
0.414915 -0.209044 -0.0502407
0.405381 -0.0897324 0.00397434
0.40538 -0.0748184 0.0335462
0.414914 -0.189159 -0.0502407
0.443495 -0.199099 -0.0502407
0.405385 -0.15436 0.0384748
0.44826 -0.228927 -0.0502407
0.414912 -0.159331 -0.0502407
0.448259 -0.20407 -0.0502407
0.414912 -0.154359 -0.0502407
0.414909 -0.114588 -0.0502407
0.414908 -0.104646 -0.0502407
0.50065 -0.109611 -0.0502407
0.410143 -0.074818 -0.0502407
0.414906 -0.0748177 -0.0502407
0.462546 -0.154356 -0.0502407
0.500656 -0.194124 0.0384748
0.505409 -0.049955 -0.0108116
0.405383 -0.129503 0.0335462
0.410151 -0.199102 -0.0502407
0.405379 -0.0648757 -0.00588294
0.410151 -0.189159 -0.0502407
0.410149 -0.169274 -0.0502407
0.505419 -0.199095 0.0286175
0.453021 -0.184185 -0.0502407
0.505414 -0.114582 -0.0255975
0.476837 -0.164298 -0.0502407
0.481602 -0.194125 -0.0502407
0.410148 -0.15436 -0.0502407
0.424432 -0.0499604 -0.045312
0.467308 -0.144413 -0.0502407
0.410144 -0.0947034 -0.0502407
0.405385 -0.149388 -0.0305261
0.500658 -0.228924 -0.0502407
0.443485 -0.0499591 0.0236889
0.505419 -0.189153 -0.0305261
0.50541 -0.064869 0.0335462
0.410143 -0.0797894 -0.0502407
0.405385 -0.159331 -0.0255975
0.410143 -0.0698467 -0.0502407
0.410141 -0.0499613 -0.0502407
0.40539 -0.22893 -0.0502407
0.424437 -0.134473 -0.0502407
0.410148 -0.149388 0.0384748
0.405389 -0.214016 -0.0502407
0.505421 -0.223952 -0.0502407
0.438725 -0.0947015 -0.0502407
0.50542 -0.209038 -0.045312
0.491127 -0.169268 0.0384748
0.405389 -0.209045 -0.0502407
0.457787 -0.228926 -0.0255975
0.405387 -0.189159 -0.0502407
0.410152 -0.209044 -0.0502407
0.405387 -0.184188 -0.0502407
0.405387 -0.179217 -0.0502407
0.405386 -0.174245 -0.0502407
0.405386 -0.169274 -0.0502407
0.405381 -0.0996751 0.0335462
0.405385 -0.159331 -0.0502407
0.443491 -0.134472 -0.0502407
0.505418 -0.184181 -0.0206689
0.433959 -0.0549311 0.0384748
0.405385 -0.15436 -0.0502407
0.419668 -0.0499607 -0.0206689
0.486368 -0.228925 -0.0255975
0.505415 -0.129496 -0.0502407
0.414917 -0.228929 -0.0403834
0.405383 -0.11956 -0.0502407
0.505414 -0.114582 -0.0108116
0.46255 -0.218983 -0.0502407
0.405382 -0.114589 -0.0502407
0.405387 -0.194131 -0.0305261
0.438727 -0.12453 -0.0502407
0.405382 -0.109618 -0.0502407
0.443493 -0.1643 -0.0502407
0.505418 -0.174239 -0.045312
0.405381 -0.0996751 -0.0502407
0.40538 -0.0797897 -0.0502407
0.40538 -0.0748184 -0.0502407
0.424435 -0.0996738 -0.0502407
0.467302 -0.0499575 -0.0108116
0.405379 -0.069847 -0.0502407
0.405379 -0.0599043 -0.0502407
0.481594 -0.0698419 0.0384748
0.481594 -0.0748133 0.0384748
0.50542 -0.214009 0.0384748
0.405389 -0.209045 0.0286175
0.505411 -0.079783 -0.0108116
0.505419 -0.189153 0.0384748
0.410153 -0.22893 -0.000954299
0.505418 -0.17921 0.0384748
0.438722 -0.0499594 0.0187603
0.41015 -0.179216 -0.0502407
0.505417 -0.169267 0.0384748
0.414905 -0.0549323 -0.0502407
0.505417 -0.164296 0.0384748
0.41491 -0.134474 0.0384748
0.40538 -0.0748184 0.0236889
0.41015 -0.184188 -0.0502407
0.505416 -0.154353 0.0384748
0.505416 -0.14441 0.0384748
0.505415 -0.129496 0.0384748
0.505417 -0.159324 0.0384748
0.453024 -0.228927 -0.0108116
0.505413 -0.109611 0.0384748
0.495894 -0.228924 -0.0255975
0.505412 -0.094697 0.0384748
0.429203 -0.164301 -0.0502407
0.424438 -0.154359 -0.0502407
0.495887 -0.119554 -0.0502407
0.438723 -0.0748161 0.0384748
0.438729 -0.1643 -0.0502407
0.505412 -0.0897257 0.0384748
0.405385 -0.159331 -0.0354548
0.429195 -0.0499601 0.00890298
0.505412 -0.094697 -0.0108116
0.495894 -0.228924 0.0236889
0.414916 -0.223958 -0.0502407
0.505411 -0.0748117 0.0384748
0.40538 -0.084761 -0.0108116
0.505421 -0.218981 0.0187603
0.50541 -0.0598977 0.0384748
0.438732 -0.204071 -0.0502407
0.405378 -0.054933 -0.0502407
0.467314 -0.228926 0.0187603
0.491119 -0.0499559 -0.0157402
0.505414 -0.119554 0.0384748
0.438722 -0.0599021 0.0384748
0.443497 -0.228927 -0.0255975
0.505409 -0.049955 0.0384748
0.453012 -0.0499585 -0.0305261
0.433962 -0.109616 -0.0502407
0.500655 -0.17921 0.0384748
0.405383 -0.124532 -0.0157402
0.500654 -0.169267 0.0384748
0.462544 -0.124528 0.0384748
0.453024 -0.228927 -0.0403834
0.500654 -0.164296 0.0384748
0.424443 -0.228929 0.0286175
0.467302 -0.0499575 -0.000954299
0.405379 -0.069847 0.0138316
0.500652 -0.144411 0.0384748
0.500652 -0.139439 0.0384748
0.481597 -0.124527 -0.0502407
0.405385 -0.159331 -0.045312
0.500652 -0.134468 0.0384748
0.500651 -0.124525 0.0384748
0.500651 -0.119554 0.0384748
0.500649 -0.089726 0.0384748
0.41015 -0.179216 0.0384748
0.419676 -0.174244 -0.0502407
0.443488 -0.0996725 0.0384748
0.405387 -0.179217 0.0286175
0.500648 -0.0797833 0.0384748
0.500648 -0.074812 0.0384748
0.505414 -0.124525 0.0138316
0.486364 -0.169268 0.0384748
0.457781 -0.1295 -0.0502407
0.472066 -0.0499572 -0.00588294
0.505413 -0.0996684 -0.0206689
0.500647 -0.0698407 0.0384748
0.457781 -0.134471 -0.0502407
0.500647 -0.059898 0.0384748
0.429207 -0.228928 -0.0157402
0.419673 -0.129502 0.0384748
0.405386 -0.169274 0.0236889
0.495893 -0.21401 0.0384748
0.4292 -0.12453 -0.0502407
0.50542 -0.209038 0.0384748
0.43396 -0.0797878 0.0384748
0.429204 -0.184186 -0.0502407
0.424437 -0.139445 -0.0502407
0.476838 -0.189154 0.0384748
0.448256 -0.169271 0.0384748
0.448251 -0.0847582 -0.0502407
0.505409 -0.049955 -0.0206689
0.405383 -0.129503 0.0138316
0.495893 -0.204067 0.0384748
0.424432 -0.0599031 -0.0502407
0.495892 -0.199096 0.0384748
0.438722 -0.0599021 -0.0502407
0.495892 -0.194125 0.0384748
0.433966 -0.169272 -0.0502407
0.495892 -0.189153 0.0384748
0.405389 -0.218987 -0.0255975
0.429195 -0.0499601 -0.045312
0.49589 -0.164296 0.0384748
0.49589 -0.159325 0.0384748
0.50065 -0.109611 0.0384748
0.419675 -0.154359 -0.0502407
0.453019 -0.149385 0.0384748
0.495889 -0.13944 0.0384748
0.462539 -0.0499578 -0.045312
0.505417 -0.164296 -0.0206689
0.4816 -0.169269 0.0384748
0.405387 -0.194131 -0.0502407
0.495888 -0.129497 0.0384748
0.495887 -0.119554 0.0384748
0.405382 -0.114589 -0.0354548
0.50542 -0.204067 -0.0502407
0.405389 -0.218987 -0.045312
0.495885 -0.084755 0.0384748
0.453014 -0.0847579 0.0384748
0.410148 -0.149388 -0.0502407
0.40539 -0.22893 0.0384748
0.495885 -0.0797837 0.0384748
0.405384 -0.144417 -0.00588294
0.49113 -0.209039 0.0384748
0.462539 -0.0499578 -0.0305261
0.467309 -0.149384 -0.0502407
0.491128 -0.189153 0.0384748
0.491125 -0.13944 0.0384748
0.505415 -0.134468 0.0335462
0.443493 -0.169271 0.0384748
0.486356 -0.0499562 -0.0305261
0.505414 -0.114582 0.0138316
0.491123 -0.114583 0.0384748
0.405381 -0.0897324 0.0286175
0.491123 -0.104641 0.0384748
0.405381 -0.0996751 0.0138316
0.491125 -0.144411 0.0384748
0.505417 -0.159324 -0.000954299
0.476832 -0.0996703 0.0384748
0.457783 -0.16927 0.0384748
0.505421 -0.228923 0.0286175
0.491122 -0.0897267 0.0384748
0.41968 -0.228929 -0.0206689
0.405379 -0.0648757 0.0286175
0.491121 -0.0748126 0.0384748
0.410151 -0.189159 0.0384748
0.49112 -0.0648699 0.0384748
0.505414 -0.119554 -0.000954299
0.491119 -0.0499559 0.0384748
0.486367 -0.223953 0.0384748
0.44826 -0.218984 0.0384748
0.438729 -0.159329 0.0384748
0.486367 -0.214011 0.0384748
0.405388 -0.199102 -0.00588294
0.486366 -0.209039 0.0384748
0.491119 -0.0549273 0.0384748
0.438729 -0.154358 0.0384748
0.419678 -0.19413 -0.0502407
0.500651 -0.129497 -0.0502407
0.472066 -0.0499572 0.0187603
0.505413 -0.0996684 0.00397434
0.486366 -0.199097 0.0384748
0.486365 -0.194125 0.0384748
0.429199 -0.109616 0.0384748
0.448258 -0.189156 0.0384748
0.486365 -0.189154 0.0384748
0.486365 -0.184182 0.0384748
0.44826 -0.228927 0.0384748
0.500657 -0.218981 0.0384748
0.495884 -0.0748123 -0.0502407
0.419669 -0.0698461 -0.0502407
0.486364 -0.179211 0.0384748
0.505419 -0.194124 -0.0502407
0.500658 -0.228924 0.0286175
0.486364 -0.17424 0.0384748
0.505418 -0.184181 0.0138316
0.472067 -0.0748139 -0.0502407
0.438726 -0.119558 -0.0502407
0.486361 -0.124526 0.0384748
0.410146 -0.124531 0.0384748
0.48636 -0.119555 0.0384748
0.405389 -0.214016 -0.045312
0.467304 -0.0847569 0.0384748
0.433969 -0.209043 -0.0502407
0.424441 -0.194129 -0.0502407
0.462539 -0.0499578 0.00397434
0.414905 -0.0599037 0.0384748
0.486359 -0.0946983 0.0384748
0.405382 -0.109618 0.0286175
0.491121 -0.079784 0.0384748
0.47684 -0.214011 -0.0502407
0.500647 -0.0648693 -0.0502407
0.486358 -0.0847556 0.0384748
0.486358 -0.0797843 0.0384748
0.486359 -0.104641 -0.0502407
0.486357 -0.0748129 0.0384748
0.486357 -0.0698416 0.0384748
0.486357 -0.0648703 0.0384748
0.486356 -0.0598989 0.0384748
0.419672 -0.109617 -0.0502407
0.410146 -0.114589 -0.0502407
0.505414 -0.114582 -0.0157402
0.486356 -0.0549276 0.0384748
0.486366 -0.204068 0.0384748
0.481604 -0.218982 0.0384748
0.433962 -0.0996732 0.0384748
0.405387 -0.179217 -0.0206689
0.50542 -0.214009 0.0187603
0.41015 -0.174245 -0.0502407
0.429197 -0.0797881 -0.0502407
0.481603 -0.209039 0.0384748
0.443491 -0.144415 -0.0502407
0.481603 -0.204068 0.0384748
0.505416 -0.14441 -0.0354548
0.481602 -0.199097 0.0384748
0.486356 -0.0499562 -0.0108116
0.481602 -0.194125 0.0384748
0.505419 -0.194124 -0.0305261
0.40538 -0.0797897 -0.0354548
0.419669 -0.0698461 0.0384748
0.481601 -0.179211 0.0384748
0.424433 -0.0797884 -0.0502407
0.419676 -0.169273 -0.0502407
0.453012 -0.0499585 -0.000954299
0.505421 -0.228923 0.00397434
0.481599 -0.154355 0.0384748
0.424436 -0.119559 0.0384748
0.481599 -0.149383 0.0384748
0.448249 -0.0499588 0.00890298
0.433964 -0.139444 -0.0502407
0.505414 -0.124525 0.0286175
0.467313 -0.218983 0.0384748
0.505421 -0.223952 -0.0108116
0.505411 -0.0698403 0.00397434
0.443487 -0.0748158 0.0384748
0.457778 -0.0847575 -0.0502407
0.481597 -0.119555 0.0384748
0.505412 -0.0847544 -0.0108116
0.481597 -0.114584 0.0384748
0.429195 -0.0499601 -0.0255975
0.505412 -0.0897257 -0.0502407
0.414907 -0.0847604 -0.0502407
0.481596 -0.104641 0.0384748
0.505413 -0.0996684 0.0138316
0.410153 -0.218987 -0.0502407
0.491122 -0.0996693 0.0384748
0.472075 -0.189155 -0.0502407
0.405386 -0.164303 0.0384748
0.410141 -0.0499613 -0.0157402
0.40538 -0.084761 0.0187603
0.405388 -0.199102 -0.0255975
0.481595 -0.0847559 0.0384748
0.453012 -0.0499585 0.0187603
0.505421 -0.228923 0.0187603
0.481594 -0.0797846 0.0384748
0.424439 -0.169273 0.0384748
0.405381 -0.0947037 -0.0305261
0.481593 -0.0598992 0.0384748
0.50541 -0.0598977 -0.0206689
0.429202 -0.149387 -0.0502407
0.481593 -0.0549279 0.0384748
0.47684 -0.218983 0.0384748
0.405389 -0.218987 0.0138316
0.47684 -0.214011 0.0384748
0.410147 -0.129503 -0.0502407
0.457776 -0.0648722 0.0384748
0.47684 -0.20904 0.0384748
0.476838 -0.184183 0.0384748
0.405386 -0.169274 -0.000954299
0.438722 -0.0499594 -0.0502407
0.405385 -0.159331 -0.0305261
0.414913 -0.169273 0.0384748
0.467303 -0.0698429 0.0384748
0.476837 -0.164298 0.0384748
0.443495 -0.199099 0.0384748
0.462539 -0.0549292 -0.0502407
0.414908 -0.0996744 0.0384748
0.486368 -0.228925 0.0335462
0.486358 -0.089727 0.0384748
0.481602 -0.189154 0.0384748
0.476835 -0.144412 0.0384748
0.500657 -0.21401 0.0384748
0.405382 -0.114589 0.0286175
0.491131 -0.223953 0.0384748
0.46731 -0.16927 0.0384748
0.453015 -0.0897292 -0.0502407
0.410153 -0.22893 0.0187603
0.476834 -0.124527 0.0384748
0.4292 -0.129502 -0.0502407
0.457779 -0.0996716 -0.0502407
0.505416 -0.154353 -0.0157402
0.472077 -0.228925 -0.0305261
0.476833 -0.104642 0.0384748
0.505415 -0.139439 0.0286175
0.476832 -0.0897276 0.0384748
0.457787 -0.228926 -0.000954299
0.476834 -0.119556 0.0384748
0.505413 -0.109611 0.0187603
0.453024 -0.228927 -0.000954299
0.467314 -0.223954 0.0384748
0.476831 -0.0847563 0.0384748
0.46731 -0.174241 0.0384748
0.405378 -0.054933 0.0384748
0.491127 -0.174239 -0.0502407
0.476833 -0.114584 0.0384748
0.476831 -0.0797849 0.0384748
0.481593 -0.0648706 0.0384748
0.405389 -0.223959 0.0187603
0.47683 -0.0698422 0.0384748
0.41491 -0.124531 -0.0502407
0.405378 -0.054933 0.0138316
0.505409 -0.049955 -0.0157402
0.414905 -0.0599037 -0.0502407
0.47683 -0.0648709 0.0384748
0.500646 -0.0499553 0.0335462
0.433961 -0.0897305 -0.0502407
0.410142 -0.0648753 -0.0502407
0.405384 -0.144417 -0.045312
0.410146 -0.124531 -0.0502407
0.500651 -0.129497 0.0384748
0.457787 -0.218984 0.0384748
0.424442 -0.204072 0.0384748
0.405387 -0.179217 0.0187603
0.405381 -0.0996751 -0.0108116
0.472077 -0.228925 0.0236889
0.476829 -0.0499569 0.0384748
0.472077 -0.228925 0.0384748
0.405387 -0.179217 0.0335462
0.405381 -0.0996751 0.00397434
0.429198 -0.0897308 -0.0502407
0.457787 -0.228926 0.0286175
0.486363 -0.164297 0.0384748
0.438733 -0.223956 0.0384748
0.448256 -0.159328 0.0384748
0.472077 -0.223954 0.0384748
0.433968 -0.189157 -0.0502407
0.50542 -0.214009 0.00890298
0.410145 -0.0996747 -0.0502407
0.505414 -0.114582 -0.0502407
0.472076 -0.20904 0.0384748
0.405387 -0.184188 0.0187603
0.462539 -0.0499578 -0.000954299
0.472075 -0.199097 0.0384748
0.505421 -0.228923 0.00890298
0.462547 -0.179213 -0.0502407
0.438727 -0.134472 -0.0502407
0.505421 -0.228923 0.0384748
0.44825 -0.0748155 -0.0502407
0.438722 -0.0499594 -0.045312
0.405386 -0.169274 0.00397434
0.472074 -0.184183 0.0384748
0.505421 -0.228923 -0.0305261
0.472074 -0.179212 0.0384748
0.505411 -0.0748117 0.0138316
0.472073 -0.169269 0.0384748
0.505412 -0.0847544 -0.0403834
0.481601 -0.184183 -0.0502407
0.433969 -0.204071 0.0384748
0.476839 -0.204068 0.0384748
0.433968 -0.1991 0.0384748
0.414905 -0.049961 -0.0354548
0.419678 -0.199101 -0.0502407
0.414914 -0.19413 -0.0502407
0.462544 -0.124528 -0.0502407
0.433968 -0.194129 0.0384748
0.467304 -0.0847569 -0.0502407
0.505417 -0.159324 0.0138316
0.48636 -0.109612 -0.0502407
0.433967 -0.174243 0.0384748
0.505415 -0.139439 -0.000954299
0.41968 -0.228929 0.0384748
0.405387 -0.184188 0.0138316
0.410153 -0.22893 0.0384748
0.476838 -0.179212 0.0384748
0.433966 -0.159329 -0.0502407
0.462548 -0.184184 0.0384748
0.495894 -0.228924 0.0138316
0.414913 -0.169273 -0.0502407
0.433965 -0.154358 0.0384748
0.40539 -0.22893 -0.0108116
0.43397 -0.228928 0.0138316
0.495888 -0.134468 0.0384748
0.424441 -0.189158 -0.0502407
0.433965 -0.149387 0.0384748
0.505417 -0.159324 0.0335462
0.476829 -0.0549282 0.0384748
0.405381 -0.0897324 0.0384748
0.467307 -0.129499 0.0384748
0.424432 -0.0499604 0.00890298
0.433961 -0.0947018 0.0384748
0.433961 -0.0847591 0.0384748
0.433959 -0.0549311 -0.0502407
0.43396 -0.0748164 0.0384748
0.410142 -0.059904 0.0384748
0.405386 -0.164303 -0.0502407
0.453021 -0.189156 0.0384748
0.476835 -0.139441 0.0384748
0.443486 -0.0599018 -0.0502407
0.405388 -0.204073 -0.00588294
0.481598 -0.139441 0.0384748
0.500646 -0.0499553 -0.0108116
0.453016 -0.114586 0.0384748
0.429207 -0.228928 0.0384748
0.410149 -0.164302 -0.0502407
0.462543 -0.109614 0.0384748
0.448253 -0.119558 -0.0502407
0.419671 -0.0897314 -0.0502407
0.429203 -0.174244 0.0384748
0.457784 -0.174242 0.0384748
0.41967 -0.0847601 -0.0502407
0.476838 -0.179212 -0.0502407
0.448259 -0.20407 0.0384748
0.405384 -0.134474 -0.0255975
0.50542 -0.204067 -0.0403834
0.491126 -0.159325 0.0384748
0.453016 -0.109615 0.0384748
0.40538 -0.0797897 -0.00588294
0.429201 -0.139444 0.0384748
0.467309 -0.159327 0.0384748
0.438724 -0.0847588 0.0384748
0.448254 -0.139443 0.0384748
0.4292 -0.12453 0.0384748
0.500658 -0.228924 -0.0403834
0.414909 -0.11956 0.0384748
0.429205 -0.204072 0.0384748
0.429199 -0.114588 0.0384748
0.405381 -0.0947037 0.0384748
0.419669 -0.0648747 0.0384748
0.472077 -0.228925 0.0286175
0.491128 -0.179211 -0.0502407
0.41491 -0.129502 0.0384748
0.429199 -0.104645 0.0384748
0.43873 -0.174243 0.0384748
0.457784 -0.184184 -0.0502407
0.486361 -0.134469 0.0384748
0.405385 -0.15436 -0.0157402
0.414915 -0.209044 0.0384748
0.453017 -0.124529 0.0384748
0.429205 -0.1991 0.0384748
0.405384 -0.134474 0.0335462
0.405389 -0.209045 -0.0255975
0.429202 -0.149387 0.0384748
0.491129 -0.204068 0.0384748
0.424432 -0.0499604 0.0384748
0.50542 -0.204067 -0.0206689
0.414909 -0.109617 -0.0502407
0.486363 -0.164297 -0.0502407
0.481596 -0.09967 0.0384748
0.405382 -0.109618 0.00397434
0.438734 -0.228928 -0.0108116
0.495894 -0.218981 0.0384748
0.505415 -0.139439 -0.0108116
0.457778 -0.0947002 0.0384748
0.486362 -0.13944 0.0384748
0.429195 -0.0499601 0.0384748
0.405379 -0.0648757 -0.0157402
0.41968 -0.228929 0.0335462
0.424441 -0.199101 0.0384748
0.467306 -0.104642 0.0384748
0.453015 -0.0996719 -0.0502407
0.467311 -0.184184 -0.0502407
0.43396 -0.0698451 0.0384748
0.433964 -0.139444 0.0384748
0.505415 -0.129496 -0.0354548
0.405378 -0.0499616 -0.0403834
0.429196 -0.0698454 0.0384748
0.505421 -0.223952 -0.0305261
0.453012 -0.0549298 0.0384748
0.405389 -0.209045 -0.0157402
0.47683 -0.0598996 0.0384748
0.500655 -0.184182 0.0384748
0.476835 -0.13447 0.0384748
0.500657 -0.218981 -0.0502407
0.443497 -0.228927 0.0384748
0.40538 -0.0797897 0.00890298
0.419676 -0.164302 0.0384748
0.433962 -0.104644 0.0384748
0.505421 -0.228923 -0.0502407
0.438731 -0.189157 -0.0502407
0.45302 -0.164299 -0.0502407
0.405381 -0.0947037 -0.0108116
0.429203 -0.169272 0.0384748
0.424438 -0.149387 0.0384748
0.429204 -0.179215 0.0384748
0.424438 -0.144416 0.0384748
0.448253 -0.114586 0.0384748
0.491125 -0.134469 0.0384748
0.42444 -0.184187 0.0384748
0.443492 -0.149386 0.0384748
0.50541 -0.0549263 -0.00588294
0.448259 -0.214013 0.0384748
0.4816 -0.164297 0.0384748
0.457785 -0.189156 0.0384748
0.41491 -0.124531 0.0384748
0.472072 -0.144413 -0.0502407
0.433968 -0.189157 0.0384748
0.495894 -0.228924 -0.0305261
0.429206 -0.218986 0.0384748
0.491127 -0.164297 0.0384748
0.44826 -0.223956 -0.0502407
0.467314 -0.228926 0.0335462
0.429204 -0.189158 0.0384748
0.472066 -0.0499572 -0.0502407
0.410153 -0.218987 0.0384748
0.429205 -0.204072 -0.0502407
0.472076 -0.214011 -0.0502407
0.424432 -0.0499604 0.0286175
0.472069 -0.109613 0.0384748
0.424434 -0.0897311 0.0384748
0.410145 -0.104646 -0.0502407
0.405384 -0.144417 0.0384748
0.433966 -0.164301 -0.0502407
0.433958 -0.0499597 0.0384748
0.40539 -0.22893 -0.000954299
0.405389 -0.218987 -0.0502407
0.46255 -0.223955 -0.0502407
0.505413 -0.0996684 -0.0255975
0.433964 -0.129501 0.0384748
0.405389 -0.214016 0.0286175
0.495891 -0.174239 0.0384748
0.467306 -0.114585 0.0384748
0.429198 -0.0947021 -0.0502407
0.49113 -0.209039 -0.0502407
0.438722 -0.0499594 0.0384748
0.495887 -0.109612 -0.0502407
0.50541 -0.064869 0.0384748
0.453019 -0.149385 -0.0502407
0.405384 -0.144417 -0.0206689
0.438723 -0.0648734 0.0384748
0.424442 -0.209043 -0.0502407
0.43873 -0.174243 -0.0502407
0.457777 -0.0698435 0.0384748
0.405381 -0.0996751 -0.00588294
0.424443 -0.223957 0.0384748
0.491124 -0.129497 0.0384748
0.429195 -0.0499601 -0.0502407
0.462545 -0.144413 0.0384748
0.405382 -0.109618 0.00890298
0.405381 -0.0897324 -0.0354548
0.419679 -0.214015 0.0384748
0.500657 -0.209038 0.0384748
0.443486 -0.0648731 0.0384748
0.505417 -0.169267 -0.0403834
0.457777 -0.0748149 0.0384748
0.448259 -0.209042 -0.0502407
0.438725 -0.0996728 0.0384748
0.476841 -0.223954 -0.0502407
0.491124 -0.119555 0.0384748
0.410144 -0.0847607 0.0384748
0.419675 -0.149388 -0.0502407
0.419679 -0.209044 0.0384748
0.438725 -0.104644 -0.0502407
0.505413 -0.0996684 0.0384748
0.453012 -0.0499585 0.00397434
0.424432 -0.0599031 0.0384748
0.491126 -0.149383 0.0384748
0.410152 -0.209044 0.0384748
0.467309 -0.154356 -0.0502407
0.405383 -0.129503 0.0286175
0.419677 -0.189158 0.0384748
0.405383 -0.124532 0.0384748
0.448249 -0.0549301 -0.0502407
0.467302 -0.0499575 0.0335462
0.491129 -0.199096 -0.0502407
0.410149 -0.169274 0.0384748
0.405389 -0.214016 -0.0206689
0.419668 -0.0499607 0.0335462
0.419677 -0.184187 0.0384748
0.419676 -0.174244 0.0384748
0.505421 -0.223952 0.0236889
0.462541 -0.0897286 0.0384748
0.424437 -0.129502 -0.0502407
0.419674 -0.134474 0.0384748
0.462539 -0.0499578 -0.0108116
0.462549 -0.199098 -0.0502407
0.457782 -0.149385 0.0384748
0.505415 -0.129496 0.00890298
0.405378 -0.0499616 -0.0206689
0.438729 -0.159329 -0.0502407
0.405384 -0.144417 -0.0502407
0.495889 -0.144411 0.0384748
0.419672 -0.114588 0.0384748
0.491131 -0.228924 -0.0502407
0.405382 -0.104646 -0.000954299
0.438734 -0.228928 0.00890298
0.419675 -0.15933 0.0384748
0.500655 -0.184182 -0.0502407
0.405381 -0.0897324 -0.045312
0.505417 -0.159324 -0.0502407
0.491131 -0.228924 -0.0206689
0.462545 -0.149385 0.0384748
0.419679 -0.214015 -0.0502407
0.419675 -0.154359 0.0384748
0.424437 -0.129502 0.0384748
0.419675 -0.149388 0.0384748
0.438726 -0.114587 -0.0502407
0.429201 -0.144416 -0.0502407
0.505412 -0.0847544 -0.0157402
0.419674 -0.144416 0.0384748
0.443485 -0.0499591 0.00397434
0.505419 -0.189153 -0.0157402
0.43396 -0.0748164 -0.0502407
0.467311 -0.184184 0.0384748
0.505416 -0.14441 -0.0255975
0.467306 -0.104642 -0.0502407
0.419674 -0.139445 0.0384748
0.448257 -0.179214 0.0384748
0.410148 -0.15436 0.0384748
0.476841 -0.228925 -0.0157402
0.419668 -0.0499607 0.0384748
0.41968 -0.223958 0.0384748
0.41967 -0.0847601 0.0384748
0.505412 -0.0897257 -0.045312
0.429206 -0.214014 -0.0502407
0.424435 -0.109616 -0.0502407
0.453015 -0.0947005 0.0384748
0.505418 -0.184181 0.0236889
0.429202 -0.15933 -0.0502407
0.453012 -0.0499585 -0.0157402
0.410142 -0.0648753 0.0384748
0.405388 -0.204073 0.0384748
0.410147 -0.139445 -0.0502407
0.472066 -0.0499572 0.0384748
0.44349 -0.129501 0.0384748
0.453012 -0.0499585 0.0384748
0.410146 -0.11956 -0.0502407
0.462542 -0.104643 -0.0502407
0.491119 -0.0499559 -0.0255975
0.500654 -0.174239 0.0384748
0.486361 -0.129498 0.0384748
0.429203 -0.164301 0.0384748
0.424438 -0.154359 0.0384748
0.410144 -0.0897321 0.0384748
0.429204 -0.184186 0.0384748
0.424437 -0.139445 0.0384748
0.438725 -0.104644 0.0384748
0.433967 -0.174243 -0.0502407
0.476839 -0.194126 0.0384748
0.410144 -0.0947034 0.0384748
0.50541 -0.0598977 -0.00588294
0.500658 -0.228924 0.0384748
0.433963 -0.114587 0.0384748
0.433958 -0.0499597 0.00397434
0.429202 -0.154358 0.0384748
0.472067 -0.0748139 0.0384748
0.476839 -0.199097 0.0384748
0.44349 -0.119558 -0.0502407
0.457779 -0.0996716 0.0384748
0.40538 -0.084761 0.0384748
0.467303 -0.0698429 -0.0502407
0.443492 -0.154357 0.0384748
0.453015 -0.0897292 0.0384748
0.43397 -0.228928 -0.0157402
0.433963 -0.12453 -0.0502407
0.405388 -0.199102 -0.0305261
0.405383 -0.11956 0.0384748
0.46255 -0.218983 0.0384748
0.453024 -0.223955 0.0384748
0.472074 -0.179212 -0.0502407
0.457779 -0.104643 0.0384748
0.424439 -0.164301 -0.0502407
0.505419 -0.199095 0.0384748
0.405382 -0.109618 0.0384748
0.405388 -0.199102 0.0384748
0.405388 -0.199102 -0.0502407
0.500646 -0.0499553 0.0384748
0.457778 -0.0897289 0.0384748
0.42444 -0.179215 0.0384748
0.414916 -0.214015 0.0384748
0.448249 -0.0499588 0.00397434
0.410152 -0.214016 0.0384748
0.476829 -0.0499569 -0.0403834
0.410141 -0.0499613 0.0138316
0.500657 -0.21401 -0.0502407
0.433969 -0.214014 0.0384748
0.424437 -0.134473 0.0384748
0.49112 -0.0698413 0.0384748
0.405378 -0.0499616 0.0384748
0.419668 -0.0499607 -0.0403834
0.438728 -0.144415 0.0384748
0.410143 -0.0797894 0.0384748
0.443491 -0.134472 0.0384748
0.414905 -0.049961 0.00890298
0.40538 -0.0748184 0.0384748
0.505421 -0.218981 -0.000954299
0.476835 -0.144412 -0.0502407
0.467314 -0.228926 0.0384748
0.424435 -0.104645 0.0384748
0.40538 -0.0797897 -0.0108116
0.472069 -0.0996706 0.0384748
0.438731 -0.189157 0.0384748
0.467307 -0.119556 0.0384748
0.49589 -0.169268 0.0384748
0.472072 -0.144413 0.0384748
0.453016 -0.114586 -0.0502407
0.481598 -0.139441 -0.0502407
0.405382 -0.114589 0.0384748
0.433962 -0.0996732 -0.0502407
0.405383 -0.11956 -0.0157402
0.414917 -0.228929 0.0187603
0.443493 -0.1643 0.0384748
0.448257 -0.179214 -0.0502407
0.495885 -0.0946977 -0.0502407
0.414914 -0.19413 0.0384748
0.505418 -0.17921 0.00397434
0.472076 -0.204069 -0.0502407
0.457781 -0.1295 0.0384748
0.405387 -0.189159 0.00397434
0.405385 -0.15436 -0.0108116
0.414906 -0.064875 0.0384748
0.486362 -0.144412 0.0384748
0.419671 -0.0947028 0.0384748
0.410147 -0.134474 0.0384748
0.414907 -0.0797891 -0.0502407
0.405387 -0.194131 -0.00588294
0.424432 -0.0499604 0.00397434
0.410145 -0.0996747 0.0384748
0.405381 -0.0996751 0.0384748
0.438726 -0.114587 0.0384748
0.476831 -0.0748136 0.0384748
0.405389 -0.214016 0.0384748
0.419673 -0.119559 -0.0502407
0.410148 -0.144417 0.0384748
0.481604 -0.228925 0.0138316
0.438724 -0.0897302 0.0384748
0.44826 -0.228927 -0.00588294
0.448256 -0.1643 0.0384748
0.424443 -0.218986 0.0384748
0.405381 -0.0947037 -0.0502407
0.405387 -0.179217 -0.0354548
0.500649 -0.0996687 0.0384748
0.410147 -0.129503 0.0384748
0.453023 -0.214013 -0.0502407
0.495893 -0.209039 0.0384748
0.505409 -0.049955 -0.00588294
0.414914 -0.184187 -0.0502407
0.405383 -0.129503 0.0384748
0.467312 -0.194126 0.0384748
0.472067 -0.0698426 0.0384748
0.505416 -0.149382 -0.0255975
0.40538 -0.0797897 -0.045312
0.467306 -0.109614 -0.0502407
0.457777 -0.0748149 -0.0502407
0.476829 -0.0499569 -0.00588294
0.443497 -0.223956 0.0384748
0.40538 -0.084761 -0.0502407
0.429203 -0.174244 -0.0502407
0.405388 -0.199102 -0.0108116
0.472075 -0.194126 0.0384748
0.414905 -0.0549323 0.0384748
0.433958 -0.0499597 -0.0206689
0.405382 -0.114589 0.0187603
0.410142 -0.0549327 0.0384748
0.419672 -0.109617 0.0384748
0.40538 -0.0797897 0.0384748
0.472074 -0.174241 0.0384748
0.495883 -0.0598983 0.0384748
0.433963 -0.119559 -0.0502407
0.405385 -0.159331 0.00890298
0.467309 -0.149384 0.0384748
0.43397 -0.218985 -0.0502407
0.419679 -0.218986 0.0384748
0.405389 -0.223959 0.0384748
0.429198 -0.0897308 0.0384748
0.45302 -0.169271 0.0384748
0.429196 -0.0599027 0.0384748
0.448257 -0.184185 0.0384748
0.414915 -0.204073 0.0384748
0.424432 -0.0549317 0.0384748
0.405384 -0.139446 0.0384748
0.472066 -0.0499572 -0.0157402
0.424439 -0.15933 0.0384748
0.467302 -0.0499575 -0.00588294
0.476837 -0.169269 0.0384748
0.443495 -0.194128 0.0384748
0.433966 -0.169272 0.0384748
0.424433 -0.0797884 0.0384748
0.405384 -0.134474 0.00397434
0.424433 -0.0698457 0.0384748
0.438732 -0.209042 0.0384748
0.505413 -0.10464 0.0138316
0.453014 -0.0797865 -0.0502407
0.448254 -0.134472 -0.0502407
0.419672 -0.104645 -0.0502407
0.405388 -0.204073 -0.045312
0.495885 -0.0897263 0.0384748
0.472068 -0.0847566 0.0384748
0.424432 -0.0499604 -0.0157402
0.414911 -0.144416 -0.0502407
0.443487 -0.0797872 -0.0502407
0.405384 -0.134474 0.0384748
0.414916 -0.218987 0.0384748
0.429205 -0.1991 -0.0502407
0.419675 -0.15933 -0.0502407
0.40538 -0.0797897 0.0138316
0.472068 -0.0946993 0.0384748
0.467311 -0.189155 0.0384748
0.438732 -0.209042 -0.0502407
0.405387 -0.184188 -0.0206689
0.486368 -0.228925 -0.000954299
0.424443 -0.228929 0.0384748
0.500646 -0.0499553 0.00890298
0.481599 -0.144412 0.0384748
0.405386 -0.164303 -0.0403834
0.472077 -0.218983 0.0384748
0.405386 -0.164303 0.0236889
0.414905 -0.049961 0.0286175
0.40538 -0.0748184 -0.000954299
0.414914 -0.189159 0.0384748
0.433963 -0.114587 -0.0502407
0.495894 -0.223953 -0.0502407
0.50542 -0.214009 -0.0502407
0.405385 -0.159331 0.0384748
0.500649 -0.0946974 -0.0502407
0.500653 -0.159325 -0.0502407
0.405379 -0.069847 0.0187603
0.457787 -0.228926 -0.0157402
0.44349 -0.124529 0.0384748
0.424432 -0.0499604 0.0187603
0.410149 -0.159331 0.0384748
0.405389 -0.223959 -0.0255975
0.433965 -0.144415 0.0384748
0.41015 -0.174245 0.0384748
0.405387 -0.194131 -0.045312
0.443491 -0.139443 0.0384748
0.495893 -0.204067 -0.0502407
0.505415 -0.139439 0.0384748
0.405388 -0.204073 0.00890298
0.472066 -0.0499572 0.0335462
0.505413 -0.0996684 -0.0108116
0.486359 -0.0996697 0.0384748
0.405385 -0.149388 0.00890298
0.410143 -0.074818 0.0384748
0.43873 -0.169272 -0.0502407
0.405387 -0.194131 0.0384748
0.50541 -0.0549263 0.0384748
0.405383 -0.11956 -0.0206689
0.500649 -0.0946974 0.0384748
0.433965 -0.144415 -0.0502407
0.486356 -0.0499562 0.0236889
0.429197 -0.0748168 -0.0502407
0.453014 -0.0748152 0.0384748
0.433969 -0.209043 0.0384748
0.41015 -0.184188 0.0384748
0.419669 -0.0599034 0.0384748
0.491127 -0.174239 0.0384748
0.500658 -0.228924 0.0138316
0.405385 -0.149388 -0.045312
0.481604 -0.223954 0.0384748
0.505412 -0.094697 -0.0354548
0.438733 -0.214014 0.0384748
0.505414 -0.114582 0.00397434
0.419678 -0.204072 -0.0502407
0.453016 -0.104643 0.0384748
0.433963 -0.12453 0.0384748
0.429198 -0.0947021 0.0384748
0.50541 -0.064869 -0.00588294
0.405384 -0.139446 0.0335462
0.405387 -0.179217 0.0384748
0.472077 -0.228925 0.0335462
0.424433 -0.0698457 -0.0502407
0.476841 -0.228925 0.0335462
0.419673 -0.129502 -0.0502407
0.457781 -0.139442 0.0384748
0.457787 -0.228926 0.00397434
0.472069 -0.104642 0.0384748
0.500647 -0.059898 -0.0502407
0.410151 -0.199102 0.0384748
0.486367 -0.218982 0.0384748
0.405389 -0.218987 0.0384748
0.476838 -0.184183 -0.0502407
0.438724 -0.0797875 0.0384748
0.429199 -0.109616 -0.0502407
0.438726 -0.109616 -0.0502407
0.410152 -0.204073 0.0384748
0.500646 -0.0499553 -0.045312
0.405386 -0.164303 -0.0108116
0.424442 -0.209043 0.0384748
0.505417 -0.169267 -0.0108116
0.462551 -0.228926 -0.000954299
0.405382 -0.104646 -0.0305261
0.457775 -0.0499581 -0.0305261
0.505418 -0.17921 -0.0403834
0.457786 -0.209041 0.0384748
0.433968 -0.194129 -0.0502407
0.405386 -0.169274 0.0384748
0.410153 -0.223958 0.0384748
0.405379 -0.0648757 0.0384748
0.414905 -0.049961 -0.0108116
0.405379 -0.069847 0.0384748
0.505418 -0.17921 -0.00588294
0.462548 -0.184184 -0.0502407
0.50542 -0.214009 0.00397434
0.495886 -0.10464 -0.0502407
0.457787 -0.228926 0.0335462
0.467308 -0.139442 0.0384748
0.505419 -0.199095 -0.0157402
0.491131 -0.228924 0.0236889
0.424432 -0.0549317 -0.0502407
0.405384 -0.134474 -0.0157402
0.414912 -0.164302 -0.0502407
0.486356 -0.0499562 -0.045312
0.505419 -0.194124 0.00397434
0.46255 -0.223955 0.0384748
0.405384 -0.139446 -0.0502407
0.505415 -0.139439 -0.045312
0.405379 -0.0648757 -0.0502407
0.495883 -0.0648696 0.0384748
0.405388 -0.199102 -0.0354548
0.433961 -0.0897305 0.0384748
0.433966 -0.164301 0.0384748
0.414906 -0.0748177 0.0384748
0.50541 -0.0549263 0.0286175
0.414908 -0.0947031 0.0384748
0.405381 -0.0996751 0.0187603
0.414906 -0.0698464 -0.0502407
0.505417 -0.169267 -0.045312
0.476833 -0.109613 0.0384748
0.405382 -0.104646 -0.0157402
0.414907 -0.0897317 0.0384748
0.443493 -0.169271 -0.0502407
0.414908 -0.0996744 -0.0502407
0.43396 -0.0698451 -0.0502407
0.443494 -0.189157 0.0384748
0.424433 -0.0748171 0.0384748
0.405384 -0.144417 0.0187603
0.414909 -0.109617 0.0384748
0.505419 -0.199095 0.0335462
0.405382 -0.109618 0.0335462
0.50542 -0.204067 0.0384748
0.505414 -0.124525 -0.000954299
0.467314 -0.228926 -0.0354548
0.405378 -0.054933 -0.0206689
0.457775 -0.0499581 -0.045312
0.505418 -0.17921 -0.0255975
0.476834 -0.129498 0.0384748
0.410146 -0.114589 0.0384748
0.467303 -0.0599002 0.0384748
0.43397 -0.223957 -0.0502407
0.419673 -0.124531 0.0384748
0.495887 -0.109612 0.0384748
0.405383 -0.11956 0.0335462
0.472073 -0.164298 0.0384748
0.476836 -0.154355 -0.0502407
0.414913 -0.179216 0.0384748
0.486358 -0.089727 -0.0502407
0.414913 -0.174245 0.0384748
0.50065 -0.10464 -0.0502407
0.405384 -0.134474 -0.045312
0.414912 -0.154359 0.0384748
0.50542 -0.214009 -0.0354548
0.467308 -0.13447 -0.0502407
0.467302 -0.0549289 0.0384748
0.405386 -0.174245 -0.0305261
0.414912 -0.164302 0.0384748
0.50541 -0.0549263 -0.0305261
0.405383 -0.124532 0.0286175
0.47207 -0.114585 0.0384748
0.414915 -0.199101 0.0384748
0.44826 -0.228927 0.0335462
0.505414 -0.119554 -0.0403834
0.424443 -0.228929 -0.000954299
0.438728 -0.149386 0.0384748
0.505414 -0.114582 -0.00588294
0.491123 -0.114583 -0.0502407
0.41967 -0.0748174 0.0384748
0.476837 -0.17424 0.0384748
0.438722 -0.0499594 -0.0157402
0.405386 -0.174245 0.0384748
0.457781 -0.134471 0.0384748
0.438734 -0.228928 0.00397434
0.424442 -0.214015 0.0384748
0.457783 -0.16927 -0.0502407
0.500653 -0.149382 -0.0502407
0.462546 -0.159327 0.0384748
0.495886 -0.099669 0.0384748
0.40539 -0.22893 0.0335462
0.429206 -0.223957 0.0384748
0.424434 -0.0947024 0.0384748
0.476829 -0.0499569 0.0335462
0.414907 -0.0797891 0.0384748
0.414911 -0.139445 0.0384748
0.41967 -0.0797887 0.0384748
0.448252 -0.104644 0.0384748
0.438734 -0.228928 0.0384748
0.500646 -0.0499553 -0.0403834
0.405386 -0.164303 0.00397434
0.505411 -0.0698403 0.0384748
0.405387 -0.184188 0.0384748
0.457783 -0.164299 -0.0502407
0.41968 -0.228929 0.0236889
0.419671 -0.0996741 0.0384748
0.491131 -0.228924 0.0335462
0.424432 -0.0648744 -0.0502407
0.486363 -0.154354 -0.0502407
0.405382 -0.109618 -0.0255975
0.505419 -0.199095 -0.0502407
0.405387 -0.189159 -0.0157402
0.419672 -0.104645 0.0384748
0.495889 -0.144411 -0.0502407
0.433966 -0.159329 0.0384748
0.419671 -0.0897314 0.0384748
0.433965 -0.149387 -0.0502407
0.453019 -0.154357 0.0384748
0.405383 -0.129503 -0.0157402
0.405381 -0.0996751 -0.045312
0.438732 -0.204071 0.0384748
0.43397 -0.223957 0.0384748
0.429195 -0.0499601 -0.00588294
0.505412 -0.094697 -0.0255975
0.495894 -0.228924 0.0384748
0.405381 -0.0947037 -0.0206689
0.467305 -0.0897282 0.0384748
0.448258 -0.194128 0.0384748
0.481592 -0.0499566 0.0384748
0.438725 -0.0947015 0.0384748
0.505419 -0.199095 -0.0354548
0.405382 -0.109618 -0.0305261
0.433959 -0.0648738 0.0384748
0.491129 -0.204068 -0.0502407
0.405384 -0.144417 0.0335462
0.472071 -0.139441 0.0384748
0.481599 -0.144412 -0.0502407
0.505414 -0.124525 -0.0108116
0.467314 -0.228926 -0.045312
0.405378 -0.054933 0.0187603
0.405387 -0.194131 0.00397434
0.457787 -0.228926 -0.0305261
0.405387 -0.189159 -0.0403834
0.438726 -0.109616 0.0384748
0.419674 -0.144416 -0.0502407
0.429201 -0.144416 0.0384748
0.438726 -0.119558 0.0384748
0.40539 -0.22893 -0.0255975
0.43397 -0.228928 0.0335462
0.438727 -0.129501 0.0384748
0.443487 -0.0748158 -0.0502407
0.405379 -0.0599043 -0.0206689
0.457776 -0.0599008 -0.0502407
0.424435 -0.104645 -0.0502407
0.505419 -0.199095 -0.000954299
0.443485 -0.0549304 0.0384748
0.433959 -0.0599024 0.0384748
0.43873 -0.169272 0.0384748
0.438723 -0.0698448 0.0384748
0.405389 -0.223959 0.0335462
0.43873 -0.179214 0.0384748
0.500658 -0.228924 0.0187603
0.476832 -0.094699 0.0384748
0.438731 -0.184186 0.0384748
0.429206 -0.214014 0.0384748
0.424435 -0.109616 0.0384748
0.424434 -0.0847598 -0.0502407
0.405384 -0.139446 -0.0305261
0.46254 -0.0648719 0.0384748
0.462543 -0.114585 0.0384748
0.405387 -0.184188 -0.045312
0.438732 -0.1991 0.0384748
0.462543 -0.119557 0.0384748
0.467312 -0.204069 -0.0502407
0.457787 -0.228926 -0.0206689
0.405387 -0.189159 -0.045312
0.405381 -0.0897324 -0.0502407
0.405386 -0.169274 -0.0403834
0.481604 -0.228925 0.0384748
0.448255 -0.154357 0.0384748
0.500646 -0.0549266 0.0384748
0.500648 -0.0847547 0.0384748
0.486361 -0.124526 -0.0502407
0.457778 -0.0847575 0.0384748
0.50541 -0.064869 0.0236889
0.443485 -0.0499591 0.0384748
0.505415 -0.139439 0.0187603
0.462549 -0.199098 0.0384748
0.438722 -0.0499594 0.0236889
0.410142 -0.059904 -0.0502407
0.472076 -0.204069 0.0384748
0.405383 -0.129503 -0.0354548
0.405387 -0.184188 -0.0157402
0.448251 -0.0797868 0.0384748
0.500653 -0.159325 0.0384748
0.443493 -0.174243 0.0384748
0.410149 -0.159331 -0.0502407
0.443486 -0.0698445 0.0384748
0.457777 -0.0797862 -0.0502407
0.505413 -0.10464 0.0335462
0.419673 -0.124531 -0.0502407
0.500653 -0.149382 0.0384748
0.405389 -0.218987 0.00890298
0.495887 -0.114583 0.0384748
0.410141 -0.0499613 -0.0108116
0.40538 -0.084761 0.00890298
0.462548 -0.189155 -0.0502407
0.443488 -0.0947012 0.0384748
0.405383 -0.129503 -0.0206689
0.505418 -0.17921 0.0335462
0.410153 -0.22893 0.0286175
0.457775 -0.0499581 0.0384748
0.448249 -0.0499588 -0.0157402
0.438731 -0.194128 -0.0502407
0.405379 -0.0599043 0.0236889
0.467307 -0.124528 0.0384748
0.443489 -0.104644 0.0384748
0.405381 -0.0947037 -0.0157402
0.505416 -0.154353 0.0187603
0.491128 -0.179211 0.0384748
0.405387 -0.184188 -0.00588294
0.419669 -0.0648747 -0.0502407
0.443489 -0.109615 0.0384748
0.438722 -0.0499594 -0.0305261
0.405386 -0.174245 0.0236889
0.405381 -0.0897324 -0.0157402
0.472072 -0.154355 0.0384748
0.405389 -0.209045 0.00890298
0.505415 -0.134468 0.0384748
0.491128 -0.184182 0.0384748
0.405387 -0.189159 -0.00588294
0.405385 -0.15436 -0.045312
0.433963 -0.119559 0.0384748
0.405385 -0.149388 0.0236889
0.41967 -0.0797887 -0.0502407
0.405389 -0.218987 -0.0354548
0.443489 -0.114587 0.0384748
0.424442 -0.204072 -0.0502407
0.438727 -0.12453 0.0384748
0.505415 -0.139439 -0.0403834
0.453018 -0.134471 0.0384748
0.472077 -0.228925 -0.000954299
0.453022 -0.194127 0.0384748
0.491122 -0.094698 -0.0502407
0.405387 -0.179217 -0.0305261
0.457776 -0.0648722 -0.0502407
0.405381 -0.0947037 -0.045312
0.505411 -0.079783 0.0384748
0.433967 -0.179215 -0.0502407
0.410151 -0.19413 -0.0502407
0.424434 -0.0847598 0.0384748
0.476841 -0.228925 0.0384748
0.443491 -0.144415 0.0384748
0.505413 -0.109611 -0.0403834
0.481603 -0.209039 -0.0502407
0.405381 -0.0897324 0.0138316
0.472076 -0.214011 0.0384748
0.481593 -0.0648706 -0.0502407
0.443492 -0.159329 0.0384748
0.467306 -0.114585 -0.0502407
0.443494 -0.179214 0.0384748
0.405388 -0.199102 -0.000954299
0.443494 -0.184185 0.0384748
0.481592 -0.0499566 -0.0157402
0.495891 -0.184182 0.0384748
0.40538 -0.084761 0.0335462
0.472075 -0.194126 -0.0502407
0.405389 -0.214016 -0.0255975
0.414911 -0.149388 -0.0502407
0.457778 -0.0897289 -0.0502407
0.443495 -0.204071 0.0384748
0.505411 -0.079783 -0.0305261
0.462544 -0.134471 0.0384748
0.405385 -0.149388 0.00397434
0.467314 -0.228926 -0.0305261
0.405378 -0.054933 -0.000954299
0.443496 -0.209042 0.0384748
0.443496 -0.214013 0.0384748
0.505414 -0.114582 0.0384748
0.505409 -0.049955 -0.0255975
0.443496 -0.218985 0.0384748
0.405389 -0.214016 0.00890298
0.453017 -0.119557 0.0384748
0.505417 -0.159324 -0.0354548
0.405381 -0.0897324 -0.0305261
0.448249 -0.0549301 0.0384748
0.491124 -0.124526 0.0384748
0.481593 -0.0549279 -0.0502407
0.438734 -0.228928 -0.0157402
0.419671 -0.0996741 -0.0502407
0.448251 -0.0897295 0.0384748
0.405383 -0.129503 -0.0502407
0.414914 -0.184187 0.0384748
0.448249 -0.0648728 0.0384748
0.414917 -0.228929 0.0138316
0.486359 -0.0946983 -0.0502407
0.44825 -0.0748155 0.0384748
0.491123 -0.104641 -0.0502407
0.429205 -0.194129 0.0384748
0.424436 -0.124531 0.0384748
0.405383 -0.124532 0.0335462
0.472073 -0.159327 0.0384748
0.47207 -0.124527 0.0384748
0.43873 -0.179214 -0.0502407
0.486356 -0.0499562 0.0187603
0.505414 -0.114582 -0.0354548
0.429196 -0.0698454 -0.0502407
0.448251 -0.0847582 0.0384748
0.448249 -0.0499588 0.0384748
0.405387 -0.194131 -0.0108116
0.505413 -0.109611 0.00397434
0.448252 -0.0996722 0.0384748
0.453012 -0.0499585 0.0138316
0.505421 -0.228923 0.0236889
0.414906 -0.0698464 0.0384748
0.462547 -0.179213 0.0384748
0.405384 -0.144417 0.0138316
0.462546 -0.164299 0.0384748
0.505416 -0.14441 -0.0108116
0.453021 -0.179213 0.0384748
0.462539 -0.0599005 0.0384748
0.500647 -0.0698407 -0.0502407
0.505414 -0.119554 0.0286175
0.491119 -0.0499559 -0.0502407
0.438728 -0.144415 -0.0502407
0.448253 -0.119558 0.0384748
0.44826 -0.223956 0.0384748
0.429199 -0.114588 -0.0502407
0.462549 -0.209041 0.0384748
0.405386 -0.169274 -0.0255975
0.476841 -0.228925 -0.0305261
0.429196 -0.0599027 -0.0502407
0.448254 -0.1295 0.0384748
0.419668 -0.0499607 0.0236889
0.476841 -0.228925 0.0187603
0.457779 -0.109614 0.0384748
0.486359 -0.104641 0.0384748
0.500658 -0.223952 -0.0502407
0.462549 -0.204069 -0.0502407
0.4292 -0.119559 -0.0502407
0.453018 -0.134471 -0.0502407
0.419677 -0.179216 0.0384748
0.448254 -0.134472 0.0384748
0.438727 -0.129501 -0.0502407
0.49113 -0.21401 0.0384748
0.429197 -0.0748168 0.0384748
0.405378 -0.0499616 -0.0354548
0.472071 -0.129499 0.0384748
0.429195 -0.0549314 0.0384748
0.410147 -0.139445 0.0384748
0.448258 -0.199099 0.0384748
0.438734 -0.228928 0.0236889
0.429206 -0.209043 0.0384748
0.424436 -0.114588 0.0384748
0.505416 -0.14441 0.0138316
0.457782 -0.149385 -0.0502407
0.405382 -0.109618 -0.0403834
0.438725 -0.0996728 -0.0502407
0.448259 -0.209042 0.0384748
0.49589 -0.164296 -0.0502407
0.443485 -0.0499591 -0.045312
0.500658 -0.228924 0.0236889
0.410142 -0.0549327 -0.0502407
0.405386 -0.174245 0.0187603
0.467307 -0.129499 -0.0502407
0.405379 -0.0648757 0.00890298
0.462542 -0.0946999 0.0384748
0.50065 -0.114583 0.0384748
0.424441 -0.194129 0.0384748
0.424432 -0.0499604 -0.000954299
0.453013 -0.0599011 0.0384748
0.50542 -0.204067 -0.0157402
0.50065 -0.10464 0.0384748
0.424442 -0.214015 -0.0502407
0.453013 -0.0698438 0.0384748
0.405384 -0.144417 0.00890298
0.419668 -0.0499607 0.0187603
0.453014 -0.0797865 0.0384748
0.505414 -0.119554 0.0236889
0.486368 -0.228925 0.00890298
0.481601 -0.17424 0.0384748
0.505416 -0.154353 0.0286175
0.462551 -0.228926 -0.0502407
0.453015 -0.0996719 0.0384748
0.40538 -0.0748184 -0.0255975
0.505416 -0.14441 -0.00588294
0.448249 -0.0648728 -0.0502407
0.405379 -0.0599043 0.0138316
0.491131 -0.228924 -0.0305261
0.457785 -0.199098 0.0384748
0.476841 -0.223954 0.0384748
0.505413 -0.10464 0.0384748
0.50541 -0.0549263 -0.0502407
0.491119 -0.0499559 -0.045312
0.505414 -0.119554 0.0335462
0.424435 -0.0996738 0.0384748
0.424443 -0.228929 0.0236889
0.457785 -0.194127 0.0384748
0.414915 -0.204073 -0.0502407
0.410153 -0.22893 0.0138316
0.476836 -0.159326 0.0384748
0.495883 -0.0648696 -0.0502407
0.429197 -0.0797881 0.0384748
0.505412 -0.0897257 -0.0255975
0.448251 -0.0947009 0.0384748
0.500646 -0.0499553 0.0187603
0.41491 -0.129502 -0.0502407
0.505415 -0.129496 -0.00588294
0.405378 -0.0499616 0.0138316
0.453018 -0.144414 0.0384748
0.453019 -0.159328 0.0384748
0.481597 -0.124527 0.0384748
0.448249 -0.0499588 0.0187603
0.45302 -0.164299 0.0384748
0.4816 -0.169269 -0.0502407
0.505412 -0.0847544 0.0384748
0.495885 -0.0946977 0.0384748
0.405384 -0.134474 0.00890298
0.405389 -0.209045 -0.000954299
0.433959 -0.0599024 -0.0502407
0.405381 -0.0897324 -0.0108116
0.448255 -0.149386 0.0384748
0.405385 -0.159331 -0.00588294
0.500658 -0.228924 -0.00588294
0.405385 -0.149388 -0.0157402
0.453021 -0.184185 0.0384748
0.424439 -0.169273 -0.0502407
0.438727 -0.134472 0.0384748
0.443497 -0.228927 0.0286175
0.453022 -0.20407 0.0384748
0.453023 -0.218984 0.0384748
0.505411 -0.0748117 -0.0108116
0.429201 -0.139444 -0.0502407
0.462547 -0.16927 0.0384748
0.438728 -0.139444 -0.0502407
0.486362 -0.149383 0.0384748
0.481595 -0.0897273 0.0384748
0.414911 -0.149388 0.0384748
0.438733 -0.218985 -0.0502407
0.500653 -0.154353 0.0384748
0.45778 -0.114586 0.0384748
0.438722 -0.0549308 0.0384748
0.438733 -0.223956 -0.0502407
0.414917 -0.228929 0.0384748
0.405381 -0.0947037 -0.0255975
0.429195 -0.0499601 0.0138316
0.505412 -0.094697 -0.0206689
0.495894 -0.228924 0.0335462
0.45778 -0.124528 0.0384748
0.405381 -0.0897324 -0.0255975
0.405382 -0.104646 0.0335462
0.414912 -0.159331 0.0384748
0.462542 -0.0996712 0.0384748
0.457782 -0.144414 0.0384748
0.414917 -0.228929 -0.0502407
0.405381 -0.0947037 0.0187603
0.405387 -0.179217 0.00890298
0.481604 -0.228925 0.0335462
0.410153 -0.223958 -0.0502407
0.405389 -0.223959 -0.0206689
0.50541 -0.0598977 -0.0305261
0.424432 -0.0648744 0.0384748
0.505421 -0.218981 0.0384748
0.457784 -0.184184 0.0384748
0.462541 -0.0797859 0.0384748
0.410153 -0.22893 -0.0502407
0.405383 -0.129503 -0.00588294
0.457786 -0.20407 0.0384748
0.495883 -0.0499556 -0.045312
0.414916 -0.218987 -0.0502407
0.467308 -0.139442 -0.0502407
0.457787 -0.228926 0.0384748
0.44826 -0.228927 0.0138316
0.405387 -0.189159 0.0384748
0.462539 -0.0549292 0.0384748
0.476839 -0.199097 -0.0502407
0.46254 -0.0698432 0.0384748
0.405387 -0.184188 0.00890298
0.414911 -0.139445 -0.0502407
0.491129 -0.199096 0.0384748
0.414905 -0.049961 -0.0502407
0.46254 -0.0748145 0.0384748
0.414911 -0.144416 0.0384748
0.462541 -0.0847572 0.0384748
0.405389 -0.209045 0.0384748
0.438734 -0.228928 0.0187603
0.462544 -0.129499 0.0384748
0.405389 -0.209045 -0.0108116
0.453022 -0.199099 0.0384748
0.505415 -0.139439 -0.0206689
0.41968 -0.228929 -0.0255975
0.405379 -0.0648757 -0.0255975
0.50542 -0.209038 -0.0108116
0.462546 -0.154356 0.0384748
0.491126 -0.154354 0.0384748
0.462547 -0.174241 0.0384748
0.405385 -0.15436 0.0138316
0.410152 -0.204073 -0.0502407
0.462548 -0.189155 0.0384748
0.405382 -0.109618 -0.0108116
0.462548 -0.194127 0.0384748
0.462549 -0.204069 0.0384748
0.457776 -0.0599008 0.0384748
0.419679 -0.218986 -0.0502407
0.405384 -0.139446 -0.0108116
0.43397 -0.218985 0.0384748
0.481596 -0.109613 0.0384748
0.410148 -0.144417 -0.0502407
0.462545 -0.139442 0.0384748
0.476836 -0.149384 0.0384748
0.405384 -0.139446 -0.0206689
0.405381 -0.0897324 0.0335462
0.46255 -0.214012 0.0384748
0.414905 -0.049961 -0.0157402
0.467302 -0.0499575 0.0384748
0.481604 -0.228925 -0.0403834
0.40538 -0.0748184 0.00397434
0.491131 -0.228924 0.0384748
0.467304 -0.0797856 0.0384748
0.443487 -0.0847585 0.0384748
0.472072 -0.149384 0.0384748
0.467305 -0.0996709 0.0384748
0.491121 -0.0847553 0.0384748
0.405387 -0.179217 0.0138316
0.405381 -0.0947037 -0.000954299
0.467306 -0.109614 0.0384748
0.424432 -0.0499604 -0.0502407
0.433969 -0.204071 -0.0502407
0.495891 -0.17921 0.0384748
0.405388 -0.204073 -0.000954299
0.429207 -0.228928 0.0286175
0.433958 -0.0499597 -0.0108116
0.457786 -0.214012 0.0384748
0.467308 -0.13447 0.0384748
0.486357 -0.0648703 -0.0502407
0.467308 -0.144413 0.0384748
0.505418 -0.17921 0.0236889
0.467309 -0.154356 0.0384748
0.491119 -0.0499559 -0.0206689
0.49589 -0.159325 -0.0502407
0.486368 -0.228925 0.0236889
0.505418 -0.174239 0.0384748
0.46731 -0.164298 0.0384748
0.49113 -0.218982 0.0384748
0.448257 -0.174242 0.0384748
0.491119 -0.0499559 -0.0305261
0.505414 -0.119554 0.0187603
0.486368 -0.228925 0.0384748
0.467312 -0.199098 0.0384748
0.495892 -0.199096 -0.0502407
0.505419 -0.199095 -0.0403834
0.405382 -0.109618 -0.0354548
0.405385 -0.159331 0.0335462
0.505416 -0.149382 -0.0502407
0.505419 -0.194124 0.0384748
0.453024 -0.228927 0.00890298
0.476831 -0.0748136 -0.0502407
0.495891 -0.184182 -0.0502407
0.467313 -0.214012 0.0384748
0.472066 -0.0549285 0.0384748
0.472066 -0.0598999 0.0384748
0.472068 -0.0897279 0.0384748
0.505421 -0.228923 -0.0157402
0.47207 -0.119556 0.0384748
0.448252 -0.109615 0.0384748
0.467312 -0.204069 0.0384748
0.419672 -0.114588 -0.0502407
0.438734 -0.228928 -0.0502407
0.481592 -0.0499566 -0.0502407
0.443485 -0.0549304 -0.0502407
0.414917 -0.228929 0.0335462
0.443486 -0.0648731 -0.0502407
0.405389 -0.218987 -0.0157402
0.505414 -0.124525 -0.0255975
0.467314 -0.228926 -0.0108116
0.405378 -0.054933 -0.045312
0.40539 -0.22893 -0.00588294
0.43397 -0.228928 0.0187603
0.443488 -0.0897298 -0.0502407
0.443488 -0.0996725 -0.0502407
0.405386 -0.164303 -0.000954299
0.467307 -0.124528 -0.0502407
0.443489 -0.104644 -0.0502407
0.443489 -0.109615 -0.0502407
0.505421 -0.228923 -0.045312
0.443489 -0.114587 -0.0502407
0.44349 -0.124529 -0.0502407
0.405383 -0.124532 0.00397434
0.44349 -0.129501 -0.0502407
0.472066 -0.0499572 -0.0403834
0.443491 -0.139443 -0.0502407
0.443492 -0.149386 -0.0502407
0.42444 -0.174244 0.0384748
0.443492 -0.154357 -0.0502407
0.443493 -0.174243 -0.0502407
0.443494 -0.179214 -0.0502407
0.505412 -0.0847544 -0.045312
0.495886 -0.099669 -0.0502407
0.500652 -0.139439 -0.0502407
0.453024 -0.228927 0.0384748
0.443494 -0.184185 -0.0502407
0.467302 -0.0499575 0.00397434
0.443496 -0.209042 -0.0502407
0.443496 -0.214013 -0.0502407
0.443497 -0.223956 -0.0502407
0.462542 -0.104643 0.0384748
0.443497 -0.228927 -0.0502407
0.481592 -0.0499566 -0.0108116
0.448249 -0.0499588 -0.0502407
0.448249 -0.0599015 -0.0502407
0.44825 -0.0698441 -0.0502407
0.453013 -0.0648725 0.0384748
0.405386 -0.174245 0.00397434
0.448251 -0.0797868 -0.0502407
0.443492 -0.159329 -0.0502407
0.448251 -0.0897295 -0.0502407
0.405385 -0.159331 -0.0206689
0.448251 -0.0947009 -0.0502407
0.448252 -0.0996722 -0.0502407
0.448252 -0.104644 -0.0502407
0.448252 -0.109615 -0.0502407
0.448253 -0.114586 -0.0502407
0.429207 -0.228928 -0.00588294
0.448254 -0.1295 -0.0502407
0.429196 -0.0648741 0.0384748
0.448254 -0.139443 -0.0502407
0.405389 -0.209045 -0.045312
0.405379 -0.0599043 -0.0403834
0.448255 -0.149386 -0.0502407
0.414916 -0.223958 0.0384748
0.505411 -0.0748117 -0.0502407
0.448256 -0.159328 -0.0502407
0.448256 -0.1643 -0.0502407
0.405387 -0.184188 0.00397434
0.448256 -0.169271 -0.0502407
0.448257 -0.174242 -0.0502407
0.405389 -0.223959 -0.0403834
0.448257 -0.184185 -0.0502407
0.448258 -0.189156 -0.0502407
0.433958 -0.0499597 -0.00588294
0.405383 -0.124532 -0.0502407
0.448259 -0.214013 -0.0502407
0.43397 -0.228928 -0.0108116
0.486363 -0.159326 0.0384748
0.472068 -0.0897279 -0.0502407
0.405382 -0.104646 0.00397434
0.453012 -0.0549298 -0.0502407
0.443487 -0.0797872 0.0384748
0.453013 -0.0599011 -0.0502407
0.467305 -0.0946996 0.0384748
0.453018 -0.139443 -0.0502407
0.453013 -0.0648725 -0.0502407
0.453013 -0.0698438 -0.0502407
0.453014 -0.0748152 -0.0502407
0.453015 -0.0947005 -0.0502407
0.453016 -0.104643 -0.0502407
0.505417 -0.159324 -0.045312
0.476829 -0.0549282 -0.0502407
0.486357 -0.0698416 -0.0502407
0.438723 -0.0748161 -0.0502407
0.453016 -0.109615 -0.0502407
0.453017 -0.119557 -0.0502407
0.453017 -0.124529 -0.0502407
0.505417 -0.169267 0.0236889
0.453017 -0.1295 -0.0502407
0.453018 -0.144414 -0.0502407
0.414908 -0.0947031 -0.0502407
0.405383 -0.124532 -0.0403834
0.453019 -0.154357 -0.0502407
0.405386 -0.164303 0.0286175
0.453019 -0.159328 -0.0502407
0.443488 -0.0947012 -0.0502407
0.405388 -0.199102 -0.0157402
0.45302 -0.169271 -0.0502407
0.472066 -0.0648712 -0.0502407
0.40539 -0.22893 0.0286175
0.505419 -0.189153 -0.000954299
0.45302 -0.174242 -0.0502407
0.453021 -0.189156 -0.0502407
0.505417 -0.169267 0.0286175
0.453022 -0.194127 -0.0502407
0.453022 -0.199099 -0.0502407
0.486356 -0.0499562 0.0335462
0.453022 -0.20407 -0.0502407
0.453023 -0.209041 -0.0502407
0.405383 -0.129503 -0.0305261
0.453023 -0.218984 -0.0502407
0.453024 -0.223955 -0.0502407
0.505418 -0.17921 -0.045312
0.457775 -0.0499581 -0.0502407
0.433958 -0.0499597 -0.0255975
0.405382 -0.114589 0.0236889
0.457776 -0.0549295 -0.0502407
0.47684 -0.218983 -0.0502407
0.457778 -0.0947002 -0.0502407
0.457779 -0.104643 -0.0502407
0.429201 -0.134473 0.0384748
0.405383 -0.129503 0.0187603
0.457779 -0.109614 -0.0502407
0.457782 -0.154356 0.0384748
0.495889 -0.149382 0.0384748
0.40538 -0.0748184 0.0138316
0.44826 -0.228927 -0.0108116
0.438733 -0.218985 0.0384748
0.438728 -0.139444 0.0384748
0.495885 -0.0897263 -0.0502407
0.45778 -0.114586 -0.0502407
0.405381 -0.0947037 0.0286175
0.405387 -0.179217 -0.00588294
0.45778 -0.124528 -0.0502407
0.505411 -0.0748117 -0.00588294
0.457781 -0.139442 -0.0502407
0.457782 -0.144414 -0.0502407
0.457782 -0.154356 -0.0502407
0.505413 -0.109611 -0.00588294
0.457783 -0.159328 -0.0502407
0.405387 -0.194131 0.0187603
0.457784 -0.179213 -0.0502407
0.457785 -0.189156 -0.0502407
0.457785 -0.194127 -0.0502407
0.457785 -0.199098 -0.0502407
0.443496 -0.218985 -0.0502407
0.457786 -0.20407 -0.0502407
0.491121 -0.079784 -0.0502407
0.500646 -0.0499553 -0.0255975
0.405386 -0.164303 -0.00588294
0.457786 -0.209041 -0.0502407
0.500646 -0.0549266 -0.0502407
0.462541 -0.0897286 -0.0502407
0.491121 -0.0748126 -0.0502407
0.405381 -0.0996751 -0.000954299
0.495883 -0.0499556 -0.0305261
0.457786 -0.214012 -0.0502407
0.457787 -0.218984 -0.0502407
0.457787 -0.223955 -0.0502407
0.433964 -0.134473 0.0384748
0.457787 -0.228926 -0.0502407
0.405379 -0.069847 -0.0206689
0.457777 -0.0698435 -0.0502407
0.462539 -0.0499578 -0.0502407
0.462539 -0.0599005 -0.0502407
0.500658 -0.228924 -0.000954299
0.405385 -0.149388 0.0187603
0.419677 -0.179216 -0.0502407
0.405378 -0.054933 -0.0403834
0.46254 -0.0648719 -0.0502407
0.46254 -0.0698432 -0.0502407
0.50541 -0.064869 -0.045312
0.405384 -0.139446 0.0187603
0.462542 -0.0946999 -0.0502407
0.405386 -0.169274 0.0286175
0.462542 -0.0996712 -0.0502407
0.405387 -0.189159 0.0335462
0.505418 -0.174239 -0.0255975
0.462543 -0.109614 -0.0502407
0.429197 -0.0847594 0.0384748
0.500654 -0.169267 -0.0502407
0.405379 -0.0599043 -0.0354548
0.462543 -0.114585 -0.0502407
0.462543 -0.119557 -0.0502407
0.505418 -0.184181 -0.0403834
0.405385 -0.15436 -0.0305261
0.462544 -0.129499 -0.0502407
0.462544 -0.134471 -0.0502407
0.462545 -0.139442 -0.0502407
0.462545 -0.144413 -0.0502407
0.462545 -0.149385 -0.0502407
0.457787 -0.228926 0.0138316
0.462546 -0.159327 -0.0502407
0.462546 -0.164299 -0.0502407
0.462547 -0.16927 -0.0502407
0.462548 -0.194127 -0.0502407
0.500652 -0.134468 -0.0502407
0.405387 -0.189159 0.0138316
0.448255 -0.154357 -0.0502407
0.46255 -0.214012 -0.0502407
0.405379 -0.069847 -0.0354548
0.467302 -0.0499575 -0.0502407
0.50542 -0.214009 0.0335462
0.405386 -0.174245 -0.0403834
0.467302 -0.0549289 -0.0502407
0.424433 -0.0748171 -0.0502407
0.467303 -0.0599002 -0.0502407
0.443485 -0.0499591 0.0286175
0.467303 -0.0648715 -0.0502407
0.40539 -0.22893 0.0138316
0.467304 -0.0748142 -0.0502407
0.467303 -0.0648715 0.0384748
0.443485 -0.0499591 -0.0502407
0.405385 -0.149388 -0.000954299
0.467305 -0.0946996 -0.0502407
0.467304 -0.0797856 -0.0502407
0.405382 -0.109618 0.0187603
0.486356 -0.0499562 -0.00588294
0.467305 -0.0996709 -0.0502407
0.481595 -0.0946986 -0.0502407
0.505413 -0.109611 -0.0305261
0.453024 -0.228927 -0.0502407
0.467307 -0.119556 -0.0502407
0.4292 -0.129502 0.0384748
0.467309 -0.159327 -0.0502407
0.505418 -0.184181 -0.0502407
0.419669 -0.0599034 -0.0502407
0.433964 -0.129501 -0.0502407
0.405387 -0.194131 -0.0255975
0.47683 -0.0598996 -0.0502407
0.46731 -0.164298 -0.0502407
0.46731 -0.16927 -0.0502407
0.491131 -0.228924 0.00890298
0.443486 -0.0599018 0.0384748
0.476835 -0.139441 -0.0502407
0.438728 -0.149386 -0.0502407
0.46731 -0.174241 -0.0502407
0.467311 -0.179212 -0.0502407
0.467312 -0.194126 -0.0502407
0.472067 -0.0698426 -0.0502407
0.467313 -0.20904 -0.0502407
0.467313 -0.218983 -0.0502407
0.481604 -0.228925 0.0187603
0.505412 -0.094697 -0.0157402
0.495894 -0.228924 0.0286175
0.467314 -0.223954 -0.0502407
0.505414 -0.124525 -0.00588294
0.467314 -0.228926 -0.0502407
0.476833 -0.114584 -0.0502407
0.472066 -0.0549285 -0.0502407
0.505411 -0.0748117 0.0335462
0.467304 -0.0748142 0.0384748
0.472068 -0.0797852 -0.0502407
0.472068 -0.0847566 -0.0502407
0.472068 -0.0946993 -0.0502407
0.481592 -0.0499566 0.00890298
0.500648 -0.0847547 -0.0502407
0.472066 -0.0499572 -0.0108116
0.472069 -0.0996706 -0.0502407
0.405379 -0.0599043 0.0335462
0.50542 -0.214009 -0.0206689
0.405386 -0.174245 0.0138316
0.472069 -0.104642 -0.0502407
0.438722 -0.0499594 -0.0354548
0.405386 -0.169274 0.0138316
0.472069 -0.109613 -0.0502407
0.438722 -0.0499594 -0.0255975
0.405386 -0.174245 0.0286175
0.47207 -0.119556 -0.0502407
0.505412 -0.094697 0.00890298
0.495894 -0.228924 0.00397434
0.472071 -0.129499 -0.0502407
0.472071 -0.13447 -0.0502407
0.443485 -0.0499591 -0.00588294
0.472071 -0.139441 -0.0502407
0.424441 -0.189158 0.0384748
0.495892 -0.194125 -0.0502407
0.472072 -0.149384 -0.0502407
0.472072 -0.154355 -0.0502407
0.405384 -0.134474 -0.0206689
0.405382 -0.114589 0.00397434
0.472073 -0.159327 -0.0502407
0.405385 -0.15436 -0.00588294
0.472073 -0.169269 -0.0502407
0.472074 -0.174241 -0.0502407
0.405382 -0.104646 0.0384748
0.476833 -0.109613 -0.0502407
0.495883 -0.0598983 -0.0502407
0.491122 -0.094698 0.0384748
0.472074 -0.184183 -0.0502407
0.443497 -0.228927 -0.0157402
0.457784 -0.179213 0.0384748
0.472075 -0.199097 -0.0502407
0.500658 -0.228924 -0.0108116
0.405385 -0.149388 -0.0206689
0.505414 -0.124525 0.0384748
0.453014 -0.0847579 -0.0502407
0.405378 -0.054933 -0.0255975
0.505418 -0.174239 0.0236889
0.472076 -0.20904 -0.0502407
0.405382 -0.109618 -0.000954299
0.505415 -0.139439 -0.0255975
0.472077 -0.218983 -0.0502407
0.414913 -0.174245 -0.0502407
0.472077 -0.223954 -0.0502407
0.505416 -0.154353 -0.0403834
0.462551 -0.228926 -0.0108116
0.472077 -0.228925 -0.0502407
0.405381 -0.0996751 -0.0157402
0.410141 -0.0499613 -0.045312
0.476829 -0.0499569 -0.0502407
0.500646 -0.0499553 -0.0502407
0.405386 -0.164303 -0.0305261
0.47683 -0.0698422 -0.0502407
0.476831 -0.0797849 -0.0502407
0.481595 -0.0946986 0.0384748
0.405384 -0.139446 -0.0255975
0.476832 -0.0897276 -0.0502407
0.467302 -0.0499575 -0.045312
0.405379 -0.069847 -0.0403834
0.476832 -0.094699 -0.0502407
0.481599 -0.154355 -0.0502407
0.405381 -0.0996751 0.00890298
0.476832 -0.0996703 -0.0502407
0.476833 -0.104642 -0.0502407
0.476834 -0.124527 -0.0502407
0.410153 -0.22893 0.0335462
0.476834 -0.129498 -0.0502407
0.476835 -0.13447 -0.0502407
0.500655 -0.189153 -0.0502407
0.405379 -0.0599043 -0.0255975
0.50541 -0.064869 0.0187603
0.476836 -0.149384 -0.0502407
0.476836 -0.154355 0.0384748
0.405383 -0.11956 -0.045312
0.414907 -0.0847604 0.0384748
0.476836 -0.159326 -0.0502407
0.40538 -0.084761 -0.000954299
0.486356 -0.0499562 0.0286175
0.476837 -0.169269 -0.0502407
0.476837 -0.17424 -0.0502407
0.476838 -0.189154 -0.0502407
0.410147 -0.134474 -0.0502407
0.476839 -0.194126 -0.0502407
0.467313 -0.214012 -0.0502407
0.405389 -0.223959 0.0138316
0.476839 -0.204068 -0.0502407
0.419676 -0.169273 0.0384748
0.486356 -0.0598989 -0.0502407
0.47684 -0.20904 -0.0502407
0.476841 -0.228925 -0.0502407
0.481593 -0.0598992 -0.0502407
0.424432 -0.0499604 0.0138316
0.472075 -0.189155 0.0384748
0.481594 -0.0698419 -0.0502407
0.405378 -0.054933 0.00397434
0.46254 -0.0748145 -0.0502407
0.481594 -0.0748133 -0.0502407
0.481594 -0.0797846 -0.0502407
0.505418 -0.174239 0.0335462
0.500658 -0.223952 0.0384748
0.414916 -0.214015 -0.0502407
0.481595 -0.0847559 -0.0502407
0.50541 -0.0598977 0.0138316
0.505421 -0.218981 0.0335462
0.481595 -0.0897273 -0.0502407
0.481596 -0.104641 -0.0502407
0.505409 -0.049955 -0.0354548
0.410153 -0.22893 -0.0403834
0.405383 -0.129503 0.00890298
0.481596 -0.109613 -0.0502407
0.44826 -0.218984 -0.0502407
0.481597 -0.114584 -0.0502407
0.476829 -0.0499569 0.0187603
0.410141 -0.0499613 0.0236889
0.40538 -0.084761 -0.0255975
0.481597 -0.119555 -0.0502407
0.50542 -0.204067 -0.0255975
0.481598 -0.129498 -0.0502407
0.481598 -0.134469 -0.0502407
0.481599 -0.149383 -0.0502407
0.405384 -0.144417 0.0236889
0.438722 -0.0499594 -0.000954299
0.4816 -0.159326 -0.0502407
0.462539 -0.0499578 0.0384748
0.4816 -0.164297 -0.0502407
0.405382 -0.104646 -0.0354548
0.491131 -0.228924 0.0187603
0.505415 -0.129496 -0.045312
0.481601 -0.17424 -0.0502407
0.481601 -0.179211 -0.0502407
0.481602 -0.189154 -0.0502407
0.405389 -0.209045 0.0138316
0.481603 -0.204068 -0.0502407
0.405389 -0.214016 0.0236889
0.481603 -0.214011 -0.0502407
0.462539 -0.0499578 -0.0157402
0.505417 -0.164296 -0.0502407
0.481604 -0.218982 -0.0502407
0.505419 -0.194124 0.00890298
0.419678 -0.204072 0.0384748
0.486356 -0.0499562 -0.0502407
0.486357 -0.0748129 -0.0502407
0.405387 -0.184188 -0.0108116
0.486358 -0.0847556 -0.0502407
0.44825 -0.0698441 0.0384748
0.486359 -0.0996697 -0.0502407
0.476829 -0.0499569 0.0286175
0.48636 -0.114584 -0.0502407
0.505419 -0.194124 -0.0354548
0.40538 -0.0797897 -0.0403834
0.48636 -0.119555 -0.0502407
0.476841 -0.228925 -0.0403834
0.486361 -0.134469 -0.0502407
0.486362 -0.13944 -0.0502407
0.419671 -0.0947028 -0.0502407
0.486362 -0.144412 -0.0502407
0.491126 -0.154354 -0.0502407
0.44826 -0.228927 0.0236889
0.486362 -0.149383 -0.0502407
0.448253 -0.124529 0.0384748
0.40539 -0.22893 -0.0206689
0.486363 -0.159326 -0.0502407
0.472073 -0.164298 -0.0502407
0.405383 -0.124532 0.0236889
0.505414 -0.124525 -0.0403834
0.486364 -0.169268 -0.0502407
0.486364 -0.17424 -0.0502407
0.405383 -0.11956 0.00890298
0.486364 -0.179211 -0.0502407
0.405389 -0.223959 -0.0502407
0.486365 -0.184182 -0.0502407
0.457787 -0.228926 0.0236889
0.486365 -0.189154 -0.0502407
0.486365 -0.194125 -0.0502407
0.429203 -0.169272 -0.0502407
0.424438 -0.149387 -0.0502407
0.486366 -0.199097 -0.0502407
0.486366 -0.204068 -0.0502407
0.43397 -0.228928 0.00397434
0.486366 -0.209039 -0.0502407
0.405388 -0.204073 -0.0502407
0.486367 -0.214011 -0.0502407
0.405379 -0.0599043 0.0187603
0.448249 -0.0499588 -0.0305261
0.410145 -0.109617 0.0384748
0.486367 -0.218982 -0.0502407
0.467312 -0.199098 -0.0502407
0.486367 -0.223953 -0.0502407
0.505414 -0.124525 -0.0354548
0.467314 -0.228926 -0.0206689
0.405378 -0.054933 -0.00588294
0.405389 -0.218987 -0.0305261
0.419668 -0.0499607 -0.045312
0.429206 -0.223957 -0.0502407
0.424434 -0.0947024 -0.0502407
0.486368 -0.228925 -0.0502407
0.491119 -0.0549273 -0.0502407
0.49112 -0.0598986 -0.0502407
0.405387 -0.189159 0.00890298
0.49112 -0.0648699 -0.0502407
0.405387 -0.194131 0.0236889
0.49112 -0.0698413 -0.0502407
0.491121 -0.0847553 -0.0502407
0.491122 -0.0897267 -0.0502407
0.491122 -0.0996693 -0.0502407
0.414905 -0.049961 -0.0255975
0.491123 -0.109612 -0.0502407
0.438734 -0.228928 0.0286175
0.505416 -0.14441 0.0236889
0.491124 -0.119555 -0.0502407
0.405389 -0.218987 -0.0206689
0.491125 -0.134469 -0.0502407
0.491125 -0.13944 -0.0502407
0.410145 -0.109617 -0.0502407
0.491125 -0.144411 -0.0502407
0.491126 -0.149383 -0.0502407
0.486363 -0.154354 0.0384748
0.405388 -0.199102 0.0286175
0.491126 -0.159325 -0.0502407
0.405384 -0.134474 -0.000954299
0.443487 -0.0847585 -0.0502407
0.491127 -0.164297 -0.0502407
0.50542 -0.209038 0.0335462
0.491127 -0.169268 -0.0502407
0.491128 -0.184182 -0.0502407
0.491128 -0.189153 -0.0502407
0.414905 -0.049961 0.0335462
0.491129 -0.194125 -0.0502407
0.49113 -0.21401 -0.0502407
0.443495 -0.204071 -0.0502407
0.49113 -0.218982 -0.0502407
0.481603 -0.214011 0.0384748
0.495883 -0.0499556 -0.0502407
0.495883 -0.0549269 -0.0502407
0.429198 -0.0996735 0.0384748
0.405379 -0.0599043 0.0384748
0.495884 -0.069841 -0.0502407
0.495885 -0.0797837 -0.0502407
0.495885 -0.084755 -0.0502407
0.495887 -0.114583 -0.0502407
0.495887 -0.124526 -0.0502407
0.495888 -0.129497 -0.0502407
0.443497 -0.228927 0.0187603
0.495888 -0.134468 -0.0502407
0.505416 -0.149382 0.0384748
0.495889 -0.13944 -0.0502407
0.40539 -0.22893 -0.045312
0.486356 -0.0499562 0.0384748
0.495889 -0.149382 -0.0502407
0.495889 -0.154354 -0.0502407
0.443485 -0.0499591 -0.0403834
0.405385 -0.149388 -0.0108116
0.505412 -0.094697 0.0286175
0.495894 -0.228924 -0.0157402
0.49589 -0.169268 -0.0502407
0.495891 -0.174239 -0.0502407
0.495891 -0.17921 -0.0502407
0.505413 -0.0996684 0.00890298
0.495893 -0.209039 -0.0502407
0.495893 -0.21401 -0.0502407
0.495894 -0.218981 -0.0502407
0.495894 -0.228924 -0.0502407
0.500648 -0.074812 -0.0502407
0.500648 -0.0797833 -0.0502407
0.467302 -0.0499575 -0.0403834
0.405379 -0.069847 -0.045312
0.500649 -0.089726 -0.0502407
0.500649 -0.0996687 -0.0502407
0.405386 -0.174245 -0.0206689
0.495886 -0.10464 0.0384748
0.405386 -0.169274 -0.0108116
0.486358 -0.0797843 -0.0502407
0.500651 -0.124525 -0.0502407
0.505418 -0.174239 -0.0354548
0.405381 -0.0996751 -0.0403834
0.500652 -0.144411 -0.0502407
0.500653 -0.154353 -0.0502407
0.500654 -0.164296 -0.0502407
0.438724 -0.0797875 -0.0502407
0.405389 -0.223959 -0.045312
0.500654 -0.174239 -0.0502407
0.405387 -0.194131 0.0138316
0.500656 -0.199096 -0.0502407
0.495883 -0.0499556 0.0236889
0.500657 -0.209038 -0.0502407
0.505416 -0.154353 -0.0502407
0.505409 -0.049955 -0.0502407
0.50541 -0.0598977 -0.0502407
0.405384 -0.139446 0.0138316
0.50541 -0.064869 -0.0502407
0.505411 -0.0698403 -0.0502407
0.500658 -0.228924 -0.0157402
0.505411 -0.079783 -0.0502407
0.505412 -0.0847544 -0.0502407
0.405387 -0.194131 0.0286175
0.505413 -0.0996684 -0.0502407
0.505413 -0.10464 -0.0502407
0.505413 -0.109611 -0.0502407
0.405387 -0.194131 -0.0354548
0.424443 -0.228929 -0.0354548
0.486361 -0.129498 -0.0502407
0.505414 -0.119554 -0.0502407
0.40538 -0.0748184 0.0286175
0.505415 -0.134468 -0.0502407
0.405385 -0.149388 -0.00588294
0.40538 -0.0797897 0.0236889
0.476831 -0.0847563 -0.0502407
0.505416 -0.14441 -0.0502407
0.505417 -0.169267 -0.0502407
0.505418 -0.174239 -0.0502407
0.405382 -0.104646 0.0187603
0.505418 -0.17921 -0.0502407
0.405389 -0.214016 -0.0108116
0.453024 -0.228927 0.0138316
0.505419 -0.189153 -0.0502407
0.50542 -0.209038 -0.0502407
0.505421 -0.218981 -0.0502407
0.405378 -0.0499616 0.0335462
0.505414 -0.124525 -0.045312
0.500655 -0.17921 -0.0502407
0.405378 -0.054933 0.0335462
0.41968 -0.228929 -0.0157402
0.405379 -0.0648757 0.0335462
0.467302 -0.0499575 0.0236889
0.405379 -0.069847 0.0335462
0.40538 -0.0797897 0.0335462
0.405381 -0.0947037 0.0335462
0.405382 -0.114589 0.0335462
0.472071 -0.13447 0.0384748
0.405385 -0.149388 0.0335462
0.505418 -0.184181 0.0384748
0.405385 -0.15436 0.0335462
0.405386 -0.164303 0.0335462
0.405386 -0.169274 0.0335462
0.405386 -0.174245 0.0335462
0.405381 -0.0897324 -0.00588294
0.405387 -0.184188 0.0335462
0.505415 -0.139439 -0.0305261
0.448255 -0.144414 -0.0502407
0.405379 -0.0648757 -0.0354548
0.41968 -0.228929 0.0187603
0.405387 -0.194131 0.0335462
0.505413 -0.10464 -0.045312
0.405388 -0.199102 0.0335462
0.495887 -0.124526 0.0384748
0.405388 -0.204073 0.0335462
0.405389 -0.214016 0.0335462
0.481592 -0.0499566 0.0335462
0.405389 -0.218987 0.0335462
0.481602 -0.199097 -0.0502407
0.405378 -0.0499616 0.0286175
0.505414 -0.124525 -0.0502407
0.405378 -0.054933 0.0286175
0.405379 -0.0599043 0.0286175
0.405379 -0.069847 0.0286175
0.40538 -0.0797897 0.0286175
0.476829 -0.0499569 -0.0354548
0.410141 -0.0499613 0.0187603
0.40538 -0.084761 0.0286175
0.405381 -0.0996751 0.0286175
0.405382 -0.104646 0.0286175
0.495883 -0.0549269 0.0384748
0.405383 -0.11956 0.0286175
0.405384 -0.134474 0.0286175
0.50541 -0.064869 -0.0354548
0.405384 -0.139446 0.0286175
0.481598 -0.134469 0.0384748
0.405384 -0.144417 0.0286175
0.500658 -0.228924 0.0335462
0.505411 -0.079783 -0.00588294
0.405385 -0.149388 0.0286175
0.405385 -0.15436 0.0286175
0.405385 -0.159331 0.0286175
0.405387 -0.184188 0.0286175
0.472066 -0.0598999 -0.0502407
0.476834 -0.119556 -0.0502407
0.405387 -0.189159 0.0286175
0.405388 -0.204073 0.0286175
0.405389 -0.218987 0.0286175
0.500647 -0.0648693 0.0384748
0.405389 -0.223959 0.0286175
0.405378 -0.0499616 0.0236889
0.405378 -0.054933 0.0236889
0.405379 -0.0648757 0.0236889
0.405379 -0.069847 0.0236889
0.476829 -0.0499569 -0.0255975
0.410141 -0.0499613 -0.0206689
0.48636 -0.114584 0.0384748
0.4292 -0.119559 0.0384748
0.40538 -0.084761 0.0236889
0.48636 -0.109612 0.0384748
0.405381 -0.0897324 0.0236889
0.405386 -0.169274 -0.0157402
0.491131 -0.223953 -0.0502407
0.405381 -0.0947037 0.0236889
0.405381 -0.0996751 0.0236889
0.472077 -0.228925 0.0138316
0.405382 -0.104646 0.0236889
0.405383 -0.11956 0.0236889
0.47683 -0.0648709 -0.0502407
0.405383 -0.129503 0.0236889
0.405384 -0.134474 0.0236889
0.405389 -0.209045 -0.0354548
0.405384 -0.139446 0.0236889
0.405385 -0.15436 0.0236889
0.405385 -0.159331 0.0236889
0.405387 -0.179217 0.0236889
0.472077 -0.228925 0.0187603
0.405387 -0.184188 0.0236889
0.405387 -0.189159 0.0236889
0.467311 -0.189155 -0.0502407
0.405388 -0.199102 0.0236889
0.405388 -0.204073 0.0236889
0.405389 -0.209045 0.0236889
0.405389 -0.218987 0.0236889
0.405389 -0.223959 0.0236889
0.505417 -0.169267 -0.0305261
0.453017 -0.1295 0.0384748
0.462551 -0.228926 0.0286175
0.40539 -0.22893 0.0236889
0.448249 -0.0599015 0.0384748
0.405378 -0.0499616 0.0187603
0.405379 -0.0648757 0.0187603
0.40538 -0.0748184 0.0187603
0.40538 -0.0797897 0.0187603
0.405381 -0.0897324 0.0187603
0.433958 -0.0499597 0.00890298
0.500656 -0.204067 -0.0502407
0.405383 -0.124532 0.0187603
0.414908 -0.104646 0.0384748
0.405384 -0.134474 0.0187603
0.495894 -0.223953 0.0384748
0.448258 -0.194128 -0.0502407
0.405389 -0.209045 -0.0403834
0.405385 -0.159331 0.0187603
0.405386 -0.164303 0.0187603
0.405386 -0.169274 0.0187603
0.405387 -0.189159 0.0187603
0.405388 -0.199102 0.0187603
0.405388 -0.204073 0.0187603
0.405389 -0.209045 0.0187603
0.405389 -0.214016 0.0187603
0.438731 -0.194128 0.0384748
0.405389 -0.218987 0.0187603
0.419678 -0.19413 0.0384748
0.40539 -0.22893 0.0187603
0.41968 -0.228929 -0.0305261
0.405379 -0.0648757 0.0138316
0.40538 -0.084761 0.0138316
0.410146 -0.11956 0.0384748
0.405388 -0.199102 -0.0206689
0.405381 -0.0947037 0.0138316
0.405387 -0.179217 0.00397434
0.462551 -0.228926 0.0384748
0.481604 -0.223954 -0.0502407
0.405382 -0.104646 0.0138316
0.405382 -0.109618 0.0138316
0.495883 -0.0499556 0.0384748
0.405382 -0.114589 0.0138316
0.41491 -0.134474 -0.0502407
0.405387 -0.194131 0.00890298
0.414917 -0.228929 0.00890298
0.462549 -0.209041 -0.0502407
0.467305 -0.0897282 -0.0502407
0.405383 -0.11956 0.0138316
0.50541 -0.0549263 -0.0206689
0.405383 -0.124532 0.0138316
0.405384 -0.134474 0.0138316
0.405385 -0.149388 0.0138316
0.467314 -0.228926 -0.0157402
0.405378 -0.054933 -0.0354548
0.405385 -0.159331 0.0138316
0.500646 -0.0499553 -0.0206689
0.405386 -0.164303 0.0138316
0.405388 -0.204073 0.0138316
0.50065 -0.114583 -0.0502407
0.405389 -0.214016 0.0138316
0.419679 -0.209044 -0.0502407
0.405378 -0.0499616 0.00890298
0.438729 -0.1643 0.0384748
0.405378 -0.054933 0.00890298
0.405379 -0.0599043 0.00890298
0.405386 -0.174245 -0.0108116
0.419678 -0.199101 0.0384748
0.405379 -0.069847 0.00890298
0.414905 -0.049961 0.0384748
0.453023 -0.209041 0.0384748
0.40538 -0.0748184 0.00890298
0.443495 -0.194128 -0.0502407
0.405381 -0.0897324 0.00890298
0.462541 -0.0797859 -0.0502407
0.405386 -0.169274 -0.00588294
0.405381 -0.0947037 0.00890298
0.405382 -0.104646 0.00890298
0.433958 -0.0499597 -0.0305261
0.405382 -0.114589 0.00890298
0.405383 -0.124532 0.00890298
0.50541 -0.064869 -0.0305261
0.405384 -0.139446 0.00890298
0.405385 -0.15436 0.00890298
0.405386 -0.169274 0.00890298
0.405386 -0.174245 0.00890298
0.505415 -0.139439 -0.0502407
0.405379 -0.0599043 -0.00588294
0.43397 -0.228928 -0.0354548
0.405388 -0.199102 0.00890298
0.405389 -0.223959 0.00890298
0.462551 -0.228926 0.0138316
0.419674 -0.139445 -0.0502407
0.40539 -0.22893 0.00890298
0.405379 -0.0599043 0.00397434
0.462541 -0.0847572 -0.0502407
0.405386 -0.174245 -0.00588294
0.41968 -0.228929 -0.045312
0.443494 -0.189157 -0.0502407
0.405379 -0.0648757 0.00397434
0.405379 -0.069847 0.00397434
0.457783 -0.164299 0.0384748
0.40538 -0.0797897 0.00397434
0.443497 -0.228927 0.0335462
0.410141 -0.0499613 -0.00588294
0.40538 -0.084761 0.00397434
0.405381 -0.0947037 0.00397434
0.505409 -0.049955 -0.0403834
0.405383 -0.129503 0.00397434
0.414909 -0.11956 -0.0502407
0.405384 -0.139446 0.00397434
0.405384 -0.144417 0.00397434
0.405385 -0.15436 0.00397434
0.43397 -0.228928 -0.0305261
0.405388 -0.199102 0.00397434
0.405388 -0.204073 0.00397434
0.500651 -0.119554 -0.0502407
0.405389 -0.209045 0.00397434
0.457777 -0.0797862 0.0384748
0.405389 -0.214016 0.00397434
0.405389 -0.218987 0.00397434
0.40539 -0.22893 0.00397434
0.505415 -0.129496 0.00397434
0.405378 -0.0499616 -0.000954299
0.405379 -0.0599043 -0.000954299
0.41968 -0.228929 -0.000954299
0.405379 -0.0648757 -0.000954299
0.405379 -0.069847 -0.000954299
0.40538 -0.0797897 -0.000954299
0.405381 -0.0897324 -0.000954299
0.433958 -0.0499597 -0.0403834
0.405382 -0.114589 -0.000954299
0.50541 -0.0549263 -0.0354548
0.405383 -0.124532 -0.000954299
0.410153 -0.22893 -0.0305261
0.405383 -0.129503 -0.000954299
0.50541 -0.064869 -0.0403834
0.405384 -0.139446 -0.000954299
0.405384 -0.144417 -0.000954299
0.491124 -0.124526 -0.0502407
0.405385 -0.159331 -0.000954299
0.443486 -0.0698445 -0.0502407
0.405386 -0.174245 -0.000954299
0.405387 -0.179217 -0.000954299
0.405387 -0.184188 -0.000954299
0.405387 -0.189159 -0.000954299
0.405389 -0.214016 -0.000954299
0.405389 -0.223959 -0.000954299
0.405378 -0.0499616 -0.00588294
0.453023 -0.214013 0.0384748
0.405379 -0.069847 -0.00588294
0.481604 -0.228925 -0.0502407
0.40538 -0.0748184 -0.00588294
0.40538 -0.084761 -0.00588294
0.448255 -0.144414 0.0384748
0.405381 -0.0947037 -0.00588294
0.405382 -0.104646 -0.00588294
0.405382 -0.109618 -0.00588294
0.405389 -0.223959 -0.0157402
0.414917 -0.228929 0.00397434
0.405383 -0.11956 -0.00588294
0.405383 -0.124532 -0.00588294
0.405384 -0.134474 -0.00588294
0.433967 -0.184186 0.0384748
0.405384 -0.139446 -0.00588294
0.405389 -0.209045 -0.00588294
0.448258 -0.199099 -0.0502407
0.405389 -0.214016 -0.00588294
0.405389 -0.218987 -0.00588294
0.405378 -0.054933 -0.0305261
0.405389 -0.223959 -0.00588294
0.472068 -0.0797852 0.0384748
0.405382 -0.109618 -0.0206689
0.505415 -0.129496 -0.0305261
0.405378 -0.0499616 -0.0108116
0.47207 -0.124527 -0.0502407
0.405378 -0.054933 -0.0108116
0.405379 -0.0599043 -0.0108116
0.505415 -0.139439 -0.00588294
0.500656 -0.194124 -0.0502407
0.405379 -0.0648757 -0.0108116
0.467302 -0.0499575 -0.0255975
0.405379 -0.069847 -0.0108116
0.40538 -0.0748184 -0.0108116
0.405382 -0.104646 -0.0108116
0.433958 -0.0499597 -0.0157402
0.405382 -0.114589 -0.0108116
0.45778 -0.119557 -0.0502407
0.405383 -0.11956 -0.0108116
0.50541 -0.0549263 -0.045312
0.405383 -0.124532 -0.0108116
0.505409 -0.049955 -0.045312
0.405383 -0.129503 -0.0108116
0.405384 -0.134474 -0.0108116
0.405384 -0.144417 -0.0108116
0.405385 -0.159331 -0.0108116
0.405387 -0.179217 -0.0108116
0.405388 -0.204073 -0.0108116
0.405389 -0.218987 -0.0108116
0.405378 -0.0499616 -0.0157402
0.405379 -0.0599043 -0.0157402
0.405386 -0.174245 -0.0354548
0.405379 -0.069847 -0.0157402
0.481604 -0.228925 -0.0354548
0.40538 -0.0748184 -0.0157402
0.505416 -0.149382 0.00397434
0.40538 -0.0797897 -0.0157402
0.410141 -0.0499613 -0.0354548
0.40538 -0.084761 -0.0157402
0.405382 -0.114589 -0.0157402
0.45302 -0.174242 0.0384748
0.405384 -0.139446 -0.0157402
0.433967 -0.179215 0.0384748
0.405384 -0.144417 -0.0157402
0.405385 -0.159331 -0.0157402
0.405386 -0.174245 -0.0157402
0.405379 -0.0599043 -0.0305261
0.405387 -0.179217 -0.0157402
0.505412 -0.094697 -0.00588294
0.495894 -0.228924 0.0187603
0.419673 -0.119559 0.0384748
0.405388 -0.204073 -0.0157402
0.405389 -0.214016 -0.0157402
0.40539 -0.22893 -0.0157402
0.40538 -0.0748184 -0.0206689
0.476829 -0.0499569 0.0138316
0.40538 -0.084761 -0.0206689
0.405388 -0.199102 -0.0403834
0.505417 -0.159324 -0.0255975
0.405381 -0.0897324 -0.0206689
0.495884 -0.0748123 0.0384748
0.405381 -0.0996751 -0.0206689
0.505417 -0.169267 -0.000954299
0.405382 -0.104646 -0.0206689
0.405382 -0.114589 -0.0206689
0.433958 -0.0499597 0.0236889
0.405383 -0.124532 -0.0206689
0.405385 -0.15436 -0.0206689
0.462547 -0.174241 -0.0502407
0.433962 -0.109616 0.0384748
0.405386 -0.164303 -0.0206689
0.405386 -0.169274 -0.0206689
0.405381 -0.0897324 -0.0403834
0.405387 -0.189159 -0.0206689
0.405385 -0.15436 -0.0354548
0.405387 -0.194131 -0.0206689
0.495883 -0.0499556 -0.000954299
0.405382 -0.114589 -0.0305261
0.405388 -0.204073 -0.0206689
0.405389 -0.209045 -0.0206689
0.505415 -0.129496 -0.0206689
0.405378 -0.0499616 -0.0255975
0.467302 -0.0499575 0.0138316
0.405379 -0.069847 -0.0255975
0.505419 -0.194124 -0.0157402
0.40538 -0.0797897 -0.0255975
0.505418 -0.174239 -0.0206689
0.405381 -0.0996751 -0.0255975
0.462551 -0.228926 -0.00588294
0.405382 -0.104646 -0.0255975
0.405382 -0.114589 -0.0255975
0.50541 -0.0549263 0.0335462
0.405383 -0.11956 -0.0255975
0.433958 -0.0499597 0.0187603
0.405383 -0.124532 -0.0255975
0.405383 -0.129503 -0.0255975
0.405384 -0.144417 -0.0255975
0.443485 -0.0499591 -0.0255975
0.405385 -0.149388 -0.0255975
0.505418 -0.184181 -0.045312
0.405385 -0.15436 -0.0255975
0.438723 -0.0698448 -0.0502407
0.405387 -0.189159 -0.0354548
0.500646 -0.0499553 -0.0354548
0.410149 -0.164302 0.0384748
0.467313 -0.20904 0.0384748
0.405386 -0.164303 -0.0255975
0.472066 -0.0648712 0.0384748
0.405386 -0.174245 -0.0255975
0.405387 -0.179217 -0.0255975
0.405381 -0.0947037 -0.0403834
0.405387 -0.184188 -0.0255975
0.405387 -0.189159 -0.0255975
0.429202 -0.15933 0.0384748
0.414906 -0.064875 -0.0502407
0.405385 -0.15436 -0.0403834
0.405388 -0.204073 -0.0255975
0.405378 -0.0499616 -0.0305261
0.405379 -0.0648757 -0.0305261
0.405379 -0.069847 -0.0305261
0.481604 -0.228925 -0.0255975
0.429199 -0.104645 -0.0502407
0.40538 -0.0748184 -0.0305261
0.505416 -0.149382 -0.0108116
0.40538 -0.0797897 -0.0305261
0.476829 -0.0499569 -0.0206689
0.410141 -0.0499613 0.0335462
0.40538 -0.084761 -0.0305261
0.405381 -0.0996751 -0.0305261
0.414917 -0.228929 -0.0206689
0.45778 -0.119557 0.0384748
0.405383 -0.11956 -0.0305261
0.405383 -0.124532 -0.0305261
0.457787 -0.223955 0.0384748
0.405384 -0.134474 -0.0305261
0.405384 -0.144417 -0.0305261
0.405386 -0.169274 -0.0305261
0.405387 -0.184188 -0.0305261
0.433969 -0.214014 -0.0502407
0.405387 -0.189159 -0.0305261
0.405388 -0.204073 -0.0305261
0.429207 -0.228928 0.0138316
0.405389 -0.209045 -0.0305261
0.405389 -0.214016 -0.0305261
0.44349 -0.119558 0.0384748
0.405389 -0.223959 -0.0305261
0.429195 -0.0549314 -0.0502407
0.40539 -0.22893 -0.0305261
0.40538 -0.0748184 -0.0354548
0.476829 -0.0499569 -0.0157402
0.410141 -0.0499613 0.0384748
0.40538 -0.084761 -0.0354548
0.495884 -0.069841 0.0384748
0.405381 -0.0947037 -0.0354548
0.405387 -0.179217 -0.045312
0.505418 -0.174239 -0.00588294
0.405381 -0.0996751 -0.0354548
0.405383 -0.11956 -0.0354548
0.433958 -0.0499597 0.0286175
0.405383 -0.124532 -0.0354548
0.405384 -0.134474 -0.0354548
0.405384 -0.144417 -0.0354548
0.505419 -0.189153 -0.0354548
0.405385 -0.149388 -0.0354548
0.500646 -0.0499553 0.0286175
0.405386 -0.164303 -0.0354548
0.424443 -0.228929 0.0335462
0.405386 -0.169274 -0.0354548
0.405387 -0.184188 -0.0354548
0.405388 -0.204073 -0.0354548
0.429207 -0.228928 0.0187603
0.491124 -0.129497 -0.0502407
0.405389 -0.214016 -0.0354548
0.41967 -0.0748174 -0.0502407
0.405389 -0.223959 -0.0354548
0.467311 -0.179212 0.0384748
0.40539 -0.22893 -0.0354548
0.505415 -0.139439 -0.0354548
0.41968 -0.228929 0.0138316
0.405379 -0.0648757 -0.0403834
0.481604 -0.228925 -0.0157402
0.40538 -0.0748184 -0.0403834
0.40538 -0.084761 -0.0403834
0.495883 -0.0499556 -0.0157402
0.405382 -0.114589 -0.0403834
0.414907 -0.0897317 -0.0502407
0.405383 -0.11956 -0.0403834
0.405383 -0.129503 -0.0403834
0.405384 -0.134474 -0.0403834
0.405384 -0.139446 -0.0403834
0.405384 -0.144417 -0.0403834
0.443485 -0.0499591 -0.0354548
0.500658 -0.228924 0.00890298
0.405385 -0.149388 -0.0403834
0.405385 -0.159331 -0.0403834
0.4816 -0.159326 0.0384748
0.405387 -0.179217 -0.0403834
0.405387 -0.184188 -0.0403834
0.405387 -0.194131 -0.0403834
0.405388 -0.204073 -0.0403834
0.429207 -0.228928 0.0236889
0.405389 -0.214016 -0.0403834
0.405389 -0.218987 -0.0403834
0.40539 -0.22893 -0.0403834
0.505415 -0.129496 -0.0157402
0.405378 -0.0499616 -0.045312
0.405379 -0.0599043 -0.045312
0.41968 -0.228929 0.00397434
0.405379 -0.0648757 -0.045312
0.40538 -0.0748184 -0.045312
0.476829 -0.0499569 -0.0108116
0.40538 -0.084761 -0.045312
0.505419 -0.199095 -0.0206689
0.405382 -0.109618 -0.045312
0.495883 -0.0499556 -0.0108116
0.405382 -0.114589 -0.045312
0.405383 -0.124532 -0.045312
0.405383 -0.129503 -0.045312
0.405384 -0.139446 -0.045312
0.405386 -0.164303 -0.045312
0.410151 -0.19413 0.0384748
0.405386 -0.169274 -0.045312
0.405386 -0.174245 -0.045312
0.405388 -0.199102 -0.045312
0.429207 -0.228928 0.0335462
0.453024 -0.228927 0.0335462
0.405382 -0.104646 -0.0403834
0.486356 -0.0549276 -0.0502407
0.462551 -0.228926 0.0335462
0.505421 -0.228923 0.0335462
0.405383 -0.11956 0.0187603
0.414917 -0.228929 0.0286175
0.505415 -0.139439 -0.0157402
0.405379 -0.0648757 -0.0206689
0.41968 -0.228929 0.0286175
0.43397 -0.228928 0.0286175
0.44826 -0.228927 0.0286175
0.457783 -0.159328 0.0384748
0.453024 -0.228927 0.0286175
0.467314 -0.228926 0.0286175
0.476841 -0.228925 0.0286175
0.481604 -0.228925 0.0286175
0.405378 -0.0499616 -0.0502407
0.486368 -0.228925 0.0286175
0.491131 -0.228924 0.0286175
0.410153 -0.22893 0.0236889
0.500656 -0.199096 0.0384748
0.405383 -0.11956 0.00397434
0.414917 -0.228929 0.0236889
0.424439 -0.164301 0.0384748
0.43397 -0.228928 0.0236889
0.443497 -0.228927 0.0236889
0.453024 -0.228927 0.0236889
0.505417 -0.169267 -0.0255975
0.405382 -0.104646 -0.045312
0.462551 -0.228926 0.0236889
0.467314 -0.228926 0.0236889
0.481601 -0.184183 0.0384748
0.476841 -0.228925 0.0236889
0.491129 -0.194125 0.0384748
0.481604 -0.228925 0.0236889
0.486368 -0.228925 0.0187603
0.424443 -0.228929 0.0187603
0.453024 -0.228927 0.0187603
0.49112 -0.0598986 0.0384748
0.457787 -0.228926 0.0187603
0.405382 -0.104646 -0.0502407
0.462551 -0.228926 0.0187603
0.486368 -0.228925 0.0138316
0.424443 -0.228929 0.0138316
0.405389 -0.209045 0.0335462
0.438734 -0.228928 0.0138316
0.414915 -0.199101 -0.0502407
0.443497 -0.228927 0.0138316
0.505412 -0.0897257 0.0286175
0.467314 -0.228926 0.0138316
0.438729 -0.154358 -0.0502407
0.476841 -0.228925 0.0138316
