ply
format ascii 1.0
comment Created by Open3D
element vertex 18748
property double x
property double y
property double z
end_header
0.615452 0.0551898 0.0830066
0.620418 0.05519 0.0830066
0.625384 0.0551902 0.0830066
0.635316 0.0551906 0.0830066
0.650214 0.0551913 0.0830066
0.65518 0.0551915 0.0830066
0.670077 0.0551921 0.0830066
0.680009 0.0551925 0.0830066
0.699873 0.0551934 0.0830066
0.704839 0.0551936 0.0830066
0.709804 0.0551938 0.0830066
0.71477 0.055194 0.0830066
0.729668 0.0551946 0.0830066
0.734634 0.0551949 0.0830066
0.7396 0.0551951 0.0830066
0.744566 0.0551953 0.0830066
0.749532 0.0551955 0.0830066
0.754497 0.0551957 0.0830066
0.759463 0.0551959 0.0830066
0.615452 0.0551898 0.0878078
0.620418 0.05519 0.0878078
0.625384 0.0551902 0.0878078
0.63035 0.0551904 0.0878078
0.635316 0.0551906 0.0878078
0.65518 0.0551915 0.0878078
0.689941 0.055193 0.0878078
0.699873 0.0551934 0.0878078
0.709804 0.0551938 0.0878078
0.71477 0.055194 0.0878078
0.719736 0.0551942 0.0878078
0.724702 0.0551944 0.0878078
0.734634 0.0551949 0.0878078
0.744566 0.0551953 0.0878078
0.749532 0.0551955 0.0878078
0.754497 0.0551957 0.0878078
0.759463 0.0551959 0.0878078
0.620418 0.05519 0.0926089
0.625384 0.0551902 0.0926089
0.635316 0.0551906 0.0926089
0.640282 0.0551908 0.0926089
0.650214 0.0551913 0.0926089
0.65518 0.0551915 0.0926089
0.660145 0.0551917 0.0926089
0.675043 0.0551923 0.0926089
0.680009 0.0551925 0.0926089
0.699873 0.0551934 0.0926089
0.709804 0.0551938 0.0926089
0.71477 0.055194 0.0926089
0.719736 0.0551942 0.0926089
0.729668 0.0551946 0.0926089
0.734634 0.0551949 0.0926089
0.7396 0.0551951 0.0926089
0.744566 0.0551953 0.0926089
0.759463 0.0551959 0.0926089
0.615452 0.0551898 0.0974101
0.620418 0.05519 0.0974101
0.625384 0.0551902 0.0974101
0.63035 0.0551904 0.0974101
0.65518 0.0551915 0.0974101
0.660145 0.0551917 0.0974101
0.680009 0.0551925 0.0974101
0.689941 0.055193 0.0974101
0.694907 0.0551932 0.0974101
0.699873 0.0551934 0.0974101
0.71477 0.055194 0.0974101
0.749532 0.0551955 0.0974101
0.759463 0.0551959 0.0974101
0.764429 0.0551961 0.0974101
0.620418 0.05519 0.102211
0.625384 0.0551902 0.102211
0.645248 0.055191 0.102211
0.650214 0.0551913 0.102211
0.65518 0.0551915 0.102211
0.694907 0.0551932 0.102211
0.71477 0.055194 0.102211
0.729668 0.0551946 0.102211
0.744566 0.0551953 0.102211
0.759463 0.0551959 0.102211
0.620418 0.05519 0.107012
0.625384 0.0551902 0.107012
0.635316 0.0551906 0.107012
0.640282 0.0551908 0.107012
0.645248 0.055191 0.107012
0.675043 0.0551923 0.107012
0.680009 0.0551925 0.107012
0.684975 0.0551927 0.107012
0.699873 0.0551934 0.107012
0.704839 0.0551936 0.107012
0.724702 0.0551944 0.107012
0.7396 0.0551951 0.107012
0.744566 0.0551953 0.107012
0.754497 0.0551957 0.107012
0.615452 0.0551898 0.111814
0.620418 0.05519 0.111814
0.704839 0.0551936 0.0878078
0.625384 0.0551902 0.111814
0.635316 0.0551906 0.111814
0.640282 0.0551908 0.111814
0.645248 0.055191 0.111814
0.670077 0.0551921 0.111814
0.675043 0.0551923 0.111814
0.684975 0.0551927 0.111814
0.699873 0.0551934 0.111814
0.709804 0.0551938 0.111814
0.719736 0.0551942 0.111814
0.724702 0.0551944 0.111814
0.729668 0.0551946 0.111814
0.734634 0.0551949 0.111814
0.744566 0.0551953 0.111814
0.754497 0.0551957 0.111814
0.759463 0.0551959 0.111814
0.620418 0.05519 0.116615
0.625384 0.0551902 0.116615
0.63035 0.0551904 0.116615
0.635316 0.0551906 0.116615
0.640282 0.0551908 0.116615
0.645248 0.055191 0.116615
0.65518 0.0551915 0.116615
0.660145 0.0551917 0.116615
0.665111 0.0551919 0.116615
0.670077 0.0551921 0.116615
0.675043 0.0551923 0.116615
0.684975 0.0551927 0.116615
0.694907 0.0551932 0.116615
0.71477 0.055194 0.116615
0.719736 0.0551942 0.116615
0.724702 0.0551944 0.116615
0.7396 0.0551951 0.116615
0.744566 0.0551953 0.116615
0.749532 0.0551955 0.116615
0.754497 0.0551957 0.116615
0.759463 0.0551959 0.116615
0.764429 0.0551961 0.116615
0.615452 0.0551898 0.121416
0.635316 0.0551906 0.121416
0.640282 0.0551908 0.121416
0.645248 0.055191 0.121416
0.665111 0.0551919 0.121416
0.675043 0.0551923 0.121416
0.680009 0.0551925 0.121416
0.684975 0.0551927 0.121416
0.689941 0.055193 0.121416
0.694907 0.0551932 0.121416
0.699873 0.0551934 0.121416
0.704839 0.0551936 0.121416
0.724702 0.0551944 0.121416
0.729668 0.0551946 0.121416
0.734634 0.0551949 0.121416
0.754497 0.0551957 0.121416
0.759463 0.0551959 0.121416
0.764429 0.0551961 0.121416
0.620418 0.05519 0.126217
0.625384 0.0551902 0.126217
0.63035 0.0551904 0.126217
0.635316 0.0551906 0.126217
0.640282 0.0551908 0.126217
0.645248 0.055191 0.126217
0.65518 0.0551915 0.126217
0.665111 0.0551919 0.126217
0.675043 0.0551923 0.126217
0.689941 0.055193 0.126217
0.699873 0.0551934 0.126217
0.704839 0.0551936 0.126217
0.7396 0.0551951 0.126217
0.744566 0.0551953 0.126217
0.749532 0.0551955 0.126217
0.689941 0.055193 0.111814
0.754497 0.0551957 0.126217
0.764429 0.0551961 0.126217
0.620418 0.05519 0.131018
0.625384 0.0551902 0.131018
0.640282 0.0551908 0.131018
0.65518 0.0551915 0.131018
0.675043 0.0551923 0.131018
0.7396 0.0551951 0.131018
0.744566 0.0551953 0.131018
0.759463 0.0551959 0.131018
0.764429 0.0551961 0.131018
0.615452 0.0551898 0.135819
0.620418 0.05519 0.135819
0.625384 0.0551902 0.135819
0.665111 0.0551919 0.135819
0.670077 0.0551921 0.135819
0.675043 0.0551923 0.135819
0.680009 0.0551925 0.135819
0.684975 0.0551927 0.135819
0.689941 0.055193 0.135819
0.699873 0.0551934 0.135819
0.709804 0.0551938 0.135819
0.71477 0.055194 0.135819
0.719736 0.0551942 0.135819
0.734634 0.0551949 0.135819
0.7396 0.0551951 0.135819
0.744566 0.0551953 0.135819
0.689941 0.055193 0.0830066
0.754497 0.0551957 0.135819
0.759463 0.0551959 0.135819
0.764429 0.0551961 0.135819
0.615452 0.0551898 0.140621
0.620418 0.05519 0.140621
0.625384 0.0551902 0.140621
0.635316 0.0551906 0.140621
0.640282 0.0551908 0.140621
0.645248 0.055191 0.140621
0.65518 0.0551915 0.140621
0.665111 0.0551919 0.140621
0.675043 0.0551923 0.140621
0.680009 0.0551925 0.140621
0.689941 0.055193 0.140621
0.699873 0.0551934 0.140621
0.704839 0.0551936 0.140621
0.71477 0.055194 0.140621
0.719736 0.0551942 0.140621
0.729668 0.0551946 0.140621
0.744566 0.0551953 0.140621
0.754497 0.0551957 0.140621
0.759463 0.0551959 0.140621
0.764429 0.0551961 0.140621
0.615452 0.0551898 0.145422
0.620418 0.05519 0.145422
0.63035 0.0551904 0.145422
0.635316 0.0551906 0.145422
0.650214 0.0551913 0.145422
0.65518 0.0551915 0.145422
0.660145 0.0551917 0.145422
0.670077 0.0551921 0.145422
0.675043 0.0551923 0.145422
0.694907 0.0551932 0.145422
0.699873 0.0551934 0.145422
0.724702 0.0551944 0.145422
0.734634 0.0551949 0.145422
0.744566 0.0551953 0.145422
0.754497 0.0551957 0.145422
0.759463 0.0551959 0.145422
0.764429 0.0551961 0.145422
0.615452 0.0551898 0.150223
0.704839 0.0551936 0.0974101
0.625384 0.0551902 0.150223
0.635316 0.0551906 0.150223
0.645248 0.055191 0.150223
0.65518 0.0551915 0.150223
0.665111 0.0551919 0.150223
0.680009 0.0551925 0.150223
0.699873 0.0551934 0.150223
0.719736 0.0551942 0.150223
0.729668 0.0551946 0.150223
0.7396 0.0551951 0.150223
0.754497 0.0551957 0.150223
0.759463 0.0551959 0.150223
0.764429 0.0551961 0.150223
0.615452 0.0551898 0.155024
0.625384 0.0551902 0.155024
0.635316 0.0551906 0.155024
0.640282 0.0551908 0.155024
0.645248 0.055191 0.155024
0.650214 0.0551913 0.155024
0.65518 0.0551915 0.155024
0.665111 0.0551919 0.155024
0.670077 0.0551921 0.155024
0.694907 0.0551932 0.155024
0.704839 0.0551936 0.155024
0.729668 0.0551946 0.155024
0.7396 0.0551951 0.155024
0.689941 0.055193 0.0926089
0.754497 0.0551957 0.155024
0.759463 0.0551959 0.155024
0.615452 0.0551898 0.159825
0.704839 0.0551936 0.135819
0.625384 0.0551902 0.159825
0.645248 0.055191 0.159825
0.660145 0.0551917 0.159825
0.675043 0.0551923 0.159825
0.694907 0.0551932 0.159825
0.699873 0.0551934 0.159825
0.709804 0.0551938 0.159825
0.71477 0.055194 0.159825
0.719736 0.0551942 0.159825
0.729668 0.0551946 0.159825
0.7396 0.0551951 0.159825
0.744566 0.0551953 0.159825
0.759463 0.0551959 0.159825
0.615452 0.0551898 0.164626
0.620418 0.05519 0.164626
0.625384 0.0551902 0.164626
0.640282 0.0551908 0.164626
0.65518 0.0551915 0.164626
0.675043 0.0551923 0.164626
0.680009 0.0551925 0.164626
0.689941 0.055193 0.164626
0.704839 0.0551936 0.164626
0.71477 0.055194 0.164626
0.719736 0.0551942 0.164626
0.729668 0.0551946 0.164626
0.7396 0.0551951 0.164626
0.744566 0.0551953 0.164626
0.754497 0.0551957 0.164626
0.615452 0.0551898 0.169428
0.620418 0.05519 0.169428
0.63035 0.0551904 0.169428
0.640282 0.0551908 0.169428
0.645248 0.055191 0.169428
0.650214 0.0551913 0.169428
0.65518 0.0551915 0.169428
0.660145 0.0551917 0.169428
0.670077 0.0551921 0.169428
0.675043 0.0551923 0.169428
0.694907 0.0551932 0.169428
0.699873 0.0551934 0.169428
0.729668 0.0551946 0.169428
0.734634 0.0551949 0.169428
0.7396 0.0551951 0.169428
0.744566 0.0551953 0.169428
0.754497 0.0551957 0.169428
0.759463 0.0551959 0.169428
0.764429 0.0551961 0.169428
0.615452 0.0551898 0.174229
0.620418 0.05519 0.174229
0.625384 0.0551902 0.174229
0.660145 0.0551917 0.174229
0.670077 0.0551921 0.174229
0.684975 0.0551927 0.174229
0.764429 0.0551961 0.0830066
0.694907 0.0551932 0.174229
0.699873 0.0551934 0.174229
0.709804 0.0551938 0.174229
0.71477 0.055194 0.174229
0.719736 0.0551942 0.174229
0.729668 0.0551946 0.174229
0.7396 0.0551951 0.174229
0.744566 0.0551953 0.174229
0.689941 0.055193 0.159825
0.754497 0.0551957 0.174229
0.759463 0.0551959 0.174229
0.764429 0.0551961 0.174229
0.615452 0.0551898 0.17903
0.620418 0.05519 0.17903
0.625384 0.0551902 0.17903
0.635316 0.0551906 0.17903
0.640282 0.0551908 0.17903
0.645248 0.055191 0.17903
0.660145 0.0551917 0.17903
0.675043 0.0551923 0.17903
0.684975 0.0551927 0.17903
0.709804 0.0551938 0.17903
0.729668 0.0551946 0.17903
0.734634 0.0551949 0.17903
0.7396 0.0551951 0.17903
0.744566 0.0551953 0.17903
0.689941 0.055193 0.116615
0.754497 0.0551957 0.17903
0.759463 0.0551959 0.17903
0.615452 0.0551898 0.183831
0.620418 0.05519 0.183831
0.704839 0.0551936 0.111814
0.625384 0.0551902 0.183831
0.635316 0.0551906 0.183831
0.65518 0.0551915 0.183831
0.675043 0.0551923 0.183831
0.754497 0.0551957 0.102211
0.689941 0.055193 0.183831
0.699873 0.0551934 0.183831
0.704839 0.0551936 0.183831
0.719736 0.0551942 0.183831
0.729668 0.0551946 0.183831
0.744566 0.0551953 0.183831
0.689941 0.055193 0.131018
0.754497 0.0551957 0.183831
0.759463 0.0551959 0.183831
0.615452 0.0551898 0.188632
0.625384 0.0551902 0.188632
0.635316 0.0551906 0.188632
0.640282 0.0551908 0.188632
0.65518 0.0551915 0.188632
0.660145 0.0551917 0.188632
0.665111 0.0551919 0.188632
0.675043 0.0551923 0.188632
0.689941 0.055193 0.188632
0.694907 0.0551932 0.188632
0.699873 0.0551934 0.188632
0.704839 0.0551936 0.188632
0.709804 0.0551938 0.188632
0.719736 0.0551942 0.188632
0.729668 0.0551946 0.188632
0.7396 0.0551951 0.188632
0.744566 0.0551953 0.188632
0.764429 0.0551961 0.188632
0.615452 0.0551898 0.193433
0.704839 0.0551936 0.150223
0.625384 0.0551902 0.193433
0.635316 0.0551906 0.193433
0.640282 0.0551908 0.193433
0.645248 0.055191 0.193433
0.650214 0.0551913 0.193433
0.65518 0.0551915 0.193433
0.660145 0.0551917 0.193433
0.689941 0.055193 0.193433
0.694907 0.0551932 0.193433
0.704839 0.0551936 0.193433
0.71477 0.055194 0.193433
0.719736 0.0551942 0.193433
0.724702 0.0551944 0.193433
0.7396 0.0551951 0.193433
0.744566 0.0551953 0.193433
0.759463 0.0551959 0.193433
0.764429 0.0551961 0.193433
0.754497 0.0551957 0.0926089
0.769395 0.0551963 0.0830066
0.769395 0.0503026 0.0830066
0.769396 0.0405151 0.0830066
0.769396 0.0356214 0.0830066
0.769396 0.0307277 0.0830066
0.769396 0.0258339 0.0830066
0.769397 0.0160465 0.0830066
0.749532 0.0551955 0.140621
0.769397 0.0111528 0.0830066
0.769397 0.00625903 0.0830066
0.769398 -0.0182096 0.0830066
0.769399 -0.0279971 0.0830066
0.769399 -0.0328908 0.0830066
0.7694 -0.0622532 0.0830066
0.7694 -0.0671469 0.0830066
0.769401 -0.0720407 0.0830066
0.769401 -0.0818281 0.0830066
0.769401 -0.0916156 0.0830066
0.769402 -0.0965093 0.0830066
0.769402 -0.101403 0.0830066
0.71477 0.055194 0.107012
0.769402 -0.106297 0.0830066
0.769402 -0.111191 0.0830066
0.769403 -0.120978 0.0830066
0.769403 -0.125872 0.0830066
0.769403 -0.130765 0.0830066
0.769404 -0.15034 0.0830066
0.769404 -0.160128 0.0830066
0.769405 -0.165022 0.0830066
0.719736 0.0551942 0.169428
0.769405 -0.169915 0.0830066
0.754497 0.0551957 0.0974101
0.769395 0.0551963 0.0878078
0.769395 0.0503026 0.0878078
0.769396 0.0454089 0.0878078
0.769396 0.0307277 0.0878078
0.769396 0.0258339 0.0878078
0.769397 0.0209402 0.0878078
0.769397 0.0160465 0.0878078
0.769397 0.00625903 0.0878078
0.769397 0.0013653 0.0878078
0.769398 -0.00352843 0.0878078
0.769398 -0.00842217 0.0878078
0.724702 0.0551944 0.0926089
0.769399 -0.0377846 0.0878078
0.769399 -0.0426783 0.0878078
0.7694 -0.0524657 0.0878078
0.7694 -0.0573595 0.0878078
0.769401 -0.0720407 0.0878078
0.769401 -0.0769344 0.0878078
0.769401 -0.0818281 0.0878078
0.769401 -0.0916156 0.0878078
0.769402 -0.0965093 0.0878078
0.769402 -0.106297 0.0878078
0.769403 -0.116084 0.0878078
0.769404 -0.15034 0.0878078
0.769405 -0.165022 0.0878078
0.769405 -0.169915 0.0878078
0.769395 0.0551963 0.0926089
0.734634 0.0551949 0.140621
0.769396 0.0454089 0.0926089
0.645248 0.055191 0.0974101
0.769396 0.0405151 0.0926089
0.769396 0.0356214 0.0926089
0.769396 0.0307277 0.0926089
0.769396 0.0258339 0.0926089
0.769397 0.0160465 0.0926089
0.769397 0.00625903 0.0926089
0.769397 0.0013653 0.0926089
0.769398 -0.00352843 0.0926089
0.769398 -0.0133159 0.0926089
0.660145 0.0551917 0.183831
0.769398 -0.0182096 0.0926089
0.769399 -0.0231034 0.0926089
0.724702 0.0551944 0.164626
0.769399 -0.0279971 0.0926089
0.769399 -0.0328908 0.0926089
0.769399 -0.0377846 0.0926089
0.7694 -0.0524657 0.0926089
0.7694 -0.0573595 0.0926089
0.7694 -0.0622532 0.0926089
0.7694 -0.0671469 0.0926089
0.769401 -0.0720407 0.0926089
0.769401 -0.0818281 0.0926089
0.769402 -0.101403 0.0926089
0.769402 -0.106297 0.0926089
0.769402 -0.111191 0.0926089
0.769403 -0.116084 0.0926089
0.769403 -0.120978 0.0926089
0.769403 -0.125872 0.0926089
0.769403 -0.130765 0.0926089
0.769404 -0.155234 0.0926089
0.769404 -0.160128 0.0926089
0.769405 -0.165022 0.0926089
0.769405 -0.169915 0.0926089
0.689941 0.055193 0.174229
0.769395 0.0551963 0.0974101
0.769395 0.0503026 0.0974101
0.769396 0.0454089 0.0974101
0.769396 0.0356214 0.0974101
0.769396 0.0258339 0.0974101
0.769397 0.0209402 0.0974101
0.769397 0.00625903 0.0974101
0.769397 0.0013653 0.0974101
0.769398 -0.00352843 0.0974101
0.769398 -0.00842217 0.0974101
0.769398 -0.0133159 0.0974101
0.660145 0.0551917 0.126217
0.769398 -0.0182096 0.0974101
0.769399 -0.0426783 0.0974101
0.7694 -0.047572 0.0974101
0.7694 -0.0573595 0.0974101
0.7694 -0.0622532 0.0974101
0.7694 -0.0671469 0.0974101
0.769401 -0.0720407 0.0974101
0.769401 -0.0818281 0.0974101
0.769401 -0.0867219 0.0974101
0.769401 -0.0916156 0.0974101
0.769402 -0.0965093 0.0974101
0.71477 0.055194 0.145422
0.769402 -0.106297 0.0974101
0.769402 -0.111191 0.0974101
0.769403 -0.116084 0.0974101
0.769403 -0.120978 0.0974101
0.769403 -0.125872 0.0974101
0.769404 -0.140553 0.0974101
0.769404 -0.145447 0.0974101
0.769404 -0.15034 0.0974101
0.729668 0.0551946 0.145422
0.769404 -0.155234 0.0974101
0.769404 -0.160128 0.0974101
0.769405 -0.165022 0.0974101
0.719736 0.0551942 0.17903
0.769405 -0.169915 0.0974101
0.689941 0.055193 0.169428
0.769395 0.0551963 0.102211
0.769395 0.0503026 0.102211
0.734634 0.0551949 0.131018
0.769396 0.0454089 0.102211
0.769396 0.0356214 0.102211
0.769396 0.0258339 0.102211
0.769397 0.0209402 0.102211
0.769397 0.0160465 0.102211
0.749532 0.0551955 0.159825
0.769397 0.0111528 0.102211
0.769397 0.00625903 0.102211
0.769397 0.0013653 0.102211
0.769398 -0.0133159 0.102211
0.769399 -0.0231034 0.102211
0.724702 0.0551944 0.155024
0.769399 -0.0279971 0.102211
0.769399 -0.0426783 0.102211
0.7694 -0.0524657 0.102211
0.7694 -0.0573595 0.102211
0.7694 -0.0622532 0.102211
0.7694 -0.0671469 0.102211
0.769401 -0.0720407 0.102211
0.769401 -0.0916156 0.102211
0.769402 -0.0965093 0.102211
0.769402 -0.101403 0.102211
0.71477 0.055194 0.150223
0.769402 -0.106297 0.102211
0.769402 -0.111191 0.102211
0.769403 -0.116084 0.102211
0.769403 -0.125872 0.102211
0.769403 -0.130765 0.102211
0.769404 -0.15034 0.102211
0.769404 -0.160128 0.102211
0.769405 -0.165022 0.102211
0.769405 -0.169915 0.102211
0.769395 0.0551963 0.107012
0.734634 0.0551949 0.126217
0.769396 0.0454089 0.107012
0.769396 0.0405151 0.107012
0.769396 0.0307277 0.107012
0.769397 0.0209402 0.107012
0.749532 0.0551955 0.164626
0.769397 0.0111528 0.107012
0.769397 0.00625903 0.107012
0.769397 0.0013653 0.107012
0.769398 -0.00352843 0.107012
0.769398 -0.0133159 0.107012
0.769398 -0.0182096 0.107012
0.769399 -0.0231034 0.107012
0.769399 -0.0279971 0.107012
0.769399 -0.0328908 0.107012
0.769399 -0.0377846 0.107012
0.7694 -0.0524657 0.107012
0.7694 -0.0622532 0.107012
0.769401 -0.0769344 0.107012
0.769401 -0.0818281 0.107012
0.769401 -0.0867219 0.107012
0.769401 -0.0916156 0.107012
0.769402 -0.101403 0.107012
0.71477 0.055194 0.131018
0.769402 -0.106297 0.107012
0.769402 -0.111191 0.107012
0.769403 -0.125872 0.107012
0.769403 -0.130765 0.107012
0.769404 -0.15034 0.107012
0.769404 -0.155234 0.107012
0.769404 -0.160128 0.107012
0.719736 0.0551942 0.145422
0.769405 -0.169915 0.107012
0.769395 0.0503026 0.111814
0.769396 0.0454089 0.111814
0.769396 0.0356214 0.111814
0.769396 0.0307277 0.111814
0.769397 0.0209402 0.111814
0.769397 0.0160465 0.111814
0.769397 0.0013653 0.111814
0.769398 -0.00352843 0.111814
0.769398 -0.00842217 0.111814
0.769398 -0.0182096 0.111814
0.769399 -0.0231034 0.111814
0.724702 0.0551944 0.159825
0.769399 -0.0279971 0.111814
0.769399 -0.0377846 0.111814
0.769399 -0.0426783 0.111814
0.7694 -0.0622532 0.111814
0.7694 -0.0671469 0.111814
0.769401 -0.0720407 0.111814
0.769401 -0.0769344 0.111814
0.769401 -0.0916156 0.111814
0.769402 -0.0965093 0.111814
0.769402 -0.101403 0.111814
0.769402 -0.111191 0.111814
0.769403 -0.116084 0.111814
0.769403 -0.125872 0.111814
0.769404 -0.145447 0.111814
0.769404 -0.15034 0.111814
0.769404 -0.155234 0.111814
0.769405 -0.165022 0.111814
0.769395 0.0551963 0.116615
0.769395 0.0503026 0.116615
0.734634 0.0551949 0.116615
0.769396 0.0454089 0.116615
0.769396 0.0405151 0.116615
0.769396 0.0356214 0.116615
0.769396 0.0307277 0.116615
0.769396 0.0258339 0.116615
0.769397 0.0209402 0.116615
0.769397 0.0160465 0.116615
0.769397 0.00625903 0.116615
0.769397 0.0013653 0.116615
0.769398 -0.00352843 0.116615
0.769398 -0.0133159 0.116615
0.660145 0.0551917 0.111814
0.769398 -0.0182096 0.116615
0.640282 0.0551908 0.145422
0.769399 -0.0231034 0.116615
0.724702 0.0551944 0.140621
0.769399 -0.0279971 0.116615
0.769399 -0.0377846 0.116615
0.769399 -0.0426783 0.116615
0.7694 -0.0622532 0.116615
0.769401 -0.0720407 0.116615
0.769401 -0.0916156 0.116615
0.769402 -0.0965093 0.116615
0.769402 -0.101403 0.116615
0.769402 -0.106297 0.116615
0.769402 -0.111191 0.116615
0.769403 -0.116084 0.116615
0.769403 -0.120978 0.116615
0.769403 -0.125872 0.116615
0.769403 -0.130765 0.116615
0.769404 -0.145447 0.116615
0.769404 -0.160128 0.116615
0.769405 -0.165022 0.116615
0.769405 -0.169915 0.116615
0.769395 0.0551963 0.121416
0.769395 0.0503026 0.121416
0.769396 0.0405151 0.121416
0.769396 0.0356214 0.121416
0.769396 0.0307277 0.121416
0.769396 0.0258339 0.121416
0.769397 0.0209402 0.121416
0.769397 0.00625903 0.121416
0.769397 0.0013653 0.121416
0.769398 -0.00352843 0.121416
0.769398 -0.00842217 0.121416
0.769399 -0.0231034 0.121416
0.724702 0.0551944 0.126217
0.769399 -0.0279971 0.121416
0.769399 -0.0328908 0.121416
0.769399 -0.0377846 0.121416
0.769399 -0.0426783 0.121416
0.7694 -0.047572 0.121416
0.7694 -0.0524657 0.121416
0.7694 -0.0573595 0.121416
0.7694 -0.0622532 0.121416
0.7694 -0.0671469 0.121416
0.769401 -0.0720407 0.121416
0.769401 -0.0867219 0.121416
0.769401 -0.0916156 0.121416
0.769402 -0.0965093 0.121416
0.769402 -0.101403 0.121416
0.71477 0.055194 0.169428
0.769402 -0.106297 0.121416
0.769403 -0.116084 0.121416
0.769403 -0.120978 0.121416
0.769403 -0.125872 0.121416
0.769403 -0.130765 0.121416
0.769404 -0.140553 0.121416
0.769404 -0.155234 0.121416
0.769404 -0.160128 0.121416
0.719736 0.0551942 0.155024
0.769405 -0.169915 0.121416
0.769395 0.0551963 0.126217
0.769395 0.0503026 0.126217
0.734634 0.0551949 0.107012
0.769396 0.0454089 0.126217
0.769396 0.0405151 0.126217
0.769396 0.0307277 0.126217
0.769397 0.0209402 0.126217
0.769397 0.0160465 0.126217
0.749532 0.0551955 0.183831
0.769397 0.0111528 0.126217
0.769397 0.00625903 0.126217
0.769397 0.0013653 0.126217
0.769398 -0.00842217 0.126217
0.769398 -0.0133159 0.126217
0.660145 0.0551917 0.155024
0.769398 -0.0182096 0.126217
0.769399 -0.0231034 0.126217
0.724702 0.0551944 0.131018
0.769399 -0.0279971 0.126217
0.769399 -0.0377846 0.126217
0.769399 -0.0426783 0.126217
0.7694 -0.0524657 0.126217
0.7694 -0.0573595 0.126217
0.7694 -0.0622532 0.126217
0.7694 -0.0671469 0.126217
0.769401 -0.0720407 0.126217
0.769401 -0.0818281 0.126217
0.769402 -0.0965093 0.126217
0.769402 -0.106297 0.126217
0.769402 -0.111191 0.126217
0.769403 -0.116084 0.126217
0.769403 -0.125872 0.126217
0.769403 -0.130765 0.126217
0.769403 -0.135659 0.126217
0.769404 -0.140553 0.126217
0.769404 -0.145447 0.126217
0.769404 -0.155234 0.126217
0.769405 -0.165022 0.126217
0.769405 -0.169915 0.126217
0.769395 0.0551963 0.131018
0.769395 0.0503026 0.131018
0.734634 0.0551949 0.102211
0.769396 0.0454089 0.131018
0.680009 0.0551925 0.111814
0.769396 0.0405151 0.131018
0.680009 0.0551925 0.169428
0.734634 0.0551949 0.174229
0.769396 0.0356214 0.131018
0.769396 0.0307277 0.131018
0.769397 0.0160465 0.131018
0.769397 0.00625903 0.131018
0.769397 0.0013653 0.131018
0.769398 -0.00352843 0.131018
0.769398 -0.00842217 0.131018
0.769398 -0.0133159 0.131018
0.769398 -0.0182096 0.131018
0.640282 0.0551908 0.135819
0.769399 -0.0231034 0.131018
0.769399 -0.0279971 0.131018
0.769399 -0.0328908 0.131018
0.769399 -0.0377846 0.131018
0.769399 -0.0426783 0.131018
0.7694 -0.0622532 0.131018
0.7694 -0.0671469 0.131018
0.769401 -0.0720407 0.131018
0.769401 -0.0818281 0.131018
0.769401 -0.0916156 0.131018
0.769402 -0.101403 0.131018
0.769402 -0.111191 0.131018
0.769403 -0.120978 0.131018
0.769404 -0.145447 0.131018
0.769404 -0.15034 0.131018
0.769404 -0.155234 0.131018
0.769404 -0.160128 0.131018
0.769405 -0.165022 0.131018
0.769395 0.0551963 0.135819
0.769395 0.0503026 0.135819
0.769396 0.0454089 0.135819
0.769396 0.0307277 0.135819
0.769396 0.0258339 0.135819
0.769397 0.0209402 0.135819
0.769397 0.00625903 0.135819
0.769398 -0.00352843 0.135819
0.769398 -0.0133159 0.135819
0.769398 -0.0182096 0.135819
0.769399 -0.0231034 0.135819
0.724702 0.0551944 0.135819
0.769399 -0.0279971 0.135819
0.769399 -0.0377846 0.135819
0.769399 -0.0426783 0.135819
0.7694 -0.0622532 0.135819
0.7694 -0.0671469 0.135819
0.769401 -0.0720407 0.135819
0.769401 -0.0818281 0.135819
0.769402 -0.101403 0.135819
0.769402 -0.106297 0.135819
0.769403 -0.120978 0.135819
0.769403 -0.125872 0.135819
0.769403 -0.130765 0.135819
0.769404 -0.145447 0.135819
0.769404 -0.15034 0.135819
0.769404 -0.155234 0.135819
0.769404 -0.160128 0.135819
0.769405 -0.165022 0.135819
0.769395 0.0551963 0.140621
0.769395 0.0503026 0.140621
0.769396 0.0454089 0.140621
0.769396 0.0307277 0.140621
0.769396 0.0258339 0.140621
0.769397 0.0209402 0.140621
0.769397 0.0160465 0.140621
0.769397 0.00625903 0.140621
0.769398 -0.00352843 0.140621
0.769398 -0.00842217 0.140621
0.769398 -0.0133159 0.140621
0.660145 0.0551917 0.135819
0.769398 -0.0182096 0.140621
0.769399 -0.0231034 0.140621
0.769399 -0.0279971 0.140621
0.769399 -0.0377846 0.140621
0.769399 -0.0426783 0.140621
0.7694 -0.0622532 0.140621
0.7694 -0.0671469 0.140621
0.769401 -0.0720407 0.140621
0.769402 -0.101403 0.140621
0.769402 -0.106297 0.140621
0.769402 -0.111191 0.140621
0.769403 -0.125872 0.140621
0.769403 -0.130765 0.140621
0.769404 -0.140553 0.140621
0.769404 -0.145447 0.140621
0.769404 -0.15034 0.140621
0.769404 -0.155234 0.140621
0.769404 -0.160128 0.140621
0.769405 -0.165022 0.140621
0.769405 -0.169915 0.140621
0.769395 0.0551963 0.145422
0.769396 0.0356214 0.145422
0.769396 0.0307277 0.145422
0.769396 0.0258339 0.145422
0.769397 0.0111528 0.145422
0.769397 0.00625903 0.145422
0.769397 0.0013653 0.145422
0.769398 -0.00352843 0.145422
0.769398 -0.00842217 0.145422
0.769398 -0.0133159 0.145422
0.769399 -0.0231034 0.145422
0.769399 -0.0328908 0.145422
0.769399 -0.0426783 0.145422
0.7694 -0.047572 0.145422
0.7694 -0.0524657 0.145422
0.7694 -0.0573595 0.145422
0.7694 -0.0622532 0.145422
0.7694 -0.0671469 0.145422
0.769401 -0.0720407 0.145422
0.769401 -0.0867219 0.145422
0.769402 -0.0965093 0.145422
0.769402 -0.101403 0.145422
0.769402 -0.106297 0.145422
0.769402 -0.111191 0.145422
0.71477 0.055194 0.188632
0.769403 -0.116084 0.145422
0.769403 -0.120978 0.145422
0.769403 -0.125872 0.145422
0.769404 -0.140553 0.145422
0.769404 -0.145447 0.145422
0.769404 -0.15034 0.145422
0.769404 -0.155234 0.145422
0.769404 -0.160128 0.145422
0.769405 -0.165022 0.145422
0.769405 -0.169915 0.145422
0.769395 0.0551963 0.150223
0.769395 0.0503026 0.150223
0.769396 0.0454089 0.150223
0.769396 0.0405151 0.150223
0.769397 0.0209402 0.150223
0.769397 0.0160465 0.150223
0.769397 0.0013653 0.150223
0.769398 -0.00842217 0.150223
0.769398 -0.0133159 0.150223
0.769399 -0.0231034 0.150223
0.769399 -0.0279971 0.150223
0.769399 -0.0328908 0.150223
0.769399 -0.0426783 0.150223
0.7694 -0.0524657 0.150223
0.7694 -0.0622532 0.150223
0.7694 -0.0671469 0.150223
0.769401 -0.0720407 0.150223
0.769401 -0.0769344 0.150223
0.769401 -0.0818281 0.150223
0.769402 -0.0965093 0.150223
0.769402 -0.101403 0.150223
0.769402 -0.106297 0.150223
0.71477 0.055194 0.183831
0.769403 -0.116084 0.150223
0.769403 -0.125872 0.150223
0.769403 -0.130765 0.150223
0.769404 -0.140553 0.150223
0.769404 -0.15034 0.150223
0.769404 -0.160128 0.150223
0.769405 -0.165022 0.150223
0.769405 -0.169915 0.150223
0.769395 0.0551963 0.155024
0.769395 0.0503026 0.155024
0.769396 0.0356214 0.155024
0.769396 0.0307277 0.155024
0.769396 0.0258339 0.155024
0.769397 0.0209402 0.155024
0.769397 0.0160465 0.155024
0.769397 0.0111528 0.155024
0.769397 0.00625903 0.155024
0.769398 -0.00842217 0.155024
0.769398 -0.0133159 0.155024
0.769398 -0.0182096 0.155024
0.769399 -0.0279971 0.155024
0.769399 -0.0328908 0.155024
0.769399 -0.0377846 0.155024
0.769399 -0.0426783 0.155024
0.7694 -0.0524657 0.155024
0.7694 -0.0622532 0.155024
0.7694 -0.0671469 0.155024
0.769401 -0.0720407 0.155024
0.769401 -0.0818281 0.155024
0.769401 -0.0867219 0.155024
0.769401 -0.0916156 0.155024
0.769402 -0.0965093 0.155024
0.769402 -0.106297 0.155024
0.769402 -0.111191 0.155024
0.769403 -0.120978 0.155024
0.769403 -0.125872 0.155024
0.769403 -0.130765 0.155024
0.769404 -0.140553 0.155024
0.769404 -0.145447 0.155024
0.769404 -0.15034 0.155024
0.769404 -0.160128 0.155024
0.769405 -0.165022 0.155024
0.719736 0.0551942 0.0974101
0.769405 -0.169915 0.155024
0.769395 0.0551963 0.159825
0.769396 0.0405151 0.159825
0.769396 0.0307277 0.159825
0.769396 0.0258339 0.159825
0.769397 0.0209402 0.159825
0.769397 0.0160465 0.159825
0.769397 0.0111528 0.159825
0.769397 0.00625903 0.159825
0.769397 0.0013653 0.159825
0.769398 -0.00352843 0.159825
0.769398 -0.00842217 0.159825
0.769398 -0.0182096 0.159825
0.769399 -0.0231034 0.159825
0.769399 -0.0279971 0.159825
0.769399 -0.0328908 0.159825
0.769399 -0.0377846 0.159825
0.769399 -0.0426783 0.159825
0.7694 -0.047572 0.159825
0.7694 -0.0524657 0.159825
0.769401 -0.0720407 0.159825
0.769401 -0.0867219 0.159825
0.769402 -0.0965093 0.159825
0.769402 -0.101403 0.159825
0.769402 -0.111191 0.159825
0.769403 -0.116084 0.159825
0.769403 -0.120978 0.159825
0.769403 -0.125872 0.159825
0.769403 -0.130765 0.159825
0.769404 -0.140553 0.159825
0.769404 -0.145447 0.159825
0.769404 -0.155234 0.159825
0.769404 -0.160128 0.159825
0.769405 -0.165022 0.159825
0.769405 -0.169915 0.159825
0.769395 0.0503026 0.164626
0.734634 0.0551949 0.164626
0.769396 0.0454089 0.164626
0.769396 0.0405151 0.164626
0.769396 0.0258339 0.164626
0.769397 0.0209402 0.164626
0.769397 0.0160465 0.164626
0.769397 0.00625903 0.164626
0.769397 0.0013653 0.164626
0.769398 -0.00842217 0.164626
0.769398 -0.0182096 0.164626
0.640282 0.0551908 0.0974101
0.769399 -0.0231034 0.164626
0.724702 0.0551944 0.188632
0.769399 -0.0279971 0.164626
0.769399 -0.0328908 0.164626
0.769399 -0.0426783 0.164626
0.7694 -0.0524657 0.164626
0.7694 -0.0622532 0.164626
0.769401 -0.0769344 0.164626
0.769402 -0.101403 0.164626
0.769402 -0.106297 0.164626
0.769402 -0.111191 0.164626
0.71477 0.055194 0.17903
0.769403 -0.116084 0.164626
0.769403 -0.120978 0.164626
0.769403 -0.125872 0.164626
0.769403 -0.130765 0.164626
0.769404 -0.140553 0.164626
0.769404 -0.145447 0.164626
0.769404 -0.160128 0.164626
0.769405 -0.165022 0.164626
0.689941 0.055193 0.150223
0.769395 0.0551963 0.169428
0.769395 0.0503026 0.169428
0.769396 0.0454089 0.169428
0.680009 0.0551925 0.17903
0.769396 0.0356214 0.169428
0.769396 0.0307277 0.169428
0.769396 0.0258339 0.169428
0.769397 0.0209402 0.169428
0.769397 0.00625903 0.169428
0.769397 0.0013653 0.169428
0.769398 -0.00352843 0.169428
0.769398 -0.00842217 0.169428
0.769398 -0.0133159 0.169428
0.660145 0.0551917 0.102211
0.769398 -0.0182096 0.169428
0.769399 -0.0231034 0.169428
0.724702 0.0551944 0.174229
0.769399 -0.0279971 0.169428
0.769399 -0.0377846 0.169428
0.769399 -0.0426783 0.169428
0.7694 -0.047572 0.169428
0.7694 -0.0573595 0.169428
0.7694 -0.0622532 0.169428
0.7694 -0.0671469 0.169428
0.769401 -0.0720407 0.169428
0.769401 -0.0867219 0.169428
0.769402 -0.101403 0.169428
0.769402 -0.106297 0.169428
0.769402 -0.111191 0.169428
0.769403 -0.116084 0.169428
0.769403 -0.120978 0.169428
0.769403 -0.125872 0.169428
0.769403 -0.130765 0.169428
0.769404 -0.145447 0.169428
0.769404 -0.155234 0.169428
0.769404 -0.160128 0.169428
0.769405 -0.165022 0.169428
0.719736 0.0551942 0.107012
0.769405 -0.169915 0.169428
0.689941 0.055193 0.145422
0.769395 0.0551963 0.174229
0.769395 0.0503026 0.174229
0.734634 0.0551949 0.155024
0.769396 0.0454089 0.174229
0.769396 0.0356214 0.174229
0.769397 0.0209402 0.174229
0.769397 0.0160465 0.174229
0.769397 0.0111528 0.174229
0.769397 0.00625903 0.174229
0.769397 0.0013653 0.174229
0.769398 -0.00842217 0.174229
0.769398 -0.0133159 0.174229
0.769399 -0.0231034 0.174229
0.769399 -0.0328908 0.174229
0.769399 -0.0377846 0.174229
0.769399 -0.0426783 0.174229
0.7694 -0.0524657 0.174229
0.7694 -0.0573595 0.174229
0.7694 -0.0622532 0.174229
0.769401 -0.0720407 0.174229
0.769401 -0.0769344 0.174229
0.769401 -0.0818281 0.174229
0.769401 -0.0867219 0.174229
0.769402 -0.101403 0.174229
0.769402 -0.106297 0.174229
0.769402 -0.111191 0.174229
0.769403 -0.116084 0.174229
0.769403 -0.120978 0.174229
0.769403 -0.125872 0.174229
0.769403 -0.130765 0.174229
0.769403 -0.135659 0.174229
0.769404 -0.140553 0.174229
0.769404 -0.145447 0.174229
0.769404 -0.15034 0.174229
0.769404 -0.155234 0.174229
0.769405 -0.165022 0.174229
0.769405 -0.169915 0.174229
0.754497 0.0551957 0.188632
0.769395 0.0551963 0.17903
0.769395 0.0503026 0.17903
0.734634 0.0551949 0.150223
0.769396 0.0454089 0.17903
0.769396 0.0405151 0.17903
0.769396 0.0356214 0.17903
0.769396 0.0307277 0.17903
0.769397 0.0160465 0.17903
0.769397 0.0111528 0.17903
0.769397 0.00625903 0.17903
0.769397 0.0013653 0.17903
0.769398 -0.00352843 0.17903
0.769398 -0.00842217 0.17903
0.769398 -0.0133159 0.17903
0.769398 -0.0182096 0.17903
0.640282 0.0551908 0.0878078
0.769399 -0.0231034 0.17903
0.769399 -0.0279971 0.17903
0.769399 -0.0328908 0.17903
0.769399 -0.0377846 0.17903
0.769399 -0.0426783 0.17903
0.7694 -0.0524657 0.17903
0.7694 -0.0671469 0.17903
0.769401 -0.0818281 0.17903
0.769401 -0.0916156 0.17903
0.769402 -0.0965093 0.17903
0.769402 -0.101403 0.17903
0.769402 -0.106297 0.17903
0.769402 -0.111191 0.17903
0.769403 -0.125872 0.17903
0.769403 -0.130765 0.17903
0.769403 -0.135659 0.17903
0.769404 -0.140553 0.17903
0.769404 -0.145447 0.17903
0.769404 -0.15034 0.17903
0.769404 -0.155234 0.17903
0.769404 -0.160128 0.17903
0.769405 -0.169915 0.17903
0.754497 0.0551957 0.193433
0.769395 0.0551963 0.183831
0.645248 0.055191 0.183831
0.769395 0.0503026 0.183831
0.769396 0.0454089 0.183831
0.769396 0.0307277 0.183831
0.769397 0.0209402 0.183831
0.769397 0.0111528 0.183831
0.769397 0.00625903 0.183831
0.769397 0.0013653 0.183831
0.769398 -0.00352843 0.183831
0.769398 -0.0182096 0.183831
0.769399 -0.0231034 0.183831
0.724702 0.0551944 0.183831
0.769399 -0.0279971 0.183831
0.769399 -0.0328908 0.183831
0.769399 -0.0377846 0.183831
0.769399 -0.0426783 0.183831
0.7694 -0.0524657 0.183831
0.7694 -0.0622532 0.183831
0.7694 -0.0671469 0.183831
0.769401 -0.0720407 0.183831
0.769401 -0.0818281 0.183831
0.769401 -0.0867219 0.183831
0.769401 -0.0916156 0.183831
0.769402 -0.0965093 0.183831
0.769402 -0.101403 0.183831
0.769402 -0.106297 0.183831
0.769402 -0.111191 0.183831
0.769403 -0.116084 0.183831
0.769403 -0.120978 0.183831
0.769403 -0.125872 0.183831
0.769403 -0.130765 0.183831
0.769403 -0.135659 0.183831
0.769404 -0.145447 0.183831
0.769404 -0.15034 0.183831
0.769404 -0.155234 0.183831
0.769404 -0.160128 0.183831
0.769405 -0.165022 0.183831
0.769405 -0.169915 0.183831
0.769395 0.0551963 0.188632
0.769395 0.0503026 0.188632
0.680009 0.0551925 0.155024
0.769396 0.0405151 0.188632
0.769396 0.0356214 0.188632
0.769396 0.0307277 0.188632
0.769396 0.0258339 0.188632
0.769397 0.0160465 0.188632
0.769397 0.0111528 0.188632
0.769397 0.0013653 0.188632
0.769398 -0.00352843 0.188632
0.769398 -0.00842217 0.188632
0.769398 -0.0133159 0.188632
0.660145 0.0551917 0.0878078
0.769398 -0.0182096 0.188632
0.769399 -0.0231034 0.188632
0.769399 -0.0279971 0.188632
0.769399 -0.0377846 0.188632
0.7694 -0.0671469 0.188632
0.769401 -0.0720407 0.188632
0.769401 -0.0769344 0.188632
0.769401 -0.0818281 0.188632
0.769401 -0.0867219 0.188632
0.769402 -0.0965093 0.188632
0.769402 -0.101403 0.188632
0.769402 -0.106297 0.188632
0.769402 -0.111191 0.188632
0.769403 -0.116084 0.188632
0.769403 -0.120978 0.188632
0.769403 -0.125872 0.188632
0.769403 -0.135659 0.188632
0.769404 -0.155234 0.188632
0.769404 -0.160128 0.188632
0.769405 -0.165022 0.188632
0.769405 -0.169915 0.188632
0.769395 0.0551963 0.193433
0.769395 0.0503026 0.193433
0.769396 0.0356214 0.193433
0.769396 0.0307277 0.193433
0.769396 0.0258339 0.193433
0.769397 0.0209402 0.193433
0.769397 0.0160465 0.193433
0.769397 0.0111528 0.193433
0.769397 0.0013653 0.193433
0.769398 -0.00352843 0.193433
0.769398 -0.0133159 0.193433
0.769398 -0.0182096 0.193433
0.769399 -0.0279971 0.193433
0.769399 -0.0328908 0.193433
0.769399 -0.0377846 0.193433
0.769399 -0.0426783 0.193433
0.7694 -0.047572 0.193433
0.7694 -0.0524657 0.193433
0.7694 -0.0573595 0.193433
0.7694 -0.0622532 0.193433
0.7694 -0.0671469 0.193433
0.769401 -0.0720407 0.193433
0.769401 -0.0818281 0.193433
0.769401 -0.0867219 0.193433
0.769402 -0.0965093 0.193433
0.769402 -0.101403 0.193433
0.769403 -0.116084 0.193433
0.769403 -0.120978 0.193433
0.769403 -0.125872 0.193433
0.769403 -0.130765 0.193433
0.769403 -0.135659 0.193433
0.769404 -0.145447 0.193433
0.769404 -0.15034 0.193433
0.769404 -0.160128 0.193433
0.769405 -0.165022 0.193433
0.719736 0.0551942 0.0830066
0.769405 -0.169915 0.193433
0.769405 -0.174809 0.0830066
0.689941 0.055193 0.0782055
0.610496 -0.169922 0.0782055
0.769403 -0.120978 0.0878078
0.635321 -0.0524715 0.198234
0.645248 0.055191 0.188632
0.769396 0.0405151 0.0782055
0.684983 -0.14545 0.0782055
0.610489 0.00625226 0.155024
0.63035 0.0551904 0.0926089
0.769401 -0.0916156 0.159825
0.645258 -0.174814 0.145422
0.694907 0.0551932 0.111814
0.684982 -0.120982 0.0782055
0.684982 -0.111194 0.0782055
0.635316 0.0551906 0.174229
0.64525 0.0111475 0.0782055
0.615452 0.0551898 0.107012
0.61049 -0.0377913 0.174229
0.764431 0.02094 0.198234
0.670086 -0.150345 0.198234
0.63035 0.0551904 0.193433
0.68498 -0.0622568 0.0782055
0.610487 0.0356146 0.198234
0.684979 -0.0377881 0.0782055
0.684979 -0.0328944 0.0782055
0.739604 -0.0328921 0.0782055
0.684978 -0.0133195 0.0782055
0.615455 -0.0133224 0.198234
0.684977 0.0111492 0.0782055
0.655189 -0.174814 0.111814
0.640282 0.0551908 0.183831
0.769399 -0.0231034 0.0830066
0.709814 -0.169918 0.0782055
0.645254 -0.101408 0.198234
0.684976 0.0405115 0.0782055
0.68995 -0.155237 0.0782055
0.684975 0.050299 0.0782055
0.610493 -0.106304 0.0782055
0.744566 0.0405141 0.0782055
0.660153 -0.116089 0.0782055
0.680016 -0.106301 0.0782055
0.769402 -0.0965093 0.131018
0.66015 -0.0426829 0.198234
0.610487 0.0502958 0.17903
0.680015 -0.0769382 0.0782055
0.729678 -0.174811 0.174229
0.680014 -0.0573633 0.0782055
0.709809 -0.0524683 0.0782055
0.769404 -0.140553 0.102211
0.734644 -0.17481 0.17903
0.680013 -0.0280009 0.0782055
0.610494 -0.120985 0.169428
0.680012 -0.0231072 0.0782055
0.764439 -0.174809 0.150223
0.694907 0.0551932 0.126217
0.610496 -0.165028 0.121416
0.759472 -0.140553 0.0782055
0.635318 0.011147 0.0782055
0.68001 0.0307239 0.0782055
0.610495 -0.150347 0.0782055
0.610487 0.0551896 0.0974101
0.655189 -0.174814 0.0878078
0.625389 -0.0573656 0.198234
0.680009 0.0502988 0.0782055
0.655184 -0.0573643 0.198234
0.625385 0.040509 0.198234
0.615458 -0.0818347 0.0782055
0.64525 -0.00353372 0.0782055
0.620426 -0.120984 0.0782055
0.675053 -0.165026 0.0782055
0.675052 -0.155238 0.0782055
0.650217 -0.013321 0.0782055
0.724706 -0.0377865 0.198234
0.67505 -0.101407 0.0782055
0.71478 -0.174811 0.150223
0.769402 -0.0965093 0.140621
0.620422 -0.0328972 0.0782055
0.675049 -0.0818321 0.0782055
0.665114 0.00136086 0.0782055
0.610487 0.0405084 0.0830066
0.675049 -0.0720447 0.0782055
0.675047 -0.0377886 0.0782055
0.640292 -0.174815 0.116615
0.769401 -0.0867219 0.17903
0.680017 -0.120982 0.0782055
0.675046 -0.0182136 0.0782055
0.684981 -0.0965129 0.0782055
0.680017 -0.130769 0.0782055
0.675046 -0.00842618 0.0782055
0.680017 -0.135663 0.0782055
0.675046 -0.00353245 0.0782055
0.684976 0.0307241 0.0782055
0.759468 -0.0573599 0.0782055
0.7694 -0.0671469 0.164626
0.680017 -0.140557 0.0782055
0.675045 0.00136128 0.0782055
0.684976 0.0209366 0.198234
0.68995 -0.169919 0.198234
0.630358 -0.140559 0.0782055
0.759468 -0.0475724 0.0782055
0.610487 0.0454021 0.169428
0.7694 -0.047572 0.107012
0.680019 -0.174813 0.0782055
0.675044 0.0356174 0.0782055
0.675043 0.0551923 0.0782055
0.610488 0.0209335 0.169428
0.670086 -0.155238 0.0782055
0.769399 -0.0377846 0.102211
0.72471 -0.140555 0.198234
0.7694 -0.0524657 0.0830066
0.615454 0.0111462 0.198234
0.610493 -0.0867286 0.164626
0.769399 -0.0328908 0.140621
0.670086 -0.150345 0.0782055
0.71478 -0.174811 0.107012
0.670086 -0.140557 0.0782055
0.645248 0.055191 0.145422
0.769396 0.0405151 0.140621
0.670084 -0.111195 0.0782055
0.680009 0.0551925 0.174229
0.734634 0.0551949 0.193433
0.769396 0.0356214 0.150223
0.670084 -0.106301 0.0782055
0.670083 -0.0867261 0.0782055
0.670083 -0.0769386 0.0782055
0.7694 -0.0573595 0.107012
0.610493 -0.0867286 0.135819
0.769402 -0.106297 0.193433
0.670082 -0.0671512 0.0782055
0.610496 -0.160135 0.150223
0.670082 -0.05247 0.0782055
0.704839 0.0551936 0.145422
0.625384 0.0551902 0.198234
0.610488 0.0307209 0.183831
0.625394 -0.174815 0.111814
0.67008 -0.00353266 0.0782055
0.7694 -0.0671469 0.116615
0.670078 0.0356172 0.0782055
0.610487 0.0454021 0.188632
0.610496 -0.169922 0.140621
0.670077 0.0502984 0.0782055
0.71477 0.055194 0.0782055
0.640292 -0.174815 0.193433
0.754505 -0.111191 0.0782055
0.744566 0.0551953 0.150223
0.625391 -0.106303 0.0782055
0.665119 -0.116089 0.0782055
0.744566 0.0551953 0.121416
0.665118 -0.111195 0.0782055
0.610489 -0.00842893 0.0878078
0.625394 -0.174815 0.140621
0.610492 -0.0769412 0.126217
0.64029 -0.145452 0.198234
0.714777 -0.111193 0.198234
0.764429 0.0551961 0.0926089
0.665116 -0.0573639 0.0782055
0.7694 -0.0573595 0.198234
0.729672 -0.0377862 0.198234
0.620423 -0.0524721 0.0782055
0.769398 -0.00352843 0.102211
0.689948 -0.120981 0.198234
0.665114 -0.0084266 0.0782055
0.724712 -0.174811 0.155024
0.665112 0.0307232 0.0782055
0.665112 0.0502982 0.0782055
0.61049 -0.0377913 0.0974101
0.650223 -0.165027 0.0782055
0.635322 -0.0818338 0.198234
0.684975 0.0551927 0.183831
0.615462 -0.174816 0.17903
0.660154 -0.135664 0.0782055
0.769403 -0.130765 0.145422
0.670079 0.0062548 0.0782055
0.610488 0.0307209 0.0878078
0.660153 -0.13077 0.0782055
0.769396 0.0405151 0.193433
0.660152 -0.106301 0.0782055
0.759463 0.0551959 0.107012
0.71974 -0.0377867 0.0782055
0.655182 -0.0133208 0.198234
0.660151 -0.0671516 0.0782055
0.610492 -0.0671537 0.116615
0.655189 -0.174814 0.0830066
0.66015 -0.0475767 0.0782055
0.769404 -0.145447 0.107012
0.660148 -0.0133205 0.0782055
0.610492 -0.0720474 0.135819
0.744566 0.0551953 0.155024
0.660148 -0.00842682 0.0782055
0.749538 -0.0867227 0.198234
0.625384 0.0551902 0.169428
0.704839 0.0551936 0.0782055
0.660148 -0.00353309 0.0782055
0.610491 -0.042685 0.0782055
0.660147 0.0160418 0.0782055
0.754499 0.030727 0.198234
0.689943 0.00625564 0.0782055
0.764429 0.0551961 0.164626
0.660147 0.030723 0.0782055
0.665113 0.0111483 0.198234
0.749532 0.0405143 0.198234
0.749532 0.0551955 0.17903
0.699878 -0.0769374 0.198234
0.769398 -0.0182096 0.145422
0.660145 0.0551917 0.0782055
0.625389 -0.0622593 0.198234
0.68498 -0.0573631 0.0782055
0.764435 -0.0867221 0.0782055
0.610492 -0.0671537 0.174229
0.655189 -0.165026 0.0782055
0.665121 -0.174813 0.17903
0.655188 -0.145451 0.0782055
0.640282 0.0551908 0.0830066
0.739609 -0.150342 0.0782055
0.655188 -0.135664 0.0782055
0.64525 0.00625374 0.0782055
0.655187 -0.125877 0.0782055
0.754498 0.0356208 0.0782055
0.655187 -0.111195 0.0782055
0.769395 0.0503026 0.0926089
0.655186 -0.106302 0.0782055
0.769401 -0.0916156 0.0926089
0.670079 0.0111485 0.0782055
0.625385 0.0454027 0.198234
0.655186 -0.0965142 0.0782055
0.749532 0.0551955 0.188632
0.769397 0.0111528 0.131018
0.655184 -0.0377894 0.0782055
0.63532 -0.0377903 0.0782055
0.769396 0.0307277 0.164626
0.655183 -0.028002 0.0782055
0.655182 -0.00842703 0.0782055
0.655182 0.00136043 0.0782055
0.670087 -0.174813 0.164626
0.655181 0.0111479 0.0782055
0.65518 0.0502977 0.0782055
0.665114 -0.0182141 0.0782055
0.65518 0.0551915 0.0782055
0.754499 0.0209396 0.0782055
0.650222 -0.140558 0.0782055
0.699873 0.0405122 0.0782055
0.704847 -0.145449 0.0782055
0.635319 -0.0133216 0.198234
0.73961 -0.17481 0.188632
0.65022 -0.0916207 0.0782055
0.769395 0.0551963 0.198234
0.610494 -0.130772 0.164626
0.650218 -0.0573645 0.0782055
0.63035 0.0551904 0.183831
0.610494 -0.116091 0.140621
0.650217 -0.0182147 0.0782055
0.769396 0.0258339 0.150223
0.650216 -0.00842724 0.0782055
0.650216 -0.00353351 0.0782055
0.610493 -0.0965161 0.0878078
0.754499 0.0160459 0.198234
0.650216 0.0111477 0.0782055
0.675043 0.0502986 0.198234
0.675047 -0.0328948 0.0782055
0.610488 0.0258272 0.183831
0.610496 -0.174816 0.131018
0.650214 0.0405101 0.0782055
0.764439 -0.174809 0.135819
0.769401 -0.0916156 0.188632
0.645258 -0.174814 0.0782055
0.645257 -0.169921 0.0782055
0.645257 -0.165027 0.0782055
0.645257 -0.155239 0.0782055
0.7694 -0.0622532 0.17903
0.645256 -0.145452 0.0782055
0.665121 -0.174813 0.102211
0.610488 0.0209335 0.164626
0.684978 -0.023107 0.0782055
0.67505 -0.106301 0.0782055
0.610488 0.0307209 0.193433
0.670084 -0.0916198 0.0782055
0.610492 -0.06226 0.131018
0.769398 -0.00842217 0.183831
0.645255 -0.106302 0.0782055
0.61546 -0.125878 0.198234
0.694914 -0.116087 0.198234
0.769398 -0.00352843 0.164626
0.645254 -0.0867271 0.0782055
0.610495 -0.145453 0.107012
0.729675 -0.111192 0.198234
0.645253 -0.0622585 0.0782055
0.645253 -0.0573648 0.0782055
0.645252 -0.052471 0.0782055
0.744566 0.0551953 0.0974101
0.645252 -0.0475773 0.0782055
0.650223 -0.155239 0.0782055
0.645248 0.0405099 0.0782055
0.744569 -0.0279981 0.198234
0.640292 -0.174815 0.0782055
0.739606 -0.0867231 0.0782055
0.640291 -0.169921 0.0782055
0.769398 -0.0133159 0.0830066
0.724703 0.0307258 0.0782055
0.650218 -0.0524708 0.198234
0.650217 -0.0328959 0.0782055
0.709808 -0.0279996 0.0782055
0.640289 -0.120983 0.0782055
0.72471 -0.130767 0.0782055
0.640289 -0.11609 0.0782055
0.769396 0.0405151 0.135819
0.744572 -0.0818292 0.198234
0.650214 0.0551913 0.116615
0.71478 -0.174811 0.188632
0.640289 -0.106302 0.0782055
0.640289 -0.101409 0.0782055
0.640288 -0.0965148 0.0782055
0.680009 0.0454051 0.198234
0.749541 -0.17481 0.17903
0.640287 -0.0720462 0.0782055
0.680019 -0.174813 0.0830066
0.640286 -0.0475775 0.0782055
0.640286 -0.0426838 0.0782055
0.640286 -0.03779 0.0782055
0.615455 -0.00842872 0.0782055
0.650215 0.0307226 0.0782055
0.684977 -0.00353203 0.0782055
0.764439 -0.174809 0.0878078
0.704839 0.0551936 0.159825
0.640285 -0.0182151 0.0782055
0.655189 -0.160133 0.0782055
0.640283 0.0209347 0.0782055
0.734638 -0.0328923 0.0782055
0.640283 0.0405096 0.0782055
0.635325 -0.165027 0.0782055
0.675052 -0.160132 0.0782055
0.615462 -0.174816 0.150223
0.625393 -0.160134 0.198234
0.640286 -0.0328963 0.0782055
0.655186 -0.0867267 0.0782055
0.724703 0.0405132 0.0782055
0.635323 -0.111196 0.0782055
0.684977 0.00625543 0.0782055
0.769403 -0.120978 0.107012
0.665121 -0.165026 0.0782055
0.709804 0.0551938 0.0974101
0.610488 0.0258272 0.169428
0.769396 0.0258339 0.111814
0.635322 -0.096515 0.0782055
0.655182 -0.0035333 0.198234
0.635322 -0.0818338 0.0782055
0.635321 -0.0622589 0.0782055
0.650223 -0.174814 0.150223
0.635321 -0.0573652 0.0782055
0.754506 -0.145447 0.198234
0.734634 0.0551949 0.0974101
0.63532 -0.042684 0.0782055
0.63532 -0.0328965 0.0782055
0.694909 -0.00353161 0.0782055
0.71477 0.055194 0.126217
0.769402 -0.106297 0.0782055
0.744567 0.0160454 0.198234
0.754504 -0.106297 0.198234
0.635319 -0.0182153 0.0782055
0.689941 0.055193 0.102211
0.729671 -0.0133176 0.0782055
0.635319 -0.0133216 0.0782055
0.719739 -0.013318 0.0782055
0.635319 -0.00842787 0.0782055
0.610495 -0.14056 0.131018
0.67008 -0.0133201 0.0782055
0.724708 -0.0867238 0.0782055
0.610489 -0.0035352 0.188632
0.680015 -0.0818319 0.0782055
0.769398 -0.00352843 0.150223
0.749535 -0.0182105 0.198234
0.635317 0.030722 0.0782055
0.63036 -0.174815 0.0782055
0.63036 -0.169921 0.0782055
0.7694 -0.047572 0.126217
0.680019 -0.174813 0.169428
0.630359 -0.160134 0.0782055
0.68001 0.0307239 0.198234
0.630359 -0.15524 0.0782055
0.650214 0.0551913 0.0974101
0.630359 -0.150346 0.0782055
0.630358 -0.135665 0.0782055
0.610495 -0.14056 0.17903
0.769399 -0.0328908 0.0974101
0.630358 -0.130771 0.0782055
0.684982 -0.101407 0.198234
0.630357 -0.106303 0.0782055
0.615458 -0.0867284 0.0782055
0.630357 -0.101409 0.0782055
0.769402 -0.101403 0.155024
0.630357 -0.0965152 0.0782055
0.769402 -0.0965093 0.164626
0.630356 -0.0916215 0.0782055
0.749537 -0.081829 0.198234
0.769403 -0.130765 0.111814
0.66015 -0.0622579 0.0782055
0.699877 -0.0377875 0.0782055
0.630355 -0.0720466 0.0782055
0.63036 -0.174815 0.102211
0.630354 -0.0475779 0.0782055
0.630353 -0.0231093 0.0782055
0.610494 -0.120985 0.159825
0.630353 -0.00842808 0.0782055
0.640282 0.0551908 0.174229
0.71478 -0.165024 0.198234
0.630352 0.00135938 0.0782055
0.63532 -0.0475777 0.0782055
0.665111 0.0551919 0.107012
0.610489 -0.0133227 0.0974101
0.635325 -0.160134 0.0782055
0.630351 0.0356155 0.0782055
0.694916 -0.165025 0.198234
0.769399 -0.0231034 0.0974101
0.625394 -0.174815 0.0782055
0.610489 -0.00842893 0.174229
0.684975 0.0551927 0.164626
0.625394 -0.169921 0.0782055
0.660145 0.0551917 0.150223
0.769398 -0.0182096 0.121416
0.625393 -0.160134 0.0782055
0.650221 -0.125877 0.198234
0.67505 -0.111195 0.0782055
0.764429 0.0551961 0.198234
0.625393 -0.145453 0.0782055
0.769403 -0.135659 0.169428
0.759473 -0.160128 0.0782055
0.625392 -0.140559 0.0782055
0.610488 0.0160397 0.126217
0.610487 0.0356146 0.159825
0.625392 -0.130772 0.0782055
0.625391 -0.111197 0.0782055
0.680016 -0.101407 0.0782055
0.640283 0.0356159 0.198234
0.610495 -0.150347 0.0830066
0.739607 -0.111192 0.198234
0.610494 -0.125878 0.0830066
0.675048 -0.0622572 0.0782055
0.625388 -0.0231095 0.0782055
0.610496 -0.169922 0.0926089
0.645248 0.055191 0.0830066
0.625387 -0.00353457 0.0782055
0.610493 -0.106304 0.135819
0.635316 0.0551906 0.0974101
0.625386 0.00135917 0.0782055
0.689951 -0.174812 0.0782055
0.709804 0.0551938 0.183831
0.625385 0.0258278 0.0782055
0.610491 -0.0573662 0.126217
0.625384 0.0502965 0.0782055
0.699877 -0.0377875 0.198234
0.625384 0.0551902 0.0782055
0.655189 -0.155239 0.198234
0.610496 -0.174816 0.111814
0.620427 -0.145453 0.0782055
0.650223 -0.174814 0.140621
0.650221 -0.120983 0.0782055
0.749536 -0.0573603 0.0782055
0.610489 0.00135853 0.0830066
0.635316 0.0551906 0.169428
0.620425 -0.101409 0.0782055
0.749532 0.0551955 0.111814
0.620425 -0.0965157 0.0782055
0.620424 -0.0818345 0.0782055
0.734644 -0.17481 0.193433
0.620423 -0.0671533 0.0782055
0.625391 -0.101409 0.0782055
0.61049 -0.0280039 0.102211
0.620423 -0.0622595 0.0782055
0.610494 -0.130772 0.0878078
0.729676 -0.12098 0.198234
0.610493 -0.0916224 0.111814
0.650215 0.0160414 0.0782055
0.689942 0.035618 0.0782055
0.749541 -0.17481 0.135819
0.620423 -0.0573658 0.0782055
0.620422 -0.0377909 0.0782055
0.734641 -0.111192 0.198234
0.610492 -0.0671537 0.0878078
0.689941 0.0405118 0.0782055
0.620428 -0.174815 0.121416
0.620422 -0.0280034 0.0782055
0.650223 -0.16992 0.0782055
0.645249 0.0307224 0.0782055
0.62042 0.0160401 0.0782055
0.650217 -0.0280022 0.0782055
0.71478 -0.174811 0.0830066
0.694917 -0.174812 0.135819
0.615462 -0.160134 0.0782055
0.69988 -0.125875 0.198234
0.610496 -0.160135 0.0974101
0.615461 -0.155241 0.0782055
0.610494 -0.130772 0.0782055
0.769398 -0.0182096 0.198234
0.615461 -0.140559 0.0782055
0.764429 0.0551961 0.159825
0.615461 -0.135666 0.0782055
0.689941 0.0502992 0.0782055
0.61546 -0.111197 0.0782055
0.769405 -0.174809 0.159825
0.615459 -0.0965159 0.0782055
0.615459 -0.0916221 0.0782055
0.729668 0.0551946 0.193433
0.615457 -0.057366 0.0782055
0.615455 0.00135874 0.0782055
0.660151 -0.0671516 0.198234
0.650217 -0.0280022 0.198234
0.684975 0.0551927 0.0878078
0.724712 -0.174811 0.140621
0.620427 -0.15524 0.0782055
0.615454 0.0209337 0.0782055
0.729674 -0.0769361 0.198234
0.709807 -0.00353097 0.198234
0.650215 0.0209351 0.0782055
0.620426 -0.130772 0.0782055
0.615453 0.0454023 0.0782055
0.699874 0.0160435 0.0782055
0.610492 -0.0769412 0.169428
0.650222 -0.145452 0.0782055
0.645248 0.055191 0.0782055
0.610495 -0.14056 0.0782055
0.714779 -0.140555 0.198234
0.7545 -0.00352907 0.198234
0.7694 -0.0524657 0.116615
0.719746 -0.174811 0.174229
0.610495 -0.135666 0.0782055
0.610492 -0.06226 0.193433
0.660155 -0.174814 0.102211
0.769404 -0.145447 0.198234
0.65022 -0.0818332 0.0782055
0.675043 0.0551923 0.0878078
0.610495 -0.145453 0.183831
0.769404 -0.15034 0.169428
0.734644 -0.17481 0.140621
0.769401 -0.0769344 0.116615
0.610493 -0.10141 0.0782055
0.769405 -0.174809 0.121416
0.640288 -0.0818336 0.0782055
0.610492 -0.0769412 0.0782055
0.739604 -0.0377858 0.198234
0.7694 -0.047572 0.17903
0.675044 0.0356174 0.198234
0.680019 -0.174813 0.198234
0.660146 0.050298 0.0782055
0.610496 -0.169922 0.135819
0.610491 -0.0573662 0.0782055
0.724706 -0.0426802 0.198234
0.769397 0.00625903 0.188632
0.749533 0.0111519 0.0782055
0.610489 -0.00842893 0.0782055
0.719743 -0.101405 0.0782055
0.769399 -0.0231034 0.193433
0.625394 -0.174815 0.174229
0.610489 0.00135853 0.0782055
0.610488 0.011146 0.0782055
0.610488 0.0160397 0.0782055
0.655181 0.0258291 0.0782055
0.704839 0.0551936 0.102211
0.625384 0.0551902 0.145422
0.610488 0.0209335 0.0782055
0.610488 0.0307209 0.0782055
0.630352 0.00625311 0.0782055
0.610487 0.0405084 0.0782055
0.610487 0.0551896 0.0782055
0.65022 -0.101408 0.0782055
0.769402 -0.106297 0.111814
0.630355 -0.0671529 0.198234
0.729677 -0.165023 0.0782055
0.610496 -0.165028 0.140621
0.769405 -0.169915 0.198234
0.610493 -0.10141 0.198234
0.689942 0.0307243 0.0782055
0.640292 -0.174815 0.131018
0.769405 -0.165022 0.198234
0.68498 -0.0524693 0.0782055
0.769404 -0.155234 0.198234
0.689948 -0.111194 0.198234
0.769403 -0.130765 0.198234
0.769403 -0.125872 0.198234
0.670077 0.0551921 0.131018
0.610493 -0.106304 0.193433
0.640292 -0.174815 0.188632
0.769403 -0.120978 0.198234
0.769403 -0.116084 0.198234
0.610489 0.00625226 0.135819
0.665118 -0.09162 0.0782055
0.769402 -0.101403 0.198234
0.680011 0.011149 0.0782055
0.615458 -0.0720472 0.0782055
0.769402 -0.0965093 0.198234
0.769401 -0.0867219 0.198234
0.610496 -0.174816 0.159825
0.610491 -0.0524725 0.0782055
0.7694 -0.0622532 0.198234
0.665116 -0.0622576 0.0782055
0.704843 -0.0524685 0.198234
0.719737 0.040513 0.0782055
0.749535 -0.0279979 0.0782055
0.61049 -0.0231101 0.0782055
0.769399 -0.0231034 0.155024
0.630353 -0.0182155 0.0782055
0.769398 -0.0133159 0.198234
0.769398 -0.00842217 0.198234
0.630359 -0.145453 0.0782055
0.769401 -0.0720407 0.198234
0.645248 0.0502973 0.0782055
0.769398 -0.00352843 0.198234
0.610494 -0.120985 0.0782055
0.744571 -0.0720417 0.0782055
0.769395 0.0503026 0.198234
0.660148 -0.00353309 0.198234
0.764437 -0.116084 0.198234
0.610491 -0.042685 0.17903
0.615462 -0.174816 0.155024
0.684976 0.0356178 0.0782055
0.68995 -0.160131 0.0782055
0.764436 -0.106297 0.198234
0.714779 -0.145449 0.198234
0.764436 -0.0965095 0.198234
0.630357 -0.11609 0.0782055
0.675049 -0.0867259 0.0782055
0.769404 -0.155234 0.0782055
0.729668 0.0551946 0.0974101
0.665113 0.0111483 0.0782055
0.764435 -0.0818283 0.198234
0.645258 -0.174814 0.102211
0.769396 0.0307277 0.102211
0.635323 -0.101409 0.0782055
0.734634 0.0551949 0.188632
0.749533 0.0258331 0.0782055
0.764434 -0.052466 0.198234
0.655182 -0.0035333 0.0782055
0.769399 -0.0426783 0.198234
0.714779 -0.16013 0.198234
0.764433 -0.0426785 0.198234
0.689949 -0.130769 0.198234
0.764433 -0.0279973 0.198234
0.635318 0.00625332 0.198234
0.764433 -0.0231036 0.198234
0.764432 -0.00352865 0.198234
0.764431 0.00625882 0.198234
0.675044 0.0307237 0.0782055
0.610494 -0.116091 0.145422
0.65518 0.0551915 0.17903
0.764431 0.0258337 0.198234
0.769404 -0.160128 0.111814
0.76443 0.0356212 0.198234
0.754503 -0.0671476 0.198234
0.729668 0.0551946 0.0878078
0.76443 0.0503024 0.198234
0.7694 -0.047572 0.174229
0.759473 -0.160128 0.198234
0.759471 -0.120978 0.198234
0.610495 -0.14056 0.0974101
0.635322 -0.0867276 0.0782055
0.759471 -0.111191 0.198234
0.660149 -0.023108 0.198234
0.75947 -0.106297 0.198234
0.704841 -0.0133186 0.0782055
0.635318 0.00135959 0.0782055
0.769398 -0.00842217 0.107012
0.620418 0.0502963 0.0782055
0.759469 -0.0818285 0.198234
0.610495 -0.150347 0.107012
0.610492 -0.0818349 0.150223
0.610494 -0.125878 0.121416
0.694914 -0.1063 0.198234
0.610492 -0.06226 0.0830066
0.675045 0.0111487 0.198234
0.680018 -0.150344 0.198234
0.689951 -0.174812 0.0974101
0.645249 0.0356161 0.198234
0.680012 -0.0182134 0.0782055
0.759466 -0.00842259 0.198234
0.699879 -0.0916185 0.0782055
0.769402 -0.111191 0.135819
0.759466 -0.00352886 0.198234
0.620419 0.0356151 0.0782055
0.769402 -0.101403 0.126217
0.759465 0.0062586 0.198234
0.754505 -0.111191 0.198234
0.704844 -0.0720434 0.0782055
0.764439 -0.169915 0.198234
0.759465 0.0111523 0.198234
0.749541 -0.17481 0.140621
0.680009 0.0454051 0.0782055
0.645249 0.0356161 0.0782055
0.61049 -0.0231101 0.126217
0.759465 0.0209398 0.198234
0.635316 0.0551906 0.0782055
0.73961 -0.17481 0.145422
0.689944 -0.0133193 0.198234
0.764438 -0.150341 0.198234
0.759464 0.0405147 0.198234
0.7694 -0.0671469 0.107012
0.620428 -0.169922 0.0782055
0.615453 0.0356149 0.0782055
0.660149 -0.0328955 0.0782055
0.694917 -0.174812 0.107012
0.729674 -0.0818298 0.198234
0.645252 -0.052471 0.198234
0.680019 -0.174813 0.107012
0.754506 -0.155235 0.198234
0.63532 -0.0377903 0.198234
0.734641 -0.106298 0.198234
0.610491 -0.0475788 0.0830066
0.694917 -0.174812 0.0830066
0.754506 -0.150341 0.198234
0.769403 -0.135659 0.198234
0.72967 0.0160448 0.198234
0.684985 -0.174813 0.135819
0.754505 -0.130766 0.198234
0.65518 0.0551915 0.159825
0.665119 -0.13077 0.0782055
0.675052 -0.140557 0.198234
0.754505 -0.120979 0.198234
0.63035 0.0551904 0.131018
0.645258 -0.174814 0.0926089
0.610494 -0.116091 0.174229
0.769401 -0.0916156 0.198234
0.754507 -0.160128 0.198234
0.61049 -0.0182164 0.102211
0.675053 -0.174813 0.116615
0.754504 -0.0965099 0.198234
0.684981 -0.0867255 0.0782055
0.754504 -0.0867225 0.198234
0.610496 -0.165028 0.198234
0.620421 0.00135895 0.0782055
0.754503 -0.076935 0.198234
0.76443 0.0454087 0.198234
0.61049 -0.0231101 0.0830066
0.754503 -0.0720413 0.198234
0.610487 0.0502958 0.164626
0.754502 -0.0573601 0.198234
0.630352 0.0160406 0.0782055
0.754502 -0.0524664 0.198234
0.610494 -0.130772 0.150223
0.769398 -0.0182096 0.0878078
0.734636 0.00625755 0.0782055
0.635322 -0.0867276 0.198234
0.610487 0.0551896 0.145422
0.769399 -0.0231034 0.0878078
0.754501 -0.0279977 0.198234
0.754501 -0.023104 0.198234
0.610495 -0.135666 0.121416
0.724707 -0.0573614 0.198234
0.610491 -0.042685 0.116615
0.754507 -0.17481 0.155024
0.76443 0.0405149 0.198234
0.704848 -0.174812 0.111814
0.660145 0.0551917 0.164626
0.7545 -0.0133165 0.198234
0.610494 -0.130772 0.193433
0.754499 0.0111521 0.198234
0.769402 -0.101403 0.0974101
0.66015 -0.0573641 0.0782055
0.754499 0.0258333 0.198234
0.61049 -0.0280039 0.0926089
0.754498 0.0356208 0.198234
0.61049 -0.0377913 0.0926089
0.635316 0.0551906 0.159825
0.754498 0.0405145 0.198234
0.754498 0.0454082 0.198234
0.769401 -0.0867219 0.140621
0.61049 -0.0328976 0.102211
0.630352 0.0111468 0.0782055
0.769397 0.0160465 0.0974101
0.754498 0.050302 0.198234
0.754497 0.0551957 0.198234
0.689943 0.0111494 0.198234
0.729668 0.0551946 0.126217
0.74954 -0.140554 0.198234
0.74954 -0.13566 0.198234
0.769402 -0.0965093 0.174229
0.749539 -0.125873 0.198234
0.635317 0.0356157 0.0782055
0.749532 0.0551955 0.145422
0.769397 0.0111528 0.0878078
0.650223 -0.174814 0.0782055
0.694917 -0.174812 0.169428
0.699875 0.0111498 0.198234
0.665112 0.035617 0.0782055
0.749538 -0.101404 0.198234
0.749538 -0.0965102 0.198234
0.709811 -0.106299 0.0782055
0.645248 0.055191 0.0878078
0.769396 0.0405151 0.0974101
0.749537 -0.0720415 0.198234
0.64029 -0.135665 0.0782055
0.704841 0.00136255 0.198234
0.769398 -0.00352843 0.174229
0.670086 -0.145451 0.0782055
0.620419 0.0307213 0.0782055
0.709812 -0.130768 0.198234
0.680009 0.0551925 0.0782055
0.719739 -0.00842428 0.198234
0.610487 0.0356146 0.17903
0.63532 -0.0280028 0.0782055
0.769403 -0.116084 0.17903
0.749537 -0.062254 0.198234
0.749536 -0.0573603 0.198234
0.734635 0.0405137 0.0782055
0.650221 -0.120983 0.198234
0.729678 -0.174811 0.193433
0.610488 0.0160397 0.107012
0.769397 0.0160465 0.169428
0.749536 -0.0475729 0.198234
0.769397 0.0111528 0.140621
0.749536 -0.0426791 0.198234
0.734642 -0.130767 0.198234
0.610492 -0.0720474 0.0830066
0.675047 -0.0231074 0.0782055
0.749535 -0.0328917 0.198234
0.769396 0.0454089 0.193433
0.660152 -0.101408 0.0782055
0.625387 -0.0182158 0.0782055
0.615457 -0.0475786 0.0782055
0.749535 -0.0231042 0.198234
0.7694 -0.047572 0.183831
0.680014 -0.0720445 0.0782055
0.7396 0.0405139 0.0782055
0.749534 -0.0133167 0.198234
0.615453 0.0307211 0.198234
0.620428 -0.165028 0.198234
0.625388 -0.0426844 0.0782055
0.749534 0.00136445 0.198234
0.7396 0.0551951 0.0782055
0.749533 0.0111519 0.198234
0.7396 0.0551951 0.140621
0.665113 0.00625459 0.0782055
0.670087 -0.174813 0.140621
0.769396 0.0405151 0.169428
0.749533 0.0258331 0.198234
0.68498 -0.0573631 0.198234
0.610492 -0.0671537 0.102211
0.665115 -0.037789 0.0782055
0.68498 -0.0524693 0.198234
0.694908 0.020937 0.198234
0.769397 0.0160465 0.145422
0.749532 0.0503018 0.198234
0.625389 -0.0671531 0.0782055
0.610487 0.0551896 0.198234
0.744575 -0.155235 0.198234
0.689945 -0.0377879 0.198234
0.694907 0.0551932 0.0926089
0.744573 -0.125873 0.198234
0.645251 -0.0280024 0.0782055
0.754499 0.0209396 0.198234
0.769399 -0.0328908 0.169428
0.62042 0.0258276 0.0782055
0.749536 -0.0377854 0.198234
0.744573 -0.120979 0.198234
0.665114 -0.00353287 0.198234
0.7694 -0.0524657 0.198234
0.744572 -0.0867229 0.198234
0.680015 -0.0916194 0.0782055
0.699878 -0.0622562 0.198234
0.650222 -0.130771 0.0782055
0.670079 0.020936 0.198234
0.769401 -0.0769344 0.140621
0.744571 -0.067148 0.198234
0.744571 -0.0622543 0.198234
0.70484 0.01115 0.0782055
0.709813 -0.145449 0.0782055
0.635317 0.0258282 0.0782055
0.74457 -0.0573605 0.198234
0.610491 -0.0573662 0.102211
0.734637 -0.0133174 0.0782055
0.610496 -0.174816 0.155024
0.759466 -0.0133163 0.0782055
0.744569 -0.0231044 0.198234
0.769403 -0.120978 0.111814
0.635321 -0.0524715 0.0782055
0.684985 -0.174813 0.102211
0.744568 -0.00352949 0.198234
0.744568 0.00136424 0.198234
0.759466 0.00136487 0.0782055
0.769404 -0.145447 0.0878078
0.749541 -0.169916 0.198234
0.744567 0.0258329 0.198234
0.610494 -0.125878 0.164626
0.744566 0.0405141 0.198234
0.699873 0.0551934 0.155024
0.74954 -0.150341 0.198234
0.744566 0.0454078 0.198234
0.769396 0.0454089 0.121416
0.625387 -0.0182158 0.198234
0.739608 -0.140554 0.198234
0.739608 -0.13566 0.198234
0.739608 -0.130767 0.198234
0.729677 -0.150342 0.198234
0.670077 0.0551921 0.102211
0.610495 -0.145453 0.0830066
0.769397 0.0160465 0.135819
0.739607 -0.106298 0.198234
0.665111 0.0551919 0.131018
0.675051 -0.130769 0.0782055
0.640286 -0.0426838 0.198234
0.769396 0.0356214 0.107012
0.764434 -0.0475722 0.198234
0.739606 -0.0867231 0.198234
0.769404 -0.140553 0.193433
0.739606 -0.0818294 0.198234
0.65518 0.0551915 0.121416
0.739605 -0.0671482 0.198234
0.749541 -0.17481 0.131018
0.739605 -0.0573607 0.198234
0.739604 -0.052467 0.198234
0.650214 0.0551913 0.107012
0.71478 -0.174811 0.102211
0.739604 -0.0426795 0.198234
0.704848 -0.174812 0.126217
0.680016 -0.101407 0.198234
0.675043 0.0551923 0.155024
0.615456 -0.0280036 0.0782055
0.739601 0.0307264 0.198234
0.655188 -0.150345 0.0782055
0.660147 0.0111481 0.0782055
0.625385 0.0307215 0.0782055
0.7396 0.0454076 0.198234
0.665117 -0.0867263 0.0782055
0.769399 -0.0377846 0.198234
0.749535 -0.0328917 0.0782055
0.610496 -0.165028 0.155024
0.684985 -0.169919 0.0782055
0.660149 -0.0182143 0.198234
0.635317 0.0356157 0.198234
0.729668 0.0551946 0.116615
0.699875 -0.00353139 0.198234
0.635321 -0.0573652 0.198234
0.620426 -0.135666 0.0782055
0.615453 0.050296 0.0782055
0.610491 -0.0524725 0.140621
0.63035 0.0551904 0.107012
0.610494 -0.116091 0.150223
0.615457 -0.0622598 0.0782055
0.734642 -0.140554 0.198234
0.769405 -0.165022 0.0782055
0.61049 -0.0377913 0.0782055
0.734642 -0.135661 0.198234
0.734641 -0.120979 0.198234
0.73464 -0.0965108 0.198234
0.75947 -0.091616 0.198234
0.749536 -0.0524666 0.198234
0.684975 0.0551927 0.188632
0.724712 -0.174811 0.183831
0.615454 0.0160399 0.198234
0.73464 -0.0867233 0.198234
0.73464 -0.0818296 0.198234
0.610492 -0.0769412 0.150223
0.620421 -0.00353478 0.198234
0.699873 0.0551934 0.193433
0.739605 -0.0622545 0.198234
0.734638 -0.0328923 0.198234
0.734637 -0.0279986 0.198234
0.769399 -0.0328908 0.188632
0.734637 -0.0231048 0.198234
0.764436 -0.101403 0.198234
0.610496 -0.165028 0.107012
0.734637 -0.0182111 0.198234
0.655185 -0.0720455 0.198234
0.734637 -0.0133174 0.198234
0.635326 -0.174815 0.155024
0.734637 -0.00842365 0.198234
0.719736 0.0551942 0.102211
0.734636 -0.00352991 0.198234
0.734636 0.00136382 0.198234
0.734636 0.00625755 0.198234
0.610496 -0.165028 0.193433
0.734636 0.0111513 0.198234
0.625389 -0.0524719 0.198234
0.734636 0.016045 0.198234
0.734635 0.0258325 0.198234
0.769397 0.0209402 0.17903
0.734635 0.0307262 0.198234
0.665112 0.0454044 0.0782055
0.610492 -0.0671537 0.140621
0.734634 0.0454074 0.198234
0.610491 -0.0573662 0.145422
0.610494 -0.130772 0.198234
0.635318 0.00625332 0.0782055
0.729677 -0.16013 0.198234
0.675047 -0.0377886 0.198234
0.689951 -0.174812 0.183831
0.729676 -0.140555 0.198234
0.729676 -0.135661 0.198234
0.724702 0.0551944 0.102211
0.689945 -0.0426817 0.198234
0.729676 -0.130767 0.198234
0.610492 -0.0818349 0.131018
0.670085 -0.13077 0.0782055
0.7694 -0.0524657 0.0974101
0.67008 -0.00842639 0.0782055
0.640283 0.0405096 0.198234
0.724702 0.0503007 0.198234
0.675043 0.0551923 0.174229
0.729675 -0.106298 0.198234
0.660145 0.0551917 0.198234
0.764435 -0.0720409 0.0782055
0.610491 -0.0573662 0.17903
0.635324 -0.140559 0.0782055
0.660155 -0.160132 0.0782055
0.610488 0.0209335 0.0878078
0.610493 -0.10141 0.193433
0.729674 -0.096511 0.198234
0.729674 -0.0916173 0.198234
0.63036 -0.174815 0.0974101
0.670085 -0.135663 0.0782055
0.680009 0.0551925 0.0878078
0.729673 -0.0573612 0.198234
0.729673 -0.0524674 0.198234
0.610491 -0.042685 0.188632
0.684975 0.0551927 0.169428
0.615462 -0.174816 0.188632
0.704839 0.0551936 0.0926089
0.675052 -0.140557 0.0782055
0.729672 -0.0475737 0.198234
0.704848 -0.174812 0.131018
0.729672 -0.04268 0.198234
0.635324 -0.135665 0.198234
0.610492 -0.06226 0.102211
0.729671 -0.023105 0.198234
0.709811 -0.0965119 0.198234
0.665111 0.0551919 0.17903
0.610489 -0.0133227 0.169428
0.729671 -0.0133176 0.198234
0.709809 -0.0622557 0.0782055
0.650214 0.0502975 0.0782055
0.615452 0.0551898 0.126217
0.72967 0.0013636 0.198234
0.739603 -0.0279984 0.198234
0.734644 -0.17481 0.198234
0.729669 0.0209385 0.198234
0.65518 0.0551915 0.135819
0.729669 0.0258323 0.198234
0.630356 -0.081834 0.0782055
0.63036 -0.174815 0.198234
0.610488 0.0160397 0.17903
0.650219 -0.0769395 0.0782055
0.729669 0.030726 0.198234
0.660155 -0.174814 0.159825
0.729669 0.0405135 0.198234
0.759472 -0.155235 0.198234
0.739602 -0.0035297 0.198234
0.719743 -0.111193 0.198234
0.610491 -0.0475788 0.121416
0.734643 -0.150342 0.198234
0.729668 0.0454072 0.198234
0.610494 -0.120985 0.150223
0.724712 -0.174811 0.198234
0.67505 -0.0965133 0.0782055
0.724712 -0.169917 0.198234
0.744567 0.0307266 0.198234
0.610496 -0.169922 0.198234
0.610487 0.0454021 0.155024
0.724712 -0.165023 0.198234
0.724711 -0.16013 0.198234
0.724711 -0.155236 0.198234
0.72471 -0.130767 0.198234
0.724709 -0.116086 0.198234
0.620421 -0.00353478 0.0782055
0.650215 0.0209351 0.198234
0.67505 -0.111195 0.198234
0.724709 -0.111192 0.198234
0.650216 0.0111477 0.198234
0.739604 -0.0475733 0.198234
0.665111 0.0551919 0.145422
0.729678 -0.169917 0.198234
0.610487 0.0454021 0.0830066
0.724708 -0.0916175 0.198234
0.670082 -0.0622574 0.198234
0.670085 -0.116088 0.0782055
0.660151 -0.0720453 0.0782055
0.69988 -0.120981 0.0782055
0.724708 -0.0867238 0.198234
0.724708 -0.08183 0.198234
0.724707 -0.0622551 0.198234
0.610492 -0.0769412 0.0878078
0.769404 -0.155234 0.150223
0.724707 -0.0524676 0.198234
0.734642 -0.145448 0.198234
0.724706 -0.0475739 0.198234
0.769401 -0.0818281 0.198234
0.615459 -0.10141 0.0782055
0.724705 -0.0231053 0.198234
0.759467 -0.01821 0.198234
0.66015 -0.0475767 0.198234
0.7694 -0.047572 0.111814
0.680019 -0.174813 0.183831
0.689942 0.0160431 0.198234
0.645256 -0.130771 0.0782055
0.645253 -0.072046 0.0782055
0.724705 -0.0133178 0.198234
0.724705 -0.00353034 0.198234
0.724704 0.00136339 0.198234
0.769396 0.0258339 0.198234
0.724704 0.0160446 0.198234
0.62539 -0.086728 0.0782055
0.724704 0.0209383 0.198234
0.610495 -0.135666 0.198234
0.610487 0.0551896 0.183831
0.744571 -0.0720417 0.198234
0.769397 0.0013653 0.140621
0.724703 0.025832 0.198234
0.714772 0.0160442 0.198234
0.769398 -0.00352843 0.155024
0.724703 0.0307258 0.198234
0.744576 -0.17481 0.198234
0.640291 -0.169921 0.198234
0.714771 0.0356191 0.198234
0.719745 -0.155236 0.198234
0.665113 0.016042 0.198234
0.665113 0.0209358 0.198234
0.70484 0.0160437 0.198234
0.7694 -0.047572 0.0926089
0.680019 -0.174813 0.0926089
0.615455 -0.00353499 0.198234
0.610493 -0.0916224 0.164626
0.620419 0.0405088 0.0782055
0.615458 -0.0671535 0.0782055
0.709812 -0.116087 0.198234
0.729673 -0.0671486 0.198234
0.660149 -0.0182143 0.0782055
0.769397 0.0111528 0.121416
0.764435 -0.0720409 0.198234
0.694917 -0.174812 0.183831
0.680019 -0.169919 0.0782055
0.640282 0.0454034 0.0782055
0.625387 -0.0084283 0.0782055
0.689945 -0.0524691 0.198234
0.660155 -0.174814 0.198234
0.724704 0.0209383 0.0782055
0.680016 -0.0965131 0.198234
0.645248 0.0454036 0.198234
0.660155 -0.165026 0.198234
0.660154 -0.150345 0.198234
0.615462 -0.174816 0.107012
0.660154 -0.140558 0.198234
0.660153 -0.120983 0.198234
0.615461 -0.145453 0.198234
0.719744 -0.135661 0.198234
0.610493 -0.10141 0.164626
0.640292 -0.174815 0.0878078
0.645248 0.055191 0.174229
0.625387 -0.013322 0.0782055
0.680011 0.0160427 0.0782055
0.610487 0.0356146 0.145422
0.744576 -0.17481 0.140621
0.754502 -0.0475726 0.198234
0.655182 0.00625416 0.198234
0.610491 -0.0573662 0.193433
0.640289 -0.106302 0.198234
0.615462 -0.160134 0.198234
0.71974 -0.0377867 0.198234
0.610496 -0.160135 0.121416
0.769399 -0.0279971 0.198234
0.684975 0.0454053 0.0782055
0.689949 -0.14545 0.0782055
0.660149 -0.0377892 0.198234
0.660152 -0.0916202 0.0782055
0.759469 -0.0769348 0.198234
0.64029 -0.125877 0.198234
0.709813 -0.135662 0.198234
0.675049 -0.0818321 0.198234
0.655189 -0.155239 0.0782055
0.739602 0.00625776 0.198234
0.660148 -0.0133205 0.198234
0.769396 0.0405151 0.0878078
0.655186 -0.101408 0.0782055
0.640292 -0.174815 0.0926089
0.684976 0.0356178 0.198234
0.68995 -0.160131 0.198234
0.660148 -0.00842682 0.198234
0.625389 -0.0475781 0.0782055
0.610491 -0.042685 0.198234
0.62539 -0.0720468 0.0782055
0.739608 -0.140554 0.0782055
0.660147 0.0111481 0.198234
0.645256 -0.140558 0.198234
0.655187 -0.13077 0.198234
0.625385 0.0454027 0.0782055
0.660153 -0.120983 0.0782055
0.769398 -0.0133159 0.121416
0.625393 -0.15524 0.0782055
0.769401 -0.0916156 0.140621
0.645258 -0.174814 0.126217
0.764429 0.0551961 0.107012
0.694907 0.0551932 0.198234
0.660146 0.0356168 0.198234
0.665121 -0.160132 0.198234
0.670079 0.0160423 0.0782055
0.610489 -0.0035352 0.140621
0.689941 0.055193 0.198234
0.670085 -0.135663 0.198234
0.610495 -0.135666 0.164626
0.625385 0.0356153 0.198234
0.650217 -0.013321 0.198234
0.699873 0.0551934 0.102211
0.660146 0.0454042 0.198234
0.66512 -0.145451 0.198234
0.675052 -0.160132 0.198234
0.655183 -0.028002 0.198234
0.61049 -0.0377913 0.0878078
0.769402 -0.111191 0.0878078
0.655189 -0.16992 0.198234
0.610489 0.00625226 0.116615
0.73961 -0.17481 0.126217
0.645251 -0.0133212 0.0782055
0.769396 0.0307277 0.198234
0.655188 -0.145451 0.198234
0.655183 -0.0328957 0.0782055
0.655187 -0.125877 0.198234
0.615452 0.0551898 0.116615
0.61049 -0.0377913 0.188632
0.610491 -0.0524725 0.198234
0.744574 -0.130766 0.198234
0.699873 0.0356185 0.198234
0.650214 0.0551913 0.188632
0.620421 0.00135895 0.198234
0.71478 -0.174811 0.116615
0.699881 -0.130768 0.198234
0.670078 0.0454046 0.198234
0.610495 -0.14056 0.121416
0.74457 -0.0426793 0.0782055
0.655186 -0.106302 0.198234
0.610491 -0.042685 0.164626
0.615462 -0.174816 0.164626
0.655186 -0.0916205 0.198234
0.734639 -0.0524672 0.198234
0.759467 -0.0328912 0.0782055
0.625394 -0.174815 0.135819
0.635326 -0.174815 0.0782055
0.754497 0.0551957 0.0782055
0.670085 -0.120982 0.198234
0.689946 -0.072044 0.198234
0.70484 0.0258312 0.0782055
0.655185 -0.081833 0.198234
0.635325 -0.145452 0.198234
0.630351 0.045403 0.198234
0.650214 0.0551913 0.0782055
0.610495 -0.155241 0.0878078
0.655185 -0.0671518 0.198234
0.655185 -0.0622581 0.198234
0.660145 0.0551917 0.121416
0.645255 -0.106302 0.198234
0.655184 -0.0475769 0.198234
0.744573 -0.120979 0.0782055
0.655183 -0.0231082 0.198234
0.615455 -0.0133224 0.0782055
0.65518 0.0551915 0.198234
0.769401 -0.0769344 0.145422
0.689943 0.00136191 0.198234
0.670082 -0.05247 0.198234
0.680009 0.0551925 0.198234
0.694915 -0.130769 0.0782055
0.655181 0.0160416 0.198234
0.610491 -0.042685 0.111814
0.630355 -0.0622591 0.198234
0.769397 0.0111528 0.116615
0.749532 0.0551955 0.198234
0.655187 -0.120983 0.198234
0.714773 -0.00842449 0.198234
0.7396 0.0551951 0.198234
0.75947 -0.101403 0.0782055
0.684975 0.0551927 0.193433
0.724712 -0.174811 0.17903
0.694914 -0.120981 0.198234
0.71974 -0.0426804 0.198234
0.684975 0.0551927 0.126217
0.650214 0.0454038 0.0782055
0.620425 -0.106303 0.0782055
0.655187 -0.116089 0.198234
0.655181 0.0307228 0.198234
0.719742 -0.086724 0.198234
0.61546 -0.111197 0.198234
0.610494 -0.111197 0.121416
0.694907 0.0551932 0.107012
0.65518 0.0502977 0.198234
0.759469 -0.0720411 0.0782055
0.61049 -0.0182164 0.0878078
0.759473 -0.174809 0.174229
0.675053 -0.174813 0.107012
0.64525 0.00136001 0.0782055
0.714779 -0.155236 0.198234
0.729676 -0.125873 0.0782055
0.610493 -0.0965161 0.198234
0.724711 -0.150342 0.198234
0.714775 -0.0524681 0.198234
0.660147 0.030723 0.198234
0.729672 -0.0328925 0.0782055
0.645252 -0.0377898 0.0782055
0.65518 0.0405103 0.198234
0.744575 -0.169916 0.198234
0.694912 -0.0769376 0.198234
0.680016 -0.111194 0.198234
0.665121 -0.174813 0.0974101
0.769396 0.0356214 0.164626
0.749537 -0.0671478 0.198234
0.719736 0.0551942 0.126217
0.699875 0.00136234 0.198234
0.680014 -0.0671507 0.198234
0.739609 -0.165023 0.198234
0.650221 -0.111196 0.198234
0.635319 -0.0231091 0.198234
0.754504 -0.106297 0.0782055
0.650217 -0.0231084 0.198234
0.615454 0.00625247 0.0782055
0.650217 -0.0182147 0.198234
0.650223 -0.160133 0.0782055
0.665112 0.0502982 0.198234
0.704844 -0.0671497 0.198234
0.665116 -0.0475764 0.198234
0.660152 -0.096514 0.198234
0.680009 0.0551925 0.183831
0.769396 0.0356214 0.135819
0.635316 0.0454032 0.0782055
0.764432 0.00136508 0.198234
0.72967 0.00625734 0.198234
0.650216 0.00136022 0.198234
0.769396 0.0307277 0.0974101
0.764435 -0.0769346 0.198234
0.754499 0.0160459 0.0782055
0.704848 -0.174812 0.198234
0.650216 0.00625395 0.198234
0.680009 0.0551925 0.131018
0.670084 -0.111195 0.198234
0.610489 0.00625226 0.126217
0.73961 -0.17481 0.0878078
0.670083 -0.0818324 0.0782055
0.759463 0.0551959 0.0782055
0.65022 -0.0867269 0.198234
0.625393 -0.15524 0.198234
0.610489 0.00135853 0.111814
0.650221 -0.111196 0.0782055
0.680012 -0.0182134 0.198234
0.645257 -0.160133 0.198234
0.645257 -0.150346 0.198234
0.635318 -0.00353414 0.198234
0.610496 -0.174816 0.169428
0.640289 -0.11609 0.198234
0.645256 -0.135664 0.198234
0.610487 0.0405084 0.198234
0.769396 0.0405151 0.102211
0.764435 -0.0671471 0.198234
0.610491 -0.042685 0.135819
0.610494 -0.111197 0.145422
0.754507 -0.17481 0.174229
0.610492 -0.0720474 0.0782055
0.645256 -0.130771 0.198234
0.610496 -0.160135 0.198234
0.615456 -0.0377911 0.198234
0.61546 -0.130772 0.0782055
0.610493 -0.10141 0.188632
0.640292 -0.174815 0.159825
0.645255 -0.111196 0.198234
0.610494 -0.125878 0.150223
0.714774 -0.0279994 0.0782055
0.754504 -0.0916162 0.198234
0.769404 -0.145447 0.0830066
0.660148 0.00136065 0.198234
0.610488 0.0258272 0.0782055
0.719736 0.0551942 0.198234
0.694909 0.00625586 0.0782055
0.610492 -0.0720474 0.121416
0.749539 -0.120979 0.198234
0.675053 -0.174813 0.145422
0.625391 -0.11609 0.0782055
0.610487 0.0502958 0.150223
0.769404 -0.155234 0.164626
0.739604 -0.052467 0.0782055
0.68001 0.0356176 0.198234
0.610487 0.0502958 0.183831
0.660148 0.00136065 0.0782055
0.645254 -0.0818334 0.198234
0.704848 -0.174812 0.164626
0.749541 -0.165022 0.198234
0.610494 -0.130772 0.159825
0.645253 -0.0769397 0.198234
0.71478 -0.174811 0.0974101
0.620418 0.05519 0.155024
0.69491 -0.0182128 0.198234
0.769404 -0.145447 0.0926089
0.645253 -0.0671522 0.198234
0.769403 -0.135659 0.107012
0.610492 -0.0818349 0.140621
0.620419 0.0405088 0.198234
0.655183 -0.0182145 0.198234
0.610492 -0.0720474 0.159825
0.650223 -0.160133 0.198234
0.61049 -0.0328976 0.107012
0.64525 -0.00353372 0.198234
0.675053 -0.169919 0.198234
0.620422 -0.0231097 0.0782055
0.744573 -0.116085 0.198234
0.709814 -0.174812 0.183831
0.645249 0.0160412 0.198234
0.670077 0.0551921 0.140621
0.645249 0.0258287 0.198234
0.769399 -0.0377846 0.164626
0.62042 0.00625268 0.0782055
0.694913 -0.086725 0.198234
0.640287 -0.0671524 0.0782055
0.640292 -0.174815 0.198234
0.675047 -0.0328948 0.198234
0.645257 -0.150346 0.0782055
0.645252 -0.0377898 0.198234
0.719741 -0.0475741 0.198234
0.759463 0.0551959 0.164626
0.70981 -0.0769369 0.0782055
0.660147 0.0258293 0.198234
0.635316 0.0551906 0.135819
0.734635 0.0209387 0.198234
0.714776 -0.0769367 0.0782055
0.769403 -0.135659 0.111814
0.610492 -0.0818349 0.145422
0.640291 -0.165027 0.198234
0.7694 -0.0524657 0.188632
0.714772 0.0209379 0.198234
0.719746 -0.174811 0.198234
0.769403 -0.120978 0.102211
0.719738 0.00625691 0.198234
0.610496 -0.160135 0.0878078
0.655184 -0.0426831 0.0782055
0.744576 -0.17481 0.116615
0.699876 -0.028 0.198234
0.640283 0.0258285 0.198234
0.660152 -0.101408 0.198234
0.719738 0.0160444 0.198234
0.610493 -0.106304 0.116615
0.694916 -0.155237 0.198234
0.645254 -0.0965146 0.0782055
0.670086 -0.160132 0.0782055
0.610491 -0.0573662 0.159825
0.630356 -0.081834 0.198234
0.699879 -0.0965123 0.198234
0.769397 0.00625903 0.111814
0.655186 -0.0916205 0.0782055
0.61049 -0.0182164 0.116615
0.610495 -0.150347 0.17903
0.610487 0.0502958 0.159825
0.640291 -0.150346 0.198234
0.610494 -0.120985 0.111814
0.680018 -0.165025 0.0782055
0.675044 0.0258299 0.0782055
0.759471 -0.125872 0.0782055
0.670083 -0.0769386 0.198234
0.655184 -0.0524706 0.198234
0.72471 -0.125874 0.0782055
0.625386 0.0209341 0.0782055
0.67008 -0.0133201 0.198234
0.610489 -0.0035352 0.116615
0.610488 0.0209335 0.198234
0.769403 -0.130765 0.131018
0.630356 -0.0867278 0.0782055
0.694915 -0.140556 0.198234
0.709807 -0.0084247 0.0782055
0.675047 -0.0426823 0.0782055
0.764439 -0.160128 0.198234
0.759464 0.0503022 0.198234
0.729677 -0.150342 0.0782055
0.610495 -0.145453 0.155024
0.734644 -0.17481 0.169428
0.704846 -0.120981 0.0782055
0.610494 -0.111197 0.193433
0.754507 -0.17481 0.126217
0.640289 -0.101409 0.198234
0.684975 0.0551927 0.131018
0.754501 -0.0279977 0.0782055
0.640288 -0.0965148 0.198234
0.704843 -0.042681 0.198234
0.630351 0.0307218 0.0782055
0.610487 0.0405084 0.174229
0.640288 -0.0916211 0.198234
0.769403 -0.130765 0.0878078
0.719737 0.0307256 0.198234
0.610496 -0.169922 0.121416
0.665115 -0.0231078 0.0782055
0.635321 -0.0671526 0.0782055
0.709812 -0.125874 0.198234
0.610493 -0.0965161 0.145422
0.749534 -0.00842301 0.198234
0.689946 -0.0769378 0.0782055
0.655182 -0.00842703 0.198234
0.640287 -0.0671524 0.198234
0.670078 0.0405109 0.198234
0.610495 -0.145453 0.121416
0.69491 -0.0133191 0.198234
0.764436 -0.111191 0.198234
0.749538 -0.0965102 0.0782055
0.704848 -0.174812 0.0926089
0.660147 0.0160418 0.198234
0.67008 -0.0182139 0.0782055
0.694911 -0.0524689 0.198234
0.630352 0.0160406 0.198234
0.7694 -0.0671469 0.198234
0.759471 -0.116085 0.198234
0.680009 0.0551925 0.116615
0.650222 -0.135664 0.198234
0.759473 -0.174809 0.140621
0.610494 -0.111197 0.0878078
0.645257 -0.165027 0.198234
0.660145 0.0551917 0.131018
0.769398 -0.0182096 0.102211
0.764431 0.02094 0.0782055
0.744575 -0.160129 0.198234
0.640286 -0.0524712 0.198234
0.675048 -0.067151 0.198234
0.709814 -0.174812 0.17903
0.739604 -0.0328921 0.198234
0.660149 -0.0280017 0.198234
0.610489 -0.0035352 0.164626
0.640286 -0.0328963 0.198234
0.635321 -0.0622589 0.198234
0.635316 0.0502969 0.0782055
0.655188 -0.140558 0.198234
0.670079 0.0160423 0.198234
0.689944 -0.0280005 0.0782055
0.635325 -0.165027 0.198234
0.655189 -0.160133 0.198234
0.630357 -0.0965152 0.198234
0.670081 -0.0377888 0.198234
0.610493 -0.0867286 0.198234
0.694912 -0.0622564 0.0782055
0.724709 -0.116086 0.0782055
0.610487 0.0551896 0.0878078
0.630359 -0.165027 0.0782055
0.63035 0.0551904 0.121416
0.68001 0.0258301 0.198234
0.610495 -0.145453 0.111814
0.615457 -0.0426848 0.198234
0.65518 0.0551915 0.107012
0.764431 0.0258337 0.0782055
0.640283 0.0307222 0.198234
0.670084 -0.101407 0.198234
0.684977 0.0160429 0.0782055
0.759473 -0.165022 0.0782055
0.610495 -0.145453 0.0974101
0.610496 -0.169922 0.17903
0.655184 -0.0426831 0.198234
0.724705 -0.0182115 0.198234
0.640285 -0.0231089 0.198234
0.680009 0.0551925 0.126217
0.769396 0.0405151 0.183831
0.734635 0.0307262 0.0782055
0.75947 -0.0965097 0.0782055
0.610493 -0.0916224 0.188632
0.65022 -0.0965144 0.198234
0.680018 -0.155238 0.198234
0.655189 -0.174814 0.0926089
0.680015 -0.0867257 0.198234
0.66512 -0.150345 0.198234
0.630353 -0.0231093 0.198234
0.640282 0.0551908 0.198234
0.739607 -0.116086 0.198234
0.610494 -0.130772 0.0830066
0.769401 -0.0818281 0.145422
0.635326 -0.174815 0.198234
0.73464 -0.0916171 0.198234
0.655183 -0.0182145 0.0782055
0.670077 0.0551921 0.0974101
0.610495 -0.145453 0.0782055
0.650219 -0.0769395 0.198234
0.635324 -0.140559 0.198234
0.764432 -0.0182098 0.198234
0.635323 -0.11609 0.198234
0.769396 0.0258339 0.131018
0.610487 0.0454021 0.198234
0.729678 -0.174811 0.0782055
0.610496 -0.169922 0.145422
0.7694 -0.047572 0.188632
0.680019 -0.174813 0.188632
0.670081 -0.0426825 0.0782055
0.610489 -0.0133227 0.155024
0.689942 0.0209368 0.198234
0.749538 -0.0916164 0.198234
0.665121 -0.174813 0.140621
0.7694 -0.0622532 0.159825
0.635325 -0.150346 0.0782055
0.734638 -0.037786 0.198234
0.620421 -0.018216 0.198234
0.635323 -0.101409 0.198234
0.655189 -0.174814 0.183831
0.620428 -0.174815 0.107012
0.635322 -0.0916213 0.198234
0.769401 -0.0867219 0.116615
0.61049 -0.0328976 0.0782055
0.635321 -0.0671526 0.198234
0.660154 -0.155239 0.198234
0.610492 -0.06226 0.0782055
0.610491 -0.0475788 0.107012
0.694914 -0.111194 0.198234
0.739601 0.0160452 0.0782055
0.665114 0.00136086 0.198234
0.65518 0.045404 0.0782055
0.64029 -0.140558 0.198234
0.660151 -0.0867265 0.198234
0.769403 -0.125872 0.0878078
0.620424 -0.0867282 0.0782055
0.714778 -0.116087 0.198234
0.769401 -0.0769344 0.198234
0.63532 -0.0328965 0.198234
0.769405 -0.169915 0.111814
0.625391 -0.111197 0.198234
0.670087 -0.174813 0.0782055
0.610488 0.011146 0.183831
0.724709 -0.0965112 0.198234
0.64525 0.00625374 0.198234
0.655188 -0.135664 0.198234
0.7694 -0.0671469 0.0878078
0.734638 -0.0426798 0.0782055
0.620423 -0.0671533 0.198234
0.72471 -0.135661 0.0782055
0.620422 -0.0328972 0.198234
0.769403 -0.116084 0.0830066
0.689948 -0.1063 0.198234
0.655189 -0.174814 0.145422
0.734643 -0.160129 0.198234
0.724704 0.0111509 0.198234
0.625393 -0.145453 0.198234
0.610488 0.0160397 0.159825
0.670079 0.020936 0.0782055
0.699882 -0.174812 0.155024
0.630354 -0.0328967 0.0782055
0.630358 -0.125878 0.198234
0.694913 -0.0965125 0.0782055
0.610494 -0.120985 0.0878078
0.670086 -0.140557 0.198234
0.675045 0.00625501 0.198234
0.680018 -0.14545 0.198234
0.610495 -0.14056 0.126217
0.650218 -0.0475771 0.198234
0.680015 -0.0867257 0.0782055
0.610488 0.0307209 0.0974101
0.670087 -0.174813 0.116615
0.640286 -0.0475775 0.198234
0.66015 -0.0524704 0.0782055
0.635318 -0.00353414 0.0782055
0.694912 -0.0573626 0.0782055
0.7694 -0.0622532 0.188632
0.615456 -0.0182162 0.0782055
0.70981 -0.0671495 0.198234
0.610489 -0.0035352 0.17903
0.684985 -0.174813 0.198234
0.620423 -0.0622595 0.198234
0.764429 0.0551961 0.17903
0.709809 -0.0524683 0.198234
0.650214 0.0356163 0.0782055
0.769396 0.0454089 0.188632
0.650222 -0.150345 0.198234
0.650223 -0.165027 0.198234
0.625388 -0.032897 0.0782055
0.749534 0.00625818 0.198234
0.655181 0.0160416 0.0782055
0.620424 -0.0867282 0.198234
0.769399 -0.0426783 0.0926089
0.684976 0.0405115 0.198234
0.68995 -0.155237 0.198234
0.660151 -0.0720453 0.198234
0.699878 -0.0720436 0.0782055
0.655188 -0.140558 0.0782055
0.625386 0.0209341 0.198234
0.694907 0.0551932 0.135819
0.684982 -0.120982 0.198234
0.739601 0.0356201 0.198234
0.610489 -0.0035352 0.0926089
0.684977 0.0160429 0.198234
0.754507 -0.169916 0.198234
0.645253 -0.072046 0.198234
0.699874 0.0209373 0.198234
0.620427 -0.160134 0.0782055
0.615454 0.0258274 0.0782055
0.675046 -0.00842618 0.198234
0.680017 -0.130769 0.198234
0.610492 -0.0769412 0.140621
0.61049 -0.0328976 0.126217
0.769396 0.0258339 0.107012
0.625388 -0.0377907 0.198234
0.63036 -0.174815 0.169428
0.640283 0.0307222 0.0782055
0.729677 -0.16013 0.0782055
0.7545 -0.0084228 0.198234
0.74457 -0.0524668 0.198234
0.610493 -0.0867286 0.0830066
0.699877 -0.0573624 0.0782055
0.675048 -0.047576 0.198234
0.610495 -0.135666 0.0878078
0.704848 -0.165024 0.198234
0.689941 0.055193 0.17903
0.645255 -0.120983 0.198234
0.615462 -0.174816 0.0782055
0.635322 -0.0769401 0.198234
0.764437 -0.130766 0.198234
0.625392 -0.140559 0.198234
0.620427 -0.140559 0.0782055
0.615452 0.0551898 0.0782055
0.74457 -0.0475731 0.198234
0.655185 -0.0769393 0.198234
0.620422 -0.0377909 0.198234
0.769398 -0.0133159 0.0878078
0.734636 0.0111513 0.0782055
0.620418 0.0502963 0.198234
0.610488 0.011146 0.174229
0.645256 -0.125877 0.0782055
0.62042 0.0111464 0.198234
0.64029 -0.140558 0.0782055
0.704841 -0.00353118 0.198234
0.709806 0.0209377 0.198234
0.610492 -0.0769412 0.155024
0.610487 0.0502958 0.0782055
0.709806 0.0111502 0.198234
0.739608 -0.125873 0.198234
0.7694 -0.0524657 0.111814
0.719746 -0.174811 0.17903
0.65022 -0.101408 0.198234
0.714778 -0.135661 0.198234
0.709804 0.0551938 0.169428
0.640291 -0.15524 0.0782055
0.71478 -0.174811 0.111814
0.61049 -0.0182164 0.0782055
0.675053 -0.174813 0.0926089
0.615461 -0.155241 0.198234
0.615462 -0.165028 0.198234
0.7545 0.00136466 0.0782055
0.689949 -0.140556 0.198234
0.62042 0.0209339 0.198234
0.615461 -0.140559 0.198234
0.769397 0.00625903 0.0782055
0.689941 0.0454055 0.0782055
0.610492 -0.0671537 0.183831
0.635318 0.00135959 0.198234
0.62042 0.00625268 0.198234
0.61049 -0.0231101 0.131018
0.655185 -0.0769393 0.0782055
0.625386 0.00135917 0.198234
0.620424 -0.0769407 0.0782055
0.689947 -0.0867252 0.198234
0.61546 -0.130772 0.198234
0.610494 -0.111197 0.155024
0.739605 -0.0720419 0.198234
0.739603 -0.0133172 0.198234
0.610494 -0.120985 0.17903
0.640282 0.0454034 0.198234
0.630355 -0.0573654 0.198234
0.655183 -0.0328957 0.198234
0.610487 0.0551896 0.169428
0.699873 0.0454059 0.198234
0.610493 -0.0916224 0.116615
0.620424 -0.0818345 0.198234
0.650215 0.0307226 0.198234
0.709804 0.0551938 0.140621
0.739607 -0.111192 0.0782055
0.610488 0.0258272 0.159825
0.764437 -0.120978 0.198234
0.699878 -0.0671499 0.198234
0.610495 -0.150347 0.0926089
0.680014 -0.0671507 0.0782055
0.655187 -0.13077 0.0782055
0.694917 -0.174812 0.111814
0.610495 -0.135666 0.17903
0.675044 0.0405111 0.0782055
0.709811 -0.106299 0.198234
0.7694 -0.0622532 0.0878078
0.734638 -0.037786 0.0782055
0.759467 -0.0328912 0.198234
0.7694 -0.0671469 0.159825
0.734638 -0.0426798 0.198234
0.62042 0.0160401 0.198234
0.610489 -0.00842893 0.0830066
0.625394 -0.174815 0.131018
0.610491 -0.042685 0.193433
0.615462 -0.174816 0.193433
0.675043 0.0502986 0.0782055
0.620419 0.0454025 0.198234
0.759463 0.0551959 0.126217
0.615457 -0.0622598 0.198234
0.684985 -0.174813 0.0926089
0.749541 -0.17481 0.193433
0.655186 -0.0965142 0.198234
0.610491 -0.0524725 0.102211
0.610494 -0.125878 0.183831
0.684981 -0.0818317 0.198234
0.744574 -0.13566 0.198234
0.749532 0.0551955 0.107012
0.670081 -0.0426825 0.198234
0.645251 -0.0182149 0.198234
0.610492 -0.06226 0.121416
0.635324 -0.125877 0.0782055
0.620423 -0.0573658 0.198234
0.61049 -0.0280039 0.0782055
0.620426 -0.116091 0.198234
0.645256 -0.140558 0.0782055
0.714773 -0.018212 0.198234
0.63036 -0.174815 0.121416
0.62539 -0.086728 0.198234
0.655187 -0.120983 0.0782055
0.754501 -0.0328915 0.198234
0.689946 -0.0573629 0.198234
0.719746 -0.165024 0.198234
0.675045 0.0160425 0.0782055
0.769397 0.0209402 0.0830066
0.635318 0.0160408 0.0782055
0.650215 0.0160414 0.198234
0.665121 -0.174813 0.0782055
0.764429 0.0551961 0.0878078
0.694907 0.0551932 0.183831
0.615461 -0.135666 0.198234
0.610495 -0.14056 0.164626
0.7694 -0.0573595 0.0830066
0.635325 -0.150346 0.198234
0.670078 0.0356172 0.198234
0.670081 -0.0231076 0.0782055
0.610487 0.0454021 0.116615
0.645248 0.0502973 0.198234
0.610496 -0.160135 0.174229
0.615462 -0.169922 0.0782055
0.610496 -0.169922 0.107012
0.63036 -0.174815 0.140621
0.615456 -0.0231099 0.198234
0.640285 -0.0133214 0.0782055
0.620423 -0.0475784 0.0782055
0.61049 -0.0328976 0.198234
0.71477 0.055194 0.121416
0.670082 -0.0671512 0.198234
0.610487 0.0551896 0.135819
0.615457 -0.057366 0.198234
0.640284 0.0013598 0.0782055
0.67505 -0.106301 0.198234
0.61546 -0.116091 0.198234
0.759465 0.0209398 0.0782055
0.610491 -0.042685 0.0878078
0.65022 -0.0916207 0.198234
0.610487 0.0502958 0.0926089
0.70484 0.0209375 0.198234
0.660154 -0.155239 0.0782055
0.625391 -0.106303 0.198234
0.764432 -0.0133161 0.0782055
0.645253 -0.0622585 0.198234
0.665116 -0.0524702 0.0782055
0.610494 -0.125878 0.198234
0.63036 -0.174815 0.107012
0.769396 0.0258339 0.183831
0.635322 -0.096515 0.198234
0.769396 0.0258339 0.126217
0.764434 -0.0573597 0.198234
0.655184 -0.0377894 0.198234
0.645249 0.0209349 0.0782055
0.759464 0.0307273 0.0782055
0.764438 -0.140553 0.0782055
0.610489 0.00625226 0.0782055
0.635319 -0.00842787 0.198234
0.625394 -0.169921 0.198234
0.769396 0.0356214 0.183831
0.650222 -0.140558 0.198234
0.615455 -0.00842872 0.198234
0.709814 -0.174812 0.102211
0.689941 0.0502992 0.198234
0.769401 -0.0916156 0.174229
0.610494 -0.116091 0.198234
0.709814 -0.174812 0.155024
0.610492 -0.0769412 0.198234
0.610488 0.011146 0.198234
0.739601 0.0209389 0.198234
0.759467 -0.0279975 0.198234
0.754502 -0.0622538 0.0782055
0.610495 -0.14056 0.0878078
0.66015 -0.0573641 0.198234
0.610492 -0.06226 0.140621
0.69988 -0.125875 0.0782055
0.665111 0.0551919 0.198234
0.610489 -0.0133227 0.198234
0.625392 -0.120984 0.0782055
0.62539 -0.0916217 0.198234
0.660145 0.0551917 0.0830066
0.769398 -0.0182096 0.150223
0.645254 -0.0916209 0.0782055
0.759471 -0.130766 0.198234
0.615454 0.0160399 0.0782055
0.625393 -0.150346 0.198234
0.610495 -0.155241 0.198234
0.625394 -0.174815 0.145422
0.749534 -0.00352928 0.0782055
0.680016 -0.116088 0.198234
0.610489 -0.0133227 0.0782055
0.665111 0.0551919 0.0782055
0.62539 -0.0818343 0.198234
0.655186 -0.0867267 0.198234
0.635323 -0.106302 0.198234
0.650216 -0.00353351 0.198234
0.610493 -0.0965161 0.159825
0.714776 -0.0818304 0.198234
0.660153 -0.13077 0.198234
0.61049 -0.0280039 0.198234
0.73961 -0.17481 0.169428
0.655185 -0.0622581 0.0782055
0.66015 -0.0524704 0.198234
0.665111 0.0551919 0.111814
0.640291 -0.160133 0.0782055
0.704842 -0.0231061 0.198234
0.739602 0.0111515 0.0782055
0.625387 -0.00353457 0.198234
0.694909 -0.00353161 0.198234
0.73961 -0.17481 0.164626
0.769405 -0.174809 0.135819
0.620418 0.05519 0.198234
0.615457 -0.0524723 0.198234
0.689944 -0.018213 0.0782055
0.689951 -0.174812 0.121416
0.615458 -0.0720472 0.198234
0.769396 0.0356214 0.159825
0.655187 -0.111195 0.198234
0.610489 -0.00842893 0.198234
0.689948 -0.116088 0.198234
0.749532 0.045408 0.198234
0.729668 0.0551946 0.107012
0.615458 -0.0867284 0.198234
0.645254 -0.0818334 0.0782055
0.625392 -0.130772 0.198234
0.610488 0.0209335 0.107012
0.610492 -0.0671537 0.198234
0.684978 -0.00842576 0.0782055
0.650215 0.0258289 0.0782055
0.630354 -0.0426842 0.198234
0.610495 -0.14056 0.188632
0.660154 -0.145451 0.198234
0.620423 -0.0475784 0.198234
0.769401 -0.0720407 0.107012
0.645251 -0.0133212 0.198234
0.620422 -0.0280034 0.198234
0.744571 -0.0622543 0.0782055
0.610495 -0.145453 0.198234
0.640283 0.0356159 0.0782055
0.665121 -0.174813 0.183831
0.704839 0.0551936 0.116615
0.650218 -0.0377896 0.0782055
0.660155 -0.160132 0.198234
0.684981 -0.0867255 0.198234
0.615453 0.0405086 0.198234
0.620428 -0.174815 0.198234
0.610491 -0.0573662 0.164626
0.625385 0.0307215 0.198234
0.739608 -0.13566 0.0782055
0.615458 -0.0671535 0.198234
0.615457 -0.0475786 0.198234
0.610494 -0.116091 0.155024
0.61049 -0.0182164 0.198234
0.610488 0.0258272 0.198234
0.684984 -0.155238 0.0782055
0.670082 -0.0475762 0.0782055
0.630354 -0.028003 0.198234
0.620422 -0.0231097 0.198234
0.665112 0.0307232 0.198234
0.769401 -0.0769344 0.0830066
0.61546 -0.120985 0.198234
0.610494 -0.120985 0.131018
0.769397 0.0111528 0.198234
0.670087 -0.174813 0.111814
0.769402 -0.111191 0.193433
0.670082 -0.0622574 0.0782055
0.754505 -0.125872 0.198234
0.709804 0.0551938 0.0782055
0.650214 0.0551913 0.121416
0.630355 -0.0573654 0.0782055
0.630359 -0.150346 0.198234
0.769403 -0.130765 0.0974101
0.739603 -0.0231046 0.198234
0.704839 0.0356187 0.0782055
0.630355 -0.0524717 0.0782055
0.630359 -0.145453 0.198234
0.65518 0.045404 0.198234
0.640289 -0.111196 0.198234
0.709809 -0.0426808 0.198234
0.704845 -0.0867246 0.0782055
0.739604 -0.0475733 0.0782055
0.74954 -0.140554 0.0782055
0.734644 -0.17481 0.188632
0.630354 -0.0475779 0.198234
0.734644 -0.17481 0.116615
0.709804 0.0551938 0.193433
0.62539 -0.0769405 0.198234
0.635326 -0.174815 0.0830066
0.665113 0.00625459 0.198234
0.769399 -0.0328908 0.116615
0.734637 -0.0231048 0.0782055
0.675051 -0.125876 0.0782055
0.71974 -0.0231055 0.198234
0.635316 0.0454032 0.198234
0.719736 0.0503005 0.198234
0.660149 -0.023108 0.0782055
0.704845 -0.0916183 0.198234
0.665117 -0.0720451 0.198234
0.769401 -0.0769344 0.131018
0.754507 -0.17481 0.0974101
0.769402 -0.106297 0.198234
0.675048 -0.047576 0.0782055
0.625391 -0.101409 0.198234
0.709805 0.0356189 0.198234
0.630357 -0.101409 0.198234
0.684981 -0.0818317 0.0782055
0.744574 -0.13566 0.0782055
0.694909 -0.00842534 0.198234
0.769398 -0.0133159 0.159825
0.724703 0.0356195 0.198234
0.769401 -0.0720407 0.164626
0.610495 -0.145453 0.193433
0.615452 0.0551898 0.131018
0.61049 -0.0377913 0.198234
0.640285 -0.0133214 0.198234
0.675047 -0.0280011 0.198234
0.610493 -0.0867286 0.193433
0.704847 -0.140556 0.198234
0.744575 -0.165023 0.198234
0.610492 -0.0720474 0.198234
0.650223 -0.174814 0.121416
0.749539 -0.111191 0.198234
0.645254 -0.0916209 0.198234
0.759471 -0.130766 0.0782055
0.719744 -0.135661 0.0782055
0.684977 0.0111492 0.198234
0.620421 -0.00842851 0.198234
0.650219 -0.0622583 0.198234
0.675048 -0.067151 0.0782055
0.610494 -0.120985 0.155024
0.680009 0.0551925 0.145422
0.769396 0.0454089 0.0830066
0.635317 0.0405094 0.198234
0.689946 -0.0622566 0.198234
0.670081 -0.0377888 0.0782055
0.754504 -0.101404 0.198234
0.610488 0.0160397 0.0926089
0.615462 -0.169922 0.198234
0.610496 -0.169922 0.131018
0.63036 -0.174815 0.116615
0.610491 -0.0573662 0.198234
0.694911 -0.0377877 0.0782055
0.610493 -0.0867286 0.0878078
0.620428 -0.174815 0.188632
0.66512 -0.140557 0.0782055
0.684983 -0.125875 0.0782055
0.610487 0.0356146 0.140621
0.71477 0.055194 0.111814
0.655187 -0.116089 0.0782055
0.635318 0.011147 0.198234
0.694912 -0.0622564 0.198234
0.610493 -0.0867286 0.0782055
0.640282 0.0551908 0.159825
0.689949 -0.135663 0.0782055
0.739609 -0.155235 0.198234
0.70484 0.0307249 0.198234
0.610489 -0.0035352 0.198234
0.650222 -0.150345 0.0782055
0.610491 -0.0475788 0.145422
0.694917 -0.174812 0.0974101
0.729678 -0.174811 0.198234
0.610488 0.0160397 0.102211
0.620424 -0.072047 0.198234
0.660146 0.050298 0.198234
0.73961 -0.17481 0.155024
0.630357 -0.106303 0.198234
0.610489 0.00135853 0.198234
0.724705 -0.00353034 0.0782055
0.620424 -0.0769407 0.198234
0.63532 -0.0475777 0.198234
0.64525 -0.00842745 0.0782055
0.769403 -0.135659 0.164626
0.610492 -0.0818349 0.198234
0.645252 -0.0475773 0.198234
0.665112 0.0405107 0.0782055
0.640284 0.00625353 0.198234
0.769402 -0.0965093 0.135819
0.63532 -0.0280028 0.198234
0.610489 0.00135853 0.183831
0.610489 -0.0133227 0.121416
0.650219 -0.0720457 0.198234
0.769397 0.0209402 0.145422
0.625388 -0.0426844 0.198234
0.610494 -0.125878 0.0974101
0.645249 0.0160412 0.0782055
0.660151 -0.076939 0.198234
0.645252 -0.0426836 0.0782055
0.70981 -0.0720432 0.0782055
0.759465 0.0258335 0.198234
0.61049 -0.0182164 0.188632
0.625384 0.0502965 0.198234
0.635316 0.0551906 0.102211
0.635322 -0.0769401 0.0782055
0.769401 -0.0769344 0.159825
0.754507 -0.17481 0.116615
0.635317 0.030722 0.198234
0.769397 0.0160465 0.183831
0.694917 -0.174812 0.0926089
0.630352 0.00625311 0.198234
0.670087 -0.174813 0.169428
0.694908 0.0356182 0.198234
0.729676 -0.125873 0.198234
0.71478 -0.174811 0.0782055
0.680014 -0.0573633 0.198234
0.610493 -0.106304 0.131018
0.645257 -0.169921 0.198234
0.610491 -0.0475788 0.17903
0.759471 -0.125872 0.198234
0.625388 -0.0231095 0.198234
0.699877 -0.047575 0.198234
0.62539 -0.0769405 0.0782055
0.69491 -0.032894 0.198234
0.610488 0.0258272 0.145422
0.630354 -0.0328967 0.198234
0.689945 -0.0328942 0.0782055
0.620419 0.0356151 0.198234
0.704841 -0.00842491 0.198234
0.759473 -0.165022 0.198234
0.625394 -0.174815 0.183831
0.754497 0.0551957 0.131018
0.719745 -0.16013 0.198234
0.66015 -0.0622579 0.198234
0.655189 -0.174814 0.102211
0.615454 0.00625247 0.198234
0.610488 0.0307209 0.116615
0.769401 -0.0818281 0.140621
0.635326 -0.174815 0.188632
0.769398 -0.00352843 0.126217
0.630353 -0.00353435 0.198234
0.769398 -0.00842217 0.135819
0.630353 -0.00842808 0.198234
0.704844 -0.0720434 0.198234
0.665116 -0.0573639 0.198234
0.630359 -0.15524 0.198234
0.610493 -0.106304 0.107012
0.620422 -0.0426846 0.198234
0.610492 -0.06226 0.155024
0.630356 -0.0916215 0.198234
0.625392 -0.135665 0.198234
0.7396 0.0503013 0.198234
0.670087 -0.174813 0.198234
0.769401 -0.0769344 0.155024
0.754507 -0.17481 0.121416
0.610494 -0.111197 0.198234
0.689947 -0.101406 0.0782055
0.620421 -0.0133222 0.198234
0.754505 -0.116085 0.198234
0.709807 0.00625649 0.198234
0.749532 0.0551955 0.150223
0.650223 -0.174814 0.0830066
0.724704 0.00625712 0.198234
0.684978 -0.0182132 0.198234
0.610489 -0.0133227 0.193433
0.734634 0.0551949 0.183831
0.769396 0.0356214 0.140621
0.749533 0.0307268 0.198234
0.610492 -0.06226 0.0878078
0.7694 -0.0524657 0.140621
0.680013 -0.0377884 0.0782055
0.610495 -0.14056 0.183831
0.620421 -0.018216 0.0782055
0.620425 -0.101409 0.198234
0.635324 -0.130771 0.198234
0.610492 -0.0671537 0.0782055
0.7396 0.0551951 0.0878078
0.610488 0.011146 0.169428
0.769396 0.0454089 0.198234
0.670085 -0.116088 0.198234
0.660151 -0.0818328 0.198234
0.610494 -0.120985 0.198234
0.64525 -0.00842745 0.198234
0.625394 -0.165028 0.0782055
0.625392 -0.125878 0.0782055
0.684984 -0.165025 0.198234
0.620427 -0.145453 0.198234
0.709807 -0.0133184 0.198234
0.660149 -0.0377892 0.0782055
0.625394 -0.174815 0.193433
0.769396 0.0258339 0.17903
0.650223 -0.16992 0.198234
0.645249 0.0307224 0.198234
0.625388 -0.0377907 0.0782055
0.620426 -0.125878 0.198234
0.62539 -0.0720468 0.198234
0.610488 0.0307209 0.198234
0.759468 -0.0573599 0.198234
0.684976 0.0307241 0.198234
0.7694 -0.0524657 0.169428
0.67008 -0.00842639 0.198234
0.689948 -0.1063 0.0782055
0.769402 -0.0965093 0.107012
0.699878 -0.0671499 0.0782055
0.61049 -0.0377913 0.0830066
0.615452 0.0551898 0.198234
0.620427 -0.140559 0.198234
0.610488 0.0160397 0.198234
0.625389 -0.0475781 0.198234
0.625386 0.0062529 0.198234
0.665118 -0.101407 0.0782055
0.769396 0.0307277 0.0782055
0.769396 0.0454089 0.155024
0.635317 0.0405094 0.0782055
0.610488 0.011146 0.150223
0.610489 0.00625226 0.198234
0.680012 -0.00842597 0.0782055
0.675052 -0.145451 0.0782055
0.610492 -0.0720474 0.193433
0.675051 -0.135663 0.198234
0.769396 0.0356214 0.0878078
0.625387 -0.0084283 0.198234
0.655181 0.0111479 0.198234
0.704842 -0.0182124 0.198234
0.684978 -0.023107 0.198234
0.645252 -0.0426836 0.198234
0.69491 -0.0280003 0.198234
0.769395 0.0503026 0.107012
0.625387 -0.013322 0.198234
0.610493 -0.10141 0.150223
0.640292 -0.174815 0.0830066
0.769397 0.0013653 0.0830066
0.689944 -0.0280005 0.198234
0.610492 -0.0818349 0.17903
0.729668 0.0551946 0.198234
0.610496 -0.160135 0.164626
0.645254 -0.101408 0.0782055
0.680013 -0.0280009 0.198234
0.769397 0.0209402 0.131018
0.764435 -0.0867221 0.198234
0.769398 -0.00842217 0.193433
0.704839 0.0454061 0.198234
0.630355 -0.0720466 0.198234
0.610494 -0.125878 0.193433
0.719744 -0.116086 0.198234
0.769404 -0.145447 0.188632
0.70981 -0.0818307 0.0782055
0.61049 -0.0231101 0.155024
0.769404 -0.145447 0.121416
0.615458 -0.0818347 0.198234
0.680009 0.0502988 0.198234
0.610487 0.0502958 0.198234
0.61049 -0.0328976 0.193433
0.699881 -0.135662 0.198234
0.680012 -0.00353224 0.0782055
0.675052 -0.155238 0.198234
0.625389 -0.0671531 0.198234
0.680015 -0.0916194 0.198234
0.665121 -0.174813 0.198234
0.694912 -0.0671501 0.198234
0.764429 0.0551961 0.183831
0.704846 -0.125874 0.198234
0.610489 0.00135853 0.159825
0.61049 -0.0231101 0.198234
0.749539 -0.120979 0.0782055
0.680011 0.00625522 0.0782055
0.684985 -0.174813 0.0878078
0.749541 -0.17481 0.198234
0.744567 0.0209392 0.198234
0.640284 0.0013598 0.198234
0.610493 -0.0965161 0.0974101
0.615454 0.0209337 0.198234
0.620427 -0.15524 0.198234
0.610492 -0.0671537 0.188632
0.694907 0.0551932 0.164626
0.704842 -0.0328936 0.198234
0.749539 -0.116085 0.198234
0.610489 -0.0133227 0.131018
0.670077 0.0551921 0.150223
0.610493 -0.106304 0.198234
0.769404 -0.155234 0.102211
0.625391 -0.11609 0.198234
0.650221 -0.116089 0.198234
0.655189 -0.174814 0.0782055
0.610487 0.0551896 0.111814
0.769405 -0.165022 0.121416
0.625392 -0.125878 0.198234
0.665115 -0.037789 0.198234
0.739603 -0.0182109 0.0782055
0.61049 -0.0328976 0.17903
0.684977 0.00625543 0.198234
0.689944 -0.00842555 0.198234
0.670077 0.0551921 0.0926089
0.689943 -0.00353182 0.198234
0.734637 -0.0279986 0.0782055
0.680012 -0.00353224 0.198234
0.610493 -0.0916224 0.0782055
0.635325 -0.15524 0.198234
0.630351 0.0405092 0.198234
0.699878 -0.0720436 0.198234
0.660154 -0.145451 0.0782055
0.635325 -0.160134 0.198234
0.630351 0.0356155 0.198234
0.714773 -0.00353076 0.198234
0.610489 -0.0035352 0.102211
0.61049 -0.0280039 0.150223
0.650218 -0.0426834 0.0782055
0.769402 -0.0965093 0.0926089
0.650222 -0.130771 0.198234
0.620419 0.0454025 0.0782055
0.769403 -0.120978 0.140621
0.650223 -0.155239 0.198234
0.645248 0.0405099 0.198234
0.655181 0.0209354 0.198234
0.769402 -0.111191 0.198234
0.694916 -0.160131 0.198234
0.734635 0.0356199 0.198234
0.769397 0.0209402 0.0926089
0.719738 0.00136318 0.198234
0.630353 -0.0133218 0.198234
0.7694 -0.0573595 0.164626
0.610493 -0.0867286 0.17903
0.699874 0.0160435 0.198234
0.769397 0.0111528 0.169428
0.650223 -0.174814 0.183831
0.665113 0.016042 0.0782055
0.655181 0.0258291 0.198234
0.699873 0.0502996 0.198234
0.704848 -0.155237 0.198234
0.769399 -0.0328908 0.102211
0.724711 -0.145449 0.198234
0.680016 -0.0965131 0.0782055
0.675043 0.0551923 0.198234
0.630351 0.0307218 0.198234
0.610491 -0.042685 0.102211
0.635316 0.0551906 0.131018
0.69988 -0.111193 0.198234
0.759467 -0.037785 0.198234
0.719737 0.040513 0.198234
0.615458 -0.0769409 0.0782055
0.764434 -0.0622534 0.198234
0.610487 0.0454021 0.0878078
0.630353 -0.0182155 0.198234
0.67505 -0.116088 0.0782055
0.689945 -0.0328942 0.198234
0.670086 -0.160132 0.198234
0.689946 -0.0769378 0.198234
0.670082 -0.0573637 0.0782055
0.675048 -0.0524698 0.0782055
0.719746 -0.174811 0.159825
0.665112 0.0405107 0.198234
0.620425 -0.0965157 0.198234
0.615457 -0.0524723 0.0782055
0.665112 0.035617 0.198234
0.675044 0.0258299 0.198234
0.680018 -0.165025 0.198234
0.630355 -0.0524717 0.198234
0.769405 -0.165022 0.17903
0.70981 -0.0867244 0.198234
0.769397 0.00625903 0.193433
0.64525 0.0111475 0.198234
0.739607 -0.120979 0.198234
0.660155 -0.174814 0.0974101
0.645248 0.0454036 0.0782055
0.640289 -0.120983 0.198234
0.620423 -0.0524721 0.198234
0.640285 -0.0182151 0.198234
0.75947 -0.106297 0.0782055
0.635324 -0.135665 0.0782055
0.610492 -0.0818349 0.188632
0.754502 -0.0622538 0.198234
0.759468 -0.0475724 0.198234
0.650214 0.0551913 0.150223
0.684976 0.0209366 0.0782055
0.68995 -0.169919 0.0782055
0.71478 -0.174811 0.169428
0.655184 -0.0573643 0.0782055
0.655188 -0.150345 0.198234
0.724708 -0.08183 0.0782055
0.670085 -0.125876 0.0782055
0.769399 -0.0328908 0.198234
0.635316 0.0502969 0.198234
0.645253 -0.0573648 0.198234
0.709811 -0.0916181 0.198234
0.670087 -0.174813 0.131018
0.665114 -0.0133203 0.198234
0.670084 -0.0916198 0.198234
0.714775 -0.0475743 0.198234
0.689942 0.035618 0.198234
0.610493 -0.106304 0.126217
0.769405 -0.165022 0.107012
0.665114 -0.0182141 0.198234
0.665115 -0.0328953 0.0782055
0.704845 -0.1063 0.0782055
0.665115 -0.0231078 0.198234
0.670086 -0.155238 0.198234
0.670077 0.0551921 0.0878078
0.680016 -0.106301 0.198234
0.769398 -0.00842217 0.0926089
0.645254 -0.0965146 0.198234
0.734636 0.00136382 0.0782055
0.66512 -0.150345 0.0782055
0.749535 -0.0279979 0.198234
0.610488 0.011146 0.0830066
0.729677 -0.145448 0.198234
0.734644 -0.17481 0.126217
0.749532 0.0551955 0.121416
0.660153 -0.111195 0.198234
0.665116 -0.0524702 0.198234
0.699875 -0.00353139 0.0782055
0.689941 0.055193 0.155024
0.620427 -0.150347 0.198234
0.665116 -0.0622576 0.198234
0.769397 0.0013653 0.155024
0.625393 -0.150346 0.0782055
0.769398 -0.00842217 0.116615
0.665115 -0.0328953 0.198234
0.675046 -0.0182136 0.198234
0.680017 -0.120982 0.198234
0.749534 -0.00352928 0.198234
0.665117 -0.0769388 0.198234
0.67008 0.00136107 0.198234
0.665117 -0.0818326 0.0782055
0.615462 -0.174816 0.102211
0.769405 -0.169915 0.164626
0.709812 -0.120981 0.198234
0.615452 0.0551898 0.102211
0.61049 -0.0377913 0.17903
0.65518 0.0551915 0.174229
0.665118 -0.106301 0.198234
0.650223 -0.174814 0.116615
0.645251 -0.0182149 0.0782055
0.734639 -0.0671484 0.0782055
0.759473 -0.169916 0.198234
0.665121 -0.174813 0.193433
0.620425 -0.0916219 0.198234
0.665118 -0.111195 0.198234
0.670087 -0.165026 0.0782055
0.610487 0.0405084 0.145422
0.709813 -0.150343 0.198234
0.724712 -0.174811 0.169428
0.764431 0.0111525 0.0782055
0.665119 -0.125876 0.198234
0.665119 -0.13077 0.198234
0.62042 0.0258276 0.198234
0.665121 -0.174813 0.169428
0.759467 -0.01821 0.0782055
0.709804 0.0551938 0.145422
0.610488 0.0258272 0.121416
0.670083 -0.0867261 0.198234
0.655184 -0.0524706 0.0782055
0.610487 0.0356146 0.0878078
0.709814 -0.165024 0.198234
0.769403 -0.120978 0.17903
0.665121 -0.165026 0.198234
0.699882 -0.174812 0.198234
0.68001 0.0258301 0.0782055
0.719737 0.0454068 0.198234
0.754501 -0.0377852 0.198234
0.7694 -0.0524657 0.135819
0.675046 -0.00353245 0.198234
0.680017 -0.135663 0.198234
0.719741 -0.0622553 0.198234
0.71477 0.055194 0.155024
0.769402 -0.106297 0.131018
0.739602 0.00136403 0.198234
0.709808 -0.0328934 0.0782055
0.670077 0.0502984 0.198234
0.689951 -0.174812 0.102211
0.610489 0.00135853 0.0926089
0.729677 -0.155236 0.198234
0.684981 -0.076938 0.0782055
0.615456 -0.0231099 0.0782055
0.704839 0.0551936 0.169428
0.650217 -0.0328959 0.198234
0.759472 -0.145447 0.198234
0.749539 -0.125873 0.0782055
0.610491 -0.0524725 0.183831
0.724702 0.0551944 0.17903
0.769399 -0.0279971 0.174229
0.684975 0.0454053 0.198234
0.689949 -0.14545 0.198234
0.665117 -0.0867263 0.198234
0.709814 -0.174812 0.145422
0.625385 0.0356153 0.0782055
0.610493 -0.0916224 0.0926089
0.694912 -0.0573626 0.198234
0.744575 -0.165023 0.0782055
0.645257 -0.160133 0.0782055
0.67008 -0.00353266 0.198234
0.640292 -0.174815 0.111814
0.684976 0.0258304 0.198234
0.684983 -0.130769 0.0782055
0.610488 0.0307209 0.140621
0.769402 -0.0965093 0.169428
0.655184 -0.0475769 0.0782055
0.670081 -0.0280013 0.198234
0.61049 -0.0231101 0.164626
0.645251 -0.0231086 0.198234
0.610492 -0.0671537 0.193433
0.670082 -0.0475762 0.198234
0.670082 -0.0573637 0.198234
0.650215 0.0258289 0.198234
0.610488 0.0307209 0.169428
0.610488 0.0307209 0.0926089
0.670083 -0.0818324 0.198234
0.754506 -0.13566 0.198234
0.754501 -0.0182103 0.198234
0.670084 -0.0965135 0.198234
0.680014 -0.062257 0.0782055
0.769396 0.0405151 0.198234
0.670084 -0.106301 0.198234
0.610488 0.011146 0.111814
0.670085 -0.13077 0.198234
0.670086 -0.145451 0.198234
0.610488 0.011146 0.164626
0.660155 -0.16992 0.198234
0.650214 0.0551913 0.17903
0.714775 -0.0622555 0.198234
0.71478 -0.174811 0.126217
0.610487 0.0356146 0.0782055
0.670087 -0.165026 0.198234
0.61049 -0.0328976 0.164626
0.70484 0.0209375 0.0782055
0.670087 -0.16992 0.198234
0.635316 0.0551906 0.198234
0.764437 -0.130766 0.0782055
0.684983 -0.140556 0.0782055
0.61049 -0.0280039 0.183831
0.73961 -0.17481 0.135819
0.63036 -0.174815 0.0926089
0.68001 0.0405113 0.0782055
0.635323 -0.120984 0.0782055
0.739601 0.0160452 0.198234
0.70484 0.01115 0.198234
0.670081 -0.0280013 0.0782055
0.680012 -0.0231072 0.198234
0.684978 -0.0280007 0.0782055
0.645258 -0.174814 0.188632
0.610492 -0.0818349 0.102211
0.610494 -0.116091 0.0782055
0.665115 -0.0280015 0.0782055
0.749532 0.0356206 0.198234
0.655183 -0.0231082 0.0782055
0.704839 0.0551936 0.174229
0.625389 -0.0622593 0.0782055
0.610495 -0.150347 0.150223
0.675046 -0.0133199 0.198234
0.680017 -0.125876 0.198234
0.759471 -0.120978 0.0782055
0.769404 -0.140553 0.198234
0.7396 0.0551951 0.145422
0.684981 -0.076938 0.198234
0.650221 -0.116089 0.0782055
0.610489 -0.0133227 0.150223
0.769399 -0.0377846 0.145422
0.675047 -0.0231074 0.198234
0.610491 -0.0573662 0.174229
0.699879 -0.0965123 0.0782055
0.675047 -0.0426823 0.198234
0.724709 -0.106299 0.198234
0.699882 -0.155237 0.198234
0.610494 -0.125878 0.0878078
0.694913 -0.0916188 0.198234
0.724702 0.0551944 0.169428
0.709813 -0.155237 0.198234
0.620426 -0.125878 0.0782055
0.610491 -0.0475788 0.131018
0.744569 -0.013317 0.0782055
0.620421 -0.0133222 0.0782055
0.610491 -0.042685 0.159825
0.65518 0.0356165 0.198234
0.689941 0.0454055 0.198234
0.699879 -0.0867248 0.198234
0.744568 0.00625797 0.198234
0.73961 -0.17481 0.17903
0.719736 0.0551942 0.121416
0.769405 -0.169915 0.131018
0.665119 -0.116089 0.198234
0.73961 -0.17481 0.198234
0.714777 -0.0965116 0.198234
0.675049 -0.0867259 0.198234
0.714775 -0.0573618 0.0782055
0.665119 -0.135664 0.0782055
0.689943 -0.00353182 0.0782055
0.610493 -0.10141 0.155024
0.645249 0.0258287 0.0782055
0.61049 -0.0182164 0.0974101
0.67505 -0.101407 0.198234
0.764436 -0.0916158 0.198234
0.699878 -0.0818311 0.198234
0.64029 -0.130771 0.0782055
0.630356 -0.0867278 0.198234
0.67505 -0.116088 0.198234
0.610493 -0.0965161 0.150223
0.694911 -0.0426815 0.198234
0.769396 0.0454089 0.159825
0.650222 -0.135664 0.0782055
0.699875 -0.00842512 0.198234
0.610489 -0.00842893 0.131018
0.734641 -0.116086 0.198234
0.709813 -0.140555 0.198234
0.61049 -0.0280039 0.193433
0.73961 -0.17481 0.174229
0.675052 -0.145451 0.198234
0.769401 -0.0867219 0.0926089
0.61049 -0.0328976 0.150223
0.769404 -0.160128 0.198234
0.719744 -0.12098 0.198234
0.625385 0.0258278 0.198234
0.694916 -0.160131 0.0782055
0.734636 0.016045 0.0782055
0.650222 -0.145452 0.198234
0.645248 0.055191 0.198234
0.69988 -0.111193 0.0782055
0.675053 -0.165026 0.198234
0.610489 -0.00842893 0.169428
0.699877 -0.0573624 0.198234
0.610496 -0.165028 0.0926089
0.739603 -0.0182109 0.198234
0.71478 -0.174811 0.198234
0.655185 -0.081833 0.0782055
0.680018 -0.150344 0.0782055
0.675045 0.0111487 0.0782055
0.7396 0.0551951 0.183831
0.759468 -0.0426787 0.0782055
0.670077 0.0551921 0.188632
0.610493 -0.106304 0.183831
0.764439 -0.174809 0.198234
0.759465 0.0160461 0.198234
0.610496 -0.165028 0.164626
0.734642 -0.135661 0.0782055
0.684983 -0.135663 0.0782055
0.645255 -0.11609 0.198234
0.68001 0.0209364 0.198234
0.714777 -0.101405 0.198234
0.689949 -0.140556 0.0782055
0.769395 0.0551963 0.164626
0.645255 -0.111196 0.0782055
0.680016 -0.116088 0.0782055
0.749537 -0.0769352 0.198234
0.680011 0.011149 0.198234
0.66512 -0.140557 0.198234
0.684983 -0.125875 0.198234
0.680011 0.0160427 0.198234
0.610489 -0.0035352 0.0830066
0.729675 -0.116086 0.0782055
0.610496 -0.160135 0.0782055
0.66015 -0.0426829 0.0782055
0.769395 0.0503026 0.159825
0.635321 -0.0720464 0.0782055
0.61049 -0.0377913 0.169428
0.680011 0.00625522 0.198234
0.69988 -0.116087 0.198234
0.65022 -0.0867269 0.0782055
0.769397 0.0160465 0.107012
0.680012 -0.00842597 0.198234
0.680013 -0.0475758 0.0782055
0.680012 -0.0133197 0.198234
0.684984 -0.150344 0.198234
0.744569 -0.0182107 0.198234
0.694917 -0.174812 0.116615
0.689947 -0.091619 0.198234
0.769396 0.0258339 0.174229
0.610487 0.0454021 0.193433
0.769396 0.0356214 0.198234
0.655181 0.0307228 0.0782055
0.610494 -0.125878 0.0926089
0.635323 -0.120984 0.198234
0.660155 -0.174814 0.193433
0.680013 -0.0475758 0.198234
0.640284 0.0111473 0.0782055
0.764439 -0.174809 0.0926089
0.610491 -0.0475788 0.0782055
0.680015 -0.0818319 0.198234
0.610495 -0.135666 0.150223
0.729668 0.0503009 0.198234
0.650216 0.00625395 0.0782055
0.640282 0.0551908 0.150223
0.684975 0.050299 0.198234
0.714774 -0.0231057 0.0782055
0.610494 -0.125878 0.0782055
0.714774 -0.0279994 0.198234
0.744567 0.0356204 0.0782055
0.749541 -0.155235 0.0782055
0.650218 -0.0426834 0.198234
0.640292 -0.174815 0.145422
0.684977 0.0013617 0.198234
0.769395 0.0503026 0.145422
0.670084 -0.101407 0.0782055
0.684977 -0.00353203 0.198234
0.769396 0.0454089 0.145422
0.74457 -0.0426793 0.198234
0.754501 -0.0182103 0.0782055
0.699879 -0.101406 0.198234
0.670084 -0.0965135 0.0782055
0.610489 0.00625226 0.102211
0.73961 -0.17481 0.111814
0.630356 -0.0769403 0.198234
0.684978 -0.00842576 0.198234
0.610496 -0.169922 0.164626
0.680019 -0.174813 0.17903
0.76443 0.0307275 0.198234
0.620426 -0.120984 0.198234
0.684978 -0.0133195 0.198234
0.655182 0.00625416 0.0782055
0.610487 0.0405084 0.111814
0.670087 -0.174813 0.174229
0.610496 -0.174816 0.0782055
0.610487 0.0502958 0.188632
0.684978 -0.0280007 0.198234
0.645248 0.055191 0.135819
0.769396 0.0405151 0.145422
0.635321 -0.0720464 0.198234
0.754501 -0.023104 0.0782055
0.714773 -0.0133182 0.198234
0.754503 -0.0818288 0.0782055
0.610488 0.0209335 0.140621
0.684979 -0.0377881 0.198234
0.684979 -0.0426819 0.198234
0.714775 -0.0573618 0.198234
0.650219 -0.0622583 0.0782055
0.684979 -0.0475756 0.198234
0.694909 0.0111496 0.198234
0.744573 -0.111192 0.198234
0.694917 -0.174812 0.198234
0.684981 -0.0916192 0.198234
0.709814 -0.174812 0.121416
0.714777 -0.106299 0.198234
0.640284 0.00625353 0.0782055
0.739609 -0.160129 0.198234
0.615461 -0.150347 0.0782055
0.610496 -0.165028 0.150223
0.694907 0.0502994 0.0782055
0.61049 -0.0231101 0.145422
0.72471 -0.12098 0.198234
0.610488 0.0307209 0.150223
0.610496 -0.174816 0.0830066
0.684982 -0.116088 0.198234
0.675049 -0.0720447 0.198234
0.650223 -0.174814 0.155024
0.610489 -0.0035352 0.159825
0.655185 -0.0720455 0.0782055
0.764431 0.0160463 0.198234
0.689948 -0.111194 0.0782055
0.759473 -0.174809 0.164626
0.734639 -0.0622547 0.198234
0.694908 0.0160433 0.0782055
0.769395 0.0503026 0.0782055
0.610492 -0.06226 0.145422
0.704845 -0.0965121 0.0782055
0.744566 0.0551953 0.198234
0.650216 0.00136022 0.0782055
0.684979 -0.0328944 0.198234
0.704848 -0.174812 0.0782055
0.769401 -0.0769344 0.183831
0.754507 -0.17481 0.140621
0.684983 -0.135663 0.198234
0.769402 -0.101403 0.0782055
0.704843 -0.0573622 0.198234
0.74954 -0.145447 0.198234
0.744566 0.0503015 0.198234
0.684983 -0.140556 0.198234
0.704848 -0.165024 0.0782055
0.675045 0.0209362 0.198234
0.680018 -0.160132 0.198234
0.670085 -0.120982 0.0782055
0.670083 -0.0720449 0.0782055
0.61049 -0.0231101 0.140621
0.689942 0.0307243 0.198234
0.769405 -0.169915 0.0782055
0.640292 -0.174815 0.107012
0.764431 0.0111525 0.198234
0.665119 -0.120982 0.198234
0.724707 -0.0671488 0.198234
0.665117 -0.0671514 0.0782055
0.645256 -0.145452 0.198234
0.625386 0.0160404 0.198234
0.699882 -0.174812 0.150223
0.734641 -0.101405 0.198234
0.610491 -0.0524725 0.0830066
0.640291 -0.150346 0.0782055
0.610495 -0.14056 0.198234
0.729674 -0.0867236 0.198234
0.729673 -0.0671486 0.0782055
0.645256 -0.135664 0.0782055
0.610493 -0.0867286 0.140621
0.61049 -0.0377913 0.155024
0.689944 -0.018213 0.198234
0.689951 -0.174812 0.193433
0.675048 -0.0573635 0.198234
0.689944 -0.0231067 0.198234
0.744569 -0.013317 0.198234
0.744572 -0.101404 0.198234
0.709805 0.0454063 0.198234
0.74954 -0.130766 0.198234
0.689945 -0.0475754 0.198234
0.625394 -0.174815 0.0878078
0.689946 -0.0671503 0.198234
0.61049 -0.0280039 0.121416
0.754507 -0.17481 0.183831
0.610495 -0.135666 0.155024
0.689947 -0.0965127 0.198234
0.689947 -0.101406 0.198234
0.610487 0.0551896 0.155024
0.689949 -0.125875 0.198234
0.689949 -0.135663 0.198234
0.68995 -0.150344 0.198234
0.610494 -0.120985 0.188632
0.680009 0.0551925 0.193433
0.734634 0.0551949 0.198234
0.769404 -0.140553 0.0926089
0.665121 -0.16992 0.0782055
0.660147 0.0209356 0.0782055
0.734644 -0.17481 0.159825
0.69491 -0.0231065 0.198234
0.689946 -0.0671503 0.0782055
0.729677 -0.145448 0.0782055
0.610489 0.00135853 0.169428
0.640285 -0.0231089 0.0782055
0.75947 -0.101403 0.198234
0.684982 -0.111194 0.198234
0.610492 -0.0720474 0.140621
0.680013 -0.0328946 0.0782055
0.769404 -0.155234 0.155024
0.694908 0.0307245 0.198234
0.694908 0.0258308 0.198234
0.684975 0.0551927 0.102211
0.650214 0.0454038 0.198234
0.724712 -0.174811 0.0782055
0.749533 0.0160456 0.198234
0.655189 -0.16992 0.0782055
0.610491 -0.0573662 0.0974101
0.694908 0.0160433 0.198234
0.675053 -0.169919 0.0782055
0.709809 -0.057362 0.198234
0.769404 -0.15034 0.159825
0.744568 0.0111517 0.198234
0.684985 -0.174813 0.131018
0.620424 -0.072047 0.0782055
0.62042 0.0111464 0.0782055
0.749541 -0.17481 0.121416
0.684985 -0.174813 0.164626
0.640285 -0.0280026 0.0782055
0.694911 -0.0377877 0.198234
0.610493 -0.0965161 0.17903
0.704839 0.0551936 0.17903
0.759469 -0.0720411 0.198234
0.64029 -0.130771 0.198234
0.694911 -0.0475752 0.198234
0.610487 0.0356146 0.155024
0.62539 -0.0916217 0.0782055
0.769404 -0.160128 0.0878078
0.625392 -0.120984 0.198234
0.709805 0.0307251 0.198234
0.630351 0.025828 0.198234
0.670077 0.0551921 0.0782055
0.630358 -0.140559 0.198234
0.630354 -0.0426842 0.0782055
0.769404 -0.140553 0.107012
0.734644 -0.17481 0.174229
0.630356 -0.0769403 0.0782055
0.63036 -0.169921 0.198234
0.739603 -0.00842343 0.198234
0.704847 -0.150343 0.198234
0.769404 -0.15034 0.198234
0.719743 -0.106299 0.198234
0.709812 -0.111193 0.198234
0.694907 0.0551932 0.0830066
0.699874 0.025831 0.198234
0.704846 -0.130768 0.198234
0.734642 -0.125873 0.198234
0.610492 -0.0769412 0.0830066
0.769396 0.0307277 0.174229
0.739606 -0.101404 0.198234
0.694913 -0.101406 0.198234
0.675049 -0.0916196 0.0782055
0.630357 -0.111196 0.0782055
0.615462 -0.174816 0.198234
0.694914 -0.125875 0.198234
0.75947 -0.0965097 0.198234
0.610489 -0.0035352 0.183831
0.635322 -0.0916213 0.0782055
0.769404 -0.145447 0.102211
0.655182 0.00136043 0.198234
0.699876 -0.0231063 0.198234
0.665119 -0.125876 0.0782055
0.7396 0.0551951 0.111814
0.610489 0.00135853 0.17903
0.759464 0.0503022 0.0782055
0.764439 -0.160128 0.0782055
0.650218 -0.0475771 0.0782055
0.714772 0.0258316 0.0782055
0.719746 -0.169917 0.0782055
0.610494 -0.111197 0.164626
0.769403 -0.130765 0.188632
0.694915 -0.130769 0.198234
0.764433 -0.0377848 0.198234
0.699876 -0.0182126 0.198234
0.694915 -0.135662 0.198234
0.610496 -0.174816 0.102211
0.640291 -0.160133 0.198234
0.714773 -0.018212 0.0782055
0.694915 -0.14545 0.198234
0.694915 -0.150344 0.198234
0.610493 -0.10141 0.17903
0.744573 -0.106298 0.198234
0.694916 -0.169918 0.198234
0.704844 -0.062256 0.0782055
0.699873 0.0551934 0.198234
0.704848 -0.160131 0.198234
0.675049 -0.0769384 0.198234
0.610488 0.011146 0.17903
0.699873 0.0405122 0.198234
0.704847 -0.145449 0.198234
0.724708 -0.0916175 0.0782055
0.660152 -0.0916202 0.198234
0.610489 0.00135853 0.131018
0.650217 -0.0231084 0.0782055
0.759472 -0.13566 0.198234
0.769405 -0.169915 0.135819
0.699875 0.00625607 0.198234
0.714775 -0.0622555 0.0782055
0.625386 0.0160404 0.0782055
0.699882 -0.174812 0.174229
0.769404 -0.140553 0.116615
0.610496 -0.174816 0.193433
0.699876 -0.0133189 0.198234
0.769399 -0.0377846 0.150223
0.675047 -0.0280011 0.0782055
0.684979 -0.0426819 0.0782055
0.635319 -0.0231091 0.0782055
0.699876 -0.0328938 0.198234
0.749538 -0.106298 0.198234
0.699877 -0.0426812 0.198234
0.635323 -0.106302 0.0782055
0.680011 0.00136149 0.198234
0.699877 -0.0524687 0.198234
0.610494 -0.116091 0.135819
0.630358 -0.135665 0.198234
0.689947 -0.0818315 0.198234
0.630354 -0.0377905 0.0782055
0.650214 0.0356163 0.198234
0.69988 -0.1063 0.198234
0.69988 -0.120981 0.198234
0.73961 -0.17481 0.0782055
0.719742 -0.0916177 0.198234
0.749532 0.0551955 0.193433
0.769397 0.0111528 0.135819
0.625388 -0.032897 0.198234
0.74457 -0.0377856 0.0782055
0.699881 -0.140556 0.198234
0.769398 -0.00352843 0.0830066
0.684978 -0.0182132 0.0782055
0.71478 -0.174811 0.155024
0.744569 -0.0328919 0.0782055
0.699881 -0.14545 0.198234
0.610488 0.011146 0.155024
0.754502 -0.0475726 0.0782055
0.63036 -0.174815 0.0830066
0.769401 -0.0867219 0.164626
0.714771 0.0307254 0.198234
0.650214 0.0551913 0.111814
0.699881 -0.150343 0.198234
0.744572 -0.0965104 0.198234
0.610495 -0.14056 0.150223
0.719746 -0.174811 0.150223
0.769403 -0.116084 0.131018
0.630359 -0.160134 0.198234
0.630355 -0.0622591 0.0782055
0.615462 -0.174816 0.0878078
0.640282 0.0502971 0.198234
0.699882 -0.160131 0.198234
0.769401 -0.0720407 0.17903
0.610495 -0.145453 0.159825
0.769404 -0.140553 0.0878078
0.734644 -0.17481 0.164626
0.610487 0.0502958 0.121416
0.625388 -0.0280032 0.198234
0.610494 -0.120985 0.164626
0.714773 0.00136297 0.0782055
0.630357 -0.111196 0.198234
0.769405 -0.174809 0.145422
0.704839 0.0551936 0.198234
0.684984 -0.165025 0.0782055
0.704839 0.0502999 0.198234
0.670087 -0.174813 0.0830066
0.704839 0.0405124 0.198234
0.670087 -0.174813 0.183831
0.704839 0.0356187 0.198234
0.70484 0.0258312 0.198234
0.630353 -0.00353435 0.0782055
0.620419 0.0307213 0.198234
0.640292 -0.174815 0.140621
0.704841 0.00625628 0.198234
0.665113 0.0258295 0.198234
0.610496 -0.174816 0.164626
0.665118 -0.09162 0.198234
0.684985 -0.169919 0.198234
0.764439 -0.174809 0.188632
0.729671 -0.00842386 0.0782055
0.704841 -0.0133186 0.198234
0.764429 0.0551961 0.155024
0.704843 -0.0377873 0.198234
0.729668 0.0551946 0.131018
0.769404 -0.155234 0.0830066
0.704844 -0.062256 0.198234
0.645253 -0.0769397 0.0782055
0.704844 -0.0818309 0.198234
0.709805 0.0405126 0.0782055
0.769398 -0.0133159 0.164626
0.704845 -0.101406 0.198234
0.665116 -0.0475764 0.0782055
0.759465 0.0062586 0.0782055
0.704845 -0.1063 0.198234
0.684977 0.0013617 0.0782055
0.704841 -0.00842491 0.0782055
0.759465 0.0111523 0.0782055
0.764439 -0.169915 0.0782055
0.665116 -0.0426827 0.0782055
0.640283 0.0258285 0.0782055
0.719738 0.0160444 0.0782055
0.610495 -0.155241 0.150223
0.704846 -0.111193 0.198234
0.665118 -0.0965138 0.198234
0.704846 -0.116087 0.198234
0.704846 -0.120981 0.198234
0.769397 0.0209402 0.198234
0.650223 -0.174814 0.188632
0.769395 0.0551963 0.111814
0.635324 -0.125877 0.198234
0.729671 -0.00842386 0.198234
0.610491 -0.0475788 0.198234
0.704844 -0.0769371 0.0782055
0.704848 -0.169918 0.198234
0.759466 0.00136487 0.198234
0.754504 -0.0965099 0.0782055
0.709804 0.0551938 0.198234
0.610492 -0.0769412 0.0926089
0.729672 -0.0279988 0.198234
0.61049 -0.0280039 0.164626
0.680019 -0.169919 0.198234
0.645258 -0.174814 0.155024
0.769398 -0.0133159 0.111814
0.709805 0.0503001 0.198234
0.610492 -0.0720474 0.17903
0.635317 0.0209345 0.198234
0.650223 -0.174814 0.126217
0.610489 -0.00842893 0.140621
0.610487 0.0454021 0.0782055
0.709807 0.00136276 0.198234
0.709808 -0.0279996 0.198234
0.630355 -0.0671529 0.0782055
0.630359 -0.165027 0.198234
0.620421 -0.00842851 0.0782055
0.749533 0.0160456 0.0782055
0.734644 -0.169917 0.198234
0.640283 0.0209347 0.198234
0.719737 0.0356193 0.198234
0.709808 -0.0377871 0.198234
0.769397 0.00625903 0.198234
0.645248 0.055191 0.131018
0.749533 0.0209394 0.0782055
0.620428 -0.174815 0.0974101
0.694907 0.0551932 0.0878078
0.709809 -0.0475745 0.198234
0.610488 0.0258272 0.193433
0.744576 -0.17481 0.188632
0.759469 -0.0867223 0.198234
0.734639 -0.0720421 0.198234
0.769397 0.0111528 0.164626
0.650223 -0.174814 0.17903
0.70981 -0.0720432 0.198234
0.769403 -0.135659 0.0974101
0.73464 -0.0769359 0.198234
0.769404 -0.155234 0.193433
0.764437 -0.125872 0.198234
0.70981 -0.0769369 0.198234
0.675044 0.0454049 0.0782055
0.620418 0.05519 0.159825
0.769405 -0.174809 0.198234
0.709811 -0.101406 0.198234
0.709813 -0.145449 0.198234
0.764435 -0.0769346 0.0782055
0.769397 0.0209402 0.0782055
0.724705 -0.0133178 0.0782055
0.665117 -0.0818326 0.198234
0.709814 -0.16013 0.198234
0.645252 -0.0328961 0.198234
0.709814 -0.169918 0.198234
0.709814 -0.174812 0.198234
0.675051 -0.120982 0.0782055
0.719736 0.0551942 0.131018
0.665119 -0.135664 0.198234
0.71477 0.055194 0.198234
0.769401 -0.0818281 0.159825
0.759473 -0.174809 0.198234
0.665117 -0.0769388 0.0782055
0.684985 -0.174813 0.140621
0.655182 -0.0133208 0.0782055
0.63035 0.0551904 0.188632
0.769403 -0.135659 0.121416
0.73464 -0.0769359 0.0782055
0.610492 -0.0671537 0.126217
0.714771 0.0405128 0.198234
0.620428 -0.174815 0.111814
0.714772 0.0258316 0.198234
0.719746 -0.169917 0.198234
0.769405 -0.174809 0.174229
0.680014 -0.0524695 0.0782055
0.714772 0.0062567 0.198234
0.714774 -0.0231057 0.198234
0.610496 -0.160135 0.0926089
0.714774 -0.0328931 0.198234
0.699882 -0.169918 0.198234
0.610492 -0.0671537 0.159825
0.769399 -0.0279971 0.145422
0.724702 0.0551944 0.198234
0.714774 -0.0377869 0.198234
0.714774 -0.0426806 0.198234
0.694907 0.0551932 0.140621
0.615456 -0.0377911 0.0782055
0.610495 -0.150347 0.198234
0.714776 -0.0671493 0.198234
0.714776 -0.0769367 0.198234
0.640282 0.0551908 0.0782055
0.610494 -0.130772 0.107012
0.714777 -0.0916179 0.198234
0.689949 -0.130769 0.0782055
0.714778 -0.12098 0.198234
0.744566 0.0454078 0.0782055
0.74954 -0.150341 0.0782055
0.769399 -0.0328908 0.0878078
0.714778 -0.130768 0.198234
0.670077 0.0551921 0.159825
0.610493 -0.106304 0.164626
0.729675 -0.101405 0.0782055
0.610493 -0.106304 0.0974101
0.714779 -0.150343 0.198234
0.615456 -0.0328974 0.0782055
0.610493 -0.0916224 0.198234
0.719746 -0.174811 0.116615
0.739609 -0.169917 0.198234
0.754504 -0.101404 0.0782055
0.749532 0.0551955 0.0926089
0.729673 -0.0720424 0.198234
0.635324 -0.130771 0.0782055
0.769397 0.0013653 0.198234
0.61049 -0.0280039 0.174229
0.729676 -0.135661 0.0782055
0.684985 -0.174813 0.0830066
0.749541 -0.17481 0.183831
0.610492 -0.06226 0.169428
0.660155 -0.174814 0.0782055
0.764432 -0.0133161 0.198234
0.699874 0.0307247 0.198234
0.704847 -0.135662 0.198234
0.704843 -0.0377873 0.0782055
0.660152 -0.106301 0.198234
0.719737 0.0258318 0.198234
0.650218 -0.0377896 0.198234
0.610488 0.0209335 0.135819
0.7694 -0.0573595 0.150223
0.680013 -0.0426821 0.0782055
0.759464 0.0405147 0.0782055
0.764438 -0.150341 0.0782055
0.645248 0.055191 0.164626
0.719738 0.0209381 0.198234
0.759472 -0.145447 0.0782055
0.615456 -0.0182162 0.198234
0.689942 0.0209368 0.0782055
0.665112 0.0454044 0.198234
0.719739 -0.00353055 0.198234
0.724709 -0.0965112 0.0782055
0.630358 -0.130771 0.198234
0.719739 -0.013318 0.198234
0.769403 -0.120978 0.150223
0.670079 0.0258297 0.0782055
0.719739 -0.0182117 0.198234
0.610488 0.0307209 0.17903
0.71974 -0.0279992 0.198234
0.71974 -0.0328929 0.198234
0.615456 -0.0280036 0.198234
0.670077 0.0551921 0.198234
0.610493 -0.106304 0.150223
0.709804 0.0551938 0.116615
0.610488 0.0258272 0.135819
0.610494 -0.130772 0.131018
0.719741 -0.0671491 0.198234
0.610487 0.0356146 0.131018
0.744574 -0.150341 0.198234
0.610495 -0.150347 0.131018
0.630354 -0.028003 0.0782055
0.630358 -0.120984 0.198234
0.719742 -0.0720428 0.198234
0.610489 0.00625226 0.174229
0.719742 -0.0769365 0.198234
0.749541 -0.17481 0.0974101
0.684985 -0.174813 0.188632
0.684984 -0.160131 0.198234
0.719743 -0.0965114 0.198234
0.744576 -0.17481 0.174229
0.635326 -0.174815 0.107012
0.719743 -0.101405 0.198234
0.610489 -0.00842893 0.102211
0.625394 -0.174815 0.102211
0.719744 -0.125874 0.198234
0.610492 -0.06226 0.107012
0.719744 -0.130768 0.198234
0.729671 -0.00353013 0.0782055
0.610491 -0.0524725 0.164626
0.759468 -0.0524662 0.198234
0.655181 0.0209354 0.0782055
0.68001 0.0405113 0.198234
0.610488 0.0209335 0.121416
0.650214 0.0551913 0.135819
0.71478 -0.174811 0.183831
0.67505 -0.0965133 0.198234
0.689942 0.0258306 0.0782055
0.689951 -0.174812 0.17903
0.61546 -0.116091 0.0782055
0.689942 0.0160431 0.0782055
0.724705 -0.0231053 0.0782055
0.689943 0.0111494 0.0782055
0.610488 0.011146 0.140621
0.615459 -0.106303 0.0782055
0.635326 -0.174815 0.0878078
0.689943 0.00136191 0.0782055
0.610489 -0.0035352 0.174229
0.610495 -0.145453 0.164626
0.689944 -0.00842555 0.0782055
0.61049 -0.0328976 0.183831
0.689944 -0.0133193 0.0782055
0.72967 0.00625734 0.0782055
0.689944 -0.0231067 0.0782055
0.689945 -0.0377879 0.0782055
0.769399 -0.0328908 0.135819
0.689945 -0.0426817 0.0782055
0.734634 0.0551949 0.159825
0.719737 0.0356193 0.0782055
0.689945 -0.0475754 0.0782055
0.625394 -0.174815 0.198234
0.689945 -0.0524691 0.0782055
0.689946 -0.0573629 0.0782055
0.655186 -0.101408 0.198234
0.689946 -0.0622566 0.0782055
0.689946 -0.072044 0.0782055
0.610487 0.0454021 0.135819
0.689947 -0.0818315 0.0782055
0.610495 -0.135666 0.131018
0.689947 -0.0867252 0.0782055
0.689947 -0.091619 0.0782055
0.689947 -0.0965127 0.0782055
0.689948 -0.116088 0.0782055
0.689948 -0.120981 0.0782055
0.709814 -0.174812 0.0830066
0.714776 -0.072043 0.0782055
0.689949 -0.125875 0.0782055
0.749532 0.045408 0.0782055
0.72471 -0.125874 0.198234
0.68995 -0.150344 0.0782055
0.68995 -0.165025 0.0782055
0.724708 -0.0720426 0.198234
0.729676 -0.130767 0.0782055
0.665121 -0.160132 0.0782055
0.660146 0.0356168 0.0782055
0.694907 0.0551932 0.0782055
0.769404 -0.15034 0.188632
0.665118 -0.0965138 0.0782055
0.694909 0.00625586 0.198234
0.70981 -0.0867244 0.0782055
0.620426 -0.116091 0.0782055
0.744574 -0.145448 0.198234
0.68498 -0.0720443 0.198234
0.694907 0.0454057 0.0782055
0.744574 -0.140554 0.198234
0.694907 0.040512 0.0782055
0.694908 0.0356182 0.0782055
0.64029 -0.125877 0.0782055
0.759469 -0.0769348 0.0782055
0.694908 0.0307245 0.0782055
0.694908 0.0258308 0.0782055
0.620418 0.05519 0.121416
0.694908 0.020937 0.0782055
0.694909 0.0111496 0.0782055
0.734638 -0.0475735 0.0782055
0.620428 -0.174815 0.169428
0.694909 0.00136212 0.0782055
0.69491 -0.0133191 0.0782055
0.769403 -0.116084 0.0782055
0.69491 -0.0182128 0.0782055
0.610493 -0.0965161 0.169428
0.610489 0.00135853 0.0974101
0.69491 -0.0280003 0.0782055
0.640291 -0.15524 0.198234
0.69491 -0.032894 0.0782055
0.67008 -0.0182139 0.198234
0.694911 -0.0524689 0.0782055
0.694912 -0.0671501 0.0782055
0.694912 -0.0769376 0.0782055
0.694913 -0.0818313 0.0782055
0.694913 -0.086725 0.0782055
0.610489 0.00135853 0.126217
0.694913 -0.0916188 0.0782055
0.769396 0.0307277 0.150223
0.699879 -0.0916185 0.198234
0.694913 -0.101406 0.0782055
0.694914 -0.1063 0.0782055
0.694914 -0.111194 0.0782055
0.689951 -0.174812 0.0878078
0.694914 -0.116087 0.0782055
0.734642 -0.130767 0.0782055
0.714778 -0.125874 0.198234
0.694915 -0.135662 0.0782055
0.665121 -0.174813 0.107012
0.694915 -0.140556 0.0782055
0.694915 -0.14545 0.0782055
0.680013 -0.0426821 0.198234
0.694915 -0.150344 0.0782055
0.615455 -0.00353499 0.0782055
0.694916 -0.155237 0.0782055
0.694916 -0.169918 0.0782055
0.684984 -0.155238 0.198234
0.699873 0.0551934 0.0782055
0.704848 -0.160131 0.0782055
0.610488 0.0160397 0.0830066
0.699873 0.0502996 0.0782055
0.704848 -0.155237 0.0782055
0.744568 -0.00842322 0.198234
0.650219 -0.067152 0.198234
0.61049 -0.0182164 0.135819
0.675053 -0.174813 0.155024
0.615459 -0.106303 0.198234
0.759473 -0.174809 0.126217
0.744574 -0.130766 0.0782055
0.699873 0.0356185 0.0782055
0.719741 -0.0573616 0.198234
0.699874 0.0307247 0.0782055
0.704847 -0.135662 0.0782055
0.610487 0.0405084 0.121416
0.699874 0.025831 0.0782055
0.704846 -0.130768 0.0782055
0.610496 -0.160135 0.17903
0.719741 -0.0524679 0.0782055
0.699874 0.0209373 0.0782055
0.615462 -0.174816 0.145422
0.699875 0.0111498 0.0782055
0.769402 -0.111191 0.150223
0.749538 -0.106298 0.0782055
0.699875 0.00625607 0.0782055
0.699875 0.00136234 0.0782055
0.699875 -0.00842512 0.0782055
0.610491 -0.0475788 0.174229
0.769404 -0.140553 0.188632
0.699876 -0.0133189 0.0782055
0.670079 0.0062548 0.198234
0.699876 -0.028 0.0782055
0.660154 -0.140558 0.0782055
0.694911 -0.0426815 0.0782055
0.610487 0.0502958 0.102211
0.699876 -0.0328938 0.0782055
0.694911 -0.0475752 0.0782055
0.610488 0.0209335 0.155024
0.699877 -0.0426812 0.0782055
0.655189 -0.165026 0.198234
0.655185 -0.0671518 0.0782055
0.699877 -0.047575 0.0782055
0.610487 0.0356146 0.169428
0.744576 -0.17481 0.164626
0.699877 -0.0524687 0.0782055
0.769402 -0.101403 0.0878078
0.675048 -0.0524698 0.198234
0.699878 -0.0622562 0.0782055
0.699878 -0.0769374 0.0782055
0.610489 0.00135853 0.102211
0.699879 -0.0867248 0.0782055
0.699879 -0.101406 0.0782055
0.680009 0.0551925 0.188632
0.69988 -0.1063 0.0782055
0.69988 -0.116087 0.0782055
0.670078 0.0454046 0.0782055
0.699881 -0.130768 0.0782055
0.769401 -0.0867219 0.111814
0.699881 -0.135662 0.0782055
0.74457 -0.0377856 0.198234
0.699881 -0.140556 0.0782055
0.610494 -0.125878 0.159825
0.744569 -0.0328919 0.198234
0.699881 -0.14545 0.0782055
0.744572 -0.0916166 0.198234
0.610495 -0.135666 0.159825
0.650214 0.0551913 0.0878078
0.699881 -0.150343 0.0782055
0.699882 -0.155237 0.0782055
0.769398 -0.0133159 0.0782055
0.7694 -0.0524657 0.131018
0.719746 -0.174811 0.164626
0.640282 0.0502971 0.0782055
0.699882 -0.160131 0.0782055
0.689951 -0.174812 0.131018
0.699882 -0.165025 0.0782055
0.625389 -0.0524719 0.0782055
0.610487 0.0502958 0.145422
0.610492 -0.0671537 0.135819
0.699882 -0.169918 0.0782055
0.610496 -0.160135 0.183831
0.704839 0.0502999 0.0782055
0.610489 -0.00842893 0.116615
0.645254 -0.0867271 0.198234
0.704839 0.0454061 0.0782055
0.704839 0.0405124 0.0782055
0.610489 -0.0035352 0.0782055
0.70484 0.0307249 0.0782055
0.70484 0.0160437 0.0782055
0.704841 0.00625628 0.0782055
0.670087 -0.174813 0.150223
0.704841 0.00136255 0.0782055
0.610491 -0.0573662 0.0926089
0.704841 -0.00353118 0.0782055
0.704842 -0.0279998 0.0782055
0.704842 -0.0328936 0.0782055
0.704843 -0.042681 0.0782055
0.704843 -0.0475748 0.0782055
0.63036 -0.174815 0.145422
0.704843 -0.0524685 0.0782055
0.769404 -0.155234 0.116615
0.704843 -0.0573622 0.0782055
0.704844 -0.0671497 0.0782055
0.704845 -0.0916183 0.0782055
0.704845 -0.101406 0.0782055
0.704846 -0.111193 0.0782055
0.620418 0.05519 0.0782055
0.704846 -0.116087 0.0782055
0.650223 -0.174814 0.0878078
0.764429 0.0551961 0.111814
0.709809 -0.0475745 0.0782055
0.704846 -0.125874 0.0782055
0.610489 0.00135853 0.0878078
0.704847 -0.140556 0.0782055
0.684983 -0.14545 0.198234
0.704847 -0.150343 0.0782055
0.704848 -0.169918 0.0782055
0.709813 -0.140555 0.0782055
0.769398 -0.0133159 0.183831
0.709805 0.0503001 0.0782055
0.620427 -0.150347 0.0782055
0.610492 -0.0720474 0.155024
0.709805 0.0454063 0.0782055
0.7396 0.0551951 0.102211
0.764438 -0.140553 0.198234
0.759464 0.0307273 0.198234
0.64029 -0.135665 0.198234
0.709805 0.0356189 0.0782055
0.610488 0.0307209 0.131018
0.709806 0.0258314 0.0782055
0.709806 0.0209377 0.0782055
0.68995 -0.165025 0.198234
0.610489 0.00625226 0.150223
0.709806 0.016044 0.0782055
0.665111 0.0551919 0.183831
0.764439 -0.165022 0.198234
0.709806 0.0111502 0.0782055
0.729673 -0.0622549 0.0782055
0.680014 -0.0524695 0.198234
0.610491 -0.0573662 0.183831
0.610487 0.0405084 0.155024
0.709807 0.00625649 0.0782055
0.610492 -0.0769412 0.111814
0.764436 -0.101403 0.0782055
0.680013 -0.0377884 0.198234
0.610492 -0.0720474 0.116615
0.709807 -0.00353097 0.0782055
0.729674 -0.0769361 0.0782055
0.620428 -0.174815 0.150223
0.709807 -0.0133184 0.0782055
0.769403 -0.135659 0.102211
0.610492 -0.0818349 0.135819
0.709808 -0.0231059 0.0782055
0.7545 0.00136466 0.198234
0.714775 -0.0475743 0.0782055
0.610493 -0.0965161 0.116615
0.759466 -0.0133163 0.198234
0.709809 -0.0426808 0.0782055
0.709809 -0.057362 0.0782055
0.610489 0.00135853 0.193433
0.724704 0.0111509 0.0782055
0.610489 -0.0035352 0.155024
0.709811 -0.0916181 0.0782055
0.704848 -0.174812 0.102211
0.709811 -0.0965119 0.0782055
0.61049 -0.0182164 0.164626
0.709812 -0.111193 0.0782055
0.709812 -0.116087 0.0782055
0.660145 0.0551917 0.107012
0.769398 -0.0182096 0.174229
0.724703 0.0405132 0.198234
0.709812 -0.120981 0.0782055
0.610491 -0.042685 0.140621
0.704848 -0.174812 0.183831
0.709812 -0.125874 0.0782055
0.670087 -0.174813 0.155024
0.709812 -0.130768 0.0782055
0.749537 -0.0720415 0.0782055
0.769399 -0.0426783 0.0830066
0.709813 -0.135662 0.0782055
0.769399 -0.0279971 0.0878078
0.709813 -0.150343 0.0782055
0.684975 0.0551927 0.0830066
0.724712 -0.174811 0.145422
0.724702 0.0551944 0.0974101
0.709813 -0.155237 0.0782055
0.709814 -0.165024 0.0782055
0.709814 -0.174812 0.0782055
0.61049 -0.0328976 0.116615
0.714771 0.0503003 0.0782055
0.719745 -0.145449 0.0782055
0.714771 0.0356191 0.0782055
0.719745 -0.155236 0.0782055
0.769395 0.0551963 0.0782055
0.714771 0.0307254 0.0782055
0.69491 -0.0231065 0.0782055
0.610495 -0.14056 0.174229
0.714772 0.0160442 0.0782055
0.680018 -0.14545 0.0782055
0.675045 0.00625501 0.0782055
0.714772 0.0111504 0.0782055
0.610493 -0.10141 0.169428
0.640292 -0.174815 0.126217
0.714773 -0.00353076 0.0782055
0.714773 -0.00842449 0.0782055
0.714773 -0.0133182 0.0782055
0.714774 -0.0328931 0.0782055
0.714774 -0.0377869 0.0782055
0.759468 -0.0426787 0.198234
0.610488 0.011146 0.145422
0.625394 -0.174815 0.0830066
0.714775 -0.0524681 0.0782055
0.610491 -0.0573662 0.131018
0.714776 -0.0671493 0.0782055
0.714776 -0.0818304 0.0782055
0.714777 -0.0916179 0.0782055
0.714777 -0.0965116 0.0782055
0.640284 0.016041 0.0782055
0.714777 -0.101405 0.0782055
0.714777 -0.106299 0.0782055
0.714777 -0.111193 0.0782055
0.714778 -0.116087 0.0782055
0.714778 -0.12098 0.0782055
0.769404 -0.15034 0.121416
0.764433 -0.032891 0.198234
0.734644 -0.17481 0.0926089
0.769399 -0.0328908 0.111814
0.714778 -0.130768 0.0782055
0.764439 -0.174809 0.183831
0.714778 -0.135661 0.0782055
0.769397 0.0013653 0.135819
0.630352 0.00135938 0.198234
0.714779 -0.140555 0.0782055
0.630358 -0.120984 0.0782055
0.714779 -0.145449 0.0782055
0.769399 -0.0377846 0.0974101
0.630358 -0.125878 0.0782055
0.714779 -0.150343 0.0782055
0.610493 -0.0965161 0.140621
0.689951 -0.174812 0.198234
0.714779 -0.155236 0.0782055
0.714779 -0.16013 0.0782055
0.640282 0.0551908 0.102211
0.625394 -0.165028 0.198234
0.71478 -0.165024 0.0782055
0.719736 0.0551942 0.0782055
0.610492 -0.0720474 0.0974101
0.650221 -0.125877 0.0782055
0.719736 0.0503005 0.0782055
0.719737 0.0454068 0.0782055
0.769399 -0.0426783 0.188632
0.749536 -0.0377854 0.0782055
0.719737 0.0307256 0.0782055
0.719737 0.0258318 0.0782055
0.645248 0.055191 0.0926089
0.769396 0.0405151 0.174229
0.719738 0.0209381 0.0782055
0.769397 0.0160465 0.198234
0.694917 -0.174812 0.0782055
0.719738 0.0111506 0.0782055
0.769403 -0.120978 0.126217
0.719738 0.00625691 0.0782055
0.719739 -0.00353055 0.0782055
0.749533 0.0209394 0.198234
0.744571 -0.0769355 0.198234
0.719739 -0.00842428 0.0782055
0.610488 0.0307209 0.111814
0.719739 -0.0182117 0.0782055
0.665121 -0.174813 0.159825
0.71974 -0.0231055 0.0782055
0.71974 -0.0279992 0.0782055
0.71974 -0.0328929 0.0782055
0.689951 -0.174812 0.164626
0.719741 -0.0475741 0.0782055
0.719741 -0.0573616 0.0782055
0.719741 -0.0622553 0.0782055
0.704843 -0.0475748 0.198234
0.719741 -0.0671491 0.0782055
0.709804 0.0551938 0.131018
0.610488 0.0258272 0.17903
0.719742 -0.0720428 0.0782055
0.769404 -0.140553 0.169428
0.719742 -0.0769365 0.0782055
0.719742 -0.086724 0.0782055
0.719742 -0.0916177 0.0782055
0.749541 -0.17481 0.169428
0.615459 -0.0965159 0.198234
0.719743 -0.0965114 0.0782055
0.769404 -0.15034 0.126217
0.719743 -0.106299 0.0782055
0.719743 -0.111193 0.0782055
0.694917 -0.174812 0.145422
0.769404 -0.160128 0.126217
0.719744 -0.12098 0.0782055
0.610492 -0.0769412 0.183831
0.660145 0.0551917 0.140621
0.719744 -0.125874 0.0782055
0.719744 -0.130768 0.0782055
0.719745 -0.16013 0.0782055
0.719746 -0.165024 0.0782055
0.769399 -0.0377846 0.0830066
0.7545 0.00625839 0.198234
0.724702 0.0551944 0.0782055
0.769398 -0.00842217 0.0830066
0.724703 0.0356195 0.0782055
0.724703 0.025832 0.0782055
0.724704 0.0160446 0.0782055
0.610495 -0.135666 0.183831
0.724704 0.00625712 0.0782055
0.71974 -0.0426804 0.0782055
0.724704 0.00136339 0.0782055
0.724705 -0.00842407 0.0782055
0.724705 -0.0182115 0.0782055
0.73961 -0.17481 0.159825
0.724706 -0.027999 0.0782055
0.684979 -0.0475756 0.0782055
0.610487 0.0356146 0.150223
0.724706 -0.0328927 0.0782055
0.704844 -0.0769371 0.198234
0.724706 -0.0377865 0.0782055
0.684984 -0.150344 0.0782055
0.724706 -0.0475739 0.0782055
0.724707 -0.0524676 0.0782055
0.724707 -0.0573614 0.0782055
0.65518 0.0356165 0.0782055
0.724707 -0.0622551 0.0782055
0.65518 0.0405103 0.0782055
0.724707 -0.0671488 0.0782055
0.610492 -0.0720474 0.107012
0.724708 -0.0720426 0.0782055
0.724708 -0.0769363 0.0782055
0.724709 -0.101405 0.0782055
0.724709 -0.106299 0.0782055
0.610495 -0.150347 0.155024
0.724709 -0.111192 0.0782055
0.610488 0.0209335 0.188632
0.72471 -0.140555 0.0782055
0.724711 -0.145449 0.0782055
0.724711 -0.150342 0.0782055
0.610493 -0.0965161 0.126217
0.724711 -0.155236 0.0782055
0.724711 -0.16013 0.0782055
0.724712 -0.165023 0.0782055
0.714776 -0.0867242 0.0782055
0.724712 -0.169917 0.0782055
0.729668 0.0551946 0.0782055
0.729668 0.0503009 0.0782055
0.615458 -0.0769409 0.198234
0.610495 -0.155241 0.174229
0.729668 0.0454072 0.0782055
0.734643 -0.150342 0.0782055
0.729669 0.0405135 0.0782055
0.709814 -0.174812 0.140621
0.665118 -0.106301 0.0782055
0.729669 0.0356197 0.0782055
0.734643 -0.165023 0.0782055
0.729669 0.030726 0.0782055
0.660155 -0.174814 0.135819
0.749541 -0.17481 0.107012
0.65518 0.0551915 0.111814
0.729669 0.0258323 0.0782055
0.63036 -0.174815 0.126217
0.729669 0.0209385 0.0782055
0.734644 -0.17481 0.0782055
0.72967 0.0111511 0.0782055
0.759468 -0.0622536 0.198234
0.610487 0.0405084 0.159825
0.72967 0.0013636 0.0782055
0.610489 0.00135853 0.145422
0.729671 -0.023105 0.0782055
0.759473 -0.174809 0.193433
0.769396 0.0405151 0.155024
0.729672 -0.0377862 0.0782055
0.729672 -0.04268 0.0782055
0.729672 -0.0475737 0.0782055
0.729673 -0.0524674 0.0782055
0.704848 -0.174812 0.159825
0.729673 -0.0573612 0.0782055
0.769397 0.0111528 0.150223
0.675049 -0.0769384 0.0782055
0.650223 -0.174814 0.164626
0.769397 0.00625903 0.150223
0.729673 -0.0720424 0.0782055
0.729674 -0.0818298 0.0782055
0.610493 -0.0965161 0.135819
0.729674 -0.0867236 0.0782055
0.729674 -0.0916173 0.0782055
0.729674 -0.096511 0.0782055
0.675043 0.0551923 0.102211
0.729675 -0.106298 0.0782055
0.729675 -0.111192 0.0782055
0.610489 0.00625226 0.188632
0.729676 -0.140555 0.0782055
0.729678 -0.169917 0.0782055
0.724702 0.0551944 0.0830066
0.630354 -0.0377905 0.198234
0.769399 -0.0377846 0.0782055
0.734634 0.0551949 0.0782055
0.74457 -0.0475731 0.0782055
0.734634 0.0503011 0.0782055
0.68001 0.0209364 0.0782055
0.734634 0.0454074 0.0782055
0.660149 -0.0328955 0.198234
0.734635 0.0356199 0.0782055
0.734635 0.0258325 0.0782055
0.734635 0.0209387 0.0782055
0.734636 -0.00352991 0.0782055
0.665121 -0.174813 0.164626
0.769404 -0.160128 0.174229
0.734637 -0.00842365 0.0782055
0.734637 -0.0182111 0.0782055
0.769401 -0.0818281 0.121416
0.635326 -0.174815 0.174229
0.734639 -0.0524672 0.0782055
0.74954 -0.130766 0.0782055
0.734639 -0.057361 0.0782055
0.734639 -0.0720421 0.0782055
0.749532 0.0551955 0.174229
0.769397 0.0111528 0.0926089
0.650223 -0.174814 0.107012
0.73464 -0.0867233 0.0782055
0.754507 -0.17481 0.102211
0.769403 -0.116084 0.135819
0.73464 -0.0916171 0.0782055
0.73464 -0.0965108 0.0782055
0.734641 -0.101405 0.0782055
0.734641 -0.106298 0.0782055
0.734641 -0.111192 0.0782055
0.734641 -0.116086 0.0782055
0.734641 -0.120979 0.0782055
0.734642 -0.125873 0.0782055
0.734642 -0.140554 0.0782055
0.769405 -0.174809 0.140621
0.734642 -0.145448 0.0782055
0.734643 -0.160129 0.0782055
0.734644 -0.169917 0.0782055
0.610487 0.0551896 0.17903
0.7396 0.0454076 0.0782055
0.610487 0.0551896 0.102211
0.739601 0.0307264 0.0782055
0.665117 -0.0671514 0.198234
0.739609 -0.155235 0.0782055
0.610488 0.0258272 0.111814
0.739601 0.0258327 0.0782055
0.610488 0.0307209 0.121416
0.769402 -0.106297 0.159825
0.739602 0.00625776 0.0782055
0.739602 0.00136403 0.0782055
0.769403 -0.116084 0.155024
0.670085 -0.125876 0.198234
0.739602 -0.0035297 0.0782055
0.610491 -0.0475788 0.193433
0.739603 -0.00842343 0.0782055
0.610491 -0.0524725 0.135819
0.739603 -0.0133172 0.0782055
0.61049 -0.0377913 0.121416
0.739603 -0.0231046 0.0782055
0.739603 -0.0279984 0.0782055
0.739604 -0.0377858 0.0782055
0.729668 0.0551946 0.135819
0.769404 -0.155234 0.0878078
0.739604 -0.0426795 0.0782055
0.739605 -0.0573607 0.0782055
0.739605 -0.0622545 0.0782055
0.769401 -0.0769344 0.121416
0.610493 -0.10141 0.0878078
0.769405 -0.174809 0.116615
0.704848 -0.174812 0.174229
0.739605 -0.0671482 0.0782055
0.739605 -0.0720419 0.0782055
0.739605 -0.0769357 0.0782055
0.660154 -0.150345 0.0782055
0.635317 0.0258282 0.198234
0.739606 -0.0916169 0.0782055
0.699882 -0.174812 0.0782055
0.610494 -0.111197 0.126217
0.625384 0.0551902 0.121416
0.739606 -0.0965106 0.0782055
0.660152 -0.096514 0.0782055
0.739606 -0.101404 0.0782055
0.610487 0.0454021 0.174229
0.714774 -0.0426806 0.0782055
0.739607 -0.106298 0.0782055
0.739607 -0.116086 0.0782055
0.610495 -0.135666 0.102211
0.610494 -0.120985 0.121416
0.63035 0.0502967 0.198234
0.719746 -0.174811 0.111814
0.739607 -0.120979 0.0782055
0.764439 -0.174809 0.0974101
0.739608 -0.125873 0.0782055
0.739608 -0.130767 0.0782055
0.724706 -0.027999 0.198234
0.675048 -0.0622572 0.198234
0.739608 -0.145448 0.0782055
0.739609 -0.160129 0.0782055
0.739609 -0.165023 0.0782055
0.759466 -0.00842259 0.0782055
0.675043 0.0551923 0.193433
0.739609 -0.169917 0.0782055
0.744566 0.0503015 0.0782055
0.74954 -0.145447 0.0782055
0.689951 -0.174812 0.0926089
0.744567 0.0258329 0.0782055
0.749541 -0.169916 0.0782055
0.769404 -0.145447 0.150223
0.744567 0.0209392 0.0782055
0.749541 -0.17481 0.0782055
0.744567 0.0160454 0.0782055
0.610494 -0.125878 0.111814
0.660155 -0.174814 0.174229
0.759473 -0.169916 0.0782055
0.744568 0.00625797 0.0782055
0.744568 0.00136424 0.0782055
0.744568 -0.00352949 0.0782055
0.610488 0.011146 0.193433
0.650219 -0.067152 0.0782055
0.744568 -0.00842322 0.0782055
0.744569 -0.0182107 0.0782055
0.744569 -0.0231044 0.0782055
0.744569 -0.0279981 0.0782055
0.749539 -0.116085 0.0782055
0.74457 -0.0524668 0.0782055
0.74457 -0.0573605 0.0782055
0.610493 -0.0965161 0.131018
0.610493 -0.10141 0.126217
0.744571 -0.067148 0.0782055
0.744571 -0.0769355 0.0782055
0.680009 0.0551925 0.102211
0.769396 0.0405151 0.111814
0.744572 -0.0818292 0.0782055
0.744572 -0.0965104 0.0782055
0.675043 0.0551923 0.150223
0.744572 -0.101404 0.0782055
0.70981 -0.0671495 0.0782055
0.744573 -0.111192 0.0782055
0.645251 -0.0280024 0.198234
0.744573 -0.125873 0.0782055
0.64029 -0.145452 0.0782055
0.694907 0.040512 0.198234
0.7396 0.0405139 0.198234
0.744574 -0.140554 0.0782055
0.724706 -0.0426802 0.0782055
0.610496 -0.160135 0.188632
0.68498 -0.0720443 0.0782055
0.694907 0.0454057 0.198234
0.744574 -0.145448 0.0782055
0.610488 0.0209335 0.131018
0.744575 -0.155235 0.0782055
0.744575 -0.160129 0.0782055
0.744575 -0.169916 0.0782055
0.744576 -0.17481 0.0782055
0.610496 -0.174816 0.17903
0.645249 0.0209349 0.198234
0.749532 0.0551955 0.0782055
0.650223 -0.174814 0.198234
0.719738 0.00136318 0.0782055
0.749532 0.0503018 0.0782055
0.610487 0.0454021 0.164626
0.749532 0.0405143 0.0782055
0.769403 -0.116084 0.140621
0.749532 0.0356206 0.0782055
0.749533 0.0307268 0.0782055
0.749534 0.00625818 0.0782055
0.680011 0.00136149 0.0782055
0.610487 0.0551896 0.159825
0.749534 0.00136445 0.0782055
0.660147 0.0258293 0.0782055
0.749534 -0.00842301 0.0782055
0.610492 -0.0720474 0.188632
0.650223 -0.174814 0.135819
0.749534 -0.0133167 0.0782055
0.754498 0.0454082 0.0782055
0.749535 -0.0182105 0.0782055
0.749535 -0.0231042 0.0782055
0.610495 -0.135666 0.140621
0.729673 -0.0622549 0.198234
0.749536 -0.0524666 0.0782055
0.724712 -0.174811 0.159825
0.769403 -0.116084 0.107012
0.749537 -0.062254 0.0782055
0.749537 -0.0671478 0.0782055
0.749537 -0.0769352 0.0782055
0.670087 -0.174813 0.135819
0.635316 0.0551906 0.164626
0.749537 -0.081829 0.0782055
0.749538 -0.0867227 0.0782055
0.749538 -0.0916164 0.0782055
0.670079 0.0258297 0.198234
0.749538 -0.101404 0.0782055
0.610492 -0.0769412 0.159825
0.714778 -0.125874 0.0782055
0.749539 -0.111191 0.0782055
0.769404 -0.140553 0.135819
0.74954 -0.13566 0.0782055
0.7545 -0.00352907 0.0782055
0.749541 -0.160129 0.0782055
0.749541 -0.165022 0.0782055
0.610487 0.0454021 0.183831
0.610496 -0.169922 0.183831
0.769397 0.0160465 0.121416
0.754498 0.050302 0.0782055
0.754498 0.0405145 0.0782055
0.769396 0.0356214 0.126217
0.754499 0.030727 0.0782055
0.754499 0.0258333 0.0782055
0.7694 -0.0622532 0.0782055
0.754499 0.0111521 0.0782055
0.660155 -0.174814 0.0926089
0.729671 -0.0182113 0.0782055
0.610492 -0.06226 0.164626
0.724702 0.0551944 0.150223
0.769399 -0.0279971 0.0974101
0.7545 0.00625839 0.0782055
0.709808 -0.0182122 0.198234
0.660153 -0.125876 0.198234
0.729678 -0.174811 0.17903
0.769399 -0.0426783 0.107012
0.7545 -0.0084228 0.0782055
0.660155 -0.174814 0.155024
0.769398 -0.00842217 0.102211
0.7545 -0.0133165 0.0782055
0.744573 -0.106298 0.0782055
0.610493 -0.106304 0.111814
0.754501 -0.0328915 0.0782055
0.769399 -0.0328908 0.126217
0.754501 -0.0377852 0.0782055
0.610496 -0.169922 0.0974101
0.754502 -0.0573601 0.0782055
0.754503 -0.0671476 0.0782055
0.665111 0.0551919 0.193433
0.754503 -0.0720413 0.0782055
0.764432 0.00136508 0.0782055
0.675053 -0.174813 0.0878078
0.610495 -0.155241 0.0926089
0.754503 -0.076935 0.0782055
0.739601 0.0209389 0.0782055
0.754504 -0.0867225 0.0782055
0.694913 -0.0818313 0.198234
0.61049 -0.0182164 0.140621
0.610495 -0.135666 0.111814
0.719746 -0.174811 0.107012
0.759467 -0.0231038 0.198234
0.754505 -0.120979 0.0782055
0.610491 -0.0475788 0.116615
0.769402 -0.111191 0.121416
0.754505 -0.125872 0.0782055
0.754505 -0.130766 0.0782055
0.754506 -0.13566 0.0782055
0.704842 -0.0182124 0.0782055
0.61049 -0.0231101 0.150223
0.610489 -0.00842893 0.0926089
0.754506 -0.155235 0.0782055
0.61049 -0.0231101 0.0926089
0.744568 0.0111517 0.0782055
0.684985 -0.174813 0.121416
0.610493 -0.0867286 0.0926089
0.754507 -0.160128 0.0782055
0.754507 -0.169916 0.0782055
0.729672 -0.0279988 0.0782055
0.610492 -0.0769412 0.164626
0.754507 -0.17481 0.0782055
0.640288 -0.0867274 0.0782055
0.610491 -0.0524725 0.121416
0.759464 0.0454085 0.0782055
0.764438 -0.155234 0.0782055
0.610496 -0.169922 0.193433
0.610487 0.0454021 0.150223
0.61049 -0.0231101 0.121416
0.759465 0.0258335 0.0782055
0.63036 -0.174815 0.188632
0.759466 -0.00352886 0.0782055
0.660153 -0.116089 0.198234
0.610491 -0.0524725 0.0878078
0.759467 -0.0231038 0.0782055
0.684985 -0.174813 0.126217
0.734634 0.0503011 0.198234
0.759467 -0.037785 0.0782055
0.610491 -0.0524725 0.0926089
0.759468 -0.0524662 0.0782055
0.759468 -0.0622536 0.0782055
0.610495 -0.135666 0.145422
0.665111 0.0551919 0.0830066
0.759469 -0.0671474 0.0782055
0.759469 -0.0818285 0.0782055
0.75947 -0.091616 0.0782055
0.610487 0.0551896 0.174229
0.759471 -0.111191 0.0782055
0.640285 -0.0280026 0.198234
0.610487 0.0356146 0.0926089
0.759471 -0.116085 0.0782055
0.625386 0.0062529 0.0782055
0.759472 -0.13566 0.0782055
0.759472 -0.150341 0.0782055
0.769401 -0.0916156 0.126217
0.645258 -0.174814 0.116615
0.759472 -0.155235 0.0782055
0.635326 -0.174815 0.111814
0.759473 -0.174809 0.0782055
0.72471 -0.135661 0.198234
0.61049 -0.0182164 0.183831
0.694907 0.0551932 0.17903
0.724708 -0.0769363 0.198234
0.764429 0.0551961 0.0782055
0.76443 0.0503024 0.0782055
0.645253 -0.0671522 0.0782055
0.76443 0.0454087 0.0782055
0.734644 -0.17481 0.0878078
0.76443 0.0405149 0.0782055
0.76443 0.0356212 0.0782055
0.769404 -0.140553 0.111814
0.610496 -0.174816 0.198234
0.76443 0.0307275 0.0782055
0.764431 0.00625882 0.0782055
0.689941 0.055193 0.107012
0.754497 0.0551957 0.159825
0.764432 -0.00352865 0.0782055
0.764432 -0.0182098 0.0782055
0.744573 -0.116085 0.0782055
0.610495 -0.150347 0.126217
0.764433 -0.0231036 0.0782055
0.625386 0.0111466 0.198234
0.610488 0.0258272 0.188632
0.7694 -0.0671469 0.174229
0.764433 -0.0279973 0.0782055
0.764433 -0.032891 0.0782055
0.769403 -0.135659 0.150223
0.645258 -0.174814 0.174229
0.610492 -0.0818349 0.0878078
0.650214 0.0551913 0.174229
0.71478 -0.174811 0.145422
0.764433 -0.0377848 0.0782055
0.764433 -0.0426785 0.0782055
0.764434 -0.0475722 0.0782055
0.749532 0.0551955 0.102211
0.764434 -0.052466 0.0782055
0.764434 -0.0573597 0.0782055
0.680009 0.0551925 0.159825
0.764434 -0.0622534 0.0782055
0.704848 -0.174812 0.0878078
0.769401 -0.0769344 0.169428
0.754507 -0.17481 0.0830066
0.660153 -0.111195 0.0782055
0.764435 -0.0671471 0.0782055
0.764435 -0.0818283 0.0782055
0.749536 -0.0426791 0.0782055
0.764436 -0.0916158 0.0782055
0.610496 -0.165028 0.0782055
0.764436 -0.0965095 0.0782055
0.764436 -0.106297 0.0782055
0.610491 -0.0573662 0.111814
0.764437 -0.116084 0.0782055
0.769403 -0.120978 0.0782055
0.764437 -0.120978 0.0782055
0.729678 -0.174811 0.0926089
0.684982 -0.1063 0.198234
0.764439 -0.165022 0.0782055
0.660155 -0.174814 0.183831
0.769396 0.0454089 0.0782055
0.63532 -0.042684 0.198234
0.769396 0.0356214 0.0782055
0.769401 -0.0867219 0.131018
0.61049 -0.0328976 0.0926089
0.640284 0.0111473 0.198234
0.769397 0.0160465 0.0782055
0.769397 0.0013653 0.0782055
0.749541 -0.17481 0.159825
0.769398 -0.00352843 0.0782055
0.769398 -0.00842217 0.0782055
0.769398 -0.0182096 0.0782055
0.769399 -0.0231034 0.0782055
0.769399 -0.0279971 0.0782055
0.769399 -0.0328908 0.0782055
0.769399 -0.0426783 0.0782055
0.610496 -0.169922 0.155024
0.7694 -0.0524657 0.0782055
0.610489 0.00625226 0.111814
0.73961 -0.17481 0.0974101
0.7694 -0.0671469 0.0782055
0.769401 -0.0720407 0.0782055
0.615459 -0.10141 0.198234
0.769401 -0.0818281 0.0782055
0.670081 -0.032895 0.0782055
0.694917 -0.174812 0.188632
0.61049 -0.0328976 0.135819
0.645256 -0.125877 0.198234
0.769401 -0.0867219 0.0782055
0.670083 -0.0720449 0.198234
0.610487 0.0356146 0.0830066
0.635326 -0.174815 0.159825
0.769401 -0.0916156 0.0782055
0.769402 -0.0965093 0.0782055
0.769402 -0.111191 0.0782055
0.694914 -0.125875 0.0782055
0.769403 -0.125872 0.0782055
0.769403 -0.130765 0.0782055
0.610492 -0.0818349 0.111814
0.645258 -0.174814 0.198234
0.769403 -0.135659 0.0782055
0.769404 -0.140553 0.0782055
0.699876 -0.0231063 0.0782055
0.769404 -0.145447 0.0782055
0.769404 -0.15034 0.0782055
0.769404 -0.160128 0.0782055
0.709811 -0.101406 0.0782055
0.769405 -0.174809 0.0782055
0.610493 -0.10141 0.131018
0.699873 0.0454059 0.0782055
0.610487 0.0551896 0.193433
0.739606 -0.0916169 0.198234
0.610487 0.0502958 0.193433
0.610487 0.0405084 0.193433
0.610487 0.0356146 0.193433
0.610488 0.0209335 0.193433
0.610488 0.0160397 0.193433
0.610489 0.00625226 0.193433
0.650218 -0.0573645 0.198234
0.694912 -0.0720438 0.198234
0.610489 -0.0035352 0.193433
0.610489 -0.00842893 0.193433
0.61049 -0.0182164 0.193433
0.764437 -0.135659 0.0782055
0.675053 -0.174813 0.183831
0.61049 -0.0231101 0.193433
0.65022 -0.0965144 0.0782055
0.61049 -0.0377913 0.193433
0.610491 -0.0524725 0.193433
0.610492 -0.0769412 0.193433
0.615462 -0.174816 0.116615
0.610492 -0.0818349 0.193433
0.610493 -0.0916224 0.193433
0.635323 -0.11609 0.0782055
0.610493 -0.0965161 0.193433
0.7694 -0.047572 0.164626
0.63035 0.0502967 0.0782055
0.610494 -0.120985 0.193433
0.610495 -0.135666 0.193433
0.749541 -0.17481 0.164626
0.66512 -0.155239 0.0782055
0.660146 0.0405105 0.0782055
0.610495 -0.14056 0.193433
0.610495 -0.155241 0.193433
0.610496 -0.160135 0.193433
0.764432 -0.00842238 0.198234
0.620428 -0.174815 0.135819
0.655189 -0.174814 0.131018
0.739606 -0.0965106 0.198234
0.610487 0.0551896 0.188632
0.610487 0.0405084 0.188632
0.610487 0.0356146 0.188632
0.709809 -0.0622557 0.198234
0.610496 -0.174816 0.121416
0.610488 0.0307209 0.188632
0.610488 0.011146 0.188632
0.7396 0.0551951 0.121416
0.610489 0.00135853 0.188632
0.610489 -0.00842893 0.188632
0.665111 0.0551919 0.159825
0.610489 -0.0133227 0.188632
0.61049 -0.0231101 0.188632
0.61049 -0.0280039 0.188632
0.61049 -0.0328976 0.188632
0.764438 -0.155234 0.198234
0.759464 0.0454085 0.198234
0.610491 -0.0475788 0.188632
0.610491 -0.0524725 0.188632
0.610491 -0.0573662 0.188632
0.610492 -0.0769412 0.188632
0.650214 0.0405101 0.198234
0.615462 -0.174816 0.121416
0.610493 -0.0867286 0.188632
0.610493 -0.0965161 0.188632
0.670077 0.0551921 0.183831
0.610493 -0.106304 0.188632
0.610494 -0.111197 0.188632
0.63035 0.0551904 0.135819
0.610494 -0.116091 0.188632
0.610494 -0.125878 0.188632
0.610494 -0.130772 0.188632
0.675044 0.0454049 0.198234
0.610495 -0.135666 0.188632
0.749541 -0.17481 0.174229
0.729675 -0.101405 0.198234
0.610495 -0.145453 0.188632
0.689951 -0.174812 0.174229
0.610495 -0.150347 0.188632
0.699873 0.0551934 0.131018
0.610495 -0.155241 0.188632
0.610496 -0.165028 0.188632
0.610496 -0.169922 0.188632
0.610487 0.0454021 0.140621
0.769404 -0.140553 0.131018
0.610496 -0.174816 0.188632
0.610487 0.0405084 0.183831
0.610487 0.0356146 0.183831
0.684982 -0.116088 0.0782055
0.610488 0.0209335 0.183831
0.744576 -0.17481 0.150223
0.610488 0.0160397 0.183831
0.610489 0.00625226 0.183831
0.610489 -0.00842893 0.183831
0.665111 0.0551919 0.164626
0.610489 -0.0133227 0.183831
0.61049 -0.0231101 0.183831
0.61049 -0.0377913 0.183831
0.610491 -0.042685 0.183831
0.610491 -0.0475788 0.183831
0.610492 -0.0720474 0.183831
0.610492 -0.0818349 0.183831
0.7694 -0.0573595 0.155024
0.610493 -0.0867286 0.183831
0.610493 -0.0965161 0.183831
0.610493 -0.10141 0.183831
0.610494 -0.120985 0.183831
0.610494 -0.130772 0.183831
0.729678 -0.174811 0.116615
0.675053 -0.174813 0.198234
0.610495 -0.150347 0.183831
0.675052 -0.150344 0.0782055
0.610487 0.0502958 0.155024
0.764437 -0.125872 0.0782055
0.610495 -0.155241 0.183831
0.610496 -0.165028 0.183831
0.719744 -0.116086 0.0782055
0.704845 -0.0965121 0.198234
0.610496 -0.174816 0.183831
0.610487 0.0454021 0.17903
0.650218 -0.0524708 0.0782055
0.610487 0.0405084 0.17903
0.610488 0.0209335 0.17903
0.610489 0.00625226 0.17903
0.72967 0.0111511 0.198234
0.610489 -0.00842893 0.17903
0.665111 0.0551919 0.169428
0.749541 -0.160129 0.198234
0.610489 -0.0133227 0.17903
0.729671 -0.00353013 0.198234
0.61049 -0.0182164 0.17903
0.675051 -0.125876 0.198234
0.61049 -0.0231101 0.17903
0.61049 -0.0280039 0.17903
0.610491 -0.0524725 0.17903
0.610492 -0.06226 0.17903
0.610492 -0.0671537 0.17903
0.610492 -0.0769412 0.17903
0.670077 0.0551921 0.121416
0.610493 -0.106304 0.17903
0.610494 -0.111197 0.17903
0.610494 -0.116091 0.17903
0.610494 -0.125878 0.17903
0.63036 -0.174815 0.174229
0.610494 -0.130772 0.17903
0.729678 -0.174811 0.121416
0.675043 0.0551923 0.0830066
0.630351 0.025828 0.0782055
0.610495 -0.145453 0.17903
0.769404 -0.15034 0.164626
0.734644 -0.17481 0.145422
0.699873 0.0551934 0.116615
0.610495 -0.155241 0.17903
0.610496 -0.165028 0.17903
0.764439 -0.174809 0.159825
0.610487 0.0502958 0.174229
0.610487 0.0356146 0.174229
0.610488 0.0307209 0.174229
0.709804 0.0551938 0.126217
0.610488 0.0258272 0.174229
0.610488 0.0209335 0.174229
0.759464 0.035621 0.0782055
0.764438 -0.145447 0.0782055
0.610488 0.0160397 0.174229
0.709805 0.0307251 0.0782055
0.610489 0.00135853 0.174229
0.665111 0.0551919 0.174229
0.610489 -0.0133227 0.174229
0.61049 -0.0182164 0.174229
0.610495 -0.150347 0.193433
0.675053 -0.174813 0.188632
0.61049 -0.0231101 0.174229
0.61049 -0.0328976 0.174229
0.610491 -0.042685 0.174229
0.610491 -0.0524725 0.174229
0.660155 -0.174814 0.0830066
0.610492 -0.06226 0.174229
0.610492 -0.0720474 0.174229
0.650223 -0.174814 0.145422
0.680017 -0.125876 0.0782055
0.675046 -0.0133199 0.0782055
0.610492 -0.0769412 0.174229
0.610492 -0.0818349 0.174229
0.7694 -0.0573595 0.159825
0.759472 -0.150341 0.198234
0.635325 -0.15524 0.0782055
0.630351 0.0405092 0.0782055
0.610493 -0.0867286 0.174229
0.610493 -0.0916224 0.174229
0.734638 -0.0475735 0.198234
0.610493 -0.0965161 0.174229
0.610493 -0.10141 0.174229
0.640287 -0.0622587 0.198234
0.640292 -0.174815 0.155024
0.670077 0.0551921 0.126217
0.610493 -0.106304 0.174229
0.610494 -0.120985 0.174229
0.764436 -0.111191 0.0782055
0.610494 -0.125878 0.174229
0.63036 -0.174815 0.17903
0.694909 -0.00842534 0.0782055
0.610494 -0.130772 0.174229
0.729678 -0.174811 0.126217
0.610495 -0.135666 0.174229
0.610495 -0.145453 0.174229
0.610495 -0.150347 0.174229
0.759463 0.0551959 0.188632
0.615461 -0.150347 0.198234
0.610496 -0.165028 0.174229
0.764439 -0.174809 0.164626
0.610496 -0.169922 0.174229
0.610496 -0.174816 0.174229
0.610487 0.0502958 0.169428
0.610487 0.0405084 0.169428
0.635326 -0.174815 0.116615
0.699882 -0.174812 0.193433
0.610489 0.00625226 0.169428
0.734639 -0.0671484 0.198234
0.645258 -0.174814 0.131018
0.610489 -0.0035352 0.169428
0.61049 -0.0182164 0.169428
0.675053 -0.174813 0.159825
0.759469 -0.0671474 0.198234
0.650219 -0.0720457 0.0782055
0.675051 -0.130769 0.198234
0.61049 -0.0231101 0.169428
0.61049 -0.0280039 0.169428
0.63035 0.0551904 0.102211
0.769401 -0.0916156 0.169428
0.645258 -0.174814 0.159825
0.61049 -0.0328976 0.169428
0.610491 -0.042685 0.169428
0.615462 -0.174816 0.169428
0.610491 -0.0475788 0.169428
0.650221 -0.106302 0.0782055
0.610491 -0.0524725 0.169428
0.610491 -0.0573662 0.169428
0.680018 -0.155238 0.0782055
0.610492 -0.0671537 0.169428
0.610492 -0.0720474 0.169428
0.675044 0.0307237 0.198234
0.610492 -0.0818349 0.169428
0.610493 -0.0867286 0.169428
0.675044 0.0405111 0.198234
0.610493 -0.0916224 0.169428
0.670077 0.0551921 0.107012
0.610493 -0.106304 0.169428
0.63035 0.0551904 0.150223
0.645258 -0.174814 0.111814
0.610494 -0.116091 0.169428
0.610494 -0.125878 0.169428
0.610494 -0.130772 0.169428
0.610488 0.0160397 0.169428
0.729678 -0.174811 0.131018
0.610495 -0.135666 0.169428
0.610495 -0.14056 0.169428
0.719746 -0.174811 0.0830066
0.675043 0.0551923 0.0974101
0.610495 -0.145453 0.169428
0.734643 -0.155236 0.0782055
0.610495 -0.150347 0.169428
0.610495 -0.155241 0.169428
0.610496 -0.160135 0.169428
0.610496 -0.165028 0.169428
0.709808 -0.0328934 0.198234
0.610496 -0.169922 0.169428
0.7694 -0.047572 0.116615
0.68498 -0.0622568 0.198234
0.680019 -0.174813 0.164626
0.610487 0.0551896 0.164626
0.714771 0.0454065 0.0782055
0.719745 -0.150342 0.0782055
0.655189 -0.174814 0.121416
0.610487 0.0405084 0.164626
0.610487 0.0356146 0.164626
0.635326 -0.174815 0.145422
0.610488 0.0307209 0.164626
0.610488 0.0258272 0.164626
0.625391 -0.0965154 0.0782055
0.610488 0.0160397 0.164626
0.610489 0.00625226 0.164626
0.769401 -0.0916156 0.145422
0.645258 -0.174814 0.135819
0.754502 -0.0524664 0.0782055
0.610489 0.00135853 0.164626
0.610489 -0.00842893 0.164626
0.610489 -0.0133227 0.164626
0.615452 0.0551898 0.0926089
0.61049 -0.0377913 0.164626
0.610491 -0.0475788 0.164626
0.610492 -0.0671537 0.164626
0.610492 -0.0720474 0.164626
0.650223 -0.174814 0.159825
0.610492 -0.0818349 0.164626
0.680014 -0.062257 0.198234
0.764432 -0.00842238 0.0782055
0.610493 -0.0965161 0.164626
0.63035 0.0551904 0.111814
0.610494 -0.116091 0.164626
0.675053 -0.174813 0.0830066
0.610495 -0.150347 0.164626
0.610495 -0.155241 0.164626
0.610487 0.0454021 0.159825
0.610488 0.0307209 0.159825
0.610488 0.0209335 0.159825
0.7396 0.0551951 0.0974101
0.640287 -0.057365 0.0782055
0.610488 0.011146 0.159825
0.610489 0.00625226 0.159825
0.610489 -0.00842893 0.159825
0.625394 -0.174815 0.116615
0.610489 -0.0133227 0.159825
0.61049 -0.0182164 0.159825
0.759473 -0.174809 0.102211
0.61049 -0.0231101 0.159825
0.61049 -0.0280039 0.159825
0.769401 -0.0867219 0.102211
0.61049 -0.0328976 0.159825
0.61049 -0.0377913 0.159825
0.759465 0.0160461 0.0782055
0.764439 -0.174809 0.0782055
0.610491 -0.0475788 0.159825
0.610491 -0.0524725 0.159825
0.660155 -0.174814 0.0878078
0.610492 -0.06226 0.159825
0.610492 -0.0818349 0.159825
0.7694 -0.0573595 0.17903
0.610493 -0.0867286 0.159825
0.610493 -0.10141 0.159825
0.670077 0.0551921 0.164626
0.610493 -0.106304 0.159825
0.610495 -0.14056 0.159825
0.675053 -0.174813 0.0782055
0.610495 -0.150347 0.159825
0.645251 -0.0231086 0.0782055
0.719742 -0.0818302 0.198234
0.610495 -0.155241 0.159825
0.610487 0.0502958 0.0878078
0.764437 -0.135659 0.198234
0.610496 -0.160135 0.159825
0.610487 0.0551896 0.0830066
0.759463 0.0551959 0.198234
0.610496 -0.165028 0.159825
0.764439 -0.174809 0.155024
0.615462 -0.165028 0.0782055
0.610496 -0.169922 0.159825
0.680019 -0.174813 0.174229
0.62539 -0.0818343 0.0782055
0.610488 0.0307209 0.155024
0.709804 0.0551938 0.107012
0.610488 0.0258272 0.155024
0.754502 -0.0426789 0.0782055
0.610488 0.0160397 0.155024
0.610489 0.00135853 0.155024
0.610489 -0.00842893 0.155024
0.625394 -0.174815 0.107012
0.61049 -0.0182164 0.155024
0.699882 -0.174812 0.0926089
0.759473 -0.174809 0.0878078
0.61049 -0.0280039 0.155024
0.61049 -0.0328976 0.155024
0.610491 -0.042685 0.155024
0.610494 -0.111197 0.159825
0.754507 -0.17481 0.159825
0.625392 -0.135665 0.0782055
0.704848 -0.174812 0.121416
0.640288 -0.0916211 0.0782055
0.610491 -0.0475788 0.155024
0.610491 -0.0524725 0.155024
0.610491 -0.0573662 0.155024
0.7694 -0.0573595 0.0782055
0.620428 -0.174815 0.183831
0.610492 -0.0671537 0.155024
0.615454 0.0111462 0.0782055
0.610492 -0.0818349 0.155024
0.7694 -0.0573595 0.188632
0.610493 -0.0867286 0.155024
0.610493 -0.0916224 0.155024
0.610493 -0.0965161 0.155024
0.670077 0.0551921 0.193433
0.610493 -0.106304 0.155024
0.610494 -0.125878 0.155024
0.610494 -0.130772 0.155024
0.610495 -0.14056 0.155024
0.610493 -0.0916224 0.183831
0.719746 -0.174811 0.145422
0.610495 -0.155241 0.155024
0.675052 -0.150344 0.198234
0.610487 0.0502958 0.0830066
0.610496 -0.160135 0.155024
0.640284 -0.00353393 0.0782055
0.610487 0.0551896 0.150223
0.610487 0.0405084 0.150223
0.709804 0.0551938 0.102211
0.610488 0.0258272 0.150223
0.625385 0.040509 0.0782055
0.610488 0.0209335 0.150223
0.610488 0.0160397 0.150223
0.610489 0.00135853 0.150223
0.610489 -0.0035352 0.150223
0.610489 -0.00842893 0.150223
0.704842 -0.0231061 0.0782055
0.61049 -0.0182164 0.150223
0.675053 -0.174813 0.164626
0.635323 -0.111196 0.198234
0.61049 -0.0377913 0.150223
0.610491 -0.042685 0.150223
0.660154 -0.135664 0.198234
0.610491 -0.0475788 0.150223
0.610491 -0.0524725 0.150223
0.610491 -0.0573662 0.150223
0.610492 -0.06226 0.150223
0.610492 -0.0671537 0.150223
0.670078 0.0405109 0.0782055
0.610492 -0.0720474 0.150223
0.650223 -0.174814 0.169428
0.7694 -0.0573595 0.183831
0.610493 -0.0867286 0.150223
0.68498 -0.0671505 0.198234
0.610493 -0.0916224 0.150223
0.610495 -0.145453 0.150223
0.734644 -0.17481 0.150223
0.610496 -0.169922 0.150223
0.729678 -0.174811 0.0830066
0.610496 -0.174816 0.150223
0.744576 -0.17481 0.17903
0.650216 -0.00842724 0.198234
0.610487 0.0454021 0.145422
0.610488 0.0307209 0.145422
0.610488 0.0209335 0.145422
0.660153 -0.125876 0.0782055
0.610488 0.0160397 0.145422
0.640287 -0.057365 0.198234
0.610489 0.00625226 0.145422
0.610489 -0.0035352 0.145422
0.610489 -0.00842893 0.145422
0.610489 -0.0133227 0.145422
0.61049 -0.0182164 0.145422
0.675053 -0.174813 0.135819
0.65022 -0.0818332 0.198234
0.61049 -0.0280039 0.145422
0.769401 -0.0916156 0.193433
0.610494 -0.116091 0.193433
0.63035 0.0551904 0.0782055
0.645258 -0.174814 0.0878078
0.769401 -0.0867219 0.0878078
0.61049 -0.0328976 0.145422
0.61049 -0.0377913 0.145422
0.615454 0.0258274 0.198234
0.620427 -0.160134 0.198234
0.610491 -0.042685 0.145422
0.704848 -0.174812 0.17903
0.650221 -0.106302 0.198234
0.610491 -0.0524725 0.145422
0.680016 -0.111194 0.0782055
0.610492 -0.0671537 0.145422
0.655189 -0.174814 0.126217
0.620428 -0.174815 0.140621
0.610492 -0.0720474 0.145422
0.610492 -0.0769412 0.145422
0.610493 -0.0867286 0.145422
0.610493 -0.0916224 0.145422
0.635326 -0.169921 0.0782055
0.630352 0.0209343 0.0782055
0.610493 -0.10141 0.145422
0.739602 0.0111515 0.198234
0.625391 -0.0965154 0.198234
0.640292 -0.174815 0.150223
0.670077 0.0551921 0.17903
0.610493 -0.106304 0.145422
0.719746 -0.174811 0.0878078
0.610494 -0.120985 0.145422
0.665119 -0.120982 0.0782055
0.610494 -0.125878 0.145422
0.610494 -0.130772 0.145422
0.610495 -0.14056 0.145422
0.719746 -0.174811 0.155024
0.610495 -0.145453 0.145422
0.734644 -0.17481 0.155024
0.665113 0.0258295 0.0782055
0.615459 -0.0916221 0.198234
0.66512 -0.145451 0.0782055
0.660146 0.0454042 0.0782055
0.610495 -0.150347 0.145422
0.610495 -0.155241 0.145422
0.610496 -0.160135 0.145422
0.620428 -0.174815 0.0878078
0.655189 -0.174814 0.17903
0.610496 -0.165028 0.145422
0.610496 -0.174816 0.145422
0.610487 0.0551896 0.140621
0.640285 -0.00842766 0.0782055
0.610487 0.0502958 0.140621
0.640286 -0.0524712 0.0782055
0.610487 0.0405084 0.140621
0.670087 -0.16992 0.0782055
0.610488 0.0258272 0.140621
0.744576 -0.17481 0.0974101
0.610488 0.0160397 0.140621
0.610489 0.00625226 0.140621
0.73961 -0.17481 0.102211
0.610489 0.00135853 0.140621
0.610489 -0.0133227 0.140621
0.620425 -0.111197 0.0782055
0.61049 -0.0280039 0.140621
0.610494 -0.116091 0.183831
0.645258 -0.174814 0.0830066
0.769401 -0.0867219 0.0830066
0.61049 -0.0328976 0.140621
0.61049 -0.0377913 0.140621
0.610491 -0.0475788 0.140621
0.610491 -0.0573662 0.140621
0.610493 -0.0916224 0.140621
0.769401 -0.0769344 0.0782055
0.610493 -0.10141 0.140621
0.610493 -0.106304 0.140621
0.610494 -0.111197 0.140621
0.714772 0.0209379 0.0782055
0.719746 -0.174811 0.0782055
0.610494 -0.120985 0.140621
0.610494 -0.125878 0.140621
0.610494 -0.130772 0.140621
0.610495 -0.14056 0.140621
0.719746 -0.174811 0.140621
0.610495 -0.145453 0.140621
0.734644 -0.17481 0.135819
0.610495 -0.150347 0.140621
0.699873 0.0551934 0.17903
0.610495 -0.155241 0.140621
0.610496 -0.160135 0.140621
0.769404 -0.140553 0.0830066
0.610496 -0.174816 0.140621
0.610487 0.0502958 0.135819
0.729677 -0.155236 0.0782055
0.610487 0.0405084 0.135819
0.610487 0.0356146 0.135819
0.744576 -0.17481 0.155024
0.610488 0.0307209 0.135819
0.744566 0.0551953 0.0782055
0.610496 -0.174816 0.0878078
0.744576 -0.17481 0.102211
0.610488 0.0160397 0.135819
0.610488 0.011146 0.135819
0.610489 0.00135853 0.135819
0.640286 -0.03779 0.198234
0.610489 -0.0035352 0.135819
0.610489 -0.00842893 0.135819
0.724702 0.0503007 0.0782055
0.625394 -0.174815 0.0926089
0.709808 -0.0231059 0.198234
0.610489 -0.0133227 0.135819
0.744567 0.0307266 0.0782055
0.61049 -0.0231101 0.135819
0.709806 0.016044 0.198234
0.61049 -0.0280039 0.135819
0.754507 -0.165022 0.198234
0.670078 0.0307235 0.198234
0.61049 -0.0377913 0.135819
0.675051 -0.120982 0.198234
0.610491 -0.0475788 0.135819
0.610491 -0.0573662 0.135819
0.610492 -0.06226 0.135819
0.610492 -0.0769412 0.135819
0.610493 -0.0916224 0.135819
0.734639 -0.0622547 0.0782055
0.759473 -0.174809 0.0926089
0.610494 -0.111197 0.135819
0.719746 -0.174811 0.0974101
0.73464 -0.0818296 0.0782055
0.610494 -0.120985 0.135819
0.610494 -0.125878 0.135819
0.620428 -0.165028 0.0782055
0.615453 0.0307211 0.0782055
0.714771 0.0454065 0.198234
0.719745 -0.150342 0.198234
0.660155 -0.174814 0.150223
0.610494 -0.130772 0.135819
0.660146 0.0405105 0.198234
0.66512 -0.155239 0.198234
0.610495 -0.135666 0.135819
0.610495 -0.14056 0.135819
0.610495 -0.145453 0.135819
0.640292 -0.174815 0.102211
0.610495 -0.150347 0.135819
0.719742 -0.0818302 0.0782055
0.610495 -0.155241 0.135819
0.610496 -0.160135 0.135819
0.645252 -0.0328961 0.0782055
0.610496 -0.165028 0.135819
0.764439 -0.174809 0.17903
0.610496 -0.174816 0.135819
0.625389 -0.0573656 0.0782055
0.610487 0.0551896 0.131018
0.610487 0.0502958 0.131018
0.610487 0.0454021 0.131018
0.610487 0.0405084 0.131018
0.699882 -0.174812 0.17903
0.610488 0.0258272 0.131018
0.610488 0.0160397 0.131018
0.610488 0.011146 0.131018
0.610489 0.00625226 0.131018
0.769401 -0.0916156 0.135819
0.645258 -0.174814 0.121416
0.610489 -0.0035352 0.131018
0.61049 -0.0182164 0.131018
0.61049 -0.0280039 0.131018
0.729672 -0.0328925 0.198234
0.61049 -0.0328976 0.131018
0.61049 -0.0377913 0.131018
0.610491 -0.042685 0.131018
0.704848 -0.174812 0.145422
0.610494 -0.111197 0.183831
0.754507 -0.17481 0.135819
0.610491 -0.0524725 0.131018
0.645255 -0.11609 0.0782055
0.610492 -0.0671537 0.131018
0.615453 0.0454023 0.198234
0.620426 -0.130772 0.198234
0.610492 -0.0720474 0.131018
0.769397 0.0209402 0.188632
0.650223 -0.174814 0.174229
0.714771 0.0503003 0.198234
0.719745 -0.145449 0.198234
0.610492 -0.0769412 0.131018
0.7694 -0.0573595 0.116615
0.610493 -0.0867286 0.131018
0.610493 -0.0916224 0.131018
0.759473 -0.174809 0.0974101
0.610494 -0.111197 0.131018
0.610494 -0.116091 0.131018
0.610494 -0.125878 0.131018
0.660155 -0.174814 0.140621
0.610495 -0.145453 0.131018
0.699873 0.0551934 0.164626
0.610495 -0.155241 0.131018
0.610496 -0.160135 0.131018
0.655189 -0.174814 0.193433
0.610496 -0.165028 0.131018
0.620425 -0.106303 0.198234
0.610491 -0.0475788 0.0974101
0.764439 -0.174809 0.111814
0.640284 -0.00353393 0.198234
0.610487 0.0551896 0.126217
0.610495 -0.150347 0.121416
0.610487 0.0502958 0.126217
0.610487 0.0454021 0.126217
0.610487 0.0405084 0.126217
0.610487 0.0356146 0.126217
0.660151 -0.0867265 0.0782055
0.610488 0.0307209 0.126217
0.610488 0.0258272 0.126217
0.610488 0.0209335 0.126217
0.610488 0.011146 0.126217
0.610489 -0.0035352 0.126217
0.610489 -0.00842893 0.126217
0.625394 -0.174815 0.126217
0.684981 -0.0965129 0.198234
0.610489 -0.0133227 0.126217
0.61049 -0.0182164 0.126217
0.734643 -0.155236 0.198234
0.709808 -0.0377871 0.0782055
0.675053 -0.174813 0.140621
0.610494 -0.111197 0.111814
0.759473 -0.174809 0.116615
0.61049 -0.0280039 0.126217
0.61049 -0.0377913 0.126217
0.610491 -0.042685 0.126217
0.665114 -0.00353287 0.0782055
0.610491 -0.0475788 0.126217
0.610491 -0.0524725 0.126217
0.610492 -0.06226 0.126217
0.719745 -0.140555 0.198234
0.610492 -0.0720474 0.126217
0.650223 -0.174814 0.193433
0.769403 -0.135659 0.0926089
0.610492 -0.0818349 0.126217
0.7694 -0.0573595 0.111814
0.610493 -0.0867286 0.126217
0.610493 -0.0916224 0.126217
0.63035 0.0551904 0.17903
0.769403 -0.135659 0.116615
0.610494 -0.116091 0.126217
0.744572 -0.0916166 0.0782055
0.610494 -0.125878 0.126217
0.610494 -0.130772 0.126217
0.744572 -0.0867229 0.0782055
0.610495 -0.135666 0.126217
0.610495 -0.145453 0.126217
0.610496 -0.160135 0.126217
0.764429 0.0551961 0.102211
0.610496 -0.165028 0.126217
0.610491 -0.0475788 0.102211
0.754507 -0.165022 0.0782055
0.764439 -0.174809 0.116615
0.610496 -0.169922 0.126217
0.63036 -0.174815 0.159825
0.769404 -0.140553 0.183831
0.610496 -0.174816 0.126217
0.610487 0.0551896 0.121416
0.610487 0.0454021 0.121416
0.610487 0.0356146 0.121416
0.744576 -0.17481 0.0878078
0.610488 0.0160397 0.121416
0.610488 0.011146 0.121416
0.610489 0.00625226 0.121416
0.610489 0.00135853 0.121416
0.694912 -0.0720438 0.0782055
0.610489 -0.0035352 0.121416
0.610489 -0.00842893 0.121416
0.625394 -0.174815 0.121416
0.61049 -0.0182164 0.121416
0.610495 -0.155241 0.116615
0.675053 -0.174813 0.111814
0.61049 -0.0328976 0.121416
0.610491 -0.042685 0.121416
0.704848 -0.174812 0.107012
0.610491 -0.0573662 0.121416
0.610492 -0.0671537 0.121416
0.680013 -0.0328946 0.198234
0.610492 -0.0769412 0.121416
0.714776 -0.0867242 0.198234
0.615462 -0.174816 0.0926089
0.769403 -0.135659 0.0878078
0.610492 -0.0818349 0.121416
0.610493 -0.0867286 0.121416
0.610493 -0.0916224 0.121416
0.610493 -0.0965161 0.121416
0.670087 -0.174813 0.107012
0.610493 -0.106304 0.121416
0.769403 -0.135659 0.135819
0.63035 0.0551904 0.198234
0.610494 -0.116091 0.121416
0.610494 -0.130772 0.121416
0.610495 -0.155241 0.121416
0.610487 0.0551896 0.116615
0.719741 -0.0524679 0.198234
0.610495 -0.150347 0.116615
0.640285 -0.00842766 0.198234
0.610487 0.0502958 0.116615
0.610487 0.0405084 0.116615
0.640289 -0.111196 0.0782055
0.610487 0.0356146 0.116615
0.660151 -0.0818328 0.0782055
0.625386 0.0111466 0.0782055
0.610488 0.0258272 0.116615
0.610488 0.0209335 0.116615
0.610488 0.011146 0.116615
0.610489 0.00135853 0.116615
0.665111 0.0551919 0.0878078
0.684982 -0.1063 0.0782055
0.610489 -0.0133227 0.116615
0.61049 -0.0231101 0.116615
0.739606 -0.0818294 0.0782055
0.684985 -0.174813 0.0974101
0.61049 -0.0280039 0.116615
0.610494 -0.116091 0.159825
0.645258 -0.174814 0.107012
0.61049 -0.0377913 0.116615
0.610491 -0.0524725 0.116615
0.610491 -0.0573662 0.116615
0.645255 -0.120983 0.0782055
0.610492 -0.06226 0.116615
0.670078 0.0307235 0.0782055
0.610492 -0.0769412 0.116615
0.615462 -0.174816 0.0974101
0.769403 -0.135659 0.0830066
0.610492 -0.0818349 0.116615
0.610493 -0.0867286 0.116615
0.769401 -0.0769344 0.102211
0.610493 -0.10141 0.116615
0.610494 -0.111197 0.116615
0.63035 0.0551904 0.159825
0.67008 0.00136107 0.0782055
0.610494 -0.116091 0.116615
0.610494 -0.125878 0.116615
0.660155 -0.174814 0.169428
0.610494 -0.130772 0.116615
0.610495 -0.135666 0.116615
0.610495 -0.14056 0.116615
0.610495 -0.145453 0.116615
0.694907 0.0502994 0.198234
0.610496 -0.160135 0.116615
0.610496 -0.165028 0.116615
0.610496 -0.169922 0.116615
0.63036 -0.174815 0.155024
0.610496 -0.174816 0.116615
0.610487 0.0502958 0.111814
0.610487 0.0454021 0.111814
0.709806 0.0258314 0.198234
0.610487 0.0356146 0.111814
0.610488 0.0209335 0.111814
0.610489 -0.0035352 0.111814
0.610489 -0.00842893 0.111814
0.625394 -0.174815 0.164626
0.665111 0.0551919 0.0926089
0.610489 -0.0133227 0.111814
0.61049 -0.0182164 0.111814
0.759473 -0.174809 0.150223
0.675053 -0.174813 0.131018
0.61049 -0.0231101 0.111814
0.61049 -0.0280039 0.111814
0.769401 -0.0867219 0.150223
0.61049 -0.0328976 0.111814
0.61049 -0.0377913 0.111814
0.684981 -0.0916192 0.0782055
0.610491 -0.0524725 0.111814
0.610492 -0.06226 0.111814
0.610492 -0.0671537 0.111814
0.610493 -0.0965161 0.0782055
0.689941 0.0405118 0.198234
0.620428 -0.174815 0.145422
0.610492 -0.0720474 0.111814
0.7694 -0.0573595 0.131018
0.675045 0.00136128 0.198234
0.680017 -0.140557 0.198234
0.610493 -0.0867286 0.111814
0.610493 -0.0965161 0.111814
0.764438 -0.145447 0.198234
0.759464 0.035621 0.198234
0.670087 -0.174813 0.0926089
0.769401 -0.0769344 0.0974101
0.610493 -0.10141 0.111814
0.769405 -0.174809 0.0926089
0.769403 -0.135659 0.131018
0.610494 -0.116091 0.111814
0.729676 -0.12098 0.0782055
0.610494 -0.130772 0.111814
0.610495 -0.14056 0.111814
0.610495 -0.150347 0.111814
0.610495 -0.155241 0.111814
0.610496 -0.160135 0.111814
0.610496 -0.165028 0.111814
0.684983 -0.130769 0.198234
0.610496 -0.169922 0.111814
0.63036 -0.174815 0.150223
0.610487 0.0551896 0.107012
0.610487 0.0502958 0.107012
0.610487 0.0454021 0.107012
0.754505 -0.116085 0.0782055
0.610487 0.0405084 0.107012
0.759473 -0.174809 0.145422
0.610494 -0.111197 0.0830066
0.699882 -0.174812 0.107012
0.610487 0.0356146 0.107012
0.635326 -0.174815 0.135819
0.610488 0.0307209 0.107012
0.709804 0.0551938 0.155024
0.610488 0.0258272 0.107012
0.610488 0.011146 0.107012
0.610489 0.00625226 0.107012
0.72471 -0.12098 0.0782055
0.73961 -0.17481 0.0926089
0.610489 0.00135853 0.107012
0.610489 -0.0035352 0.107012
0.610489 -0.00842893 0.107012
0.625394 -0.174815 0.155024
0.665111 0.0551919 0.0974101
0.610489 -0.0133227 0.107012
0.640287 -0.0622587 0.0782055
0.615453 0.050296 0.198234
0.620426 -0.135666 0.198234
0.61049 -0.0182164 0.107012
0.699882 -0.174812 0.140621
0.615457 -0.0426848 0.0782055
0.759473 -0.174809 0.135819
0.61049 -0.0231101 0.107012
0.684985 -0.174813 0.111814
0.694913 -0.0965125 0.198234
0.61049 -0.0280039 0.107012
0.61049 -0.0377913 0.107012
0.610491 -0.042685 0.107012
0.704848 -0.174812 0.169428
0.610491 -0.0524725 0.107012
0.610491 -0.0573662 0.107012
0.615455 0.00135874 0.198234
0.719745 -0.140555 0.0782055
0.610492 -0.0671537 0.107012
0.610492 -0.0769412 0.107012
0.610494 -0.116091 0.0830066
0.754506 -0.140554 0.0782055
0.610492 -0.0818349 0.107012
0.7694 -0.0573595 0.140621
0.620428 -0.174815 0.193433
0.610493 -0.0867286 0.107012
0.610493 -0.0916224 0.107012
0.620428 -0.174815 0.0782055
0.615453 0.0405086 0.0782055
0.610493 -0.0965161 0.107012
0.739601 0.0356201 0.0782055
0.670087 -0.174813 0.0974101
0.610493 -0.10141 0.107012
0.769405 -0.174809 0.102211
0.610494 -0.120985 0.107012
0.610494 -0.125878 0.107012
0.615453 0.0356149 0.198234
0.620428 -0.169922 0.198234
0.660155 -0.174814 0.164626
0.610495 -0.135666 0.107012
0.68498 -0.0671505 0.0782055
0.610494 -0.120985 0.126217
0.719746 -0.174811 0.0926089
0.610495 -0.14056 0.107012
0.724706 -0.0328927 0.198234
0.610496 -0.160135 0.107012
0.610496 -0.174816 0.107012
0.610487 0.0454021 0.102211
0.610487 0.0405084 0.102211
0.610487 0.0356146 0.102211
0.610488 0.0307209 0.102211
0.709804 0.0551938 0.150223
0.610488 0.0258272 0.102211
0.610488 0.0209335 0.102211
0.610488 0.011146 0.102211
0.665111 0.0551919 0.102211
0.610489 -0.0133227 0.102211
0.61049 -0.0231101 0.102211
0.61049 -0.0377913 0.102211
0.610492 -0.0720474 0.102211
0.610492 -0.0769412 0.102211
0.7694 -0.0573595 0.135819
0.610493 -0.0867286 0.102211
0.610493 -0.0916224 0.102211
0.610493 -0.0965161 0.102211
0.769401 -0.0769344 0.0926089
0.610493 -0.10141 0.102211
0.769405 -0.174809 0.0974101
0.610493 -0.106304 0.102211
0.699882 -0.174812 0.102211
0.610494 -0.111197 0.102211
0.63035 0.0551904 0.155024
0.769403 -0.135659 0.140621
0.610492 -0.0818349 0.0782055
0.645258 -0.174814 0.164626
0.610494 -0.116091 0.102211
0.610494 -0.120985 0.102211
0.610494 -0.125878 0.102211
0.610494 -0.130772 0.102211
0.610495 -0.14056 0.102211
0.610495 -0.145453 0.102211
0.610495 -0.150347 0.102211
0.729675 -0.116086 0.198234
0.610496 -0.160135 0.102211
0.694907 0.0551932 0.131018
0.610496 -0.165028 0.102211
0.610496 -0.169922 0.102211
0.610487 0.0502958 0.0974101
0.660149 -0.0280017 0.0782055
0.769396 0.0258339 0.0782055
0.610487 0.0454021 0.0974101
0.610487 0.0405084 0.0974101
0.759473 -0.174809 0.155024
0.699882 -0.174812 0.169428
0.610487 0.0356146 0.0974101
0.709804 0.0551938 0.121416
0.610488 0.0258272 0.0974101
0.675051 -0.135663 0.0782055
0.665114 -0.0084266 0.198234
0.744576 -0.17481 0.0926089
0.610488 0.0209335 0.0974101
0.709808 -0.0182122 0.0782055
0.744576 -0.17481 0.111814
0.610488 0.0160397 0.0974101
0.610488 0.011146 0.0974101
0.620425 -0.111197 0.198234
0.610489 0.00625226 0.0974101
0.660151 -0.076939 0.0782055
0.610489 -0.0035352 0.0974101
0.610489 -0.00842893 0.0974101
0.625394 -0.174815 0.0974101
0.61049 -0.0231101 0.0974101
0.769401 -0.0867219 0.135819
0.61049 -0.0328976 0.0974101
0.610491 -0.042685 0.0974101
0.694914 -0.120981 0.0782055
0.610491 -0.0524725 0.0974101
0.610492 -0.06226 0.0974101
0.610492 -0.0671537 0.0974101
0.655189 -0.174814 0.174229
0.660155 -0.165026 0.0782055
0.620428 -0.174815 0.0926089
0.610492 -0.0769412 0.0974101
0.63035 0.0551904 0.174229
0.769403 -0.135659 0.159825
0.610494 -0.116091 0.0974101
0.645258 -0.174814 0.183831
0.610492 -0.0818349 0.0974101
0.650214 0.0551913 0.159825
0.689942 0.0258306 0.198234
0.71478 -0.174811 0.159825
0.620428 -0.174815 0.17903
0.610493 -0.0867286 0.0974101
0.610493 -0.0916224 0.0974101
0.610493 -0.10141 0.0974101
0.610494 -0.120985 0.0974101
0.615461 -0.145453 0.0782055
0.610494 -0.130772 0.0974101
0.610495 -0.135666 0.0974101
0.610495 -0.150347 0.0974101
0.610495 -0.155241 0.0974101
0.694907 0.0551932 0.150223
0.610496 -0.165028 0.0974101
0.610496 -0.174816 0.0974101
0.610487 0.0551896 0.0926089
0.655189 -0.174814 0.0974101
0.670081 -0.0231076 0.198234
0.610487 0.0454021 0.0926089
0.610487 0.0405084 0.0926089
0.610488 0.0258272 0.0926089
0.610488 0.0209335 0.0926089
0.660155 -0.16992 0.0782055
0.610488 0.011146 0.0926089
0.610489 0.00625226 0.0926089
0.640288 -0.0769399 0.198234
0.610489 -0.0133227 0.0926089
0.61049 -0.0182164 0.0926089
0.699882 -0.174812 0.131018
0.759473 -0.174809 0.169428
0.610491 -0.042685 0.0926089
0.640288 -0.0867274 0.198234
0.764439 -0.174809 0.107012
0.610491 -0.0475788 0.0926089
0.714771 0.0405128 0.0782055
0.729671 -0.0182113 0.198234
0.610492 -0.06226 0.0926089
0.610492 -0.0671537 0.0926089
0.610492 -0.0720474 0.0926089
0.610493 -0.0965161 0.0926089
0.769401 -0.0769344 0.126217
0.610493 -0.10141 0.0926089
0.610493 -0.106304 0.0926089
0.630352 0.0111468 0.198234
0.610494 -0.111197 0.0926089
0.680015 -0.0769382 0.198234
0.610494 -0.116091 0.0926089
0.714773 0.00136297 0.198234
0.610494 -0.120985 0.0926089
0.610494 -0.130772 0.0926089
0.61546 -0.125878 0.0782055
0.610495 -0.135666 0.0926089
0.610495 -0.14056 0.0926089
0.610495 -0.145453 0.0926089
0.640292 -0.174815 0.0974101
0.610496 -0.174816 0.0926089
0.744574 -0.150341 0.0782055
0.610487 0.0405084 0.0878078
0.709804 0.0551938 0.164626
0.610488 0.0258272 0.0878078
0.610488 0.0160397 0.111814
0.704842 -0.0279998 0.198234
0.640291 -0.165027 0.0782055
0.744576 -0.17481 0.126217
0.739601 0.0258327 0.198234
0.610488 0.0160397 0.0878078
0.610488 0.011146 0.0878078
0.610489 0.00625226 0.0878078
0.73961 -0.17481 0.121416
0.709805 0.0405126 0.198234
0.610489 -0.0035352 0.0878078
0.610489 -0.0133227 0.0878078
0.61049 -0.0231101 0.0878078
0.640292 -0.174815 0.121416
0.61049 -0.0280039 0.0878078
0.769401 -0.0867219 0.126217
0.61049 -0.0328976 0.0878078
0.610491 -0.0573662 0.0878078
0.610492 -0.0720474 0.0878078
0.610493 -0.0916224 0.0878078
0.610493 -0.106304 0.0878078
0.769403 -0.135659 0.155024
0.645258 -0.174814 0.17903
0.610492 -0.0818349 0.0926089
0.610494 -0.116091 0.0878078
0.610495 -0.145453 0.0878078
0.610495 -0.150347 0.0878078
0.610496 -0.165028 0.0878078
0.64525 0.00136001 0.198234
0.610496 -0.169922 0.0878078
0.610488 0.0307209 0.0830066
0.610488 0.0258272 0.0830066
0.704839 0.0551936 0.131018
0.610488 0.0209335 0.0830066
0.610489 0.00625226 0.0830066
0.73961 -0.17481 0.116615
0.610489 -0.0133227 0.0830066
0.640288 -0.0818336 0.198234
0.61049 -0.0182164 0.0830066
0.699882 -0.174812 0.164626
0.759473 -0.174809 0.159825
0.759467 -0.0279975 0.0782055
0.61049 -0.0280039 0.0830066
0.61049 -0.0328976 0.0830066
0.610491 -0.042685 0.0830066
0.704848 -0.174812 0.193433
0.610491 -0.0573662 0.0830066
0.675045 0.0160425 0.198234
0.610492 -0.0671537 0.0830066
0.610494 -0.116091 0.107012
0.610492 -0.0818349 0.0830066
0.754506 -0.150341 0.0782055
0.610493 -0.0916224 0.0830066
0.610493 -0.0965161 0.0830066
0.670087 -0.174813 0.121416
0.610493 -0.10141 0.0830066
0.764431 0.0160463 0.0782055
0.769405 -0.174809 0.126217
0.610493 -0.106304 0.0830066
0.610494 -0.120985 0.0830066
0.610495 -0.135666 0.0830066
0.610492 -0.06226 0.198234
0.660155 -0.174814 0.107012
0.610495 -0.14056 0.0830066
0.694916 -0.165025 0.0782055
0.719746 -0.174811 0.169428
0.610496 -0.160135 0.0830066
0.665115 -0.0280015 0.198234
0.615456 -0.0328974 0.198234
0.610496 -0.165028 0.0830066
0.665116 -0.0426827 0.198234
0.610496 -0.169922 0.0830066
0.620422 -0.0426846 0.0782055
0.640284 0.016041 0.198234
0.63036 -0.174815 0.164626
0.63036 -0.174815 0.193433
0.635326 -0.174815 0.193433
0.645258 -0.174814 0.193433
0.670087 -0.174813 0.193433
0.675053 -0.174813 0.193433
0.7694 -0.047572 0.198234
0.680019 -0.174813 0.193433
0.684985 -0.174813 0.193433
0.749532 0.0551955 0.169428
0.769397 0.0111528 0.111814
0.635317 0.0209345 0.0782055
0.650223 -0.174814 0.102211
0.694917 -0.174812 0.193433
0.675048 -0.0573635 0.0782055
0.709814 -0.174812 0.193433
0.650214 0.0551913 0.126217
0.71478 -0.174811 0.193433
0.719746 -0.174811 0.193433
0.724712 -0.174811 0.193433
0.73961 -0.17481 0.193433
0.744576 -0.17481 0.193433
0.754507 -0.17481 0.193433
0.764439 -0.174809 0.193433
0.769405 -0.174809 0.193433
0.625394 -0.174815 0.188632
0.660155 -0.174814 0.188632
0.734635 0.0405137 0.198234
0.665121 -0.174813 0.188632
0.635326 -0.174815 0.169428
0.670087 -0.174813 0.188632
0.689951 -0.174812 0.188632
0.635326 -0.174815 0.121416
0.699882 -0.174812 0.188632
0.704848 -0.174812 0.188632
0.709814 -0.174812 0.188632
0.719746 -0.174811 0.188632
0.724712 -0.174811 0.188632
0.610488 0.0160397 0.116615
0.744576 -0.17481 0.121416
0.729678 -0.174811 0.188632
0.769404 -0.15034 0.0926089
0.684985 -0.174813 0.0782055
0.749541 -0.17481 0.188632
0.635326 -0.174815 0.0974101
0.610493 -0.10141 0.121416
0.754507 -0.17481 0.188632
0.769401 -0.0818281 0.169428
0.759473 -0.174809 0.188632
0.769405 -0.174809 0.188632
0.615462 -0.174816 0.183831
0.63036 -0.174815 0.183831
0.769401 -0.0818281 0.111814
0.635326 -0.174815 0.183831
0.640292 -0.174815 0.183831
0.749541 -0.17481 0.102211
0.694909 0.00136212 0.198234
0.684985 -0.174813 0.183831
0.699882 -0.174812 0.183831
0.719746 -0.174811 0.183831
0.729678 -0.174811 0.183831
0.660147 0.0209356 0.198234
0.665121 -0.16992 0.198234
0.734644 -0.17481 0.183831
0.73961 -0.17481 0.183831
0.744576 -0.17481 0.183831
0.759473 -0.174809 0.183831
0.620418 0.05519 0.150223
0.769405 -0.174809 0.183831
0.625394 -0.174815 0.17903
0.769401 -0.0818281 0.102211
0.635326 -0.174815 0.17903
0.640292 -0.174815 0.17903
0.660155 -0.174814 0.17903
0.670087 -0.174813 0.17903
0.749541 -0.155235 0.198234
0.744567 0.0356204 0.198234
0.675053 -0.174813 0.17903
0.749532 0.0551955 0.155024
0.694917 -0.174812 0.17903
0.71478 -0.174811 0.17903
0.610493 -0.10141 0.135819
0.754507 -0.17481 0.17903
0.769401 -0.0818281 0.164626
0.759473 -0.174809 0.17903
0.769405 -0.174809 0.17903
0.615462 -0.174816 0.174229
0.655189 -0.174814 0.140621
0.620428 -0.174815 0.174229
0.640292 -0.174815 0.174229
0.769403 -0.125872 0.131018
0.665121 -0.174813 0.174229
0.675053 -0.174813 0.174229
0.709814 -0.174812 0.174229
0.650214 0.0551913 0.131018
0.71478 -0.174811 0.174229
0.684975 0.0551927 0.198234
0.724712 -0.174811 0.174229
0.764439 -0.174809 0.174229
0.665117 -0.0720451 0.0782055
0.769399 -0.0231034 0.198234
0.71478 -0.169918 0.198234
0.625394 -0.174815 0.169428
0.665113 0.0209358 0.0782055
0.640292 -0.174815 0.169428
0.63035 0.0551904 0.164626
0.769403 -0.135659 0.145422
0.645258 -0.174814 0.169428
0.655189 -0.174814 0.169428
0.610495 -0.155241 0.0782055
0.675053 -0.174813 0.169428
0.684985 -0.174813 0.169428
0.689951 -0.174812 0.169428
0.709814 -0.174812 0.169428
0.684982 -0.101407 0.0782055
0.754502 -0.0426789 0.198234
0.759469 -0.0867223 0.0782055
0.729678 -0.174811 0.169428
0.7694 -0.047572 0.0878078
0.680019 -0.174813 0.111814
0.744576 -0.17481 0.169428
0.635326 -0.174815 0.102211
0.61546 -0.120985 0.0782055
0.610494 -0.111197 0.150223
0.754507 -0.17481 0.169428
0.729677 -0.165023 0.198234
0.764439 -0.174809 0.169428
0.620418 0.05519 0.188632
0.769405 -0.174809 0.169428
0.769401 -0.0818281 0.116615
0.635326 -0.174815 0.164626
0.640292 -0.174815 0.164626
0.670081 -0.032895 0.198234
0.694917 -0.174812 0.164626
0.709814 -0.174812 0.164626
0.650214 0.0551913 0.140621
0.71478 -0.174811 0.164626
0.724712 -0.174811 0.164626
0.640288 -0.0769399 0.0782055
0.729678 -0.174811 0.164626
0.7694 -0.047572 0.0830066
0.680019 -0.174813 0.102211
0.754507 -0.17481 0.164626
0.704848 -0.174812 0.150223
0.620418 0.05519 0.193433
0.769405 -0.174809 0.164626
0.62042 0.0209339 0.0782055
0.615462 -0.174816 0.159825
0.625394 -0.174815 0.159825
0.670087 -0.174813 0.159825
0.7694 -0.047572 0.135819
0.680019 -0.174813 0.159825
0.689951 -0.174812 0.159825
0.699882 -0.174812 0.159825
0.709814 -0.174812 0.159825
0.729678 -0.174811 0.159825
0.7694 -0.047572 0.0782055
0.680019 -0.174813 0.121416
0.744576 -0.17481 0.159825
0.620428 -0.174815 0.159825
0.655189 -0.174814 0.155024
0.665121 -0.174813 0.155024
0.680019 -0.174813 0.155024
0.689951 -0.174812 0.155024
0.749532 0.0551955 0.131018
0.694917 -0.174812 0.155024
0.704844 -0.0818309 0.0782055
0.704848 -0.174812 0.155024
0.729678 -0.174811 0.155024
0.749541 -0.17481 0.155024
0.769405 -0.174809 0.155024
0.625394 -0.174815 0.150223
0.635326 -0.174815 0.150223
0.769401 -0.0916156 0.164626
0.670079 0.0111485 0.198234
0.645258 -0.174814 0.150223
0.714772 0.0062567 0.0782055
0.620428 -0.174815 0.164626
0.655189 -0.174814 0.150223
0.665121 -0.174813 0.150223
0.675053 -0.174813 0.150223
0.699882 -0.174812 0.0974101
0.610494 -0.111197 0.0974101
0.759473 -0.174809 0.0830066
0.7694 -0.047572 0.131018
0.680019 -0.174813 0.150223
0.724709 -0.101405 0.198234
0.689951 -0.174812 0.150223
0.719738 0.0111506 0.198234
0.694917 -0.174812 0.150223
0.709814 -0.174812 0.150223
0.684975 0.0551927 0.0782055
0.739609 -0.150342 0.198234
0.724712 -0.174811 0.150223
0.729678 -0.174811 0.150223
0.680019 -0.174813 0.116615
0.73961 -0.17481 0.150223
0.749541 -0.17481 0.150223
0.610494 -0.111197 0.169428
0.754507 -0.17481 0.150223
0.769405 -0.174809 0.150223
0.660155 -0.174814 0.145422
0.684985 -0.174813 0.150223
0.749541 -0.17481 0.116615
0.665121 -0.174813 0.145422
0.670087 -0.174813 0.145422
0.7694 -0.047572 0.150223
0.754506 -0.145447 0.0782055
0.680019 -0.174813 0.145422
0.729678 -0.174811 0.135819
0.70981 -0.0818307 0.198234
0.684985 -0.174813 0.145422
0.689951 -0.174812 0.145422
0.640287 -0.0720462 0.198234
0.729678 -0.174811 0.145422
0.680019 -0.174813 0.135819
0.610488 0.0160397 0.188632
0.744576 -0.17481 0.145422
0.749541 -0.17481 0.145422
0.769401 -0.0769344 0.17903
0.610494 -0.111197 0.174229
0.754507 -0.17481 0.145422
0.764439 -0.174809 0.145422
0.635326 -0.174815 0.140621
0.63035 0.0551904 0.0830066
0.769401 -0.0916156 0.150223
0.645258 -0.174814 0.140621
0.7694 -0.047572 0.140621
0.680019 -0.174813 0.140621
0.689951 -0.174812 0.140621
0.694917 -0.174812 0.140621
0.665118 -0.101407 0.198234
0.704848 -0.174812 0.140621
0.650214 0.0551913 0.164626
0.71478 -0.174811 0.140621
0.729678 -0.174811 0.140621
0.7694 -0.047572 0.155024
0.680019 -0.174813 0.126217
0.73961 -0.17481 0.140621
0.764439 -0.174809 0.140621
0.714776 -0.072043 0.198234
0.615462 -0.174816 0.135819
0.63036 -0.174815 0.135819
0.684976 0.0258304 0.0782055
0.61049 -0.0280039 0.0974101
0.640292 -0.174815 0.135819
0.620428 -0.174815 0.155024
0.655189 -0.174814 0.135819
0.754504 -0.0916162 0.0782055
0.665121 -0.174813 0.135819
0.724705 -0.00842407 0.198234
0.689951 -0.174812 0.135819
0.689943 0.00625564 0.198234
0.699882 -0.174812 0.135819
0.704848 -0.174812 0.135819
0.754507 -0.17481 0.131018
0.709814 -0.174812 0.135819
0.650214 0.0551913 0.183831
0.71478 -0.174811 0.135819
0.759472 -0.140553 0.198234
0.610493 -0.0916224 0.17903
0.719746 -0.174811 0.135819
0.684975 0.0551927 0.140621
0.724712 -0.174811 0.135819
0.744576 -0.17481 0.135819
0.754507 -0.17481 0.198234
0.635326 -0.174815 0.0926089
0.645257 -0.155239 0.198234
0.620428 -0.174815 0.131018
0.680018 -0.160132 0.0782055
0.675045 0.0209362 0.0782055
0.63036 -0.174815 0.131018
0.635326 -0.174815 0.131018
0.699878 -0.0818311 0.0782055
0.650223 -0.174814 0.131018
0.660155 -0.174814 0.131018
0.665121 -0.174813 0.131018
0.680019 -0.174813 0.131018
0.694917 -0.174812 0.131018
0.709814 -0.174812 0.131018
0.71478 -0.174811 0.131018
0.719746 -0.174811 0.131018
0.684975 0.0551927 0.145422
0.724703 0.045407 0.0782055
0.724712 -0.174811 0.131018
0.734644 -0.17481 0.131018
0.73961 -0.17481 0.131018
0.744576 -0.17481 0.131018
0.699882 -0.174812 0.145422
0.759473 -0.174809 0.131018
0.610495 -0.155241 0.0830066
0.675053 -0.174813 0.102211
0.764439 -0.174809 0.131018
0.769405 -0.174809 0.131018
0.630353 -0.0133218 0.0782055
0.615462 -0.174816 0.126217
0.655189 -0.174814 0.188632
0.620428 -0.174815 0.126217
0.635326 -0.174815 0.126217
0.660155 -0.174814 0.126217
0.680012 -0.0133197 0.0782055
0.665121 -0.174813 0.126217
0.709807 0.00136276 0.0782055
0.7396 0.0503013 0.0782055
0.670087 -0.174813 0.126217
0.610495 -0.155241 0.107012
0.675053 -0.174813 0.126217
0.680014 -0.0720445 0.198234
0.699882 -0.174812 0.121416
0.759473 -0.174809 0.107012
0.650214 0.0502975 0.198234
0.689951 -0.174812 0.126217
0.694917 -0.174812 0.126217
0.610494 -0.111197 0.0782055
0.699882 -0.174812 0.126217
0.709814 -0.174812 0.126217
0.719746 -0.174811 0.126217
0.684975 0.0551927 0.150223
0.724712 -0.174811 0.126217
0.72967 0.0160448 0.0782055
0.684985 -0.174813 0.159825
0.749541 -0.17481 0.126217
0.709807 -0.0084247 0.198234
0.610491 -0.0475788 0.111814
0.764439 -0.174809 0.126217
0.660155 -0.174814 0.121416
0.620425 -0.0916219 0.0782055
0.665121 -0.174813 0.121416
0.610495 -0.155241 0.126217
0.675053 -0.174813 0.121416
0.749536 -0.0475729 0.0782055
0.694917 -0.174812 0.121416
0.650214 0.0551913 0.198234
0.71478 -0.174811 0.121416
0.635325 -0.145452 0.0782055
0.630351 0.045403 0.0782055
0.610493 -0.0916224 0.159825
0.719746 -0.174811 0.121416
0.684975 0.0551927 0.155024
0.724712 -0.174811 0.121416
0.734644 -0.17481 0.121416
0.764439 -0.174809 0.121416
0.655189 -0.174814 0.198234
0.734639 -0.057361 0.198234
0.620428 -0.174815 0.116615
0.655189 -0.174814 0.116615
0.610492 -0.06226 0.188632
0.660155 -0.174814 0.116615
0.635319 -0.0182153 0.198234
0.665121 -0.174813 0.116615
0.684984 -0.160131 0.0782055
0.684985 -0.174813 0.116615
0.689951 -0.174812 0.116615
0.759473 -0.174809 0.111814
0.699882 -0.174812 0.116615
0.704848 -0.174812 0.116615
0.71478 -0.169918 0.0782055
0.709814 -0.174812 0.116615
0.684975 0.0551927 0.159825
0.724712 -0.174811 0.116615
0.615462 -0.174816 0.111814
0.63036 -0.174815 0.111814
0.769397 0.0111528 0.0974101
0.694917 -0.174812 0.159825
0.650223 -0.174814 0.111814
0.610492 -0.06226 0.183831
0.660155 -0.174814 0.111814
0.665121 -0.174813 0.111814
0.689951 -0.174812 0.111814
0.699882 -0.174812 0.111814
0.709814 -0.174812 0.111814
0.724712 -0.174811 0.111814
0.665114 -0.0133203 0.0782055
0.729678 -0.174811 0.111814
0.734644 -0.17481 0.111814
0.684985 -0.174813 0.155024
0.749541 -0.17481 0.111814
0.754507 -0.17481 0.111814
0.769405 -0.174809 0.111814
0.655189 -0.174814 0.107012
0.684985 -0.174813 0.107012
0.675049 -0.0916196 0.198234
0.689951 -0.174812 0.107012
0.709814 -0.174812 0.107012
0.615462 -0.174816 0.140621
0.724703 0.045407 0.198234
0.724712 -0.174811 0.107012
0.729678 -0.174811 0.107012
0.734644 -0.17481 0.107012
0.73961 -0.17481 0.107012
0.744576 -0.17481 0.107012
0.769401 -0.0769344 0.193433
0.754507 -0.17481 0.107012
0.769405 -0.174809 0.107012
0.655189 -0.174814 0.164626
0.699882 -0.165025 0.198234
0.620428 -0.174815 0.102211
0.670087 -0.174813 0.102211
0.694917 -0.174812 0.102211
0.610494 -0.120985 0.116615
0.719746 -0.174811 0.102211
0.630357 -0.11609 0.198234
0.724712 -0.174811 0.102211
0.729678 -0.174811 0.102211
0.704845 -0.0867246 0.198234
0.734644 -0.17481 0.102211
0.610491 -0.0475788 0.0878078
0.764439 -0.174809 0.102211
0.63035 0.0551904 0.140621
0.645258 -0.174814 0.0974101
0.694917 -0.174812 0.174229
0.650223 -0.174814 0.0974101
0.610495 -0.155241 0.102211
0.675053 -0.174813 0.0974101
0.7694 -0.047572 0.102211
0.680019 -0.174813 0.0974101
0.729678 -0.174811 0.0878078
0.734643 -0.165023 0.198234
0.729669 0.0356197 0.198234
0.704848 -0.174812 0.0974101
0.68001 0.0356176 0.0782055
0.754507 -0.17481 0.0878078
0.709814 -0.174812 0.0974101
0.724712 -0.174811 0.0974101
0.729678 -0.174811 0.0974101
0.680019 -0.174813 0.0878078
0.769404 -0.15034 0.116615
0.660148 0.00625438 0.0782055
0.734644 -0.17481 0.0974101
0.749532 0.0551955 0.135819
0.769397 0.0111528 0.0782055
0.650223 -0.174814 0.0926089
0.665121 -0.174813 0.0926089
0.709814 -0.174812 0.0926089
0.71478 -0.174811 0.0926089
0.615462 -0.174816 0.131018
0.724712 -0.174811 0.0926089
0.699876 -0.0182126 0.0782055
0.660148 0.00625438 0.198234
0.739605 -0.0769357 0.198234
0.684985 -0.174813 0.174229
0.749541 -0.17481 0.0926089
0.769401 -0.0769344 0.135819
0.635326 -0.169921 0.198234
0.630352 0.0209343 0.198234
0.754507 -0.17481 0.0926089
0.63036 -0.174815 0.0878078
0.665121 -0.174813 0.0878078
0.670087 -0.174813 0.0878078
0.625388 -0.0280032 0.0782055
0.635318 0.0160408 0.198234
0.694917 -0.174812 0.0878078
0.714772 0.0111504 0.198234
0.699882 -0.174812 0.0878078
0.709814 -0.174812 0.0878078
0.71478 -0.174811 0.0878078
0.684975 0.0551927 0.0926089
0.724712 -0.174811 0.0878078
0.684985 -0.174813 0.17903
0.749541 -0.17481 0.0878078
0.769405 -0.174809 0.0878078
0.615462 -0.174816 0.0830066
0.655189 -0.174814 0.159825
0.620428 -0.174815 0.0830066
0.665121 -0.174813 0.0830066
0.739608 -0.145448 0.198234
0.709814 -0.16013 0.0782055
0.689951 -0.174812 0.0830066
0.754506 -0.140554 0.198234
0.610494 -0.111197 0.107012
0.759473 -0.174809 0.121416
0.699882 -0.174812 0.0830066
0.704848 -0.174812 0.0830066
0.684975 0.0551927 0.0974101
0.724712 -0.174811 0.0830066
0.734644 -0.17481 0.0830066
0.73961 -0.17481 0.0830066
0.744576 -0.17481 0.0830066
0.749541 -0.17481 0.0830066
0.754503 -0.0818288 0.198234
0.764439 -0.174809 0.0830066
0.575379 0.113884 -0.0658523
0.580344 0.113884 -0.0658523
0.58531 0.113884 -0.0658523
0.590276 0.113884 -0.0658523
0.595242 0.113885 -0.0658523
0.61014 0.113885 -0.0658523
0.615106 0.113885 -0.0658523
0.630003 0.113886 -0.0658523
0.639935 0.113886 -0.0658523
0.649867 0.113887 -0.0658523
0.654833 0.113887 -0.0658523
0.659799 0.113887 -0.0658523
0.669731 0.113888 -0.0658523
0.674697 0.113888 -0.0658523
0.689594 0.113889 -0.0658523
0.69456 0.113889 -0.0658523
0.704492 0.113889 -0.0658523
0.709458 0.113889 -0.0658523
0.714424 0.11389 -0.0658523
0.71939 0.11389 -0.0658523
0.724355 0.11389 -0.0658523
0.575379 0.113884 -0.0608872
0.580344 0.113884 -0.0608872
0.58531 0.113884 -0.0608872
0.595242 0.113885 -0.0608872
0.600208 0.113885 -0.0608872
0.605174 0.113885 -0.0608872
0.615106 0.113885 -0.0608872
0.620072 0.113886 -0.0608872
0.630003 0.113886 -0.0608872
0.639935 0.113886 -0.0608872
0.644901 0.113887 -0.0608872
0.649867 0.113887 -0.0608872
0.654833 0.113887 -0.0608872
0.659799 0.113887 -0.0608872
0.664765 0.113887 -0.0608872
0.669731 0.113888 -0.0608872
0.674697 0.113888 -0.0608872
0.684628 0.113888 -0.0608872
0.69456 0.113889 -0.0608872
0.704492 0.113889 -0.0608872
0.709458 0.113889 -0.0608872
0.714424 0.11389 -0.0608872
0.71939 0.11389 -0.0608872
0.575379 0.113884 -0.0559221
0.580344 0.113884 -0.0559221
0.58531 0.113884 -0.0559221
0.595242 0.113885 -0.0559221
0.61014 0.113885 -0.0559221
0.615106 0.113885 -0.0559221
0.625038 0.113886 -0.0559221
0.630003 0.113886 -0.0559221
0.659799 0.113887 -0.0559221
0.669731 0.113888 -0.0559221
0.689594 0.113889 -0.0559221
0.69456 0.113889 -0.0559221
0.704492 0.113889 -0.0559221
0.709458 0.113889 -0.0559221
0.71939 0.11389 -0.0559221
0.580344 0.113884 -0.050957
0.58531 0.113884 -0.050957
0.590276 0.113884 -0.050957
0.595242 0.113885 -0.050957
0.61014 0.113885 -0.050957
0.615106 0.113885 -0.050957
0.625038 0.113886 -0.050957
0.630003 0.113886 -0.050957
0.644901 0.113887 -0.050957
0.654833 0.113887 -0.050957
0.659799 0.113887 -0.050957
0.669731 0.113888 -0.050957
0.679662 0.113888 -0.050957
0.684628 0.113888 -0.050957
0.689594 0.113889 -0.050957
0.69456 0.113889 -0.050957
0.704492 0.113889 -0.050957
0.709458 0.113889 -0.050957
0.71939 0.11389 -0.050957
0.724355 0.11389 -0.050957
0.575379 0.113884 -0.0459919
0.580344 0.113884 -0.0459919
0.58531 0.113884 -0.0459919
0.61014 0.113885 -0.0459919
0.615106 0.113885 -0.0459919
0.654833 0.113887 -0.0459919
0.659799 0.113887 -0.0459919
0.669731 0.113888 -0.0459919
0.674697 0.113888 -0.0459919
0.689594 0.113889 -0.0459919
0.704492 0.113889 -0.0459919
0.71939 0.11389 -0.0459919
0.724355 0.11389 -0.0459919
0.575379 0.113884 -0.0410268
0.580344 0.113884 -0.0410268
0.58531 0.113884 -0.0410268
0.590276 0.113884 -0.0410268
0.595242 0.113885 -0.0410268
0.600208 0.113885 -0.0410268
0.605174 0.113885 -0.0410268
0.634969 0.113886 -0.0410268
0.639935 0.113886 -0.0410268
0.654833 0.113887 -0.0410268
0.684628 0.113888 -0.0410268
0.689594 0.113889 -0.0410268
0.69456 0.113889 -0.0410268
0.704492 0.113889 -0.0410268
0.714424 0.11389 -0.0410268
0.580344 0.113884 -0.0360617
0.664765 0.113887 -0.0658523
0.58531 0.113884 -0.0360617
0.595242 0.113885 -0.0360617
0.600208 0.113885 -0.0360617
0.61014 0.113885 -0.0360617
0.615106 0.113885 -0.0360617
0.625038 0.113886 -0.0360617
0.630003 0.113886 -0.0360617
0.634969 0.113886 -0.0360617
0.644901 0.113887 -0.0360617
0.664765 0.113887 -0.0360617
0.679662 0.113888 -0.0360617
0.684628 0.113888 -0.0360617
0.689594 0.113889 -0.0360617
0.69456 0.113889 -0.0360617
0.704492 0.113889 -0.0360617
0.709458 0.113889 -0.0360617
0.714424 0.11389 -0.0360617
0.71939 0.11389 -0.0360617
0.724355 0.11389 -0.0360617
0.575379 0.113884 -0.0310966
0.580344 0.113884 -0.0310966
0.58531 0.113884 -0.0310966
0.595242 0.113885 -0.0310966
0.61014 0.113885 -0.0310966
0.615106 0.113885 -0.0310966
0.620072 0.113886 -0.0310966
0.625038 0.113886 -0.0310966
0.644901 0.113887 -0.0310966
0.649867 0.113887 -0.0310966
0.659799 0.113887 -0.0310966
0.669731 0.113888 -0.0310966
0.684628 0.113888 -0.0310966
0.689594 0.113889 -0.0310966
0.704492 0.113889 -0.0310966
0.709458 0.113889 -0.0310966
0.649867 0.113887 -0.0360617
0.714424 0.11389 -0.0310966
0.71939 0.11389 -0.0310966
0.724355 0.11389 -0.0310966
0.580344 0.113884 -0.0261315
0.58531 0.113884 -0.0261315
0.595242 0.113885 -0.0261315
0.600208 0.113885 -0.0261315
0.615106 0.113885 -0.0261315
0.620072 0.113886 -0.0261315
0.625038 0.113886 -0.0261315
0.634969 0.113886 -0.0261315
0.644901 0.113887 -0.0261315
0.654833 0.113887 -0.0261315
0.659799 0.113887 -0.0261315
0.664765 0.113887 -0.0261315
0.674697 0.113888 -0.0261315
0.69456 0.113889 -0.0261315
0.704492 0.113889 -0.0261315
0.709458 0.113889 -0.0261315
0.714424 0.11389 -0.0261315
0.71939 0.11389 -0.0261315
0.724355 0.11389 -0.0261315
0.580344 0.113884 -0.0211664
0.58531 0.113884 -0.0211664
0.590276 0.113884 -0.0211664
0.615106 0.113885 -0.0211664
0.620072 0.113886 -0.0211664
0.625038 0.113886 -0.0211664
0.634969 0.113886 -0.0211664
0.644901 0.113887 -0.0211664
0.649867 0.113887 -0.0211664
0.679662 0.113888 -0.0211664
0.684628 0.113888 -0.0211664
0.704492 0.113889 -0.0211664
0.709458 0.113889 -0.0211664
0.71939 0.11389 -0.0211664
0.580344 0.113884 -0.0162013
0.58531 0.113884 -0.0162013
0.595242 0.113885 -0.0162013
0.61014 0.113885 -0.0162013
0.615106 0.113885 -0.0162013
0.634969 0.113886 -0.0162013
0.659799 0.113887 -0.0162013
0.669731 0.113888 -0.0162013
0.679662 0.113888 -0.0162013
0.684628 0.113888 -0.0162013
0.704492 0.113889 -0.0162013
0.714424 0.11389 -0.0162013
0.71939 0.11389 -0.0162013
0.724355 0.11389 -0.0162013
0.580344 0.113884 -0.0112362
0.58531 0.113884 -0.0112362
0.600208 0.113885 -0.0112362
0.605174 0.113885 -0.0112362
0.61014 0.113885 -0.0112362
0.615106 0.113885 -0.0112362
0.630003 0.113886 -0.0112362
0.634969 0.113886 -0.0112362
0.644901 0.113887 -0.0112362
0.649867 0.113887 -0.0112362
0.659799 0.113887 -0.0112362
0.679662 0.113888 -0.0112362
0.69456 0.113889 -0.0112362
0.709458 0.113889 -0.0112362
0.714424 0.11389 -0.0112362
0.724355 0.11389 -0.0112362
0.575379 0.113884 -0.00627106
0.595242 0.113885 -0.00627106
0.615106 0.113885 -0.00627106
0.625038 0.113886 -0.00627106
0.630003 0.113886 -0.00627106
0.634969 0.113886 -0.00627106
0.649867 0.113887 -0.00627106
0.654833 0.113887 -0.00627106
0.669731 0.113888 -0.00627106
0.69456 0.113889 -0.00627106
0.704492 0.113889 -0.00627106
0.714424 0.11389 -0.00627106
0.71939 0.11389 -0.00627106
0.724355 0.11389 -0.00627106
0.575379 0.113884 -0.00130596
0.664765 0.113887 -0.050957
0.58531 0.113884 -0.00130596
0.595242 0.113885 -0.00130596
0.600208 0.113885 -0.00130596
0.615106 0.113885 -0.00130596
0.625038 0.113886 -0.00130596
0.634969 0.113886 -0.00130596
0.674697 0.113888 -0.00130596
0.679662 0.113888 -0.00130596
0.704492 0.113889 -0.00130596
0.709458 0.113889 -0.00130596
0.714424 0.11389 -0.00130596
0.724355 0.11389 -0.00130596
0.58531 0.113884 0.00365914
0.595242 0.113885 0.00365914
0.600208 0.113885 0.00365914
0.61014 0.113885 0.00365914
0.620072 0.113886 0.00365914
0.625038 0.113886 0.00365914
0.630003 0.113886 0.00365914
0.634969 0.113886 0.00365914
0.639935 0.113886 0.00365914
0.664765 0.113887 0.00365914
0.674697 0.113888 0.00365914
0.689594 0.113889 0.00365914
0.699526 0.113889 0.00365914
0.704492 0.113889 0.00365914
0.71939 0.11389 0.00365914
0.724355 0.11389 0.00365914
0.575379 0.113884 0.00862424
0.664765 0.113887 -0.0112362
0.58531 0.113884 0.00862424
0.595242 0.113885 0.00862424
0.600208 0.113885 0.00862424
0.61014 0.113885 0.00862424
0.615106 0.113885 0.00862424
0.620072 0.113886 0.00862424
0.625038 0.113886 0.00862424
0.630003 0.113886 0.00862424
0.639935 0.113886 0.00862424
0.644901 0.113887 0.00862424
0.654833 0.113887 0.00862424
0.664765 0.113887 0.00862424
0.679662 0.113888 0.00862424
0.689594 0.113889 0.00862424
0.69456 0.113889 0.00862424
0.649867 0.113887 -0.0559221
0.714424 0.11389 0.00862424
0.71939 0.11389 0.00862424
0.724355 0.11389 0.00862424
0.575379 0.113884 0.0135893
0.580344 0.113884 0.0135893
0.595242 0.113885 0.0135893
0.600208 0.113885 0.0135893
0.605174 0.113885 0.0135893
0.620072 0.113886 0.0135893
0.634969 0.113886 0.0135893
0.649867 0.113887 0.0135893
0.664765 0.113887 0.0135893
0.679662 0.113888 0.0135893
0.689594 0.113889 0.0135893
0.699526 0.113889 0.0135893
0.649867 0.113887 -0.050957
0.714424 0.11389 0.0135893
0.71939 0.11389 0.0135893
0.580344 0.113884 0.0185544
0.600208 0.113885 0.0185544
0.605174 0.113885 0.0185544
0.615106 0.113885 0.0185544
0.620072 0.113886 0.0185544
0.625038 0.113886 0.0185544
0.630003 0.113886 0.0185544
0.634969 0.113886 0.0185544
0.654833 0.113887 0.0185544
0.664765 0.113887 0.0185544
0.674697 0.113888 0.0185544
0.689594 0.113889 0.0185544
0.699526 0.113889 0.0185544
0.704492 0.113889 0.0185544
0.649867 0.113887 0.00365914
0.714424 0.11389 0.0185544
0.71939 0.11389 0.0185544
0.724355 0.11389 0.0185544
0.575379 0.113884 0.0235195
0.580344 0.113884 0.0235195
0.595242 0.113885 0.0235195
0.600208 0.113885 0.0235195
0.615106 0.113885 0.0235195
0.634969 0.113886 0.0235195
0.654833 0.113887 0.0235195
0.669731 0.113888 0.0235195
0.689594 0.113889 0.0235195
0.699526 0.113889 0.0235195
0.704492 0.113889 0.0235195
0.714424 0.11389 0.0235195
0.580344 0.113884 0.0284846
0.595242 0.113885 0.0284846
0.605174 0.113885 0.0284846
0.615106 0.113885 0.0284846
0.620072 0.113886 0.0284846
0.634969 0.113886 0.0284846
0.644901 0.113887 0.0284846
0.654833 0.113887 0.0284846
0.664765 0.113887 0.0284846
0.669731 0.113888 0.0284846
0.684628 0.113888 0.0284846
0.689594 0.113889 0.0284846
0.699526 0.113889 0.0284846
0.704492 0.113889 0.0284846
0.714424 0.11389 0.0284846
0.580344 0.113884 0.0334498
0.58531 0.113884 0.0334498
0.595242 0.113885 0.0334498
0.61014 0.113885 0.0334498
0.615106 0.113885 0.0334498
0.630003 0.113886 0.0334498
0.634969 0.113886 0.0334498
0.644901 0.113887 0.0334498
0.714424 0.11389 -0.0459919
0.649867 0.113887 0.0334498
0.724355 0.11389 -0.0608872
0.654833 0.113887 0.0334498
0.664765 0.113887 0.0334498
0.674697 0.113888 0.0334498
0.689594 0.113889 0.0334498
0.639935 0.113886 0.0284846
0.69456 0.113889 0.0334498
0.704492 0.113889 0.0334498
0.649867 0.113887 -0.0162013
0.714424 0.11389 0.0334498
0.71939 0.11389 0.0334498
0.724355 0.11389 0.0334498
0.575379 0.113884 0.0384149
0.580344 0.113884 0.0384149
0.664765 0.113887 -0.0410268
0.58531 0.113884 0.0384149
0.595242 0.113885 0.0384149
0.615106 0.113885 0.0384149
0.625038 0.113886 0.0384149
0.634969 0.113886 0.0384149
0.654833 0.113887 0.0384149
0.664765 0.113887 0.0384149
0.669731 0.113888 0.0384149
0.689594 0.113889 0.0384149
0.699526 0.113889 0.0384149
0.71939 0.11389 0.0384149
0.724355 0.11389 0.0384149
0.575379 0.113884 0.04338
0.580344 0.113884 0.04338
0.58531 0.113884 0.04338
0.615106 0.113885 0.04338
0.620072 0.113886 0.04338
0.649867 0.113887 0.04338
0.654833 0.113887 0.04338
0.664765 0.113887 0.04338
0.669731 0.113888 0.04338
0.679662 0.113888 0.04338
0.699526 0.113889 0.04338
0.724355 0.11389 0.04338
0.580344 0.113884 0.0483451
0.664765 0.113887 -0.00627106
0.58531 0.113884 0.0483451
0.590276 0.113884 0.0483451
0.600208 0.113885 0.0483451
0.61014 0.113885 0.0483451
0.615106 0.113885 0.0483451
0.620072 0.113886 0.0483451
0.630003 0.113886 0.0483451
0.644901 0.113887 0.0483451
0.669731 0.113888 0.0483451
0.679662 0.113888 0.0483451
0.689594 0.113889 0.0483451
0.639935 0.113886 0.04338
0.69456 0.113889 0.0483451
0.699526 0.113889 0.0483451
0.71939 0.11389 0.0483451
0.724355 0.11389 0.0483451
0.575379 0.113884 0.0533102
0.58531 0.113884 0.0533102
0.634969 0.113886 0.0533102
0.674697 0.113888 0.0533102
0.679662 0.113888 0.0533102
0.704492 0.113889 0.0533102
0.71939 0.11389 0.0533102
0.724355 0.11389 0.0533102
0.580344 0.113884 0.0582753
0.58531 0.113884 0.0582753
0.600208 0.113885 0.0582753
0.605174 0.113885 0.0582753
0.61014 0.113885 0.0582753
0.615106 0.113885 0.0582753
0.620072 0.113886 0.0582753
0.69456 0.113889 0.0533102
0.639935 0.113886 0.0582753
0.644901 0.113887 0.0582753
0.649867 0.113887 0.0582753
0.659799 0.113887 0.0582753
0.664765 0.113887 0.0582753
0.674697 0.113888 0.0582753
0.679662 0.113888 0.0582753
0.684628 0.113888 0.0582753
0.689594 0.113889 0.0582753
0.639935 0.113886 0.0533102
0.69456 0.113889 0.0582753
0.699526 0.113889 0.0582753
0.704492 0.113889 0.0582753
0.71939 0.11389 0.0582753
0.724355 0.11389 0.0582753
0.664765 0.113887 -0.0211664
0.58531 0.113884 0.0632404
0.600208 0.113885 0.0632404
0.61014 0.113885 0.0632404
0.620072 0.113886 0.0632404
0.634969 0.113886 0.0632404
0.639935 0.113886 0.0632404
0.659799 0.113887 0.0632404
0.664765 0.113887 0.0632404
0.669731 0.113888 0.0632404
0.674697 0.113888 0.0632404
0.679662 0.113888 0.0632404
0.684628 0.113888 0.0632404
0.704492 0.113889 0.0632404
0.714424 0.11389 -0.0559221
0.649867 0.113887 0.0384149
0.729321 0.11389 -0.0658523
0.729322 0.108997 -0.0658523
0.639935 0.113886 -0.00627106
0.729322 0.104103 -0.0658523
0.605174 0.113885 0.0235195
0.729322 0.099209 -0.0658523
0.729322 0.0894216 -0.0658523
0.729323 0.0845279 -0.0658523
0.729323 0.0649529 -0.0658523
0.729324 0.0600592 -0.0658523
0.620072 0.113886 0.0384149
0.729325 0.0404843 -0.0658523
0.729325 0.0258031 -0.0658523
0.729326 -0.0035593 -0.0658523
0.729327 -0.0133468 -0.0658523
0.729327 -0.0182405 -0.0658523
0.729327 -0.0231342 -0.0658523
0.729327 -0.028028 -0.0658523
0.729328 -0.0329217 -0.0658523
0.729328 -0.0378154 -0.0658523
0.729328 -0.0427091 -0.0658523
0.674697 0.113888 -0.0410268
0.729328 -0.0476029 -0.0658523
0.729328 -0.0524966 -0.0658523
0.729329 -0.0573903 -0.0658523
0.729329 -0.0622841 -0.0658523
0.729329 -0.0720715 -0.0658523
0.72933 -0.0916465 -0.0658523
0.729331 -0.101434 -0.0658523
0.729331 -0.106328 -0.0658523
0.679662 0.113888 0.0185544
0.729331 -0.111221 -0.0658523
0.649867 0.113887 0.0284846
0.729321 0.11389 -0.0608872
0.729322 0.108997 -0.0608872
0.69456 0.113889 -0.00130596
0.729322 0.104103 -0.0608872
0.729322 0.0943153 -0.0608872
0.729322 0.0894216 -0.0608872
0.729323 0.0845279 -0.0608872
0.729323 0.0796341 -0.0608872
0.729323 0.0747404 -0.0608872
0.729323 0.0649529 -0.0608872
0.729324 0.0600592 -0.0608872
0.729324 0.0551655 -0.0608872
0.729324 0.0502717 -0.0608872
0.600208 0.113885 0.0384149
0.729325 0.0355905 -0.0608872
0.729325 0.0258031 -0.0608872
0.684628 0.113888 -0.0559221
0.729325 0.0209093 -0.0608872
0.729326 0.0160156 -0.0608872
0.729326 0.0111219 -0.0608872
0.729326 0.00622816 -0.0608872
0.729326 0.00133443 -0.0608872
0.729327 -0.0133468 -0.0608872
0.729327 -0.0182405 -0.0608872
0.729327 -0.0231342 -0.0608872
0.729328 -0.0329217 -0.0608872
0.729328 -0.0378154 -0.0608872
0.674697 0.113888 -0.050957
0.729328 -0.0476029 -0.0608872
0.729328 -0.0524966 -0.0608872
0.729329 -0.0573903 -0.0608872
0.729329 -0.0622841 -0.0608872
0.729329 -0.0720715 -0.0608872
0.72933 -0.081859 -0.0608872
0.72933 -0.0867527 -0.0608872
0.72933 -0.0916465 -0.0608872
0.729331 -0.101434 -0.0608872
0.729331 -0.106328 -0.0608872
0.679662 0.113888 0.0235195
0.729331 -0.111221 -0.0608872
0.649867 0.113887 0.0235195
0.729321 0.11389 -0.0559221
0.729322 0.099209 -0.0559221
0.729322 0.0894216 -0.0559221
0.729323 0.0845279 -0.0559221
0.729323 0.0796341 -0.0559221
0.729323 0.0747404 -0.0559221
0.729323 0.0649529 -0.0559221
0.729324 0.0600592 -0.0559221
0.729324 0.0551655 -0.0559221
0.729324 0.045378 -0.0559221
0.620072 0.113886 0.0334498
0.729325 0.0404843 -0.0559221
0.729325 0.0355905 -0.0559221
0.729325 0.0306968 -0.0559221
0.729325 0.0258031 -0.0559221
0.729325 0.0209093 -0.0559221
0.729326 0.0160156 -0.0559221
0.729326 0.00622816 -0.0559221
0.729326 0.00133443 -0.0559221
0.729326 -0.0035593 -0.0559221
0.729327 -0.00845303 -0.0559221
0.729327 -0.0133468 -0.0559221
0.729327 -0.028028 -0.0559221
0.729328 -0.0378154 -0.0559221
0.729328 -0.0427091 -0.0559221
0.729328 -0.0476029 -0.0559221
0.729328 -0.0524966 -0.0559221
0.729329 -0.0573903 -0.0559221
0.729329 -0.0622841 -0.0559221
0.729329 -0.0671778 -0.0559221
0.729329 -0.0720715 -0.0559221
0.72933 -0.0769653 -0.0559221
0.689594 0.113889 -0.0211664
0.72933 -0.0965402 -0.0559221
0.729331 -0.101434 -0.0559221
0.729331 -0.106328 -0.0559221
0.729321 0.11389 -0.050957
0.729322 0.108997 -0.050957
0.729322 0.104103 -0.050957
0.605174 0.113885 -0.0459919
0.729322 0.099209 -0.050957
0.729322 0.0894216 -0.050957
0.729323 0.0845279 -0.050957
0.729323 0.0796341 -0.050957
0.729323 0.0747404 -0.050957
0.729323 0.0649529 -0.050957
0.729324 0.0600592 -0.050957
0.729324 0.0551655 -0.050957
0.729324 0.0502717 -0.050957
0.729324 0.045378 -0.050957
0.684628 0.113888 -0.00130596
0.729325 0.0306968 -0.050957
0.729325 0.0258031 -0.050957
0.729325 0.0209093 -0.050957
0.729326 0.0160156 -0.050957
0.729326 0.00622816 -0.050957
0.729326 0.00133443 -0.050957
0.729327 -0.00845303 -0.050957
0.729327 -0.0133468 -0.050957
0.729327 -0.0231342 -0.050957
0.729328 -0.0329217 -0.050957
0.729328 -0.0476029 -0.050957
0.729329 -0.0573903 -0.050957
0.729329 -0.0622841 -0.050957
0.72933 -0.0867527 -0.050957
0.689594 0.113889 -0.00130596
0.72933 -0.0965402 -0.050957
0.729331 -0.101434 -0.050957
0.729331 -0.106328 -0.050957
0.679662 0.113888 0.0334498
0.729331 -0.111221 -0.050957
0.649867 0.113887 0.0185544
0.729321 0.11389 -0.0459919
0.729322 0.108997 -0.0459919
0.69456 0.113889 -0.0162013
0.729322 0.104103 -0.0459919
0.729322 0.099209 -0.0459919
0.729322 0.0943153 -0.0459919
0.729323 0.0845279 -0.0459919
0.729323 0.0796341 -0.0459919
0.729323 0.0747404 -0.0459919
0.729324 0.0600592 -0.0459919
0.729324 0.0551655 -0.0459919
0.729324 0.045378 -0.0459919
0.729325 0.0355905 -0.0459919
0.684628 0.113888 0.00862424
0.729325 0.0306968 -0.0459919
0.729325 0.0258031 -0.0459919
0.729325 0.0209093 -0.0459919
0.729326 0.0160156 -0.0459919
0.729326 0.0111219 -0.0459919
0.729326 0.00622816 -0.0459919
0.729326 -0.0035593 -0.0459919
0.729327 -0.00845303 -0.0459919
0.729327 -0.0133468 -0.0459919
0.729327 -0.0231342 -0.0459919
0.729327 -0.028028 -0.0459919
0.729328 -0.0329217 -0.0459919
0.729328 -0.0427091 -0.0459919
0.729328 -0.0476029 -0.0459919
0.729328 -0.0524966 -0.0459919
0.729329 -0.0622841 -0.0459919
0.729329 -0.0671778 -0.0459919
0.729329 -0.0720715 -0.0459919
0.72933 -0.0769653 -0.0459919
0.72933 -0.0867527 -0.0459919
0.72933 -0.0916465 -0.0459919
0.729331 -0.101434 -0.0459919
0.679662 0.113888 0.0384149
0.729331 -0.111221 -0.0459919
0.714424 0.11389 0.0632404
0.729321 0.11389 -0.0410268
0.729322 0.108997 -0.0410268
0.729322 0.104103 -0.0410268
0.605174 0.113885 -0.050957
0.729322 0.099209 -0.0410268
0.729322 0.0943153 -0.0410268
0.729322 0.0894216 -0.0410268
0.729323 0.0845279 -0.0410268
0.729323 0.0796341 -0.0410268
0.729323 0.0747404 -0.0410268
0.729323 0.0698467 -0.0410268
0.729323 0.0649529 -0.0410268
0.729324 0.0600592 -0.0410268
0.729324 0.0551655 -0.0410268
0.729324 0.045378 -0.0410268
0.620072 0.113886 -0.0360617
0.729325 0.0404843 -0.0410268
0.729325 0.0355905 -0.0410268
0.684628 0.113888 0.0135893
0.729325 0.0306968 -0.0410268
0.729325 0.0258031 -0.0410268
0.729325 0.0209093 -0.0410268
0.729326 0.00133443 -0.0410268
0.729326 -0.0035593 -0.0410268
0.729327 -0.0133468 -0.0410268
0.729327 -0.0182405 -0.0410268
0.729327 -0.028028 -0.0410268
0.729328 -0.0329217 -0.0410268
0.729328 -0.0427091 -0.0410268
0.674697 0.113888 -0.0162013
0.729328 -0.0476029 -0.0410268
0.729328 -0.0524966 -0.0410268
0.729329 -0.0671778 -0.0410268
0.729329 -0.0720715 -0.0410268
0.72933 -0.0769653 -0.0410268
0.72933 -0.0916465 -0.0410268
0.72933 -0.0965402 -0.0410268
0.729331 -0.101434 -0.0410268
0.729331 -0.106328 -0.0410268
0.679662 0.113888 -0.00627106
0.729331 -0.111221 -0.0410268
0.729321 0.11389 -0.0360617
0.729322 0.108997 -0.0360617
0.639935 0.113886 -0.0559221
0.729322 0.099209 -0.0360617
0.729322 0.0894216 -0.0360617
0.729323 0.0845279 -0.0360617
0.729323 0.0747404 -0.0360617
0.729323 0.0649529 -0.0360617
0.729324 0.0600592 -0.0360617
0.729324 0.0551655 -0.0360617
0.729324 0.0502717 -0.0360617
0.729324 0.045378 -0.0360617
0.729325 0.0404843 -0.0360617
0.729325 0.0355905 -0.0360617
0.684628 0.113888 0.0185544
0.729325 0.0306968 -0.0360617
0.729325 0.0258031 -0.0360617
0.729325 0.0209093 -0.0360617
0.729326 0.0160156 -0.0360617
0.729326 0.0111219 -0.0360617
0.729326 -0.0035593 -0.0360617
0.729327 -0.00845303 -0.0360617
0.729327 -0.0133468 -0.0360617
0.729327 -0.0182405 -0.0360617
0.729328 -0.0329217 -0.0360617
0.729328 -0.0378154 -0.0360617
0.729328 -0.0427091 -0.0360617
0.674697 0.113888 -0.0112362
0.729328 -0.0476029 -0.0360617
0.729328 -0.0524966 -0.0360617
0.729329 -0.0573903 -0.0360617
0.729329 -0.0622841 -0.0360617
0.729329 -0.0671778 -0.0360617
0.729329 -0.0720715 -0.0360617
0.590276 0.113884 0.0334498
0.72933 -0.0769653 -0.0360617
0.72933 -0.0965402 -0.0360617
0.729331 -0.101434 -0.0360617
0.729331 -0.111221 -0.0360617
0.729321 0.11389 -0.0310966
0.729322 0.108997 -0.0310966
0.69456 0.113889 -0.0310966
0.729322 0.104103 -0.0310966
0.729322 0.099209 -0.0310966
0.729322 0.0943153 -0.0310966
0.729322 0.0894216 -0.0310966
0.729323 0.0845279 -0.0310966
0.729323 0.0796341 -0.0310966
0.729323 0.0747404 -0.0310966
0.729323 0.0649529 -0.0310966
0.729324 0.0551655 -0.0310966
0.729324 0.0502717 -0.0310966
0.729324 0.045378 -0.0310966
0.729325 0.0404843 -0.0310966
0.600208 0.113885 -0.00627106
0.729325 0.0355905 -0.0310966
0.729325 0.0306968 -0.0310966
0.729325 0.0209093 -0.0310966
0.729326 0.0160156 -0.0310966
0.729326 0.0111219 -0.0310966
0.729326 -0.0035593 -0.0310966
0.729327 -0.0133468 -0.0310966
0.729327 -0.0231342 -0.0310966
0.729328 -0.0329217 -0.0310966
0.674697 0.113888 -0.0211664
0.729328 -0.0476029 -0.0310966
0.729328 -0.0524966 -0.0310966
0.729329 -0.0573903 -0.0310966
0.729329 -0.0622841 -0.0310966
0.729329 -0.0671778 -0.0310966
0.72933 -0.0769653 -0.0310966
0.72933 -0.0867527 -0.0310966
0.729331 -0.106328 -0.0310966
0.729321 0.11389 -0.0261315
0.729322 0.108997 -0.0261315
0.729322 0.0943153 -0.0261315
0.729322 0.0894216 -0.0261315
0.729323 0.0845279 -0.0261315
0.729323 0.0796341 -0.0261315
0.729323 0.0747404 -0.0261315
0.709458 0.113889 0.00862424
0.729323 0.0698467 -0.0261315
0.729324 0.0600592 -0.0261315
0.729324 0.0551655 -0.0261315
0.729324 0.0502717 -0.0261315
0.729325 0.0404843 -0.0261315
0.729325 0.0355905 -0.0261315
0.684628 0.113888 -0.0261315
0.729325 0.0306968 -0.0261315
0.729325 0.0258031 -0.0261315
0.729326 -0.0035593 -0.0261315
0.729327 -0.00845303 -0.0261315
0.729328 -0.0329217 -0.0261315
0.729328 -0.0378154 -0.0261315
0.729328 -0.0427091 -0.0261315
0.729328 -0.0476029 -0.0261315
0.729328 -0.0524966 -0.0261315
0.729329 -0.0573903 -0.0261315
0.729329 -0.0622841 -0.0261315
0.729329 -0.0671778 -0.0261315
0.729329 -0.0720715 -0.0261315
0.72933 -0.0965402 -0.0261315
0.729331 -0.101434 -0.0261315
0.729331 -0.106328 -0.0261315
0.729331 -0.111221 -0.0261315
0.729321 0.11389 -0.0211664
0.729322 0.108997 -0.0211664
0.729322 0.104103 -0.0211664
0.729322 0.099209 -0.0211664
0.729322 0.0894216 -0.0211664
0.729323 0.0845279 -0.0211664
0.729323 0.0796341 -0.0211664
0.729323 0.0747404 -0.0211664
0.709458 0.113889 0.0384149
0.729323 0.0698467 -0.0211664
0.729323 0.0649529 -0.0211664
0.729324 0.0600592 -0.0211664
0.729324 0.0551655 -0.0211664
0.729324 0.045378 -0.0211664
0.620072 0.113886 -0.00130596
0.729325 0.0404843 -0.0211664
0.600208 0.113885 -0.0162013
0.729325 0.0355905 -0.0211664
0.684628 0.113888 0.00365914
0.729325 0.0306968 -0.0211664
0.729325 0.0258031 -0.0211664
0.729325 0.0209093 -0.0211664
0.729326 0.0160156 -0.0211664
0.729326 -0.0035593 -0.0211664
0.729327 -0.00845303 -0.0211664
0.729327 -0.0133468 -0.0211664
0.729327 -0.0182405 -0.0211664
0.729327 -0.028028 -0.0211664
0.729328 -0.0378154 -0.0211664
0.729328 -0.0476029 -0.0211664
0.729329 -0.0622841 -0.0211664
0.72933 -0.081859 -0.0211664
0.72933 -0.0867527 -0.0211664
0.72933 -0.0965402 -0.0211664
0.729331 -0.101434 -0.0211664
0.729321 0.11389 -0.0162013
0.729322 0.108997 -0.0162013
0.69456 0.113889 -0.0459919
0.729322 0.104103 -0.0162013
0.729322 0.099209 -0.0162013
0.639935 0.113886 0.0185544
0.729322 0.0943153 -0.0162013
0.729322 0.0894216 -0.0162013
0.729323 0.0796341 -0.0162013
0.729323 0.0747404 -0.0162013
0.729323 0.0649529 -0.0162013
0.729324 0.0600592 -0.0162013
0.729324 0.0551655 -0.0162013
0.729324 0.0502717 -0.0162013
0.729324 0.045378 -0.0162013
0.620072 0.113886 -0.0112362
0.729325 0.0404843 -0.0162013
0.684628 0.113888 -0.0112362
0.729325 0.0306968 -0.0162013
0.729325 0.0258031 -0.0162013
0.729325 0.0209093 -0.0162013
0.729326 0.00622816 -0.0162013
0.729326 0.00133443 -0.0162013
0.729326 -0.0035593 -0.0162013
0.729327 -0.00845303 -0.0162013
0.729327 -0.0182405 -0.0162013
0.729327 -0.0231342 -0.0162013
0.674697 0.113888 0.00862424
0.729328 -0.0476029 -0.0162013
0.729328 -0.0524966 -0.0162013
0.729329 -0.0622841 -0.0162013
0.729329 -0.0671778 -0.0162013
0.590276 0.113884 0.0533102
0.72933 -0.0769653 -0.0162013
0.72933 -0.081859 -0.0162013
0.72933 -0.0867527 -0.0162013
0.72933 -0.0916465 -0.0162013
0.72933 -0.0965402 -0.0162013
0.729331 -0.101434 -0.0162013
0.729331 -0.106328 -0.0162013
0.729331 -0.111221 -0.0162013
0.729322 0.108997 -0.0112362
0.729322 0.104103 -0.0112362
0.605174 0.113885 0.00365914
0.729322 0.099209 -0.0112362
0.729322 0.0894216 -0.0112362
0.729323 0.0845279 -0.0112362
0.729323 0.0698467 -0.0112362
0.729324 0.0600592 -0.0112362
0.729324 0.0551655 -0.0112362
0.729324 0.0502717 -0.0112362
0.729324 0.045378 -0.0112362
0.620072 0.113886 -0.00627106
0.729325 0.0404843 -0.0112362
0.729325 0.0355905 -0.0112362
0.684628 0.113888 -0.00627106
0.729325 0.0306968 -0.0112362
0.729325 0.0258031 -0.0112362
0.729325 0.0209093 -0.0112362
0.729326 0.0160156 -0.0112362
0.729326 0.00622816 -0.0112362
0.729326 -0.0035593 -0.0112362
0.729327 -0.00845303 -0.0112362
0.729328 -0.0378154 -0.0112362
0.729328 -0.0427091 -0.0112362
0.729328 -0.0524966 -0.0112362
0.729329 -0.0573903 -0.0112362
0.729329 -0.0622841 -0.0112362
0.729329 -0.0671778 -0.0112362
0.729329 -0.0720715 -0.0112362
0.72933 -0.081859 -0.0112362
0.72933 -0.0867527 -0.0112362
0.729331 -0.101434 -0.0112362
0.729331 -0.106328 -0.0112362
0.729321 0.11389 -0.00627106
0.69456 0.113889 0.0384149
0.729322 0.0943153 -0.00627106
0.729322 0.0894216 -0.00627106
0.729323 0.0845279 -0.00627106
0.729323 0.0796341 -0.00627106
0.729323 0.0649529 -0.00627106
0.729324 0.0600592 -0.00627106
0.729324 0.0502717 -0.00627106
0.729324 0.045378 -0.00627106
0.729325 0.0355905 -0.00627106
0.684628 0.113888 0.0483451
0.729325 0.0306968 -0.00627106
0.729325 0.0258031 -0.00627106
0.729325 0.0209093 -0.00627106
0.729326 0.0160156 -0.00627106
0.729326 0.00622816 -0.00627106
0.729327 -0.00845303 -0.00627106
0.729327 -0.0133468 -0.00627106
0.729327 -0.0182405 -0.00627106
0.729327 -0.028028 -0.00627106
0.729328 -0.0329217 -0.00627106
0.729328 -0.0378154 -0.00627106
0.729328 -0.0427091 -0.00627106
0.729328 -0.0476029 -0.00627106
0.729328 -0.0524966 -0.00627106
0.729329 -0.0573903 -0.00627106
0.72933 -0.081859 -0.00627106
0.72933 -0.0867527 -0.00627106
0.72933 -0.0965402 -0.00627106
0.729331 -0.101434 -0.00627106
0.729331 -0.106328 -0.00627106
0.729331 -0.111221 -0.00627106
0.649867 0.113887 0.0632404
0.729321 0.11389 -0.00130596
0.729322 0.104103 -0.00130596
0.729322 0.099209 -0.00130596
0.729322 0.0894216 -0.00130596
0.729323 0.0845279 -0.00130596
0.729323 0.0796341 -0.00130596
0.729323 0.0747404 -0.00130596
0.729323 0.0698467 -0.00130596
0.729323 0.0649529 -0.00130596
0.729324 0.0600592 -0.00130596
0.729324 0.0551655 -0.00130596
0.729324 0.0502717 -0.00130596
0.729324 0.045378 -0.00130596
0.620072 0.113886 -0.0559221
0.729325 0.0404843 -0.00130596
0.729325 0.0355905 -0.00130596
0.729325 0.0306968 -0.00130596
0.729325 0.0258031 -0.00130596
0.729325 0.0209093 -0.00130596
0.729326 0.0160156 -0.00130596
0.729326 0.00622816 -0.00130596
0.729326 -0.0035593 -0.00130596
0.729327 -0.00845303 -0.00130596
0.729327 -0.0133468 -0.00130596
0.729327 -0.0182405 -0.00130596
0.729327 -0.0231342 -0.00130596
0.729328 -0.0378154 -0.00130596
0.729328 -0.0427091 -0.00130596
0.729328 -0.0524966 -0.00130596
0.674697 0.113888 0.0483451
0.729329 -0.0573903 -0.00130596
0.729329 -0.0622841 -0.00130596
0.729329 -0.0671778 -0.00130596
0.729329 -0.0720715 -0.00130596
0.72933 -0.0867527 -0.00130596
0.72933 -0.0916465 -0.00130596
0.72933 -0.0965402 -0.00130596
0.729331 -0.101434 -0.00130596
0.729331 -0.106328 -0.00130596
0.729331 -0.111221 -0.00130596
0.729321 0.11389 0.00365914
0.729322 0.104103 0.00365914
0.605174 0.113885 0.00862424
0.729322 0.099209 0.00365914
0.729322 0.0894216 0.00365914
0.729323 0.0845279 0.00365914
0.729323 0.0747404 0.00365914
0.729323 0.0649529 0.00365914
0.729324 0.0551655 0.00365914
0.729324 0.0502717 0.00365914
0.729324 0.045378 0.00365914
0.729325 0.0404843 0.00365914
0.729325 0.0306968 0.00365914
0.729325 0.0209093 0.00365914
0.729327 -0.00845303 0.00365914
0.729327 -0.0133468 0.00365914
0.729327 -0.028028 0.00365914
0.729328 -0.0378154 0.00365914
0.729328 -0.0427091 0.00365914
0.729328 -0.0476029 0.00365914
0.674697 0.113888 0.04338
0.729329 -0.0573903 0.00365914
0.729329 -0.0622841 0.00365914
0.729329 -0.0671778 0.00365914
0.729329 -0.0720715 0.00365914
0.72933 -0.081859 0.00365914
0.72933 -0.0867527 0.00365914
0.72933 -0.0916465 0.00365914
0.729331 -0.101434 0.00365914
0.729331 -0.106328 0.00365914
0.679662 0.113888 -0.0559221
0.729331 -0.111221 0.00365914
0.729321 0.11389 0.00862424
0.729322 0.108997 0.00862424
0.729322 0.0943153 0.00862424
0.729323 0.0796341 0.00862424
0.729323 0.0649529 0.00862424
0.729324 0.0551655 0.00862424
0.729324 0.0502717 0.00862424
0.729324 0.045378 0.00862424
0.729325 0.0404843 0.00862424
0.729325 0.0306968 0.00862424
0.729325 0.0258031 0.00862424
0.729325 0.0209093 0.00862424
0.729326 0.0160156 0.00862424
0.729326 0.0111219 0.00862424
0.729326 0.00622816 0.00862424
0.729326 -0.0035593 0.00862424
0.729327 -0.00845303 0.00862424
0.729327 -0.0133468 0.00862424
0.729327 -0.0231342 0.00862424
0.729328 -0.0378154 0.00862424
0.729328 -0.0476029 0.00862424
0.729328 -0.0524966 0.00862424
0.729329 -0.0622841 0.00862424
0.729329 -0.0671778 0.00862424
0.72933 -0.081859 0.00862424
0.72933 -0.0867527 0.00862424
0.729331 -0.101434 0.00862424
0.729331 -0.106328 0.00862424
0.729331 -0.111221 0.00862424
0.649867 0.113887 0.00862424
0.714424 0.11389 0.0582753
0.729321 0.11389 0.0135893
0.729322 0.108997 0.0135893
0.69456 0.113889 0.0185544
0.729322 0.104103 0.0135893
0.729322 0.0943153 0.0135893
0.729322 0.0894216 0.0135893
0.729323 0.0845279 0.0135893
0.729323 0.0796341 0.0135893
0.729324 0.0600592 0.0135893
0.729324 0.0551655 0.0135893
0.729324 0.0502717 0.0135893
0.729325 0.0404843 0.0135893
0.729325 0.0258031 0.0135893
0.729325 0.0209093 0.0135893
0.729326 0.0111219 0.0135893
0.729326 0.00622816 0.0135893
0.729326 0.00133443 0.0135893
0.729326 -0.0035593 0.0135893
0.729327 -0.00845303 0.0135893
0.729327 -0.0133468 0.0135893
0.729327 -0.028028 0.0135893
0.729328 -0.0378154 0.0135893
0.729328 -0.0476029 0.0135893
0.729328 -0.0524966 0.0135893
0.729329 -0.0622841 0.0135893
0.729329 -0.0671778 0.0135893
0.729329 -0.0720715 0.0135893
0.72933 -0.0769653 0.0135893
0.72933 -0.081859 0.0135893
0.72933 -0.0867527 0.0135893
0.72933 -0.0916465 0.0135893
0.729331 -0.101434 0.0135893
0.679662 0.113888 -0.0459919
0.729331 -0.111221 0.0135893
0.729322 0.108997 0.0185544
0.69456 0.113889 0.0135893
0.729322 0.104103 0.0185544
0.729322 0.099209 0.0185544
0.729322 0.0943153 0.0185544
0.729323 0.0845279 0.0185544
0.729323 0.0796341 0.0185544
0.729323 0.0649529 0.0185544
0.729324 0.0600592 0.0185544
0.729324 0.0551655 0.0185544
0.729324 0.0502717 0.0185544
0.729324 0.045378 0.0185544
0.620072 0.113886 -0.0459919
0.729325 0.0404843 0.0185544
0.600208 0.113885 -0.050957
0.729325 0.0355905 0.0185544
0.729325 0.0209093 0.0185544
0.729326 0.0111219 0.0185544
0.729326 0.00622816 0.0185544
0.729326 0.00133443 0.0185544
0.729326 -0.0035593 0.0185544
0.729327 -0.00845303 0.0185544
0.729327 -0.0133468 0.0185544
0.729327 -0.0231342 0.0185544
0.729327 -0.028028 0.0185544
0.729328 -0.0427091 0.0185544
0.729328 -0.0476029 0.0185544
0.729328 -0.0524966 0.0185544
0.729329 -0.0671778 0.0185544
0.729329 -0.0720715 0.0185544
0.72933 -0.0867527 0.0185544
0.72933 -0.0916465 0.0185544
0.72933 -0.0965402 0.0185544
0.729331 -0.101434 0.0185544
0.729331 -0.106328 0.0185544
0.679662 0.113888 -0.0410268
0.729331 -0.111221 0.0185544
0.729321 0.11389 0.0235195
0.729322 0.108997 0.0235195
0.729322 0.0894216 0.0235195
0.729323 0.0845279 0.0235195
0.729323 0.0796341 0.0235195
0.729323 0.0747404 0.0235195
0.729323 0.0649529 0.0235195
0.729324 0.0600592 0.0235195
0.729324 0.0502717 0.0235195
0.729324 0.045378 0.0235195
0.684628 0.113888 0.0235195
0.729325 0.0306968 0.0235195
0.729325 0.0258031 0.0235195
0.729325 0.0209093 0.0235195
0.729326 0.0160156 0.0235195
0.729326 0.00622816 0.0235195
0.729326 -0.0035593 0.0235195
0.729327 -0.00845303 0.0235195
0.729327 -0.0182405 0.0235195
0.729327 -0.028028 0.0235195
0.729328 -0.0378154 0.0235195
0.729328 -0.0476029 0.0235195
0.729328 -0.0524966 0.0235195
0.729329 -0.0573903 0.0235195
0.729329 -0.0622841 0.0235195
0.729329 -0.0671778 0.0235195
0.72933 -0.0769653 0.0235195
0.72933 -0.081859 0.0235195
0.72933 -0.0867527 0.0235195
0.72933 -0.0916465 0.0235195
0.729331 -0.101434 0.0235195
0.729331 -0.106328 0.0235195
0.729331 -0.111221 0.0235195
0.714424 0.11389 0.0483451
0.729321 0.11389 0.0284846
0.729322 0.108997 0.0284846
0.729322 0.0943153 0.0284846
0.729322 0.0894216 0.0284846
0.729323 0.0747404 0.0284846
0.729323 0.0698467 0.0284846
0.729324 0.0600592 0.0284846
0.729324 0.0551655 0.0284846
0.729324 0.045378 0.0284846
0.684628 0.113888 0.0533102
0.729325 0.0306968 0.0284846
0.729325 0.0258031 0.0284846
0.729325 0.0209093 0.0284846
0.729326 0.0160156 0.0284846
0.729326 0.00622816 0.0284846
0.729327 -0.028028 0.0284846
0.729328 -0.0378154 0.0284846
0.729328 -0.0427091 0.0284846
0.729328 -0.0476029 0.0284846
0.729328 -0.0524966 0.0284846
0.729329 -0.0573903 0.0284846
0.729329 -0.0622841 0.0284846
0.729329 -0.0671778 0.0284846
0.729329 -0.0720715 0.0284846
0.72933 -0.0769653 0.0284846
0.72933 -0.081859 0.0284846
0.72933 -0.0965402 0.0284846
0.729331 -0.111221 0.0284846
0.605174 0.113885 0.0334498
0.729322 0.108997 0.0334498
0.729322 0.104103 0.0334498
0.729322 0.0943153 0.0334498
0.729323 0.0845279 0.0334498
0.729323 0.0698467 0.0334498
0.729323 0.0649529 0.0334498
0.729324 0.0600592 0.0334498
0.729324 0.0551655 0.0334498
0.729325 0.0404843 0.0334498
0.729325 0.0355905 0.0334498
0.684628 0.113888 0.0334498
0.729325 0.0306968 0.0334498
0.729325 0.0258031 0.0334498
0.729325 0.0209093 0.0334498
0.729326 0.0160156 0.0334498
0.729326 0.00622816 0.0334498
0.729326 0.00133443 0.0334498
0.729326 -0.0035593 0.0334498
0.729327 -0.00845303 0.0334498
0.729327 -0.0231342 0.0334498
0.729327 -0.028028 0.0334498
0.729328 -0.0329217 0.0334498
0.729328 -0.0378154 0.0334498
0.729328 -0.0427091 0.0334498
0.729328 -0.0476029 0.0334498
0.729328 -0.0524966 0.0334498
0.729329 -0.0573903 0.0334498
0.729329 -0.0622841 0.0334498
0.729329 -0.0671778 0.0334498
0.729329 -0.0720715 0.0334498
0.72933 -0.081859 0.0334498
0.72933 -0.0867527 0.0334498
0.72933 -0.0916465 0.0334498
0.72933 -0.0965402 0.0334498
0.729331 -0.101434 0.0334498
0.729331 -0.106328 0.0334498
0.729331 -0.111221 0.0334498
0.729322 0.0894216 0.0384149
0.729323 0.0845279 0.0384149
0.729323 0.0747404 0.0384149
0.729323 0.0698467 0.0384149
0.729323 0.0649529 0.0384149
0.729324 0.0600592 0.0384149
0.729324 0.0551655 0.0384149
0.729324 0.0502717 0.0384149
0.729324 0.045378 0.0384149
0.729325 0.0404843 0.0384149
0.600208 0.113885 -0.0559221
0.729325 0.0355905 0.0384149
0.684628 0.113888 0.04338
0.729325 0.0306968 0.0384149
0.729325 0.0258031 0.0384149
0.729325 0.0209093 0.0384149
0.729326 0.0160156 0.0384149
0.729326 -0.0035593 0.0384149
0.729327 -0.00845303 0.0384149
0.729327 -0.028028 0.0384149
0.729328 -0.0378154 0.0384149
0.729328 -0.0427091 0.0384149
0.729328 -0.0524966 0.0384149
0.729329 -0.0573903 0.0384149
0.729329 -0.0720715 0.0384149
0.72933 -0.0769653 0.0384149
0.72933 -0.081859 0.0384149
0.72933 -0.0916465 0.0384149
0.72933 -0.0965402 0.0384149
0.729331 -0.101434 0.0384149
0.729331 -0.106328 0.0384149
0.729321 0.11389 0.04338
0.605174 0.113885 0.0384149
0.729322 0.108997 0.04338
0.729322 0.0943153 0.04338
0.729322 0.0894216 0.04338
0.729323 0.0845279 0.04338
0.729323 0.0747404 0.04338
0.729323 0.0698467 0.04338
0.729324 0.0600592 0.04338
0.729324 0.0551655 0.04338
0.729324 0.0502717 0.04338
0.729324 0.045378 0.04338
0.729325 0.0404843 0.04338
0.729325 0.0355905 0.04338
0.729325 0.0306968 0.04338
0.729325 0.0209093 0.04338
0.729326 0.0160156 0.04338
0.729326 -0.0035593 0.04338
0.729327 -0.00845303 0.04338
0.729327 -0.0133468 0.04338
0.729327 -0.028028 0.04338
0.729328 -0.0378154 0.04338
0.729328 -0.0427091 0.04338
0.729329 -0.0573903 0.04338
0.729329 -0.0622841 0.04338
0.729329 -0.0671778 0.04338
0.729329 -0.0720715 0.04338
0.72933 -0.0769653 0.04338
0.72933 -0.0867527 0.04338
0.72933 -0.0965402 0.04338
0.729331 -0.101434 0.04338
0.729331 -0.106328 0.04338
0.679662 0.113888 -0.0658523
0.729331 -0.111221 0.04338
0.729321 0.11389 0.0483451
0.729322 0.108997 0.0483451
0.639935 0.113886 -0.0211664
0.729322 0.099209 0.0483451
0.729322 0.0943153 0.0483451
0.729322 0.0894216 0.0483451
0.729323 0.0845279 0.0483451
0.729323 0.0796341 0.0483451
0.729323 0.0698467 0.0483451
0.729323 0.0649529 0.0483451
0.729324 0.0600592 0.0483451
0.729324 0.0551655 0.0483451
0.729324 0.0502717 0.0483451
0.729324 0.045378 0.0483451
0.729325 0.0404843 0.0483451
0.729325 0.0258031 0.0483451
0.729326 0.00622816 0.0483451
0.729326 -0.0035593 0.0483451
0.729327 -0.00845303 0.0483451
0.729327 -0.0133468 0.0483451
0.729327 -0.028028 0.0483451
0.729328 -0.0378154 0.0483451
0.729328 -0.0427091 0.0483451
0.729328 -0.0524966 0.0483451
0.729329 -0.0622841 0.0483451
0.729329 -0.0671778 0.0483451
0.729329 -0.0720715 0.0483451
0.72933 -0.0769653 0.0483451
0.72933 -0.081859 0.0483451
0.72933 -0.0867527 0.0483451
0.72933 -0.0916465 0.0483451
0.72933 -0.0965402 0.0483451
0.729331 -0.101434 0.0483451
0.729331 -0.106328 0.0483451
0.729331 -0.111221 0.0483451
0.729321 0.11389 0.0533102
0.605174 0.113885 -0.0310966
0.729322 0.108997 0.0533102
0.729322 0.099209 0.0533102
0.729322 0.0943153 0.0533102
0.729322 0.0894216 0.0533102
0.729323 0.0698467 0.0533102
0.729323 0.0649529 0.0533102
0.729324 0.0600592 0.0533102
0.729324 0.0551655 0.0533102
0.729324 0.045378 0.0533102
0.729325 0.0404843 0.0533102
0.729325 0.0355905 0.0533102
0.729325 0.0306968 0.0533102
0.729325 0.0258031 0.0533102
0.729325 0.0209093 0.0533102
0.729326 -0.0035593 0.0533102
0.729327 -0.0231342 0.0533102
0.729328 -0.0329217 0.0533102
0.729328 -0.0378154 0.0533102
0.729328 -0.0427091 0.0533102
0.729328 -0.0476029 0.0533102
0.729328 -0.0524966 0.0533102
0.729329 -0.0573903 0.0533102
0.729329 -0.0622841 0.0533102
0.729329 -0.0671778 0.0533102
0.729329 -0.0720715 0.0533102
0.72933 -0.0769653 0.0533102
0.72933 -0.081859 0.0533102
0.72933 -0.0867527 0.0533102
0.72933 -0.0965402 0.0533102
0.729331 -0.101434 0.0533102
0.729331 -0.106328 0.0533102
0.729331 -0.111221 0.0533102
0.729321 0.11389 0.0582753
0.729322 0.108997 0.0582753
0.729322 0.099209 0.0582753
0.729322 0.0943153 0.0582753
0.729323 0.0845279 0.0582753
0.729324 0.0600592 0.0582753
0.729324 0.045378 0.0582753
0.729325 0.0404843 0.0582753
0.729325 0.0355905 0.0582753
0.729325 0.0306968 0.0582753
0.729325 0.0258031 0.0582753
0.729325 0.0209093 0.0582753
0.729326 0.0160156 0.0582753
0.729326 0.00622816 0.0582753
0.729326 0.00133443 0.0582753
0.729326 -0.0035593 0.0582753
0.729327 -0.00845303 0.0582753
0.729327 -0.0231342 0.0582753
0.729328 -0.0378154 0.0582753
0.729328 -0.0427091 0.0582753
0.729328 -0.0476029 0.0582753
0.729329 -0.0622841 0.0582753
0.729329 -0.0720715 0.0582753
0.72933 -0.0769653 0.0582753
0.72933 -0.081859 0.0582753
0.72933 -0.0867527 0.0582753
0.72933 -0.0965402 0.0582753
0.729331 -0.101434 0.0582753
0.729331 -0.106328 0.0582753
0.729331 -0.111221 0.0582753
0.729321 0.11389 0.0632404
0.69456 0.113889 0.0632404
0.729322 0.104103 0.0632404
0.639935 0.113886 -0.0162013
0.729322 0.099209 0.0632404
0.729322 0.0943153 0.0632404
0.729323 0.0845279 0.0632404
0.729323 0.0649529 0.0632404
0.729324 0.0600592 0.0632404
0.729324 0.0551655 0.0632404
0.729324 0.0502717 0.0632404
0.729324 0.045378 0.0632404
0.729325 0.0404843 0.0632404
0.729325 0.0258031 0.0632404
0.729325 0.0209093 0.0632404
0.729326 0.00622816 0.0632404
0.729326 0.00133443 0.0632404
0.729326 -0.0035593 0.0632404
0.729327 -0.00845303 0.0632404
0.729327 -0.0231342 0.0632404
0.729327 -0.028028 0.0632404
0.729328 -0.0378154 0.0632404
0.729328 -0.0427091 0.0632404
0.729329 -0.0573903 0.0632404
0.729329 -0.0622841 0.0632404
0.729329 -0.0720715 0.0632404
0.72933 -0.0769653 0.0632404
0.72933 -0.0867527 0.0632404
0.729331 -0.101434 0.0632404
0.729331 -0.106328 0.0632404
0.729331 -0.111221 0.0632404
0.729331 -0.116115 -0.0658523
0.724365 -0.116115 -0.0658523
0.719399 -0.116116 -0.0658523
0.729327 -0.0182405 0.0185544
0.714433 -0.116116 -0.0658523
0.699536 -0.116116 -0.0658523
0.72933 -0.0916465 0.0533102
0.69457 -0.116117 -0.0658523
0.689604 -0.116117 -0.0658523
0.684638 -0.116117 -0.0658523
0.679672 -0.116117 -0.0658523
0.674706 -0.116117 -0.0658523
0.664775 -0.116118 -0.0658523
0.654843 -0.116118 -0.0658523
0.639945 -0.116119 -0.0658523
0.634979 -0.116119 -0.0658523
0.630013 -0.116119 -0.0658523
0.625047 -0.11612 -0.0658523
0.620081 -0.11612 -0.0658523
0.61015 -0.11612 -0.0658523
0.590286 -0.116121 -0.0658523
0.580354 -0.116121 -0.0658523
0.729331 -0.116115 -0.0608872
0.724365 -0.116115 -0.0608872
0.709468 -0.116116 -0.0608872
0.704502 -0.116116 -0.0608872
0.699536 -0.116116 -0.0608872
0.689604 -0.116117 -0.0608872
0.644901 0.113887 -0.0559221
0.684638 -0.116117 -0.0608872
0.66974 -0.116118 -0.0608872
0.664775 -0.116118 -0.0608872
0.649877 -0.116118 -0.0608872
0.639945 -0.116119 -0.0608872
0.625047 -0.11612 -0.0608872
0.620081 -0.11612 -0.0608872
0.615116 -0.11612 -0.0608872
0.61015 -0.11612 -0.0608872
0.600218 -0.116121 -0.0608872
0.590286 -0.116121 -0.0608872
0.58532 -0.116121 -0.0608872
0.580354 -0.116121 -0.0608872
0.714433 -0.116116 -0.0559221
0.69457 -0.116117 -0.0559221
0.674706 -0.116117 -0.0559221
0.66974 -0.116118 -0.0559221
0.664775 -0.116118 -0.0559221
0.719399 -0.116116 -0.0608872
0.659809 -0.116118 -0.0559221
0.729323 0.0747404 0.0334498
0.654843 -0.116118 -0.0559221
0.649877 -0.116118 -0.0559221
0.729326 0.0111219 -0.0559221
0.639945 -0.116119 -0.0559221
0.630013 -0.116119 -0.0559221
0.615116 -0.11612 -0.0559221
0.590276 0.113884 -0.0162013
0.729328 -0.0329217 0.0483451
0.605184 -0.11612 -0.0559221
0.600218 -0.116121 -0.0559221
0.590286 -0.116121 -0.0559221
0.575388 -0.116122 -0.0559221
0.729331 -0.116115 -0.050957
0.719399 -0.116116 -0.050957
0.714433 -0.116116 -0.050957
0.699536 -0.116116 -0.050957
0.66974 -0.116118 -0.050957
0.664775 -0.116118 -0.050957
0.729323 0.0747404 0.0632404
0.654843 -0.116118 -0.050957
0.649877 -0.116118 -0.050957
0.644911 -0.116119 -0.050957
0.625047 -0.11612 -0.050957
0.620081 -0.11612 -0.050957
0.615116 -0.11612 -0.050957
0.590276 0.113884 -0.0112362
0.605184 -0.11612 -0.050957
0.590286 -0.116121 -0.050957
0.58532 -0.116121 -0.050957
0.575388 -0.116122 -0.050957
0.729331 -0.116115 -0.0459919
0.704502 -0.116116 -0.0459919
0.699536 -0.116116 -0.0459919
0.72933 -0.0916465 -0.0261315
0.69457 -0.116117 -0.0459919
0.689604 -0.116117 -0.0459919
0.61014 0.113885 -0.0410268
0.674706 -0.116117 -0.0459919
0.66974 -0.116118 -0.0459919
0.654843 -0.116118 -0.0459919
0.649877 -0.116118 -0.0459919
0.644911 -0.116119 -0.0459919
0.729326 0.0111219 -0.0658523
0.639945 -0.116119 -0.0459919
0.630013 -0.116119 -0.0459919
0.625047 -0.11612 -0.0459919
0.615116 -0.11612 -0.0459919
0.595252 -0.116121 -0.0459919
0.58532 -0.116121 -0.0459919
0.580354 -0.116121 -0.0459919
0.729331 -0.116115 -0.0410268
0.719399 -0.116116 -0.0410268
0.729327 -0.0182405 0.04338
0.714433 -0.116116 -0.0410268
0.699536 -0.116116 -0.0410268
0.72933 -0.0916465 -0.0211664
0.69457 -0.116117 -0.0410268
0.689604 -0.116117 -0.0410268
0.674706 -0.116117 -0.0410268
0.66974 -0.116118 -0.0410268
0.664775 -0.116118 -0.0410268
0.649877 -0.116118 -0.0410268
0.644911 -0.116119 -0.0410268
0.639945 -0.116119 -0.0410268
0.630013 -0.116119 -0.0410268
0.615116 -0.11612 -0.0410268
0.590276 0.113884 0.00365914
0.605184 -0.11612 -0.0410268
0.600218 -0.116121 -0.0410268
0.595252 -0.116121 -0.0410268
0.590286 -0.116121 -0.0410268
0.58532 -0.116121 -0.0410268
0.575388 -0.116122 -0.0410268
0.729331 -0.116115 -0.0360617
0.729327 -0.0182405 0.0483451
0.714433 -0.116116 -0.0360617
0.699536 -0.116116 -0.0360617
0.69457 -0.116117 -0.0360617
0.689604 -0.116117 -0.0360617
0.644901 0.113887 0.0135893
0.684638 -0.116117 -0.0360617
0.679672 -0.116117 -0.0360617
0.66974 -0.116118 -0.0360617
0.664775 -0.116118 -0.0360617
0.644911 -0.116119 -0.0360617
0.639945 -0.116119 -0.0360617
0.634979 -0.116119 -0.0360617
0.630013 -0.116119 -0.0360617
0.625047 -0.11612 -0.0360617
0.620081 -0.11612 -0.0360617
0.729328 -0.0329217 -0.0211664
0.605184 -0.11612 -0.0360617
0.595252 -0.116121 -0.0360617
0.590286 -0.116121 -0.0360617
0.58532 -0.116121 -0.0360617
0.575388 -0.116122 -0.0360617
0.729331 -0.116115 -0.0310966
0.709468 -0.116116 -0.0310966
0.704502 -0.116116 -0.0310966
0.699536 -0.116116 -0.0310966
0.69457 -0.116117 -0.0310966
0.689604 -0.116117 -0.0310966
0.684638 -0.116117 -0.0310966
0.674706 -0.116117 -0.0310966
0.664775 -0.116118 -0.0310966
0.659809 -0.116118 -0.0310966
0.729323 0.0747404 0.0582753
0.654843 -0.116118 -0.0310966
0.649877 -0.116118 -0.0310966
0.729327 -0.0182405 0.00365914
0.714433 -0.116116 -0.0608872
0.639936 0.0943115 -0.0708174
0.714424 0.11389 0.04338
0.729321 0.11389 0.0334498
0.659807 -0.0720745 0.0682055
0.714424 0.11389 -0.0211664
0.649867 0.113887 -0.0708174
0.590286 -0.116121 0.0582753
0.644911 -0.111225 -0.0708174
0.729322 0.099209 -0.0708174
0.64491 -0.0867563 -0.0708174
0.570415 0.0649462 0.00862424
0.590276 0.113884 -0.0559221
0.605184 -0.11612 -0.00627106
0.634973 0.0306928 -0.0708174
0.600211 0.0502662 0.0682055
0.644904 0.0453744 -0.0708174
0.644903 0.0649493 -0.0708174
0.644903 0.0698431 -0.0708174
0.644903 0.0747368 -0.0708174
0.600208 0.113885 0.0334498
0.729325 0.0355905 -0.0658523
0.66974 -0.111224 -0.0708174
0.644902 0.0943117 -0.0708174
0.649876 -0.101437 -0.0708174
0.729327 -0.0133468 -0.0112362
0.639942 -0.0476067 -0.0708174
0.639942 -0.042713 -0.0708174
0.585317 -0.0525027 -0.0708174
0.639942 -0.0329255 -0.0708174
0.590286 -0.116121 -0.0112362
0.63994 0.00133062 -0.0708174
0.570419 -0.0427159 0.0582753
0.63994 0.00622435 -0.0708174
0.570421 -0.0867595 0.0682055
0.674697 0.113888 0.0135893
0.729328 -0.0476029 -0.0112362
0.669735 0.00622562 -0.0708174
0.649877 -0.116118 0.0533102
0.63994 0.0111181 -0.0708174
0.630003 0.113886 -0.0310966
0.57042 -0.0476096 0.0582753
0.639939 0.030693 -0.0708174
0.639939 0.0355867 -0.0708174
0.639938 0.0453742 -0.0708174
0.570422 -0.101441 -0.0211664
0.639935 0.108993 -0.0708174
0.634979 -0.116119 -0.0708174
0.615106 0.108992 0.0682055
0.570418 -0.0133535 0.04338
0.664765 0.113887 -0.0559221
0.634978 -0.081863 -0.0708174
0.620078 -0.0280326 -0.0708174
0.634977 -0.0573944 -0.0708174
0.610143 0.0453729 -0.0708174
0.634975 -0.0231382 -0.0708174
0.709458 0.113889 0.0582753
0.634975 -0.0182445 -0.0708174
0.570421 -0.0818658 -0.00130596
0.729328 -0.0476029 0.0483451
0.634974 0.0111179 -0.0708174
0.634973 0.0209053 -0.0708174
0.600218 -0.116121 -0.0310966
0.729326 0.0160156 0.0135893
0.634973 0.0355865 -0.0708174
0.684632 0.0160137 -0.0708174
0.639943 -0.0671816 -0.0708174
0.634972 0.045374 -0.0708174
0.639943 -0.0720753 -0.0708174
0.634972 0.0502677 -0.0708174
0.644902 0.089418 -0.0708174
0.719394 0.001334 -0.0708174
0.639944 -0.0818628 -0.0708174
0.634972 0.0600552 -0.0708174
0.590285 -0.0818649 -0.0708174
0.719394 0.0111215 -0.0708174
0.57042 -0.0476096 0.0334498
0.639945 -0.106331 -0.0708174
0.634971 0.0845238 -0.0708174
0.63497 0.099205 -0.0708174
0.630012 -0.0965444 -0.0708174
0.729326 0.0160156 0.00365914
0.630012 -0.0818632 -0.0708174
0.630011 -0.067182 -0.0708174
0.630011 -0.0573946 -0.0708174
0.570415 0.0698399 -0.0658523
0.605174 0.113885 -0.00627106
0.630011 -0.0525008 -0.0708174
0.729322 0.108997 -0.00627106
0.63001 -0.0427134 -0.0708174
0.570415 0.0649462 -0.0459919
0.630009 -0.0231385 -0.0708174
0.729328 -0.0524966 0.04338
0.630008 -0.00356353 -0.0708174
0.709458 0.113889 0.0235195
0.630007 0.0257989 -0.0708174
0.595247 0.00622245 0.0682055
0.719399 -0.106328 -0.0708174
0.674697 0.113888 0.0235195
0.729329 -0.0573903 0.0135893
0.595245 0.050266 -0.0708174
0.630011 -0.0720758 -0.0708174
0.719394 0.001334 0.0682055
0.729325 0.0258031 0.04338
0.714428 0.0209087 0.0682055
0.570421 -0.076972 0.0582753
0.630006 0.0502675 -0.0708174
0.689597 0.0551638 -0.0708174
0.729327 -0.00845303 -0.0310966
0.630004 0.0943111 -0.0708174
0.729327 -0.028028 -0.0360617
0.630004 0.108992 -0.0708174
0.590285 -0.0916524 0.0682055
0.674697 0.113888 -0.0708174
0.600218 -0.116121 0.04338
0.630003 0.113886 -0.0708174
0.669736 -0.0133493 0.0682055
0.634969 0.113886 0.0483451
0.639942 -0.0378192 -0.0708174
0.595251 -0.0867584 -0.0708174
0.590277 0.104097 -0.0708174
0.585317 -0.047609 -0.0708174
0.625045 -0.052501 -0.0708174
0.570415 0.050265 -0.0608872
0.625038 0.113886 0.0632404
0.570416 0.0355838 -0.0211664
0.625041 0.0306924 -0.0708174
0.699526 0.113889 -0.0410268
0.570415 0.0600524 0.0284846
0.62504 0.0453736 -0.0708174
0.580349 0.00622182 -0.0708174
0.684638 -0.116117 0.00862424
0.625038 0.0943109 -0.0708174
0.669731 0.113888 0.0533102
0.664766 0.0845251 -0.0708174
0.625038 0.104098 -0.0708174
0.625038 0.108992 -0.0708174
0.580354 -0.116121 -0.0559221
0.620081 -0.106332 -0.0708174
0.570421 -0.0720783 0.0384149
0.620081 -0.0965448 -0.0708174
0.610149 -0.106333 -0.0708174
0.595242 0.113885 -0.0211664
0.620078 -0.0329263 -0.0708174
0.729329 -0.0573903 0.0682055
0.63001 -0.0329259 0.0682055
0.620077 -0.0182451 -0.0708174
0.620077 -0.00845769 -0.0708174
0.570418 -0.0084598 -0.0310966
0.620076 0.0111172 -0.0708174
0.570414 0.0894148 -0.00130596
0.570422 -0.116122 -0.050957
0.620074 0.0551608 -0.0708174
0.580349 0.0160093 0.0682055
0.620074 0.0600545 -0.0708174
0.580346 0.0698403 0.0682055
0.724363 -0.0524968 -0.0708174
0.570418 -0.0182473 -0.0112362
0.620074 0.069842 -0.0708174
0.729324 0.045378 -0.0261315
0.664771 -0.0427119 0.0682055
0.724362 -0.0280282 -0.0708174
0.615115 -0.106333 -0.0708174
0.729328 -0.0427091 -0.0211664
0.615115 -0.096545 -0.0708174
0.595252 -0.116121 0.0582753
0.615114 -0.0720764 -0.0708174
0.615113 -0.0671827 -0.0708174
0.714424 0.0943147 -0.0708174
0.570417 0.0209026 0.0632404
0.615113 -0.0622889 -0.0708174
0.570417 0.0160089 0.0632404
0.729328 -0.0329217 -0.0559221
0.630005 0.0698424 -0.0708174
0.570414 0.0796273 0.0533102
0.674701 0.0160133 0.0682055
0.625043 -0.00356374 -0.0708174
0.615111 -0.00356417 -0.0708174
0.61511 0.00622329 -0.0708174
0.570414 0.0943085 -0.0608872
0.644909 -0.0720751 -0.0708174
0.729328 -0.0378154 0.0185544
0.61511 0.011117 -0.0708174
0.684632 0.0355886 0.0682055
0.570414 0.0894148 -0.0559221
0.61511 0.0160108 -0.0708174
0.615109 0.0306919 -0.0708174
0.729328 -0.0476029 0.0632404
0.615109 0.0355857 -0.0708174
0.615108 0.0502669 -0.0708174
0.694567 -0.0524981 0.0682055
0.615108 0.0600543 -0.0708174
0.615108 0.0649481 -0.0708174
0.615108 0.0698418 -0.0708174
0.570414 0.0943085 -0.00627106
0.729329 -0.0671778 0.0582753
0.615107 0.0747355 -0.0708174
0.659799 0.113887 0.0483451
0.66477 -0.00356205 -0.0708174
0.729322 0.0943153 0.0235195
0.610149 -0.0916515 -0.0708174
0.570417 0.0111151 -0.00627106
0.69456 0.113889 0.0235195
0.610148 -0.0769703 -0.0708174
0.679669 -0.0427113 0.0682055
0.570415 0.050265 -0.0162013
0.595242 0.113885 0.0582753
0.610147 -0.0525017 -0.0708174
0.620073 0.0894169 -0.0708174
0.610147 -0.0427142 -0.0708174
0.724358 0.060059 0.0682055
0.570422 -0.101441 0.0632404
0.570422 -0.0965469 0.0632404
0.610146 -0.028033 -0.0708174
0.570413 0.10899 0.0682055
0.625045 -0.0671822 -0.0708174
0.664765 0.113887 -0.0310966
0.58531 0.113884 0.0284846
0.610144 0.0209043 -0.0708174
0.704496 0.0160146 -0.0708174
0.610143 0.0355855 -0.0708174
0.610143 0.0404792 -0.0708174
0.66974 -0.101436 0.0682055
0.61014 0.108991 -0.0708174
0.570422 -0.101441 -0.0261315
0.570416 0.03069 -0.00130596
0.72933 -0.0867527 -0.0360617
0.575384 -0.0231408 0.0682055
0.644904 0.0355869 -0.0708174
0.634976 -0.0476069 -0.0708174
0.570418 -0.00356607 -0.0162013
0.729324 0.0502717 0.0334498
0.605181 -0.0476082 -0.0708174
0.605174 0.113885 -0.0658523
0.729322 0.099209 0.0284846
0.585313 0.0551593 -0.0708174
0.605182 -0.0720768 -0.0708174
0.605179 -0.0133521 -0.0708174
0.605179 -0.00356459 -0.0708174
0.605179 0.00132914 -0.0708174
0.605178 0.0111166 -0.0708174
0.605177 0.0355853 -0.0708174
0.724355 0.11389 0.0235195
0.605177 0.040479 -0.0708174
0.669738 -0.0524991 0.0682055
0.694565 -0.00845451 -0.0708174
0.630003 0.113886 0.0284846
0.605177 0.0453727 -0.0708174
0.605177 0.0502664 -0.0708174
0.654834 0.0845247 0.0682055
0.605175 0.0796288 -0.0708174
0.625046 -0.0769697 -0.0708174
0.570419 -0.0378222 -0.050957
0.630013 -0.116119 -0.0211664
0.605174 0.104097 -0.0708174
0.570416 0.0404775 -0.0360617
0.634979 -0.116119 -0.0211664
0.600218 -0.116121 -0.0708174
0.600218 -0.111227 -0.0708174
0.729324 0.045378 -0.0658523
0.684629 0.0894197 -0.0708174
0.72933 -0.0916465 -0.0112362
0.69457 -0.116117 0.0582753
0.669731 0.113888 0.0185544
0.600217 -0.0965457 -0.0708174
0.600217 -0.091652 -0.0708174
0.570413 0.0992023 -0.0261315
0.600216 -0.0818645 -0.0708174
0.600216 -0.0622896 -0.0708174
0.684636 -0.0720734 -0.0708174
0.600215 -0.0476084 -0.0708174
0.57042 -0.0476096 -0.0112362
0.630003 0.113886 -0.00130596
0.57042 -0.0476096 0.0533102
0.719391 0.0796337 0.0682055
0.600212 0.0306913 -0.0708174
0.610141 0.0943102 0.0682055
0.600211 0.035585 -0.0708174
0.600211 0.0404788 -0.0708174
0.709458 0.113889 0.0682055
0.570418 -0.00356607 -0.0211664
0.60021 0.0796286 -0.0708174
0.644904 0.0355869 0.0682055
0.694564 0.0258016 -0.0708174
0.674706 -0.116117 -0.050957
0.600209 0.0992035 -0.0708174
0.58532 -0.116121 -0.0559221
0.684628 0.108995 -0.0708174
0.729327 -0.0133468 0.0284846
0.570421 -0.0867595 0.00862424
0.69457 -0.116117 0.0185544
0.600208 0.104097 -0.0708174
0.639945 -0.111225 -0.0708174
0.729325 0.0355905 -0.050957
0.600208 0.113885 -0.0708174
0.570421 -0.0720783 -0.0410268
0.595252 -0.116121 -0.0708174
0.714424 0.11389 -0.0708174
0.634979 -0.101438 -0.0708174
0.600212 0.0257976 -0.0708174
0.615112 -0.0280328 -0.0708174
0.595251 -0.0916522 -0.0708174
0.694562 0.0698452 0.0682055
0.684629 0.0992071 -0.0708174
0.59525 -0.076971 -0.0708174
0.729321 0.11389 0.0384149
0.59525 -0.0720772 -0.0708174
0.689602 -0.076967 -0.0708174
0.59525 -0.0671835 -0.0708174
0.570421 -0.076972 0.0235195
0.595249 -0.0476086 -0.0708174
0.729329 -0.0622841 -0.0410268
0.625047 -0.106332 -0.0708174
0.570414 0.0845211 0.0185544
0.595249 -0.0378211 -0.0708174
0.58531 0.113884 0.0235195
0.620081 -0.101439 0.0682055
0.620081 -0.11612 -0.0459919
0.570418 -0.00356607 0.04338
0.729323 0.0649529 -0.0112362
0.595248 -0.0231399 -0.0708174
0.595242 0.113885 -0.0459919
0.595248 -0.0182462 -0.0708174
0.605181 -0.0427144 -0.0708174
0.654839 -0.0280311 0.0682055
0.605174 0.113885 0.0632404
0.709461 0.0453772 0.0682055
0.595247 -0.00356501 -0.0708174
0.57042 -0.0622908 0.0185544
0.694566 -0.0133482 0.0682055
0.595247 0.00622245 -0.0708174
0.570416 0.0355838 -0.050957
0.595246 0.0257974 -0.0708174
0.639935 0.113886 -0.0708174
0.595246 0.0306911 -0.0708174
0.595245 0.0355848 -0.0708174
0.595245 0.0551598 -0.0708174
0.620076 0.00622351 -0.0708174
0.704502 -0.116116 -0.0112362
0.595244 0.0649472 -0.0708174
0.639937 0.0649491 0.0682055
0.595243 0.0845221 -0.0708174
0.639941 -0.023138 -0.0708174
0.570421 -0.0720783 -0.0162013
0.639937 0.0698429 -0.0708174
0.595243 0.0943096 -0.0708174
0.719393 0.0355901 0.0682055
0.729322 0.0894216 0.0334498
0.620075 0.0355859 0.0682055
0.709458 0.113889 -0.00627106
0.729323 0.0698467 -0.0608872
0.61015 -0.11612 -0.0708174
0.654843 -0.116118 0.0185544
0.595242 0.113885 -0.0708174
0.699536 -0.116116 -0.00627106
0.590286 -0.116121 -0.0708174
0.570421 -0.0720783 -0.0608872
0.590286 -0.111227 -0.0708174
0.639945 -0.116119 0.0185544
0.590286 -0.106334 -0.0708174
0.590285 -0.10144 -0.0708174
0.724365 -0.116115 0.0235195
0.590285 -0.0916524 -0.0708174
0.585313 0.0453719 0.0682055
0.729331 -0.111221 0.0682055
0.590284 -0.0769712 -0.0708174
0.570414 0.0943085 0.0235195
0.719398 -0.0769657 0.0682055
0.590283 -0.0427151 -0.0708174
0.6747 0.0355882 0.0682055
0.570422 -0.101441 -0.050957
0.615112 -0.0231391 0.0682055
0.590282 -0.0182464 -0.0708174
0.620077 -0.00356395 -0.0708174
0.684635 -0.0524985 0.0682055
0.659803 0.0209064 -0.0708174
0.729329 -0.0573903 -0.0162013
0.590281 -0.00356522 -0.0708174
0.570419 -0.0427159 0.04338
0.59028 0.0355846 -0.0708174
0.684638 -0.116117 -0.050957
0.590279 0.0453721 -0.0708174
0.590278 0.0747345 -0.0708174
0.570414 0.0894148 0.0235195
0.615112 -0.0231391 -0.0708174
0.58532 -0.106334 -0.0708174
0.634976 -0.0525006 -0.0708174
0.570418 -0.0084598 -0.00130596
0.580354 -0.116121 0.00862424
0.585319 -0.0867589 -0.0708174
0.585319 -0.0769714 -0.0708174
0.585318 -0.0671839 -0.0708174
0.585318 -0.0573965 -0.0708174
0.625047 -0.11612 0.0632404
0.585316 -0.0280341 -0.0708174
0.699536 -0.116116 0.0483451
0.694563 0.055164 0.0682055
0.724359 0.0355903 0.0682055
0.615115 -0.0916513 -0.0708174
0.585316 -0.00845917 -0.0708174
0.729329 -0.0573903 0.0483451
0.590285 -0.10144 0.0682055
0.620076 0.0209047 -0.0708174
0.634969 0.113886 -0.0310966
0.605177 0.0453727 0.0682055
0.570417 0.0111151 0.0384149
0.58532 -0.116121 0.04338
0.585314 0.0209032 -0.0708174
0.634974 -0.00356332 -0.0708174
0.570422 -0.111228 -0.0559221
0.585313 0.0502656 -0.0708174
0.610146 -0.0231393 0.0682055
0.585312 0.0747343 -0.0708174
0.570415 0.0551587 -0.0310966
0.585311 0.0992029 -0.0708174
0.570414 0.0894148 0.0632404
0.600211 0.0502662 -0.0708174
0.729326 0.00133443 -0.0658523
0.580354 -0.116121 0.0632404
0.664765 0.113887 0.0235195
0.585311 0.10899 -0.0708174
0.58531 0.113884 -0.0708174
0.659803 0.0160127 0.0682055
0.580352 -0.0622904 -0.0708174
0.605176 0.0551602 -0.0708174
0.634979 -0.111225 -0.0708174
0.610147 -0.0622891 -0.0708174
0.709463 0.00133358 -0.0708174
0.580352 -0.052503 -0.0708174
0.570415 0.0600524 -0.0658523
0.61014 0.104098 -0.0708174
0.595242 0.113885 0.0185544
0.580351 -0.0427155 -0.0708174
0.580351 -0.0378218 -0.0708174
0.729329 -0.0573903 -0.0211664
0.580348 0.0306905 -0.0708174
0.580348 0.0355842 -0.0708174
0.605174 0.113885 -0.0360617
0.729322 0.108997 0.0682055
0.605178 0.0257978 -0.0708174
0.639939 0.0209055 -0.0708174
0.570421 -0.0818658 0.0334498
0.61014 0.113885 -0.0261315
0.580348 0.0404779 -0.0708174
0.570417 0.0209026 0.00862424
0.580347 0.0551591 -0.0708174
0.649877 -0.116118 0.0632404
0.580347 0.0600529 -0.0708174
0.580346 0.0698403 -0.0708174
0.610149 -0.111226 -0.0708174
0.605175 0.0894163 -0.0708174
0.714424 0.11389 0.0533102
0.729321 0.11389 0.0185544
0.580353 -0.0916528 0.0682055
0.610143 0.0306917 -0.0708174
0.580346 0.0796278 -0.0708174
0.58532 -0.116121 0.0582753
0.729328 -0.0524966 0.0632404
0.615107 0.0796293 -0.0708174
0.69456 0.113889 0.04338
0.63001 -0.0476071 -0.0708174
0.729325 0.0258031 0.0185544
0.580346 0.0845215 -0.0708174
0.630012 -0.086757 -0.0708174
0.580346 0.0894152 -0.0708174
0.580345 0.104096 -0.0708174
0.570414 0.0943085 0.00365914
0.575388 -0.111228 -0.0708174
0.714426 0.0649523 0.0682055
0.570422 -0.111228 -0.0410268
0.575387 -0.0867593 -0.0708174
0.65484 -0.0524998 0.0682055
0.630003 0.113886 0.0384149
0.57042 -0.0476096 0.0384149
0.575387 -0.0818655 -0.0708174
0.729328 -0.0329217 0.0582753
0.57042 -0.0573971 0.0235195
0.729327 -0.0182405 0.0533102
0.57042 -0.0525034 0.0334498
0.575386 -0.0525032 -0.0708174
0.600214 -0.0231397 0.0682055
0.575385 -0.0280345 -0.0708174
0.590283 -0.0476088 -0.0708174
0.570413 0.104096 -0.0608872
0.580345 0.0992027 -0.0708174
0.585317 -0.0329278 0.0682055
0.570416 0.03069 0.0235195
0.699536 -0.116116 -0.00130596
0.729331 -0.116115 -0.0211664
0.72933 -0.0965402 0.0632404
0.575384 -0.00356586 -0.0708174
0.719394 0.0111215 0.0682055
0.689594 0.113889 0.04338
0.575383 0.00132787 -0.0708174
0.71939 0.11389 0.04338
0.570422 -0.106334 0.0284846
0.724365 -0.116115 0.0135893
0.590283 -0.0525025 0.0682055
0.729331 -0.116115 -0.0112362
0.575383 0.0160091 -0.0708174
0.575383 0.0209028 -0.0708174
0.570421 -0.0818658 0.0632404
0.634969 0.113886 0.00862424
0.575382 0.0306903 -0.0708174
0.610144 0.00622308 0.0682055
0.575382 0.0404777 -0.0708174
0.70946 0.0698458 0.0682055
0.644901 0.113887 0.00365914
0.684638 -0.116117 -0.0261315
0.575381 0.0600526 -0.0708174
0.729322 0.104103 0.0533102
0.709463 -0.00845388 0.0682055
0.570415 0.0649462 0.0632404
0.669732 0.089419 0.0682055
0.610141 0.079629 -0.0708174
0.659809 -0.116118 -0.0360617
0.630003 0.113886 0.0682055
0.580352 -0.0720779 -0.0708174
0.575379 0.104096 -0.0708174
0.6598 0.0747374 -0.0708174
0.570418 -0.0182473 0.0185544
0.570422 -0.116122 -0.0708174
0.630008 -0.00356353 0.0682055
0.570415 0.0551587 0.00365914
0.600212 0.0160101 -0.0708174
0.689601 -0.057392 -0.0708174
0.570422 -0.101441 -0.0708174
0.610146 -0.028033 0.0682055
0.570421 -0.0818658 -0.0708174
0.570421 -0.0720783 -0.0708174
0.71939 0.11389 -0.0112362
0.575388 -0.0965467 -0.0708174
0.644907 -0.0280316 -0.0708174
0.57042 -0.0671846 -0.0708174
0.644905 0.0306932 -0.0708174
0.719399 -0.116116 -0.0360617
0.57042 -0.0525034 -0.0708174
0.699532 -0.0378167 0.0682055
0.704493 0.0943143 -0.0708174
0.709467 -0.096541 -0.0708174
0.634969 0.113886 -0.0608872
0.570421 -0.0867595 0.0334498
0.644901 0.113887 -0.0708174
0.704493 0.099208 -0.0708174
0.729327 -0.0182405 -0.0310966
0.570419 -0.0427159 -0.0708174
0.649875 -0.0769686 -0.0708174
0.570419 -0.0329285 -0.0708174
0.729328 -0.0524966 -0.0211664
0.704497 0.0062271 0.0682055
0.600214 -0.0231397 -0.0708174
0.61014 0.113885 0.0284846
0.674706 -0.116117 -0.0211664
0.570418 -0.0133535 -0.0708174
0.644911 -0.116119 -0.0211664
0.570416 0.0404775 -0.0708174
0.570415 0.0600524 -0.0708174
0.615107 0.084523 -0.0708174
0.664765 0.113887 -0.0459919
0.58531 0.113884 -0.00627106
0.570414 0.0796273 -0.0708174
0.570413 0.0992023 -0.0708174
0.625047 -0.11612 0.04338
0.729327 -0.0231342 -0.0261315
0.595252 -0.116121 0.0235195
0.570413 0.104096 -0.0708174
0.729331 -0.116115 0.0682055
0.630013 -0.116119 -0.0608872
0.610144 0.0111168 0.0682055
0.729331 -0.106328 0.0682055
0.729322 0.0943153 -0.0211664
0.585313 0.0502656 0.0682055
0.649874 -0.0525 0.0682055
0.644909 -0.0622877 -0.0708174
0.639938 0.0551617 -0.0708174
0.699536 -0.116116 0.0632404
0.729328 -0.0476029 0.0682055
0.674704 -0.0671801 -0.0708174
0.709465 -0.0524975 -0.0708174
0.570414 0.0747336 -0.00130596
0.729328 -0.0378154 0.0682055
0.729327 -0.0231342 0.0682055
0.570415 0.050265 -0.0410268
0.58532 -0.116121 0.00862424
0.669738 -0.0476054 -0.0708174
0.729327 -0.00845303 0.0682055
0.719392 0.0600588 0.0682055
0.729326 -0.0035593 0.0682055
0.570414 0.0747336 -0.0708174
0.590278 0.0698407 -0.0708174
0.729326 0.0160156 0.0682055
0.570421 -0.0720783 0.00862424
0.674699 0.0453757 0.0682055
0.729325 0.0209093 0.0682055
0.729325 0.0258031 0.0682055
0.615112 -0.0329266 -0.0708174
0.610145 -0.00845811 0.0682055
0.570416 0.0404775 -0.0310966
0.659809 -0.116118 -0.0410268
0.57042 -0.0525034 -0.0658523
0.719399 -0.116116 -0.00627106
0.729325 0.0306968 0.0682055
0.729325 0.0355905 0.0682055
0.729323 0.0649529 0.0682055
0.570418 -0.0084598 0.00365914
0.729323 0.0747404 0.0682055
0.729326 0.00133443 0.0384149
0.605182 -0.0769705 -0.0708174
0.684637 -0.0818609 -0.0708174
0.729322 0.104103 0.0682055
0.570416 0.0257963 -0.00130596
0.649867 0.113887 -0.00130596
0.639943 -0.0573941 -0.0708174
0.605181 -0.0525019 -0.0708174
0.724364 -0.0769655 0.0682055
0.615106 0.113885 0.0632404
0.654835 0.060056 -0.0708174
0.724363 -0.0622843 0.0682055
0.724363 -0.0573906 0.0682055
0.659803 0.0258001 0.0682055
0.610144 0.0160105 -0.0708174
0.729323 0.0649529 0.0284846
0.72436 0.00622795 0.0682055
0.729327 -0.028028 -0.0112362
0.570416 0.0257963 -0.050957
0.630005 0.0845236 -0.0708174
0.654842 -0.111225 0.0682055
0.72436 0.0111217 0.0682055
0.570414 0.0845211 -0.0708174
0.72436 0.0160154 0.0682055
0.585312 0.079628 0.0682055
0.72933 -0.0769653 -0.050957
0.570419 -0.023141 -0.0162013
0.729327 -0.00845303 -0.0658523
0.724359 0.0306966 0.0682055
0.674699 0.0649506 -0.0708174
0.724358 0.0502715 0.0682055
0.679665 0.0502696 0.0682055
0.595248 -0.0329274 -0.0708174
0.699527 0.0845266 0.0682055
0.63497 0.108992 0.0682055
0.600213 -0.0133523 -0.0708174
0.694569 -0.0916479 0.0682055
0.689595 0.104101 0.0682055
0.630012 -0.0916507 -0.0708174
0.724357 0.0796339 0.0682055
0.615106 0.113885 0.0135893
0.724357 0.0845276 0.0682055
0.724357 0.0894214 0.0682055
0.724356 0.0943151 0.0682055
0.724356 0.104103 0.0682055
0.729329 -0.0720715 -0.0211664
0.580349 0.0111155 -0.0708174
0.600211 0.0453725 -0.0708174
0.724356 0.108996 0.0682055
0.729327 -0.0231342 0.0284846
0.719399 -0.116116 0.0682055
0.580353 -0.0769716 -0.0708174
0.575379 0.10899 -0.0708174
0.570422 -0.111228 0.0135893
0.639945 -0.116119 0.0334498
0.729327 -0.00845303 -0.0410268
0.580354 -0.111228 -0.0708174
0.575379 0.0943088 -0.0708174
0.570419 -0.0378222 0.0582753
0.729331 -0.116115 0.0483451
0.719397 -0.0671782 0.0682055
0.719397 -0.052497 0.0682055
0.595245 0.0453723 -0.0708174
0.679665 0.0453759 -0.0708174
0.570419 -0.023141 0.0185544
0.729326 0.0111219 -0.0112362
0.639945 -0.116119 0.00862424
0.719395 -0.00355973 0.0682055
0.630004 0.0992048 -0.0708174
0.674706 -0.116117 -0.0608872
0.590285 -0.0965461 0.0682055
0.570419 -0.0329285 -0.0559221
0.634977 -0.0671818 -0.0708174
0.719394 0.0160152 0.0682055
0.719393 0.0258027 0.0682055
0.674698 0.0796318 0.0682055
0.679672 -0.116117 0.0682055
0.630006 0.0453738 -0.0708174
0.570421 -0.0818658 -0.0162013
0.719393 0.0306964 0.0682055
0.679672 -0.116117 0.0284846
0.615115 -0.101439 -0.0708174
0.719392 0.0453776 0.0682055
0.729329 -0.0720715 0.00862424
0.719392 0.0502713 0.0682055
0.729328 -0.0524966 0.00365914
0.719392 0.055165 0.0682055
0.679669 -0.0524987 -0.0708174
0.654843 -0.116118 -0.00627106
0.714431 -0.0524972 0.0682055
0.654836 0.0355874 -0.0708174
0.724365 -0.111222 0.0682055
0.719391 0.0698462 0.0682055
0.575387 -0.0769718 -0.0708174
0.729324 0.0600592 0.0682055
0.674697 0.113888 -0.0310966
0.590281 -0.00845895 0.0682055
0.724355 0.11389 0.0682055
0.674698 0.0845255 -0.0708174
0.679672 -0.111223 -0.0708174
0.620081 -0.106332 0.0682055
0.62008 -0.0769699 0.0682055
0.630013 -0.116119 -0.050957
0.689603 -0.0916481 -0.0708174
0.724364 -0.0867529 0.0682055
0.71939 0.0943149 0.0682055
0.724364 -0.0916467 0.0682055
0.71939 0.0992086 0.0682055
0.585317 -0.0378215 -0.0708174
0.714433 -0.101435 0.0682055
0.570416 0.0404775 -0.0162013
0.634979 -0.116119 -0.0261315
0.714433 -0.0965408 0.0682055
0.719394 0.00622773 0.0682055
0.724365 -0.116115 0.00862424
0.729326 0.00622816 -0.0410268
0.714432 -0.0916471 0.0682055
0.719392 0.055165 -0.0708174
0.704492 0.113889 0.00862424
0.620074 0.0502671 -0.0708174
0.58531 0.113884 0.0185544
0.664765 0.113887 -0.0708174
0.625039 0.0698422 -0.0708174
0.575384 -0.00356586 0.0682055
0.620081 -0.11612 -0.0211664
0.714431 -0.0476035 0.0682055
0.620076 0.00132978 -0.0708174
0.71443 -0.0378161 0.0682055
0.610142 0.0698416 -0.0708174
0.71443 -0.0280286 0.0682055
0.71443 -0.0231349 0.0682055
0.714429 -0.0182411 0.0682055
0.654843 -0.116118 -0.0410268
0.620075 0.0257984 -0.0708174
0.689595 0.0845262 -0.0708174
0.714428 0.016015 0.0682055
0.699527 0.094314 -0.0708174
0.570413 0.113883 -0.0459919
0.575388 -0.116122 -0.0658523
0.714427 0.0258024 0.0682055
0.585311 0.0894154 -0.0708174
0.580347 0.0453717 -0.0708174
0.714426 0.0502711 0.0682055
0.714426 0.0600586 0.0682055
0.72933 -0.0916465 -0.0559221
0.644911 -0.116119 -0.0708174
0.625038 0.113886 0.0582753
0.570416 0.0355838 -0.0261315
0.714425 0.0845272 0.0682055
0.714425 0.0894209 0.0682055
0.595242 0.113885 0.0533102
0.714424 0.0992084 0.0682055
0.714424 0.104102 0.0682055
0.729327 -0.028028 -0.0261315
0.570416 0.0257963 -0.0658523
0.654843 -0.116118 -0.0360617
0.714424 0.108996 0.0682055
0.669734 0.0404817 -0.0708174
0.709467 -0.106328 0.0682055
0.570418 -0.00356607 -0.0708174
0.709467 -0.101435 0.0682055
0.570415 0.0551587 0.0185544
0.585317 -0.0427153 -0.0708174
0.709466 -0.0671786 0.0682055
0.595247 0.0111162 0.0682055
0.620076 0.016011 -0.0708174
0.595248 -0.0133525 -0.0708174
0.570417 0.0209026 0.0185544
0.709465 -0.0476037 0.0682055
0.625045 -0.072076 0.0682055
0.625047 -0.11612 -0.0708174
0.630008 0.00622393 0.0682055
0.605174 0.113885 0.0533102
0.709463 -0.0133476 0.0682055
0.664767 0.0600564 0.0682055
0.729323 0.0747404 0.0135893
0.709462 0.011121 0.0682055
0.625038 0.113886 0.0533102
0.664768 0.0355878 0.0682055
0.709462 0.0160148 0.0682055
0.664768 0.0306941 0.0682055
0.570422 -0.106334 0.04338
0.709462 0.0258022 0.0682055
0.709461 0.030696 0.0682055
0.679663 0.0992069 0.0682055
0.709458 0.113889 -0.0410268
0.714426 0.069846 0.0682055
0.709461 0.0355897 0.0682055
0.590286 -0.116121 0.04338
0.709461 0.0404834 0.0682055
0.570421 -0.0720783 -0.0360617
0.63497 0.104099 -0.0708174
0.654841 -0.0769684 0.0682055
0.70946 0.0600583 0.0682055
0.570413 0.10899 -0.0559221
0.58035 -0.0231406 -0.0708174
0.72933 -0.0916465 0.0632404
0.69457 -0.116117 0.04338
0.585313 0.0600531 -0.0708174
0.709459 0.0796333 0.0682055
0.625045 -0.0573948 0.0682055
0.709459 0.0894207 0.0682055
0.625045 -0.0671822 0.0682055
0.639936 0.0894178 -0.0708174
0.610146 -0.0378205 0.0682055
0.570421 -0.0916532 -0.0708174
0.709458 0.104102 0.0682055
0.709462 0.00622731 -0.0708174
0.724359 0.0355903 -0.0708174
0.570422 -0.116122 -0.0112362
0.605183 -0.086758 -0.0708174
0.704502 -0.111222 0.0682055
0.615114 -0.0867576 0.0682055
0.704501 -0.106329 0.0682055
0.729321 0.11389 -0.0112362
0.72436 0.0160154 -0.0708174
0.570414 0.0796273 0.0384149
0.7045 -0.0671789 0.0682055
0.580348 0.0257967 -0.0708174
0.704499 -0.0524977 0.0682055
0.575381 0.0502652 -0.0708174
0.704498 -0.0378165 0.0682055
0.630011 -0.0720758 0.0682055
0.709458 0.104102 -0.0708174
0.649874 -0.0573937 0.0682055
0.649875 -0.0622875 -0.0708174
0.66974 -0.116118 -0.0658523
0.674702 -0.0133491 -0.0708174
0.704498 -0.028029 0.0682055
0.595242 0.113885 0.04338
0.704498 -0.0182416 0.0682055
0.729329 -0.0622841 -0.00627106
0.704497 -0.00356036 0.0682055
0.570415 0.0600524 -0.0559221
0.644907 -0.0182441 -0.0708174
0.639939 0.0209055 0.0682055
0.605176 0.0698414 -0.0708174
0.644908 -0.0525002 -0.0708174
0.704495 0.0355895 0.0682055
0.704495 0.0404832 0.0682055
0.615114 -0.0769701 -0.0708174
0.58035 -0.00845938 -0.0708174
0.570417 0.00622139 -0.0608872
0.704495 0.0453769 0.0682055
0.704494 0.0600581 0.0682055
0.704494 0.0649519 0.0682055
0.72933 -0.081859 -0.0459919
0.704494 0.0698456 0.0682055
0.724359 0.0209091 0.0682055
0.704494 0.0747393 0.0682055
0.625041 0.0209049 -0.0708174
0.630013 -0.116119 0.0185544
0.72933 -0.0867527 -0.0559221
0.709467 -0.111222 0.0682055
0.704493 0.0845268 0.0682055
0.704493 0.0894205 0.0682055
0.649873 -0.0329251 0.0682055
0.724357 0.0698464 0.0682055
0.570422 -0.111228 0.0682055
0.709467 -0.0916473 0.0682055
0.704492 0.104102 0.0682055
0.729329 -0.0573903 0.0185544
0.679671 -0.0769674 0.0682055
0.570419 -0.0427159 -0.00130596
0.704492 0.113889 0.0682055
0.69457 -0.116117 -0.00627106
0.634975 -0.00845705 -0.0708174
0.699535 -0.106329 0.0682055
0.639937 0.0747366 -0.0708174
0.585313 0.0453719 -0.0708174
0.600208 0.113885 0.0284846
0.699535 -0.0965415 0.0682055
0.570415 0.0551587 0.0533102
0.570415 0.0649462 -0.0708174
0.644901 0.113887 -0.0410268
0.699535 -0.0916477 0.0682055
0.649877 -0.116118 -0.0360617
0.699535 -0.086754 0.0682055
0.699534 -0.0818603 0.0682055
0.699534 -0.0720728 0.0682055
0.600213 -0.00845853 0.0682055
0.699534 -0.0671791 0.0682055
0.71939 0.11389 0.0632404
0.615106 0.108992 -0.0708174
0.729327 -0.0133468 -0.0261315
0.605177 0.0502664 0.0682055
0.699534 -0.0622853 0.0682055
0.57042 -0.0622908 -0.0360617
0.664766 0.0796314 -0.0708174
0.709468 -0.116116 -0.00130596
0.699532 -0.0182418 0.0682055
0.60518 -0.0231395 -0.0708174
0.699531 -0.013348 0.0682055
0.699531 -0.0084543 0.0682055
0.634972 0.0502677 0.0682055
0.639943 -0.0720753 0.0682055
0.714424 0.11389 -0.050957
0.729321 0.11389 -0.0708174
0.674698 0.0894193 -0.0708174
0.600218 -0.116121 -0.0211664
0.570416 0.03069 -0.0459919
0.654839 -0.0378186 0.0682055
0.699531 0.00622689 0.0682055
0.590279 0.0502658 -0.0708174
0.649875 -0.0622875 0.0682055
0.674706 -0.0965425 0.0682055
0.69953 0.0160144 0.0682055
0.709458 0.0992082 0.0682055
0.674697 0.113888 0.0682055
0.729327 -0.0182405 0.0582753
0.57042 -0.0525034 0.00365914
0.580349 0.0160093 -0.0708174
0.570418 -0.00356607 -0.0658523
0.729328 -0.0378154 -0.0162013
0.69953 0.0209081 0.0682055
0.610149 -0.111226 0.0682055
0.605175 0.0894163 0.0682055
0.644901 0.113887 0.04338
0.575388 -0.116122 0.0632404
0.570418 -0.0182473 -0.0708174
0.69953 0.0306955 0.0682055
0.570418 -0.0133535 -0.0459919
0.729327 -0.028028 -0.0310966
0.570416 0.0257963 -0.0708174
0.625045 -0.072076 -0.0708174
0.60021 0.0600537 -0.0708174
0.699529 0.0502705 0.0682055
0.570416 0.0404775 -0.00627106
0.570415 0.050265 -0.0708174
0.729328 -0.0476029 -0.0708174
0.699528 0.0600579 0.0682055
0.570417 0.0209026 -0.0708174
0.729323 0.0845279 0.0682055
0.615114 -0.0720764 0.0682055
0.639942 -0.042713 0.0682055
0.699528 0.0747391 0.0682055
0.605174 0.113885 -0.0559221
0.679664 0.079632 -0.0708174
0.639939 0.0257993 -0.0708174
0.570422 -0.111228 0.0582753
0.719397 -0.0671782 -0.0708174
0.699526 0.104102 0.0682055
0.729326 0.0111219 -0.0410268
0.639945 -0.116119 -0.0708174
0.63497 0.0943113 -0.0708174
0.615108 0.0551606 -0.0708174
0.72933 -0.0867527 0.0682055
0.570422 -0.101441 0.0582753
0.615116 -0.11612 -0.00130596
0.694569 -0.101435 0.0682055
0.694568 -0.0769667 0.0682055
0.694568 -0.072073 0.0682055
0.694568 -0.0622855 0.0682055
0.585311 0.104097 -0.0708174
0.620079 -0.0622887 -0.0708174
0.570416 0.0257963 -0.0211664
0.694567 -0.0573918 0.0682055
0.694567 -0.0476044 0.0682055
0.570417 0.00622139 0.0582753
0.570416 0.0404775 0.0334498
0.694567 -0.0378169 0.0682055
0.570417 0.0111151 0.0533102
0.694566 -0.0329232 0.0682055
0.694566 -0.0231357 0.0682055
0.729331 -0.106328 0.0284846
0.659801 0.0698437 -0.0708174
0.694561 0.104101 0.0682055
0.709465 -0.0476037 -0.0708174
0.694565 -0.00356078 0.0682055
0.694565 0.00622668 0.0682055
0.570417 0.0111151 0.0682055
0.729327 -0.00845303 0.0284846
0.694564 0.0160141 0.0682055
0.729326 -0.0035593 0.0284846
0.639943 -0.0769691 -0.0708174
0.634972 0.0551614 -0.0708174
0.694564 0.0209079 0.0682055
0.694564 0.0258016 0.0682055
0.59525 -0.0818647 -0.0708174
0.729325 0.0355905 0.00862424
0.590279 0.0404784 -0.0708174
0.580351 -0.0280343 0.0682055
0.694564 0.0306953 0.0682055
0.694563 0.0355891 0.0682055
0.570414 0.0894148 -0.0211664
0.694563 0.0453765 0.0682055
0.600216 -0.072077 -0.0708174
0.615111 -0.0133516 -0.0708174
0.649875 -0.0671812 -0.0708174
0.694562 0.0600577 0.0682055
0.570413 0.113883 0.0284846
0.729323 0.0845279 0.00862424
0.72436 0.00133422 0.0682055
0.610143 0.0502667 0.0682055
0.729326 0.00133443 0.0483451
0.570419 -0.0280347 0.00365914
0.639935 0.113886 0.0483451
0.69456 0.113889 0.0682055
0.590281 0.011116 -0.0708174
0.699534 -0.0769665 0.0682055
0.724365 -0.116115 -0.0112362
0.689604 -0.106329 0.0682055
0.729325 0.0404843 -0.0708174
0.649877 -0.116118 0.00365914
0.570413 0.0992023 -0.0658523
0.689603 -0.0916481 0.0682055
0.600218 -0.116121 0.0533102
0.634976 -0.0378194 -0.0708174
0.689603 -0.0818607 0.0682055
0.57042 -0.0671846 0.0582753
0.57042 -0.0622908 0.0135893
0.600208 0.113885 -0.0658523
0.729325 0.0355905 0.0284846
0.699535 -0.0916477 -0.0708174
0.570415 0.0649462 0.0483451
0.595251 -0.10144 -0.0708174
0.590277 0.0943094 -0.0708174
0.729323 0.0649529 -0.0261315
0.6896 -0.0231359 0.0682055
0.61511 0.0257982 -0.0708174
0.689599 -0.003561 0.0682055
0.669733 0.0698441 0.0682055
0.689599 0.00133274 0.0682055
0.689599 0.00622647 0.0682055
0.580351 -0.032928 -0.0708174
0.570414 0.0747336 0.0533102
0.58035 -0.0133531 -0.0708174
0.689599 0.0111202 0.0682055
0.570417 0.0160089 -0.0112362
0.610142 0.0649479 -0.0708174
0.729322 0.099209 0.0135893
0.709459 0.084527 0.0682055
0.689598 0.0160139 0.0682055
0.595246 0.0160099 -0.0708174
0.689598 0.0355888 0.0682055
0.72933 -0.081859 0.0185544
0.679668 -0.0182426 -0.0708174
0.689597 0.0404826 0.0682055
0.669735 0.0209068 0.0682055
0.669736 -0.018243 -0.0708174
0.615111 0.00132956 0.0682055
0.585311 0.0992029 0.0682055
0.689594 0.113889 0.0682055
0.620075 0.0355859 -0.0708174
0.62008 -0.0769699 -0.0708174
0.570417 0.00622139 0.0235195
0.684637 -0.0965421 0.0682055
0.684637 -0.0916484 0.0682055
0.634977 -0.0573944 0.0682055
0.729329 -0.0671778 -0.050957
0.704497 0.00133337 -0.0708174
0.570419 -0.0378222 -0.0162013
0.684635 -0.0329236 0.0682055
0.724355 0.11389 -0.0410268
0.654833 0.113887 0.0483451
0.684634 -0.0182424 0.0682055
0.625043 -0.0182449 -0.0708174
0.684632 0.0209074 0.0682055
0.684637 -0.0965421 -0.0708174
0.684632 0.0258012 0.0682055
0.684631 0.0453761 0.0682055
0.634974 0.0160116 0.0682055
0.615113 -0.0573952 -0.0708174
0.684631 0.0502698 0.0682055
0.684633 -0.00356121 0.0682055
0.659807 -0.081862 -0.0708174
0.570418 -0.0182473 0.00365914
0.634974 0.0160116 -0.0708174
0.684631 0.0551636 0.0682055
0.689596 0.0600575 -0.0708174
0.570415 0.0600524 -0.00627106
0.72933 -0.0769653 -0.0608872
0.605184 -0.11612 0.0582753
0.724362 -0.0378156 0.0682055
0.620072 0.0992044 0.0682055
0.625046 -0.0965446 0.0682055
0.570413 0.0992023 0.0135893
0.590286 -0.116121 -0.0459919
0.68463 0.0698448 0.0682055
0.684629 0.0894197 0.0682055
0.570414 0.0747336 0.00365914
0.600217 -0.106333 0.0682055
0.575388 -0.106334 0.0682055
0.72933 -0.0965402 -0.0708174
0.669736 -0.018243 0.0682055
0.575385 -0.037822 0.0682055
0.590284 -0.0769712 0.0682055
0.625039 0.0796297 0.0682055
0.570413 0.0992023 0.0235195
0.61015 -0.11612 0.0632404
0.620081 -0.11612 0.0682055
0.630008 0.0160114 0.0682055
0.669736 -0.0231368 0.0682055
0.630005 0.0796299 -0.0708174
0.620077 -0.00845769 0.0682055
0.714431 -0.0622847 0.0682055
0.729329 -0.0671778 -0.0658523
0.620076 0.0111172 0.0682055
0.674697 0.113888 -0.00627106
0.595244 0.0600535 0.0682055
0.575385 -0.0329282 -0.0708174
0.66477 -0.0182432 0.0682055
0.620076 0.0209047 0.0682055
0.570417 0.00622139 0.0632404
0.585312 0.0649468 -0.0708174
0.719398 -0.0769657 -0.0708174
0.664771 -0.0378182 0.0682055
0.724365 -0.116115 -0.0410268
0.570417 0.0111151 -0.0559221
0.699533 -0.0476041 0.0682055
0.654843 -0.116118 -0.00130596
0.684633 0.01112 0.0682055
0.704493 0.099208 0.0682055
0.649868 0.0943119 0.0682055
0.575384 -0.018247 -0.0708174
0.605179 0.00622287 0.0682055
0.729327 -0.0231342 -0.0559221
0.57538 0.0747338 0.0682055
0.570419 -0.023141 0.0334498
0.605179 0.00622287 -0.0708174
0.620072 0.104098 0.0682055
0.625046 -0.0867572 0.0682055
0.595244 0.0747347 0.0682055
0.729324 0.0551655 -0.0658523
0.644904 0.0404807 -0.0708174
0.634973 0.0306928 0.0682055
0.625041 0.0257986 0.0682055
0.570413 0.113883 0.0483451
0.595248 -0.0280337 0.0682055
0.570419 -0.0378222 0.0632404
0.620078 -0.0329263 0.0682055
0.570415 0.0600524 -0.0112362
0.615115 -0.0916513 0.0682055
0.585316 -0.0182466 0.0682055
0.570415 0.0551587 0.04338
0.630006 0.0453738 0.0682055
0.659805 -0.0427121 0.0682055
0.724365 -0.116115 -0.0360617
0.570417 0.0111151 -0.050957
0.729322 0.104103 -0.0261315
0.620079 -0.0476075 0.0682055
0.659809 -0.116118 0.0682055
0.580346 0.0796278 0.0682055
0.65484 -0.0622872 0.0682055
0.600218 -0.116121 -0.00627106
0.590277 0.0894157 -0.0708174
0.659809 -0.116118 0.0384149
0.6896 -0.0133485 0.0682055
0.605174 0.113885 -0.00130596
0.729322 0.099209 0.00862424
0.689598 0.0209077 -0.0708174
0.659806 -0.0476058 0.0682055
0.615113 -0.0476077 0.0682055
0.729323 0.0796341 0.0334498
0.620075 0.0257984 0.0682055
0.724362 -0.0476031 0.0682055
0.659799 0.113887 -0.0708174
0.664774 -0.101437 -0.0708174
0.689604 -0.116117 0.0682055
0.570414 0.0747336 -0.0658523
0.694566 -0.0231357 -0.0708174
0.610146 -0.0329268 -0.0708174
0.570417 0.0160089 0.0582753
0.689603 -0.0867544 0.0682055
0.684636 -0.0671797 0.0682055
0.620079 -0.0525013 0.0682055
0.615112 -0.0378203 0.0682055
0.615112 -0.0329266 0.0682055
0.729325 0.0355905 0.0632404
0.58532 -0.116121 0.00365914
0.61511 0.00622329 0.0682055
0.570417 0.00132766 0.00862424
0.625041 0.0404798 -0.0708174
0.615106 0.113885 -0.0708174
0.595243 0.0943096 0.0682055
0.714425 0.0796335 -0.0708174
0.595249 -0.0378211 0.0682055
0.724358 0.0649527 0.0682055
0.664772 -0.0622868 0.0682055
0.620075 0.0453734 0.0682055
0.61511 0.011117 0.0682055
0.62008 -0.0818636 0.0682055
0.689594 0.113889 -0.00627106
0.709466 -0.0818598 0.0682055
0.729322 0.104103 -0.0559221
0.615111 -0.0084579 0.0682055
0.659799 0.0992061 0.0682055
0.664773 -0.0867555 0.0682055
0.570415 0.0551587 0.0135893
0.595242 0.113885 0.0632404
0.61511 0.0160108 0.0682055
0.689604 -0.116117 0.0235195
0.729323 0.0649529 -0.0708174
0.649867 0.104099 -0.0708174
0.570418 -0.0084598 0.0334498
0.570419 -0.0378222 -0.0112362
0.729327 -0.0182405 0.0135893
0.57042 -0.0525034 0.04338
0.634974 0.00622414 -0.0708174
0.630008 0.0013302 -0.0708174
0.729326 0.0111219 -0.0162013
0.630006 0.0551612 0.0682055
0.570421 -0.0916532 -0.0112362
0.664774 -0.111224 0.0682055
0.625047 -0.11612 -0.0559221
0.610147 -0.0573954 0.0682055
0.615108 0.0649481 0.0682055
0.689603 -0.0818607 -0.0708174
0.610148 -0.0720766 -0.0708174
0.674704 -0.0622864 -0.0708174
0.62504 0.0453736 0.0682055
0.625045 -0.0573948 -0.0708174
0.654836 0.0355874 0.0682055
0.630004 0.0943111 0.0682055
0.615107 0.084523 0.0682055
0.605176 0.0649476 0.0682055
0.570415 0.050265 0.0235195
0.644911 -0.116119 0.0632404
0.630007 0.0209051 -0.0708174
0.659804 -0.00845599 0.0682055
0.570421 -0.0916532 -0.0261315
0.729329 -0.0720715 -0.050957
0.610147 -0.0622891 0.0682055
0.69457 -0.116117 0.0533102
0.659802 0.045375 0.0682055
0.625045 -0.052501 0.0682055
0.729322 0.0943153 -0.0559221
0.610148 -0.0818641 0.0682055
0.570417 0.0111151 -0.0112362
0.610148 -0.0671829 0.0682055
0.634969 0.113886 0.0582753
0.649869 0.0698433 -0.0708174
0.639943 -0.0622879 -0.0708174
0.634972 0.0404803 -0.0708174
0.644907 -0.0329253 -0.0708174
0.610146 -0.0329268 0.0682055
0.699532 -0.0280292 -0.0708174
0.570413 0.10899 0.0235195
0.580354 -0.10144 -0.0708174
0.57538 0.0845213 -0.0708174
0.620074 0.069842 0.0682055
0.610146 -0.0182456 0.0682055
0.60021 0.0600537 0.0682055
0.729326 0.0160156 -0.0162013
0.674706 -0.101436 0.0682055
0.729322 0.0894216 -0.0459919
0.595249 -0.0427149 -0.0708174
0.570418 -0.0084598 0.0235195
0.709458 0.113889 0.0334498
0.6896 -0.0280296 0.0682055
0.654843 -0.116118 0.0533102
0.724361 -0.013347 0.0682055
0.610143 0.0355855 0.0682055
0.704492 0.113889 0.04338
0.585317 -0.047609 0.0682055
0.694566 -0.0280294 0.0682055
0.630008 0.0111177 0.0682055
0.719396 -0.0329221 0.0682055
0.570413 0.10899 -0.0310966
0.634979 -0.111225 0.0682055
0.709466 -0.0720724 -0.0708174
0.570417 0.0111151 0.0284846
0.654835 0.0698435 0.0682055
0.610142 0.0698416 0.0682055
0.590281 0.00622224 -0.0708174
0.630003 0.113886 -0.0162013
0.57042 -0.0476096 0.04338
0.590278 0.064947 -0.0708174
0.570414 0.0943085 -0.0708174
0.699527 0.0796328 0.0682055
0.69457 -0.116117 0.0682055
0.689596 0.0796324 0.0682055
0.699534 -0.0720728 -0.0708174
0.570414 0.0943085 0.0135893
0.570419 -0.0427159 0.0185544
0.649867 0.113887 0.0483451
0.605181 -0.0622894 0.0682055
0.600209 0.0845224 0.0682055
0.664765 0.113887 0.0682055
0.605181 -0.0476082 0.0682055
0.729323 0.0747404 -0.00627106
0.610149 -0.101439 0.0682055
0.595242 0.108991 0.0682055
0.580354 -0.116121 0.0334498
0.729326 0.00133443 -0.0708174
0.659803 0.0062252 0.0682055
0.714433 -0.106328 0.0682055
0.729325 0.0258031 -0.0310966
0.694563 0.0355891 -0.0708174
0.72933 -0.0867527 0.0284846
0.60518 -0.0182458 0.0682055
0.605179 -0.00845832 0.0682055
0.674706 -0.116117 0.0682055
0.669736 -0.00356184 0.0682055
0.729322 0.104103 0.00862424
0.595243 0.0992033 -0.0708174
0.72933 -0.0965402 0.00365914
0.605178 0.0160103 0.0682055
0.674705 -0.0916488 0.0682055
0.570417 0.00132766 0.0235195
0.590283 -0.0476088 0.0682055
0.714433 -0.116116 0.0235195
0.57042 -0.0525034 -0.00130596
0.729327 -0.0231342 0.0483451
0.575385 -0.0427157 -0.0708174
0.689596 0.069845 0.0682055
0.729322 0.0943153 -0.0360617
0.620078 -0.0427138 0.0682055
0.659799 0.113887 -0.0410268
0.605177 0.0355853 0.0682055
0.570413 0.0992023 0.0682055
0.654838 -0.0133499 0.0682055
0.575388 -0.10144 -0.0708174
0.694561 0.0992076 -0.0708174
0.605181 -0.0573956 0.0682055
0.72933 -0.0965402 0.0682055
0.659799 0.108994 0.0682055
0.664774 -0.0965429 0.0682055
0.709468 -0.116116 -0.0459919
0.644911 -0.116119 0.0334498
0.729323 0.0796341 -0.0360617
0.605175 0.0845226 0.0682055
0.654833 0.113887 -0.0559221
0.605178 0.0306915 -0.0708174
0.570417 0.0160089 -0.0708174
0.664775 -0.116118 0.0135893
0.729323 0.0796341 -0.0112362
0.595247 -0.00845874 -0.0708174
0.724362 -0.0280282 0.0682055
0.600213 0.00622266 -0.0708174
0.620078 -0.0280326 0.0682055
0.709463 -0.0182413 0.0682055
0.659806 -0.0573933 0.0682055
0.57042 -0.0622908 -0.00130596
0.729326 0.0111219 0.0682055
0.570416 0.0453712 -0.0658523
0.605175 0.09431 0.0682055
0.724364 -0.0818592 0.0682055
0.719391 0.0894212 0.0682055
0.600213 0.00132893 -0.0708174
0.590276 0.113884 -0.0459919
0.729328 -0.0329217 0.0185544
0.57042 -0.0573971 0.0682055
0.634975 -0.00845705 0.0682055
0.66974 -0.116118 0.0135893
0.610149 -0.0965453 0.0682055
0.605175 0.0992038 0.0682055
0.570414 0.0845211 0.0533102
0.600215 -0.0525021 0.0682055
0.689601 -0.0378171 0.0682055
0.570421 -0.0867595 -0.0310966
0.610148 -0.0818641 -0.0708174
0.689596 0.0747387 -0.0708174
0.679669 -0.0378175 0.0682055
0.659799 0.0992061 -0.0708174
0.664773 -0.0867555 -0.0708174
0.570417 0.00622139 0.00365914
0.605176 0.0600539 0.0682055
0.575388 -0.116122 0.0135893
0.610149 -0.0965453 -0.0708174
0.605175 0.0992038 -0.0708174
0.595245 0.0355848 0.0682055
0.729322 0.108997 0.00365914
0.639937 0.0698429 0.0682055
0.669731 0.113888 -0.00130596
0.620077 -0.0231389 -0.0708174
0.585312 0.0698405 -0.0708174
0.570414 0.0845211 -0.0310966
0.585314 0.0355844 0.0682055
0.590279 0.0551595 -0.0708174
0.570417 0.00132766 -0.0708174
0.70946 0.0698458 -0.0708174
0.72933 -0.0916465 0.04338
0.679669 -0.047605 0.0682055
0.615108 0.0551606 0.0682055
0.719395 -0.0182409 0.0682055
0.600216 -0.0671833 0.0682055
0.70946 0.0502709 0.0682055
0.570416 0.0257963 0.0235195
0.585314 0.0209032 0.0682055
0.600217 -0.0965457 0.0682055
0.644911 -0.116119 -0.0658523
0.709468 -0.116116 0.0334498
0.620074 0.0649483 0.0682055
0.699526 0.113889 0.00862424
0.600216 -0.0769708 0.0682055
0.729331 -0.116115 0.0135893
0.639936 0.0992052 -0.0708174
0.570421 -0.0916532 0.0235195
0.600215 -0.0427146 0.0682055
0.580347 0.0649466 0.0682055
0.615106 0.0992042 0.0682055
0.570415 0.0551587 -0.0559221
0.600215 -0.0378209 0.0682055
0.570413 0.104096 -0.0211664
0.689602 -0.0720732 0.0682055
0.575383 0.0062216 -0.0708174
0.600214 -0.0280335 0.0682055
0.570421 -0.0720783 -0.0261315
0.729328 -0.0427091 0.0135893
0.595244 0.0600535 -0.0708174
0.729324 0.0502717 -0.0410268
0.580345 0.10899 -0.0708174
0.570413 0.0992023 -0.0112362
0.714432 -0.0769659 -0.0708174
0.590276 0.108991 0.0682055
0.639935 0.113886 0.0384149
0.729322 0.0943153 -0.0112362
0.679664 0.0747383 0.0682055
0.699526 0.113889 0.0632404
0.644907 -0.0133504 -0.0708174
0.7045 -0.0867538 -0.0708174
0.570414 0.0796273 -0.0162013
0.600218 -0.116121 0.0135893
0.600213 -0.0035648 0.0682055
0.600212 0.0209039 -0.0708174
0.570415 0.0600524 0.00365914
0.575388 -0.106334 -0.0708174
0.729326 0.00622816 -0.0211664
0.679672 -0.116117 0.0135893
0.649869 0.074737 0.0682055
0.57042 -0.0622908 0.0682055
0.634974 -0.00356332 0.0682055
0.689602 -0.076967 0.0682055
0.630006 0.0502675 0.0682055
0.615106 0.113885 0.00365914
0.689595 0.0845262 0.0682055
0.590286 -0.116121 0.0185544
0.689596 0.069845 -0.0708174
0.620075 0.0306922 0.0682055
0.600209 0.0943098 0.0682055
0.679664 0.0845257 0.0682055
0.659808 -0.111224 -0.0708174
0.570422 -0.101441 0.0334498
0.575379 0.113884 -0.0112362
0.570417 0.0209026 0.0682055
0.644903 0.0698431 0.0682055
0.590286 -0.106334 0.0682055
0.679668 -0.0280301 -0.0708174
0.639936 0.104099 -0.0708174
0.729328 -0.0524966 0.0582753
0.605175 0.09431 -0.0708174
0.729322 0.0894216 0.0185544
0.65484 -0.0427123 0.0682055
0.724363 -0.0720717 0.0682055
0.729329 -0.0573903 0.0582753
0.615109 0.0404794 -0.0708174
0.570421 -0.0867595 -0.0708174
0.600218 -0.116121 0.0284846
0.600212 0.0257976 0.0682055
0.600211 0.035585 0.0682055
0.610145 -0.00356438 -0.0708174
0.634979 -0.116119 -0.0410268
0.664774 -0.10633 0.0682055
0.620073 0.0894169 0.0682055
0.729324 0.0600592 0.00862424
0.585319 -0.0916526 -0.0708174
0.729325 0.0306968 -0.0658523
0.59028 0.0306909 0.0682055
0.585312 0.0698405 0.0682055
0.639936 0.0943115 0.0682055
0.570413 0.10899 0.0284846
0.654833 0.108993 0.0682055
0.570416 0.0257963 0.0284846
0.729327 -0.028028 0.0682055
0.570422 -0.116122 0.0284846
0.600211 0.0453725 0.0682055
0.590279 0.0453721 0.0682055
0.729326 0.00133443 0.0235195
0.654842 -0.0965434 0.0682055
0.570419 -0.0280347 0.0384149
0.610142 0.0747353 0.0682055
0.59028 0.0209034 -0.0708174
0.729327 -0.00845303 0.0533102
0.605183 -0.0916517 -0.0708174
0.719399 -0.0965406 0.0682055
0.620081 -0.111226 -0.0708174
0.570415 0.0698399 -0.0559221
0.605182 -0.0720768 0.0682055
0.570422 -0.101441 0.04338
0.615116 -0.11612 -0.0162013
0.600209 0.0894161 0.0682055
0.570413 0.10899 0.0135893
0.714429 -0.00845367 0.0682055
0.615106 0.104098 -0.0708174
0.570416 0.0355838 0.0682055
0.729326 0.0160156 0.0185544
0.590278 0.064947 0.0682055
0.654834 0.0943121 0.0682055
0.729329 -0.0720715 -0.00627106
0.630006 0.0649487 -0.0708174
0.570414 0.0894148 -0.0608872
0.704502 -0.116116 0.0135893
0.62008 -0.0720762 -0.0708174
0.689602 -0.0671795 0.0682055
0.729322 0.0943153 0.0384149
0.580351 -0.0378218 0.0682055
0.63994 0.00133062 0.0682055
0.600208 0.104097 0.0682055
0.600208 0.113885 0.0682055
0.60021 0.0649474 0.0682055
0.590282 -0.0133527 0.0682055
0.61014 0.113885 -0.0708174
0.630008 0.0013302 0.0682055
0.570422 -0.0965469 -0.0608872
0.605179 -0.00356459 0.0682055
0.644901 0.113887 0.0185544
0.61014 0.104098 0.0682055
0.570421 -0.076972 -0.0708174
0.729324 0.0551655 -0.00627106
0.590279 0.0551595 0.0682055
0.600211 0.05516 -0.0708174
0.61014 0.113885 0.0135893
0.674706 -0.116117 0.00862424
0.674702 -0.00356163 0.0682055
0.595249 -0.0573961 0.0682055
0.570413 0.104096 0.04338
0.570422 -0.111228 -0.0112362
0.729326 0.0111219 0.0334498
0.639941 -0.0133506 -0.0708174
0.639945 -0.116119 0.0582753
0.595242 0.113885 -0.0112362
0.58035 -0.0231406 0.0682055
0.639939 0.0160118 -0.0708174
0.71939 0.0992086 -0.0708174
0.724364 -0.0916467 -0.0708174
0.649868 0.0796307 0.0682055
0.600211 0.0404788 0.0682055
0.71443 -0.0427098 0.0682055
0.585316 -0.0280341 0.0682055
0.570414 0.0747336 -0.0608872
0.709464 -0.04271 0.0682055
0.724358 0.0551653 0.0682055
0.570416 0.0257963 0.04338
0.689604 -0.116117 -0.050957
0.704501 -0.101435 0.0682055
0.724355 0.11389 0.0135893
0.669735 0.00622562 0.0682055
0.724359 0.0209091 -0.0708174
0.575379 0.113884 0.0632404
0.570417 0.0209026 -0.0559221
0.729325 0.0355905 0.0135893
0.590284 -0.06229 0.0682055
0.644905 0.0257995 -0.0708174
0.724361 -0.0231344 0.0682055
0.69953 0.0258018 -0.0708174
0.570417 0.0160089 0.0384149
0.684638 -0.116117 -0.00130596
0.654837 0.0111187 0.0682055
0.610144 0.025798 0.0682055
0.6598 0.0943123 0.0682055
0.595248 -0.0329274 0.0682055
0.570413 0.10899 -0.0708174
0.65484 -0.0476061 0.0682055
0.634978 -0.0916505 0.0682055
0.67967 -0.0622862 0.0682055
0.615111 -0.0182454 -0.0708174
0.729329 -0.0671778 -0.0608872
0.580351 -0.0280343 -0.0708174
0.699529 0.040483 0.0682055
0.684637 -0.101436 -0.0708174
0.620072 0.108992 -0.0708174
0.570416 0.03069 -0.0112362
0.709468 -0.116116 0.0682055
0.704493 0.0796331 0.0682055
0.724359 0.0258029 0.0682055
0.674706 -0.116117 -0.0708174
0.7045 -0.0769663 0.0682055
0.729323 0.0649529 0.04338
0.580351 -0.0427155 0.0682055
0.595248 -0.0231399 0.0682055
0.704492 0.113889 0.0384149
0.64491 -0.0818626 0.0682055
0.580345 0.0992027 0.0682055
0.729329 -0.0622841 0.0185544
0.679664 0.0649508 0.0682055
0.729323 0.0796341 0.04338
0.595247 -0.00845874 0.0682055
0.570416 0.0257963 0.0483451
0.570418 -0.0133535 -0.050957
0.630004 0.104099 0.0682055
0.57042 -0.0476096 -0.0559221
0.729331 -0.106328 -0.0211664
0.625041 0.0355861 -0.0708174
0.709459 0.0747395 0.0682055
0.595247 0.00132872 0.0682055
0.654835 0.0747372 0.0682055
0.709463 -0.00845388 -0.0708174
0.664766 0.0943126 0.0682055
0.649867 0.113887 0.0533102
0.714424 0.11389 0.0682055
0.595246 0.0257974 0.0682055
0.66974 -0.10633 0.0682055
0.62504 0.0649485 0.0682055
0.610147 -0.0525017 0.0682055
0.600212 0.0209039 0.0682055
0.580345 0.104096 0.0682055
0.570418 -0.0084598 -0.0708174
0.634971 0.0747364 0.0682055
0.654841 -0.0818622 0.0682055
0.63497 0.108992 -0.0708174
0.704495 0.0404832 -0.0708174
0.664775 -0.116118 0.0682055
0.684638 -0.116117 -0.0559221
0.575388 -0.116122 -0.0162013
0.729323 0.0649529 -0.0459919
0.605176 0.0698414 0.0682055
0.575386 -0.0622906 -0.0708174
0.714433 -0.116116 0.0185544
0.664775 -0.116118 -0.00130596
0.72933 -0.0965402 -0.0112362
0.724363 -0.067178 0.0682055
0.729328 -0.0378154 -0.0459919
0.580348 0.020903 0.0682055
0.59525 -0.0622898 -0.0708174
0.570421 -0.0720783 0.0235195
0.689604 -0.116117 -0.0211664
0.644906 0.0111183 -0.0708174
0.59028 0.0257972 0.0682055
0.674704 -0.0720739 0.0682055
0.61015 -0.11612 0.0682055
0.684635 -0.0476048 0.0682055
0.714433 -0.111222 -0.0708174
0.72933 -0.081859 0.0682055
0.570419 -0.0427159 0.0235195
0.719399 -0.106328 0.0682055
0.575384 -0.0231408 -0.0708174
0.664775 -0.116118 0.0582753
0.689595 0.0894199 0.0682055
0.729326 -0.0035593 0.00365914
0.605182 -0.0818643 0.0682055
0.625046 -0.0916509 -0.0708174
0.595252 -0.116121 -0.0658523
0.659809 -0.116118 0.0533102
0.600216 -0.0622896 0.0682055
0.729328 -0.0427091 0.00862424
0.719392 0.0649525 0.0682055
0.590283 -0.0378213 -0.0708174
0.634979 -0.116119 -0.0559221
0.570422 -0.0965469 -0.050957
0.570418 -0.0182473 -0.0559221
0.69457 -0.111223 0.0682055
0.68463 0.0845259 -0.0708174
0.669734 0.0404817 0.0682055
0.630013 -0.116119 -0.00627106
0.610147 -0.047608 0.0682055
0.644908 -0.0476065 0.0682055
0.689604 -0.116117 -0.0261315
0.585311 0.0894154 0.0682055
0.689604 -0.111223 -0.0708174
0.684628 0.113888 -0.0658523
0.729325 0.0209093 -0.0708174
0.644911 -0.116119 0.0235195
0.64491 -0.101438 0.0682055
0.634971 0.0747364 -0.0708174
0.729323 0.0796341 -0.0658523
0.595244 0.0747347 -0.0708174
0.664765 0.113887 -0.00130596
0.610144 0.0209043 0.0682055
0.600212 0.0111164 0.0682055
0.654839 -0.0329249 0.0682055
0.60021 0.0698412 -0.0708174
0.729322 0.104103 0.0384149
0.714427 0.0404836 0.0682055
0.63001 -0.0378196 0.0682055
0.72933 -0.081859 -0.00130596
0.644911 -0.106331 -0.0708174
0.620072 0.113886 -0.050957
0.729325 0.0404843 0.0284846
0.649874 -0.0525 -0.0708174
0.67967 -0.0671799 0.0682055
0.63994 -0.00845684 0.0682055
0.709464 -0.0329225 -0.0708174
0.654839 -0.0378186 -0.0708174
0.57042 -0.0622908 -0.0608872
0.694567 -0.0427106 0.0682055
0.590282 -0.0182464 0.0682055
0.57042 -0.0671846 0.00365914
0.644909 -0.0671814 -0.0708174
0.625046 -0.0818634 -0.0708174
0.694563 0.055164 -0.0708174
0.634978 -0.0965442 -0.0708174
0.615114 -0.0867576 -0.0708174
0.580348 0.0257967 0.0682055
0.649877 -0.116118 -0.0708174
0.634976 -0.0329257 0.0682055
0.605181 -0.0427144 0.0682055
0.57042 -0.0622908 -0.0459919
0.630006 0.0551612 -0.0708174
0.595252 -0.116121 0.0682055
0.570414 0.0894148 0.0384149
0.575385 -0.0329282 0.0682055
0.719391 0.0845274 -0.0708174
0.620077 -0.00356395 0.0682055
0.570418 -0.00356607 -0.0410268
0.59525 -0.076971 0.0682055
0.615115 -0.111226 -0.0708174
0.729322 0.104103 0.0483451
0.649872 -0.00845642 0.0682055
0.654837 0.0257999 0.0682055
0.570419 -0.0280347 0.0632404
0.724355 0.11389 -0.0559221
0.654833 0.113887 0.0533102
0.625042 0.00132999 -0.0708174
0.575387 -0.0769718 0.0682055
0.654835 0.0649498 0.0682055
0.729327 -0.028028 -0.0608872
0.570416 0.0257963 -0.00627106
0.625042 0.00622372 -0.0708174
0.689595 0.0992073 0.0682055
0.639941 -0.023138 0.0682055
0.570421 -0.076972 0.0185544
0.575385 -0.0280345 0.0682055
0.575388 -0.10144 0.0682055
0.714431 -0.0524972 -0.0708174
0.595244 0.0698409 0.0682055
0.600214 -0.018246 0.0682055
0.575384 -0.00845959 0.0682055
0.585319 -0.0965463 -0.0708174
0.570415 0.0649462 -0.0112362
0.58035 -0.0182468 -0.0708174
0.570414 0.0796273 0.0682055
0.729322 0.099209 0.0235195
0.610148 -0.0867578 -0.0708174
0.605174 0.113885 -0.0708174
0.684628 0.113888 -0.0459919
0.59028 0.0209034 0.0682055
0.679663 0.0894195 0.0682055
0.60021 0.0747349 0.0682055
0.625047 -0.11612 -0.00627106
0.605176 0.0600539 -0.0708174
0.570417 0.0160089 0.0682055
0.729328 -0.0427091 -0.0310966
0.595244 0.0649472 0.0682055
0.60518 -0.0280332 -0.0708174
0.570421 -0.0867595 -0.0410268
0.625042 0.00132999 0.0682055
0.66477 -0.0133495 0.0682055
0.575382 0.0453714 -0.0708174
0.605184 -0.11612 -0.0658523
0.57042 -0.0573971 0.0334498
0.66974 -0.116118 0.0235195
0.729331 -0.101434 0.0682055
0.575379 0.113884 0.0483451
0.570417 0.0209026 -0.0658523
0.595249 -0.0525023 0.0682055
0.729327 -0.0182405 0.0284846
0.57042 -0.0525034 0.0582753
0.620081 -0.111226 0.0682055
0.689602 -0.0622858 -0.0708174
0.605183 -0.106333 -0.0708174
0.61014 0.113885 0.04338
0.674706 -0.116117 -0.0360617
0.590281 -0.00356522 0.0682055
0.729327 -0.0182405 0.0384149
0.57042 -0.0525034 0.0185544
0.575382 0.0257965 0.0682055
0.570416 0.03069 0.0682055
0.729328 -0.0378154 -0.0310966
0.595246 0.0306911 0.0682055
0.699526 0.113889 -0.0162013
0.570415 0.0600524 0.0533102
0.575382 0.035584 0.0682055
0.630011 -0.067182 0.0682055
0.714425 0.0796335 0.0682055
0.570413 0.104096 -0.0261315
0.625038 0.0943109 0.0682055
0.600216 -0.0818645 0.0682055
0.7045 -0.0818601 0.0682055
0.570422 -0.101441 0.0235195
0.595248 -0.0182462 0.0682055
0.729324 0.0502717 0.0682055
0.649877 -0.116118 0.04338
0.72933 -0.081859 -0.050957
0.69457 -0.116117 0.0284846
0.575387 -0.0867593 0.0682055
0.590278 0.0845219 0.0682055
0.570421 -0.0867595 -0.0459919
0.649872 -0.0133501 0.0682055
0.689602 -0.0671795 -0.0708174
0.679667 0.0111198 0.0682055
0.68463 0.0747385 0.0682055
0.684634 -0.0231361 0.0682055
0.580345 0.094309 0.0682055
0.570417 0.00622139 -0.0708174
0.610145 0.00132935 -0.0708174
0.570421 -0.0720783 0.00365914
0.615106 0.104098 0.0682055
0.610143 0.0502667 -0.0708174
0.595243 0.0845221 0.0682055
0.570416 0.0404775 0.0582753
0.729323 0.0698467 -0.0459919
0.654843 -0.116118 0.0284846
0.575381 0.0502652 0.0682055
0.57042 -0.0622908 0.0533102
0.63497 0.0943113 0.0682055
0.639945 -0.116119 0.0682055
0.620072 0.113886 -0.0658523
0.60518 -0.032927 -0.0708174
0.57042 -0.0525034 -0.0261315
0.57538 0.0747338 -0.0708174
0.644907 -0.0133504 0.0682055
0.620072 0.108992 0.0682055
0.699536 -0.116116 0.0135893
0.625039 0.0894171 0.0682055
0.729321 0.11389 0.0682055
0.595243 0.0894159 0.0682055
0.610148 -0.0867578 0.0682055
0.605174 0.113885 0.0682055
0.570416 0.0404775 0.0284846
0.625039 0.0698422 0.0682055
0.580349 0.0111155 0.0682055
0.570419 -0.0280347 -0.0459919
0.659802 0.0404813 0.0682055
0.729329 -0.0622841 0.0682055
0.570418 -0.0182473 0.0682055
0.634973 0.0209053 0.0682055
0.679666 0.025801 -0.0708174
0.630009 -0.0182447 -0.0708174
0.644905 0.0209058 -0.0708174
0.63994 -0.00356311 -0.0708174
0.570416 0.0404775 -0.0559221
0.659809 -0.116118 -0.0162013
0.719399 -0.116116 0.0185544
0.590284 -0.0671837 -0.0708174
0.684637 -0.0818609 0.0682055
0.674705 -0.0916488 -0.0708174
0.649871 0.0257997 0.0682055
0.595245 0.0551598 0.0682055
0.570422 -0.116122 0.0135893
0.704502 -0.116116 0.04338
0.669732 0.0747378 0.0682055
0.570418 -0.00356607 -0.0112362
0.719399 -0.101434 0.0682055
0.639945 -0.116119 0.0483451
0.57042 -0.0622908 0.0582753
0.699534 -0.0818603 -0.0708174
0.57042 -0.0476096 0.0682055
0.590282 -0.0133527 -0.0708174
0.699535 -0.101435 0.0682055
0.570416 0.0355838 -0.0112362
0.644908 -0.0573939 0.0682055
0.570418 -0.0133535 0.0185544
0.61015 -0.11612 -0.0112362
0.575388 -0.116122 -0.0708174
0.570418 -0.0182473 -0.0261315
0.644907 -0.0182441 0.0682055
0.654834 0.0845247 -0.0708174
0.659802 0.0355876 0.0682055
0.72933 -0.0916465 0.00862424
0.620073 0.0796295 0.0682055
0.625047 -0.111226 0.0682055
0.699529 0.0453767 0.0682055
0.570417 0.00622139 0.00862424
0.575386 -0.0671844 0.0682055
0.724357 0.0747402 0.0682055
0.575379 0.0943088 0.0682055
0.580354 -0.111228 0.0682055
0.620076 0.00132978 0.0682055
0.644903 0.0600556 -0.0708174
0.664767 0.050269 -0.0708174
0.719391 0.0698462 -0.0708174
0.724365 -0.111222 -0.0708174
0.69456 0.113889 -0.0211664
0.615113 -0.0525015 -0.0708174
0.729323 0.0747404 0.00862424
0.659805 -0.0231372 0.0682055
0.674705 -0.0818613 0.0682055
0.625038 0.113886 -0.0162013
0.634977 -0.0720755 -0.0708174
0.570416 0.0453712 0.0682055
0.630007 0.0306926 0.0682055
0.659805 -0.0378184 -0.0708174
0.590281 0.00622224 0.0682055
0.615116 -0.11612 0.00862424
0.620081 -0.0965448 0.0682055
0.669732 0.0796316 -0.0708174
0.575388 -0.116122 -0.0211664
0.570418 -0.0133535 -0.0658523
0.575387 -0.0818655 0.0682055
0.689601 -0.0524983 0.0682055
0.570419 -0.0378222 -0.0559221
0.714431 -0.057391 0.0682055
0.630013 -0.116119 -0.0261315
0.580353 -0.0818653 -0.0708174
0.575379 0.113884 -0.0708174
0.630005 0.0747362 -0.0708174
0.615108 0.0698418 0.0682055
0.570422 -0.106334 0.0682055
0.679662 0.113888 0.0284846
0.729331 -0.111221 -0.0559221
0.664772 -0.0476056 0.0682055
0.644906 0.00622456 -0.0708174
0.729326 0.00622816 0.0682055
0.630013 -0.111226 0.0682055
0.570414 0.0894148 -0.0708174
0.615112 -0.0280328 0.0682055
0.595249 -0.0476086 0.0682055
0.610142 0.0551604 0.0682055
0.570419 -0.0378222 -0.0211664
0.69456 0.113889 0.0284846
0.639935 0.113886 0.0334498
0.595243 0.104097 -0.0708174
0.72933 -0.0769653 0.0334498
0.570419 -0.023141 0.0682055
0.610148 -0.0720766 0.0682055
0.570422 -0.111228 0.0284846
0.6598 0.0894186 0.0682055
0.664773 -0.076968 0.0682055
0.600212 0.0306913 0.0682055
0.719396 -0.0427096 -0.0708174
0.620075 0.0404796 0.0682055
0.729327 -0.0231342 0.0235195
0.719399 -0.116116 0.0384149
0.709468 -0.116116 -0.0410268
0.644911 -0.116119 0.00365914
0.615107 0.0796293 0.0682055
0.625046 -0.0916509 0.0682055
0.659799 0.113887 0.0682055
0.664774 -0.101437 0.0682055
0.729326 0.0111219 -0.0708174
0.585319 -0.0965463 0.0682055
0.684636 -0.062286 0.0682055
0.570414 0.0894148 -0.00627106
0.585315 0.0013283 0.0682055
0.704499 -0.0573914 0.0682055
0.674703 -0.0378177 -0.0708174
0.684637 -0.101436 0.0682055
0.6896 -0.0133485 -0.0708174
0.615111 -0.0133516 0.0682055
0.605184 -0.111227 0.0682055
0.729323 0.0649529 0.0582753
0.659806 -0.062287 -0.0708174
0.709464 -0.0231351 0.0682055
0.6896 -0.0280296 -0.0708174
0.729326 -0.0035593 -0.00627106
0.63994 0.0111181 0.0682055
0.729324 0.0600592 -0.0310966
0.585319 -0.0818651 0.0682055
0.67967 -0.0720736 -0.0708174
0.634973 0.0257991 -0.0708174
0.729327 -0.0182405 0.0334498
0.57042 -0.0525034 0.0284846
0.590281 0.011116 0.0682055
0.684633 0.00133252 0.0682055
0.659807 -0.0867557 -0.0708174
0.570417 0.0160089 -0.00130596
0.724358 0.0453778 0.0682055
0.570419 -0.0378222 0.0682055
0.630008 0.0111177 -0.0708174
0.570422 -0.0965469 0.0235195
0.724355 0.11389 0.0632404
0.605178 0.0257978 0.0682055
0.654837 0.0160124 0.0682055
0.729328 -0.0427091 0.0235195
0.615115 -0.096545 0.0682055
0.570414 0.0943085 0.0384149
0.72933 -0.0965402 0.00862424
0.684633 0.00622625 0.0682055
0.625039 0.0747359 0.0682055
0.570421 -0.0916532 0.0483451
0.634979 -0.116119 0.0235195
0.615106 0.113885 0.0682055
0.570419 -0.0378222 0.0135893
0.664768 0.0258003 0.0682055
0.639935 0.113886 -0.0261315
0.729322 0.099209 0.04338
0.620079 -0.0476075 -0.0708174
0.630011 -0.0573946 0.0682055
0.71939 0.11389 -0.0410268
0.679666 0.0209072 -0.0708174
0.649873 -0.0378188 0.0682055
0.595247 0.0111162 -0.0708174
0.580346 0.0845215 0.0682055
0.634969 0.113886 -0.0658523
0.729327 -0.0133468 0.0533102
0.590278 0.0845219 -0.0708174
0.729322 0.0943153 0.00365914
0.615113 -0.0525015 0.0682055
0.570413 0.104096 0.0682055
0.600208 0.108991 0.0682055
0.585319 -0.0818651 -0.0708174
0.674697 0.113888 0.0384149
0.709463 0.00133358 0.0682055
0.605174 0.104097 0.0682055
0.570414 0.0747336 0.0235195
0.595245 0.050266 0.0682055
0.620076 0.016011 0.0682055
0.570413 0.10899 0.0384149
0.729322 0.108997 -0.00130596
0.679666 0.0404822 -0.0708174
0.729328 -0.0476029 0.0384149
0.664769 0.00622541 0.0682055
0.709459 0.0943145 0.0682055
0.570419 -0.0427159 0.0682055
0.590281 -0.00845895 -0.0708174
0.580347 0.0502654 -0.0708174
0.709459 0.0747395 -0.0708174
0.585316 -0.00845917 0.0682055
0.585311 0.10899 0.0682055
0.570417 0.00132766 0.0682055
0.570414 0.0845211 0.0682055
0.570421 -0.0720783 0.0284846
0.644909 -0.0720751 0.0682055
0.699526 0.113889 -0.00130596
0.570415 0.0600524 0.0682055
0.610143 0.0306917 0.0682055
0.644908 -0.0525002 0.0682055
0.719396 -0.0427096 0.0682055
0.674706 -0.116117 0.0582753
0.729326 0.0160156 0.0533102
0.68463 0.0796322 0.0682055
0.684632 0.0306949 0.0682055
0.654841 -0.0720747 0.0682055
0.669731 0.113888 0.00862424
0.570414 0.0845211 -0.0410268
0.585312 0.0747343 0.0682055
0.60518 -0.032927 0.0682055
0.684634 -0.0280299 0.0682055
0.639935 0.113886 -0.0360617
0.729322 0.099209 -0.0261315
0.585313 0.0551593 0.0682055
0.729323 0.0747404 -0.0112362
0.709458 0.108996 0.0682055
0.729325 0.0306968 0.0135893
0.6747 0.020907 0.0682055
0.684628 0.113888 0.0682055
0.590284 -0.0671837 0.0682055
0.595245 0.0404786 -0.0708174
0.649867 0.113887 -0.0459919
0.714424 0.11389 0.00365914
0.689597 0.0453763 -0.0708174
0.570415 0.0649462 0.0682055
0.570415 0.050265 0.0483451
0.585312 0.0845217 0.0682055
0.669731 0.113888 0.0334498
0.585312 0.0845217 -0.0708174
0.570418 -0.0133535 0.0682055
0.600215 -0.0476084 0.0682055
0.684628 0.108995 0.0682055
0.615107 0.0894167 0.0682055
0.699535 -0.086754 -0.0708174
0.575383 0.0209028 0.0682055
0.600213 -0.0133523 0.0682055
0.570418 -0.00356607 0.0682055
0.570416 0.0257963 0.0682055
0.575384 -0.0133533 0.0682055
0.615116 -0.11612 -0.0658523
0.575381 0.0649464 0.0682055
0.620079 -0.0671825 -0.0708174
0.570414 0.0747336 -0.00627106
0.719395 -0.0133472 0.0682055
0.600216 -0.072077 0.0682055
0.590281 0.00132851 0.0682055
0.694568 -0.0818605 -0.0708174
0.639938 0.0404805 -0.0708174
0.699529 0.0355893 0.0682055
0.580349 0.00622182 0.0682055
0.625043 -0.00845747 -0.0708174
0.585313 0.0600531 0.0682055
0.630003 0.113886 -0.0211664
0.57042 -0.0476096 0.0235195
0.610147 -0.0573954 -0.0708174
0.649877 -0.116118 -0.0658523
0.66974 -0.101436 -0.0708174
0.639936 0.0992052 0.0682055
0.674704 -0.0671801 0.0682055
0.684634 -0.0280299 -0.0708174
0.630011 -0.0622883 0.0682055
0.729328 -0.0427091 -0.0162013
0.58035 -0.00845938 0.0682055
0.580344 0.113884 0.0682055
0.58035 -0.0182468 0.0682055
0.625044 -0.0329261 -0.0708174
0.615108 0.0502669 0.0682055
0.64987 0.0502683 0.0682055
0.570415 0.0698399 -0.0211664
0.580354 -0.106334 -0.0708174
0.57538 0.089415 -0.0708174
0.729329 -0.0671778 0.0682055
0.694566 -0.0329232 -0.0708174
0.570419 -0.0280347 0.0682055
0.729324 0.045378 0.0682055
0.630012 -0.086757 0.0682055
0.57042 -0.0622908 -0.0708174
0.704497 -0.0133478 -0.0708174
0.61511 0.0209045 0.0682055
0.605174 0.113885 -0.0261315
0.724361 -0.00845325 0.0682055
0.605174 0.113885 -0.0211664
0.729322 0.108997 0.0632404
0.620077 -0.0133514 -0.0708174
0.595248 -0.0133525 0.0682055
0.669738 -0.0476054 0.0682055
0.585318 -0.0720777 0.0682055
0.570421 -0.0720783 0.0682055
0.575383 0.0062216 0.0682055
0.57042 -0.0476096 0.00365914
0.729328 -0.0524966 -0.050957
0.615107 0.0747355 0.0682055
0.580349 0.00132808 0.0682055
0.630005 0.0747362 0.0682055
0.729327 -0.0182405 -0.0112362
0.714433 -0.116116 -0.0459919
0.649869 0.0600558 0.0682055
0.57042 -0.0525034 0.0682055
0.704499 -0.0427102 0.0682055
0.57538 0.0845213 0.0682055
0.580354 -0.10144 0.0682055
0.580346 0.074734 -0.0708174
0.70946 0.0551646 0.0682055
0.58532 -0.111228 0.0682055
0.630007 0.0209051 0.0682055
0.57042 -0.0671846 0.0682055
0.729323 0.0747404 -0.0658523
0.61511 0.0257982 0.0682055
0.585315 0.0160095 0.0682055
0.664771 -0.023137 0.0682055
0.620076 0.00622351 0.0682055
0.570414 0.0943085 -0.050957
0.620074 0.0600545 0.0682055
0.610147 -0.0427142 0.0682055
0.674705 -0.0769676 0.0682055
0.689601 -0.0427108 0.0682055
0.66974 -0.116118 0.0533102
0.590285 -0.0867586 -0.0708174
0.6747 0.0355882 -0.0708174
0.570421 -0.0867595 0.00365914
0.69457 -0.116117 -0.00130596
0.615115 -0.106333 0.0682055
0.714424 0.0943147 0.0682055
0.570417 0.0209026 -0.0608872
0.570416 0.0355838 -0.0162013
0.625038 0.113886 0.0682055
0.65484 -0.0573935 0.0682055
0.570414 0.0894148 0.0682055
0.649867 0.113887 -0.0410268
0.724358 0.0551653 -0.0708174
0.639938 0.0502679 -0.0708174
0.60021 0.0698412 0.0682055
0.644905 0.0306932 0.0682055
0.595247 -0.00356501 0.0682055
0.729326 0.0111219 -0.050957
0.639945 -0.116119 -0.050957
0.694566 -0.0133482 -0.0708174
0.570418 -0.0182473 0.0582753
0.59028 0.0160097 0.0682055
0.659799 0.113887 -0.00627106
0.570422 -0.0965469 0.0533102
0.625039 0.0845234 0.0682055
0.704497 -0.0133478 0.0682055
0.630007 0.0257989 0.0682055
0.625038 0.113886 0.0235195
0.570416 0.0453712 0.0284846
0.649872 0.00133104 0.0682055
0.630007 0.0306926 -0.0708174
0.674698 0.0698443 0.0682055
0.684635 -0.0427111 0.0682055
0.570413 0.10899 -0.050957
0.575385 -0.0427157 0.0682055
0.724356 0.0992088 0.0682055
0.72933 -0.0916465 -0.0708174
0.634973 0.0257991 0.0682055
0.580347 0.0551591 0.0682055
0.570422 -0.106334 -0.0708174
0.724362 -0.0378156 -0.0708174
0.570421 -0.076972 -0.0310966
0.634974 0.00622414 0.0682055
0.654841 -0.0867559 0.0682055
0.585312 0.0649468 0.0682055
0.620074 0.0502671 0.0682055
0.729324 0.0600592 0.00365914
0.590279 0.0600533 0.0682055
0.570419 -0.0329285 -0.050957
0.575379 0.10899 0.0682055
0.580353 -0.0769716 0.0682055
0.625038 0.113886 0.0135893
0.570416 0.0453712 0.0384149
0.72933 -0.081859 -0.0559221
0.625047 -0.111226 -0.0708174
0.620073 0.0796295 -0.0708174
0.570422 -0.116122 0.0682055
0.669731 0.113888 0.00365914
0.570414 0.0845211 -0.050957
0.57538 0.0698401 0.0682055
0.620073 0.0747357 0.0682055
0.625038 0.104098 0.0682055
0.664767 0.0551627 -0.0708174
0.644902 0.0845243 0.0682055
0.66974 -0.116118 -0.0310966
0.674706 -0.111224 -0.0708174
0.630012 -0.0965444 0.0682055
0.570413 0.113883 0.0185544
0.610142 0.0600541 0.0682055
0.615109 0.0453731 -0.0708174
0.570418 -0.0133535 0.0632404
0.699526 0.113889 -0.0559221
0.570415 0.0698399 -0.0112362
0.644902 0.0845243 -0.0708174
0.580352 -0.0573967 0.0682055
0.575381 0.0600526 0.0682055
0.570418 -0.00356607 0.0135893
0.694569 -0.0867542 -0.0708174
0.659799 0.113887 0.00365914
0.575384 -0.018247 0.0682055
0.689604 -0.116117 -0.00130596
0.639945 -0.116119 -0.0162013
0.570416 0.0355838 -0.0310966
0.580352 -0.0622904 0.0682055
0.605178 0.0111166 0.0682055
0.719397 -0.052497 -0.0708174
0.570419 -0.0280347 0.0284846
0.57042 -0.0476096 -0.0708174
0.605176 0.0551602 0.0682055
0.689601 -0.0476046 0.0682055
0.570418 -0.0084598 -0.0658523
0.58532 -0.106334 0.0682055
0.580352 -0.0671841 0.0682055
0.689602 -0.0622858 0.0682055
0.610144 0.025798 -0.0708174
0.714426 0.0551648 0.0682055
0.570421 -0.0818658 -0.0658523
0.58531 0.113884 0.0682055
0.595248 -0.0280337 -0.0708174
0.585311 0.104097 0.0682055
0.57042 -0.0476096 -0.00627106
0.575382 0.0306903 0.0682055
0.6598 0.0747374 0.0682055
0.729323 0.0796341 0.0384149
0.61015 -0.11612 0.0533102
0.60518 -0.0378207 0.0682055
0.674704 -0.0622864 0.0682055
0.610144 0.00622308 -0.0708174
0.64987 0.0453746 0.0682055
0.570414 0.0845211 0.0632404
0.704502 -0.116116 -0.00627106
0.605179 -0.0133521 0.0682055
0.6598 0.0796312 0.0682055
0.570413 0.0992023 0.00862424
0.669733 0.0649504 -0.0708174
0.729322 0.104103 -0.0360617
0.605174 0.108991 0.0682055
0.585313 0.0404781 0.0682055
0.719391 0.0894212 -0.0708174
0.724364 -0.0818592 -0.0708174
0.729325 0.0404843 0.0682055
0.729326 0.00622816 -0.0310966
0.595251 -0.0867584 0.0682055
0.590277 0.104097 0.0682055
0.585311 0.0943092 -0.0708174
0.570413 0.10899 0.00365914
0.595246 0.0209036 0.0682055
0.570417 0.0111151 0.0135893
0.719396 -0.0280284 0.0682055
0.664769 0.0111191 -0.0708174
0.590286 -0.116121 -0.00627106
0.634976 -0.0427132 -0.0708174
0.57042 -0.0622908 -0.0112362
0.595242 0.113885 0.0682055
0.570414 0.0943085 -0.0459919
0.575382 0.0453714 0.0682055
0.595252 -0.116121 0.00365914
0.570421 -0.0818658 0.0682055
0.679672 -0.116117 -0.0162013
0.575388 -0.116122 -0.0459919
0.625043 -0.0231387 -0.0708174
0.580346 0.074734 0.0682055
0.570415 0.050265 -0.0360617
0.58532 -0.116121 0.0135893
0.729326 0.0160156 0.0483451
0.630012 -0.0916507 0.0682055
0.634974 0.0111179 0.0682055
0.615109 0.0404794 0.0682055
0.570415 0.0600524 -0.0310966
0.585317 -0.0427153 0.0682055
0.570415 0.050265 0.00365914
0.704494 0.0551644 -0.0708174
0.570415 0.0698399 0.04338
0.689598 0.0209077 0.0682055
0.654835 0.060056 0.0682055
0.674697 0.113888 -0.0559221
0.669735 0.0160131 0.0682055
0.610141 0.099204 0.0682055
0.59028 0.0257972 -0.0708174
0.66974 -0.111224 0.0682055
0.664765 0.113887 0.0483451
0.585315 0.00622203 0.0682055
0.570413 0.10899 0.0533102
0.595243 0.0894159 -0.0708174
0.615109 0.0306919 0.0682055
0.570417 0.0209026 0.00365914
0.644906 0.00622456 0.0682055
0.729329 -0.0671778 -0.00627106
0.719393 0.0404838 0.0682055
0.729326 0.00622816 0.00365914
0.630007 0.04048 0.0682055
0.570422 -0.106334 0.0135893
0.679662 0.113888 0.00365914
0.729331 -0.111221 -0.0310966
0.585317 -0.0525027 0.0682055
0.724361 -0.0182407 0.0682055
0.595244 0.0796284 0.0682055
0.570417 0.0111151 0.0185544
0.585319 -0.0769714 0.0682055
0.570416 0.0453712 0.00365914
0.570415 0.0551587 0.0682055
0.689594 0.113889 -0.0162013
0.72933 -0.0965402 -0.0658523
0.585318 -0.0573965 0.0682055
0.590282 -0.0329276 -0.0708174
0.62008 -0.0867574 0.0682055
0.590277 0.0894157 0.0682055
0.729331 -0.101434 -0.0310966
0.585318 -0.0622902 0.0682055
0.570413 0.0992023 0.0284846
0.595252 -0.116121 0.0135893
0.659809 -0.116118 0.0334498
0.729331 -0.106328 -0.0459919
0.585318 -0.0671839 0.0682055
0.634972 0.0404803 0.0682055
0.639943 -0.0622879 0.0682055
0.590276 0.113884 -0.0261315
0.57042 -0.0573971 0.00365914
0.605178 0.0306915 0.0682055
0.570416 0.0453712 -0.0708174
0.625038 0.113886 -0.0708174
0.684631 0.0600573 0.0682055
0.719395 -0.0231346 0.0682055
0.674701 0.00622583 0.0682055
0.729331 -0.106328 -0.0360617
0.654836 0.0404811 -0.0708174
0.570419 -0.0378222 0.0185544
0.729325 0.0306968 0.0483451
0.644902 0.104099 -0.0708174
0.649876 -0.0867561 -0.0708174
0.66974 -0.116118 0.00365914
0.709465 -0.0573912 0.0682055
0.615115 -0.101439 0.0682055
0.679672 -0.116117 -0.0559221
0.644906 -0.00845663 -0.0708174
0.625047 -0.106332 0.0682055
0.699533 -0.0524979 0.0682055
0.570414 0.0943085 0.0334498
0.724365 -0.116115 -0.0559221
0.570417 0.0111151 -0.0708174
0.620077 -0.0231389 0.0682055
0.610141 0.0894165 0.0682055
0.72933 -0.081859 -0.0261315
0.570422 -0.116122 0.0384149
0.684631 0.0404824 0.0682055
0.674702 -0.0182428 0.0682055
0.600208 0.113885 0.04338
0.59028 0.0355846 0.0682055
0.639942 -0.0329255 0.0682055
0.644906 -0.0035629 0.0682055
0.600208 0.113885 -0.0211664
0.610141 0.0943102 -0.0708174
0.729322 0.108997 -0.0559221
0.615113 -0.0476077 -0.0708174
0.605175 0.0796288 0.0682055
0.649873 -0.0182439 0.0682055
0.570421 -0.0818658 0.0284846
0.679672 -0.116117 0.00365914
0.585319 -0.0867589 0.0682055
0.625039 0.0894171 -0.0708174
0.605182 -0.0769705 0.0682055
0.630006 0.060055 0.0682055
0.570415 0.050265 -0.050957
0.719395 -0.0231346 -0.0708174
0.610142 0.0600541 -0.0708174
0.570413 0.113883 0.0384149
0.679668 -0.00845515 0.0682055
0.610146 -0.0182456 -0.0708174
0.704502 -0.116116 -0.00130596
0.729324 0.0502717 -0.0211664
0.590279 0.0502658 0.0682055
0.709458 0.113889 -0.0708174
0.610141 0.0845228 0.0682055
0.625047 -0.11612 0.0284846
0.590286 -0.116121 -0.0261315
0.630009 -0.0280322 -0.0708174
0.669731 0.113888 0.0682055
0.694569 -0.106329 0.0682055
0.689595 0.0943136 0.0682055
0.729325 0.0306968 0.0185544
0.70946 0.0649521 0.0682055
0.625044 -0.0280324 0.0682055
0.615109 0.0355857 0.0682055
0.729326 0.00133443 0.00365914
0.605183 -0.086758 0.0682055
0.570415 0.0551587 -0.0410268
0.605176 0.0747351 0.0682055
0.570417 0.0209026 -0.0360617
0.669735 0.00133189 0.0682055
0.570415 0.0698399 0.0483451
0.58035 -0.00356565 -0.0708174
0.590283 -0.0427151 0.0682055
0.659799 0.113887 0.0384149
0.699531 -0.00356057 0.0682055
0.570422 -0.0965469 0.0582753
0.72933 -0.0867527 -0.0261315
0.60518 -0.0182458 -0.0708174
0.729325 0.0209093 0.0483451
0.625044 -0.0280324 -0.0708174
0.63001 -0.0476071 0.0682055
0.570415 0.0698399 -0.0310966
0.639935 0.113886 -0.050957
0.610148 -0.0769703 0.0682055
0.570415 0.0551587 0.0235195
0.570415 0.0600524 -0.0410268
0.590284 -0.0720775 0.0682055
0.729329 -0.0720715 -0.0162013
0.615114 -0.0818639 0.0682055
0.590282 -0.0280339 -0.0708174
0.664765 0.0992063 0.0682055
0.630013 -0.116119 0.0135893
0.68463 0.0845259 0.0682055
0.570421 -0.076972 -0.0360617
0.590286 -0.116121 0.0682055
0.659804 0.00133147 -0.0708174
0.570413 0.104096 0.0185544
0.600218 -0.116121 -0.0658523
0.585317 -0.0378215 0.0682055
0.729323 0.0698467 0.0582753
0.585314 0.0257969 -0.0708174
0.64491 -0.0867563 0.0682055
0.570415 0.0698399 0.0632404
0.684638 -0.116117 -0.0410268
0.644901 0.113887 0.0682055
0.674702 -0.0133491 0.0682055
0.590284 -0.0573963 0.0682055
0.600208 0.113885 -0.0310966
0.649872 0.00622477 0.0682055
0.610142 0.0551604 -0.0708174
0.570419 -0.0378222 -0.0608872
0.630013 -0.116119 -0.0310966
0.615111 -0.0182454 0.0682055
0.605174 0.113885 0.04338
0.729322 0.108997 0.0384149
0.63001 -0.0427134 0.0682055
0.679668 -0.0133489 -0.0708174
0.570416 0.03069 0.0582753
0.615111 -0.00356417 0.0682055
0.729327 -0.0231342 -0.0410268
0.595252 -0.116121 0.0384149
0.729329 -0.0622841 0.0384149
0.639936 0.104099 0.0682055
0.699526 0.113889 0.0533102
0.570415 0.0698399 -0.0708174
0.58035 -0.00356565 0.0682055
0.694566 -0.018242 -0.0708174
0.57042 -0.0573971 -0.0261315
0.600209 0.0894161 -0.0708174
0.729329 -0.0573903 -0.0459919
0.649874 -0.0476063 0.0682055
0.639944 -0.0916503 -0.0708174
0.634971 0.0698426 -0.0708174
0.615116 -0.11612 0.0135893
0.669737 -0.0280305 -0.0708174
0.625044 -0.0378199 -0.0708174
0.605174 0.108991 -0.0708174
0.600215 -0.0427146 -0.0708174
0.570417 0.0209026 -0.0112362
0.649875 -0.0769686 0.0682055
0.595245 0.0453723 0.0682055
0.66477 -0.00845578 0.0682055
0.625042 0.0111174 0.0682055
0.590279 0.0404784 0.0682055
0.674703 -0.032924 0.0682055
0.580347 0.0649466 -0.0708174
0.595245 0.0404786 0.0682055
0.625041 0.0404798 0.0682055
0.625041 0.0355861 0.0682055
0.630003 0.113886 0.04338
0.57042 -0.0476096 0.00862424
0.639938 0.0600554 -0.0708174
0.719398 -0.0818594 -0.0708174
0.699532 -0.032923 0.0682055
0.57042 -0.0476096 -0.0360617
0.649868 0.0845245 0.0682055
0.580348 0.0404779 0.0682055
0.570417 0.0209026 -0.0459919
0.625041 0.0209049 0.0682055
0.570422 -0.111228 -0.0708174
0.625042 0.0160112 0.0682055
0.634979 -0.106332 0.0682055
0.625039 0.0747359 -0.0708174
0.729323 0.0698467 -0.0559221
0.61015 -0.11612 -0.0410268
0.654843 -0.116118 0.0135893
0.580345 0.10899 0.0682055
0.634978 -0.0965442 0.0682055
0.570417 0.0160089 -0.0410268
0.58532 -0.116121 -0.0708174
0.585318 -0.0720777 -0.0708174
0.644911 -0.116119 0.0682055
0.72933 -0.0965402 0.0135893
0.575383 0.00132787 0.0682055
0.625042 0.00622372 0.0682055
0.644904 0.0551619 -0.0708174
0.610141 0.0894165 -0.0708174
0.570414 0.0845211 0.0334498
0.669732 0.0796316 0.0682055
0.644901 0.113887 0.0384149
0.575388 -0.116122 0.0334498
0.669739 -0.0769678 0.0682055
0.570419 -0.0329285 -0.0261315
0.58532 -0.10144 -0.0708174
0.570415 0.0698399 -0.00130596
0.570414 0.0796273 -0.0608872
0.620081 -0.101439 -0.0708174
0.58532 -0.116121 0.0682055
0.625043 -0.00845747 0.0682055
0.570417 0.0160089 -0.0459919
0.590284 -0.0720775 -0.0708174
0.684637 -0.0867546 0.0682055
0.704497 0.0062271 -0.0708174
0.600214 -0.0329272 0.0682055
0.625044 -0.0476073 0.0682055
0.72933 -0.0916465 0.0682055
0.570419 -0.0427159 0.0384149
0.674699 0.0551631 -0.0708174
0.724365 -0.116115 0.0533102
0.625045 -0.0622885 0.0682055
0.570415 0.0600524 0.00862424
0.664767 0.050269 0.0682055
0.570417 0.0111151 0.0582753
0.600212 0.0160101 0.0682055
0.669739 -0.0720741 0.0682055
0.620073 0.0747357 -0.0708174
0.684635 -0.0378173 0.0682055
0.669734 0.0258005 0.0682055
0.570422 -0.116122 -0.0310966
0.729326 0.0160156 0.0632404
0.644902 0.0992054 -0.0708174
0.649876 -0.0965436 -0.0708174
0.724357 0.0698464 -0.0708174
0.625046 -0.0818634 0.0682055
0.664772 -0.0671806 0.0682055
0.570415 0.0649462 -0.0162013
0.625047 -0.11612 0.0682055
0.615113 -0.0573952 0.0682055
0.630004 0.0992048 0.0682055
0.630005 0.0698424 0.0682055
0.689594 0.108995 0.0682055
0.570421 -0.0867595 -0.0559221
0.630006 0.0649487 0.0682055
0.684632 0.0306949 -0.0708174
0.704502 -0.116116 0.0235195
0.709465 -0.0524975 0.0682055
0.729323 0.0698467 0.0682055
0.570419 -0.0378222 -0.0261315
0.634977 -0.0671818 0.0682055
0.620079 -0.0671825 0.0682055
0.634977 -0.0622881 -0.0708174
0.66974 -0.116118 0.0483451
0.625042 0.0160112 -0.0708174
0.600209 0.0845224 -0.0708174
0.654842 -0.0916496 0.0682055
0.679664 0.0747383 -0.0708174
0.729322 0.0894216 0.00862424
0.689599 -0.00845473 0.0682055
0.679666 0.0355884 0.0682055
0.605176 0.0747351 -0.0708174
0.654837 0.0209062 0.0682055
0.634969 0.113886 -0.0459919
0.689601 -0.0476046 -0.0708174
0.570416 0.0404775 0.0682055
0.634979 -0.116119 0.0582753
0.674697 0.113888 -0.0360617
0.580348 0.0306905 0.0682055
0.630009 -0.00845726 0.0682055
0.649868 0.0992057 0.0682055
0.714427 0.0258024 -0.0708174
0.570413 0.113883 -0.0211664
0.634978 -0.0867567 -0.0708174
0.62008 -0.0916511 0.0682055
0.57042 -0.0622908 0.0284846
0.630009 -0.013351 0.0682055
0.585314 0.0257969 0.0682055
0.600215 -0.0573958 -0.0708174
0.630009 -0.0231385 0.0682055
0.649867 0.108993 -0.0708174
0.570418 -0.00356607 0.0533102
0.639935 0.113886 -0.0112362
0.704496 0.0160146 0.0682055
0.630011 -0.0525008 0.0682055
0.570415 0.0649462 -0.0410268
0.620075 0.0404796 -0.0708174
0.689604 -0.106329 -0.0708174
0.570416 0.0404775 0.0632404
0.709458 0.113889 0.00365914
0.654843 -0.116118 0.0334498
0.709462 0.0209085 0.0682055
0.669738 -0.0671803 0.0682055
0.684637 -0.0867546 -0.0708174
0.580353 -0.0867591 0.0682055
0.669734 0.0453755 0.0682055
0.644907 -0.0280316 0.0682055
0.729324 0.0551655 0.0582753
0.684629 0.0943134 0.0682055
0.704501 -0.0916475 0.0682055
0.600217 -0.0867582 0.0682055
0.630013 -0.116119 0.0682055
0.639944 -0.096544 -0.0708174
0.570418 -0.0084598 0.0185544
0.63497 0.104099 0.0682055
0.709468 -0.116116 -0.0559221
0.659802 0.0404813 -0.0708174
0.634976 -0.0525006 0.0682055
0.674704 -0.0720739 -0.0708174
0.634971 0.0845238 0.0682055
0.639945 -0.106331 0.0682055
0.57042 -0.0573971 0.0483451
0.66974 -0.116118 0.00862424
0.634971 0.0698426 0.0682055
0.639944 -0.0916503 0.0682055
0.69457 -0.116117 0.0334498
0.679665 0.0453759 0.0682055
0.654842 -0.106331 0.0682055
0.689597 0.05027 -0.0708174
0.634972 0.0600552 0.0682055
0.639944 -0.0818628 0.0682055
0.575386 -0.0671844 -0.0708174
0.570421 -0.076972 -0.0559221
0.605184 -0.11612 0.0682055
0.57042 -0.0622908 0.00365914
0.630008 0.00622393 -0.0708174
0.570414 0.0894148 0.0334498
0.610142 0.0649479 0.0682055
0.634974 0.00133041 0.0682055
0.600217 -0.091652 0.0682055
0.659803 0.0062252 -0.0708174
0.684638 -0.10633 0.0682055
0.634975 -0.0133508 0.0682055
0.664767 0.0551627 0.0682055
0.585316 -0.0133529 -0.0708174
0.570413 0.0992023 0.00365914
0.659809 -0.116118 0.0582753
0.714427 0.0306962 0.0682055
0.634975 -0.0231382 0.0682055
0.634969 0.113886 -0.0708174
0.684631 0.0453761 -0.0708174
0.570414 0.0796273 0.0185544
0.610149 -0.101439 -0.0708174
0.610142 0.0747353 -0.0708174
0.649868 0.0943119 -0.0708174
0.580349 0.00132808 -0.0708174
0.58035 -0.0133531 0.0682055
0.719394 0.0209089 0.0682055
0.709467 -0.096541 0.0682055
0.704493 0.0943143 0.0682055
0.649868 0.0894182 0.0682055
0.66974 -0.116118 0.0582753
0.634976 -0.0427132 0.0682055
0.570418 -0.00356607 0.0384149
0.634976 -0.0476069 0.0682055
0.580353 -0.0867591 -0.0708174
0.570418 -0.0133535 0.0235195
0.634971 0.0796301 0.0682055
0.639944 -0.101438 0.0682055
0.654838 0.00133126 0.0682055
0.684636 -0.0671797 -0.0708174
0.595251 -0.0965459 -0.0708174
0.590277 0.0992031 -0.0708174
0.585315 -0.00356543 0.0682055
0.570413 0.113883 0.0334498
0.620073 0.0845232 0.0682055
0.570415 0.0551587 0.0632404
0.669733 0.0502692 0.0682055
0.634977 -0.0622881 0.0682055
0.570416 0.0355838 -0.0708174
0.634977 -0.0720755 0.0682055
0.600214 -0.018246 -0.0708174
0.714425 0.0747398 0.0682055
0.615113 -0.0622889 0.0682055
0.625038 0.0992046 -0.0708174
0.634978 -0.081863 0.0682055
0.639935 0.113886 0.0135893
0.729322 0.104103 -0.0708174
0.634979 -0.116119 0.0682055
0.694565 0.00133295 -0.0708174
0.729323 0.0698467 -0.0360617
0.654843 -0.116118 0.0632404
0.729322 0.0943153 -0.0658523
0.639935 0.113886 0.0682055
0.654833 0.113887 -0.0708174
0.625047 -0.101438 -0.0708174
0.620072 0.0943107 -0.0708174
0.729325 0.0258031 0.00365914
0.674702 -0.00845536 0.0682055
0.649876 -0.0916498 0.0682055
0.639935 0.108993 0.0682055
0.719399 -0.116116 -0.0708174
0.639936 0.0894178 0.0682055
0.659804 -0.00356226 0.0682055
0.570415 0.050265 0.0682055
0.669734 0.0306943 -0.0708174
0.724365 -0.116115 -0.0211664
0.590283 -0.0378213 0.0682055
0.639937 0.0796303 0.0682055
0.60021 0.0796286 0.0682055
0.630012 -0.0769695 -0.0708174
0.60021 0.0649474 -0.0708174
0.729322 0.0894216 0.0682055
0.639938 0.0551617 0.0682055
0.625041 0.0306924 0.0682055
0.709466 -0.0769661 0.0682055
0.699533 -0.0427104 0.0682055
0.704499 -0.0573914 -0.0708174
0.570415 0.0600524 -0.0211664
0.580351 -0.032928 0.0682055
0.639938 0.0404805 0.0682055
0.729329 -0.0720715 -0.0310966
0.639939 0.0355867 0.0682055
0.699534 -0.0622853 -0.0708174
0.57042 -0.0671846 -0.0261315
0.620081 -0.11612 0.0135893
0.570421 -0.0720783 0.0185544
0.654833 0.113887 0.0682055
0.6747 0.0306945 -0.0708174
0.644903 0.0747368 0.0682055
0.580348 0.020903 -0.0708174
0.570418 -0.0084598 -0.0608872
0.64491 -0.101438 -0.0708174
0.644911 -0.116119 -0.0310966
0.689596 0.0747387 0.0682055
0.714428 0.00622752 0.0682055
0.600217 -0.106333 -0.0708174
0.605183 -0.0916517 0.0682055
0.669731 0.113888 -0.0261315
0.570414 0.0845211 -0.0559221
0.639942 -0.0476067 0.0682055
0.580354 -0.116121 -0.050957
0.615116 -0.11612 0.0185544
0.575379 0.113884 0.0682055
0.580353 -0.0818653 0.0682055
0.639943 -0.0573941 0.0682055
0.580344 0.113884 0.00862424
0.729331 -0.116115 0.0284846
0.580354 -0.116121 -0.00627106
0.570419 -0.0378222 -0.0708174
0.639944 -0.096544 0.0682055
0.65484 -0.0524998 -0.0708174
0.674703 -0.0378177 0.0682055
0.699536 -0.116116 0.0682055
0.630012 -0.0769695 0.0682055
0.729325 0.0355905 0.00365914
0.644901 0.108993 0.0682055
0.694563 0.0404828 0.0682055
0.625047 -0.11612 0.00365914
0.684628 0.113888 0.0384149
0.644902 0.104099 0.0682055
0.649876 -0.0867561 0.0682055
0.72933 -0.0867527 -0.0410268
0.620075 0.0453734 -0.0708174
0.729323 0.0698467 0.0135893
0.694561 0.0894201 0.0682055
0.61015 -0.11612 0.0284846
0.639938 0.0453742 0.0682055
0.570413 0.104096 -0.00130596
0.644902 0.0992054 0.0682055
0.649876 -0.0965436 0.0682055
0.575382 0.035584 -0.0708174
0.664765 0.1041 0.0682055
0.605175 0.0845226 -0.0708174
0.570419 -0.0427159 0.00862424
0.64987 0.0551621 -0.0708174
0.570413 0.0992023 0.0632404
0.709466 -0.0867536 0.0682055
0.704492 0.108995 0.0682055
0.66477 0.00133168 0.0682055
0.679667 -0.00356142 -0.0708174
0.61014 0.113885 0.0682055
0.684631 0.0404824 -0.0708174
0.644903 0.0796305 0.0682055
0.649877 -0.111225 0.0682055
0.68463 0.064951 0.0682055
0.644903 0.0649493 0.0682055
0.570422 -0.106334 -0.00627106
0.729322 0.104103 0.04338
0.585313 0.0404781 -0.0708174
0.595246 0.0160099 0.0682055
0.620078 -0.0427138 -0.0708174
0.570413 0.0992023 -0.050957
0.630011 -0.0622883 -0.0708174
0.644904 0.0551619 0.0682055
0.669734 0.035588 0.0682055
0.570417 0.00132766 -0.050957
0.709464 -0.0378163 0.0682055
0.729322 0.104103 -0.00627106
0.63001 -0.0378196 -0.0708174
0.694562 0.0747389 0.0682055
0.714427 0.0404836 -0.0708174
0.62504 0.055161 -0.0708174
0.625047 -0.11612 0.0582753
0.709464 -0.0329225 0.0682055
0.575379 0.113884 -0.0162013
0.689596 0.0600575 0.0682055
0.570417 0.0209026 0.0483451
0.580345 0.094309 -0.0708174
0.729322 0.099209 -0.0608872
0.595243 0.0992033 0.0682055
0.615112 -0.042714 -0.0708174
0.605183 -0.101439 0.0682055
0.570413 0.113883 0.0682055
0.644905 0.0257995 0.0682055
0.570417 0.0160089 -0.0162013
0.664775 -0.116118 -0.00627106
0.644905 0.0209058 0.0682055
0.669731 0.113888 0.0582753
0.644905 0.016012 0.0682055
0.634971 0.0649489 0.0682055
0.639944 -0.0867565 0.0682055
0.674701 0.0013321 0.0682055
0.570419 -0.0329285 0.0284846
0.615115 -0.111226 0.0682055
0.630013 -0.116119 0.0334498
0.605182 -0.0671831 -0.0708174
0.63001 -0.0329259 -0.0708174
0.570414 0.0894148 0.04338
0.644906 0.00133083 0.0682055
0.644907 -0.0231378 0.0682055
0.6747 0.0404819 0.0682055
0.570422 -0.111228 -0.050957
0.709462 0.00622731 0.0682055
0.615116 -0.11612 0.0682055
0.570422 -0.101441 0.00862424
0.674703 -0.0476052 0.0682055
0.590282 -0.0329276 0.0682055
0.570422 -0.116122 -0.0410268
0.729328 -0.0476029 0.04338
0.630009 -0.00845726 -0.0708174
0.729328 -0.0476029 -0.00130596
0.595244 0.0698409 -0.0708174
0.709463 -0.00356015 0.0682055
0.71939 0.11389 -0.0708174
0.644909 -0.0671814 0.0682055
0.684635 -0.0378173 -0.0708174
0.570419 -0.023141 -0.00130596
0.644909 -0.0769689 0.0682055
0.570413 0.0992023 -0.00627106
0.630013 -0.106332 -0.0708174
0.64491 -0.09165 0.0682055
0.71443 -0.0427098 -0.0708174
0.704502 -0.116116 0.0682055
0.570414 0.0747336 0.0632404
0.570414 0.0796273 0.0334498
0.644908 -0.0573939 -0.0708174
0.699529 0.040483 -0.0708174
0.639938 0.0600554 0.0682055
0.66974 -0.116118 0.0682055
0.570421 -0.0867595 -0.0360617
0.630013 -0.111226 -0.0708174
0.7045 -0.0867538 0.0682055
0.570415 0.0698399 0.0682055
0.659799 0.113887 0.00862424
0.64491 -0.0965438 0.0682055
0.69456 0.108995 0.0682055
0.649872 -0.00356269 0.0682055
0.634975 -0.028032 -0.0708174
0.674706 -0.10633 0.0682055
0.590284 -0.0573963 -0.0708174
0.570422 -0.116122 -0.0162013
0.644911 -0.106331 0.0682055
0.729325 0.0404843 -0.050957
0.67967 -0.0671799 -0.0708174
0.605178 0.0209041 0.0682055
0.664769 0.0160129 0.0682055
0.570413 0.0992023 0.0185544
0.595252 -0.116121 -0.0310966
0.659809 -0.116118 0.04338
0.674697 0.108994 0.0682055
0.679671 -0.0867548 0.0682055
0.679662 0.113888 -0.0608872
0.669738 -0.0622866 0.0682055
0.72933 -0.0867527 -0.0708174
0.625043 -0.0182449 0.0682055
0.659802 0.0355876 -0.0708174
0.570417 0.0209026 0.0384149
0.689595 0.0992073 -0.0708174
0.570421 -0.0916532 -0.0658523
0.649867 0.113887 0.0682055
0.639945 -0.116119 -0.0310966
0.649867 0.108993 0.0682055
0.654833 0.113887 -0.0310966
0.605177 0.040479 0.0682055
0.570422 -0.106334 -0.0211664
0.664768 0.0404815 0.0682055
0.639937 0.0796303 -0.0708174
0.694561 0.104101 -0.0708174
0.639935 0.113886 -0.0310966
0.729322 0.099209 0.0384149
0.714427 0.0355899 0.0682055
0.65484 -0.0427123 -0.0708174
0.649869 0.0649495 0.0682055
0.620081 -0.11612 0.0582753
0.575379 0.113884 0.0185544
0.64987 0.0404809 0.0682055
0.64987 0.0355872 0.0682055
0.570421 -0.0818658 -0.0310966
0.729326 0.00622816 -0.0658523
0.679672 -0.116117 0.0632404
0.63497 0.0894176 0.0682055
0.570419 -0.023141 0.0384149
0.57042 -0.0671846 -0.0360617
0.649873 -0.0231376 0.0682055
0.654835 0.0551623 -0.0708174
0.570421 -0.076972 0.0135893
0.729324 0.0502717 0.0582753
0.620072 0.113886 0.0682055
0.649874 -0.0573937 -0.0708174
0.729331 -0.106328 0.0135893
0.669737 -0.0280305 0.0682055
0.570415 0.050265 0.0632404
0.644911 -0.116119 0.0582753
0.600215 -0.0378209 -0.0708174
0.679672 -0.101436 0.0682055
0.57042 -0.0622908 -0.050957
0.595243 0.104097 0.0682055
0.649874 -0.0427125 0.0682055
0.639937 0.0747366 0.0682055
0.615112 -0.042714 0.0682055
0.674699 0.0502694 0.0682055
0.714429 -0.00355994 0.0682055
0.679662 0.113888 0.0682055
0.570418 -0.0133535 -0.0112362
0.64491 -0.0818626 -0.0708174
0.600218 -0.116121 0.0682055
0.570416 0.03069 0.0334498
0.684632 0.0160137 0.0682055
0.704497 0.00133337 0.0682055
0.729324 0.0502717 0.0284846
0.649875 -0.0671812 0.0682055
0.729322 0.099209 0.0334498
0.694561 0.0894201 -0.0708174
0.719396 -0.0378158 -0.0708174
0.729325 0.0404843 0.0235195
0.625046 -0.0769697 0.0682055
0.649875 -0.0720749 0.0682055
0.61014 0.108991 0.0682055
0.649877 -0.116118 0.0682055
0.729327 -0.0133468 0.0682055
0.570421 -0.0867595 -0.00130596
0.69457 -0.116117 0.00365914
0.649875 -0.0818624 0.0682055
0.610145 0.00132935 0.0682055
0.699526 0.113889 0.0334498
0.719394 0.0160152 -0.0708174
0.654833 0.1041 0.0682055
0.59028 0.0160097 -0.0708174
0.724365 -0.101434 0.0682055
0.71939 0.108996 0.0682055
0.724355 0.11389 -0.0708174
0.654834 0.0992059 0.0682055
0.639942 -0.0378192 0.0682055
0.704498 -0.028029 -0.0708174
0.654835 0.0551623 0.0682055
0.575383 0.0111153 -0.0708174
0.704499 -0.0476039 0.0682055
0.724362 -0.0476031 -0.0708174
0.654836 0.0453748 0.0682055
0.679667 -0.00356142 0.0682055
0.729326 -0.0035593 -0.050957
0.654837 0.00622499 0.0682055
0.699536 -0.116116 -0.0559221
0.684636 -0.062286 -0.0708174
0.654838 -0.00356248 0.0682055
0.729326 0.00133443 0.0682055
0.664774 -0.111224 -0.0708174
0.669739 -0.0818615 -0.0708174
0.659804 -0.0133497 0.0682055
0.570413 0.10899 -0.0112362
0.625038 0.113886 -0.0410268
0.654839 -0.0182437 0.0682055
0.714432 -0.0769659 0.0682055
0.580344 0.113884 -0.0708174
0.664772 -0.0573931 -0.0708174
0.649867 0.113887 -0.0261315
0.714424 0.11389 0.0384149
0.659807 -0.0720745 -0.0708174
0.630004 0.104099 -0.0708174
0.59525 -0.0671835 0.0682055
0.654841 -0.067181 0.0682055
0.709458 0.113889 0.04338
0.654843 -0.116118 0.0682055
0.659801 0.0551625 -0.0708174
0.570414 0.0943085 0.0682055
0.654836 0.0306936 0.0682055
0.634972 0.0551614 0.0682055
0.639943 -0.0769691 0.0682055
0.679663 0.108994 0.0682055
0.570421 -0.0720783 -0.0559221
0.729328 -0.0524966 0.0682055
0.610149 -0.0916515 0.0682055
0.654842 -0.101437 0.0682055
0.70946 0.0502709 -0.0708174
0.620073 0.0845232 -0.0708174
0.659808 -0.0965431 0.0682055
0.664775 -0.116118 -0.0211664
0.654835 0.0747372 -0.0708174
0.729322 0.108997 -0.0708174
0.570418 -0.00356607 -0.00627106
0.71939 0.11389 0.0235195
0.575382 0.0257965 -0.0708174
0.575387 -0.091653 0.0682055
0.724363 -0.0524968 0.0682055
0.57042 -0.0671846 -0.0162013
0.61014 0.113885 0.0235195
0.674706 -0.116117 -0.00130596
0.580347 0.0600529 0.0682055
0.570417 0.0209026 -0.0410268
0.6598 0.0845249 0.0682055
0.664773 -0.0720743 0.0682055
0.570415 0.0600524 -0.0162013
0.72933 -0.0867527 -0.0658523
0.679669 -0.0524987 0.0682055
0.615108 0.0600543 0.0682055
0.679662 0.113888 -0.0310966
0.729331 -0.111221 -0.0211664
0.659801 0.06495 0.0682055
0.659801 0.0551625 0.0682055
0.644902 0.0943117 0.0682055
0.649876 -0.101437 0.0682055
0.659802 0.0306939 0.0682055
0.600215 -0.0573958 0.0682055
0.570414 0.0943085 0.0483451
0.71939 0.11389 0.0682055
0.570414 0.0943085 -0.0261315
0.664766 0.0845251 0.0682055
0.639939 0.0257993 0.0682055
0.570418 -0.0182473 -0.0360617
0.585319 -0.0916526 0.0682055
0.659802 0.0502688 0.0682055
0.659803 0.0209064 0.0682055
0.610146 -0.0231393 -0.0708174
0.664767 0.0649502 0.0682055
0.659803 0.0111189 0.0682055
0.630008 0.0160114 -0.0708174
0.570416 0.0453712 0.00862424
0.659804 0.00133147 0.0682055
0.654833 0.113887 -0.00130596
0.570422 -0.106334 -0.0608872
0.684636 -0.0573922 0.0682055
0.659804 -0.0182435 0.0682055
0.570416 0.03069 -0.0410268
0.729322 0.0894216 0.0582753
0.659805 -0.0280309 0.0682055
0.699529 0.0551642 0.0682055
0.659805 -0.0329246 0.0682055
0.570416 0.0453712 -0.0410268
0.729322 0.099209 0.0682055
0.709459 0.0894207 -0.0708174
0.694569 -0.0867542 0.0682055
0.729323 0.0649529 0.0135893
0.595242 0.108991 -0.0708174
0.694561 0.0845264 0.0682055
0.714428 0.0111213 0.0682055
0.654839 -0.0329249 -0.0708174
0.72933 -0.081859 -0.0658523
0.67967 -0.0573925 0.0682055
0.644908 -0.037819 -0.0708174
0.570416 0.0355838 -0.0360617
0.570415 0.0649462 0.0582753
0.659807 -0.081862 0.0682055
0.704494 0.0747393 -0.0708174
0.590286 -0.116121 0.0533102
0.570417 0.0160089 -0.0559221
0.659807 -0.0867557 0.0682055
0.704493 0.0796331 -0.0708174
0.709468 -0.116116 -0.0708174
0.729327 -0.028028 -0.050957
0.570416 0.0257963 0.00862424
0.674698 0.0894193 0.0682055
0.570421 -0.0818658 0.00862424
0.570419 -0.0329285 0.0334498
0.679672 -0.116117 -0.00627106
0.634975 -0.028032 0.0682055
0.659808 -0.101437 0.0682055
0.625043 -0.0231387 0.0682055
0.649877 -0.116118 0.0384149
0.69457 -0.116117 0.0235195
0.689594 0.113889 -0.0608872
0.69953 0.0111206 0.0682055
0.630009 -0.0280322 0.0682055
0.570418 -0.0084598 0.04338
0.580354 -0.116121 -0.0410268
0.615116 -0.11612 0.0334498
0.659808 -0.106331 0.0682055
0.570413 0.10899 -0.0360617
0.729323 0.0747404 0.0185544
0.724362 -0.0329219 0.0682055
0.679664 0.0698445 0.0682055
0.654842 -0.101437 -0.0708174
0.605174 0.113885 0.0483451
0.694562 0.0747389 -0.0708174
0.659806 -0.0524996 -0.0708174
0.630007 0.04048 -0.0708174
0.654833 0.113887 -0.0112362
0.570422 -0.106334 -0.0410268
0.729324 0.0551655 0.0682055
0.664775 -0.116118 0.0185544
0.60518 -0.0231395 0.0682055
0.664765 0.108994 0.0682055
0.729325 0.0404843 -0.00627106
0.620072 0.113886 -0.0708174
0.664766 0.0894188 0.0682055
0.659807 -0.0769682 0.0682055
0.570416 0.0257963 -0.0459919
0.664766 0.0747376 0.0682055
0.595247 0.00132872 -0.0708174
0.585315 -0.00356543 -0.0708174
0.664774 -0.10633 -0.0708174
0.679667 0.00622604 0.0682055
0.595249 -0.0427149 0.0682055
0.72436 -0.00355952 0.0682055
0.610143 0.0453729 0.0682055
0.664769 0.0209066 0.0682055
0.600213 0.00622266 0.0682055
0.570415 0.0698399 -0.0261315
0.689594 0.113889 -0.0112362
0.72933 -0.0965402 -0.0459919
0.66477 -0.00356205 0.0682055
0.72933 -0.0867527 0.0384149
0.625044 -0.0427136 -0.0708174
0.714431 -0.0671784 0.0682055
0.729322 0.0894216 -0.0708174
0.570417 0.0160089 -0.0360617
0.6896 -0.0182422 0.0682055
0.679665 0.0600571 0.0682055
0.729323 0.0698467 -0.0162013
0.61511 0.0209045 -0.0708174
0.595246 0.0209036 -0.0708174
0.600211 0.05516 0.0682055
0.709468 -0.116116 0.0284846
0.664771 -0.0329244 0.0682055
0.600209 0.0943098 -0.0708174
0.625047 -0.11612 0.0334498
0.729331 -0.116115 -0.0559221
0.664772 -0.0524994 0.0682055
0.699526 0.113889 -0.0459919
0.570415 0.0698399 0.00365914
0.669731 0.0943128 -0.0708174
0.625044 -0.0378199 0.0682055
0.664772 -0.0573931 0.0682055
0.570417 0.00622139 0.0682055
0.570421 -0.076972 0.0682055
0.664773 -0.0818617 0.0682055
0.689594 0.113889 0.0632404
0.664773 -0.0916492 0.0682055
0.709458 0.113889 0.0185544
0.61015 -0.11612 -0.0459919
0.595244 0.0796284 -0.0708174
0.654843 -0.116118 0.04338
0.669731 0.108994 0.0682055
0.570418 -0.0133535 0.0483451
0.669731 0.1041 0.0682055
0.590282 -0.0231401 0.0682055
0.709461 0.0404834 -0.0708174
0.689603 -0.101436 0.0682055
0.669733 0.0649504 0.0682055
0.729324 0.045378 0.0334498
0.669731 0.108994 -0.0708174
0.679671 -0.0818611 0.0682055
0.580353 -0.0916528 -0.0708174
0.570418 -0.0133535 0.00862424
0.600216 -0.0769708 -0.0708174
0.669733 0.0600567 0.0682055
0.570418 -0.0182473 -0.050957
0.689598 0.0306951 0.0682055
0.570415 0.0649462 0.0135893
0.634979 -0.106332 -0.0708174
0.669734 0.0306943 0.0682055
0.669735 0.0111194 0.0682055
0.570414 0.0845211 0.0384149
0.644903 0.0600556 0.0682055
0.570413 0.113883 0.0533102
0.704498 -0.0231353 0.0682055
0.620077 -0.0182451 0.0682055
0.605179 0.00132914 0.0682055
0.669737 -0.0329242 0.0682055
0.729328 -0.0329217 -0.0112362
0.605184 -0.11612 -0.0211664
0.669737 -0.037818 0.0682055
0.704501 -0.0965412 0.0682055
0.630013 -0.106332 0.0682055
0.630009 -0.013351 -0.0708174
0.580344 0.113884 0.00365914
0.694563 0.0502703 0.0682055
0.669737 -0.0427117 0.0682055
0.570421 -0.0916532 -0.0211664
0.689601 -0.057392 0.0682055
0.590285 -0.0965461 -0.0708174
0.674702 -0.0231366 0.0682055
0.719399 -0.111222 0.0682055
0.570414 0.0796273 0.0284846
0.719391 0.0845274 0.0682055
0.570416 0.0404775 0.0235195
0.570421 -0.0916532 0.0533102
0.634979 -0.116119 0.04338
0.669739 -0.0818615 0.0682055
0.699536 -0.116116 0.00862424
0.615111 0.00132956 -0.0708174
0.570414 0.0894148 -0.0310966
0.669739 -0.0867553 0.0682055
0.590284 -0.06229 -0.0708174
0.674705 -0.0867551 -0.0708174
0.630013 -0.101438 0.0682055
0.580346 0.0894152 0.0682055
0.704498 -0.0329227 -0.0708174
0.694561 0.0943138 0.0682055
0.634975 -0.0133508 -0.0708174
0.585314 0.0306907 0.0682055
0.674697 0.094313 0.0682055
0.679671 -0.0965423 0.0682055
0.615116 -0.11612 -0.0708174
0.674698 0.0845255 0.0682055
0.679672 -0.111223 0.0682055
0.625038 0.113886 -0.0112362
0.689604 -0.111223 0.0682055
0.654839 -0.0182437 -0.0708174
0.659809 -0.116118 -0.0608872
0.590278 0.0698407 0.0682055
0.57042 -0.0525034 -0.050957
0.674698 0.0747381 0.0682055
0.674699 0.0649506 0.0682055
0.674699 0.0600569 0.0682055
0.729324 0.045378 0.0135893
0.60518 -0.0378207 -0.0708174
0.630013 -0.101438 -0.0708174
0.719396 -0.0378158 0.0682055
0.610145 -0.00356438 0.0682055
0.57042 -0.0622908 0.0384149
0.6747 0.0258008 0.0682055
0.570418 -0.0084598 0.0284846
0.585315 0.0111158 -0.0708174
0.664766 0.0796314 0.0682055
0.634969 0.113886 0.0682055
0.590279 0.0600533 -0.0708174
0.674701 0.0111196 0.0682055
0.679663 0.104101 0.0682055
0.709465 -0.0622849 0.0682055
0.71443 -0.0329223 -0.0708174
0.634979 -0.116119 -0.0112362
0.60518 -0.0280332 0.0682055
0.575388 -0.116122 -0.0608872
0.674703 -0.0280303 0.0682055
0.679668 -0.0231363 0.0682055
0.659806 -0.062287 0.0682055
0.679665 0.0551633 0.0682055
0.570413 0.113883 -0.0708174
0.570422 -0.101441 0.0284846
0.580354 -0.116121 -0.0360617
0.615116 -0.11612 0.0533102
0.59525 -0.0622898 0.0682055
0.679666 0.025801 0.0682055
0.674703 -0.0427115 0.0682055
0.71443 -0.0329223 0.0682055
0.570417 0.00622139 -0.0360617
0.674704 -0.0524989 0.0682055
0.674704 -0.0573927 0.0682055
0.615106 0.113885 -0.0410268
0.724357 0.0845276 -0.0708174
0.654836 0.0404811 0.0682055
0.58532 -0.116121 -0.0658523
0.674701 0.00622583 -0.0708174
0.570417 0.00132766 -0.0162013
0.674705 -0.0867551 0.0682055
0.585318 -0.0622902 -0.0708174
0.714432 -0.0720722 0.0682055
0.620079 -0.0622887 0.0682055
0.664772 -0.0622868 -0.0708174
0.729325 0.0355905 -0.0162013
0.674706 -0.111224 0.0682055
0.729326 0.00133443 0.04338
0.570419 -0.0280347 0.0235195
0.679663 0.108994 -0.0708174
0.709464 -0.0280288 0.0682055
0.610148 -0.0671829 -0.0708174
0.704492 0.113889 -0.0112362
0.694568 -0.0769667 -0.0708174
0.644909 -0.0769689 -0.0708174
0.679664 0.079632 0.0682055
0.615112 -0.0378203 -0.0708174
0.679666 0.0404822 0.0682055
0.625047 -0.11612 0.0533102
0.719392 0.0649525 -0.0708174
0.580347 0.0453717 0.0682055
0.679666 0.0306947 0.0682055
0.659799 0.113887 0.0135893
0.679668 -0.0231363 -0.0708174
0.639937 0.0649491 -0.0708174
0.620072 0.113886 0.0235195
0.714427 0.0453774 0.0682055
0.714433 -0.116116 0.0582753
0.570419 -0.0427159 -0.0360617
0.679666 0.0209072 0.0682055
0.679667 0.0160135 -0.0708174
0.684631 0.0600573 -0.0708174
0.679668 -0.0133489 0.0682055
0.729328 -0.0329217 0.0235195
0.57042 -0.0573971 0.0582753
0.605184 -0.11612 0.00862424
0.679668 -0.0280301 0.0682055
0.699536 -0.116116 0.0334498
0.590286 -0.111227 0.0682055
0.679672 -0.10633 0.0682055
0.729323 0.0747404 0.0533102
0.654843 -0.116118 -0.0608872
0.585314 0.0306907 -0.0708174
0.704498 -0.0329227 0.0682055
0.6747 0.0306945 0.0682055
0.57042 -0.0671846 -0.0658523
0.709468 -0.116116 0.0135893
0.729324 0.0502717 0.0533102
0.684629 0.0992071 0.0682055
0.649868 0.0894182 -0.0708174
0.575383 0.0160091 0.0682055
0.570419 -0.0427159 0.0483451
0.575386 -0.0573969 -0.0708174
0.649869 0.074737 -0.0708174
0.684632 0.0355886 -0.0708174
0.595252 -0.116121 -0.0608872
0.575385 -0.0476094 -0.0708174
0.649869 0.0600558 -0.0708174
0.64987 0.0502683 -0.0708174
0.570416 0.0257963 0.0334498
0.64987 0.0453746 -0.0708174
0.64987 0.0404809 -0.0708174
0.699532 -0.0231355 -0.0708174
0.644904 0.0404807 0.0682055
0.649871 0.0306934 -0.0708174
0.644904 0.0453744 0.0682055
0.649871 0.0257997 -0.0708174
0.649871 0.0160122 -0.0708174
0.729322 0.104103 0.0235195
0.679663 0.0943132 -0.0708174
0.649871 0.0111185 -0.0708174
0.699536 -0.116116 0.0235195
0.649872 0.00133104 -0.0708174
0.659809 -0.116118 -0.0658523
0.57042 -0.0525034 -0.0410268
0.649872 -0.00356269 -0.0708174
0.649872 -0.00845642 -0.0708174
0.649872 -0.0133501 -0.0708174
0.66974 -0.116118 -0.0211664
0.649873 -0.0182439 -0.0708174
0.570421 -0.0818658 -0.0261315
0.590285 -0.0818649 0.0682055
0.649873 -0.0231376 -0.0708174
0.575387 -0.0720781 0.0682055
0.570421 -0.076972 -0.0162013
0.649873 -0.0280313 -0.0708174
0.649873 -0.0329251 -0.0708174
0.729324 0.0551655 0.0235195
0.649873 -0.0378188 -0.0708174
0.649874 -0.0427125 -0.0708174
0.580347 0.0502654 0.0682055
0.649874 -0.0476063 -0.0708174
0.729328 -0.0378154 -0.0410268
0.659804 -0.00845599 -0.0708174
0.694562 0.0649514 0.0682055
0.649875 -0.0720749 -0.0708174
0.66974 -0.0965427 0.0682055
0.649875 -0.0818624 -0.0708174
0.649876 -0.0916498 -0.0708174
0.580352 -0.052503 0.0682055
0.649876 -0.106331 -0.0708174
0.689602 -0.0720732 -0.0708174
0.575387 -0.091653 -0.0708174
0.654833 0.108993 -0.0708174
0.570416 0.0355838 -0.00627106
0.570419 -0.023141 0.0632404
0.654834 0.0992059 -0.0708174
0.654834 0.0943121 -0.0708174
0.600216 -0.0671833 -0.0708174
0.719395 -0.0182409 -0.0708174
0.61014 0.113885 -0.0211664
0.659808 -0.0916494 0.0682055
0.674706 -0.116117 0.0284846
0.654834 0.0894184 -0.0708174
0.654834 0.0796309 -0.0708174
0.654835 0.0698435 -0.0708174
0.694564 0.0111204 -0.0708174
0.615116 -0.11612 -0.0261315
0.580354 -0.116121 0.0185544
0.729323 0.0796341 0.0284846
0.61015 -0.11612 0.0384149
0.654836 0.0502686 -0.0708174
0.625043 -0.00356374 0.0682055
0.654836 0.0453748 -0.0708174
0.729329 -0.0573903 -0.0708174
0.654837 0.0257999 -0.0708174
0.570417 0.00132766 0.0483451
0.654837 0.00622499 -0.0708174
0.570419 -0.0280347 0.0483451
0.654838 -0.00356248 -0.0708174
0.669731 0.113888 0.0135893
0.654838 -0.00845621 -0.0708174
0.595251 -0.0916522 0.0682055
0.570419 -0.0280347 -0.0211664
0.654838 -0.0133499 -0.0708174
0.654839 -0.0231374 -0.0708174
0.57042 -0.0476096 -0.050957
0.654839 -0.0280311 -0.0708174
0.65484 -0.0476061 -0.0708174
0.714429 -0.0133474 0.0682055
0.65484 -0.0573935 -0.0708174
0.714433 -0.116116 0.0334498
0.595252 -0.111227 0.0682055
0.590278 0.0796282 0.0682055
0.570419 -0.0427159 -0.0112362
0.65484 -0.0622872 -0.0708174
0.570421 -0.0867595 -0.050957
0.654841 -0.0720747 -0.0708174
0.694568 -0.072073 -0.0708174
0.654841 -0.0769684 -0.0708174
0.625047 -0.11612 -0.0410268
0.654841 -0.0818622 -0.0708174
0.654841 -0.0867559 -0.0708174
0.570419 -0.0329285 -0.00130596
0.654842 -0.0916496 -0.0708174
0.729326 0.00622816 -0.0261315
0.679672 -0.116117 0.0185544
0.654842 -0.106331 -0.0708174
0.654842 -0.111225 -0.0708174
0.659799 0.108994 -0.0708174
0.664774 -0.0965429 -0.0708174
0.634979 -0.116119 0.00862424
0.7045 -0.0720726 -0.0708174
0.6598 0.0943123 -0.0708174
0.6598 0.0894186 -0.0708174
0.664773 -0.076968 -0.0708174
0.6598 0.0845249 -0.0708174
0.664773 -0.0720743 -0.0708174
0.679667 0.00622604 -0.0708174
0.669738 -0.0573929 0.0682055
0.6598 0.0796312 -0.0708174
0.575388 -0.116122 -0.00627106
0.659801 0.06495 -0.0708174
0.659801 0.0600562 -0.0708174
0.570422 -0.116122 -0.0261315
0.659802 0.0502688 -0.0708174
0.659802 0.045375 -0.0708174
0.644911 -0.116119 0.0533102
0.729329 -0.0720715 0.0682055
0.659802 0.0306939 -0.0708174
0.62008 -0.0818636 -0.0708174
0.654837 0.0160124 -0.0708174
0.570413 0.10899 -0.0459919
0.659803 0.0258001 -0.0708174
0.654837 0.0111187 -0.0708174
0.570414 0.0796273 0.00862424
0.630005 0.0845236 0.0682055
0.659803 0.0160127 -0.0708174
0.615111 -0.0084579 -0.0708174
0.630005 0.0796299 0.0682055
0.659803 0.0111189 -0.0708174
0.570414 0.0943085 0.0185544
0.729328 -0.0427091 -0.0608872
0.659804 -0.00356226 -0.0708174
0.615114 -0.0818639 -0.0708174
0.659804 -0.0133497 -0.0708174
0.659804 -0.0182435 -0.0708174
0.570415 0.0600524 -0.0459919
0.659805 -0.0280309 -0.0708174
0.704496 0.0111208 0.0682055
0.729322 0.0943153 0.0682055
0.659805 -0.0427121 -0.0708174
0.729322 0.104103 0.0582753
0.659806 -0.0476058 -0.0708174
0.659806 -0.0573933 -0.0708174
0.659807 -0.0671808 -0.0708174
0.570422 -0.106334 0.0632404
0.659807 -0.0769682 -0.0708174
0.570413 0.104096 0.0135893
0.61014 0.113885 -0.0608872
0.659808 -0.0916494 -0.0708174
0.659808 -0.0965431 -0.0708174
0.729324 0.045378 -0.0708174
0.649877 -0.116118 -0.0162013
0.659808 -0.106331 -0.0708174
0.585315 0.00622203 -0.0708174
0.570413 0.10899 -0.00627106
0.659809 -0.116118 -0.0708174
0.570413 0.0992023 0.0384149
0.664765 0.108994 -0.0708174
0.570415 0.050265 -0.0310966
0.644901 0.108993 -0.0708174
0.58532 -0.116121 0.0235195
0.664765 0.1041 -0.0708174
0.630013 -0.116119 0.0384149
0.664765 0.0992063 -0.0708174
0.664766 0.0943126 -0.0708174
0.570415 0.0551587 -0.0708174
0.664766 0.0894188 -0.0708174
0.664766 0.0747376 -0.0708174
0.570416 0.03069 -0.0261315
0.664767 0.0698439 -0.0708174
0.669739 -0.0867553 -0.0708174
0.699526 0.113889 -0.0211664
0.664767 0.0649502 -0.0708174
0.664767 0.0600564 -0.0708174
0.570417 0.00132766 -0.0559221
0.719395 -0.00845346 0.0682055
0.664768 0.0404815 -0.0708174
0.684638 -0.116117 -0.0112362
0.664768 0.0355878 -0.0708174
0.590281 0.00132851 -0.0708174
0.674706 -0.116117 0.0384149
0.724355 0.11389 0.0284846
0.664768 0.0258003 -0.0708174
0.664769 0.0160129 -0.0708174
0.664769 0.00622541 -0.0708174
0.689604 -0.116117 -0.0112362
0.729326 0.0111219 0.00365914
0.639945 -0.116119 -0.0211664
0.72933 -0.0965402 -0.0310966
0.66477 0.00133168 -0.0708174
0.570422 -0.101441 0.0682055
0.66477 -0.00845578 -0.0708174
0.590276 0.113884 0.0185544
0.72933 -0.0769653 0.00365914
0.605184 -0.11612 0.0284846
0.71939 0.11389 -0.00130596
0.66477 -0.0182432 -0.0708174
0.699536 -0.116116 -0.0261315
0.664771 -0.0329244 -0.0708174
0.689594 0.113889 -0.0261315
0.704492 0.113889 0.0483451
0.664771 -0.0378182 -0.0708174
0.709468 -0.116116 -0.0658523
0.644911 -0.116119 0.0284846
0.729331 -0.111221 -0.0112362
0.664771 -0.0427119 -0.0708174
0.679662 0.113888 -0.0261315
0.625041 0.0257986 -0.0708174
0.664772 -0.0476056 -0.0708174
0.729331 -0.101434 0.0284846
0.664772 -0.0524994 -0.0708174
0.570415 0.0600524 -0.0608872
0.639941 -0.0280318 0.0682055
0.664773 -0.0818617 -0.0708174
0.72933 -0.0965402 0.0235195
0.664773 -0.0916492 -0.0708174
0.644911 -0.116119 -0.0112362
0.664775 -0.116118 -0.0708174
0.669731 0.113888 -0.0708174
0.719396 -0.0476033 0.0682055
0.625038 0.0992046 0.0682055
0.669731 0.1041 -0.0708174
0.669731 0.0992065 -0.0708174
0.669732 0.089419 -0.0708174
0.570414 0.0894148 -0.0162013
0.669732 0.0845253 -0.0708174
0.570417 0.0111151 0.0632404
0.669732 0.0747378 -0.0708174
0.625038 0.113886 0.0334498
0.570416 0.0453712 0.0632404
0.669733 0.0698441 -0.0708174
0.689599 -0.003561 -0.0708174
0.570417 0.00132766 0.0334498
0.724362 -0.0427094 -0.0708174
0.570418 -0.0133535 -0.0310966
0.61015 -0.11612 0.0582753
0.669733 0.0551629 -0.0708174
0.6896 -0.0182422 -0.0708174
0.570418 -0.0084598 -0.0211664
0.570417 0.00622139 0.0384149
0.669733 0.0502692 -0.0708174
0.575379 0.113884 0.0284846
0.669734 0.0453755 -0.0708174
0.669734 0.035588 -0.0708174
0.674701 0.0111196 -0.0708174
0.659799 0.113887 -0.0360617
0.570422 -0.0965469 0.0334498
0.724363 -0.067178 -0.0708174
0.570419 -0.0378222 -0.0310966
0.684634 -0.0133487 0.0682055
0.669734 0.0258005 -0.0708174
0.585317 -0.0329278 -0.0708174
0.570414 0.0943085 0.00862424
0.669735 0.0209068 -0.0708174
0.669735 0.0160131 -0.0708174
0.669735 0.00133189 -0.0708174
0.699526 0.113889 -0.0261315
0.570415 0.0600524 0.04338
0.72933 -0.081859 0.0632404
0.669736 -0.00356184 -0.0708174
0.644904 0.0502681 0.0682055
0.68463 0.0698448 -0.0708174
0.570415 0.0551587 0.00862424
0.605178 0.0160103 -0.0708174
0.694568 -0.0818605 0.0682055
0.669736 -0.0133493 -0.0708174
0.669736 -0.0231368 -0.0708174
0.570416 0.0355838 0.00862424
0.669737 -0.0329242 -0.0708174
0.664775 -0.116118 -0.0459919
0.669737 -0.037818 -0.0708174
0.634979 -0.116119 0.0135893
0.669738 -0.0524991 -0.0708174
0.669738 -0.0573929 -0.0708174
0.570417 0.0111151 0.00365914
0.620072 0.113886 -0.0410268
0.669738 -0.0622866 -0.0708174
0.664775 -0.116118 0.0334498
0.669738 -0.0671803 -0.0708174
0.630013 -0.116119 0.00862424
0.669739 -0.0720741 -0.0708174
0.639935 0.113886 -0.00130596
0.709463 -0.0133476 -0.0708174
0.729326 0.0160156 -0.0658523
0.669739 -0.0769678 -0.0708174
0.729325 0.0306968 -0.0608872
0.669739 -0.091649 -0.0708174
0.644901 0.113887 -0.0658523
0.684638 -0.116117 -0.00627106
0.649871 0.0160122 0.0682055
0.66974 -0.0965427 -0.0708174
0.66974 -0.10633 -0.0708174
0.66974 -0.116118 -0.0708174
0.605183 -0.106333 0.0682055
0.57042 -0.0525034 -0.0211664
0.729326 0.0111219 0.0582753
0.63497 0.0894176 -0.0708174
0.57042 -0.0573971 -0.00627106
0.570416 0.0257963 0.0533102
0.674697 0.094313 -0.0708174
0.679671 -0.0965423 -0.0708174
0.674698 0.0796318 -0.0708174
0.679672 -0.116117 -0.0708174
0.674698 0.0747381 -0.0708174
0.674699 0.0600569 -0.0708174
0.570421 -0.076972 0.00365914
0.654836 0.0502686 0.0682055
0.674699 0.0502694 -0.0708174
0.6747 0.0404819 -0.0708174
0.6747 0.0258008 -0.0708174
0.6747 0.020907 -0.0708174
0.570415 0.0698399 -0.00627106
0.674706 -0.116117 -0.0261315
0.674701 0.0013321 -0.0708174
0.674702 -0.00356163 -0.0708174
0.570418 -0.00356607 -0.0261315
0.674702 -0.00845536 -0.0708174
0.674702 -0.0182428 -0.0708174
0.570419 -0.023141 -0.00627106
0.674703 -0.032924 -0.0708174
0.60021 0.0747349 -0.0708174
0.674703 -0.0427115 -0.0708174
0.674703 -0.0476052 -0.0708174
0.674704 -0.0524989 -0.0708174
0.674704 -0.0573927 -0.0708174
0.674705 -0.0818613 -0.0708174
0.674706 -0.101436 -0.0708174
0.600208 0.113885 -0.0459919
0.729325 0.0355905 0.0235195
0.674706 -0.10633 -0.0708174
0.729326 0.00133443 -0.00130596
0.570419 -0.0280347 -0.0360617
0.729331 -0.111221 0.0384149
0.679662 0.113888 -0.0708174
0.729329 -0.0671778 0.0384149
0.679663 0.104101 -0.0708174
0.709462 0.0209085 -0.0708174
0.729329 -0.0720715 0.0235195
0.679663 0.0992069 -0.0708174
0.709461 0.030696 -0.0708174
0.570421 -0.0720783 -0.0112362
0.590286 -0.116121 0.0632404
0.679663 0.0894195 -0.0708174
0.729322 0.0943153 -0.050957
0.679664 0.0845257 -0.0708174
0.729323 0.0747404 0.0483451
0.654843 -0.116118 -0.0708174
0.679664 0.0698445 -0.0708174
0.679664 0.0649508 -0.0708174
0.585316 -0.0133529 0.0682055
0.570415 0.0551587 -0.00130596
0.729323 0.0845279 0.0284846
0.639938 0.0502679 0.0682055
0.679665 0.0551633 -0.0708174
0.659806 -0.0524996 0.0682055
0.679665 0.0502696 -0.0708174
0.679666 0.0355884 -0.0708174
0.679666 0.0306947 -0.0708174
0.679667 0.0111198 -0.0708174
0.570415 0.0551587 -0.0261315
0.679667 0.00133231 -0.0708174
0.679668 -0.00845515 -0.0708174
0.709468 -0.116116 0.0185544
0.679669 -0.0378175 -0.0708174
0.570417 0.00622139 -0.050957
0.69457 -0.116117 -0.050957
0.679669 -0.047605 -0.0708174
0.570416 0.0355838 -0.0658523
0.67967 -0.0622862 -0.0708174
0.570418 -0.0182473 0.0334498
0.679671 -0.0769674 -0.0708174
0.729331 -0.116115 0.0235195
0.679672 -0.101436 -0.0708174
0.679672 -0.10633 -0.0708174
0.729325 0.0209093 -0.0658523
0.684628 0.113888 -0.0708174
0.729324 0.0502717 -0.0658523
0.684629 0.0943134 -0.0708174
0.630003 0.113886 0.0135893
0.57042 -0.0476096 0.0135893
0.68463 0.0796322 -0.0708174
0.620081 -0.11612 0.0483451
0.68463 0.0747385 -0.0708174
0.570421 -0.076972 0.0334498
0.68463 0.064951 -0.0708174
0.684631 0.0551636 -0.0708174
0.570415 0.0600524 0.0483451
0.684631 0.0502698 -0.0708174
0.724355 0.11389 -0.0211664
0.684632 0.0258012 -0.0708174
0.684632 0.0209074 -0.0708174
0.659799 0.113887 0.0533102
0.64491 -0.09165 -0.0708174
0.570422 -0.0965469 0.0682055
0.684633 0.01112 -0.0708174
0.684633 0.00622625 -0.0708174
0.684633 0.00133252 -0.0708174
0.615107 0.0943104 -0.0708174
0.570421 -0.076972 -0.050957
0.684633 -0.00356121 -0.0708174
0.664775 -0.116118 -0.0112362
0.704497 -0.00845409 0.0682055
0.714433 -0.116116 -0.0211664
0.615106 0.0992042 -0.0708174
0.570421 -0.0720783 -0.050957
0.684633 -0.00845494 -0.0708174
0.570418 -0.0133535 -0.0410268
0.684634 -0.0133487 -0.0708174
0.570416 0.0257963 0.0582753
0.684634 -0.0182424 -0.0708174
0.684634 -0.0231361 -0.0708174
0.570414 0.0845211 0.0582753
0.684635 -0.0329236 -0.0708174
0.684635 -0.0427111 -0.0708174
0.570415 0.0698399 0.0582753
0.684635 -0.0476048 -0.0708174
0.570421 -0.0916532 0.00862424
0.684635 -0.0524985 -0.0708174
0.684636 -0.0573922 -0.0708174
0.684636 -0.0769672 -0.0708174
0.684637 -0.0916484 -0.0708174
0.684638 -0.10633 -0.0708174
0.644901 0.113887 -0.0459919
0.684638 -0.116117 -0.0708174
0.689594 0.113889 -0.0708174
0.689594 0.108995 -0.0708174
0.600218 -0.116121 0.0384149
0.659799 0.113887 0.0235195
0.689595 0.104101 -0.0708174
0.694569 -0.0916479 -0.0708174
0.625044 -0.0476073 -0.0708174
0.654834 0.0796309 0.0682055
0.689595 0.0943136 -0.0708174
0.694569 -0.106329 -0.0708174
0.615106 0.113885 0.0533102
0.689595 0.0894199 -0.0708174
0.689596 0.0796324 -0.0708174
0.69457 -0.116117 -0.0708174
0.620081 -0.11612 -0.0559221
0.689597 0.0404826 -0.0708174
0.689598 0.0355888 -0.0708174
0.729327 -0.0231342 0.00365914
0.719399 -0.116116 0.04338
0.709468 -0.116116 -0.0360617
0.644911 -0.116119 -0.00130596
0.689598 0.0306951 -0.0708174
0.689598 0.0258014 -0.0708174
0.694562 0.0796326 0.0682055
0.689598 0.0160139 -0.0708174
0.689599 0.0111202 -0.0708174
0.689599 0.00622647 -0.0708174
0.69456 0.113889 0.00365914
0.729322 0.104103 0.0284846
0.689599 0.00133274 -0.0708174
0.570418 -0.0133535 -0.00130596
0.689599 -0.00845473 -0.0708174
0.729323 0.0796341 0.00365914
0.6896 -0.0231359 -0.0708174
0.6896 -0.0329234 -0.0708174
0.689601 -0.0427108 -0.0708174
0.689601 -0.0524983 -0.0708174
0.610144 0.0160105 0.0682055
0.570415 0.0600524 0.0185544
0.689603 -0.0867544 -0.0708174
0.719398 -0.072072 0.0682055
0.689603 -0.0965419 -0.0708174
0.630003 0.113886 -0.0261315
0.57042 -0.0476096 0.0284846
0.689604 -0.116117 -0.0708174
0.729323 0.0845279 -0.0162013
0.570413 0.104096 0.0483451
0.570422 -0.111228 -0.00627106
0.69456 0.113889 -0.0708174
0.729323 0.0796341 0.0533102
0.61015 -0.11612 -0.0360617
0.694561 0.0943138 -0.0708174
0.694561 0.0845264 -0.0708174
0.659801 0.0600562 0.0682055
0.694562 0.0796326 -0.0708174
0.570422 -0.106334 0.0384149
0.729324 0.045378 -0.0608872
0.694562 0.0698452 -0.0708174
0.620072 0.113886 0.0533102
0.729325 0.0404843 -0.0608872
0.694562 0.0649514 -0.0708174
0.659805 -0.0378184 0.0682055
0.570413 0.113883 -0.00627106
0.729324 0.0502717 -0.0559221
0.694562 0.0600577 -0.0708174
0.570422 -0.101441 0.0384149
0.694563 0.0502703 -0.0708174
0.729325 0.0209093 -0.0261315
0.694563 0.0453765 -0.0708174
0.570422 -0.116122 0.00862424
0.704502 -0.116116 0.0483451
0.729326 0.0160156 -0.0261315
0.694563 0.0404828 -0.0708174
0.630003 0.113886 0.0582753
0.719399 -0.116116 -0.0310966
0.659809 -0.116118 -0.0261315
0.729326 -0.0035593 -0.0608872
0.595251 -0.10144 0.0682055
0.590277 0.0943094 0.0682055
0.694564 0.0209079 -0.0708174
0.729327 -0.00845303 -0.0608872
0.694564 0.0160141 -0.0708174
0.724365 -0.116115 0.0682055
0.719391 0.07474 0.0682055
0.570415 0.050265 0.0284846
0.719399 -0.116116 -0.0559221
0.659809 -0.116118 -0.050957
0.694565 -0.00356078 -0.0708174
0.694566 -0.0280294 -0.0708174
0.694567 -0.0378169 -0.0708174
0.679667 0.0160135 0.0682055
0.694567 -0.0427106 -0.0708174
0.694567 -0.0476044 -0.0708174
0.590282 -0.0280339 0.0682055
0.694567 -0.0573918 -0.0708174
0.729328 -0.0378154 -0.050957
0.694568 -0.0622855 -0.0708174
0.729328 -0.0427091 -0.050957
0.699528 0.0649517 0.0682055
0.694568 -0.0671793 -0.0708174
0.570417 0.0160089 0.0284846
0.684638 -0.116117 0.0682055
0.575388 -0.116122 0.00365914
0.694569 -0.101435 -0.0708174
0.69457 -0.111223 -0.0708174
0.669733 0.0600567 -0.0708174
0.699526 0.108995 -0.0708174
0.699526 0.104102 -0.0708174
0.699527 0.0894203 -0.0708174
0.699527 0.0845266 -0.0708174
0.600217 -0.101439 -0.0708174
0.699528 0.0698454 -0.0708174
0.699528 0.0649517 -0.0708174
0.699528 0.0600579 -0.0708174
0.674697 0.113888 0.0284846
0.729329 -0.0573903 0.00862424
0.699529 0.0551642 -0.0708174
0.570417 0.0111151 0.04338
0.699529 0.0502705 -0.0708174
0.634979 -0.116119 0.0284846
0.699529 0.0453767 -0.0708174
0.699529 0.0355893 -0.0708174
0.69953 0.0306955 -0.0708174
0.69953 0.0209081 -0.0708174
0.72933 -0.0965402 -0.0608872
0.69953 0.0160144 -0.0708174
0.664771 -0.0280307 -0.0708174
0.69953 0.0111206 -0.0708174
0.709466 -0.0818598 -0.0708174
0.699531 0.00622689 -0.0708174
0.699531 0.00133316 -0.0708174
0.699531 -0.00356057 -0.0708174
0.570419 -0.0427159 -0.0608872
0.699531 -0.0084543 -0.0708174
0.729322 0.0894216 0.0632404
0.699531 -0.013348 -0.0708174
0.699532 -0.0182418 -0.0708174
0.62008 -0.0916511 -0.0708174
0.699532 -0.032923 -0.0708174
0.699532 -0.0378167 -0.0708174
0.729323 0.0845279 0.0533102
0.620078 -0.0378201 -0.0708174
0.699533 -0.0427104 -0.0708174
0.674701 0.0160133 -0.0708174
0.699533 -0.0476041 -0.0708174
0.729326 0.0111219 0.0632404
0.57042 -0.0573971 -0.0112362
0.699533 -0.0524979 -0.0708174
0.590282 -0.0231401 -0.0708174
0.590286 -0.116121 0.0483451
0.699533 -0.0573916 -0.0708174
0.570421 -0.076972 -0.0459919
0.664765 0.113887 0.0533102
0.699534 -0.0671791 -0.0708174
0.699534 -0.0769665 -0.0708174
0.649873 -0.0280313 0.0682055
0.699535 -0.101435 -0.0708174
0.699535 -0.106329 -0.0708174
0.719392 0.0502713 -0.0708174
0.634969 0.113886 0.04338
0.699536 -0.111223 -0.0708174
0.699536 -0.116116 -0.0708174
0.570421 -0.0818658 -0.0211664
0.689594 0.113889 0.0533102
0.704492 0.108995 -0.0708174
0.709466 -0.0867536 -0.0708174
0.704492 0.104102 -0.0708174
0.709467 -0.0916473 -0.0708174
0.704493 0.0894205 -0.0708174
0.704493 0.0845268 -0.0708174
0.709467 -0.111222 -0.0708174
0.704494 0.0698456 -0.0708174
0.719399 -0.111222 -0.0708174
0.570417 0.0160089 -0.0211664
0.630004 0.108992 0.0682055
0.704494 0.0649519 -0.0708174
0.704494 0.0600581 -0.0708174
0.62504 0.0600548 -0.0708174
0.570415 0.0649462 0.0384149
0.704495 0.0355895 -0.0708174
0.570416 0.0355838 0.0235195
0.634972 0.045374 0.0682055
0.639943 -0.0671816 0.0682055
0.704495 0.0306958 -0.0708174
0.709465 -0.0573912 -0.0708174
0.570417 0.0160089 0.0235195
0.704496 0.025802 -0.0708174
0.704496 0.0209083 -0.0708174
0.69456 0.108995 -0.0708174
0.704496 0.0111208 -0.0708174
0.704497 -0.00356036 -0.0708174
0.570417 0.00132766 -0.0211664
0.704497 -0.00845409 -0.0708174
0.630013 -0.116119 0.00365914
0.704498 -0.0182416 -0.0708174
0.639935 0.113886 -0.0459919
0.704498 -0.0231353 -0.0708174
0.704498 -0.0378165 -0.0708174
0.704499 -0.0427102 -0.0708174
0.704499 -0.0476039 -0.0708174
0.669736 -0.00845557 -0.0708174
0.704499 -0.0524977 -0.0708174
0.590276 0.113884 0.0135893
0.72933 -0.0769653 -0.00130596
0.605184 -0.11612 0.0235195
0.570419 -0.023141 -0.0658523
0.57042 -0.0573971 -0.0410268
0.71939 0.11389 0.0284846
0.704499 -0.0622851 -0.0708174
0.7045 -0.0671789 -0.0708174
0.644907 -0.0231378 -0.0708174
0.7045 -0.0769663 -0.0708174
0.600217 -0.0867582 -0.0708174
0.7045 -0.0818601 -0.0708174
0.570413 0.10899 0.0334498
0.719391 0.07474 -0.0708174
0.724365 -0.116115 -0.0708174
0.704501 -0.106329 -0.0708174
0.570416 0.0453712 -0.0360617
0.704502 -0.111222 -0.0708174
0.704502 -0.116116 -0.0708174
0.709458 0.0992082 -0.0708174
0.709459 0.0943145 -0.0708174
0.639935 0.113886 0.0235195
0.729322 0.0943153 -0.00130596
0.709459 0.084527 -0.0708174
0.605174 0.113885 -0.0162013
0.709459 0.0796333 -0.0708174
0.634973 0.0355865 0.0682055
0.70946 0.0649521 -0.0708174
0.729325 0.0306968 0.0632404
0.70946 0.0600583 -0.0708174
0.570422 -0.101441 0.0533102
0.580354 -0.116121 -0.0112362
0.615116 -0.11612 -0.0211664
0.58532 -0.116121 -0.00627106
0.70946 0.0551646 -0.0708174
0.659799 0.113887 -0.00130596
0.570422 -0.0965469 0.0483451
0.709461 0.0453772 -0.0708174
0.714424 0.104102 -0.0708174
0.630012 -0.0818632 0.0682055
0.709461 0.0355897 -0.0708174
0.709462 0.0258022 -0.0708174
0.729323 0.0698467 0.0632404
0.724362 -0.0329219 -0.0708174
0.709462 0.0160148 -0.0708174
0.709462 0.011121 -0.0708174
0.729329 -0.0573903 -0.0410268
0.709463 -0.00356015 -0.0708174
0.709463 -0.0182413 -0.0708174
0.709464 -0.0231351 -0.0708174
0.709464 -0.0280288 -0.0708174
0.729329 -0.0671778 0.0632404
0.709464 -0.0378163 -0.0708174
0.709464 -0.04271 -0.0708174
0.694568 -0.0671793 0.0682055
0.709465 -0.0622849 -0.0708174
0.570416 0.0355838 0.0483451
0.709466 -0.0671786 -0.0708174
0.570417 0.00622139 0.0334498
0.709466 -0.0769661 -0.0708174
0.714426 0.0551648 -0.0708174
0.709467 -0.106328 -0.0708174
0.570413 0.104096 0.0334498
0.570422 -0.111228 0.0334498
0.714424 0.108996 -0.0708174
0.714424 0.0992084 -0.0708174
0.714425 0.0894209 -0.0708174
0.729328 -0.0427091 0.0682055
0.714425 0.0845272 -0.0708174
0.729326 -0.0035593 -0.0708174
0.600218 -0.116121 -0.0360617
0.570416 0.03069 0.0632404
0.714425 0.0747398 -0.0708174
0.714426 0.069846 -0.0708174
0.714426 0.0649523 -0.0708174
0.714426 0.0600586 -0.0708174
0.729326 0.0160156 -0.0410268
0.714426 0.0502711 -0.0708174
0.6896 -0.0329234 0.0682055
0.57042 -0.0671846 -0.0211664
0.620081 -0.11612 0.00862424
0.729324 0.0502717 -0.0459919
0.714427 0.0453774 -0.0708174
0.729322 0.099209 -0.00627106
0.679663 0.0943132 0.0682055
0.714427 0.0355899 -0.0708174
0.570418 -0.0182473 0.0632404
0.644901 0.113887 -0.0162013
0.714427 0.0306962 -0.0708174
0.714428 0.0209087 -0.0708174
0.714428 0.00622752 -0.0708174
0.600218 -0.116121 -0.050957
0.714428 0.00133379 -0.0708174
0.714429 -0.00355994 -0.0708174
0.570421 -0.0818658 -0.0608872
0.679672 -0.116117 0.0235195
0.714429 -0.00845367 -0.0708174
0.625038 0.113886 0.04338
0.714429 -0.0133474 -0.0708174
0.575379 0.113884 0.00365914
0.724358 0.060059 -0.0708174
0.634979 -0.116119 -0.0608872
0.570422 -0.0965469 -0.0559221
0.570416 0.0355838 0.0533102
0.714429 -0.0182411 -0.0708174
0.71443 -0.0231349 -0.0708174
0.644902 0.089418 0.0682055
0.699527 0.0796328 -0.0708174
0.71443 -0.0280286 -0.0708174
0.69953 0.0258018 0.0682055
0.71443 -0.0378161 -0.0708174
0.714431 -0.0476035 -0.0708174
0.714431 -0.0622847 -0.0708174
0.570417 0.0111151 -0.0310966
0.714431 -0.0671784 -0.0708174
0.714432 -0.0720722 -0.0708174
0.570419 -0.023141 -0.0410268
0.57042 -0.0573971 -0.0658523
0.714432 -0.0818596 -0.0708174
0.570415 0.050265 -0.0559221
0.58532 -0.116121 -0.00130596
0.714433 -0.0965408 -0.0708174
0.570416 0.0355838 -0.0559221
0.729326 0.00133443 -0.0112362
0.570419 -0.0280347 -0.0559221
0.714433 -0.101435 -0.0708174
0.714433 -0.116116 -0.0708174
0.610144 0.0111168 -0.0708174
0.71939 0.108996 -0.0708174
0.724365 -0.101434 -0.0708174
0.570419 -0.0427159 0.00365914
0.600218 -0.116121 -0.00130596
0.600214 -0.0280335 -0.0708174
0.71939 0.104102 -0.0708174
0.724364 -0.0965404 -0.0708174
0.570422 -0.111228 0.04338
0.719391 0.0796337 -0.0708174
0.719392 0.0600588 -0.0708174
0.699526 0.113889 -0.0112362
0.570415 0.0600524 0.0582753
0.709466 -0.0720724 0.0682055
0.719392 0.0453776 -0.0708174
0.719393 0.0258027 -0.0708174
0.719394 0.0209089 -0.0708174
0.570417 0.00622139 -0.0559221
0.719394 0.00622773 -0.0708174
0.719395 -0.00355973 -0.0708174
0.570421 -0.076972 -0.00627106
0.625038 0.113886 -0.0658523
0.719395 -0.00845346 -0.0708174
0.570421 -0.0720783 -0.00130596
0.570416 0.0404775 -0.0608872
0.719395 -0.0133472 -0.0708174
0.719396 -0.0329221 -0.0708174
0.719396 -0.0476033 -0.0708174
0.570414 0.0943085 -0.0559221
0.719397 -0.0573908 -0.0708174
0.719397 -0.0622845 -0.0708174
0.699527 0.0992078 0.0682055
0.630009 -0.0182447 0.0682055
0.719398 -0.072072 -0.0708174
0.570419 -0.0329285 0.0582753
0.649868 0.0796307 -0.0708174
0.719398 -0.0867531 -0.0708174
0.719398 -0.0916469 -0.0708174
0.570415 0.0649462 -0.00130596
0.605184 -0.11612 -0.0310966
0.704492 0.113889 0.0135893
0.724356 0.108996 -0.0708174
0.72933 -0.0916465 -0.0360617
0.69457 -0.116117 -0.0608872
0.724356 0.0992088 -0.0708174
0.724356 0.0943151 -0.0708174
0.570419 -0.0329285 -0.0360617
0.620072 0.113886 -0.0162013
0.729325 0.0404843 -0.0459919
0.724357 0.0796339 -0.0708174
0.724357 0.0747402 -0.0708174
0.724358 0.0649527 -0.0708174
0.724358 0.0502715 -0.0708174
0.724358 0.0453778 -0.0708174
0.724359 0.0404841 -0.0708174
0.724359 0.0306966 -0.0708174
0.590276 0.113884 0.0235195
0.570419 -0.023141 -0.0608872
0.674706 -0.116117 -0.00627106
0.72436 0.0111217 -0.0708174
0.709458 0.113889 -0.0459919
0.72436 0.00622795 -0.0708174
0.72436 0.00133422 -0.0708174
0.570419 -0.0378222 0.0384149
0.620077 -0.0133514 0.0682055
0.72436 -0.00355952 -0.0708174
0.620079 -0.0525013 -0.0708174
0.724361 -0.00845325 -0.0708174
0.724361 -0.013347 -0.0708174
0.729326 0.00133443 -0.0459919
0.580354 -0.116121 0.0582753
0.724361 -0.0182407 -0.0708174
0.654843 -0.116118 -0.0211664
0.729323 0.0796341 -0.0708174
0.724361 -0.0231344 -0.0708174
0.570421 -0.0818658 0.0235195
0.724363 -0.0573906 -0.0708174
0.729329 -0.0622841 -0.0708174
0.575379 0.113884 0.0582753
0.570417 0.0209026 -0.050957
0.724363 -0.0622843 -0.0708174
0.595242 0.113885 0.0483451
0.724363 -0.0720717 -0.0708174
0.689604 -0.116117 -0.0559221
0.724365 -0.106328 -0.0708174
0.620081 -0.11612 0.0334498
0.729322 0.0943153 -0.0708174
0.729327 -0.028028 -0.0162013
0.570416 0.0257963 -0.0559221
0.620075 0.0306922 -0.0708174
0.729323 0.0845279 -0.0708174
0.729323 0.0747404 -0.0708174
0.729326 0.00133443 -0.0261315
0.570419 -0.0280347 -0.0112362
0.570419 -0.0378222 0.00365914
0.649871 0.0306934 0.0682055
0.729324 0.0600592 -0.0708174
0.570421 -0.076972 0.0384149
0.729324 0.0551655 -0.0708174
0.570421 -0.0818658 0.0533102
0.729324 0.0502717 -0.0708174
0.69457 -0.116117 -0.0261315
0.600208 0.113885 0.0533102
0.729325 0.0355905 -0.0708174
0.570422 -0.101441 -0.0112362
0.729325 0.0306968 -0.0708174
0.669736 -0.00845557 0.0682055
0.570422 -0.106334 0.00365914
0.570415 0.050265 0.0582753
0.724365 -0.116115 0.0384149
0.729325 0.0258031 -0.0708174
0.649871 0.020906 0.0682055
0.729326 0.0160156 -0.0708174
0.570422 -0.111228 0.00862424
0.729326 0.0111219 0.0533102
0.639945 -0.116119 0.0284846
0.729326 0.00622816 -0.0708174
0.729327 -0.00845303 -0.0708174
0.699526 0.113889 -0.0708174
0.570415 0.0600524 -0.00130596
0.630003 0.113886 0.0235195
0.729327 -0.0133468 -0.0708174
0.729327 -0.0231342 -0.0708174
0.729327 -0.028028 -0.0708174
0.570414 0.0943085 -0.0658523
0.729328 -0.0329217 -0.0708174
0.729327 -0.0231342 0.04338
0.719399 -0.116116 0.0632404
0.729328 -0.0378154 -0.0708174
0.729328 -0.0427091 -0.0708174
0.729328 -0.0524966 -0.0708174
0.654841 -0.067181 -0.0708174
0.729329 -0.0671778 -0.0708174
0.729329 -0.0720715 -0.0708174
0.729331 -0.101434 -0.0708174
0.689601 -0.0378171 -0.0708174
0.57042 -0.0476096 -0.0261315
0.729331 -0.106328 -0.0708174
0.719399 -0.116116 -0.0459919
0.714432 -0.0818596 0.0682055
0.57042 -0.0525034 -0.0112362
0.729331 -0.111221 -0.0708174
0.669737 -0.0427117 -0.0708174
0.729331 -0.116115 -0.0708174
0.714433 -0.116116 0.0284846
0.570419 -0.0427159 -0.0162013
0.570413 0.113883 0.0632404
0.570413 0.10899 0.0632404
0.570413 0.104096 0.0632404
0.570422 -0.111228 0.0632404
0.644906 0.00133083 -0.0708174
0.570414 0.0943085 0.0632404
0.625038 0.108992 0.0682055
0.570414 0.0796273 0.0632404
0.699526 0.113889 -0.00627106
0.669731 0.0943128 0.0682055
0.570415 0.0600524 0.0632404
0.570416 0.0355838 0.0632404
0.709468 -0.116116 -0.050957
0.644911 -0.116119 0.04338
0.729327 -0.028028 0.00862424
0.639939 0.030693 0.0682055
0.570416 0.0257963 0.0632404
0.570417 0.00132766 0.0632404
0.570418 -0.00356607 0.0632404
0.674697 0.1041 -0.0708174
0.679671 -0.0916486 -0.0708174
0.570418 -0.0084598 0.0632404
0.570419 -0.0427159 0.0632404
0.64987 0.0551621 0.0682055
0.57042 -0.0476096 0.0632404
0.57042 -0.0525034 0.0632404
0.729328 -0.0329217 0.0284846
0.57042 -0.0573971 0.0632404
0.729326 0.0111219 0.0384149
0.57042 -0.0622908 0.0632404
0.57042 -0.0671846 0.0632404
0.570421 -0.0720783 0.0632404
0.570421 -0.076972 0.0632404
0.729327 -0.0133468 0.0384149
0.570421 -0.0867595 0.0632404
0.674706 -0.0965425 -0.0708174
0.649877 -0.116118 0.0483451
0.570421 -0.0916532 0.0632404
0.72933 -0.081859 -0.0410268
0.570422 -0.116122 0.0632404
0.704501 -0.0965412 -0.0708174
0.570414 0.0845211 -0.0360617
0.634979 -0.101438 0.0682055
0.570413 0.113883 0.0582753
0.585311 0.0943092 0.0682055
0.570413 0.10899 0.0582753
0.570421 -0.0916532 -0.0162013
0.570413 0.104096 0.0582753
0.570413 0.0992023 0.0582753
0.570414 0.0943085 0.0582753
0.570422 -0.116122 -0.0459919
0.570414 0.0894148 0.0582753
0.570414 0.0796273 0.0582753
0.570414 0.0747336 0.0582753
0.644905 0.016012 -0.0708174
0.570415 0.0551587 0.0582753
0.600217 -0.101439 0.0682055
0.570416 0.0453712 0.0582753
0.570416 0.0355838 0.0582753
0.649869 0.0649495 -0.0708174
0.719399 -0.116116 0.0533102
0.625043 -0.0133512 0.0682055
0.644911 -0.116119 0.0384149
0.575379 0.113884 -0.0261315
0.570417 0.0209026 0.0582753
0.570417 0.00132766 0.0582753
0.570418 -0.00356607 0.0582753
0.615116 -0.11612 -0.0360617
0.570418 -0.0084598 0.0582753
0.570418 -0.0133535 0.0582753
0.694566 -0.018242 0.0682055
0.570419 -0.023141 0.0582753
0.570419 -0.0280347 0.0582753
0.664769 0.0209066 -0.0708174
0.570421 -0.0720783 0.0582753
0.570421 -0.0818658 0.0582753
0.729327 -0.0133468 -0.0162013
0.570421 -0.0867595 0.0582753
0.649877 -0.116118 0.00862424
0.699531 0.00133316 0.0682055
0.570421 -0.0916532 0.0582753
0.66477 -0.0133495 -0.0708174
0.570422 -0.106334 0.0582753
0.72933 -0.081859 -0.0360617
0.699532 -0.0231355 0.0682055
0.654835 0.0649498 -0.0708174
0.570422 -0.116122 0.0582753
0.570414 0.0845211 -0.0162013
0.570413 0.104096 0.0533102
0.575383 0.0111153 0.0682055
0.570422 -0.111228 0.00365914
0.729326 0.0111219 0.0483451
0.639945 -0.116119 0.04338
0.570413 0.0992023 0.0533102
0.669732 0.0845253 0.0682055
0.570414 0.0943085 0.0533102
0.570414 0.0894148 0.0533102
0.570415 0.0698399 0.0533102
0.570415 0.0649462 0.0533102
0.570416 0.0453712 0.0533102
0.684636 -0.0769672 0.0682055
0.570416 0.0404775 0.0533102
0.600218 -0.116121 -0.0459919
0.570416 0.03069 0.0533102
0.575379 0.113884 -0.0211664
0.570417 0.0209026 0.0533102
0.570417 0.0160089 0.0533102
0.575388 -0.116122 0.0284846
0.570417 0.00622139 0.0533102
0.595249 -0.0525023 -0.0708174
0.570417 0.00132766 0.0533102
0.570419 -0.0280347 -0.0708174
0.580354 -0.116121 0.0384149
0.659808 -0.111224 0.0682055
0.570418 -0.0084598 0.0533102
0.570418 -0.0133535 0.0533102
0.729323 0.0796341 0.0682055
0.615114 -0.0769701 0.0682055
0.585315 0.0160095 -0.0708174
0.61015 -0.11612 -0.0261315
0.570418 -0.0182473 0.0533102
0.72933 -0.0769653 0.0185544
0.719399 -0.101434 -0.0708174
0.570419 -0.023141 0.0533102
0.719399 -0.0965406 -0.0708174
0.570419 -0.0280347 0.0533102
0.570419 -0.0329285 0.0533102
0.694565 0.00622668 -0.0708174
0.570419 -0.0378222 0.0533102
0.570419 -0.0427159 0.0533102
0.714433 -0.116116 -0.0310966
0.719398 -0.0867531 0.0682055
0.674699 0.0551631 0.0682055
0.57042 -0.0525034 0.0533102
0.605184 -0.11612 -0.0708174
0.639945 -0.111225 0.0682055
0.57042 -0.0573971 0.0533102
0.66974 -0.116118 0.0284846
0.639941 -0.0280318 -0.0708174
0.57042 -0.0671846 0.0533102
0.570421 -0.0720783 0.0533102
0.570421 -0.076972 0.0533102
0.724359 0.0258029 -0.0708174
0.709468 -0.116116 -0.0112362
0.570421 -0.0867595 0.0533102
0.649877 -0.116118 0.0135893
0.570422 -0.106334 0.0533102
0.570422 -0.111228 0.0533102
0.570413 0.104096 0.00365914
0.570422 -0.116122 0.0533102
0.570413 0.10899 0.0483451
0.570421 -0.0916532 0.00365914
0.570413 0.0992023 0.0483451
0.570414 0.0894148 0.0483451
0.699533 -0.0573916 0.0682055
0.570414 0.0845211 0.0483451
0.72933 -0.081859 0.04338
0.570422 -0.116122 -0.0211664
0.570414 0.0747336 0.04338
0.704502 -0.116116 0.0582753
0.570414 0.0796273 0.0483451
0.570414 0.0747336 0.0483451
0.570415 0.0551587 0.0483451
0.625038 0.113886 0.0483451
0.570416 0.0453712 0.0483451
0.570416 0.0404775 0.0483451
0.64491 -0.0965438 -0.0708174
0.570421 -0.0916532 0.0682055
0.634979 -0.116119 0.0632404
0.709458 0.113889 0.0483451
0.729323 0.0698467 -0.0310966
0.610149 -0.106333 0.0682055
0.654843 -0.116118 0.0384149
0.570416 0.03069 0.0483451
0.699536 -0.116116 0.0185544
0.570417 0.0160089 0.0483451
0.58532 -0.111228 -0.0708174
0.575388 -0.116122 0.0384149
0.570417 0.0111151 0.0483451
0.570417 0.00622139 0.0483451
0.620081 -0.11612 -0.0410268
0.570418 -0.00356607 0.0483451
0.570418 -0.0084598 0.0483451
0.570418 -0.0182473 0.0483451
0.684629 0.104101 0.0682055
0.575388 -0.116122 -0.0261315
0.570419 -0.023141 0.0483451
0.679672 -0.116117 -0.0310966
0.570419 -0.0329285 0.0483451
0.570419 -0.0378222 0.0483451
0.57042 -0.0476096 0.0483451
0.729327 -0.0182405 0.00862424
0.57042 -0.0525034 0.0483451
0.729326 0.0111219 0.0235195
0.57042 -0.0622908 0.0483451
0.57042 -0.0671846 0.0483451
0.570421 -0.0720783 0.0483451
0.570421 -0.076972 0.0483451
0.709468 -0.116116 0.0235195
0.570421 -0.0818658 0.0483451
0.729327 -0.0133468 0.0235195
0.570421 -0.0867595 0.0483451
0.649877 -0.116118 0.0235195
0.570422 -0.101441 0.0483451
0.570422 -0.106334 0.0483451
0.570422 -0.111228 0.0483451
0.570413 0.104096 0.00862424
0.724357 0.0894214 -0.0708174
0.570422 -0.116122 0.0483451
0.570414 0.0845211 -0.0211664
0.659799 0.1041 -0.0708174
0.570413 0.113883 0.04338
0.570413 0.10899 0.04338
0.679669 -0.0329238 -0.0708174
0.570421 -0.0916532 -0.00130596
0.570413 0.0992023 0.04338
0.644906 0.0111183 0.0682055
0.570414 0.0943085 0.04338
0.570414 0.0845211 0.04338
0.72933 -0.081859 -0.0708174
0.570422 -0.116122 -0.00130596
0.570414 0.0796273 0.04338
0.570415 0.0649462 0.04338
0.724365 -0.116115 0.00365914
0.570415 0.050265 0.04338
0.570416 0.0453712 0.04338
0.570416 0.0404775 0.04338
0.570416 0.0355838 0.04338
0.570416 0.03069 0.04338
0.575379 0.113884 -0.0360617
0.610146 -0.0378205 -0.0708174
0.570417 0.0209026 0.04338
0.570417 0.0160089 0.04338
0.644901 0.113887 0.0235195
0.575388 -0.116122 0.04338
0.570417 0.00622139 0.04338
0.570417 0.00132766 0.04338
0.570418 -0.0182473 0.04338
0.575388 -0.116122 -0.0310966
0.570419 -0.023141 0.04338
0.729326 0.00133443 0.0284846
0.570419 -0.0280347 0.04338
0.679672 -0.116117 -0.0261315
0.570419 -0.0329285 0.04338
0.595249 -0.0573961 -0.0708174
0.694564 0.0111204 0.0682055
0.570419 -0.0378222 0.04338
0.729328 -0.0329217 0.04338
0.605184 -0.11612 -0.0608872
0.590276 0.113884 -0.0708174
0.57042 -0.0573971 0.04338
0.590276 0.108991 -0.0708174
0.639945 -0.116119 0.0632404
0.57042 -0.0622908 0.04338
0.57042 -0.0671846 0.04338
0.570421 -0.0720783 0.04338
0.570421 -0.076972 0.04338
0.625046 -0.0965446 -0.0708174
0.620072 0.0992044 -0.0708174
0.570421 -0.0818658 0.04338
0.570421 -0.0867595 0.04338
0.684638 -0.111223 0.0682055
0.649877 -0.116118 0.0284846
0.570421 -0.0916532 0.04338
0.570413 0.10899 -0.00130596
0.659799 0.113887 -0.0211664
0.570422 -0.0965469 0.04338
0.72933 -0.081859 -0.0310966
0.570422 -0.116122 0.04338
0.570414 0.0845211 -0.0261315
0.585314 0.0355844 -0.0708174
0.570413 0.104096 0.0384149
0.62504 0.0502673 -0.0708174
0.704502 -0.116116 0.0632404
0.570414 0.0747336 0.0384149
0.580352 -0.0573967 -0.0708174
0.654833 0.1041 -0.0708174
0.570415 0.0698399 0.0384149
0.62504 0.0649485 -0.0708174
0.570415 0.0600524 0.0384149
0.570415 0.0551587 0.0384149
0.620079 -0.057395 -0.0708174
0.570416 0.0404775 0.0384149
0.634979 -0.116119 0.0533102
0.570416 0.0355838 0.0384149
0.699536 -0.116116 -0.0162013
0.689597 0.0453763 0.0682055
0.570416 0.0257963 0.0384149
0.570417 0.00132766 0.0384149
0.570418 -0.0084598 0.0384149
0.570418 -0.0133535 0.0384149
0.729323 0.0796341 0.0582753
0.659805 -0.0231372 -0.0708174
0.61015 -0.11612 -0.0162013
0.570418 -0.0182473 0.0384149
0.729328 -0.0329217 0.0384149
0.57042 -0.0573971 0.0384149
0.66974 -0.116118 0.0185544
0.7045 -0.0720726 0.0682055
0.57042 -0.0671846 0.0384149
0.570421 -0.0818658 0.0384149
0.729327 -0.0133468 0.0582753
0.570421 -0.0867595 0.0384149
0.69457 -0.116117 -0.0112362
0.654834 0.0894184 0.0682055
0.724364 -0.0769655 -0.0708174
0.634979 -0.116119 0.0334498
0.570421 -0.0916532 0.0384149
0.570422 -0.0965469 0.0384149
0.570422 -0.111228 0.0384149
0.570413 0.104096 -0.00627106
0.570413 0.0992023 0.0334498
0.570414 0.0747336 0.0334498
0.630013 -0.116119 -0.0708174
0.570415 0.0698399 0.0334498
0.570415 0.0649462 0.0334498
0.699526 0.113889 -0.0360617
0.570415 0.0600524 0.0334498
0.570415 0.0551587 0.0334498
0.570415 0.050265 0.0334498
0.570416 0.0453712 0.0334498
0.570416 0.0355838 0.0334498
0.575379 0.113884 -0.050957
0.570417 0.0209026 0.0334498
0.570417 0.0160089 0.0334498
0.575388 -0.116122 0.0235195
0.570417 0.0111151 0.0334498
0.58532 -0.116121 0.0533102
0.659807 -0.0671808 0.0682055
0.570418 -0.00356607 0.0334498
0.570418 -0.0133535 0.0334498
0.61015 -0.11612 -0.0211664
0.729326 0.00133443 0.00862424
0.570419 -0.0280347 0.0334498
0.570419 -0.0378222 0.0334498
0.570419 -0.0427159 0.0334498
0.570416 0.03069 -0.0708174
0.600218 -0.116121 0.00365914
0.57042 -0.0622908 0.0334498
0.57042 -0.0671846 0.0334498
0.590286 -0.116121 0.0235195
0.570421 -0.0720783 0.0334498
0.634979 -0.116119 0.0483451
0.570421 -0.0916532 0.0334498
0.634978 -0.0916505 -0.0708174
0.570413 0.10899 0.00862424
0.570422 -0.106334 0.0334498
0.67967 -0.0573925 -0.0708174
0.570422 -0.116122 0.0334498
0.615113 -0.0671827 0.0682055
0.570413 0.104096 0.0284846
0.62008 -0.0867574 -0.0708174
0.570414 0.0943085 0.0284846
0.570414 0.0894148 0.0284846
0.719397 -0.0573908 0.0682055
0.570414 0.0845211 0.0284846
0.570415 0.0698399 0.0284846
0.570415 0.0649462 0.0284846
0.669731 0.0992065 0.0682055
0.570415 0.0551587 0.0284846
0.570416 0.0355838 0.0284846
0.570416 0.03069 0.0284846
0.689596 0.0649512 -0.0708174
0.64987 0.0355872 -0.0708174
0.570417 0.0209026 0.0284846
0.570417 0.00622139 0.0284846
0.639944 -0.0867565 -0.0708174
0.634971 0.0649489 -0.0708174
0.674698 0.0698443 -0.0708174
0.570417 0.00132766 0.0284846
0.570418 -0.00356607 0.0284846
0.570418 -0.0133535 0.0284846
0.61015 -0.11612 -0.00130596
0.570418 -0.0182473 0.0284846
0.674699 0.0453757 -0.0708174
0.570419 -0.023141 0.0284846
0.570419 -0.0378222 0.0284846
0.570419 -0.0427159 0.0284846
0.590276 0.113884 -0.00130596
0.729328 -0.0329217 0.0632404
0.605184 -0.11612 -0.0459919
0.694565 -0.00845451 0.0682055
0.57042 -0.0573971 0.0284846
0.57042 -0.0671846 0.0284846
0.590286 -0.116121 0.0284846
0.570421 -0.076972 0.0284846
0.634969 0.113886 -0.0559221
0.570421 -0.0867595 0.0284846
0.570421 -0.0916532 0.0284846
0.659799 0.113887 0.0185544
0.570422 -0.0965469 0.0284846
0.570413 0.113883 0.0235195
0.570413 0.104096 0.0235195
0.669731 0.113888 -0.0211664
0.570414 0.0845211 0.0235195
0.585315 0.0111158 0.0682055
0.570414 0.0796273 0.0235195
0.699526 0.113889 -0.0658523
0.570415 0.0698399 0.0235195
0.570415 0.0649462 0.0235195
0.570415 0.0600524 0.0235195
0.625038 0.113886 0.0284846
0.724365 -0.106328 0.0682055
0.570416 0.0453712 0.0235195
0.575379 0.113884 0.0334498
0.570417 0.0209026 0.0235195
0.724364 -0.0965404 0.0682055
0.71939 0.104102 0.0682055
0.689603 -0.101436 -0.0708174
0.684636 -0.0720734 0.0682055
0.570417 0.0111151 0.0235195
0.570418 -0.00356607 0.0235195
0.570418 -0.0182473 0.0235195
0.639941 -0.0182443 -0.0708174
0.570419 -0.023141 0.0235195
0.570419 -0.0329285 0.0235195
0.63994 -0.00356311 0.0682055
0.570419 -0.0378222 0.0235195
0.57042 -0.0622908 0.0235195
0.644909 -0.0622877 0.0682055
0.57042 -0.0671846 0.0235195
0.590286 -0.116121 0.0334498
0.634969 0.113886 -0.050957
0.570421 -0.0867595 0.0235195
0.570422 -0.106334 0.0235195
0.724365 -0.116115 0.0185544
0.570422 -0.111228 0.0235195
0.639945 -0.116119 0.0135893
0.625044 -0.0329261 0.0682055
0.644911 -0.111225 0.0682055
0.570422 -0.116122 0.0235195
0.570413 0.10899 0.0185544
0.570414 0.0894148 0.0185544
0.689604 -0.116117 -0.0162013
0.570414 0.0747336 0.0185544
0.699526 0.113889 -0.0608872
0.570415 0.0698399 0.0185544
0.570415 0.0649462 0.0185544
0.729328 -0.0329217 -0.00130596
0.59525 -0.0818647 0.0682055
0.605184 -0.11612 -0.0162013
0.570416 0.0453712 0.0185544
0.570416 0.0404775 0.0185544
0.610145 -0.0133518 -0.0708174
0.570416 0.0355838 0.0185544
0.570416 0.03069 0.0185544
0.729327 -0.028028 0.0582753
0.570416 0.0257963 0.0185544
0.724359 0.0404841 0.0682055
0.570417 0.0160089 0.0185544
0.575388 -0.116122 0.0185544
0.610147 -0.047608 -0.0708174
0.570417 0.00622139 0.0185544
0.570417 0.00132766 0.0185544
0.620081 -0.11612 -0.0708174
0.570418 -0.00356607 0.0185544
0.729326 0.00133443 0.0533102
0.719398 -0.0916469 0.0682055
0.570419 -0.0280347 0.0185544
0.570419 -0.0329285 0.0185544
0.630003 0.113886 -0.0410268
0.57042 -0.0476096 0.0185544
0.729328 -0.0329217 0.0682055
0.639937 0.084524 0.0682055
0.57042 -0.0573971 0.0185544
0.57042 -0.0671846 0.0185544
0.590286 -0.116121 0.0384149
0.570421 -0.0818658 0.0185544
0.570421 -0.0867595 0.0185544
0.694569 -0.0965417 -0.0708174
0.570421 -0.0916532 0.0185544
0.570422 -0.0965469 0.0185544
0.570422 -0.101441 0.0185544
0.570422 -0.106334 0.0185544
0.570422 -0.111228 0.0185544
0.570422 -0.116122 0.0185544
0.620079 -0.057395 0.0682055
0.570413 0.113883 0.0135893
0.570418 -0.0084598 0.0682055
0.615116 -0.11612 -0.0310966
0.570414 0.0894148 0.0135893
0.669731 0.113888 -0.0112362
0.570414 0.0845211 0.0135893
0.570414 0.0796273 0.0135893
0.570414 0.0747336 0.0135893
0.699526 0.113889 -0.0310966
0.570415 0.0698399 0.0135893
0.570415 0.0600524 0.0135893
0.580351 -0.0476092 -0.0708174
0.689597 0.05027 0.0682055
0.570415 0.050265 0.0135893
0.570416 0.0453712 0.0135893
0.570416 0.0404775 0.0135893
0.570416 0.0355838 0.0135893
0.570416 0.03069 0.0135893
0.729327 -0.028028 0.0533102
0.570416 0.0257963 0.0135893
0.570417 0.0209026 0.0135893
0.570417 0.0160089 0.0135893
0.570417 0.00622139 0.0135893
0.570417 0.00132766 0.0135893
0.570418 -0.0084598 0.0135893
0.570418 -0.0133535 0.0135893
0.61015 -0.11612 0.00862424
0.570418 -0.0182473 0.0135893
0.570419 -0.023141 0.0135893
0.674706 -0.116117 0.0632404
0.570419 -0.0280347 0.0135893
0.63497 0.099205 0.0682055
0.719398 -0.0818594 0.0682055
0.570419 -0.0329285 0.0135893
0.570419 -0.0427159 0.0135893
0.590276 0.113884 -0.00627106
0.57042 -0.0573971 0.0135893
0.57042 -0.0671846 0.0135893
0.570421 -0.0720783 0.0135893
0.570421 -0.0818658 0.0135893
0.654838 0.00133126 -0.0708174
0.575382 0.0404777 0.0682055
0.570419 -0.0329285 0.0632404
0.679672 -0.116117 -0.0112362
0.729327 -0.0133468 0.0334498
0.570421 -0.0867595 0.0135893
0.649877 -0.116118 0.0582753
0.69457 -0.116117 0.0135893
0.570421 -0.0916532 0.0135893
0.570422 -0.0965469 0.0135893
0.570422 -0.101441 0.0135893
0.570413 0.113883 0.00862424
0.585316 -0.0231404 -0.0708174
0.570414 0.0894148 0.00862424
0.669731 0.113888 -0.0410268
0.570414 0.0845211 0.00862424
0.714428 0.016015 -0.0708174
0.570414 0.0747336 0.00862424
0.699526 0.113889 -0.050957
0.714428 0.0111213 -0.0708174
0.570415 0.0698399 0.00862424
0.570415 0.050265 0.00862424
0.644907 -0.0329253 0.0682055
0.570416 0.0404775 0.00862424
0.575385 -0.037822 -0.0708174
0.634979 -0.116119 -0.00130596
0.570416 0.03069 0.00862424
0.570417 0.0160089 0.00862424
0.600214 -0.0329272 -0.0708174
0.570417 0.0111151 0.00862424
0.570418 -0.00356607 0.00862424
0.59525 -0.0720772 0.0682055
0.674697 0.0992067 0.0682055
0.570418 -0.0084598 0.00862424
0.615116 -0.11612 -0.0112362
0.580354 -0.116121 0.0284846
0.570418 -0.0182473 0.00862424
0.57538 0.0698401 -0.0708174
0.570419 -0.023141 0.00862424
0.570419 -0.0280347 0.00862424
0.570419 -0.0329285 0.00862424
0.570419 -0.0378222 0.00862424
0.590276 0.113884 -0.0360617
0.57042 -0.0573971 0.00862424
0.57042 -0.0671846 0.00862424
0.570421 -0.076972 0.00862424
0.570422 -0.0965469 0.00862424
0.570413 0.10899 -0.0658523
0.704499 -0.0622851 0.0682055
0.570422 -0.106334 0.00862424
0.664768 0.0453753 0.0682055
0.674705 -0.0769676 -0.0708174
0.724365 -0.116115 0.0334498
0.570413 0.113883 0.00365914
0.570414 0.0894148 0.00365914
0.570422 -0.116122 -0.0559221
0.570414 0.0845211 0.00365914
0.570414 0.0796273 0.00365914
0.570415 0.0649462 0.00365914
0.729328 -0.0329217 0.00862424
0.605184 -0.11612 -0.00130596
0.709467 -0.101435 -0.0708174
0.570416 0.0404775 0.00365914
0.570416 0.0355838 0.00365914
0.570416 0.03069 0.00365914
0.605182 -0.0671831 0.0682055
0.570416 0.0257963 0.00365914
0.570417 0.0160089 0.00365914
0.625044 -0.0427136 0.0682055
0.664775 -0.116118 -0.0261315
0.63994 0.00622435 0.0682055
0.570417 0.00132766 0.00365914
0.570418 -0.00356607 0.00365914
0.570418 -0.0133535 0.00365914
0.709458 0.113889 0.0632404
0.729323 0.0698467 0.00862424
0.61015 -0.11612 0.0235195
0.72933 -0.0769653 0.0682055
0.605182 -0.0818643 -0.0708174
0.570419 -0.023141 0.00365914
0.639939 0.0160118 0.0682055
0.570419 -0.0329285 0.00365914
0.570421 -0.0818658 0.00365914
0.570419 -0.0329285 0.0384149
0.679672 -0.116117 -0.0211664
0.659799 0.113887 0.04338
0.570422 -0.0965469 0.00365914
0.570422 -0.101441 0.00365914
0.615116 -0.11612 0.0284846
0.570422 -0.116122 0.00365914
0.570414 0.0747336 0.0682055
0.704502 -0.116116 0.0334498
0.570413 0.113883 -0.00130596
0.570413 0.0992023 -0.00130596
0.570414 0.0943085 -0.00130596
0.600218 -0.111227 0.0682055
0.704502 -0.116116 0.0185544
0.699527 0.0992078 -0.0708174
0.570414 0.0845211 -0.00130596
0.570414 0.0796273 -0.00130596
0.570415 0.050265 -0.00130596
0.664768 0.0306941 -0.0708174
0.570416 0.0453712 -0.00130596
0.570416 0.0404775 -0.00130596
0.570422 -0.0965469 -0.0708174
0.634979 -0.116119 0.0185544
0.570416 0.0355838 -0.00130596
0.570417 0.0209026 -0.00130596
0.704494 0.0551644 0.0682055
0.570417 0.0111151 -0.00130596
0.664768 0.0453753 -0.0708174
0.570417 0.00622139 -0.00130596
0.570417 0.00132766 -0.00130596
0.570418 -0.00356607 -0.00130596
0.570418 -0.0182473 -0.00130596
0.570419 -0.0280347 -0.00130596
0.570419 -0.0378222 -0.00130596
0.630003 0.113886 0.0533102
0.595252 -0.106333 -0.0708174
0.57042 -0.0476096 -0.00130596
0.590276 0.113884 -0.0310966
0.57042 -0.0573971 -0.00130596
0.654833 0.113887 0.0632404
0.57042 -0.0671846 -0.00130596
0.570421 -0.076972 -0.00130596
0.570422 -0.0965469 -0.00130596
0.570422 -0.101441 -0.00130596
0.570422 -0.106334 -0.00130596
0.570415 0.050265 0.0533102
0.724365 -0.116115 0.04338
0.605178 0.0209041 -0.0708174
0.570422 -0.111228 -0.00130596
0.729326 0.0111219 0.04338
0.639945 -0.116119 0.0384149
0.585316 -0.0182466 -0.0708174
0.610143 0.0404792 0.0682055
0.570414 0.0845211 -0.00627106
0.570414 0.0796273 -0.00627106
0.649876 -0.106331 0.0682055
0.570415 0.0649462 -0.00627106
0.570415 0.0551587 -0.00627106
0.570415 0.050265 -0.00627106
0.644908 -0.037819 0.0682055
0.570416 0.0453712 -0.00627106
0.570416 0.03069 -0.00627106
0.570417 0.0209026 -0.00627106
0.570417 0.0160089 -0.00627106
0.570417 0.00622139 -0.00627106
0.570417 0.00132766 -0.00627106
0.639942 -0.0525004 -0.0708174
0.570418 -0.0084598 -0.00627106
0.570418 -0.0133535 -0.00627106
0.729323 0.0698467 0.0235195
0.61015 -0.11612 0.0135893
0.570418 -0.0182473 -0.00627106
0.729326 0.00133443 -0.0211664
0.570419 -0.0280347 -0.00627106
0.644906 -0.00845663 0.0682055
0.570419 -0.0329285 -0.00627106
0.570419 -0.0378222 -0.00627106
0.595252 -0.111227 -0.0708174
0.590278 0.0796282 -0.0708174
0.570419 -0.0427159 -0.00627106
0.57042 -0.0525034 -0.00627106
0.679672 -0.116117 -0.0608872
0.57042 -0.0622908 -0.00627106
0.625045 -0.0622885 -0.0708174
0.615107 0.0943104 0.0682055
0.57042 -0.0671846 -0.00627106
0.570421 -0.0720783 -0.00627106
0.570421 -0.0818658 -0.00627106
0.679672 -0.116117 0.00862424
0.729327 -0.0133468 0.0632404
0.570421 -0.0867595 -0.00627106
0.72933 -0.0916465 0.0284846
0.69457 -0.116117 0.00862424
0.625039 0.0845234 -0.0708174
0.625046 -0.0867572 -0.0708174
0.620072 0.104098 -0.0708174
0.570421 -0.0916532 -0.00627106
0.659799 0.113887 0.0284846
0.570422 -0.0965469 -0.00627106
0.570422 -0.101441 -0.00627106
0.615109 0.0453731 0.0682055
0.570422 -0.116122 -0.00627106
0.704502 -0.116116 0.0384149
0.659799 0.1041 0.0682055
0.570413 0.113883 -0.0112362
0.570413 0.104096 -0.0112362
0.654836 0.0306936 -0.0708174
0.570414 0.0943085 -0.0112362
0.654837 0.0209062 -0.0708174
0.570414 0.0894148 -0.0112362
0.669731 0.113888 -0.0360617
0.570414 0.0845211 -0.0112362
0.570414 0.0796273 -0.0112362
0.570414 0.0747336 -0.0112362
0.570415 0.0551587 -0.0112362
0.570415 0.050265 -0.0112362
0.570416 0.0453712 -0.0112362
0.570416 0.0404775 -0.0112362
0.634979 -0.116119 0.00365914
0.570416 0.0257963 -0.0112362
0.610145 -0.00845811 -0.0708174
0.704495 0.0502707 -0.0708174
0.570417 0.00622139 -0.0112362
0.580353 -0.0965465 -0.0708174
0.57538 0.0796276 -0.0708174
0.570417 0.00132766 -0.0112362
0.570418 -0.0084598 -0.0112362
0.575381 0.0551589 -0.0708174
0.590276 0.113884 0.0682055
0.654842 -0.0965434 -0.0708174
0.570419 -0.023141 -0.0112362
0.570419 -0.0329285 -0.0112362
0.57042 -0.0671846 -0.0112362
0.570421 -0.076972 -0.0112362
0.570421 -0.0818658 -0.0112362
0.570421 -0.0867595 -0.0112362
0.659799 0.113887 0.0334498
0.570422 -0.0965469 -0.0112362
0.570422 -0.106334 -0.0112362
0.570415 0.050265 0.0185544
0.724365 -0.116115 0.0284846
0.585315 0.0013283 -0.0708174
0.699532 -0.0280292 0.0682055
0.570413 0.113883 -0.0162013
0.570421 -0.0916532 -0.0360617
0.570413 0.10899 -0.0162013
0.570413 0.104096 -0.0162013
0.570413 0.0992023 -0.0162013
0.654838 -0.00845621 0.0682055
0.570414 0.0943085 -0.0162013
0.600212 0.0111164 -0.0708174
0.704502 -0.116116 0.0284846
0.704502 -0.116116 -0.050957
0.570414 0.0747336 -0.0162013
0.570415 0.0698399 -0.0162013
0.570415 0.0551587 -0.0162013
0.570416 0.0453712 -0.0162013
0.570416 0.03069 -0.0162013
0.570416 0.0257963 -0.0162013
0.570417 0.0209026 -0.0162013
0.580352 -0.0671841 -0.0708174
0.704495 0.0453769 -0.0708174
0.570417 0.0111151 -0.0162013
0.570417 0.00622139 -0.0162013
0.605181 -0.0573956 -0.0708174
0.570418 -0.0084598 -0.0162013
0.580354 -0.116121 0.00365914
0.570418 -0.0133535 -0.0162013
0.570418 -0.0182473 -0.0162013
0.729326 0.00133443 -0.0310966
0.570419 -0.0280347 -0.0162013
0.595251 -0.0965459 0.0682055
0.590277 0.0992031 0.0682055
0.570419 -0.0329285 -0.0162013
0.57042 -0.0476096 -0.0162013
0.575385 -0.0476094 0.0682055
0.57042 -0.0525034 -0.0162013
0.590276 0.113884 0.0384149
0.72933 -0.0769653 -0.0261315
0.57042 -0.0573971 -0.0162013
0.679672 -0.116117 -0.050957
0.57042 -0.0622908 -0.0162013
0.570421 -0.0867595 -0.0162013
0.570422 -0.0965469 -0.0162013
0.570422 -0.101441 -0.0162013
0.654833 0.113887 -0.0360617
0.570422 -0.106334 -0.0162013
0.570422 -0.111228 -0.0162013
0.590286 -0.116121 -0.0310966
0.570413 0.10899 -0.0211664
0.570413 0.0992023 -0.0211664
0.585312 0.079628 -0.0708174
0.585316 -0.0231404 0.0682055
0.570414 0.0943085 -0.0211664
0.659809 -0.116118 0.00365914
0.595252 -0.116121 -0.0162013
0.570414 0.0796273 -0.0211664
0.704502 -0.116116 -0.0658523
0.570414 0.0747336 -0.0211664
0.570415 0.0649462 -0.0211664
0.729328 -0.0329217 -0.0162013
0.605184 -0.11612 -0.0261315
0.570415 0.0551587 -0.0211664
0.570415 0.050265 -0.0211664
0.570416 0.0453712 -0.0211664
0.704495 0.0502707 0.0682055
0.570416 0.0404775 -0.0211664
0.570416 0.03069 -0.0211664
0.630004 0.0894173 0.0682055
0.570417 0.0209026 -0.0211664
0.570417 0.0111151 -0.0211664
0.570417 0.00622139 -0.0211664
0.570418 -0.0133535 -0.0211664
0.570418 -0.0182473 -0.0211664
0.590276 0.113884 0.0632404
0.570419 -0.023141 -0.0211664
0.570419 -0.0329285 -0.0211664
0.57042 -0.0476096 -0.0211664
0.57042 -0.0573971 -0.0211664
0.57042 -0.0622908 -0.0211664
0.575384 -0.0133533 -0.0708174
0.570421 -0.0720783 -0.0211664
0.575384 -0.00845959 -0.0708174
0.570421 -0.076972 -0.0211664
0.570421 -0.0867595 -0.0211664
0.634979 -0.116119 -0.050957
0.570422 -0.0965469 -0.0211664
0.684633 -0.00845494 0.0682055
0.570422 -0.111228 -0.0211664
0.570413 0.113883 -0.0261315
0.570413 0.10899 -0.0261315
0.570414 0.0894148 -0.0261315
0.570414 0.0796273 -0.0261315
0.689604 -0.116117 0.0334498
0.570414 0.0747336 -0.0261315
0.570415 0.0649462 -0.0261315
0.689603 -0.0965419 0.0682055
0.570415 0.0600524 -0.0261315
0.570415 0.050265 -0.0261315
0.58532 -0.116121 -0.0211664
0.570416 0.0453712 -0.0261315
0.570416 0.0404775 -0.0261315
0.634979 -0.116119 -0.00627106
0.570416 0.0257963 -0.0261315
0.689596 0.0649512 0.0682055
0.570417 0.0209026 -0.0261315
0.570417 0.0160089 -0.0261315
0.57042 -0.0525034 0.00862424
0.714433 -0.116116 0.0135893
0.570417 0.0111151 -0.0261315
0.689597 0.0551638 0.0682055
0.570417 0.00622139 -0.0261315
0.570417 0.00132766 -0.0261315
0.570418 -0.0084598 -0.0261315
0.580354 -0.116121 -0.0162013
0.570418 -0.0133535 -0.0261315
0.590276 0.113884 0.0582753
0.570419 -0.023141 -0.0261315
0.729326 0.00133443 -0.00627106
0.570419 -0.0280347 -0.0261315
0.679672 -0.116117 -0.0410268
0.714432 -0.0867534 0.0682055
0.57042 -0.0622908 -0.0261315
0.570421 -0.076972 -0.0261315
0.714433 -0.111222 0.0682055
0.570421 -0.0867595 -0.0261315
0.654833 0.113887 0.0582753
0.669735 0.0111194 -0.0708174
0.664772 -0.0671806 -0.0708174
0.570422 -0.106334 -0.0261315
0.570422 -0.111228 -0.0261315
0.590286 -0.116121 0.0135893
0.570413 0.113883 -0.0310966
0.570421 -0.0916532 -0.0310966
0.630007 0.0355863 -0.0708174
0.570413 0.104096 -0.0310966
0.699526 0.108995 0.0682055
0.570413 0.0992023 -0.0310966
0.600215 -0.0525021 -0.0708174
0.570414 0.0943085 -0.0310966
0.570414 0.0796273 -0.0310966
0.570414 0.0747336 -0.0310966
0.570415 0.0649462 -0.0310966
0.625038 0.113886 -0.0608872
0.644908 -0.0476065 -0.0708174
0.570416 0.0453712 -0.0310966
0.62504 0.0600548 0.0682055
0.570416 0.03069 -0.0310966
0.674697 0.108994 -0.0708174
0.679671 -0.0867548 -0.0708174
0.570416 0.0257963 -0.0310966
0.570417 0.0209026 -0.0310966
0.704496 0.025802 0.0682055
0.570417 0.0160089 -0.0310966
0.57042 -0.0525034 0.0135893
0.714433 -0.116116 0.00862424
0.570417 0.00622139 -0.0310966
0.570417 0.00132766 -0.0310966
0.605181 -0.0622894 -0.0708174
0.570418 -0.00356607 -0.0310966
0.630004 0.0894173 -0.0708174
0.570418 -0.0182473 -0.0310966
0.72933 -0.0769653 -0.0658523
0.639941 -0.0182443 0.0682055
0.570419 -0.023141 -0.0310966
0.729326 0.00133443 -0.0360617
0.570419 -0.0280347 -0.0310966
0.570419 -0.0329285 -0.0310966
0.729327 -0.0182405 -0.0459919
0.575386 -0.0622906 0.0682055
0.570419 -0.0427159 -0.0310966
0.57042 -0.0476096 -0.0310966
0.630003 0.113886 0.0632404
0.719399 -0.116116 -0.0261315
0.57042 -0.0525034 -0.0310966
0.679672 -0.116117 -0.0459919
0.57042 -0.0622908 -0.0310966
0.57042 -0.0671846 -0.0310966
0.674697 0.1041 0.0682055
0.679671 -0.0916486 0.0682055
0.620081 -0.11612 0.0185544
0.570421 -0.0720783 -0.0310966
0.694569 -0.0965417 0.0682055
0.570422 -0.0965469 -0.0310966
0.570422 -0.101441 -0.0310966
0.654833 0.113887 -0.0211664
0.570422 -0.106334 -0.0310966
0.679667 0.00133231 0.0682055
0.570422 -0.111228 -0.0310966
0.590286 -0.116121 0.00862424
0.570413 0.113883 -0.0360617
0.570421 -0.0916532 -0.0410268
0.570413 0.104096 -0.0360617
0.570413 0.0992023 -0.0360617
0.570414 0.0943085 -0.0360617
0.570414 0.0894148 -0.0360617
0.729327 -0.0231342 -0.0112362
0.595252 -0.116121 0.04338
0.570414 0.0796273 -0.0360617
0.570415 0.0698399 -0.0360617
0.699528 0.0747391 -0.0708174
0.600213 0.00132893 0.0682055
0.570415 0.0649462 -0.0360617
0.570415 0.0600524 -0.0360617
0.570419 -0.023141 -0.0360617
0.605184 -0.11612 0.0533102
0.570415 0.0551587 -0.0360617
0.719397 -0.0622845 0.0682055
0.570416 0.03069 -0.0360617
0.689598 0.0258014 0.0682055
0.570416 0.0257963 -0.0360617
0.570417 0.0111151 -0.0360617
0.570417 0.00132766 -0.0360617
0.575381 0.0649464 -0.0708174
0.67967 -0.0720736 0.0682055
0.570418 -0.00356607 -0.0360617
0.570418 -0.0084598 -0.0360617
0.580354 -0.116121 -0.00130596
0.575379 0.104096 0.0682055
0.580352 -0.0720779 0.0682055
0.570418 -0.0133535 -0.0360617
0.570419 -0.0378222 -0.0360617
0.57042 -0.0525034 -0.0360617
0.590276 0.113884 0.04338
0.72933 -0.0769653 -0.0211664
0.644906 -0.0035629 -0.0708174
0.57042 -0.0573971 -0.0360617
0.595252 -0.106333 0.0682055
0.570421 -0.0818658 -0.0360617
0.570422 -0.101441 -0.0360617
0.724362 -0.0427094 0.0682055
0.620072 0.0943107 0.0682055
0.625047 -0.101438 0.0682055
0.570422 -0.106334 -0.0360617
0.625042 0.0111174 -0.0708174
0.570422 -0.111228 -0.0360617
0.590286 -0.116121 -0.00130596
0.570422 -0.116122 -0.0360617
0.570413 0.113883 -0.0410268
0.570413 0.10899 -0.0410268
0.570413 0.104096 -0.0410268
0.714431 -0.057391 -0.0708174
0.570413 0.0992023 -0.0410268
0.570414 0.0943085 -0.0410268
0.570414 0.0894148 -0.0410268
0.570414 0.0796273 -0.0410268
0.570415 0.0698399 -0.0410268
0.600213 -0.0035648 -0.0708174
0.570416 0.0404775 -0.0410268
0.570416 0.0355838 -0.0410268
0.729327 -0.028028 -0.00130596
0.570416 0.0257963 -0.0410268
0.570417 0.00622139 -0.0410268
0.570417 0.00132766 -0.0410268
0.679671 -0.0818611 -0.0708174
0.570418 -0.0084598 -0.0410268
0.615116 -0.11612 0.0384149
0.580354 -0.116121 -0.0211664
0.570418 -0.0182473 -0.0410268
0.684638 -0.116117 0.0185544
0.575388 -0.116122 0.0533102
0.580354 -0.116121 0.04338
0.570419 -0.0280347 -0.0410268
0.570419 -0.0329285 -0.0410268
0.580354 -0.116121 -0.0708174
0.575379 0.0992025 -0.0708174
0.605183 -0.0965455 0.0682055
0.570419 -0.0378222 -0.0410268
0.57042 -0.0476096 -0.0410268
0.575386 -0.0573969 0.0682055
0.57042 -0.0622908 -0.0410268
0.57042 -0.0671846 -0.0410268
0.570421 -0.076972 -0.0410268
0.570421 -0.0818658 -0.0410268
0.570422 -0.0965469 -0.0410268
0.570422 -0.101441 -0.0410268
0.570413 0.104096 -0.0459919
0.570413 0.0992023 -0.0459919
0.659809 -0.116118 0.0135893
0.570414 0.0894148 -0.0459919
0.570414 0.0845211 -0.0459919
0.570414 0.0796273 -0.0459919
0.704502 -0.116116 -0.0211664
0.689604 -0.116117 0.0483451
0.570414 0.0747336 -0.0459919
0.714428 0.00133379 0.0682055
0.570415 0.0698399 -0.0459919
0.570415 0.0551587 -0.0459919
0.62504 0.055161 0.0682055
0.570415 0.050265 -0.0459919
0.625038 0.113886 -0.0459919
0.610145 -0.0133518 0.0682055
0.570416 0.0453712 -0.0459919
0.570416 0.0404775 -0.0459919
0.570422 -0.0965469 -0.0261315
0.634979 -0.116119 -0.0310966
0.570416 0.0355838 -0.0459919
0.724365 -0.116115 -0.0310966
0.580351 -0.0476092 0.0682055
0.714433 -0.106328 -0.0708174
0.570417 0.0111151 -0.0459919
0.570417 0.00622139 -0.0459919
0.570417 0.00132766 -0.0459919
0.57538 0.089415 0.0682055
0.580354 -0.106334 0.0682055
0.570418 -0.00356607 -0.0459919
0.570418 -0.0084598 -0.0459919
0.570418 -0.0182473 -0.0459919
0.57042 -0.0573971 -0.0708174
0.570419 -0.023141 -0.0459919
0.600209 0.0992035 0.0682055
0.674706 -0.116117 0.00365914
0.570419 -0.0329285 -0.0459919
0.57538 0.0796276 0.0682055
0.580353 -0.0965465 0.0682055
0.570419 -0.0378222 -0.0459919
0.630013 -0.116119 -0.0112362
0.729327 -0.0182405 -0.0559221
0.570419 -0.0427159 -0.0459919
0.590278 0.0747345 0.0682055
0.57042 -0.0476096 -0.0459919
0.659809 -0.116118 -0.0459919
0.57042 -0.0525034 -0.0459919
0.590276 0.113884 0.00862424
0.570419 -0.023141 -0.0708174
0.57042 -0.0573971 -0.0459919
0.57042 -0.0671846 -0.0459919
0.620081 -0.11612 0.0235195
0.570421 -0.0720783 -0.0459919
0.570421 -0.0818658 -0.0459919
0.570421 -0.0916532 -0.0459919
0.615116 -0.11612 0.0582753
0.679669 -0.0329238 0.0682055
0.570422 -0.0965469 -0.0459919
0.570422 -0.101441 -0.0459919
0.654833 0.113887 -0.0162013
0.570422 -0.106334 -0.0459919
0.570422 -0.111228 -0.0459919
0.570413 0.113883 -0.050957
0.630007 0.0355863 0.0682055
0.659805 -0.0329246 -0.0708174
0.570413 0.104096 -0.050957
0.570414 0.0894148 -0.050957
0.570414 0.0796273 -0.050957
0.570415 0.0698399 -0.050957
0.570415 0.0649462 -0.050957
0.570415 0.0600524 -0.050957
0.72933 -0.0769653 -0.0112362
0.630006 0.060055 -0.0708174
0.57042 -0.0573971 -0.0310966
0.605184 -0.11612 0.0135893
0.570415 0.0551587 -0.050957
0.570416 0.0453712 -0.050957
0.654839 -0.0231374 0.0682055
0.570416 0.0404775 -0.050957
0.639941 -0.0133506 0.0682055
0.719399 -0.116116 -0.0112362
0.600218 -0.116121 -0.0162013
0.570416 0.03069 -0.050957
0.570417 0.0160089 -0.050957
0.570418 -0.00356607 -0.050957
0.570418 -0.0084598 -0.050957
0.580354 -0.116121 0.0533102
0.570419 -0.0280347 -0.050957
0.714433 -0.116116 0.0682055
0.570419 -0.0427159 -0.050957
0.575387 -0.0720781 -0.0708174
0.57042 -0.0671846 -0.050957
0.620081 -0.11612 0.0384149
0.605176 0.0649476 -0.0708174
0.570421 -0.0818658 -0.050957
0.570421 -0.0916532 -0.050957
0.570422 -0.106334 -0.050957
0.570413 0.113883 -0.0559221
0.570413 0.104096 -0.0559221
0.570413 0.0992023 -0.0559221
0.659809 -0.116118 0.0235195
0.570414 0.0796273 -0.0559221
0.570415 0.0649462 -0.0559221
0.570416 0.0453712 -0.0559221
0.600218 -0.116121 -0.0112362
0.570416 0.03069 -0.0559221
0.674697 0.0992067 -0.0708174
0.570418 -0.00356607 -0.0559221
0.605181 -0.0525019 0.0682055
0.570418 -0.0084598 -0.0559221
0.570418 -0.0133535 -0.0559221
0.61014 0.113885 0.0185544
0.674706 -0.116117 -0.0112362
0.570419 -0.0427159 -0.0559221
0.729331 -0.116115 -0.0261315
0.570419 -0.023141 -0.050957
0.605184 -0.11612 0.0384149
0.57042 -0.0573971 -0.0559221
0.57042 -0.0622908 -0.0559221
0.615107 0.0894167 -0.0708174
0.57042 -0.0671846 -0.0559221
0.620081 -0.11612 0.04338
0.575386 -0.0525032 0.0682055
0.570421 -0.0818658 -0.0559221
0.575388 -0.111228 0.0682055
0.570421 -0.0916532 -0.0559221
0.570422 -0.101441 -0.0559221
0.654833 0.113887 0.00365914
0.570422 -0.106334 -0.0559221
0.570413 0.113883 -0.0608872
0.580354 -0.116121 -0.0310966
0.615116 -0.11612 0.0483451
0.570413 0.10899 -0.0608872
0.704501 -0.0916475 -0.0708174
0.570413 0.0992023 -0.0608872
0.719399 -0.116116 0.0235195
0.659809 -0.116118 -0.0211664
0.570414 0.0845211 -0.0608872
0.699526 0.113889 0.0682055
0.570415 0.0698399 -0.0608872
0.570415 0.0649462 -0.0608872
0.699527 0.094314 0.0682055
0.570415 0.0551587 -0.0608872
0.699527 0.0894203 0.0682055
0.570416 0.0453712 -0.0608872
0.570416 0.0355838 -0.0608872
0.570416 0.03069 -0.0608872
0.570416 0.0257963 -0.0608872
0.570417 0.0160089 -0.0608872
0.664775 -0.116118 0.0533102
0.724365 -0.116115 -0.0459919
0.570417 0.0111151 -0.0608872
0.570417 0.00132766 -0.0608872
0.570418 -0.00356607 -0.0608872
0.704495 0.0306958 0.0682055
0.570418 -0.0133535 -0.0608872
0.704496 0.0209083 0.0682055
0.570418 -0.0182473 -0.0608872
0.570419 -0.0280347 -0.0608872
0.570419 -0.0329285 -0.0608872
0.57042 -0.0476096 -0.0608872
0.659809 -0.116118 -0.00130596
0.57042 -0.0525034 -0.0608872
0.590276 0.113884 0.0284846
0.72933 -0.0769653 0.00862424
0.570419 -0.023141 -0.0559221
0.57042 -0.0573971 -0.0608872
0.57042 -0.0671846 -0.0608872
0.570421 -0.076972 -0.0608872
0.570421 -0.0867595 -0.0608872
0.570421 -0.0916532 -0.0608872
0.570422 -0.101441 -0.0608872
0.570422 -0.111228 -0.0608872
0.669733 0.0551629 0.0682055
0.570414 0.0747336 -0.0559221
0.689604 -0.116117 0.0632404
0.679668 -0.0182426 0.0682055
0.704492 0.113889 -0.0708174
0.570422 -0.116122 -0.0608872
0.570413 0.113883 -0.0658523
0.570413 0.104096 -0.0658523
0.570414 0.0894148 -0.0658523
0.570414 0.0845211 -0.0658523
0.664765 0.113887 -0.0162013
0.58531 0.113884 0.0135893
0.634978 -0.0867567 0.0682055
0.570414 0.0796273 -0.0658523
0.570415 0.0649462 -0.0658523
0.570415 0.0551587 -0.0658523
0.570415 0.050265 -0.0658523
0.58532 -0.116121 -0.0162013
0.570416 0.0404775 -0.0658523
0.719393 0.0306964 -0.0708174
0.600218 -0.116121 -0.0261315
0.570416 0.03069 -0.0658523
0.570417 0.0160089 -0.0658523
0.664775 -0.116118 0.04338
0.724365 -0.116115 -0.050957
0.570417 0.0111151 -0.0658523
0.570417 0.00622139 -0.0658523
0.570417 0.00132766 -0.0658523
0.570418 -0.0182473 -0.0658523
0.575379 0.0992025 0.0682055
0.580354 -0.116121 0.0682055
0.570419 -0.0280347 -0.0658523
0.714432 -0.0916471 -0.0708174
0.570419 -0.0329285 -0.0658523
0.570419 -0.0378222 -0.0658523
0.729327 -0.0182405 -0.0261315
0.570419 -0.0427159 -0.0658523
0.57042 -0.0476096 -0.0658523
0.57042 -0.0622908 -0.0658523
0.570421 -0.0720783 -0.0658523
0.570421 -0.076972 -0.0658523
0.630003 0.113886 -0.0459919
0.570421 -0.0867595 -0.0658523
0.634979 -0.116119 -0.0459919
0.570422 -0.0965469 -0.0658523
0.575388 -0.0965467 0.0682055
0.570422 -0.101441 -0.0658523
0.654833 0.113887 0.0135893
0.570422 -0.106334 -0.0658523
0.664769 0.0111191 0.0682055
0.570422 -0.111228 -0.0658523
0.570422 -0.116122 -0.0658523
0.58532 -0.116121 0.0632404
0.595252 -0.116121 0.0632404
0.570416 0.03069 0.0384149
0.600218 -0.116121 0.0632404
0.57042 -0.0622908 0.00862424
0.605184 -0.11612 0.0632404
0.615116 -0.11612 0.0632404
0.620081 -0.11612 0.0632404
0.709468 -0.116116 0.0384149
0.630013 -0.116119 0.0632404
0.63994 -0.00845684 -0.0708174
0.664775 -0.116118 0.0632404
0.699536 -0.111223 0.0682055
0.644904 0.0502681 -0.0708174
0.610141 0.0845228 -0.0708174
0.66974 -0.116118 0.0632404
0.72933 -0.0916465 -0.00627106
0.69457 -0.116117 0.0632404
0.72933 -0.0916465 -0.0310966
0.620074 0.0649483 -0.0708174
0.709468 -0.116116 0.0632404
0.714433 -0.116116 0.0632404
0.724365 -0.116115 0.0632404
0.580344 0.113884 -0.00627106
0.729331 -0.116115 0.0632404
0.600218 -0.116121 0.0582753
0.630013 -0.116119 0.0582753
0.709458 0.113889 0.0284846
0.729323 0.0698467 -0.00627106
0.654843 -0.116118 0.0582753
0.634979 -0.116119 0.0384149
0.729326 0.00622816 0.0384149
0.605183 -0.0965455 -0.0708174
0.679672 -0.116117 0.0582753
0.684638 -0.116117 0.0582753
0.61014 0.113885 -0.00627106
0.674706 -0.116117 0.0135893
0.704502 -0.116116 -0.0360617
0.570414 0.0747336 -0.050957
0.689604 -0.116117 0.0582753
0.699536 -0.116116 0.0582753
0.72933 -0.0916465 -0.050957
0.709468 -0.116116 0.0582753
0.729327 -0.0231342 0.0384149
0.605183 -0.101439 -0.0708174
0.719399 -0.116116 0.0582753
0.570415 0.050265 0.0384149
0.724365 -0.116115 0.0582753
0.729331 -0.116115 0.0582753
0.729327 -0.0231342 -0.0211664
0.595252 -0.116121 0.0533102
0.620081 -0.11612 0.0533102
0.644911 -0.116119 -0.0608872
0.709468 -0.116116 0.0483451
0.630013 -0.116119 0.0533102
0.729326 0.0111219 0.0284846
0.639945 -0.116119 0.0533102
0.61014 0.113885 0.0533102
0.634976 -0.0378194 0.0682055
0.674706 -0.116117 0.0533102
0.729326 0.00622816 0.04338
0.679672 -0.116117 0.0533102
0.610141 0.099204 -0.0708174
0.684638 -0.116117 0.0533102
0.644903 0.0796305 -0.0708174
0.649877 -0.111225 -0.0708174
0.674706 -0.116117 0.0185544
0.704502 -0.116116 -0.0410268
0.62008 -0.0720762 0.0682055
0.689604 -0.116117 0.0533102
0.699536 -0.116116 0.0533102
0.704502 -0.116116 0.0533102
0.709468 -0.116116 0.0533102
0.729327 -0.0182405 -0.050957
0.570419 -0.0427159 -0.0410268
0.714433 -0.116116 0.0533102
0.729331 -0.116115 0.0533102
0.580354 -0.116121 0.0483451
0.649872 0.00622477 -0.0708174
0.58532 -0.116121 0.0483451
0.729327 -0.0231342 -0.00627106
0.595252 -0.116121 0.0483451
0.729329 -0.0671778 -0.0211664
0.694561 0.0992076 0.0682055
0.719393 0.0355901 -0.0708174
0.625047 -0.11612 0.0235195
0.600213 -0.00845853 -0.0708174
0.600218 -0.116121 0.0483451
0.72933 -0.0769653 -0.0708174
0.605184 -0.11612 0.0483451
0.729323 0.0796341 0.0632404
0.709458 0.108996 -0.0708174
0.679665 0.0600571 -0.0708174
0.61015 -0.11612 0.0483451
0.625047 -0.11612 0.0483451
0.595252 -0.116121 0.0284846
0.630013 -0.116119 0.0483451
0.644911 -0.116119 0.0483451
0.709458 0.113889 0.0135893
0.654843 -0.116118 0.0483451
0.664775 -0.116118 0.0483451
0.674706 -0.116117 0.0483451
0.679672 -0.116117 0.0483451
0.684638 -0.116117 0.0483451
0.61014 0.113885 -0.00130596
0.674706 -0.116117 0.0235195
0.69457 -0.116117 0.0483451
0.595252 -0.116121 -0.0559221
0.570419 -0.0427159 -0.0211664
0.714433 -0.116116 0.0483451
0.719399 -0.116116 0.0483451
0.724365 -0.116115 0.0483451
0.605184 -0.11612 0.04338
0.61015 -0.11612 0.04338
0.630013 -0.116119 0.04338
0.634974 0.00133041 -0.0708174
0.66974 -0.116118 0.04338
0.674706 -0.116117 0.04338
0.679672 -0.116117 0.04338
0.684638 -0.116117 0.04338
0.610141 0.079629 0.0682055
0.699536 -0.116116 0.04338
0.644911 -0.116119 -0.0559221
0.709468 -0.116116 0.04338
0.595252 -0.116121 -0.050957
0.570419 -0.0427159 -0.0261315
0.714433 -0.116116 0.04338
0.580344 0.113884 0.0632404
0.729331 -0.116115 0.04338
0.699535 -0.0965415 -0.0708174
0.58532 -0.116121 0.0384149
0.625047 -0.11612 0.0384149
0.605179 -0.00845832 -0.0708174
0.724356 0.104103 -0.0708174
0.664775 -0.116118 0.0384149
0.66974 -0.116118 0.0384149
0.729326 0.00622816 0.0533102
0.679672 -0.116117 0.0384149
0.694564 0.0306953 -0.0708174
0.684638 -0.116117 0.0384149
0.704502 -0.116116 -0.0559221
0.634977 -0.0769693 -0.0708174
0.570414 0.0747336 -0.0360617
0.689604 -0.116117 0.0384149
0.72933 -0.0916465 0.0582753
0.69457 -0.116117 0.0384149
0.699536 -0.116116 0.0384149
0.729327 -0.0182405 -0.0708174
0.714433 -0.116116 0.0384149
0.580344 0.113884 -0.00130596
0.729331 -0.116115 0.0384149
0.58532 -0.116121 0.0334498
0.595252 -0.116121 0.0334498
0.600218 -0.116121 0.0334498
0.605184 -0.11612 0.0334498
0.709458 0.113889 0.0533102
0.729323 0.0698467 0.0185544
0.61015 -0.11612 0.0334498
0.649877 -0.116118 0.0334498
0.66974 -0.116118 0.0334498
0.649868 0.0845245 -0.0708174
0.674706 -0.116117 0.0334498
0.729326 0.00622816 -0.0360617
0.679672 -0.116117 0.0334498
0.684638 -0.116117 0.0334498
0.729327 -0.0231342 0.0135893
0.719399 -0.116116 0.0334498
0.644911 -0.116119 0.00862424
0.729331 -0.116115 0.0334498
0.58532 -0.116121 0.0284846
0.639942 -0.0525004 0.0682055
0.620081 -0.11612 0.0284846
0.630013 -0.116119 0.0284846
0.664775 -0.116118 0.0284846
0.575388 -0.116122 0.0682055
0.649871 0.020906 -0.0708174
0.684638 -0.116117 0.0284846
0.689604 -0.116117 0.0284846
0.699536 -0.116116 0.0284846
0.719399 -0.116116 0.0284846
0.600218 -0.116121 0.0235195
0.649868 0.0992057 -0.0708174
0.615116 -0.11612 0.0235195
0.630013 -0.116119 0.0235195
0.729326 0.0111219 -0.0261315
0.639945 -0.116119 0.0235195
0.729323 0.0698467 -0.0658523
0.61015 -0.11612 -0.050957
0.654843 -0.116118 0.0235195
0.664775 -0.116118 0.0235195
0.644901 0.113887 0.0533102
0.590283 -0.0525025 -0.0708174
0.634976 -0.0329257 -0.0708174
0.575388 -0.116122 0.0483451
0.684638 -0.116117 0.0235195
0.729325 0.0355905 0.0483451
0.625043 -0.0133512 -0.0708174
0.58532 -0.116121 0.0185544
0.729327 -0.0231342 -0.0360617
0.595252 -0.116121 0.0185544
0.625039 0.0796297 -0.0708174
0.600218 -0.116121 0.0185544
0.72933 -0.0769653 -0.00627106
0.57042 -0.0573971 -0.050957
0.605184 -0.11612 0.0185544
0.729323 0.0698467 0.00365914
0.61015 -0.11612 0.0185544
0.719393 0.0404838 -0.0708174
0.625047 -0.11612 0.0185544
0.649877 -0.116118 0.0185544
0.719399 -0.116116 0.00862424
0.659809 -0.116118 0.0185544
0.644908 -0.0427127 -0.0708174
0.719396 -0.0280284 -0.0708174
0.689604 -0.116117 0.0185544
0.729331 -0.116115 0.0185544
0.625047 -0.11612 0.0135893
0.600208 0.108991 -0.0708174
0.659808 -0.101437 -0.0708174
0.575388 -0.116122 0.0582753
0.684638 -0.116117 0.0135893
0.689604 -0.116117 0.0135893
0.719399 -0.116116 0.0135893
0.684638 -0.116117 0.0632404
0.58532 -0.10144 0.0682055
0.575388 -0.116122 0.00862424
0.659809 -0.116118 0.0284846
0.595252 -0.116121 0.00862424
0.699528 0.0698454 0.0682055
0.600218 -0.116121 0.00862424
0.625047 -0.11612 0.00862424
0.709458 0.113889 -0.0162013
0.729323 0.0698467 -0.050957
0.654843 -0.116118 0.00862424
0.664771 -0.023137 -0.0708174
0.664775 -0.116118 0.00862424
0.62504 0.0502673 0.0682055
0.689604 -0.116117 0.00862424
0.575381 0.0551589 0.0682055
0.639945 -0.116119 -0.0261315
0.704502 -0.116116 0.00862424
0.709468 -0.116116 0.00862424
0.729331 -0.116115 0.00862424
0.580348 0.0355842 0.0682055
0.674702 -0.0231366 -0.0708174
0.590286 -0.116121 0.00365914
0.729328 -0.0329217 0.0135893
0.605184 -0.11612 0.00365914
0.61015 -0.11612 0.00365914
0.580354 -0.116121 0.0135893
0.615116 -0.11612 0.00365914
0.620081 -0.11612 0.00365914
0.729326 0.0111219 -0.0211664
0.639945 -0.116119 0.00365914
0.61015 -0.11612 -0.0559221
0.729323 0.0698467 -0.0708174
0.654843 -0.116118 0.00365914
0.679669 -0.0427113 -0.0708174
0.664775 -0.116118 0.00365914
0.684638 -0.116117 0.00365914
0.704501 -0.101435 -0.0708174
0.689604 -0.116117 0.00365914
0.699536 -0.116116 0.00365914
0.71939 0.0943149 -0.0708174
0.724364 -0.0867529 -0.0708174
0.644908 -0.0427127 0.0682055
0.704502 -0.116116 0.00365914
0.709468 -0.116116 0.00365914
0.714433 -0.116116 0.00365914
0.729331 -0.116115 0.00365914
0.684638 -0.116117 -0.0459919
0.575388 -0.116122 -0.00130596
0.605184 -0.111227 -0.0708174
0.595252 -0.116121 -0.00130596
0.620081 -0.11612 -0.00130596
0.625047 -0.11612 -0.00130596
0.630013 -0.116119 -0.00130596
0.729326 0.0111219 -0.00130596
0.639945 -0.116119 -0.00130596
0.684638 -0.111223 -0.0708174
0.674703 -0.0280303 -0.0708174
0.649877 -0.116118 -0.00130596
0.66974 -0.116118 -0.00130596
0.570419 -0.0329285 0.0682055
0.679672 -0.116117 -0.00130596
0.729327 -0.0182405 0.0632404
0.57042 -0.0525034 0.0235195
0.714433 -0.116116 -0.00130596
0.664775 -0.116118 -0.0162013
0.57042 -0.0525034 -0.0559221
0.719399 -0.116116 -0.00130596
0.724365 -0.116115 -0.00130596
0.729331 -0.116115 -0.00130596
0.659809 -0.116118 0.0632404
0.595252 -0.116121 -0.00627106
0.61015 -0.11612 -0.00627106
0.649867 0.104099 0.0682055
0.580354 -0.116121 0.0235195
0.615116 -0.11612 -0.00627106
0.620081 -0.11612 -0.00627106
0.714432 -0.0867534 -0.0708174
0.639945 -0.116119 -0.00627106
0.644911 -0.116119 -0.00627106
0.649877 -0.116118 -0.00627106
0.66974 -0.116118 -0.00627106
0.634977 -0.0769693 0.0682055
0.689604 -0.116117 -0.00627106
0.709468 -0.116116 -0.00627106
0.714433 -0.116116 -0.00627106
0.724365 -0.116115 -0.00627106
0.729331 -0.116115 -0.00627106
0.644901 0.113887 0.0632404
0.575388 -0.116122 -0.0112362
0.59028 0.0306909 -0.0708174
0.58532 -0.116121 -0.0112362
0.719399 -0.116116 0.00365914
0.595252 -0.116121 -0.0112362
0.590276 0.113884 -0.0608872
0.729328 -0.0329217 0.00365914
0.649869 0.0698433 0.0682055
0.605184 -0.11612 -0.0112362
0.620081 -0.11612 -0.0112362
0.625047 -0.11612 -0.0112362
0.729326 0.0111219 -0.00627106
0.639945 -0.116119 -0.0112362
0.649877 -0.116118 -0.0112362
0.654843 -0.116118 -0.0112362
0.659809 -0.116118 -0.0112362
0.66974 -0.116118 -0.0112362
0.699536 -0.116116 -0.0112362
0.714433 -0.116116 -0.0112362
0.639944 -0.101438 -0.0708174
0.634971 0.0796301 -0.0708174
0.590286 -0.116121 -0.0162013
0.620081 -0.11612 -0.0162013
0.644911 -0.116119 0.0135893
0.709468 -0.116116 -0.0211664
0.625047 -0.11612 -0.0162013
0.630013 -0.116119 -0.0162013
0.570422 -0.0965469 -0.0360617
0.634979 -0.116119 -0.0162013
0.644911 -0.116119 -0.0162013
0.620078 -0.0378201 0.0682055
0.654843 -0.116118 -0.0162013
0.66974 -0.116118 -0.0162013
0.61014 0.113885 0.0384149
0.674706 -0.116117 -0.0162013
0.644901 0.113887 -0.00627106
0.684629 0.104101 -0.0708174
0.684638 -0.116117 -0.0162013
0.664771 -0.0280307 0.0682055
0.69457 -0.116117 -0.0162013
0.664767 0.0698439 0.0682055
0.570414 0.0747336 0.0284846
0.704502 -0.116116 -0.0162013
0.709468 -0.116116 -0.0162013
0.729327 -0.0182405 0.0682055
0.57042 -0.0525034 0.0384149
0.714433 -0.116116 -0.0162013
0.659809 -0.116118 -0.00627106
0.719399 -0.116116 -0.0162013
0.724365 -0.116115 -0.0162013
0.580344 0.113884 0.0533102
0.620074 0.0551608 0.0682055
0.659801 0.0698437 0.0682055
0.729331 -0.116115 -0.0162013
0.590286 -0.116121 -0.0211664
0.659809 -0.116118 0.00862424
0.595252 -0.116121 -0.0211664
0.625047 -0.11612 -0.0211664
0.649877 -0.116118 -0.0211664
0.644901 0.113887 -0.00130596
0.684638 -0.116117 -0.0211664
0.69457 -0.116117 -0.0211664
0.590285 -0.0867586 0.0682055
0.699536 -0.116116 -0.0211664
0.719399 -0.116116 -0.0211664
0.694565 0.00133295 0.0682055
0.615116 -0.11612 0.04338
0.580354 -0.116121 -0.0261315
0.58532 -0.116121 -0.0261315
0.639937 0.084524 -0.0708174
0.659809 -0.116118 0.0483451
0.595252 -0.116121 -0.0261315
0.620081 -0.11612 -0.0261315
0.694567 -0.0524981 -0.0708174
0.625047 -0.11612 -0.0261315
0.644911 -0.116119 -0.0261315
0.669739 -0.091649 0.0682055
0.649877 -0.116118 -0.0261315
0.634975 -0.0182445 0.0682055
0.654843 -0.116118 -0.0261315
0.66974 -0.116118 -0.0261315
0.689604 -0.116117 0.04338
0.570414 0.0747336 -0.0410268
0.704502 -0.116116 -0.0261315
0.644911 -0.116119 0.0185544
0.709468 -0.116116 -0.0261315
0.714433 -0.116116 -0.0261315
0.570417 0.0111151 -0.0410268
0.724365 -0.116115 -0.0261315
0.649871 0.0111185 0.0682055
0.58532 -0.116121 -0.0310966
0.61015 -0.11612 -0.0310966
0.620081 -0.11612 -0.0310966
0.625047 -0.11612 -0.0310966
0.425215 -0.0499605 -0.0530127
0.430179 -0.04996 -0.0530127
0.455001 -0.0499574 -0.0530127
0.459966 -0.0499569 -0.0530127
0.46493 -0.0499564 -0.0530127
0.469894 -0.0499559 -0.0530127
0.479823 -0.0499549 -0.0530127
0.489752 -0.0499538 -0.0530127
0.514574 -0.0499513 -0.0530127
0.529467 -0.0499497 -0.0530127
0.415286 -0.0499616 -0.0482527
0.479823 -0.0499549 -0.0482527
0.484788 -0.0499543 -0.0482527
0.489752 -0.0499538 -0.0482527
0.494716 -0.0499533 -0.0482527
0.519538 -0.0499507 -0.0482527
0.524503 -0.0499502 -0.0482527
0.529467 -0.0499497 -0.0482527
0.425215 -0.0499605 -0.0434927
0.455001 -0.0499574 -0.0434927
0.459966 -0.0499569 -0.0434927
0.469894 -0.0499559 -0.0434927
0.474859 -0.0499554 -0.0434927
0.479823 -0.0499549 -0.0434927
0.484788 -0.0499543 -0.0434927
0.489752 -0.0499538 -0.0434927
0.50961 -0.0499518 -0.0434927
0.514574 -0.0499513 -0.0434927
0.425215 -0.0499605 -0.0387327
0.450037 -0.0499579 -0.0387327
0.459966 -0.0499569 -0.0387327
0.46493 -0.0499564 -0.0387327
0.474859 -0.0499554 -0.0387327
0.479823 -0.0499549 -0.0387327
0.514574 -0.0499513 -0.0387327
0.524503 -0.0499502 -0.0387327
0.529467 -0.0499497 -0.0387327
0.410322 -0.0499621 -0.0339727
0.425215 -0.0499605 -0.0339727
0.450037 -0.0499579 -0.0339727
0.455001 -0.0499574 -0.0339727
0.459966 -0.0499569 -0.0339727
0.469894 -0.0499559 -0.0339727
0.479823 -0.0499549 -0.0339727
0.499681 -0.0499528 -0.0339727
0.514574 -0.0499513 -0.0339727
0.524503 -0.0499502 -0.0339727
0.529467 -0.0499497 -0.0339727
0.415286 -0.0499616 -0.0292126
0.450037 -0.0499579 -0.0292126
0.455001 -0.0499574 -0.0292126
0.459966 -0.0499569 -0.0292126
0.46493 -0.0499564 -0.0292126
0.469894 -0.0499559 -0.0292126
0.474859 -0.0499554 -0.0292126
0.479823 -0.0499549 -0.0292126
0.484788 -0.0499543 -0.0292126
0.494716 -0.0499533 -0.0292126
0.514574 -0.0499513 -0.0292126
0.524503 -0.0499502 -0.0292126
0.529467 -0.0499497 -0.0292126
0.415286 -0.0499616 -0.0244526
0.425215 -0.0499605 -0.0244526
0.450037 -0.0499579 -0.0244526
0.455001 -0.0499574 -0.0244526
0.46493 -0.0499564 -0.0244526
0.469894 -0.0499559 -0.0244526
0.474859 -0.0499554 -0.0244526
0.479823 -0.0499549 -0.0244526
0.494716 -0.0499533 -0.0244526
0.519538 -0.0499507 -0.0244526
0.524503 -0.0499502 -0.0244526
0.529467 -0.0499497 -0.0244526
0.425215 -0.0499605 -0.0196926
0.445073 -0.0499585 -0.0196926
0.450037 -0.0499579 -0.0196926
0.46493 -0.0499564 -0.0196926
0.484788 -0.0499543 -0.0196926
0.489752 -0.0499538 -0.0196926
0.499681 -0.0499528 -0.0196926
0.504645 -0.0499523 -0.0196926
0.50961 -0.0499518 -0.0196926
0.519538 -0.0499507 -0.0196926
0.415286 -0.0499616 -0.0149326
0.425215 -0.0499605 -0.0149326
0.435144 -0.0499595 -0.0149326
0.450037 -0.0499579 -0.0149326
0.459966 -0.0499569 -0.0149326
0.46493 -0.0499564 -0.0149326
0.479823 -0.0499549 -0.0149326
0.484788 -0.0499543 -0.0149326
0.524503 -0.0499502 -0.0149326
0.415286 -0.0499616 -0.0101726
0.425215 -0.0499605 -0.0101726
0.450037 -0.0499579 -0.0101726
0.46493 -0.0499564 -0.0101726
0.474859 -0.0499554 -0.0101726
0.479823 -0.0499549 -0.0101726
0.484788 -0.0499543 -0.0101726
0.494716 -0.0499533 -0.0101726
0.50961 -0.0499518 -0.0101726
0.519538 -0.0499507 -0.0101726
0.529467 -0.0499497 -0.0101726
0.420251 -0.049961 -0.00541257
0.425215 -0.0499605 -0.00541257
0.445073 -0.0499585 -0.00541257
0.459966 -0.0499569 -0.00541257
0.484788 -0.0499543 -0.00541257
0.519538 -0.0499507 -0.00541257
0.529467 -0.0499497 -0.00541257
0.410322 -0.0499621 -0.00065255
0.415286 -0.0499616 -0.00065255
0.420251 -0.049961 -0.00065255
0.425215 -0.0499605 -0.00065255
0.435144 -0.0499595 -0.00065255
0.46493 -0.0499564 -0.00065255
0.474859 -0.0499554 -0.00065255
0.479823 -0.0499549 -0.00065255
0.484788 -0.0499543 -0.00065255
0.50961 -0.0499518 -0.00065255
0.514574 -0.0499513 -0.00065255
0.519538 -0.0499507 -0.00065255
0.529467 -0.0499497 -0.00065255
0.410322 -0.0499621 0.00410747
0.425215 -0.0499605 0.00410747
0.430179 -0.04996 0.00410747
0.435144 -0.0499595 0.00410747
0.440108 -0.049959 0.00410747
0.450037 -0.0499579 0.00410747
0.459966 -0.0499569 0.00410747
0.474859 -0.0499554 0.00410747
0.484788 -0.0499543 0.00410747
0.489752 -0.0499538 0.00410747
0.499681 -0.0499528 0.00410747
0.504645 -0.0499523 0.00410747
0.519538 -0.0499507 0.00410747
0.524503 -0.0499502 0.00410747
0.514574 -0.0499513 0.00410747
0.529467 -0.0499497 0.00410747
0.410322 -0.0499621 0.00886748
0.420251 -0.049961 0.00886748
0.435144 -0.0499595 0.00886748
0.459966 -0.0499569 0.00886748
0.46493 -0.0499564 0.00886748
0.484788 -0.0499543 0.00886748
0.494716 -0.0499533 0.00886748
0.514574 -0.0499513 0.00886748
0.529467 -0.0499497 0.00886748
0.420251 -0.049961 0.0136275
0.445073 -0.0499585 0.0136275
0.450037 -0.0499579 0.0136275
0.46493 -0.0499564 0.0136275
0.474859 -0.0499554 0.0136275
0.479823 -0.0499549 0.0136275
0.484788 -0.0499543 0.0136275
0.489752 -0.0499538 0.0136275
0.494716 -0.0499533 0.0136275
0.514574 -0.0499513 0.0136275
0.519538 -0.0499507 0.0136275
0.524503 -0.0499502 0.0136275
0.455001 -0.0499574 0.0183875
0.46493 -0.0499564 0.0183875
0.474859 -0.0499554 0.0183875
0.479823 -0.0499549 0.0183875
0.489752 -0.0499538 0.0183875
0.494716 -0.0499533 0.0183875
0.514574 -0.0499513 0.0183875
0.519538 -0.0499507 0.0183875
0.514574 -0.0499513 -0.00541257
0.529467 -0.0499497 0.0183875
0.420251 -0.049961 0.0231475
0.435144 -0.0499595 0.0231475
0.445073 -0.0499585 0.0231475
0.450037 -0.0499579 0.0231475
0.459966 -0.0499569 0.0231475
0.46493 -0.0499564 0.0231475
0.474859 -0.0499554 0.0231475
0.489752 -0.0499538 0.0231475
0.504645 -0.0499523 0.0231475
0.514574 -0.0499513 0.0231475
0.519538 -0.0499507 0.0231475
0.420251 -0.049961 0.0279075
0.450037 -0.0499579 0.0279075
0.455001 -0.0499574 0.0279075
0.459966 -0.0499569 0.0279075
0.46493 -0.0499564 0.0279075
0.479823 -0.0499549 0.0279075
0.484788 -0.0499543 0.0279075
0.489752 -0.0499538 0.0279075
0.499681 -0.0499528 0.0279075
0.504645 -0.0499523 0.0279075
0.529467 -0.0499497 -0.0196926
0.514574 -0.0499513 0.0279075
0.524503 -0.0499502 0.0279075
0.420251 -0.049961 0.0326676
0.425215 -0.0499605 0.0326676
0.435144 -0.0499595 0.0326676
0.445073 -0.0499585 0.0326676
0.450037 -0.0499579 0.0326676
0.459966 -0.0499569 0.0326676
0.469894 -0.0499559 0.0326676
0.484788 -0.0499543 0.0326676
0.529467 -0.0499497 -0.0149326
0.514574 -0.0499513 0.0326676
0.524503 -0.0499502 0.0326676
0.534432 -0.0549197 -0.0530127
0.534433 -0.0598903 -0.0530127
0.534433 -0.0648608 -0.0530127
0.534434 -0.0698314 -0.0530127
0.534434 -0.0748019 -0.0530127
0.534438 -0.114566 -0.0530127
0.534439 -0.119537 -0.0530127
0.53444 -0.134448 -0.0530127
0.534441 -0.139419 -0.0530127
0.534441 -0.14439 -0.0530127
0.50961 -0.0499518 0.00886748
0.534442 -0.14936 -0.0530127
0.534443 -0.164272 -0.0530127
0.534444 -0.174213 -0.0530127
0.534445 -0.179183 -0.0530127
0.534445 -0.184154 -0.0530127
0.534446 -0.189124 -0.0530127
0.534447 -0.204036 -0.0530127
0.534448 -0.209007 -0.0530127
0.474859 -0.0499554 -0.00541257
0.534449 -0.218948 -0.0530127
0.53445 -0.223918 -0.0530127
0.534434 -0.0698314 -0.0482527
0.534434 -0.0748019 -0.0482527
0.534435 -0.0797725 -0.0482527
0.534435 -0.084743 -0.0482527
0.534437 -0.0996546 -0.0482527
0.534438 -0.114566 -0.0482527
0.53444 -0.134448 -0.0482527
0.534441 -0.14439 -0.0482527
0.50961 -0.0499518 0.0183875
0.534442 -0.14936 -0.0482527
0.534443 -0.159301 -0.0482527
0.534445 -0.179183 -0.0482527
0.534446 -0.189124 -0.0482527
0.534447 -0.199066 -0.0482527
0.534448 -0.209007 -0.0482527
0.534449 -0.213977 -0.0482527
0.534432 -0.0499492 -0.0434927
0.504645 -0.0499523 -0.00065255
0.534432 -0.0549197 -0.0434927
0.534435 -0.084743 -0.0434927
0.534436 -0.0946841 -0.0434927
0.534437 -0.0996546 -0.0434927
0.534438 -0.109596 -0.0434927
0.534438 -0.114566 -0.0434927
0.534439 -0.119537 -0.0434927
0.53444 -0.129478 -0.0434927
0.534441 -0.14439 -0.0434927
0.50961 -0.0499518 -0.0244526
0.534442 -0.14936 -0.0434927
0.534443 -0.159301 -0.0434927
0.534443 -0.164272 -0.0434927
0.534445 -0.184154 -0.0434927
0.534446 -0.189124 -0.0434927
0.534447 -0.199066 -0.0434927
0.534447 -0.204036 -0.0434927
0.534448 -0.209007 -0.0434927
0.534449 -0.213977 -0.0434927
0.534449 -0.218948 -0.0434927
0.534432 -0.0499492 -0.0387327
0.534434 -0.0698314 -0.0387327
0.534435 -0.0797725 -0.0387327
0.534435 -0.084743 -0.0387327
0.534436 -0.0897136 -0.0387327
0.53444 -0.129478 -0.0387327
0.534441 -0.14439 -0.0387327
0.534445 -0.179183 -0.0387327
0.534446 -0.189124 -0.0387327
0.519538 -0.0499507 0.0279075
0.534446 -0.194095 -0.0387327
0.534447 -0.204036 -0.0387327
0.534448 -0.209007 -0.0387327
0.415286 -0.0499616 -0.0387327
0.534449 -0.213977 -0.0387327
0.534435 -0.0797725 -0.0339727
0.534437 -0.0996546 -0.0339727
0.534438 -0.114566 -0.0339727
0.534445 -0.179183 -0.0434927
0.534439 -0.119537 -0.0339727
0.53444 -0.129478 -0.0339727
0.534441 -0.14439 -0.0339727
0.534443 -0.159301 -0.0339727
0.534447 -0.204036 -0.0339727
0.534448 -0.209007 -0.0339727
0.534449 -0.213977 -0.0339727
0.534449 -0.218948 -0.0339727
0.53445 -0.223918 -0.0339727
0.534434 -0.0748019 -0.0292126
0.534438 -0.114566 -0.0292126
0.534439 -0.119537 -0.0292126
0.534439 -0.124507 -0.0292126
0.53444 -0.129478 -0.0292126
0.53444 -0.134448 -0.0292126
0.50961 -0.0499518 -0.0149326
0.534442 -0.14936 -0.0292126
0.534442 -0.154331 -0.0292126
0.534443 -0.159301 -0.0292126
0.534444 -0.174213 -0.0292126
0.534446 -0.189124 -0.0292126
0.534447 -0.199066 -0.0292126
0.534448 -0.209007 -0.0292126
0.534449 -0.213977 -0.0292126
0.534449 -0.218948 -0.0292126
0.440108 -0.049959 -0.0530127
0.534432 -0.0499492 -0.0244526
0.504645 -0.0499523 0.0183875
0.534432 -0.0549197 -0.0244526
0.534433 -0.0598903 -0.0244526
0.534433 -0.0648608 -0.0244526
0.534434 -0.0748019 -0.0244526
0.534436 -0.0897136 -0.0244526
0.534438 -0.109596 -0.0244526
0.534438 -0.114566 -0.0244526
0.534439 -0.119537 -0.0244526
0.534439 -0.124507 -0.0244526
0.469894 -0.0499559 0.0231475
0.53444 -0.129478 -0.0244526
0.534441 -0.139419 -0.0244526
0.534441 -0.14439 -0.0244526
0.50961 -0.0499518 -0.00541257
0.534442 -0.14936 -0.0244526
0.534444 -0.169242 -0.0244526
0.534444 -0.174213 -0.0244526
0.534445 -0.184154 -0.0244526
0.534446 -0.189124 -0.0244526
0.430179 -0.04996 -0.00065255
0.534446 -0.194095 -0.0244526
0.534447 -0.199066 -0.0244526
0.534447 -0.204036 -0.0244526
0.534448 -0.209007 -0.0244526
0.534432 -0.0499492 -0.0196926
0.504645 -0.0499523 -0.0244526
0.534432 -0.0549197 -0.0196926
0.534433 -0.0648608 -0.0196926
0.534435 -0.0797725 -0.0196926
0.534436 -0.0897136 -0.0196926
0.534436 -0.0946841 -0.0196926
0.534437 -0.0996546 -0.0196926
0.534438 -0.114566 -0.0196926
0.534439 -0.119537 -0.0196926
0.534439 -0.124507 -0.0196926
0.534441 -0.139419 -0.0196926
0.534441 -0.14439 -0.0196926
0.50961 -0.0499518 -0.0482527
0.534442 -0.14936 -0.0196926
0.534443 -0.164272 -0.0196926
0.534444 -0.174213 -0.0196926
0.534445 -0.179183 -0.0196926
0.534446 -0.189124 -0.0196926
0.534447 -0.199066 -0.0196926
0.534449 -0.213977 -0.0196926
0.534449 -0.218948 -0.0196926
0.534433 -0.0598903 -0.0149326
0.534433 -0.0648608 -0.0149326
0.534435 -0.084743 -0.0149326
0.534436 -0.0946841 -0.0149326
0.534437 -0.0996546 -0.0149326
0.534439 -0.119537 -0.0149326
0.469894 -0.0499559 -0.0149326
0.53444 -0.129478 -0.0149326
0.534441 -0.139419 -0.0149326
0.534444 -0.169242 -0.0149326
0.534444 -0.174213 -0.0149326
0.534445 -0.179183 -0.0149326
0.534446 -0.194095 -0.0149326
0.534447 -0.199066 -0.0149326
0.534449 -0.213977 -0.0149326
0.534449 -0.218948 -0.0149326
0.534432 -0.0499492 -0.0101726
0.534433 -0.0598903 -0.0101726
0.534433 -0.0648608 -0.0101726
0.534434 -0.0698314 -0.0101726
0.534434 -0.0748019 -0.0101726
0.534435 -0.084743 -0.0101726
0.534436 -0.0897136 -0.0101726
0.534436 -0.0946841 -0.0101726
0.534437 -0.0996546 -0.0101726
0.534438 -0.109596 -0.0101726
0.534438 -0.114566 -0.0101726
0.534439 -0.119537 -0.0101726
0.469894 -0.0499559 -0.0101726
0.53444 -0.129478 -0.0101726
0.534441 -0.139419 -0.0101726
0.534441 -0.14439 -0.0101726
0.534443 -0.159301 -0.0101726
0.534443 -0.164272 -0.0101726
0.534444 -0.174213 -0.0101726
0.534446 -0.189124 -0.0101726
0.534447 -0.199066 -0.0101726
0.534447 -0.204036 -0.0101726
0.420251 -0.049961 -0.0387327
0.534448 -0.209007 -0.0101726
0.534449 -0.213977 -0.0101726
0.534449 -0.218948 -0.0101726
0.53445 -0.223918 -0.0101726
0.534432 -0.0499492 -0.00541257
0.534433 -0.0598903 -0.00541257
0.534433 -0.0648608 -0.00541257
0.534434 -0.0748019 -0.00541257
0.534435 -0.0797725 -0.00541257
0.534435 -0.084743 -0.00541257
0.534437 -0.104625 -0.00541257
0.534438 -0.109596 -0.00541257
0.534438 -0.114566 -0.00541257
0.534439 -0.119537 -0.00541257
0.534443 -0.164272 -0.00541257
0.534444 -0.174213 -0.00541257
0.534446 -0.194095 -0.00541257
0.430179 -0.04996 -0.0244526
0.534447 -0.199066 -0.00541257
0.534447 -0.204036 -0.00541257
0.420251 -0.049961 -0.0434927
0.534448 -0.209007 -0.00541257
0.534449 -0.213977 -0.00541257
0.534449 -0.218948 -0.00541257
0.499681 -0.0499528 -0.0387327
0.53445 -0.223918 -0.00541257
0.534432 -0.0499492 -0.00065255
0.534433 -0.0598903 -0.00065255
0.534433 -0.0648608 -0.00065255
0.534434 -0.0748019 -0.00065255
0.534435 -0.0797725 -0.00065255
0.534436 -0.0897136 -0.00065255
0.534436 -0.0946841 -0.00065255
0.534437 -0.0996546 -0.00065255
0.534437 -0.104625 -0.00065255
0.534438 -0.109596 -0.00065255
0.534438 -0.114566 -0.00065255
0.534439 -0.119537 -0.00065255
0.53444 -0.134448 -0.00065255
0.534441 -0.139419 -0.00065255
0.534441 -0.14439 -0.00065255
0.534442 -0.154331 -0.00065255
0.534443 -0.164272 -0.00065255
0.534444 -0.169242 -0.00065255
0.534444 -0.174213 -0.00065255
0.534446 -0.189124 -0.00065255
0.534446 -0.194095 -0.00065255
0.519538 -0.0499507 -0.0292126
0.430179 -0.04996 -0.0196926
0.534447 -0.199066 -0.00065255
0.534447 -0.204036 -0.00065255
0.534448 -0.209007 -0.00065255
0.534449 -0.213977 -0.00065255
0.53445 -0.223918 -0.00065255
0.504645 -0.0499523 -0.0482527
0.534432 -0.0549197 0.00410747
0.534434 -0.0698314 0.00410747
0.534434 -0.0748019 0.00410747
0.534435 -0.084743 0.00410747
0.534436 -0.0897136 0.00410747
0.534436 -0.0946841 0.00410747
0.534437 -0.0996546 0.00410747
0.534438 -0.109596 0.00410747
0.534438 -0.114566 0.00410747
0.534439 -0.119537 0.00410747
0.534441 -0.139419 0.00410747
0.534442 -0.154331 0.00410747
0.534444 -0.169242 0.00410747
0.534444 -0.174213 0.00410747
0.534445 -0.179183 0.00410747
0.534446 -0.194095 0.00410747
0.519538 -0.0499507 -0.0339727
0.534447 -0.199066 0.00410747
0.534447 -0.204036 0.00410747
0.534448 -0.209007 0.00410747
0.534449 -0.218948 0.00410747
0.53445 -0.223918 0.00410747
0.440108 -0.049959 -0.0244526
0.534432 -0.0499492 0.00886748
0.534434 -0.0698314 0.00886748
0.534434 -0.0748019 0.00886748
0.534436 -0.0897136 0.00886748
0.534436 -0.0946841 0.00886748
0.534437 -0.0996546 0.00886748
0.534437 -0.104625 0.00886748
0.534438 -0.114566 0.00886748
0.469894 -0.0499559 0.00886748
0.53444 -0.129478 0.00886748
0.534441 -0.139419 0.00886748
0.534441 -0.14439 0.00886748
0.534444 -0.174213 0.00886748
0.534446 -0.189124 0.00886748
0.534446 -0.194095 0.00886748
0.534447 -0.204036 0.00886748
0.420251 -0.049961 -0.0339727
0.534448 -0.209007 0.00886748
0.534433 -0.0648608 0.0136275
0.534437 -0.0996546 0.0136275
0.534437 -0.104625 0.0136275
0.534438 -0.109596 0.0136275
0.534439 -0.119537 0.0136275
0.534441 -0.139419 0.0136275
0.534442 -0.154331 0.0136275
0.534443 -0.164272 0.0136275
0.469894 -0.0499559 0.00410747
0.534445 -0.179183 0.0136275
0.534445 -0.184154 0.0136275
0.534446 -0.194095 0.0136275
0.534447 -0.199066 0.0136275
0.420251 -0.049961 -0.0149326
0.534448 -0.209007 0.0136275
0.534449 -0.213977 0.0136275
0.534449 -0.218948 0.0136275
0.53445 -0.223918 0.0136275
0.534436 -0.0897136 0.0183875
0.50961 -0.0499518 -0.0387327
0.534436 -0.0946841 0.0183875
0.534442 -0.154331 -0.00541257
0.534437 -0.0996546 0.0183875
0.534439 -0.119537 0.0183875
0.469894 -0.0499559 0.0183875
0.53444 -0.129478 0.0183875
0.534443 -0.164272 0.0183875
0.534444 -0.174213 0.0183875
0.534445 -0.179183 0.0183875
0.534445 -0.184154 0.0183875
0.534449 -0.213977 0.0183875
0.534449 -0.218948 0.0183875
0.53445 -0.223918 0.0183875
0.534435 -0.0797725 0.0231475
0.534436 -0.0897136 0.0231475
0.534438 -0.109596 0.0231475
0.534441 -0.14439 0.0231475
0.534443 -0.159301 0.0231475
0.534444 -0.169242 0.0231475
0.534444 -0.174213 0.0231475
0.534445 -0.179183 0.0231475
0.534447 -0.204036 0.0231475
0.420251 -0.049961 -0.0482527
0.534448 -0.209007 0.0231475
0.534449 -0.218948 0.0231475
0.53445 -0.223918 0.0231475
0.534432 -0.0549197 0.0279075
0.534435 -0.084743 0.0279075
0.534436 -0.0897136 0.0279075
0.50961 -0.0499518 -0.0292126
0.534436 -0.0946841 0.0279075
0.534437 -0.104625 0.0279075
0.534438 -0.109596 0.0279075
0.534438 -0.114566 0.0279075
0.53444 -0.134448 0.0279075
0.534441 -0.139419 0.0279075
0.534436 -0.0946841 -0.0244526
0.534441 -0.14439 0.0279075
0.534442 -0.14936 0.0279075
0.534443 -0.164272 0.0279075
0.534444 -0.169242 0.0279075
0.534444 -0.174213 0.0279075
0.534446 -0.189124 0.0279075
0.534446 -0.194095 0.0279075
0.534448 -0.209007 0.0279075
0.534449 -0.213977 0.0279075
0.534449 -0.218948 0.0279075
0.53445 -0.223918 0.0279075
0.534436 -0.0897136 0.0326676
0.534442 -0.14936 -0.00065255
0.534436 -0.0946841 0.0326676
0.534442 -0.154331 -0.0149326
0.534437 -0.0996546 0.0326676
0.534438 -0.109596 0.0326676
0.534438 -0.114566 0.0326676
0.534442 -0.14936 0.0326676
0.534442 -0.154331 0.0326676
0.534438 -0.109596 -0.0339727
0.534443 -0.159301 0.0326676
0.534445 -0.184154 0.0326676
0.534446 -0.189124 0.0326676
0.534446 -0.194095 0.0326676
0.534447 -0.204036 0.0326676
0.484788 -0.0499543 -0.0387327
0.420251 -0.049961 -0.0101726
0.534448 -0.209007 0.0326676
0.534449 -0.213977 0.0326676
0.534449 -0.218948 0.0326676
0.53445 -0.223918 0.0326676
0.519557 -0.22889 -0.0530127
0.509628 -0.228891 -0.0530127
0.499699 -0.228892 -0.0530127
0.494735 -0.228893 -0.0530127
0.489771 -0.228893 -0.0530127
0.484806 -0.228894 -0.0530127
0.474877 -0.228895 -0.0530127
0.469913 -0.228895 -0.0530127
0.499681 -0.0499528 -0.0149326
0.464949 -0.228896 -0.0530127
0.459984 -0.228897 -0.0530127
0.534439 -0.124507 -0.0101726
0.45502 -0.228897 -0.0530127
0.450055 -0.228898 -0.0530127
0.445091 -0.228898 -0.0530127
0.440127 -0.228899 -0.0530127
0.435162 -0.228899 -0.0530127
0.430198 -0.2289 -0.0530127
0.425234 -0.2289 -0.0530127
0.415305 -0.228901 -0.0530127
0.529486 -0.228889 -0.0482527
0.519557 -0.22889 -0.0482527
0.534444 -0.169242 -0.0339727
0.514593 -0.228891 -0.0482527
0.509628 -0.228891 -0.0482527
0.504664 -0.228892 -0.0482527
0.494735 -0.228893 -0.0482527
0.489771 -0.228893 -0.0482527
0.484806 -0.228894 -0.0482527
0.479842 -0.228894 -0.0482527
0.534433 -0.0648608 0.0326676
0.469913 -0.228895 -0.0482527
0.499681 -0.0499528 -0.0244526
0.464949 -0.228896 -0.0482527
0.459984 -0.228897 -0.0482527
0.435162 -0.228899 -0.0482527
0.425234 -0.2289 -0.0482527
0.504645 -0.0499523 -0.0434927
0.41034 -0.228902 -0.0482527
0.519557 -0.22889 -0.0434927
0.534435 -0.084743 -0.0292126
0.499699 -0.228892 -0.0434927
0.494735 -0.228893 -0.0434927
0.489771 -0.228893 -0.0434927
0.53444 -0.134448 -0.0434927
0.484806 -0.228894 -0.0434927
0.479842 -0.228894 -0.0434927
0.469913 -0.228895 -0.0434927
0.459984 -0.228897 -0.0434927
0.450055 -0.228898 -0.0434927
0.534432 -0.0549197 -0.0482527
0.445091 -0.228898 -0.0434927
0.430198 -0.2289 -0.0434927
0.425234 -0.2289 -0.0434927
0.509628 -0.228891 -0.0387327
0.504664 -0.228892 -0.0387327
0.534435 -0.084743 -0.0196926
0.499699 -0.228892 -0.0387327
0.524521 -0.22889 -0.0482527
0.474877 -0.228895 -0.0387327
0.534433 -0.0648608 0.0279075
0.469913 -0.228895 -0.0387327
0.464949 -0.228896 -0.0387327
0.459984 -0.228897 -0.0387327
0.45502 -0.228897 -0.0387327
0.450055 -0.228898 -0.0387327
0.445091 -0.228898 -0.0387327
0.440127 -0.228899 -0.0387327
0.425234 -0.2289 -0.0387327
0.415305 -0.228901 -0.0387327
0.524521 -0.22889 -0.0339727
0.519557 -0.22889 -0.0339727
0.514593 -0.228891 -0.0339727
0.509628 -0.228891 -0.0339727
0.504664 -0.228892 -0.0339727
0.53444 -0.134448 -0.0387327
0.484806 -0.228894 -0.0339727
0.534433 -0.0648608 0.0231475
0.469913 -0.228895 -0.0339727
0.499681 -0.0499528 -0.0101726
0.464949 -0.228896 -0.0339727
0.430198 -0.2289 -0.0339727
0.425234 -0.2289 -0.0339727
0.415305 -0.228901 -0.0339727
0.41034 -0.228902 -0.0339727
0.53445 -0.228889 -0.0292126
0.529486 -0.228889 -0.0292126
0.524521 -0.22889 -0.0292126
0.499699 -0.228892 -0.0292126
0.484806 -0.228894 -0.0292126
0.534433 -0.0648608 0.0183875
0.469913 -0.228895 -0.0292126
0.499681 -0.0499528 0.00886748
0.464949 -0.228896 -0.0292126
0.459984 -0.228897 -0.0292126
0.450055 -0.228898 -0.0292126
0.440127 -0.228899 -0.0292126
0.435162 -0.228899 -0.0292126
0.425234 -0.2289 -0.0292126
0.420269 -0.228901 -0.0292126
0.415305 -0.228901 -0.0292126
0.534432 -0.0549197 0.0326676
0.41034 -0.228902 -0.0292126
0.524521 -0.22889 -0.0244526
0.519557 -0.22889 -0.0244526
0.509628 -0.228891 -0.0244526
0.504664 -0.228892 -0.0244526
0.455001 -0.0499574 -0.00065255
0.499699 -0.228892 -0.0244526
0.430179 -0.04996 0.0326676
0.494735 -0.228893 -0.0244526
0.534433 -0.0648608 0.00886748
0.469913 -0.228895 -0.0244526
0.499681 -0.0499528 -0.00065255
0.464949 -0.228896 -0.0244526
0.459984 -0.228897 -0.0244526
0.445091 -0.228898 -0.0244526
0.440127 -0.228899 -0.0244526
0.430198 -0.2289 -0.0244526
0.41034 -0.228902 -0.0244526
0.529486 -0.228889 -0.0196926
0.519557 -0.22889 -0.0196926
0.534444 -0.169242 0.0326676
0.514593 -0.228891 -0.0196926
0.509628 -0.228891 -0.0196926
0.534437 -0.104625 -0.0292126
0.504664 -0.228892 -0.0196926
0.455001 -0.0499574 -0.00541257
0.499699 -0.228892 -0.0196926
0.489771 -0.228893 -0.0196926
0.479842 -0.228894 -0.0196926
0.469913 -0.228895 -0.0196926
0.499681 -0.0499528 0.0183875
0.53445 -0.223918 -0.0387327
0.464949 -0.228896 -0.0196926
0.459984 -0.228897 -0.0196926
0.45502 -0.228897 -0.0196926
0.450055 -0.228898 -0.0196926
0.445091 -0.228898 -0.0196926
0.440127 -0.228899 -0.0196926
0.430198 -0.2289 -0.0196926
0.425234 -0.2289 -0.0196926
0.415305 -0.228901 -0.0196926
0.41034 -0.228902 -0.0196926
0.534445 -0.179183 0.0326676
0.529486 -0.228889 -0.0149326
0.524521 -0.22889 -0.0149326
0.519557 -0.22889 -0.0149326
0.514593 -0.228891 -0.0149326
0.504664 -0.228892 -0.0149326
0.455001 -0.0499574 0.00886748
0.499699 -0.228892 -0.0149326
0.489771 -0.228893 -0.0149326
0.45502 -0.228897 -0.0149326
0.450055 -0.228898 -0.0149326
0.489752 -0.0499538 -0.0387327
0.445091 -0.228898 -0.0149326
0.440127 -0.228899 -0.0149326
0.435162 -0.228899 -0.0149326
0.430198 -0.2289 -0.0149326
0.534432 -0.0549197 -0.0292126
0.41034 -0.228902 -0.0149326
0.529486 -0.228889 -0.0101726
0.519557 -0.22889 -0.0101726
0.509628 -0.228891 -0.0101726
0.534437 -0.104625 -0.0196926
0.504664 -0.228892 -0.0101726
0.499699 -0.228892 -0.0101726
0.489771 -0.228893 -0.0101726
0.484806 -0.228894 -0.0101726
0.479842 -0.228894 -0.0101726
0.469913 -0.228895 -0.0101726
0.499681 -0.0499528 0.0136275
0.464949 -0.228896 -0.0101726
0.459984 -0.228897 -0.0101726
0.445091 -0.228898 -0.0101726
0.435162 -0.228899 -0.0101726
0.430198 -0.2289 -0.0101726
0.425234 -0.2289 -0.0101726
0.415305 -0.228901 -0.0101726
0.41034 -0.228902 -0.0101726
0.529486 -0.228889 -0.00541257
0.514593 -0.228891 -0.00541257
0.534437 -0.104625 -0.0149326
0.504664 -0.228892 -0.00541257
0.455001 -0.0499574 0.00410747
0.499699 -0.228892 -0.00541257
0.494735 -0.228893 -0.00541257
0.484806 -0.228894 -0.00541257
0.469913 -0.228896 -0.00541257
0.459984 -0.228897 -0.00541257
0.450055 -0.228898 -0.00541257
0.489752 -0.0499538 -0.0244526
0.445091 -0.228898 -0.00541257
0.435162 -0.228899 -0.00541257
0.430198 -0.2289 -0.00541257
0.420269 -0.228901 -0.00541257
0.41034 -0.228902 -0.00541257
0.53445 -0.228889 -0.00065255
0.519557 -0.22889 -0.00065255
0.509628 -0.228891 -0.00065255
0.504664 -0.228892 -0.00065255
0.499699 -0.228892 -0.00065255
0.430179 -0.04996 0.00886748
0.534446 -0.194095 -0.0530127
0.494735 -0.228893 -0.00065255
0.484806 -0.228894 -0.00065255
0.469913 -0.228895 -0.00065255
0.464949 -0.228896 -0.00065255
0.45502 -0.228897 -0.00065255
0.450055 -0.228898 -0.00065255
0.445091 -0.228898 -0.00065255
0.435162 -0.228899 -0.00065255
0.430198 -0.2289 -0.00065255
0.425234 -0.2289 -0.00065255
0.440108 -0.049959 -0.0339727
0.420269 -0.228901 -0.00065255
0.41034 -0.228902 -0.00065255
0.53445 -0.228889 0.00410747
0.519557 -0.22889 0.00410747
0.534444 -0.169242 0.00886748
0.514593 -0.228891 0.00410747
0.509628 -0.228891 0.00410747
0.534437 -0.104625 -0.0530127
0.504664 -0.228892 0.00410747
0.499699 -0.228892 0.00410747
0.489771 -0.228893 0.00410747
0.53444 -0.134448 0.00410747
0.484806 -0.228894 0.00410747
0.479842 -0.228894 0.00410747
0.474877 -0.228895 0.00410747
0.53445 -0.223918 -0.0149326
0.464949 -0.228896 0.00410747
0.459984 -0.228897 0.00410747
0.45502 -0.228897 0.00410747
0.440127 -0.228899 0.00410747
0.435162 -0.228899 0.00410747
0.430198 -0.2289 0.00410747
0.53445 -0.228889 0.00886748
0.534445 -0.184154 -0.0339727
0.529486 -0.228889 0.00886748
0.474877 -0.228895 -0.00065255
0.524521 -0.22889 0.00886748
0.504664 -0.228892 0.00886748
0.455001 -0.0499574 -0.0149326
0.499699 -0.228892 0.00886748
0.489771 -0.228893 0.00886748
0.53444 -0.134448 0.0136275
0.484806 -0.228894 0.00886748
0.534433 -0.0598903 -0.0434927
0.479842 -0.228894 0.00886748
0.524521 -0.22889 -0.00065255
0.474877 -0.228895 0.00886748
0.469913 -0.228895 0.00886748
0.459984 -0.228897 0.00886748
0.534441 -0.139419 -0.0387327
0.45502 -0.228897 0.00886748
0.450055 -0.228898 0.00886748
0.489752 -0.0499538 -0.0149326
0.445091 -0.228898 0.00886748
0.53444 -0.134448 0.0326676
0.435162 -0.228899 0.00886748
0.430198 -0.2289 0.00886748
0.474877 -0.228895 -0.0196926
0.524521 -0.22889 0.0136275
0.519557 -0.22889 0.0136275
0.514593 -0.228891 0.0136275
0.534437 -0.104625 -0.0434927
0.504664 -0.228892 0.0136275
0.499699 -0.228892 0.0136275
0.430179 -0.04996 0.0183875
0.519538 -0.0499507 0.0326676
0.534446 -0.194095 -0.0434927
0.494735 -0.228893 0.0136275
0.489771 -0.228893 0.0136275
0.53444 -0.134448 0.00886748
0.484806 -0.228894 0.0136275
0.474877 -0.228895 0.0136275
0.469913 -0.228895 0.0136275
0.459984 -0.228897 0.0136275
0.534441 -0.139419 -0.0339727
0.45502 -0.228897 0.0136275
0.440127 -0.228899 0.0136275
0.435162 -0.228899 0.0136275
0.430198 -0.2289 0.0136275
0.534432 -0.0499492 -0.0292126
0.420269 -0.228901 0.0136275
0.53444 -0.129478 0.0326676
0.529486 -0.228889 0.0183875
0.524521 -0.22889 0.0183875
0.519557 -0.22889 0.0183875
0.514593 -0.228891 0.0183875
0.455001 -0.0499574 -0.0196926
0.499699 -0.228892 0.0183875
0.494735 -0.228893 0.0183875
0.489771 -0.228893 0.0183875
0.53444 -0.134448 0.0183875
0.484806 -0.228894 0.0183875
0.534433 -0.0598903 -0.0387327
0.479842 -0.228894 0.0183875
0.469913 -0.228896 0.0183875
0.499681 -0.0499528 -0.0434927
0.464949 -0.228896 0.0183875
0.459984 -0.228897 0.0183875
0.534441 -0.139419 -0.0482527
0.45502 -0.228897 0.0183875
0.450055 -0.228898 0.0183875
0.489752 -0.0499538 -0.00065255
0.445091 -0.228898 0.0183875
0.53444 -0.134448 0.0231475
0.435162 -0.228899 0.0183875
0.430198 -0.2289 0.0183875
0.440108 -0.049959 -0.0387327
0.420269 -0.228901 0.0183875
0.415305 -0.228901 0.0183875
0.41034 -0.228902 0.0183875
0.53445 -0.228889 0.0231475
0.534445 -0.184154 0.0279075
0.529486 -0.228889 0.0231475
0.474877 -0.228895 -0.0149326
0.524521 -0.22889 0.0231475
0.519557 -0.22889 0.0231475
0.430179 -0.04996 -0.0149326
0.534446 -0.194095 -0.0292126
0.494735 -0.228893 0.0231475
0.489771 -0.228893 0.0231475
0.484806 -0.228894 0.0231475
0.534433 -0.0598903 -0.0339727
0.479842 -0.228894 0.0231475
0.474877 -0.228895 0.0231475
0.469913 -0.228895 0.0231475
0.534441 -0.139419 -0.0434927
0.45502 -0.228897 0.0231475
0.450055 -0.228898 0.0231475
0.489752 -0.0499538 -0.00541257
0.445091 -0.228898 0.0231475
0.440127 -0.228899 0.0231475
0.430198 -0.2289 0.0231475
0.41034 -0.228902 0.0231475
0.519557 -0.22889 0.0279075
0.509628 -0.228891 0.0279075
0.534442 -0.154331 -0.0196926
0.534437 -0.0996546 0.0279075
0.504664 -0.228892 0.0279075
0.430179 -0.04996 -0.0101726
0.534446 -0.194095 -0.0101726
0.494735 -0.228893 0.0279075
0.534433 -0.0648608 -0.0434927
0.489771 -0.228893 0.0279075
0.53444 -0.134448 -0.0196926
0.484806 -0.228894 0.0279075
0.464949 -0.228896 0.0279075
0.459984 -0.228897 0.0279075
0.45502 -0.228897 0.0279075
0.445091 -0.228898 0.0279075
0.435162 -0.228899 0.0279075
0.430198 -0.2289 0.0279075
0.415305 -0.228901 0.0279075
0.53445 -0.228889 0.0326676
0.474877 -0.228895 -0.0244526
0.524521 -0.22889 0.0326676
0.519557 -0.22889 0.0326676
0.514593 -0.228891 0.0326676
0.504664 -0.228892 0.0326676
0.455001 -0.0499574 -0.0387327
0.499699 -0.228892 0.0326676
0.494735 -0.228893 0.0326676
0.534433 -0.0648608 -0.0292126
0.489771 -0.228893 0.0326676
0.534433 -0.0598903 -0.0196926
0.479842 -0.228894 0.0326676
0.469913 -0.228895 0.0326676
0.459984 -0.228897 0.0326676
0.45502 -0.228897 0.0326676
0.450055 -0.228898 0.0326676
0.445091 -0.228898 0.0326676
0.440127 -0.228899 0.0326676
0.435162 -0.228899 0.0326676
0.430198 -0.2289 0.0326676
0.425234 -0.2289 0.0326676
0.440108 -0.049959 -0.0196926
0.534432 -0.0499492 0.0136275
0.420269 -0.228901 0.0326676
0.41034 -0.228902 0.0326676
0.405376 -0.228902 -0.0530127
0.425234 -0.2289 0.0279075
0.405376 -0.223932 -0.0530127
0.534444 -0.174213 -0.0434927
0.405375 -0.218961 -0.0530127
0.405374 -0.213991 -0.0530127
0.405374 -0.20902 -0.0530127
0.405373 -0.199079 -0.0530127
0.405372 -0.194108 -0.0530127
0.405371 -0.184167 -0.0530127
0.405369 -0.164285 -0.0530127
0.445073 -0.0499585 -0.0387327
0.405368 -0.149373 -0.0530127
0.405367 -0.144403 -0.0530127
0.405366 -0.134462 -0.0530127
0.405366 -0.129491 -0.0530127
0.435144 -0.0499595 -0.00541257
0.405365 -0.124521 -0.0530127
0.405365 -0.11955 -0.0530127
0.494716 -0.0499533 -0.0196926
0.405364 -0.11458 -0.0530127
0.405363 -0.104639 -0.0530127
0.405361 -0.0797859 -0.0530127
0.40536 -0.0698448 -0.0530127
0.405359 -0.0648742 -0.0530127
0.405358 -0.0549331 -0.0530127
0.53445 -0.228889 -0.0196926
0.405357 -0.0499626 -0.0530127
0.405376 -0.223932 -0.0482527
0.405375 -0.218961 -0.0482527
0.405374 -0.213991 -0.0482527
0.405374 -0.20902 -0.0482527
0.405373 -0.204049 -0.0482527
0.405373 -0.199079 -0.0482527
0.405372 -0.194108 -0.0482527
0.534439 -0.124507 0.00410747
0.405372 -0.189138 -0.0482527
0.405371 -0.179197 -0.0482527
0.40537 -0.169256 -0.0482527
0.405369 -0.164285 -0.0482527
0.405369 -0.159315 -0.0482527
0.445073 -0.0499585 -0.0434927
0.405368 -0.149373 -0.0482527
0.405367 -0.144403 -0.0482527
0.405367 -0.139432 -0.0482527
0.509628 -0.228891 0.00886748
0.405366 -0.134462 -0.0482527
0.405364 -0.11458 -0.0482527
0.405364 -0.109609 -0.0482527
0.405363 -0.104639 -0.0482527
0.405362 -0.0946975 -0.0482527
0.405361 -0.0797859 -0.0482527
0.534433 -0.0598903 0.0231475
0.40536 -0.0748153 -0.0482527
0.440108 -0.049959 -0.0292126
0.420269 -0.228901 0.00410747
0.405359 -0.0648742 -0.0482527
0.405358 -0.0599037 -0.0482527
0.405376 -0.228902 -0.0434927
0.405374 -0.213991 -0.0434927
0.405373 -0.204049 -0.0434927
0.435162 -0.228899 -0.0387327
0.405373 -0.199079 -0.0434927
0.405372 -0.194108 -0.0434927
0.534444 -0.169242 -0.0482527
0.405372 -0.189138 -0.0434927
0.405371 -0.184167 -0.0434927
0.405371 -0.179197 -0.0434927
0.40537 -0.174226 -0.0434927
0.40537 -0.169256 -0.0434927
0.405367 -0.144403 -0.0434927
0.405367 -0.139432 -0.0434927
0.405366 -0.134462 -0.0434927
0.405366 -0.129491 -0.0434927
0.405365 -0.124521 -0.0434927
0.405365 -0.11955 -0.0434927
0.494716 -0.0499533 -0.0149326
0.405364 -0.11458 -0.0434927
0.405363 -0.104639 -0.0434927
0.534435 -0.084743 0.0183875
0.405363 -0.099668 -0.0434927
0.405362 -0.0946975 -0.0434927
0.405362 -0.0897269 -0.0434927
0.410322 -0.0499621 0.0326676
0.405361 -0.0847564 -0.0434927
0.405361 -0.0797859 -0.0434927
0.534433 -0.0598903 0.0279075
0.479842 -0.228894 -0.0149326
0.40536 -0.0748153 -0.0434927
0.40536 -0.0698448 -0.0434927
0.534432 -0.0499492 0.0279075
0.405359 -0.0648742 -0.0434927
0.405358 -0.0599037 -0.0434927
0.405358 -0.0549331 -0.0434927
0.405357 -0.0499626 -0.0434927
0.405376 -0.228902 -0.0387327
0.405375 -0.218961 -0.0387327
0.405374 -0.20902 -0.0387327
0.405373 -0.204049 -0.0387327
0.534444 -0.169242 -0.0292126
0.405372 -0.189138 -0.0387327
0.405371 -0.184167 -0.0387327
0.405371 -0.179197 -0.0387327
0.40537 -0.174226 -0.0387327
0.405369 -0.159315 -0.0387327
0.405368 -0.154344 -0.0387327
0.445073 -0.0499585 -0.0292126
0.405368 -0.149373 -0.0387327
0.405367 -0.144403 -0.0387327
0.405367 -0.139432 -0.0387327
0.509628 -0.228891 0.0231475
0.405366 -0.134462 -0.0387327
0.405366 -0.129491 -0.0387327
0.494716 -0.0499533 -0.00541257
0.405364 -0.11458 -0.0387327
0.405364 -0.109609 -0.0387327
0.405363 -0.104639 -0.0387327
0.534435 -0.084743 0.0136275
0.405363 -0.099668 -0.0387327
0.405362 -0.0897269 -0.0387327
0.410322 -0.0499621 0.0231475
0.534434 -0.0748019 0.0326676
0.405361 -0.0847564 -0.0387327
0.405361 -0.0797859 -0.0387327
0.40536 -0.0748153 -0.0387327
0.420269 -0.228901 -0.0387327
0.405359 -0.0648742 -0.0387327
0.440108 -0.049959 0.00886748
0.405358 -0.0599037 -0.0387327
0.405358 -0.0549331 -0.0387327
0.405376 -0.228902 -0.0339727
0.405375 -0.218961 -0.0339727
0.405373 -0.204049 -0.0339727
0.405373 -0.199079 -0.0339727
0.405371 -0.184167 -0.0339727
0.40537 -0.174226 -0.0339727
0.40537 -0.169256 -0.0339727
0.405369 -0.159315 -0.0339727
0.405368 -0.154344 -0.0339727
0.445073 -0.0499585 -0.0339727
0.405368 -0.149373 -0.0339727
0.405367 -0.144403 -0.0339727
0.509628 -0.228891 0.0183875
0.405366 -0.134462 -0.0339727
0.405366 -0.129491 -0.0339727
0.405365 -0.124521 -0.0339727
0.405363 -0.104639 -0.0339727
0.405363 -0.099668 -0.0339727
0.405362 -0.0946975 -0.0339727
0.405362 -0.0897269 -0.0339727
0.410322 -0.0499621 0.0183875
0.405361 -0.0847564 -0.0339727
0.405361 -0.0797859 -0.0339727
0.534433 -0.0598903 0.00886748
0.40536 -0.0748153 -0.0339727
0.40536 -0.0698448 -0.0339727
0.420269 -0.228901 -0.0339727
0.405359 -0.0648742 -0.0339727
0.440108 -0.049959 -0.0101726
0.405358 -0.0599037 -0.0339727
0.405358 -0.0549331 -0.0339727
0.53445 -0.228889 -0.0244526
0.405357 -0.0499626 -0.0339727
0.405376 -0.228902 -0.0292126
0.405375 -0.218961 -0.0292126
0.405374 -0.20902 -0.0292126
0.405373 -0.204049 -0.0292126
0.405373 -0.199079 -0.0292126
0.534445 -0.184154 -0.0292126
0.405372 -0.194108 -0.0292126
0.534444 -0.169242 -0.0387327
0.514593 -0.228891 -0.0434927
0.405372 -0.189138 -0.0292126
0.405371 -0.184167 -0.0292126
0.40537 -0.169256 -0.0292126
0.405368 -0.154344 -0.0292126
0.405368 -0.149373 -0.0292126
0.405366 -0.134462 -0.0292126
0.405366 -0.129491 -0.0292126
0.435144 -0.0499595 0.0183875
0.405365 -0.124521 -0.0292126
0.415305 -0.228901 -0.00541257
0.405365 -0.11955 -0.0292126
0.405364 -0.11458 -0.0292126
0.405364 -0.109609 -0.0292126
0.405363 -0.104639 -0.0292126
0.405363 -0.099668 -0.0292126
0.534433 -0.0598903 0.0136275
0.479842 -0.228894 -0.0244526
0.40536 -0.0748153 -0.0292126
0.405358 -0.0549331 -0.0292126
0.53445 -0.228889 -0.0434927
0.405357 -0.0499626 -0.0292126
0.405375 -0.218961 -0.0244526
0.514574 -0.0499513 -0.0101726
0.405374 -0.213991 -0.0244526
0.405374 -0.20902 -0.0244526
0.534444 -0.169242 -0.0434927
0.514593 -0.228891 -0.0292126
0.405372 -0.189138 -0.0244526
0.405371 -0.184167 -0.0244526
0.405371 -0.179197 -0.0244526
0.40537 -0.174226 -0.0244526
0.405369 -0.164285 -0.0244526
0.405368 -0.154344 -0.0244526
0.405367 -0.139432 -0.0244526
0.415305 -0.228901 0.00886748
0.405365 -0.11955 -0.0244526
0.534434 -0.0698314 0.0231475
0.405364 -0.11458 -0.0244526
0.405363 -0.104639 -0.0244526
0.405363 -0.099668 -0.0244526
0.405362 -0.0946975 -0.0244526
0.405362 -0.0897269 -0.0244526
0.405361 -0.0797859 -0.0244526
0.40536 -0.0748153 -0.0244526
0.474859 -0.0499554 0.0279075
0.40536 -0.0698448 -0.0244526
0.534432 -0.0499492 0.0231475
0.420269 -0.228901 0.0279075
0.405359 -0.0648742 -0.0244526
0.440108 -0.049959 -0.00541257
0.405358 -0.0599037 -0.0244526
0.405358 -0.0549331 -0.0244526
0.53445 -0.228889 -0.0387327
0.405357 -0.0499626 -0.0244526
0.405376 -0.228902 -0.0196926
0.405376 -0.223932 -0.0196926
0.405375 -0.218961 -0.0196926
0.405374 -0.20902 -0.0196926
0.405373 -0.199079 -0.0196926
0.405372 -0.189138 -0.0196926
0.405371 -0.184167 -0.0196926
0.40537 -0.174226 -0.0196926
0.40537 -0.169256 -0.0196926
0.405369 -0.164285 -0.0196926
0.405369 -0.159315 -0.0196926
0.405368 -0.154344 -0.0196926
0.445073 -0.0499585 -0.0482527
0.405368 -0.149373 -0.0196926
0.405367 -0.144403 -0.0196926
0.405366 -0.134462 -0.0196926
0.504645 -0.0499523 -0.0530127
0.41034 -0.228902 -0.0387327
0.405366 -0.129491 -0.0196926
0.405365 -0.124521 -0.0196926
0.405364 -0.109609 -0.0196926
0.405363 -0.104639 -0.0196926
0.405363 -0.099668 -0.0196926
0.405362 -0.0946975 -0.0196926
0.405362 -0.0897269 -0.0196926
0.410322 -0.0499621 -0.0387327
0.405361 -0.0847564 -0.0196926
0.405361 -0.0797859 -0.0196926
0.534433 -0.0598903 0.00410747
0.479842 -0.228894 -0.0387327
0.40536 -0.0748153 -0.0196926
0.534432 -0.0499492 0.00410747
0.405359 -0.0648742 -0.0196926
0.405358 -0.0599037 -0.0196926
0.53445 -0.228889 -0.0101726
0.405357 -0.0499626 -0.0196926
0.405376 -0.228902 -0.0149326
0.425234 -0.2289 0.0183875
0.405376 -0.223932 -0.0149326
0.405375 -0.218961 -0.0149326
0.514574 -0.0499513 -0.0244526
0.405374 -0.213991 -0.0149326
0.405374 -0.20902 -0.0149326
0.405373 -0.199079 -0.0149326
0.40537 -0.174226 -0.0149326
0.534442 -0.154331 -0.0434927
0.405369 -0.164285 -0.0149326
0.405369 -0.159315 -0.0149326
0.405368 -0.154344 -0.0149326
0.405367 -0.144403 -0.0149326
0.405367 -0.139432 -0.0149326
0.405366 -0.134462 -0.0149326
0.41034 -0.228902 -0.0434927
0.405366 -0.129491 -0.0149326
0.405363 -0.104639 -0.0149326
0.405363 -0.099668 -0.0149326
0.405362 -0.0946975 -0.0149326
0.410322 -0.0499621 -0.0482527
0.405361 -0.0847564 -0.0149326
0.405361 -0.0797859 -0.0149326
0.40536 -0.0748153 -0.0149326
0.40536 -0.0698448 -0.0149326
0.420269 -0.228901 -0.0149326
0.405359 -0.0648742 -0.0149326
0.405358 -0.0549331 -0.0149326
0.53445 -0.228889 -0.00541257
0.405357 -0.0499626 -0.0149326
0.405376 -0.228902 -0.0101726
0.425234 -0.2289 0.0231475
0.405376 -0.223932 -0.0101726
0.405375 -0.218961 -0.0101726
0.514574 -0.0499513 -0.0196926
0.529467 -0.0499497 0.0279075
0.405374 -0.213991 -0.0101726
0.405374 -0.20902 -0.0101726
0.405373 -0.204049 -0.0101726
0.405373 -0.199079 -0.0101726
0.529486 -0.228889 -0.0530127
0.405372 -0.194108 -0.0101726
0.534439 -0.124507 -0.0387327
0.405372 -0.189138 -0.0101726
0.405371 -0.184167 -0.0101726
0.405371 -0.179197 -0.0101726
0.415303 -0.209019 -0.0577727
0.430179 -0.04996 0.0136275
0.534446 -0.194095 -0.0339727
0.494735 -0.228893 0.00410747
0.415299 -0.169255 -0.0577727
0.509628 -0.228891 -0.0577727
0.415298 -0.159314 -0.0577727
0.415294 -0.12452 -0.0577727
0.534444 -0.169242 -0.0196926
0.514593 -0.228891 -0.0530127
0.524518 -0.194096 -0.0577727
0.405358 -0.0549331 0.00410747
0.415293 -0.119549 -0.0577727
0.405367 -0.144403 -0.0244526
0.415293 -0.114579 -0.0577727
0.519539 -0.0549213 0.0374276
0.435144 -0.0499595 0.0136275
0.405365 -0.124521 -0.0482527
0.415291 -0.0946965 -0.0577727
0.410324 -0.0748148 -0.0577727
0.415289 -0.0797848 -0.0577727
0.435144 -0.0499595 -0.0244526
0.405364 -0.11458 0.0136275
0.415288 -0.0698437 -0.0577727
0.415287 -0.0549321 -0.0577727
0.41034 -0.228902 0.0136275
0.499694 -0.179187 -0.0577727
0.41034 -0.228902 -0.0577727
0.534441 -0.139419 0.0183875
0.410338 -0.204049 -0.0577727
0.410336 -0.189137 -0.0577727
0.410334 -0.169255 -0.0577727
0.479838 -0.194101 -0.0577727
0.534438 -0.114566 -0.0577727
0.534444 -0.169242 0.0374276
0.41033 -0.129491 -0.0577727
0.534438 -0.114566 0.0183875
0.410327 -0.0996675 -0.0577727
0.440126 -0.223928 0.0374276
0.410324 -0.0698443 -0.0577727
0.410322 -0.0549326 -0.0577727
0.405373 -0.199079 -0.0577727
0.509628 -0.228891 -0.00541257
0.405366 -0.134462 -0.0577727
0.450054 -0.213986 -0.0577727
0.405366 -0.129491 -0.0577727
0.534446 -0.189124 0.0136275
0.509614 -0.0897161 -0.0577727
0.415305 -0.228901 -0.0482527
0.405365 -0.11955 -0.0577727
0.405363 -0.099668 -0.0577727
0.405361 -0.0797859 -0.0577727
0.534449 -0.218948 -0.0577727
0.534433 -0.0598903 0.0326676
0.479842 -0.228894 -0.00541257
0.40536 -0.0748153 -0.0577727
0.405358 -0.0599037 -0.0577727
0.534448 -0.209007 0.0374276
0.524521 -0.22889 -0.0101726
0.405371 -0.184167 0.0374276
0.529486 -0.228889 -0.0339727
0.534445 -0.179183 0.0374276
0.509625 -0.194098 0.0374276
0.534443 -0.164272 0.0374276
0.53445 -0.223918 0.0374276
0.534442 -0.14936 0.0374276
0.450052 -0.194104 0.0374276
0.534447 -0.204036 -0.0482527
0.519547 -0.13445 0.0374276
0.534438 -0.109596 0.0374276
0.534443 -0.159301 -0.00541257
0.534437 -0.104625 0.0374276
0.450055 -0.228898 -0.0482527
0.405373 -0.204049 -0.0577727
0.445073 -0.0499585 -0.0530127
0.405368 -0.149373 -0.0149326
0.519553 -0.189126 0.0374276
0.455004 -0.0748102 -0.0577727
0.410322 -0.0499621 0.0279075
0.534434 -0.0748019 0.0374276
0.484788 -0.0499543 -0.0339727
0.420251 -0.049961 -0.0292126
0.504653 -0.129481 -0.0577727
0.440124 -0.204046 -0.0577727
0.534445 -0.184154 0.00886748
0.529486 -0.228889 0.0374276
0.425226 -0.159313 -0.0577727
0.425234 -0.2289 0.0136275
0.405376 -0.223932 -0.0244526
0.410332 -0.149373 -0.0577727
0.534449 -0.213977 0.00410747
0.40536 -0.0748153 0.0231475
0.529484 -0.209007 0.0374276
0.52948 -0.174213 0.0374276
0.534443 -0.164272 -0.0244526
0.435151 -0.119547 -0.0577727
0.489764 -0.164276 -0.0577727
0.534439 -0.124507 0.0136275
0.45502 -0.228897 -0.0292126
0.405372 -0.189138 -0.0530127
0.44508 -0.124517 0.0374276
0.494721 -0.0946882 0.0374276
0.534448 -0.209007 -0.0577727
0.529475 -0.129478 0.0374276
0.450051 -0.184163 -0.0577727
0.534434 -0.0748019 0.0136275
0.529474 -0.119537 0.0374276
0.415292 -0.104638 -0.0577727
0.529471 -0.0847435 0.0374276
0.450037 -0.0499579 0.0374276
0.489771 -0.228893 -0.0577727
0.52947 -0.0748024 0.0374276
0.405365 -0.11955 -0.0149326
0.440111 -0.0748117 0.0374276
0.469901 -0.109602 0.0374276
0.529469 -0.0698319 0.0374276
0.420262 -0.164284 0.0374276
0.524521 -0.223919 0.0374276
0.484806 -0.228894 -0.0196926
0.524519 -0.204037 0.0374276
0.524518 -0.194096 0.0374276
0.524517 -0.189125 0.0374276
0.405361 -0.0847564 -0.0101726
0.524516 -0.179184 0.0374276
0.445073 -0.0499585 -0.0244526
0.405368 -0.149373 -0.0434927
0.450045 -0.129487 -0.0577727
0.405367 -0.139432 -0.00065255
0.445087 -0.194104 0.0374276
0.450037 -0.0499579 0.0183875
0.519543 -0.0946856 -0.0577727
0.519556 -0.22392 0.0374276
0.405364 -0.109609 -0.0244526
0.524512 -0.13942 0.0374276
0.445088 -0.199075 0.0374276
0.405364 -0.109609 -0.0530127
0.524509 -0.114567 0.0374276
0.41034 -0.228902 0.0279075
0.524508 -0.104626 0.0374276
0.529475 -0.129478 -0.0577727
0.534445 -0.179183 -0.00541257
0.534439 -0.124507 0.0279075
0.405372 -0.194108 0.00410747
0.40537 -0.174226 -0.0292126
0.410335 -0.174226 0.0374276
0.524507 -0.0897146 0.0374276
0.440108 -0.049959 0.0279075
0.529478 -0.154331 0.0374276
0.504654 -0.139422 -0.0577727
0.440115 -0.119547 0.0374276
0.405358 -0.0599037 0.00886748
0.524504 -0.0598913 0.0374276
0.489756 -0.0847476 0.0374276
0.420251 -0.049961 0.0183875
0.524503 -0.0549208 0.0374276
0.524503 -0.0499502 0.0374276
0.50961 -0.0499518 -0.0339727
0.425221 -0.109607 -0.0577727
0.405371 -0.179197 -0.0149326
0.415296 -0.139431 -0.0577727
0.405373 -0.204049 -0.00541257
0.415286 -0.0499616 -0.0577727
0.420262 -0.159313 0.0374276
0.405374 -0.20902 0.0231475
0.519556 -0.218949 0.0374276
0.450049 -0.169251 -0.0577727
0.504658 -0.169245 -0.0577727
0.529469 -0.0648613 0.0374276
0.450055 -0.223927 -0.0577727
0.51459 -0.204038 -0.0577727
0.519554 -0.199067 0.0374276
0.459977 -0.159309 0.0374276
0.519551 -0.169244 0.0374276
0.47487 -0.154337 -0.0577727
0.51955 -0.164273 0.0374276
0.519554 -0.199067 -0.0577727
0.459983 -0.213985 -0.0577727
0.405361 -0.0797859 0.0231475
0.534442 -0.14936 0.0231475
0.425227 -0.164283 -0.0577727
0.494716 -0.0499533 0.0231475
0.405364 -0.11458 -0.0577727
0.435148 -0.0946944 0.0374276
0.519546 -0.119538 0.0374276
0.519544 -0.104627 0.0374276
0.41034 -0.228902 0.00886748
0.504659 -0.179186 0.0374276
0.519541 -0.079774 0.0374276
0.51954 -0.0698329 0.0374276
0.534437 -0.0996546 -0.0244526
0.514592 -0.22392 0.0374276
0.534438 -0.109596 -0.0196926
0.534443 -0.159301 0.0279075
0.514591 -0.213979 0.0374276
0.455004 -0.0797807 -0.0577727
0.435162 -0.228899 -0.0244526
0.405373 -0.199079 -0.0387327
0.514588 -0.189127 0.0374276
0.430179 -0.04996 0.0279075
0.519549 -0.149362 0.0374276
0.45501 -0.129486 -0.0577727
0.425233 -0.218959 -0.0577727
0.479837 -0.179189 -0.0577727
0.415286 -0.0499616 0.0136275
0.514586 -0.169244 0.0374276
0.410331 -0.134461 0.0374276
0.43019 -0.154341 0.0374276
0.534437 -0.104625 0.00410747
0.469907 -0.17422 -0.0577727
0.514582 -0.12948 0.0374276
0.534441 -0.14439 0.0374276
0.445077 -0.0946934 0.0374276
0.519549 -0.154332 0.0374276
0.514577 -0.0797745 -0.0577727
0.514582 -0.124509 0.0374276
0.445078 -0.0996639 0.0374276
0.405371 -0.179197 0.0374276
0.534435 -0.0797725 0.0136275
0.459969 -0.0847507 0.0374276
0.455009 -0.124516 -0.0577727
0.524503 -0.0499502 0.0231475
0.51458 -0.104627 0.0374276
0.519553 -0.194097 0.0374276
0.509617 -0.12451 0.0374276
0.405376 -0.228902 -0.00065255
0.514577 -0.074804 0.0374276
0.494735 -0.228893 -0.0387327
0.50465 -0.0946872 0.0374276
0.534434 -0.0698314 -0.0292126
0.479828 -0.0946898 -0.0577727
0.484788 -0.0499543 -0.0244526
0.514575 -0.0598923 0.0374276
0.53445 -0.228889 -0.0577727
0.509628 -0.228891 0.0374276
0.534445 -0.184154 -0.0482527
0.405372 -0.194108 -0.00541257
0.509626 -0.204039 0.0374276
0.534438 -0.109596 -0.0149326
0.534443 -0.159301 0.0374276
0.464936 -0.104632 -0.0577727
0.509625 -0.199068 0.0374276
0.450037 -0.0499579 -0.0434927
0.405368 -0.154344 -0.0577727
0.504648 -0.0797755 0.0374276
0.534435 -0.0797725 -0.0577727
0.450055 -0.228898 0.0279075
0.509612 -0.0748045 -0.0577727
0.53444 -0.129478 -0.0482527
0.509623 -0.179186 0.0374276
0.455012 -0.154339 -0.0577727
0.534442 -0.14936 -0.0387327
0.509622 -0.174215 0.0374276
0.405364 -0.109609 -0.0434927
0.509619 -0.144392 0.0374276
0.509616 -0.109598 0.0374276
0.494729 -0.169246 -0.0577727
0.46493 -0.0499564 -0.0577727
0.514587 -0.179185 -0.0577727
0.524503 -0.0499502 -0.0434927
0.509614 -0.0897161 0.0374276
0.405374 -0.213991 -0.0577727
0.474862 -0.0797786 -0.0577727
0.504663 -0.223921 -0.0577727
0.534449 -0.213977 0.0231475
0.450048 -0.154339 0.0374276
0.445073 -0.0499585 0.0183875
0.410325 -0.0797853 -0.0577727
0.504663 -0.218951 0.0374276
0.405374 -0.20902 -0.0434927
0.494734 -0.223922 0.0374276
0.534444 -0.174213 0.0374276
0.435153 -0.134459 0.0374276
0.504661 -0.204039 0.0374276
0.499681 -0.0499528 0.0231475
0.504661 -0.199069 0.0374276
0.534439 -0.124507 0.00886748
0.45502 -0.228897 -0.0339727
0.405372 -0.189138 -0.0577727
0.405368 -0.154344 0.0231475
0.534433 -0.0648608 -0.0387327
0.504656 -0.154334 0.0374276
0.455001 -0.0499574 -0.0482527
0.499699 -0.228892 0.0231475
0.524508 -0.104626 -0.0577727
0.494723 -0.11457 0.0374276
0.405375 -0.218961 0.0326676
0.534447 -0.199066 -0.0387327
0.504655 -0.149363 0.0374276
0.455017 -0.199074 0.0374276
0.450043 -0.104634 -0.0577727
0.459983 -0.218955 0.0374276
0.504649 -0.0897166 0.0374276
0.534439 -0.119537 -0.0482527
0.529485 -0.223919 -0.0577727
0.504654 -0.134452 0.0374276
0.504649 -0.0847461 0.0374276
0.405371 -0.179197 -0.0577727
0.504648 -0.074805 0.0374276
0.519542 -0.0847446 -0.0577727
0.459966 -0.0499569 0.0183875
0.504646 -0.0598934 0.0374276
0.524511 -0.129479 0.0374276
0.519542 -0.0847446 0.0374276
0.445091 -0.228898 -0.0292126
0.504645 -0.0499523 0.0374276
0.534432 -0.0549197 -0.0577727
0.504652 -0.11954 0.0374276
0.405363 -0.099668 -0.0482527
0.430188 -0.129489 0.0374276
0.534443 -0.159301 -0.0577727
0.440121 -0.174223 0.0374276
0.489766 -0.189129 -0.0577727
0.415304 -0.223931 -0.0577727
0.534436 -0.0946841 -0.0387327
0.405369 -0.159315 -0.0577727
0.534432 -0.0499492 0.0183875
0.420269 -0.228901 0.0231475
0.529473 -0.104626 0.0374276
0.499698 -0.213981 0.0374276
0.509621 -0.164274 0.0374276
0.405362 -0.0946975 0.0374276
0.440108 -0.049959 -0.0482527
0.534432 -0.0499492 0.0326676
0.4153 -0.179196 -0.0577727
0.420251 -0.049961 -0.0530127
0.484788 -0.0499543 -0.0577727
0.430197 -0.223929 -0.0577727
0.405374 -0.20902 0.0279075
0.415287 -0.0549321 0.0374276
0.415286 -0.0499616 0.00886748
0.534449 -0.213977 0.00886748
0.499697 -0.20901 0.0374276
0.415289 -0.0748143 0.0374276
0.405363 -0.099668 0.0279075
0.514579 -0.0996567 0.0374276
0.499696 -0.194099 0.0374276
0.405367 -0.144403 -0.0577727
0.499694 -0.179187 0.0374276
0.534435 -0.084743 0.0374276
0.534436 -0.0897136 0.0136275
0.499692 -0.159305 0.0374276
0.529478 -0.159302 0.0374276
0.499691 -0.149364 0.0374276
0.499691 -0.144393 0.0374276
0.499695 -0.184158 0.0374276
0.499698 -0.218951 0.0374276
0.50466 -0.194098 0.0374276
0.440127 -0.228899 -0.0482527
0.499688 -0.11954 0.0374276
0.499686 -0.104629 0.0374276
0.489766 -0.184159 0.0374276
0.534434 -0.0748019 -0.0434927
0.509615 -0.0996572 0.0374276
0.430187 -0.119548 -0.0577727
0.519557 -0.22889 0.0374276
0.534447 -0.204036 0.0279075
0.499686 -0.0996582 0.0374276
0.509628 -0.228891 -0.0434927
0.499684 -0.0797761 0.0374276
0.509615 -0.104628 0.0374276
0.469907 -0.169249 0.0374276
0.519554 -0.204038 0.0374276
0.435153 -0.139429 0.0374276
0.410334 -0.169255 0.0374276
0.445077 -0.0897228 -0.0577727
0.479842 -0.228894 0.0374276
0.415297 -0.149372 -0.0577727
0.534443 -0.164272 -0.0482527
0.529482 -0.189125 0.0374276
0.405362 -0.0897269 0.0136275
0.425226 -0.154342 -0.0577727
0.494734 -0.218952 0.0374276
0.430197 -0.218959 -0.0577727
0.534445 -0.184154 -0.00065255
0.529486 -0.228889 0.00410747
0.445081 -0.134458 -0.0577727
0.494733 -0.213981 0.0374276
0.494732 -0.19907 0.0374276
0.479835 -0.159307 -0.0577727
0.514588 -0.184156 0.0374276
0.494731 -0.189129 0.0374276
0.405358 -0.0549331 0.0136275
0.420265 -0.189136 0.0374276
0.435147 -0.0797828 -0.0577727
0.514584 -0.144392 0.0374276
0.405357 -0.0499626 0.0183875
0.425234 -0.2289 0.00410747
0.405376 -0.223932 -0.0292126
0.41034 -0.223931 -0.0577727
0.499687 -0.109599 0.0374276
0.435159 -0.194105 0.0374276
0.474859 -0.0499554 -0.0149326
0.499687 -0.11457 0.0374276
0.420251 -0.049961 -0.0196926
0.534448 -0.209007 0.0183875
0.494727 -0.154335 0.0374276
0.405375 -0.218961 0.0183875
0.410332 -0.144402 -0.0577727
0.494726 -0.144394 0.0374276
0.405362 -0.0897269 -0.0292126
0.529471 -0.0897141 0.0374276
0.49969 -0.139423 0.0374276
0.494723 -0.1096 0.0374276
0.524515 -0.164273 0.0374276
0.40537 -0.169256 -0.0577727
0.410337 -0.194108 0.0374276
0.489768 -0.204041 -0.0577727
0.494721 -0.0897177 0.0374276
0.450042 -0.0996634 0.0374276
0.49472 -0.0847471 0.0374276
0.405361 -0.0847564 -0.0292126
0.45997 -0.0946918 0.0374276
0.524515 -0.164273 -0.0577727
0.405359 -0.0648742 -0.0292126
0.494718 -0.0648649 0.0374276
0.494717 -0.0549239 0.0374276
0.430198 -0.2289 0.0374276
0.519548 -0.139421 0.0374276
0.435144 -0.0499595 -0.0292126
0.494716 -0.0499533 0.0374276
0.440112 -0.0897233 -0.0577727
0.519557 -0.22889 0.00886748
0.504661 -0.204039 -0.0577727
0.48977 -0.218952 0.0374276
0.469894 -0.0499559 -0.0482527
0.445082 -0.139428 -0.0577727
0.534432 -0.0499492 -0.0482527
0.514584 -0.149362 0.0374276
0.405362 -0.0897269 -0.0577727
0.489769 -0.209011 0.0374276
0.534445 -0.184154 0.0374276
0.489767 -0.1941 0.0374276
0.529473 -0.109596 0.0374276
0.405376 -0.228902 -0.0577727
0.489766 -0.189129 0.0374276
0.489752 -0.0499538 -0.0101726
0.489764 -0.164276 0.0374276
0.52948 -0.174213 -0.0577727
0.494725 -0.134453 0.0374276
0.489763 -0.154335 0.0374276
0.455001 -0.0499574 0.0374276
0.48976 -0.124512 0.0374276
0.534442 -0.154331 -0.0101726
0.504664 -0.228892 0.0374276
0.489759 -0.114571 0.0374276
0.489758 -0.1096 0.0374276
0.53445 -0.223918 -0.0244526
0.41529 -0.0847554 -0.0577727
0.489757 -0.0996593 0.0374276
0.420255 -0.0897254 -0.0577727
0.455005 -0.0897218 -0.0577727
0.529471 -0.0847435 -0.0577727
0.489755 -0.0797771 0.0374276
0.489754 -0.069836 0.0374276
0.509622 -0.169245 0.0374276
0.53445 -0.223918 0.00886748
0.504652 -0.114569 -0.0577727
0.489754 -0.0648655 0.0374276
0.405372 -0.194108 -0.0577727
0.534446 -0.189124 0.0374276
0.489753 -0.0598949 0.0374276
0.459968 -0.0698391 -0.0577727
0.534449 -0.213977 -0.0244526
0.499687 -0.109599 -0.0577727
0.53444 -0.134448 -0.0149326
0.484806 -0.228894 0.0374276
0.469913 -0.228895 0.00410747
0.499692 -0.154334 0.0374276
0.464938 -0.129485 -0.0577727
0.484806 -0.223923 0.0374276
0.52948 -0.169243 0.0374276
0.499682 -0.0648644 0.0374276
0.484805 -0.213982 0.0374276
0.484804 -0.209012 0.0374276
0.534446 -0.189124 -0.0577727
0.514574 -0.0499513 -0.0149326
0.529467 -0.0499497 0.0326676
0.405374 -0.213991 -0.00541257
0.534442 -0.154331 0.0183875
0.484803 -0.199071 0.0374276
0.415294 -0.12452 0.0374276
0.534442 -0.14936 0.0183875
0.484803 -0.1941 0.0374276
0.529467 -0.0499497 -0.0434927
0.405374 -0.213991 -0.0339727
0.464931 -0.054927 -0.0577727
0.484802 -0.184159 0.0374276
0.534439 -0.124507 -0.0482527
0.405372 -0.189138 -0.00541257
0.484801 -0.179189 0.0374276
0.484798 -0.154336 0.0374276
0.405374 -0.213991 -0.0196926
0.509612 -0.0748045 0.0374276
0.524506 -0.0797735 0.0374276
0.484795 -0.119542 0.0374276
0.484794 -0.114571 0.0374276
0.534442 -0.14936 -0.0101726
0.534436 -0.0946841 0.0231475
0.484794 -0.109601 0.0374276
0.484793 -0.0996598 0.0374276
0.455015 -0.184162 -0.0577727
0.484792 -0.0946892 0.0374276
0.499699 -0.228892 0.0374276
0.49472 -0.0797766 0.0374276
0.504656 -0.154334 -0.0577727
0.484792 -0.0897187 0.0374276
0.509628 -0.228891 -0.0149326
0.484791 -0.0797776 0.0374276
0.474877 -0.228895 -0.00541257
0.499686 -0.104629 -0.0577727
0.519553 -0.189126 -0.0577727
0.499683 -0.069835 0.0374276
0.405366 -0.134462 0.0326676
0.519548 -0.144391 0.0374276
0.484788 -0.0549249 0.0374276
0.484788 -0.0499543 0.0374276
0.430198 -0.2289 -0.0482527
0.519552 -0.179185 0.0374276
0.494716 -0.0499533 -0.0530127
0.415304 -0.21896 -0.0577727
0.47984 -0.213983 0.0374276
0.459984 -0.228897 -0.0577727
0.405363 -0.099668 0.0136275
0.524503 -0.0499502 -0.00065255
0.47984 -0.209012 0.0374276
0.464931 -0.0598975 0.0374276
0.479839 -0.204042 0.0374276
0.464945 -0.189132 -0.0577727
0.479839 -0.199071 0.0374276
0.479838 -0.194101 0.0374276
0.415286 -0.0499616 0.0326676
0.459981 -0.199073 -0.0577727
0.479838 -0.18913 0.0374276
0.519542 -0.0897151 0.0374276
0.534435 -0.0797725 0.0374276
0.405368 -0.149373 -0.0244526
0.504648 -0.0797755 -0.0577727
0.469894 -0.0499559 0.0279075
0.53444 -0.129478 -0.0196926
0.514579 -0.0946862 -0.0577727
0.479835 -0.164277 0.0374276
0.534446 -0.189124 -0.0339727
0.484789 -0.0598954 0.0374276
0.469898 -0.0847497 -0.0577727
0.479834 -0.154336 0.0374276
0.479832 -0.129484 0.0374276
0.435148 -0.0897239 0.0374276
0.459984 -0.228897 -0.00065255
0.479831 -0.124513 0.0374276
0.47983 -0.114572 0.0374276
0.479835 -0.159307 0.0374276
0.435144 -0.0499595 0.0279075
0.405365 -0.124521 -0.0387327
0.479829 -0.109601 0.0374276
0.534435 -0.084743 0.00886748
0.494719 -0.074806 0.0374276
0.459984 -0.223926 -0.0577727
0.479828 -0.0996603 0.0374276
0.405367 -0.139432 -0.0292126
0.479828 -0.0946898 0.0374276
0.50961 -0.0499518 -0.0530127
0.534442 -0.14936 -0.0149326
0.405369 -0.164285 0.0374276
0.479826 -0.0748076 0.0374276
0.450039 -0.0698401 -0.0577727
0.509617 -0.119539 0.0374276
0.405367 -0.144403 -0.00541257
0.410333 -0.159314 -0.0577727
0.479825 -0.069837 0.0374276
0.455016 -0.194103 0.0374276
0.514586 -0.164274 -0.0577727
0.534444 -0.174213 0.0326676
0.479824 -0.0549254 0.0374276
0.484789 -0.064866 0.0374276
0.489758 -0.10463 0.0374276
0.440126 -0.218957 -0.0577727
0.499682 -0.0648644 -0.0577727
0.40536 -0.0698448 0.00410747
0.509618 -0.12948 0.0374276
0.45502 -0.228897 -0.00541257
0.474873 -0.189131 0.0374276
0.53445 -0.223918 -0.0292126
0.464949 -0.228896 -0.00541257
0.45998 -0.189132 -0.0577727
0.40536 -0.0698448 0.0231475
0.405369 -0.164285 -0.0577727
0.420269 -0.228901 -0.0196926
0.405359 -0.0648742 0.0231475
0.405374 -0.213991 -0.00065255
0.479834 -0.149366 0.0374276
0.435158 -0.189135 0.0374276
0.405364 -0.109609 -0.0577727
0.534444 -0.174213 0.0136275
0.445084 -0.164281 -0.0577727
0.435156 -0.169253 0.0374276
0.459979 -0.179191 0.0374276
0.499696 -0.199069 0.0374276
0.524503 -0.0499502 0.0183875
0.469903 -0.129485 0.0374276
0.474859 -0.0499554 -0.0339727
0.405361 -0.0797859 0.0374276
0.435156 -0.164282 0.0374276
0.435155 -0.154341 0.0374276
0.519552 -0.179185 -0.0577727
0.519538 -0.0499507 -0.0387327
0.499685 -0.0946877 0.0374276
0.435154 -0.14937 0.0374276
0.405358 -0.0549331 0.0374276
0.519551 -0.174214 0.0374276
0.53444 -0.134448 -0.0244526
0.440118 -0.14937 0.0374276
0.43018 -0.0599011 0.0374276
0.410322 -0.0499621 -0.00541257
0.405361 -0.0847564 -0.0577727
0.479842 -0.228894 0.0136275
0.464933 -0.0797797 0.0374276
0.524521 -0.22889 -0.00541257
0.430192 -0.174224 -0.0577727
0.405367 -0.139432 0.0136275
0.435146 -0.0698417 0.0374276
0.42026 -0.144401 -0.0577727
0.46991 -0.199072 0.0374276
0.469894 -0.0499559 0.0136275
0.53444 -0.129478 0.0136275
0.514593 -0.228891 0.0374276
0.435161 -0.218958 0.0374276
0.430197 -0.218959 0.0374276
0.415289 -0.0748143 -0.0577727
0.51955 -0.159303 -0.0577727
0.430195 -0.199076 0.0374276
0.494732 -0.19907 -0.0577727
0.405372 -0.189138 0.0231475
0.410326 -0.0897264 -0.0577727
0.474877 -0.228895 0.0183875
0.420254 -0.0847549 -0.0577727
0.405367 -0.139432 -0.0530127
0.464947 -0.213984 0.0374276
0.509626 -0.204039 -0.0577727
0.405367 -0.144403 0.0136275
0.479836 -0.174218 0.0374276
0.405357 -0.0499626 -0.0577727
0.484788 -0.0499543 0.0231475
0.440124 -0.199075 0.0374276
0.430179 -0.04996 -0.0339727
0.534447 -0.199066 0.00886748
0.504649 -0.0897166 -0.0577727
0.430193 -0.179194 0.0374276
0.450055 -0.228898 -0.0244526
0.410331 -0.139432 0.0374276
0.450046 -0.134457 0.0374276
0.474865 -0.109602 0.0374276
0.410326 -0.0897264 0.0374276
0.405373 -0.204049 -0.0149326
0.49473 -0.179187 0.0374276
0.430189 -0.1444 0.0374276
0.494717 -0.0598944 0.0374276
0.43019 -0.154341 -0.0577727
0.514578 -0.0897156 0.0374276
0.455013 -0.159309 0.0374276
0.440123 -0.194105 -0.0577727
0.430192 -0.174224 0.0374276
0.455014 -0.174221 0.0374276
0.450037 -0.0499579 -0.0482527
0.435144 -0.05493 0.0374276
0.534432 -0.0499492 -0.0149326
0.49969 -0.139423 -0.0577727
0.529467 -0.0499497 0.0374276
0.494735 -0.228893 -0.0292126
0.459982 -0.209014 0.0374276
0.405364 -0.109609 0.0231475
0.41034 -0.228902 0.00410747
0.415302 -0.204048 -0.0577727
0.440123 -0.189134 0.0374276
0.430191 -0.164283 0.0374276
0.430181 -0.0648716 0.0374276
0.524508 -0.0996557 0.0374276
0.435144 -0.0499595 0.0374276
0.504658 -0.169245 0.0374276
0.499691 -0.144393 -0.0577727
0.425223 -0.124519 0.0374276
0.534438 -0.109596 0.00886748
0.469908 -0.184161 -0.0577727
0.46493 -0.0499564 -0.0434927
0.42026 -0.144401 0.0374276
0.494735 -0.228893 -0.0196926
0.534446 -0.194095 -0.0577727
0.430179 -0.04996 0.0374276
0.425234 -0.2289 0.0374276
0.425233 -0.22393 0.0374276
0.494729 -0.174217 0.0374276
0.489755 -0.0748065 0.0374276
0.459967 -0.059898 0.0374276
0.479837 -0.179189 0.0374276
0.504645 -0.0499523 0.0136275
0.534432 -0.0549197 -0.0339727
0.514587 -0.174215 -0.0577727
0.405364 -0.109609 -0.00065255
0.514579 -0.0946862 0.0374276
0.534446 -0.189124 -0.00541257
0.420261 -0.154342 0.0374276
0.459967 -0.0648686 0.0374276
0.534439 -0.124507 0.0183875
0.45502 -0.228897 -0.0244526
0.474863 -0.0946903 0.0374276
0.425229 -0.189136 0.0374276
0.504646 -0.0598934 -0.0577727
0.534434 -0.0698314 -0.00541257
0.405364 -0.11458 0.0279075
0.420257 -0.109608 -0.0577727
0.464937 -0.114573 0.0374276
0.455004 -0.0748102 0.0374276
0.450047 -0.149369 -0.0577727
0.425215 -0.0499605 -0.0482527
0.464946 -0.204043 0.0374276
0.445089 -0.204045 0.0374276
0.445074 -0.0648701 -0.0577727
0.405368 -0.149373 0.0136275
0.534441 -0.139419 0.0326676
0.48479 -0.0698365 0.0374276
0.405369 -0.159315 0.00886748
0.524514 -0.159302 0.0374276
0.40536 -0.0748153 0.00886748
0.415301 -0.189137 0.0374276
0.425227 -0.164283 0.0374276
0.405362 -0.0897269 -0.0149326
0.450051 -0.184163 0.0374276
0.425226 -0.159313 0.0374276
0.459984 -0.223926 0.0374276
0.509627 -0.21398 0.0374276
0.479829 -0.109601 -0.0577727
0.420269 -0.228901 -0.0434927
0.405359 -0.0648742 -0.00065255
0.504663 -0.218951 -0.0577727
0.405371 -0.184167 -0.0149326
0.509612 -0.0698339 0.0374276
0.534432 -0.0499492 -0.0339727
0.529478 -0.154331 -0.0577727
0.504654 -0.139422 0.0374276
0.524507 -0.0897146 -0.0577727
0.405373 -0.204049 0.00886748
0.534437 -0.0996546 0.0374276
0.489761 -0.139424 0.0374276
0.425225 -0.149371 0.0374276
0.445073 -0.0499585 0.00410747
0.52451 -0.124508 0.0374276
0.504647 -0.0648639 0.0374276
0.405362 -0.0897269 -0.0482527
0.420268 -0.213989 0.0374276
0.445086 -0.184163 0.0374276
0.534447 -0.204036 0.0136275
0.489765 -0.179188 0.0374276
0.474866 -0.114572 0.0374276
0.405357 -0.0499626 -0.0387327
0.504653 -0.129481 0.0374276
0.529468 -0.0598908 0.0374276
0.49472 -0.0847471 -0.0577727
0.47983 -0.119542 0.0374276
0.425224 -0.13943 0.0374276
0.534433 -0.0598903 -0.0482527
0.514585 -0.159303 0.0374276
0.499697 -0.20404 0.0374276
0.440109 -0.0599001 0.0374276
0.405369 -0.159315 0.0183875
0.445086 -0.179193 0.0374276
0.425224 -0.13446 0.0374276
0.479841 -0.223924 0.0374276
0.534441 -0.14439 0.0183875
0.415294 -0.12949 0.0374276
0.405376 -0.223932 -0.0434927
0.420253 -0.0748138 -0.0577727
0.469901 -0.114573 -0.0577727
0.445091 -0.228898 0.00410747
0.415302 -0.199078 -0.0577727
0.420258 -0.119549 0.0374276
0.474877 -0.228895 0.0326676
0.425233 -0.22393 -0.0577727
0.534445 -0.179183 -0.0244526
0.464943 -0.17422 0.0374276
0.405374 -0.213991 0.00410747
0.405376 -0.228902 -0.0244526
0.514576 -0.0648629 0.0374276
0.450055 -0.228898 0.0136275
0.440122 -0.184164 0.0374276
0.534439 -0.119537 -0.0387327
0.42522 -0.0946954 0.0374276
0.430183 -0.0847538 0.0374276
0.405367 -0.144403 -0.0101726
0.484796 -0.134454 0.0374276
0.534437 -0.104625 -0.0339727
0.425217 -0.0698427 0.0374276
0.464945 -0.189132 0.0374276
0.425234 -0.2289 0.00886748
0.44508 -0.119546 0.0374276
0.534442 -0.14936 -0.0339727
0.489764 -0.169247 -0.0577727
0.425232 -0.213988 0.0374276
0.415294 -0.12949 -0.0577727
0.534449 -0.218948 -0.0244526
0.499687 -0.11457 -0.0577727
0.53445 -0.228889 -0.0339727
0.450055 -0.223927 0.0374276
0.405357 -0.0499626 0.00410747
0.425216 -0.0599016 0.0374276
0.524518 -0.199067 0.0374276
0.425215 -0.0499605 -0.0292126
0.445077 -0.0897228 0.0374276
0.415297 -0.149372 0.0374276
0.514577 -0.0797745 0.0374276
0.514582 -0.12948 -0.0577727
0.405363 -0.099668 0.0183875
0.405368 -0.154344 -0.0482527
0.415288 -0.0648732 -0.0577727
0.459979 -0.174221 0.0374276
0.524514 -0.159302 -0.0577727
0.474859 -0.0499554 0.00886748
0.420267 -0.204048 0.0374276
0.435147 -0.0797828 0.0374276
0.509626 -0.209009 -0.0577727
0.445082 -0.144399 0.0374276
0.459981 -0.194103 0.0374276
0.445074 -0.0598996 0.0374276
0.499684 -0.0797761 -0.0577727
0.40536 -0.0698448 0.0374276
0.494725 -0.129482 0.0374276
0.474859 -0.0549259 -0.0577727
0.534435 -0.0797725 -0.0244526
0.459978 -0.16925 0.0374276
0.440127 -0.228899 -0.0339727
0.455012 -0.149368 0.0374276
0.430179 -0.04996 -0.00541257
0.534446 -0.194095 -0.0196926
0.494735 -0.228893 0.0374276
0.50962 -0.154333 -0.0577727
0.474871 -0.164278 0.0374276
0.53445 -0.228889 -0.0482527
0.405357 -0.0499626 -0.0101726
0.450045 -0.124516 0.0374276
0.405374 -0.20902 -0.00065255
0.420265 -0.184166 0.0374276
0.420256 -0.0996665 0.0374276
0.420263 -0.174225 0.0374276
0.459984 -0.228897 -0.0149326
0.474868 -0.139425 -0.0577727
0.420259 -0.13446 0.0374276
0.405372 -0.194108 -0.0244526
0.509621 -0.159304 0.0374276
0.479833 -0.144395 0.0374276
0.524521 -0.22889 -0.0196926
0.41033 -0.129491 0.0374276
0.415305 -0.228901 -0.0244526
0.405365 -0.11955 -0.0339727
0.459969 -0.0847507 -0.0577727
0.489769 -0.209011 -0.0577727
0.405374 -0.20902 -0.0339727
0.420263 -0.169254 0.0374276
0.499697 -0.20901 -0.0577727
0.445085 -0.169252 0.0374276
0.494718 -0.0698355 0.0374276
0.504659 -0.184157 -0.0577727
0.455011 -0.144398 0.0374276
0.405364 -0.11458 -0.0196926
0.410322 -0.0549326 0.0374276
0.420257 -0.109608 0.0374276
0.405376 -0.228902 0.0374276
0.445073 -0.0499585 0.0279075
0.440113 -0.0946939 -0.0577727
0.415286 -0.0499616 0.00410747
0.40536 -0.0748153 0.0279075
0.494724 -0.124511 -0.0577727
0.534444 -0.174213 -0.0387327
0.420253 -0.0698432 0.0374276
0.47486 -0.0598965 -0.0577727
0.420268 -0.21896 0.0374276
0.474877 -0.228895 -0.0482527
0.524521 -0.22889 -0.0387327
0.425222 -0.119548 0.0374276
0.499681 -0.0499528 -0.00541257
0.464949 -0.228896 -0.0434927
0.519543 -0.0946856 0.0374276
0.415304 -0.223931 0.0374276
0.410339 -0.218961 -0.0577727
0.445081 -0.129487 0.0374276
0.405361 -0.0847564 -0.0482527
0.410322 -0.0499621 0.0374276
0.464946 -0.199073 0.0374276
0.474862 -0.0847492 0.0374276
0.499699 -0.228892 0.0279075
0.455018 -0.209015 0.0374276
0.46493 -0.0499564 -0.00541257
0.450053 -0.204045 -0.0577727
0.420259 -0.12949 -0.0577727
0.430184 -0.0897244 0.0374276
0.450041 -0.0897223 0.0374276
0.499696 -0.199069 -0.0577727
0.405363 -0.104639 0.0183875
0.410337 -0.199078 -0.0577727
0.534441 -0.139419 0.0374276
0.405373 -0.204049 0.0374276
0.459974 -0.129486 -0.0577727
0.474872 -0.174219 0.0374276
0.534437 -0.104625 -0.0577727
0.405376 -0.228902 -0.0482527
0.450053 -0.209015 0.0374276
0.405357 -0.0499626 -0.00541257
0.464944 -0.184161 0.0374276
0.410329 -0.114579 0.0374276
0.534438 -0.109596 -0.0292126
0.459966 -0.0549275 0.0374276
0.405362 -0.0946975 -0.0577727
0.51954 -0.0648624 0.0374276
0.509619 -0.139422 0.0374276
0.484806 -0.228894 -0.0149326
0.53444 -0.134448 -0.0577727
0.474875 -0.204042 0.0374276
0.405367 -0.139432 0.0374276
0.425222 -0.119548 -0.0577727
0.484797 -0.144395 0.0374276
0.509611 -0.0598929 -0.0577727
0.484795 -0.124513 -0.0577727
0.405357 -0.0499626 0.0374276
0.405366 -0.134462 0.0279075
0.415292 -0.104638 0.0374276
0.524521 -0.22889 -0.0530127
0.405376 -0.223932 0.0136275
0.494719 -0.074806 -0.0577727
0.405365 -0.124521 0.0279075
0.430182 -0.0797833 0.0374276
0.534436 -0.0946841 -0.0530127
0.410336 -0.184167 0.0374276
0.410324 -0.0698443 0.0374276
0.405371 -0.184167 -0.0482527
0.425234 -0.2289 -0.0577727
0.405365 -0.11955 0.0326676
0.534436 -0.0897136 0.0374276
0.534435 -0.084743 0.0231475
0.529472 -0.0946846 0.0374276
0.534447 -0.204036 0.0183875
0.440123 -0.189134 -0.0577727
0.405365 -0.124521 0.0374276
0.415295 -0.134461 -0.0577727
0.534438 -0.114566 -0.0149326
0.514591 -0.21895 0.0374276
0.455019 -0.218956 0.0374276
0.405361 -0.0847564 0.0374276
0.469913 -0.228896 0.0279075
0.464933 -0.0797797 -0.0577727
0.479823 -0.0499549 0.0374276
0.405375 -0.218961 0.0374276
0.494717 -0.0549239 -0.0577727
0.425215 -0.0499605 0.0231475
0.405367 -0.144403 0.0231475
0.410338 -0.204049 0.0374276
0.459968 -0.0698391 0.0374276
0.534444 -0.169242 0.0183875
0.514593 -0.228891 0.00886748
0.415297 -0.154343 0.0374276
0.420256 -0.0996665 -0.0577727
0.405363 -0.104639 0.00886748
0.529486 -0.228889 -0.0244526
0.51459 -0.209009 0.0374276
0.435162 -0.223929 0.0374276
0.420253 -0.0748138 0.0374276
0.53445 -0.228889 0.0374276
0.534437 -0.0996546 -0.0387327
0.484803 -0.1941 -0.0577727
0.405362 -0.0897269 0.0374276
0.405362 -0.0946975 -0.0387327
0.420269 -0.22393 0.0374276
0.40537 -0.169256 -0.0244526
0.494722 -0.104629 0.0374276
0.425215 -0.0499605 0.00886748
0.405367 -0.144403 0.0374276
0.405365 -0.124521 -0.0244526
0.504646 -0.0549228 -0.0577727
0.440114 -0.109606 0.0374276
0.484797 -0.139424 0.0374276
0.445073 -0.054929 -0.0577727
0.435144 -0.0499595 -0.0434927
0.534434 -0.0698314 0.0136275
0.405364 -0.11458 -0.0149326
0.529474 -0.114567 0.0374276
0.504645 -0.0499523 -0.00541257
0.534432 -0.0549197 -0.00065255
0.405366 -0.129491 0.0374276
0.415296 -0.144402 0.0374276
0.425218 -0.0797838 0.0374276
0.534438 -0.114566 -0.0387327
0.479833 -0.139425 0.0374276
0.49473 -0.184158 -0.0577727
0.450047 -0.144398 0.0374276
0.524505 -0.0748029 0.0374276
0.40536 -0.0748153 0.0326676
0.415299 -0.169255 0.0374276
0.509626 -0.209009 0.0374276
0.534449 -0.218948 -0.0482527
0.420267 -0.204048 -0.0577727
0.455002 -0.0598985 0.0374276
0.420261 -0.154342 -0.0577727
0.459967 -0.0648686 -0.0577727
0.474869 -0.149366 -0.0577727
0.405369 -0.164285 -0.0387327
0.410334 -0.164285 0.0374276
0.464939 -0.134456 0.0374276
0.499688 -0.11954 -0.0577727
0.49969 -0.134452 0.0374276
0.534439 -0.119537 0.0374276
0.405364 -0.109609 0.0374276
0.420258 -0.124519 0.0374276
0.479836 -0.174218 -0.0577727
0.474859 -0.0499554 0.0326676
0.40536 -0.0698448 -0.0577727
0.494735 -0.228893 0.00886748
0.499695 -0.189128 -0.0577727
0.519541 -0.0748035 0.0374276
0.534434 -0.0698314 -0.0149326
0.405364 -0.11458 0.0374276
0.405365 -0.11955 0.0374276
0.479823 -0.0499549 -0.0196926
0.52452 -0.218949 0.0374276
0.489752 -0.0499538 -0.0577727
0.450039 -0.0698401 0.0374276
0.459978 -0.164279 -0.0577727
0.469894 -0.0499559 -0.00541257
0.53444 -0.129478 -0.00541257
0.420251 -0.0549316 0.0374276
0.405376 -0.223932 0.0374276
0.43515 -0.114577 0.0374276
0.534445 -0.184154 -0.0387327
0.405373 -0.199079 0.0374276
0.430186 -0.109607 0.0374276
0.415303 -0.21399 -0.0577727
0.479827 -0.0847487 -0.0577727
0.410327 -0.0996675 0.0374276
0.529468 -0.0549203 0.0374276
0.405371 -0.184167 -0.0577727
0.410338 -0.209019 -0.0577727
0.415291 -0.0946965 0.0374276
0.405368 -0.149373 0.0374276
0.499681 -0.0499528 -0.0482527
0.464949 -0.228896 0.0231475
0.509623 -0.184156 0.0374276
0.440121 -0.174223 -0.0577727
0.415298 -0.164284 0.0374276
0.469913 -0.223925 0.0374276
0.410328 -0.109609 0.0374276
0.474868 -0.134455 -0.0577727
0.459966 -0.0499569 -0.0196926
0.445073 -0.054929 0.0374276
0.504646 -0.0549228 0.0374276
0.440114 -0.109606 -0.0577727
0.524516 -0.174214 -0.0577727
0.445077 -0.0946934 -0.0577727
0.410329 -0.11955 0.0374276
0.405374 -0.213991 0.0374276
0.459983 -0.213985 0.0374276
0.430185 -0.104636 0.0374276
0.420251 -0.049961 0.0374276
0.420252 -0.0648727 0.0374276
0.410329 -0.114579 -0.0577727
0.474877 -0.223924 0.0374276
0.405369 -0.159315 0.0374276
0.41034 -0.228902 0.0374276
0.494735 -0.228893 -0.0149326
0.519538 -0.0499507 0.0374276
0.48977 -0.223923 -0.0577727
0.445073 -0.0499585 -0.0101726
0.405368 -0.149373 -0.0577727
0.519546 -0.124509 0.0374276
0.410322 -0.0499621 -0.0196926
0.489763 -0.154335 -0.0577727
0.464949 -0.228896 0.0374276
0.450037 -0.0499579 -0.0577727
0.534449 -0.218948 -0.0387327
0.455006 -0.0946923 -0.0577727
0.534435 -0.084743 0.0326676
0.519545 -0.109597 0.0374276
0.499694 -0.174216 0.0374276
0.40537 -0.174226 -0.0577727
0.45998 -0.189132 0.0374276
0.405363 -0.099668 -0.0530127
0.479827 -0.0847487 0.0374276
0.415303 -0.21399 0.0374276
0.504647 -0.0698345 0.0374276
0.425228 -0.179195 0.0374276
0.534447 -0.204036 0.0374276
0.519548 -0.144391 -0.0577727
0.534434 -0.0748019 0.0183875
0.405361 -0.0847564 -0.0244526
0.489753 -0.0549244 -0.0577727
0.450038 -0.0648696 0.0374276
0.420261 -0.149372 -0.0577727
0.40536 -0.0748153 0.0374276
0.4153 -0.179196 0.0374276
0.45501 -0.134457 0.0374276
0.405369 -0.159315 -0.0244526
0.469898 -0.0847497 0.0374276
0.529483 -0.204037 0.0374276
0.40537 -0.174226 0.0374276
0.405365 -0.11955 -0.0196926
0.455009 -0.119545 -0.0577727
0.534434 -0.0698314 -0.00065255
0.459968 -0.0748096 0.0374276
0.484805 -0.218953 0.0374276
0.524517 -0.184155 0.0374276
0.50961 -0.0549223 0.0374276
0.50961 -0.0499518 0.0279075
0.410337 -0.199078 0.0374276
0.474875 -0.209013 0.0374276
0.405376 -0.228902 0.00410747
0.415301 -0.189137 -0.0577727
0.440108 -0.049959 0.0326676
0.405358 -0.0599037 -0.0149326
0.445088 -0.199075 -0.0577727
0.524512 -0.13942 -0.0577727
0.405371 -0.179197 -0.0292126
0.410335 -0.179196 0.0374276
0.464931 -0.0598975 -0.0577727
0.489759 -0.119541 -0.0577727
0.435159 -0.199076 0.0374276
0.425223 -0.129489 0.0374276
0.484797 -0.144395 -0.0577727
0.479823 -0.0499549 0.00886748
0.49473 -0.184158 0.0374276
0.534443 -0.164272 0.0231475
0.479833 -0.139425 -0.0577727
0.529467 -0.0499497 -0.0577727
0.405374 -0.20902 0.0374276
0.440109 -0.0549295 0.0374276
0.435162 -0.228899 -0.0434927
0.425221 -0.104637 0.0374276
0.494716 -0.0499533 -0.00065255
0.405364 -0.11458 -0.0339727
0.459969 -0.0797802 -0.0577727
0.489758 -0.10463 -0.0577727
0.425234 -0.2289 -0.00541257
0.479824 -0.0598959 -0.0577727
0.514585 -0.159303 -0.0577727
0.534433 -0.0648608 0.0374276
0.405374 -0.213991 -0.0387327
0.410339 -0.21399 -0.0577727
0.435155 -0.159311 0.0374276
0.504664 -0.228892 -0.0434927
0.469908 -0.17919 0.0374276
0.509628 -0.228891 -0.0292126
0.464946 -0.204043 -0.0577727
0.489755 -0.0748065 -0.0577727
0.410326 -0.094697 -0.0577727
0.514574 -0.0499513 -0.0482527
0.410339 -0.21399 0.0374276
0.415286 -0.0499616 -0.0434927
0.420266 -0.199077 -0.0577727
0.405365 -0.124521 0.0136275
0.474866 -0.119543 0.0374276
0.410336 -0.189137 0.0374276
0.534439 -0.124507 -0.0577727
0.509611 -0.0648634 0.0374276
0.494724 -0.119541 0.0374276
0.484799 -0.159306 0.0374276
0.534433 -0.0598903 0.0183875
0.479842 -0.228894 -0.0292126
0.450048 -0.154339 -0.0577727
0.435152 -0.129488 0.0374276
0.440125 -0.213987 0.0374276
0.514574 -0.0549218 0.0374276
0.50465 -0.0996577 0.0374276
0.440127 -0.228899 -0.00065255
0.405357 -0.0499626 0.0279075
0.474872 -0.174219 -0.0577727
0.405365 -0.124521 -0.0577727
0.53444 -0.134448 -0.0101726
0.484806 -0.228894 0.0326676
0.435152 -0.124518 0.0374276
0.534436 -0.0897136 -0.0339727
0.489763 -0.159306 0.0374276
0.534442 -0.14936 0.0136275
0.479834 -0.149366 -0.0577727
0.425215 -0.0499605 0.0279075
0.41529 -0.0897259 0.0374276
0.405367 -0.144403 0.0183875
0.534436 -0.0946841 -0.0482527
0.405369 -0.159315 -0.0434927
0.455016 -0.189133 0.0374276
0.534443 -0.159301 0.00886748
0.469897 -0.0698381 -0.0577727
0.474872 -0.17919 -0.0577727
0.405376 -0.223932 -0.0339727
0.430193 -0.184165 0.0374276
0.405371 -0.179197 -0.0339727
0.435149 -0.0996649 0.0374276
0.450043 -0.109604 0.0374276
0.534443 -0.164272 0.00886748
0.484802 -0.18913 0.0374276
0.440127 -0.228899 0.0279075
0.494725 -0.129482 -0.0577727
0.435162 -0.228899 0.0374276
0.41033 -0.12452 -0.0577727
0.509628 -0.228891 0.0136275
0.455019 -0.223926 0.0374276
0.464948 -0.218955 0.0374276
0.42523 -0.194106 0.0374276
0.435157 -0.174223 0.0374276
0.519552 -0.184155 0.0374276
0.534442 -0.14936 -0.00541257
0.534436 -0.0946841 0.0374276
0.53444 -0.129478 -0.00065255
0.484788 -0.0549249 -0.0577727
0.420257 -0.114578 0.0374276
0.435162 -0.228899 -0.0196926
0.469899 -0.0897202 -0.0577727
0.415288 -0.0648732 0.0374276
0.440118 -0.144399 0.0374276
0.459973 -0.119545 -0.0577727
0.534439 -0.119537 0.00886748
0.494732 -0.20404 -0.0577727
0.529486 -0.228889 -0.0387327
0.415295 -0.134461 0.0374276
0.534433 -0.0598903 -0.0577727
0.40536 -0.0748153 -0.00065255
0.405373 -0.204049 -0.0244526
0.52452 -0.213978 0.0374276
0.534436 -0.0946841 -0.0339727
0.405369 -0.159315 -0.0530127
0.425231 -0.209018 0.0374276
0.534434 -0.0748019 -0.0196926
0.415289 -0.0797848 0.0374276
0.415296 -0.139431 0.0374276
0.415305 -0.228901 -0.0149326
0.405365 -0.11955 -0.0482527
0.41529 -0.0897259 -0.0577727
0.40536 -0.0698448 -0.0482527
0.464941 -0.154338 -0.0577727
0.534448 -0.209007 -0.0149326
0.42026 -0.139431 0.0374276
0.464949 -0.228896 0.0136275
0.499681 -0.0499528 -0.0577727
0.455011 -0.139427 0.0374276
0.415298 -0.159314 0.0374276
0.430187 -0.124518 0.0374276
0.469909 -0.194102 0.0374276
0.420264 -0.179195 0.0374276
0.415299 -0.174225 0.0374276
0.405374 -0.20902 -0.0577727
0.50466 -0.189128 0.0374276
0.469903 -0.134455 0.0374276
0.405367 -0.139432 0.0326676
0.405371 -0.184167 0.00886748
0.53444 -0.134448 -0.0339727
0.484806 -0.228894 -0.0387327
0.410328 -0.104638 0.0374276
0.494721 -0.0897177 -0.0577727
0.455008 -0.114575 -0.0577727
0.459975 -0.139427 0.0374276
0.479831 -0.124513 -0.0577727
0.415302 -0.199078 0.0374276
0.420258 -0.119549 -0.0577727
0.450055 -0.228898 -0.0101726
0.464932 -0.0698386 0.0374276
0.415301 -0.194107 0.0374276
0.40536 -0.0698448 -0.0387327
0.420266 -0.199077 0.0374276
0.41034 -0.223931 0.0374276
0.479827 -0.0897192 0.0374276
0.405366 -0.134462 0.0374276
0.450054 -0.213986 0.0374276
0.405373 -0.204049 0.0279075
0.514583 -0.134451 0.0374276
0.519557 -0.22889 -0.0292126
0.440117 -0.139429 -0.0577727
0.509611 -0.0648634 -0.0577727
0.459966 -0.0499569 0.0374276
0.410339 -0.218961 0.0374276
0.405362 -0.0946975 0.0136275
0.425219 -0.0847543 0.0374276
0.410333 -0.159314 0.0374276
0.479825 -0.069837 -0.0577727
0.474863 -0.0897197 0.0374276
0.415297 -0.154343 -0.0577727
0.534439 -0.119537 -0.0577727
0.534439 -0.124507 -0.00541257
0.45502 -0.228897 -0.0482527
0.435161 -0.213987 0.0374276
0.435145 -0.0648711 -0.0577727
0.519538 -0.0499507 -0.0434927
0.430179 -0.04996 -0.0292126
0.534447 -0.199066 0.0374276
0.509614 -0.0946867 0.0374276
0.504645 -0.0499523 -0.0101726
0.534432 -0.0549197 -0.0101726
0.405366 -0.129491 0.0231475
0.474865 -0.104631 0.0374276
0.519551 -0.174214 -0.0577727
0.53444 -0.134448 -0.00541257
0.420252 -0.0599021 0.0374276
0.474871 -0.169248 0.0374276
0.534442 -0.154331 0.0374276
0.44012 -0.164282 0.0374276
0.405358 -0.0599037 0.0374276
0.459966 -0.0499569 -0.0482527
0.415291 -0.099667 -0.0577727
0.43019 -0.149371 0.0374276
0.435146 -0.0698417 -0.0577727
0.474877 -0.228895 -0.0292126
0.479825 -0.0648665 -0.0577727
0.464934 -0.0847502 0.0374276
0.435144 -0.0499595 -0.0196926
0.534434 -0.0698314 0.0374276
0.405364 -0.11458 0.00886748
0.425233 -0.218959 0.0374276
0.405375 -0.218961 -0.0577727
0.420255 -0.0946959 0.0374276
0.534441 -0.14439 -0.00541257
0.48976 -0.129483 0.0374276
0.410334 -0.164285 -0.0577727
0.474874 -0.199072 0.0374276
0.469894 -0.0499559 0.0374276
0.474864 -0.0996608 0.0374276
0.53444 -0.129478 -0.0577727
0.534449 -0.213977 0.0374276
0.489771 -0.228893 -0.0292126
0.450041 -0.0897223 -0.0577727
0.430184 -0.0897244 -0.0577727
0.474869 -0.149366 0.0374276
0.459969 -0.0797802 0.0374276
0.534434 -0.0748019 -0.0577727
0.450055 -0.228898 0.00410747
0.420256 -0.104637 0.0374276
0.405372 -0.189138 0.0374276
0.415305 -0.228901 -0.0434927
0.405365 -0.11955 -0.0387327
0.489757 -0.0946887 0.0374276
0.499681 -0.0549233 -0.0577727
0.415301 -0.194107 -0.0577727
0.445084 -0.15931 -0.0577727
0.405376 -0.223932 -0.00065255
0.529481 -0.179184 -0.0577727
0.479841 -0.218953 0.0374276
0.405362 -0.0946975 0.0231475
0.44011 -0.0648706 0.0374276
0.410325 -0.0847559 -0.0577727
0.534434 -0.0698314 0.0183875
0.44011 -0.0698412 0.0374276
0.430186 -0.114577 0.0374276
0.529481 -0.184154 0.0374276
0.504645 -0.0499523 0.00886748
0.534432 -0.0549197 -0.0387327
0.440112 -0.0897233 0.0374276
0.534436 -0.0897136 -0.0434927
0.494716 -0.0499533 -0.0577727
0.410328 -0.109609 -0.0577727
0.405367 -0.139432 -0.0196926
0.435158 -0.184164 0.0374276
0.440113 -0.0946939 0.0374276
0.534446 -0.194095 0.0374276
0.504663 -0.223921 0.0374276
0.524509 -0.109597 -0.0577727
0.474867 -0.124514 0.0374276
0.455005 -0.0847512 0.0374276
0.474877 -0.228895 -0.0101726
0.524521 -0.22889 0.00410747
0.494731 -0.194099 0.0374276
0.509628 -0.228891 0.0326676
0.440116 -0.129488 0.0374276
0.489752 -0.0499538 0.00886748
0.504657 -0.164275 0.0374276
0.440117 -0.139429 0.0374276
0.44012 -0.159311 0.0374276
0.534434 -0.0748019 -0.0387327
0.405361 -0.0847564 0.0326676
0.4848 -0.169247 0.0374276
0.469904 -0.139426 0.0374276
0.405368 -0.149373 0.0183875
0.440121 -0.169252 0.0374276
0.440122 -0.179193 0.0374276
0.47487 -0.154337 0.0374276
0.405369 -0.159315 0.0136275
0.405358 -0.0549331 -0.0577727
0.440123 -0.194105 0.0374276
0.534445 -0.184154 0.00410747
0.529486 -0.228889 -0.00065255
0.53444 -0.129478 0.0374276
0.405373 -0.199079 0.00410747
0.524507 -0.0946851 0.0374276
0.440124 -0.204046 0.0374276
0.405369 -0.164285 0.0279075
0.524504 -0.0648619 0.0374276
0.43018 -0.0549306 0.0374276
0.440125 -0.209016 0.0374276
0.519541 -0.0748035 -0.0577727
0.455001 -0.0499574 0.0136275
0.469911 -0.209013 0.0374276
0.484793 -0.10463 0.0374276
0.450045 -0.129487 0.0374276
0.459977 -0.154338 0.0374276
0.524514 -0.154332 -0.0577727
0.440127 -0.228899 0.0374276
0.445073 -0.0499585 0.0374276
0.450037 -0.0499579 -0.00065255
0.405365 -0.11955 0.0279075
0.445074 -0.0648701 0.0374276
0.514574 -0.0499513 -0.0577727
0.415293 -0.119549 0.0374276
0.524513 -0.149361 -0.0577727
0.514574 -0.0549218 -0.0577727
0.405363 -0.104639 -0.0101726
0.499698 -0.213981 -0.0577727
0.445085 -0.174222 0.0374276
0.459966 -0.0499569 0.0136275
0.425217 -0.0648722 -0.0577727
0.405364 -0.109609 -0.0339727
0.504661 -0.199069 -0.0577727
0.45004 -0.0748107 0.0374276
0.405369 -0.159315 0.0231475
0.405376 -0.223932 -0.0577727
0.430179 -0.04996 -0.0482527
0.534447 -0.199066 0.0183875
0.459982 -0.209014 -0.0577727
0.445075 -0.0748112 0.0374276
0.489771 -0.228893 -0.0339727
0.455005 -0.0897218 0.0374276
0.534435 -0.0797725 -0.0101726
0.489756 -0.0847476 -0.0577727
0.524504 -0.0598913 -0.0577727
0.504651 -0.104628 0.0374276
0.534437 -0.104625 -0.0482527
0.489762 -0.149365 -0.0577727
0.534444 -0.169242 0.0136275
0.514593 -0.228891 -0.00065255
0.484796 -0.129483 0.0374276
0.534443 -0.159301 -0.00065255
0.534437 -0.104625 0.0326676
0.410323 -0.0599032 -0.0577727
0.415293 -0.114579 0.0374276
0.49473 -0.179187 -0.0577727
0.445076 -0.0847523 0.0374276
0.405367 -0.144403 -0.0292126
0.435157 -0.179194 0.0374276
0.534437 -0.0996546 -0.0292126
0.410329 -0.11955 -0.0577727
0.425229 -0.184165 0.0374276
0.469909 -0.189131 0.0374276
0.405362 -0.0897269 0.0183875
0.534437 -0.104625 -0.0101726
0.51459 -0.204038 0.0374276
0.440119 -0.15434 0.0374276
0.445078 -0.104634 0.0374276
0.459984 -0.228897 -0.0339727
0.440121 -0.169252 -0.0577727
0.50465 -0.0946872 -0.0577727
0.51458 -0.109598 0.0374276
0.489756 -0.0897182 0.0374276
0.504657 -0.159304 0.0374276
0.524521 -0.22889 -0.0434927
0.474877 -0.228895 -0.0577727
0.484798 -0.149365 -0.0577727
0.405372 -0.194108 -0.0196926
0.42522 -0.099666 0.0374276
0.445079 -0.109605 0.0374276
0.534438 -0.109596 -0.0482527
0.40537 -0.174226 -0.0482527
0.43516 -0.204046 0.0374276
0.464938 -0.129485 0.0374276
0.484806 -0.228894 -0.0577727
0.464942 -0.164279 0.0374276
0.445085 -0.174222 -0.0577727
0.405366 -0.129491 -0.0244526
0.534432 -0.0549197 0.0374276
0.504645 -0.0499523 -0.0577727
0.519545 -0.114568 0.0374276
0.435151 -0.119547 0.0374276
0.534441 -0.14439 0.0136275
0.479833 -0.144395 -0.0577727
0.479832 -0.134454 0.0374276
0.405368 -0.149373 0.0231475
0.445079 -0.114576 0.0374276
0.405376 -0.223932 -0.0387327
0.435154 -0.1444 0.0374276
0.45997 -0.0946918 -0.0577727
0.445082 -0.139428 0.0374276
0.529467 -0.0499497 0.0231475
0.405374 -0.213991 -0.0292126
0.445083 -0.149369 0.0374276
0.489768 -0.204041 0.0374276
0.425225 -0.144401 0.0374276
0.440108 -0.049959 -0.0577727
0.450051 -0.189133 -0.0577727
0.435144 -0.0499595 -0.0482527
0.534434 -0.0698314 0.0326676
0.405364 -0.11458 -0.0101726
0.445083 -0.15434 0.0374276
0.445084 -0.164281 0.0374276
0.489761 -0.134453 0.0374276
0.4699 -0.0996613 0.0374276
0.445087 -0.189134 0.0374276
0.459978 -0.164279 0.0374276
0.405367 -0.144403 0.00410747
0.48479 -0.0748071 0.0374276
0.534438 -0.109596 -0.0530127
0.40537 -0.174226 -0.0530127
0.474873 -0.18416 0.0374276
0.469896 -0.0648675 0.0374276
0.455003 -0.0698396 0.0374276
0.479836 -0.169248 -0.0577727
0.519547 -0.13445 -0.0577727
0.410322 -0.0499621 -0.0577727
0.524503 -0.0499502 -0.0101726
0.47486 -0.064867 0.0374276
0.415298 -0.164284 -0.0577727
0.509628 -0.223921 -0.0577727
0.405367 -0.139432 -0.0577727
0.415286 -0.0499616 -0.0339727
0.445089 -0.209016 0.0374276
0.440111 -0.0797822 0.0374276
0.405361 -0.0847564 -0.0530127
0.445091 -0.223928 0.0374276
0.464949 -0.228896 -0.0577727
0.445091 -0.228898 0.0374276
0.430184 -0.0946949 0.0374276
0.450042 -0.0946928 0.0374276
0.455018 -0.213985 0.0374276
0.479823 -0.0499549 0.00410747
0.509611 -0.0598929 0.0374276
0.474861 -0.0748081 -0.0577727
0.469896 -0.0648675 -0.0577727
0.474873 -0.18416 -0.0577727
0.405365 -0.124521 -0.0149326
0.450038 -0.059899 0.0374276
0.50961 -0.0499518 0.0326676
0.425231 -0.204047 0.0374276
0.514585 -0.154333 0.0374276
0.45004 -0.0797812 0.0374276
0.405362 -0.0946975 0.00410747
0.430181 -0.0698422 0.0374276
0.469906 -0.159308 0.0374276
0.459971 -0.104633 0.0374276
0.534432 -0.0499492 -0.0577727
0.469912 -0.218954 0.0374276
0.405361 -0.0797859 -0.0101726
0.455013 -0.16428 0.0374276
0.450043 -0.104634 0.0374276
0.445073 -0.0499585 0.00886748
0.425216 -0.0549311 -0.0577727
0.455017 -0.199074 -0.0577727
0.514574 -0.0499513 0.0374276
0.430195 -0.204047 0.0374276
0.425228 -0.174224 0.0374276
0.459974 -0.134456 -0.0577727
0.450044 -0.119546 0.0374276
0.405373 -0.204049 -0.00065255
0.455006 -0.0996629 0.0374276
0.410333 -0.154344 0.0374276
0.519539 -0.0598918 0.0374276
0.435145 -0.0648711 0.0374276
0.534435 -0.0797725 -0.0292126
0.450046 -0.139428 0.0374276
0.450047 -0.149369 0.0374276
0.534445 -0.179183 -0.0292126
0.514591 -0.21895 -0.0577727
0.405372 -0.194108 0.0374276
0.420259 -0.13446 -0.0577727
0.474868 -0.139425 0.0374276
0.534438 -0.114566 0.0374276
0.519557 -0.22889 -0.0387327
0.469905 -0.149367 -0.0577727
0.45005 -0.174222 0.0374276
0.534436 -0.0946841 -0.00541257
0.489765 -0.174217 0.0374276
0.440108 -0.049959 0.0374276
0.405358 -0.0599037 0.0136275
0.450051 -0.189133 0.0374276
0.425225 -0.144401 -0.0577727
0.425216 -0.0549311 0.0374276
0.499683 -0.0748055 0.0374276
0.420251 -0.049961 -0.0244526
0.450052 -0.199074 0.0374276
0.430198 -0.2289 -0.0292126
0.420259 -0.12949 0.0374276
0.450053 -0.204045 0.0374276
0.40536 -0.0698448 0.0279075
0.430182 -0.0748127 0.0374276
0.524505 -0.0698324 0.0374276
0.514584 -0.144392 -0.0577727
0.4153 -0.184166 0.0374276
0.53445 -0.228889 0.0279075
0.450049 -0.16428 0.0374276
0.450054 -0.218956 0.0374276
0.534434 -0.0698314 -0.0434927
0.455002 -0.054928 0.0374276
0.534437 -0.0996546 -0.0577727
0.410326 -0.094697 0.0374276
0.455009 -0.119545 0.0374276
0.455003 -0.0648691 0.0374276
0.405363 -0.104639 0.0374276
0.464945 -0.194102 0.0374276
0.509616 -0.109598 -0.0577727
0.534434 -0.0748019 0.0279075
0.464948 -0.223925 -0.0577727
0.524507 -0.0946851 -0.0577727
0.405376 -0.228902 0.0326676
0.430197 -0.223929 0.0374276
0.494722 -0.0996588 0.0374276
0.514588 -0.189127 -0.0577727
0.410332 -0.144402 0.0374276
0.534437 -0.0996546 -0.00541257
0.489764 -0.169247 0.0374276
0.53444 -0.129478 0.00410747
0.514593 -0.228891 0.0279075
0.494733 -0.209011 -0.0577727
0.46493 -0.0499564 0.00410747
0.455007 -0.104633 0.0374276
0.455008 -0.114575 0.0374276
0.53445 -0.228889 0.0183875
0.405361 -0.0797859 0.0326676
0.410325 -0.0847559 0.0374276
0.479842 -0.228894 -0.0339727
0.430185 -0.104636 -0.0577727
0.45501 -0.129486 0.0374276
0.415286 -0.0499616 0.0231475
0.494727 -0.149364 0.0374276
0.479842 -0.228894 -0.0577727
0.455012 -0.154339 0.0374276
0.410331 -0.139432 -0.0577727
0.489752 -0.0499538 -0.0292126
0.455015 -0.179192 0.0374276
0.509628 -0.223921 0.0374276
0.46493 -0.0499564 0.0374276
0.509615 -0.104628 -0.0577727
0.484791 -0.0847482 0.0374276
0.45502 -0.228897 0.0374276
0.405373 -0.199079 -0.0244526
0.435162 -0.228899 -0.0577727
0.440118 -0.144399 -0.0577727
0.410337 -0.194108 -0.0577727
0.489762 -0.149365 0.0374276
0.455011 -0.139427 -0.0577727
0.40537 -0.169256 0.0279075
0.534446 -0.189124 0.0231475
0.464941 -0.159308 0.0374276
0.514587 -0.179185 0.0374276
0.415292 -0.109608 -0.0577727
0.45997 -0.0897213 0.0374276
0.524509 -0.109597 0.0374276
0.415287 -0.0599026 -0.0577727
0.524503 -0.0499502 -0.0530127
0.459971 -0.0996624 0.0374276
0.534443 -0.164272 -0.0292126
0.514589 -0.194097 0.0374276
0.405369 -0.159315 0.00410747
0.459972 -0.114574 0.0374276
0.40537 -0.169256 0.0183875
0.445076 -0.0797817 0.0374276
0.459973 -0.119545 0.0374276
0.445075 -0.0698406 0.0374276
0.459973 -0.124515 0.0374276
0.43018 -0.0549306 -0.0577727
0.455001 -0.0499574 0.0326676
0.459974 -0.129486 0.0374276
0.464934 -0.0897208 -0.0577727
0.410331 -0.134461 -0.0577727
0.504653 -0.12451 -0.0577727
0.534443 -0.164272 -0.0387327
0.405369 -0.159315 -0.00541257
0.534437 -0.0996546 0.0231475
0.504664 -0.228892 0.0231475
0.459974 -0.134456 0.0374276
0.430195 -0.204047 -0.0577727
0.469911 -0.213984 -0.0577727
0.445074 -0.0598996 -0.0577727
0.534435 -0.084743 -0.0339727
0.499699 -0.228892 -0.0482527
0.504658 -0.174216 0.0374276
0.430194 -0.189135 0.0374276
0.459976 -0.149368 0.0374276
0.405366 -0.134462 -0.00541257
0.459972 -0.109603 0.0374276
0.504662 -0.21398 0.0374276
0.474862 -0.0797786 0.0374276
0.479823 -0.0499549 0.0231475
0.405375 -0.218961 0.0231475
0.534434 -0.0748019 -0.0149326
0.45998 -0.184162 0.0374276
0.474875 -0.204042 -0.0577727
0.499693 -0.164275 -0.0577727
0.489752 -0.0499538 0.0374276
0.420255 -0.0897254 0.0374276
0.41529 -0.0847554 0.0374276
0.489757 -0.0996593 -0.0577727
0.499681 -0.0499528 -0.0530127
0.53445 -0.223918 -0.0196926
0.464949 -0.228896 0.00886748
0.430189 -0.13943 0.0374276
0.479829 -0.104631 0.0374276
0.455014 -0.169251 0.0374276
0.529482 -0.194095 -0.0577727
0.534433 -0.0598903 -0.0292126
0.479842 -0.228894 0.0279075
0.459981 -0.199073 0.0374276
0.425215 -0.0499605 0.0183875
0.405367 -0.144403 0.0279075
0.435146 -0.0748122 0.0374276
0.42026 -0.139431 -0.0577727
0.479828 -0.0996603 -0.0577727
0.455009 -0.124516 0.0374276
0.504651 -0.109599 0.0374276
0.459982 -0.204044 0.0374276
0.504647 -0.0698345 -0.0577727
0.459984 -0.228897 0.0374276
0.479823 -0.0499549 -0.0577727
0.464931 -0.054927 0.0374276
0.489771 -0.228893 -0.00065255
0.464933 -0.0748091 0.0374276
0.534442 -0.154331 0.0279075
0.484791 -0.0797776 -0.0577727
0.405365 -0.124521 -0.00065255
0.464934 -0.0897208 0.0374276
0.450045 -0.124516 -0.0577727
0.474871 -0.164278 -0.0577727
0.534433 -0.0648608 -0.0339727
0.489771 -0.228893 0.0374276
0.464935 -0.0946913 0.0374276
0.405363 -0.104639 -0.0577727
0.464936 -0.104632 0.0374276
0.534433 -0.0648608 -0.0482527
0.469913 -0.228895 0.0374276
0.474859 -0.0499554 -0.0482527
0.46494 -0.149367 0.0374276
0.464936 -0.109603 0.0374276
0.469905 -0.154337 -0.0577727
0.514589 -0.199068 0.0374276
0.405369 -0.159315 -0.0292126
0.534436 -0.0946841 -0.0577727
0.464939 -0.139426 0.0374276
0.469905 -0.149367 0.0374276
0.499689 -0.129482 -0.0577727
0.534447 -0.204036 -0.0149326
0.524503 -0.0549208 -0.0577727
0.430187 -0.119548 0.0374276
0.529481 -0.179184 0.0374276
0.494731 -0.189129 -0.0577727
0.50961 -0.0499518 0.0374276
0.524519 -0.209008 0.0374276
0.534439 -0.119537 0.0279075
0.405372 -0.189138 0.0326676
0.534449 -0.218948 0.00886748
0.464941 -0.154338 0.0374276
0.534446 -0.194095 0.0231475
0.464942 -0.169249 0.0374276
0.534435 -0.0797725 0.00410747
0.405368 -0.154344 0.0326676
0.504659 -0.184157 0.0374276
0.489759 -0.119541 0.0374276
0.415292 -0.109608 0.0374276
0.469904 -0.144396 0.0374276
0.450037 -0.0499579 0.00886748
0.469906 -0.164278 0.0374276
0.464947 -0.209014 0.0374276
0.464937 -0.119544 0.0374276
0.450055 -0.228898 -0.0577727
0.405365 -0.124521 0.0326676
0.504655 -0.144393 0.0374276
0.494725 -0.134453 -0.0577727
0.489752 -0.0499538 0.0326676
0.479834 -0.154336 -0.0577727
0.464948 -0.223925 0.0374276
0.534434 -0.0748019 -0.0339727
0.469909 -0.194102 -0.0577727
0.524515 -0.169243 0.0374276
0.43516 -0.209017 0.0374276
0.469896 -0.059897 0.0374276
0.534441 -0.14439 -0.0577727
0.430194 -0.194106 0.0374276
0.455013 -0.16428 -0.0577727
0.405371 -0.184167 0.0326676
0.40537 -0.169256 -0.0387327
0.410325 -0.0797853 0.0374276
0.474872 -0.17919 0.0374276
0.469897 -0.0698381 0.0374276
0.474877 -0.228895 -0.0339727
0.524521 -0.22889 0.0279075
0.445084 -0.15931 0.0374276
0.445085 -0.169252 -0.0577727
0.440111 -0.0797822 -0.0577727
0.529474 -0.114567 -0.0577727
0.534439 -0.119537 0.0326676
0.410332 -0.149373 0.0374276
0.405372 -0.189138 0.0183875
0.42523 -0.199077 0.0374276
0.469899 -0.0946908 0.0374276
0.405368 -0.154344 0.0374276
0.504662 -0.20901 0.0374276
0.45502 -0.228897 -0.0101726
0.534441 -0.139419 -0.0577727
0.4699 -0.104632 0.0374276
0.469901 -0.114573 0.0374276
0.425219 -0.0847543 -0.0577727
0.489762 -0.144394 0.0374276
0.534437 -0.104625 -0.0244526
0.504664 -0.228892 -0.0292126
0.469902 -0.119544 0.0374276
0.405368 -0.154344 -0.0530127
0.415303 -0.209019 0.0374276
0.40536 -0.0698448 -0.0292126
0.474859 -0.0499554 0.0374276
0.534436 -0.0897136 -0.00541257
0.529475 -0.124508 0.0374276
0.534435 -0.084743 -0.00065255
0.440112 -0.0847528 0.0374276
0.45005 -0.179192 -0.0577727
0.469897 -0.0748086 0.0374276
0.405371 -0.179197 -0.0196926
0.469908 -0.184161 0.0374276
0.484798 -0.149365 0.0374276
0.425223 -0.124519 -0.0577727
0.534442 -0.154331 -0.0339727
0.469907 -0.17422 0.0374276
0.405369 -0.164285 -0.00065255
0.484806 -0.228894 -0.0244526
0.469899 -0.0897202 0.0374276
0.405366 -0.129491 -0.0482527
0.514587 -0.174215 0.0374276
0.46991 -0.204043 0.0374276
0.474863 -0.0897197 -0.0577727
0.474861 -0.0698376 0.0374276
0.499684 -0.0847466 0.0374276
0.494726 -0.139423 0.0374276
0.524509 -0.114567 -0.0577727
0.450044 -0.114575 0.0374276
0.474861 -0.0748081 0.0374276
0.479824 -0.0598959 0.0374276
0.474867 -0.129484 0.0374276
0.405358 -0.0599037 -0.00541257
0.534442 -0.154331 -0.0244526
0.405369 -0.164285 -0.0339727
0.43515 -0.109606 0.0374276
0.474868 -0.134455 0.0374276
0.435144 -0.0499595 -0.0101726
0.519555 -0.213979 -0.0577727
0.529479 -0.164272 0.0374276
0.450048 -0.15931 0.0374276
0.534449 -0.218948 0.0374276
0.415305 -0.228901 0.0136275
0.405365 -0.11955 -0.00541257
0.524511 -0.129479 -0.0577727
0.405373 -0.204049 0.0231475
0.47487 -0.159307 0.0374276
0.415305 -0.228901 -0.0577727
0.534447 -0.204036 -0.0196926
0.420251 -0.049961 -0.0577727
0.50962 -0.154333 0.0374276
0.40537 -0.169256 0.0136275
0.435153 -0.134459 -0.0577727
0.420251 -0.0549316 -0.0577727
0.499685 -0.0897172 0.0374276
0.405358 -0.0549331 0.0326676
0.420252 -0.0648727 -0.0577727
0.534444 -0.174213 -0.0482527
0.474877 -0.223924 -0.0577727
0.420253 -0.0698432 -0.0577727
0.405375 -0.218961 -0.0434927
0.420254 -0.0797843 -0.0577727
0.420255 -0.0946959 -0.0577727
0.405373 -0.204049 -0.0530127
0.420256 -0.104637 -0.0577727
0.40536 -0.0748153 -0.0101726
0.405373 -0.204049 0.0136275
0.420257 -0.114578 -0.0577727
0.420258 -0.124519 -0.0577727
0.534443 -0.164272 -0.0149326
0.474865 -0.109602 -0.0577727
0.524506 -0.084744 0.0374276
0.405361 -0.0797859 0.00410747
0.420262 -0.164284 -0.0577727
0.420263 -0.169254 -0.0577727
0.484801 -0.174218 0.0374276
0.499683 -0.0748055 -0.0577727
0.420263 -0.174225 -0.0577727
0.405358 -0.0549331 -0.0482527
0.420264 -0.179195 -0.0577727
0.405358 -0.0599037 0.0231475
0.420265 -0.184166 -0.0577727
0.420265 -0.189136 -0.0577727
0.534448 -0.209007 -0.0196926
0.420266 -0.194107 -0.0577727
0.440127 -0.228899 -0.0101726
0.420267 -0.209018 -0.0577727
0.455014 -0.174221 -0.0577727
0.420268 -0.213989 -0.0577727
0.430185 -0.0996655 0.0374276
0.514583 -0.139421 0.0374276
0.420268 -0.21896 -0.0577727
0.484794 -0.114571 -0.0577727
0.420269 -0.22393 -0.0577727
0.534432 -0.0499492 -0.0530127
0.405359 -0.0648742 0.0374276
0.420269 -0.228901 -0.0577727
0.425216 -0.0599016 -0.0577727
0.534442 -0.154331 0.0231475
0.40537 -0.169256 0.0231475
0.425217 -0.0698427 -0.0577727
0.430179 -0.04996 0.0231475
0.534446 -0.194095 -0.0482527
0.514579 -0.0996567 -0.0577727
0.469903 -0.129485 -0.0577727
0.40537 -0.174226 0.0231475
0.425218 -0.0748132 -0.0577727
0.405358 -0.0549331 -0.0196926
0.469902 -0.124514 -0.0577727
0.529485 -0.223919 0.0374276
0.425219 -0.0897249 -0.0577727
0.514593 -0.228891 -0.0101726
0.42522 -0.0946954 -0.0577727
0.47486 -0.0598965 0.0374276
0.499699 -0.223922 -0.0577727
0.469894 -0.0499559 -0.0387327
0.410328 -0.104638 -0.0577727
0.42522 -0.099666 -0.0577727
0.425221 -0.104637 -0.0577727
0.425222 -0.114578 -0.0577727
0.425223 -0.129489 -0.0577727
0.534441 -0.139419 -0.0292126
0.425224 -0.13446 -0.0577727
0.464946 -0.199073 -0.0577727
0.40537 -0.174226 -0.00065255
0.425224 -0.13943 -0.0577727
0.410322 -0.0499621 -0.0434927
0.529474 -0.119537 -0.0577727
0.410333 -0.154344 -0.0577727
0.425225 -0.149371 -0.0577727
0.534442 -0.154331 0.00886748
0.529483 -0.199066 0.0374276
0.40537 -0.169256 0.0374276
0.425227 -0.169254 -0.0577727
0.534443 -0.159301 -0.0196926
0.410335 -0.179196 -0.0577727
0.425228 -0.174224 -0.0577727
0.534438 -0.114566 0.0136275
0.410335 -0.174226 -0.0577727
0.425228 -0.179195 -0.0577727
0.469909 -0.189131 -0.0577727
0.469905 -0.154337 0.0374276
0.425229 -0.184165 -0.0577727
0.46493 -0.0499564 -0.0339727
0.514576 -0.0648629 -0.0577727
0.534444 -0.169242 -0.00541257
0.425229 -0.189136 -0.0577727
0.499681 -0.0549233 0.0374276
0.430189 -0.13943 -0.0577727
0.405369 -0.159315 0.0279075
0.53444 -0.134448 0.0374276
0.425231 -0.204047 -0.0577727
0.534443 -0.164272 0.00410747
0.425231 -0.209018 -0.0577727
0.479823 -0.0499549 0.0326676
0.425232 -0.213988 -0.0577727
0.534447 -0.199066 0.0326676
0.494728 -0.164276 0.0374276
0.430179 -0.04996 -0.0577727
0.514576 -0.0698334 0.0374276
0.43018 -0.0599011 -0.0577727
0.415305 -0.228901 -0.00065255
0.405365 -0.11955 -0.0101726
0.484788 -0.0499543 -0.0530127
0.430181 -0.0648716 -0.0577727
0.464948 -0.218955 -0.0577727
0.405368 -0.154344 0.0136275
0.474859 -0.0549259 0.0374276
0.430181 -0.0698422 -0.0577727
0.534437 -0.104625 -0.0387327
0.504664 -0.228892 0.0183875
0.484803 -0.199071 -0.0577727
0.524505 -0.0698324 -0.0577727
0.430182 -0.0748127 -0.0577727
0.410338 -0.209019 0.0374276
0.435154 -0.1444 -0.0577727
0.430183 -0.0847538 -0.0577727
0.405375 -0.218961 -0.00065255
0.440108 -0.049959 -0.0149326
0.450042 -0.0946928 -0.0577727
0.430184 -0.0946949 -0.0577727
0.534443 -0.159301 -0.0149326
0.534437 -0.104625 0.0183875
0.440116 -0.124517 0.0374276
0.494723 -0.1096 -0.0577727
0.514581 -0.119539 0.0374276
0.405376 -0.228902 0.0231475
0.514583 -0.139421 -0.0577727
0.430185 -0.0996655 -0.0577727
0.534433 -0.0648608 0.00410747
0.469913 -0.228895 -0.0149326
0.430186 -0.109607 -0.0577727
0.445091 -0.228898 0.0136275
0.430186 -0.114577 -0.0577727
0.534436 -0.0897136 -0.0292126
0.430187 -0.124518 -0.0577727
0.534432 -0.0549197 0.0231475
0.479826 -0.0797781 0.0374276
0.405366 -0.129491 0.0136275
0.499699 -0.228892 -0.0339727
0.430188 -0.129489 -0.0577727
0.455006 -0.0996629 -0.0577727
0.50962 -0.149363 -0.0577727
0.499681 -0.0499528 0.0374276
0.430189 -0.1444 -0.0577727
0.415291 -0.099667 0.0374276
0.489754 -0.069836 -0.0577727
0.43019 -0.149371 -0.0577727
0.45004 -0.0797812 -0.0577727
0.514585 -0.154333 -0.0577727
0.534435 -0.0797725 -0.0149326
0.519555 -0.209008 0.0374276
0.430191 -0.159312 -0.0577727
0.529477 -0.149361 -0.0577727
0.425222 -0.114578 0.0374276
0.430192 -0.169253 -0.0577727
0.430193 -0.179194 -0.0577727
0.524517 -0.189125 -0.0577727
0.430193 -0.184165 -0.0577727
0.504645 -0.0499523 -0.0292126
0.405366 -0.129491 0.00410747
0.430194 -0.189135 -0.0577727
0.489753 -0.0549244 0.0374276
0.519547 -0.129479 -0.0577727
0.52948 -0.169243 -0.0577727
0.405368 -0.149373 0.0326676
0.430194 -0.194106 -0.0577727
0.509619 -0.139422 -0.0577727
0.405367 -0.139432 0.0231475
0.51955 -0.159303 0.0374276
0.420262 -0.159313 -0.0577727
0.430195 -0.199076 -0.0577727
0.459966 -0.0499569 -0.0244526
0.450046 -0.134457 -0.0577727
0.450055 -0.228898 -0.0339727
0.484797 -0.139424 -0.0577727
0.430196 -0.209017 -0.0577727
0.53445 -0.223918 -0.0434927
0.464949 -0.228896 -0.0149326
0.450046 -0.139428 -0.0577727
0.450037 -0.0549285 0.0374276
0.405368 -0.154344 -0.00541257
0.430179 -0.04996 -0.0387327
0.430196 -0.213988 -0.0577727
0.430198 -0.2289 -0.0577727
0.405374 -0.213991 0.0279075
0.435146 -0.0748122 -0.0577727
0.519557 -0.22889 -0.00541257
0.435147 -0.0847533 -0.0577727
0.534441 -0.14439 -0.0149326
0.410323 -0.0648737 -0.0577727
0.435148 -0.0897239 -0.0577727
0.440117 -0.134458 0.0374276
0.435148 -0.0946944 -0.0577727
0.435149 -0.0996649 -0.0577727
0.534434 -0.0698314 -0.0339727
0.405364 -0.11458 0.0326676
0.534437 -0.104625 0.0231475
0.435149 -0.104635 -0.0577727
0.534438 -0.109596 0.0183875
0.43515 -0.109606 -0.0577727
0.534444 -0.169242 -0.0530127
0.405372 -0.189138 -0.0149326
0.43515 -0.114577 -0.0577727
0.494734 -0.223922 -0.0577727
0.504662 -0.21398 -0.0577727
0.405372 -0.194108 -0.0339727
0.420252 -0.0599021 -0.0577727
0.435152 -0.129488 -0.0577727
0.464932 -0.064868 0.0374276
0.435153 -0.139429 -0.0577727
0.40536 -0.0748153 0.0136275
0.435154 -0.14937 -0.0577727
0.440115 -0.114576 -0.0577727
0.405361 -0.0797859 0.0136275
0.420254 -0.0847549 0.0374276
0.435155 -0.154341 -0.0577727
0.420254 -0.0797843 0.0374276
0.435155 -0.159311 -0.0577727
0.435156 -0.164282 -0.0577727
0.425215 -0.0499605 0.0136275
0.405367 -0.144403 0.0326676
0.435156 -0.169253 -0.0577727
0.405364 -0.109609 0.00886748
0.435157 -0.179194 -0.0577727
0.459966 -0.0499569 -0.0101726
0.509627 -0.21895 0.0374276
0.435158 -0.184164 -0.0577727
0.405372 -0.194108 -0.0387327
0.440118 -0.14937 -0.0577727
0.534441 -0.14439 0.00410747
0.435158 -0.189135 -0.0577727
0.534443 -0.159301 0.00410747
0.435159 -0.199076 -0.0577727
0.425218 -0.0797838 -0.0577727
0.43516 -0.204046 -0.0577727
0.514593 -0.228891 -0.0387327
0.435161 -0.213987 -0.0577727
0.435161 -0.218958 -0.0577727
0.534445 -0.184154 -0.0196926
0.405373 -0.199079 0.0279075
0.435162 -0.223929 -0.0577727
0.440109 -0.0549295 -0.0577727
0.499697 -0.20404 -0.0577727
0.440109 -0.0599001 -0.0577727
0.464942 -0.164279 -0.0577727
0.44011 -0.0648706 -0.0577727
0.44011 -0.0698412 -0.0577727
0.450037 -0.0499579 -0.0530127
0.440111 -0.0748117 -0.0577727
0.52947 -0.0748024 -0.0577727
0.455001 -0.0499574 -0.0101726
0.45005 -0.179192 0.0374276
0.440112 -0.0847528 -0.0577727
0.459982 -0.204044 -0.0577727
0.425215 -0.0499605 -0.0577727
0.440113 -0.0996644 -0.0577727
0.519538 -0.0499507 -0.0149326
0.494735 -0.228893 -0.0339727
0.464937 -0.114573 -0.0577727
0.524512 -0.134449 0.0374276
0.435145 -0.0599006 0.0374276
0.440114 -0.104635 -0.0577727
0.440115 -0.119547 -0.0577727
0.445073 -0.0499585 -0.00065255
0.509624 -0.189127 -0.0577727
0.524505 -0.0748029 -0.0577727
0.40537 -0.169256 -0.0149326
0.440116 -0.124517 -0.0577727
0.405366 -0.134462 -0.0244526
0.440116 -0.129488 -0.0577727
0.519549 -0.149362 -0.0577727
0.440117 -0.134458 -0.0577727
0.445086 -0.184163 -0.0577727
0.519549 -0.154332 -0.0577727
0.534442 -0.14936 -0.0577727
0.44012 -0.159311 -0.0577727
0.405373 -0.204049 -0.0196926
0.509613 -0.079775 0.0374276
0.440122 -0.179193 -0.0577727
0.420251 -0.049961 0.00410747
0.519548 -0.139421 -0.0577727
0.41033 -0.12452 0.0374276
0.534443 -0.164272 -0.0577727
0.509613 -0.0847456 0.0374276
0.440122 -0.184164 -0.0577727
0.519538 -0.0499507 -0.0530127
0.430179 -0.04996 -0.0434927
0.534447 -0.199066 0.0231475
0.440125 -0.209016 -0.0577727
0.529484 -0.213978 -0.0577727
0.499681 -0.0499528 0.0326676
0.405364 -0.109609 0.0279075
0.474859 -0.0499554 -0.0196926
0.440126 -0.223928 -0.0577727
0.479826 -0.0748076 -0.0577727
0.440127 -0.228899 -0.0577727
0.445075 -0.0748112 -0.0577727
0.405358 -0.0599037 -0.0292126
0.455002 -0.0598985 -0.0577727
0.524506 -0.084744 -0.0577727
0.415296 -0.144402 -0.0577727
0.445076 -0.0797817 -0.0577727
0.405362 -0.0946975 -0.0530127
0.455003 -0.0648691 -0.0577727
0.405371 -0.179197 -0.0530127
0.529484 -0.209007 -0.0577727
0.405366 -0.134462 -0.0101726
0.425215 -0.0499605 0.0374276
0.445076 -0.0847523 -0.0577727
0.514582 -0.124509 -0.0577727
0.534442 -0.154331 -0.0482527
0.405369 -0.164285 -0.0101726
0.440119 -0.15434 -0.0577727
0.445078 -0.104634 -0.0577727
0.534445 -0.179183 -0.0577727
0.534441 -0.14439 -0.0292126
0.445079 -0.109605 -0.0577727
0.504664 -0.228892 -0.0530127
0.445079 -0.114576 -0.0577727
0.405371 -0.184167 0.0279075
0.44508 -0.119546 -0.0577727
0.44508 -0.124517 -0.0577727
0.514589 -0.194097 -0.0577727
0.529477 -0.14439 -0.0577727
0.445081 -0.129487 -0.0577727
0.445082 -0.144399 -0.0577727
0.445083 -0.149369 -0.0577727
0.445083 -0.15434 -0.0577727
0.445086 -0.179193 -0.0577727
0.420269 -0.228901 -0.0530127
0.445087 -0.189134 -0.0577727
0.445087 -0.194104 -0.0577727
0.524513 -0.144391 -0.0577727
0.489771 -0.228893 -0.0387327
0.445089 -0.204045 -0.0577727
0.40536 -0.0698448 -0.00065255
0.445089 -0.209016 -0.0577727
0.44509 -0.213986 -0.0577727
0.489758 -0.1096 -0.0577727
0.405357 -0.0499626 0.00886748
0.445091 -0.223928 -0.0577727
0.445091 -0.228898 -0.0577727
0.450037 -0.0549285 -0.0577727
0.450038 -0.059899 -0.0577727
0.494716 -0.0499533 -0.0339727
0.509616 -0.114569 0.0374276
0.450038 -0.0648696 -0.0577727
0.45004 -0.0748107 -0.0577727
0.450041 -0.0847518 -0.0577727
0.455001 -0.0499574 -0.0577727
0.450042 -0.0996634 -0.0577727
0.405364 -0.109609 0.0326676
0.459984 -0.228897 0.0231475
0.450043 -0.109604 -0.0577727
0.450044 -0.114575 -0.0577727
0.499689 -0.124511 0.0374276
0.405361 -0.0797859 0.00886748
0.440125 -0.213987 -0.0577727
0.459972 -0.114574 -0.0577727
0.450044 -0.119546 -0.0577727
0.450047 -0.144398 -0.0577727
0.534449 -0.213977 -0.0530127
0.40536 -0.0698448 -0.0196926
0.514581 -0.114568 0.0374276
0.450048 -0.15931 -0.0577727
0.405361 -0.0797859 -0.0292126
0.450049 -0.16428 -0.0577727
0.45005 -0.174222 -0.0577727
0.450052 -0.194104 -0.0577727
0.450053 -0.209015 -0.0577727
0.450054 -0.218956 -0.0577727
0.440108 -0.049959 -0.00065255
0.405358 -0.0599037 0.00410747
0.44509 -0.213986 0.0374276
0.479836 -0.169248 0.0374276
0.455003 -0.0698396 -0.0577727
0.455005 -0.0847512 -0.0577727
0.430198 -0.2289 -0.0387327
0.455007 -0.104633 -0.0577727
0.405366 -0.134462 0.0183875
0.484791 -0.0847482 -0.0577727
0.529467 -0.0499497 0.0136275
0.455007 -0.109604 -0.0577727
0.415286 -0.0499616 0.0279075
0.40536 -0.0748153 0.00410747
0.534436 -0.0897136 -0.0149326
0.45501 -0.134457 -0.0577727
0.519556 -0.218949 -0.0577727
0.405359 -0.0648742 0.0136275
0.455011 -0.144398 -0.0577727
0.455012 -0.149368 -0.0577727
0.50961 -0.0499518 0.0136275
0.529482 -0.194095 0.0374276
0.405369 -0.164285 0.00886748
0.455014 -0.169251 -0.0577727
0.455015 -0.179192 -0.0577727
0.504645 -0.0499523 -0.0339727
0.534432 -0.0549197 0.0136275
0.405366 -0.129491 -0.00065255
0.455016 -0.189133 -0.0577727
0.514586 -0.164274 0.0374276
0.455016 -0.194103 -0.0577727
0.405373 -0.199079 -0.00541257
0.44509 -0.218957 -0.0577727
0.455017 -0.204044 -0.0577727
0.534435 -0.084743 -0.0530127
0.405363 -0.099668 0.0374276
0.455018 -0.209015 -0.0577727
0.405363 -0.099668 -0.0101726
0.534436 -0.0897136 -0.0530127
0.455018 -0.213985 -0.0577727
0.464943 -0.179191 -0.0577727
0.455019 -0.218956 -0.0577727
0.455019 -0.223926 -0.0577727
0.534439 -0.124507 -0.0149326
0.45502 -0.228897 -0.0577727
0.459966 -0.0499569 -0.0577727
0.494723 -0.11457 -0.0577727
0.459967 -0.059898 -0.0577727
0.529475 -0.124508 -0.0577727
0.459968 -0.0748096 -0.0577727
0.499681 -0.0499528 -0.0292126
0.464949 -0.228896 0.0326676
0.45997 -0.0897213 -0.0577727
0.459971 -0.0996624 -0.0577727
0.534432 -0.0549197 -0.00541257
0.4153 -0.184166 -0.0577727
0.405366 -0.129491 0.0326676
0.499689 -0.129482 0.0374276
0.459972 -0.109603 -0.0577727
0.534439 -0.124507 -0.0530127
0.474874 -0.194101 0.0374276
0.469895 -0.0549264 0.0374276
0.529485 -0.218948 -0.0577727
0.459973 -0.124515 -0.0577727
0.405369 -0.159315 0.0326676
0.459975 -0.139427 -0.0577727
0.405362 -0.0946975 -0.0292126
0.529472 -0.0996552 0.0374276
0.459976 -0.149368 -0.0577727
0.459978 -0.16925 -0.0577727
0.459979 -0.174221 -0.0577727
0.459979 -0.179191 -0.0577727
0.440127 -0.228899 -0.0434927
0.514578 -0.0847451 0.0374276
0.459981 -0.194103 -0.0577727
0.459983 -0.218955 -0.0577727
0.479842 -0.228894 -0.00065255
0.40536 -0.0748153 -0.0530127
0.534433 -0.0598903 0.0374276
0.514586 -0.169244 -0.0577727
0.479823 -0.0499549 -0.00541257
0.464932 -0.064868 -0.0577727
0.534441 -0.139419 -0.00541257
0.464944 -0.184161 -0.0577727
0.519544 -0.0996562 -0.0577727
0.464932 -0.0698386 -0.0577727
0.519544 -0.104627 -0.0577727
0.464934 -0.0847502 -0.0577727
0.405363 -0.104639 0.0231475
0.464935 -0.0946913 -0.0577727
0.529476 -0.134449 -0.0577727
0.534445 -0.184154 -0.00541257
0.42523 -0.199077 -0.0577727
0.405373 -0.199079 0.0183875
0.464935 -0.0996618 -0.0577727
0.464936 -0.109603 -0.0577727
0.464938 -0.124515 -0.0577727
0.464939 -0.139426 -0.0577727
0.494716 -0.0499533 0.0279075
0.469906 -0.159308 -0.0577727
0.46494 -0.144397 -0.0577727
0.46494 -0.149367 -0.0577727
0.464941 -0.159308 -0.0577727
0.534439 -0.124507 -0.00065255
0.45502 -0.228897 -0.0434927
0.464943 -0.17422 -0.0577727
0.425234 -0.2289 -0.0244526
0.464945 -0.194102 -0.0577727
0.464947 -0.209014 -0.0577727
0.405362 -0.0946975 0.0183875
0.464947 -0.213984 -0.0577727
0.469894 -0.0499559 -0.0577727
0.474874 -0.199072 -0.0577727
0.534442 -0.14936 0.00886748
0.405369 -0.164285 0.0136275
0.529485 -0.218948 0.0374276
0.469895 -0.0549264 -0.0577727
0.474874 -0.194101 -0.0577727
0.469896 -0.059897 -0.0577727
0.405373 -0.199079 0.00886748
0.534435 -0.0797725 -0.0530127
0.469897 -0.0748086 -0.0577727
0.464938 -0.124515 0.0374276
0.469898 -0.0797792 -0.0577727
0.469894 -0.0499559 -0.0196926
0.4699 -0.0996613 -0.0577727
0.40537 -0.174226 0.00410747
0.534444 -0.169242 -0.0101726
0.514593 -0.228891 0.0231475
0.4699 -0.104632 -0.0577727
0.529477 -0.149361 0.0374276
0.405362 -0.0897269 0.00886748
0.40537 -0.169256 0.00410747
0.469901 -0.109602 -0.0577727
0.529476 -0.13942 0.0374276
0.405363 -0.099668 0.0231475
0.469902 -0.119544 -0.0577727
0.469903 -0.134455 -0.0577727
0.469904 -0.144396 -0.0577727
0.435144 -0.0499595 -0.0387327
0.405364 -0.11458 -0.00065255
0.469907 -0.169249 -0.0577727
0.415305 -0.228901 0.0231475
0.405365 -0.11955 0.0136275
0.469908 -0.17919 -0.0577727
0.489752 -0.0499538 -0.0339727
0.46991 -0.199072 -0.0577727
0.46991 -0.204043 -0.0577727
0.534435 -0.084743 -0.0244526
0.415288 -0.0698437 0.0374276
0.469911 -0.209013 -0.0577727
0.405364 -0.109609 -0.0101726
0.440108 -0.049959 -0.0434927
0.420269 -0.228901 0.00886748
0.534432 -0.0499492 0.0374276
0.469912 -0.218954 -0.0577727
0.489771 -0.228893 -0.00541257
0.415299 -0.174225 -0.0577727
0.469913 -0.223925 -0.0577727
0.405372 -0.194108 -0.0149326
0.529486 -0.228889 -0.0577727
0.469913 -0.228895 -0.0577727
0.474859 -0.0499554 -0.0577727
0.494726 -0.144394 -0.0577727
0.474861 -0.0698376 -0.0577727
0.474862 -0.0847492 -0.0577727
0.474863 -0.0946903 -0.0577727
0.534445 -0.179183 -0.00065255
0.534439 -0.124507 0.0231475
0.474864 -0.0996608 -0.0577727
0.474866 -0.114572 -0.0577727
0.489771 -0.228893 -0.0244526
0.474866 -0.119543 -0.0577727
0.405359 -0.0648742 -0.0577727
0.420269 -0.228901 0.0374276
0.474867 -0.124514 -0.0577727
0.474877 -0.228895 -0.0434927
0.524521 -0.22889 0.0374276
0.474867 -0.129484 -0.0577727
0.464935 -0.0996618 0.0374276
0.474869 -0.144396 -0.0577727
0.47487 -0.159307 -0.0577727
0.504648 -0.074805 -0.0577727
0.44012 -0.164282 -0.0577727
0.474871 -0.169248 -0.0577727
0.474873 -0.189131 -0.0577727
0.435162 -0.228899 0.0231475
0.410336 -0.184167 -0.0577727
0.474875 -0.209013 -0.0577727
0.445091 -0.228898 -0.0482527
0.499693 -0.169246 -0.0577727
0.405363 -0.099668 0.0326676
0.534435 -0.084743 -0.0577727
0.405371 -0.179197 0.0279075
0.534437 -0.0996546 -0.0530127
0.474876 -0.213983 -0.0577727
0.474876 -0.218954 -0.0577727
0.479824 -0.0549254 -0.0577727
0.479826 -0.0797781 -0.0577727
0.479827 -0.0897192 -0.0577727
0.504645 -0.0499523 -0.0387327
0.534432 -0.0549197 0.00886748
0.41034 -0.228902 -0.0530127
0.455017 -0.204044 0.0374276
0.44509 -0.218957 0.0374276
0.405366 -0.129491 -0.00541257
0.450049 -0.169251 0.0374276
0.479829 -0.104631 -0.0577727
0.489761 -0.139424 -0.0577727
0.46493 -0.0499564 0.0326676
0.47983 -0.114572 -0.0577727
0.529478 -0.159302 -0.0577727
0.47983 -0.119542 -0.0577727
0.479832 -0.129484 -0.0577727
0.479832 -0.134454 -0.0577727
0.514589 -0.199068 -0.0577727
0.494716 -0.0499533 -0.0387327
0.534436 -0.0897136 -0.0482527
0.479835 -0.164277 -0.0577727
0.479837 -0.18416 -0.0577727
0.479838 -0.18913 -0.0577727
0.440127 -0.228899 0.00886748
0.479839 -0.199071 -0.0577727
0.405374 -0.20902 0.00410747
0.534446 -0.189124 0.0183875
0.479839 -0.204042 -0.0577727
0.430196 -0.213988 0.0374276
0.405374 -0.213991 0.0183875
0.534446 -0.194095 0.0183875
0.494729 -0.169246 0.0374276
0.47984 -0.209012 -0.0577727
0.415304 -0.21896 0.0374276
0.47984 -0.213983 -0.0577727
0.534436 -0.0946841 -0.0292126
0.534441 -0.14439 0.0326676
0.529482 -0.189125 -0.0577727
0.415287 -0.0599026 0.0374276
0.504657 -0.164275 -0.0577727
0.479841 -0.218953 -0.0577727
0.499695 -0.189128 0.0374276
0.484789 -0.0598954 -0.0577727
0.405371 -0.184167 -0.00065255
0.524503 -0.0499502 0.00886748
0.484789 -0.064866 -0.0577727
0.50961 -0.0499518 0.0231475
0.48479 -0.0698365 -0.0577727
0.48479 -0.0748071 -0.0577727
0.484792 -0.0897187 -0.0577727
0.484792 -0.0946892 -0.0577727
0.534443 -0.164272 0.0326676
0.499682 -0.0598939 0.0374276
0.425218 -0.0748132 0.0374276
0.484793 -0.0996598 -0.0577727
0.435144 -0.0499595 -0.0339727
0.455002 -0.054928 -0.0577727
0.405364 -0.11458 0.0183875
0.435149 -0.104635 0.0374276
0.484793 -0.10463 -0.0577727
0.405369 -0.164285 -0.0292126
0.410323 -0.0599032 0.0374276
0.484794 -0.109601 -0.0577727
0.484795 -0.119542 -0.0577727
0.425219 -0.0897249 0.0374276
0.484796 -0.129483 -0.0577727
0.534439 -0.124507 -0.0339727
0.484796 -0.134454 -0.0577727
0.534444 -0.174213 -0.0339727
0.464943 -0.179191 0.0374276
0.484798 -0.154336 -0.0577727
0.50962 -0.149363 0.0374276
0.499683 -0.069835 -0.0577727
0.4848 -0.164277 -0.0577727
0.459966 -0.0549275 -0.0577727
0.469904 -0.139426 -0.0577727
0.4848 -0.169247 -0.0577727
0.534435 -0.0797725 0.0183875
0.509623 -0.184156 -0.0577727
0.484801 -0.174218 -0.0577727
0.484801 -0.179189 -0.0577727
0.484802 -0.184159 -0.0577727
0.484802 -0.18913 -0.0577727
0.53445 -0.228889 0.0136275
0.499699 -0.223922 0.0374276
0.405361 -0.0797859 0.0279075
0.455015 -0.184162 0.0374276
0.484804 -0.204041 -0.0577727
0.534438 -0.109596 -0.0387327
0.484804 -0.209012 -0.0577727
0.484805 -0.213982 -0.0577727
0.53444 -0.129478 -0.0530127
0.484806 -0.223923 -0.0577727
0.524503 -0.0499502 -0.0196926
0.430182 -0.0797833 -0.0577727
0.489753 -0.0598949 -0.0577727
0.504652 -0.114569 0.0374276
0.489754 -0.0648655 -0.0577727
0.405373 -0.199079 0.0326676
0.489755 -0.0797771 -0.0577727
0.489756 -0.0897182 -0.0577727
0.405362 -0.0897269 -0.0530127
0.504657 -0.159304 -0.0577727
0.489757 -0.0946887 -0.0577727
0.405366 -0.134462 0.0136275
0.489759 -0.114571 -0.0577727
0.52947 -0.079773 0.0374276
0.489767 -0.19907 0.0374276
0.48976 -0.124512 -0.0577727
0.425221 -0.109607 0.0374276
0.48976 -0.129483 -0.0577727
0.534443 -0.164272 -0.0339727
0.489761 -0.134453 -0.0577727
0.489762 -0.144394 -0.0577727
0.534445 -0.184154 -0.0577727
0.494716 -0.0499533 0.00410747
0.489763 -0.159306 -0.0577727
0.435152 -0.124518 -0.0577727
0.489765 -0.174217 -0.0577727
0.489765 -0.179188 -0.0577727
0.489766 -0.184159 -0.0577727
0.479837 -0.18416 0.0374276
0.489767 -0.1941 -0.0577727
0.489767 -0.19907 -0.0577727
0.51954 -0.0648624 -0.0577727
0.489769 -0.213982 -0.0577727
0.48977 -0.218952 -0.0577727
0.455001 -0.0499574 0.0231475
0.415302 -0.204048 0.0374276
0.504658 -0.174216 -0.0577727
0.494718 -0.0648649 -0.0577727
0.49472 -0.0797766 -0.0577727
0.499699 -0.228892 -0.0577727
0.450037 -0.0499579 -0.00541257
0.405365 -0.11955 0.0231475
0.494721 -0.0946882 -0.0577727
0.494722 -0.0996588 -0.0577727
0.405376 -0.223932 0.0279075
0.534438 -0.114566 0.0231475
0.494722 -0.104629 -0.0577727
0.415286 -0.0499616 -0.0196926
0.40536 -0.0698448 0.0326676
0.430191 -0.164283 -0.0577727
0.484799 -0.159306 -0.0577727
0.494724 -0.119541 -0.0577727
0.440126 -0.218957 0.0374276
0.494726 -0.139423 -0.0577727
0.494727 -0.149364 -0.0577727
0.494727 -0.154335 -0.0577727
0.484788 -0.0499543 0.0183875
0.494728 -0.159305 -0.0577727
0.494728 -0.164276 -0.0577727
0.524503 -0.0499502 -0.00541257
0.464942 -0.169249 -0.0577727
0.494729 -0.174217 -0.0577727
0.445081 -0.134458 0.0374276
0.494733 -0.213981 -0.0577727
0.425226 -0.154342 0.0374276
0.494734 -0.218952 -0.0577727
0.519538 -0.0499507 0.00886748
0.469902 -0.124514 0.0374276
0.494735 -0.228893 -0.0577727
0.499682 -0.0598939 -0.0577727
0.499684 -0.0847466 -0.0577727
0.499685 -0.0897172 -0.0577727
0.494735 -0.228893 -0.0101726
0.499685 -0.0946877 -0.0577727
0.504653 -0.12451 0.0374276
0.499686 -0.0996582 -0.0577727
0.534447 -0.199066 -0.0530127
0.499689 -0.124511 -0.0577727
0.499691 -0.149364 -0.0577727
0.499692 -0.154334 -0.0577727
0.494716 -0.0499533 -0.0434927
0.499692 -0.159305 -0.0577727
0.499694 -0.174216 -0.0577727
0.499696 -0.194099 -0.0577727
0.534449 -0.213977 -0.0577727
0.534447 -0.199066 -0.0339727
0.50466 -0.194098 -0.0577727
0.499698 -0.218951 -0.0577727
0.46493 -0.0499564 -0.0482527
0.504649 -0.0847461 -0.0577727
0.50465 -0.0996577 -0.0577727
0.474865 -0.104631 -0.0577727
0.504651 -0.104628 -0.0577727
0.504652 -0.11954 -0.0577727
0.415286 -0.0499616 0.0374276
0.504654 -0.134452 -0.0577727
0.474859 -0.0499554 -0.0530127
0.504655 -0.149363 -0.0577727
0.504659 -0.179186 -0.0577727
0.445073 -0.0499585 -0.0149326
0.50466 -0.189128 -0.0577727
0.504662 -0.20901 -0.0577727
0.410323 -0.0648737 0.0374276
0.504664 -0.228892 -0.0577727
0.529468 -0.0549203 -0.0577727
0.50961 -0.0549223 -0.0577727
0.509612 -0.0698339 -0.0577727
0.509613 -0.0847456 -0.0577727
0.509614 -0.0946867 -0.0577727
0.509615 -0.0996572 -0.0577727
0.435144 -0.0499595 -0.0530127
0.519547 -0.129479 0.0374276
0.509616 -0.114569 -0.0577727
0.534434 -0.0748019 0.0231475
0.509617 -0.119539 -0.0577727
0.509617 -0.12451 -0.0577727
0.40536 -0.0698448 -0.0101726
0.405366 -0.134462 0.00886748
0.509618 -0.12948 -0.0577727
0.420269 -0.228901 -0.0101726
0.405359 -0.0648742 -0.0101726
0.509618 -0.134451 -0.0577727
0.509619 -0.144392 -0.0577727
0.509621 -0.159304 -0.0577727
0.509621 -0.164274 -0.0577727
0.509622 -0.169245 -0.0577727
0.529486 -0.228889 -0.0434927
0.509622 -0.174215 -0.0577727
0.529476 -0.13942 -0.0577727
0.469894 -0.0499559 -0.00065255
0.534445 -0.179183 0.00886748
0.509623 -0.179186 -0.0577727
0.52451 -0.119538 0.0374276
0.509625 -0.194098 -0.0577727
0.405364 -0.109609 -0.0149326
0.509625 -0.199068 -0.0577727
0.509627 -0.21895 -0.0577727
0.534447 -0.204036 -0.0292126
0.514575 -0.0598923 -0.0577727
0.420269 -0.228901 -0.0244526
0.464933 -0.0748091 -0.0577727
0.405359 -0.0648742 0.0183875
0.514576 -0.0698334 -0.0577727
0.494717 -0.0598944 -0.0577727
0.405363 -0.104639 0.0326676
0.514577 -0.074804 -0.0577727
0.53445 -0.228889 -0.0530127
0.514578 -0.0847451 -0.0577727
0.534446 -0.189124 -0.0149326
0.455013 -0.159309 -0.0577727
0.514578 -0.0897156 -0.0577727
0.499695 -0.184158 -0.0577727
0.51458 -0.104627 -0.0577727
0.51458 -0.109598 -0.0577727
0.415286 -0.0499616 -0.0530127
0.514581 -0.114568 -0.0577727
0.514581 -0.119539 -0.0577727
0.420267 -0.209018 0.0374276
0.514583 -0.134451 -0.0577727
0.405359 -0.0648742 0.00886748
0.405358 -0.0599037 -0.0530127
0.459976 -0.144397 -0.0577727
0.514584 -0.149362 -0.0577727
0.534436 -0.0946841 0.0136275
0.514588 -0.184156 -0.0577727
0.51459 -0.209009 -0.0577727
0.514591 -0.213979 -0.0577727
0.514592 -0.22392 -0.0577727
0.494732 -0.20404 0.0374276
0.514593 -0.228891 -0.0577727
0.534447 -0.199066 0.0279075
0.519538 -0.0499507 -0.0577727
0.489769 -0.213982 0.0374276
0.504651 -0.109599 -0.0577727
0.519539 -0.0549213 -0.0577727
0.47486 -0.064867 -0.0577727
0.519539 -0.0598918 -0.0577727
0.51954 -0.0698329 -0.0577727
0.519541 -0.079774 -0.0577727
0.519542 -0.0897151 -0.0577727
0.459966 -0.0499569 -0.00065255
0.519545 -0.109597 -0.0577727
0.519545 -0.114568 -0.0577727
0.504645 -0.0499523 0.0326676
0.445091 -0.228898 -0.0339727
0.519546 -0.119538 -0.0577727
0.504645 -0.0499523 -0.0149326
0.534432 -0.0549197 -0.0149326
0.430188 -0.134459 -0.0577727
0.529481 -0.184154 -0.0577727
0.519546 -0.124509 -0.0577727
0.51955 -0.164273 -0.0577727
0.474869 -0.144396 0.0374276
0.519551 -0.169244 -0.0577727
0.435157 -0.174223 -0.0577727
0.519552 -0.184155 -0.0577727
0.405367 -0.139432 -0.0339727
0.519553 -0.194097 -0.0577727
0.53445 -0.223918 -0.0482527
0.519554 -0.204038 -0.0577727
0.405368 -0.154344 -0.0434927
0.430191 -0.159312 0.0374276
0.519555 -0.209008 -0.0577727
0.405373 -0.204049 0.0183875
0.519556 -0.22392 -0.0577727
0.504647 -0.0648639 -0.0577727
0.405367 -0.139432 0.00410747
0.52451 -0.124508 -0.0577727
0.519557 -0.22889 -0.0577727
0.534446 -0.189124 0.00410747
0.524503 -0.0499502 -0.0577727
0.524504 -0.0648619 -0.0577727
0.53445 -0.228889 -0.0149326
0.405357 -0.0499626 -0.0482527
0.524506 -0.0797735 -0.0577727
0.52451 -0.119538 -0.0577727
0.405363 -0.104639 -0.00541257
0.440114 -0.104635 0.0374276
0.435145 -0.0599006 -0.0577727
0.524512 -0.134449 -0.0577727
0.43516 -0.209017 -0.0577727
0.524515 -0.169243 -0.0577727
0.524516 -0.179184 -0.0577727
0.484805 -0.218953 -0.0577727
0.524517 -0.184155 -0.0577727
0.534445 -0.184154 -0.0101726
0.53444 -0.129478 0.0231475
0.529486 -0.228889 0.0326676
0.524519 -0.204037 -0.0577727
0.534441 -0.139419 0.0231475
0.469899 -0.0946908 -0.0577727
0.524519 -0.209008 -0.0577727
0.52452 -0.213978 -0.0577727
0.405375 -0.218961 0.00410747
0.52452 -0.218949 -0.0577727
0.524521 -0.223919 -0.0577727
0.529468 -0.0598908 -0.0577727
0.529469 -0.0648613 -0.0577727
0.405374 -0.20902 0.00886748
0.529469 -0.0698319 -0.0577727
0.509613 -0.079775 -0.0577727
0.52947 -0.079773 -0.0577727
0.459976 -0.144397 0.0374276
0.529471 -0.0897141 -0.0577727
0.529472 -0.0946846 -0.0577727
0.529472 -0.0996552 -0.0577727
0.529473 -0.104626 -0.0577727
0.529473 -0.109596 -0.0577727
0.534434 -0.0698314 -0.0196926
0.529479 -0.164272 -0.0577727
0.405369 -0.164285 -0.0434927
0.425227 -0.169254 0.0374276
0.529483 -0.199066 -0.0577727
0.40537 -0.169256 -0.0530127
0.529483 -0.204037 -0.0577727
0.405363 -0.104639 -0.00065255
0.534433 -0.0648608 -0.0577727
0.534434 -0.0698314 -0.0577727
0.46494 -0.144397 0.0374276
0.534436 -0.0897136 -0.0577727
0.534438 -0.109596 -0.0577727
0.534442 -0.154331 -0.0577727
0.514593 -0.228891 -0.0244526
0.405372 -0.189138 -0.0339727
0.534444 -0.169242 -0.0577727
0.534444 -0.174213 -0.0577727
0.484795 -0.124513 0.0374276
0.534447 -0.199066 -0.0577727
0.450052 -0.199074 -0.0577727
0.534447 -0.204036 -0.0577727
0.534435 -0.0797725 -0.0434927
0.53445 -0.223918 -0.0577727
0.420261 -0.149372 0.0374276
0.405357 -0.0499626 0.0326676
0.494718 -0.0698355 -0.0577727
0.405358 -0.0599037 0.0326676
0.450041 -0.0847518 0.0374276
0.405359 -0.0648742 0.0326676
0.49969 -0.134452 -0.0577727
0.405362 -0.0897269 0.0326676
0.405362 -0.0946975 0.0326676
0.50961 -0.0499518 -0.0577727
0.405369 -0.164285 0.0326676
0.435159 -0.194105 -0.0577727
0.474876 -0.218954 0.0374276
0.40537 -0.169256 0.0326676
0.534443 -0.159301 0.0136275
0.40537 -0.174226 0.0326676
0.405371 -0.179197 0.0326676
0.534445 -0.179183 -0.0339727
0.494733 -0.209011 0.0374276
0.405372 -0.194108 0.0326676
0.494724 -0.124511 0.0374276
0.405373 -0.204049 0.0326676
0.430196 -0.209017 0.0374276
0.405374 -0.20902 0.0326676
0.405374 -0.213991 0.0326676
0.474877 -0.228895 0.0279075
0.430192 -0.169253 0.0374276
0.405376 -0.223932 0.0326676
0.494728 -0.159305 0.0374276
0.405358 -0.0549331 0.0279075
0.440108 -0.049959 0.0231475
0.405358 -0.0599037 0.0279075
0.40537 -0.174226 0.00886748
0.405359 -0.0648742 0.0279075
0.405361 -0.0847564 0.0279075
0.405362 -0.0897269 0.0279075
0.405362 -0.0946975 0.0279075
0.405363 -0.104639 0.0279075
0.405366 -0.129491 0.0279075
0.4848 -0.164277 0.0374276
0.405367 -0.139432 0.0279075
0.509624 -0.189127 0.0374276
0.405368 -0.149373 0.0279075
0.534435 -0.0797725 0.00886748
0.405368 -0.154344 0.0279075
0.534443 -0.159301 0.0183875
0.484804 -0.204041 0.0374276
0.509618 -0.134451 0.0374276
0.40537 -0.174226 0.0279075
0.405372 -0.189138 0.0279075
0.405372 -0.194108 0.0279075
0.405375 -0.218961 0.0279075
0.405376 -0.228902 0.0279075
0.440127 -0.228899 0.0183875
0.405357 -0.0499626 0.0231475
0.48977 -0.223923 0.0374276
0.440124 -0.199075 -0.0577727
0.405358 -0.0549331 0.0231475
0.410322 -0.0499621 0.0136275
0.405361 -0.0847564 0.0231475
0.469911 -0.213984 0.0374276
0.405362 -0.0897269 0.0231475
0.534434 -0.0698314 -0.0244526
0.405364 -0.11458 0.0231475
0.519555 -0.213979 0.0374276
0.405365 -0.124521 0.0231475
0.405366 -0.134462 0.0231475
0.50961 -0.0499518 0.00410747
0.445078 -0.0996639 -0.0577727
0.405369 -0.164285 0.0231475
0.405371 -0.179197 0.0231475
0.405363 -0.099668 -0.00541257
0.494731 -0.194099 -0.0577727
0.405371 -0.184167 0.0231475
0.405372 -0.194108 0.0231475
0.534445 -0.184154 0.0231475
0.529486 -0.228889 0.0279075
0.405373 -0.199079 0.0231475
0.405374 -0.213991 0.0231475
0.474877 -0.228895 0.0374276
0.405376 -0.223932 0.0231475
0.405358 -0.0549331 0.0183875
0.405358 -0.0599037 0.0183875
0.40536 -0.0698448 0.0183875
0.415286 -0.0499616 -0.00541257
0.40536 -0.0748153 0.0183875
0.504655 -0.144393 -0.0577727
0.405361 -0.0797859 0.0183875
0.410322 -0.0499621 -0.0292126
0.405361 -0.0847564 0.0183875
0.405364 -0.109609 0.0183875
0.415305 -0.228901 0.0374276
0.405365 -0.11955 0.0183875
0.469906 -0.164278 -0.0577727
0.405365 -0.124521 0.0183875
0.430188 -0.134459 0.0374276
0.405366 -0.129491 0.0183875
0.405367 -0.139432 0.0183875
0.405368 -0.154344 0.0183875
0.534442 -0.14936 0.00410747
0.474876 -0.213983 0.0374276
0.405369 -0.164285 0.0183875
0.40537 -0.174226 0.0183875
0.405371 -0.179197 0.0183875
0.405363 -0.099668 -0.00065255
0.405371 -0.184167 0.0183875
0.534445 -0.179183 0.0279075
0.405372 -0.194108 0.0183875
0.405374 -0.20902 0.0183875
0.405376 -0.223932 0.0183875
0.420266 -0.194107 0.0374276
0.405376 -0.228902 0.0183875
0.405357 -0.0499626 0.0136275
0.534449 -0.218948 -0.00065255
0.40536 -0.0698448 0.0136275
0.405361 -0.0847564 0.0136275
0.405363 -0.104639 0.0136275
0.469898 -0.0797792 0.0374276
0.405364 -0.109609 0.0136275
0.425234 -0.2289 -0.0149326
0.405376 -0.223932 -0.00541257
0.534443 -0.159301 -0.0530127
0.40537 -0.174226 0.0136275
0.405362 -0.0897269 -0.00065255
0.405371 -0.179197 0.0136275
0.405371 -0.184167 0.0136275
0.534439 -0.119537 0.0231475
0.405372 -0.189138 0.0136275
0.534439 -0.124507 0.0326676
0.42523 -0.194106 -0.0577727
0.405372 -0.194108 0.0136275
0.534445 -0.184154 -0.0149326
0.53444 -0.129478 0.0279075
0.529486 -0.228889 0.0136275
0.405373 -0.199079 0.0136275
0.405374 -0.20902 0.0136275
0.450055 -0.228898 0.0374276
0.464937 -0.119544 -0.0577727
0.455004 -0.0797807 0.0374276
0.405374 -0.213991 0.0136275
0.405375 -0.218961 0.0136275
0.405376 -0.228902 0.0136275
0.405358 -0.0549331 0.00886748
0.40536 -0.0698448 0.00886748
0.410322 -0.0499621 -0.0244526
0.45998 -0.184162 -0.0577727
0.405361 -0.0847564 0.00886748
0.529477 -0.14439 0.0374276
0.405362 -0.0946975 0.00886748
0.405371 -0.179197 -0.00065255
0.405363 -0.099668 0.00886748
0.415305 -0.228901 0.00410747
0.405365 -0.11955 0.00886748
0.509627 -0.21398 -0.0577727
0.405365 -0.124521 0.00886748
0.534432 -0.0549197 0.0183875
0.499693 -0.169246 0.0374276
0.405366 -0.129491 0.00886748
0.410324 -0.0748148 0.0374276
0.405367 -0.139432 0.00886748
0.440113 -0.0996644 0.0374276
0.405367 -0.144403 0.00886748
0.524513 -0.149361 0.0374276
0.405368 -0.149373 0.00886748
0.534435 -0.0797725 0.0279075
0.405368 -0.154344 0.00886748
0.534443 -0.159301 -0.0387327
0.40537 -0.169256 0.00886748
0.405371 -0.179197 0.00886748
0.405362 -0.0946975 -0.00541257
0.529484 -0.213978 0.0374276
0.405372 -0.189138 0.00886748
0.534445 -0.179183 -0.0101726
0.534439 -0.124507 0.0374276
0.524518 -0.199067 -0.0577727
0.405372 -0.194108 0.00886748
0.405374 -0.213991 0.00886748
0.455007 -0.109604 0.0374276
0.405375 -0.218961 0.00886748
0.524521 -0.22889 -0.0577727
0.405376 -0.223932 0.00886748
0.405376 -0.228902 0.00886748
0.455006 -0.0946923 0.0374276
0.405359 -0.0648742 0.00410747
0.410322 -0.0499621 -0.0149326
0.405361 -0.0847564 0.00410747
0.405362 -0.0897269 0.00410747
0.40537 -0.169256 -0.0101726
0.405363 -0.099668 0.00410747
0.479841 -0.223924 -0.0577727
0.405363 -0.104639 0.00410747
0.519544 -0.0996562 0.0374276
0.405364 -0.109609 0.00410747
0.494716 -0.0499533 0.0326676
0.405364 -0.11458 0.00410747
0.405365 -0.11955 0.00410747
0.464939 -0.134456 -0.0577727
0.405365 -0.124521 0.00410747
0.405366 -0.134462 0.00410747
0.405374 -0.20902 -0.00541257
0.405368 -0.149373 0.00410747
0.405375 -0.218961 -0.00541257
0.534435 -0.0797725 0.0326676
0.524514 -0.154332 0.0374276
0.440115 -0.114576 0.0374276
0.405368 -0.154344 0.00410747
0.534442 -0.154331 -0.0387327
0.405369 -0.164285 0.00410747
0.405371 -0.179197 0.00410747
0.405362 -0.0946975 -0.0101726
0.405371 -0.184167 0.00410747
0.405372 -0.189138 0.00410747
0.405373 -0.204049 0.00410747
0.479825 -0.0648665 0.0374276
0.405376 -0.223932 0.00410747
0.440127 -0.228899 -0.00541257
0.405357 -0.0499626 -0.00065255
0.405358 -0.0549331 -0.00065255
0.440108 -0.049959 0.0183875
0.405358 -0.0599037 -0.00065255
0.445075 -0.0698406 -0.0577727
0.40537 -0.174226 -0.0101726
0.405361 -0.0797859 -0.00065255
0.410322 -0.0499621 -0.0101726
0.405361 -0.0847564 -0.00065255
0.405362 -0.0946975 -0.00065255
0.415305 -0.228901 0.0326676
0.405365 -0.11955 -0.00065255
0.435147 -0.0847533 0.0374276
0.405366 -0.134462 -0.00065255
0.435144 -0.05493 -0.0577727
0.524516 -0.174214 0.0374276
0.405367 -0.144403 -0.00065255
0.405368 -0.149373 -0.00065255
0.405368 -0.154344 -0.00065255
0.405369 -0.159315 -0.00065255
0.40537 -0.169256 -0.00065255
0.405362 -0.0897269 -0.0101726
0.534439 -0.124507 -0.0434927
0.405372 -0.189138 -0.00065255
0.405372 -0.194108 -0.00065255
0.435162 -0.228899 -0.0339727
0.405373 -0.199079 -0.00065255
0.405358 -0.0549331 -0.00541257
0.420269 -0.228901 -0.0482527
0.405359 -0.0648742 -0.00541257
0.40536 -0.0698448 -0.00541257
0.415286 -0.0499616 0.0183875
0.479842 -0.228894 -0.0530127
0.459971 -0.104633 -0.0577727
0.40536 -0.0748153 -0.00541257
0.405361 -0.0797859 -0.00541257
0.410322 -0.0499621 -0.0530127
0.405361 -0.0847564 -0.00541257
0.405362 -0.0897269 -0.00541257
0.425217 -0.0648722 0.0374276
0.405364 -0.109609 -0.00541257
0.534434 -0.0698314 0.0279075
0.435144 -0.0499595 -0.0577727
0.499693 -0.164275 0.0374276
0.524508 -0.0996557 -0.0577727
0.405364 -0.11458 -0.00541257
0.459977 -0.154338 -0.0577727
0.405365 -0.124521 -0.00541257
0.524513 -0.144391 0.0374276
0.405367 -0.139432 -0.00541257
0.405368 -0.149373 -0.00541257
0.534442 -0.154331 -0.0530127
0.405369 -0.164285 -0.00541257
0.534443 -0.159301 -0.0244526
0.40537 -0.169256 -0.00541257
0.40537 -0.174226 -0.00541257
0.440108 -0.049959 0.0136275
0.405358 -0.0599037 -0.0101726
0.405371 -0.179197 -0.00541257
0.405371 -0.184167 -0.00541257
0.405376 -0.228902 -0.00541257
0.405358 -0.0549331 -0.0101726
0.405365 -0.124521 -0.0101726
0.529476 -0.134449 0.0374276
0.459977 -0.159309 -0.0577727
0.405366 -0.129491 -0.0101726
0.405367 -0.139432 -0.0101726
0.445073 -0.0499585 -0.0577727
0.405368 -0.149373 -0.0101726
0.405368 -0.154344 -0.0101726
0.405369 -0.159315 -0.0101726
