ply
format ascii 1.0
comment Created by Open3D
element vertex 10208
property double x
property double y
property double z
end_header
0.580315 0.115048 -0.0302565
0.585286 0.115048 -0.0302565
0.595229 0.115049 -0.0302565
0.610143 0.11505 -0.0302565
0.615115 0.11505 -0.0302565
0.630029 0.115051 -0.0302565
0.639972 0.115052 -0.0302565
0.649915 0.115053 -0.0302565
0.654886 0.115053 -0.0302565
0.659857 0.115054 -0.0302565
0.664829 0.115054 -0.0302565
0.6698 0.115054 -0.0302565
0.674772 0.115055 -0.0302565
0.679743 0.115055 -0.0302565
0.689686 0.115056 -0.0302565
0.694657 0.115056 -0.0302565
0.7046 0.115057 -0.0302565
0.709572 0.115057 -0.0302565
0.714543 0.115058 -0.0302565
0.719514 0.115058 -0.0302565
0.724486 0.115058 -0.0302565
0.575344 0.115048 -0.0253615
0.580315 0.115048 -0.0253615
0.585286 0.115048 -0.0253615
0.600201 0.115049 -0.0253615
0.615115 0.11505 -0.0253615
0.620086 0.115051 -0.0253615
0.630029 0.115051 -0.0253615
0.635 0.115052 -0.0253615
0.659857 0.115054 -0.0253615
0.6698 0.115054 -0.0253615
0.674772 0.115055 -0.0253615
0.679743 0.115055 -0.0253615
0.684714 0.115055 -0.0253615
0.689686 0.115056 -0.0253615
0.694657 0.115056 -0.0253615
0.699629 0.115056 -0.0253615
0.7046 0.115057 -0.0253615
0.709572 0.115057 -0.0253615
0.714543 0.115058 -0.0253615
0.719514 0.115058 -0.0253615
0.724486 0.115058 -0.0253615
0.585286 0.115048 -0.0204664
0.590258 0.115049 -0.0204664
0.595229 0.115049 -0.0204664
0.600201 0.115049 -0.0204664
0.610143 0.11505 -0.0204664
0.615115 0.11505 -0.0204664
0.635 0.115052 -0.0204664
0.639972 0.115052 -0.0204664
0.649915 0.115053 -0.0204664
0.6698 0.115054 -0.0204664
0.674772 0.115055 -0.0204664
0.679743 0.115055 -0.0204664
0.689686 0.115056 -0.0204664
0.694657 0.115056 -0.0204664
0.709572 0.115057 -0.0204664
0.719514 0.115058 -0.0204664
0.575344 0.115048 -0.0155713
0.580315 0.115048 -0.0155713
0.585286 0.115048 -0.0155713
0.595229 0.115049 -0.0155713
0.600201 0.115049 -0.0155713
0.615115 0.11505 -0.0155713
0.620086 0.115051 -0.0155713
0.625058 0.115051 -0.0155713
0.630029 0.115051 -0.0155713
0.644943 0.115053 -0.0155713
0.649915 0.115053 -0.0155713
0.654886 0.115053 -0.0155713
0.659857 0.115054 -0.0155713
0.679743 0.115055 -0.0155713
0.684714 0.115055 -0.0155713
0.7046 0.115057 -0.0155713
0.709572 0.115057 -0.0155713
0.719514 0.115058 -0.0155713
0.724486 0.115058 -0.0155713
0.575344 0.115048 -0.0106762
0.580315 0.115048 -0.0106762
0.585286 0.115048 -0.0106762
0.590258 0.115049 -0.0106762
0.610143 0.11505 -0.0106762
0.615115 0.11505 -0.0106762
0.654886 0.115053 -0.0106762
0.659857 0.115054 -0.0106762
0.674772 0.115055 -0.0106762
0.689686 0.115056 -0.0106762
0.7046 0.115057 -0.0106762
0.714543 0.115058 -0.0106762
0.719514 0.115058 -0.0106762
0.575344 0.115048 -0.00578117
0.580315 0.115048 -0.00578117
0.585286 0.115048 -0.00578117
0.600201 0.115049 -0.00578117
0.625058 0.115051 -0.00578117
0.630029 0.115051 -0.00578117
0.635 0.115052 -0.00578117
0.639972 0.115052 -0.00578117
0.644943 0.115053 -0.00578117
0.649915 0.115053 -0.00578117
0.654886 0.115053 -0.00578117
0.659857 0.115054 -0.00578117
0.664829 0.115054 -0.00578117
0.679743 0.115055 -0.00578117
0.684714 0.115055 -0.00578117
0.689686 0.115056 -0.00578117
0.699629 0.115056 -0.00578117
0.7046 0.115057 -0.00578117
0.709572 0.115057 -0.00578117
0.714543 0.115058 -0.00578117
0.724486 0.115058 -0.00578117
0.575344 0.115048 -0.000886103
0.580315 0.115048 -0.000886103
0.664829 0.115054 -0.0253615
0.585286 0.115048 -0.000886103
0.595229 0.115049 -0.000886103
0.600201 0.115049 -0.000886103
0.605172 0.11505 -0.000886103
0.610143 0.11505 -0.000886103
0.630029 0.115051 -0.000886103
0.635 0.115052 -0.000886103
0.649915 0.115053 -0.000886103
0.664829 0.115054 -0.000886103
0.689686 0.115056 -0.000886103
0.714543 0.115058 -0.000886103
0.719514 0.115058 -0.000886103
0.575344 0.115048 0.00400897
0.580315 0.115048 0.00400897
0.585286 0.115048 0.00400897
0.595229 0.115049 0.00400897
0.600201 0.115049 0.00400897
0.610143 0.11505 0.00400897
0.615115 0.11505 0.00400897
0.620086 0.115051 0.00400897
0.630029 0.115051 0.00400897
0.639972 0.115052 0.00400897
0.649915 0.115053 0.00400897
0.654886 0.115053 0.00400897
0.659857 0.115054 0.00400897
0.6698 0.115054 0.00400897
0.674772 0.115055 0.00400897
0.679743 0.115055 0.00400897
0.684714 0.115055 0.00400897
0.689686 0.115056 0.00400897
0.7046 0.115057 0.00400897
0.709572 0.115057 0.00400897
0.714543 0.115058 0.00400897
0.719514 0.115058 0.00400897
0.575344 0.115048 0.00890404
0.580315 0.115048 0.00890404
0.585286 0.115048 0.00890404
0.590258 0.115049 0.00890404
0.595229 0.115049 0.00890404
0.600201 0.115049 0.00890404
0.615115 0.11505 0.00890404
0.620086 0.115051 0.00890404
0.625058 0.115051 0.00890404
0.630029 0.115051 0.00890404
0.635 0.115052 0.00890404
0.644943 0.115053 0.00890404
0.659857 0.115054 0.00890404
0.664829 0.115054 0.00890404
0.699629 0.115056 0.00890404
0.7046 0.115057 0.00890404
0.709572 0.115057 0.00890404
0.714543 0.115058 0.00890404
0.719514 0.115058 0.00890404
0.724486 0.115058 0.00890404
0.575344 0.115048 0.0137991
0.580315 0.115048 0.0137991
0.585286 0.115048 0.0137991
0.590258 0.115049 0.0137991
0.595229 0.115049 0.0137991
0.600201 0.115049 0.0137991
0.605172 0.11505 0.0137991
0.610143 0.11505 0.0137991
0.615115 0.11505 0.0137991
0.620086 0.115051 0.0137991
0.630029 0.115051 0.0137991
0.635 0.115052 0.0137991
0.649915 0.115053 0.0137991
0.654886 0.115053 0.0137991
0.659857 0.115054 0.0137991
0.664829 0.115054 0.0137991
0.6698 0.115054 0.0137991
0.679743 0.115055 0.0137991
0.684714 0.115055 0.0137991
0.689686 0.115056 0.0137991
0.699629 0.115056 0.0137991
0.7046 0.115057 0.0137991
0.709572 0.115057 0.0137991
0.714543 0.115058 0.0137991
0.724486 0.115058 0.0137991
0.575344 0.115048 0.0186942
0.580315 0.115048 0.0186942
0.585286 0.115048 0.0186942
0.595229 0.115049 0.0186942
0.600201 0.115049 0.0186942
0.615115 0.11505 0.0186942
0.630029 0.115051 0.0186942
0.635 0.115052 0.0186942
0.639972 0.115052 0.0186942
0.649915 0.115053 0.0186942
0.659857 0.115054 0.0186942
0.6698 0.115054 0.0186942
0.679743 0.115055 0.0186942
0.699629 0.115056 0.0186942
0.7046 0.115057 0.0186942
0.714543 0.115058 0.0186942
0.719514 0.115058 0.0186942
0.724486 0.115058 0.0186942
0.575344 0.115048 0.0235892
0.580315 0.115048 0.0235892
0.585286 0.115048 0.0235892
0.595229 0.115049 0.0235892
0.600201 0.115049 0.0235892
0.605172 0.11505 0.0235892
0.610143 0.11505 0.0235892
0.615115 0.11505 0.0235892
0.630029 0.115051 0.0235892
0.635 0.115052 0.0235892
0.639972 0.115052 0.0235892
0.644943 0.115053 0.0235892
0.649915 0.115053 0.0235892
0.659857 0.115054 0.0235892
0.674772 0.115055 0.0235892
0.694657 0.115056 0.0235892
0.699629 0.115056 0.0235892
0.709572 0.115057 0.0235892
0.714543 0.115058 0.0235892
0.575344 0.115048 0.0284843
0.580315 0.115048 0.0284843
0.585286 0.115048 0.0284843
0.590258 0.115049 0.0284843
0.595229 0.115049 0.0284843
0.605172 0.11505 0.0284843
0.615115 0.11505 0.0284843
0.625058 0.115051 0.0284843
0.630029 0.115051 0.0284843
0.635 0.115052 0.0284843
0.639972 0.115052 0.0284843
0.644943 0.115053 0.0284843
0.659857 0.115054 0.0284843
0.664829 0.115054 0.0284843
0.674772 0.115055 0.0284843
0.679743 0.115055 0.0284843
0.689686 0.115056 0.0284843
0.7046 0.115057 0.0284843
0.714543 0.115058 0.0284843
0.719514 0.115058 0.0284843
0.724486 0.115058 0.0284843
0.575344 0.115048 0.0333794
0.580315 0.115048 0.0333794
0.664829 0.115054 -0.0155713
0.585286 0.115048 0.0333794
0.595229 0.115049 0.0333794
0.600201 0.115049 0.0333794
0.610143 0.11505 0.0333794
0.615115 0.11505 0.0333794
0.620086 0.115051 0.0333794
0.625058 0.115051 0.0333794
0.630029 0.115051 0.0333794
0.635 0.115052 0.0333794
0.644943 0.115053 0.0333794
0.649915 0.115053 0.0333794
0.659857 0.115054 0.0333794
0.664829 0.115054 0.0333794
0.699629 0.115056 0.0333794
0.7046 0.115057 0.0333794
0.714543 0.115058 0.0333794
0.575344 0.115048 0.0382745
0.580315 0.115048 0.0382745
0.585286 0.115048 0.0382745
0.595229 0.115049 0.0382745
0.615115 0.11505 0.0382745
0.625058 0.115051 0.0382745
0.630029 0.115051 0.0382745
0.654886 0.115053 0.0382745
0.659857 0.115054 0.0382745
0.664829 0.115054 0.0382745
0.679743 0.115055 0.0382745
0.689686 0.115056 0.0382745
0.694657 0.115056 0.0382745
0.699629 0.115056 0.0382745
0.714543 0.115058 0.0382745
0.719514 0.115058 0.0382745
0.724486 0.115058 0.0382745
0.575344 0.115048 0.0431695
0.580315 0.115048 0.0431695
0.664829 0.115054 0.0235892
0.585286 0.115048 0.0431695
0.595229 0.115049 0.0431695
0.600201 0.115049 0.0431695
0.610143 0.11505 0.0431695
0.615115 0.11505 0.0431695
0.630029 0.115051 0.0431695
0.639972 0.115052 0.0431695
0.644943 0.115053 0.0431695
0.649915 0.115053 0.0431695
0.654886 0.115053 0.0431695
0.664829 0.115054 0.0431695
0.679743 0.115055 0.0431695
0.689686 0.115056 0.0431695
0.714543 0.115058 0.0431695
0.719514 0.115058 0.0431695
0.724486 0.115058 0.0431695
0.575344 0.115048 0.0480646
0.580315 0.115048 0.0480646
0.595229 0.115049 0.0480646
0.600201 0.115049 0.0480646
0.615115 0.11505 0.0480646
0.620086 0.115051 0.0480646
0.625058 0.115051 0.0480646
0.635 0.115052 0.0480646
0.649915 0.115053 0.0480646
0.664829 0.115054 0.0480646
0.689686 0.115056 0.0480646
0.694657 0.115056 0.0480646
0.699629 0.115056 0.0480646
0.709572 0.115057 0.0480646
0.714543 0.115058 0.0480646
0.719514 0.115058 0.0480646
0.724486 0.115058 0.0480646
0.714543 0.115058 -0.0204664
0.729457 0.115059 -0.0302565
0.729457 0.110165 -0.0302565
0.729458 0.100378 -0.0302565
0.729459 0.0954842 -0.0302565
0.729459 0.0905906 -0.0302565
0.729459 0.0856969 -0.0302565
0.72946 0.0759097 -0.0302565
0.729461 0.0661224 -0.0302565
0.729461 0.0612288 -0.0302565
0.729462 0.0416543 -0.0302565
0.729463 0.0318671 -0.0302565
0.729466 -0.00728185 -0.0302565
0.729466 -0.0121755 -0.0302565
0.729467 -0.0170691 -0.0302565
0.729467 -0.0219627 -0.0302565
0.729468 -0.0366436 -0.0302565
0.729468 -0.0415372 -0.0302565
0.674772 0.115055 -0.00578117
0.729469 -0.0464308 -0.0302565
0.729469 -0.0513244 -0.0302565
0.729469 -0.0562181 -0.0302565
0.72947 -0.0611117 -0.0302565
0.72947 -0.0660053 -0.0302565
0.729471 -0.0708989 -0.0302565
0.729472 -0.0855798 -0.0302565
0.729472 -0.0904734 -0.0302565
0.689686 0.115056 0.0186942
0.729472 -0.095367 -0.0302565
0.729473 -0.100261 -0.0302565
0.729473 -0.105154 -0.0302565
0.729473 -0.110048 -0.0302565
0.729457 0.115059 -0.0253615
0.729457 0.110165 -0.0253615
0.694657 0.115056 0.0333794
0.729458 0.105271 -0.0253615
0.729459 0.0954842 -0.0253615
0.729459 0.0856969 -0.0253615
0.72946 0.0808033 -0.0253615
0.729461 0.0661224 -0.0253615
0.729461 0.0612288 -0.0253615
0.729461 0.0563352 -0.0253615
0.729462 0.0514416 -0.0253615
0.729463 0.0269735 -0.0253615
0.684714 0.115055 -0.0204664
0.729464 0.0220799 -0.0253615
0.729465 0.00739901 -0.0253615
0.729465 0.00250539 -0.0253615
0.729466 -0.0121755 -0.0253615
0.729467 -0.0170691 -0.0253615
0.729467 -0.0219627 -0.0253615
0.729467 -0.0268563 -0.0253615
0.729468 -0.03175 -0.0253615
0.729468 -0.0366436 -0.0253615
0.674772 0.115055 -0.0155713
0.729469 -0.0464308 -0.0253615
0.729469 -0.0562181 -0.0253615
0.72947 -0.0611117 -0.0253615
0.729471 -0.0708989 -0.0253615
0.729472 -0.0855798 -0.0253615
0.729473 -0.100261 -0.0253615
0.729473 -0.105154 -0.0253615
0.729473 -0.110048 -0.0253615
0.729457 0.115059 -0.0204664
0.694657 0.115056 0.0284843
0.729458 0.105271 -0.0204664
0.729458 0.100378 -0.0204664
0.729459 0.0954842 -0.0204664
0.729459 0.0905906 -0.0204664
0.729459 0.0856969 -0.0204664
0.72946 0.0759097 -0.0204664
0.729461 0.0661224 -0.0204664
0.729461 0.0612288 -0.0204664
0.729461 0.0563352 -0.0204664
0.729462 0.046548 -0.0204664
0.729462 0.0416543 -0.0204664
0.729463 0.0367607 -0.0204664
0.729463 0.0269735 -0.0204664
0.729464 0.0220799 -0.0204664
0.729464 0.0171862 -0.0204664
0.729465 0.00739901 -0.0204664
0.729465 0.00250539 -0.0204664
0.729466 -0.00238823 -0.0204664
0.729466 -0.00728185 -0.0204664
0.729466 -0.0121755 -0.0204664
0.729467 -0.0219627 -0.0204664
0.729468 -0.0366436 -0.0204664
0.729468 -0.0415372 -0.0204664
0.729469 -0.0464308 -0.0204664
0.729469 -0.0513244 -0.0204664
0.729469 -0.0562181 -0.0204664
0.72947 -0.0611117 -0.0204664
0.729472 -0.095367 -0.0204664
0.729473 -0.100261 -0.0204664
0.729473 -0.105154 -0.0204664
0.729473 -0.110048 -0.0204664
0.729457 0.110165 -0.0155713
0.605172 0.11505 -0.0106762
0.729458 0.100378 -0.0155713
0.729459 0.0905906 -0.0155713
0.729459 0.0856969 -0.0155713
0.72946 0.0808033 -0.0155713
0.72946 0.0759097 -0.0155713
0.729461 0.0661224 -0.0155713
0.729461 0.0612288 -0.0155713
0.729461 0.0563352 -0.0155713
0.729462 0.0514416 -0.0155713
0.729462 0.046548 -0.0155713
0.684714 0.115055 0.0333794
0.729463 0.0318671 -0.0155713
0.729463 0.0269735 -0.0155713
0.729464 0.0220799 -0.0155713
0.729464 0.0171862 -0.0155713
0.729465 0.00739901 -0.0155713
0.729465 0.00250539 -0.0155713
0.729466 -0.00238823 -0.0155713
0.729466 -0.00728185 -0.0155713
0.729466 -0.0121755 -0.0155713
0.729467 -0.0219627 -0.0155713
0.729468 -0.03175 -0.0155713
0.729469 -0.0464308 -0.0155713
0.729469 -0.0513244 -0.0155713
0.729469 -0.0562181 -0.0155713
0.72947 -0.0611117 -0.0155713
0.729471 -0.0708989 -0.0155713
0.729471 -0.0806862 -0.0155713
0.729472 -0.0855798 -0.0155713
0.729472 -0.0904734 -0.0155713
0.689686 0.115056 0.0333794
0.729472 -0.095367 -0.0155713
0.729473 -0.100261 -0.0155713
0.729473 -0.105154 -0.0155713
0.729473 -0.110048 -0.0155713
0.729457 0.115059 -0.0106762
0.729457 0.110165 -0.0106762
0.694657 0.115056 0.0186942
0.729458 0.105271 -0.0106762
0.729458 0.100378 -0.0106762
0.729459 0.0954842 -0.0106762
0.72946 0.0710161 -0.0106762
0.729461 0.0661224 -0.0106762
0.729461 0.0612288 -0.0106762
0.729461 0.0563352 -0.0106762
0.729462 0.046548 -0.0106762
0.729463 0.0269735 -0.0106762
0.729464 0.0220799 -0.0106762
0.729464 0.0171862 -0.0106762
0.729465 0.0122926 -0.0106762
0.729465 0.00739901 -0.0106762
0.729466 -0.00728185 -0.0106762
0.729466 -0.0121755 -0.0106762
0.729467 -0.0219627 -0.0106762
0.729468 -0.03175 -0.0106762
0.729468 -0.0366436 -0.0106762
0.729468 -0.0415372 -0.0106762
0.729469 -0.0513244 -0.0106762
0.729469 -0.0562181 -0.0106762
0.72947 -0.0611117 -0.0106762
0.72947 -0.0660053 -0.0106762
0.729471 -0.0708989 -0.0106762
0.729471 -0.0757925 -0.0106762
0.729471 -0.0806862 -0.0106762
0.729472 -0.0904734 -0.0106762
0.689686 0.115056 0.0235892
0.729472 -0.095367 -0.0106762
0.729473 -0.100261 -0.0106762
0.729473 -0.105154 -0.0106762
0.729473 -0.110048 -0.0106762
0.729457 0.115059 -0.00578117
0.729457 0.110165 -0.00578117
0.694657 0.115056 0.0137991
0.729458 0.105271 -0.00578117
0.605172 0.11505 -0.0155713
0.729458 0.100378 -0.00578117
0.615123 -0.00239649 0.0529597
0.649915 0.110159 -0.0351516
0.6549 -0.0855852 -0.0351516
0.649915 0.115053 -0.0351516
0.729472 -0.0904734 -0.0204664
0.64496 -0.114948 -0.0351516
0.575344 0.110154 0.0529597
0.580329 -0.0758033 0.0529597
0.570378 0.0367492 0.00890404
0.729471 -0.0708989 0.0235892
0.729458 0.100378 -0.0351516
0.570376 0.066111 0.0431695
0.615121 0.0318589 0.0529597
0.724489 0.0710157 0.0529597
0.644952 -0.00239434 -0.0351516
0.644951 0.0073929 -0.0351516
0.64495 0.0171801 -0.0351516
0.580321 0.0318563 0.0529597
0.72946 0.0808033 0.0284843
0.644948 0.0465419 -0.0351516
0.639988 -0.114948 -0.00578117
0.644946 0.0759036 -0.0351516
0.610143 0.11505 0.0382745
0.644946 0.0807972 -0.0351516
0.57535 0.0269624 0.0529597
0.644944 0.100372 -0.0351516
0.724489 0.0710157 -0.0351516
0.644944 0.110159 -0.0351516
0.729473 -0.105154 0.0137991
0.639983 -0.0415437 -0.0351516
0.585298 -0.0513348 -0.0351516
0.639982 -0.0268628 -0.0351516
0.644952 -0.00239434 0.0529597
0.639981 -0.0170756 -0.0351516
0.63998 0.00739254 -0.0351516
0.639979 0.0122862 -0.0351516
0.639977 0.0367543 -0.0351516
0.724502 -0.114942 0.0382745
0.729463 0.0318671 0.0235892
0.639976 0.0563287 -0.0351516
0.669814 -0.0806905 0.0529597
0.719528 -0.0806869 -0.0351516
0.639975 0.066116 -0.0351516
0.615127 -0.0513327 0.0529597
0.729465 0.00739901 0.0431695
0.639973 0.100371 -0.0351516
0.635017 -0.114948 -0.0351516
0.719531 -0.114942 0.0431695
0.605176 0.0563262 -0.0351516
0.580328 -0.0611224 -0.0351516
0.635015 -0.0855866 -0.0351516
0.729459 0.0954842 0.00400897
0.635013 -0.0611185 -0.0351516
0.635011 -0.0366504 -0.0351516
0.674788 -0.114945 0.0382745
0.570373 0.100366 -0.0302565
0.659874 -0.114947 0.0186942
0.63501 -0.0121823 -0.0351516
0.635007 0.022073 -0.0351516
0.600217 -0.114951 0.00400897
0.684722 0.017183 -0.0351516
0.639986 -0.075799 -0.0351516
0.635005 0.0563284 -0.0351516
0.635001 0.100371 -0.0351516
0.595246 -0.114951 0.00400897
0.635001 0.105265 -0.0351516
0.630042 -0.0660125 -0.0351516
0.630042 -0.0611189 -0.0351516
0.630041 -0.0562252 -0.0351516
0.620095 -0.0121834 -0.0351516
0.65987 -0.0611167 -0.0351516
0.570375 0.0710046 -0.0302565
0.615117 0.0807951 -0.0351516
0.644953 -0.0170752 -0.0351516
0.570376 0.0612173 -0.0204664
0.63004 -0.0415444 -0.0351516
0.620088 0.0954763 0.0529597
0.625073 -0.100268 0.0529597
0.699645 -0.114944 -0.000886103
0.630039 -0.0268635 -0.0351516
0.630039 -0.0219699 -0.0351516
0.719514 0.115058 -0.0351516
0.630039 -0.0170763 -0.0351516
0.630038 -0.0121827 -0.0351516
0.689697 -0.0366464 0.0529597
0.615119 0.0612206 0.0529597
0.570381 -0.00729334 0.0137991
0.630037 0.00739183 -0.0351516
0.644958 -0.0953731 -0.0351516
0.630036 0.0171791 -0.0351516
0.630035 0.0318599 -0.0351516
0.694668 -0.0317525 0.0529597
0.649918 0.0710103 -0.0351516
0.635016 -0.105161 0.0529597
0.71953 -0.105155 -0.0351516
0.585303 -0.114952 -0.000886103
0.630034 0.0416472 -0.0351516
0.654886 0.115053 0.0235892
0.570388 -0.105166 -0.00578117
0.570386 -0.0806976 0.0186942
0.630034 0.0465408 -0.0351516
0.684725 -0.0268596 -0.0351516
0.649931 -0.114947 -0.0302565
0.630042 -0.0709061 -0.0351516
0.630034 0.0514344 -0.0351516
0.694662 0.0563327 0.0529597
0.724502 -0.114942 0.0235892
0.684714 0.115055 0.0186942
0.729463 0.0318671 0.0137991
0.630033 0.056328 -0.0351516
0.709576 0.0563338 0.0529597
0.630032 0.0759025 -0.0351516
0.570376 0.0563237 0.0284843
0.630032 0.0807961 -0.0351516
0.659874 -0.114947 0.0431695
0.714548 0.0465469 0.0529597
0.729473 -0.110048 0.0529597
0.630029 0.115051 -0.0351516
0.625074 -0.114949 -0.0351516
0.625071 -0.0709065 -0.0351516
0.639983 -0.03665 -0.0351516
0.7046 0.115057 0.0382745
0.585298 -0.0464412 -0.0351516
0.699632 0.0759075 -0.0351516
0.62507 -0.0562256 -0.0351516
0.62507 -0.051332 -0.0351516
0.570377 0.0514301 -0.0253615
0.585303 -0.114952 0.0284843
0.570382 -0.0170806 0.0137991
0.57536 -0.114953 -0.0155713
0.625067 -0.012183 -0.0351516
0.625066 -0.00728939 -0.0351516
0.625063 0.0367532 -0.0351516
0.654893 0.0171809 0.0529597
0.649915 0.115053 0.0284843
0.580323 0.00738824 -0.0351516
0.625062 0.0514341 -0.0351516
0.684731 -0.114945 0.0431695
0.699629 0.115056 0.0284843
0.625061 0.0661149 -0.0351516
0.62506 0.0759021 -0.0351516
0.62506 0.0807958 -0.0351516
0.570383 -0.0317614 -0.0204664
0.72947 -0.0660053 0.0382745
0.625059 0.10037 -0.0351516
0.65986 0.0807983 0.0529597
0.664831 0.0807986 -0.0351516
0.625058 0.110157 -0.0351516
0.620103 -0.114949 -0.0351516
0.620101 -0.0855877 -0.0351516
0.654891 0.041649 0.0529597
0.729458 0.105271 0.0284843
0.6201 -0.0758004 -0.0351516
0.630033 0.0661153 -0.0351516
0.610146 0.0856883 0.0529597
0.704617 -0.114943 0.0480646
0.6201 -0.0709068 -0.0351516
0.639972 0.115052 0.00890404
0.620098 -0.0464387 -0.0351516
0.719514 0.115058 -0.00578117
0.67975 0.0220763 -0.0351516
0.664829 0.115054 -0.0204664
0.635015 -0.080693 -0.0351516
0.729457 0.110165 0.0186942
0.620096 -0.017077 -0.0351516
0.729468 -0.03175 -0.00578117
0.620092 0.0367528 -0.0351516
0.7046 0.115057 0.0431695
0.620091 0.0514337 -0.0351516
0.664829 0.115054 -0.0351516
0.62009 0.0563273 -0.0351516
0.69467 -0.0660078 0.0529597
0.570379 0.0171748 -0.0351516
0.664845 -0.114946 0.0480646
0.729469 -0.0513244 0.00400897
0.595245 -0.110058 -0.0351516
0.59026 0.0807933 -0.0351516
0.649931 -0.114947 -0.0351516
0.615131 -0.110056 -0.0351516
0.620099 -0.0660132 -0.0351516
0.570385 -0.0611232 0.0480646
0.615129 -0.085588 -0.0351516
0.600201 0.115049 -0.0302565
0.699643 -0.0904756 -0.0351516
0.570376 0.0563237 -0.0204664
0.615127 -0.0513327 -0.0351516
0.729458 0.100378 -0.0253615
0.615126 -0.0415455 -0.0351516
0.729468 -0.03175 -0.0204664
0.630032 0.0710089 -0.0351516
0.615126 -0.0366518 -0.0351516
0.729468 -0.0366436 0.00400897
0.615124 -0.0121837 -0.0351516
0.649925 -0.0268621 0.0529597
0.570374 0.0905791 0.00400897
0.644957 -0.070905 -0.0351516
0.570374 0.0905791 0.0284843
0.724493 0.0171859 0.0529597
0.570374 0.0905791 -0.0204664
0.615122 0.017178 -0.0351516
0.724492 0.0220795 0.0529597
0.61512 0.0367525 -0.0351516
0.615119 0.0612206 -0.0351516
0.684729 -0.0904766 0.0529597
0.630046 -0.114949 0.0529597
0.615118 0.0661142 -0.0351516
0.615118 0.0710078 -0.0351516
0.704617 -0.114943 0.0284843
0.615118 0.0759014 -0.0351516
0.610158 -0.090482 -0.0351516
0.610157 -0.0806948 -0.0351516
0.729467 -0.0219627 0.0529597
0.659859 0.100373 -0.0351516
0.664843 -0.0855844 -0.0351516
0.729471 -0.0708989 0.0137991
0.729466 -0.00238823 0.0480646
0.610154 -0.0366522 -0.0351516
0.674777 0.0367568 -0.0351516
0.610154 -0.026865 -0.0351516
0.610153 -0.0121841 -0.0351516
0.570386 -0.075804 0.0529597
0.714551 0.00739793 0.0529597
0.664829 0.115054 0.00400897
0.61015 0.0220713 -0.0351516
0.600213 -0.061121 0.0529597
0.575348 0.0563241 0.0529597
0.704607 0.0171845 -0.0351516
0.610149 0.0367521 -0.0351516
0.610149 0.0416457 -0.0351516
0.635013 -0.0562249 -0.0351516
0.610147 0.0612202 -0.0351516
0.570389 -0.114953 0.0186942
0.610145 0.0954756 -0.0351516
0.610144 0.100369 -0.0351516
0.610143 0.11505 -0.0351516
0.570387 -0.0953785 -0.0253615
0.605189 -0.11495 -0.0351516
0.664838 -0.00728652 0.0529597
0.570378 0.0318556 0.0333794
0.719526 -0.0464315 0.0529597
0.605188 -0.105163 -0.0351516
0.729461 0.0563352 -0.0302565
0.644949 0.0416482 -0.0351516
0.719526 -0.0415379 0.0529597
0.605188 -0.10027 -0.0351516
0.625066 -0.00239577 -0.0351516
0.605187 -0.095376 -0.0351516
0.625062 0.0612213 -0.0351516
0.63501 -0.0219695 -0.0351516
0.605187 -0.0904824 -0.0351516
0.615129 -0.085588 0.0529597
0.649931 -0.114947 -0.0106762
0.605186 -0.0855888 -0.0351516
0.570376 0.0563237 0.0529597
0.625074 -0.114949 -0.0106762
0.570375 0.0807918 0.0529597
0.63004 -0.0317571 -0.0351516
0.605184 -0.0464398 -0.0351516
0.635003 0.0807965 0.0529597
0.639987 -0.100267 0.0529597
0.605172 0.11505 -0.0302565
0.585291 0.0563248 -0.0351516
0.570387 -0.0855913 -0.00578117
0.605182 -0.0219717 -0.0351516
0.729472 -0.0904734 0.0186942
0.625068 -0.0268639 -0.0351516
0.60518 0.00249641 -0.0351516
0.654886 0.115053 -0.0204664
0.605178 0.0318581 -0.0351516
0.605178 0.0367518 -0.0351516
0.605177 0.0514326 -0.0351516
0.72947 -0.0660053 -0.000886103
0.605176 0.0612199 -0.0351516
0.625071 -0.0758001 -0.0351516
0.570383 -0.0366551 -0.0155713
0.639973 0.105265 -0.0351516
0.635 0.115052 0.0529597
0.605173 0.0954752 -0.0351516
0.610159 -0.0953756 -0.0351516
0.605173 0.100369 -0.0351516
0.605173 0.105262 -0.0351516
0.620091 0.0416465 0.0529597
0.600217 -0.114951 -0.0351516
0.699639 -0.0268585 -0.0351516
0.570387 -0.0855913 -0.000886103
0.600217 -0.110057 -0.0351516
0.570387 -0.0855913 0.0529597
0.729462 0.046548 -0.0302565
0.684716 0.0905873 -0.0351516
0.600215 -0.0904827 -0.0351516
0.61015 0.0269649 -0.0351516
0.669806 0.0318628 -0.0351516
0.729472 -0.095367 -0.00578117
0.600214 -0.0758019 -0.0351516
0.7046 0.115057 -0.0204664
0.724486 0.110165 0.0529597
0.600213 -0.061121 -0.0351516
0.684728 -0.0709021 -0.0351516
0.600213 -0.0562274 -0.0351516
0.729464 0.0220799 0.0284843
0.60021 -0.0121848 -0.0351516
0.689702 -0.114944 -0.0155713
0.639988 -0.114948 -0.0302565
0.600209 -0.00729119 -0.0351516
0.570384 -0.0464423 0.0235892
0.600208 0.0122833 -0.0351516
0.610145 0.0905819 -0.0351516
0.644947 0.0563291 -0.0351516
0.724502 -0.114942 -0.0253615
0.600206 0.0367514 -0.0351516
0.600204 0.0612195 -0.0351516
0.600204 0.0661131 -0.0351516
0.600203 0.080794 -0.0351516
0.679744 0.0954806 -0.0351516
0.694664 0.026971 -0.0351516
0.600202 0.0954748 -0.0351516
0.68472 0.0367575 0.0529597
0.570387 -0.0855913 0.0431695
0.600201 0.105262 -0.0351516
0.635016 -0.100267 -0.0351516
0.595244 -0.0904831 -0.0351516
0.684716 0.100375 -0.0351516
0.595243 -0.0806959 -0.0351516
0.595242 -0.0611214 -0.0351516
0.61513 -0.100269 -0.0351516
0.664837 0.00739434 0.0529597
0.729464 0.0171862 0.0284843
0.595242 -0.0562278 -0.0351516
0.649929 -0.0855855 -0.0351516
0.729459 0.0905906 -0.0106762
0.59524 -0.0415469 -0.0351516
0.595239 -0.026866 -0.0351516
0.595229 0.115049 -0.0106762
0.595239 -0.0170788 -0.0351516
0.664831 0.0807986 0.0529597
0.714559 -0.114943 0.00400897
0.595236 0.0220702 -0.0351516
0.639972 0.115052 -0.0351516
0.595235 0.0318574 -0.0351516
0.684719 0.056332 0.0529597
0.59523 0.100368 0.0529597
0.595234 0.0416447 -0.0351516
0.689691 0.0465451 -0.0351516
0.595234 0.0465383 -0.0351516
0.679748 0.0465444 -0.0351516
0.595233 0.0563255 -0.0351516
0.620094 0.00739111 -0.0351516
0.704617 -0.114943 0.0235892
0.644943 0.115053 0.00400897
0.699643 -0.0904756 0.0529597
0.595231 0.0856872 -0.0351516
0.639982 -0.0219692 -0.0351516
0.570386 -0.0709104 0.0186942
0.595231 0.0905809 -0.0351516
0.639975 0.0710096 -0.0351516
0.595231 0.0954745 -0.0351516
0.625069 -0.0415447 -0.0351516
0.644955 -0.0513305 -0.0351516
0.620101 -0.0953749 0.0529597
0.729459 0.0905906 -0.0351516
0.615122 0.0122844 -0.0351516
0.595235 0.0318574 0.0529597
0.570375 0.0710046 0.0382745
0.59523 0.105262 -0.0351516
0.649927 -0.0513302 -0.0351516
0.729461 0.0661224 0.0480646
0.59523 0.110155 -0.0351516
0.590274 -0.114952 -0.0351516
0.704603 0.0759079 0.0529597
0.570386 -0.0709104 -0.0253615
0.590273 -0.0904834 -0.0351516
0.600217 -0.114951 0.0480646
0.590272 -0.0806962 -0.0351516
0.719522 0.0122919 -0.0351516
0.590272 -0.0758026 -0.0351516
0.590271 -0.070909 -0.0351516
0.644948 0.0465419 0.0529597
0.590269 -0.0464409 -0.0351516
0.575354 -0.0268675 -0.0351516
0.590269 -0.0415473 -0.0351516
0.644947 0.0612227 0.0529597
0.570388 -0.100272 -0.0155713
0.590268 -0.0219728 -0.0351516
0.595243 -0.0758022 0.0529597
0.590267 -0.0170791 -0.0351516
0.659864 0.0220748 -0.0351516
0.590267 -0.0121855 -0.0351516
0.590274 -0.114952 -0.0106762
0.630046 -0.114949 -0.0351516
0.570383 -0.0366551 0.0235892
0.590266 0.00249533 -0.0351516
0.590266 0.00738895 -0.0351516
0.649929 -0.0904791 -0.0351516
0.590265 0.0122826 -0.0351516
0.605182 -0.0268653 0.0529597
0.729473 -0.110048 0.0431695
0.590263 0.0367507 -0.0351516
0.644943 0.115053 0.0480646
0.630044 -0.0953742 0.0529597
0.590262 0.0514315 -0.0351516
0.729459 0.0856969 0.0529597
0.595237 0.0122829 -0.0351516
0.729468 -0.0366436 0.00890404
0.635 0.115052 -0.0302565
0.59026 0.0856869 -0.0351516
0.585303 -0.114952 -0.0351516
0.585302 -0.105165 -0.0351516
0.620086 0.115051 0.0382745
0.585302 -0.100271 -0.0351516
0.570375 0.0710046 0.0333794
0.635012 -0.0513313 -0.0351516
0.580332 -0.114952 0.0431695
0.585301 -0.0855902 -0.0351516
0.71953 -0.100261 -0.0351516
0.585301 -0.0806966 -0.0351516
0.570375 0.0758982 0.0137991
0.585299 -0.0562285 -0.0351516
0.585297 -0.0268667 -0.0351516
0.585294 0.0122822 -0.0351516
0.635009 -0.00239506 -0.0351516
0.570388 -0.110059 -0.0204664
0.585289 0.0856865 -0.0351516
0.684725 -0.0317532 0.0529597
0.575353 -0.0219738 0.0529597
0.610156 -0.0611203 -0.0351516
0.70958 0.00250395 -0.0351516
0.570376 0.0612173 -0.0302565
0.580326 -0.041548 -0.0351516
0.590272 -0.0806962 0.0529597
0.729462 0.046548 0.0186942
0.709572 0.115057 -0.000886103
0.580326 -0.0366543 -0.0351516
0.72947 -0.0660053 -0.0253615
0.580325 -0.0268671 -0.0351516
0.580325 -0.0219735 -0.0351516
0.570378 0.0318556 -0.0106762
0.580323 -0.002399 -0.0351516
0.570383 -0.0317614 -0.000886103
0.729472 -0.095367 0.0137991
0.570381 -0.00239972 -0.0302565
0.729457 0.110165 0.0235892
0.580322 0.0220691 -0.0351516
0.570381 -0.00729334 -0.0253615
0.694658 0.100375 0.0529597
0.709574 0.0759083 -0.0351516
0.580319 0.0612181 -0.0351516
0.625059 0.090583 0.0529597
0.61016 -0.110056 -0.0351516
0.605174 0.0905816 -0.0351516
0.580318 0.0758989 -0.0351516
0.630044 -0.085587 -0.0351516
0.580317 0.0905798 -0.0351516
0.580316 0.0954734 -0.0351516
0.659869 -0.0513295 0.0529597
0.570373 0.100366 0.0235892
0.57536 -0.114953 -0.0351516
0.570382 -0.0170806 0.00890404
0.57536 -0.110059 -0.0351516
0.570388 -0.110059 -0.00578117
0.590274 -0.114952 0.0284843
0.719514 0.115058 0.0235892
0.575359 -0.0953781 -0.0351516
0.570386 -0.0709104 -0.0351516
0.639987 -0.0953735 -0.0351516
0.575356 -0.0513356 -0.0351516
0.605184 -0.0464398 0.0529597
0.729472 -0.0855798 0.0284843
0.575353 -0.0121866 -0.0351516
0.6201 -0.0758004 0.0529597
0.729473 -0.110048 0.0284843
0.580316 0.100367 -0.0351516
0.699645 -0.114944 0.0333794
0.729466 -0.00238823 -0.00578117
0.575352 -0.00729298 -0.0351516
0.575352 -0.00239936 -0.0351516
0.709584 -0.0611131 0.0529597
0.61513 -0.0904817 -0.0351516
0.575351 0.00738788 -0.0351516
0.659874 -0.114947 0.0284843
0.575351 0.0171751 -0.0351516
0.610143 0.11505 0.0480646
0.674788 -0.114945 0.0431695
0.635011 -0.0366504 0.0529597
0.654886 0.115053 0.0284843
0.57535 0.0220687 -0.0351516
0.57535 0.0269624 -0.0351516
0.67976 -0.114945 0.00400897
0.635 0.115052 0.0431695
0.57535 0.031856 -0.0351516
0.575349 0.0367496 -0.0351516
0.575349 0.0416432 -0.0351516
0.630039 -0.0170763 0.0529597
0.575348 0.0465368 -0.0351516
0.704607 0.0171845 0.0529597
0.590262 0.0612188 -0.0351516
0.684731 -0.114945 0.00890404
0.575347 0.0661113 -0.0351516
0.575346 0.0758986 -0.0351516
0.729459 0.0905906 0.0333794
0.694658 0.100375 -0.0351516
0.72947 -0.0660053 0.00400897
0.57038 0.00738752 0.0284843
0.580329 -0.0758033 -0.0351516
0.575344 0.110154 -0.0351516
0.580329 -0.0806969 -0.0351516
0.575344 0.115048 -0.0351516
0.61513 -0.0953753 0.0529597
0.625073 -0.0953746 -0.0351516
0.620087 0.10037 -0.0351516
0.570388 -0.110059 -0.0351516
0.649928 -0.0709047 -0.0351516
0.570387 -0.0904849 -0.0351516
0.639974 0.0905841 -0.0351516
0.64993 -0.100266 -0.0351516
0.615131 -0.11495 -0.0253615
0.61512 0.0416461 -0.0351516
0.570387 -0.0855913 -0.0351516
0.570386 -0.0806976 -0.0351516
0.649929 -0.0855855 0.0529597
0.570386 -0.075804 -0.0351516
0.620103 -0.114949 -0.0106762
0.704609 -0.0121773 -0.0351516
0.644949 0.031861 -0.0351516
0.570383 -0.0317614 -0.0351516
0.570382 -0.0268678 -0.0351516
0.570381 -0.012187 -0.0351516
0.570381 -0.00729334 -0.0351516
0.600204 0.0612195 0.0529597
0.580332 -0.114952 -0.0253615
0.610155 -0.0464394 -0.0351516
0.590262 0.0563252 -0.0351516
0.729459 0.0905906 0.0186942
0.57038 0.0024939 -0.0351516
0.709575 0.0710146 -0.0351516
0.570379 0.0220684 -0.0351516
0.729467 -0.0268563 0.00400897
0.570378 0.026962 -0.0351516
0.570377 0.0514301 -0.0351516
0.679754 -0.0415408 -0.0351516
0.570375 0.0710046 -0.0351516
0.570375 0.0758982 -0.0351516
0.570374 0.0856854 -0.0351516
0.5853 -0.0709093 0.0529597
0.570373 0.10526 -0.0351516
0.570373 0.110154 -0.0351516
0.729473 -0.100261 0.0529597
0.595241 -0.0513341 0.0529597
0.699639 -0.0268585 0.0529597
0.729472 -0.0904734 0.0529597
0.729471 -0.0757925 0.0529597
0.570378 0.0367492 -0.0155713
0.64496 -0.114948 -0.0106762
0.729471 -0.0708989 0.0529597
0.72947 -0.0660053 0.0529597
0.575358 -0.0806973 -0.0351516
0.72947 -0.0611117 0.0529597
0.729469 -0.0562181 0.0529597
0.620097 -0.0317579 0.0529597
0.644956 -0.0660114 -0.0351516
0.625072 -0.0806937 -0.0351516
0.729469 -0.0513244 0.0529597
0.729468 -0.0415372 0.0529597
0.679749 0.0318635 0.0529597
0.729467 -0.0268563 0.0529597
0.635012 -0.041544 -0.0351516
0.729466 -0.0121755 0.0529597
0.669801 0.100373 0.0529597
0.72947 -0.0611117 0.0186942
0.620086 0.115051 -0.0351516
0.729465 0.00250539 0.0529597
0.729469 -0.0464308 0.0137991
0.590258 0.110155 -0.0351516
0.729465 0.0122926 0.0529597
0.679753 -0.0170727 0.0529597
0.729468 -0.0366436 0.0186942
0.729463 0.0269735 0.0529597
0.635002 0.0905837 -0.0351516
0.659866 0.00250036 -0.0351516
0.729463 0.0367607 0.0529597
0.674772 0.115055 0.0333794
0.630038 -0.00728903 0.0529597
0.615131 -0.11495 -0.0204664
0.729462 0.0416543 0.0529597
0.679749 0.0269699 0.0529597
0.729462 0.046548 0.0529597
0.570386 -0.0806976 -0.0106762
0.570388 -0.110059 0.0284843
0.729462 0.0514416 0.0529597
0.729461 0.0612288 0.0529597
0.729461 0.0661224 0.0529597
0.570373 0.100366 0.00890404
0.600215 -0.0806955 -0.0351516
0.630045 -0.105161 0.0529597
0.72946 0.0759097 0.0529597
0.704608 0.00739721 0.0529597
0.704607 0.0122908 0.0529597
0.694657 0.115056 -0.0351516
0.729458 0.105271 -0.0302565
0.689694 0.00250251 0.0529597
0.620091 0.0465401 0.0529597
0.699635 0.031865 -0.0351516
0.639984 -0.0562245 -0.0351516
0.605184 -0.0513334 -0.0351516
0.729457 0.115059 0.0529597
0.630041 -0.046438 0.0529597
0.70958 -0.00728329 -0.0351516
0.724496 -0.0219631 0.0529597
0.570378 0.0318556 0.0480646
0.729457 0.110165 0.0382745
0.570379 0.0171748 0.0137991
0.570383 -0.0366551 -0.0106762
0.630046 -0.114949 0.0235892
0.724492 0.0269731 0.0529597
0.724492 0.0318667 0.0529597
0.724491 0.041654 0.0529597
0.570372 0.115047 0.0529597
0.575344 0.115048 -0.0302565
0.724491 0.0465476 0.0529597
0.72449 0.0563348 0.0529597
0.724489 0.0661221 0.0529597
0.724487 0.0954838 0.0529597
0.590273 -0.100271 -0.0351516
0.719531 -0.114942 0.0529597
0.570377 0.0416429 -0.0351516
0.570387 -0.0953785 -0.0155713
0.635017 -0.114948 -0.0204664
0.729471 -0.0757925 -0.0253615
0.71953 -0.100261 0.0529597
0.659857 0.115054 0.0480646
0.679753 -0.0219663 -0.0351516
0.719529 -0.0855805 0.0529597
0.719528 -0.0806869 0.0529597
0.719527 -0.0611124 0.0529597
0.719515 0.100377 -0.0351516
0.724501 -0.0904738 -0.0351516
0.600207 0.0220705 0.0529597
0.719525 -0.0366443 0.0529597
0.659865 0.00739398 0.0529597
0.719525 -0.0317507 0.0529597
0.719525 -0.0268571 0.0529597
0.649921 0.0269677 -0.0351516
0.719516 0.0856962 -0.0351516
0.719523 -0.00728257 0.0529597
0.729465 0.0122926 -0.0253615
0.639988 -0.114948 -0.000886103
0.719522 0.00250467 0.0529597
0.620103 -0.114949 0.0186942
0.719522 0.00739829 0.0529597
0.719522 0.0122919 0.0529597
0.620094 0.0122847 -0.0351516
0.570374 0.0905791 0.0333794
0.570389 -0.114953 -0.0155713
0.649927 -0.0611174 -0.0351516
0.620086 0.115051 0.0235892
0.729462 0.0416543 0.0186942
0.729463 0.0367607 -0.0155713
0.600201 0.115049 -0.0351516
0.570386 -0.0709104 -0.00578117
0.585298 -0.0415476 -0.0351516
0.71952 0.0318664 0.0529597
0.575355 -0.0415483 -0.0351516
0.72947 -0.0660053 -0.0204664
0.71952 0.0416536 0.0529597
0.719519 0.0465473 0.0529597
0.729471 -0.0708989 -0.0204664
0.719519 0.0514409 0.0529597
0.699645 -0.105156 0.0529597
0.570375 0.0758982 0.0333794
0.704605 0.0416526 -0.0351516
0.729467 -0.0170691 0.0333794
0.719518 0.0612281 0.0529597
0.724499 -0.0660057 0.0529597
0.72946 0.0759097 0.0382745
0.719517 0.0808026 0.0529597
0.729463 0.0318671 0.0529597
0.724501 -0.0904738 0.0529597
0.719515 0.100377 0.0529597
0.610149 0.0318585 -0.0351516
0.674788 -0.114945 -0.0302565
0.580317 0.0807925 -0.0351516
0.729464 0.0171862 0.0529597
0.590267 -0.00729191 0.0529597
0.649928 -0.066011 -0.0351516
0.570376 0.066111 -0.0106762
0.724501 -0.100261 0.0529597
0.719515 0.110164 0.0529597
0.729462 0.0416543 -0.000886103
0.66981 -0.0170734 -0.0351516
0.719514 0.115058 0.0529597
0.699635 0.0220777 -0.0351516
0.644956 -0.0562242 -0.0351516
0.699634 0.0416522 -0.0351516
0.714559 -0.105155 0.0529597
0.699631 0.0808012 0.0529597
0.714558 -0.100262 0.0529597
0.570375 0.0758982 0.0480646
0.580322 0.0122819 -0.0351516
0.600206 0.0465386 -0.0351516
0.570376 0.066111 -0.0351516
0.714557 -0.0855809 0.0529597
0.714557 -0.0757936 0.0529597
0.714556 -0.0660064 0.0529597
0.714556 -0.0611128 0.0529597
0.654903 -0.114947 0.0186942
0.714554 -0.0415383 0.0529597
0.714554 -0.0366447 0.0529597
0.729465 0.00739901 0.0382745
0.714553 -0.031751 0.0529597
0.659862 0.0563302 -0.0351516
0.570386 -0.075804 0.0382745
0.714549 0.0367597 0.0529597
0.570382 -0.0170806 0.0186942
0.714548 0.0416533 0.0529597
0.570379 0.0171748 -0.00578117
0.580316 0.100367 0.0529597
0.714548 0.0514405 0.0529597
0.6897 -0.0855827 -0.0351516
0.714545 0.0808022 0.0529597
0.61513 -0.0953753 -0.0351516
0.714545 0.0856959 0.0529597
0.570378 0.0318556 0.0186942
0.590258 0.115049 0.0235892
0.605189 -0.11495 -0.0155713
0.729465 0.00250539 0.0431695
0.714545 0.0905895 0.0529597
0.714544 0.0954831 0.0529597
0.570379 0.0220684 0.0186942
0.595229 0.115049 -0.00578117
0.714544 0.100377 0.0529597
0.714543 0.110164 0.0529597
0.669814 -0.0709032 -0.0351516
0.639972 0.115052 0.0333794
0.709581 -0.0121769 -0.0351516
0.714543 0.115058 0.0529597
0.57038 0.0024939 0.0137991
0.585287 0.110155 -0.0351516
0.709587 -0.105156 0.0529597
0.58032 0.0514308 -0.0351516
0.590267 -0.00729191 -0.0351516
0.570388 -0.110059 0.0480646
0.570373 0.100366 -0.0155713
0.709587 -0.100262 0.0529597
0.689686 0.115056 -0.0155713
0.709586 -0.0806876 0.0529597
0.729469 -0.0513244 -0.0253615
0.709583 -0.0464323 0.0529597
0.709573 0.0905891 -0.0351516
0.585295 -0.00239865 -0.0351516
0.570387 -0.0904849 0.0382745
0.709583 -0.0415386 0.0529597
0.654886 0.115053 -0.000886103
0.644956 -0.0611178 -0.0351516
0.72947 -0.0611117 0.0431695
0.590274 -0.105164 -0.0351516
0.635002 0.0905837 0.0529597
0.709582 -0.0268578 0.0529597
0.654888 0.0905852 -0.0351516
0.724502 -0.114942 0.0529597
0.719517 0.075909 0.0529597
0.709581 -0.0170705 0.0529597
0.625064 0.0269659 0.0529597
0.654891 0.041649 -0.0351516
0.605172 0.11505 0.0431695
0.709581 -0.0121769 0.0529597
0.709574 0.0808019 0.0529597
0.679743 0.115055 -0.000886103
0.62507 -0.0562256 0.0529597
0.70958 -0.00238967 0.0529597
0.70958 0.00250395 0.0529597
0.709579 0.00739757 0.0529597
0.709578 0.0220784 0.0529597
0.575359 -0.100272 -0.0351516
0.709578 0.0269721 0.0529597
0.709578 0.0318657 0.0529597
0.600207 0.0269642 -0.0351516
0.615125 -0.0268646 -0.0351516
0.704615 -0.0953688 0.0529597
0.570388 -0.110059 -0.0106762
0.709577 0.0416529 0.0529597
0.709576 0.0465465 0.0529597
0.709576 0.0514402 0.0529597
0.709575 0.0710146 0.0529597
0.64495 0.0220738 -0.0351516
0.635008 0.0171794 -0.0351516
0.709573 0.100376 0.0529597
0.610152 0.00249677 -0.0351516
0.709572 0.10527 0.0529597
0.575356 -0.0562292 -0.0351516
0.704616 -0.11005 0.0529597
0.72946 0.0710161 0.0529597
0.704616 -0.105156 0.0529597
0.570389 -0.114953 -0.0204664
0.6698 0.115054 -0.00578117
0.570374 0.0856854 0.0431695
0.664831 0.0856923 0.0529597
0.615124 -0.0170774 -0.0351516
0.704614 -0.080688 0.0529597
0.714549 0.0269724 -0.0351516
0.729463 0.0367607 0.0186942
0.704614 -0.0709007 0.0529597
0.644943 0.115053 0.0529597
0.585303 -0.110058 -0.0351516
0.729471 -0.0806862 -0.0204664
0.625074 -0.110055 -0.0351516
0.620089 0.0807954 -0.0351516
0.625068 -0.0317575 0.0529597
0.729466 -0.0121755 -0.000886103
0.724486 0.115058 0.0333794
0.704613 -0.0611135 0.0529597
0.704612 -0.0464326 0.0529597
0.57038 0.0024939 0.0431695
0.704609 -0.00239003 0.0529597
0.610152 -0.00239685 -0.0351516
0.704608 0.00250359 0.0529597
0.72946 0.0710161 0.0235892
0.704606 0.0318653 0.0529597
0.654886 0.115053 0.0529597
0.71952 0.03676 0.0529597
0.654903 -0.114947 0.0382745
0.65987 -0.0562231 -0.0351516
0.654902 -0.100266 -0.0351516
0.704604 0.0563334 0.0529597
0.659867 -0.0170741 -0.0351516
0.570376 0.0612173 -0.0106762
0.724496 -0.0219631 -0.0351516
0.709588 -0.114943 0.0529597
0.704603 0.0808015 0.0529597
0.620093 0.0171783 -0.0351516
0.704602 0.0905888 0.0529597
0.664837 -0.0023929 -0.0351516
0.709587 -0.0953685 0.0529597
0.704602 0.0954824 0.0529597
0.580326 -0.0366543 0.0529597
0.709586 -0.0904748 0.0529597
0.704601 0.10527 0.0529597
0.709586 -0.0855812 0.0529597
0.7046 0.110163 0.0529597
0.630029 0.110158 -0.0351516
0.674772 0.115055 -0.0351516
0.699645 -0.114944 0.0529597
0.699644 -0.100263 0.0529597
0.630038 -0.00728903 -0.0351516
0.570388 -0.100272 0.0382745
0.684718 0.0661192 -0.0351516
0.570387 -0.0904849 0.0235892
0.625068 -0.0317575 -0.0351516
0.699643 -0.0806883 0.0529597
0.605172 0.110156 -0.0351516
0.600212 -0.0415465 -0.0351516
0.72449 0.0612285 0.0529597
0.570379 0.0220684 0.0235892
0.699642 -0.0757947 0.0529597
0.575352 0.00249426 -0.0351516
0.724502 -0.114942 0.0480646
0.699642 -0.0709011 0.0529597
0.630043 -0.0806933 -0.0351516
0.580332 -0.114952 0.00890404
0.699641 -0.0513266 0.0529597
0.689688 0.0856941 0.0529597
0.679745 0.090587 -0.0351516
0.71455 0.0171852 0.0529597
0.570372 0.115047 0.0284843
0.639988 -0.105161 -0.0351516
0.635003 0.0856901 -0.0351516
0.719527 -0.066006 -0.0351516
0.699638 -0.0170712 0.0529597
0.570387 -0.0855913 0.0382745
0.699638 -0.0121776 0.0529597
0.630037 0.00249821 -0.0351516
0.635008 0.00739219 -0.0351516
0.719516 0.0954835 -0.0351516
0.7245 -0.0855801 -0.0351516
0.570386 -0.0806976 0.0333794
0.580315 0.115048 -0.0204664
0.699638 -0.00728401 0.0529597
0.575348 0.0514305 -0.0351516
0.600207 0.0220705 -0.0351516
0.654897 -0.036649 0.0529597
0.65489 0.0563298 0.0529597
0.605178 0.0269645 -0.0351516
0.580321 0.03675 -0.0351516
0.719528 -0.0708996 0.0529597
0.699636 0.0122905 0.0529597
0.699634 0.0416522 0.0529597
0.684723 -0.00728509 0.0529597
0.639981 -0.0121819 -0.0351516
0.590274 -0.114952 0.0235892
0.699633 0.0612267 0.0529597
0.709585 -0.0660067 0.0529597
0.57038 0.0122811 -0.0155713
0.654903 -0.114947 0.0284843
0.699629 0.115056 0.0529597
0.595246 -0.114951 -0.00578117
0.694673 -0.100263 0.0529597
0.709588 -0.114943 0.0382745
0.729458 0.100378 0.0529597
0.570374 0.0905791 -0.0351516
0.644957 -0.070905 0.0529597
0.625072 -0.0904809 -0.0351516
0.615123 0.00249713 -0.0351516
0.69467 -0.0611142 0.0529597
0.61016 -0.11495 0.0480646
0.69467 -0.0562206 0.0529597
0.639978 0.0318606 -0.0351516
0.694669 -0.0513269 0.0529597
0.575347 0.0612177 0.0529597
0.694669 -0.0464333 0.0529597
0.630035 0.0269663 -0.0351516
0.580319 0.0661117 0.0529597
0.570378 0.0367492 0.0284843
0.580327 -0.0464416 0.0529597
0.694668 -0.0366461 0.0529597
0.669802 0.0856926 0.0529597
0.570377 0.0514301 0.0137991
0.585303 -0.114952 0.0137991
0.714546 0.071015 0.0529597
0.694667 -0.0219652 0.0529597
0.625067 -0.0219703 -0.0351516
0.57536 -0.114953 -0.0106762
0.615128 -0.0660136 -0.0351516
0.714544 0.0954831 -0.0351516
0.595238 -0.00239793 -0.0351516
0.61016 -0.11495 0.0382745
0.605183 -0.0415462 -0.0351516
0.694665 0.00739649 0.0529597
0.585303 -0.114952 0.0480646
0.620093 0.022072 0.0529597
0.654903 -0.114947 0.00400897
0.62506 0.0856894 0.0529597
0.704602 0.0954824 -0.0351516
0.709587 -0.0953685 -0.0351516
0.595236 0.0171766 -0.0351516
0.679748 0.051438 0.0529597
0.570389 -0.114953 -0.0106762
0.610144 0.110156 -0.0351516
0.659871 -0.0660103 0.0529597
0.570388 -0.100272 0.00890404
0.679748 0.0416508 0.0529597
0.719521 0.0269728 0.0529597
0.580324 -0.0121862 -0.0351516
0.580318 0.0710053 -0.0351516
0.64496 -0.114948 0.0529597
0.729473 -0.100261 0.0480646
0.595246 -0.114951 -0.0204664
0.694661 0.0612263 0.0529597
0.620086 0.115051 -0.0106762
0.694661 0.0661199 0.0529597
0.570388 -0.100272 0.0137991
0.69466 0.0710136 0.0529597
0.570387 -0.0953785 0.0137991
0.659863 0.0367557 -0.0351516
0.729472 -0.0855798 -0.0351516
0.719523 -0.0121762 0.0529597
0.57536 -0.114953 0.0284843
0.684731 -0.114945 -0.00578117
0.694658 0.105269 0.0529597
0.59524 -0.0317596 0.0529597
0.570383 -0.0317614 0.0137991
0.644944 0.105265 -0.0351516
0.729465 0.0122926 -0.0302565
0.639988 -0.114948 -0.0106762
0.689702 -0.105157 0.0529597
0.610147 0.0612202 0.0529597
0.72946 0.0808033 0.0382745
0.69963 0.095482 -0.0351516
0.570372 0.115047 -0.0106762
0.620097 -0.0317579 -0.0351516
0.689701 -0.0953699 0.0529597
0.729473 -0.110048 0.00890404
0.689701 -0.0904763 0.0529597
0.699639 -0.0219649 -0.0351516
0.6897 -0.0855827 0.0529597
0.605177 0.0416454 -0.0351516
0.694666 -0.00728437 -0.0351516
0.729458 0.105271 0.0235892
0.689699 -0.0709018 0.0529597
0.689699 -0.0660082 0.0529597
0.689699 -0.0611145 0.0529597
0.664832 0.075905 0.0529597
0.570383 -0.0317614 0.0480646
0.689698 -0.0513273 0.0529597
0.630043 -0.0757997 -0.0351516
0.610154 -0.0317586 -0.0351516
0.585295 -0.00729227 -0.0351516
0.689696 -0.0219656 0.0529597
0.630044 -0.085587 0.0529597
0.580332 -0.114952 -0.00578117
0.570387 -0.0953785 -0.0351516
0.630037 0.00249821 0.0529597
0.689693 0.0122898 0.0529597
0.664842 -0.0611163 -0.0351516
0.729467 -0.0170691 0.0480646
0.714559 -0.114943 0.0137991
0.585291 0.0465376 0.0529597
0.724499 -0.0708993 0.0529597
0.729457 0.110165 0.0529597
0.664838 -0.0170738 0.0529597
0.729459 0.0954842 -0.00578117
0.709573 0.0905891 0.0529597
0.625071 -0.0660128 0.0529597
0.620094 0.00249749 -0.0351516
0.615131 -0.11495 -0.0302565
0.729467 -0.0268563 -0.0106762
0.689692 0.0269706 0.0529597
0.570381 -0.00239972 0.0186942
0.689691 0.0416515 0.0529597
0.5853 -0.075803 0.0529597
0.570377 0.0465365 0.0186942
0.689691 0.0465451 0.0529597
0.729468 -0.0415372 0.00890404
0.699634 0.0367586 0.0529597
0.729471 -0.0806862 -0.0253615
0.694674 -0.114944 0.0529597
0.689688 0.0808004 0.0529597
0.630037 -0.00239541 -0.0351516
0.694672 -0.0904759 0.0529597
0.689687 0.105269 0.0529597
0.615121 0.0220716 -0.0351516
0.72946 0.0710161 0.0186942
0.689686 0.110162 0.0529597
0.600217 -0.114951 0.0333794
0.689686 0.115056 0.0529597
0.610143 0.11505 -0.0155713
0.68473 -0.105157 0.0529597
0.68473 -0.0953702 0.0529597
0.72946 0.0710161 -0.0253615
0.61016 -0.11495 -0.0351516
0.684729 -0.085583 0.0529597
0.684729 -0.0806894 0.0529597
0.72946 0.0759097 0.0235892
0.684728 -0.0709021 0.0529597
0.724487 0.0954838 -0.0351516
0.729472 -0.095367 -0.000886103
0.674787 -0.095371 0.0529597
0.684726 -0.046434 0.0529597
0.699643 -0.0855819 0.0529597
0.684726 -0.0415404 0.0529597
0.659873 -0.105159 -0.0351516
0.684725 -0.0268596 0.0529597
0.595232 0.0710064 0.0529597
0.684724 -0.0219659 0.0529597
0.570378 0.0367492 0.0137991
0.69963 0.0905884 0.0529597
0.684724 -0.0121787 0.0529597
0.674786 -0.0806901 -0.0351516
0.615119 0.0514333 -0.0351516
0.684723 0.00250216 0.0529597
0.630045 -0.105161 -0.0351516
0.635016 -0.105161 -0.0351516
0.684722 0.0122894 0.0529597
0.72946 0.0759097 -0.0351516
0.689689 0.0710132 0.0529597
0.684722 0.017183 0.0529597
0.57038 0.0024939 0.00400897
0.684721 0.0269703 0.0529597
0.605184 -0.056227 -0.0351516
0.570381 -0.00729334 0.0186942
0.580332 -0.114952 0.0480646
0.63998 0.00249892 0.0529597
0.570384 -0.0464423 -0.0204664
0.684719 0.0465447 0.0529597
0.684719 0.0514384 0.0529597
0.649931 -0.110054 -0.0351516
0.595244 -0.0953767 -0.0351516
0.590259 0.100368 -0.0351516
0.729465 0.00739901 0.0529597
0.684718 0.0612256 0.0529597
0.684718 0.0710128 0.0529597
0.709588 -0.114943 -0.0302565
0.625062 0.0563277 0.0529597
0.595241 -0.0464405 -0.0351516
0.644943 0.115053 0.0137991
0.610144 0.105263 -0.0351516
0.729464 0.0220799 0.0137991
0.620102 -0.110056 0.0529597
0.674781 -0.017073 -0.0351516
0.620102 -0.100269 0.0529597
0.605185 -0.0611207 -0.0351516
0.570381 -0.00239972 0.00400897
0.674773 0.0905866 0.0529597
0.674782 -0.0268603 0.0529597
0.57038 0.00738752 -0.0351516
0.620099 -0.056226 0.0529597
0.605177 0.046539 -0.0351516
0.729459 0.0954842 0.0529597
0.620098 -0.0415451 0.0529597
0.570382 -0.0219742 0.00890404
0.625071 -0.0709065 0.0529597
0.659862 0.0563302 0.0529597
0.585291 0.0514312 -0.0351516
0.600208 0.00738967 0.0529597
0.570381 -0.012187 -0.00578117
0.64495 0.0220738 0.0529597
0.644946 0.07101 -0.0351516
0.615131 -0.11495 -0.000886103
0.729463 0.0367607 0.0333794
0.704611 -0.0317518 0.0529597
0.64495 0.0269674 -0.0351516
0.689694 0.00739613 0.0529597
0.699635 0.0269713 -0.0351516
0.57536 -0.114953 0.0382745
0.68969 0.061226 0.0529597
0.719518 0.0612281 -0.0351516
0.649915 0.105266 0.0529597
0.654901 -0.0904788 0.0529597
0.570375 0.0807918 -0.000886103
0.620092 0.0318592 0.0529597
0.595244 -0.0855895 0.0529597
0.590258 0.105261 0.0529597
0.585286 0.115048 -0.0351516
0.570377 0.0465365 0.0431695
0.699632 0.0710139 0.0529597
0.570389 -0.114953 -0.000886103
0.600206 0.0465386 0.0529597
0.689695 -0.00728473 -0.0351516
0.605186 -0.0758015 -0.0351516
0.570382 -0.0268678 0.0284843
0.595229 0.115049 -0.0351516
0.61513 -0.0904817 0.0529597
0.585296 -0.0170795 0.0529597
0.615128 -0.0611199 0.0529597
0.570383 -0.0415487 -0.0155713
0.674786 -0.0855837 0.0529597
0.570375 0.0710046 0.0529597
0.615127 -0.0562263 0.0529597
0.590264 0.0318571 0.0529597
0.570385 -0.0611232 -0.0204664
0.684723 -0.00239147 0.0529597
0.585302 -0.100271 0.0529597
0.57536 -0.114953 -0.000886103
0.615125 -0.021971 0.0529597
0.610152 -0.00239685 0.0529597
0.615119 0.056327 -0.0351516
0.729459 0.0856969 0.0333794
0.729466 -0.00728185 0.0235892
0.570388 -0.110059 0.0529597
0.600201 0.110156 0.0529597
0.719516 0.0856962 0.0529597
0.704611 -0.0366454 0.0529597
0.729472 -0.0855798 -0.0204664
0.659863 0.0367557 0.0529597
0.615121 0.0220716 0.0529597
0.7245 -0.0806865 0.0529597
0.719516 0.0905898 0.0529597
0.729473 -0.110048 0.0333794
0.585289 0.0758993 -0.0351516
0.61512 0.0416461 0.0529597
0.615119 0.0514333 0.0529597
0.6201 -0.0806941 0.0529597
0.610154 -0.0366522 0.0529597
0.729463 0.0367607 0.0137991
0.649924 -0.0121812 -0.0351516
0.615119 0.056327 0.0529597
0.644955 -0.0513305 0.0529597
0.570381 -0.00239972 -0.000886103
0.615118 0.0759014 0.0529597
0.729459 0.0856969 -0.0106762
0.679747 0.0563316 0.0529597
0.615124 -0.0170774 0.0529597
0.729463 0.0318671 -0.0204664
0.684714 0.115055 0.0529597
0.605185 -0.0611207 0.0529597
0.729469 -0.0464308 0.0529597
0.590258 0.115049 -0.0351516
0.605189 -0.11495 -0.0253615
0.719524 -0.0219634 0.0529597
0.659858 0.105266 0.0529597
0.570372 0.115047 -0.0204664
0.620101 -0.0855877 0.0529597
0.605179 0.0171773 0.0529597
0.615123 -0.00239649 -0.0351516
0.649925 -0.0317557 0.0529597
0.635001 0.100371 0.0529597
0.590274 -0.114952 -0.0302565
0.635016 -0.0953738 0.0529597
0.664845 -0.114946 0.00890404
0.575347 0.0612177 -0.0351516
0.615116 0.10037 0.0529597
0.595232 0.0759 0.0529597
0.595231 0.0954745 0.0529597
0.729467 -0.0219627 0.0235892
0.709585 -0.075794 0.0529597
0.669809 -0.00239254 0.0529597
0.635009 -0.00728868 -0.0351516
0.570385 -0.0611232 0.0431695
0.625065 0.0171787 0.0529597
0.62507 -0.0611192 -0.0351516
0.714555 -0.0513255 -0.0351516
0.610158 -0.090482 0.0529597
0.694668 -0.0366461 -0.0351516
0.610158 -0.0855884 -0.0351516
0.605172 0.11505 -0.0351516
0.620095 -0.0121834 0.0529597
0.669814 -0.0757968 0.0529597
0.63501 -0.0219695 0.0529597
0.699634 0.0465458 0.0529597
0.699645 -0.114944 0.0186942
0.729466 -0.00238823 0.00400897
0.620096 -0.017077 0.0529597
0.704604 0.061227 0.0529597
0.610155 -0.0415458 0.0529597
0.724502 -0.114942 0.0284843
0.684714 0.115055 0.00890404
0.729463 0.0318671 0.00890404
0.610154 -0.026865 0.0529597
0.620087 0.110157 -0.0351516
0.570378 0.0318556 0.0235892
0.590258 0.115049 0.0186942
0.605189 -0.11495 -0.0204664
0.679743 0.110161 0.0529597
0.610153 -0.0170777 0.0529597
0.610153 -0.0121841 0.0529597
0.709588 -0.114943 -0.0253615
0.610152 -0.00729047 0.0529597
0.659868 -0.0366486 0.0529597
0.684728 -0.0757958 0.0529597
0.570377 0.0416429 0.0235892
0.729468 -0.03175 0.0480646
0.699635 0.031865 0.0529597
0.679755 -0.0562216 0.0529597
0.605181 -0.00729083 0.0529597
0.729471 -0.0806862 0.0235892
0.610147 0.0710075 0.0529597
0.674772 0.115055 -0.000886103
0.615127 -0.0562263 -0.0351516
0.595243 -0.0758022 -0.0351516
0.595244 -0.0855895 -0.0351516
0.590258 0.105261 -0.0351516
0.644952 -0.00728796 0.0529597
0.600209 -0.00729119 0.0529597
0.639987 -0.0953735 0.0529597
0.595236 0.0269638 -0.0351516
0.674772 0.115055 0.0137991
0.729469 -0.0464308 -0.0351516
0.635011 -0.0317568 0.0529597
0.590263 0.0416443 0.0529597
0.659864 0.0269685 0.0529597
0.605172 0.11505 -0.0204664
0.679746 0.0807997 -0.0351516
0.570383 -0.0317614 0.0529597
0.69466 0.0808008 0.0529597
0.610149 0.0416457 0.0529597
0.625058 0.115051 0.0186942
0.635014 -0.0709057 -0.0351516
0.610148 0.051433 0.0529597
0.610146 0.0807947 0.0529597
0.684727 -0.0562213 0.0529597
0.62506 0.0759021 0.0529597
0.729471 -0.0708989 0.0284843
0.610156 -0.0562267 -0.0351516
0.570377 0.0465365 0.0382745
0.610145 0.0905819 0.0529597
0.610145 0.0954756 0.0529597
0.714549 0.0269724 0.0529597
0.610144 0.100369 0.0529597
0.63003 0.105264 -0.0351516
0.659871 -0.0709039 -0.0351516
0.63998 0.00249892 -0.0351516
0.679746 0.0759061 0.0529597
0.600203 0.0856876 0.0529597
0.684719 0.0514384 -0.0351516
0.580326 -0.0317607 -0.0351516
0.639972 0.115052 0.0382745
0.610157 -0.0758012 0.0529597
0.729468 -0.0366436 0.0431695
0.585297 -0.0268667 0.0529597
0.590268 -0.0268664 0.0529597
0.605188 -0.10027 0.0529597
0.580332 -0.114952 0.0235892
0.605184 -0.056227 0.0529597
0.729459 0.0905906 -0.00578117
0.605175 0.0710071 -0.0351516
0.709574 0.0759083 0.0529597
0.639982 -0.0317564 -0.0351516
0.615117 0.0905823 0.0529597
0.729466 -0.00238823 0.0529597
0.729465 0.00250539 -0.0106762
0.605186 -0.0855888 0.0529597
0.575357 -0.0660164 0.0529597
0.729474 -0.114942 -0.0253615
0.590274 -0.110058 -0.0351516
0.605186 -0.0758015 0.0529597
0.570384 -0.0513359 -0.0302565
0.659874 -0.114947 -0.00578117
0.600208 0.0122833 0.0529597
0.625058 0.115051 0.00400897
0.644954 -0.0366497 0.0529597
0.605184 -0.0513334 0.0529597
0.605183 -0.0366526 0.0529597
0.729473 -0.100261 0.0284843
0.635003 0.0759029 -0.0351516
0.679759 -0.105158 0.0529597
0.72946 0.0808033 -0.0302565
0.595232 0.0759 -0.0351516
0.630035 0.0269663 0.0529597
0.620094 0.00249749 0.0529597
0.729471 -0.0708989 0.0186942
0.595234 0.0465383 0.0529597
0.590268 -0.0268664 -0.0351516
0.570383 -0.0366551 -0.0351516
0.630046 -0.114949 0.0480646
0.709572 0.115057 0.0431695
0.72946 0.0710161 0.00890404
0.620087 0.105264 0.0529597
0.625072 -0.0855873 0.0529597
0.57536 -0.114953 0.00400897
0.729472 -0.0855798 -0.0106762
0.694673 -0.105157 0.0529597
0.689687 0.0954813 0.0529597
0.699641 -0.0562202 0.0529597
0.67976 -0.114945 0.0186942
0.699629 0.110163 0.0529597
0.679747 0.0661189 0.0529597
0.615129 -0.0758008 0.0529597
0.714556 -0.0660064 -0.0351516
0.72947 -0.0660053 0.0235892
0.605178 0.0318581 0.0529597
0.585303 -0.114952 0.0529597
0.68969 0.0514387 0.0529597
0.570377 0.0514301 -0.000886103
0.600217 -0.114951 0.0529597
0.635 0.115052 0.00400897
0.59026 0.0905805 0.0529597
0.605176 0.0661135 0.0529597
0.625059 0.090583 -0.0351516
0.719526 -0.0513252 0.0529597
0.709575 0.0612274 0.0529597
0.699632 0.0759075 0.0529597
0.605172 0.110156 0.0529597
0.605175 0.0759007 -0.0351516
0.664832 0.0710114 0.0529597
0.610158 -0.0855884 0.0529597
0.605172 0.11505 0.0529597
0.684731 -0.110051 0.0529597
0.659873 -0.095372 -0.0351516
0.729462 0.046548 -0.0351516
0.570376 0.066111 -0.0253615
0.649921 0.0318614 0.0529597
0.639981 -0.0170756 0.0529597
0.595241 -0.0513341 -0.0351516
0.644947 0.0661163 -0.0351516
0.625061 0.0710085 -0.0351516
0.66483 0.0954795 0.0529597
0.664832 0.0661178 0.0529597
0.600212 -0.0464402 0.0529597
0.595245 -0.10027 -0.0351516
0.590259 0.0954741 -0.0351516
0.585296 -0.0121859 0.0529597
0.600211 -0.0317593 0.0529597
0.600204 0.0710067 0.0529597
0.57038 0.0122811 0.0529597
0.605182 -0.0268653 -0.0351516
0.729461 0.0563352 0.0529597
0.709577 0.0367593 0.0529597
0.669813 -0.0660096 0.0529597
0.600217 -0.114951 -0.000886103
0.600209 -0.00239757 0.0529597
0.729473 -0.100261 0.0186942
0.600209 0.00249605 0.0529597
0.684716 0.0905873 0.0529597
0.694674 -0.114944 0.0186942
0.610156 -0.0660139 0.0529597
0.600216 -0.0953763 -0.0351516
0.600207 0.0269642 0.0529597
0.575357 -0.0758037 -0.0351516
0.635014 -0.0709057 0.0529597
0.595242 -0.066015 -0.0351516
0.600207 0.0318578 0.0529597
0.605185 -0.0709079 0.0529597
0.659866 -0.00728688 0.0529597
0.570388 -0.100272 0.0333794
0.620095 -0.00728975 0.0529597
0.580332 -0.114952 -0.0155713
0.610159 -0.100269 0.0529597
0.72946 0.0808033 0.0480646
0.605179 0.0122837 0.0529597
0.59027 -0.0513345 -0.0351516
0.635011 -0.0317568 -0.0351516
0.729469 -0.0513244 0.0186942
0.610156 -0.0562267 0.0529597
0.600202 0.0905812 0.0529597
0.674779 0.00739506 0.0529597
0.60518 0.00739003 -0.0351516
0.72946 0.0710161 0.0431695
0.600211 -0.0268657 0.0529597
0.590274 -0.114952 -0.0155713
0.654903 -0.114947 -0.0253615
0.585292 0.0318567 -0.0351516
0.570385 -0.0660168 -0.0302565
0.709588 -0.114943 0.0480646
0.68969 0.0563323 -0.0351516
0.57038 0.00738752 0.0529597
0.729471 -0.0708989 0.0480646
0.61513 -0.100269 0.0529597
0.699635 0.0220777 0.0529597
0.625063 0.0416468 0.0529597
0.630036 0.0122854 -0.0351516
0.590269 -0.0366536 0.0529597
0.600201 0.105262 0.0529597
0.644947 0.0563291 0.0529597
0.699633 0.0514394 0.0529597
0.719531 -0.114942 0.0480646
0.654889 0.0807979 0.0529597
0.635014 -0.0757994 0.0529597
0.669806 0.04165 0.0529597
0.590264 0.0269634 -0.0351516
0.600208 0.0171769 -0.0351516
0.689698 -0.0562209 -0.0351516
0.654886 0.11016 0.0529597
0.570388 -0.100272 -0.0351516
0.714551 0.00739793 -0.0351516
0.570376 0.0612173 0.0529597
0.570384 -0.0464423 -0.0351516
0.704601 0.100376 -0.0351516
0.699645 -0.11005 0.0529597
0.679743 0.115055 0.0235892
0.669813 -0.061116 0.0529597
0.714559 -0.114943 -0.0204664
0.69963 0.100376 0.0529597
0.570374 0.0856854 -0.0302565
0.71953 -0.0953677 0.0529597
0.595241 -0.0464405 0.0529597
0.600205 0.0563259 0.0529597
0.605185 -0.0660143 0.0529597
0.630032 0.0807961 0.0529597
0.59524 -0.0366533 0.0529597
0.58033 -0.0953778 -0.0351516
0.575346 0.0807922 -0.0351516
0.57038 0.0024939 0.0235892
0.65489 0.0612234 0.0529597
0.595239 -0.0219724 0.0529597
0.689692 0.0318642 0.0529597
0.570382 -0.0170806 0.0431695
0.669801 0.110161 0.0529597
0.595239 -0.0170788 0.0529597
0.580323 0.00738824 0.0529597
0.605172 0.11505 0.0480646
0.689693 0.022077 0.0529597
0.595238 -0.0121852 0.0529597
0.724487 0.0905902 0.0529597
0.654899 -0.0611171 0.0529597
0.600216 -0.10027 0.0529597
0.570378 0.0367492 0.0235892
0.620094 0.00739111 0.0529597
0.595237 0.00738931 0.0529597
0.714557 -0.0806872 0.0529597
0.684726 -0.0513277 0.0529597
0.615126 -0.0415455 0.0529597
0.610155 -0.0513331 0.0529597
0.595229 0.115049 -0.0253615
0.580325 -0.0219735 0.0529597
0.654898 -0.0464362 -0.0351516
0.699642 -0.0660075 0.0529597
0.580323 0.00249462 0.0529597
0.605173 0.0954752 0.0529597
0.625065 0.0122851 0.0529597
0.570373 0.100366 0.00400897
0.585298 -0.0415476 0.0529597
0.694672 -0.0855823 0.0529597
0.679752 -0.0121791 -0.0351516
0.639981 -0.00728832 -0.0351516
0.699633 0.0563331 0.0529597
0.615128 -0.0709072 -0.0351516
0.654903 -0.114947 -0.000886103
0.590271 -0.0660153 0.0529597
0.570385 -0.0611232 -0.00578117
0.595233 0.0661128 -0.0351516
0.674783 -0.0464348 0.0529597
0.674775 0.0759057 -0.0351516
0.689695 -0.0121783 0.0529597
0.610159 -0.105163 -0.0351516
0.585294 0.0122822 0.0529597
0.615122 0.0122844 0.0529597
0.605177 0.0514326 0.0529597
0.570383 -0.0366551 -0.0253615
0.630046 -0.114949 0.00400897
0.575356 -0.0562292 0.0529597
0.625058 0.110157 0.0529597
0.58032 0.0465372 0.0529597
0.729461 0.0661224 0.00890404
0.595245 -0.105164 0.0529597
0.57038 0.00738752 0.00400897
0.724489 0.0759093 0.0529597
0.714552 -0.0170702 0.0529597
0.570377 0.0416429 0.00400897
0.699629 0.115056 0.0431695
0.71455 0.0122915 0.0529597
0.625059 0.10037 0.0529597
0.62009 0.0612209 0.0529597
0.669805 0.0465437 0.0529597
0.635004 0.0710092 0.0529597
0.639987 -0.0904799 0.0529597
0.679749 0.0269699 -0.0351516
0.595238 -0.00239793 0.0529597
0.620099 -0.056226 -0.0351516
0.639984 -0.0513309 -0.0351516
0.659861 0.0661174 0.0529597
0.625069 -0.0366511 0.0529597
0.570387 -0.0904849 -0.0253615
0.724499 -0.0757929 0.0529597
0.664831 0.0905859 0.0529597
0.580317 0.0807925 0.0529597
0.699632 0.0661203 -0.0351516
0.590265 0.0122826 0.0529597
0.729473 -0.100261 0.00400897
0.580325 -0.0268671 0.0529597
0.659865 0.00739398 -0.0351516
0.615118 0.0661142 0.0529597
0.729463 0.0269735 -0.0302565
0.635006 0.0367539 0.0529597
0.689698 -0.0464337 0.0529597
0.724497 -0.0464312 -0.0351516
0.57038 0.0024939 -0.000886103
0.714546 0.0661214 0.0529597
0.704609 -0.00728365 0.0529597
0.570383 -0.0366551 0.0480646
0.729472 -0.0904734 -0.0253615
0.689689 0.0759068 0.0529597
0.585287 0.105261 0.0529597
0.585288 0.0905801 -0.0351516
0.709584 -0.0562195 0.0529597
0.595242 -0.0562278 0.0529597
0.585297 -0.036654 -0.0351516
0.570375 0.0758982 0.0529597
0.620093 0.022072 -0.0351516
0.585293 0.0220695 -0.0351516
0.704615 -0.0904752 0.0529597
0.600215 -0.0855891 0.0529597
0.57535 0.031856 0.0529597
0.684714 0.115055 -0.0106762
0.580317 0.0856862 0.0529597
0.729465 0.0122926 -0.000886103
0.575345 0.0905794 0.0529597
0.580331 -0.105165 0.0529597
0.729463 0.0367607 -0.0106762
0.684715 0.110162 0.0529597
0.570388 -0.105166 0.0235892
0.639976 0.0514351 -0.0351516
0.729466 -0.00728185 0.0137991
0.63998 0.00739254 0.0529597
0.620086 0.115051 -0.000886103
0.729462 0.0416543 0.00400897
0.615129 -0.0806944 0.0529597
0.570376 0.0563237 0.0480646
0.630033 0.0612216 0.0529597
0.674773 0.100374 0.0529597
0.729457 0.115059 0.00890404
0.600212 -0.0415465 0.0529597
0.694666 -0.012178 0.0529597
0.570381 -0.012187 -0.000886103
0.580315 0.115048 0.0529597
0.724486 0.115058 0.00400897
0.669808 0.0073947 0.0529597
0.689698 -0.0513273 -0.0351516
0.620088 0.0905827 0.0529597
0.689696 -0.0268592 0.0529597
0.635001 0.110158 0.0529597
0.639972 0.110159 -0.0351516
0.630036 0.0220727 -0.0351516
0.575353 -0.0219738 -0.0351516
0.704617 -0.114943 0.00400897
0.664835 0.0318624 0.0529597
0.575349 0.0367496 0.0529597
0.620086 0.115051 0.0529597
0.72946 0.0808033 0.0137991
0.625064 0.0220723 -0.0351516
0.684714 0.115055 0.0431695
0.729463 0.0318671 -0.0106762
0.674779 0.0122887 0.0529597
0.575357 -0.07091 0.0529597
0.729466 -0.00238823 -0.0106762
0.605186 -0.0806951 0.0529597
0.644951 0.00249928 -0.0351516
0.724496 -0.0268567 -0.0351516
0.615131 -0.105163 -0.0351516
0.724494 0.00739865 0.0529597
0.689692 0.0367579 0.0529597
0.570378 0.0367492 -0.000886103
0.615121 0.0269652 0.0529597
0.620094 0.0122847 0.0529597
0.595237 0.0122829 0.0529597
0.585286 0.115048 0.0529597
0.620089 0.0710082 -0.0351516
0.659862 0.0514366 0.0529597
0.719521 0.0269728 -0.0351516
0.610148 0.0563266 -0.0351516
0.600204 0.0661131 0.0529597
0.57038 0.0024939 -0.0302565
0.570383 -0.0415487 0.0529597
0.600217 -0.114951 -0.0253615
0.724502 -0.114942 0.0431695
0.580328 -0.0611224 0.0529597
0.57536 -0.114953 0.0529597
0.575356 -0.0611228 0.0529597
0.654897 -0.036649 -0.0351516
0.570385 -0.0611232 -0.0253615
0.620091 0.0465401 -0.0351516
0.729472 -0.0855798 -0.00578117
0.699632 0.0661203 0.0529597
0.570377 0.0514301 -0.0204664
0.585303 -0.114952 0.0333794
0.575358 -0.0855909 0.0529597
0.570381 -0.00239972 -0.0351516
0.724491 0.0367604 0.0529597
0.729467 -0.0268563 -0.0351516
0.570374 0.0954727 -0.0302565
0.60518 0.00249641 0.0529597
0.570385 -0.0562295 -0.0155713
0.590258 0.115049 0.0529597
0.610149 0.0318585 0.0529597
0.610143 0.11505 0.0284843
0.674788 -0.114945 0.0529597
0.7046 0.115057 -0.000886103
0.679752 -0.00239182 0.0529597
0.605175 0.0710071 0.0529597
0.615131 -0.105163 0.0529597
0.689693 0.0122898 -0.0351516
0.729462 0.0514416 0.00400897
0.63004 -0.0317571 0.0529597
0.729457 0.110165 0.0284843
0.694671 -0.0806887 0.0529597
0.575359 -0.100272 0.0529597
0.575353 -0.0170802 0.0529597
0.689702 -0.114944 -0.0106762
0.635006 0.0367539 -0.0351516
0.729464 0.0171862 0.0480646
0.649915 0.115053 -0.0106762
0.615122 0.017178 0.0529597
0.71953 -0.105155 0.0529597
0.714559 -0.110049 -0.0351516
0.610157 -0.0806948 0.0529597
0.61016 -0.11495 0.00890404
0.585293 0.0171758 -0.0351516
0.600215 -0.0904827 0.0529597
0.605179 0.0122837 -0.0351516
0.639977 0.0465415 0.0529597
0.729459 0.0856969 0.0235892
0.585294 0.00249497 0.0529597
0.570388 -0.100272 0.00400897
0.575351 0.0122815 0.0529597
0.729462 0.0514416 0.0137991
0.595233 0.0612191 0.0529597
0.580322 0.0171755 0.0529597
0.7046 0.115057 0.0235892
0.644957 -0.0757986 -0.0351516
0.694671 -0.0757951 -0.0351516
0.649924 -0.0121812 0.0529597
0.570379 0.0171748 -0.0302565
0.674785 -0.0709029 0.0529597
0.664832 0.0661178 -0.0351516
0.7245 -0.0855801 0.0529597
0.719516 0.0954835 0.0529597
0.630046 -0.114949 0.0382745
0.575358 -0.0904845 0.0529597
0.649922 0.0171805 0.0529597
0.674783 -0.0464348 -0.0351516
0.570387 -0.0953785 0.0529597
0.610155 -0.0464394 0.0529597
0.659873 -0.095372 0.0529597
0.575353 -0.0121866 0.0529597
0.729464 0.0220799 -0.0302565
0.684714 0.115055 -0.0351516
0.729463 0.0269735 0.0480646
0.72947 -0.0660053 0.0186942
0.729466 -0.00728185 0.0529597
0.639986 -0.0806926 -0.0351516
0.635004 0.061222 -0.0351516
0.714552 -0.0121766 -0.0351516
0.72449 0.0612285 -0.0351516
0.635017 -0.114948 -0.0253615
0.570387 -0.0953785 -0.0204664
0.595233 0.0661128 0.0529597
0.570373 0.100366 0.0137991
0.659874 -0.114947 0.0235892
0.570389 -0.114953 -0.0351516
0.644957 -0.0757986 0.0529597
0.649921 0.0220741 0.0529597
0.729463 0.0318671 -0.0351516
0.610157 -0.0758012 -0.0351516
0.605176 0.0563262 0.0529597
0.570377 0.0514301 0.0186942
0.575348 0.0514305 0.0529597
0.729473 -0.105154 0.0333794
0.600215 -0.0806955 0.0529597
0.669817 -0.114946 0.0382745
0.61015 0.0220713 0.0529597
0.729463 0.0318671 0.0382745
0.649924 -0.0170748 0.0529597
0.639975 0.0759032 0.0529597
0.575357 -0.0758037 0.0529597
0.615123 0.00249713 0.0529597
0.644947 0.0612227 -0.0351516
0.590269 -0.0415473 0.0529597
0.664833 0.0514369 -0.0351516
0.719518 0.0710154 -0.0351516
0.724502 -0.110048 -0.0351516
0.625065 0.0171787 -0.0351516
0.600203 0.0856876 -0.0351516
0.679746 0.0759061 -0.0351516
0.570387 -0.0953785 0.0382745
0.620093 0.0171783 0.0529597
0.615123 0.00739075 -0.0351516
0.595246 -0.114951 0.0480646
0.580322 0.0220691 0.0529597
0.570383 -0.0317614 0.0431695
0.620103 -0.114949 -0.0204664
0.649922 0.0122869 0.0529597
0.689691 0.0416515 -0.0351516
0.570381 -0.00239972 0.0529597
0.694659 0.0856944 0.0529597
0.714546 0.071015 -0.0351516
0.67478 -0.00239218 0.0529597
0.729457 0.110165 0.0431695
0.580329 -0.0855905 -0.0351516
0.61016 -0.11495 0.0284843
0.644956 -0.0562242 0.0529597
0.729467 -0.0268563 0.0235892
0.570378 0.026962 -0.0155713
0.729461 0.0563352 0.0382745
0.60518 -0.00239721 0.0529597
0.664836 0.0171816 0.0529597
0.635 0.115052 -0.0351516
0.684719 0.0465447 -0.0351516
0.649915 0.115053 0.00890404
0.595236 0.0269638 0.0529597
0.639972 0.115052 -0.0253615
0.630041 -0.0513316 0.0529597
0.729465 0.00250539 -0.00578117
0.615125 -0.0317582 0.0529597
0.63998 -0.0023947 -0.0351516
0.59027 -0.0611217 0.0529597
0.615129 -0.0758008 -0.0351516
0.580324 -0.00729262 -0.0351516
0.639973 0.100371 0.0529597
0.570387 -0.0953785 -0.000886103
0.605187 -0.0904824 0.0529597
0.625058 0.105264 -0.0351516
0.699641 -0.0611138 0.0529597
0.684717 0.0759065 0.0529597
0.610155 -0.0415458 -0.0351516
0.60021 -0.021972 0.0529597
0.689702 -0.105157 -0.0351516
0.570388 -0.105166 0.0284843
0.58529 0.0612184 0.0529597
0.669816 -0.105159 0.0529597
0.570376 0.0612173 -0.0351516
0.709575 0.066121 -0.0351516
0.729463 0.0367607 0.0480646
0.65489 0.0661171 0.0529597
0.575345 0.095473 0.0529597
0.580331 -0.110059 0.0529597
0.684729 -0.0904766 -0.0351516
0.72449 0.0514412 0.0529597
0.570383 -0.0366551 0.0137991
0.729464 0.0220799 0.0529597
0.580319 0.0661117 -0.0351516
0.595236 0.0220702 0.0529597
0.585296 -0.0170795 -0.0351516
0.585289 0.0856865 0.0529597
0.60518 -0.00239721 -0.0351516
0.610148 0.0563266 0.0529597
0.580324 -0.0170799 0.0529597
0.644959 -0.110054 0.0529597
0.664839 -0.0317546 -0.0351516
0.615131 -0.110056 0.0529597
0.570376 0.066111 0.0480646
0.649916 0.100372 -0.0351516
0.570382 -0.0268678 0.0137991
0.729465 0.00250539 -0.000886103
0.570377 0.0416429 0.0529597
0.664845 -0.114946 -0.0106762
0.669811 -0.0366479 -0.0351516
0.674783 -0.0366475 0.0529597
0.590274 -0.110058 0.0529597
0.630044 -0.0904806 -0.0351516
0.729463 0.0269735 0.0284843
0.635009 0.00249857 -0.0351516
0.600202 0.0954748 0.0529597
0.615131 -0.11495 -0.0351516
0.595239 -0.026866 0.0529597
0.570372 0.115047 -0.000886103
0.644945 0.0905844 0.0529597
0.600207 0.0318578 -0.0351516
0.674782 -0.0219667 0.0529597
0.570385 -0.0611232 0.0382745
0.674778 0.0220759 0.0529597
0.669808 0.00250108 0.0529597
0.724488 0.080803 0.0529597
0.620101 -0.0904813 0.0529597
0.69964 -0.0366457 0.0529597
0.620098 -0.0415451 -0.0351516
0.585292 0.0416439 -0.0351516
0.729474 -0.114942 0.0235892
0.570389 -0.114953 0.0529597
0.570374 0.0954727 -0.0351516
0.639975 0.0710096 0.0529597
0.625064 0.0318596 -0.0351516
0.625072 -0.0806937 0.0529597
0.644956 -0.0660114 0.0529597
0.595242 -0.066015 0.0529597
0.570386 -0.075804 -0.0302565
0.620103 -0.114949 -0.00578117
0.595244 -0.0904831 0.0529597
0.635004 0.061222 0.0529597
0.639986 -0.0806926 0.0529597
0.639985 -0.0611181 -0.0351516
0.635006 0.0416475 -0.0351516
0.580329 -0.0855905 0.0529597
0.729457 0.115059 -0.0155713
0.649928 -0.0709047 0.0529597
0.714556 -0.0709 0.0529597
0.57536 -0.110059 0.0529597
0.615128 -0.0611199 -0.0351516
0.689695 -0.00728473 0.0529597
0.689696 -0.0317528 -0.0351516
0.585288 0.0954738 0.0529597
0.570381 -0.00729334 0.0529597
0.729461 0.0661224 -0.00578117
0.620096 -0.0219706 0.0529597
0.58529 0.0710057 0.0529597
0.62506 0.0807958 0.0529597
0.580321 0.0318563 -0.0351516
0.654893 0.0220745 0.0529597
0.580327 -0.0562288 0.0529597
0.704612 -0.0562199 0.0529597
0.580328 -0.0660161 0.0529597
0.659871 -0.0757976 0.0529597
0.570373 0.10526 0.00890404
0.570381 -0.00729334 -0.0155713
0.595243 -0.0709086 0.0529597
0.570388 -0.110059 -0.0155713
0.659868 -0.0366486 -0.0351516
0.580326 -0.0317607 0.0529597
0.580326 -0.041548 0.0529597
0.704611 -0.041539 0.0529597
0.5853 -0.0709093 -0.0351516
0.615116 0.0954759 0.0529597
0.654903 -0.114947 -0.00578117
0.620093 0.0269656 -0.0351516
0.649918 0.0710103 0.0529597
0.669811 -0.0366479 0.0529597
0.64496 -0.114948 0.0480646
0.570377 0.0465365 0.0529597
0.654896 -0.0170745 0.0529597
0.729473 -0.105154 0.0431695
0.6897 -0.0757954 0.0529597
0.644945 0.0954781 -0.0351516
0.66981 -0.0170734 0.0529597
0.639976 0.0563287 0.0529597
0.654891 0.0465426 -0.0351516
0.729469 -0.0562181 -0.0351516
0.59027 -0.0562281 -0.0351516
0.635011 -0.0268632 -0.0351516
0.724497 -0.0366439 -0.0351516
0.605177 0.0416454 0.0529597
0.570388 -0.105166 -0.0351516
0.590266 -0.00239829 0.0529597
0.615115 0.11505 0.0529597
0.570383 -0.0366551 -0.000886103
0.644953 -0.0219688 0.0529597
0.630046 -0.114949 -0.0204664
0.570381 -0.012187 -0.0253615
0.659874 -0.114947 0.0529597
0.575355 -0.0464419 0.0529597
0.639978 0.026967 0.0529597
0.630029 0.115051 -0.0204664
0.59026 0.0856869 0.0529597
0.58529 0.0612184 -0.0351516
0.729472 -0.095367 0.0480646
0.729466 -0.00238823 0.0235892
0.595245 -0.10027 0.0529597
0.590259 0.0954741 0.0529597
0.570388 -0.100272 0.0186942
0.585288 0.0905801 0.0529597
0.585289 0.0807929 -0.0351516
0.570376 0.0563237 0.00400897
0.659857 0.115054 0.0431695
0.635017 -0.110055 0.0529597
0.595231 0.0905809 0.0529597
0.699631 0.0856948 0.0529597
0.669817 -0.114946 -0.00578117
0.570386 -0.0709104 0.0529597
0.575351 0.00738788 0.0529597
0.7046 0.110163 -0.0351516
0.709586 -0.0855812 -0.0351516
0.729462 0.0416543 0.0480646
0.570388 -0.105166 0.0529597
0.6698 0.115054 -0.0155713
0.570374 0.0856854 0.0529597
0.669809 -0.0121798 0.0529597
0.704601 0.100376 0.0529597
0.575344 0.115048 0.0529597
0.580329 -0.0806969 0.0529597
0.714556 -0.0709 -0.0351516
0.69963 0.095482 0.0529597
0.729463 0.0367607 -0.0351516
0.570388 -0.100272 0.0235892
0.714553 -0.0219638 0.0529597
0.57038 0.0122811 0.0382745
0.669805 0.0514373 0.0529597
0.585301 -0.0855902 0.0529597
0.714555 -0.0464319 -0.0351516
0.610156 -0.0611203 0.0529597
0.570375 0.0758982 -0.0253615
0.580322 0.0171755 -0.0351516
0.590274 -0.114952 0.0529597
0.570388 -0.110059 -0.0302565
0.729466 -0.00238823 -0.0302565
0.575349 0.0416432 0.0529597
0.580322 0.0122819 0.0529597
0.595231 0.0856872 0.0529597
0.724495 -0.0170695 -0.0351516
0.72946 0.0808033 -0.0351516
0.620089 0.0710082 0.0529597
0.570376 0.0563237 -0.0106762
0.605183 -0.0317589 0.0529597
0.729473 -0.105154 0.0480646
0.58032 0.0514308 0.0529597
0.635 0.115052 -0.0155713
0.639983 -0.03665 0.0529597
0.570378 0.026962 0.0529597
0.575358 -0.0806973 0.0529597
0.689697 -0.0415401 0.0529597
0.704615 -0.0855816 0.0529597
0.630046 -0.114949 -0.0302565
0.575347 0.0661113 0.0529597
0.659867 -0.0170741 0.0529597
0.709579 0.0171848 0.0529597
0.570383 -0.0317614 0.0186942
0.575358 -0.0855909 -0.0351516
0.605185 -0.0660143 -0.0351516
0.704606 0.0367589 0.0529597
0.64993 -0.100266 0.0529597
0.659867 -0.0219677 0.0529597
0.709579 0.0122912 0.0529597
0.570373 0.10526 0.0529597
0.709573 0.100376 -0.0351516
0.639988 -0.110054 -0.0351516
0.575347 0.0710049 0.0529597
0.600202 0.100368 -0.0351516
0.674788 -0.114945 -0.0155713
0.729465 0.00250539 0.0480646
0.570382 -0.0268678 0.0529597
0.630044 -0.0953742 -0.0351516
0.605177 0.046539 0.0529597
0.669813 -0.0562224 -0.0351516
0.580316 0.0954734 0.0529597
0.674788 -0.105158 0.0529597
0.729459 0.0856969 -0.00578117
0.625065 0.00739147 -0.0351516
0.64496 -0.114948 -0.0302565
0.57038 0.0024939 0.0529597
0.575351 0.0171751 0.0529597
0.729472 -0.0855798 0.0137991
0.7046 0.115057 0.0529597
0.694668 -0.0268588 0.0529597
0.674784 -0.0611156 -0.0351516
0.694674 -0.114944 -0.0204664
0.595237 0.00249569 0.0529597
0.729457 0.110165 -0.0204664
0.615126 -0.0464391 -0.0351516
0.654889 0.0759043 0.0529597
0.610159 -0.100269 -0.0351516
0.635009 -0.00239506 0.0529597
0.719527 -0.0611124 -0.0351516
0.570385 -0.0660168 -0.0351516
0.605178 0.0269645 0.0529597
0.729458 0.100378 0.0137991
0.684725 -0.0366468 0.0529597
0.585296 -0.0219731 0.0529597
0.625074 -0.114949 0.00400897
0.625067 -0.012183 0.0529597
0.714559 -0.114943 0.0333794
0.664845 -0.114946 0.0186942
0.575352 0.00249426 0.0529597
0.590261 0.071006 0.0529597
0.684715 0.105268 0.0529597
0.684731 -0.114945 0.0529597
0.590271 -0.070909 0.0529597
0.729471 -0.0806862 -0.00578117
0.694657 0.115056 0.0431695
0.620098 -0.0464387 0.0529597
0.689698 -0.0562209 0.0529597
0.575352 -0.00239936 0.0529597
0.615117 0.0905823 -0.0351516
0.570385 -0.0660168 -0.0204664
0.719524 -0.0170698 0.0529597
0.729471 -0.0757925 -0.0302565
0.570382 -0.0219742 0.00400897
0.729465 0.00739901 -0.00578117
0.654902 -0.10516 0.0529597
0.600212 -0.0366529 -0.0351516
0.570372 0.115047 -0.0351516
0.570384 -0.0513359 0.0529597
0.699629 0.115056 -0.000886103
0.719515 0.110164 -0.0351516
0.724501 -0.100261 -0.0351516
0.610151 0.012284 -0.0351516
0.674774 0.085693 -0.0351516
0.679759 -0.110051 -0.0351516
0.580319 0.0563244 0.0529597
0.600203 0.080794 0.0529597
0.58529 0.066112 0.0529597
0.57535 0.0220687 0.0529597
0.595234 0.0514319 0.0529597
0.625059 0.0954766 -0.0351516
0.664831 0.0856923 -0.0351516
0.6897 -0.080689 0.0529597
0.580324 -0.0121862 0.0529597
0.729472 -0.095367 -0.0351516
0.664844 -0.0904781 0.0529597
0.635011 -0.0268632 0.0529597
0.654888 0.0856915 -0.0351516
0.575348 0.0465368 0.0529597
0.570386 -0.0806976 0.0235892
0.580324 -0.00729262 0.0529597
0.664841 -0.0464355 0.0529597
0.570381 -0.00239972 0.0333794
0.709581 -0.0219642 0.0529597
0.639975 0.066116 0.0529597
0.59524 -0.0317596 -0.0351516
0.684721 0.0220766 0.0529597
0.570387 -0.0904849 -0.0155713
0.605178 0.0367518 0.0529597
0.585299 -0.0562285 0.0529597
0.570381 -0.012187 0.0529597
0.575344 0.10526 0.0529597
0.580328 -0.0709097 0.0529597
0.729459 0.0905906 0.0382745
0.654897 -0.0415426 -0.0351516
0.580318 0.0758989 0.0529597
0.590266 0.00249533 0.0529597
0.729467 -0.0170691 -0.0155713
0.570383 -0.0415487 -0.00578117
0.729474 -0.114942 -0.0106762
0.620098 -0.0513323 0.0529597
0.590268 -0.03176 0.0529597
0.729457 0.115059 0.0431695
0.590261 0.071006 -0.0351516
0.625058 0.115051 0.0137991
0.724502 -0.105155 0.0529597
0.570386 -0.0709104 -0.0302565
0.719514 0.115058 0.0137991
0.664845 -0.110053 0.0529597
0.605172 0.11505 -0.0253615
0.69466 0.0759072 0.0529597
0.585288 0.0954738 -0.0351516
0.585295 -0.00729227 0.0529597
0.570387 -0.0904849 0.00890404
0.600201 0.115049 0.0284843
0.729463 0.0367607 0.0235892
0.600214 -0.0709083 -0.0351516
0.585287 0.110155 0.0529597
0.620089 0.0759018 0.0529597
0.714549 0.031866 0.0529597
0.654886 0.115053 -0.0253615
0.724497 -0.0366439 0.0529597
0.625064 0.0318596 0.0529597
0.570376 0.066111 -0.0204664
0.674772 0.115055 0.0382745
0.729469 -0.0464308 -0.0106762
0.61512 0.0367525 0.0529597
0.654893 0.0122872 0.0529597
0.585287 0.100367 0.0529597
0.585289 0.0807929 0.0529597
0.649931 -0.114947 0.00400897
0.610155 -0.0513331 -0.0351516
0.714544 0.10527 0.0529597
0.630041 -0.046438 -0.0351516
0.729459 0.0954842 0.0382745
0.600203 0.0759004 0.0529597
0.664835 0.0269688 -0.0351516
0.620096 -0.0268642 0.0529597
0.62507 -0.0611192 0.0529597
0.570376 0.0612173 0.00890404
0.590272 -0.0855898 -0.0351516
0.694674 -0.114944 0.0333794
0.714547 0.0612278 0.0529597
0.62009 0.0563273 0.0529597
0.654887 0.100372 -0.0351516
0.719527 -0.066006 0.0529597
0.635003 0.0856901 0.0529597
0.639988 -0.105161 0.0529597
0.590258 0.115049 0.00400897
0.570385 -0.0562295 0.0333794
0.590261 0.0758996 0.0529597
0.595242 -0.0611214 0.0529597
0.590274 -0.114952 -0.0253615
0.729468 -0.03175 -0.0302565
0.674777 0.0416504 0.0529597
0.585292 0.0318567 0.0529597
0.570386 -0.0709104 0.0137991
0.689694 -0.00239111 0.0529597
0.72946 0.0808033 0.0529597
0.610146 0.0759011 0.0529597
0.625074 -0.114949 0.0235892
0.605174 0.085688 0.0529597
0.729467 -0.0219627 0.0137991
0.595237 0.00249569 -0.0351516
0.59523 0.110155 0.0529597
0.580316 0.105261 0.0529597
0.729468 -0.0415372 -0.00578117
0.704613 -0.0660071 0.0529597
0.605173 0.105262 0.0529597
0.644958 -0.0855859 -0.0351516
0.625065 0.00739147 0.0529597
0.694669 -0.0415397 -0.0351516
0.580315 0.110154 0.0529597
0.590258 0.115049 -0.0155713
0.605189 -0.11495 0.0382745
0.729468 -0.03175 0.0529597
0.635017 -0.114948 0.0382745
0.649931 -0.114947 0.0284843
0.719531 -0.114942 -0.0302565
0.570373 0.100366 0.0333794
0.714555 -0.0562191 0.0529597
0.639972 0.115052 0.0529597
0.610151 0.00739039 -0.0351516
0.644943 0.115053 -0.000886103
0.59027 -0.0562281 0.0529597
0.68472 0.0318639 0.0529597
0.684725 -0.0366468 -0.0351516
0.620089 0.0807954 0.0529597
0.625074 -0.110055 0.0529597
0.620103 -0.114949 0.0529597
0.590268 -0.0219728 0.0529597
0.625072 -0.0904809 0.0529597
0.570385 -0.0660168 -0.00578117
0.639979 0.0171798 0.0529597
0.580315 0.110154 -0.0351516
0.729462 0.0514416 -0.00578117
0.590261 0.0758996 -0.0351516
0.60021 -0.0121848 0.0529597
0.600212 -0.0366529 0.0529597
0.724494 -0.00238859 0.0529597
0.570373 0.10526 -0.0302565
0.575355 -0.0366547 0.0529597
0.600206 0.041645 0.0529597
0.644943 0.115053 -0.0302565
0.585303 -0.110058 0.0529597
0.659865 0.0122876 0.0529597
0.694671 -0.0709014 0.0529597
0.724498 -0.0513248 -0.0351516
0.570382 -0.0170806 0.0235892
0.57536 -0.114953 -0.0253615
0.620095 -0.00239613 0.0529597
0.600202 0.100368 0.0529597
0.590267 -0.0121855 0.0529597
0.570386 -0.0709104 -0.0106762
0.704617 -0.114943 0.00890404
0.570375 0.0758982 -0.00578117
0.585301 -0.0806966 0.0529597
0.639977 0.0416479 -0.0351516
0.694662 0.0514391 0.0529597
0.704606 0.0269717 0.0529597
0.639982 -0.0317564 0.0529597
0.719518 0.0661217 0.0529597
0.729466 -0.00728185 0.0382745
0.600201 0.115049 0.0529597
0.585302 -0.105165 0.0529597
0.699635 0.0269713 0.0529597
0.570379 0.0171748 -0.0155713
0.635008 0.00739219 0.0529597
0.704605 0.0416526 0.0529597
0.620103 -0.114949 0.00890404
0.729461 0.0612288 -0.000886103
0.580323 0.00249462 -0.0351516
0.595243 -0.0709086 -0.0351516
0.6897 -0.0757954 -0.0351516
0.590261 0.0661124 0.0529597
0.719531 -0.110049 0.0529597
0.570373 0.110154 0.0137991
0.729457 0.115059 -0.000886103
0.605183 -0.0415462 0.0529597
0.654896 -0.0268617 0.0529597
0.590258 0.115049 -0.000886103
0.570385 -0.0562295 0.0529597
0.580321 0.03675 0.0529597
0.659861 0.0661174 -0.0351516
0.590262 0.0612188 0.0529597
0.699629 0.115056 -0.0302565
0.644952 -0.0121816 0.0529597
0.699636 0.00739685 0.0529597
0.644958 -0.0904795 0.0529597
0.575354 -0.0317611 0.0529597
0.570385 -0.0660168 0.0480646
0.65986 0.0759047 0.0529597
0.620099 -0.0611196 0.0529597
0.699639 -0.0317521 0.0529597
0.570381 -0.00729334 0.0284843
0.635003 0.0759029 0.0529597
0.620102 -0.105162 0.0529597
0.719522 0.00250467 -0.0351516
0.644945 0.0905844 -0.0351516
0.635008 0.0122858 -0.0351516
0.669807 0.0171819 0.0529597
0.590263 0.0367507 0.0529597
0.689687 0.105269 -0.0351516
0.694672 -0.0904759 -0.0351516
0.590261 0.0661124 -0.0351516
0.605188 -0.110057 0.0529597
0.570382 -0.0170806 0.0529597
0.689692 0.0318642 -0.0351516
0.724487 0.100377 0.0529597
0.590264 0.0269634 0.0529597
0.674787 -0.100265 0.0529597
0.684721 0.0220766 -0.0351516
0.590266 0.00738895 0.0529597
0.570387 -0.0855913 0.00400897
0.610143 0.11505 0.0186942
0.580319 0.0612181 0.0529597
0.72947 -0.0611117 0.0480646
0.600217 -0.110057 0.0529597
0.590267 -0.0170791 0.0529597
0.729459 0.0905906 -0.0253615
0.69964 -0.0415393 0.0529597
0.64992 0.0416486 0.0529597
0.585294 0.0073886 0.0529597
0.615131 -0.11495 0.0431695
0.575356 -0.0513356 0.0529597
0.729473 -0.105154 -0.000886103
0.729473 -0.110048 -0.0351516
0.600217 -0.114951 -0.00578117
0.644957 -0.0806923 -0.0351516
0.65987 -0.0562231 0.0529597
0.590272 -0.0758026 0.0529597
0.570385 -0.0611232 -0.0351516
0.674776 0.0612249 0.0529597
0.585297 -0.0317604 0.0529597
0.570374 0.0905791 -0.0155713
0.644954 -0.0317561 0.0529597
0.644949 0.0367546 -0.0351516
0.635012 -0.0464376 -0.0351516
0.580317 0.0905798 0.0529597
0.679745 0.090587 0.0529597
0.590274 -0.114952 0.0137991
0.570373 0.110154 0.0529597
0.590273 -0.0904834 0.0529597
0.674775 0.0661185 0.0529597
0.729473 -0.110048 0.00400897
0.639984 -0.0513309 0.0529597
0.605189 -0.11495 0.0431695
0.68473 -0.100264 0.0529597
0.585291 0.0563248 0.0529597
0.590274 -0.105164 0.0529597
0.654899 -0.0660107 0.0529597
0.68472 0.0416511 0.0529597
0.600206 0.0367514 0.0529597
0.570383 -0.0317614 0.0235892
0.59523 0.105262 0.0529597
0.649916 0.0905848 -0.0351516
0.595233 0.0563255 0.0529597
0.714555 -0.0513255 0.0529597
0.570376 0.0612173 0.0284843
0.639985 -0.0660118 -0.0351516
0.635005 0.0465411 -0.0351516
0.659872 -0.0806912 0.0529597
0.58033 -0.0904842 0.0529597
0.570379 0.0171748 0.0431695
0.620088 0.0905827 -0.0351516
0.724486 0.115058 0.0529597
0.620102 -0.105162 -0.0351516
0.580332 -0.114952 -0.0204664
0.654887 0.0954788 0.0529597
0.61512 0.0465397 -0.0351516
0.570375 0.0758982 -0.0155713
0.625062 0.0514341 0.0529597
0.625063 0.0465404 0.0529597
0.595238 -0.0121852 -0.0351516
0.669803 0.080799 0.0529597
0.654895 -0.00728724 0.0529597
0.570382 -0.0268678 -0.0302565
0.625064 0.0220723 0.0529597
0.694657 0.115056 -0.00578117
0.729458 0.105271 0.0137991
0.625066 0.00249785 0.0529597
0.694669 -0.0415397 0.0529597
0.635007 0.0269667 -0.0351516
0.644948 0.0514355 -0.0351516
0.610146 0.0856883 -0.0351516
0.590262 0.0563252 0.0529597
0.669812 -0.0513287 0.0529597
0.69467 -0.0562206 -0.0351516
0.639975 0.0759032 -0.0351516
0.585291 0.0465376 -0.0351516
0.644956 -0.0611178 0.0529597
0.704616 -0.11005 -0.0351516
0.625066 -0.00728939 0.0529597
0.674785 -0.0757965 0.0529597
0.644959 -0.110054 -0.0351516
0.625067 -0.0170766 0.0529597
0.63004 -0.0366508 -0.0351516
0.714548 0.0416533 -0.0351516
0.605186 -0.0806951 -0.0351516
0.654892 0.0367553 0.0529597
0.580331 -0.110059 -0.0351516
0.575345 0.095473 -0.0351516
0.729466 -0.00728185 -0.00578117
0.590273 -0.0953771 -0.0351516
0.625067 -0.0219703 0.0529597
0.61016 -0.11495 -0.000886103
0.635008 0.0171794 0.0529597
0.570386 -0.0806976 0.0137991
0.729462 0.046548 0.0284843
0.635015 -0.0855866 0.0529597
0.585287 0.105261 -0.0351516
0.620099 -0.0611196 -0.0351516
0.679756 -0.0660089 0.0529597
0.625058 0.115051 0.0529597
0.654898 -0.0562234 0.0529597
0.729474 -0.114942 0.0529597
0.62507 -0.051332 0.0529597
0.654894 0.00739362 0.0529597
0.570385 -0.0562295 0.0284843
0.649916 0.0954784 0.0529597
0.654901 -0.0953724 0.0529597
0.625074 -0.114949 0.0382745
0.66484 -0.0366482 0.0529597
0.615117 0.0856887 -0.0351516
0.570381 -0.012187 -0.0155713
0.664829 0.115054 -0.0106762
0.570375 0.0807918 -0.0351516
0.694674 -0.11005 0.0529597
0.659863 0.0416493 0.0529597
0.669812 -0.0464351 -0.0351516
0.570379 0.0220684 -0.0302565
0.625071 -0.0758001 0.0529597
0.729471 -0.0806862 0.00890404
0.72946 0.0808033 -0.0106762
0.679747 0.0612252 0.0529597
0.585302 -0.0953774 0.0529597
0.72947 -0.0611117 0.00400897
0.625073 -0.105162 0.0529597
0.69963 0.0905884 -0.0351516
0.699644 -0.0953692 -0.0351516
0.570374 0.0856854 -0.000886103
0.724497 -0.0415376 0.0529597
0.679751 0.0025018 0.0529597
0.615116 0.105263 0.0529597
0.729468 -0.0366436 0.0235892
0.630029 0.115051 0.0529597
0.595246 -0.114951 -0.0351516
0.714543 0.115058 -0.0351516
0.615128 -0.0660136 0.0529597
0.630029 0.110158 0.0529597
0.674785 -0.0660092 0.0529597
0.620086 0.115051 -0.0302565
0.605183 -0.0317589 -0.0351516
0.729462 0.0416543 0.0382745
0.590264 0.0220698 0.0529597
0.580319 0.0563244 -0.0351516
0.724498 -0.0562184 0.0529597
0.729459 0.0954842 0.0235892
0.70958 -0.00728329 0.0529597
0.605182 -0.0219717 0.0529597
0.649927 -0.0562238 0.0529597
0.684722 0.00739578 0.0529597
0.654892 0.0269681 0.0529597
0.570382 -0.0170806 -0.0351516
0.649922 0.0171805 -0.0351516
0.630045 -0.100268 -0.0351516
0.605183 -0.0366526 -0.0351516
0.729462 0.046548 0.0480646
0.605176 0.0612199 0.0529597
0.644945 0.0856908 -0.0351516
0.729463 0.0367607 -0.0302565
0.669816 -0.110052 -0.0351516
0.635001 0.110158 -0.0351516
0.630036 0.0220727 0.0529597
0.620091 0.0416465 -0.0351516
0.729467 -0.0219627 -0.00578117
0.63003 0.095477 0.0529597
0.649921 0.0318614 -0.0351516
0.570373 0.10526 -0.00578117
0.630031 0.0905834 0.0529597
0.649926 -0.0415429 -0.0351516
0.729473 -0.100261 -0.00578117
0.610146 0.0759011 -0.0351516
0.610149 0.0367521 0.0529597
0.729472 -0.0904734 0.0431695
0.630032 0.0759025 0.0529597
0.61015 0.0269649 0.0529597
0.630033 0.0661153 0.0529597
0.704616 -0.105156 -0.0351516
0.570378 0.0367492 0.0529597
0.630033 0.056328 0.0529597
0.724488 0.0856966 0.0529597
0.6698 0.115054 -0.000886103
0.630039 -0.0268635 0.0529597
0.729461 0.0661224 0.0431695
0.630034 0.0514344 0.0529597
0.674776 0.0563313 -0.0351516
0.630034 0.0416472 0.0529597
0.630041 -0.0562252 0.0529597
0.679756 -0.0709025 0.0529597
0.694668 -0.0317525 -0.0351516
0.570375 0.0758982 0.0235892
0.674778 0.0269695 0.0529597
0.729461 0.0661224 0.0333794
0.719519 0.0563345 0.0529597
0.615117 0.0807951 0.0529597
0.679744 0.105268 0.0529597
0.724502 -0.114942 0.0186942
0.585302 -0.0953774 -0.0351516
0.570376 0.066111 0.0235892
0.570378 0.0318556 -0.0351516
0.649915 0.115053 0.0382745
0.630037 0.00739183 0.0529597
0.714559 -0.114943 0.0529597
0.570379 0.0171748 0.0235892
0.664845 -0.114946 0.0382745
0.654891 0.0514362 0.0529597
0.625072 -0.0855873 -0.0351516
0.620087 0.105264 -0.0351516
0.62506 0.0856894 -0.0351516
0.694665 0.00250287 0.0529597
0.674774 0.085693 0.0529597
0.679759 -0.110051 0.0529597
0.729473 -0.105154 -0.00578117
0.630037 -0.00239541 0.0529597
0.68969 0.0514387 -0.0351516
0.694657 0.115056 -0.0155713
0.63004 -0.0366508 0.0529597
0.570376 0.0612173 0.0480646
0.729466 -0.00728185 0.00890404
0.575344 0.115048 -0.0204664
0.570379 0.0220684 0.0529597
0.63004 -0.0415444 0.0529597
0.699645 -0.114944 0.0382745
0.729466 -0.00238823 0.00890404
0.575359 -0.105165 -0.0351516
0.67976 -0.114945 0.0480646
0.630042 -0.0611189 0.0529597
0.729461 0.0563352 0.0480646
0.630042 -0.0709061 0.0529597
0.585294 0.0073886 -0.0351516
0.570387 -0.0904849 -0.0302565
0.639976 0.0612224 0.0529597
0.679753 -0.0268599 -0.0351516
0.570376 0.066111 0.0529597
0.630043 -0.0757997 0.0529597
0.669817 -0.114946 0.0529597
0.630043 -0.0806933 0.0529597
0.635013 -0.0660121 -0.0351516
0.694662 0.0563327 -0.0351516
0.630044 -0.0904806 0.0529597
0.570374 0.0954727 0.0529597
0.615124 -0.00729011 0.0529597
0.639973 0.105265 0.0529597
0.585287 0.100367 -0.0351516
0.570375 0.0807918 0.0382745
0.570388 -0.100272 0.0529597
0.60021 -0.0170784 0.0529597
0.684724 -0.0121787 -0.0351516
0.59523 0.100368 -0.0351516
0.729458 0.105271 0.0431695
0.649931 -0.10516 0.0529597
0.714553 -0.0268574 0.0529597
0.580324 -0.0170799 -0.0351516
0.635001 0.105265 0.0529597
0.635005 0.0514348 0.0529597
0.639985 -0.0709054 0.0529597
0.570385 -0.0611232 -0.0155713
0.635012 -0.0513313 0.0529597
0.719521 0.0171855 -0.0351516
0.724498 -0.0513248 0.0529597
0.570382 -0.0170806 -0.0204664
0.649927 -0.0513302 0.0529597
0.664829 0.115054 0.0529597
0.699633 0.0612267 -0.0351516
0.72946 0.0759097 -0.0106762
0.63501 -0.0170759 0.0529597
0.625065 0.0122851 -0.0351516
0.719518 0.0661217 -0.0351516
0.694664 0.0171837 0.0529597
0.635004 0.0661156 0.0529597
0.639986 -0.0855862 0.0529597
0.644946 0.0807972 0.0529597
0.729465 0.00739901 -0.0302565
0.635005 0.0563284 0.0529597
0.639986 -0.075799 0.0529597
0.620103 -0.114949 0.0235892
0.64496 -0.114948 0.0431695
0.709588 -0.114943 -0.000886103
0.729461 0.0612288 0.0137991
0.704617 -0.114943 0.0529597
0.615124 -0.00729011 -0.0351516
0.659865 0.0122876 -0.0351516
0.659866 0.00250036 0.0529597
0.615118 0.0710078 0.0529597
0.679744 0.100374 0.0529597
0.58032 0.0465372 -0.0351516
0.635006 0.0416475 0.0529597
0.639985 -0.0611181 0.0529597
0.669817 -0.114946 -0.0351516
0.585289 0.0758993 0.0529597
0.615125 -0.021971 -0.0351516
0.635006 0.0318603 0.0529597
0.6698 0.115054 0.0480646
0.654895 -0.00728724 -0.0351516
0.664841 -0.0513291 0.0529597
0.635007 0.022073 0.0529597
0.679756 -0.0611153 0.0529597
0.570382 -0.0170806 -0.0106762
0.575359 -0.0953781 0.0529597
0.575354 -0.0317611 -0.0351516
0.635008 0.0122858 0.0529597
0.635009 -0.00728868 0.0529597
0.669817 -0.114946 0.0333794
0.654897 -0.0317553 0.0529597
0.63501 -0.0121823 0.0529597
0.714551 0.00250431 0.0529597
0.704615 -0.0953688 -0.0351516
0.719517 0.075909 -0.0351516
0.724502 -0.114942 -0.0351516
0.729464 0.0220799 0.0235892
0.644946 0.07101 0.0529597
0.570388 -0.100272 0.0480646
0.729473 -0.105154 0.0529597
0.664836 0.0220752 0.0529597
0.674787 -0.095371 -0.0351516
0.64993 -0.0953728 0.0529597
0.570387 -0.0855913 0.0137991
0.654898 -0.0513298 0.0529597
0.644946 0.0759036 0.0529597
0.635012 -0.0464376 0.0529597
0.570374 0.0954727 -0.00578117
0.704609 -0.0121773 0.0529597
0.635013 -0.0562249 0.0529597
0.625063 0.0416468 -0.0351516
0.615115 0.11505 -0.0351516
0.714545 0.0808022 -0.0351516
0.72946 0.0808033 -0.000886103
0.714546 0.0759086 0.0529597
0.704607 0.0220781 0.0529597
0.580317 0.0856862 -0.0351516
0.635015 -0.080693 0.0529597
0.635016 -0.100267 0.0529597
0.570379 0.0220684 0.0137991
0.729466 -0.0121755 0.0480646
0.635017 -0.114948 0.0529597
0.590258 0.115049 -0.0302565
0.605189 -0.11495 0.0284843
0.729468 -0.03175 0.0382745
0.714558 -0.0904745 0.0529597
0.570377 0.0416429 0.0480646
0.729468 -0.03175 0.0235892
0.639972 0.110159 0.0529597
0.585293 0.0269631 -0.0351516
0.729461 0.0563352 -0.00578117
0.600216 -0.0953763 0.0529597
0.639974 0.0807968 0.0529597
0.714551 -0.00238931 0.0529597
0.600208 0.0171769 0.0529597
0.590258 0.110155 0.0529597
0.570385 -0.0611232 -0.000886103
0.729472 -0.0855798 0.0186942
0.639977 0.0416479 0.0529597
0.570372 0.115047 0.0333794
0.714555 -0.0464319 0.0529597
0.639977 0.0367543 0.0529597
0.694662 0.0514391 -0.0351516
0.689687 0.100375 0.0529597
0.699637 0.00250323 -0.0351516
0.639979 0.0122862 0.0529597
0.630029 0.115051 -0.0106762
0.570387 -0.0855913 -0.0302565
0.63998 -0.0023947 0.0529597
0.610153 -0.0219713 -0.0351516
0.694674 -0.114944 0.0284843
0.694664 0.0220774 0.0529597
0.570379 0.0220684 -0.0204664
0.585301 -0.0904838 0.0529597
0.630045 -0.100268 0.0529597
0.684717 0.0856937 -0.0351516
0.679751 0.00739542 0.0529597
0.5853 -0.075803 -0.0351516
0.639981 -0.00728832 0.0529597
0.694657 0.115056 0.0529597
0.585292 0.0416439 0.0529597
0.729458 0.105271 0.0529597
0.570377 0.0514301 0.0529597
0.585303 -0.114952 0.00890404
0.729465 0.0122926 -0.0204664
0.639988 -0.114948 -0.0204664
0.639982 -0.0219692 0.0529597
0.625063 0.0367532 0.0529597
0.585299 -0.0660157 -0.0351516
0.570386 -0.0806976 0.0529597
0.570379 0.0220684 0.0333794
0.63003 0.100371 0.0529597
0.570387 -0.0855913 -0.0204664
0.719521 0.0171855 0.0529597
0.600209 0.00249605 -0.0351516
0.669817 -0.114946 0.0480646
0.709581 -0.0219642 -0.0351516
0.595229 0.115049 0.0529597
0.669807 0.0269692 0.0529597
0.669801 0.105267 0.0529597
0.600209 -0.00239757 -0.0351516
0.570377 0.0416429 -0.00578117
0.635017 -0.114948 -0.0155713
0.729463 0.0367607 -0.00578117
0.644944 0.110159 0.0529597
0.575345 0.100367 0.0529597
0.580332 -0.114952 0.0529597
0.615131 -0.11495 0.0382745
0.674775 0.0661185 -0.0351516
0.654898 -0.0464362 0.0529597
0.644945 0.0954781 0.0529597
0.570378 0.0318556 0.0529597
0.644945 0.0856908 0.0529597
0.67975 0.0171827 0.0529597
0.684718 0.0661192 0.0529597
0.644947 0.0661163 0.0529597
0.644948 0.0514355 0.0529597
0.729464 0.0171862 -0.0351516
0.679751 0.012289 0.0529597
0.570388 -0.110059 0.0431695
0.644949 0.0416482 0.0529597
0.570373 0.110154 0.0382745
0.644949 0.031861 0.0529597
0.590272 -0.0855898 0.0529597
0.600202 0.0905812 -0.0351516
0.689701 -0.100264 -0.0351516
0.639987 -0.0904799 -0.0351516
0.635004 0.0710092 -0.0351516
0.615131 -0.11495 0.0480646
0.724501 -0.0953674 0.0529597
0.719515 0.105271 0.0529597
0.654886 0.115053 0.0186942
0.570388 -0.105166 -0.0106762
0.729459 0.0856969 0.0284843
0.674779 0.0171823 0.0529597
0.590263 0.0465379 0.0529597
0.694663 0.0318646 -0.0351516
0.59026 0.0905805 -0.0351516
0.639976 0.0612224 -0.0351516
0.64495 0.0269674 0.0529597
0.620086 0.115051 -0.00578117
0.669813 -0.061116 -0.0351516
0.570379 0.0171748 0.0284843
0.64495 0.0171801 0.0529597
0.674788 -0.114945 -0.00578117
0.67478 0.00250144 0.0529597
0.615116 0.105263 -0.0351516
0.570374 0.0954727 -0.0253615
0.644951 0.0122865 0.0529597
0.570383 -0.0366551 0.00890404
0.644953 -0.0268624 0.0529597
0.729464 0.0171862 -0.0253615
0.684728 -0.0660085 0.0529597
0.729472 -0.0855798 0.00400897
0.570379 0.0171748 0.0529597
0.575346 0.0856858 0.0529597
0.58033 -0.100271 0.0529597
0.729469 -0.0513244 0.0235892
0.664833 0.0514369 0.0529597
0.729463 0.0367607 0.00400897
0.674782 -0.0317539 0.0529597
0.575351 0.0122815 -0.0351516
0.615123 0.00739075 0.0529597
0.610153 -0.0170777 -0.0351516
0.704617 -0.114943 0.0333794
0.729467 -0.0268563 0.0431695
0.644957 -0.0806923 0.0529597
0.644958 -0.0855859 0.0529597
0.664838 -0.00728652 -0.0351516
0.729458 0.105271 0.0480646
0.615115 0.110157 0.0529597
0.635013 -0.0660121 0.0529597
0.570377 0.0416429 0.0137991
0.570384 -0.0513359 -0.000886103
0.649931 -0.114947 0.0235892
0.659874 -0.114947 0.00890404
0.719531 -0.114942 0.00400897
0.649915 0.115053 0.0529597
0.625074 -0.114949 -0.0155713
0.610159 -0.105163 0.0529597
0.729465 0.00250539 -0.0302565
0.649916 0.100372 0.0529597
0.615131 -0.11495 0.0186942
0.709572 0.115057 0.0333794
0.689695 -0.017072 0.0529597
0.649917 0.0807976 0.0529597
0.654903 -0.114947 0.0529597
0.585296 -0.0121859 -0.0351516
0.699643 -0.0806883 -0.0351516
0.72946 0.0808033 -0.0204664
0.649917 0.0759039 0.0529597
0.649918 0.0661167 0.0529597
0.639972 0.115052 -0.0155713
0.649919 0.0612231 0.0529597
0.729465 0.00739901 -0.0351516
0.595232 0.0807936 0.0529597
0.590268 -0.03176 -0.0351516
0.729468 -0.0366436 0.0529597
0.570377 0.0465365 0.0480646
0.649919 0.0514358 0.0529597
0.674785 -0.0660092 -0.0351516
0.709584 -0.0513259 -0.0351516
0.64992 0.0465422 0.0529597
0.570373 0.110154 -0.000886103
0.580323 -0.002399 0.0529597
0.719521 0.0220791 0.0529597
0.639988 -0.114948 0.0382745
0.729465 0.0122926 0.0186942
0.649922 0.00739326 0.0529597
0.729458 0.105271 -0.0155713
0.659869 -0.0415422 0.0529597
0.649924 -0.0170748 -0.0351516
0.625061 0.0710085 0.0529597
0.704612 -0.0513262 -0.0351516
0.669809 -0.00728616 -0.0351516
0.684718 0.0710128 -0.0351516
0.570376 0.0563237 0.0431695
0.575354 -0.0268675 0.0529597
0.649923 0.00249964 0.0529597
0.669811 -0.0317543 0.0529597
0.674772 0.105267 0.0529597
0.679758 -0.090477 0.0529597
0.570381 -0.00729334 0.0480646
0.649923 -0.0072876 0.0529597
0.729463 0.0269735 -0.0351516
0.610148 0.0465394 -0.0351516
0.659868 -0.0268614 0.0529597
0.625073 -0.100268 -0.0351516
0.620088 0.0954763 -0.0351516
0.654886 0.115053 -0.0351516
0.625069 -0.0366511 -0.0351516
0.66981 -0.0268606 -0.0351516
0.630031 0.0856898 0.0529597
0.649926 -0.0415429 0.0529597
0.615117 0.0856887 0.0529597
0.709583 -0.0415386 -0.0351516
0.649926 -0.0464366 0.0529597
0.669804 0.0612245 0.0529597
0.570373 0.110154 0.0480646
0.649929 -0.0806919 0.0529597
0.729461 0.0563352 -0.0351516
0.570381 -0.00729334 0.0333794
0.649931 -0.110054 0.0529597
0.679744 0.105268 -0.0351516
0.709578 0.0220784 -0.0351516
0.585295 -0.00239865 0.0529597
0.570373 0.110154 0.0235892
0.724486 0.115058 0.0235892
0.664842 -0.06601 0.0529597
0.729469 -0.0562181 0.0235892
0.570373 0.100366 -0.0351516
0.72947 -0.0611117 0.0382745
0.630031 0.0856898 -0.0351516
0.654887 0.100372 0.0529597
0.669815 -0.0904777 0.0529597
0.669817 -0.114946 -0.0302565
0.674781 -0.0121794 -0.0351516
0.654889 0.0710107 0.0529597
0.605172 0.11505 0.00890404
0.70461 -0.0219645 0.0529597
0.595238 -0.00729155 -0.0351516
0.72946 0.0808033 0.0235892
0.620093 0.0269656 0.0529597
0.70461 -0.0170709 0.0529597
0.649916 0.0905848 0.0529597
0.63501 -0.0170759 -0.0351516
0.72946 0.0710161 0.0382745
0.61016 -0.11495 0.0529597
0.689694 0.00250251 -0.0351516
0.570381 -0.012187 0.0333794
0.654892 0.0318617 0.0529597
0.600206 0.041645 -0.0351516
0.719528 -0.0708996 -0.0351516
0.610151 0.00739039 0.0529597
0.669817 -0.114946 0.0137991
0.605179 0.0220709 0.0529597
0.575359 -0.105165 0.0529597
0.669802 0.0954799 0.0529597
0.620089 0.0759018 -0.0351516
0.6549 -0.0757979 0.0529597
0.600204 0.0710067 -0.0351516
0.610157 -0.0709075 -0.0351516
0.6549 -0.0806915 0.0529597
0.58032 0.0416436 0.0529597
0.68472 0.0416511 -0.0351516
0.570372 0.115047 0.0480646
0.615131 -0.11495 0.00400897
0.729463 0.0367607 0.0284843
0.654902 -0.100266 0.0529597
0.719528 -0.0757933 0.0529597
0.570387 -0.0953785 0.0186942
0.659857 0.115054 0.0529597
0.664844 -0.100265 0.0529597
0.595238 -0.00729155 0.0529597
0.659858 0.11016 0.0529597
0.664844 -0.0953717 0.0529597
0.6201 -0.0709068 0.0529597
0.659859 0.100373 0.0529597
0.664843 -0.0855844 0.0529597
0.570385 -0.0660168 0.0529597
0.659859 0.0954791 0.0529597
0.610146 0.0807947 -0.0351516
0.580328 -0.0709097 -0.0351516
0.575344 0.10526 -0.0351516
0.605181 -0.0121844 0.0529597
0.65986 0.0759047 -0.0351516
0.659859 0.0905855 0.0529597
0.664843 -0.0757972 0.0529597
0.67975 0.0220763 0.0529597
0.635017 -0.114948 0.0480646
0.694672 -0.0953695 0.0529597
0.65986 0.0856919 0.0529597
0.664842 -0.0709036 0.0529597
0.729463 0.0367607 -0.0253615
0.699644 -0.0953692 0.0529597
0.649925 -0.0219685 0.0529597
0.649931 -0.114947 -0.0155713
0.659861 0.071011 0.0529597
0.694674 -0.114944 0.0382745
0.659862 0.0465429 0.0529597
0.625074 -0.114949 0.0529597
0.659863 0.0318621 0.0529597
0.659864 0.0171812 0.0529597
0.570378 0.0367492 -0.0351516
0.659867 -0.0121805 0.0529597
0.570375 0.0758982 0.0284843
0.679753 -0.0268599 0.0529597
0.575353 -0.0170802 -0.0351516
0.570373 0.10526 -0.0253615
0.615121 0.0318589 -0.0351516
0.729459 0.0905906 0.0529597
0.659868 -0.031755 0.0529597
0.570377 0.0465365 0.00890404
0.729468 -0.0366436 0.0382745
0.605172 0.11505 -0.00578117
0.724495 -0.00728221 0.0529597
0.659869 -0.0464358 0.0529597
0.570374 0.0954727 0.0284843
0.630038 -0.0121827 0.0529597
0.724486 0.115058 -0.0204664
0.625066 0.00249785 -0.0351516
0.61015 0.0171776 -0.0351516
0.570378 0.0318556 0.0382745
0.595232 0.0710064 -0.0351516
0.729469 -0.0464308 0.0333794
0.66483 0.105267 0.0529597
0.669805 0.0563309 -0.0351516
0.689695 -0.017072 -0.0351516
0.580332 -0.114952 0.0382745
0.65987 -0.0611167 0.0529597
0.694659 0.0954817 0.0529597
0.709572 0.115057 0.0529597
0.72946 0.0710161 -0.00578117
0.585293 0.0269631 0.0529597
0.635016 -0.0953738 -0.0351516
0.639985 -0.0709054 -0.0351516
0.635005 0.0514348 -0.0351516
0.659872 -0.0855848 0.0529597
0.659866 -0.00239326 0.0529597
0.625071 -0.0660128 -0.0351516
0.615131 -0.11495 -0.0106762
0.649923 -0.0072876 -0.0351516
0.659873 -0.105159 0.0529597
0.674776 0.0514376 0.0529597
0.620095 -0.00728975 -0.0351516
0.570381 -0.00729334 0.00400897
0.630034 0.0465408 0.0529597
0.664836 0.0171816 -0.0351516
0.664829 0.11016 0.0529597
0.729469 -0.0562181 0.0431695
0.699633 0.0563331 -0.0351516
0.729467 -0.0170691 0.0382745
0.570374 0.0905791 0.0529597
0.684727 -0.0611149 0.0529597
0.664834 0.0465433 0.0529597
0.60518 0.00739003 0.0529597
0.570383 -0.0366551 0.0382745
0.625069 -0.0464384 0.0529597
0.595236 0.0171766 0.0529597
0.729459 0.0954842 0.0284843
0.664834 0.0416497 0.0529597
0.625058 0.115051 0.0431695
0.664834 0.0367561 0.0529597
0.729463 0.0318671 0.0333794
0.669815 -0.0953713 0.0529597
0.664835 0.0269688 0.0529597
0.684726 -0.0415404 -0.0351516
0.654899 -0.0709043 0.0529597
0.664845 -0.105159 0.0529597
0.729465 0.00739901 0.00400897
0.659857 0.115054 -0.000886103
0.664837 -0.0023929 0.0529597
0.689702 -0.114944 0.0529597
0.60021 -0.0170784 -0.0351516
0.729462 0.0514416 0.0333794
0.590264 0.0220698 -0.0351516
0.625067 -0.0170766 -0.0351516
0.62009 0.0661146 0.0529597
0.64496 -0.114948 0.0284843
0.664839 -0.026861 0.0529597
0.72947 -0.0660053 0.0137991
0.699636 0.0171841 0.0529597
0.664839 -0.0317546 0.0529597
0.719519 0.0563345 -0.0351516
0.57038 0.00738752 -0.0253615
0.729471 -0.0708989 0.0431695
0.649928 -0.0757983 0.0529597
0.654891 0.0465426 0.0529597
0.570385 -0.0660168 -0.0253615
0.709588 -0.114943 -0.0155713
0.585299 -0.0611221 -0.0351516
0.66484 -0.0415419 0.0529597
0.615115 0.11505 -0.000886103
0.689688 0.0856941 -0.0351516
0.664841 -0.0562227 0.0529597
0.570382 -0.0170806 0.0333794
0.664843 -0.0806908 0.0529597
0.72946 0.0759097 -0.0253615
0.709572 0.110164 0.0529597
0.679746 0.0710125 0.0529597
0.70461 -0.0268581 0.0529597
0.664845 -0.114946 0.0529597
0.570372 0.115047 0.0186942
0.585294 0.00249497 -0.0351516
0.635009 0.00249857 0.0529597
0.590265 0.0171762 -0.0351516
0.724493 0.0122923 0.0529597
0.610143 0.11505 0.00890404
0.58032 0.0416436 -0.0351516
0.570379 0.0220684 0.0431695
0.620103 -0.114949 -0.0253615
0.669802 0.0905862 0.0529597
0.630041 -0.0513316 -0.0351516
0.729458 0.100378 0.0284843
0.620101 -0.0953749 -0.0351516
0.669804 0.0661181 0.0529597
0.704612 -0.0513262 0.0529597
0.669809 -0.00728616 0.0529597
0.570376 0.0563237 -0.0155713
0.615121 0.0269652 -0.0351516
0.724494 0.00250503 0.0529597
0.644953 -0.0268624 -0.0351516
0.669805 0.0563309 0.0529597
0.724497 -0.0464312 0.0529597
0.57038 0.0024939 -0.0106762
0.709585 -0.0709004 0.0529597
0.590264 0.0318571 -0.0351516
0.585303 -0.114952 0.0235892
0.669806 0.0318628 0.0529597
0.704614 -0.0757943 -0.0351516
0.644953 -0.0219688 -0.0351516
0.669808 0.0122883 0.0529597
0.704617 -0.114943 -0.0351516
0.709582 -0.036645 0.0529597
0.62009 0.0612209 -0.0351516
0.66981 -0.021967 0.0529597
0.729468 -0.0366436 -0.0351516
0.595235 0.036751 -0.0351516
0.60021 -0.021972 -0.0351516
0.689702 -0.110051 0.0529597
0.724486 0.115058 -0.0106762
0.570388 -0.105166 0.0137991
0.669813 -0.0562224 0.0529597
0.719527 -0.0562188 0.0529597
0.570377 0.0465365 -0.0351516
0.625058 0.115051 -0.0351516
0.600214 -0.0709083 0.0529597
0.669815 -0.0855841 0.0529597
0.605174 0.0807943 -0.0351516
0.610144 0.110156 0.0529597
0.669816 -0.100265 0.0529597
0.615115 0.11505 -0.00578117
0.724488 0.0856966 -0.0351516
0.729472 -0.0855798 -0.000886103
0.684717 0.0856937 0.0529597
0.635012 -0.041544 0.0529597
0.694664 0.026971 0.0529597
0.570375 0.0807918 0.0235892
0.570373 0.100366 0.0529597
0.669816 -0.110052 0.0529597
0.674772 0.115055 0.0529597
0.570387 -0.0855913 0.0235892
0.600217 -0.114951 -0.0204664
0.580316 0.105261 -0.0351516
0.580318 0.0710053 0.0529597
0.610147 0.0710075 -0.0351516
0.674777 0.0367568 0.0529597
0.610147 0.0661138 -0.0351516
0.585298 -0.0464412 0.0529597
0.699637 -0.00239039 0.0529597
0.570387 -0.0953785 0.0480646
0.654888 0.0905852 0.0529597
0.659857 0.115054 -0.0204664
0.679753 -0.0219663 0.0529597
0.570376 0.0612173 0.0431695
0.63003 0.095477 -0.0351516
0.729466 -0.00728185 0.00400897
0.674781 -0.017073 0.0529597
0.674783 -0.0415411 0.0529597
0.615115 0.110157 -0.0351516
0.674784 -0.0513284 0.0529597
0.570385 -0.0611232 0.0235892
0.674784 -0.056222 0.0529597
0.570386 -0.0806976 -0.0204664
0.729462 0.046548 0.0382745
0.714547 0.0563341 0.0529597
0.674786 -0.0806901 0.0529597
0.659861 0.0612238 0.0529597
0.679743 0.115055 0.0529597
0.664845 -0.114946 -0.0155713
0.679745 0.0856933 0.0529597
0.600212 -0.0464402 -0.0351516
0.729463 0.0318671 0.0480646
0.615126 -0.0464391 0.0529597
0.679746 0.0807997 0.0529597
0.605185 -0.0709079 -0.0351516
0.684717 0.0808001 0.0529597
0.694663 0.0318646 0.0529597
0.605181 -0.0121844 -0.0351516
0.570381 -0.012187 -0.0302565
0.635005 0.0465411 0.0529597
0.639985 -0.0660118 0.0529597
0.679749 0.0367571 0.0529597
0.669811 -0.0317543 -0.0351516
0.699629 0.105269 0.0529597
0.585292 0.0367503 0.0529597
0.649922 0.0122869 -0.0351516
0.684714 0.115055 0.0382745
0.714546 0.0661214 -0.0351516
0.679752 -0.00728544 0.0529597
0.570389 -0.114953 0.0431695
0.570374 0.0905791 -0.0253615
0.644951 0.00249928 0.0529597
0.635017 -0.110055 -0.0351516
0.679752 -0.0121791 0.0529597
0.669803 0.0759054 0.0529597
0.570378 0.0318556 0.0137991
0.729469 -0.0464308 0.00890404
0.674781 -0.0121794 0.0529597
0.729472 -0.0904734 0.0284843
0.679755 -0.0464344 0.0529597
0.605189 -0.11495 0.0137991
0.729468 -0.03175 0.0284843
0.679755 -0.051328 0.0529597
0.679757 -0.0757961 0.0529597
0.679757 -0.0806898 0.0529597
0.570375 0.0807918 -0.0253615
0.620102 -0.100269 -0.0351516
0.644954 -0.0366497 -0.0351516
0.669803 0.0710118 0.0529597
0.679759 -0.100264 0.0529597
0.694659 0.0954817 -0.0351516
0.684714 0.115055 -0.000886103
0.644944 0.105265 0.0529597
0.570382 -0.0219742 0.0529597
0.570382 -0.0219742 0.0431695
0.575347 0.0710049 -0.0351516
0.644943 0.115053 -0.0253615
0.684731 -0.114945 0.0284843
0.684716 0.0954809 0.0529597
0.649917 0.0856912 -0.0351516
0.654902 -0.110053 -0.0351516
0.57038 0.0122811 0.0480646
0.630036 0.0171791 0.0529597
0.649917 0.0759039 -0.0351516
0.66981 -0.021967 -0.0351516
0.570378 0.0367492 0.0431695
0.605172 0.11505 0.00400897
0.649918 0.0661167 -0.0351516
0.615126 -0.0366518 0.0529597
0.649919 0.0612231 -0.0351516
0.729468 -0.0415372 0.0284843
0.649919 0.0514358 -0.0351516
0.729457 0.115059 0.0480646
0.64992 0.0465422 -0.0351516
0.570377 0.0514301 -0.00578117
0.585303 -0.114952 0.0431695
0.585292 0.0367503 -0.0351516
0.64992 0.036755 -0.0351516
0.72947 -0.0660053 0.0284843
0.649921 0.0220741 -0.0351516
0.729471 -0.0806862 0.0529597
0.649922 0.00739326 -0.0351516
0.694671 -0.0757951 0.0529597
0.649923 0.00249964 -0.0351516
0.694668 -0.0268588 -0.0351516
0.729472 -0.0855798 0.0529597
0.649923 -0.00239398 -0.0351516
0.649925 -0.0219685 -0.0351516
0.570374 0.0856854 0.0235892
0.729471 -0.0757925 -0.000886103
0.649925 -0.0268621 -0.0351516
0.649925 -0.0317557 -0.0351516
0.689689 0.0661196 0.0529597
0.649926 -0.0464366 -0.0351516
0.649928 -0.0757983 -0.0351516
0.689702 -0.114944 -0.0204664
0.724502 -0.105155 -0.0351516
0.649929 -0.0806919 -0.0351516
0.64993 -0.0953728 -0.0351516
0.649931 -0.10516 -0.0351516
0.575358 -0.0904845 -0.0351516
0.570388 -0.105166 0.0382745
0.654886 0.11016 -0.0351516
0.580327 -0.0562288 -0.0351516
0.654887 0.105266 -0.0351516
0.654887 0.0954788 -0.0351516
0.600214 -0.0660146 -0.0351516
0.719524 -0.0170698 -0.0351516
0.654889 0.0807979 -0.0351516
0.654889 0.0759043 -0.0351516
0.729457 0.110165 -0.0351516
0.654889 0.0710107 -0.0351516
0.65489 0.0661171 -0.0351516
0.65489 0.0612234 -0.0351516
0.654891 0.0514362 -0.0351516
0.654892 0.0367553 -0.0351516
0.570374 0.0954727 0.0235892
0.654892 0.0318617 -0.0351516
0.654892 0.0269681 -0.0351516
0.654894 0.00739362 -0.0351516
0.654895 -0.00239362 -0.0351516
0.654895 -0.0121809 -0.0351516
0.625058 0.115051 0.0235892
0.654896 -0.0170745 -0.0351516
0.654896 -0.0219681 -0.0351516
0.570384 -0.0464423 -0.0155713
0.654896 -0.0268617 -0.0351516
0.570376 0.0612173 0.0137991
0.654897 -0.0317553 -0.0351516
0.654898 -0.0513298 -0.0351516
0.729462 0.0416543 0.0431695
0.654898 -0.0562234 -0.0351516
0.570383 -0.0415487 0.0235892
0.654899 -0.0611171 -0.0351516
0.570387 -0.0855913 -0.0155713
0.72947 -0.0660053 -0.0351516
0.654899 -0.0660107 -0.0351516
0.654899 -0.0709043 -0.0351516
0.694671 -0.0709014 -0.0351516
0.6549 -0.0757979 -0.0351516
0.659857 0.115054 -0.0351516
0.664844 -0.100265 -0.0351516
0.570375 0.0758982 -0.0302565
0.659858 0.11016 -0.0351516
0.664844 -0.0953717 -0.0351516
0.714552 -0.00728293 0.0529597
0.659858 0.105266 -0.0351516
0.635017 -0.114948 0.0431695
0.704614 -0.0709007 -0.0351516
0.659859 0.0954791 -0.0351516
0.659859 0.0905855 -0.0351516
0.664843 -0.0757972 -0.0351516
0.65986 0.0856919 -0.0351516
0.664842 -0.0709036 -0.0351516
0.669807 0.0220756 0.0529597
0.679751 0.00739542 -0.0351516
0.65986 0.0807983 -0.0351516
0.659861 0.071011 -0.0351516
0.729469 -0.0513244 0.0382745
0.709583 -0.0464323 -0.0351516
0.659861 0.0612238 -0.0351516
0.570389 -0.114953 0.00890404
0.659862 0.0514366 -0.0351516
0.659862 0.0465429 -0.0351516
0.659863 0.0318621 -0.0351516
0.6201 -0.0806941 -0.0351516
0.654893 0.0171809 -0.0351516
0.679748 0.0465444 0.0529597
0.570373 0.110154 -0.0106762
0.659864 0.0269685 -0.0351516
0.654893 0.0122872 -0.0351516
0.570375 0.0807918 0.0431695
0.659864 0.0171812 -0.0351516
0.729468 -0.0415372 -0.0253615
0.659866 -0.00239326 -0.0351516
0.729468 -0.0366436 -0.00578117
0.659866 -0.00728688 -0.0351516
0.649915 0.115053 -0.0253615
0.615129 -0.0806944 -0.0351516
0.659867 -0.0121805 -0.0351516
0.659868 -0.0268614 -0.0351516
0.659869 -0.0415422 -0.0351516
0.659869 -0.0464358 -0.0351516
0.729467 -0.0268563 -0.000886103
0.659871 -0.0757976 -0.0351516
0.570373 0.10526 0.0480646
0.659872 -0.0806912 -0.0351516
0.610143 0.11505 -0.0253615
0.659872 -0.0904784 -0.0351516
0.659874 -0.110053 -0.0351516
0.694665 0.0122901 -0.0351516
0.615131 -0.11495 0.00890404
0.664829 0.11016 -0.0351516
0.570377 0.0514301 0.00400897
0.590262 0.0514315 0.0529597
0.66483 0.105267 -0.0351516
0.729461 0.0661224 0.0284843
0.66483 0.100373 -0.0351516
0.654895 -0.0121809 0.0529597
0.66483 0.0954795 -0.0351516
0.570376 0.0563237 -0.0351516
0.664831 0.0905859 -0.0351516
0.664832 0.075905 -0.0351516
0.669815 -0.0855841 -0.0351516
0.664833 0.0612242 -0.0351516
0.57038 0.0024939 -0.0204664
0.72946 0.0710161 0.0480646
0.664833 0.0563305 -0.0351516
0.684731 -0.114945 0.0235892
0.570377 0.0416429 0.0382745
0.664834 0.0367561 -0.0351516
0.570377 0.0465365 0.0333794
0.664835 0.0318624 -0.0351516
0.664836 0.0220752 -0.0351516
0.709573 0.0954827 0.0529597
0.664836 0.012288 -0.0351516
0.590269 -0.0464409 0.0529597
0.664837 0.00739434 -0.0351516
0.689702 -0.114944 0.0235892
0.729464 0.0171862 0.0137991
0.639981 -0.0121819 0.0529597
0.729471 -0.0757925 0.0137991
0.664838 -0.0121801 -0.0351516
0.719514 0.115058 0.0333794
0.664838 -0.0170738 -0.0351516
0.699645 -0.114944 0.00890404
0.689686 0.115056 0.00890404
0.66484 -0.0366482 -0.0351516
0.729473 -0.110048 0.0235892
0.66484 -0.0415419 -0.0351516
0.679743 0.115055 0.00890404
0.625064 0.0269659 -0.0351516
0.664841 -0.0464355 -0.0351516
0.729457 0.110165 0.0480646
0.669812 -0.0415415 0.0529597
0.664841 -0.0513291 -0.0351516
0.729458 0.105271 0.0382745
0.580315 0.115048 -0.0351516
0.664841 -0.0562227 -0.0351516
0.61016 -0.11495 -0.0253615
0.570376 0.0612173 -0.0253615
0.674778 0.0318632 0.0529597
0.664843 -0.0806908 -0.0351516
0.664844 -0.0904781 -0.0351516
0.64496 -0.114948 0.0235892
0.664845 -0.105159 -0.0351516
0.664845 -0.110053 -0.0351516
0.669814 -0.0806905 -0.0351516
0.664845 -0.114946 -0.0351516
0.714559 -0.114943 0.0284843
0.6698 0.115054 -0.0351516
0.669801 0.110161 -0.0351516
0.58033 -0.0904842 -0.0351516
0.570381 -0.012187 0.0431695
0.669801 0.105267 -0.0351516
0.669801 0.100373 -0.0351516
0.699629 0.115056 -0.0106762
0.669802 0.0954799 -0.0351516
0.694657 0.115056 -0.0106762
0.729458 0.105271 0.0186942
0.644953 -0.0170752 0.0529597
0.669802 0.0905862 -0.0351516
0.570374 0.0905791 0.0186942
0.600213 -0.0562274 0.0529597
0.669802 0.0856926 -0.0351516
0.669803 0.080799 -0.0351516
0.669803 0.0710118 -0.0351516
0.689694 -0.00239111 -0.0351516
0.570373 0.100366 0.0431695
0.669804 0.0661181 -0.0351516
0.570382 -0.0170806 -0.000886103
0.724497 -0.0415376 -0.0351516
0.570381 -0.012187 0.00400897
0.669805 0.0514373 -0.0351516
0.649927 -0.0611174 0.0529597
0.669805 0.0465437 -0.0351516
0.669806 0.0367564 -0.0351516
0.674779 0.0122887 -0.0351516
0.724499 -0.0660057 -0.0351516
0.570383 -0.0366551 0.00400897
0.689701 -0.0904763 -0.0351516
0.630046 -0.114949 -0.0155713
0.669807 0.0269692 -0.0351516
0.585297 -0.0317604 -0.0351516
0.570374 0.0954727 0.0431695
0.575355 -0.0464419 -0.0351516
0.595246 -0.114951 -0.0253615
0.679754 -0.0317535 0.0529597
0.635017 -0.114948 0.0284843
0.669807 0.0220756 -0.0351516
0.709584 -0.0513259 0.0529597
0.669807 0.0171819 -0.0351516
0.669808 0.00250108 -0.0351516
0.669809 -0.00239254 -0.0351516
0.605179 0.0171773 -0.0351516
0.669809 -0.0121798 -0.0351516
0.669812 -0.0513287 -0.0351516
0.669813 -0.0660096 -0.0351516
0.630046 -0.114949 0.0431695
0.729464 0.0171862 -0.0302565
0.669814 -0.0757968 -0.0351516
0.729463 0.0318671 -0.0253615
0.669815 -0.0904777 -0.0351516
0.669815 -0.0953713 -0.0351516
0.669816 -0.100265 -0.0351516
0.669816 -0.105159 -0.0351516
0.570378 0.026962 0.00400897
0.674772 0.110161 -0.0351516
0.679758 -0.0855834 -0.0351516
0.674772 0.105267 -0.0351516
0.679758 -0.090477 -0.0351516
0.570381 -0.00239972 -0.0204664
0.674773 0.100374 -0.0351516
0.674773 0.0954802 -0.0351516
0.679758 -0.0953706 -0.0351516
0.639986 -0.0855862 -0.0351516
0.635004 0.0661156 -0.0351516
0.674775 0.0710121 -0.0351516
0.600217 -0.114951 0.0137991
0.570385 -0.0611232 0.0529597
0.674776 0.0612249 -0.0351516
0.625066 -0.00239577 0.0529597
0.674776 0.0514376 -0.0351516
0.674777 0.046544 -0.0351516
0.644955 -0.0415433 -0.0351516
0.719525 -0.0268571 -0.0351516
0.674777 0.0416504 -0.0351516
0.674778 0.0269695 -0.0351516
0.724499 -0.0757929 -0.0351516
0.674778 0.0220759 -0.0351516
0.585303 -0.114952 -0.0302565
0.674779 0.00739506 -0.0351516
0.57038 0.0024939 0.0186942
0.67478 -0.00239218 -0.0351516
0.570381 -0.00239972 0.00890404
0.67478 -0.0072858 -0.0351516
0.674782 -0.0219667 -0.0351516
0.674782 -0.0317539 -0.0351516
0.674783 -0.0366475 -0.0351516
0.600203 0.0759004 -0.0351516
0.674783 -0.0415411 -0.0351516
0.674784 -0.0513284 -0.0351516
0.674784 -0.056222 -0.0351516
0.674785 -0.0757965 -0.0351516
0.59027 -0.0611217 -0.0351516
0.674786 -0.0855837 -0.0351516
0.590271 -0.0660153 -0.0351516
0.674787 -0.0904773 -0.0351516
0.570383 -0.0366551 0.0284843
0.674787 -0.100265 -0.0351516
0.600201 0.115049 -0.0106762
0.674788 -0.105158 -0.0351516
0.729471 -0.0806862 0.00400897
0.674788 -0.114945 -0.0351516
0.679743 0.115055 -0.0351516
0.610156 -0.0660139 -0.0351516
0.679743 0.110161 -0.0351516
0.679744 0.100374 -0.0351516
0.709578 0.0318657 -0.0351516
0.570386 -0.0709104 0.0235892
0.729459 0.0954842 -0.0155713
0.679745 0.0856933 -0.0351516
0.649917 0.0807976 -0.0351516
0.654903 -0.114947 -0.0351516
0.679746 0.0710125 -0.0351516
0.72947 -0.0611117 0.0137991
0.649917 0.0856912 0.0529597
0.654902 -0.110053 0.0529597
0.679747 0.0661189 -0.0351516
0.570376 0.0563237 0.0333794
0.679747 0.0563316 -0.0351516
0.679748 0.051438 -0.0351516
0.570374 0.0905791 -0.000886103
0.729457 0.110165 0.0333794
0.605175 0.0759007 0.0529597
0.679748 0.0416508 -0.0351516
0.679749 0.0367571 -0.0351516
0.679749 0.0318635 -0.0351516
0.679751 0.012289 -0.0351516
0.610152 0.00249677 0.0529597
0.570376 0.0563237 0.00890404
0.679751 0.0025018 -0.0351516
0.679752 -0.00239182 -0.0351516
0.679752 -0.00728544 -0.0351516
0.679753 -0.0170727 -0.0351516
0.679754 -0.0366472 -0.0351516
0.57038 0.00738752 -0.0155713
0.729472 -0.0904734 0.0137991
0.694674 -0.114944 -0.0155713
0.679755 -0.0464344 -0.0351516
0.679755 -0.051328 -0.0351516
0.729465 0.0122926 0.0382745
0.714557 -0.0855809 -0.0351516
0.679755 -0.0562216 -0.0351516
0.570378 0.0367492 -0.0302565
0.620086 0.115051 0.0284843
0.729462 0.0416543 -0.0155713
0.684716 0.100375 0.0529597
0.679756 -0.0660089 -0.0351516
0.694657 0.115056 0.00890404
0.729458 0.105271 -0.000886103
0.679756 -0.0709025 -0.0351516
0.679757 -0.0757961 -0.0351516
0.679759 -0.100264 -0.0351516
0.679759 -0.105158 -0.0351516
0.729462 0.0514416 -0.0302565
0.684716 0.0954809 -0.0351516
0.630029 0.115051 0.0480646
0.714559 -0.110049 0.0529597
0.570384 -0.0464423 0.0480646
0.684717 0.0808001 -0.0351516
0.644944 0.100372 0.0529597
0.684717 0.0759065 -0.0351516
0.67975 0.0171827 -0.0351516
0.684718 0.0612256 -0.0351516
0.684719 0.056332 -0.0351516
0.68472 0.0367575 -0.0351516
0.68472 0.0318639 -0.0351516
0.644951 0.0122865 -0.0351516
0.600213 -0.0513338 0.0529597
0.570374 0.0954727 0.0382745
0.684721 0.0269703 -0.0351516
0.644958 -0.0904795 -0.0351516
0.684722 0.0122894 -0.0351516
0.72946 0.0808033 -0.00578117
0.684722 0.00739578 -0.0351516
0.684723 0.00250216 -0.0351516
0.570386 -0.075804 -0.0155713
0.615116 0.0954759 -0.0351516
0.684723 -0.00239147 -0.0351516
0.664845 -0.114946 0.0235892
0.684724 -0.0170723 -0.0351516
0.605172 0.11505 0.0333794
0.689693 0.022077 -0.0351516
0.729458 0.100378 0.0431695
0.684724 -0.0219659 -0.0351516
0.704617 -0.114943 0.0382745
0.684725 -0.0317532 -0.0351516
0.684726 -0.046434 -0.0351516
0.570387 -0.0904849 0.0431695
0.684726 -0.0513277 -0.0351516
0.684727 -0.0562213 -0.0351516
0.684728 -0.0660085 -0.0351516
0.684728 -0.0757958 -0.0351516
0.684729 -0.0806894 -0.0351516
0.684729 -0.085583 -0.0351516
0.68473 -0.0953702 -0.0351516
0.68473 -0.100264 -0.0351516
0.590273 -0.0953771 0.0529597
0.659872 -0.0904784 0.0529597
0.68473 -0.105157 -0.0351516
0.674782 -0.0268603 -0.0351516
0.684731 -0.110051 -0.0351516
0.644943 0.115053 -0.0106762
0.684731 -0.114945 -0.0351516
0.689686 0.115056 -0.0351516
0.729473 -0.100261 0.0431695
0.689686 0.110162 -0.0351516
0.689687 0.100375 -0.0351516
0.669817 -0.114946 0.0284843
0.625069 -0.0464384 -0.0351516
0.689687 0.0954813 -0.0351516
0.694673 -0.105157 -0.0351516
0.664842 -0.0611163 0.0529597
0.689688 0.0905877 -0.0351516
0.709588 -0.114943 -0.00578117
0.729461 0.0612288 0.00890404
0.689688 0.0808004 -0.0351516
0.694674 -0.114944 -0.0351516
0.729462 0.046548 0.00890404
0.689689 0.0710132 -0.0351516
0.689689 0.0661196 -0.0351516
0.68969 0.061226 -0.0351516
0.689692 0.0367579 -0.0351516
0.64496 -0.114948 0.0333794
0.639978 0.0318606 0.0529597
0.689692 0.0269706 -0.0351516
0.689693 0.0171834 -0.0351516
0.694658 0.110163 0.0529597
0.689694 0.00739613 -0.0351516
0.689696 -0.0219656 -0.0351516
0.689696 -0.0268592 -0.0351516
0.72946 0.0759097 0.0333794
0.570384 -0.0464423 0.0529597
0.689697 -0.0415401 -0.0351516
0.635 0.115052 -0.0106762
0.689698 -0.0464337 -0.0351516
0.72946 0.0710161 0.0333794
0.729459 0.0905906 0.0284843
0.689699 -0.0660082 -0.0351516
0.684731 -0.114945 0.0333794
0.620087 0.110157 0.0529597
0.689699 -0.0709018 -0.0351516
0.67478 0.00250144 -0.0351516
0.674788 -0.114945 0.00890404
0.6897 -0.080689 -0.0351516
0.689701 -0.0953699 -0.0351516
0.689702 -0.110051 -0.0351516
0.684714 0.115055 -0.0302565
0.729464 0.0220799 -0.0351516
0.689702 -0.114944 -0.0351516
0.610148 0.051433 -0.0351516
0.729459 0.0856969 0.0382745
0.639974 0.0807968 -0.0351516
0.694658 0.105269 -0.0351516
0.729472 -0.0904734 0.0333794
0.639972 0.115052 0.0137991
0.679744 0.0954806 0.0529597
0.694659 0.090588 -0.0351516
0.719525 -0.0366443 -0.0351516
0.694659 0.0856944 -0.0351516
0.729472 -0.0855798 0.0431695
0.585298 -0.0513348 0.0529597
0.69466 0.0808008 -0.0351516
0.659869 -0.0513295 -0.0351516
0.69466 0.0759072 -0.0351516
0.729462 0.046548 -0.0253615
0.69466 0.0710136 -0.0351516
0.729462 0.0416543 -0.0253615
0.694661 0.0661199 -0.0351516
0.729462 0.0514416 -0.0204664
0.694661 0.0612263 -0.0351516
0.615131 -0.11495 0.0235892
0.729466 -0.00238823 -0.0253615
0.694664 0.0220774 -0.0351516
0.729466 -0.00728185 -0.0253615
0.694664 0.0171837 -0.0351516
0.575346 0.0807922 0.0529597
0.58033 -0.0953778 0.0529597
0.694665 0.00739649 -0.0351516
0.709585 -0.0709004 -0.0351516
0.570383 -0.0415487 -0.0351516
0.729467 -0.0170691 0.00400897
0.694665 0.00250287 -0.0351516
0.729465 0.0122926 -0.0155713
0.639988 -0.114948 -0.0155713
0.694666 -0.012178 -0.0351516
0.72946 0.0710161 -0.0204664
0.654903 -0.114947 0.0480646
0.61016 -0.11495 -0.00578117
0.694667 -0.0219652 -0.0351516
0.694669 -0.0464333 -0.0351516
0.625074 -0.114949 0.00890404
0.694669 -0.0513269 -0.0351516
0.729468 -0.0366436 -0.0155713
0.69467 -0.0611142 -0.0351516
0.729468 -0.0415372 -0.0155713
0.69467 -0.0660078 -0.0351516
0.694671 -0.0806887 -0.0351516
0.729474 -0.114942 0.0284843
0.694672 -0.0855823 -0.0351516
0.694672 -0.0953695 -0.0351516
0.694673 -0.100263 -0.0351516
0.694674 -0.11005 -0.0351516
0.615131 -0.11495 -0.0155713
0.699629 0.105269 -0.0351516
0.724502 -0.110048 0.0529597
0.719518 0.0710154 0.0529597
0.699631 0.0856948 -0.0351516
0.625058 0.115051 -0.000886103
0.600216 -0.10027 -0.0351516
0.699632 0.0710139 -0.0351516
0.635007 0.0269667 0.0529597
0.699633 0.0514394 -0.0351516
0.575355 -0.0415483 0.0529597
0.729467 -0.0219627 0.0333794
0.630036 0.0122854 0.0529597
0.699634 0.0465458 -0.0351516
0.729466 -0.0121755 0.0186942
0.699634 0.0367586 -0.0351516
0.729472 -0.095367 -0.0253615
0.699636 0.0171841 -0.0351516
0.664839 -0.026861 -0.0351516
0.699636 0.0122905 -0.0351516
0.709586 -0.0806876 -0.0351516
0.729462 0.0514416 0.0431695
0.729472 -0.095367 0.0529597
0.699636 0.00739685 -0.0351516
0.699637 -0.00239039 -0.0351516
0.674776 0.0563313 0.0529597
0.570383 -0.0415487 -0.0253615
0.729474 -0.114942 0.00400897
0.625069 -0.0415447 0.0529597
0.699638 -0.00728401 -0.0351516
0.699638 -0.0121776 -0.0351516
0.679754 -0.0415408 0.0529597
0.699638 -0.0170712 -0.0351516
0.729462 0.046548 0.00400897
0.620101 -0.0904813 -0.0351516
0.699639 -0.0317521 -0.0351516
0.69964 -0.0366457 -0.0351516
0.620097 -0.0366515 -0.0351516
0.64992 0.0416486 -0.0351516
0.69964 -0.0415393 -0.0351516
0.674779 0.0171823 -0.0351516
0.69964 -0.046433 -0.0351516
0.570385 -0.0562295 0.0235892
0.6698 0.115054 0.0284843
0.699641 -0.0513266 -0.0351516
0.699641 -0.0562202 -0.0351516
0.620087 0.10037 0.0529597
0.625073 -0.0953746 0.0529597
0.570386 -0.075804 -0.0106762
0.67976 -0.114945 -0.000886103
0.625058 0.105264 0.0529597
0.699641 -0.0611138 -0.0351516
0.699642 -0.0660075 -0.0351516
0.699642 -0.0709011 -0.0351516
0.699642 -0.0757947 -0.0351516
0.699643 -0.0855819 -0.0351516
0.699644 -0.100263 -0.0351516
0.699645 -0.105156 -0.0351516
0.719519 0.0514409 -0.0351516
0.699645 -0.11005 -0.0351516
0.699645 -0.114944 -0.0351516
0.70958 -0.00238967 -0.0351516
0.729469 -0.0562181 -0.00578117
0.704601 0.10527 -0.0351516
0.709586 -0.0904748 -0.0351516
0.704602 0.0905888 -0.0351516
0.704602 0.0856951 -0.0351516
0.709588 -0.110049 -0.0351516
0.729464 0.0171862 0.0382745
0.684723 -0.00728509 -0.0351516
0.615116 0.10037 -0.0351516
0.639982 -0.0268628 0.0529597
0.570386 -0.0709104 -0.0155713
0.704603 0.0759079 -0.0351516
0.704603 0.0710143 -0.0351516
0.570385 -0.0660168 -0.000886103
0.729461 0.0612288 0.0480646
0.719531 -0.110049 -0.0351516
0.704604 0.0661207 -0.0351516
0.704604 0.061227 -0.0351516
0.704604 0.0563334 -0.0351516
0.610152 -0.00729047 -0.0351516
0.57038 0.00738752 0.0235892
0.704605 0.0514398 -0.0351516
0.580328 -0.0660161 -0.0351516
0.57038 0.0122811 0.0186942
0.704605 0.0465462 -0.0351516
0.639984 -0.0562245 0.0529597
0.704606 0.0367589 -0.0351516
0.704606 0.0318653 -0.0351516
0.649919 0.0563295 0.0529597
0.709584 -0.0562195 -0.0351516
0.704606 0.0269717 -0.0351516
0.704607 0.0220781 -0.0351516
0.694658 0.110163 -0.0351516
0.704607 0.0122908 -0.0351516
0.704608 0.00739721 -0.0351516
0.72947 -0.0660053 -0.0155713
0.704608 0.00250359 -0.0351516
0.570383 -0.0366551 0.0186942
0.704609 -0.00239003 -0.0351516
0.70461 -0.0170709 -0.0351516
0.704611 -0.0366454 -0.0351516
0.635 0.115052 0.0382745
0.704611 -0.041539 -0.0351516
0.664838 -0.0121801 0.0529597
0.704613 -0.0611135 -0.0351516
0.704613 -0.0660071 -0.0351516
0.600215 -0.0855891 -0.0351516
0.704614 -0.080688 -0.0351516
0.615131 -0.11495 0.0284843
0.644952 -0.0121816 -0.0351516
0.704615 -0.0855816 -0.0351516
0.570375 0.0807918 0.0186942
0.620099 -0.0660132 0.0529597
0.704616 -0.100262 -0.0351516
0.709572 0.115057 -0.0351516
0.679747 0.0612252 -0.0351516
0.709572 0.110164 -0.0351516
0.709572 0.10527 -0.0351516
0.649915 0.105266 -0.0351516
0.654901 -0.0904788 -0.0351516
0.570383 -0.0317614 0.0333794
0.605172 0.11505 0.0186942
0.709574 0.0808019 -0.0351516
0.674787 -0.0904773 0.0529597
0.709575 0.0612274 -0.0351516
0.709576 0.0563338 -0.0351516
0.620088 0.085689 -0.0351516
0.709576 0.0514402 -0.0351516
0.709576 0.0465465 -0.0351516
0.714544 0.10527 -0.0351516
0.694657 0.115056 -0.000886103
0.729458 0.105271 0.00890404
0.709577 0.0416529 -0.0351516
0.709577 0.0367593 -0.0351516
0.570386 -0.075804 0.0284843
0.709578 0.0269721 -0.0351516
0.709579 0.0122912 -0.0351516
0.709579 0.00739757 -0.0351516
0.709581 -0.0170705 -0.0351516
0.709582 -0.0268578 -0.0351516
0.709582 -0.0317514 -0.0351516
0.709582 -0.036645 -0.0351516
0.724486 0.105271 0.0529597
0.664839 -0.0219674 0.0529597
0.664845 -0.114946 -0.0204664
0.709584 -0.0611131 -0.0351516
0.729468 -0.03175 -0.000886103
0.580321 0.0269627 0.0529597
0.709585 -0.0660067 -0.0351516
0.709585 -0.075794 -0.0351516
0.714547 0.0563341 -0.0351516
0.729461 0.0563352 0.0333794
0.709587 -0.100262 -0.0351516
0.709587 -0.105156 -0.0351516
0.729463 0.0269735 0.0431695
0.64992 0.036755 0.0529597
0.714543 0.110164 -0.0351516
0.714544 0.100377 -0.0351516
0.649915 0.110159 0.0529597
0.6549 -0.0855852 0.0529597
0.714545 0.0856959 -0.0351516
0.729466 -0.00238823 -0.0351516
0.714546 0.0759086 -0.0351516
0.714547 0.0612278 -0.0351516
0.620103 -0.114949 0.0431695
0.729462 0.0514416 -0.0106762
0.714548 0.0465469 -0.0351516
0.639974 0.0905841 0.0529597
0.704612 -0.0464326 -0.0351516
0.570384 -0.0464423 -0.000886103
0.714549 0.0367597 -0.0351516
0.644943 0.115053 0.0186942
0.714549 0.031866 -0.0351516
0.71455 0.0220788 -0.0351516
0.729463 0.0269735 0.0137991
0.714551 -0.00238931 -0.0351516
0.570386 -0.0806976 -0.0253615
0.729462 0.046548 -0.00578117
0.714552 -0.00728293 -0.0351516
0.714552 -0.0170702 -0.0351516
0.714553 -0.0219638 -0.0351516
0.570375 0.0807918 0.0284843
0.699631 0.0808012 -0.0351516
0.714553 -0.0268574 -0.0351516
0.714553 -0.031751 -0.0351516
0.570377 0.0416429 0.0284843
0.635017 -0.114948 0.0235892
0.714554 -0.0366447 -0.0351516
0.714554 -0.0415383 -0.0351516
0.649919 0.0563295 -0.0351516
0.729468 -0.0415372 0.0235892
0.570373 0.100366 -0.00578117
0.714555 -0.0562191 -0.0351516
0.570386 -0.075804 -0.000886103
0.714556 -0.0611128 -0.0351516
0.57038 0.0122811 0.00400897
0.714557 -0.0757936 -0.0351516
0.664834 0.0416497 -0.0351516
0.570378 0.0367492 0.0382745
0.635017 -0.114948 -0.00578117
0.714558 -0.0953681 -0.0351516
0.570378 0.0367492 -0.0204664
0.714559 -0.114943 -0.0351516
0.600211 -0.0268657 -0.0351516
0.719515 0.105271 -0.0351516
0.724501 -0.0953674 -0.0351516
0.630035 0.0367535 0.0529597
0.570373 0.10526 0.0382745
0.71455 0.0220788 0.0529597
0.729463 0.0269735 0.0333794
0.719516 0.0905898 -0.0351516
0.7245 -0.0806865 -0.0351516
0.719517 0.0808026 -0.0351516
0.719519 0.0465473 -0.0351516
0.729468 -0.0415372 0.0186942
0.71952 0.0416536 -0.0351516
0.71952 0.03676 -0.0351516
0.64496 -0.114948 0.0137991
0.719521 0.0220791 -0.0351516
0.72947 -0.0660053 -0.00578117
0.57038 0.00738752 -0.0204664
0.719522 0.00739829 -0.0351516
0.719523 -0.00238895 -0.0351516
0.625058 0.115051 -0.0302565
0.719523 -0.00728257 -0.0351516
0.570386 -0.0709104 0.0333794
0.570377 0.0416429 -0.0253615
0.719523 -0.0121762 -0.0351516
0.719525 -0.0317507 -0.0351516
0.719526 -0.0415379 -0.0351516
0.719526 -0.0464315 -0.0351516
0.644959 -0.10516 -0.0351516
0.729471 -0.0806862 0.0333794
0.719526 -0.0513252 -0.0351516
0.570374 0.0954727 -0.0204664
0.719527 -0.0562188 -0.0351516
0.58529 0.066112 -0.0351516
0.719528 -0.0757933 -0.0351516
0.719529 -0.0855805 -0.0351516
0.729465 0.00739901 0.0235892
0.714558 -0.0953681 0.0529597
0.639979 0.0220734 0.0529597
0.719529 -0.0904741 -0.0351516
0.570376 0.066111 0.0333794
0.729468 -0.03175 0.0137991
0.605189 -0.11495 0.00400897
0.570382 -0.0268678 -0.0204664
0.714558 -0.100262 -0.0351516
0.729465 0.00250539 0.0235892
0.71953 -0.0953677 -0.0351516
0.729466 -0.00728185 0.0186942
0.724486 0.115058 -0.0351516
0.7046 0.115057 0.0480646
0.724486 0.110165 -0.0351516
0.605181 -0.00729083 -0.0351516
0.724486 0.105271 -0.0351516
0.694674 -0.114944 -0.0253615
0.724487 0.100377 -0.0351516
0.729471 -0.0806862 -0.000886103
0.724487 0.0905902 -0.0351516
0.620086 0.115051 0.0186942
0.729462 0.0416543 -0.0106762
0.724488 0.080803 -0.0351516
0.724489 0.0661221 -0.0351516
0.72449 0.0563348 -0.0351516
0.570383 -0.0366551 0.0529597
0.72449 0.0514412 -0.0351516
0.704604 0.0661207 0.0529597
0.724491 0.0465476 -0.0351516
0.724491 0.041654 -0.0351516
0.704612 -0.0562199 -0.0351516
0.570387 -0.0904849 0.0137991
0.600201 0.115049 0.0382745
0.729463 0.0367607 0.00890404
0.724491 0.0367604 -0.0351516
0.699639 -0.0219649 0.0529597
0.570389 -0.114953 0.0235892
0.724492 0.0318667 -0.0351516
0.724492 0.0220795 -0.0351516
0.659871 -0.0709039 0.0529597
0.729457 0.115059 0.0235892
0.724493 0.0171859 -0.0351516
0.724493 0.0122923 -0.0351516
0.709572 0.115057 -0.0106762
0.724494 0.00739865 -0.0351516
0.639972 0.115052 -0.0106762
0.70461 -0.0219645 -0.0351516
0.709574 0.0856955 0.0529597
0.729458 0.100378 -0.000886103
0.59524 -0.0415469 0.0529597
0.724494 0.00250503 -0.0351516
0.61016 -0.11495 -0.0106762
0.595232 0.0807936 -0.0351516
0.72946 0.0710161 -0.000886103
0.724494 -0.00238859 -0.0351516
0.664845 -0.114946 -0.0253615
0.714559 -0.114943 -0.0302565
0.620098 -0.0513323 -0.0351516
0.724495 -0.00728221 -0.0351516
0.630035 0.0318599 0.0529597
0.724495 -0.0121758 -0.0351516
0.709579 0.0171848 -0.0351516
0.724496 -0.0317503 -0.0351516
0.724498 -0.0562184 -0.0351516
0.610159 -0.0953756 0.0529597
0.605173 0.100369 0.0529597
0.72947 -0.0611117 -0.0351516
0.570379 0.0220684 -0.0155713
0.724498 -0.061112 -0.0351516
0.689693 0.0171834 0.0529597
0.724499 -0.0708993 -0.0351516
0.714543 0.115058 -0.0155713
0.674773 0.0905866 -0.0351516
0.729457 0.115059 -0.0351516
0.570373 0.110154 -0.0204664
0.639972 0.115052 0.0480646
0.729458 0.105271 -0.0351516
0.729459 0.0954842 -0.0351516
0.729467 -0.0268563 0.0186942
0.570378 0.026962 -0.0204664
0.620092 0.0318592 -0.0351516
0.729459 0.0856969 -0.0351516
0.729461 0.0661224 -0.0351516
0.729461 0.0612288 -0.0351516
0.729462 0.0514416 -0.0351516
0.704603 0.0710143 0.0529597
0.694674 -0.114944 0.00890404
0.729462 0.0416543 -0.0351516
0.729465 0.0122926 -0.0351516
0.729465 0.00250539 -0.0351516
0.570376 0.066111 -0.000886103
0.729466 -0.00728185 -0.0351516
0.699629 0.115056 -0.0351516
0.570376 0.0612173 0.0333794
0.729466 -0.0121755 -0.0351516
0.570383 -0.0415487 0.0284843
0.729467 -0.0170691 -0.0351516
0.729467 -0.0219627 -0.0351516
0.595243 -0.0806959 0.0529597
0.729468 -0.03175 -0.0351516
0.729468 -0.0415372 -0.0351516
0.729469 -0.0513244 -0.0351516
0.729471 -0.0708989 -0.0351516
0.570382 -0.0219742 -0.000886103
0.729471 -0.0757925 -0.0351516
0.729472 -0.0904734 -0.0351516
0.729473 -0.100261 -0.0351516
0.689697 -0.0366464 -0.0351516
0.570384 -0.0464423 0.00890404
0.729473 -0.105154 -0.0351516
0.669812 -0.0415415 -0.0351516
0.729474 -0.114942 -0.0351516
0.570383 -0.0415487 0.0186942
0.570373 0.100366 0.0480646
0.570374 0.0954727 0.0480646
0.595246 -0.114951 0.0284843
0.570374 0.0905791 0.0480646
0.6698 0.115054 0.0235892
0.570374 0.0856854 0.0480646
0.570375 0.0758982 0.0186942
0.704617 -0.114943 -0.0155713
0.600214 -0.0660146 0.0529597
0.570375 0.0807918 0.0480646
0.699629 0.115056 0.00400897
0.600214 -0.0758019 0.0529597
0.570375 0.0710046 0.0480646
0.580327 -0.0464416 -0.0351516
0.570377 0.0514301 0.0480646
0.570378 0.0367492 0.0480646
0.570378 0.026962 0.0480646
0.570379 0.0220684 0.0480646
0.570379 0.0171748 0.0480646
0.664845 -0.114946 0.0137991
0.57038 0.00738752 0.0480646
0.729467 -0.0219627 0.0480646
0.57038 0.0024939 0.0480646
0.570381 -0.00239972 0.0480646
0.674772 0.110161 0.0529597
0.679758 -0.0855834 0.0529597
0.570381 -0.012187 0.0480646
0.61016 -0.11495 0.0431695
0.570382 -0.0170806 0.0480646
0.694667 -0.0170716 0.0529597
0.570382 -0.0219742 0.0480646
0.570382 -0.0268678 0.0480646
0.570383 -0.0415487 0.0480646
0.570385 -0.0562295 0.0480646
0.570386 -0.0709104 0.0480646
0.65489 0.0563298 -0.0351516
0.570386 -0.075804 0.0480646
0.570386 -0.0806976 0.0480646
0.654894 0.0025 -0.0351516
0.67976 -0.114945 0.0235892
0.570387 -0.0855913 0.0480646
0.694674 -0.114944 0.0480646
0.699637 0.00250323 0.0529597
0.570387 -0.0904849 0.0480646
0.570388 -0.105166 0.0480646
0.570389 -0.114953 0.0480646
0.570372 0.115047 0.0431695
0.635015 -0.0904802 -0.0351516
0.570373 0.110154 0.0431695
0.570373 0.10526 0.0431695
0.585296 -0.0219731 -0.0351516
0.570374 0.0905791 0.0431695
0.71455 0.0171852 -0.0351516
0.570375 0.0758982 0.0431695
0.699629 0.115056 -0.0155713
0.71455 0.0122915 -0.0351516
0.570375 0.0710046 0.0431695
0.570377 0.0514301 0.0431695
0.585303 -0.114952 -0.00578117
0.654896 -0.0219681 0.0529597
0.570377 0.0416429 0.0431695
0.575355 -0.0366547 -0.0351516
0.635017 -0.114948 0.0333794
0.694666 -0.00728437 0.0529597
0.605189 -0.11495 0.0333794
0.729468 -0.03175 0.0431695
0.570378 0.0318556 0.0431695
0.729467 -0.0268563 -0.0155713
0.570378 0.026962 0.0431695
0.635013 -0.0611185 0.0529597
0.600211 -0.0317593 -0.0351516
0.57038 0.0122811 0.0431695
0.57038 0.00738752 0.0431695
0.570381 -0.00239972 0.0431695
0.570381 -0.00729334 0.0431695
0.570382 -0.0268678 0.0431695
0.570383 -0.0366551 0.0431695
0.605174 0.085688 -0.0351516
0.570383 -0.0415487 0.0431695
0.570384 -0.0464423 0.0431695
0.570385 -0.0562295 0.0431695
0.570385 -0.0660168 0.0431695
0.570386 -0.0709104 0.0431695
0.570386 -0.075804 0.0431695
0.570386 -0.0806976 0.0431695
0.644958 -0.0953731 0.0529597
0.570387 -0.0953785 0.0431695
0.600205 0.0514323 0.0529597
0.570373 0.110154 -0.0302565
0.570388 -0.100272 0.0431695
0.570388 -0.105166 0.0431695
0.600205 0.0563259 -0.0351516
0.570372 0.115047 0.0382745
0.704614 -0.0757943 0.0529597
0.719523 -0.00238895 0.0529597
0.570373 0.100366 0.0382745
0.630039 -0.0219699 0.0529597
0.570374 0.0905791 0.0382745
0.570389 -0.114953 -0.0302565
0.6698 0.115054 -0.0106762
0.570374 0.0856854 0.0382745
0.704616 -0.100262 0.0529597
0.570375 0.0758982 0.0382745
0.669803 0.0759054 -0.0351516
0.570376 0.066111 0.0382745
0.570376 0.0612173 0.0382745
0.570376 0.0563237 0.0382745
0.570377 0.0514301 0.0382745
0.714559 -0.114943 -0.0106762
0.729467 -0.0170691 0.0235892
0.729467 -0.0268563 -0.0204664
0.570378 0.026962 0.0382745
0.570379 0.0220684 0.0382745
0.570379 0.0171748 0.0382745
0.57038 0.00738752 0.0382745
0.729471 -0.0708989 0.0333794
0.57038 0.0024939 0.0382745
0.570381 -0.00239972 0.0382745
0.570381 -0.00729334 0.0382745
0.63003 0.100371 -0.0351516
0.570381 -0.012187 0.0382745
0.570382 -0.0170806 0.0382745
0.570382 -0.0219742 0.0382745
0.570382 -0.0268678 0.0382745
0.570383 -0.0317614 0.0382745
0.729472 -0.095367 0.00890404
0.639983 -0.0415437 0.0529597
0.570383 -0.0415487 0.0382745
0.600217 -0.114951 -0.0302565
0.639983 -0.0464373 0.0529597
0.570384 -0.0464423 0.0382745
0.575356 -0.0611228 -0.0351516
0.570384 -0.0513359 0.0382745
0.590258 0.115049 -0.00578117
0.630032 0.0710089 0.0529597
0.570385 -0.0562295 0.0382745
0.674778 0.0318632 -0.0351516
0.570385 -0.0660168 0.0382745
0.570386 -0.0709104 0.0382745
0.570386 -0.0806976 0.0382745
0.67976 -0.114945 0.0382745
0.570388 -0.110059 0.0382745
0.644955 -0.0464369 0.0529597
0.689702 -0.114944 -0.0302565
0.570389 -0.114953 0.0382745
0.570373 0.110154 0.0333794
0.570373 0.10526 0.0333794
0.570374 0.0954727 0.0333794
0.595246 -0.114951 -0.0106762
0.69963 0.100376 -0.0351516
0.570374 0.0856854 0.0333794
0.570375 0.0807918 0.0333794
0.570377 0.0514301 0.0333794
0.570377 0.0416429 0.0333794
0.570378 0.0367492 0.0333794
0.570378 0.026962 0.0333794
0.659872 -0.0855848 -0.0351516
0.570379 0.0171748 0.0333794
0.57038 0.0122811 0.0333794
0.654903 -0.114947 -0.0204664
0.664834 0.0465433 -0.0351516
0.57038 0.00738752 0.0333794
0.57038 0.0024939 0.0333794
0.570382 -0.0219742 0.0333794
0.570382 -0.0268678 0.0333794
0.694665 0.0122901 0.0529597
0.570383 -0.0366551 0.0333794
0.570383 -0.0415487 0.0333794
0.600217 -0.114951 0.0284843
0.595245 -0.105164 -0.0351516
0.570384 -0.0464423 0.0333794
0.570384 -0.0513359 0.0333794
0.570385 -0.0611232 0.0333794
0.575352 -0.00729298 0.0529597
0.570385 -0.0660168 0.0333794
0.570386 -0.075804 0.0333794
0.570387 -0.0855913 0.0333794
0.679754 -0.0317535 -0.0351516
0.570387 -0.0904849 0.0333794
0.570387 -0.0953785 0.0333794
0.570388 -0.105166 0.0333794
0.605179 0.0220709 -0.0351516
0.570388 -0.110059 0.0333794
0.729471 -0.0806862 -0.0351516
0.570389 -0.114953 0.0333794
0.600205 0.0514323 -0.0351516
0.570373 0.110154 0.0284843
0.570373 0.10526 0.0284843
0.729463 0.0269735 0.0235892
0.600208 0.00738967 -0.0351516
0.570373 0.100366 0.0284843
0.630045 -0.110055 -0.0351516
0.570374 0.0856854 0.0284843
0.570375 0.0710046 0.0284843
0.570376 0.066111 0.0284843
0.699645 -0.114944 -0.0106762
0.570377 0.0514301 0.0284843
0.585303 -0.114952 -0.0155713
0.570377 0.0465365 0.0284843
0.580327 -0.0513352 -0.0351516
0.570378 0.0318556 0.0284843
0.605189 -0.11495 -0.0302565
0.729469 -0.0464308 0.0480646
0.729467 -0.0268563 -0.0302565
0.570378 0.026962 0.0284843
0.570379 0.0220684 0.0284843
0.57038 0.0122811 0.0284843
0.654903 -0.114947 -0.0155713
0.57038 0.0024939 0.0284843
0.659871 -0.0660103 -0.0351516
0.570381 -0.00239972 0.0284843
0.639978 0.026967 -0.0351516
0.570381 -0.012187 0.0284843
0.58033 -0.100271 -0.0351516
0.575346 0.0856858 -0.0351516
0.570382 -0.0170806 0.0284843
0.729471 -0.0757925 -0.00578117
0.570382 -0.0219742 0.0284843
0.674775 0.0759057 0.0529597
0.570383 -0.0317614 0.0284843
0.570384 -0.0464423 0.0284843
0.674774 0.0807994 -0.0351516
0.67976 -0.114945 -0.0351516
0.570385 -0.0611232 0.0284843
0.570385 -0.0660168 0.0284843
0.570386 -0.0709104 0.0284843
0.570386 -0.0806976 0.0284843
0.67976 -0.114945 0.0284843
0.570387 -0.0855913 0.0284843
0.570387 -0.0904849 0.0284843
0.570387 -0.0953785 0.0284843
0.570388 -0.100272 0.0284843
0.729471 -0.0806862 -0.0302565
0.570389 -0.114953 0.0284843
0.570372 0.115047 0.0235892
0.570373 0.10526 0.0235892
0.674785 -0.0709029 -0.0351516
0.729463 0.0269735 -0.000886103
0.654893 0.0220745 -0.0351516
0.570374 0.0905791 0.0235892
0.699629 0.115056 -0.0204664
0.570375 0.0710046 0.0235892
0.570376 0.0612173 0.0235892
0.729466 -0.00728185 0.0333794
0.570376 0.0563237 0.0235892
0.570377 0.0514301 0.0235892
0.570377 0.0465365 0.0235892
0.580321 0.0269627 -0.0351516
0.729468 -0.0366436 0.0284843
0.570378 0.026962 0.0235892
0.57038 0.0122811 0.0235892
0.570381 -0.00239972 0.0235892
0.570381 -0.00729334 0.0235892
0.570381 -0.012187 0.0235892
0.649916 0.0954784 -0.0351516
0.654901 -0.0953724 -0.0351516
0.575348 0.0563241 -0.0351516
0.570382 -0.0219742 0.0235892
0.570385 -0.0660168 0.0235892
0.570386 -0.075804 0.0235892
0.570387 -0.0953785 0.0235892
0.570388 -0.110059 0.0235892
0.570373 0.110154 0.0186942
0.610148 0.0465394 0.0529597
0.570373 0.10526 0.0186942
0.570373 0.100366 0.0186942
0.570374 0.0954727 0.0186942
0.719531 -0.114942 -0.0351516
0.595246 -0.114951 -0.000886103
0.570378 0.026962 -0.0253615
0.729467 -0.0268563 0.0137991
0.630045 -0.110055 0.0529597
0.570374 0.0856854 0.0186942
0.664833 0.0612242 0.0529597
0.570375 0.0710046 0.0186942
0.570376 0.066111 0.0186942
0.570376 0.0612173 0.0186942
0.729466 -0.00728185 0.0284843
0.570376 0.0563237 0.0186942
0.570377 0.0416429 0.0186942
0.635017 -0.114948 0.00890404
0.570378 0.0367492 0.0186942
0.64496 -0.114948 -0.0253615
0.570378 0.026962 0.0186942
0.570379 0.0171748 0.0186942
0.57038 0.00738752 0.0186942
0.729467 -0.0219627 0.0431695
0.570381 -0.012187 0.0186942
0.729471 -0.0757925 -0.0155713
0.570382 -0.0219742 0.0186942
0.729465 0.00250539 0.00400897
0.570382 -0.0268678 0.0186942
0.570384 -0.0464423 0.0186942
0.570384 -0.0513359 0.0186942
0.570385 -0.0660168 0.0186942
0.620103 -0.114949 0.0284843
0.674777 0.046544 0.0529597
0.570386 -0.075804 0.0186942
0.570387 -0.0855913 0.0186942
0.714551 0.00250431 -0.0351516
0.600217 -0.114951 -0.0155713
0.570387 -0.0904849 0.0186942
0.570388 -0.105166 0.0186942
0.724502 -0.114942 -0.000886103
0.694662 0.0465455 -0.0351516
0.729464 0.0220799 0.00890404
0.570388 -0.110059 0.0186942
0.590274 -0.114952 0.00400897
0.570372 0.115047 0.0137991
0.570373 0.10526 0.0137991
0.729463 0.0269735 0.00890404
0.615125 -0.0268646 0.0529597
0.570374 0.0954727 0.0137991
0.620096 -0.0268642 -0.0351516
0.570374 0.0905791 0.0137991
0.570374 0.0856854 0.0137991
0.570375 0.0807918 0.0137991
0.570375 0.0710046 0.0137991
0.61015 0.0171776 0.0529597
0.570376 0.066111 0.0137991
0.699645 -0.114944 -0.0253615
0.615124 -0.0121837 0.0529597
0.570376 0.0563237 0.0137991
0.669806 0.0367564 0.0529597
0.570377 0.0465365 0.0137991
0.570378 0.026962 0.0137991
0.625062 0.0563277 -0.0351516
0.57038 0.0122811 0.0137991
0.57038 0.00738752 0.0137991
0.729467 -0.0219627 0.0382745
0.729471 -0.0708989 0.00890404
0.570381 -0.00239972 0.0137991
0.570381 -0.012187 0.0137991
0.729471 -0.0757925 -0.0204664
0.570382 -0.0219742 0.0137991
0.704609 -0.00728365 -0.0351516
0.570383 -0.0415487 0.0137991
0.570384 -0.0464423 0.0137991
0.729471 -0.0757925 0.00400897
0.570385 -0.0562295 0.0137991
0.704611 -0.0317518 -0.0351516
0.570385 -0.0660168 0.0137991
0.620103 -0.114949 0.0333794
0.70461 -0.0268581 -0.0351516
0.570386 -0.075804 0.0137991
0.570388 -0.110059 0.0137991
0.570389 -0.114953 0.0137991
0.570372 0.115047 0.00890404
0.570387 -0.0904849 -0.000886103
0.635015 -0.0904802 0.0529597
0.570373 0.110154 0.00890404
0.570374 0.0954727 0.00890404
0.595246 -0.114951 0.0137991
0.570374 0.0905791 0.00890404
0.570374 0.0856854 0.00890404
0.570375 0.0807918 0.00890404
0.570375 0.0758982 0.00890404
0.610151 0.012284 0.0529597
0.570375 0.0710046 0.00890404
0.570376 0.066111 0.00890404
0.590265 0.0171762 0.0529597
0.699645 -0.114944 -0.0302565
0.570377 0.0514301 0.00890404
0.570377 0.0416429 0.00890404
0.664832 0.0710114 -0.0351516
0.570378 0.0318556 0.00890404
0.590258 0.115049 0.0333794
0.605189 -0.11495 -0.0106762
0.570378 0.026962 0.00890404
0.570379 0.0220684 0.00890404
0.570379 0.0171748 0.00890404
0.570384 -0.0513359 0.0431695
0.714559 -0.114943 0.0480646
0.664845 -0.114946 0.00400897
0.57038 0.0122811 0.00890404
0.57038 0.00738752 0.00890404
0.57038 0.0024939 0.00890404
0.570381 -0.00729334 0.00890404
0.580332 -0.114952 0.0186942
0.570381 -0.012187 0.00890404
0.570382 -0.0268678 0.00890404
0.570383 -0.0317614 0.00890404
0.595246 -0.114951 -0.0155713
0.649926 -0.0366493 0.0529597
0.570383 -0.0415487 0.00890404
0.694667 -0.0170716 -0.0351516
0.570385 -0.0562295 0.00890404
0.67976 -0.114945 -0.00578117
0.570385 -0.0611232 0.00890404
0.570385 -0.0660168 0.00890404
0.620103 -0.114949 0.0480646
0.729461 0.0612288 0.0382745
0.570386 -0.0709104 0.00890404
0.570386 -0.075804 0.00890404
0.570386 -0.0806976 0.00890404
0.570387 -0.0855913 0.00890404
0.724486 0.115058 -0.000886103
0.669808 0.0122883 -0.0351516
0.664842 -0.06601 -0.0351516
0.570388 -0.105166 0.00890404
0.729464 0.0220799 -0.00578117
0.570388 -0.110059 0.00890404
0.590274 -0.114952 0.0480646
0.570372 0.115047 0.00400897
0.570387 -0.0904849 0.00400897
0.570373 0.110154 0.00400897
0.630035 0.0367535 -0.0351516
0.570373 0.10526 0.00400897
0.600213 -0.0513338 -0.0351516
0.570374 0.0954727 0.00400897
0.6698 0.115054 0.0333794
0.620096 -0.0219706 -0.0351516
0.58529 0.0710057 -0.0351516
0.570374 0.0856854 0.00400897
0.570375 0.0807918 0.00400897
0.570375 0.0758982 0.00400897
0.654887 0.105266 0.0529597
0.570375 0.0710046 0.00400897
0.580327 -0.0513352 0.0529597
0.570376 0.066111 0.00400897
0.699645 -0.114944 0.0137991
0.570376 0.0612173 0.00400897
0.625058 0.115051 -0.0253615
0.644955 -0.0464369 -0.0351516
0.570377 0.0465365 0.00400897
0.714552 -0.0121766 0.0529597
0.570378 0.0367492 0.00400897
0.570378 0.0318556 0.00400897
0.605189 -0.11495 -0.00578117
0.674772 0.115055 0.0480646
0.669808 0.0073947 -0.0351516
0.664836 0.012288 0.0529597
0.729469 -0.0464308 0.0235892
0.570379 0.0220684 0.00400897
0.570379 0.0171748 0.00400897
0.570384 -0.0513359 0.0480646
0.714559 -0.114943 0.0431695
0.709588 -0.110049 0.0529597
0.704602 0.0856951 0.0529597
0.664845 -0.114946 -0.000886103
0.630031 0.0905834 -0.0351516
0.570382 -0.0170806 0.00400897
0.570382 -0.0268678 0.00400897
0.570383 -0.0317614 0.00400897
0.729467 -0.0170691 -0.0106762
0.570383 -0.0415487 0.00400897
0.729474 -0.114942 -0.0155713
0.570384 -0.0464423 0.00400897
0.570385 -0.0660168 0.00400897
0.585301 -0.0904838 -0.0351516
0.644949 0.0367546 0.0529597
0.729461 0.0612288 0.0431695
0.570386 -0.0709104 0.00400897
0.570386 -0.075804 0.00400897
0.570386 -0.0806976 0.00400897
0.729462 0.046548 0.0137991
0.570388 -0.105166 0.00400897
0.570388 -0.110059 0.00400897
0.590274 -0.114952 0.0431695
0.570389 -0.114953 0.00400897
0.570373 0.10526 -0.000886103
0.570373 0.100366 -0.000886103
0.570374 0.0954727 -0.000886103
0.595246 -0.114951 0.0235892
0.570375 0.0710046 -0.000886103
0.570376 0.0612173 -0.000886103
0.570376 0.0563237 -0.000886103
0.625058 0.115051 -0.0204664
0.570377 0.0465365 -0.000886103
0.570377 0.0416429 -0.000886103
0.719531 -0.114942 0.0382745
0.635017 -0.114948 0.0186942
0.570378 0.0318556 -0.000886103
0.674772 0.115055 0.0431695
0.729469 -0.0464308 0.0186942
0.570379 0.0220684 -0.000886103
0.570379 0.0171748 -0.000886103
0.644954 -0.0317561 -0.0351516
0.57038 0.00738752 -0.000886103
0.570381 -0.00729334 -0.000886103
0.639973 0.0954777 0.0529597
0.570383 -0.0415487 -0.000886103
0.729474 -0.114942 -0.0204664
0.689699 -0.0611145 -0.0351516
0.570386 -0.0709104 -0.000886103
0.570386 -0.0806976 -0.000886103
0.570388 -0.100272 -0.000886103
0.654886 0.115053 0.00890404
0.570388 -0.105166 -0.000886103
0.570388 -0.110059 -0.000886103
0.590274 -0.114952 0.0382745
0.570372 0.115047 -0.00578117
0.729463 0.0367607 -0.000886103
0.570373 0.110154 -0.00578117
0.570374 0.0905791 -0.00578117
0.6698 0.115054 0.0431695
0.570374 0.0856854 -0.00578117
0.570375 0.0807918 -0.00578117
0.570375 0.0710046 -0.00578117
0.570376 0.066111 -0.00578117
0.684727 -0.0611149 -0.0351516
0.699645 -0.114944 -0.0204664
0.570376 0.0612173 -0.00578117
0.570376 0.0563237 -0.00578117
0.570377 0.0465365 -0.00578117
0.729468 -0.0366436 -0.000886103
0.570378 0.0367492 -0.00578117
0.64496 -0.114948 -0.000886103
0.570378 0.0318556 -0.00578117
0.570379 0.0220684 -0.00578117
0.595237 0.00738931 -0.0351516
0.72947 -0.0611117 -0.000886103
0.57038 0.00738752 -0.00578117
0.57038 0.0024939 -0.00578117
0.570381 -0.00239972 -0.00578117
0.659874 -0.110053 0.0529597
0.679757 -0.0806898 -0.0351516
0.570381 -0.00729334 -0.00578117
0.570382 -0.0170806 -0.00578117
0.714557 -0.0806872 -0.0351516
0.570385 -0.0562295 -0.0302565
0.570382 -0.0219742 -0.00578117
0.729465 0.00250539 0.0284843
0.570382 -0.0268678 -0.00578117
0.654894 0.0025 0.0529597
0.570383 -0.0317614 -0.00578117
0.664837 0.00250072 -0.0351516
0.729472 -0.095367 0.00400897
0.580332 -0.114952 -0.0351516
0.575345 0.100367 -0.0351516
0.570383 -0.0366551 -0.00578117
0.570384 -0.0464423 -0.00578117
0.729473 -0.100261 -0.000886103
0.570386 -0.075804 -0.00578117
0.644952 -0.00728796 -0.0351516
0.570385 -0.0611232 0.0137991
0.67976 -0.114945 -0.0204664
0.570386 -0.0806976 -0.00578117
0.570387 -0.0904849 -0.00578117
0.570388 -0.100272 -0.00578117
0.620091 0.0514337 0.0529597
0.570389 -0.114953 -0.00578117
0.570373 0.10526 -0.0106762
0.654888 0.0856915 0.0529597
0.664833 0.0563305 0.0529597
0.570373 0.100366 -0.0106762
0.694666 -0.00239075 0.0529597
0.659874 -0.114947 0.0480646
0.570374 0.0954727 -0.0106762
0.570374 0.0905791 -0.0106762
0.6698 0.115054 0.0382745
0.644951 0.0073929 0.0529597
0.570374 0.0856854 -0.0106762
0.669806 0.04165 -0.0351516
0.704617 -0.114943 -0.000886103
0.570375 0.0807918 -0.0106762
0.570375 0.0758982 -0.0106762
0.570375 0.0710046 -0.0106762
0.570377 0.0514301 -0.0106762
0.585303 -0.114952 -0.0106762
0.625058 0.115051 -0.0106762
0.570377 0.0465365 -0.0106762
0.729465 0.0122926 0.0480646
0.570377 0.0416429 -0.0106762
0.659874 -0.114947 0.0333794
0.649931 -0.114947 0.0480646
0.570384 -0.0513359 -0.0253615
0.719531 -0.114942 0.0284843
0.570387 -0.0953785 0.00890404
0.635017 -0.114948 0.00400897
0.570378 0.0367492 -0.0106762
0.729467 -0.0268563 0.0284843
0.570378 0.026962 -0.0106762
0.570379 0.0220684 -0.0106762
0.610154 -0.0317586 0.0529597
0.570379 0.0171748 -0.0106762
0.724502 -0.114942 0.00400897
0.714559 -0.105155 -0.0351516
0.57038 0.0122811 -0.0106762
0.704605 0.0465462 0.0529597
0.57038 0.00738752 -0.0106762
0.570381 -0.00239972 -0.0106762
0.570381 -0.00729334 -0.0106762
0.580332 -0.114952 -0.000886103
0.570381 -0.012187 -0.0106762
0.570385 -0.0562295 -0.0351516
0.570382 -0.0219742 -0.0106762
0.570382 -0.0268678 -0.0106762
0.570383 -0.0317614 -0.0106762
0.729467 -0.0170691 -0.0204664
0.570383 -0.0415487 -0.0106762
0.570384 -0.0464423 -0.0106762
0.570385 -0.0611232 -0.0106762
0.605182 -0.0170781 -0.0351516
0.729472 -0.0855798 0.00890404
0.570385 -0.0660168 -0.0106762
0.570387 -0.0855913 -0.0106762
0.570387 -0.0904849 -0.0106762
0.570387 -0.0953785 -0.0106762
0.570388 -0.100272 -0.0106762
0.625059 0.0954766 0.0529597
0.570372 0.115047 -0.0155713
0.610147 0.0661138 0.0529597
0.570373 0.110154 -0.0155713
0.659868 -0.031755 -0.0351516
0.570373 0.10526 -0.0155713
0.570374 0.0954727 -0.0155713
0.595246 -0.114951 0.0382745
0.570374 0.0856854 -0.0155713
0.570375 0.0807918 -0.0155713
0.570375 0.0710046 -0.0155713
0.625062 0.0612213 0.0529597
0.570376 0.066111 -0.0155713
0.699645 -0.114944 -0.00578117
0.625061 0.0661149 0.0529597
0.570376 0.0612173 -0.0155713
0.630033 0.0612216 -0.0351516
0.729471 -0.0757925 0.0235892
0.570385 -0.0562295 0.00400897
0.605189 -0.11495 0.0480646
0.719524 -0.0219634 -0.0351516
0.570377 0.0514301 -0.0155713
0.570377 0.0465365 -0.0155713
0.610157 -0.0709075 0.0529597
0.729468 -0.0366436 0.0137991
0.570377 0.0416429 -0.0155713
0.600217 -0.114951 0.0186942
0.570378 0.0318556 -0.0155713
0.57038 0.0024939 -0.0155713
0.570381 -0.00239972 -0.0155713
0.570382 -0.0170806 -0.0155713
0.570382 -0.0268678 -0.0155713
0.595244 -0.0953767 0.0529597
0.590259 0.100368 0.0529597
0.570383 -0.0317614 -0.0155713
0.575357 -0.07091 -0.0351516
0.570385 -0.0660168 -0.0155713
0.605176 0.0661135 -0.0351516
0.570386 -0.0806976 -0.0155713
0.570388 -0.105166 -0.0155713
0.729464 0.0220799 0.0186942
0.570373 0.10526 -0.0204664
0.570373 0.100366 -0.0204664
0.6698 0.115054 0.00890404
0.570374 0.0856854 -0.0204664
0.570375 0.0807918 -0.0204664
0.570375 0.0758982 -0.0204664
0.620102 -0.110056 -0.0351516
0.570375 0.0710046 -0.0204664
0.570377 0.0465365 -0.0204664
0.570377 0.0416429 -0.0204664
0.600217 -0.114951 0.0235892
0.570378 0.0318556 -0.0204664
0.570379 0.0171748 -0.0204664
0.724502 -0.114942 -0.00578117
0.57038 0.0122811 -0.0204664
0.654903 -0.114947 0.0333794
0.570381 -0.00729334 -0.0204664
0.570381 -0.012187 -0.0204664
0.674788 -0.114945 0.0235892
0.570383 -0.0366551 -0.0204664
0.630046 -0.114949 0.00890404
0.729474 -0.114942 0.00890404
0.66981 -0.0268606 0.0529597
0.729473 -0.105154 0.00400897
0.570382 -0.0219742 -0.0155713
0.570385 -0.0562295 -0.0204664
0.570386 -0.0709104 -0.0204664
0.575357 -0.0660164 -0.0351516
0.570386 -0.075804 -0.0204664
0.570387 -0.0904849 -0.0204664
0.570388 -0.100272 -0.0204664
0.570388 -0.105166 -0.0204664
0.570372 0.115047 -0.0253615
0.570373 0.110154 -0.0253615
0.704615 -0.0904752 -0.0351516
0.570373 0.100366 -0.0253615
0.6698 0.115054 0.0529597
0.570374 0.0856854 -0.0253615
0.600216 -0.105164 -0.0351516
0.570375 0.0758982 -0.000886103
0.704617 -0.114943 0.0137991
0.570375 0.0710046 -0.0253615
0.570376 0.0563237 -0.0253615
0.570377 0.0465365 -0.0253615
0.570378 0.0367492 -0.0253615
0.570378 0.0318556 -0.0253615
0.674772 0.115055 0.0186942
0.729469 -0.0464308 -0.00578117
0.570379 0.0220684 -0.0253615
0.570379 0.0171748 -0.0253615
0.57038 0.0024939 -0.0253615
0.649928 -0.066011 0.0529597
0.570381 -0.00239972 -0.0253615
0.570382 -0.0170806 -0.0253615
0.570382 -0.0268678 -0.0253615
0.570383 -0.0317614 -0.0253615
0.570384 -0.0464423 -0.0253615
0.689696 -0.0317528 0.0529597
0.570386 -0.075804 -0.0253615
0.620103 -0.114949 -0.0155713
0.649927 -0.0562238 -0.0351516
0.570387 -0.0855913 -0.0253615
0.729473 -0.110048 -0.00578117
0.570388 -0.100272 -0.0253615
0.654886 0.115053 0.0333794
0.684724 -0.0170723 0.0529597
0.570388 -0.105166 -0.0253615
0.570388 -0.110059 -0.0253615
0.7046 0.115057 -0.0351516
0.570389 -0.114953 -0.0253615
0.570372 0.115047 -0.0302565
0.570374 0.0905791 -0.0302565
0.664829 0.115054 0.0186942
0.585286 0.115048 0.0480646
0.570375 0.0807918 -0.0302565
0.570376 0.066111 -0.0302565
0.699645 -0.114944 0.00400897
0.570376 0.0563237 -0.0302565
0.570377 0.0514301 -0.0302565
0.585303 -0.114952 0.0186942
0.570377 0.0465365 -0.0302565
0.704605 0.0514398 0.0529597
0.570377 0.0416429 -0.0302565
0.600217 -0.114951 0.00890404
0.71952 0.0318664 -0.0351516
0.570378 0.0318556 -0.0302565
0.689701 -0.100264 0.0529597
0.724502 -0.114942 -0.0155713
0.57038 0.0122811 -0.0302565
0.654903 -0.114947 -0.0302565
0.68969 0.0563323 0.0529597
0.57038 0.00738752 -0.0302565
0.570381 -0.00729334 -0.0302565
0.570382 -0.0170806 -0.0302565
0.674788 -0.114945 0.0333794
0.714558 -0.0904745 -0.0351516
0.570383 -0.0317614 -0.0302565
0.570383 -0.0366551 -0.0302565
0.724489 0.0759093 -0.0351516
0.729474 -0.114942 0.0137991
0.570384 -0.0464423 -0.0302565
0.570385 -0.0611232 -0.0302565
0.570386 -0.0806976 -0.0302565
0.729462 0.046548 -0.000886103
0.724498 -0.061112 0.0529597
0.570388 -0.100272 -0.0302565
0.654886 0.115053 0.0480646
0.570388 -0.105166 -0.0302565
0.57536 -0.114953 0.0480646
0.709582 -0.0317514 0.0529597
0.625074 -0.114949 0.0480646
0.639988 -0.114948 0.0480646
0.674788 -0.114945 0.0480646
0.659873 -0.100266 -0.0351516
0.600201 0.110156 -0.0351516
0.684731 -0.114945 0.0480646
0.689702 -0.114944 0.0480646
0.699645 -0.114944 0.0480646
0.585299 -0.0660157 0.0529597
0.729474 -0.114942 0.0480646
0.57536 -0.114953 0.0431695
0.595246 -0.114951 0.0431695
0.610153 -0.0219713 0.0529597
0.600217 -0.114951 0.0431695
0.595234 0.0416447 0.0529597
0.625074 -0.114949 0.0431695
0.709572 0.115057 0.0186942
0.72946 0.0710161 -0.0155713
0.724495 -0.0121758 0.0529597
0.654903 -0.114947 0.0431695
0.689688 0.0905877 0.0529597
0.664839 -0.0219674 -0.0351516
0.664845 -0.114946 0.0431695
0.669817 -0.114946 0.0431695
0.67976 -0.114945 0.0431695
0.585297 -0.036654 0.0529597
0.689702 -0.114944 0.0431695
0.639988 -0.114948 0.00890404
0.714548 0.0514405 -0.0351516
0.729464 0.0171862 -0.00578117
0.694674 -0.114944 0.0431695
0.699645 -0.114944 0.0431695
0.729466 -0.00238823 0.0284843
0.704617 -0.114943 0.0431695
0.570378 0.026962 -0.0302565
0.729467 -0.0268563 0.00890404
0.649923 -0.00239398 0.0529597
0.709588 -0.114943 0.0431695
0.729474 -0.114942 0.0431695
0.585303 -0.114952 0.0382745
0.600217 -0.114951 0.0382745
0.580331 -0.105165 -0.0351516
0.575345 0.0905794 -0.0351516
0.620103 -0.114949 0.0382745
0.729461 0.0612288 0.0235892
0.719531 -0.114942 0.0235892
0.659874 -0.114947 0.0382745
0.644943 0.115053 -0.0351516
0.684731 -0.114945 0.0382745
0.689702 -0.114944 0.0382745
0.639988 -0.114948 0.00400897
0.714559 -0.114943 0.0382745
0.729474 -0.114942 0.0382745
0.605187 -0.095376 0.0529597
0.580332 -0.114952 0.0333794
0.590274 -0.114952 0.0333794
0.605188 -0.110057 -0.0351516
0.595246 -0.114951 0.0333794
0.61016 -0.11495 0.0333794
0.714545 0.0905895 -0.0351516
0.729459 0.0954842 0.0137991
0.615131 -0.11495 0.0333794
0.625074 -0.114949 0.0333794
0.630046 -0.114949 0.0333794
0.729464 0.0171862 0.0186942
0.719531 -0.114942 0.0137991
0.649931 -0.114947 0.0333794
0.664845 -0.114946 0.0333794
0.67976 -0.114945 0.0333794
0.689702 -0.114944 0.0333794
0.639988 -0.114948 0.0186942
0.694663 0.0416518 -0.0351516
0.729464 0.0171862 0.00890404
0.709588 -0.114943 0.0333794
0.649931 -0.114947 0.0431695
0.570384 -0.0513359 -0.0204664
0.719531 -0.114942 0.0333794
0.570387 -0.0953785 0.00400897
0.635017 -0.114948 -0.000886103
0.724502 -0.114942 0.0333794
0.684714 0.115055 0.0284843
0.709575 0.066121 0.0529597
0.625068 -0.0268639 0.0529597
0.729463 0.0318671 0.00400897
0.729474 -0.114942 0.0333794
0.625074 -0.114949 0.0284843
0.630046 -0.114949 0.0284843
0.664845 -0.114946 0.0284843
0.714559 -0.114943 0.0235892
0.610143 0.11505 0.0529597
0.674788 -0.114945 0.0284843
0.689702 -0.114944 0.0284843
0.699645 -0.114944 0.0284843
0.644959 -0.100267 0.0529597
0.709588 -0.114943 0.0284843
0.590258 0.115049 -0.0253615
0.605189 -0.11495 0.0235892
0.729465 0.00250539 0.0333794
0.61016 -0.11495 0.0235892
0.639988 -0.114948 0.0235892
0.654903 -0.114947 0.0235892
0.669817 -0.114946 0.0235892
0.694674 -0.114944 0.0235892
0.699645 -0.114944 0.0235892
0.729466 -0.00238823 -0.000886103
0.724492 0.0269731 -0.0351516
0.709588 -0.114943 0.0235892
0.639987 -0.100267 -0.0351516
0.635003 0.0807965 -0.0351516
0.590274 -0.114952 0.0186942
0.649926 -0.0366493 -0.0351516
0.595246 -0.114951 0.0186942
0.659867 -0.0219677 -0.0351516
0.61016 -0.11495 0.0186942
0.729459 0.0954842 -0.000886103
0.625074 -0.114949 0.0186942
0.630046 -0.114949 0.0186942
0.64496 -0.114948 0.0186942
0.719531 -0.114942 0.00890404
0.570384 -0.0513359 0.00400897
0.649931 -0.114947 0.0186942
0.669817 -0.114946 0.0186942
0.674788 -0.114945 0.0186942
0.684715 0.105268 -0.0351516
0.684731 -0.114945 0.0186942
0.689702 -0.114944 0.0186942
0.704617 -0.114943 0.0186942
0.570378 0.026962 -0.00578117
0.729467 -0.0268563 0.0333794
0.709588 -0.114943 0.0186942
0.714559 -0.114943 0.0186942
0.674775 0.0710121 0.0529597
0.719531 -0.114942 0.0186942
0.570387 -0.0953785 -0.0302565
0.635017 -0.114948 -0.0106762
0.729474 -0.114942 0.0186942
0.590263 0.0465379 -0.0351516
0.659873 -0.100266 0.0529597
0.684731 -0.114945 -0.0155713
0.57536 -0.114953 0.0137991
0.580332 -0.114952 0.0137991
0.61016 -0.11495 0.0137991
0.580332 -0.114952 0.0284843
0.615131 -0.11495 0.0137991
0.620103 -0.114949 0.0137991
0.709588 -0.114943 0.00890404
0.639977 0.0465415 -0.0351516
0.625074 -0.114949 0.0137991
0.669804 0.0612245 -0.0351516
0.699629 0.110163 -0.0351516
0.630046 -0.114949 0.0137991
0.570387 -0.0953785 -0.00578117
0.635017 -0.114948 0.0137991
0.605188 -0.105163 0.0529597
0.649931 -0.114947 0.0529597
0.719531 -0.114942 -0.00578117
0.570384 -0.0513359 0.00890404
0.649931 -0.114947 0.0137991
0.654903 -0.114947 0.0137991
0.570384 -0.0513359 -0.0351516
0.659874 -0.114947 0.0137991
0.674788 -0.114945 0.0137991
0.67976 -0.114945 0.0137991
0.644943 0.115053 0.0382745
0.684731 -0.114945 0.0137991
0.689702 -0.114944 0.0137991
0.729464 0.0171862 0.0235892
0.694674 -0.114944 0.0137991
0.689689 0.0759068 -0.0351516
0.709588 -0.114943 0.0137991
0.67478 -0.0072858 0.0529597
0.729461 0.0612288 0.00400897
0.57038 0.0122811 -0.000886103
0.724502 -0.114942 0.0137991
0.57536 -0.114953 0.00890404
0.590274 -0.114952 0.00890404
0.639974 0.0856905 -0.0351516
0.595246 -0.114951 0.00890404
0.570382 -0.0268678 -0.000886103
0.729465 0.00250539 0.0186942
0.64496 -0.114948 0.00890404
0.654903 -0.114947 0.00890404
0.669817 -0.114946 0.00890404
0.67976 -0.114945 0.00890404
0.689702 -0.114944 0.00890404
0.729464 0.0171862 0.0333794
0.714559 -0.114943 0.00890404
0.57038 0.0122811 -0.00578117
0.724502 -0.114942 0.00890404
0.729464 0.0220799 -0.000886103
0.580332 -0.114952 0.00400897
0.585303 -0.114952 0.00400897
0.61016 -0.11495 0.00400897
0.620103 -0.114949 0.00400897
0.644959 -0.100267 -0.0351516
0.64496 -0.114948 0.00400897
0.719531 -0.114942 -0.000886103
0.659874 -0.114947 0.00400897
0.674788 -0.110052 -0.0351516
0.669817 -0.114946 0.00400897
0.674788 -0.114945 0.00400897
0.684731 -0.114945 0.00400897
0.689702 -0.114944 0.00400897
0.694674 -0.114944 0.00400897
0.64496 -0.114948 0.0382745
0.709588 -0.114943 0.00400897
0.729461 0.0612288 0.0186942
0.590274 -0.114952 -0.000886103
0.590258 0.115049 0.0382745
0.605189 -0.11495 -0.000886103
0.729469 -0.0464308 0.0284843
0.620103 -0.114949 -0.000886103
0.625074 -0.114949 -0.000886103
0.66483 0.100373 0.0529597
0.630046 -0.114949 -0.000886103
0.659874 -0.114947 -0.0106762
0.570384 -0.0513359 -0.0106762
0.649931 -0.114947 -0.000886103
0.659874 -0.114947 -0.000886103
0.669817 -0.114946 -0.000886103
0.674788 -0.114945 -0.000886103
0.57536 -0.114953 0.0235892
0.684731 -0.114945 -0.000886103
0.625063 0.0465404 -0.0351516
0.689702 -0.114944 -0.000886103
0.694674 -0.114944 -0.000886103
0.714559 -0.114943 -0.000886103
0.729474 -0.114942 -0.000886103
0.57536 -0.114953 -0.00578117
0.590274 -0.114952 -0.00578117
0.615131 -0.11495 -0.00578117
0.6549 -0.0806915 -0.0351516
0.625074 -0.114949 -0.00578117
0.630046 -0.114949 -0.00578117
0.679754 -0.0366472 0.0529597
0.64496 -0.114948 -0.00578117
0.664845 -0.114946 -0.00578117
0.600216 -0.105164 0.0529597
0.689702 -0.114944 -0.00578117
0.694663 0.0416518 0.0529597
0.729464 0.0171862 0.0431695
0.694674 -0.114944 -0.00578117
0.704617 -0.114943 -0.00578117
0.714559 -0.114943 -0.00578117
0.729474 -0.114942 -0.00578117
0.615131 -0.11495 0.0529597
0.580332 -0.114952 -0.0106762
0.600217 -0.114951 -0.0106762
0.630046 -0.114949 -0.0106762
0.654903 -0.114947 -0.0106762
0.669817 -0.114946 -0.0106762
0.610143 0.11505 -0.00578117
0.674788 -0.114945 -0.0106762
0.570385 -0.0611232 0.00400897
0.67976 -0.114945 -0.0106762
0.57536 -0.114953 0.0333794
0.684731 -0.114945 -0.0106762
0.704617 -0.114943 -0.0106762
0.709588 -0.114943 -0.0106762
0.570384 -0.0513359 0.0235892
0.649931 -0.114947 0.00890404
0.719531 -0.114942 -0.0106762
0.605189 -0.11495 0.0186942
0.729468 -0.03175 0.0333794
0.57038 0.0122811 -0.0253615
0.724502 -0.114942 -0.0106762
0.729464 0.0220799 0.0480646
0.709572 0.115057 0.0284843
0.72946 0.0710161 -0.0302565
0.61016 -0.11495 -0.0155713
0.64496 -0.114948 -0.0155713
0.729471 -0.0757925 0.0480646
0.694666 -0.00239075 -0.0351516
0.719531 -0.114942 -0.0204664
0.659874 -0.114947 -0.0155713
0.669817 -0.114946 -0.0155713
0.570385 -0.0611232 0.0186942
0.67976 -0.114945 -0.0155713
0.699645 -0.114944 -0.0155713
0.729467 -0.0170691 0.0529597
0.714559 -0.114943 -0.0155713
0.664845 -0.114946 -0.0302565
0.570384 -0.0513359 0.0284843
0.649931 -0.114947 -0.00578117
0.719531 -0.114942 -0.0155713
0.59027 -0.0513345 0.0529597
0.57536 -0.114953 -0.0204664
0.684715 0.110162 -0.0351516
0.585303 -0.114952 -0.0204664
0.590274 -0.114952 -0.0204664
0.72946 0.0710161 -0.0351516
0.61016 -0.11495 -0.0204664
0.625074 -0.114949 -0.0204664
0.64496 -0.114948 -0.0204664
0.649931 -0.114947 -0.0204664
0.719531 -0.114942 -0.0253615
0.659874 -0.114947 -0.0204664
0.669817 -0.114946 -0.0204664
0.649929 -0.0904791 0.0529597
0.674788 -0.114945 -0.0204664
0.610144 0.105263 0.0529597
0.57536 -0.114953 0.0186942
0.684731 -0.114945 -0.0204664
0.635014 -0.0757994 -0.0351516
0.704617 -0.114943 -0.0204664
0.659863 0.0416493 -0.0351516
0.709588 -0.114943 -0.0204664
0.729461 0.0612288 -0.00578117
0.57038 0.0122811 -0.0351516
0.724502 -0.114942 -0.0204664
0.674788 -0.110052 0.0529597
0.585303 -0.114952 -0.0253615
0.625074 -0.114949 -0.0253615
0.630046 -0.114949 -0.0253615
0.639988 -0.114948 -0.0253615
0.659874 -0.114947 -0.0351516
0.570384 -0.0513359 0.0137991
0.649931 -0.114947 -0.0253615
0.639974 0.0856905 0.0529597
0.570384 -0.0513359 -0.0155713
0.649931 -0.114947 0.0382745
0.659874 -0.114947 -0.0253615
0.669817 -0.114946 -0.0253615
0.674788 -0.114945 -0.0253615
0.67976 -0.114945 -0.0253615
0.644943 0.115053 -0.0204664
0.684731 -0.114945 -0.0253615
0.689702 -0.114944 -0.0253615
0.704617 -0.114943 -0.0253615
0.639973 0.0954777 -0.0351516
0.714559 -0.114943 -0.0253615
0.57536 -0.114953 -0.0302565
0.580332 -0.114952 -0.0302565
0.595246 -0.114951 -0.0302565
0.709572 0.115057 0.0382745
0.61016 -0.11495 -0.0302565
0.620103 -0.114949 -0.0302565
0.625074 -0.114949 -0.0302565
0.570387 -0.0904849 0.0529597
0.635017 -0.114948 -0.0302565
0.570384 -0.0513359 -0.00578117
0.659874 -0.114947 -0.0302565
0.67976 -0.114945 -0.0302565
0.684731 -0.114945 -0.0302565
0.694674 -0.114944 -0.0302565
0.729462 0.0514416 0.00890404
0.644955 -0.0415433 0.0529597
0.704617 -0.114943 -0.0302565
0.724502 -0.114942 -0.0302565
0.729474 -0.114942 -0.0302565
0.679743 0.115055 -0.0106762
0.585299 -0.0611221 0.0529597
0.729473 -0.110048 0.0480646
0.729472 -0.0904734 0.0480646
0.729472 -0.0855798 0.0480646
0.729471 -0.0806862 0.0480646
0.72947 -0.0660053 0.0480646
0.595234 0.0514319 -0.0351516
0.729469 -0.0562181 0.0480646
0.620088 0.085689 0.0529597
0.729469 -0.0513244 0.0480646
0.595233 0.0612191 -0.0351516
0.729468 -0.0415372 0.0480646
0.729468 -0.0366436 0.0480646
0.729467 -0.0268563 0.0480646
0.729466 -0.00728185 0.0480646
0.729465 0.00739901 0.0480646
0.729462 0.0514416 0.0480646
0.61016 -0.110056 0.0529597
0.605174 0.0905816 0.0529597
0.72946 0.0759097 0.0480646
0.729459 0.0856969 0.0480646
0.620092 0.0367528 0.0529597
0.729459 0.0905906 0.0480646
0.729459 0.0954842 0.0480646
0.729458 0.100378 0.0480646
0.729472 -0.095367 0.0431695
0.729459 0.0905906 -0.000886103
0.729471 -0.0806862 0.0431695
0.570382 -0.0219742 -0.0204664
0.570385 -0.0562295 -0.0253615
0.729471 -0.0757925 0.0431695
0.72947 -0.0660053 0.0431695
0.729469 -0.0513244 0.0431695
0.729469 -0.0464308 0.0431695
0.590269 -0.0366536 -0.0351516
0.729468 -0.0415372 0.0431695
0.729467 -0.0170691 0.0431695
0.729466 -0.0121755 0.0431695
0.72947 -0.0611117 0.00890404
0.729466 -0.00728185 0.0431695
0.729469 -0.0562181 0.00890404
0.729466 -0.00238823 0.0431695
0.639988 -0.114948 0.0137991
0.729465 0.0122926 0.0431695
0.694662 0.0465455 0.0529597
0.729464 0.0220799 0.0431695
0.729463 0.0318671 0.0431695
0.590263 0.0416443 -0.0351516
0.729463 0.0367607 0.0431695
0.729462 0.046548 0.0431695
0.729461 0.0563352 0.0431695
0.615128 -0.0709072 0.0529597
0.72946 0.0759097 0.0431695
0.72946 0.0808033 0.0431695
0.729459 0.0856969 0.0431695
0.729459 0.0905906 0.0431695
0.585291 0.0514312 0.0529597
0.729459 0.0954842 0.0431695
0.729473 -0.110048 0.0382745
0.729473 -0.105154 0.0382745
0.729473 -0.100261 0.0382745
0.664837 0.00250072 0.0529597
0.729472 -0.095367 0.0382745
0.729472 -0.0904734 0.0382745
0.704603 0.0808015 -0.0351516
0.709588 -0.114943 -0.0351516
0.729472 -0.0855798 0.0382745
0.729471 -0.0806862 0.0382745
0.570382 -0.0219742 -0.0253615
0.729471 -0.0757925 0.0382745
0.729471 -0.0708989 0.0382745
0.729469 -0.0562181 0.0382745
0.729469 -0.0464308 0.0382745
0.729468 -0.0415372 0.0382745
0.570378 0.026962 -0.000886103
0.729467 -0.0268563 0.0382745
0.729466 -0.0121755 0.0382745
0.729466 -0.00238823 0.0382745
0.639979 0.0171798 -0.0351516
0.654895 -0.00239362 0.0529597
0.729465 0.00250539 0.0382745
0.635006 0.0318603 -0.0351516
0.729464 0.0220799 0.0382745
0.694663 0.0367582 0.0529597
0.729463 0.0269735 0.0382745
0.729463 0.0367607 0.0382745
0.729462 0.0514416 0.0382745
0.605174 0.0807943 0.0529597
0.689695 -0.0121783 -0.0351516
0.729461 0.0661224 0.0382745
0.729458 0.100378 0.0382745
0.63003 0.105264 0.0529597
0.729457 0.115059 0.0382745
0.729473 -0.100261 0.0333794
0.729472 -0.095367 0.0333794
0.729472 -0.0855798 0.0333794
0.590258 0.115049 0.0480646
0.570385 -0.0562295 -0.00578117
0.570382 -0.0219742 -0.0302565
0.729471 -0.0757925 0.0333794
0.72947 -0.0660053 0.0333794
0.72947 -0.0611117 0.0333794
0.590273 -0.100271 0.0529597
0.729469 -0.0562181 0.0333794
0.729469 -0.0513244 0.0333794
0.674784 -0.0611156 0.0529597
0.729468 -0.0415372 0.0333794
0.729468 -0.0366436 0.0333794
0.729466 -0.0121755 0.0333794
0.719529 -0.0904741 0.0529597
0.729466 -0.00238823 0.0333794
0.729465 0.00739901 0.0333794
0.639988 -0.114948 0.0333794
0.729465 0.0122926 0.0333794
0.729464 0.0220799 0.0333794
0.620086 0.115051 -0.0204664
0.729462 0.0416543 0.0333794
0.729462 0.046548 0.0333794
0.729461 0.0612288 0.0333794
0.72946 0.0808033 0.0333794
0.709574 0.0856955 -0.0351516
0.729459 0.0954842 0.0333794
0.605172 0.11505 0.0382745
0.729458 0.100378 0.0333794
0.729458 0.105271 0.0333794
0.729457 0.115059 0.0333794
0.729473 -0.105154 0.0284843
0.729472 -0.095367 0.0284843
0.729471 -0.0806862 0.0284843
0.590258 0.115049 0.0431695
0.570385 -0.0562295 -0.0106762
0.605189 -0.11495 0.0529597
0.570382 -0.0219742 -0.0351516
0.729471 -0.0757925 0.0284843
0.72947 -0.0611117 0.0284843
0.630042 -0.0660125 0.0529597
0.709573 0.0954827 -0.0351516
0.729469 -0.0562181 0.0284843
0.729469 -0.0513244 0.0284843
0.729467 -0.0219627 0.0284843
0.729467 -0.0170691 0.0284843
0.729466 -0.0121755 0.0284843
0.639979 0.0220734 -0.0351516
0.729465 0.00739901 0.0284843
0.639988 -0.114948 0.0284843
0.729465 0.0122926 0.0284843
0.729463 0.0318671 0.0284843
0.729462 0.0416543 0.0284843
0.729462 0.0514416 0.0284843
0.729461 0.0563352 0.0284843
0.729461 0.0612288 0.0284843
0.72946 0.0710161 0.0284843
0.72946 0.0759097 0.0284843
0.729457 0.115059 0.0284843
0.729473 -0.105154 0.0235892
0.729473 -0.100261 0.0235892
0.729472 -0.095367 0.0235892
0.729472 -0.0904734 0.0235892
0.605182 -0.0170781 0.0529597
0.729472 -0.0855798 0.0235892
0.659864 0.0220748 0.0529597
0.72947 -0.0611117 0.0235892
0.639983 -0.0464373 -0.0351516
0.729466 -0.0121755 0.0235892
0.639988 -0.114948 0.0431695
0.729465 0.0122926 0.0235892
0.729462 0.0416543 0.0235892
0.729462 0.046548 0.0235892
0.729462 0.0514416 0.0235892
0.729461 0.0563352 0.0235892
0.595239 -0.0219724 -0.0351516
0.729461 0.0661224 0.0235892
0.729459 0.0905906 0.0235892
0.729458 0.100378 0.0235892
0.669812 -0.0464351 0.0529597
0.729473 -0.110048 0.0186942
0.729473 -0.105154 0.0186942
0.729472 -0.095367 0.0186942
0.644959 -0.10516 0.0529597
0.729471 -0.0806862 0.0186942
0.570385 -0.0562295 -0.000886103
0.729471 -0.0757925 0.0186942
0.590266 -0.00239829 -0.0351516
0.729469 -0.0562181 0.0186942
0.639988 -0.110054 0.0529597
0.605189 -0.11495 0.00890404
0.729468 -0.03175 0.0186942
0.729467 -0.0219627 0.0186942
0.729467 -0.0170691 0.0186942
0.729466 -0.00238823 0.0186942
0.674774 0.0807994 0.0529597
0.67976 -0.114945 0.0529597
0.729465 0.00739901 0.0186942
0.729463 0.0269735 0.0186942
0.684714 0.115055 0.0235892
0.729463 0.0318671 0.0186942
0.729462 0.0514416 0.0186942
0.729461 0.0563352 0.0186942
0.729461 0.0661224 0.0186942
0.72946 0.0759097 0.0186942
0.72946 0.0808033 0.0186942
0.729459 0.0856969 0.0186942
0.729459 0.0954842 0.0186942
0.639972 0.115052 -0.000886103
0.729458 0.100378 0.0186942
0.729457 0.115059 0.0186942
0.679743 0.115055 0.0480646
0.729473 -0.110048 0.0137991
0.679756 -0.0611153 -0.0351516
0.729473 -0.100261 0.0137991
0.61512 0.0465397 0.0529597
0.729471 -0.0806862 0.0137991
0.729469 -0.0562181 0.0137991
0.729469 -0.0513244 0.0137991
0.729468 -0.0415372 0.0137991
0.570383 -0.0415487 -0.0204664
0.729467 -0.0170691 0.0137991
0.729466 -0.0121755 0.0137991
0.674773 0.0954802 0.0529597
0.679758 -0.0953706 0.0529597
0.729466 -0.00238823 0.0137991
0.729465 0.00250539 0.0137991
0.729465 0.00739901 0.0137991
0.729465 0.0122926 0.0137991
0.620086 0.115051 0.0431695
0.729462 0.0416543 0.0137991
0.729461 0.0563352 0.0137991
0.729461 0.0661224 0.0137991
0.72946 0.0710161 0.0137991
0.72946 0.0759097 0.0137991
0.729459 0.0856969 0.0137991
0.729459 0.0905906 0.0137991
0.729457 0.110165 0.0137991
0.649921 0.0269677 0.0529597
0.729457 0.115059 0.0137991
0.729473 -0.105154 0.00890404
0.729473 -0.100261 0.00890404
0.694674 -0.114944 -0.0106762
0.729472 -0.0904734 0.00890404
0.570385 -0.0562295 0.0186942
0.729471 -0.0757925 0.00890404
0.595235 0.036751 0.0529597
0.72947 -0.0660053 0.00890404
0.729469 -0.0513244 0.00890404
0.729468 -0.03175 0.00890404
0.729467 -0.0219627 0.00890404
0.570383 -0.0415487 -0.0302565
0.729467 -0.0170691 0.00890404
0.729466 -0.0121755 0.00890404
0.570382 -0.0268678 0.0235892
0.729465 0.00250539 0.00890404
0.654902 -0.10516 -0.0351516
0.729465 0.00739901 0.00890404
0.729465 0.0122926 0.00890404
0.729462 0.0416543 0.00890404
0.729461 0.0563352 0.00890404
0.620097 -0.0366515 0.0529597
0.72946 0.0759097 0.00890404
0.724496 -0.0268567 0.0529597
0.72946 0.0808033 0.00890404
0.729459 0.0856969 0.00890404
0.724495 -0.0170695 0.0529597
0.729459 0.0905906 0.00890404
0.729459 0.0954842 0.00890404
0.729458 0.100378 0.00890404
0.729457 0.110165 0.00890404
0.62009 0.0661146 -0.0351516
0.729472 -0.0904734 0.00400897
0.729471 -0.0708989 0.00400897
0.729469 -0.0562181 0.00400897
0.729469 -0.0464308 0.00400897
0.729468 -0.0415372 0.00400897
0.729468 -0.03175 0.00400897
0.595246 -0.114951 0.0529597
0.729467 -0.0219627 0.00400897
0.729466 -0.0121755 0.00400897
0.635002 0.0954774 0.0529597
0.639988 -0.114948 0.0529597
0.729465 0.0122926 0.00400897
0.729464 0.0171862 0.00400897
0.729464 0.0220799 0.00400897
0.694663 0.0367582 -0.0351516
0.729463 0.0269735 0.00400897
0.729461 0.0563352 0.00400897
0.729461 0.0661224 0.00400897
0.72946 0.0710161 0.00400897
0.724496 -0.0317503 0.0529597
0.72946 0.0759097 0.00400897
0.694659 0.090588 0.0529597
0.585293 0.0171758 0.0529597
0.72946 0.0808033 0.00400897
0.585293 0.0220695 0.0529597
0.729459 0.0856969 0.00400897
0.654897 -0.0415426 0.0529597
0.729459 0.0905906 0.00400897
0.729458 0.100378 0.00400897
0.694657 0.115056 0.00400897
0.729458 0.105271 0.00400897
0.729457 0.110165 0.00400897
0.729457 0.115059 0.00400897
0.679743 0.115055 0.0333794
0.729473 -0.110048 -0.000886103
0.729472 -0.0904734 -0.000886103
0.620095 -0.00239613 -0.0351516
0.729471 -0.0708989 -0.000886103
0.729469 -0.0562181 -0.000886103
0.729469 -0.0513244 -0.000886103
0.674772 0.115055 0.00890404
0.729469 -0.0464308 -0.000886103
0.729468 -0.0415372 -0.000886103
0.729467 -0.0219627 -0.000886103
0.729467 -0.0170691 -0.000886103
0.729466 -0.00728185 -0.000886103
0.729465 0.00739901 -0.000886103
0.729464 0.0171862 -0.000886103
0.729463 0.0318671 -0.000886103
0.729462 0.0514416 -0.000886103
0.669814 -0.0709032 0.0529597
0.729461 0.0563352 -0.000886103
0.615125 -0.0317582 -0.0351516
0.729461 0.0661224 -0.000886103
0.639976 0.0514351 0.0529597
0.72946 0.0759097 -0.000886103
0.59524 -0.0366533 -0.0351516
0.729459 0.0856969 -0.000886103
0.729457 0.110165 -0.000886103
0.729472 -0.0904734 -0.00578117
0.729471 -0.0708989 -0.00578117
0.625073 -0.105162 -0.0351516
0.72947 -0.0611117 -0.00578117
0.729469 -0.0513244 -0.00578117
0.729467 -0.0268563 -0.00578117
0.595245 -0.110058 0.0529597
0.59026 0.0807933 0.0529597
0.729467 -0.0170691 -0.00578117
0.729466 -0.0121755 -0.00578117
0.639988 -0.114948 -0.0351516
0.635002 0.0954774 -0.0351516
0.575346 0.0758986 0.0529597
0.729465 0.0122926 -0.00578117
0.729463 0.0269735 -0.00578117
0.684714 0.115055 0.0480646
0.729463 0.0318671 -0.00578117
0.729462 0.0416543 -0.00578117
0.69964 -0.046433 0.0529597
0.72946 0.0759097 -0.00578117
0.410311 -0.0499668 -0.054934
0.425193 -0.0499645 -0.054934
0.430154 -0.0499638 -0.054934
0.454958 -0.0499599 -0.054934
0.459918 -0.0499592 -0.054934
0.464879 -0.0499584 -0.054934
0.479761 -0.0499561 -0.054934
0.489683 -0.0499546 -0.054934
0.514486 -0.0499508 -0.054934
0.529369 -0.0499485 -0.054934
0.415272 -0.0499661 -0.0501593
0.479761 -0.0499561 -0.0501593
0.484722 -0.0499553 -0.0501593
0.494644 -0.0499538 -0.0501593
0.524408 -0.0499492 -0.0501593
0.529369 -0.0499485 -0.0501593
0.410311 -0.0499668 -0.0453846
0.420232 -0.0499653 -0.0453846
0.425193 -0.0499645 -0.0453846
0.454958 -0.0499599 -0.0453846
0.459918 -0.0499592 -0.0453846
0.46984 -0.0499576 -0.0453846
0.474801 -0.0499569 -0.0453846
0.479761 -0.0499561 -0.0453846
0.484722 -0.0499553 -0.0453846
0.489683 -0.0499546 -0.0453846
0.509526 -0.0499515 -0.0453846
0.514486 -0.0499508 -0.0453846
0.425193 -0.0499645 -0.0406099
0.449997 -0.0499607 -0.0406099
0.459918 -0.0499592 -0.0406099
0.464879 -0.0499584 -0.0406099
0.474801 -0.0499569 -0.0406099
0.479761 -0.0499561 -0.0406099
0.499604 -0.0499531 -0.0406099
0.514486 -0.0499508 -0.0406099
0.524408 -0.0499492 -0.0406099
0.529369 -0.0499485 -0.0406099
0.410311 -0.0499668 -0.0358352
0.425193 -0.0499645 -0.0358352
0.449997 -0.0499607 -0.0358352
0.454958 -0.0499599 -0.0358352
0.459918 -0.0499592 -0.0358352
0.479761 -0.0499561 -0.0358352
0.514486 -0.0499508 -0.0358352
0.524408 -0.0499492 -0.0358352
0.529369 -0.0499485 -0.0358352
0.449997 -0.0499607 -0.0310605
0.459918 -0.0499592 -0.0310605
0.464879 -0.0499584 -0.0310605
0.474801 -0.0499569 -0.0310605
0.479761 -0.0499561 -0.0310605
0.484722 -0.0499553 -0.0310605
0.494644 -0.0499538 -0.0310605
0.514486 -0.0499508 -0.0310605
0.524408 -0.0499492 -0.0310605
0.529369 -0.0499485 -0.0310605
0.415272 -0.0499661 -0.0262858
0.425193 -0.0499645 -0.0262858
0.430154 -0.0499638 -0.0262858
0.449997 -0.0499607 -0.0262858
0.454958 -0.0499599 -0.0262858
0.459918 -0.0499592 -0.0262858
0.464879 -0.0499584 -0.0262858
0.474801 -0.0499569 -0.0262858
0.479761 -0.0499561 -0.0262858
0.489683 -0.0499546 -0.0262858
0.519447 -0.04995 -0.0262858
0.524408 -0.0499492 -0.0262858
0.529369 -0.0499485 -0.0262858
0.425193 -0.0499645 -0.0215111
0.445036 -0.0499615 -0.0215111
0.449997 -0.0499607 -0.0215111
0.464879 -0.0499584 -0.0215111
0.484722 -0.0499553 -0.0215111
0.489683 -0.0499546 -0.0215111
0.499604 -0.0499531 -0.0215111
0.504565 -0.0499523 -0.0215111
0.509526 -0.0499515 -0.0215111
0.519447 -0.04995 -0.0215111
0.415272 -0.0499661 -0.0167365
0.425193 -0.0499645 -0.0167365
0.435115 -0.049963 -0.0167365
0.449997 -0.0499607 -0.0167365
0.459918 -0.0499592 -0.0167365
0.464879 -0.0499584 -0.0167365
0.46984 -0.0499576 -0.0167365
0.479761 -0.0499561 -0.0167365
0.484722 -0.0499553 -0.0167365
0.524408 -0.0499492 -0.0167365
0.415272 -0.0499661 -0.0119618
0.425193 -0.0499645 -0.0119618
0.449997 -0.0499607 -0.0119618
0.464879 -0.0499584 -0.0119618
0.474801 -0.0499569 -0.0119618
0.479761 -0.0499561 -0.0119618
0.484722 -0.0499553 -0.0119618
0.494644 -0.0499538 -0.0119618
0.509526 -0.0499515 -0.0119618
0.519447 -0.04995 -0.0119618
0.529369 -0.0499485 -0.0119618
0.410311 -0.0499668 -0.00718707
0.425193 -0.0499645 -0.00718707
0.430154 -0.0499638 -0.00718707
0.435115 -0.049963 -0.00718707
0.449997 -0.0499607 -0.00718707
0.459918 -0.0499592 -0.00718707
0.464879 -0.0499584 -0.00718707
0.479761 -0.0499561 -0.00718707
0.484722 -0.0499553 -0.00718707
0.489683 -0.0499546 -0.00718707
0.494644 -0.0499538 -0.00718707
0.509526 -0.0499515 -0.00718707
0.519447 -0.04995 -0.00718707
0.529369 -0.0499485 -0.00718707
0.410311 -0.0499668 -0.00241238
0.415272 -0.0499661 -0.00241238
0.420232 -0.0499653 -0.00241238
0.425193 -0.0499645 -0.00241238
0.435115 -0.049963 -0.00241238
0.464879 -0.0499584 -0.00241238
0.474801 -0.0499569 -0.00241238
0.479761 -0.0499561 -0.00241238
0.484722 -0.0499553 -0.00241238
0.509526 -0.0499515 -0.00241238
0.514486 -0.0499508 -0.00241238
0.519447 -0.04995 -0.00241238
0.529369 -0.0499485 -0.00241238
0.410311 -0.0499668 0.00236231
0.425193 -0.0499645 0.00236231
0.430154 -0.0499638 0.00236231
0.435115 -0.049963 0.00236231
0.440075 -0.0499622 0.00236231
0.449997 -0.0499607 0.00236231
0.454958 -0.0499599 0.00236231
0.459918 -0.0499592 0.00236231
0.474801 -0.0499569 0.00236231
0.484722 -0.0499553 0.00236231
0.489683 -0.0499546 0.00236231
0.499604 -0.0499531 0.00236231
0.504565 -0.0499523 0.00236231
0.519447 -0.04995 0.00236231
0.524408 -0.0499492 0.00236231
0.514486 -0.0499508 0.00236231
0.529369 -0.0499485 0.00236231
0.410311 -0.0499668 0.007137
0.420232 -0.0499653 0.007137
0.435115 -0.049963 0.007137
0.459918 -0.0499592 0.007137
0.464879 -0.0499584 0.007137
0.484722 -0.0499553 0.007137
0.494644 -0.0499538 0.007137
0.514486 -0.0499508 0.007137
0.529369 -0.0499485 0.007137
0.420232 -0.0499653 0.0119117
0.445036 -0.0499615 0.0119117
0.449997 -0.0499607 0.0119117
0.464879 -0.0499584 0.0119117
0.474801 -0.0499569 0.0119117
0.479761 -0.0499561 0.0119117
0.484722 -0.0499553 0.0119117
0.489683 -0.0499546 0.0119117
0.494644 -0.0499538 0.0119117
0.514486 -0.0499508 0.0119117
0.519447 -0.04995 0.0119117
0.524408 -0.0499492 0.0119117
0.464879 -0.0499584 0.0166864
0.46984 -0.0499576 0.0166864
0.474801 -0.0499569 0.0166864
0.479761 -0.0499561 0.0166864
0.489683 -0.0499546 0.0166864
0.494644 -0.0499538 0.0166864
0.514486 -0.0499508 0.0166864
0.519447 -0.04995 0.0166864
0.529369 -0.0499485 0.0166864
0.420232 -0.0499653 0.0214611
0.435115 -0.049963 0.0214611
0.445036 -0.0499615 0.0214611
0.449997 -0.0499607 0.0214611
0.459918 -0.0499592 0.0214611
0.464879 -0.0499584 0.0214611
0.474801 -0.0499569 0.0214611
0.489683 -0.0499546 0.0214611
0.504565 -0.0499523 0.0214611
0.514486 -0.0499508 0.0214611
0.519447 -0.04995 0.0214611
0.420232 -0.0499653 0.0262358
0.449997 -0.0499607 0.0262358
0.454958 -0.0499599 0.0262358
0.459918 -0.0499592 0.0262358
0.464879 -0.0499584 0.0262358
0.479761 -0.0499561 0.0262358
0.484722 -0.0499553 0.0262358
0.489683 -0.0499546 0.0262358
0.499604 -0.0499531 0.0262358
0.504565 -0.0499523 0.0262358
0.529369 -0.0499485 -0.0215111
0.514486 -0.0499508 0.0262358
0.524408 -0.0499492 0.0262358
0.420232 -0.0499653 0.0310105
0.425193 -0.0499645 0.0310105
0.435115 -0.049963 0.0310105
0.445036 -0.0499615 0.0310105
0.449997 -0.0499607 0.0310105
0.459918 -0.0499592 0.0310105
0.484722 -0.0499553 0.0310105
0.529369 -0.0499485 -0.0167365
0.514486 -0.0499508 0.0310105
0.524408 -0.0499492 0.0310105
0.514486 -0.0499508 -0.0167365
0.529369 -0.0499485 0.0310105
0.53433 -0.0549253 -0.054934
0.534331 -0.059903 -0.054934
0.534332 -0.0648806 -0.054934
0.534333 -0.0698582 -0.054934
0.534333 -0.0748358 -0.054934
0.534334 -0.0798135 -0.054934
0.534339 -0.114657 -0.054934
0.53434 -0.119635 -0.054934
0.534343 -0.139545 -0.054934
0.534344 -0.144523 -0.054934
0.509526 -0.0499515 0.007137
0.534345 -0.1495 -0.054934
0.534346 -0.154478 -0.054934
0.534347 -0.164433 -0.054934
0.534349 -0.174388 -0.054934
0.534349 -0.179366 -0.054934
0.534351 -0.189321 -0.054934
0.534353 -0.204254 -0.054934
0.534354 -0.209232 -0.054934
0.534356 -0.219187 -0.054934
0.534356 -0.224165 -0.054934
0.534333 -0.0698582 -0.0501593
0.534333 -0.0748358 -0.0501593
0.534334 -0.0798135 -0.0501593
0.534335 -0.0847911 -0.0501593
0.534337 -0.099724 -0.0501593
0.534339 -0.114657 -0.0501593
0.53434 -0.119635 -0.0501593
0.534341 -0.124612 -0.0501593
0.534344 -0.144523 -0.0501593
0.509526 -0.0499515 0.0166864
0.534345 -0.1495 -0.0501593
0.534346 -0.159456 -0.0501593
0.534349 -0.179366 -0.0501593
0.53435 -0.184344 -0.0501593
0.534351 -0.189321 -0.0501593
0.534352 -0.199277 -0.0501593
0.534353 -0.204254 -0.0501593
0.534354 -0.209232 -0.0501593
0.534355 -0.214209 -0.0501593
0.534329 -0.0499477 -0.0453846
0.504565 -0.0499523 -0.00241238
0.53433 -0.0549253 -0.0453846
0.534335 -0.0847911 -0.0453846
0.534336 -0.0947464 -0.0453846
0.534337 -0.099724 -0.0453846
0.534339 -0.109679 -0.0453846
0.534339 -0.114657 -0.0453846
0.534342 -0.12959 -0.0453846
0.534342 -0.134567 -0.0453846
0.534344 -0.144523 -0.0453846
0.509526 -0.0499515 -0.0262858
0.534345 -0.1495 -0.0453846
0.534346 -0.159456 -0.0453846
0.534349 -0.179366 -0.0453846
0.53435 -0.184344 -0.0453846
0.534351 -0.189321 -0.0453846
0.534352 -0.199277 -0.0453846
0.534353 -0.204254 -0.0453846
0.534354 -0.209232 -0.0453846
0.534355 -0.214209 -0.0453846
0.534356 -0.219187 -0.0453846
0.534329 -0.0499477 -0.0406099
0.534333 -0.0698582 -0.0406099
0.534335 -0.0847911 -0.0406099
0.534336 -0.0897687 -0.0406099
0.534342 -0.12959 -0.0406099
0.534344 -0.144523 -0.0406099
0.534347 -0.164433 -0.0406099
0.534349 -0.179366 -0.0406099
0.534351 -0.189321 -0.0406099
0.519447 -0.04995 0.0262358
0.534352 -0.194299 -0.0406099
0.534353 -0.204254 -0.0406099
0.534354 -0.209232 -0.0406099
0.415272 -0.0499661 -0.0406099
0.534355 -0.214209 -0.0406099
0.534334 -0.0798135 -0.0358352
0.534337 -0.099724 -0.0358352
0.534339 -0.114657 -0.0358352
0.534342 -0.12959 -0.0358352
0.534342 -0.134567 -0.0358352
0.534344 -0.144523 -0.0358352
0.534346 -0.159456 -0.0358352
0.534347 -0.164433 -0.0358352
0.534353 -0.204254 -0.0358352
0.534354 -0.209232 -0.0358352
0.534355 -0.214209 -0.0358352
0.534356 -0.219187 -0.0358352
0.534356 -0.224165 -0.0358352
0.534333 -0.0748358 -0.0310605
0.534337 -0.099724 -0.0310605
0.534339 -0.114657 -0.0310605
0.534341 -0.124612 -0.0310605
0.534342 -0.12959 -0.0310605
0.509526 -0.0499515 -0.0167365
0.534345 -0.1495 -0.0310605
0.534346 -0.154478 -0.0310605
0.534349 -0.174388 -0.0310605
0.534351 -0.189321 -0.0310605
0.534352 -0.199277 -0.0310605
0.534354 -0.209232 -0.0310605
0.534355 -0.214209 -0.0310605
0.534356 -0.219187 -0.0310605
0.440075 -0.0499622 -0.054934
0.534329 -0.0499477 -0.0262858
0.504565 -0.0499523 0.0166864
0.53433 -0.0549253 -0.0262858
0.534331 -0.059903 -0.0262858
0.534332 -0.0648806 -0.0262858
0.534333 -0.0748358 -0.0262858
0.534336 -0.0897687 -0.0262858
0.534339 -0.109679 -0.0262858
0.534339 -0.114657 -0.0262858
0.534341 -0.124612 -0.0262858
0.534342 -0.12959 -0.0262858
0.534343 -0.139545 -0.0262858
0.534344 -0.144523 -0.0262858
0.534345 -0.1495 -0.0262858
0.534346 -0.159456 -0.0262858
0.534347 -0.164433 -0.0262858
0.534348 -0.169411 -0.0262858
0.534349 -0.174388 -0.0262858
0.53435 -0.184344 -0.0262858
0.534351 -0.189321 -0.0262858
0.430154 -0.0499638 -0.00241238
0.534352 -0.194299 -0.0262858
0.534352 -0.199277 -0.0262858
0.534353 -0.204254 -0.0262858
0.534354 -0.209232 -0.0262858
0.534329 -0.0499477 -0.0215111
0.504565 -0.0499523 -0.0262858
0.53433 -0.0549253 -0.0215111
0.534332 -0.0648806 -0.0215111
0.534334 -0.0798135 -0.0215111
0.534336 -0.0947464 -0.0215111
0.534337 -0.099724 -0.0215111
0.534339 -0.114657 -0.0215111
0.534342 -0.134567 -0.0215111
0.534343 -0.139545 -0.0215111
0.534344 -0.144523 -0.0215111
0.509526 -0.0499515 -0.0501593
0.534345 -0.1495 -0.0215111
0.534347 -0.164433 -0.0215111
0.534349 -0.174388 -0.0215111
0.534349 -0.179366 -0.0215111
0.534352 -0.199277 -0.0215111
0.534355 -0.214209 -0.0215111
0.534356 -0.219187 -0.0215111
0.534331 -0.059903 -0.0167365
0.534332 -0.0648806 -0.0167365
0.534335 -0.0847911 -0.0167365
0.534336 -0.0897687 -0.0167365
0.534336 -0.0947464 -0.0167365
0.534337 -0.099724 -0.0167365
0.534338 -0.104702 -0.0167365
0.534342 -0.12959 -0.0167365
0.534342 -0.134567 -0.0167365
0.534343 -0.139545 -0.0167365
0.534349 -0.174388 -0.0167365
0.534349 -0.179366 -0.0167365
0.534352 -0.194299 -0.0167365
0.534352 -0.199277 -0.0167365
0.534355 -0.214209 -0.0167365
0.534356 -0.219187 -0.0167365
0.534329 -0.0499477 -0.0119618
0.534331 -0.059903 -0.0119618
0.534332 -0.0648806 -0.0119618
0.534333 -0.0698582 -0.0119618
0.534333 -0.0748358 -0.0119618
0.534335 -0.0847911 -0.0119618
0.534336 -0.0897687 -0.0119618
0.534336 -0.0947464 -0.0119618
0.534337 -0.099724 -0.0119618
0.534339 -0.109679 -0.0119618
0.534339 -0.114657 -0.0119618
0.534342 -0.12959 -0.0119618
0.534343 -0.139545 -0.0119618
0.534344 -0.144523 -0.0119618
0.534346 -0.159456 -0.0119618
0.534347 -0.164433 -0.0119618
0.534349 -0.174388 -0.0119618
0.534351 -0.189321 -0.0119618
0.534352 -0.199277 -0.0119618
0.534353 -0.204254 -0.0119618
0.420232 -0.0499653 -0.0406099
0.534354 -0.209232 -0.0119618
0.534355 -0.214209 -0.0119618
0.534356 -0.219187 -0.0119618
0.534356 -0.224165 -0.0119618
0.534329 -0.0499477 -0.00718707
0.534331 -0.059903 -0.00718707
0.534333 -0.0748358 -0.00718707
0.534335 -0.0847911 -0.00718707
0.534336 -0.0947464 -0.00718707
0.534337 -0.099724 -0.00718707
0.534338 -0.104702 -0.00718707
0.534339 -0.109679 -0.00718707
0.534339 -0.114657 -0.00718707
0.534341 -0.124612 -0.00718707
0.534343 -0.139545 -0.00718707
0.534344 -0.144523 -0.00718707
0.53435 -0.184344 -0.00718707
0.534351 -0.189321 -0.00718707
0.534352 -0.194299 -0.00718707
0.519447 -0.04995 -0.0501593
0.534352 -0.199277 -0.00718707
0.534353 -0.204254 -0.00718707
0.534354 -0.209232 -0.00718707
0.534329 -0.0499477 -0.00241238
0.534331 -0.059903 -0.00241238
0.534332 -0.0648806 -0.00241238
0.534333 -0.0748358 -0.00241238
0.534334 -0.0798135 -0.00241238
0.534336 -0.0897687 -0.00241238
0.534337 -0.099724 -0.00241238
0.534338 -0.104702 -0.00241238
0.534339 -0.109679 -0.00241238
0.534339 -0.114657 -0.00241238
0.534343 -0.139545 -0.00241238
0.534344 -0.144523 -0.00241238
0.534346 -0.154478 -0.00241238
0.534347 -0.164433 -0.00241238
0.534348 -0.169411 -0.00241238
0.534349 -0.174388 -0.00241238
0.534351 -0.189321 -0.00241238
0.534352 -0.194299 -0.00241238
0.519447 -0.04995 -0.0310605
0.430154 -0.0499638 -0.0215111
0.534352 -0.199277 -0.00241238
0.534353 -0.204254 -0.00241238
0.534354 -0.209232 -0.00241238
0.534355 -0.214209 -0.00241238
0.534356 -0.224165 -0.00241238
0.534333 -0.0698582 0.00236231
0.534333 -0.0748358 0.00236231
0.534335 -0.0847911 0.00236231
0.534336 -0.0897687 0.00236231
0.534336 -0.0947464 0.00236231
0.534337 -0.099724 0.00236231
0.534339 -0.109679 0.00236231
0.534339 -0.114657 0.00236231
0.534342 -0.134567 0.00236231
0.534343 -0.139545 0.00236231
0.534346 -0.154478 0.00236231
0.534348 -0.169411 0.00236231
0.534349 -0.174388 0.00236231
0.534349 -0.179366 0.00236231
0.534352 -0.194299 0.00236231
0.519447 -0.04995 -0.0358352
0.534352 -0.199277 0.00236231
0.534353 -0.204254 0.00236231
0.534354 -0.209232 0.00236231
0.534356 -0.219187 0.00236231
0.534356 -0.224165 0.00236231
0.440075 -0.0499622 -0.0262858
0.534329 -0.0499477 0.007137
0.534333 -0.0698582 0.007137
0.534333 -0.0748358 0.007137
0.534336 -0.0897687 0.007137
0.534336 -0.0947464 0.007137
0.534337 -0.099724 0.007137
0.534338 -0.104702 0.007137
0.534339 -0.114657 0.007137
0.53434 -0.119635 0.007137
0.534342 -0.12959 0.007137
0.534342 -0.134567 0.007137
0.534343 -0.139545 0.007137
0.534344 -0.144523 0.007137
0.534349 -0.174388 0.007137
0.534351 -0.189321 0.007137
0.534352 -0.194299 0.007137
0.534353 -0.204254 0.007137
0.420232 -0.0499653 -0.0358352
0.534354 -0.209232 0.007137
0.534332 -0.0648806 0.0119117
0.534333 -0.0748358 0.0119117
0.534337 -0.099724 0.0119117
0.534338 -0.104702 0.0119117
0.534339 -0.109679 0.0119117
0.534343 -0.139545 0.0119117
0.534346 -0.154478 0.0119117
0.534347 -0.164433 0.0119117
0.534349 -0.179366 0.0119117
0.53435 -0.184344 0.0119117
0.534352 -0.194299 0.0119117
0.534352 -0.199277 0.0119117
0.420232 -0.0499653 -0.0167365
0.534354 -0.209232 0.0119117
0.534355 -0.214209 0.0119117
0.534356 -0.219187 0.0119117
0.534356 -0.224165 0.0119117
0.509526 -0.0499515 -0.0406099
0.534345 -0.1495 -0.00718707
0.534336 -0.0947464 0.0166864
0.534337 -0.099724 0.0166864
0.534342 -0.12959 0.0166864
0.534347 -0.164433 0.0166864
0.534349 -0.174388 0.0166864
0.534349 -0.179366 0.0166864
0.53435 -0.184344 0.0166864
0.534355 -0.214209 0.0166864
0.534356 -0.219187 0.0166864
0.534356 -0.224165 0.0166864
0.534333 -0.0748358 0.0214611
0.534334 -0.0798135 0.0214611
0.534336 -0.0897687 0.0214611
0.534339 -0.109679 0.0214611
0.53434 -0.119635 0.0214611
0.534342 -0.134567 0.0214611
0.534344 -0.144523 0.0214611
0.534346 -0.159456 0.0214611
0.534348 -0.169411 0.0214611
0.534349 -0.174388 0.0214611
0.534349 -0.179366 0.0214611
0.534353 -0.204254 0.0214611
0.420232 -0.0499653 -0.0501593
0.534354 -0.209232 0.0214611
0.534356 -0.224165 0.0214611
0.53433 -0.0549253 0.0262358
0.534335 -0.0847911 0.0262358
0.509526 -0.0499515 -0.0310605
0.534336 -0.0947464 0.0262358
0.534346 -0.159456 -0.00718707
0.534338 -0.104702 0.0262358
0.534339 -0.109679 0.0262358
0.534339 -0.114657 0.0262358
0.53434 -0.119635 0.0262358
0.534342 -0.134567 0.0262358
0.534343 -0.139545 0.0262358
0.534336 -0.0947464 -0.0262858
0.534344 -0.144523 0.0262358
0.534345 -0.1495 0.0262358
0.534347 -0.164433 0.0262358
0.534349 -0.174388 0.0262358
0.534351 -0.189321 0.0262358
0.534352 -0.194299 0.0262358
0.534354 -0.209232 0.0262358
0.534355 -0.214209 0.0262358
0.534356 -0.219187 0.0262358
0.534356 -0.224165 0.0262358
0.534345 -0.1495 -0.00241238
0.534336 -0.0947464 0.0310105
0.534346 -0.154478 -0.0167365
0.534337 -0.099724 0.0310105
0.534339 -0.109679 0.0310105
0.534339 -0.114657 0.0310105
0.53434 -0.119635 0.0310105
0.534345 -0.1495 0.0310105
0.534346 -0.154478 0.0310105
0.534339 -0.109679 -0.0358352
0.534346 -0.159456 0.0310105
0.53435 -0.184344 0.0310105
0.534351 -0.189321 0.0310105
0.534352 -0.194299 0.0310105
0.534353 -0.204254 0.0310105
0.484722 -0.0499553 -0.0406099
0.420232 -0.0499653 -0.0119618
0.534354 -0.209232 0.0310105
0.534355 -0.214209 0.0310105
0.534356 -0.219187 0.0310105
0.534356 -0.224165 0.0310105
0.519475 -0.229145 -0.054934
0.509553 -0.229146 -0.054934
0.499632 -0.229148 -0.054934
0.494671 -0.229148 -0.054934
0.48971 -0.229149 -0.054934
0.48475 -0.22915 -0.054934
0.474828 -0.229152 -0.054934
0.469867 -0.229152 -0.054934
0.459946 -0.229154 -0.054934
0.534341 -0.124612 -0.0119618
0.454985 -0.229155 -0.054934
0.450025 -0.229155 -0.054934
0.445064 -0.229156 -0.054934
0.440103 -0.229157 -0.054934
0.435142 -0.229158 -0.054934
0.430182 -0.229158 -0.054934
0.53434 -0.119635 -0.00241238
0.425221 -0.229159 -0.054934
0.415299 -0.229161 -0.054934
0.529396 -0.229143 -0.0501593
0.519475 -0.229145 -0.0501593
0.534348 -0.169411 -0.0358352
0.514514 -0.229145 -0.0501593
0.509553 -0.229146 -0.0501593
0.504593 -0.229147 -0.0501593
0.494671 -0.229148 -0.0501593
0.48971 -0.229149 -0.0501593
0.48475 -0.22915 -0.0501593
0.534332 -0.0648806 0.0310105
0.469867 -0.229152 -0.0501593
0.499604 -0.0499531 -0.0262858
0.464907 -0.229153 -0.0501593
0.459946 -0.229154 -0.0501593
0.440103 -0.229157 -0.0501593
0.435142 -0.229158 -0.0501593
0.42026 -0.22916 -0.0501593
0.415299 -0.229161 -0.0501593
0.504565 -0.0499523 -0.0453846
0.410339 -0.229162 -0.0501593
0.519475 -0.229145 -0.0453846
0.534335 -0.0847911 -0.0310605
0.499632 -0.229148 -0.0453846
0.494671 -0.229148 -0.0453846
0.48971 -0.229149 -0.0453846
0.48475 -0.22915 -0.0453846
0.479789 -0.229151 -0.0453846
0.469867 -0.229152 -0.0453846
0.459946 -0.229154 -0.0453846
0.450025 -0.229155 -0.0453846
0.53433 -0.0549253 -0.0501593
0.445064 -0.229156 -0.0453846
0.430182 -0.229158 -0.0453846
0.53434 -0.119635 -0.0167365
0.425221 -0.229159 -0.0453846
0.529396 -0.229143 -0.0406099
0.474828 -0.229152 -0.0501593
0.524436 -0.229144 -0.0406099
0.509553 -0.229146 -0.0406099
0.504593 -0.229147 -0.0406099
0.534335 -0.0847911 -0.0215111
0.499632 -0.229148 -0.0406099
0.524436 -0.229144 -0.0501593
0.474828 -0.229152 -0.0406099
0.534332 -0.0648806 0.0262358
0.469867 -0.229152 -0.0406099
0.499604 -0.0499531 -0.00718707
0.464907 -0.229153 -0.0406099
0.459946 -0.229154 -0.0406099
0.454985 -0.229155 -0.0406099
0.450025 -0.229155 -0.0406099
0.445064 -0.229156 -0.0406099
0.440103 -0.229157 -0.0406099
0.425221 -0.229159 -0.0406099
0.415299 -0.229161 -0.0406099
0.524436 -0.229144 -0.0358352
0.519475 -0.229145 -0.0358352
0.514514 -0.229145 -0.0358352
0.509553 -0.229146 -0.0358352
0.504593 -0.229147 -0.0358352
0.48475 -0.22915 -0.0358352
0.534332 -0.0648806 0.0214611
0.469867 -0.229152 -0.0358352
0.499604 -0.0499531 -0.0119618
0.464907 -0.229153 -0.0358352
0.504565 -0.0499523 0.0310105
0.445064 -0.229156 -0.0358352
0.430182 -0.229158 -0.0358352
0.53434 -0.119635 -0.0215111
0.425221 -0.229159 -0.0358352
0.415299 -0.229161 -0.0358352
0.410339 -0.229162 -0.0358352
0.534357 -0.229142 -0.0310605
0.529396 -0.229143 -0.0310605
0.524436 -0.229144 -0.0310605
0.534338 -0.104702 -0.0262858
0.504593 -0.229147 -0.0310605
0.454958 -0.0499599 -0.00718707
0.499632 -0.229148 -0.0310605
0.48475 -0.22915 -0.0310605
0.534332 -0.0648806 0.0166864
0.469867 -0.229152 -0.0310605
0.459946 -0.229154 -0.0310605
0.450025 -0.229155 -0.0310605
0.440103 -0.229157 -0.0310605
0.435142 -0.229158 -0.0310605
0.53434 -0.119635 -0.0262858
0.425221 -0.229159 -0.0310605
0.42026 -0.22916 -0.0310605
0.415299 -0.229161 -0.0310605
0.53433 -0.0549253 0.0310105
0.410339 -0.229162 -0.0310605
0.524436 -0.229144 -0.0262858
0.519475 -0.229145 -0.0262858
0.509553 -0.229146 -0.0262858
0.504593 -0.229147 -0.0262858
0.454958 -0.0499599 -0.00241238
0.499632 -0.229148 -0.0262858
0.430154 -0.0499638 0.0310105
0.494671 -0.229148 -0.0262858
0.48971 -0.229149 -0.0262858
0.48475 -0.22915 -0.0262858
0.534332 -0.0648806 0.007137
0.469867 -0.229152 -0.0262858
0.499604 -0.0499531 -0.00241238
0.464907 -0.229153 -0.0262858
0.459946 -0.229154 -0.0262858
0.445064 -0.229156 -0.0262858
0.440103 -0.229157 -0.0262858
0.430182 -0.229158 -0.0262858
0.410339 -0.229162 -0.0262858
0.529396 -0.229143 -0.0215111
0.519475 -0.229145 -0.0215111
0.534348 -0.169411 0.0310105
0.514514 -0.229145 -0.0215111
0.509553 -0.229146 -0.0215111
0.534338 -0.104702 -0.0310605
0.504593 -0.229147 -0.0215111
0.499632 -0.229148 -0.0215111
0.48971 -0.229149 -0.0215111
0.479789 -0.229151 -0.0215111
0.469867 -0.229152 -0.0215111
0.499604 -0.0499531 0.0166864
0.534356 -0.224165 -0.0406099
0.464907 -0.229153 -0.0215111
0.459946 -0.229154 -0.0215111
0.454985 -0.229155 -0.0215111
0.450025 -0.229155 -0.0215111
0.445064 -0.229156 -0.0215111
0.440103 -0.229157 -0.0215111
0.435142 -0.229158 -0.0215111
0.430182 -0.229158 -0.0215111
0.415299 -0.229161 -0.0215111
0.410339 -0.229162 -0.0215111
0.534349 -0.179366 0.0310105
0.529396 -0.229143 -0.0167365
0.524436 -0.229144 -0.0167365
0.519475 -0.229145 -0.0167365
0.514514 -0.229145 -0.0167365
0.504593 -0.229147 -0.0167365
0.454958 -0.0499599 0.007137
0.499632 -0.229148 -0.0167365
0.48971 -0.229149 -0.0167365
0.454985 -0.229155 -0.0167365
0.450025 -0.229155 -0.0167365
0.489683 -0.0499546 -0.0406099
0.445064 -0.229156 -0.0167365
0.435142 -0.229158 -0.0167365
0.430182 -0.229158 -0.0167365
0.425221 -0.229159 -0.0167365
0.53433 -0.0549253 -0.0310605
0.410339 -0.229162 -0.0167365
0.529396 -0.229143 -0.0119618
0.519475 -0.229145 -0.0119618
0.509553 -0.229146 -0.0119618
0.534338 -0.104702 -0.0215111
0.504593 -0.229147 -0.0119618
0.499632 -0.229148 -0.0119618
0.48971 -0.229149 -0.0119618
0.48475 -0.22915 -0.0119618
0.479789 -0.229151 -0.0119618
0.469867 -0.229152 -0.0119618
0.499604 -0.0499531 0.0119117
0.464907 -0.229153 -0.0119618
0.459946 -0.229154 -0.0119618
0.445064 -0.229156 -0.0119618
0.435142 -0.229158 -0.0119618
0.430182 -0.229158 -0.0119618
0.425221 -0.229159 -0.0119618
0.415299 -0.229161 -0.0119618
0.410339 -0.229162 -0.0119618
0.534357 -0.229142 -0.00718707
0.534348 -0.169411 0.0262358
0.514514 -0.229145 -0.00718707
0.509553 -0.229146 -0.00718707
0.48971 -0.229149 -0.00718707
0.479789 -0.229151 -0.00718707
0.474828 -0.229152 -0.00718707
0.469867 -0.229152 -0.00718707
0.464907 -0.229153 -0.00718707
0.454985 -0.229155 -0.00718707
0.450025 -0.229155 -0.00718707
0.435142 -0.229158 -0.00718707
0.430182 -0.229158 -0.00718707
0.425221 -0.229159 -0.00718707
0.415299 -0.229161 -0.00718707
0.410339 -0.229162 -0.00718707
0.534357 -0.229142 -0.00241238
0.519475 -0.229145 -0.00241238
0.509553 -0.229146 -0.00241238
0.504593 -0.229147 -0.00241238
0.499632 -0.229148 -0.00241238
0.430154 -0.0499638 0.007137
0.534352 -0.194299 -0.054934
0.494671 -0.229148 -0.00241238
0.48475 -0.22915 -0.00241238
0.469867 -0.229152 -0.00241238
0.464907 -0.229153 -0.00241238
0.454985 -0.229155 -0.00241238
0.450025 -0.229155 -0.00241238
0.445064 -0.229156 -0.00241238
0.435142 -0.229158 -0.00241238
0.430182 -0.229158 -0.00241238
0.425221 -0.229159 -0.00241238
0.440075 -0.0499622 -0.0358352
0.42026 -0.22916 -0.00241238
0.415299 -0.229161 -0.00241238
0.410339 -0.229162 -0.00241238
0.519475 -0.229145 0.00236231
0.534348 -0.169411 0.007137
0.514514 -0.229145 0.00236231
0.509553 -0.229146 0.00236231
0.534338 -0.104702 -0.054934
0.504593 -0.229147 0.00236231
0.499632 -0.229148 0.00236231
0.48971 -0.229149 0.00236231
0.48475 -0.22915 0.00236231
0.479789 -0.229151 0.00236231
0.474828 -0.229152 0.00236231
0.534356 -0.224165 -0.0167365
0.464907 -0.229153 0.00236231
0.459946 -0.229154 0.00236231
0.454985 -0.229155 0.00236231
0.440103 -0.229157 0.00236231
0.435142 -0.229158 0.00236231
0.430182 -0.229158 0.00236231
0.415299 -0.229161 0.00236231
0.534357 -0.229142 0.007137
0.53435 -0.184344 -0.0358352
0.529396 -0.229143 0.007137
0.474828 -0.229152 -0.00241238
0.524436 -0.229144 0.007137
0.509553 -0.229146 0.007137
0.504593 -0.229147 0.007137
0.454958 -0.0499599 -0.0167365
0.499632 -0.229148 0.007137
0.48971 -0.229149 0.007137
0.48475 -0.22915 0.007137
0.534331 -0.059903 -0.0453846
0.479789 -0.229151 0.007137
0.524436 -0.229144 -0.00241238
0.474828 -0.229152 0.007137
0.469867 -0.229152 0.007137
0.459946 -0.229154 0.007137
0.534343 -0.139545 -0.0406099
0.454985 -0.229155 0.007137
0.450025 -0.229155 0.007137
0.489683 -0.0499546 -0.0167365
0.445064 -0.229156 0.007137
0.435142 -0.229158 0.007137
0.430182 -0.229158 0.007137
0.425221 -0.229159 0.007137
0.415299 -0.229161 0.007137
0.474828 -0.229152 -0.0215111
0.524436 -0.229144 0.0119117
0.519475 -0.229145 0.0119117
0.514514 -0.229145 0.0119117
0.534338 -0.104702 -0.0453846
0.504593 -0.229147 0.0119117
0.499632 -0.229148 0.0119117
0.430154 -0.0499638 0.0166864
0.519447 -0.04995 0.0310105
0.534352 -0.194299 -0.0453846
0.494671 -0.229148 0.0119117
0.48971 -0.229149 0.0119117
0.48475 -0.22915 0.0119117
0.474828 -0.229152 0.0119117
0.469867 -0.229152 0.0119117
0.459946 -0.229154 0.0119117
0.534343 -0.139545 -0.0358352
0.454985 -0.229155 0.0119117
0.440103 -0.229157 0.0119117
0.435142 -0.229158 0.0119117
0.430182 -0.229158 0.0119117
0.534329 -0.0499477 -0.0310605
0.42026 -0.22916 0.0119117
0.534342 -0.12959 0.0310105
0.529396 -0.229143 0.0166864
0.524436 -0.229144 0.0166864
0.519475 -0.229145 0.0166864
0.534348 -0.169411 -0.00718707
0.514514 -0.229145 0.0166864
0.509553 -0.229146 0.0166864
0.454958 -0.0499599 -0.0215111
0.499632 -0.229148 0.0166864
0.494671 -0.229148 0.0166864
0.48971 -0.229149 0.0166864
0.48475 -0.22915 0.0166864
0.534331 -0.059903 -0.0406099
0.479789 -0.229151 0.0166864
0.469867 -0.229152 0.0166864
0.499604 -0.0499531 -0.0453846
0.534356 -0.224165 -0.00718707
0.464907 -0.229153 0.0166864
0.459946 -0.229154 0.0166864
0.534343 -0.139545 -0.0501593
0.454985 -0.229155 0.0166864
0.450025 -0.229155 0.0166864
0.489683 -0.0499546 -0.00241238
0.445064 -0.229156 0.0166864
0.435142 -0.229158 0.0166864
0.430182 -0.229158 0.0166864
0.440075 -0.0499622 -0.0406099
0.42026 -0.22916 0.0166864
0.415299 -0.229161 0.0166864
0.410339 -0.229162 0.0166864
0.534357 -0.229142 0.0214611
0.53435 -0.184344 0.0262358
0.529396 -0.229143 0.0214611
0.474828 -0.229152 -0.0167365
0.524436 -0.229144 0.0214611
0.519475 -0.229145 0.0214611
0.534348 -0.169411 -0.0119618
0.514514 -0.229145 0.0214611
0.509553 -0.229146 0.0214611
0.534337 -0.099724 0.0214611
0.504593 -0.229147 0.0214611
0.430154 -0.0499638 -0.0167365
0.534352 -0.194299 -0.0310605
0.494671 -0.229148 0.0214611
0.48971 -0.229149 0.0214611
0.48475 -0.22915 0.0214611
0.534331 -0.059903 -0.0358352
0.479789 -0.229151 0.0214611
0.474828 -0.229152 0.0214611
0.469867 -0.229152 0.0214611
0.534343 -0.139545 -0.0453846
0.454985 -0.229155 0.0214611
0.450025 -0.229155 0.0214611
0.445064 -0.229156 0.0214611
0.440103 -0.229157 0.0214611
0.430182 -0.229158 0.0214611
0.415299 -0.229161 0.0214611
0.519475 -0.229145 0.0262358
0.509553 -0.229146 0.0262358
0.534346 -0.154478 -0.0215111
0.534337 -0.099724 0.0262358
0.504593 -0.229147 0.0262358
0.430154 -0.0499638 -0.0119618
0.534352 -0.194299 -0.0119618
0.494671 -0.229148 0.0262358
0.534332 -0.0648806 -0.0453846
0.48971 -0.229149 0.0262358
0.48475 -0.22915 0.0262358
0.464907 -0.229153 0.0262358
0.459946 -0.229154 0.0262358
0.454985 -0.229155 0.0262358
0.445064 -0.229156 0.0262358
0.534342 -0.134567 0.0119117
0.435142 -0.229158 0.0262358
0.430182 -0.229158 0.0262358
0.415299 -0.229161 0.0262358
0.534357 -0.229142 0.0310105
0.474828 -0.229152 -0.0262858
0.524436 -0.229144 0.0310105
0.519475 -0.229145 0.0310105
0.534342 -0.12959 -0.00718707
0.514514 -0.229145 0.0310105
0.534346 -0.154478 -0.00718707
0.504593 -0.229147 0.0310105
0.454958 -0.0499599 -0.0406099
0.499632 -0.229148 0.0310105
0.494671 -0.229148 0.0310105
0.534332 -0.0648806 -0.0310605
0.48971 -0.229149 0.0310105
0.534331 -0.059903 -0.0215111
0.479789 -0.229151 0.0310105
0.469867 -0.229152 0.0310105
0.459946 -0.229154 0.0310105
0.454985 -0.229155 0.0310105
0.450025 -0.229155 0.0310105
0.445064 -0.229156 0.0310105
0.440103 -0.229157 0.0310105
0.534342 -0.134567 0.0166864
0.435142 -0.229158 0.0310105
0.430182 -0.229158 0.0310105
0.425221 -0.229159 0.0310105
0.440075 -0.0499622 -0.0215111
0.534329 -0.0499477 0.0119117
0.42026 -0.22916 0.0310105
0.415299 -0.229161 0.0310105
0.410339 -0.229162 0.0310105
0.405378 -0.229162 -0.054934
0.425221 -0.229159 0.0262358
0.405377 -0.224185 -0.054934
0.534349 -0.174388 -0.0453846
0.405376 -0.219207 -0.054934
0.405376 -0.214229 -0.054934
0.405375 -0.209252 -0.054934
0.534342 -0.134567 -0.00718707
0.405373 -0.199296 -0.054934
0.405373 -0.194319 -0.054934
0.405371 -0.184364 -0.054934
0.405368 -0.164453 -0.054934
0.445036 -0.0499615 -0.0406099
0.405366 -0.14952 -0.054934
0.405365 -0.144543 -0.054934
0.405363 -0.134587 -0.054934
0.405362 -0.12961 -0.054934
0.405362 -0.124632 -0.054934
0.494644 -0.0499538 -0.0215111
0.40536 -0.114677 -0.054934
0.405359 -0.104722 -0.054934
0.46984 -0.0499576 -0.0501593
0.405353 -0.0698781 -0.054934
0.42026 -0.22916 -0.00718707
0.405353 -0.0649005 -0.054934
0.405351 -0.0549452 -0.054934
0.405377 -0.224185 -0.0501593
0.405376 -0.219207 -0.0501593
0.405376 -0.214229 -0.0501593
0.405375 -0.209252 -0.0501593
0.405374 -0.204274 -0.0501593
0.534342 -0.134567 -0.00241238
0.405373 -0.199296 -0.0501593
0.405373 -0.194319 -0.0501593
0.534341 -0.124612 0.00236231
0.405372 -0.189341 -0.0501593
0.40537 -0.179386 -0.0501593
0.405369 -0.169431 -0.0501593
0.405368 -0.164453 -0.0501593
0.405367 -0.159475 -0.0501593
0.445036 -0.0499615 -0.0453846
0.405366 -0.14952 -0.0501593
0.405365 -0.144543 -0.0501593
0.405364 -0.139565 -0.0501593
0.405363 -0.134587 -0.0501593
0.405361 -0.119654 -0.0501593
0.40536 -0.114677 -0.0501593
0.405359 -0.109699 -0.0501593
0.405359 -0.104722 -0.0501593
0.405357 -0.0947663 -0.0501593
0.405355 -0.0798334 -0.0501593
0.534331 -0.059903 0.0214611
0.405354 -0.0748557 -0.0501593
0.440075 -0.0499622 -0.0310605
0.42026 -0.22916 0.00236231
0.405353 -0.0649005 -0.0501593
0.405352 -0.0599229 -0.0501593
0.405378 -0.229162 -0.0453846
0.405376 -0.214229 -0.0453846
0.405374 -0.204274 -0.0453846
0.435142 -0.229158 -0.0406099
0.405373 -0.199296 -0.0453846
0.405373 -0.194319 -0.0453846
0.534348 -0.169411 -0.0501593
0.405372 -0.189341 -0.0453846
0.405371 -0.184364 -0.0453846
0.40537 -0.179386 -0.0453846
0.405369 -0.174408 -0.0453846
0.405369 -0.169431 -0.0453846
0.405365 -0.144543 -0.0453846
0.405364 -0.139565 -0.0453846
0.405362 -0.12961 -0.0453846
0.405362 -0.124632 -0.0453846
0.494644 -0.0499538 -0.0167365
0.40536 -0.114677 -0.0453846
0.405359 -0.104722 -0.0453846
0.534335 -0.0847911 0.0166864
0.405358 -0.0997439 -0.0453846
0.405357 -0.0947663 -0.0453846
0.405356 -0.0897886 -0.0453846
0.410311 -0.0499668 0.0310105
0.405356 -0.084811 -0.0453846
0.405355 -0.0798334 -0.0453846
0.534331 -0.059903 0.0262358
0.479789 -0.229151 -0.0167365
0.405354 -0.0748557 -0.0453846
0.534329 -0.0499477 0.0262358
0.405353 -0.0649005 -0.0453846
0.405352 -0.0599229 -0.0453846
0.405351 -0.0549452 -0.0453846
0.40535 -0.0499676 -0.0453846
0.405378 -0.229162 -0.0406099
0.405376 -0.219207 -0.0406099
0.405375 -0.209252 -0.0406099
0.405374 -0.204274 -0.0406099
0.534348 -0.169411 -0.0310605
0.405372 -0.189341 -0.0406099
0.405371 -0.184364 -0.0406099
0.40537 -0.179386 -0.0406099
0.405369 -0.174408 -0.0406099
0.405367 -0.159475 -0.0406099
0.405366 -0.154498 -0.0406099
0.445036 -0.0499615 -0.0310605
0.405366 -0.14952 -0.0406099
0.405365 -0.144543 -0.0406099
0.405364 -0.139565 -0.0406099
0.405363 -0.134587 -0.0406099
0.405362 -0.12961 -0.0406099
0.405361 -0.119654 -0.0406099
0.40536 -0.114677 -0.0406099
0.405359 -0.109699 -0.0406099
0.405359 -0.104722 -0.0406099
0.534335 -0.0847911 0.0119117
0.405358 -0.0997439 -0.0406099
0.405356 -0.0897886 -0.0406099
0.410311 -0.0499668 0.0214611
0.534333 -0.0748358 0.0310105
0.405356 -0.084811 -0.0406099
0.405355 -0.0798334 -0.0406099
0.405354 -0.0748557 -0.0406099
0.42026 -0.22916 -0.0406099
0.405353 -0.0649005 -0.0406099
0.440075 -0.0499622 0.007137
0.405352 -0.0599229 -0.0406099
0.405351 -0.0549452 -0.0406099
0.405378 -0.229162 -0.0358352
0.405376 -0.219207 -0.0358352
0.405374 -0.204274 -0.0358352
0.405373 -0.199296 -0.0358352
0.405371 -0.184364 -0.0358352
0.405369 -0.174408 -0.0358352
0.405367 -0.159475 -0.0358352
0.405366 -0.154498 -0.0358352
0.445036 -0.0499615 -0.0358352
0.405366 -0.14952 -0.0358352
0.405365 -0.144543 -0.0358352
0.405363 -0.134587 -0.0358352
0.405362 -0.12961 -0.0358352
0.405362 -0.124632 -0.0358352
0.405361 -0.119654 -0.0358352
0.405359 -0.104722 -0.0358352
0.405358 -0.0997439 -0.0358352
0.405357 -0.0947663 -0.0358352
0.405356 -0.0897886 -0.0358352
0.410311 -0.0499668 0.0166864
0.405356 -0.084811 -0.0358352
0.405355 -0.0798334 -0.0358352
0.534331 -0.059903 0.007137
0.405354 -0.0748557 -0.0358352
0.46984 -0.0499576 0.00236231
0.405353 -0.0698781 -0.0358352
0.42026 -0.22916 -0.0358352
0.405353 -0.0649005 -0.0358352
0.440075 -0.0499622 -0.0119618
0.405352 -0.0599229 -0.0358352
0.405351 -0.0549452 -0.0358352
0.534357 -0.229142 -0.0262858
0.40535 -0.0499676 -0.0358352
0.405378 -0.229162 -0.0310605
0.405376 -0.219207 -0.0310605
0.405375 -0.209252 -0.0310605
0.405374 -0.204274 -0.0310605
0.405373 -0.199296 -0.0310605
0.53435 -0.184344 -0.0310605
0.405373 -0.194319 -0.0310605
0.405371 -0.184364 -0.0310605
0.405369 -0.169431 -0.0310605
0.405366 -0.154498 -0.0310605
0.405366 -0.14952 -0.0310605
0.405363 -0.134587 -0.0310605
0.405362 -0.12961 -0.0310605
0.435115 -0.049963 0.0166864
0.405362 -0.124632 -0.0310605
0.534336 -0.0897687 0.0166864
0.405361 -0.119654 -0.0310605
0.40536 -0.114677 -0.0310605
0.405359 -0.109699 -0.0310605
0.405359 -0.104722 -0.0310605
0.405358 -0.0997439 -0.0310605
0.534331 -0.059903 0.0119117
0.479789 -0.229151 -0.0262858
0.405354 -0.0748557 -0.0310605
0.405351 -0.0549452 -0.0310605
0.534357 -0.229142 -0.0453846
0.40535 -0.0499676 -0.0310605
0.405376 -0.219207 -0.0262858
0.514486 -0.0499508 -0.0119618
0.405376 -0.214229 -0.0262858
0.405375 -0.209252 -0.0262858
0.405371 -0.184364 -0.0262858
0.40537 -0.179386 -0.0262858
0.405369 -0.174408 -0.0262858
0.405368 -0.164453 -0.0262858
0.405367 -0.159475 -0.0262858
0.405366 -0.154498 -0.0262858
0.405364 -0.139565 -0.0262858
0.534333 -0.0698582 0.0214611
0.40536 -0.114677 -0.0262858
0.405359 -0.104722 -0.0262858
0.405358 -0.0997439 -0.0262858
0.405357 -0.0947663 -0.0262858
0.405356 -0.0897886 -0.0262858
0.405355 -0.0798334 -0.0262858
0.405354 -0.0748557 -0.0262858
0.46984 -0.0499576 -0.0310605
0.474801 -0.0499569 0.0262358
0.405353 -0.0698781 -0.0262858
0.534329 -0.0499477 0.0214611
0.42026 -0.22916 0.0262358
0.405353 -0.0649005 -0.0262858
0.405352 -0.0599229 -0.0262858
0.405351 -0.0549452 -0.0262858
0.534357 -0.229142 -0.0406099
0.40535 -0.0499676 -0.0262858
0.405378 -0.229162 -0.0215111
0.405377 -0.224185 -0.0215111
0.405376 -0.219207 -0.0215111
0.405375 -0.209252 -0.0215111
0.405373 -0.199296 -0.0215111
0.405372 -0.189341 -0.0215111
0.405371 -0.184364 -0.0215111
0.405369 -0.174408 -0.0215111
0.405369 -0.169431 -0.0215111
0.405368 -0.164453 -0.0215111
0.405367 -0.159475 -0.0215111
0.405366 -0.154498 -0.0215111
0.445036 -0.0499615 -0.0501593
0.405366 -0.14952 -0.0215111
0.405365 -0.144543 -0.0215111
0.405363 -0.134587 -0.0215111
0.504565 -0.0499523 -0.054934
0.410339 -0.229162 -0.0406099
0.405362 -0.12961 -0.0215111
0.405362 -0.124632 -0.0215111
0.405361 -0.119654 -0.0215111
0.405359 -0.109699 -0.0215111
0.405359 -0.104722 -0.0215111
0.405358 -0.0997439 -0.0215111
0.405357 -0.0947663 -0.0215111
0.405356 -0.0897886 -0.0215111
0.410311 -0.0499668 -0.0406099
0.405356 -0.084811 -0.0215111
0.405355 -0.0798334 -0.0215111
0.534331 -0.059903 0.00236231
0.479789 -0.229151 -0.0406099
0.405354 -0.0748557 -0.0215111
0.534329 -0.0499477 0.00236231
0.405353 -0.0649005 -0.0215111
0.405352 -0.0599229 -0.0215111
0.534357 -0.229142 -0.0119618
0.40535 -0.0499676 -0.0215111
0.405378 -0.229162 -0.0167365
0.425221 -0.229159 0.0166864
0.405377 -0.224185 -0.0167365
0.405376 -0.219207 -0.0167365
0.514486 -0.0499508 -0.0262858
0.405376 -0.214229 -0.0167365
0.405375 -0.209252 -0.0167365
0.534342 -0.134567 -0.0406099
0.405373 -0.199296 -0.0167365
0.405369 -0.174408 -0.0167365
0.534346 -0.154478 -0.0453846
0.405368 -0.164453 -0.0167365
0.405367 -0.159475 -0.0167365
0.405366 -0.154498 -0.0167365
0.405365 -0.144543 -0.0167365
0.405364 -0.139565 -0.0167365
0.410339 -0.229162 -0.0453846
0.405362 -0.12961 -0.0167365
0.534336 -0.0897687 0.0262358
0.405361 -0.119654 -0.0167365
0.405359 -0.104722 -0.0167365
0.405358 -0.0997439 -0.0167365
0.405357 -0.0947663 -0.0167365
0.410311 -0.0499668 -0.0501593
0.405356 -0.084811 -0.0167365
0.405355 -0.0798334 -0.0167365
0.405354 -0.0748557 -0.0167365
0.405353 -0.0698781 -0.0167365
0.42026 -0.22916 -0.0167365
0.405353 -0.0649005 -0.0167365
0.405351 -0.0549452 -0.0167365
0.40535 -0.0499676 -0.0167365
0.405378 -0.229162 -0.0119618
0.425221 -0.229159 0.0214611
0.405377 -0.224185 -0.0119618
0.405376 -0.219207 -0.0119618
0.514486 -0.0499508 -0.0215111
0.529369 -0.0499485 0.0262358
0.405376 -0.214229 -0.0119618
0.405375 -0.209252 -0.0119618
0.405374 -0.204274 -0.0119618
0.405373 -0.199296 -0.0119618
0.529396 -0.229143 -0.054934
0.405373 -0.194319 -0.0119618
0.534341 -0.124612 -0.0406099
0.405372 -0.189341 -0.0119618
0.53434 -0.119635 -0.0310605
0.405371 -0.184364 -0.0119618
0.40537 -0.179386 -0.0119618
0.415296 -0.20925 -0.0597087
0.430154 -0.0499638 0.0119117
0.534352 -0.194299 -0.0358352
0.494671 -0.229148 0.00236231
0.41529 -0.169429 -0.0597087
0.415289 -0.159474 -0.0597087
0.415272 -0.0499661 -0.0597087
0.405363 -0.134587 0.0310105
0.415283 -0.124631 -0.0597087
0.534348 -0.169411 -0.0215111
0.514514 -0.229145 -0.054934
0.52443 -0.1943 -0.0597087
0.405351 -0.0549452 0.00236231
0.405365 -0.144543 -0.0262858
0.415282 -0.114675 -0.0597087
0.524408 -0.0499492 -0.00718707
0.519448 -0.0549276 0.0357852
0.435115 -0.049963 0.0119117
0.405362 -0.124632 -0.0501593
0.415279 -0.0947647 -0.0597087
0.410315 -0.074855 -0.0597087
0.415276 -0.0798318 -0.0597087
0.435115 -0.049963 -0.0262858
0.40536 -0.114677 0.0119117
0.415275 -0.0698766 -0.0597087
0.53434 -0.119635 0.0357852
0.415272 -0.0549437 -0.0597087
0.410339 -0.229162 0.0119117
0.499624 -0.179371 -0.0597087
0.410339 -0.229162 -0.0597087
0.534343 -0.139545 0.0166864
0.410335 -0.204273 -0.0597087
0.410332 -0.18934 -0.0597087
0.410329 -0.16943 -0.0597087
0.534339 -0.114657 -0.0597087
0.534348 -0.169411 0.0357852
0.410323 -0.129609 -0.0597087
0.534339 -0.114657 0.0166864
0.410319 -0.0997431 -0.0597087
0.440102 -0.224179 0.0357852
0.410314 -0.0698773 -0.0597087
0.410312 -0.0549445 -0.0597087
0.405373 -0.199296 -0.0597087
0.529396 -0.229143 -0.00718707
0.405373 -0.194319 -0.0597087
0.534356 -0.224165 0.007137
0.504575 -0.114661 -0.0597087
0.489685 -0.0648875 0.0357852
0.405362 -0.12961 -0.0597087
0.534351 -0.189321 0.0119117
0.509532 -0.0897726 -0.0597087
0.494644 -0.0499538 0.0214611
0.40536 -0.114677 -0.0597087
0.435122 -0.0947617 0.0357852
0.405355 -0.0798334 -0.0597087
0.534356 -0.219187 -0.0597087
0.534331 -0.059903 0.0310105
0.405354 -0.0748557 -0.0597087
0.534347 -0.164433 0.0357852
0.534354 -0.209232 0.0357852
0.524436 -0.229144 -0.0119618
0.405371 -0.184364 0.0357852
0.489683 -0.0499546 -0.0501593
0.519458 -0.119637 0.0357852
0.529396 -0.229143 -0.0358352
0.534349 -0.179366 0.0357852
0.509548 -0.194303 0.0357852
0.534345 -0.1495 0.0357852
0.450019 -0.194312 0.0357852
0.534339 -0.109679 0.0357852
0.534338 -0.104702 0.0357852
0.450025 -0.229155 -0.0501593
0.405374 -0.204274 -0.0597087
0.445036 -0.0499615 -0.054934
0.405366 -0.14952 -0.0167365
0.519469 -0.189324 0.0357852
0.454961 -0.0748481 -0.0597087
0.410311 -0.0499668 0.0262358
0.534333 -0.0748358 0.0357852
0.425216 -0.199293 0.0357852
0.420243 -0.119652 -0.0597087
0.484722 -0.0499553 -0.0358352
0.420232 -0.0499653 -0.0310605
0.504577 -0.129594 -0.0597087
0.440099 -0.204269 -0.0597087
0.425193 -0.0499645 -0.0501593
0.464903 -0.204265 0.0357852
0.53435 -0.184344 0.007137
0.529396 -0.229143 0.0357852
0.42521 -0.159472 -0.0597087
0.425221 -0.229159 0.0119117
0.405377 -0.224185 -0.0262858
0.410326 -0.149519 -0.0597087
0.534355 -0.214209 0.00236231
0.405354 -0.0748557 0.0214611
0.529393 -0.209233 0.0357852
0.445041 -0.0798272 0.0357852
0.529388 -0.174389 0.0357852
0.4897 -0.16444 -0.0597087
0.534341 -0.124612 0.0119117
0.454985 -0.229155 -0.0310605
0.405372 -0.189341 -0.054934
0.445048 -0.124626 0.0357852
0.49465 -0.0947525 0.0357852
0.454958 -0.0499599 -0.0310605
0.529382 -0.134568 0.0357852
0.445048 -0.129604 -0.0597087
0.519458 -0.119637 -0.0597087
0.534354 -0.209232 -0.0597087
0.529381 -0.129591 0.0357852
0.450018 -0.184357 -0.0597087
0.41528 -0.10472 -0.0597087
0.529374 -0.0847919 0.0357852
0.449997 -0.0499607 0.0357852
0.48971 -0.229149 -0.0597087
0.529373 -0.0748366 0.0357852
0.440079 -0.0748504 0.0357852
0.524435 -0.224166 0.0357852
0.48475 -0.22915 -0.0215111
0.524432 -0.204256 0.0357852
0.52443 -0.1943 0.0357852
0.524429 -0.189323 0.0357852
0.405356 -0.084811 -0.0119618
0.524428 -0.179368 0.0357852
0.405375 -0.209252 0.0214611
0.420249 -0.159473 0.0357852
0.445036 -0.0499615 -0.0262858
0.405366 -0.14952 -0.0453846
0.450009 -0.129603 -0.0597087
0.405364 -0.139565 -0.00241238
0.519474 -0.224167 0.0357852
0.405359 -0.109699 -0.0262858
0.524422 -0.139547 0.0357852
0.445059 -0.19929 0.0357852
0.405359 -0.109699 -0.054934
0.524418 -0.114658 0.0357852
0.410339 -0.229162 0.0262358
0.524416 -0.104703 0.0357852
0.529381 -0.129591 -0.0597087
0.534341 -0.124612 0.0262358
0.405373 -0.194319 0.00236231
0.534351 -0.189321 -0.0215111
0.469853 -0.134577 -0.0597087
0.524414 -0.0897703 0.0357852
0.440075 -0.0499622 0.0262358
0.529385 -0.154479 0.0357852
0.504579 -0.13955 -0.0597087
0.405352 -0.0599229 0.007137
0.524409 -0.0599045 0.0357852
0.489688 -0.084798 0.0357852
0.420232 -0.0499653 0.0166864
0.524409 -0.0549268 0.0357852
0.524408 -0.0499492 0.0357852
0.509526 -0.0499515 -0.0358352
0.425202 -0.109696 -0.0597087
0.40537 -0.179386 -0.0167365
0.415286 -0.139563 -0.0597087
0.46489 -0.119645 0.0357852
0.519473 -0.219189 0.0357852
0.450015 -0.169424 -0.0597087
0.504583 -0.169415 -0.0597087
0.529371 -0.0648813 0.0357852
0.450024 -0.224178 -0.0597087
0.51451 -0.204257 -0.0597087
0.51947 -0.199279 0.0357852
0.459935 -0.159467 0.0357852
0.519466 -0.169413 0.0357852
0.474817 -0.154487 -0.0597087
0.519465 -0.164435 0.0357852
0.51947 -0.199279 -0.0597087
0.459944 -0.214221 -0.0597087
0.405355 -0.0798334 0.0214611
0.534345 -0.1495 0.0214611
0.425211 -0.16445 -0.0597087
0.405358 -0.0997439 -0.00718707
0.51946 -0.13457 0.0357852
0.519452 -0.0798158 0.0357852
0.51945 -0.0698605 0.0357852
0.534337 -0.099724 -0.0262858
0.514513 -0.224168 0.0357852
0.534339 -0.109679 -0.0215111
0.534346 -0.159456 0.0262358
0.514512 -0.214213 0.0357852
0.454962 -0.0798257 -0.0597087
0.435142 -0.229158 -0.0262858
0.405373 -0.199296 -0.0406099
0.514508 -0.189324 0.0357852
0.430154 -0.0499638 0.0262358
0.519463 -0.149503 0.0357852
0.45497 -0.129602 -0.0597087
0.425219 -0.219204 -0.0597087
0.479781 -0.179374 -0.0597087
0.415272 -0.0499661 0.0119117
0.514505 -0.169414 0.0357852
0.43017 -0.154494 0.0357852
0.410324 -0.134587 0.0357852
0.534338 -0.104702 0.00236231
0.469859 -0.174398 -0.0597087
0.474801 -0.0499569 -0.00718707
0.5145 -0.13457 0.0357852
0.534346 -0.159456 0.0119117
0.405369 -0.174408 0.0310105
0.514499 -0.129593 0.0357852
0.534344 -0.144523 0.0357852
0.445043 -0.0947601 0.0357852
0.519463 -0.15448 0.0357852
0.514491 -0.0798165 -0.0597087
0.514498 -0.124615 0.0357852
0.445044 -0.0997378 0.0357852
0.40537 -0.179386 0.0357852
0.534334 -0.0798135 0.0119117
0.459924 -0.0848026 0.0357852
0.454969 -0.124624 -0.0597087
0.514497 -0.119638 0.0357852
0.524408 -0.0499492 0.0214611
0.514495 -0.104705 0.0357852
0.519469 -0.194301 0.0357852
0.509537 -0.124616 0.0357852
0.499627 -0.194304 0.0357852
0.514494 -0.099727 0.0357852
0.405378 -0.229162 -0.00241238
0.51449 -0.0748389 0.0357852
0.494671 -0.229148 -0.0406099
0.504572 -0.0947509 0.0357852
0.534333 -0.0698582 -0.0310605
0.479768 -0.0947548 -0.0597087
0.484722 -0.0499553 -0.0262858
0.514488 -0.059906 0.0357852
0.534357 -0.229142 -0.0597087
0.509553 -0.229146 0.0357852
0.50955 -0.204258 0.0357852
0.534339 -0.109679 -0.0167365
0.534346 -0.159456 0.0357852
0.464888 -0.104712 -0.0597087
0.509549 -0.19928 0.0357852
0.450025 -0.229155 0.0262358
0.50953 -0.0748397 -0.0597087
0.534342 -0.12959 -0.0501593
0.509546 -0.17937 0.0357852
0.454974 -0.15449 -0.0597087
0.534345 -0.1495 -0.0406099
0.509545 -0.174392 0.0357852
0.405359 -0.109699 -0.0453846
0.50954 -0.144526 0.0357852
0.464879 -0.0499584 -0.0597087
0.534333 -0.0748358 -0.0453846
0.509533 -0.0997278 0.0357852
0.534333 -0.0698582 -0.00718707
0.514506 -0.179369 -0.0597087
0.405376 -0.214229 -0.0597087
0.474805 -0.0798227 -0.0597087
0.504592 -0.224169 -0.0597087
0.534355 -0.214209 0.0214611
0.450013 -0.154491 0.0357852
0.445036 -0.0499615 0.0166864
0.410316 -0.0798326 -0.0597087
0.504591 -0.219192 0.0357852
0.405375 -0.209252 -0.0453846
0.49467 -0.224171 0.0357852
0.504589 -0.204259 0.0357852
0.499604 -0.0499531 0.0214611
0.504588 -0.199281 0.0357852
0.50458 -0.144527 0.0357852
0.534341 -0.124612 0.007137
0.454985 -0.229155 -0.0358352
0.405372 -0.189341 -0.0597087
0.405366 -0.154498 0.0214611
0.504587 -0.189326 0.0357852
0.410339 -0.229162 0.007137
0.504585 -0.179371 0.0357852
0.519456 -0.104704 0.0357852
0.534332 -0.0648806 -0.0406099
0.504581 -0.154482 0.0357852
0.454958 -0.0499599 -0.0501593
0.499632 -0.229148 0.0214611
0.524416 -0.104703 -0.0597087
0.494653 -0.114663 0.0357852
0.405376 -0.219207 0.0310105
0.534352 -0.199277 -0.0406099
0.50458 -0.149505 0.0357852
0.454981 -0.199289 0.0357852
0.450005 -0.104715 -0.0597087
0.459944 -0.219199 0.0357852
0.504576 -0.119639 0.0357852
0.499604 -0.0499531 0.0310105
0.405359 -0.109699 0.0262358
0.504571 -0.0897733 0.0357852
0.529396 -0.224165 -0.0597087
0.50457 -0.0847957 0.0357852
0.40537 -0.179386 -0.0597087
0.504569 -0.0748404 0.0357852
0.519453 -0.0847934 -0.0597087
0.459918 -0.0499592 0.0166864
0.504566 -0.0599075 0.0357852
0.52442 -0.129591 0.0357852
0.519453 -0.0847934 0.0357852
0.445064 -0.229156 -0.0310605
0.504565 -0.0499523 0.0357852
0.53433 -0.0549253 -0.0597087
0.405358 -0.0997439 -0.0501593
0.430166 -0.129606 0.0357852
0.504587 -0.194304 0.0357852
0.49963 -0.219192 0.0357852
0.440095 -0.174403 0.0357852
0.489704 -0.189328 -0.0597087
0.534336 -0.0947464 -0.0406099
0.405367 -0.159475 -0.0597087
0.534329 -0.0499477 0.0166864
0.42026 -0.22916 0.0214611
0.529377 -0.104702 0.0357852
0.46984 -0.0499576 0.007137
0.49963 -0.214215 0.0357852
0.509543 -0.164437 0.0357852
0.405357 -0.0947663 0.0357852
0.440075 -0.0499622 -0.0501593
0.534329 -0.0499477 0.0310105
0.415292 -0.179384 -0.0597087
0.405363 -0.134587 0.0357852
0.420232 -0.0499653 -0.054934
0.484722 -0.0499553 -0.0597087
0.430181 -0.224181 -0.0597087
0.405375 -0.209252 0.0262358
0.415272 -0.0499661 0.007137
0.534355 -0.214209 0.007137
0.499629 -0.209237 0.0357852
0.405358 -0.0997439 0.0262358
0.405365 -0.144543 -0.0597087
0.499624 -0.179371 0.0357852
0.534335 -0.0847911 0.0357852
0.534356 -0.224165 0.0357852
0.5145 -0.13457 -0.0597087
0.534336 -0.0897687 0.0119117
0.405361 -0.119654 -0.0262858
0.499621 -0.159461 0.0357852
0.529386 -0.159456 0.0357852
0.49962 -0.149506 0.0357852
0.499619 -0.144528 0.0357852
0.499625 -0.184349 0.0357852
0.499615 -0.11964 0.0357852
0.415272 -0.0499661 0.0357852
0.499613 -0.104707 0.0357852
0.489704 -0.184351 0.0357852
0.519475 -0.229145 0.0357852
0.534353 -0.204254 0.0262358
0.499612 -0.0997293 0.0357852
0.509553 -0.229146 -0.0453846
0.499609 -0.0798188 0.0357852
0.509534 -0.104705 0.0357852
0.469858 -0.169421 0.0357852
0.519471 -0.204257 0.0357852
0.435128 -0.13956 0.0357852
0.499607 -0.0698636 0.0357852
0.534348 -0.169411 -0.0406099
0.514514 -0.229145 -0.0453846
0.405372 -0.189341 -0.0310605
0.410322 -0.119654 0.0357852
0.410329 -0.16943 0.0357852
0.445042 -0.0897825 -0.0597087
0.479789 -0.229151 0.0357852
0.534347 -0.164433 -0.0501593
0.52939 -0.189322 0.0357852
0.405356 -0.0897886 0.0119117
0.425209 -0.154495 -0.0597087
0.49467 -0.219193 0.0357852
0.43018 -0.219203 -0.0597087
0.440103 -0.229157 -0.0167365
0.40535 -0.0499676 -0.00718707
0.53435 -0.184344 -0.00241238
0.529396 -0.229143 0.00236231
0.494669 -0.214216 0.0357852
0.494667 -0.199283 0.0357852
0.479778 -0.159464 -0.0597087
0.514507 -0.184347 0.0357852
0.494665 -0.189327 0.0357852
0.405351 -0.0549452 0.0119117
0.420254 -0.189339 0.0357852
0.435119 -0.0798288 -0.0597087
0.514501 -0.144526 0.0357852
0.425221 -0.229159 0.00236231
0.405377 -0.224185 -0.0310605
0.410338 -0.224184 -0.0597087
0.46984 -0.0499576 0.0214611
0.499613 -0.109685 0.0357852
0.435137 -0.194314 0.0357852
0.474801 -0.0499569 -0.0167365
0.499614 -0.114662 0.0357852
0.420232 -0.0499653 -0.0215111
0.534354 -0.209232 0.0166864
0.49466 -0.154484 0.0357852
0.405376 -0.219207 0.0166864
0.410326 -0.144542 -0.0597087
0.494658 -0.144529 0.0357852
0.410324 -0.134587 -0.0597087
0.534346 -0.154478 -0.0406099
0.405368 -0.164453 0.00236231
0.405356 -0.0897886 -0.0310605
0.529375 -0.0897695 0.0357852
0.499618 -0.13955 0.0357852
0.509535 -0.109683 0.0357852
0.494662 -0.169417 -0.0597087
0.534334 -0.0798135 -0.0262858
0.459937 -0.169422 0.0357852
0.494653 -0.109685 0.0357852
0.524426 -0.164435 0.0357852
0.405369 -0.169431 -0.0597087
0.410333 -0.194318 0.0357852
0.489707 -0.204261 -0.0597087
0.49465 -0.0897749 0.0357852
0.420232 -0.0499653 -0.00718707
0.450005 -0.099737 0.0357852
0.494649 -0.0847972 0.0357852
0.405356 -0.084811 -0.0310605
0.459925 -0.0947578 0.0357852
0.524426 -0.164435 -0.0597087
0.405353 -0.0649005 -0.0310605
0.494646 -0.0648867 0.0357852
0.405356 -0.084811 -0.00718707
0.494644 -0.0549314 0.0357852
0.430182 -0.229158 0.0357852
0.519461 -0.139547 0.0357852
0.454985 -0.229155 -0.0119618
0.534343 -0.139545 -0.0597087
0.435115 -0.049963 -0.0310605
0.494644 -0.0499538 0.0357852
0.440082 -0.0897833 -0.0597087
0.519475 -0.229145 0.007137
0.504589 -0.204259 -0.0597087
0.489709 -0.219194 0.0357852
0.44505 -0.139559 -0.0597087
0.534329 -0.0499477 -0.0501593
0.514502 -0.149503 0.0357852
0.534348 -0.169411 -0.0167365
0.445049 -0.134581 -0.0597087
0.405356 -0.0897886 -0.0597087
0.489707 -0.209239 0.0357852
0.534342 -0.134567 -0.0310605
0.53435 -0.184344 0.0357852
0.489705 -0.194306 0.0357852
0.529378 -0.10968 0.0357852
0.489683 -0.0499546 -0.0119618
0.4897 -0.16444 0.0357852
0.529388 -0.174389 -0.0597087
0.50459 -0.209236 0.0357852
0.454958 -0.0499599 0.0357852
0.489694 -0.124619 0.0357852
0.534346 -0.154478 -0.0119618
0.504593 -0.229147 0.0357852
0.489693 -0.114664 0.0357852
0.489692 -0.109686 0.0357852
0.534356 -0.224165 -0.0262858
0.415277 -0.0848095 -0.0597087
0.48969 -0.0997309 0.0357852
0.420239 -0.0897863 -0.0597087
0.454964 -0.089781 -0.0597087
0.529374 -0.0847919 -0.0597087
0.489686 -0.0698651 0.0357852
0.534356 -0.219187 0.0214611
0.469847 -0.0947563 0.0357852
0.509544 -0.169415 0.0357852
0.534351 -0.189321 0.0357852
0.489684 -0.0599098 0.0357852
0.459921 -0.0698697 -0.0597087
0.48475 -0.22915 0.0357852
0.469867 -0.229152 0.00236231
0.49962 -0.154483 0.0357852
0.464891 -0.1296 -0.0597087
0.484749 -0.224172 0.0357852
0.529387 -0.169412 0.0357852
0.499607 -0.0648859 0.0357852
0.484747 -0.214217 0.0357852
0.405374 -0.204274 -0.00718707
0.484747 -0.209239 0.0357852
0.534351 -0.189321 -0.0597087
0.534342 -0.134567 0.0357852
0.410326 -0.144542 0.0357852
0.534346 -0.154478 0.0166864
0.484745 -0.199284 0.0357852
0.405363 -0.134587 -0.00241238
0.415283 -0.124631 0.0357852
0.534345 -0.1495 0.0166864
0.484744 -0.194307 0.0357852
0.529369 -0.0499485 -0.0453846
0.405376 -0.214229 -0.0358352
0.46488 -0.054936 -0.0597087
0.519475 -0.229145 -0.00718707
0.484742 -0.179374 0.0357852
0.484738 -0.154486 0.0357852
0.514486 -0.0499508 -0.00718707
0.405376 -0.214229 -0.0215111
0.50953 -0.0748397 0.0357852
0.524413 -0.079815 0.0357852
0.484735 -0.134575 0.0357852
0.435127 -0.129605 0.0357852
0.484732 -0.114665 0.0357852
0.48473 -0.0997316 0.0357852
0.454978 -0.184356 -0.0597087
0.484729 -0.094754 0.0357852
0.499632 -0.229148 0.0357852
0.494648 -0.0798196 0.0357852
0.504581 -0.154482 -0.0597087
0.484728 -0.0897764 0.0357852
0.509553 -0.229146 -0.0167365
0.484727 -0.0798211 0.0357852
0.499613 -0.104707 -0.0597087
0.519469 -0.189324 -0.0597087
0.519462 -0.144525 0.0357852
0.484723 -0.054933 0.0357852
0.484722 -0.0499553 0.0357852
0.430182 -0.229158 -0.0501593
0.519467 -0.179368 0.0357852
0.494644 -0.0499538 -0.054934
0.415298 -0.219205 -0.0597087
0.479787 -0.214218 0.0357852
0.459946 -0.229154 -0.0597087
0.405358 -0.0997439 0.0119117
0.524408 -0.0499492 -0.00241238
0.479786 -0.20924 0.0357852
0.464881 -0.0599137 0.0357852
0.479785 -0.204263 0.0357852
0.464901 -0.189332 -0.0597087
0.479784 -0.199285 0.0357852
0.469848 -0.0997339 -0.0597087
0.479784 -0.194307 0.0357852
0.415272 -0.0499661 0.0310105
0.459941 -0.199288 -0.0597087
0.479783 -0.18933 0.0357852
0.519453 -0.089771 0.0357852
0.534334 -0.0798135 0.0357852
0.405366 -0.14952 -0.0262858
0.50457 -0.0798181 -0.0597087
0.534342 -0.12959 -0.0215111
0.514493 -0.0947494 -0.0597087
0.534351 -0.189321 -0.0358352
0.484724 -0.0599106 0.0357852
0.479777 -0.154486 0.0357852
0.410338 -0.224184 0.0357852
0.479774 -0.129598 0.0357852
0.435121 -0.089784 0.0357852
0.459946 -0.229154 -0.00241238
0.479773 -0.124621 0.0357852
0.479771 -0.114665 0.0357852
0.479778 -0.159464 0.0357852
0.435115 -0.049963 0.0262358
0.405362 -0.124632 -0.0406099
0.479771 -0.109688 0.0357852
0.534335 -0.0847911 0.007137
0.494647 -0.074842 0.0357852
0.459945 -0.224176 -0.0597087
0.479769 -0.0997324 0.0357852
0.405364 -0.139565 -0.0310605
0.479768 -0.0947548 0.0357852
0.509526 -0.0499515 -0.054934
0.534345 -0.1495 -0.0167365
0.405368 -0.164453 0.0357852
0.479765 -0.0748443 0.0357852
0.410328 -0.159475 -0.0597087
0.479764 -0.0698666 0.0357852
0.489697 -0.14453 0.0357852
0.425199 -0.0848079 -0.0597087
0.45498 -0.194311 0.0357852
0.514504 -0.164436 -0.0597087
0.534349 -0.174388 0.0310105
0.479762 -0.0549337 0.0357852
0.484724 -0.0648882 0.0357852
0.489691 -0.104709 0.0357852
0.534343 -0.139545 -0.0310605
0.410322 -0.119654 -0.0597087
0.440102 -0.219202 -0.0597087
0.499607 -0.0648859 -0.0597087
0.46984 -0.0499576 -0.0119618
0.405353 -0.0698781 0.00236231
0.509538 -0.129594 0.0357852
0.534348 -0.169411 -0.0453846
0.514514 -0.229145 -0.0310605
0.405372 -0.189341 -0.0262858
0.425206 -0.134584 0.0357852
0.474822 -0.189331 0.0357852
0.534356 -0.224165 -0.0310605
0.45994 -0.189333 -0.0597087
0.534342 -0.134567 0.0310105
0.484726 -0.0748435 0.0357852
0.534339 -0.109679 -0.054934
0.405369 -0.174408 -0.054934
0.474821 -0.184353 0.0357852
0.509537 -0.119638 0.0357852
0.405353 -0.0698781 0.0214611
0.415272 -0.0549437 0.0357852
0.499617 -0.134573 0.0357852
0.405368 -0.164453 -0.0597087
0.42026 -0.22916 -0.0215111
0.405353 -0.0649005 0.0214611
0.405376 -0.214229 -0.00241238
0.479777 -0.149509 0.0357852
0.435136 -0.189337 0.0357852
0.40535 -0.0499676 0.0166864
0.469848 -0.104712 0.0357852
0.464879 -0.0499584 -0.0358352
0.514489 -0.0648836 -0.0597087
0.405359 -0.109699 -0.0597087
0.534349 -0.174388 0.0119117
0.445054 -0.164447 -0.0597087
0.435133 -0.169426 0.0357852
0.459938 -0.179378 0.0357852
0.499627 -0.199282 0.0357852
0.524408 -0.0499492 0.0166864
0.469852 -0.1296 0.0357852
0.474801 -0.0499569 -0.0358352
0.405355 -0.0798334 0.0357852
0.435132 -0.164448 0.0357852
0.435131 -0.154493 0.0357852
0.519467 -0.179368 -0.0597087
0.519447 -0.04995 -0.0406099
0.499611 -0.0947517 0.0357852
0.43513 -0.149516 0.0357852
0.405351 -0.0549452 0.0357852
0.534349 -0.174388 0.0357852
0.440088 -0.134582 0.0357852
0.405356 -0.084811 -0.0597087
0.479789 -0.229151 0.0119117
0.464884 -0.0798242 0.0357852
0.430173 -0.174405 -0.0597087
0.420247 -0.14454 -0.0597087
0.469863 -0.199287 0.0357852
0.420257 -0.209249 0.0357852
0.534342 -0.12959 0.0119117
0.514514 -0.229145 0.0357852
0.435141 -0.219202 0.0357852
0.415276 -0.0748542 -0.0597087
0.519464 -0.159458 -0.0597087
0.430177 -0.199293 0.0357852
0.494667 -0.199283 -0.0597087
0.405372 -0.189341 0.0214611
0.410317 -0.0897879 -0.0597087
0.474828 -0.229152 0.0166864
0.420238 -0.0848087 -0.0597087
0.405364 -0.139565 -0.054934
0.464904 -0.21422 0.0357852
0.50955 -0.204258 -0.0597087
0.405365 -0.144543 0.0119117
0.47978 -0.174397 0.0357852
0.40535 -0.0499676 -0.0597087
0.430154 -0.0499638 -0.0358352
0.534352 -0.199277 0.007137
0.504571 -0.0897733 -0.0597087
0.430174 -0.179382 0.0357852
0.450025 -0.229155 -0.0262858
0.410325 -0.139564 0.0357852
0.47481 -0.109688 0.0357852
0.410317 -0.0897879 0.0357852
0.43512 -0.0848064 0.0357852
0.405374 -0.204274 -0.0167365
0.494663 -0.179372 0.0357852
0.430169 -0.144539 0.0357852
0.454958 -0.0499599 0.0166864
0.430167 -0.134583 0.0357852
0.534351 -0.189321 0.0214611
0.464896 -0.159466 0.0357852
0.494645 -0.0599091 0.0357852
0.43017 -0.154494 -0.0597087
0.534347 -0.164433 -0.0453846
0.405367 -0.159475 -0.00718707
0.514493 -0.0897718 0.0357852
0.454975 -0.159468 0.0357852
0.440098 -0.194313 -0.0597087
0.43018 -0.219203 0.0357852
0.435128 -0.134583 0.0357852
0.40537 -0.179386 -0.0215111
0.469861 -0.184354 0.0357852
0.484737 -0.149508 0.0357852
0.425205 -0.124629 -0.0597087
0.534346 -0.154478 -0.0358352
0.469859 -0.174398 0.0357852
0.405368 -0.164453 -0.00241238
0.53434 -0.119635 0.0166864
0.430173 -0.174405 0.0357852
0.454977 -0.174401 0.0357852
0.449997 -0.0499607 -0.0501593
0.435115 -0.0549406 0.0357852
0.534329 -0.0499477 -0.0167365
0.499618 -0.13955 -0.0597087
0.534334 -0.0798135 -0.0406099
0.469845 -0.084801 0.0357852
0.534339 -0.109679 -0.0597087
0.524423 -0.144524 0.0357852
0.445058 -0.194313 0.0357852
0.449997 -0.0499607 0.0166864
0.519454 -0.0947487 -0.0597087
0.420245 -0.134585 0.0357852
0.405367 -0.159475 -0.0119618
0.529369 -0.0499485 0.0357852
0.494671 -0.229148 -0.0310605
0.459943 -0.209243 0.0357852
0.405359 -0.109699 0.0214611
0.410339 -0.229162 0.00236231
0.415296 -0.204273 -0.0597087
0.440097 -0.189336 0.0357852
0.430172 -0.164449 0.0357852
0.430156 -0.0648967 0.0357852
0.430155 -0.059919 0.0357852
0.440091 -0.149515 0.0357852
0.464879 -0.0499584 -0.0453846
0.420247 -0.14454 0.0357852
0.415288 -0.154496 -0.0597087
0.494671 -0.229148 -0.0215111
0.534352 -0.194299 -0.0597087
0.430154 -0.0499638 0.0357852
0.425221 -0.229159 0.0357852
0.42522 -0.224182 0.0357852
0.494663 -0.174395 0.0357852
0.489687 -0.0748427 0.0357852
0.45992 -0.0599144 0.0357852
0.479781 -0.179374 0.0357852
0.504565 -0.0499523 0.0119117
0.53433 -0.0549253 -0.0358352
0.514506 -0.174391 -0.0597087
0.405359 -0.109699 -0.00241238
0.514493 -0.0947494 0.0357852
0.420249 -0.154496 0.0357852
0.459921 -0.0648921 0.0357852
0.534341 -0.124612 0.0166864
0.454985 -0.229155 -0.0262858
0.474807 -0.0947555 0.0357852
0.425215 -0.189338 0.0357852
0.504566 -0.0599075 -0.0597087
0.40536 -0.114677 0.0262358
0.50457 -0.0798181 0.0357852
0.449997 -0.0499607 -0.0453846
0.405366 -0.154498 -0.0597087
0.45 -0.0698712 -0.0597087
0.534334 -0.0798135 -0.0597087
0.415287 -0.149519 -0.0597087
0.469843 -0.0698682 0.0357852
0.534345 -0.1495 -0.0597087
0.440092 -0.15947 -0.0597087
0.420242 -0.109697 -0.0597087
0.464889 -0.114668 0.0357852
0.454961 -0.0748481 0.0357852
0.450012 -0.149513 -0.0597087
0.534343 -0.139545 0.0310105
0.484725 -0.0698659 0.0357852
0.405367 -0.159475 0.007137
0.524425 -0.159457 0.0357852
0.405354 -0.0748557 0.007137
0.415293 -0.18934 0.0357852
0.425211 -0.16445 0.0357852
0.405356 -0.0897886 -0.0167365
0.450018 -0.184357 0.0357852
0.42521 -0.159472 0.0357852
0.459945 -0.224176 0.0357852
0.479771 -0.109688 -0.0597087
0.42026 -0.22916 -0.0453846
0.405353 -0.0649005 -0.00241238
0.504591 -0.219192 -0.0597087
0.53434 -0.119635 -0.0358352
0.405371 -0.184364 -0.0167365
0.509529 -0.069862 0.0357852
0.534329 -0.0499477 -0.0358352
0.529385 -0.154479 -0.0597087
0.504579 -0.13955 0.0357852
0.524414 -0.0897703 -0.0597087
0.405374 -0.204274 0.007137
0.534337 -0.099724 0.0357852
0.489697 -0.139552 0.0357852
0.425209 -0.149517 0.0357852
0.445036 -0.0499615 0.00236231
0.524419 -0.124614 0.0357852
0.504567 -0.0648852 0.0357852
0.405356 -0.0897886 -0.0501593
0.420258 -0.214227 0.0357852
0.445057 -0.184357 0.0357852
0.534353 -0.204254 0.0119117
0.489703 -0.179373 0.0357852
0.474811 -0.114666 0.0357852
0.53434 -0.119635 -0.0597087
0.40535 -0.0499676 -0.0406099
0.504577 -0.129594 0.0357852
0.52937 -0.0599037 0.0357852
0.494649 -0.0847972 -0.0597087
0.425207 -0.139562 0.0357852
0.534331 -0.059903 -0.0501593
0.514503 -0.159459 0.0357852
0.499628 -0.20426 0.0357852
0.440077 -0.0599175 0.0357852
0.405367 -0.159475 0.0166864
0.484733 -0.119642 0.0357852
0.405373 -0.194319 -0.0262858
0.509543 -0.159459 0.0357852
0.445056 -0.17938 0.0357852
0.489699 -0.154485 0.0357852
0.449998 -0.0549383 0.0357852
0.435118 -0.0698735 0.0357852
0.405364 -0.139565 0.0119117
0.425204 -0.119651 0.0357852
0.4649 -0.184354 0.0357852
0.479788 -0.224173 0.0357852
0.534344 -0.144523 0.0166864
0.415284 -0.129608 0.0357852
0.405377 -0.224185 -0.0453846
0.420236 -0.0748535 -0.0597087
0.445064 -0.229156 0.00236231
0.415295 -0.199295 -0.0597087
0.42025 -0.164451 0.0357852
0.529372 -0.069859 0.0357852
0.474828 -0.229152 0.0310105
0.42522 -0.224182 -0.0597087
0.534349 -0.179366 -0.0262858
0.464898 -0.174399 0.0357852
0.405376 -0.214229 0.00236231
0.405378 -0.229162 -0.0262858
0.514489 -0.0648836 0.0357852
0.469848 -0.104712 -0.0597087
0.450025 -0.229155 0.0119117
0.440096 -0.184358 0.0357852
0.4252 -0.0947632 0.0357852
0.430159 -0.0848072 0.0357852
0.474801 -0.0499569 -0.0597087
0.494658 -0.144529 -0.0597087
0.534338 -0.104702 -0.0358352
0.425196 -0.0698751 0.0357852
0.464901 -0.189332 0.0357852
0.425219 -0.214226 0.0357852
0.425195 -0.0648974 0.0357852
0.415284 -0.129608 -0.0597087
0.534356 -0.219187 -0.0262858
0.499614 -0.114662 -0.0597087
0.534357 -0.229142 -0.0358352
0.450024 -0.224178 0.0357852
0.40535 -0.0499676 0.00236231
0.425195 -0.0599198 0.0357852
0.524431 -0.199278 0.0357852
0.425193 -0.0499645 -0.0310605
0.445042 -0.0897825 0.0357852
0.534347 -0.164433 -0.00718707
0.415287 -0.149519 0.0357852
0.514491 -0.0798165 0.0357852
0.445043 -0.0947601 -0.0597087
0.514499 -0.129593 -0.0597087
0.47978 -0.169419 -0.0597087
0.454961 -0.0698705 0.0357852
0.405358 -0.0997439 0.0166864
0.405366 -0.154498 -0.0501593
0.415274 -0.064899 -0.0597087
0.405376 -0.214229 -0.0406099
0.410336 -0.214229 -0.0597087
0.435132 -0.159471 0.0357852
0.514503 -0.159459 -0.0597087
0.534332 -0.0648806 0.0357852
0.534346 -0.154478 -0.0262858
0.405368 -0.164453 -0.0358352
0.435124 -0.109695 0.0357852
0.479772 -0.119643 0.0357852
0.459938 -0.1744 0.0357852
0.524425 -0.159457 -0.0597087
0.405358 -0.0997439 -0.0597087
0.445051 -0.144536 0.0357852
0.459941 -0.19431 0.0357852
0.445038 -0.0599167 0.0357852
0.405353 -0.0698781 0.0357852
0.494656 -0.129596 0.0357852
0.474801 -0.0549345 -0.0597087
0.440103 -0.229157 -0.0358352
0.454973 -0.149513 0.0357852
0.534352 -0.194299 -0.0215111
0.494671 -0.229148 0.0357852
0.509542 -0.154482 -0.0597087
0.474818 -0.164442 0.0357852
0.534357 -0.229142 -0.0501593
0.40535 -0.0499676 -0.0119618
0.450008 -0.124625 0.0357852
0.405375 -0.209252 -0.00241238
0.420253 -0.184361 0.0357852
0.42024 -0.0997416 0.0357852
0.420252 -0.174406 0.0357852
0.479776 -0.144531 0.0357852
0.524436 -0.229144 -0.0215111
0.410323 -0.129609 0.0357852
0.415299 -0.229161 -0.0262858
0.459924 -0.0848026 -0.0597087
0.489707 -0.209239 -0.0597087
0.494647 -0.0698643 0.0357852
0.504586 -0.184348 -0.0597087
0.454972 -0.144535 0.0357852
0.40536 -0.114677 -0.0215111
0.410312 -0.0549445 0.0357852
0.420242 -0.109697 0.0357852
0.405378 -0.229162 0.0357852
0.445036 -0.0499615 0.0262358
0.440082 -0.0947609 -0.0597087
0.459934 -0.154489 -0.0597087
0.415272 -0.0499661 0.00236231
0.405354 -0.0748557 0.0262358
0.494655 -0.124618 -0.0597087
0.534349 -0.174388 -0.0406099
0.420235 -0.0698758 0.0357852
0.474802 -0.0599121 -0.0597087
0.420259 -0.219205 0.0357852
0.410337 -0.219206 -0.0597087
0.445048 -0.129604 0.0357852
0.499632 -0.229148 -0.00718707
0.529382 -0.134568 -0.0597087
0.405356 -0.084811 -0.0501593
0.410311 -0.0499668 0.0357852
0.464902 -0.199287 0.0357852
0.53434 -0.119635 -0.00718707
0.484736 -0.139553 0.0357852
0.405362 -0.124632 -0.0262858
0.504566 -0.0549299 -0.0597087
0.440085 -0.109694 0.0357852
0.445037 -0.0549391 -0.0597087
0.474806 -0.0848003 0.0357852
0.499632 -0.229148 0.0262358
0.454982 -0.209244 0.0357852
0.450021 -0.204267 -0.0597087
0.420245 -0.129607 -0.0597087
0.43016 -0.0897848 0.0357852
0.450003 -0.0897817 0.0357852
0.499627 -0.199282 -0.0597087
0.405359 -0.104722 0.0166864
0.410334 -0.199296 -0.0597087
0.534343 -0.139545 0.0357852
0.405374 -0.204274 0.0357852
0.459931 -0.129601 -0.0597087
0.47482 -0.174398 0.0357852
0.534338 -0.104702 -0.0597087
0.405378 -0.229162 -0.0501593
0.450021 -0.209245 0.0357852
0.410321 -0.114676 0.0357852
0.534339 -0.109679 -0.0310605
0.459919 -0.0549368 0.0357852
0.509553 -0.229146 -0.0597087
0.469841 -0.0599129 0.0357852
0.405357 -0.0947663 -0.0597087
0.51945 -0.0648829 0.0357852
0.50954 -0.139549 0.0357852
0.48475 -0.22915 -0.0167365
0.474824 -0.204263 0.0357852
0.405364 -0.139565 0.0357852
0.484737 -0.14453 0.0357852
0.509527 -0.0599068 -0.0597087
0.484734 -0.12462 -0.0597087
0.40535 -0.0499676 0.0357852
0.464885 -0.0897794 -0.0597087
0.405369 -0.169431 -0.0406099
0.474821 -0.179375 0.0357852
0.410316 -0.0798326 0.0357852
0.41528 -0.10472 0.0357852
0.524436 -0.229144 -0.054934
0.405377 -0.224185 0.0119117
0.494647 -0.074842 -0.0597087
0.405362 -0.124632 0.0262358
0.430159 -0.0798295 0.0357852
0.534336 -0.0947464 -0.054934
0.410332 -0.184363 0.0357852
0.410314 -0.0698773 0.0357852
0.53434 -0.119635 0.00236231
0.405371 -0.184364 -0.0501593
0.425221 -0.229159 -0.0597087
0.405361 -0.119654 -0.00241238
0.534336 -0.0897687 0.0357852
0.534335 -0.0847911 0.0214611
0.529376 -0.0947471 0.0357852
0.534353 -0.204254 0.0166864
0.440097 -0.189336 -0.0597087
0.405362 -0.124632 0.0357852
0.534339 -0.114657 -0.0167365
0.514513 -0.21919 0.0357852
0.454984 -0.219199 0.0357852
0.405356 -0.084811 0.0357852
0.469867 -0.229152 0.0262358
0.464884 -0.0798242 -0.0597087
0.464893 -0.139556 -0.0597087
0.410335 -0.204273 0.0357852
0.459921 -0.0698697 0.0357852
0.415299 -0.224183 -0.0597087
0.469844 -0.0748458 0.0357852
0.420233 -0.0549429 -0.0597087
0.534348 -0.169411 0.0166864
0.514514 -0.229145 0.007137
0.415288 -0.154496 0.0357852
0.42024 -0.0997416 -0.0597087
0.405359 -0.104722 0.007137
0.529396 -0.229143 -0.0262858
0.514511 -0.209235 0.0357852
0.435142 -0.22418 0.0357852
0.420236 -0.0748535 0.0357852
0.534357 -0.229142 0.0357852
0.534337 -0.099724 -0.0406099
0.484744 -0.194307 -0.0597087
0.405356 -0.0897886 0.0357852
0.514486 -0.0499508 0.0357852
0.494654 -0.119641 0.0357852
0.430178 -0.20427 0.0357852
0.514508 -0.189324 -0.0597087
0.405369 -0.169431 -0.0262858
0.494652 -0.104708 0.0357852
0.425193 -0.0499645 0.007137
0.405365 -0.144543 0.0357852
0.415286 -0.144541 0.0357852
0.425198 -0.0798303 0.0357852
0.534339 -0.114657 -0.0406099
0.479775 -0.139553 0.0357852
0.494664 -0.18435 -0.0597087
0.450011 -0.144536 0.0357852
0.524412 -0.0748374 0.0357852
0.405354 -0.0748557 0.0310105
0.425212 -0.174405 0.0357852
0.41529 -0.169429 0.0357852
0.534356 -0.219187 -0.0501593
0.420256 -0.204272 -0.0597087
0.454959 -0.0599152 0.0357852
0.420249 -0.154496 -0.0597087
0.459921 -0.0648921 -0.0597087
0.474816 -0.149509 -0.0597087
0.405368 -0.164453 -0.0406099
0.410329 -0.164452 0.0357852
0.405359 -0.109699 0.0357852
0.420244 -0.12463 0.0357852
0.47978 -0.174397 -0.0597087
0.46984 -0.0499576 -0.0215111
0.474801 -0.0499569 0.0310105
0.405353 -0.0698781 -0.0597087
0.494671 -0.229148 0.007137
0.499626 -0.189327 -0.0597087
0.519451 -0.0748381 0.0357852
0.534333 -0.0698582 -0.0167365
0.40536 -0.114677 0.0357852
0.435115 -0.049963 -0.0453846
0.534333 -0.0698582 0.0119117
0.40536 -0.114677 -0.0167365
0.529379 -0.114658 0.0357852
0.53433 -0.0549253 -0.00241238
0.405362 -0.12961 0.0357852
0.469867 -0.224175 0.0357852
0.494654 -0.119641 -0.0597087
0.41032 -0.109698 0.0357852
0.459918 -0.0499592 -0.0215111
0.445037 -0.0549391 0.0357852
0.504566 -0.0549299 0.0357852
0.440085 -0.109694 -0.0597087
0.509539 -0.134571 0.0357852
0.524427 -0.17439 -0.0597087
0.415299 -0.229161 -0.0167365
0.415278 -0.0897871 -0.0597087
0.46984 -0.0499576 -0.054934
0.405353 -0.0698781 -0.0501593
0.464895 -0.154489 -0.0597087
0.524426 -0.169412 0.0357852
0.435139 -0.209247 0.0357852
0.405377 -0.224185 0.0357852
0.435125 -0.114672 0.0357852
0.53435 -0.184344 -0.0406099
0.405373 -0.199296 0.0357852
0.430163 -0.109695 0.0357852
0.415297 -0.214228 -0.0597087
0.479767 -0.0847995 -0.0597087
0.410319 -0.0997431 0.0357852
0.529369 -0.0549261 0.0357852
0.405371 -0.184364 -0.0597087
0.410336 -0.209251 -0.0597087
0.415279 -0.0947647 0.0357852
0.405366 -0.14952 0.0357852
0.499604 -0.0499531 -0.0501593
0.464907 -0.229153 0.0214611
0.509546 -0.184348 0.0357852
0.440095 -0.174403 -0.0597087
0.415289 -0.164452 0.0357852
0.405376 -0.214229 0.0357852
0.459944 -0.214221 0.0357852
0.430162 -0.104718 0.0357852
0.499604 -0.0499531 -0.0167365
0.464907 -0.229153 -0.054934
0.464892 -0.134578 -0.0597087
0.420232 -0.0499653 0.0357852
0.405367 -0.159475 0.0357852
0.410339 -0.229162 0.0357852
0.494671 -0.229148 -0.0167365
0.519447 -0.04995 0.0357852
0.48971 -0.224172 -0.0597087
0.445036 -0.0499615 -0.0119618
0.405366 -0.14952 -0.0597087
0.519459 -0.124614 0.0357852
0.410311 -0.0499668 -0.0215111
0.489699 -0.154485 -0.0597087
0.464907 -0.229153 0.0357852
0.449997 -0.0499607 -0.0597087
0.534356 -0.219187 -0.0406099
0.454965 -0.0947586 -0.0597087
0.534335 -0.0847911 0.0310105
0.519456 -0.109682 0.0357852
0.499623 -0.174394 0.0357852
0.405369 -0.174408 -0.0597087
0.445049 -0.134581 0.0357852
0.45994 -0.189333 0.0357852
0.405358 -0.0997439 -0.054934
0.479767 -0.0847995 0.0357852
0.415297 -0.214228 0.0357852
0.519466 -0.174391 0.0357852
0.469853 -0.134577 0.0357852
0.474801 -0.0499569 -0.0215111
0.440102 -0.224179 -0.0597087
0.479765 -0.0748443 -0.0597087
0.504568 -0.0698628 0.0357852
0.534353 -0.204254 0.0357852
0.519462 -0.144525 -0.0597087
0.534333 -0.0748358 0.0166864
0.405356 -0.084811 -0.0262858
0.489684 -0.0549322 -0.0597087
0.449999 -0.0648936 0.0357852
0.420248 -0.149518 -0.0597087
0.410321 -0.114676 -0.0597087
0.474827 -0.224174 0.0357852
0.420235 -0.0648982 0.0357852
0.405354 -0.0748557 0.0357852
0.415292 -0.179384 0.0357852
0.405363 -0.134587 -0.0597087
0.450008 -0.119648 0.0357852
0.529392 -0.204255 0.0357852
0.405369 -0.174408 0.0357852
0.499609 -0.0798188 -0.0597087
0.489694 -0.119641 0.0357852
0.46985 -0.114667 0.0357852
0.534333 -0.0698582 -0.00241238
0.459922 -0.0748473 0.0357852
0.484748 -0.219195 0.0357852
0.524429 -0.184345 0.0357852
0.509526 -0.0549291 0.0357852
0.509526 -0.0499515 0.0262358
0.410334 -0.199296 0.0357852
0.474825 -0.209241 0.0357852
0.405378 -0.229162 0.00236231
0.415293 -0.18934 -0.0597087
0.440075 -0.0499622 0.0310105
0.405352 -0.0599229 -0.0167365
0.445059 -0.19929 -0.0597087
0.524422 -0.139547 -0.0597087
0.40537 -0.179386 -0.0310605
0.410331 -0.179385 0.0357852
0.464881 -0.0599137 -0.0597087
0.435138 -0.199292 0.0357852
0.425205 -0.129607 0.0357852
0.484737 -0.14453 -0.0597087
0.479761 -0.0499561 0.007137
0.494664 -0.18435 0.0357852
0.534347 -0.164433 0.0214611
0.479775 -0.139553 -0.0597087
0.529369 -0.0499485 -0.0597087
0.405375 -0.209252 0.0357852
0.405356 -0.0897886 -0.00718707
0.440076 -0.0549399 0.0357852
0.435142 -0.229158 -0.0453846
0.425202 -0.104718 0.0357852
0.494644 -0.0499538 -0.00241238
0.40536 -0.114677 -0.0358352
0.459923 -0.079825 -0.0597087
0.489691 -0.104709 -0.0597087
0.504593 -0.229147 -0.0453846
0.46986 -0.179376 0.0357852
0.509553 -0.229146 -0.0310605
0.464903 -0.204265 -0.0597087
0.489687 -0.0748427 -0.0597087
0.410318 -0.0947655 -0.0597087
0.514486 -0.0499508 -0.0501593
0.410336 -0.214229 0.0357852
0.415272 -0.0499661 -0.0453846
0.420255 -0.199294 -0.0597087
0.405362 -0.124632 0.0119117
0.534355 -0.214209 -0.0262858
0.499613 -0.109685 -0.0597087
0.504578 -0.134572 0.0357852
0.509528 -0.0648844 0.0357852
0.484739 -0.159463 0.0357852
0.534331 -0.059903 0.0166864
0.479789 -0.229151 -0.0310605
0.450013 -0.154491 -0.0597087
0.440101 -0.214224 0.0357852
0.405366 -0.154498 0.0357852
0.514487 -0.0549284 0.0357852
0.504573 -0.0997286 0.0357852
0.440103 -0.229157 -0.00241238
0.40535 -0.0499676 0.0262358
0.509553 -0.229146 0.0119117
0.454984 -0.224177 0.0357852
0.464905 -0.219198 0.0357852
0.425215 -0.194316 0.0357852
0.435134 -0.174404 0.0357852
0.519468 -0.184346 0.0357852
0.534336 -0.0947464 0.0357852
0.534342 -0.12959 -0.00241238
0.484723 -0.054933 -0.0597087
0.420242 -0.114674 0.0357852
0.415274 -0.064899 0.0357852
0.44009 -0.144537 0.0357852
0.494667 -0.20426 -0.0597087
0.47482 -0.174398 -0.0597087
0.405362 -0.124632 -0.0597087
0.48475 -0.22915 0.0310105
0.435126 -0.124627 0.0357852
0.534336 -0.0897687 -0.0358352
0.405361 -0.119654 0.0214611
0.4897 -0.159462 0.0357852
0.534345 -0.1495 0.0119117
0.479777 -0.149509 -0.0597087
0.425193 -0.0499645 0.0262358
0.415278 -0.0897871 0.0357852
0.405365 -0.144543 0.0166864
0.405361 -0.119654 -0.0597087
0.534334 -0.0798135 -0.0167365
0.519472 -0.209234 0.0357852
0.430171 -0.159472 -0.0597087
0.534336 -0.0947464 -0.0501593
0.405367 -0.159475 -0.0453846
0.454979 -0.189334 0.0357852
0.534346 -0.159456 0.007137
0.474821 -0.179375 -0.0597087
0.405377 -0.224185 -0.0358352
0.430175 -0.18436 0.0357852
0.40537 -0.179386 -0.0358352
0.435122 -0.0997393 0.0357852
0.450006 -0.109692 0.0357852
0.484743 -0.184351 0.0357852
0.415282 -0.119653 0.0357852
0.534347 -0.164433 0.007137
0.484744 -0.189329 0.0357852
0.440103 -0.229157 0.0262358
0.494656 -0.129596 -0.0597087
0.405374 -0.204274 -0.0262858
0.524433 -0.214211 0.0357852
0.534336 -0.0947464 -0.0358352
0.405367 -0.159475 -0.054934
0.425218 -0.209249 0.0357852
0.534333 -0.0748358 -0.0215111
0.415276 -0.0798318 0.0357852
0.415286 -0.139563 0.0357852
0.534354 -0.209232 -0.0167365
0.420246 -0.139563 0.0357852
0.464907 -0.229153 0.0119117
0.499604 -0.0499531 -0.0597087
0.454971 -0.139557 0.0357852
0.405359 -0.104722 -0.00718707
0.415289 -0.159474 0.0357852
0.420252 -0.179384 0.0357852
0.415291 -0.174407 0.0357852
0.405375 -0.209252 -0.0597087
0.454958 -0.0499599 0.0310105
0.459931 -0.129601 0.0357852
0.499604 -0.0499531 -0.0358352
0.524421 -0.134569 0.0357852
0.405371 -0.184364 0.007137
0.494657 -0.134574 0.0357852
0.405353 -0.0698781 0.007137
0.48475 -0.22915 -0.0406099
0.410319 -0.104721 0.0357852
0.49465 -0.0897749 -0.0597087
0.454968 -0.114669 -0.0597087
0.459932 -0.139557 0.0357852
0.479773 -0.124621 -0.0597087
0.415295 -0.199295 0.0357852
0.405378 -0.229162 0.0310105
0.494651 -0.0997301 0.0357852
0.430181 -0.224181 0.0357852
0.534336 -0.0947464 -0.00241238
0.435125 -0.11965 0.0357852
0.405361 -0.119654 0.0357852
0.450025 -0.229155 -0.0119618
0.464882 -0.0698689 0.0357852
0.415294 -0.194317 0.0357852
0.405353 -0.0698781 -0.0406099
0.420255 -0.199294 0.0357852
0.479763 -0.0599114 -0.0597087
0.430182 -0.229158 -0.0310605
0.420245 -0.129607 0.0357852
0.450021 -0.204267 0.0357852
0.479767 -0.0897771 0.0357852
0.464907 -0.229153 -0.0453846
0.519454 -0.0947487 0.0357852
0.415299 -0.224183 0.0357852
0.459918 -0.0499592 0.0357852
0.514503 -0.154481 0.0357852
0.450001 -0.0798265 0.0357852
0.405357 -0.0947663 0.00236231
0.40537 -0.179386 -0.00718707
0.410337 -0.219206 0.0357852
0.405357 -0.0947663 0.0119117
0.454985 -0.229155 -0.0501593
0.43514 -0.214225 0.0357852
0.435117 -0.0648959 -0.0597087
0.519447 -0.04995 -0.0453846
0.430154 -0.0499638 -0.0310605
0.534352 -0.199277 0.0357852
0.509533 -0.0947502 0.0357852
0.504565 -0.0499523 -0.0119618
0.53433 -0.0549253 -0.0119618
0.405362 -0.12961 0.0214611
0.474809 -0.104711 0.0357852
0.519466 -0.174391 -0.0597087
0.489704 -0.189328 0.0357852
0.405378 -0.229162 -0.0597087
0.524408 -0.0499492 -0.0453846
0.509532 -0.0897726 0.0357852
0.420243 -0.119652 0.0357852
0.46985 -0.114667 -0.0597087
0.459923 -0.079825 0.0357852
0.534333 -0.0748358 -0.0597087
0.479761 -0.0499561 -0.0215111
0.524434 -0.219189 0.0357852
0.489683 -0.0499546 -0.0597087
0.45 -0.0698712 0.0357852
0.459936 -0.164445 -0.0597087
0.420233 -0.0549429 0.0357852
0.420234 -0.0599206 0.0357852
0.474819 -0.16942 0.0357852
0.534346 -0.154478 0.0357852
0.440093 -0.164448 0.0357852
0.405352 -0.0599229 0.0357852
0.459918 -0.0499592 -0.0501593
0.415279 -0.0997424 -0.0597087
0.430169 -0.149516 0.0357852
0.435118 -0.0698735 -0.0597087
0.474828 -0.229152 -0.0310605
0.479764 -0.064889 -0.0597087
0.464884 -0.0848018 0.0357852
0.435115 -0.049963 -0.0215111
0.534333 -0.0698582 0.0357852
0.40536 -0.114677 0.007137
0.430165 -0.119651 0.0357852
0.405356 -0.0897886 0.0310105
0.425219 -0.219204 0.0357852
0.405376 -0.219207 -0.0597087
0.420239 -0.094764 0.0357852
0.489695 -0.129597 0.0357852
0.410329 -0.164452 -0.0597087
0.474824 -0.199286 0.0357852
0.474808 -0.0997332 0.0357852
0.534342 -0.12959 -0.0597087
0.534355 -0.214209 0.0357852
0.48971 -0.229149 -0.0310605
0.450003 -0.0897817 -0.0597087
0.43016 -0.0897848 -0.0597087
0.474816 -0.149509 0.0357852
0.489687 -0.0798204 0.0357852
0.524419 -0.119636 0.0357852
0.450025 -0.229155 0.00236231
0.420241 -0.104719 0.0357852
0.405372 -0.189341 0.0357852
0.415299 -0.229161 -0.0453846
0.48969 -0.0947533 0.0357852
0.499605 -0.0549307 -0.0597087
0.534342 -0.134567 -0.0262858
0.410322 -0.124631 -0.0597087
0.435142 -0.229158 0.0357852
0.415294 -0.194317 -0.0597087
0.405357 -0.0947663 0.0214611
0.440078 -0.0648951 0.0357852
0.410316 -0.0848102 -0.0597087
0.534333 -0.0698582 0.0166864
0.440078 -0.0698728 0.0357852
0.430164 -0.114673 0.0357852
0.529389 -0.184344 0.0357852
0.504565 -0.0499523 0.007137
0.53433 -0.0549253 -0.0406099
0.440082 -0.0897833 0.0357852
0.534336 -0.0897687 -0.0453846
0.494644 -0.0499538 -0.0597087
0.41032 -0.109698 -0.0597087
0.405364 -0.139565 -0.0215111
0.435135 -0.184359 0.0357852
0.440082 -0.0947609 0.0357852
0.534352 -0.194299 0.0357852
0.524417 -0.109681 -0.0597087
0.474812 -0.124621 0.0357852
0.48971 -0.229149 -0.00241238
0.464883 -0.0748466 0.0357852
0.534346 -0.154478 0.0262358
0.484727 -0.0798211 -0.0597087
0.405362 -0.124632 -0.00241238
0.509553 -0.229146 0.0310105
0.440088 -0.129604 0.0357852
0.489683 -0.0499546 0.007137
0.504583 -0.164438 0.0357852
0.440089 -0.13956 0.0357852
0.440092 -0.15947 0.0357852
0.534345 -0.1495 -0.0119618
0.534336 -0.0947464 0.0214611
0.484731 -0.109687 0.0357852
0.469843 -0.0698682 -0.0597087
0.534333 -0.0748358 -0.0406099
0.405356 -0.084811 0.0310105
0.48474 -0.169418 0.0357852
0.469854 -0.139555 0.0357852
0.405366 -0.14952 0.0166864
0.440094 -0.169425 0.0357852
0.440095 -0.179381 0.0357852
0.410328 -0.159475 0.0357852
0.479764 -0.0698666 -0.0597087
0.405351 -0.0549452 -0.00718707
0.474817 -0.154487 0.0357852
0.405367 -0.159475 0.0119117
0.405351 -0.0549452 -0.0597087
0.440098 -0.194313 0.0357852
0.53435 -0.184344 0.00236231
0.529396 -0.229143 -0.00241238
0.534342 -0.12959 0.0357852
0.405373 -0.199296 0.00236231
0.524415 -0.0947479 0.0357852
0.440099 -0.204269 0.0357852
0.405368 -0.164453 0.0262358
0.52441 -0.0648821 0.0357852
0.430155 -0.0549414 0.0357852
0.4401 -0.209246 0.0357852
0.519451 -0.0748381 -0.0597087
0.454958 -0.0499599 0.0119117
0.469864 -0.209242 0.0357852
0.405371 -0.184364 0.0262358
0.48473 -0.104709 0.0357852
0.450009 -0.129603 0.0357852
0.459934 -0.154489 0.0357852
0.524424 -0.154479 -0.0597087
0.474828 -0.229152 -0.0119618
0.524436 -0.229144 0.00236231
0.494666 -0.194305 0.0357852
0.454963 -0.0848034 0.0357852
0.440103 -0.229157 0.0357852
0.445036 -0.0499615 0.0357852
0.449997 -0.0499607 -0.00241238
0.445038 -0.0648944 0.0357852
0.514486 -0.0499508 -0.0597087
0.469842 -0.0648905 -0.0597087
0.524423 -0.149502 -0.0597087
0.514487 -0.0549284 -0.0597087
0.405359 -0.104722 -0.0119618
0.49963 -0.214215 -0.0597087
0.445055 -0.174402 0.0357852
0.459918 -0.0499592 0.0119117
0.425195 -0.0648974 -0.0597087
0.405359 -0.109699 -0.0358352
0.504588 -0.199281 -0.0597087
0.450001 -0.0748489 0.0357852
0.405367 -0.159475 0.0214611
0.405377 -0.224185 -0.0597087
0.430154 -0.0499638 -0.0501593
0.534352 -0.199277 0.0166864
0.459943 -0.209243 -0.0597087
0.44504 -0.0748496 0.0357852
0.48971 -0.229149 -0.0358352
0.454964 -0.089781 0.0357852
0.534334 -0.0798135 -0.0119618
0.489688 -0.084798 -0.0597087
0.524409 -0.0599045 -0.0597087
0.405363 -0.134587 0.0214611
0.504573 -0.104706 0.0357852
0.534338 -0.104702 -0.0501593
0.504593 -0.229147 -0.00718707
0.415285 -0.134586 -0.0597087
0.489698 -0.149507 -0.0597087
0.534348 -0.169411 0.0119117
0.514514 -0.229145 -0.00241238
0.484734 -0.129597 0.0357852
0.420242 -0.114674 -0.0597087
0.405374 -0.204274 0.0119117
0.534346 -0.159456 -0.00241238
0.534338 -0.104702 0.0310105
0.410312 -0.0599221 -0.0597087
0.415282 -0.114675 0.0357852
0.494663 -0.179372 -0.0597087
0.445042 -0.0848049 0.0357852
0.405365 -0.144543 -0.0310605
0.435135 -0.179381 0.0357852
0.425214 -0.184361 0.0357852
0.469861 -0.189331 0.0357852
0.405356 -0.0897886 0.0166864
0.534338 -0.104702 -0.0119618
0.51451 -0.204257 0.0357852
0.440092 -0.154492 0.0357852
0.445045 -0.104715 0.0357852
0.459946 -0.229154 -0.0358352
0.440094 -0.169425 -0.0597087
0.504572 -0.0947509 -0.0597087
0.514496 -0.109682 0.0357852
0.489689 -0.0897756 0.0357852
0.504582 -0.15946 0.0357852
0.524436 -0.229144 -0.0453846
0.474828 -0.229152 -0.0597087
0.484737 -0.149508 -0.0597087
0.405373 -0.194319 -0.0215111
0.425201 -0.0997408 0.0357852
0.445045 -0.109693 0.0357852
0.534339 -0.109679 -0.0501593
0.405369 -0.174408 -0.0501593
0.435138 -0.20427 0.0357852
0.464891 -0.1296 0.0357852
0.48475 -0.22915 -0.0597087
0.464897 -0.164444 0.0357852
0.445055 -0.174402 -0.0597087
0.405362 -0.12961 -0.0262858
0.53433 -0.0549253 0.0357852
0.504565 -0.0499523 -0.0597087
0.519457 -0.114659 0.0357852
0.445046 -0.114671 0.0357852
0.53434 -0.119635 0.0119117
0.425221 -0.229159 -0.0501593
0.445047 -0.119648 0.0357852
0.524416 -0.0997255 0.0357852
0.435115 -0.049963 0.0357852
0.504583 -0.169415 0.0357852
0.499619 -0.144528 -0.0597087
0.405378 -0.229162 -0.00718707
0.425205 -0.124629 0.0357852
0.534339 -0.109679 0.007137
0.469861 -0.184354 -0.0597087
0.405377 -0.224185 -0.0406099
0.435129 -0.144538 0.0357852
0.459925 -0.0947578 -0.0597087
0.44505 -0.139559 0.0357852
0.529369 -0.0499485 0.0214611
0.405376 -0.214229 -0.0310605
0.445051 -0.149514 0.0357852
0.489707 -0.204261 0.0357852
0.425208 -0.144539 0.0357852
0.435115 -0.049963 -0.0501593
0.534333 -0.0698582 0.0310105
0.40536 -0.114677 -0.0119618
0.445052 -0.154492 0.0357852
0.445036 -0.0499615 -0.00718707
0.435118 -0.0748512 -0.0597087
0.445054 -0.164447 0.0357852
0.445058 -0.189335 0.0357852
0.459936 -0.164445 0.0357852
0.405365 -0.144543 0.00236231
0.410311 -0.0499668 -0.0597087
0.44506 -0.204268 0.0357852
0.445038 -0.0648944 -0.0597087
0.405366 -0.14952 0.0119117
0.524408 -0.0499492 -0.0119618
0.474803 -0.0648898 0.0357852
0.415289 -0.164452 -0.0597087
0.405364 -0.139565 -0.0597087
0.415272 -0.0499661 -0.0358352
0.445061 -0.209246 0.0357852
0.44008 -0.079828 0.0357852
0.440086 -0.119649 0.0357852
0.40537 -0.179386 0.0214611
0.405356 -0.084811 -0.054934
0.445063 -0.224179 0.0357852
0.464907 -0.229153 -0.0597087
0.445064 -0.229156 0.0357852
0.469851 -0.119644 -0.0597087
0.430161 -0.0947624 0.0357852
0.450004 -0.0947594 0.0357852
0.454983 -0.214222 0.0357852
0.479761 -0.0499561 0.00236231
0.509527 -0.0599068 0.0357852
0.474804 -0.074845 -0.0597087
0.534336 -0.0897687 -0.00718707
0.415276 -0.0748542 0.0357852
0.405361 -0.119654 0.0262358
0.474821 -0.184353 -0.0597087
0.405362 -0.124632 -0.0167365
0.449998 -0.059916 0.0357852
0.509526 -0.0499515 0.0310105
0.425217 -0.204271 0.0357852
0.430157 -0.0698743 0.0357852
0.469857 -0.159465 0.0357852
0.534332 -0.0648806 -0.00718707
0.459927 -0.104713 0.0357852
0.534329 -0.0499477 -0.0597087
0.469866 -0.219197 0.0357852
0.405355 -0.0798334 -0.0119618
0.454975 -0.164445 0.0357852
0.450005 -0.104715 0.0357852
0.445036 -0.0499615 0.007137
0.425194 -0.0549422 -0.0597087
0.454981 -0.199289 -0.0597087
0.479761 -0.0499561 0.0357852
0.405376 -0.219207 0.0357852
0.494644 -0.0549314 -0.0597087
0.425193 -0.0499645 0.0214611
0.405365 -0.144543 0.0214611
0.45001 -0.13458 0.0357852
0.405372 -0.189341 0.0119117
0.469844 -0.0798234 0.0357852
0.469855 -0.14951 0.0357852
0.405376 -0.214229 -0.00718707
0.449997 -0.0499607 0.007137
0.469857 -0.164443 0.0357852
0.454965 -0.0997362 0.0357852
0.410327 -0.154497 0.0357852
0.519449 -0.0599052 0.0357852
0.435117 -0.0648959 0.0357852
0.534334 -0.0798135 -0.0310605
0.450011 -0.139558 0.0357852
0.450012 -0.149513 0.0357852
0.534349 -0.179366 -0.0310605
0.514513 -0.21919 -0.0597087
0.405373 -0.194319 0.0357852
0.474814 -0.139554 0.0357852
0.405352 -0.0599229 -0.0597087
0.534357 -0.229142 0.00236231
0.469849 -0.109689 0.0357852
0.534339 -0.114657 0.0357852
0.519475 -0.229145 -0.0406099
0.469855 -0.14951 -0.0597087
0.450016 -0.174401 0.0357852
0.489702 -0.174395 0.0357852
0.440075 -0.0499622 0.0357852
0.405352 -0.0599229 0.0119117
0.450018 -0.189334 0.0357852
0.425208 -0.144539 -0.0597087
0.425194 -0.0549422 0.0357852
0.499608 -0.0748412 0.0357852
0.405363 -0.134587 -0.00718707
0.420232 -0.0499653 -0.0262858
0.45002 -0.19929 0.0357852
0.46984 -0.0499576 0.0119117
0.405353 -0.0698781 0.0262358
0.430158 -0.0748519 0.0357852
0.524411 -0.0698597 0.0357852
0.454971 -0.13458 -0.0597087
0.514501 -0.144526 -0.0597087
0.450022 -0.214222 0.0357852
0.405374 -0.204274 0.0262358
0.415292 -0.184362 0.0357852
0.534357 -0.229142 0.0262358
0.450015 -0.164446 0.0357852
0.450023 -0.2192 0.0357852
0.534333 -0.0698582 -0.0453846
0.454958 -0.0549376 0.0357852
0.534337 -0.099724 -0.0597087
0.410318 -0.0947655 0.0357852
0.415299 -0.229161 0.0357852
0.45496 -0.0648928 0.0357852
0.405359 -0.104722 0.0357852
0.50955 -0.209236 0.0357852
0.469841 -0.0599129 -0.0597087
0.469861 -0.189331 -0.0597087
0.425214 -0.184361 -0.0597087
0.469856 -0.154488 0.0357852
0.464901 -0.19431 0.0357852
0.509535 -0.109683 -0.0597087
0.534333 -0.0748358 0.0262358
0.464906 -0.224175 -0.0597087
0.524415 -0.0947479 -0.0597087
0.489701 -0.169418 0.0357852
0.534342 -0.12959 0.00236231
0.514514 -0.229145 0.0262358
0.494668 -0.209238 -0.0597087
0.464879 -0.0499584 0.00236231
0.454966 -0.104714 0.0357852
0.454968 -0.114669 0.0357852
0.534357 -0.229142 0.0166864
0.405355 -0.0798334 0.0310105
0.479789 -0.229151 -0.0358352
0.430162 -0.104718 -0.0597087
0.45497 -0.129602 0.0357852
0.534352 -0.194299 0.0214611
0.464898 -0.169422 0.0357852
0.415272 -0.0499661 0.0214611
0.494659 -0.149506 0.0357852
0.479789 -0.229151 -0.0597087
0.454974 -0.15449 0.0357852
0.410325 -0.139564 -0.0597087
0.459931 -0.134579 0.0357852
0.489683 -0.0499546 -0.0310605
0.445064 -0.229156 -0.00718707
0.454978 -0.179378 0.0357852
0.509553 -0.224169 0.0357852
0.405368 -0.164453 -0.00718707
0.464879 -0.0499584 0.0357852
0.509534 -0.104705 -0.0597087
0.484727 -0.0847988 0.0357852
0.454985 -0.229155 0.0357852
0.405373 -0.199296 -0.0262858
0.435142 -0.229158 -0.0597087
0.514506 -0.179369 0.0357852
0.415281 -0.109698 -0.0597087
0.405359 -0.109699 -0.00718707
0.459924 -0.0897802 0.0357852
0.524417 -0.109681 0.0357852
0.415273 -0.0599213 -0.0597087
0.524408 -0.0499492 -0.054934
0.459926 -0.0997355 0.0357852
0.534347 -0.164433 -0.0310605
0.514509 -0.194302 0.0357852
0.405367 -0.159475 0.00236231
0.459928 -0.114668 0.0357852
0.405369 -0.169431 0.0166864
0.445039 -0.069872 0.0357852
0.45993 -0.124624 0.0357852
0.430155 -0.0549414 -0.0597087
0.445038 -0.0599167 -0.0597087
0.534335 -0.0847911 -0.0358352
0.499632 -0.229148 -0.0501593
0.504584 -0.174393 0.0357852
0.430175 -0.189337 0.0357852
0.459934 -0.149512 0.0357852
0.459928 -0.109691 0.0357852
0.529379 -0.119635 0.0357852
0.50459 -0.214214 0.0357852
0.474805 -0.0798227 0.0357852
0.479761 -0.0499561 0.0214611
0.405376 -0.219207 0.0214611
0.534333 -0.0748358 -0.0167365
0.459939 -0.184355 0.0357852
0.474824 -0.204263 -0.0597087
0.474807 -0.0897779 0.0357852
0.479784 -0.194307 -0.0597087
0.469848 -0.0997339 0.0357852
0.51449 -0.0698613 -0.0597087
0.494645 -0.0599091 -0.0597087
0.405359 -0.104722 0.0310105
0.499622 -0.164439 -0.0597087
0.489683 -0.0499546 0.0357852
0.420239 -0.0897863 0.0357852
0.415277 -0.0848095 0.0357852
0.48969 -0.0997309 -0.0597087
0.499604 -0.0499531 -0.054934
0.534356 -0.224165 -0.0215111
0.464907 -0.229153 0.007137
0.430168 -0.139561 0.0357852
0.47977 -0.10471 0.0357852
0.454976 -0.169423 0.0357852
0.529391 -0.1943 -0.0597087
0.435116 -0.0599183 -0.0597087
0.440084 -0.104716 0.0357852
0.534331 -0.059903 -0.0310605
0.479789 -0.229151 0.0262358
0.459941 -0.199288 0.0357852
0.425193 -0.0499645 0.0166864
0.405365 -0.144543 0.0262358
0.435118 -0.0748512 0.0357852
0.420246 -0.139563 -0.0597087
0.479769 -0.0997324 -0.0597087
0.454969 -0.124624 0.0357852
0.504574 -0.109684 0.0357852
0.459942 -0.204266 0.0357852
0.459946 -0.229154 0.0357852
0.479761 -0.0499561 -0.0597087
0.46488 -0.054936 0.0357852
0.464885 -0.0897794 0.0357852
0.450008 -0.124625 -0.0597087
0.474818 -0.164442 -0.0597087
0.534332 -0.0648806 -0.0358352
0.48971 -0.229149 0.0357852
0.464886 -0.0947571 0.0357852
0.405359 -0.104722 -0.0597087
0.459946 -0.229154 -0.00718707
0.464888 -0.104712 0.0357852
0.534332 -0.0648806 -0.0501593
0.469867 -0.229152 0.0357852
0.474801 -0.0499569 -0.0501593
0.464894 -0.149511 0.0357852
0.464888 -0.10969 0.0357852
0.405363 -0.134587 -0.0262858
0.469856 -0.154488 -0.0597087
0.514509 -0.19928 0.0357852
0.464891 -0.124623 0.0357852
0.405367 -0.159475 -0.0310605
0.534336 -0.0947464 -0.0597087
0.504565 -0.0499523 -0.0406099
0.53433 -0.0549253 0.007137
0.410339 -0.229162 -0.054934
0.454981 -0.204266 0.0357852
0.445062 -0.219201 0.0357852
0.464893 -0.139556 0.0357852
0.534336 -0.0897687 -0.0597087
0.464894 -0.144533 0.0357852
0.499617 -0.129595 -0.0597087
0.534353 -0.204254 -0.0167365
0.524409 -0.0549268 -0.0597087
0.529389 -0.179367 0.0357852
0.494665 -0.189327 -0.0597087
0.509526 -0.0499515 0.0357852
0.524433 -0.209233 0.0357852
0.405372 -0.189341 0.0310105
0.534356 -0.219187 0.007137
0.464895 -0.154489 0.0357852
0.44009 -0.144537 -0.0597087
0.410333 -0.194318 -0.0597087
0.489698 -0.149507 0.0357852
0.454971 -0.139557 -0.0597087
0.405369 -0.169431 0.0262358
0.534334 -0.0798135 0.00236231
0.405366 -0.154498 0.0310105
0.504586 -0.184348 0.0357852
0.415281 -0.109698 0.0357852
0.469854 -0.144533 0.0357852
0.464904 -0.209243 0.0357852
0.450025 -0.229155 -0.0597087
0.405362 -0.124632 0.0310105
0.534333 -0.0748358 -0.0358352
0.469862 -0.194309 -0.0597087
0.474801 -0.0499569 0.007137
0.420256 -0.204272 0.0357852
0.435119 -0.0798288 0.0357852
0.50955 -0.209236 -0.0597087
0.415272 -0.0499661 -0.0310605
0.46984 -0.0499576 0.0357852
0.494647 -0.0698643 -0.0597087
0.405352 -0.0599229 0.0310105
0.405363 -0.134587 -0.0167365
0.509553 -0.224169 -0.0597087
0.469841 -0.0549353 0.0357852
0.534349 -0.179366 -0.00241238
0.534341 -0.124612 0.0214611
0.474808 -0.0997332 -0.0597087
0.509551 -0.214213 0.0357852
0.469846 -0.0897787 0.0357852
0.405375 -0.209252 -0.0358352
0.420251 -0.169428 0.0357852
0.499629 -0.209237 -0.0597087
0.445055 -0.169425 0.0357852
0.405377 -0.224185 -0.00241238
0.445053 -0.159469 -0.0597087
0.469851 -0.119644 0.0357852
0.534351 -0.189321 0.00236231
0.524408 -0.0499492 -0.0597087
0.430176 -0.194315 0.0357852
0.454975 -0.164445 -0.0597087
0.524436 -0.229144 -0.00718707
0.405371 -0.184364 0.0310105
0.474828 -0.229152 -0.0358352
0.524436 -0.229144 0.0262358
0.445053 -0.159469 0.0357852
0.445055 -0.169425 -0.0597087
0.44008 -0.079828 -0.0597087
0.529379 -0.114658 -0.0597087
0.410326 -0.149519 0.0357852
0.405372 -0.189341 0.0166864
0.405366 -0.154498 -0.054934
0.415296 -0.20925 0.0357852
0.46984 -0.0499576 -0.0262858
0.405353 -0.0698781 -0.0310605
0.474801 -0.0499569 0.0357852
0.52938 -0.124613 0.0357852
0.534335 -0.0847911 -0.00241238
0.440081 -0.0848056 0.0357852
0.450017 -0.179379 -0.0597087
0.405362 -0.12961 -0.0501593
0.514506 -0.174391 0.0357852
0.469864 -0.204264 0.0357852
0.474807 -0.0897779 -0.0597087
0.474804 -0.0698674 0.0357852
0.49961 -0.0847965 0.0357852
0.494657 -0.139551 0.0357852
0.524418 -0.114658 -0.0597087
0.450007 -0.11467 0.0357852
0.534349 -0.174388 -0.00718707
0.474804 -0.074845 0.0357852
0.474811 -0.119644 0.0357852
0.450002 -0.0848041 0.0357852
0.405353 -0.0649005 0.0310105
0.479763 -0.0599114 0.0357852
0.474813 -0.129599 0.0357852
0.405369 -0.174408 -0.00718707
0.435115 -0.049963 -0.0119618
0.519473 -0.214212 -0.0597087
0.529386 -0.164434 0.0357852
0.450014 -0.159469 0.0357852
0.534356 -0.219187 0.0357852
0.415299 -0.229161 0.0119117
0.52442 -0.129591 -0.0597087
0.405374 -0.204274 0.0214611
0.474817 -0.159465 0.0357852
0.415299 -0.229161 -0.0597087
0.534353 -0.204254 -0.0215111
0.420232 -0.0499653 -0.0597087
0.509542 -0.154482 0.0357852
0.405369 -0.169431 0.0119117
0.49961 -0.0897741 0.0357852
0.405351 -0.0549452 0.0310105
0.420235 -0.0648982 -0.0597087
0.534349 -0.174388 -0.0501593
0.474827 -0.224174 -0.0597087
0.420235 -0.0698758 -0.0597087
0.405376 -0.219207 -0.0453846
0.420237 -0.0798311 -0.0597087
0.420239 -0.094764 -0.0597087
0.405374 -0.204274 -0.054934
0.420241 -0.104719 -0.0597087
0.405354 -0.0748557 -0.0119618
0.420244 -0.12463 -0.0597087
0.484722 -0.0499553 0.0214611
0.440098 -0.199291 0.0357852
0.420245 -0.134585 -0.0597087
0.534347 -0.164433 -0.0167365
0.47481 -0.109688 -0.0597087
0.524413 -0.0847926 0.0357852
0.405355 -0.0798334 0.00236231
0.42025 -0.164451 -0.0597087
0.420251 -0.169428 -0.0597087
0.484741 -0.174396 0.0357852
0.499608 -0.0748412 -0.0597087
0.420252 -0.174406 -0.0597087
0.405351 -0.0549452 -0.0501593
0.420252 -0.179384 -0.0597087
0.405352 -0.0599229 0.0214611
0.420253 -0.184361 -0.0597087
0.420254 -0.189339 -0.0597087
0.534354 -0.209232 -0.0215111
0.420255 -0.194317 -0.0597087
0.440103 -0.229157 -0.0119618
0.420257 -0.209249 -0.0597087
0.454977 -0.174401 -0.0597087
0.420258 -0.214227 -0.0597087
0.430162 -0.0997401 0.0357852
0.5145 -0.139548 0.0357852
0.420259 -0.219205 -0.0597087
0.46984 -0.0499576 0.0310105
0.484732 -0.114665 -0.0597087
0.420259 -0.224182 -0.0597087
0.534329 -0.0499477 -0.054934
0.405353 -0.0649005 0.0357852
0.42026 -0.22916 -0.0597087
0.425195 -0.0599198 -0.0597087
0.534346 -0.154478 0.0214611
0.405369 -0.169431 0.0214611
0.425196 -0.0698751 -0.0597087
0.430154 -0.0499638 0.0214611
0.534352 -0.194299 -0.0501593
0.494671 -0.229148 -0.00718707
0.514494 -0.099727 -0.0597087
0.459929 -0.119646 0.0357852
0.469852 -0.1296 -0.0597087
0.405369 -0.174408 0.0214611
0.425197 -0.0748527 -0.0597087
0.405351 -0.0549452 -0.0215111
0.469851 -0.124622 -0.0597087
0.529396 -0.224165 0.0357852
0.425199 -0.0897856 -0.0597087
0.514514 -0.229145 -0.0119618
0.4252 -0.0947632 -0.0597087
0.474802 -0.0599121 0.0357852
0.499631 -0.22417 -0.0597087
0.410319 -0.104721 -0.0597087
0.425201 -0.0997408 -0.0597087
0.534342 -0.134567 -0.0119618
0.425202 -0.104718 -0.0597087
0.425203 -0.114674 -0.0597087
0.425204 -0.119651 -0.0597087
0.425205 -0.129607 -0.0597087
0.534341 -0.124612 -0.0215111
0.425206 -0.134584 -0.0597087
0.509538 -0.129594 -0.0597087
0.42026 -0.22916 -0.0119618
0.405353 -0.0649005 -0.0119618
0.425207 -0.139562 -0.0597087
0.410327 -0.154497 -0.0597087
0.425209 -0.149517 -0.0597087
0.534346 -0.154478 0.007137
0.529392 -0.199277 0.0357852
0.415285 -0.134586 0.0357852
0.405369 -0.169431 0.0357852
0.425212 -0.169428 -0.0597087
0.534346 -0.159456 -0.0215111
0.410331 -0.179385 -0.0597087
0.425212 -0.174405 -0.0597087
0.534339 -0.114657 0.0119117
0.41033 -0.174408 -0.0597087
0.425213 -0.179383 -0.0597087
0.425215 -0.189338 -0.0597087
0.499605 -0.0549307 0.0357852
0.430168 -0.139561 -0.0597087
0.405367 -0.159475 0.0262358
0.425217 -0.204271 -0.0597087
0.534347 -0.164433 0.00236231
0.425218 -0.209249 -0.0597087
0.479761 -0.0499561 0.0310105
0.425219 -0.214226 -0.0597087
0.534352 -0.199277 0.0310105
0.494661 -0.164439 0.0357852
0.430154 -0.0499638 -0.0597087
0.51449 -0.0698613 0.0357852
0.430155 -0.059919 -0.0597087
0.484722 -0.0499553 -0.054934
0.430156 -0.0648967 -0.0597087
0.445047 -0.119648 -0.0597087
0.464905 -0.219198 -0.0597087
0.405366 -0.154498 0.0119117
0.534356 -0.219187 -0.00718707
0.474801 -0.0549345 0.0357852
0.430157 -0.0698743 -0.0597087
0.534338 -0.104702 -0.0406099
0.504593 -0.229147 0.0166864
0.484745 -0.199284 -0.0597087
0.410336 -0.209251 0.0357852
0.435129 -0.144538 -0.0597087
0.430159 -0.0848072 -0.0597087
0.405376 -0.219207 -0.00241238
0.440075 -0.0499622 -0.0167365
0.450004 -0.0947594 -0.0597087
0.430161 -0.0947624 -0.0597087
0.534346 -0.159456 -0.0167365
0.534338 -0.104702 0.0166864
0.440087 -0.124627 0.0357852
0.494653 -0.109685 -0.0597087
0.405378 -0.229162 0.0214611
0.5145 -0.139548 -0.0597087
0.430162 -0.0997401 -0.0597087
0.534332 -0.0648806 0.00236231
0.469867 -0.229152 -0.0167365
0.430163 -0.109695 -0.0597087
0.445064 -0.229156 0.0119117
0.430164 -0.114673 -0.0597087
0.430165 -0.119651 -0.0597087
0.534336 -0.0897687 -0.0310605
0.430165 -0.124628 -0.0597087
0.53433 -0.0549253 0.0214611
0.479766 -0.0798219 0.0357852
0.405362 -0.12961 0.0119117
0.499632 -0.229148 -0.0358352
0.430166 -0.129606 -0.0597087
0.454965 -0.0997362 -0.0597087
0.410339 -0.229162 0.0214611
0.430167 -0.134583 -0.0597087
0.464896 -0.159466 -0.0597087
0.499604 -0.0499531 0.0357852
0.430169 -0.144539 -0.0597087
0.415279 -0.0997424 0.0357852
0.489686 -0.0698651 -0.0597087
0.430169 -0.149516 -0.0597087
0.450001 -0.0798265 -0.0597087
0.514503 -0.154481 -0.0597087
0.529384 -0.149501 -0.0597087
0.425203 -0.114674 0.0357852
0.430172 -0.169427 -0.0597087
0.430174 -0.179382 -0.0597087
0.524429 -0.189323 -0.0597087
0.430175 -0.18436 -0.0597087
0.504565 -0.0499523 -0.0310605
0.405362 -0.12961 0.00236231
0.430175 -0.189337 -0.0597087
0.489684 -0.0549322 0.0357852
0.519459 -0.129592 -0.0597087
0.529387 -0.169412 -0.0597087
0.405366 -0.14952 0.0310105
0.430176 -0.194315 -0.0597087
0.50954 -0.139549 -0.0597087
0.405364 -0.139565 0.0214611
0.519464 -0.159458 0.0357852
0.420249 -0.159473 -0.0597087
0.430177 -0.199293 -0.0597087
0.430178 -0.20427 -0.0597087
0.469865 -0.214219 -0.0597087
0.450025 -0.229155 -0.0358352
0.484736 -0.139553 -0.0597087
0.430178 -0.209248 -0.0597087
0.534356 -0.224165 -0.0453846
0.464907 -0.229153 -0.0167365
0.450011 -0.139558 -0.0597087
0.430154 -0.0499638 -0.0406099
0.430179 -0.214226 -0.0597087
0.430182 -0.229158 -0.0597087
0.405376 -0.214229 0.0262358
0.43512 -0.0848064 -0.0597087
0.534344 -0.144523 -0.0167365
0.410313 -0.0648997 -0.0597087
0.435121 -0.089784 -0.0597087
0.435122 -0.0947617 -0.0597087
0.435122 -0.0997393 -0.0597087
0.534333 -0.0698582 -0.0358352
0.40536 -0.114677 0.0310105
0.534338 -0.104702 0.0214611
0.489696 -0.134574 0.0357852
0.435123 -0.104717 -0.0597087
0.534339 -0.109679 0.0166864
0.435124 -0.109695 -0.0597087
0.534348 -0.169411 -0.054934
0.405372 -0.189341 -0.0167365
0.435125 -0.114672 -0.0597087
0.49467 -0.224171 -0.0597087
0.50459 -0.214214 -0.0597087
0.534345 -0.1495 -0.0358352
0.489701 -0.169418 -0.0597087
0.435125 -0.11965 -0.0597087
0.454958 -0.0499599 -0.0119618
0.450017 -0.179379 0.0357852
0.440081 -0.0848056 -0.0597087
0.459942 -0.204266 -0.0597087
0.405373 -0.194319 -0.0358352
0.420234 -0.0599206 -0.0597087
0.435127 -0.129605 -0.0597087
0.410316 -0.0848102 0.0357852
0.484735 -0.134575 -0.0597087
0.435128 -0.134583 -0.0597087
0.464881 -0.0648913 0.0357852
0.435128 -0.13956 -0.0597087
0.415272 -0.0499661 -0.00718707
0.405354 -0.0748557 0.0119117
0.43513 -0.149516 -0.0597087
0.464892 -0.134578 0.0357852
0.440085 -0.114671 -0.0597087
0.405355 -0.0798334 0.0119117
0.420238 -0.0848087 0.0357852
0.435131 -0.154493 -0.0597087
0.420237 -0.0798311 0.0357852
0.435132 -0.159471 -0.0597087
0.435132 -0.164448 -0.0597087
0.494644 -0.0499538 -0.0262858
0.51946 -0.13457 -0.0597087
0.425193 -0.0499645 0.0119117
0.405365 -0.144543 0.0310105
0.435133 -0.169426 -0.0597087
0.405359 -0.109699 0.007137
0.435135 -0.179381 -0.0597087
0.459918 -0.0499592 -0.0119618
0.509552 -0.219191 0.0357852
0.435135 -0.184359 -0.0597087
0.405373 -0.194319 -0.0406099
0.440091 -0.149515 -0.0597087
0.534344 -0.144523 0.00236231
0.435136 -0.189337 -0.0597087
0.534346 -0.159456 0.00236231
0.435138 -0.199292 -0.0597087
0.405363 -0.134587 0.007137
0.425198 -0.0798303 -0.0597087
0.435138 -0.20427 -0.0597087
0.514514 -0.229145 -0.0406099
0.43514 -0.214225 -0.0597087
0.435141 -0.219202 -0.0597087
0.53435 -0.184344 -0.0215111
0.405373 -0.199296 0.0262358
0.435142 -0.22418 -0.0597087
0.450018 -0.189334 -0.0597087
0.440075 -0.0499622 -0.0597087
0.459946 -0.229154 -0.0167365
0.474814 -0.139554 -0.0597087
0.440076 -0.0549399 -0.0597087
0.499628 -0.20426 -0.0597087
0.440077 -0.0599175 -0.0597087
0.464897 -0.164444 -0.0597087
0.440078 -0.0648951 -0.0597087
0.529379 -0.119635 -0.0597087
0.440078 -0.0698728 -0.0597087
0.449997 -0.0499607 -0.054934
0.440079 -0.0748504 -0.0597087
0.529373 -0.0748366 -0.0597087
0.425193 -0.0499645 -0.0597087
0.440083 -0.0997385 -0.0597087
0.519447 -0.04995 -0.0167365
0.494671 -0.229148 -0.0358352
0.464889 -0.114668 -0.0597087
0.435116 -0.0599183 0.0357852
0.440084 -0.104716 -0.0597087
0.405369 -0.174408 -0.0310605
0.41033 -0.174408 0.0357852
0.440086 -0.119649 -0.0597087
0.405369 -0.169431 -0.0167365
0.440087 -0.124627 -0.0597087
0.440088 -0.129604 -0.0597087
0.519463 -0.149503 -0.0597087
0.405365 -0.144543 -0.0119618
0.440088 -0.134582 -0.0597087
0.519475 -0.229145 -0.0310605
0.440089 -0.13956 -0.0597087
0.509528 -0.0648844 -0.0597087
0.405374 -0.204274 -0.0215111
0.50953 -0.0798173 0.0357852
0.440095 -0.179381 -0.0597087
0.420232 -0.0499653 0.00236231
0.519461 -0.139547 -0.0597087
0.410322 -0.124631 0.0357852
0.534347 -0.164433 -0.0597087
0.509531 -0.0847949 0.0357852
0.440096 -0.184358 -0.0597087
0.519447 -0.04995 -0.054934
0.430154 -0.0499638 -0.0453846
0.534352 -0.199277 0.0214611
0.4401 -0.209246 -0.0597087
0.53434 -0.119635 -0.0406099
0.529394 -0.21421 -0.0597087
0.440103 -0.229157 -0.0597087
0.44504 -0.0748496 -0.0597087
0.440075 -0.0499622 -0.00718707
0.405352 -0.0599229 -0.0310605
0.454959 -0.0599152 -0.0597087
0.524413 -0.0847926 -0.0597087
0.415286 -0.144541 -0.0597087
0.445041 -0.0798272 -0.0597087
0.405357 -0.0947663 -0.054934
0.45496 -0.0648928 -0.0597087
0.40537 -0.179386 -0.054934
0.529393 -0.209233 -0.0597087
0.425193 -0.0499645 0.0357852
0.445042 -0.0848049 -0.0597087
0.514498 -0.124615 -0.0597087
0.534346 -0.154478 -0.0501593
0.405368 -0.164453 -0.0119618
0.440092 -0.154492 -0.0597087
0.445045 -0.104715 -0.0597087
0.534349 -0.179366 -0.0597087
0.534344 -0.144523 -0.0310605
0.445045 -0.109693 -0.0597087
0.504593 -0.229147 -0.054934
0.445046 -0.114671 -0.0597087
0.445048 -0.124626 -0.0597087
0.514509 -0.194302 -0.0597087
0.529383 -0.144523 -0.0597087
0.405362 -0.124632 -0.00718707
0.445051 -0.144536 -0.0597087
0.445051 -0.149514 -0.0597087
0.445052 -0.154492 -0.0597087
0.445056 -0.17938 -0.0597087
0.445058 -0.194313 -0.0597087
0.524423 -0.144524 -0.0597087
0.48971 -0.229149 -0.0406099
0.44506 -0.204268 -0.0597087
0.46984 -0.0499576 -0.00718707
0.405353 -0.0698781 -0.00241238
0.445061 -0.209246 -0.0597087
0.445061 -0.214223 -0.0597087
0.489692 -0.109686 -0.0597087
0.40535 -0.0499676 0.007137
0.445063 -0.224179 -0.0597087
0.445064 -0.229156 -0.0597087
0.449998 -0.0549383 -0.0597087
0.449998 -0.059916 -0.0597087
0.494644 -0.0499538 -0.0358352
0.509536 -0.114661 0.0357852
0.449999 -0.0648936 -0.0597087
0.450001 -0.0748489 -0.0597087
0.450002 -0.0848041 -0.0597087
0.454958 -0.0499599 -0.0597087
0.450005 -0.099737 -0.0597087
0.405359 -0.109699 0.0310105
0.459946 -0.229154 0.0214611
0.450006 -0.109692 -0.0597087
0.450007 -0.11467 -0.0597087
0.499616 -0.124617 0.0357852
0.440101 -0.214224 -0.0597087
0.405355 -0.0798334 0.007137
0.459928 -0.114668 -0.0597087
0.450008 -0.119648 -0.0597087
0.45001 -0.13458 -0.0597087
0.450011 -0.144536 -0.0597087
0.46984 -0.0499576 -0.0358352
0.534355 -0.214209 -0.054934
0.405353 -0.0698781 -0.0215111
0.514496 -0.11466 0.0357852
0.450014 -0.159469 -0.0597087
0.405355 -0.0798334 -0.0310605
0.450015 -0.164446 -0.0597087
0.450016 -0.174401 -0.0597087
0.450019 -0.194312 -0.0597087
0.450021 -0.209245 -0.0597087
0.454968 -0.119647 0.0357852
0.450022 -0.214222 -0.0597087
0.450023 -0.2192 -0.0597087
0.440075 -0.0499622 -0.00241238
0.405352 -0.0599229 0.00236231
0.445061 -0.214223 0.0357852
0.47978 -0.169419 0.0357852
0.454961 -0.0698705 -0.0597087
0.454963 -0.0848034 -0.0597087
0.430182 -0.229158 -0.0406099
0.454966 -0.104714 -0.0597087
0.484727 -0.0847988 -0.0597087
0.529369 -0.0499485 0.0119117
0.454967 -0.109691 -0.0597087
0.415272 -0.0499661 0.0262358
0.405354 -0.0748557 0.00236231
0.454968 -0.119647 -0.0597087
0.454972 -0.144535 -0.0597087
0.454973 -0.149513 -0.0597087
0.509526 -0.0499515 0.0119117
0.529391 -0.1943 0.0357852
0.405368 -0.164453 0.007137
0.454976 -0.169423 -0.0597087
0.454978 -0.179378 -0.0597087
0.504565 -0.0499523 -0.0358352
0.53433 -0.0549253 0.0119117
0.405362 -0.12961 -0.00241238
0.454979 -0.189334 -0.0597087
0.405361 -0.119654 -0.0453846
0.514504 -0.164436 0.0357852
0.45498 -0.194311 -0.0597087
0.445062 -0.219201 -0.0597087
0.454981 -0.204266 -0.0597087
0.534335 -0.0847911 -0.054934
0.405358 -0.0997439 0.0357852
0.454982 -0.209244 -0.0597087
0.405358 -0.0997439 -0.0119618
0.534336 -0.0897687 -0.054934
0.454983 -0.214222 -0.0597087
0.464899 -0.179377 -0.0597087
0.454984 -0.219199 -0.0597087
0.454984 -0.224177 -0.0597087
0.534341 -0.124612 -0.0167365
0.454985 -0.229155 -0.0597087
0.459918 -0.0499592 -0.0597087
0.494653 -0.114663 -0.0597087
0.45992 -0.0599144 -0.0597087
0.405361 -0.119654 -0.054934
0.52938 -0.124613 -0.0597087
0.459922 -0.0748473 -0.0597087
0.499604 -0.0499531 -0.0310605
0.464907 -0.229153 0.0310105
0.459924 -0.0897802 -0.0597087
0.459926 -0.0997355 -0.0597087
0.415292 -0.184362 -0.0597087
0.405362 -0.12961 0.0310105
0.415272 -0.0499661 0.0166864
0.479789 -0.229151 -0.054934
0.459927 -0.104713 -0.0597087
0.499617 -0.129595 0.0357852
0.459928 -0.109691 -0.0597087
0.534341 -0.124612 -0.054934
0.474823 -0.194308 0.0357852
0.529395 -0.219188 -0.0597087
0.459929 -0.119646 -0.0597087
0.45993 -0.124624 -0.0597087
0.405367 -0.159475 0.0310105
0.425213 -0.179383 0.0357852
0.459931 -0.134579 -0.0597087
0.534349 -0.179366 -0.00718707
0.534341 -0.124612 0.0310105
0.425215 -0.194316 -0.0597087
0.405373 -0.194319 0.0119117
0.459932 -0.139557 -0.0597087
0.405357 -0.0947663 -0.0310605
0.529376 -0.0997248 0.0357852
0.459934 -0.149512 -0.0597087
0.459937 -0.169422 -0.0597087
0.459938 -0.1744 -0.0597087
0.459938 -0.179378 -0.0597087
0.440103 -0.229157 -0.0453846
0.514492 -0.0847942 0.0357852
0.459941 -0.19431 -0.0597087
0.459944 -0.219199 -0.0597087
0.479789 -0.229151 -0.00241238
0.405354 -0.0748557 -0.054934
0.534331 -0.059903 0.0357852
0.514505 -0.169414 -0.0597087
0.464881 -0.0648913 -0.0597087
0.4649 -0.184354 -0.0597087
0.519455 -0.0997263 -0.0597087
0.464882 -0.0698689 -0.0597087
0.519456 -0.104704 -0.0597087
0.464884 -0.0848018 -0.0597087
0.405359 -0.104722 0.0214611
0.464886 -0.0947571 -0.0597087
0.425216 -0.199293 -0.0597087
0.405373 -0.199296 0.0166864
0.464887 -0.0997347 -0.0597087
0.464888 -0.10969 -0.0597087
0.46489 -0.119645 -0.0597087
0.464891 -0.124623 -0.0597087
0.464894 -0.149511 -0.0597087
0.534341 -0.124612 -0.00241238
0.454985 -0.229155 -0.0453846
0.464898 -0.174399 -0.0597087
0.53434 -0.119635 -0.0119618
0.425221 -0.229159 -0.0262858
0.464901 -0.19431 -0.0597087
0.464902 -0.199287 -0.0597087
0.405369 -0.174408 -0.00241238
0.464904 -0.209243 -0.0597087
0.405357 -0.0947663 0.0166864
0.464904 -0.21422 -0.0597087
0.405353 -0.0698781 -0.0453846
0.46984 -0.0499576 -0.0597087
0.469841 -0.0549353 -0.0597087
0.469844 -0.0748458 -0.0597087
0.469844 -0.0798234 -0.0597087
0.499604 -0.0499531 0.007137
0.464907 -0.229153 -0.0310605
0.469845 -0.084801 -0.0597087
0.484722 -0.0499553 0.0166864
0.49466 -0.159462 -0.0597087
0.469846 -0.0897787 -0.0597087
0.445036 -0.0499615 -0.0597087
0.405366 -0.14952 -0.0119618
0.479779 -0.164442 0.0357852
0.469847 -0.0947563 -0.0597087
0.524408 -0.0499492 0.007137
0.484724 -0.0648882 -0.0597087
0.405355 -0.0798334 -0.054934
0.469849 -0.109689 -0.0597087
0.469854 -0.144533 -0.0597087
0.435115 -0.049963 -0.0406099
0.40536 -0.114677 -0.00241238
0.469858 -0.169421 -0.0597087
0.46986 -0.179376 -0.0597087
0.489683 -0.0499546 -0.0358352
0.469863 -0.199287 -0.0597087
0.469864 -0.204264 -0.0597087
0.534335 -0.0847911 -0.0262858
0.415275 -0.0698766 0.0357852
0.469864 -0.209242 -0.0597087
0.405359 -0.109699 -0.0119618
0.440075 -0.0499622 -0.0453846
0.42026 -0.22916 0.007137
0.534329 -0.0499477 0.0357852
0.469866 -0.219197 -0.0597087
0.415291 -0.174407 -0.0597087
0.469867 -0.224175 -0.0597087
0.405373 -0.194319 -0.0167365
0.529396 -0.229143 -0.0597087
0.469867 -0.229152 -0.0597087
0.474804 -0.0698674 -0.0597087
0.474806 -0.0848003 -0.0597087
0.474807 -0.0947555 -0.0597087
0.474811 -0.114666 -0.0597087
0.405357 -0.0947663 -0.0406099
0.420259 -0.224182 0.0357852
0.474811 -0.119644 -0.0597087
0.405353 -0.0649005 -0.0597087
0.42026 -0.22916 0.0357852
0.474812 -0.124621 -0.0597087
0.474828 -0.229152 -0.0453846
0.524436 -0.229144 0.0357852
0.474813 -0.129599 -0.0597087
0.474814 -0.134577 -0.0597087
0.464887 -0.0997347 0.0357852
0.474815 -0.144532 -0.0597087
0.474817 -0.159465 -0.0597087
0.504569 -0.0748404 -0.0597087
0.440093 -0.164448 -0.0597087
0.474819 -0.16942 -0.0597087
0.474822 -0.189331 -0.0597087
0.529395 -0.219188 0.0357852
0.474823 -0.194308 -0.0597087
0.474824 -0.199286 -0.0597087
0.534345 -0.1495 0.007137
0.405368 -0.164453 0.0119117
0.435142 -0.229158 0.0214611
0.410332 -0.184363 -0.0597087
0.474825 -0.209241 -0.0597087
0.445064 -0.229156 -0.0501593
0.499623 -0.169416 -0.0597087
0.405358 -0.0997439 0.0310105
0.534335 -0.0847911 -0.0597087
0.40537 -0.179386 0.0262358
0.534337 -0.099724 -0.054934
0.474826 -0.214219 -0.0597087
0.474827 -0.219196 -0.0597087
0.479762 -0.0549337 -0.0597087
0.479766 -0.0798219 -0.0597087
0.479767 -0.0897771 -0.0597087
0.450015 -0.169424 0.0357852
0.47977 -0.10471 -0.0597087
0.489697 -0.139552 -0.0597087
0.464879 -0.0499584 0.0310105
0.479771 -0.114665 -0.0597087
0.529386 -0.159456 -0.0597087
0.479772 -0.119643 -0.0597087
0.479774 -0.129598 -0.0597087
0.534336 -0.0897687 -0.0215111
0.405361 -0.119654 0.0310105
0.534344 -0.144523 0.0119117
0.479776 -0.144531 -0.0597087
0.405366 -0.14952 0.0214611
0.489683 -0.0499546 0.0310105
0.464906 -0.224175 0.0357852
0.479777 -0.154486 -0.0597087
0.494644 -0.0499538 -0.0406099
0.534336 -0.0897687 -0.0501593
0.479779 -0.164442 -0.0597087
0.479782 -0.184352 -0.0597087
0.479783 -0.18933 -0.0597087
0.440103 -0.229157 0.007137
0.479784 -0.199285 -0.0597087
0.405375 -0.209252 0.00236231
0.534351 -0.189321 0.0166864
0.479785 -0.204263 -0.0597087
0.430179 -0.214226 0.0357852
0.405376 -0.214229 0.0166864
0.534352 -0.194299 0.0166864
0.494662 -0.169417 0.0357852
0.479786 -0.20924 -0.0597087
0.534336 -0.0947464 -0.0310605
0.534344 -0.144523 0.0310105
0.52939 -0.189322 -0.0597087
0.415273 -0.0599213 0.0357852
0.504583 -0.164438 -0.0597087
0.479787 -0.219196 -0.0597087
0.499626 -0.189327 0.0357852
0.484724 -0.0599106 -0.0597087
0.53434 -0.119635 -0.0453846
0.405371 -0.184364 -0.00241238
0.509526 -0.0499515 0.0214611
0.534342 -0.134567 -0.0597087
0.484725 -0.0698659 -0.0597087
0.484726 -0.0748435 -0.0597087
0.484728 -0.0897764 -0.0597087
0.484729 -0.094754 -0.0597087
0.534347 -0.164433 0.0310105
0.499606 -0.0599083 0.0357852
0.425197 -0.0748527 0.0357852
0.48473 -0.0997316 -0.0597087
0.435115 -0.049963 -0.0358352
0.454958 -0.0549376 -0.0597087
0.40536 -0.114677 0.0166864
0.435123 -0.104717 0.0357852
0.48473 -0.104709 -0.0597087
0.405368 -0.164453 -0.0310605
0.410312 -0.0599221 0.0357852
0.484731 -0.109687 -0.0597087
0.484733 -0.119642 -0.0597087
0.509551 -0.214213 -0.0597087
0.405362 -0.124632 0.007137
0.425199 -0.0897856 0.0357852
0.484734 -0.129597 -0.0597087
0.534349 -0.174388 -0.0358352
0.464899 -0.179377 0.0357852
0.484738 -0.154486 -0.0597087
0.430172 -0.164449 -0.0597087
0.484739 -0.159463 -0.0597087
0.459919 -0.0549368 -0.0597087
0.469854 -0.139555 -0.0597087
0.48474 -0.169418 -0.0597087
0.484741 -0.174396 -0.0597087
0.484742 -0.179374 -0.0597087
0.415282 -0.119653 -0.0597087
0.484743 -0.184351 -0.0597087
0.484744 -0.189329 -0.0597087
0.534357 -0.229142 0.0119117
0.499631 -0.22417 0.0357852
0.405355 -0.0798334 0.0262358
0.454978 -0.184356 0.0357852
0.484746 -0.204262 -0.0597087
0.534339 -0.109679 -0.0406099
0.484747 -0.209239 -0.0597087
0.484747 -0.214217 -0.0597087
0.534342 -0.12959 -0.054934
0.484749 -0.224172 -0.0597087
0.524408 -0.0499492 -0.0215111
0.430159 -0.0798295 -0.0597087
0.489684 -0.0599098 -0.0597087
0.504575 -0.114661 0.0357852
0.489685 -0.0648875 -0.0597087
0.405373 -0.199296 0.0310105
0.489689 -0.0897756 -0.0597087
0.405356 -0.0897886 -0.054934
0.504582 -0.15946 -0.0597087
0.48969 -0.0947533 -0.0597087
0.489693 -0.114664 -0.0597087
0.529373 -0.0798142 0.0357852
0.489706 -0.199283 0.0357852
0.489694 -0.124619 -0.0597087
0.425202 -0.109696 0.0357852
0.489695 -0.129597 -0.0597087
0.405369 -0.169431 -0.0358352
0.489696 -0.134574 -0.0597087
0.489697 -0.14453 -0.0597087
0.53435 -0.184344 -0.0597087
0.494644 -0.0499538 0.00236231
0.4897 -0.159462 -0.0597087
0.435126 -0.124627 -0.0597087
0.489702 -0.174395 -0.0597087
0.489703 -0.179373 -0.0597087
0.489704 -0.184351 -0.0597087
0.479782 -0.184352 0.0357852
0.489705 -0.194306 -0.0597087
0.489706 -0.199283 -0.0597087
0.51945 -0.0648829 -0.0597087
0.489708 -0.214216 -0.0597087
0.489709 -0.219194 -0.0597087
0.454958 -0.0499599 0.0214611
0.415296 -0.204273 0.0357852
0.504584 -0.174393 -0.0597087
0.494646 -0.0648867 -0.0597087
0.494648 -0.0798196 -0.0597087
0.499632 -0.229148 -0.0597087
0.49465 -0.0947525 -0.0597087
0.494651 -0.0997301 -0.0597087
0.405377 -0.224185 0.0262358
0.534339 -0.114657 0.0214611
0.494652 -0.104708 -0.0597087
0.415272 -0.0499661 -0.0215111
0.405353 -0.0698781 0.0310105
0.534357 -0.229142 -0.0215111
0.40535 -0.0499676 -0.054934
0.494657 -0.134574 -0.0597087
0.440102 -0.219202 0.0357852
0.494657 -0.139551 -0.0597087
0.494659 -0.149506 -0.0597087
0.49466 -0.154484 -0.0597087
0.494661 -0.164439 -0.0597087
0.464898 -0.169422 -0.0597087
0.494663 -0.174395 -0.0597087
0.48475 -0.22915 -0.00718707
0.494669 -0.214216 -0.0597087
0.425209 -0.154495 0.0357852
0.49467 -0.219193 -0.0597087
0.519447 -0.04995 0.007137
0.469851 -0.124622 0.0357852
0.494671 -0.229148 -0.0597087
0.499606 -0.0599083 -0.0597087
0.509541 -0.149504 0.0357852
0.48474 -0.164441 -0.0597087
0.499607 -0.0698636 -0.0597087
0.49961 -0.0847965 -0.0597087
0.49961 -0.0897741 -0.0597087
0.494671 -0.229148 -0.0119618
0.499611 -0.0947517 -0.0597087
0.405364 -0.139565 -0.00718707
0.504577 -0.124617 0.0357852
0.499612 -0.0997293 -0.0597087
0.499615 -0.11964 -0.0597087
0.534352 -0.199277 -0.054934
0.499616 -0.124617 -0.0597087
0.49962 -0.149506 -0.0597087
0.49962 -0.154483 -0.0597087
0.494644 -0.0499538 -0.0453846
0.499621 -0.159461 -0.0597087
0.499623 -0.174394 -0.0597087
0.499627 -0.194304 -0.0597087
0.46984 -0.0499576 -0.0406099
0.534355 -0.214209 -0.0597087
0.534352 -0.199277 -0.0358352
0.504587 -0.194304 -0.0597087
0.49963 -0.219192 -0.0597087
0.464879 -0.0499584 -0.0501593
0.50457 -0.0847957 -0.0597087
0.504573 -0.0997286 -0.0597087
0.474809 -0.104711 -0.0597087
0.504573 -0.104706 -0.0597087
0.504576 -0.119639 -0.0597087
0.504577 -0.124617 -0.0597087
0.504578 -0.134572 -0.0597087
0.474801 -0.0499569 -0.054934
0.50458 -0.149505 -0.0597087
0.504585 -0.179371 -0.0597087
0.445036 -0.0499615 -0.0167365
0.479774 -0.134576 -0.0597087
0.504587 -0.189326 -0.0597087
0.50459 -0.209236 -0.0597087
0.410313 -0.0648997 0.0357852
0.504593 -0.229147 -0.0597087
0.529369 -0.0549261 -0.0597087
0.509526 -0.0549291 -0.0597087
0.509529 -0.069862 -0.0597087
0.509531 -0.0847949 -0.0597087
0.509533 -0.0947502 -0.0597087
0.405361 -0.119654 -0.00718707
0.509533 -0.0997278 -0.0597087
0.435115 -0.049963 -0.054934
0.519459 -0.129592 0.0357852
0.509536 -0.114661 -0.0597087
0.509537 -0.119638 -0.0597087
0.509537 -0.124616 -0.0597087
0.46984 -0.0499576 0.0262358
0.405353 -0.0698781 -0.0119618
0.50954 -0.144526 -0.0597087
0.509541 -0.149504 -0.0597087
0.509543 -0.159459 -0.0597087
0.509543 -0.164437 -0.0597087
0.509544 -0.169415 -0.0597087
0.529396 -0.229143 -0.0453846
0.509545 -0.174392 -0.0597087
0.529383 -0.139546 -0.0597087
0.534349 -0.179366 0.007137
0.509546 -0.17937 -0.0597087
0.445036 -0.0499615 -0.00241238
0.509547 -0.189325 -0.0597087
0.524412 -0.0748374 -0.0597087
0.509548 -0.194303 -0.0597087
0.405359 -0.109699 -0.0167365
0.509549 -0.19928 -0.0597087
0.509552 -0.219191 -0.0597087
0.534353 -0.204254 -0.0310605
0.514488 -0.059906 -0.0597087
0.42026 -0.22916 -0.0262858
0.464883 -0.0748466 -0.0597087
0.405353 -0.0649005 0.0166864
0.51449 -0.0748389 -0.0597087
0.534357 -0.229142 -0.054934
0.514492 -0.0847942 -0.0597087
0.534351 -0.189321 -0.0167365
0.454975 -0.159468 -0.0597087
0.514493 -0.0897718 -0.0597087
0.499625 -0.184349 -0.0597087
0.514495 -0.104705 -0.0597087
0.514496 -0.109682 -0.0597087
0.415272 -0.0499661 -0.054934
0.514496 -0.11466 -0.0597087
0.405352 -0.0599229 -0.054934
0.459933 -0.144534 -0.0597087
0.514502 -0.149503 -0.0597087
0.534336 -0.0947464 0.0119117
0.514507 -0.184347 -0.0597087
0.514509 -0.19928 -0.0597087
0.514511 -0.209235 -0.0597087
0.514512 -0.214213 -0.0597087
0.514513 -0.224168 -0.0597087
0.494667 -0.20426 0.0357852
0.514514 -0.229145 -0.0597087
0.534352 -0.199277 0.0262358
0.519447 -0.04995 -0.0597087
0.489708 -0.214216 0.0357852
0.504574 -0.109684 -0.0597087
0.519448 -0.0549276 -0.0597087
0.474803 -0.0648898 -0.0597087
0.519449 -0.0599052 -0.0597087
0.51945 -0.0698605 -0.0597087
0.519452 -0.0798158 -0.0597087
0.519453 -0.089771 -0.0597087
0.459918 -0.0499592 -0.00241238
0.519456 -0.109682 -0.0597087
0.519457 -0.114659 -0.0597087
0.519459 -0.124614 -0.0597087
0.445057 -0.184357 -0.0597087
0.519463 -0.15448 -0.0597087
0.519465 -0.164435 -0.0597087
0.474815 -0.144532 0.0357852
0.519466 -0.169413 -0.0597087
0.435134 -0.174404 -0.0597087
0.519468 -0.184346 -0.0597087
0.405364 -0.139565 -0.0358352
0.519469 -0.194301 -0.0597087
0.534356 -0.224165 -0.0501593
0.519471 -0.204257 -0.0597087
0.405366 -0.154498 -0.0453846
0.430171 -0.159472 0.0357852
0.519472 -0.209234 -0.0597087
0.405374 -0.204274 0.0166864
0.519473 -0.219189 -0.0597087
0.405353 -0.0649005 0.0119117
0.405363 -0.134587 -0.0453846
0.519474 -0.224167 -0.0597087
0.504567 -0.0648852 -0.0597087
0.405364 -0.139565 0.00236231
0.524419 -0.124614 -0.0597087
0.519475 -0.229145 -0.0597087
0.52441 -0.0648821 -0.0597087
0.534355 -0.214209 -0.00718707
0.430158 -0.0748519 -0.0597087
0.524411 -0.0698597 -0.0597087
0.534357 -0.229142 -0.0167365
0.40535 -0.0499676 -0.0501593
0.524413 -0.079815 -0.0597087
0.534333 -0.0698582 0.0262358
0.435115 -0.049963 -0.0597087
0.499622 -0.164439 0.0357852
0.524416 -0.0997255 -0.0597087
0.489687 -0.0798204 -0.0597087
0.524419 -0.119636 -0.0597087
0.405366 -0.154498 -0.00241238
0.524421 -0.134569 -0.0597087
0.435139 -0.209247 -0.0597087
0.524426 -0.169412 -0.0597087
0.524428 -0.179368 -0.0597087
0.484748 -0.219195 -0.0597087
0.524429 -0.184345 -0.0597087
0.53435 -0.184344 -0.0119618
0.534342 -0.12959 0.0214611
0.529396 -0.229143 0.0310105
0.524432 -0.204256 -0.0597087
0.534343 -0.139545 0.0214611
0.524433 -0.209233 -0.0597087
0.524433 -0.214211 -0.0597087
0.405376 -0.219207 0.00236231
0.524434 -0.219189 -0.0597087
0.524435 -0.224166 -0.0597087
0.52937 -0.0599037 -0.0597087
0.529371 -0.0648813 -0.0597087
0.405375 -0.209252 0.007137
0.529372 -0.069859 -0.0597087
0.50953 -0.0798173 -0.0597087
0.529373 -0.0798142 -0.0597087
0.459933 -0.144534 0.0357852
0.529375 -0.0897695 -0.0597087
0.529376 -0.0947471 -0.0597087
0.529376 -0.0997248 -0.0597087
0.529377 -0.104702 -0.0597087
0.529378 -0.10968 -0.0597087
0.534333 -0.0698582 -0.0215111
0.529386 -0.164434 -0.0597087
0.479787 -0.219196 0.0357852
0.529389 -0.179367 -0.0597087
0.479774 -0.134576 0.0357852
0.405364 -0.139565 0.0310105
0.504565 -0.0499523 -0.0167365
0.53433 -0.0549253 -0.0167365
0.529389 -0.184344 -0.0597087
0.405368 -0.164453 -0.0453846
0.425212 -0.169428 0.0357852
0.529392 -0.199277 -0.0597087
0.405369 -0.169431 -0.054934
0.529392 -0.204255 -0.0597087
0.534331 -0.059903 -0.0597087
0.405354 -0.0748557 -0.00241238
0.405359 -0.104722 -0.00241238
0.534332 -0.0648806 -0.0597087
0.534333 -0.0698582 -0.0597087
0.410332 -0.18934 0.0357852
0.534341 -0.124612 -0.0597087
0.534344 -0.144523 -0.0597087
0.534346 -0.154478 -0.0597087
0.534346 -0.159456 -0.0597087
0.514514 -0.229145 -0.0262858
0.405372 -0.189341 -0.0358352
0.534348 -0.169411 -0.0597087
0.534349 -0.174388 -0.0597087
0.484734 -0.12462 0.0357852
0.534352 -0.199277 -0.0597087
0.45002 -0.19929 -0.0597087
0.534353 -0.204254 -0.0597087
0.534334 -0.0798135 -0.0453846
0.534356 -0.224165 -0.0597087
0.440103 -0.229157 -0.00718707
0.420248 -0.149518 0.0357852
0.40535 -0.0499676 0.0310105
0.499617 -0.134573 -0.0597087
0.405357 -0.0947663 0.0310105
0.509526 -0.0499515 -0.0597087
0.405368 -0.164453 0.0310105
0.435137 -0.194314 -0.0597087
0.474827 -0.219196 0.0357852
0.405369 -0.169431 0.0310105
0.40537 -0.179386 0.0310105
0.534349 -0.179366 -0.0358352
0.494668 -0.209238 0.0357852
0.405373 -0.194319 0.0310105
0.494655 -0.124618 0.0357852
0.405374 -0.204274 0.0310105
0.430178 -0.209248 0.0357852
0.405375 -0.209252 0.0310105
0.405376 -0.214229 0.0310105
0.474828 -0.229152 0.0262358
0.430172 -0.169427 0.0357852
0.405377 -0.224185 0.0310105
0.49466 -0.159462 0.0357852
0.405351 -0.0549452 0.0262358
0.440075 -0.0499622 0.0214611
0.405352 -0.0599229 0.0262358
0.405369 -0.174408 0.007137
0.405353 -0.0649005 0.0262358
0.405356 -0.084811 0.0262358
0.405356 -0.0897886 0.0262358
0.405357 -0.0947663 0.0262358
0.405359 -0.104722 0.0262358
0.504565 -0.0499523 -0.00718707
0.53433 -0.0549253 -0.00718707
0.405362 -0.12961 0.0262358
0.405363 -0.134587 0.0262358
0.48474 -0.164441 0.0357852
0.405364 -0.139565 0.0262358
0.509547 -0.189325 0.0357852
0.405366 -0.14952 0.0262358
0.534334 -0.0798135 0.007137
0.405366 -0.154498 0.0262358
0.534346 -0.159456 0.0166864
0.484746 -0.204262 0.0357852
0.405369 -0.174408 0.0262358
0.405372 -0.189341 0.0262358
0.405373 -0.194319 0.0262358
0.405376 -0.219207 0.0262358
0.405378 -0.229162 0.0262358
0.440103 -0.229157 0.0166864
0.40535 -0.0499676 0.0214611
0.48971 -0.224172 0.0357852
0.440098 -0.199291 -0.0597087
0.405351 -0.0549452 0.0214611
0.410311 -0.0499668 0.0119117
0.405356 -0.084811 0.0214611
0.469865 -0.214219 0.0357852
0.405356 -0.0897886 0.0214611
0.534346 -0.159456 -0.0310605
0.405369 -0.169431 -0.00718707
0.529383 -0.139546 0.0357852
0.405358 -0.0997439 0.0214611
0.534333 -0.0698582 -0.0262858
0.40536 -0.114677 0.0214611
0.519473 -0.214212 0.0357852
0.405362 -0.124632 0.0214611
0.509526 -0.0499515 0.00236231
0.445044 -0.0997378 -0.0597087
0.405368 -0.164453 0.0214611
0.494666 -0.194305 -0.0597087
0.405371 -0.184364 0.0214611
0.405373 -0.194319 0.0214611
0.53435 -0.184344 0.0214611
0.529396 -0.229143 0.0262358
0.405373 -0.199296 0.0214611
0.405376 -0.214229 0.0214611
0.474828 -0.229152 0.0357852
0.405377 -0.224185 0.0214611
0.405351 -0.0549452 0.0166864
0.405352 -0.0599229 0.0166864
0.405353 -0.0698781 0.0166864
0.405354 -0.0748557 0.0166864
0.50458 -0.144527 -0.0597087
0.405355 -0.0798334 0.0166864
0.410311 -0.0499668 -0.0310605
0.405356 -0.084811 0.0166864
0.405359 -0.109699 0.0166864
0.425221 -0.229159 -0.0215111
0.405377 -0.224185 -0.00718707
0.534336 -0.0897687 0.0310105
0.405361 -0.119654 0.0166864
0.469857 -0.164443 -0.0597087
0.405362 -0.124632 0.0166864
0.405362 -0.12961 0.0166864
0.405363 -0.134587 0.0166864
0.405364 -0.139565 0.0166864
0.534334 -0.0798135 -0.00718707
0.405366 -0.154498 0.0166864
0.534345 -0.1495 0.00236231
0.474826 -0.214219 0.0357852
0.405368 -0.164453 0.0166864
0.405369 -0.174408 0.0166864
0.40537 -0.179386 0.0166864
0.405358 -0.0997439 -0.00241238
0.405371 -0.184364 0.0166864
0.534349 -0.179366 0.0262358
0.405373 -0.194319 0.0166864
0.405375 -0.209252 0.0166864
0.405377 -0.224185 0.0166864
0.420255 -0.194317 0.0357852
0.405378 -0.229162 0.0166864
0.40535 -0.0499676 0.0119117
0.534356 -0.219187 -0.00241238
0.405353 -0.0698781 0.0119117
0.405356 -0.084811 0.0119117
0.405359 -0.104722 0.0119117
0.405359 -0.109699 0.0119117
0.415298 -0.219205 0.0357852
0.479787 -0.214218 -0.0597087
0.405361 -0.119654 0.0119117
0.504592 -0.224169 0.0357852
0.405363 -0.134587 0.0119117
0.534346 -0.159456 -0.054934
0.405369 -0.174408 0.0119117
0.405356 -0.0897886 -0.00241238
0.40537 -0.179386 0.0119117
0.405371 -0.184364 0.0119117
0.53435 -0.184344 -0.0167365
0.534342 -0.12959 0.0262358
0.529396 -0.229143 0.0119117
0.405373 -0.199296 0.0119117
0.405375 -0.209252 0.0119117
0.450025 -0.229155 0.0357852
0.454962 -0.0798257 0.0357852
0.405376 -0.214229 0.0119117
0.405376 -0.219207 0.0119117
0.405378 -0.229162 0.0119117
0.514497 -0.119638 -0.0597087
0.405351 -0.0549452 0.007137
0.405353 -0.0649005 0.007137
0.410311 -0.0499668 -0.0262858
0.459939 -0.184355 -0.0597087
0.405356 -0.084811 0.007137
0.529384 -0.149501 0.0357852
0.405356 -0.0897886 0.007137
0.405369 -0.169431 0.00236231
0.529383 -0.144523 0.0357852
0.405357 -0.0947663 0.007137
0.40537 -0.179386 -0.00241238
0.405358 -0.0997439 0.007137
0.405361 -0.119654 0.007137
0.53433 -0.0549253 0.0166864
0.499623 -0.169416 0.0357852
0.405362 -0.12961 0.007137
0.410315 -0.074855 0.0357852
0.405364 -0.139565 0.007137
0.440083 -0.0997385 0.0357852
0.405365 -0.144543 0.007137
0.524423 -0.149502 0.0357852
0.469842 -0.0648905 0.0357852
0.405366 -0.14952 0.007137
0.405376 -0.219207 -0.00718707
0.534334 -0.0798135 0.0262358
0.405366 -0.154498 0.007137
0.534346 -0.159456 -0.0406099
0.405369 -0.169431 0.007137
0.40537 -0.179386 0.007137
0.529394 -0.21421 0.0357852
0.405372 -0.189341 0.007137
0.534349 -0.179366 -0.0119618
0.534341 -0.124612 0.0357852
0.524431 -0.199278 -0.0597087
0.405373 -0.194319 0.007137
0.405373 -0.199296 0.007137
0.405376 -0.214229 0.007137
0.454967 -0.109691 0.0357852
0.405376 -0.219207 0.007137
0.524436 -0.229144 -0.0597087
0.405377 -0.224185 0.007137
0.405378 -0.229162 0.007137
0.454965 -0.0947586 0.0357852
0.405353 -0.0649005 0.00236231
0.410311 -0.0499668 -0.0167365
0.405356 -0.084811 0.00236231
0.405356 -0.0897886 0.00236231
0.405369 -0.169431 -0.0119618
0.405358 -0.0997439 0.00236231
0.479788 -0.224173 -0.0597087
0.405359 -0.104722 0.00236231
0.519455 -0.0997263 0.0357852
0.405359 -0.109699 0.00236231
0.494644 -0.0499538 0.0310105
0.40536 -0.114677 0.00236231
0.430165 -0.124628 0.0357852
0.469862 -0.194309 0.0357852
0.405361 -0.119654 0.00236231
0.405362 -0.124632 0.00236231
0.504568 -0.0698628 -0.0597087
0.405363 -0.134587 0.00236231
0.405366 -0.14952 0.00236231
0.534334 -0.0798135 0.0310105
0.524424 -0.154479 0.0357852
0.440085 -0.114671 0.0357852
0.405366 -0.154498 0.00236231
0.405369 -0.174408 0.00236231
0.40537 -0.179386 0.00236231
0.405357 -0.0947663 -0.0119618
0.405371 -0.184364 0.00236231
0.405372 -0.189341 0.00236231
0.405374 -0.204274 0.00236231
0.479764 -0.064889 0.0357852
0.474814 -0.134577 0.0357852
0.405377 -0.224185 0.00236231
0.40535 -0.0499676 -0.00241238
0.405351 -0.0549452 -0.00241238
0.440075 -0.0499622 0.0166864
0.405352 -0.0599229 -0.00241238
0.445039 -0.069872 -0.0597087
0.405369 -0.174408 -0.0119618
0.405355 -0.0798334 -0.00241238
0.410311 -0.0499668 -0.0119618
0.454971 -0.13458 0.0357852
0.405356 -0.084811 -0.00241238
0.405357 -0.0947663 -0.00241238
0.435115 -0.0549406 -0.0597087
0.524427 -0.17439 0.0357852
0.509539 -0.134571 -0.0597087
0.405365 -0.144543 -0.00241238
0.405366 -0.14952 -0.00241238
0.405367 -0.159475 -0.00241238
0.405369 -0.169431 -0.00241238
0.405356 -0.0897886 -0.0119618
0.534341 -0.124612 -0.0453846
0.405372 -0.189341 -0.00241238
0.405373 -0.194319 -0.00241238
0.534342 -0.134567 -0.0501593
0.435142 -0.229158 -0.0358352
0.405373 -0.199296 -0.00241238
0.405374 -0.204274 -0.00241238
0.405352 -0.0599229 -0.00718707
0.42026 -0.22916 -0.054934
0.445058 -0.189335 -0.0597087
0.405353 -0.0649005 -0.00718707
0.46984 -0.0499576 -0.00241238
0.405353 -0.0698781 -0.00718707
0.479789 -0.229151 -0.0501593
0.405354 -0.0748557 -0.00718707
0.405355 -0.0798334 -0.00718707
0.405357 -0.0947663 -0.00718707
0.494644 -0.0499538 0.0262358
0.469857 -0.159465 -0.0597087
0.464894 -0.144533 -0.0597087
0.40536 -0.114677 -0.00718707
0.504565 -0.0499523 -0.0501593
0.53433 -0.0549253 0.00236231
0.405362 -0.12961 -0.00718707
0.489694 -0.119641 -0.0597087
0.405365 -0.144543 -0.00718707
0.405366 -0.14952 -0.00718707
0.405351 -0.0549452 -0.0119618
0.534334 -0.0798135 0.0166864
0.509546 -0.184348 -0.0597087
0.405366 -0.154498 -0.00718707
0.405371 -0.184364 -0.00718707
0.534341 -0.124612 -0.0358352
0.405372 -0.189341 -0.00718707
0.53435 -0.184344 -0.054934
0.405373 -0.194319 -0.00718707
0.534342 -0.134567 -0.054934
0.405373 -0.199296 -0.00718707
0.405375 -0.209252 -0.00718707
0.440075 -0.0499622 0.0119117
0.405352 -0.0599229 -0.0119618
0.405361 -0.119654 -0.0119618
0.405362 -0.124632 -0.0119618
0.459935 -0.159467 -0.0597087
0.405362 -0.12961 -0.0119618
0.425199 -0.0848079 0.0357852
0.405363 -0.134587 -0.0119618
0.405364 -0.139565 -0.0119618
0.405366 -0.154498 -0.0119618
