ply
format ascii 1.0
comment Created by Open3D
element vertex 14260
property double x
property double y
property double z
end_header
-0.0854646 0.86102 -0.112582
-0.0805289 0.861464 -0.112582
-0.0755932 0.861908 -0.112582
-0.0657218 0.862796 -0.112582
-0.0607861 0.86324 -0.112582
-0.0558503 0.863684 -0.112582
-0.0459789 0.864572 -0.112582
-0.0361075 0.86546 -0.112582
-0.0262361 0.866348 -0.112582
-0.0854646 0.86102 -0.107631
-0.0805289 0.861464 -0.107631
-0.0755932 0.861908 -0.107631
-0.0706575 0.862352 -0.107631
-0.0657218 0.862796 -0.107631
-0.0607861 0.86324 -0.107631
-0.0509146 0.864128 -0.107631
-0.0410432 0.865016 -0.107631
-0.0311718 0.865904 -0.107631
-0.0213004 0.866792 -0.107631
-0.0163647 0.867236 -0.107631
-0.0854646 0.86102 -0.10268
-0.0805289 0.861464 -0.10268
-0.0706575 0.862352 -0.10268
-0.0657218 0.862796 -0.10268
-0.0607861 0.86324 -0.10268
-0.0509146 0.864128 -0.10268
-0.0361075 0.86546 -0.10268
-0.0213004 0.866792 -0.10268
-0.0163647 0.867236 -0.10268
-0.0805289 0.861464 -0.0977289
-0.0607861 0.86324 -0.0977289
-0.0558503 0.863684 -0.0977289
-0.0509146 0.864128 -0.0977289
-0.0459789 0.864572 -0.0977289
-0.0410432 0.865016 -0.0977289
-0.0361075 0.86546 -0.0977289
-0.0755932 0.861908 -0.10268
-0.0213004 0.866792 -0.0977289
-0.0163647 0.867236 -0.0977289
-0.0114289 0.86768 -0.0977289
-0.0657218 0.862796 -0.0927778
-0.0607861 0.86324 -0.0927778
-0.0509146 0.864128 -0.0927778
-0.0361075 0.86546 -0.0927778
-0.0311718 0.865904 -0.0927778
-0.0213004 0.866792 -0.0927778
-0.0163647 0.867236 -0.0927778
-0.0805289 0.861464 -0.0878267
-0.0706575 0.862352 -0.0878267
-0.0657218 0.862796 -0.0878267
-0.0607861 0.86324 -0.0878267
-0.0509146 0.864128 -0.0878267
-0.0410432 0.865016 -0.0878267
-0.0262361 0.866348 -0.0878267
-0.0163647 0.867236 -0.0878267
-0.0854646 0.86102 -0.0828756
-0.0805289 0.861464 -0.0828756
-0.0755932 0.861908 -0.0828756
-0.0706575 0.862352 -0.0828756
-0.0657218 0.862796 -0.0828756
-0.0607861 0.86324 -0.0828756
-0.0558503 0.863684 -0.0828756
-0.0509146 0.864128 -0.0828756
-0.0459789 0.864572 -0.0828756
-0.0262361 0.866348 -0.0828756
-0.0755932 0.861908 -0.0878267
-0.0213004 0.866792 -0.0828756
-0.0163647 0.867236 -0.0828756
-0.0854646 0.86102 -0.0779245
-0.0805289 0.861464 -0.0779245
-0.0755932 0.861908 -0.0779245
-0.0657218 0.862796 -0.0779245
-0.0607861 0.86324 -0.0779245
-0.0558503 0.863684 -0.0779245
-0.0509146 0.864128 -0.0779245
-0.0459789 0.864572 -0.0779245
-0.0410432 0.865016 -0.0779245
-0.0361075 0.86546 -0.0779245
-0.0213004 0.866792 -0.0779245
-0.0163647 0.867236 -0.0779245
-0.0854646 0.86102 -0.0729734
-0.0805289 0.861464 -0.0729734
-0.0755932 0.861908 -0.0729734
-0.0706575 0.862352 -0.0729734
-0.0657218 0.862796 -0.0729734
-0.0607861 0.86324 -0.0729734
-0.0558503 0.863684 -0.0729734
-0.0509146 0.864128 -0.0729734
-0.0459789 0.864572 -0.0729734
-0.0410432 0.865016 -0.0729734
-0.0213004 0.866792 -0.0729734
-0.0163647 0.867236 -0.0729734
-0.0114289 0.86768 -0.0729734
-0.0854646 0.86102 -0.0680223
-0.0755932 0.861908 -0.0680223
-0.0706575 0.862352 -0.0680223
-0.0657218 0.862796 -0.0680223
-0.0558503 0.863684 -0.0680223
-0.0509146 0.864128 -0.0680223
-0.0459789 0.864572 -0.0680223
-0.0410432 0.865016 -0.0680223
-0.0361075 0.86546 -0.0680223
-0.0311718 0.865904 -0.0680223
-0.0262361 0.866348 -0.0680223
-0.0755932 0.861908 -0.0977289
-0.0213004 0.866792 -0.0680223
-0.0163647 0.867236 -0.0680223
-0.0114289 0.86768 -0.0680223
-0.0805289 0.861464 -0.0630712
-0.0706575 0.862352 -0.0630712
-0.0558503 0.863684 -0.0630712
-0.0509146 0.864128 -0.0630712
-0.0459789 0.864572 -0.0630712
-0.0311718 0.865904 -0.0630712
-0.0755932 0.861908 -0.0927778
-0.0213004 0.866792 -0.0630712
-0.0163647 0.867236 -0.0630712
-0.0114289 0.86768 -0.0630712
-0.0854646 0.86102 -0.0581201
-0.0805289 0.861464 -0.0581201
-0.0755932 0.861908 -0.0581201
-0.0657218 0.862796 -0.0581201
-0.0607861 0.86324 -0.0581201
-0.0558503 0.863684 -0.0581201
-0.0509146 0.864128 -0.0581201
-0.0459789 0.864572 -0.0581201
-0.0361075 0.86546 -0.0581201
-0.0311718 0.865904 -0.0581201
-0.0213004 0.866792 -0.0581201
-0.0163647 0.867236 -0.0581201
-0.0114289 0.86768 -0.0581201
-0.0854646 0.86102 -0.053169
-0.0805289 0.861464 -0.053169
-0.0755932 0.861908 -0.053169
-0.0706575 0.862352 -0.053169
-0.0459789 0.864572 -0.053169
-0.0361075 0.86546 -0.053169
-0.0163647 0.867236 -0.053169
-0.0114289 0.86768 -0.053169
-0.0854646 0.86102 -0.0482179
-0.0805289 0.861464 -0.0482179
-0.0706575 0.862352 -0.0482179
-0.0558503 0.863684 -0.0482179
-0.0509146 0.864128 -0.0482179
-0.0459789 0.864572 -0.0482179
-0.0410432 0.865016 -0.0482179
-0.0361075 0.86546 -0.0482179
-0.0262361 0.866348 -0.0482179
-0.0163647 0.867236 -0.0482179
-0.0114289 0.86768 -0.0482179
-0.0854646 0.86102 -0.0432668
-0.0755932 0.861908 -0.0432668
-0.0706575 0.862352 -0.0432668
-0.0558503 0.863684 -0.0432668
-0.0509146 0.864128 -0.0432668
-0.0410432 0.865016 -0.0432668
-0.0361075 0.86546 -0.0432668
-0.0843325 0.793118 -0.0432668
-0.063891 0.73181 -0.0482179
-0.0847659 0.797937 -0.0432668
-0.0114289 0.86768 -0.112582
-0.0860662 0.812392 -0.0432668
-0.00389275 0.839213 -0.10268
-0.0864996 0.81721 -0.0432668
-0.0793968 0.793562 -0.0234623
-0.00432616 0.844031 -0.053169
-0.00345933 0.834395 -0.0828756
-0.0291729 0.788365 -0.117533
-0.0882332 0.836484 -0.0680223
0.00260847 0.766936 -0.10268
-0.0856328 0.807573 -0.0432668
-0.0705604 0.75064 -0.0234623
-0.086933 0.822029 -0.0234623
-0.0114289 0.86768 -0.107631
-0.0860662 0.812392 -0.0383156
-0.0873664 0.826847 -0.0383156
-0.0553198 0.747154 -0.117533
-0.0891001 0.846121 -0.0383156
-0.0657218 0.862796 -0.0432667
-0.0786981 0.730479 -0.0333645
-0.0856328 0.807573 -0.0977289
-0.079565 0.740115 -0.0333645
0.000273253 0.737582 -0.0878267
-0.0804318 0.749752 -0.0333645
-0.0607861 0.86324 -0.0482179
-0.0834657 0.783481 -0.0482179
-0.081732 0.764208 -0.0333645
-0.0834657 0.783481 -0.0333645
-0.0804318 0.749752 -0.10268
-0.0262361 0.866348 -0.107631
-0.00172567 0.815121 -0.112582
-0.0581856 0.834329 -0.0234623
-0.063891 0.73181 -0.107631
-0.0851993 0.802755 -0.0333645
-0.0416448 0.816388 -0.0234623
-0.0442453 0.845298 -0.117533
-0.0873664 0.826847 -0.0333645
-0.0895335 0.850939 -0.0333645
-0.079565 0.740115 -0.0284134
0.000273253 0.737582 -0.0828756
-0.0799984 0.744934 -0.0284134
-0.0607861 0.86324 -0.0630712
-0.0834657 0.783481 -0.0284134
-0.0804318 0.749752 -0.0234623
-0.0843325 0.793118 -0.0284134
0.00174164 0.776573 -0.107631
-0.0882332 0.836484 -0.0284134
-0.0886667 0.841302 -0.0284134
-0.0891001 0.846121 -0.0284134
-0.0877998 0.831666 -0.0432668
-0.0895335 0.850939 -0.0284134
-0.0455455 0.859753 -0.117533
-0.0632894 0.780439 -0.117533
-0.0904003 0.860576 -0.0284134
0.00520896 0.738026 -0.117533
-0.07853 0.783925 -0.0234623
-0.0410432 0.865016 -0.0383156
-0.0361075 0.86546 -0.0630712
0.00477555 0.742844 -0.117533
0.00390872 0.752481 -0.117533
0.00217506 0.771755 -0.117533
-0.0786981 0.730479 -0.0432668
0.0004414 0.791029 -0.117533
-0.00042543 0.800665 -0.117533
-0.0145339 0.73625 -0.0333645
-0.00215909 0.819939 -0.117533
-0.0025925 0.824758 -0.117533
-0.00519299 0.853668 -0.117533
-0.058619 0.839148 -0.0234623
-0.0882332 0.836484 -0.0383156
0.00260847 0.766936 -0.0828756
0.000874815 0.78621 -0.0729734
-0.086933 0.822029 -0.0432668
-0.0856328 0.807573 -0.0234623
-0.0737624 0.730922 -0.0581201
-0.00605982 0.863305 -0.117533
-0.00466246 0.737138 -0.0383156
-0.000160162 0.7424 -0.117533
-0.00649324 0.868124 -0.0878267
-0.0451121 0.854935 -0.117533
-0.062856 0.77562 -0.117533
-0.00492773 0.795403 -0.117533
-0.00579456 0.80504 -0.117533
-0.0101287 0.853224 -0.117533
-0.0105621 0.858043 -0.117533
-0.0274392 0.769091 -0.0234623
-0.0109955 0.862861 -0.117533
-0.025104 0.798446 -0.117533
-0.0551517 0.8006 -0.117533
-0.0607861 0.86324 -0.0432668
-0.0834657 0.783481 -0.0432668
-0.0804318 0.749752 -0.0284134
-0.0779284 0.832554 -0.0234623
-0.0600874 0.800156 -0.0234623
-0.00726295 0.766049 -0.117533
0.0034753 0.7573 -0.0630712
-0.0706575 0.862352 -0.0581201
-0.00899661 0.785322 -0.117533
-0.0137642 0.838325 -0.117533
-0.0798302 0.79838 -0.0234623
-0.0540196 0.732698 -0.0779245
-0.0111637 0.809414 -0.117533
-0.0141976 0.843143 -0.117533
-0.0163647 0.867236 -0.117533
-0.0873664 0.826847 -0.0630712
-0.0100316 0.741512 -0.117533
-0.0877998 0.831666 -0.0927778
-0.0108984 0.751149 -0.117533
-0.0117652 0.760786 -0.117533
-0.0194696 0.735806 -0.0630712
-0.0843325 0.793118 -0.0383156
-0.0121987 0.765605 -0.117533
-0.0706575 0.862352 -0.112582
-0.0583537 0.780883 -0.117533
-0.0851993 0.802755 -0.112582
-0.029341 0.734918 -0.0828756
0.0004414 0.791029 -0.053169
-0.0134989 0.78006 -0.117533
-0.0143657 0.789697 -0.117533
0.00174164 0.776573 -0.112582
-0.0657218 0.862796 -0.0284134
-0.0804318 0.749752 -0.0977289
-0.015666 0.804152 -0.117533
-0.0169662 0.818607 -0.117533
-0.0631213 0.833885 -0.117533
-0.0361075 0.86546 -0.0729734
0.00477555 0.742844 -0.107631
-0.0178331 0.828244 -0.117533
-0.0182665 0.833063 -0.117533
-0.00959817 0.736694 -0.0284134
-0.0149673 0.741068 -0.117533
-0.0171344 0.765161 -0.117533
-0.0410432 0.865016 -0.053169
-0.0175678 0.769979 -0.117533
-0.0332417 0.778284 -0.117533
-0.018868 0.784434 -0.117533
-0.0236356 0.837437 -0.0234623
-0.0786981 0.730479 -0.117533
7.98521e-06 0.795847 -0.0432668
-0.0755932 0.861908 -0.0333645
-0.0201683 0.79889 -0.117533
-0.00752822 0.824314 -0.117533
0.00130823 0.781392 -0.117533
-0.00959817 0.736694 -0.0333645
-0.0232022 0.832619 -0.117533
-0.0150644 0.85278 -0.117533
-0.0070948 0.819495 -0.117533
-0.0258027 0.861529 -0.117533
0.0034753 0.7573 -0.112582
-0.0171344 0.765161 -0.0234623
-0.0558503 0.863684 -0.10268
-0.0895335 0.850939 -0.0482179
-0.0602555 0.74671 -0.117533
-0.0194696 0.735806 -0.117533
-0.0203364 0.745443 -0.117533
-0.0847659 0.797937 -0.0729734
-0.0812986 0.759389 -0.0878267
-0.0589553 0.732254 -0.0383156
-0.00605982 0.863305 -0.0927778
-0.0589553 0.732254 -0.0432668
-0.0212032 0.75508 -0.117533
-0.0213004 0.866792 -0.112582
-0.0191333 0.842699 -0.117533
-0.0225035 0.769535 -0.117533
-0.0410432 0.865016 -0.0927778
-0.0772297 0.76947 -0.117533
-0.0259708 0.808083 -0.117533
-0.0114289 0.86768 -0.0828756
-0.0860662 0.812392 -0.107631
-0.00389275 0.839213 -0.0482179
-0.0285713 0.836993 -0.117533
-0.0808652 0.754571 -0.0333645
-0.0294381 0.84663 -0.117533
-0.0392124 0.73403 -0.0927778
-0.030305 0.856267 -0.117533
-0.04398 0.787033 -0.0234623
-0.0158341 0.750705 -0.117533
-0.0311718 0.865904 -0.117533
0.00477555 0.742844 -0.0630712
-0.0257055 0.749817 -0.117533
-0.026139 0.754636 -0.117533
-0.0688267 0.731366 -0.0333645
-0.0274392 0.769091 -0.117533
-0.0886667 0.841302 -0.0581201
-0.0757613 0.808461 -0.117533
-0.00432616 0.844031 -0.0581201
-0.0309065 0.807639 -0.117533
-0.0422463 0.767759 -0.0234623
0.000273253 0.737582 -0.0383156
-0.0194696 0.735806 -0.0878267
-0.0330736 0.831731 -0.117533
-0.00042543 0.800665 -0.0284134
-0.0356741 0.860641 -0.117533
-0.0886667 0.841302 -0.0333645
-0.0602555 0.74671 -0.0234623
-0.00682953 0.76123 -0.0234623
-0.00302592 0.829576 -0.0977289
-0.0834657 0.783481 -0.0383156
-0.0328083 0.773466 -0.117533
-0.0290047 0.841812 -0.117533
-0.0821654 0.769026 -0.112582
-0.0349754 0.797558 -0.117533
0.000874815 0.78621 -0.0581201
-0.0384427 0.836105 -0.117533
-0.00969529 0.848406 -0.117533
7.98521e-06 0.795847 -0.112582
-0.0388761 0.840924 -0.117533
-0.0180012 0.774797 -0.117533
-0.0856328 0.807573 -0.112582
-0.0393096 0.845742 -0.117533
-0.00475958 0.84885 -0.0333645
-0.0808652 0.754571 -0.0383156
0.00130823 0.781392 -0.0729734
-0.0401764 0.855379 -0.117533
-0.086933 0.822029 -0.0878267
-0.0406098 0.860197 -0.117533
-0.0676236 0.828623 -0.117533
-0.00189382 0.761674 -0.117533
-0.0895335 0.850939 -0.10268
-0.00302592 0.829576 -0.0779245
-0.0410432 0.865016 -0.117533
-0.00562641 0.858487 -0.0977289
-0.0373106 0.768203 -0.117533
-0.0499507 0.742779 -0.117533
-0.029341 0.734918 -0.10268
-0.0805289 0.861464 -0.0927778
-0.00536114 0.800222 -0.117533
-0.0392124 0.73403 -0.10268
-0.042945 0.830843 -0.117533
0.00260847 0.766936 -0.0284134
-0.0347101 0.739293 -0.0234623
-0.0441481 0.733586 -0.0828756
-0.0396459 0.738849 -0.117533
-0.0830323 0.778663 -0.0333645
-0.0126321 0.770423 -0.117533
-0.0860662 0.812392 -0.0333645
-0.00389275 0.839213 -0.117533
-0.0258027 0.861529 -0.0234623
-0.0426798 0.772578 -0.117533
-0.0392124 0.73403 -0.0977289
-0.0163647 0.867236 -0.112582
-0.0431132 0.777396 -0.117533
-0.0444134 0.791851 -0.0234623
-0.0838991 0.7883 -0.112582
-0.0825989 0.773844 -0.0779245
-0.000858845 0.805484 -0.0878267
-0.0435466 0.782215 -0.117533
7.98521e-06 0.795847 -0.0383156
-0.04398 0.787033 -0.117533
-0.086933 0.822029 -0.0333645
-0.0737624 0.730922 -0.0432668
-0.0812986 0.759389 -0.0977289
-0.0873664 0.826847 -0.0284134
-0.0465805 0.815944 -0.117533
-0.063891 0.73181 -0.0333645
-0.0474473 0.82558 -0.117533
-0.0392124 0.73403 -0.0284134
-0.00042543 0.800665 -0.0630712
-0.0347101 0.739293 -0.117533
-0.0483141 0.835217 -0.117533
-0.0669249 0.765539 -0.117533
-0.0487476 0.840036 -0.117533
-0.0895335 0.850939 -0.0680223
-0.049181 0.844854 -0.117533
-0.0114289 0.86768 -0.0878267
-0.0504812 0.859309 -0.117533
-0.0864996 0.81721 -0.10268
-0.0326402 0.826912 -0.117533
-0.0821654 0.769026 -0.117533
-0.000858845 0.805484 -0.0383156
-0.045015 0.743223 -0.117533
-0.0891001 0.846121 -0.0234623
-0.0493491 0.791407 -0.117533
-0.0510828 0.810681 -0.117533
-0.0519496 0.820318 -0.117533
-0.0536833 0.839592 -0.117533
-0.0541167 0.84441 -0.117533
-0.0470139 0.820762 -0.0234623
-0.0554169 0.858865 -0.117533
-0.0558503 0.863684 -0.117533
-0.0854646 0.86102 -0.0927778
-0.0882332 0.836484 -0.0977289
-0.0495173 0.737961 -0.117533
0.00174164 0.776573 -0.0383156
-0.024069 0.842256 -0.0234623
-0.0508175 0.752416 -0.117533
-0.0407779 0.806751 -0.117533
-0.0025925 0.824758 -0.107631
-0.0358422 0.807195 -0.117533
-0.00042543 0.800665 -0.0383156
-0.0695254 0.79445 -0.0234623
-0.00432616 0.844031 -0.0927778
-0.00345933 0.834395 -0.10268
-0.053418 0.781327 -0.117533
-0.0361075 0.86546 -0.117533
-0.0573187 0.824692 -0.0234623
-0.0799984 0.744934 -0.0383156
-0.0904003 0.860576 -0.117533
0.00390872 0.752481 -0.10268
-0.0277045 0.827356 -0.117533
-0.0547182 0.795782 -0.117533
-0.00102699 0.752037 -0.0234623
-0.0886667 0.841302 -0.10268
-0.0568853 0.819874 -0.117533
0.00174164 0.776573 -0.053169
-0.0573187 0.824692 -0.117533
-0.0297744 0.739737 -0.117533
-0.0489157 0.786589 -0.117533
-0.0590524 0.843966 -0.117533
0.000273253 0.737582 -0.117533
-0.079565 0.740115 -0.0630712
-0.0594858 0.848785 -0.117533
-0.0895335 0.850939 -0.0383156
-0.0317734 0.817275 -0.117533
-0.0343738 0.846186 -0.117533
-0.0891001 0.846121 -0.0333645
-0.0394777 0.792295 -0.117533
-0.0607861 0.86324 -0.117533
-0.0441481 0.733586 -0.0878267
-0.0688267 0.731366 -0.107631
-0.054453 0.737517 -0.117533
-0.034542 0.792739 -0.117533
-0.0570535 0.766427 -0.117533
-0.0755932 0.861908 -0.0630712
-0.0574869 0.771246 -0.117533
-0.0587871 0.785701 -0.117533
-0.0592205 0.79052 -0.117533
-0.0856328 0.807573 -0.0927778
-0.0657218 0.862796 -0.0630712
-0.079565 0.740115 -0.0927778
-0.0786981 0.730479 -0.0284134
-0.0609542 0.809793 -0.117533
-0.0838991 0.7883 -0.0333645
-0.0458818 0.75286 -0.117533
-0.0825989 0.773844 -0.0284134
-0.0791315 0.735297 -0.053169
-0.00562641 0.858487 -0.0927778
-0.0854646 0.86102 -0.0630712
-0.0639881 0.843522 -0.117533
-0.0025925 0.824758 -0.0630712
-0.0648549 0.853159 -0.117533
-0.0763629 0.759833 -0.117533
-0.0246706 0.793627 -0.117533
-0.0589553 0.732254 -0.117533
-0.0490839 0.733142 -0.0482179
-0.0611224 0.756347 -0.117533
-0.0540196 0.732698 -0.112582
-0.0804318 0.749752 -0.112582
-0.0727274 0.774732 -0.0234623
-0.0615558 0.761165 -0.117533
-0.0403445 0.801932 -0.117533
0.0004414 0.791029 -0.0779245
-0.0654565 0.804531 -0.117533
-0.0658899 0.809349 -0.117533
-0.0663233 0.814168 -0.117533
0.00434213 0.747663 -0.0383156
0.00477555 0.742844 -0.0482179
-0.0671902 0.823805 -0.117533
-0.00475958 0.84885 -0.0383156
-0.0433784 0.835661 -0.117533
-0.0697906 0.852715 -0.117533
-0.0509146 0.864128 -0.053169
-0.0702241 0.857534 -0.117533
-0.00519299 0.853668 -0.0234623
-0.019903 0.740624 -0.0234623
0.00260847 0.766936 -0.0630712
-0.0193014 0.789253 -0.117533
-0.063891 0.73181 -0.117533
-0.0490839 0.733142 -0.0779245
-0.0706575 0.862352 -0.0383156
-0.0830323 0.778663 -0.10268
-0.079565 0.740115 -0.0878267
-0.0351436 0.744111 -0.117533
-0.0120305 0.819051 -0.117533
-0.0656246 0.751084 -0.117533
-0.0441481 0.733586 -0.053169
-0.0673583 0.770358 -0.117533
-0.0825989 0.773844 -0.0630712
-0.00959817 0.736694 -0.10268
-0.000858845 0.805484 -0.0729734
-0.0677917 0.775176 -0.117533
-0.0860662 0.812392 -0.0977289
-0.0390443 0.787477 -0.117533
-0.069092 0.789632 -0.117533
-0.0500478 0.854491 -0.0234623
0.00130823 0.781392 -0.0927778
-0.0699588 0.799268 -0.117533
-0.0703922 0.804087 -0.117533
-0.0298715 0.851448 -0.117533
-0.0214685 0.813345 -0.0234623
0.00477555 0.742844 -0.0383156
-0.0173996 0.823426 -0.117533
-0.0860662 0.812392 -0.0779245
-0.00389275 0.839213 -0.0680223
-0.0708256 0.808905 -0.117533
0.00520896 0.738026 -0.0383156
-0.071259 0.813724 -0.117533
-0.0490839 0.733142 -0.117533
-0.0716925 0.818542 -0.117533
-0.00319407 0.776129 -0.117533
-0.0441481 0.733586 -0.112582
-0.0721259 0.823361 -0.117533
-0.0734261 0.837816 -0.117533
-0.0766282 0.818098 -0.117533
-0.0323749 0.768647 -0.0234623
-0.0895335 0.850939 -0.0828756
-0.0747264 0.852271 -0.117533
-0.00172567 0.815121 -0.0432668
-0.063891 0.73181 -0.0284134
0.00217506 0.771755 -0.0630712
-0.0882332 0.836484 -0.0432668
0.00260847 0.766936 -0.0779245
-0.0361075 0.86546 -0.0383156
-0.0751598 0.85709 -0.117533
-0.00389275 0.839213 -0.0333645
-0.0236356 0.837437 -0.117533
7.98521e-06 0.795847 -0.117533
0.00304189 0.762118 -0.0828756
-0.0856328 0.807573 -0.10268
-0.0688267 0.731366 -0.117533
-0.0246706 0.793627 -0.0234623
-0.0540196 0.732698 -0.0977289
-0.0441481 0.733586 -0.10268
-0.0692601 0.736185 -0.117533
-0.0838991 0.7883 -0.0383156
-0.0547182 0.795782 -0.0234623
-0.0696935 0.741003 -0.117533
-0.0506494 0.805863 -0.0234623
-0.0139323 0.784878 -0.117533
-0.0233703 0.779172 -0.117533
-0.0689238 0.843078 -0.0234623
-0.0709938 0.755459 -0.117533
-0.0606889 0.751528 -0.117533
-0.0718606 0.765095 -0.117533
-0.0787952 0.84219 -0.117533
-0.00475958 0.84885 -0.0729734
-0.072294 0.769914 -0.117533
-0.00562641 0.858487 -0.0729734
-0.0727274 0.774732 -0.117533
-0.0731608 0.779551 -0.117533
-0.0735943 0.784369 -0.117533
-0.0779284 0.832554 -0.117533
-0.052383 0.825136 -0.117533
-0.0864996 0.81721 -0.0630712
-0.0783618 0.837372 -0.117533
-0.0792287 0.847009 -0.117533
-0.0877998 0.831666 -0.0581201
-0.0796621 0.851827 -0.117533
-0.0856328 0.807573 -0.0383156
-0.0737624 0.730922 -0.053169
-0.0800955 0.856646 -0.117533
-0.0741958 0.735741 -0.117533
-0.0332417 0.778284 -0.0234623
-0.00959817 0.736694 -0.0977289
-0.0746292 0.740559 -0.117533
-0.0754961 0.750196 -0.117533
-0.0780966 0.779107 -0.117533
-0.0793968 0.793562 -0.117533
-0.0538514 0.786145 -0.0234623
-0.0128973 0.828688 -0.117533
-0.0873664 0.826847 -0.053169
-0.0798302 0.79838 -0.117533
-0.0873664 0.826847 -0.0432668
-0.0802636 0.803199 -0.117533
-0.0213004 0.866792 -0.053169
-0.0806971 0.808017 -0.117533
-0.0841644 0.846565 -0.0234623
-0.00215909 0.819939 -0.0680223
-0.00959817 0.736694 -0.0680223
-0.0442453 0.845298 -0.0234623
-0.0761948 0.81328 -0.117533
-0.0313399 0.812457 -0.117533
-0.00432616 0.844031 -0.0828756
-0.0753279 0.803643 -0.117533
-0.0435466 0.782215 -0.0234623
-0.0847659 0.797937 -0.0284134
-0.0856328 0.807573 -0.0680223
0.00217506 0.771755 -0.10268
-0.0558503 0.863684 -0.0234623
-0.0644215 0.848341 -0.117533
-0.00475958 0.84885 -0.0482179
-0.0162675 0.755524 -0.0234623
-0.0448468 0.79667 -0.0234623
0.0004414 0.791029 -0.0630712
-0.0497825 0.796226 -0.117533
-0.0819973 0.822473 -0.0234623
-0.0658899 0.809349 -0.0234623
-0.0589553 0.732254 -0.0333645
-0.063891 0.73181 -0.112582
-0.0311718 0.865904 -0.0482179
-0.0461471 0.811125 -0.0234623
0.00174164 0.776573 -0.0432668
-0.0755932 0.861908 -0.0234623
-0.0262361 0.866348 -0.0779245
-0.0791315 0.735297 -0.117533
-0.0262361 0.866348 -0.10268
-0.00172567 0.815121 -0.117533
-0.0101287 0.853224 -0.0234623
7.98521e-06 0.795847 -0.0234623
-0.0478807 0.830399 -0.0234623
-0.0815639 0.817654 -0.0234623
-0.0843325 0.793118 -0.0878267
-0.00172567 0.815121 -0.0828756
-0.0483141 0.835217 -0.0234623
-0.0673583 0.770358 -0.0234623
-0.079565 0.740115 -0.117533
-0.0124639 0.82387 -0.0234623
-0.0454484 0.748042 -0.0234623
0.0004414 0.791029 -0.112582
-0.016701 0.760342 -0.117533
-0.0570535 0.766427 -0.0234623
-0.0212032 0.75508 -0.0234623
-0.0737624 0.730922 -0.0630712
-0.0145339 0.73625 -0.107631
-0.0413795 0.758122 -0.0234623
-0.0410432 0.865016 -0.0828756
-0.00769636 0.770867 -0.0234623
-0.0886667 0.841302 -0.053169
-0.00432616 0.844031 -0.0432668
-0.00345933 0.834395 -0.0927778
0.00434213 0.747663 -0.0234623
-0.0476155 0.772134 -0.0234623
-0.00509587 0.741956 -0.0234623
-0.0409461 0.753304 -0.0234623
-0.0115971 0.814233 -0.117533
-0.0540196 0.732698 -0.0878267
-0.0206017 0.803708 -0.117533
-0.0744611 0.794006 -0.117533
-0.00562641 0.858487 -0.0284134
-0.0467486 0.762497 -0.117533
0.00260847 0.766936 -0.117533
-0.0484823 0.781771 -0.0234623
-0.0515162 0.8155 -0.0234623
-0.015666 0.804152 -0.0234623
-0.0145339 0.73625 -0.0383156
-0.0342767 0.734474 -0.0977289
-0.0541167 0.84441 -0.0234623
-0.0558503 0.863684 -0.053169
-0.00649324 0.868124 -0.112582
-0.0255374 0.803264 -0.117533
-0.0851993 0.802755 -0.0284134
-0.0149673 0.741068 -0.0234623
-0.00432616 0.844031 -0.0284134
-0.0499507 0.742779 -0.0234623
-0.0495173 0.737961 -0.0234623
-0.0860662 0.812392 -0.0234623
-0.0830323 0.778663 -0.0234623
0.00174164 0.776573 -0.10268
-0.0851993 0.802755 -0.0729734
-0.0882332 0.836484 -0.0234623
-0.047182 0.767315 -0.0234623
-0.0882332 0.836484 -0.117533
0.00304189 0.762118 -0.053169
-0.0296063 0.793183 -0.0234623
-0.045015 0.743223 -0.0234623
-0.00769636 0.770867 -0.117533
-0.0388761 0.840924 -0.0234623
-0.0360104 0.753748 -0.117533
-0.0521178 0.766871 -0.0234623
-0.035577 0.74893 -0.117533
-0.0313399 0.812457 -0.0234623
-0.0342767 0.734474 -0.117533
-0.0548864 0.742335 -0.0234623
-0.0843325 0.793118 -0.0729734
-0.0525512 0.77169 -0.0234623
0.000273253 0.737582 -0.0630712
-0.0529846 0.776508 -0.0234623
-0.0830323 0.778663 -0.0630712
-0.077495 0.827735 -0.117533
-0.0847659 0.797937 -0.0828756
-0.0490839 0.733142 -0.0383156
-0.0542848 0.790963 -0.0234623
0.0004414 0.791029 -0.0234623
-0.00649324 0.868124 -0.0432668
-0.0455455 0.859753 -0.0234623
-0.0564519 0.815056 -0.117533
-0.0139323 0.784878 -0.0234623
-0.014631 0.847962 -0.117533
-0.0445816 0.738405 -0.117533
-0.0860662 0.812392 -0.112582
-0.0622545 0.824249 -0.0234623
-0.0740277 0.789188 -0.0234623
-0.0551517 0.8006 -0.0234623
-0.0403445 0.801932 -0.0234623
-0.0555851 0.805419 -0.0234623
-0.00432616 0.844031 -0.107631
-0.0107303 0.804596 -0.117533
-0.00319407 0.776129 -0.0234623
-0.0688267 0.731366 -0.0284134
-0.0186999 0.837881 -0.0234623
-0.0577522 0.829511 -0.0234623
-0.0200001 0.852336 -0.0234623
-0.0603526 0.858422 -0.0234623
-0.0306413 0.749373 -0.117533
0.00434213 0.747663 -0.112582
-0.0770616 0.822917 -0.0234623
-0.0545501 0.849229 -0.117533
-0.0343738 0.846186 -0.0234623
-0.0319415 0.763829 -0.117533
-0.0452802 0.801488 -0.0234623
-0.0639881 0.843522 -0.0234623
-0.0133308 0.833507 -0.117533
-0.0607861 0.86324 -0.0234623
-0.0834657 0.783481 -0.0234623
-0.0126321 0.770423 -0.0234623
-0.0410432 0.865016 -0.112582
-0.0553198 0.747154 -0.0234623
0.00390872 0.752481 -0.0680223
-0.0815639 0.817654 -0.117533
-0.0220701 0.764717 -0.117533
-0.0557532 0.751972 -0.0234623
-0.0244053 0.735362 -0.0432668
-0.0805289 0.861464 -0.0333645
-0.0581856 0.834329 -0.117533
-0.0268376 0.817719 -0.117533
0.00217506 0.771755 -0.0581201
-0.0558503 0.863684 -0.0927778
-0.0895335 0.850939 -0.117533
-0.00302592 0.829576 -0.0630712
-0.0213004 0.866792 -0.0878267
-0.0755932 0.861908 -0.117533
-0.0418129 0.762941 -0.0234623
-0.086933 0.822029 -0.0729734
-0.0843325 0.793118 -0.0333645
-0.0828641 0.83211 -0.117533
-0.000160162 0.7424 -0.0234623
-0.0512509 0.757234 -0.0234623
-0.0592205 0.79052 -0.0234623
-0.0605208 0.804975 -0.0234623
-0.00519299 0.853668 -0.107631
-0.0265724 0.759454 -0.117533
-0.00959817 0.736694 -0.117533
-0.0652884 0.857978 -0.117533
-0.0825989 0.773844 -0.10268
-0.000858845 0.805484 -0.0630712
-0.00432616 0.844031 -0.117533
-0.0253693 0.856711 -0.0234623
-0.010465 0.746331 -0.0234623
-0.00389275 0.839213 -0.0779245
-0.0490839 0.733142 -0.10268
-0.0729927 0.832997 -0.0234623
-0.061821 0.81943 -0.0234623
-0.0207698 0.750261 -0.0234623
-0.0904003 0.860576 -0.0927778
-0.0599192 0.853603 -0.0234623
-0.0264042 0.812901 -0.117533
-0.0249358 0.851892 -0.117533
-0.0648549 0.853159 -0.0234623
-0.0554169 0.858865 -0.0234623
-0.0476155 0.772134 -0.117533
-0.0400793 0.743667 -0.0234623
-0.0322068 0.822094 -0.117533
-0.00959817 0.736694 -0.053169
-0.00102699 0.752037 -0.117533
-0.0454484 0.748042 -0.117533
-0.0701269 0.745822 -0.117533
-0.050216 0.801044 -0.0234623
-0.0538514 0.786145 -0.117533
-0.0637228 0.785257 -0.117533
-0.0799984 0.744934 -0.053169
-0.0643244 0.736629 -0.0234623
-0.0291729 0.788365 -0.0234623
-0.0262361 0.866348 -0.0977289
-0.0791315 0.735297 -0.0878267
-0.0206017 0.803708 -0.0234623
0.000273253 0.737582 -0.0482179
-0.029341 0.734918 -0.0977289
-0.0204335 0.857155 -0.0234623
-0.0339404 0.841368 -0.117533
-0.0895335 0.850939 -0.0927778
-0.00302592 0.829576 -0.0878267
-0.0579203 0.776064 -0.0234623
-0.0509146 0.864128 -0.0234623
-0.0737624 0.730922 -0.117533
-0.0796621 0.851827 -0.0234623
-0.0619892 0.765983 -0.0234623
-0.00649324 0.868124 -0.0779245
-0.0891001 0.846121 -0.0432667
-0.0671902 0.823805 -0.0234623
-0.0262361 0.866348 -0.0729734
-0.0197349 0.794071 -0.117533
-0.0838991 0.7883 -0.117533
-0.00042543 0.800665 -0.0482179
-0.0738595 0.842634 -0.0234623
-0.0664915 0.760721 -0.0234623
-0.0689238 0.843078 -0.117533
-0.00215909 0.819939 -0.112582
-0.0729927 0.832997 -0.117533
-0.0160994 0.80897 -0.117533
-0.0165328 0.813789 -0.117533
-0.0877998 0.831666 -0.117533
-0.062856 0.77562 -0.0234623
-0.0891001 0.846121 -0.0630712
-0.00215909 0.819939 -0.0284134
-0.024069 0.842256 -0.117533
-0.0532499 0.834773 -0.0234623
-0.0899669 0.855758 -0.0680223
-0.0244053 0.735362 -0.0284134
-0.0632894 0.780439 -0.0234623
-0.0637228 0.785257 -0.0234623
-0.039743 0.85056 -0.0234623
-0.050216 0.801044 -0.117533
-0.0667567 0.818986 -0.0234623
-0.0821654 0.769026 -0.0581201
-0.00466246 0.737138 -0.0729734
-0.00605982 0.863305 -0.107631
-0.0635547 0.838704 -0.0234623
-0.0302078 0.744555 -0.117533
-0.037744 0.773022 -0.0234623
-0.0607861 0.86324 -0.0680223
-0.0245024 0.847074 -0.117533
-0.0750627 0.745378 -0.0234623
-0.049181 0.844854 -0.0234623
-0.0873664 0.826847 -0.0729734
-0.0342767 0.734474 -0.0581201
-0.0195667 0.847518 -0.0234623
-0.0244053 0.735362 -0.0927778
0.00434213 0.747663 -0.0284134
-0.0825989 0.773844 -0.0234623
-0.0102969 0.799778 -0.117533
-0.083731 0.841746 -0.117533
0.00260847 0.766936 -0.0680223
-0.0463152 0.757678 -0.117533
-0.0804318 0.749752 -0.0878267
-0.0480489 0.776952 -0.0234623
-0.0025925 0.824758 -0.053169
-0.0410432 0.865016 -0.0630712
-0.0761948 0.81328 -0.0234623
-0.0555851 0.805419 -0.117533
-0.0500478 0.854491 -0.117533
-0.0607861 0.86324 -0.053169
-0.00622797 0.809858 -0.117533
-0.00475958 0.84885 -0.0927778
-0.0706575 0.862352 -0.117533
-0.0864996 0.81721 -0.0680223
-0.0361075 0.86546 -0.107631
0.00477555 0.742844 -0.0977289
-0.0577522 0.829511 -0.117533
-0.0392124 0.73403 -0.0234623
-0.00042543 0.800665 -0.0729734
-0.0886667 0.841302 -0.0383156
-0.00432616 0.844031 -0.112582
-0.0232022 0.832619 -0.0234623
-0.081732 0.764208 -0.117533
-0.081732 0.764208 -0.0284134
-0.0375759 0.826468 -0.117533
-0.0169662 0.818607 -0.0234623
-0.0767963 0.764651 -0.0234623
-0.0631213 0.833885 -0.0234623
-0.0751598 0.85709 -0.0234623
-0.00389275 0.839213 -0.107631
-0.0799984 0.744934 -0.0234623
-0.0452802 0.801488 -0.117533
-0.0352407 0.855823 -0.0234623
-0.086933 0.822029 -0.0284134
-0.0856328 0.807573 -0.0333645
-0.0737624 0.730922 -0.0482179
0.00390872 0.752481 -0.112582
-0.0281379 0.832175 -0.117533
-0.0509146 0.864128 -0.112582
-0.0886667 0.841302 -0.117533
-0.0459789 0.864572 -0.117533
-0.0441481 0.733586 -0.117533
-0.0294381 0.84663 -0.0234623
-0.0400793 0.743667 -0.117533
-0.0786981 0.730479 -0.0234623
-0.0306413 0.749373 -0.0234623
-0.0583537 0.780883 -0.0234623
-0.010465 0.746331 -0.117533
-0.0536833 0.839592 -0.0234623
-0.00666139 0.814677 -0.117533
-0.0100316 0.741512 -0.0234623
-0.0877998 0.831666 -0.0779245
-0.0812986 0.759389 -0.0234623
0.00217506 0.771755 -0.107631
0.00304189 0.762118 -0.0234623
-0.0381775 0.77784 -0.0234623
-0.0845978 0.851383 -0.0234623
-0.0253693 0.856711 -0.117533
0.00130823 0.781392 -0.107631
-0.0644215 0.848341 -0.0234623
-0.0802636 0.803199 -0.0234623
0.00174164 0.776573 -0.0680223
-0.0532499 0.834773 -0.117533
-0.0873664 0.826847 -0.0581201
-0.052383 0.825136 -0.0234623
-0.0663233 0.814168 -0.0234623
-0.0540196 0.732698 -0.0234623
-0.0891001 0.846121 -0.0927778
-0.00432616 0.844031 -0.0234623
-0.0394777 0.792295 -0.0234623
-0.079565 0.740115 -0.112582
-0.00649324 0.868124 -0.0482179
-0.0549835 0.854047 -0.117533
-0.0626879 0.829067 -0.0234623
-0.025104 0.798446 -0.0234623
-0.0315081 0.75901 -0.117533
-0.0800955 0.856646 -0.0234623
0.00434213 0.747663 -0.0333645
-0.0121987 0.765605 -0.0234623
-0.0128973 0.828688 -0.0234623
-0.00042543 0.800665 -0.0828756
-0.0184346 0.779616 -0.117533
-0.0381775 0.77784 -0.117533
-0.0799984 0.744934 -0.0878267
0.00304189 0.762118 -0.112582
-0.0407779 0.806751 -0.0234623
-0.00129226 0.810302 -0.0234623
-0.019903 0.740624 -0.117533
-0.0702241 0.857534 -0.0234623
-0.0877998 0.831666 -0.0234623
-0.0311718 0.865904 -0.0284134
0.0034753 0.7573 -0.0234623
0.00174164 0.776573 -0.117533
-0.000858845 0.805484 -0.117533
-0.0825989 0.773844 -0.0482179
-0.0406098 0.860197 -0.0234623
-0.0725593 0.828179 -0.0234623
-0.0832975 0.836928 -0.0234623
7.98521e-06 0.795847 -0.0729734
-0.00189382 0.761674 -0.0234623
-0.0451121 0.854935 -0.0234623
-0.0789634 0.788744 -0.117533
-0.0746292 0.740559 -0.0234623
-0.0886667 0.841302 -0.0234623
-0.0688267 0.731366 -0.0234623
-0.0441481 0.733586 -0.0284134
-0.0561866 0.756791 -0.0234623
-0.0115971 0.814233 -0.0234623
-0.00649324 0.868124 -0.117533
-0.033507 0.836549 -0.117533
-0.0410432 0.865016 -0.10268
-0.0458818 0.75286 -0.0234623
-0.0134989 0.78006 -0.0234623
-0.0150644 0.85278 -0.0234623
-0.081732 0.764208 -0.0729734
-0.0741958 0.735741 -0.0234623
-0.0342767 0.734474 -0.0630712
-0.0660581 0.755903 -0.0234623
-0.0854646 0.86102 -0.0383156
-0.0812986 0.759389 -0.0927778
-0.0173996 0.823426 -0.0234623
-0.0300397 0.798002 -0.0234623
-0.0277045 0.827356 -0.0234623
-0.0418129 0.762941 -0.117533
0.0034753 0.7573 -0.0432668
-0.0791315 0.735297 -0.0779245
-0.00172567 0.815121 -0.10268
-0.0262361 0.866348 -0.0383156
-0.0854646 0.86102 -0.0234623
-0.00362748 0.780948 -0.0234623
-0.00215909 0.819939 -0.0581201
-0.0290047 0.841812 -0.0234623
-0.0330736 0.831731 -0.0234623
-0.0847659 0.797937 -0.0234623
-0.0812986 0.759389 -0.0383156
-0.0856328 0.807573 -0.0630712
-0.0731608 0.779551 -0.0234623
-0.0249358 0.851892 -0.0234623
-0.068057 0.833441 -0.0234623
-0.0393096 0.845742 -0.0234623
-0.0445816 0.738405 -0.0234623
-0.0799984 0.744934 -0.0333645
-0.0348073 0.851004 -0.117533
-0.0838991 0.7883 -0.0234623
-0.0197349 0.794071 -0.0234623
-0.0444134 0.791851 -0.117533
-0.0824307 0.827291 -0.0234623
-0.00562641 0.858487 -0.0878267
-0.0109955 0.862861 -0.0234623
-0.0754961 0.750196 -0.0234623
-0.0356741 0.860641 -0.0234623
-0.0278726 0.77391 -0.117533
-0.0528164 0.829955 -0.117533
-0.0311718 0.865904 -0.0234623
-0.0684904 0.83826 -0.117533
-0.0904003 0.860576 -0.0333645
-0.079565 0.740115 -0.0234623
-0.0821654 0.769026 -0.0234623
-0.00129226 0.810302 -0.0284134
-0.0873664 0.826847 -0.0828756
-0.0737624 0.730922 -0.0927778
-0.0843325 0.793118 -0.117533
-0.00856319 0.780504 -0.117533
-0.0200001 0.852336 -0.117533
-0.0873664 0.826847 -0.0234623
-0.00882846 0.838769 -0.117533
-0.0194696 0.735806 -0.0383156
-0.0742929 0.847453 -0.0234623
-0.039743 0.85056 -0.117533
-0.0490839 0.733142 -0.0878267
0.00217506 0.771755 -0.0729734
-0.059654 0.795338 -0.0234623
-0.0598221 0.741891 -0.0234623
-0.0792287 0.847009 -0.0234623
0.0034753 0.7573 -0.0680223
-0.0845978 0.851383 -0.117533
-0.0145339 0.73625 -0.112582
0.00174164 0.776573 -0.0630712
-0.0708256 0.808905 -0.0234623
-0.0787952 0.84219 -0.0234623
-0.0493491 0.791407 -0.0234623
-0.00345933 0.834395 -0.0284134
-0.0830323 0.778663 -0.0729734
-0.0854646 0.86102 -0.0977289
-0.0828641 0.83211 -0.0234623
-0.00302592 0.829576 -0.117533
-0.0214685 0.813345 -0.117533
-0.0783618 0.837372 -0.0234623
-0.0587871 0.785701 -0.0234623
-0.00926187 0.843587 -0.117533
-0.0804318 0.749752 -0.0779245
-0.0805289 0.861464 -0.0234623
-0.0326402 0.826912 -0.0234623
-0.0716925 0.818542 -0.0234623
-0.079565 0.740115 -0.0383156
0.000273253 0.737582 -0.0927778
-0.0805289 0.861464 -0.0680223
-0.0255374 0.803264 -0.0234623
-0.0854646 0.86102 -0.0333645
-0.00345933 0.834395 -0.117533
-0.0697906 0.852715 -0.0234623
-0.0886667 0.841302 -0.0779245
-0.00432616 0.844031 -0.0680223
-0.0040609 0.785766 -0.117533
-0.081732 0.764208 -0.0234623
-0.00466246 0.737138 -0.0878267
-0.0361075 0.86546 -0.0333645
-0.0268376 0.817719 -0.0234623
-0.0891001 0.846121 -0.0680223
-0.086933 0.822029 -0.0383156
-0.0457137 0.806307 -0.0234623
-0.0213004 0.866792 -0.0234623
-0.0721259 0.823361 -0.0234623
-0.0759295 0.755015 -0.117533
-0.0626879 0.829067 -0.117533
-0.0615558 0.761165 -0.0234623
-0.0213004 0.866792 -0.0482179
-0.0191333 0.842699 -0.0234623
-0.00172567 0.815121 -0.053169
-0.0278726 0.77391 -0.0234623
-0.0645897 0.794894 -0.0234623
-0.0564519 0.815056 -0.0234623
-0.00475958 0.84885 -0.107631
-0.0540196 0.732698 -0.117533
0.00217506 0.771755 -0.0234623
-0.0744611 0.794006 -0.0234623
-0.0244053 0.735362 -0.117533
-0.0873664 0.826847 -0.0482179
-0.0825989 0.773844 -0.117533
-0.0489157 0.786589 -0.0234623
-0.0759295 0.755015 -0.0234623
-0.072294 0.769914 -0.0234623
-0.0145339 0.73625 -0.117533
0.00174164 0.776573 -0.0581201
-0.0611224 0.756347 -0.0234623
-0.0832975 0.836928 -0.117533
0.000273253 0.737582 -0.0977289
-0.0772297 0.76947 -0.0234623
-0.0465805 0.815944 -0.0234623
-0.0812986 0.759389 -0.107631
-0.0490839 0.733142 -0.112582
-0.0352407 0.855823 -0.117533
-0.0540196 0.732698 -0.0927778
0.00217506 0.771755 -0.0482179
-0.0686586 0.784813 -0.0234623
-0.077495 0.827735 -0.0234623
-0.0877998 0.831666 -0.0630712
-0.0180012 0.774797 -0.0234623
-0.0160994 0.80897 -0.0234623
-0.00682953 0.76123 -0.117533
-0.0718606 0.765095 -0.0234623
-0.0487476 0.840036 -0.0234623
-0.0490839 0.733142 -0.0432668
-0.0496144 0.849673 -0.0234623
-0.0589553 0.732254 -0.0878267
-0.0703922 0.804087 -0.0234623
-0.0701269 0.745822 -0.0234623
-0.0757613 0.808461 -0.0234623
-0.0503841 0.747598 -0.117533
-0.00345933 0.834395 -0.0234623
-0.0590524 0.843966 -0.0234623
-0.0549835 0.854047 -0.0234623
-0.053418 0.781327 -0.0234623
0.0034753 0.7573 -0.0779245
-0.0776631 0.774288 -0.117533
-0.0463152 0.757678 -0.0234623
-0.0834657 0.783481 -0.0927778
-0.0734261 0.837816 -0.0234623
-0.0311718 0.865904 -0.112582
-0.0342767 0.734474 -0.0779245
-0.0568853 0.819874 -0.0234623
-0.0497825 0.796226 -0.0234623
-0.0686586 0.784813 -0.117533
-0.0753279 0.803643 -0.0234623
-0.0154978 0.857599 -0.117533
-0.0854646 0.86102 -0.0878267
-0.00666139 0.814677 -0.0234623
0.0034753 0.7573 -0.0878267
-0.0141976 0.843143 -0.0234623
-0.00882846 0.838769 -0.0234623
-0.071259 0.813724 -0.0234623
-0.00232724 0.766493 -0.117533
-0.0309065 0.807639 -0.0234623
-0.0561866 0.756791 -0.117533
-0.0830323 0.778663 -0.112582
-0.0510828 0.810681 -0.0234623
-0.0342767 0.734474 -0.0383156
-0.0699588 0.799268 -0.0234623
-0.083731 0.841746 -0.0234623
-0.0799984 0.744934 -0.0432668
-0.0182665 0.833063 -0.0234623
-0.00129226 0.810302 -0.0977289
-0.00345933 0.834395 -0.053169
-0.0830323 0.778663 -0.117533
-0.0336752 0.783102 -0.117533
-0.069092 0.789632 -0.0234623
-0.0750627 0.745378 -0.117533
-0.086933 0.822029 -0.0927778
-0.0656246 0.751084 -0.0234623
-0.0847659 0.797937 -0.117533
-0.0589553 0.732254 -0.10268
-0.0593887 0.737073 -0.117533
-0.0843325 0.793118 -0.0977289
-0.0194696 0.735806 -0.0333645
-0.0706575 0.862352 -0.0234623
-0.0647578 0.741447 -0.0234623
-0.00302592 0.829576 -0.10268
-0.0841644 0.846565 -0.117533
-0.0877998 0.831666 -0.112582
-0.0669249 0.765539 -0.0234623
-0.0323749 0.768647 -0.117533
-0.0606889 0.751528 -0.0234623
-0.00146041 0.756856 -0.117533
-0.0441481 0.733586 -0.0234623
-0.0589553 0.732254 -0.0234623
-0.0380093 0.831287 -0.117533
0.00174164 0.776573 -0.0878267
-0.0805289 0.861464 -0.0432668
-0.0405127 0.748486 -0.117533
-0.0864996 0.81721 -0.107631
-0.0824307 0.827291 -0.117533
0.000273253 0.737582 -0.0234623
0.0004414 0.791029 -0.10268
-0.0478807 0.830399 -0.117533
-0.0133308 0.833507 -0.0234623
-0.00466246 0.737138 -0.0333645
-0.00605982 0.863305 -0.112582
0.000273253 0.737582 -0.0680223
-0.0651912 0.746266 -0.0234623
-0.00389275 0.839213 -0.0581201
-0.0776631 0.774288 -0.0234623
-0.0613876 0.814612 -0.117533
-0.0184346 0.779616 -0.0234623
-0.061821 0.81943 -0.117533
-0.0490839 0.733142 -0.0977289
0.00217506 0.771755 -0.0383156
-0.0851993 0.802755 -0.0432668
-0.00215909 0.819939 -0.0828756
-0.0735943 0.784369 -0.0234623
-0.0245024 0.847074 -0.0234623
-0.0834657 0.783481 -0.0581201
-0.0808652 0.754571 -0.117533
-0.0786981 0.730479 -0.10268
0.00260847 0.766936 -0.0482179
-0.0650231 0.799712 -0.0234623
-0.0904003 0.860576 -0.112582
-0.0676236 0.828623 -0.0234623
-0.0433784 0.835661 -0.0234623
-0.0873664 0.826847 -0.107631
-0.020867 0.861973 -0.117533
-0.0812986 0.759389 -0.0482179
-0.0805289 0.861464 -0.117533
-0.086933 0.822029 -0.10268
0.00390872 0.752481 -0.0383156
-0.0238037 0.78399 -0.0234623
-0.0264042 0.812901 -0.0234623
-0.00726295 0.766049 -0.0234623
-0.00519299 0.853668 -0.0878267
-0.0589553 0.732254 -0.0779245
-0.00899661 0.785322 -0.0234623
-0.0420782 0.821206 -0.0234623
0.0004414 0.791029 -0.0828756
-0.0504812 0.859309 -0.0234623
-0.0390443 0.787477 -0.0234623
-0.0847659 0.797937 -0.112582
0.00217506 0.771755 -0.0432668
-0.00449431 0.790585 -0.0234623
-0.0310747 0.754192 -0.0234623
-0.0386109 0.782659 -0.0234623
-0.0233703 0.779172 -0.0234623
-0.0873664 0.826847 -0.0779245
-0.0265724 0.759454 -0.0234623
-0.0895335 0.850939 -0.112582
-0.00562641 0.858487 -0.117533
-0.0373106 0.768203 -0.0234623
0.00477555 0.742844 -0.0680223
-0.0364438 0.758566 -0.0234623
-0.0895335 0.850939 -0.0432668
-0.00302592 0.829576 -0.0432668
-0.035577 0.74893 -0.0234623
-0.0194696 0.735806 -0.112582
-0.0070948 0.819495 -0.0234623
-0.0851993 0.802755 -0.0383156
0.000874815 0.78621 -0.0878267
-0.00562641 0.858487 -0.107631
-0.0300397 0.798002 -0.117533
-0.0114289 0.86768 -0.0927778
-0.0438119 0.84048 -0.117533
-0.0860662 0.812392 -0.0729734
-0.00639612 0.756412 -0.117533
-0.0558503 0.863684 -0.0383156
-0.00649324 0.868124 -0.107631
-0.0213004 0.866792 -0.0432667
-0.0124639 0.82387 -0.117533
-0.0194696 0.735806 -0.0234623
-0.0059627 0.751593 -0.117533
-0.0410432 0.865016 -0.0234623
-0.0367091 0.816831 -0.117533
-0.0193014 0.789253 -0.0234623
-0.079565 0.740115 -0.053169
-0.0548864 0.742335 -0.117533
-0.000858845 0.805484 -0.10268
-0.0401764 0.855379 -0.0234623
-0.0805289 0.861464 -0.0284134
-0.0154978 0.857599 -0.0234623
-0.0657218 0.862796 -0.0977289
-0.0319415 0.763829 -0.0234623
-0.0459789 0.864572 -0.0432668
-0.0244053 0.735362 -0.0234623
-0.0384427 0.836105 -0.0234623
-0.0886667 0.841302 -0.0680223
-0.00432616 0.844031 -0.0779245
-0.0830323 0.778663 -0.0284134
-0.0860662 0.812392 -0.0284134
-0.00389275 0.839213 -0.0878267
-0.0152326 0.799334 -0.117533
-0.0339404 0.841368 -0.0234623
-0.0216367 0.759898 -0.0234623
-0.0528164 0.829955 -0.0234623
-0.0396459 0.738849 -0.0234623
-0.0684904 0.83826 -0.0234623
-0.00432616 0.844031 -0.10268
-0.0375759 0.826468 -0.0234623
-0.0688267 0.731366 -0.0729734
-0.0854646 0.86102 -0.117533
-0.0367091 0.816831 -0.0234623
-0.0147991 0.794515 -0.117533
-0.0362757 0.812013 -0.0234623
-0.00579456 0.80504 -0.0234623
-0.0358422 0.807195 -0.0234623
-0.063891 0.73181 -0.0432667
-0.0113318 0.755968 -0.117533
-0.0349754 0.797558 -0.0234623
-0.0821654 0.769026 -0.0828756
-0.00466246 0.737138 -0.0482179
-0.034542 0.792739 -0.0234623
-0.063891 0.73181 -0.0630712
-0.0159312 0.862417 -0.117533
-0.00475958 0.84885 -0.0234623
-0.0399111 0.797114 -0.0234623
-0.0856328 0.807573 -0.117533
-0.0025925 0.824758 -0.0432668
-0.0904003 0.860576 -0.0234623
-0.0336752 0.783102 -0.0234623
-0.0791315 0.735297 -0.0234623
-0.00519299 0.853668 -0.0432668
-0.028306 0.778728 -0.117533
-0.0622545 0.824249 -0.117533
-0.029341 0.734918 -0.0927778
-0.0540196 0.732698 -0.107631
0.0004414 0.791029 -0.0432668
-0.0302078 0.744555 -0.0234623
-0.0297744 0.739737 -0.0234623
-0.0899669 0.855758 -0.0234623
-0.0317734 0.817275 -0.0234623
-0.0361075 0.86546 -0.0234623
0.00304189 0.762118 -0.0432668
-0.0804318 0.749752 -0.0383156
-0.0834657 0.783481 -0.053169
-0.0895335 0.850939 -0.0234623
0.00130823 0.781392 -0.0828756
-0.0808652 0.754571 -0.0234623
-0.00839505 0.833951 -0.0234623
-0.0287395 0.783546 -0.0234623
7.98521e-06 0.795847 -0.10268
-0.0348073 0.851004 -0.0234623
-0.0484823 0.781771 -0.117533
-0.033507 0.836549 -0.0234623
-0.0682251 0.779995 -0.0234623
-0.00943002 0.790141 -0.117533
-0.0808652 0.754571 -0.0779245
0.00130823 0.781392 -0.0383156
-0.0229369 0.774354 -0.117533
-0.0322068 0.822094 -0.0234623
-0.0651912 0.746266 -0.117533
-0.0834657 0.783481 -0.0680223
-0.0298715 0.851448 -0.0234623
-0.0864996 0.81721 -0.0383156
-0.0619892 0.765983 -0.117533
-0.0304731 0.80282 -0.0234623
-0.0342767 0.734474 -0.0234623
-0.028306 0.778728 -0.0234623
0.00130823 0.781392 -0.0482179
-0.00475958 0.84885 -0.0581201
-0.0808652 0.754571 -0.0927778
-0.0178331 0.828244 -0.0234623
-0.00959817 0.736694 -0.0729734
-0.0886667 0.841302 -0.0432668
-0.0270058 0.764273 -0.0234623
-0.0560185 0.810237 -0.117533
-0.0641563 0.790076 -0.0234623
-0.0287395 0.783546 -0.117533
-0.00943002 0.790141 -0.0234623
-0.0682251 0.779995 -0.117533
-0.0834657 0.783481 -0.117533
-0.0650231 0.799712 -0.117533
-0.0410432 0.865016 -0.0284134
-0.00302592 0.829576 -0.0927778
-0.0657218 0.862796 -0.117533
-0.0843325 0.793118 -0.0779245
-0.0657218 0.862796 -0.0482179
-0.0786981 0.730479 -0.0383156
-0.0248387 0.740181 -0.0234623
-0.0811305 0.812836 -0.117533
-0.0804318 0.749752 -0.0482179
-0.0114289 0.86768 -0.0234623
-0.0422463 0.767759 -0.117533
-0.0413795 0.758122 -0.117533
-0.030305 0.856267 -0.0234623
-0.0392124 0.73403 -0.117533
-0.0380093 0.831287 -0.0234623
-0.0285713 0.836993 -0.0234623
-0.0459789 0.864572 -0.0927778
-0.0786981 0.730479 -0.0878267
-0.0281379 0.832175 -0.0234623
-0.0770616 0.822917 -0.117533
-0.0272711 0.822538 -0.0234623
-0.0508175 0.752416 -0.0234623
-0.00129226 0.810302 -0.112582
-0.0242372 0.788809 -0.0234623
-0.0259708 0.808083 -0.0234623
-0.0229369 0.774354 -0.0234623
-0.00449431 0.790585 -0.117533
-0.081732 0.764208 -0.0779245
-0.0755932 0.861908 -0.0482179
-0.0225035 0.769535 -0.0234623
-0.0220701 0.764717 -0.0234623
0.00304189 0.762118 -0.117533
-0.0799984 0.744934 -0.0828756
-0.0113318 0.755968 -0.0234623
-0.00475958 0.84885 -0.112582
-0.0766282 0.818098 -0.0234623
-0.0203364 0.745443 -0.0234623
-0.0490839 0.733142 -0.0927778
0.00217506 0.771755 -0.053169
-0.0856328 0.807573 -0.0581201
0.00217506 0.771755 -0.112582
-0.0399111 0.797114 -0.117533
-0.00475958 0.84885 -0.117533
-0.0851993 0.802755 -0.117533
-0.029341 0.734918 -0.0630712
0.0034753 0.7573 -0.0581201
-0.00302592 0.829576 -0.0482179
-0.0742929 0.847453 -0.117533
-0.0542848 0.790963 -0.117533
-0.00519299 0.853668 -0.0779245
0.00520896 0.738026 -0.0234623
-0.0145339 0.73625 -0.0630712
-0.0605208 0.804975 -0.117533
-0.0692601 0.736185 -0.0234623
-0.0227688 0.8278 -0.0234623
-0.00129226 0.810302 -0.0333645
-0.0130655 0.775241 -0.117533
-0.0688267 0.731366 -0.0977289
-0.0599192 0.853603 -0.117533
-0.0688267 0.731366 -0.112582
-0.0557532 0.751972 -0.117533
-0.0410432 0.865016 -0.0581201
-0.0789634 0.788744 -0.0234623
-0.0219019 0.818163 -0.0234623
-0.0748945 0.798824 -0.0234623
-0.0210351 0.808527 -0.0234623
-0.0201683 0.79889 -0.0234623
-0.0624226 0.770802 -0.117533
-0.0882332 0.836484 -0.10268
-0.0799984 0.744934 -0.112582
0.00304189 0.762118 -0.0383156
-0.0714272 0.760277 -0.0234623
-0.018868 0.784434 -0.0234623
-0.016701 0.760342 -0.0234623
-0.0154007 0.745887 -0.0234623
-0.0899669 0.855758 -0.0432668
-0.0210351 0.808527 -0.117533
-0.0664915 0.760721 -0.117533
-0.0738595 0.842634 -0.117533
-0.0748945 0.798824 -0.117533
-0.0059627 0.751593 -0.0234623
-0.0847659 0.797937 -0.0333645
-0.0165328 0.813789 -0.0234623
-0.0371425 0.82165 -0.117533
-0.0025925 0.824758 -0.0977289
-0.029341 0.734918 -0.117533
-0.0545501 0.849229 -0.0234623
-0.0152326 0.799334 -0.0234623
-0.00302592 0.829576 -0.112582
-0.0877998 0.831666 -0.0383156
-0.0238037 0.78399 -0.117533
-0.0877998 0.831666 -0.053169
-0.0147991 0.794515 -0.0234623
-0.0219019 0.818163 -0.117533
-0.0864996 0.81721 -0.0333645
-0.0688267 0.731366 -0.0432668
-0.0130655 0.775241 -0.0234623
-0.0441481 0.733586 -0.0482179
-0.00839505 0.833951 -0.117533
-0.0799984 0.744934 -0.117533
-0.00639612 0.756412 -0.0234623
-0.059654 0.795338 -0.117533
-0.0882332 0.836484 -0.107631
0.00304189 0.762118 -0.0581201
-0.0117652 0.760786 -0.0234623
-0.0525512 0.77169 -0.117533
-0.0368772 0.763385 -0.117533
-0.00605982 0.863305 -0.0630712
-0.0847659 0.797937 -0.0383156
-0.0819973 0.822473 -0.117533
-0.0886667 0.841302 -0.0828756
-0.0108984 0.751149 -0.0234623
-0.0105621 0.858043 -0.0234623
-0.0657218 0.862796 -0.053169
-0.079565 0.740115 -0.0977289
-0.0163647 0.867236 -0.0234623
-0.0808652 0.754571 -0.0284134
-0.0882332 0.836484 -0.0779245
-0.0470139 0.820762 -0.117533
-0.00215909 0.819939 -0.107631
-0.00959817 0.736694 -0.0234623
-0.014631 0.847962 -0.0234623
-0.0503841 0.747598 -0.0234623
0.0034753 0.7573 -0.0333645
-0.0515162 0.8155 -0.117533
-0.0137642 0.838325 -0.0234623
-0.0341086 0.787921 -0.117533
-0.0223353 0.822982 -0.117533
-0.0252721 0.744999 -0.0234623
-0.0111637 0.809414 -0.0234623
-0.00215909 0.819939 -0.0927778
-0.0107303 0.804596 -0.0234623
-0.0102969 0.799778 -0.0234623
-0.0574869 0.771246 -0.0234623
-0.00986344 0.794959 -0.0234623
0.00390872 0.752481 -0.0779245
7.98521e-06 0.795847 -0.0878267
-0.00812978 0.775685 -0.0234623
-0.0856328 0.807573 -0.0482179
-0.00605982 0.863305 -0.0779245
0.00434213 0.747663 -0.117533
-0.000858845 0.805484 -0.0333645
-0.0474473 0.82558 -0.0234623
-0.00926187 0.843587 -0.0234623
-0.0162675 0.755524 -0.117533
0.000874815 0.78621 -0.0333645
-0.0516843 0.762053 -0.0234623
-0.0145339 0.73625 -0.0234623
-0.0213004 0.866792 -0.0383156
-0.00796163 0.829132 -0.0234623
-0.0693572 0.847897 -0.117533
-0.00752822 0.824314 -0.0234623
-0.00362748 0.780948 -0.117533
0.0034753 0.7573 -0.117533
-0.0412114 0.811569 -0.117533
0.00434213 0.747663 -0.053169
-0.00536114 0.800222 -0.0234623
-0.00492773 0.795403 -0.0234623
-0.0812986 0.759389 -0.117533
-0.0847659 0.797937 -0.10268
-0.0490839 0.733142 -0.107631
-0.0566201 0.761609 -0.117533
-0.0558503 0.863684 -0.0878267
-0.0431132 0.777396 -0.0234623
-0.0895335 0.850939 -0.0630712
-0.00146041 0.756856 -0.0234623
0.00520896 0.738026 -0.0977289
-0.0311718 0.865904 -0.0383156
-0.0371425 0.82165 -0.0234623
-0.00605982 0.863305 -0.0234623
-0.00232724 0.766493 -0.0234623
-0.0025925 0.824758 -0.0482179
-0.00562641 0.858487 -0.0234623
-0.00389275 0.839213 -0.0234623
-0.00302592 0.829576 -0.0234623
-0.0025925 0.824758 -0.0234623
0.00477555 0.742844 -0.0234623
-0.0598221 0.741891 -0.117533
-0.00215909 0.819939 -0.0383156
-0.00959817 0.736694 -0.0630712
-0.0696935 0.741003 -0.0234623
-0.00215909 0.819939 -0.0234623
-0.000858845 0.805484 -0.0234623
-0.0643244 0.736629 -0.117533
-0.0821654 0.769026 -0.107631
-0.0354088 0.802376 -0.117533
-0.0645897 0.794894 -0.117533
-0.00042543 0.800665 -0.0234623
-0.0838991 0.7883 -0.0927778
0.000874815 0.78621 -0.0234623
-0.0364438 0.758566 -0.117533
-0.00172567 0.815121 -0.0234623
-0.0808652 0.754571 -0.0878267
0.00130823 0.781392 -0.0234623
-0.0351436 0.744111 -0.0234623
-0.00475958 0.84885 -0.0828756
-0.0786981 0.730479 -0.0779245
-0.0873664 0.826847 -0.117533
-0.0244053 0.735362 -0.0680223
-0.0737624 0.730922 -0.0828756
-0.00276065 0.771311 -0.117533
-0.0516843 0.762053 -0.117533
-0.086933 0.822029 -0.117533
-0.0864996 0.81721 -0.117533
0.00477555 0.742844 -0.112582
-0.0480489 0.776952 -0.117533
-0.020867 0.861973 -0.0234623
-0.0519496 0.820318 -0.0234623
-0.0677917 0.775176 -0.0234623
-0.0613876 0.814612 -0.0234623
-0.0804318 0.749752 -0.117533
-0.0186999 0.837881 -0.117533
-0.0248387 0.740181 -0.117533
-0.058619 0.839148 -0.117533
-0.0709938 0.755459 -0.0234623
-0.0856328 0.807573 -0.0284134
-0.086933 0.822029 -0.0581201
-0.0860662 0.812392 -0.0680223
-0.0830323 0.778663 -0.0432668
-0.0791315 0.735297 -0.0383156
-0.0825989 0.773844 -0.0432668
-0.00129226 0.810302 -0.0581201
-0.0821654 0.769026 -0.0432668
-0.00605982 0.863305 -0.0828756
-0.081732 0.764208 -0.0432668
-0.00649324 0.868124 -0.0630712
-0.0812986 0.759389 -0.0432668
-0.0856328 0.807573 -0.053169
-0.0808652 0.754571 -0.0432668
-0.0804318 0.749752 -0.0432668
-0.079565 0.740115 -0.0432668
-0.00562641 0.858487 -0.0828756
-0.0904003 0.860576 -0.0482179
-0.0244053 0.735362 -0.0581201
-0.0899669 0.855758 -0.0482179
-0.0459789 0.864572 -0.0333645
-0.00649324 0.868124 -0.0729734
-0.0891001 0.846121 -0.0482179
-0.00215909 0.819939 -0.0432668
-0.0886667 0.841302 -0.0482179
-0.00345933 0.834395 -0.0878267
-0.0882332 0.836484 -0.0482179
-0.00552929 0.746775 -0.117533
0.00260847 0.766936 -0.0977289
-0.0877998 0.831666 -0.0482179
-0.086933 0.822029 -0.0482179
-0.0851993 0.802755 -0.0482179
-0.0847659 0.797937 -0.0482179
-0.0589553 0.732254 -0.0630712
-0.0843325 0.793118 -0.0482179
-0.0860662 0.812392 -0.0482179
-0.0830323 0.778663 -0.0482179
-0.0311718 0.865904 -0.10268
-0.0145339 0.73625 -0.0779245
-0.0821654 0.769026 -0.0482179
-0.081732 0.764208 -0.0482179
-0.0891001 0.846121 -0.0581201
-0.00649324 0.868124 -0.0581201
-0.0808652 0.754571 -0.0482179
0.00260847 0.766936 -0.0927778
-0.0799984 0.744934 -0.0482179
-0.0763629 0.759833 -0.0234623
-0.079565 0.740115 -0.0482179
0.000273253 0.737582 -0.107631
-0.0791315 0.735297 -0.0482179
-0.0786981 0.730479 -0.0482179
-0.0799984 0.744934 -0.107631
-0.0904003 0.860576 -0.053169
-0.0459789 0.864572 -0.0383156
-0.0558503 0.863684 -0.107631
-0.0895335 0.850939 -0.053169
-0.0882332 0.836484 -0.053169
-0.0850312 0.856202 -0.0234623
-0.086933 0.822029 -0.053169
-0.0830323 0.778663 -0.053169
-0.0860662 0.812392 -0.053169
-0.0851993 0.802755 -0.053169
0.000874815 0.78621 -0.0680223
-0.0847659 0.797937 -0.053169
-0.0409461 0.753304 -0.117533
-0.0307384 0.861085 -0.0234623
-0.063891 0.73181 -0.0878267
-0.0438119 0.84048 -0.0234623
-0.0843325 0.793118 -0.053169
-0.0838991 0.7883 -0.053169
7.98521e-06 0.795847 -0.0680223
-0.0412114 0.811569 -0.0234623
-0.000858845 0.805484 -0.112582
-0.0821654 0.769026 -0.053169
-0.081732 0.764208 -0.053169
-0.0786981 0.730479 -0.0630712
-0.0360104 0.753748 -0.0234623
0.00217506 0.771755 -0.0779245
-0.0882332 0.836484 -0.0581201
0.00260847 0.766936 -0.0878267
-0.0804318 0.749752 -0.053169
-0.0834657 0.783481 -0.0828756
-0.0786981 0.730479 -0.053169
-0.0856328 0.807573 -0.0878267
0.00217506 0.771755 -0.0828756
-0.0904003 0.860576 -0.0581201
-0.0899669 0.855758 -0.0581201
-0.0895335 0.850939 -0.0581201
-0.00302592 0.829576 -0.0284134
-0.0296063 0.793183 -0.117533
-0.00389275 0.839213 -0.0927778
-0.0882332 0.836484 -0.0333645
-0.0851993 0.802755 -0.0581201
-0.029341 0.734918 -0.0284134
-0.0847659 0.797937 -0.0581201
-0.0490839 0.733142 -0.0630712
-0.0877998 0.831666 -0.0284134
-0.0843325 0.793118 -0.0581201
-0.00172567 0.815121 -0.0878267
-0.0838991 0.7883 -0.0581201
7.98521e-06 0.795847 -0.0828756
-0.0114289 0.86768 -0.0779245
-0.0693572 0.847897 -0.0234623
-0.0860662 0.812392 -0.0581201
-0.0830323 0.778663 -0.0581201
-0.0825989 0.773844 -0.0581201
-0.00959817 0.736694 -0.107631
-0.000858845 0.805484 -0.0779245
-0.081732 0.764208 -0.0581201
-0.00649324 0.868124 -0.10268
-0.0856328 0.807573 -0.0828756
0.000874815 0.78621 -0.117533
0.00217506 0.771755 -0.0878267
-0.0808652 0.754571 -0.0581201
0.00260847 0.766936 -0.107631
-0.0804318 0.749752 -0.0581201
-0.0834657 0.783481 -0.0729734
-0.0799984 0.744934 -0.0581201
-0.079565 0.740115 -0.0581201
0.000273253 0.737582 -0.112582
-0.0786981 0.730479 -0.0581201
-0.0856328 0.807573 -0.0729734
0.00217506 0.771755 -0.0977289
-0.0904003 0.860576 -0.0630712
-0.0899669 0.855758 -0.0630712
-0.0509146 0.864128 -0.117533
-0.0886667 0.841302 -0.0630712
-0.00432616 0.844031 -0.0383156
-0.00345933 0.834395 -0.0977289
-0.0882332 0.836484 -0.0630712
-0.086933 0.822029 -0.0630712
-0.0830323 0.778663 -0.0383156
-0.0860662 0.812392 -0.0630712
-0.0851993 0.802755 -0.0630712
-0.029341 0.734918 -0.0333645
-0.0847659 0.797937 -0.0630712
-0.0490839 0.733142 -0.0828756
-0.0589553 0.732254 -0.107631
-0.0877998 0.831666 -0.0333645
-0.0843325 0.793118 -0.0630712
-0.0834657 0.783481 -0.0630712
-0.0821654 0.769026 -0.0630712
-0.00466246 0.737138 -0.0680223
-0.0362757 0.812013 -0.117533
-0.081732 0.764208 -0.0630712
-0.0812986 0.759389 -0.0630712
-0.0847659 0.797937 -0.0977289
-0.0529846 0.776508 -0.117533
-0.0490839 0.733142 -0.0680223
-0.00129226 0.810302 -0.117533
-0.063891 0.73181 -0.0828756
-0.0589553 0.732254 -0.112582
-0.0706575 0.862352 -0.0284134
-0.0808652 0.754571 -0.0630712
-0.0804318 0.749752 -0.0630712
-0.0799984 0.744934 -0.0630712
0.00304189 0.762118 -0.0878267
-0.0843325 0.793118 -0.0234623
-0.0594858 0.848785 -0.0234623
-0.0877998 0.831666 -0.0680223
-0.0873664 0.826847 -0.0680223
-0.086933 0.822029 -0.0680223
-0.000858845 0.805484 -0.0482179
-0.0737624 0.730922 -0.0333645
-0.0851993 0.802755 -0.0680223
0.000874815 0.78621 -0.0779245
-0.0667567 0.818986 -0.117533
-0.00562641 0.858487 -0.112582
-0.0847659 0.797937 -0.0680223
-0.0490839 0.733142 -0.0729734
-0.0843325 0.793118 -0.0680223
-0.0262361 0.866348 -0.0927778
-0.00172567 0.815121 -0.0977289
-0.0392124 0.73403 -0.0630712
-0.0838991 0.7883 -0.0680223
7.98521e-06 0.795847 -0.0779245
-0.0830323 0.778663 -0.0680223
-0.00172567 0.815121 -0.0630712
0.00390872 0.752481 -0.0432667
-0.0821654 0.769026 -0.0680223
-0.081732 0.764208 -0.0680223
-0.0808652 0.754571 -0.0680223
-0.0799984 0.744934 -0.0680223
0.00304189 0.762118 -0.0977289
-0.079565 0.740115 -0.0680223
7.98521e-06 0.795847 -0.0482179
-0.0227688 0.8278 -0.117533
-0.0755932 0.861908 -0.0383156
-0.0459789 0.864572 -0.10268
-0.0425116 0.826024 -0.117533
-0.0786981 0.730479 -0.0680223
-0.0904003 0.860576 -0.0729734
-0.0895335 0.850939 -0.0729734
-0.0558503 0.863684 -0.0284134
-0.0891001 0.846121 -0.0729734
-0.0886667 0.841302 -0.0729734
-0.0579203 0.776064 -0.117533
-0.00345933 0.834395 -0.112582
-0.0851993 0.802755 -0.0234623
-0.0882332 0.836484 -0.0729734
-0.0877998 0.831666 -0.0729734
-0.0864996 0.81721 -0.0729734
0.00477555 0.742844 -0.10268
7.98521e-06 0.795847 -0.0977289
-0.063891 0.73181 -0.053169
-0.0825989 0.773844 -0.0729734
-0.000858845 0.805484 -0.0927778
-0.0821654 0.769026 -0.0729734
-0.0812986 0.759389 -0.0729734
-0.0706575 0.862352 -0.0779245
-0.0589553 0.732254 -0.053169
-0.0804318 0.749752 -0.0729734
-0.0904003 0.860576 -0.0680223
-0.0799984 0.744934 -0.0729734
-0.079565 0.740115 -0.0729734
0.000273253 0.737582 -0.0333645
-0.0194696 0.735806 -0.0828756
-0.0459789 0.864572 -0.107631
-0.0899669 0.855758 -0.0284134
-0.0195667 0.847518 -0.117533
-0.0786981 0.730479 -0.0729734
-0.0808652 0.754571 -0.112582
-0.0904003 0.860576 -0.0779245
-0.0895335 0.850939 -0.0779245
-0.086933 0.822029 -0.0779245
-0.0864996 0.81721 -0.0779245
-0.0851993 0.802755 -0.0779245
-0.029341 0.734918 -0.0482179
-0.0847659 0.797937 -0.0779245
-0.0706575 0.862352 -0.0927778
-0.0589553 0.732254 -0.0828756
0.00217506 0.771755 -0.0284134
-0.0838991 0.7883 -0.0779245
-0.0834657 0.783481 -0.0779245
-0.0830323 0.778663 -0.0779245
-0.0416448 0.816388 -0.117533
-0.00129226 0.810302 -0.0779245
-0.0213004 0.866792 -0.0284134
-0.0821654 0.769026 -0.0779245
-0.0804318 0.749752 -0.0680223
-0.00466246 0.737138 -0.0630712
0.00520896 0.738026 -0.0828756
-0.0812986 0.759389 -0.0779245
-0.0589553 0.732254 -0.0482179
-0.0799984 0.744934 -0.0779245
0.00304189 0.762118 -0.107631
-0.079565 0.740115 -0.0779245
-0.0904003 0.860576 -0.0828756
-0.0244053 0.735362 -0.0977289
-0.0899669 0.855758 -0.0828756
-0.0891001 0.846121 -0.0828756
-0.0882332 0.836484 -0.0828756
0.00260847 0.766936 -0.112582
-0.0877998 0.831666 -0.0828756
-0.086933 0.822029 -0.0828756
-0.0864996 0.81721 -0.0828756
-0.0114289 0.86768 -0.10268
-0.0860662 0.812392 -0.0828756
-0.0851993 0.802755 -0.0828756
-0.0843325 0.793118 -0.0828756
-0.0838991 0.7883 -0.0828756
-0.0830323 0.778663 -0.0828756
-0.00129226 0.810302 -0.0828756
-0.0825989 0.773844 -0.0828756
-0.081732 0.764208 -0.0828756
-0.079565 0.740115 -0.0828756
-0.0767963 0.764651 -0.117533
-0.0791315 0.735297 -0.0828756
0.000273253 0.737582 -0.0432668
-0.0459789 0.864572 -0.0878267
-0.0786981 0.730479 -0.0828756
-0.0904003 0.860576 -0.0878267
-0.0895335 0.850939 -0.0878267
-0.0891001 0.846121 -0.0878267
-0.0886667 0.841302 -0.0878267
-0.0624226 0.770802 -0.0234623
-0.00432616 0.844031 -0.0630712
-0.0341086 0.787921 -0.0234623
-0.0882332 0.836484 -0.0878267
-0.0877998 0.831666 -0.0878267
-0.0873664 0.826847 -0.0878267
-0.0737624 0.730922 -0.112582
-0.00812978 0.775685 -0.117533
-0.0175678 0.769979 -0.0234623
-0.0864996 0.81721 -0.0878267
-0.0143657 0.789697 -0.0234623
0.00477555 0.742844 -0.0828756
-0.0860662 0.812392 -0.0878267
-0.0851993 0.802755 -0.0878267
-0.0654565 0.804531 -0.0234623
-0.029341 0.734918 -0.0581201
-0.0242372 0.788809 -0.117533
-0.0847659 0.797937 -0.0878267
-0.0714272 0.760277 -0.117533
-0.0490839 0.733142 -0.0581201
-0.0838991 0.7883 -0.0878267
-0.0834657 0.783481 -0.0878267
-0.0830323 0.778663 -0.0878267
-0.0791315 0.735297 -0.0432667
-0.0825989 0.773844 -0.0878267
-0.0593887 0.737073 -0.0234623
-0.00959817 0.736694 -0.0779245
-0.0821654 0.769026 -0.0878267
-0.00466246 0.737138 -0.0432668
-0.081732 0.764208 -0.0878267
-0.0207698 0.750261 -0.117533
-0.0886667 0.841302 -0.0927778
-0.0882332 0.836484 -0.0927778
-0.0873664 0.826847 -0.0927778
-0.0864996 0.81721 -0.0927778
-0.0361075 0.86546 -0.0828756
0.00477555 0.742844 -0.0878267
-0.0860662 0.812392 -0.0927778
-0.0851993 0.802755 -0.0927778
-0.029341 0.734918 -0.0383156
-0.0847659 0.797937 -0.0927778
-0.00129226 0.810302 -0.10268
-0.063891 0.73181 -0.0977289
-0.0843325 0.793118 -0.0927778
-0.0830323 0.778663 -0.0927778
-0.0652884 0.857978 -0.0234623
-0.00129226 0.810302 -0.0927778
-0.063891 0.73181 -0.0581201
-0.0825989 0.773844 -0.0927778
-0.000858845 0.805484 -0.0680223
-0.0804318 0.749752 -0.0927778
-0.0904003 0.860576 -0.0383156
-0.0799984 0.744934 -0.0927778
-0.0262361 0.866348 -0.053169
-0.0791315 0.735297 -0.0927778
-0.0194696 0.735806 -0.0482179
0.000273253 0.737582 -0.053169
-0.0459789 0.864572 -0.0284134
-0.0786981 0.730479 -0.0927778
0.00260847 0.766936 -0.0383156
-0.0904003 0.860576 -0.0977289
0.00390872 0.752481 -0.0878267
-0.0899669 0.855758 -0.0977289
-0.0895335 0.850939 -0.0977289
-0.00649324 0.868124 -0.0234623
-0.0891001 0.846121 -0.0977289
-0.0540196 0.732698 -0.0333645
-0.0886667 0.841302 -0.0977289
-0.00345933 0.834395 -0.0383156
-0.0877998 0.831666 -0.0977289
0.0034753 0.7573 -0.0977289
-0.000593577 0.747219 -0.0234623
-0.0873664 0.826847 -0.0977289
-0.0641563 0.790076 -0.117533
-0.0737624 0.730922 -0.0729734
-0.086933 0.822029 -0.0977289
-0.0864996 0.81721 -0.0977289
-0.0851993 0.802755 -0.0977289
-0.029341 0.734918 -0.0432668
0.000874815 0.78621 -0.0977289
-0.0838991 0.7883 -0.0977289
-0.0834657 0.783481 -0.0977289
-0.0114289 0.86768 -0.117533
-0.0830323 0.778663 -0.0977289
-0.063891 0.73181 -0.10268
-0.00129226 0.810302 -0.107631
-0.0213004 0.866792 -0.0333645
-0.063891 0.73181 -0.0779245
-0.0825989 0.773844 -0.0977289
-0.0821654 0.769026 -0.0977289
-0.00466246 0.737138 -0.112582
-0.081732 0.764208 -0.0977289
0.00130823 0.781392 -0.0581201
-0.0808652 0.754571 -0.0977289
-0.0904003 0.860576 -0.0432668
-0.0257055 0.749817 -0.0234623
-0.0799984 0.744934 -0.0977289
-0.0262361 0.866348 -0.0581201
-0.0791315 0.735297 -0.0977289
-0.0194696 0.735806 -0.0581201
0.000273253 0.737582 -0.0581201
7.98521e-06 0.795847 -0.053169
-0.0786981 0.730479 -0.0977289
0.00260847 0.766936 -0.053169
-0.0904003 0.860576 -0.10268
-0.0244053 0.735362 -0.112582
-0.0899669 0.855758 -0.10268
-0.0891001 0.846121 -0.10268
-0.00215909 0.819939 -0.0729734
-0.0877998 0.831666 -0.10268
-0.0873664 0.826847 -0.10268
-0.0737624 0.730922 -0.0680223
-0.0860662 0.812392 -0.10268
-0.00389275 0.839213 -0.0432668
-0.0851993 0.802755 -0.10268
-0.029341 0.734918 -0.0729734
-0.00649324 0.868124 -0.0333645
-0.0860662 0.812392 -0.117533
-0.0843325 0.793118 -0.10268
-0.0838991 0.7883 -0.10268
-0.0834657 0.783481 -0.10268
-0.00466246 0.737138 -0.117533
-0.081732 0.764208 -0.10268
-0.0812986 0.759389 -0.10268
-0.0589553 0.732254 -0.0729734
-0.00969529 0.848406 -0.0234623
-0.0799984 0.744934 -0.10268
-0.0657218 0.862796 -0.0234623
-0.079565 0.740115 -0.10268
-0.0904003 0.860576 -0.107631
-0.0895335 0.850939 -0.107631
-0.00302592 0.829576 -0.0729734
-0.0891001 0.846121 -0.107631
-0.00215909 0.819939 -0.0779245
-0.0886667 0.841302 -0.107631
-0.0695254 0.79445 -0.117533
-0.0877998 0.831666 -0.107631
0.0034753 0.7573 -0.107631
-0.086933 0.822029 -0.107631
0.00390872 0.752481 -0.0581201
-0.0851993 0.802755 -0.107631
-0.029341 0.734918 -0.0779245
-0.00649324 0.868124 -0.0383156
0.0004414 0.791029 -0.0581201
-0.0847659 0.797937 -0.107631
-0.0806971 0.808017 -0.0234623
-0.0843325 0.793118 -0.107631
-0.0838991 0.7883 -0.107631
-0.00042543 0.800665 -0.0333645
-0.0834657 0.783481 -0.107631
-0.0791315 0.735297 -0.0581201
-0.00172567 0.815121 -0.0333645
0.00390872 0.752481 -0.0927778
-0.0825989 0.773844 -0.107631
-0.00605982 0.863305 -0.053169
-0.0808652 0.754571 -0.107631
0.00260847 0.766936 -0.0333645
-0.0521178 0.766871 -0.117533
-0.0804318 0.749752 -0.107631
-0.079565 0.740115 -0.107631
-0.0459789 0.864572 -0.0234623
-0.0786981 0.730479 -0.107631
-0.0780966 0.779107 -0.0234623
0.00260847 0.766936 -0.0432668
-0.0315081 0.75901 -0.0234623
-0.0891001 0.846121 -0.112582
-0.0886667 0.841302 -0.112582
-0.00345933 0.834395 -0.0482179
-0.0882332 0.836484 -0.112582
-0.0216367 0.759898 -0.117533
-0.0873664 0.826847 -0.112582
-0.086933 0.822029 -0.112582
-0.0457137 0.806307 -0.117533
0.00390872 0.752481 -0.0482179
-0.0864996 0.81721 -0.112582
-0.0843325 0.793118 -0.112582
-0.0496144 0.849673 -0.117533
0.00174164 0.776573 -0.0482179
-0.0834657 0.783481 -0.112582
0.00390872 0.752481 -0.0977289
-0.0825989 0.773844 -0.112582
-0.00466246 0.737138 -0.0828756
-0.0252721 0.744999 -0.117533
-0.00466246 0.737138 -0.0234623
-0.081732 0.764208 -0.112582
0.00174164 0.776573 -0.0234623
0.000874815 0.78621 -0.0630712
-0.0812986 0.759389 -0.112582
0.00217506 0.771755 -0.0333645
-0.0262361 0.866348 -0.0234623
-0.0791315 0.735297 -0.112582
-0.0194696 0.735806 -0.0680223
0.000273253 0.737582 -0.0729734
-0.0786981 0.730479 -0.112582
-0.0589553 0.732254 -0.0284134
-0.0368772 0.763385 -0.0234623
-0.0540196 0.732698 -0.0284134
-0.0825989 0.773844 -0.0680223
-0.063891 0.73181 -0.0729734
-0.0194696 0.735806 -0.0284134
-0.0342767 0.734474 -0.107631
-0.0145339 0.73625 -0.0284134
-0.081732 0.764208 -0.107631
-0.00466246 0.737138 -0.0284134
-0.047182 0.767315 -0.117533
0.000273253 0.737582 -0.0284134
0.00520896 0.738026 -0.0284134
-0.0040609 0.785766 -0.0234623
-0.0441481 0.733586 -0.0333645
-0.0635547 0.838704 -0.117533
-0.0838991 0.7883 -0.0482179
-0.0392124 0.73403 -0.0333645
-0.0899669 0.855758 -0.107631
-0.0342767 0.734474 -0.0333645
-0.0899669 0.855758 -0.0729734
-0.0244053 0.735362 -0.0333645
-0.0509146 0.864128 -0.0284134
-0.0386109 0.782659 -0.117533
0.00520896 0.738026 -0.0333645
-0.000858845 0.805484 -0.0432668
-0.0737624 0.730922 -0.0383156
-0.0864996 0.81721 -0.0234623
-0.0688267 0.731366 -0.0383156
-0.063891 0.73181 -0.0383156
0.0004414 0.791029 -0.0284134
-0.0540196 0.732698 -0.0383156
0.000273253 0.737582 -0.10268
-0.0441481 0.733586 -0.0927778
-0.0441481 0.733586 -0.0383156
-0.0838991 0.7883 -0.0432668
-0.0392124 0.73403 -0.0383156
-0.0899669 0.855758 -0.0779245
-0.0244053 0.735362 -0.0383156
-0.0509146 0.864128 -0.0333645
-0.0540196 0.732698 -0.0432668
-0.0441481 0.733586 -0.0432668
-0.0838991 0.7883 -0.0284134
-0.0392124 0.73403 -0.0432668
-0.0194696 0.735806 -0.0432667
-0.0145339 0.73625 -0.0432668
-0.0506494 0.805863 -0.117533
-0.00959817 0.736694 -0.0432668
0.00520896 0.738026 -0.0432668
-0.0864996 0.81721 -0.0284134
-0.0688267 0.731366 -0.0482179
-0.0540196 0.732698 -0.0482179
-0.0392124 0.73403 -0.0482179
-0.0737624 0.730922 -0.0878267
-0.00042543 0.800665 -0.0977289
-0.0899669 0.855758 -0.117533
-0.0342767 0.734474 -0.0482179
-0.0899669 0.855758 -0.0333645
-0.0244053 0.735362 -0.0482179
-0.0805289 0.861464 -0.0383156
-0.00959817 0.736694 -0.0482179
-0.0812986 0.759389 -0.0284134
0.00520896 0.738026 -0.0482179
-0.0688267 0.731366 -0.053169
-0.00986344 0.794959 -0.117533
0.000874815 0.78621 -0.0927778
-0.0540196 0.732698 -0.053169
-0.0446787 0.850117 -0.0234623
-0.0490839 0.733142 -0.053169
-0.063891 0.73181 -0.0927778
-0.0838991 0.7883 -0.0630712
-0.0392124 0.73403 -0.053169
-0.0342767 0.734474 -0.053169
-0.029341 0.734918 -0.053169
-0.0899669 0.855758 -0.0383156
-0.0244053 0.735362 -0.053169
-0.0194696 0.735806 -0.053169
0.00260847 0.766936 -0.0234623
7.98521e-06 0.795847 -0.0581201
-0.0804318 0.749752 -0.0828756
-0.00466246 0.737138 -0.053169
-0.0812986 0.759389 -0.0333645
0.00520896 0.738026 -0.053169
-0.0864996 0.81721 -0.053169
-0.0688267 0.731366 -0.0581201
-0.0441481 0.733586 -0.0680223
-0.0589553 0.732254 -0.0581201
0.0004414 0.791029 -0.0333645
-0.0540196 0.732698 -0.0581201
-0.0441481 0.733586 -0.0581201
-0.0688267 0.731366 -0.0779245
-0.0838991 0.7883 -0.0729734
-0.0392124 0.73403 -0.0581201
-0.0145339 0.73625 -0.0581201
-0.00959817 0.736694 -0.0581201
-0.00466246 0.737138 -0.0581201
-0.0812986 0.759389 -0.053169
0.00520896 0.738026 -0.0581201
-0.0864996 0.81721 -0.0482179
-0.0688267 0.731366 -0.0630712
-0.0441481 0.733586 -0.0729734
-0.0540196 0.732698 -0.0630712
-0.0740277 0.789188 -0.117533
-0.0441481 0.733586 -0.0630712
-0.0899669 0.855758 -0.053169
-0.0342767 0.734474 -0.0284134
-0.0244053 0.735362 -0.0630712
-0.0560185 0.810237 -0.0234623
-0.0737624 0.730922 -0.0779245
0.00520896 0.738026 -0.0630712
-0.0864996 0.81721 -0.0581201
-0.0688267 0.731366 -0.0680223
-0.063891 0.73181 -0.0680223
-0.0657218 0.862796 -0.0383156
-0.0204335 0.857155 -0.117533
-0.0589553 0.732254 -0.0680223
-0.0540196 0.732698 -0.0680223
0.00434213 0.747663 -0.0927778
-0.0392124 0.73403 -0.0680223
-0.0244053 0.735362 -0.10268
-0.0899669 0.855758 -0.0878267
-0.0342767 0.734474 -0.0680223
-0.029341 0.734918 -0.0680223
-0.0145339 0.73625 -0.0680223
-0.0354088 0.802376 -0.0234623
0.00520896 0.738026 -0.0680223
0.000874815 0.78621 -0.112582
-0.0540196 0.732698 -0.0729734
-0.0262361 0.866348 -0.117533
0.00434213 0.747663 -0.0878267
-0.0310747 0.754192 -0.117533
-0.0392124 0.73403 -0.0729734
-0.0244053 0.735362 -0.107631
-0.0899669 0.855758 -0.0927778
-0.0342767 0.734474 -0.0729734
-0.0244053 0.735362 -0.0729734
-0.0194696 0.735806 -0.0729734
7.98521e-06 0.795847 -0.0284134
-0.0311718 0.865904 -0.0729734
-0.0145339 0.73625 -0.0729734
0.00520896 0.738026 -0.0729734
-0.0660581 0.755903 -0.117533
-0.0441481 0.733586 -0.0779245
-0.0392124 0.73403 -0.0779245
-0.0899669 0.855758 -0.112582
-0.0342767 0.734474 -0.0432668
-0.0244053 0.735362 -0.0779245
-0.0194696 0.735806 -0.0779245
7.98521e-06 0.795847 -0.0333645
-0.00466246 0.737138 -0.0779245
-0.0747264 0.852271 -0.0234623
0.000273253 0.737582 -0.0779245
-0.0812986 0.759389 -0.0581201
0.00520896 0.738026 -0.0779245
-0.0688267 0.731366 -0.0828756
0.000874815 0.78621 -0.107631
-0.0540196 0.732698 -0.0828756
-0.0392124 0.73403 -0.0828756
-0.0311718 0.865904 -0.0977289
-0.0145339 0.73625 -0.0482179
-0.0342767 0.734474 -0.0828756
-0.0425116 0.826024 -0.0234623
-0.0244053 0.735362 -0.0828756
-0.0737624 0.730922 -0.107631
-0.0145339 0.73625 -0.0828756
-0.00959817 0.736694 -0.0828756
-0.0120305 0.819051 -0.0234623
-0.0856328 0.807573 -0.107631
-0.0688267 0.731366 -0.0878267
-0.0392124 0.73403 -0.0878267
-0.0737624 0.730922 -0.0234623
-0.000858845 0.805484 -0.0581201
-0.0145339 0.73625 -0.053169
-0.0342767 0.734474 -0.0878267
-0.029341 0.734918 -0.0878267
-0.00649324 0.868124 -0.053169
-0.0244053 0.735362 -0.0878267
-0.0311718 0.865904 -0.0828756
-0.0461471 0.811125 -0.117533
-0.0145339 0.73625 -0.0878267
-0.00959817 0.736694 -0.0878267
0.00520896 0.738026 -0.0878267
-0.0223353 0.822982 -0.0234623
-0.068057 0.833441 -0.117533
-0.0856328 0.807573 -0.0779245
-0.0688267 0.731366 -0.0927778
-0.026139 0.754636 -0.0234623
-0.0706575 0.862352 -0.0333645
-0.0589553 0.732254 -0.0927778
-0.0647578 0.741447 -0.117533
-0.0342767 0.734474 -0.0927778
-0.0194696 0.735806 -0.0927778
-0.0311718 0.865904 -0.0878267
-0.0145339 0.73625 -0.0927778
-0.000593577 0.747219 -0.117533
-0.00959817 0.736694 -0.0927778
-0.00466246 0.737138 -0.0927778
-0.000858845 0.805484 -0.107631
-0.0812986 0.759389 -0.0680223
0.00520896 0.738026 -0.0927778
-0.0706575 0.862352 -0.0977289
-0.0589553 0.732254 -0.0977289
-0.0441481 0.733586 -0.0977289
-0.0194696 0.735806 -0.0977289
-0.0145339 0.73625 -0.0977289
-0.081732 0.764208 -0.0383156
-0.00466246 0.737138 -0.0977289
-0.0688267 0.731366 -0.10268
-0.0342767 0.734474 -0.10268
-0.0737624 0.730922 -0.0977289
-0.0194696 0.735806 -0.10268
-0.0311718 0.865904 -0.0779245
-0.042945 0.830843 -0.0234623
-0.0145339 0.73625 -0.10268
-0.081732 0.764208 -0.0927778
-0.00466246 0.737138 -0.10268
0.00434213 0.747663 -0.0828756
-0.00605982 0.863305 -0.0432667
-0.0812986 0.759389 -0.0828756
0.00520896 0.738026 -0.10268
-0.0311718 0.865904 -0.0333645
-0.0441481 0.733586 -0.107631
-0.0392124 0.73403 -0.107631
-0.029341 0.734918 -0.107631
-0.00796163 0.829132 -0.117533
-0.0467486 0.762497 -0.0234623
-0.0737624 0.730922 -0.10268
-0.0194696 0.735806 -0.107631
-0.00466246 0.737138 -0.107631
-0.00605982 0.863305 -0.0482179
0.00520896 0.738026 -0.107631
-0.0392124 0.73403 -0.112582
-0.00276065 0.771311 -0.0234623
-0.0342767 0.734474 -0.112582
-0.0405127 0.748486 -0.0234623
-0.029341 0.734918 -0.112582
-0.00959817 0.736694 -0.112582
-0.000858845 0.805484 -0.0828756
0.00520896 0.738026 -0.112582
0.00477555 0.742844 -0.0284134
-0.0311718 0.865904 -0.053169
0.0034753 0.7573 -0.0284134
0.00304189 0.762118 -0.0284134
0.000874815 0.78621 -0.053169
0.00174164 0.776573 -0.0284134
-0.0262361 0.866348 -0.0630712
-0.0791315 0.735297 -0.10268
-0.00172567 0.815121 -0.0779245
0.00130823 0.781392 -0.0284134
-0.00475958 0.84885 -0.0779245
0.000874815 0.78621 -0.0284134
-0.000858845 0.805484 -0.0284134
-0.0791315 0.735297 -0.0630712
-0.0307384 0.861085 -0.117533
-0.063891 0.73181 -0.0234623
-0.00172567 0.815121 -0.0284134
-0.0025925 0.824758 -0.0284134
-0.00389275 0.839213 -0.0284134
-0.0448468 0.79667 -0.117533
-0.00475958 0.84885 -0.0284134
0.00130823 0.781392 -0.0779245
-0.00519299 0.853668 -0.0284134
-0.037744 0.773022 -0.117533
-0.00649324 0.868124 -0.0284134
0.00477555 0.742844 -0.0333645
0.00390872 0.752481 -0.0333645
0.00304189 0.762118 -0.0333645
0.00174164 0.776573 -0.0333645
-0.0808652 0.754571 -0.0729734
0.00130823 0.781392 -0.0333645
-0.00475958 0.84885 -0.0977289
-0.0600874 0.800156 -0.117533
-0.00215909 0.819939 -0.0333645
-0.0025925 0.824758 -0.0333645
-0.00302592 0.829576 -0.0333645
-0.0811305 0.812836 -0.0234623
-0.00345933 0.834395 -0.0333645
-0.00432616 0.844031 -0.0333645
-0.00345933 0.834395 -0.0680223
-0.0446787 0.850117 -0.117533
-0.00519299 0.853668 -0.0333645
-0.00562641 0.858487 -0.0333645
0.000874815 0.78621 -0.0383156
-0.00552929 0.746775 -0.0234623
0.0004414 0.791029 -0.0383156
-0.00129226 0.810302 -0.0383156
-0.0791315 0.735297 -0.0284134
-0.0825989 0.773844 -0.053169
-0.00172567 0.815121 -0.0383156
-0.0025925 0.824758 -0.0383156
-0.00302592 0.829576 -0.0383156
-0.00389275 0.839213 -0.0383156
-0.0490839 0.733142 -0.0284134
-0.00519299 0.853668 -0.0383156
-0.00562641 0.858487 -0.0383156
-0.00605982 0.863305 -0.0383156
0.00477555 0.742844 -0.0432668
0.00434213 0.747663 -0.0432668
-0.0808652 0.754571 -0.0828756
0.00130823 0.781392 -0.0432668
-0.00475958 0.84885 -0.0878267
0.000874815 0.78621 -0.0432668
-0.00042543 0.800665 -0.0432668
-0.00129226 0.810302 -0.0432668
-0.00345933 0.834395 -0.0432668
-0.00475958 0.84885 -0.0432668
0.00130823 0.781392 -0.0878267
-0.00562641 0.858487 -0.0432668
-0.00605982 0.863305 -0.0284134
0.00434213 0.747663 -0.0482179
0.0034753 0.7573 -0.0482179
-0.0791315 0.735297 -0.0729734
-0.0262361 0.866348 -0.0333645
0.00304189 0.762118 -0.0482179
0.000874815 0.78621 -0.0482179
-0.0540196 0.732698 -0.10268
0.0004414 0.791029 -0.0482179
-0.0821654 0.769026 -0.0383156
-0.00129226 0.810302 -0.0482179
-0.0825989 0.773844 -0.0333645
-0.00172567 0.815121 -0.0482179
-0.00215909 0.819939 -0.0482179
-0.00432616 0.844031 -0.0482179
-0.0490839 0.733142 -0.0234623
-0.00519299 0.853668 -0.0482179
-0.00562641 0.858487 -0.0482179
0.00477555 0.742844 -0.053169
-0.0821654 0.769026 -0.10268
0.00390872 0.752481 -0.053169
0.0034753 0.7573 -0.053169
-0.0420782 0.821206 -0.117533
-0.0791315 0.735297 -0.0680223
-0.0262361 0.866348 -0.0284134
0.00130823 0.781392 -0.053169
-0.00042543 0.800665 -0.053169
-0.0737624 0.730922 -0.0284134
-0.000858845 0.805484 -0.053169
-0.0821654 0.769026 -0.0333645
0.00390872 0.752481 -0.0284134
-0.00129226 0.810302 -0.053169
-0.00215909 0.819939 -0.053169
-0.00302592 0.829576 -0.053169
-0.00389275 0.839213 -0.053169
-0.00475958 0.84885 -0.053169
-0.00519299 0.853668 -0.053169
-0.00562641 0.858487 -0.053169
0.00477555 0.742844 -0.0581201
0.00434213 0.747663 -0.0581201
0.00260847 0.766936 -0.0581201
-0.00042543 0.800665 -0.0581201
-0.0791315 0.735297 -0.0333645
-0.00172567 0.815121 -0.0581201
-0.0025925 0.824758 -0.0581201
-0.00302592 0.829576 -0.0581201
-0.00345933 0.834395 -0.0581201
-0.0490839 0.733142 -0.0333645
-0.00519299 0.853668 -0.0581201
-0.029341 0.734918 -0.0234623
-0.00562641 0.858487 -0.0581201
-0.00605982 0.863305 -0.0581201
0.00434213 0.747663 -0.0630712
-0.0821654 0.769026 -0.0927778
0.00390872 0.752481 -0.0630712
0.00304189 0.762118 -0.0630712
-0.0361075 0.86546 -0.0284134
-0.0808652 0.754571 -0.10268
0.00130823 0.781392 -0.0630712
-0.00475958 0.84885 -0.0680223
7.98521e-06 0.795847 -0.0630712
0.00390872 0.752481 -0.0234623
-0.00129226 0.810302 -0.0630712
-0.00959817 0.736694 -0.0383156
-0.00215909 0.819939 -0.0630712
-0.0705604 0.75064 -0.117533
-0.0830323 0.778663 -0.107631
-0.00345933 0.834395 -0.0630712
-0.00389275 0.839213 -0.0630712
-0.0304731 0.80282 -0.117533
-0.00475958 0.84885 -0.0630712
0.00130823 0.781392 -0.0680223
-0.00519299 0.853668 -0.0630712
-0.00562641 0.858487 -0.0630712
-0.00605982 0.863305 -0.0333645
0.00434213 0.747663 -0.0680223
0.00304189 0.762118 -0.0680223
0.00217506 0.771755 -0.0680223
0.0004414 0.791029 -0.0680223
-0.00042543 0.800665 -0.0680223
-0.00129226 0.810302 -0.0680223
-0.0825989 0.773844 -0.0383156
-0.00172567 0.815121 -0.0680223
-0.0025925 0.824758 -0.0680223
-0.00302592 0.829576 -0.0680223
-0.07853 0.783925 -0.117533
-0.0725593 0.828179 -0.117533
-0.00519299 0.853668 -0.0680223
-0.00562641 0.858487 -0.0680223
-0.00605982 0.863305 -0.0680223
-0.0159312 0.862417 -0.0234623
-0.0891001 0.846121 -0.053169
-0.00649324 0.868124 -0.0680223
0.00477555 0.742844 -0.0729734
0.00434213 0.747663 -0.0729734
0.00390872 0.752481 -0.0729734
0.0034753 0.7573 -0.0729734
0.00304189 0.762118 -0.0729734
0.00260847 0.766936 -0.0729734
0.00174164 0.776573 -0.0729734
0.0004414 0.791029 -0.0729734
-0.00129226 0.810302 -0.0729734
-0.0791315 0.735297 -0.107631
-0.00172567 0.815121 -0.0729734
-0.0025925 0.824758 -0.0729734
-0.00345933 0.834395 -0.0729734
-0.00389275 0.839213 -0.0729734
-0.00432616 0.844031 -0.0729734
-0.00519299 0.853668 -0.0729734
-0.0154007 0.745887 -0.117533
-0.00605982 0.863305 -0.0729734
0.00477555 0.742844 -0.0779245
0.00434213 0.747663 -0.0779245
0.00304189 0.762118 -0.0779245
0.00174164 0.776573 -0.0779245
-0.00042543 0.800665 -0.0779245
-0.0025925 0.824758 -0.0779245
-0.00345933 0.834395 -0.0779245
-0.0426798 0.772578 -0.0234623
-0.00562641 0.858487 -0.0779245
-0.0512509 0.757234 -0.117533
-0.0821654 0.769026 -0.0284134
0.00390872 0.752481 -0.0828756
0.0034753 0.7573 -0.0828756
0.00174164 0.776573 -0.0828756
-0.0657218 0.862796 -0.0333645
0.000874815 0.78621 -0.0828756
-0.0025925 0.824758 -0.0828756
-0.00302592 0.829576 -0.0828756
-0.054453 0.737517 -0.0234623
-0.00389275 0.839213 -0.0828756
-0.00519299 0.853668 -0.0828756
-0.00649324 0.868124 -0.0828756
0.0004414 0.791029 -0.0878267
-0.00042543 0.800665 -0.0878267
-0.00129226 0.810302 -0.0878267
-0.00215909 0.819939 -0.0878267
-0.0025925 0.824758 -0.0878267
-0.00432616 0.844031 -0.0878267
-0.0361075 0.86546 -0.0878267
0.00477555 0.742844 -0.0927778
0.0034753 0.7573 -0.0927778
0.00304189 0.762118 -0.0927778
0.00217506 0.771755 -0.0927778
-0.00509587 0.741956 -0.117533
0.00174164 0.776573 -0.0927778
0.0004414 0.791029 -0.0927778
7.98521e-06 0.795847 -0.0927778
-0.00042543 0.800665 -0.0927778
-0.00172567 0.815121 -0.0927778
-0.00856319 0.780504 -0.0234623
-0.0025925 0.824758 -0.0927778
-0.00519299 0.853668 -0.0927778
-0.0891001 0.846121 -0.117533
-0.00649324 0.868124 -0.0927778
0.00434213 0.747663 -0.0977289
-0.0158341 0.750705 -0.0234623
0.00174164 0.776573 -0.0977289
-0.0328083 0.773466 -0.0234623
0.00130823 0.781392 -0.0977289
0.0004414 0.791029 -0.0977289
-0.000858845 0.805484 -0.0977289
-0.00215909 0.819939 -0.0977289
-0.00389275 0.839213 -0.0977289
-0.00432616 0.844031 -0.0977289
-0.00519299 0.853668 -0.0977289
-0.00605982 0.863305 -0.0977289
-0.00649324 0.868124 -0.0977289
0.00434213 0.747663 -0.10268
0.0034753 0.7573 -0.10268
0.00304189 0.762118 -0.10268
0.00130823 0.781392 -0.10268
0.000874815 0.78621 -0.10268
-0.00042543 0.800665 -0.10268
-0.00215909 0.819939 -0.10268
-0.0609542 0.809793 -0.0234623
-0.0025925 0.824758 -0.10268
-0.00475958 0.84885 -0.10268
-0.00519299 0.853668 -0.10268
-0.00562641 0.858487 -0.10268
-0.00605982 0.863305 -0.10268
-0.00605982 0.863305 -0.0878267
0.00434213 0.747663 -0.107631
0.00390872 0.752481 -0.107631
0.0004414 0.791029 -0.107631
7.98521e-06 0.795847 -0.107631
-0.00042543 0.800665 -0.107631
-0.00172567 0.815121 -0.107631
-0.00302592 0.829576 -0.107631
-0.00345933 0.834395 -0.107631
-0.0808652 0.754571 -0.053169
0.00130823 0.781392 -0.112582
-0.00042543 0.800665 -0.112582
-0.0566201 0.761609 -0.0234623
-0.0025925 0.824758 -0.112582
-0.00389275 0.839213 -0.112582
-0.00519299 0.853668 -0.112582
-0.0272711 0.822538 -0.117533
-0.0114289 0.86768 -0.0284134
-0.0163647 0.867236 -0.0284134
-0.0607861 0.86324 -0.0284134
-0.0213004 0.866792 -0.117533
-0.0755932 0.861908 -0.0284134
-0.0850312 0.856202 -0.117533
-0.0114289 0.86768 -0.0333645
-0.0163647 0.867236 -0.0333645
-0.0410432 0.865016 -0.0333645
-0.0891001 0.846121 -0.0779245
-0.0558503 0.863684 -0.0333645
-0.0854646 0.86102 -0.0284134
-0.0607861 0.86324 -0.0333645
-0.00622797 0.809858 -0.0234623
-0.0114289 0.86768 -0.0383156
-0.0163647 0.867236 -0.0383156
-0.0270058 0.764273 -0.117533
-0.0509146 0.864128 -0.0383156
-0.0607861 0.86324 -0.0383156
-0.0603526 0.858422 -0.117533
-0.0114289 0.86768 -0.0432668
-0.0163647 0.867236 -0.0432668
-0.0262361 0.866348 -0.0432668
0.0034753 0.7573 -0.0383156
-0.0311718 0.865904 -0.0432668
-0.0720472 0.690646 -0.112682
-0.0672384 0.691154 -0.112682
-0.0624295 0.691663 -0.112682
-0.0576207 0.692171 -0.112682
-0.0528119 0.69268 -0.112682
-0.0431942 0.693697 -0.112682
-0.0383853 0.694206 -0.112682
-0.0143411 0.696749 -0.112682
-0.00953231 0.697257 -0.112682
8.53731e-05 0.698274 -0.112682
-0.0672384 0.691154 -0.107831
-0.0576207 0.692171 -0.107831
-0.0528119 0.69268 -0.107831
-0.048003 0.693189 -0.107831
-0.0431942 0.693697 -0.107831
-0.0383853 0.694206 -0.107831
-0.0335765 0.694714 -0.107831
-0.0287677 0.695223 -0.107831
-0.00953231 0.697257 -0.107831
-0.00472347 0.697766 -0.107831
8.53731e-05 0.698274 -0.107831
-0.0672384 0.691154 -0.102979
-0.048003 0.693189 -0.102979
-0.0431942 0.693697 -0.102979
-0.0383853 0.694206 -0.102979
-0.0143411 0.696749 -0.102979
-0.00953231 0.697257 -0.102979
8.53731e-05 0.698274 -0.102979
-0.0672384 0.691154 -0.098128
-0.0624295 0.691663 -0.098128
-0.048003 0.693189 -0.098128
-0.0287677 0.695223 -0.098128
-0.0143411 0.696749 -0.098128
-0.00953231 0.697257 -0.098128
8.53731e-05 0.698274 -0.098128
-0.0720472 0.690646 -0.0932767
-0.0672384 0.691154 -0.0932767
-0.0624295 0.691663 -0.0932767
-0.0576207 0.692171 -0.0932767
-0.0431942 0.693697 -0.0932767
-0.0383853 0.694206 -0.0932767
-0.00953231 0.697257 -0.0932767
-0.0720472 0.690646 -0.0884253
-0.0672384 0.691154 -0.0884253
-0.0576207 0.692171 -0.0884253
-0.048003 0.693189 -0.0884253
-0.0383853 0.694206 -0.0884253
-0.0335765 0.694714 -0.0884253
-0.0287677 0.695223 -0.0884253
-0.0143411 0.696749 -0.0884253
-0.00953231 0.697257 -0.0884253
8.53731e-05 0.698274 -0.0884253
-0.0672384 0.691154 -0.083574
-0.0624295 0.691663 -0.083574
-0.0576207 0.692171 -0.083574
-0.0431942 0.693697 -0.083574
-0.0287677 0.695223 -0.083574
-0.00472347 0.697766 -0.083574
8.53731e-05 0.698274 -0.083574
-0.0672384 0.691154 -0.0787227
-0.0576207 0.692171 -0.0787227
-0.0431942 0.693697 -0.0787227
-0.0383853 0.694206 -0.0787227
-0.00953231 0.697257 -0.0787227
8.53731e-05 0.698274 -0.0787227
-0.0720472 0.690646 -0.0738714
-0.0624295 0.691663 -0.0738714
-0.048003 0.693189 -0.0738714
-0.0431942 0.693697 -0.0738714
-0.0239588 0.695731 -0.0738714
-0.00953231 0.697257 -0.0738714
8.53731e-05 0.698274 -0.0738714
-0.0720472 0.690646 -0.0690201
-0.0624295 0.691663 -0.0690201
-0.0576207 0.692171 -0.0690201
-0.0528119 0.69268 -0.0690201
-0.0383853 0.694206 -0.0690201
-0.0239588 0.695731 -0.0884253
-0.01915 0.69624 -0.0690201
-0.0143411 0.696749 -0.0690201
-0.00953231 0.697257 -0.0690201
-0.00472347 0.697766 -0.0690201
8.53731e-05 0.698274 -0.0690201
-0.0720472 0.690646 -0.0641687
-0.0672384 0.691154 -0.0641687
-0.0624295 0.691663 -0.0641687
-0.0576207 0.692171 -0.0641687
-0.048003 0.693189 -0.0641687
-0.0431942 0.693697 -0.0641687
-0.0239588 0.695731 -0.0641687
-0.0143411 0.696749 -0.0641687
-0.00472347 0.697766 -0.0641687
8.53731e-05 0.698274 -0.0641687
0.00489421 0.698783 -0.112682
0.00541651 0.693844 -0.112682
0.0069834 0.679029 -0.112682
0.0075057 0.67409 -0.112682
0.008028 0.669152 -0.112682
0.00855029 0.664213 -0.112682
0.00959489 0.654336 -0.112682
0.0111618 0.639521 -0.112682
0.0116841 0.634582 -0.112682
0.0122064 0.629643 -0.112682
0.0127287 0.624705 -0.112682
0.013251 0.619766 -0.112682
0.0142956 0.609889 -0.112682
0.0069834 0.679029 -0.107831
0.00855029 0.664213 -0.107831
-0.0335765 0.694714 -0.098128
0.00907259 0.659275 -0.107831
0.0101172 0.649398 -0.107831
0.0106395 0.644459 -0.107831
0.0111618 0.639521 -0.107831
0.0122064 0.629643 -0.107831
0.0127287 0.624705 -0.107831
0.013251 0.619766 -0.107831
0.00541651 0.693844 -0.102979
0.00593881 0.688906 -0.102979
0.0064611 0.683967 -0.102979
0.0069834 0.679029 -0.102979
0.0075057 0.67409 -0.102979
0.00855029 0.664213 -0.102979
0.00907259 0.659275 -0.102979
0.00959489 0.654336 -0.102979
0.0116841 0.634582 -0.107831
0.0101172 0.649398 -0.102979
0.0111618 0.639521 -0.102979
0.0116841 0.634582 -0.102979
0.0127287 0.624705 -0.102979
0.00489421 0.698783 -0.098128
0.00593881 0.688906 -0.098128
0.0064611 0.683967 -0.098128
0.0069834 0.679029 -0.098128
-0.0335765 0.694714 -0.083574
0.00907259 0.659275 -0.098128
0.00959489 0.654336 -0.098128
0.0111618 0.639521 -0.098128
0.0122064 0.629643 -0.098128
0.0127287 0.624705 -0.098128
0.0142956 0.609889 -0.098128
0.00489421 0.698783 -0.0932767
0.00593881 0.688906 -0.0932767
0.0064611 0.683967 -0.0932767
0.0075057 0.67409 -0.0932767
0.008028 0.669152 -0.0932767
0.00855029 0.664213 -0.0932767
0.0106395 0.644459 -0.0932767
0.0111618 0.639521 -0.0932767
0.0122064 0.629643 -0.0932767
0.0127287 0.624705 -0.0932767
0.013251 0.619766 -0.0932767
0.0137733 0.614828 -0.0932767
0.0142956 0.609889 -0.0932767
0.00489421 0.698783 -0.0884253
0.0064611 0.683967 -0.0884253
0.0075057 0.67409 -0.0884253
0.008028 0.669152 -0.0884253
0.00855029 0.664213 -0.0884253
0.00907259 0.659275 -0.0884253
0.0106395 0.644459 -0.098128
0.00959489 0.654336 -0.0884253
0.0101172 0.649398 -0.0884253
0.0106395 0.644459 -0.0884253
0.0111618 0.639521 -0.0884253
0.0116841 0.634582 -0.0884253
0.0122064 0.629643 -0.0884253
0.00593881 0.688906 -0.0884253
0.0127287 0.624705 -0.0884253
0.013251 0.619766 -0.0884253
0.0142956 0.609889 -0.0884253
0.00541651 0.693844 -0.083574
0.0064611 0.683967 -0.083574
0.0069834 0.679029 -0.083574
0.0075057 0.67409 -0.083574
0.008028 0.669152 -0.083574
0.00855029 0.664213 -0.083574
0.00907259 0.659275 -0.083574
0.0106395 0.644459 -0.102979
0.00959489 0.654336 -0.083574
0.0101172 0.649398 -0.083574
0.0106395 0.644459 -0.083574
0.0111618 0.639521 -0.083574
0.0116841 0.634582 -0.083574
0.0122064 0.629643 -0.083574
0.00593881 0.688906 -0.083574
0.0127287 0.624705 -0.083574
0.013251 0.619766 -0.083574
0.00489421 0.698783 -0.0787227
0.0064611 0.683967 -0.0787227
0.0075057 0.67409 -0.0787227
0.008028 0.669152 -0.0787227
0.00959489 0.654336 -0.0787227
0.0101172 0.649398 -0.0787227
0.0106395 0.644459 -0.0787227
0.0116841 0.634582 -0.0787227
0.013251 0.619766 -0.0787227
0.0142956 0.609889 -0.0787227
0.00489421 0.698783 -0.0738714
0.00541651 0.693844 -0.0932767
0.0069834 0.679029 -0.0738714
0.0075057 0.67409 -0.0738714
0.008028 0.669152 -0.0738714
0.00855029 0.664213 -0.0738714
0.0122064 0.629643 -0.0738714
0.00593881 0.688906 -0.0738714
0.0127287 0.624705 -0.0738714
0.013251 0.619766 -0.0738714
0.0142956 0.609889 -0.0738714
0.0075057 0.67409 -0.0690201
0.008028 0.669152 -0.0690201
0.00855029 0.664213 -0.0690201
0.00907259 0.659275 -0.0690201
0.00959489 0.654336 -0.0690201
0.0106395 0.644459 -0.0690201
0.0111618 0.639521 -0.0690201
0.0116841 0.634582 -0.0690201
0.0122064 0.629643 -0.0690201
0.00593881 0.688906 -0.0690201
0.0127287 0.624705 -0.0690201
0.013251 0.619766 -0.0690201
0.0142956 0.609889 -0.0690201
0.00489421 0.698783 -0.0641687
0.00593881 0.688906 -0.0641687
0.0064611 0.683967 -0.0641687
0.008028 0.669152 -0.0641687
0.0101172 0.649398 -0.0641687
0.0106395 0.644459 -0.0641687
0.0111618 0.639521 -0.0641687
0.0122064 0.629643 -0.0641687
0.0142956 0.609889 -0.0641687
0.0148179 0.604951 -0.112682
0.010009 0.604442 -0.112682
0.00520018 0.603934 -0.112682
-0.018844 0.601391 -0.112682
-0.0284617 0.600374 -0.112682
-0.0476971 0.598339 -0.112682
-0.0573147 0.597322 -0.112682
-0.0621236 0.596814 -0.112682
0.0148179 0.604951 -0.107831
-0.0284617 0.600374 -0.117533
-0.028984 0.605312 -0.117533
-0.0459138 0.673434 -0.117533
0.0064611 0.683967 -0.112682
-0.0674547 0.601243 -0.098128
-0.0305509 0.620128 -0.117533
0.0127287 0.624705 -0.117533
-0.0431942 0.693697 -0.117533
-0.0694357 0.665953 -0.0593174
0.00855029 0.664213 -0.0641687
-0.0373407 0.684329 -0.117533
-0.0383853 0.694206 -0.117533
-0.0353597 0.619619 -0.117533
-0.0364043 0.629496 -0.117533
-0.0390158 0.654189 -0.117533
-0.0405827 0.669004 -0.117533
-0.041105 0.673943 -0.117533
-0.046022 0.628479 -0.0593174
-0.0416273 0.678882 -0.117533
-0.0421496 0.68382 -0.117533
-0.0525059 0.597831 -0.112682
-0.0380794 0.599356 -0.117533
-0.0545951 0.617585 -0.0593174
-0.0690216 0.616059 -0.0690201
-0.0332705 0.599865 -0.117533
-0.0513531 0.632909 -0.117533
-0.0449774 0.618602 -0.0593174
0.00311099 0.623688 -0.117533
0.0106395 0.644459 -0.117533
-0.0621236 0.596814 -0.0641687
-0.0412132 0.628988 -0.117533
-0.0287677 0.695223 -0.117533
-0.0417355 0.633926 -0.117533
0.00907259 0.659275 -0.0787227
-0.0369266 0.634435 -0.117533
-0.0443469 0.658619 -0.117533
0.0142956 0.609889 -0.083574
-0.0428882 0.598848 -0.117533
-0.0449774 0.618602 -0.117533
-0.046022 0.628479 -0.117533
-0.012252 0.676994 -0.117533
0.0122064 0.629643 -0.0787227
0.010009 0.604442 -0.0884253
-0.0481112 0.648233 -0.117533
-0.0287677 0.695223 -0.102979
-0.0705885 0.630875 -0.117533
-0.0621236 0.596814 -0.0593174
0.00959489 0.654336 -0.0932767
-0.0507227 0.672926 -0.117533
-0.0235447 0.645838 -0.117533
-0.0674547 0.601243 -0.0738714
-0.051245 0.677864 -0.117533
-0.0508308 0.62797 -0.117533
-0.0518754 0.637848 -0.117533
-0.0544869 0.66254 -0.117533
-0.0550092 0.667479 -0.117533
-0.0565761 0.682294 -0.117533
-0.0570984 0.687233 -0.117533
-0.0690216 0.616059 -0.083574
-0.0400604 0.664066 -0.117533
-0.0364043 0.629496 -0.0593174
-0.0431942 0.693697 -0.0884253
-0.0535505 0.607708 -0.117533
-0.0383853 0.694206 -0.0738714
-0.056162 0.6324 -0.117533
-0.0582512 0.652155 -0.117533
-0.0476971 0.598339 -0.107831
0.008028 0.669152 -0.117533
-0.0502004 0.667987 -0.117533
-0.0592958 0.662032 -0.117533
-0.00222015 0.628118 -0.117533
-0.0273089 0.635452 -0.0593174
-0.0624295 0.691663 -0.117533
-0.0598181 0.66697 -0.0593174
-0.0621236 0.596814 -0.117533
-0.0583593 0.607199 -0.117533
-0.0604485 0.626953 -0.117533
-0.0368185 0.67939 -0.117533
-0.0284617 0.600374 -0.098128
-0.0609708 0.631892 -0.117533
-0.0476971 0.598339 -0.0593174
-0.00922634 0.602408 -0.083574
-0.06306 0.651646 -0.117533
-0.0295063 0.610251 -0.117533
0.0075057 0.67409 -0.098128
-0.0690216 0.616059 -0.102979
-0.0487417 0.608216 -0.117533
-0.00367887 0.687889 -0.0593174
0.00855029 0.664213 -0.0787227
-0.0651492 0.6714 -0.117533
-0.0716331 0.640752 -0.102979
-0.0428882 0.598848 -0.102979
-0.0661938 0.681277 -0.117533
-0.00315658 0.68295 -0.0593174
-0.0768561 0.690137 -0.0593174
0.0106395 0.644459 -0.0738714
-0.0642128 0.616568 -0.117533
-0.0647351 0.621506 -0.117533
-0.0652574 0.626445 -0.117533
0.0148179 0.604951 -0.102979
-0.0683911 0.656076 -0.117533
-0.0300286 0.615189 -0.117533
-0.0721554 0.64569 -0.102979
0.0148179 0.604951 -0.0932767
-0.069958 0.670891 -0.117533
-0.0726777 0.650629 -0.0641687
-0.0710026 0.680769 -0.117533
-0.0732 0.655567 -0.107831
0.000391338 0.603425 -0.117533
-0.0758115 0.68026 -0.098128
-0.0752892 0.675321 -0.098128
-0.0720472 0.690646 -0.117533
-0.0669324 0.596305 -0.117533
-0.0674547 0.601243 -0.117533
-0.0726777 0.650629 -0.117533
-0.0763338 0.685198 -0.117533
-0.0689134 0.661014 -0.117533
0.00060767 0.693336 -0.117533
-0.0700662 0.625936 -0.0884253
-0.0619072 0.686724 -0.117533
0.00489421 0.698783 -0.083574
-0.0474807 0.68825 -0.117533
-0.0768561 0.690137 -0.117533
-0.0443469 0.658619 -0.0593174
0.008028 0.669152 -0.102979
0.0111618 0.639521 -0.0738714
-0.0636905 0.611629 -0.117533
-0.0690216 0.616059 -0.0641687
-0.0732 0.655567 -0.098128
-0.01915 0.69624 -0.0738714
-0.0380794 0.599356 -0.098128
-0.00755128 0.632548 -0.117533
0.00593881 0.688906 -0.107831
0.0127287 0.624705 -0.0593174
0.0116841 0.634582 -0.0593174
-0.020825 0.6661 -0.117533
-0.0523977 0.642786 -0.117533
0.0101172 0.649398 -0.0593174
-0.0143411 0.696749 -0.0787227
-0.0700662 0.625936 -0.112682
0.00593881 0.688906 -0.0593174
0.00541651 0.693844 -0.0593174
-0.0705885 0.630875 -0.0932767
0.008028 0.669152 -0.098128
-0.0621236 0.596814 -0.083574
0.010009 0.604442 -0.0593174
-0.0287677 0.695223 -0.112682
-0.0453915 0.668496 -0.117533
-0.00796541 0.682442 -0.0593174
-0.0573147 0.597322 -0.0884253
0.00791983 0.624196 -0.0593174
0.00520018 0.603934 -0.0884253
0.0137733 0.614828 -0.0738714
0.00739753 0.629135 -0.0593174
0.00374145 0.663705 -0.0593174
-0.0186277 0.691301 -0.117533
-0.00922634 0.602408 -0.107831
0.00165226 0.683459 -0.0593174
-0.0528119 0.69268 -0.083574
-0.0742446 0.665444 -0.117533
-0.066302 0.636322 -0.0593174
-0.0434105 0.603786 -0.117533
-0.0556397 0.627462 -0.117533
8.53731e-05 0.698274 -0.0593174
-0.0229142 0.685854 -0.117533
0.00520018 0.603934 -0.0593174
-0.0101628 0.65724 -0.0593174
0.00415558 0.613811 -0.0593174
-0.0469584 0.683311 -0.0593174
0.00363329 0.618749 -0.0593174
0.0116841 0.634582 -0.0932767
0.00311099 0.623688 -0.0593174
-0.0721554 0.64569 -0.0932767
0.0020664 0.633565 -0.0593174
0.0015441 0.638503 -0.0593174
-0.00315658 0.68295 -0.117533
-0.0726777 0.650629 -0.0884253
-0.0326401 0.639882 -0.117533
-0.0343151 0.609742 -0.117533
-2.27929e-05 0.653319 -0.0593174
-0.0396463 0.614172 -0.117533
0.0137733 0.614828 -0.0593174
-0.0428882 0.598848 -0.0641687
0.0122064 0.629643 -0.102979
-0.00211198 0.673073 -0.0593174
-0.00420117 0.692827 -0.0593174
-0.00472347 0.697766 -0.0593174
-0.0261562 0.67053 -0.117533
0.000391338 0.603425 -0.0593174
0.00426375 0.658766 -0.0593174
-0.0545951 0.617585 -0.117533
-0.000130959 0.608364 -0.0593174
-0.000653256 0.613302 -0.0593174
-0.0690216 0.616059 -0.098128
-0.00430934 0.647872 -0.0593174
0.013251 0.619766 -0.102979
-0.0439328 0.608725 -0.117533
-0.00483163 0.65281 -0.0593174
-0.0534423 0.652663 -0.117533
-0.0336847 0.649759 -0.117533
-0.00639852 0.667626 -0.0593174
-0.0347293 0.659636 -0.117533
-0.0380794 0.599356 -0.0593174
-0.0112074 0.667117 -0.117533
-0.0383853 0.694206 -0.083574
-0.00692082 0.672565 -0.0593174
-0.00848771 0.68738 -0.0593174
-0.00953231 0.697257 -0.0593174
-0.0044175 0.602917 -0.0593174
-0.0213473 0.671039 -0.117533
-0.0049398 0.607855 -0.0593174
-0.0054621 0.612794 -0.0593174
-0.0486335 0.653172 -0.117533
-0.00106739 0.663196 -0.0593174
-0.00472347 0.697766 -0.098128
-0.0140352 0.601899 -0.0884253
-0.0669324 0.596305 -0.083574
-0.0395381 0.659127 -0.117533
-0.0588816 0.612138 -0.117533
-0.0284617 0.600374 -0.102979
-0.0624295 0.691663 -0.0884253
-0.00702899 0.627609 -0.0593174
-0.00755128 0.632548 -0.0593174
-0.0732 0.655567 -0.0593174
-0.00807358 0.637486 -0.0593174
-0.0560538 0.677356 -0.0593174
-0.0426719 0.688759 -0.117533
-0.0621236 0.596814 -0.0884253
-0.00859588 0.642425 -0.0593174
-0.0732 0.655567 -0.0787227
-0.00964047 0.652302 -0.0593174
-0.0491558 0.65811 -0.117533
0.00489421 0.698783 -0.0593174
-0.0428882 0.598848 -0.112682
-0.0695439 0.620998 -0.117533
-0.0117297 0.672056 -0.0593174
-0.0127743 0.681933 -0.0593174
-0.0560538 0.677356 -0.117533
0.00374145 0.663705 -0.117533
-0.0669324 0.596305 -0.0884253
-0.0752892 0.675321 -0.117533
-0.0695439 0.620998 -0.0884253
-0.0138188 0.69181 -0.0593174
-0.0218696 0.675977 -0.0593174
-0.00922634 0.602408 -0.0593174
0.00321916 0.668643 -0.117533
-0.018844 0.601391 -0.0787227
0.000391338 0.603425 -0.0787227
-0.0225001 0.63596 -0.117533
-0.039124 0.609233 -0.117533
-0.0236529 0.600882 -0.112682
-0.0700662 0.625936 -0.098128
-0.0464361 0.678373 -0.0593174
-0.0337928 0.604804 -0.117533
-0.0476971 0.598339 -0.0884253
-0.0379712 0.644312 -0.117533
-0.0134047 0.641916 -0.0593174
-0.0577289 0.647216 -0.0593174
-0.0357739 0.669513 -0.117533
-0.0439328 0.608725 -0.0593174
-0.0737223 0.660506 -0.098128
-0.0684993 0.611121 -0.117533
-0.056162 0.6324 -0.0593174
0.00541651 0.693844 -0.107831
-0.0742446 0.665444 -0.098128
0.000499504 0.64838 -0.0593174
-0.0758115 0.68026 -0.083574
0.0116841 0.634582 -0.0641687
-0.0113155 0.622162 -0.0593174
-0.00158968 0.668135 -0.0593174
-0.0572066 0.642277 -0.0593174
-0.0576207 0.692171 -0.0738714
-0.0118378 0.627101 -0.0593174
0.00855029 0.664213 -0.117533
-0.0491558 0.65811 -0.0593174
-0.0284617 0.600374 -0.0593174
-0.0481112 0.648233 -0.0593174
-0.000130959 0.608364 -0.117533
-0.0528119 0.69268 -0.0593174
-0.0474807 0.68825 -0.0593174
-0.00922634 0.602408 -0.0641687
-0.0576207 0.692171 -0.0593174
-0.0154939 0.66167 -0.0593174
0.0137733 0.614828 -0.102979
-0.0737223 0.660506 -0.0884253
-0.0384935 0.64925 -0.0593174
-0.00158968 0.668135 -0.117533
-0.0690216 0.616059 -0.0932767
-0.049264 0.613155 -0.0593174
-0.0106851 0.662179 -0.117533
-0.0395381 0.659127 -0.0593174
0.00541651 0.693844 -0.0787227
0.00467788 0.608872 -0.0593174
0.00959489 0.654336 -0.107831
-0.034207 0.654697 -0.0593174
-0.0284617 0.600374 -0.083574
-0.0431942 0.693697 -0.098128
-0.0305509 0.620128 -0.0593174
-0.0598181 0.66697 -0.117533
-0.0459138 0.673434 -0.0593174
-0.0508308 0.62797 -0.0593174
-0.0143411 0.696749 -0.0738714
-0.0128824 0.636978 -0.0593174
-0.0716331 0.640752 -0.112682
-0.066302 0.636322 -0.117533
0.00520018 0.603934 -0.0641687
0.013251 0.619766 -0.098128
-0.05292 0.647725 -0.0593174
-0.0049398 0.607855 -0.117533
-0.0624295 0.691663 -0.102979
-0.0434105 0.603786 -0.0593174
-0.0737223 0.660506 -0.102979
0.00520018 0.603934 -0.0787227
-0.0539646 0.657602 -0.0593174
-0.0576207 0.692171 -0.098128
-0.0626459 0.601752 -0.117533
-0.024067 0.650776 -0.0593174
-0.0555315 0.672417 -0.0593174
-0.0673466 0.646199 -0.117533
-0.0530282 0.602769 -0.117533
-0.0273089 0.635452 -0.117533
-0.0565761 0.682294 -0.0593174
-0.048003 0.693189 -0.0690201
-0.0496781 0.663049 -0.117533
0.00520018 0.603934 -0.117533
0.00541651 0.693844 -0.117533
-0.0726777 0.650629 -0.0593174
-0.0386017 0.604295 -0.117533
-0.0438246 0.65368 -0.117533
-0.0426719 0.688759 -0.0593174
-0.00639852 0.667626 -0.117533
0.00593881 0.688906 -0.117533
-0.0384935 0.64925 -0.117533
-0.0332705 0.599865 -0.107831
-0.0570984 0.687233 -0.0593174
-0.0732 0.655567 -0.0641687
-0.0614931 0.63683 -0.0593174
-0.0401686 0.619111 -0.117533
0.013251 0.619766 -0.0593174
-0.0540728 0.612646 -0.0593174
-0.0534423 0.652663 -0.0593174
-0.0613849 0.681786 -0.117533
-0.0674547 0.601243 -0.0690201
-0.0566843 0.637339 -0.0593174
-0.0763338 0.685198 -0.098128
-0.0284617 0.600374 -0.0690201
-0.0646269 0.666462 -0.117533
-0.0603404 0.671909 -0.0593174
-0.0608627 0.676847 -0.0593174
-0.0721554 0.64569 -0.117533
-0.0300286 0.615189 -0.0593174
-0.0252198 0.615698 -0.0593174
0.0122064 0.629643 -0.117533
-0.0716331 0.640752 -0.117533
-0.0277231 0.685346 -0.117533
-0.0573147 0.597322 -0.0593174
-0.0433023 0.648742 -0.0593174
-0.0239588 0.695731 -0.0690201
-0.0678688 0.651137 -0.0593174
-0.0374489 0.639373 -0.117533
-0.0522896 0.687741 -0.0593174
0.013251 0.619766 -0.117533
-0.0689134 0.661014 -0.0593174
0.0064611 0.683967 -0.0738714
-0.0674547 0.601243 -0.0593174
-0.0192582 0.651285 -0.117533
-0.0476971 0.598339 -0.0738714
-0.00922634 0.602408 -0.0738714
0.00541651 0.693844 -0.098128
0.0069834 0.679029 -0.0787227
-0.0742446 0.665444 -0.0593174
-0.0379712 0.644312 -0.0593174
-0.057837 0.602261 -0.0593174
-0.00117555 0.618241 -0.0593174
-0.0236529 0.600882 -0.083574
-0.0321178 0.634943 -0.0593174
-0.0704803 0.67583 -0.0593174
-0.0241752 0.605821 -0.117533
-0.0747669 0.670383 -0.102979
-0.0239588 0.695731 -0.083574
-0.01915 0.69624 -0.0787227
-0.0044175 0.602917 -0.117533
-0.0551174 0.622523 -0.0593174
-0.0641046 0.661523 -0.0593174
-0.0236529 0.600882 -0.0884253
0.00896442 0.614319 -0.0593174
-0.0496781 0.663049 -0.0593174
-0.0683911 0.656076 -0.0593174
-0.0613849 0.681786 -0.0593174
-0.06306 0.651646 -0.0593174
-0.00953231 0.697257 -0.0641687
-0.0503085 0.623032 -0.0593174
-0.0295063 0.610251 -0.0593174
-0.0236529 0.600882 -0.0738714
-0.00378704 0.642933 -0.0593174
-0.0705885 0.630875 -0.0593174
-0.0315955 0.630005 -0.117533
-0.0710026 0.680769 -0.0593174
-0.0577289 0.647216 -0.117533
-0.0287677 0.695223 -0.0593174
-0.00420117 0.692827 -0.117533
-0.0758115 0.68026 -0.0738714
0.00907259 0.659275 -0.0593174
-0.0752892 0.675321 -0.0593174
-0.00848771 0.68738 -0.117533
-0.0667161 0.686216 -0.0593174
-0.0668242 0.64126 -0.0593174
-0.0428882 0.598848 -0.0738714
-0.069958 0.670891 -0.0593174
0.0015441 0.638503 -0.117533
-0.0044175 0.602917 -0.098128
-0.0747669 0.670383 -0.0593174
-0.0576207 0.692171 -0.117533
-0.0386017 0.604295 -0.0593174
-0.0475889 0.643295 -0.0593174
-0.0299204 0.660145 -0.117533
0.0064611 0.683967 -0.107831
-0.0646269 0.666462 -0.0593174
-0.0672384 0.691154 -0.0738714
-0.0427801 0.643803 -0.117533
0.00258869 0.628626 -0.117533
-0.0624295 0.691663 -0.107831
-0.0715249 0.685707 -0.0593174
-0.0517673 0.682803 -0.0593174
-0.0123601 0.632039 -0.0593174
-0.0700662 0.625936 -0.0593174
-0.00326474 0.637995 -0.0593174
-0.0267866 0.630513 -0.0593174
-0.0165385 0.671547 -0.0593174
-0.0444551 0.613663 -0.0593174
-0.0594039 0.617076 -0.0593174
0.0137733 0.614828 -0.0884253
-0.0523977 0.642786 -0.0593174
-0.020825 0.6661 -0.0593174
-0.00587623 0.662687 -0.0593174
-0.0106851 0.662179 -0.0593174
-0.0555315 0.672417 -0.117533
0.008028 0.669152 -0.107831
0.0111618 0.639521 -0.0787227
-0.0107932 0.617224 -0.117533
-0.0603404 0.671909 -0.117533
0.00258869 0.628626 -0.0593174
-0.0737223 0.660506 -0.0593174
-0.0528119 0.69268 -0.0884253
0.00541651 0.693844 -0.0884253
-0.0625377 0.646707 -0.0593174
-0.0236529 0.600882 -0.0593174
0.0111618 0.639521 -0.117533
-0.0540728 0.612646 -0.117533
0.00321916 0.668643 -0.0593174
-0.00807358 0.637486 -0.117533
-0.0657797 0.631383 -0.117533
-0.0314873 0.67496 -0.0593174
-0.0684993 0.611121 -0.083574
-0.0321178 0.634943 -0.117533
-0.0507227 0.672926 -0.0593174
-0.048003 0.693189 -0.117533
-0.0380794 0.599356 -0.0641687
-0.0332705 0.599865 -0.0593174
0.00217456 0.67852 -0.0593174
-0.00274244 0.633056 -0.0593174
-0.00222015 0.628118 -0.0593174
-0.0209332 0.621145 -0.0593174
-0.0758115 0.68026 -0.0884253
0.0101172 0.649398 -0.0690201
-0.018844 0.601391 -0.0932767
0.00855029 0.664213 -0.0593174
-0.0752892 0.675321 -0.0641687
-0.0332705 0.599865 -0.0787227
-0.0720472 0.690646 -0.0593174
-0.037863 0.689267 -0.117533
-0.0464361 0.678373 -0.117533
-0.0544869 0.66254 -0.0593174
-0.048003 0.693189 -0.083574
-0.0647351 0.621506 -0.0593174
-0.0335765 0.694714 -0.0593174
-0.0624295 0.691663 -0.0593174
-0.0528119 0.69268 -0.0787227
-0.0625377 0.646707 -0.117533
0.0148179 0.604951 -0.0787227
-0.0673466 0.646199 -0.0593174
-0.0482194 0.603278 -0.0593174
-0.0287677 0.695223 -0.0690201
-0.0705885 0.630875 -0.102979
0.013251 0.619766 -0.0641687
-0.0401686 0.619111 -0.0593174
-0.0251116 0.660653 -0.117533
-0.048003 0.693189 -0.112682
-0.0278312 0.64039 -0.0593174
0.0064611 0.683967 -0.0690201
-0.0299204 0.660145 -0.0593174
0.000391338 0.603425 -0.0932767
-0.0476971 0.598339 -0.098128
-0.0465443 0.633418 -0.0593174
-0.0695439 0.620998 -0.0641687
-0.0672384 0.691154 -0.0690201
-0.0503085 0.623032 -0.117533
-0.0572066 0.642277 -0.117533
-0.0657797 0.631383 -0.0593174
-0.018844 0.601391 -0.102979
-0.00117555 0.618241 -0.117533
-0.048003 0.693189 -0.0593174
0.0064611 0.683967 -0.0593174
-0.0690216 0.616059 -0.0593174
-0.00796541 0.682442 -0.117533
-0.0608627 0.676847 -0.117533
-0.0668242 0.64126 -0.117533
-0.0304427 0.665083 -0.117533
0.00478605 0.653828 -0.0593174
-0.0690216 0.616059 -0.117533
-0.0380794 0.599356 -0.0690201
-0.0711108 0.635813 -0.0593174
-0.0551174 0.622523 -0.117533
-0.0476971 0.598339 -0.102979
0.00959489 0.654336 -0.0738714
-0.0631682 0.606691 -0.0593174
-0.0599262 0.622015 -0.117533
-0.00964047 0.652302 -0.117533
0.010009 0.604442 -0.117533
0.0122064 0.629643 -0.0593174
-0.0604485 0.626953 -0.0593174
-0.00744312 0.677503 -0.0593174
-0.0513531 0.632909 -0.0593174
-0.0573147 0.597322 -0.117533
-0.00598439 0.617732 -0.0593174
-0.0332705 0.599865 -0.102979
-0.0348374 0.614681 -0.117533
-0.0266785 0.675469 -0.0593174
-0.0530282 0.602769 -0.0593174
-0.0582512 0.652155 -0.0593174
-0.0674547 0.601243 -0.0641687
-0.0476971 0.598339 -0.0690201
0.00593881 0.688906 -0.112682
0.0127287 0.624705 -0.0641687
-0.0583593 0.607199 -0.0593174
-0.0587735 0.657093 -0.117533
-0.0651492 0.6714 -0.0593174
-0.0362962 0.674452 -0.117533
-0.0161244 0.621653 -0.0593174
0.00583064 0.643951 -0.0593174
-0.0635823 0.656585 -0.0593174
-0.0287677 0.695223 -0.0738714
-0.0453915 0.668496 -0.0593174
-0.0705885 0.630875 -0.0641687
-0.0476971 0.598339 -0.0641687
-0.0288758 0.650267 -0.0593174
-0.0652574 0.626445 -0.0593174
-0.0330542 0.689776 -0.117533
-0.00054509 0.658258 -0.117533
-0.0550092 0.667479 -0.0593174
-0.0470666 0.638356 -0.117533
-0.0332705 0.599865 -0.0641687
-0.0535505 0.607708 -0.0593174
-0.00953231 0.697257 -0.083574
-0.0427801 0.643803 -0.0593174
0.00593881 0.688906 -0.0787227
0.0127287 0.624705 -0.0787227
-0.0661938 0.681277 -0.0593174
-0.0417355 0.633926 -0.0593174
-0.0747669 0.670383 -0.117533
-0.0620154 0.641769 -0.117533
-0.0140352 0.601899 -0.0593174
0.0064611 0.683967 -0.117533
-0.00472347 0.697766 -0.0738714
-0.0140352 0.601899 -0.107831
-0.067977 0.606182 -0.102979
-0.0223919 0.680916 -0.0593174
-0.0487417 0.608216 -0.0593174
-0.0726777 0.650629 -0.102979
-0.0431942 0.693697 -0.0593174
-0.0203027 0.661162 -0.0593174
-0.0412132 0.628988 -0.0593174
-0.0721554 0.64569 -0.0593174
-0.0335765 0.694714 -0.102979
0.00907259 0.659275 -0.0932767
-0.0369266 0.634435 -0.0593174
0.0010218 0.643442 -0.0593174
-0.0229142 0.685854 -0.0593174
-0.0331624 0.64482 -0.0593174
-0.0528119 0.69268 -0.098128
-0.0742446 0.665444 -0.107831
-0.0132966 0.686872 -0.0593174
-0.013927 0.646855 -0.0593174
0.0137733 0.614828 -0.0641687
-0.0396463 0.614172 -0.0593174
-0.0465443 0.633418 -0.117533
-0.0695439 0.620998 -0.0593174
-0.039124 0.609233 -0.0593174
-0.0522896 0.687741 -0.117533
-0.0752892 0.675321 -0.0690201
-0.00169785 0.623179 -0.0593174
-0.0672384 0.691154 -0.117533
-0.0252198 0.615698 -0.117533
-0.0335765 0.694714 -0.0690201
-0.0758115 0.68026 -0.0787227
-0.0704803 0.67583 -0.117533
0.000391338 0.603425 -0.0738714
0.0101172 0.649398 -0.0738714
-0.0626459 0.601752 -0.0593174
-0.018844 0.601391 -0.083574
-0.0230224 0.640899 -0.0593174
-0.0726777 0.650629 -0.0690201
-0.0656715 0.676339 -0.0593174
-0.0684993 0.611121 -0.098128
-0.0357739 0.669513 -0.0593174
-0.0390158 0.654189 -0.0593174
-0.0406909 0.624049 -0.117533
-0.025742 0.620636 -0.0593174
-0.0421496 0.68382 -0.0593174
-0.0140352 0.601899 -0.0738714
-0.0277231 0.685346 -0.0593174
-0.0684993 0.611121 -0.0787227
-0.0747669 0.670383 -0.112682
-0.0416273 0.678882 -0.0593174
-0.0170608 0.676486 -0.0593174
-0.0448692 0.663557 -0.117533
-0.041105 0.673943 -0.0593174
-0.0711108 0.635813 -0.117533
-0.0405827 0.669004 -0.0593174
-0.0235447 0.645838 -0.0593174
-0.0763338 0.685198 -0.0593174
-0.0128824 0.636978 -0.117533
-0.0700662 0.625936 -0.0787227
-0.0428882 0.598848 -0.0593174
-0.0383853 0.694206 -0.0641687
-0.0400604 0.664066 -0.0593174
-0.0374489 0.639373 -0.0593174
-0.0182136 0.641408 -0.117533
-0.0566843 0.637339 -0.117533
-0.0517673 0.682803 -0.117533
-0.0332705 0.599865 -0.0690201
-0.0304427 0.665083 -0.0593174
0.00844213 0.619258 -0.0593174
-0.035882 0.624558 -0.0593174
-0.030965 0.670022 -0.0593174
-0.051245 0.677864 -0.0593174
-0.0348374 0.614681 -0.0593174
-0.0726777 0.650629 -0.0932767
-0.067977 0.606182 -0.0593174
-0.0422578 0.638865 -0.0593174
-0.0343151 0.609742 -0.0593174
-0.0621236 0.596814 -0.0690201
-0.0684993 0.611121 -0.102979
-0.0406909 0.624049 -0.0593174
-0.0246975 0.610759 -0.117533
-0.0383853 0.694206 -0.0593174
-0.0716331 0.640752 -0.0932767
0.0142956 0.609889 -0.107831
-0.0619072 0.686724 -0.0593174
-0.0428882 0.598848 -0.0932767
-0.0102709 0.612285 -0.0593174
-0.0272008 0.680407 -0.0593174
-0.018844 0.601391 -0.107831
-0.0373407 0.684329 -0.0593174
0.010009 0.604442 -0.107831
-0.0684993 0.611121 -0.0593174
-0.0470666 0.638356 -0.0593174
-0.0609708 0.631892 -0.0593174
0.000391338 0.603425 -0.112682
-0.0476971 0.598339 -0.117533
-0.0732 0.655567 -0.102979
-0.0368185 0.67939 -0.0593174
0.0075057 0.67409 -0.0641687
-0.0669324 0.596305 -0.0593174
-0.049264 0.613155 -0.117533
-0.0716331 0.640752 -0.083574
-0.0362962 0.674452 -0.0593174
-0.0272008 0.680407 -0.117533
-0.0241752 0.605821 -0.0593174
-0.0166467 0.626592 -0.0593174
-0.0352516 0.664575 -0.0593174
-0.0669324 0.596305 -0.0738714
-0.0482194 0.603278 -0.117533
-0.0705885 0.630875 -0.112682
0.00907259 0.659275 -0.0738714
-0.0347293 0.659636 -0.0593174
-0.0310732 0.625066 -0.0593174
-0.0690216 0.616059 -0.0738714
-0.0528119 0.69268 -0.0641687
0.00541651 0.693844 -0.0641687
0.0148179 0.604951 -0.0641687
-0.0695439 0.620998 -0.107831
-0.0330542 0.689776 -0.0593174
-0.0763338 0.685198 -0.0787227
-0.0631682 0.606691 -0.117533
-0.0113155 0.622162 -0.117533
-0.057837 0.602261 -0.117533
-0.0325319 0.684837 -0.0593174
-0.0138188 0.69181 -0.117533
0.00489421 0.698783 -0.107831
-0.0768561 0.690137 -0.0932767
0.0111618 0.639521 -0.0593174
-0.0320096 0.679899 -0.0593174
-0.0672384 0.691154 -0.0593174
0.000391338 0.603425 -0.0641687
0.0101172 0.649398 -0.112682
-0.018844 0.601391 -0.0884253
-0.0497862 0.618093 -0.0593174
-0.0283535 0.645329 -0.0593174
-0.0335765 0.694714 -0.0738714
-0.0758115 0.68026 -0.0932767
0.000391338 0.603425 -0.098128
0.00907259 0.659275 -0.112682
-0.0758115 0.68026 -0.117533
-0.00263428 0.678012 -0.0593174
-0.0187359 0.646346 -0.0593174
-0.0239588 0.695731 -0.0932767
-0.01915 0.69624 -0.0641687
-0.0525059 0.597831 -0.107831
-0.00535393 0.657749 -0.0593174
-0.0209332 0.621145 -0.117533
-0.0732 0.655567 -0.0690201
-0.0262643 0.625575 -0.0593174
-0.0720472 0.690646 -0.102979
-0.0752892 0.675321 -0.107831
-0.0143411 0.696749 -0.107831
-0.0700662 0.625936 -0.117533
-0.0186277 0.691301 -0.0593174
-0.0518754 0.637848 -0.0593174
-0.048003 0.693189 -0.0932767
-0.0261562 0.67053 -0.0593174
-0.0192582 0.651285 -0.0593174
-0.0144493 0.651793 -0.0593174
-0.0539646 0.657602 -0.117533
-0.0256339 0.665592 -0.0593174
-0.0642128 0.616568 -0.0593174
-0.0684993 0.611121 -0.0690201
-0.0335765 0.694714 -0.117533
-0.0336847 0.649759 -0.0593174
-0.0246975 0.610759 -0.0593174
-0.0225001 0.63596 -0.0593174
-0.0150798 0.611776 -0.117533
0.0106395 0.644459 -0.112682
-0.0251116 0.660653 -0.0593174
-0.0711108 0.635813 -0.0690201
-0.067977 0.606182 -0.0738714
-0.0588816 0.612138 -0.0593174
-0.0245893 0.655715 -0.0593174
0.00855029 0.664213 -0.098128
-0.0219778 0.631022 -0.0593174
-0.0214555 0.626083 -0.0593174
-0.00702899 0.627609 -0.117533
0.00489421 0.698783 -0.0690201
-0.0175831 0.681424 -0.0593174
-0.0150798 0.611776 -0.0593174
-0.0193663 0.606329 -0.0593174
-0.0641046 0.661523 -0.117533
-0.018844 0.601391 -0.0593174
-0.0284617 0.600374 -0.0884253
-0.0454997 0.623541 -0.117533
-0.0239588 0.695731 -0.0593174
-0.0332705 0.599865 -0.0932767
-0.0335765 0.694714 -0.112682
-0.0758115 0.68026 -0.0593174
-0.0592958 0.662032 -0.0593174
0.008028 0.669152 -0.0593174
-0.0502004 0.667987 -0.0593174
0.0069834 0.679029 -0.0884253
-0.0213473 0.671039 -0.0593174
-0.017169 0.631531 -0.0593174
-0.0705885 0.630875 -0.107831
-0.028984 0.605312 -0.0593174
-0.0145575 0.606838 -0.0593174
0.00520018 0.603934 -0.083574
-0.0380794 0.599356 -0.112682
-0.01915 0.69624 -0.0593174
-0.00483163 0.65281 -0.117533
-0.0469584 0.683311 -0.117533
-0.0528119 0.69268 -0.0738714
0.0148179 0.604951 -0.0593174
-0.0160162 0.666609 -0.0593174
-0.0383853 0.694206 -0.098128
-0.0149716 0.656732 -0.0593174
-0.0747669 0.670383 -0.0932767
-0.0320096 0.679899 -0.117533
-0.0314873 0.67496 -0.117533
-0.0476971 0.598339 -0.0787227
-0.030965 0.670022 -0.117533
-0.0288758 0.650267 -0.117533
0.0148179 0.604951 -0.098128
-0.0497862 0.618093 -0.117533
-0.0353597 0.619619 -0.0593174
-0.0283535 0.645329 -0.117533
-0.0101628 0.65724 -0.117533
0.00520018 0.603934 -0.102979
-0.0752892 0.675321 -0.0738714
-0.0267866 0.630513 -0.117533
-0.00922634 0.602408 -0.112682
-0.0262643 0.625575 -0.117533
-0.025742 0.620636 -0.117533
0.00269686 0.673582 -0.117533
-0.0236529 0.600882 -0.117533
-0.0695439 0.620998 -0.0932767
-0.0556397 0.627462 -0.0593174
-0.0752892 0.675321 -0.112682
-0.012252 0.676994 -0.0593174
-0.0266785 0.675469 -0.117533
0.0148179 0.604951 -0.117533
-0.0256339 0.665592 -0.117533
-0.0716331 0.640752 -0.107831
-0.0245893 0.655715 -0.117533
-0.01915 0.69624 -0.0884253
-0.0239588 0.695731 -0.117533
-0.0525059 0.597831 -0.083574
-0.0576207 0.692171 -0.102979
-0.0656715 0.676339 -0.117533
-0.024067 0.650776 -0.117533
-0.0230224 0.640899 -0.117533
-0.0219778 0.631022 -0.117533
8.53731e-05 0.698274 -0.0932767
-0.0214555 0.626083 -0.117533
-0.0143411 0.696749 -0.083574
0.00467788 0.608872 -0.117533
-0.0204109 0.616206 -0.117533
-0.0198886 0.611268 -0.117533
-0.0193663 0.606329 -0.117533
0.0116841 0.634582 -0.098128
0.0101172 0.649398 -0.0932767
-0.0486335 0.653172 -0.0593174
-0.018844 0.601391 -0.117533
0.0069834 0.679029 -0.117533
-0.0758115 0.68026 -0.0641687
-0.0234365 0.690793 -0.117533
-0.0044175 0.602917 -0.0641687
-0.0223919 0.680916 -0.117533
-0.0218696 0.675977 -0.117533
0.00489421 0.698783 -0.102979
-0.0768561 0.690137 -0.098128
-0.0287677 0.695223 -0.0787227
-0.0197804 0.656223 -0.117533
-0.0187359 0.646346 -0.117533
-0.017169 0.631531 -0.117533
0.010009 0.604442 -0.0738714
-0.0166467 0.626592 -0.117533
-0.0161244 0.621653 -0.117533
-0.0156021 0.616715 -0.117533
-0.0145575 0.606838 -0.117533
-0.01915 0.69624 -0.117533
-0.0175831 0.681424 -0.117533
-0.0170608 0.676486 -0.117533
-0.0165385 0.671547 -0.117533
-0.0528119 0.69268 -0.117533
-0.0160162 0.666609 -0.117533
-0.0154939 0.66167 -0.117533
-0.0149716 0.656732 -0.117533
-0.0144493 0.651793 -0.117533
0.00948672 0.609381 -0.117533
-0.0134047 0.641916 -0.117533
-0.0118378 0.627101 -0.117533
-0.0732 0.655567 -0.083574
-0.00922634 0.602408 -0.0690201
-0.0102709 0.612285 -0.117533
-0.00922634 0.602408 -0.117533
-0.0674547 0.601243 -0.112682
-0.0614931 0.63683 -0.117533
-0.0143411 0.696749 -0.117533
-0.067977 0.606182 -0.117533
-0.00054509 0.658258 -0.0593174
-0.0132966 0.686872 -0.117533
-0.0127743 0.681933 -0.117533
-0.0636905 0.611629 -0.0593174
-0.0763338 0.685198 -0.102979
-0.0732 0.655567 -0.117533
0.000391338 0.603425 -0.083574
-0.0293981 0.655206 -0.117533
-0.00859588 0.642425 -0.117533
-0.0669324 0.596305 -0.0932767
-0.0695439 0.620998 -0.0690201
-0.00650669 0.622671 -0.117533
0.0142956 0.609889 -0.0593174
-0.0054621 0.612794 -0.117533
0.0075057 0.67409 -0.107831
-0.0690216 0.616059 -0.0884253
-0.0182136 0.641408 -0.0593174
-0.00953231 0.697257 -0.117533
-0.0428882 0.598848 -0.0690201
-0.00744312 0.677503 -0.117533
-0.00692082 0.672565 -0.117533
-0.048003 0.693189 -0.0787227
-0.0278312 0.64039 -0.117533
-0.00587623 0.662687 -0.117533
0.0075057 0.67409 -0.117533
-0.0156021 0.616715 -0.0593174
-0.0690216 0.616059 -0.107831
-0.0624295 0.691663 -0.0787227
-0.00430934 0.647872 -0.117533
-0.00378704 0.642933 -0.117533
-0.00326474 0.637995 -0.117533
-0.0431942 0.693697 -0.0690201
-0.0694357 0.665953 -0.117533
-0.00274244 0.633056 -0.117533
-0.0742446 0.665444 -0.083574
-0.000653256 0.613302 -0.117533
-0.00472347 0.697766 -0.117533
-0.0282454 0.690284 -0.117533
0.000391338 0.603425 -0.0690201
-0.00367887 0.687889 -0.117533
-0.0711108 0.635813 -0.0641687
-0.00263428 0.678012 -0.117533
-0.00211198 0.673073 -0.117533
-0.0422578 0.638865 -0.117533
-0.00106739 0.663196 -0.117533
-0.0454997 0.623541 -0.0593174
-0.0380794 0.599356 -0.083574
-0.0044175 0.602917 -0.102979
-0.0635823 0.656585 -0.117533
-2.27929e-05 0.653319 -0.117533
-0.0337928 0.604804 -0.0593174
-0.0721554 0.64569 -0.0884253
0.000499504 0.64838 -0.117533
-0.0239588 0.695731 -0.098128
-0.0380794 0.599356 -0.107831
0.00415558 0.613811 -0.117533
0.0010218 0.643442 -0.117533
-0.0433023 0.648742 -0.117533
0.0020664 0.633565 -0.117533
8.53731e-05 0.698274 -0.117533
0.00112997 0.688397 -0.117533
0.00791983 0.624196 -0.117533
-0.0331624 0.64482 -0.117533
-0.0332705 0.599865 -0.0738714
-0.0573147 0.597322 -0.0641687
-0.0112074 0.667117 -0.0593174
0.00165226 0.683459 -0.117533
0.00217456 0.67852 -0.117533
0.00635294 0.639012 -0.0593174
0.00426375 0.658766 -0.117533
0.00530834 0.648889 -0.117533
0.00583064 0.643951 -0.117533
0.00635294 0.639012 -0.117533
0.00541651 0.693844 -0.0690201
0.00687524 0.634073 -0.117533
-0.0123601 0.632039 -0.117533
-0.00911818 0.647363 -0.117533
-0.0721554 0.64569 -0.0690201
0.0137733 0.614828 -0.112682
0.00739753 0.629135 -0.117533
-0.00974864 0.607346 -0.117533
0.00844213 0.619258 -0.117533
0.00907259 0.659275 -0.117533
0.0116841 0.634582 -0.0738714
0.00959489 0.654336 -0.117533
0.0101172 0.649398 -0.117533
0.0137733 0.614828 -0.117533
-0.0763338 0.685198 -0.0641687
-0.0143411 0.696749 -0.0593174
-0.0700662 0.625936 -0.0690201
-0.0747669 0.670383 -0.0641687
-0.0742446 0.665444 -0.0641687
0.0137733 0.614828 -0.0787227
-0.0737223 0.660506 -0.0641687
-0.0721554 0.64569 -0.0641687
-0.01915 0.69624 -0.112682
-0.0044175 0.602917 -0.0738714
-0.0716331 0.640752 -0.0641687
-0.0700662 0.625936 -0.0641687
-0.0763338 0.685198 -0.0932767
-0.0684993 0.611121 -0.0641687
-0.0428882 0.598848 -0.0884253
-0.067977 0.606182 -0.0641687
-0.0747669 0.670383 -0.107831
-0.0711108 0.635813 -0.107831
-0.0726777 0.650629 -0.0787227
0.0075057 0.67409 -0.0593174
-0.0669324 0.596305 -0.0641687
0.0148179 0.604951 -0.083574
-0.0176913 0.636469 -0.0593174
0.00112997 0.688397 -0.0593174
-0.0768561 0.690137 -0.0690201
-0.00472347 0.697766 -0.0932767
-0.0140352 0.601899 -0.0932767
-0.067977 0.606182 -0.0690201
0.0106395 0.644459 -0.0593174
-0.0763338 0.685198 -0.0690201
0.00907259 0.659275 -0.0641687
-0.0758115 0.68026 -0.0690201
-0.0747669 0.670383 -0.0690201
0.0069834 0.679029 -0.0932767
0.00687524 0.634073 -0.0593174
-0.0742446 0.665444 -0.0690201
0.0137733 0.614828 -0.083574
-0.0737223 0.660506 -0.0690201
-0.0705885 0.630875 -0.0690201
-0.0669324 0.596305 -0.0690201
-0.0763338 0.685198 -0.0738714
-0.0747669 0.670383 -0.0738714
-0.0742446 0.665444 -0.0738714
0.0137733 0.614828 -0.0690201
-0.0737223 0.660506 -0.0738714
-0.0732 0.655567 -0.0738714
-0.0726777 0.650629 -0.0738714
-0.0721554 0.64569 -0.0738714
-0.013927 0.646855 -0.117533
-0.0716331 0.640752 -0.0738714
-0.0438246 0.65368 -0.0593174
-0.0684993 0.611121 -0.0738714
-0.0181054 0.686363 -0.0593174
-0.0428882 0.598848 -0.083574
-0.0711108 0.635813 -0.0738714
-0.0287677 0.695223 -0.0641687
-0.0587735 0.657093 -0.0593174
-0.0705885 0.630875 -0.0738714
0.00269686 0.673582 -0.0593174
-0.0700662 0.625936 -0.0738714
-0.0695439 0.620998 -0.0738714
-0.0525059 0.597831 -0.0593174
-0.0768561 0.690137 -0.0787227
-0.0720472 0.690646 -0.083574
-0.0752892 0.675321 -0.0787227
-0.0747669 0.670383 -0.0787227
-0.0742446 0.665444 -0.0787227
0.0137733 0.614828 -0.098128
-0.0737223 0.660506 -0.0787227
-0.0721554 0.64569 -0.0787227
-0.0448692 0.663557 -0.0593174
-0.0711108 0.635813 -0.0787227
-0.0287677 0.695223 -0.0932767
-0.00974864 0.607346 -0.0593174
-0.0705885 0.630875 -0.0787227
-0.0695439 0.620998 -0.0787227
-0.0690216 0.616059 -0.0787227
0.0148179 0.604951 -0.0690201
-0.0674547 0.601243 -0.0787227
-0.0669324 0.596305 -0.0787227
-0.0176913 0.636469 -0.117533
-0.0768561 0.690137 -0.083574
-0.00472347 0.697766 -0.102979
-0.0140352 0.601899 -0.0787227
-0.067977 0.606182 -0.083574
0.00959489 0.654336 -0.0641687
-0.0763338 0.685198 -0.083574
0.0069834 0.679029 -0.0641687
-0.0236529 0.600882 -0.102979
-0.0700662 0.625936 -0.102979
-0.0720472 0.690646 -0.0787227
-0.05292 0.647725 -0.117533
-0.0752892 0.675321 -0.083574
-0.0525059 0.597831 -0.0738714
-0.0747669 0.670383 -0.083574
-0.00650669 0.622671 -0.0593174
-0.0737223 0.660506 -0.083574
-0.0726777 0.650629 -0.083574
-0.0721554 0.64569 -0.083574
-0.0711108 0.635813 -0.083574
-0.0117297 0.672056 -0.117533
-0.0768561 0.690137 -0.0884253
-0.00472347 0.697766 -0.112682
-0.067977 0.606182 -0.0884253
-0.0197804 0.656223 -0.0593174
-0.0705885 0.630875 -0.083574
-0.0695439 0.620998 -0.083574
-0.0674547 0.601243 -0.083574
0.00959489 0.654336 -0.0593174
-0.0763338 0.685198 -0.0884253
0.0069834 0.679029 -0.0593174
0.00520018 0.603934 -0.0738714
-0.0700662 0.625936 -0.0932767
-0.0752892 0.675321 -0.0884253
-0.0747669 0.670383 -0.0884253
0.00541651 0.693844 -0.0738714
-0.0742446 0.665444 -0.0884253
-0.0282454 0.690284 -0.0593174
-0.0732 0.655567 -0.0884253
-0.0716331 0.640752 -0.0884253
0.0142956 0.609889 -0.102979
-0.0428882 0.598848 -0.098128
-0.0711108 0.635813 -0.0884253
-0.0315955 0.630005 -0.0593174
-0.0705885 0.630875 -0.0884253
-0.0310732 0.625066 -0.117533
-0.0684993 0.611121 -0.0884253
-0.0674547 0.601243 -0.0884253
-0.0720472 0.690646 -0.098128
-0.037863 0.689267 -0.0593174
-0.0752892 0.675321 -0.0932767
-0.0181054 0.686363 -0.117533
-0.0695439 0.620998 -0.112682
-0.0742446 0.665444 -0.0932767
0.0137733 0.614828 -0.107831
-0.0737223 0.660506 -0.0932767
-0.0711108 0.635813 -0.0932767
-0.0684993 0.611121 -0.0932767
-0.0140352 0.601899 -0.117533
-0.067977 0.606182 -0.0932767
-0.0140352 0.601899 -0.0690201
-0.0674547 0.601243 -0.0932767
-0.00922634 0.602408 -0.098128
-0.0715249 0.685707 -0.117533
-0.0747669 0.670383 -0.098128
-0.0726777 0.650629 -0.098128
0.00948672 0.609381 -0.0593174
-0.0721554 0.64569 -0.098128
-0.0380794 0.599356 -0.102979
-0.0044175 0.602917 -0.107831
-0.00911818 0.647363 -0.0593174
-0.00901001 0.692319 -0.117533
-0.0716331 0.640752 -0.098128
-0.0711108 0.635813 -0.098128
-0.0768561 0.690137 -0.102979
-0.0705885 0.630875 -0.098128
0.00363329 0.618749 -0.117533
-0.0621236 0.596814 -0.0787227
-0.0695439 0.620998 -0.098128
-0.0140352 0.601899 -0.112682
-0.067977 0.606182 -0.098128
-0.0140352 0.601899 -0.0641687
-0.0669324 0.596305 -0.098128
-0.0335765 0.694714 -0.0932767
-0.0758115 0.68026 -0.102979
-0.0720472 0.690646 -0.107831
-0.0752892 0.675321 -0.102979
-0.0695439 0.620998 -0.102979
-0.0528119 0.69268 -0.0932767
-0.0742446 0.665444 -0.102979
-0.0711108 0.635813 -0.102979
0.00478605 0.653828 -0.117533
-0.0674547 0.601243 -0.102979
-0.0669324 0.596305 -0.102979
0.00489421 0.698783 -0.117533
-0.0768561 0.690137 -0.107831
-0.0763338 0.685198 -0.107831
-0.0335765 0.694714 -0.0641687
-0.0758115 0.68026 -0.107831
-0.0716331 0.640752 -0.0690201
-0.0737223 0.660506 -0.107831
-0.0667161 0.686216 -0.117533
-0.0284617 0.600374 -0.0932767
-0.0726777 0.650629 -0.107831
-0.0721554 0.64569 -0.107831
-0.0143411 0.696749 -0.0932767
-0.0700662 0.625936 -0.107831
-0.0573147 0.597322 -0.098128
-0.0684993 0.611121 -0.107831
-0.0674547 0.601243 -0.107831
-0.0669324 0.596305 -0.107831
-0.0768561 0.690137 -0.112682
-0.0763338 0.685198 -0.112682
-0.0335765 0.694714 -0.0787227
-0.0758115 0.68026 -0.112682
-0.0528119 0.69268 -0.102979
-0.0742446 0.665444 -0.112682
-0.00901001 0.692319 -0.0593174
-0.0594039 0.617076 -0.117533
-0.0620154 0.641769 -0.0593174
0.00896442 0.614319 -0.117533
-0.0737223 0.660506 -0.112682
0.000391338 0.603425 -0.102979
-0.0732 0.655567 -0.112682
-0.0599262 0.622015 -0.0593174
0.0148179 0.604951 -0.0738714
-0.01915 0.69624 -0.083574
-0.0239588 0.695731 -0.0787227
-0.0044175 0.602917 -0.112682
-0.0525059 0.597831 -0.117533
-0.0380794 0.599356 -0.0884253
-0.0726777 0.650629 -0.112682
-0.0721554 0.64569 -0.112682
-0.0711108 0.635813 -0.112682
-0.0444551 0.613663 -0.117533
-0.0204109 0.616206 -0.0593174
-0.0690216 0.616059 -0.112682
-0.0198886 0.611268 -0.0593174
-0.0684993 0.611121 -0.112682
-0.0669324 0.596305 -0.112682
-0.0525059 0.597831 -0.0641687
-0.0284617 0.600374 -0.0641687
-0.0236529 0.600882 -0.0641687
-0.0380794 0.599356 -0.0787227
0.00530834 0.648889 -0.0593174
-0.018844 0.601391 -0.0641687
0.010009 0.604442 -0.0641687
-0.0325319 0.684837 -0.117533
-0.0573147 0.597322 -0.0690201
-0.0768561 0.690137 -0.0641687
-0.0525059 0.597831 -0.0690201
-0.0236529 0.600882 -0.0690201
-0.0380794 0.599356 -0.0738714
-0.018844 0.601391 -0.0690201
-0.00535393 0.657749 -0.117533
-0.0044175 0.602917 -0.0690201
-0.034207 0.654697 -0.117533
0.010009 0.604442 -0.0690201
0.010009 0.604442 -0.0787227
-0.0621236 0.596814 -0.0932767
-0.0621236 0.596814 -0.0738714
-0.0573147 0.597322 -0.0738714
0.00060767 0.693336 -0.0593174
-0.0284617 0.600374 -0.0738714
-0.018844 0.601391 -0.0738714
-0.0573147 0.597322 -0.0787227
-0.0768561 0.690137 -0.0738714
-0.0525059 0.597831 -0.0787227
-0.0428882 0.598848 -0.0787227
-0.0284617 0.600374 -0.0787227
-0.0236529 0.600882 -0.0787227
-0.00922634 0.602408 -0.0787227
-0.0044175 0.602917 -0.0787227
-0.0332705 0.599865 -0.112682
-0.0573147 0.597322 -0.083574
-0.0476971 0.598339 -0.083574
-0.0234365 0.690793 -0.0593174
-0.0326401 0.639882 -0.0593174
-0.0332705 0.599865 -0.083574
-0.067977 0.606182 -0.0787227
-0.0140352 0.601899 -0.083574
-0.01915 0.69624 -0.098128
-0.0044175 0.602917 -0.083574
-0.0380794 0.599356 -0.0932767
-0.0678688 0.651137 -0.117533
-0.0525059 0.597831 -0.0884253
-0.0475889 0.643295 -0.117533
-0.00922634 0.602408 -0.0884253
-0.0293981 0.655206 -0.0593174
-0.0203027 0.661162 -0.117533
-0.0476971 0.598339 -0.0932767
0.000391338 0.603425 -0.0884253
0.0148179 0.604951 -0.0884253
-0.0573147 0.597322 -0.0932767
-0.01915 0.69624 -0.107831
-0.0239588 0.695731 -0.102979
-0.00169785 0.623179 -0.117533
-0.0044175 0.602917 -0.0884253
-0.0525059 0.597831 -0.0932767
-0.0236529 0.600882 -0.0932767
-0.0352516 0.664575 -0.117533
-0.00922634 0.602408 -0.0932767
-0.0716331 0.640752 -0.0787227
0.00520018 0.603934 -0.0932767
0.010009 0.604442 -0.083574
-0.0621236 0.596814 -0.098128
-0.0239588 0.695731 -0.107831
-0.01915 0.69624 -0.102979
-0.0044175 0.602917 -0.0932767
-0.0525059 0.597831 -0.098128
-0.0332705 0.599865 -0.098128
-0.0236529 0.600882 -0.098128
0.0101172 0.649398 -0.098128
0.0116841 0.634582 -0.117533
-0.018844 0.601391 -0.098128
-0.00472347 0.697766 -0.0884253
-0.067977 0.606182 -0.112682
-0.0140352 0.601899 -0.098128
-0.0737223 0.660506 -0.117533
-0.0716331 0.640752 -0.0593174
0.00520018 0.603934 -0.098128
-0.0621236 0.596814 -0.107831
0.010009 0.604442 -0.098128
0.010009 0.604442 -0.0932767
-0.0107932 0.617224 -0.0593174
-0.0621236 0.596814 -0.102979
-0.00598439 0.617732 -0.117533
-0.0573147 0.597322 -0.102979
-0.0239588 0.695731 -0.112682
-0.01915 0.69624 -0.0932767
-0.035882 0.624558 -0.117533
-0.0525059 0.597831 -0.102979
-0.00472347 0.697766 -0.0787227
-0.067977 0.606182 -0.107831
-0.0140352 0.601899 -0.102979
-0.00922634 0.602408 -0.102979
0.010009 0.604442 -0.102979
-0.0332705 0.599865 -0.0884253
-0.0573147 0.597322 -0.107831
0.0142956 0.609889 -0.117533
-0.0428882 0.598848 -0.107831
-0.0284617 0.600374 -0.107831
0.0069834 0.679029 -0.0690201
0.00520018 0.603934 -0.0690201
-0.0700662 0.625936 -0.083574
-0.0236529 0.600882 -0.107831
-0.0732 0.655567 -0.0932767
0.000391338 0.603425 -0.107831
0.00520018 0.603934 -0.107831
-0.183445 0.862151 -0.231074
-0.173673 0.863065 -0.231074
-0.159016 0.864436 -0.231074
-0.149244 0.865349 -0.231074
-0.134587 0.86672 -0.231074
-0.124815 0.867634 -0.231074
-0.202988 0.860324 -0.231074
-0.119929 0.86809 -0.231074
-0.100386 0.869918 -0.231074
-0.0906142 0.870831 -0.231074
-0.0857284 0.871288 -0.231074
-0.0808426 0.871745 -0.231074
-0.0759567 0.872202 -0.231074
-0.0710709 0.872659 -0.231074
-0.0612992 0.873572 -0.231074
-0.0515276 0.874486 -0.231074
-0.0270984 0.87677 -0.231074
-0.00755514 0.878598 -0.231074
0.00710235 0.879968 -0.231074
-0.202988 0.860324 -0.226176
-0.198102 0.860781 -0.226176
-0.173673 0.863065 -0.226176
-0.163902 0.863979 -0.226176
-0.149244 0.865349 -0.226176
-0.129701 0.867177 -0.226176
-0.100386 0.869918 -0.226176
-0.0955001 0.870375 -0.226176
-0.0710709 0.872659 -0.226176
-0.0368701 0.875857 -0.226176
-0.0270984 0.87677 -0.226176
-0.183445 0.862151 -0.221278
-0.178559 0.862608 -0.221278
-0.173673 0.863065 -0.221278
-0.163902 0.863979 -0.221278
-0.159016 0.864436 -0.221278
-0.149244 0.865349 -0.221278
-0.134587 0.86672 -0.221278
-0.0955001 0.870375 -0.221278
-0.0857284 0.871288 -0.221278
-0.0759567 0.872202 -0.221278
-0.0710709 0.872659 -0.221278
-0.0222126 0.877227 -0.221278
-0.00266931 0.879055 -0.221278
-0.119929 0.86809 -0.226176
-0.202988 0.860324 -0.216381
-0.15413 0.864892 -0.216381
-0.149244 0.865349 -0.216381
-0.129701 0.867177 -0.216381
-0.119929 0.86809 -0.216381
-0.110158 0.869004 -0.216381
-0.0955001 0.870375 -0.216381
-0.0857284 0.871288 -0.216381
-0.0759567 0.872202 -0.216381
-0.0710709 0.872659 -0.216381
-0.0661851 0.873116 -0.216381
-0.0564134 0.874029 -0.216381
-0.0515276 0.874486 -0.216381
-0.0466418 0.874943 -0.216381
-0.0417559 0.8754 -0.216381
-0.0368701 0.875857 -0.216381
-0.0319843 0.876314 -0.216381
-0.0270984 0.87677 -0.216381
-0.00755514 0.878598 -0.216381
0.00221652 0.879511 -0.216381
0.00710235 0.879968 -0.216381
-0.159016 0.864436 -0.216381
-0.198102 0.860781 -0.211483
-0.178559 0.862608 -0.216381
-0.139472 0.866263 -0.211483
-0.129701 0.867177 -0.211483
-0.110158 0.869004 -0.211483
-0.0955001 0.870375 -0.211483
-0.0612992 0.873572 -0.211483
-0.0515276 0.874486 -0.211483
-0.0417559 0.8754 -0.211483
-0.0319843 0.876314 -0.211483
-0.0270984 0.87677 -0.211483
-0.198102 0.860781 -0.206586
-0.173673 0.863065 -0.206586
-0.149244 0.865349 -0.206586
-0.144358 0.865806 -0.206586
-0.129701 0.867177 -0.206586
-0.124815 0.867634 -0.206586
-0.202988 0.860324 -0.206586
-0.119929 0.86809 -0.206586
-0.144358 0.865806 -0.221278
-0.105272 0.869461 -0.206586
-0.100386 0.869918 -0.206586
-0.0955001 0.870375 -0.206586
-0.0857284 0.871288 -0.206586
-0.0612992 0.873572 -0.206586
-0.0319843 0.876314 -0.206586
-0.0173268 0.877684 -0.206586
-0.00755514 0.878598 -0.206586
0.00221652 0.879511 -0.206586
0.00710235 0.879968 -0.206586
-0.183445 0.862151 -0.201688
-0.178559 0.862608 -0.201688
-0.168787 0.863522 -0.201688
-0.159016 0.864436 -0.201688
-0.15413 0.864892 -0.201688
-0.149244 0.865349 -0.201688
-0.129701 0.867177 -0.201688
-0.105272 0.869461 -0.201688
-0.0710709 0.872659 -0.201688
-0.0661851 0.873116 -0.201688
-0.0564134 0.874029 -0.201688
-0.0466418 0.874943 -0.201688
-0.0173268 0.877684 -0.201688
-0.00755514 0.878598 -0.201688
-0.202988 0.860324 -0.19679
-0.183445 0.862151 -0.19679
-0.178559 0.862608 -0.19679
-0.173673 0.863065 -0.19679
-0.168787 0.863522 -0.19679
-0.149244 0.865349 -0.19679
-0.129701 0.867177 -0.19679
-0.0710709 0.872659 -0.19679
-0.0612992 0.873572 -0.19679
-0.0564134 0.874029 -0.19679
-0.0417559 0.8754 -0.19679
-0.0368701 0.875857 -0.19679
-0.0319843 0.876314 -0.19679
-0.0270984 0.87677 -0.19679
-0.0222126 0.877227 -0.19679
0.00710235 0.879968 -0.19679
-0.198102 0.860781 -0.191893
-0.173673 0.863065 -0.191893
-0.168787 0.863522 -0.191893
-0.163902 0.863979 -0.191893
-0.15413 0.864892 -0.191893
-0.149244 0.865349 -0.191893
-0.129701 0.867177 -0.191893
-0.100386 0.869918 -0.191893
-0.0955001 0.870375 -0.191893
-0.0857284 0.871288 -0.191893
-0.0759567 0.872202 -0.191893
-0.0612992 0.873572 -0.191893
-0.0564134 0.874029 -0.191893
-0.0515276 0.874486 -0.191893
-0.0466418 0.874943 -0.191893
-0.0270984 0.87677 -0.191893
-0.0222126 0.877227 -0.191893
-0.0808426 0.871745 -0.226176
-0.00266931 0.879055 -0.191893
-0.202988 0.860324 -0.186995
-0.183445 0.862151 -0.186995
-0.173673 0.863065 -0.186995
-0.163902 0.863979 -0.186995
-0.129701 0.867177 -0.186995
-0.0955001 0.870375 -0.186995
-0.0710709 0.872659 -0.186995
-0.0466418 0.874943 -0.186995
-0.0368701 0.875857 -0.186995
-0.0319843 0.876314 -0.186995
-0.0173268 0.877684 -0.186995
-0.163902 0.863979 -0.182097
-0.159016 0.864436 -0.182097
-0.15413 0.864892 -0.182097
-0.129701 0.867177 -0.182097
-0.119929 0.86809 -0.182097
-0.0955001 0.870375 -0.182097
-0.0710709 0.872659 -0.182097
-0.0417559 0.8754 -0.182097
-0.0368701 0.875857 -0.182097
-0.0270984 0.87677 -0.182097
-0.0173268 0.877684 -0.182097
0.00221652 0.879511 -0.182097
-0.198102 0.860781 -0.1772
-0.173673 0.863065 -0.1772
-0.15413 0.864892 -0.1772
-0.149244 0.865349 -0.1772
-0.139472 0.866263 -0.1772
-0.0955001 0.870375 -0.1772
-0.0857284 0.871288 -0.1772
-0.0710709 0.872659 -0.1772
-0.0612992 0.873572 -0.1772
-0.0466418 0.874943 -0.1772
-0.0270984 0.87677 -0.1772
-0.183445 0.862151 -0.172302
-0.173673 0.863065 -0.172302
-0.168787 0.863522 -0.172302
-0.163902 0.863979 -0.172302
-0.15413 0.864892 -0.172302
-0.149244 0.865349 -0.172302
-0.129701 0.867177 -0.172302
-0.105272 0.869461 -0.172302
-0.100386 0.869918 -0.172302
-0.0955001 0.870375 -0.172302
-0.0710709 0.872659 -0.172302
-0.0612992 0.873572 -0.172302
-0.0564134 0.874029 -0.172302
-0.0368701 0.875857 -0.172302
-0.0319843 0.876314 -0.172302
-0.0222126 0.877227 -0.172302
-0.00755514 0.878598 -0.172302
-0.0222126 0.877227 -0.231074
-0.188331 0.861695 -0.167405
-0.183445 0.862151 -0.167405
-0.168787 0.863522 -0.167405
-0.163902 0.863979 -0.167405
-0.15413 0.864892 -0.167405
-0.149244 0.865349 -0.167405
-0.178559 0.862608 -0.1772
-0.139472 0.866263 -0.167405
-0.134587 0.86672 -0.167405
-0.119929 0.86809 -0.167405
-0.115043 0.868547 -0.167405
-0.105272 0.869461 -0.167405
-0.0808426 0.871745 -0.167405
-0.0710709 0.872659 -0.167405
-0.0515276 0.874486 -0.167405
-0.0466418 0.874943 -0.167405
-0.0417559 0.8754 -0.167405
-0.0368701 0.875857 -0.167405
0.00710235 0.879968 -0.167405
-0.188331 0.861695 -0.162507
-0.183445 0.862151 -0.162507
-0.168787 0.863522 -0.162507
-0.163902 0.863979 -0.162507
-0.149244 0.865349 -0.162507
-0.129701 0.867177 -0.162507
-0.119929 0.86809 -0.162507
-0.100386 0.869918 -0.162507
-0.0955001 0.870375 -0.162507
-0.0857284 0.871288 -0.162507
-0.0710709 0.872659 -0.162507
-0.0612992 0.873572 -0.162507
-0.0466418 0.874943 -0.162507
-0.0417559 0.8754 -0.162507
-0.0368701 0.875857 -0.162507
-0.0270984 0.87677 -0.162507
-0.0222126 0.877227 -0.162507
-0.0173268 0.877684 -0.162507
-0.00755514 0.878598 -0.162507
-0.183445 0.862151 -0.157609
-0.173673 0.863065 -0.157609
-0.168787 0.863522 -0.157609
-0.163902 0.863979 -0.157609
-0.159016 0.864436 -0.157609
-0.129701 0.867177 -0.157609
-0.115043 0.868547 -0.157609
-0.0955001 0.870375 -0.157609
-0.0857284 0.871288 -0.157609
-0.0808426 0.871745 -0.157609
-0.0710709 0.872659 -0.157609
-0.0612992 0.873572 -0.157609
-0.0417559 0.8754 -0.157609
-0.0368701 0.875857 -0.157609
-0.012441 0.878141 -0.157609
-0.183445 0.862151 -0.152712
-0.139472 0.866263 -0.191893
-0.178559 0.862608 -0.152712
-0.168787 0.863522 -0.152712
-0.163902 0.863979 -0.152712
-0.15413 0.864892 -0.152712
-0.134587 0.86672 -0.152712
-0.129701 0.867177 -0.152712
-0.124815 0.867634 -0.152712
-0.0955001 0.870375 -0.152712
-0.124815 0.867634 -0.19679
-0.0906142 0.870831 -0.152712
-0.0808426 0.871745 -0.152712
-0.0661851 0.873116 -0.152712
-0.0612992 0.873572 -0.152712
-0.0564134 0.874029 -0.152712
-0.0515276 0.874486 -0.152712
-0.0466418 0.874943 -0.152712
-0.0417559 0.8754 -0.152712
-0.0222126 0.877227 -0.152712
-0.0173268 0.877684 -0.152712
-0.105272 0.869461 -0.1772
-0.012441 0.878141 -0.152712
-0.119929 0.86809 -0.201688
-0.198102 0.860781 -0.147814
-0.183445 0.862151 -0.147814
-0.178559 0.862608 -0.147814
-0.173673 0.863065 -0.147814
-0.168787 0.863522 -0.147814
-0.163902 0.863979 -0.147814
-0.149244 0.865349 -0.147814
-0.139472 0.866263 -0.147814
-0.124815 0.867634 -0.147814
-0.119929 0.86809 -0.147814
-0.100386 0.869918 -0.147814
-0.0955001 0.870375 -0.147814
-0.124815 0.867634 -0.186995
-0.0906142 0.870831 -0.147814
-0.0857284 0.871288 -0.147814
-0.0612992 0.873572 -0.147814
-0.0466418 0.874943 -0.147814
-0.0417559 0.8754 -0.147814
-0.0368701 0.875857 -0.147814
-0.0270984 0.87677 -0.147814
-0.0222126 0.877227 -0.147814
-0.110158 0.869004 -0.231074
-0.00755514 0.878598 -0.147814
-0.198102 0.860781 -0.142916
-0.0222126 0.877227 -0.206586
-0.188331 0.861695 -0.142916
-0.183445 0.862151 -0.142916
-0.168787 0.863522 -0.142916
-0.149244 0.865349 -0.142916
-0.139472 0.866263 -0.142916
-0.124815 0.867634 -0.142916
-0.0955001 0.870375 -0.142916
-0.0808426 0.871745 -0.142916
-0.0612992 0.873572 -0.142916
-0.0417559 0.8754 -0.142916
-0.0270984 0.87677 -0.142916
-0.0173268 0.877684 -0.142916
0.00710235 0.879968 -0.142916
-0.119929 0.86809 -0.191893
-0.198102 0.860781 -0.138019
-0.139472 0.866263 -0.182097
-0.178559 0.862608 -0.138019
-0.168787 0.863522 -0.138019
-0.163902 0.863979 -0.138019
-0.144358 0.865806 -0.138019
-0.134587 0.86672 -0.138019
-0.129701 0.867177 -0.138019
-0.144358 0.865806 -0.231074
-0.105272 0.869461 -0.138019
-0.100386 0.869918 -0.138019
-0.0955001 0.870375 -0.138019
-0.0906142 0.870831 -0.138019
-0.0808426 0.871745 -0.138019
-0.0759567 0.872202 -0.138019
-0.0612992 0.873572 -0.138019
-0.0270984 0.87677 -0.138019
-0.0173268 0.877684 -0.138019
-0.00755514 0.878598 -0.138019
-0.119929 0.86809 -0.186995
-0.198102 0.860781 -0.133121
-0.183445 0.862151 -0.133121
-0.139472 0.866263 -0.19679
-0.178559 0.862608 -0.133121
-0.173673 0.863065 -0.133121
-0.168787 0.863522 -0.133121
-0.163902 0.863979 -0.133121
-0.159016 0.864436 -0.133121
-0.149244 0.865349 -0.133121
-0.129701 0.867177 -0.133121
-0.119929 0.86809 -0.133121
-0.100386 0.869918 -0.133121
-0.0955001 0.870375 -0.133121
-0.0857284 0.871288 -0.133121
-0.0612992 0.873572 -0.133121
-0.0417559 0.8754 -0.133121
-0.0319843 0.876314 -0.133121
-0.0270984 0.87677 -0.133121
-0.00755514 0.878598 -0.133121
-0.00266931 0.879055 -0.133121
0.00221652 0.879511 -0.133121
0.0124461 0.875528 -0.231074
0.012904 0.87063 -0.231074
0.013362 0.865733 -0.231074
0.0138199 0.860835 -0.231074
0.0147357 0.851041 -0.231074
0.0151937 0.846143 -0.231074
0.0165675 0.831451 -0.231074
0.0174833 0.821656 -0.231074
0.0183992 0.811861 -0.231074
0.019773 0.797169 -0.231074
0.0202309 0.792272 -0.231074
0.0206888 0.787374 -0.231074
0.0211467 0.782477 -0.231074
0.0216047 0.777579 -0.231074
0.0229784 0.762887 -0.231074
-0.0759567 0.872202 -0.19679
0.0234364 0.75799 -0.231074
0.0243522 0.748195 -0.231074
0.0248102 0.743297 -0.231074
0.0261839 0.728605 -0.231074
0.0266419 0.723708 -0.231074
0.0275577 0.713913 -0.231074
-0.183445 0.862151 -0.191893
0.0293894 0.694323 -0.231074
0.019315 0.802066 -0.231074
0.0303053 0.684528 -0.231074
-0.139472 0.866263 -0.231074
0.00221652 0.879511 -0.226176
0.0316791 0.669836 -0.231074
0.032137 0.664939 -0.231074
0.0339687 0.645349 -0.231074
0.0344266 0.640452 -0.231074
0.0353425 0.630657 -0.231074
0.0380901 0.601272 -0.231074
0.038548 0.596375 -0.231074
0.0390059 0.591478 -0.231074
0.0119882 0.880425 -0.226176
0.013362 0.865733 -0.226176
0.0142778 0.855938 -0.226176
0.0147357 0.851041 -0.226176
0.0151937 0.846143 -0.226176
0.0156516 0.841246 -0.226176
0.0165675 0.831451 -0.226176
0.0170254 0.826554 -0.226176
0.0188571 0.806964 -0.226176
0.019773 0.797169 -0.226176
0.0202309 0.792272 -0.226176
0.0216047 0.777579 -0.226176
0.0229784 0.762887 -0.226176
-0.0564134 0.874029 -0.138019
0.025726 0.733503 -0.226176
0.0266419 0.723708 -0.226176
0.0289315 0.699221 -0.226176
0.0293894 0.694323 -0.226176
0.0298474 0.689426 -0.226176
0.0303053 0.684528 -0.226176
0.00221652 0.879511 -0.231074
0.0316791 0.669836 -0.226176
0.032137 0.664939 -0.226176
0.0330529 0.655144 -0.226176
0.0335108 0.650247 -0.226176
0.0344266 0.640452 -0.226176
0.0358004 0.625759 -0.226176
0.0362584 0.620862 -0.226176
0.0376321 0.60617 -0.226176
0.0380901 0.601272 -0.226176
0.038548 0.596375 -0.226176
0.0390059 0.591478 -0.226176
0.0119882 0.880425 -0.221278
0.0124461 0.875528 -0.221278
0.012904 0.87063 -0.221278
0.0138199 0.860835 -0.221278
0.0142778 0.855938 -0.221278
0.0151937 0.846143 -0.221278
0.0165675 0.831451 -0.221278
0.0170254 0.826554 -0.221278
0.0174833 0.821656 -0.221278
0.0188571 0.806964 -0.221278
0.019315 0.802066 -0.221278
0.019773 0.797169 -0.221278
-0.012441 0.878141 -0.147814
0.0202309 0.792272 -0.221278
0.0206888 0.787374 -0.221278
0.0225205 0.767785 -0.221278
0.0229784 0.762887 -0.221278
0.0261839 0.728605 -0.221278
0.0266419 0.723708 -0.221278
-0.15413 0.864892 -0.138019
0.0275577 0.713913 -0.221278
0.0280157 0.709016 -0.221278
0.0284736 0.704118 -0.221278
0.0293894 0.694323 -0.221278
0.0298474 0.689426 -0.221278
0.0303053 0.684528 -0.221278
0.032137 0.664939 -0.221278
0.0325949 0.660041 -0.221278
0.0330529 0.655144 -0.221278
0.0335108 0.650247 -0.221278
0.0339687 0.645349 -0.221278
0.0344266 0.640452 -0.221278
0.0348846 0.635554 -0.221278
-0.0417559 0.8754 -0.231074
0.0362584 0.620862 -0.221278
0.0367163 0.615965 -0.221278
0.0380901 0.601272 -0.221278
0.0390059 0.591478 -0.221278
0.0394638 0.58658 -0.221278
0.0124461 0.875528 -0.216381
0.012904 0.87063 -0.216381
0.013362 0.865733 -0.216381
0.0142778 0.855938 -0.216381
0.0151937 0.846143 -0.216381
0.0170254 0.826554 -0.216381
0.0174833 0.821656 -0.216381
0.0179412 0.816759 -0.216381
0.019315 0.802066 -0.216381
0.019773 0.797169 -0.216381
-0.012441 0.878141 -0.167405
0.0202309 0.792272 -0.216381
0.0206888 0.787374 -0.216381
0.0243522 0.748195 -0.216381
0.0261839 0.728605 -0.216381
0.0266419 0.723708 -0.216381
-0.100386 0.869918 -0.157609
0.0270998 0.71881 -0.216381
0.0275577 0.713913 -0.216381
-0.183445 0.862151 -0.182097
0.0293894 0.694323 -0.216381
0.0312211 0.674734 -0.216381
0.032137 0.664939 -0.216381
0.0325949 0.660041 -0.216381
0.0339687 0.645349 -0.216381
0.0344266 0.640452 -0.216381
0.0348846 0.635554 -0.216381
0.0362584 0.620862 -0.216381
0.0380901 0.601272 -0.216381
0.0390059 0.591478 -0.216381
0.0394638 0.58658 -0.216381
0.0119882 0.880425 -0.211483
0.0124461 0.875528 -0.211483
0.0216047 0.777579 -0.216381
0.012904 0.87063 -0.211483
0.013362 0.865733 -0.211483
0.0138199 0.860835 -0.211483
0.0142778 0.855938 -0.211483
0.0147357 0.851041 -0.211483
0.0151937 0.846143 -0.211483
0.0156516 0.841246 -0.211483
0.0161095 0.836348 -0.211483
0.0170254 0.826554 -0.211483
0.019315 0.802066 -0.211483
0.0216047 0.777579 -0.211483
0.0243522 0.748195 -0.211483
0.0266419 0.723708 -0.211483
0.0270998 0.71881 -0.211483
0.0280157 0.709016 -0.211483
0.0284736 0.704118 -0.211483
0.0298474 0.689426 -0.211483
0.0303053 0.684528 -0.211483
0.0307632 0.679631 -0.211483
0.00221652 0.879511 -0.221278
0.0316791 0.669836 -0.211483
0.0376321 0.60617 -0.211483
0.0380901 0.601272 -0.211483
0.0119882 0.880425 -0.206586
0.0124461 0.875528 -0.206586
0.012904 0.87063 -0.206586
0.0161095 0.836348 -0.206586
0.0165675 0.831451 -0.206586
0.0170254 0.826554 -0.206586
0.0174833 0.821656 -0.206586
0.0179412 0.816759 -0.206586
0.0183992 0.811861 -0.206586
0.019315 0.802066 -0.206586
0.019773 0.797169 -0.206586
-0.012441 0.878141 -0.162507
0.0202309 0.792272 -0.206586
0.0211467 0.782477 -0.206586
-0.0759567 0.872202 -0.172302
0.0234364 0.75799 -0.206586
0.025726 0.733503 -0.206586
0.0261839 0.728605 -0.206586
0.0275577 0.713913 -0.206586
0.0284736 0.704118 -0.206586
0.0289315 0.699221 -0.206586
0.0293894 0.694323 -0.206586
0.0298474 0.689426 -0.206586
-0.139472 0.866263 -0.206586
0.0316791 0.669836 -0.206586
0.032137 0.664939 -0.206586
0.0325949 0.660041 -0.206586
0.0344266 0.640452 -0.206586
0.0353425 0.630657 -0.206586
0.0362584 0.620862 -0.206586
0.0367163 0.615965 -0.206586
0.038548 0.596375 -0.206586
0.0394638 0.58658 -0.206586
0.0138199 0.860835 -0.201688
0.0151937 0.846143 -0.201688
0.0156516 0.841246 -0.201688
-0.100386 0.869918 -0.142916
0.0161095 0.836348 -0.201688
0.0165675 0.831451 -0.201688
0.0170254 0.826554 -0.201688
0.0174833 0.821656 -0.201688
-0.188331 0.861695 -0.19679
0.0179412 0.816759 -0.201688
0.0183992 0.811861 -0.201688
0.019315 0.802066 -0.201688
0.019773 0.797169 -0.201688
0.0211467 0.782477 -0.201688
-0.0759567 0.872202 -0.162507
0.0234364 0.75799 -0.201688
0.0243522 0.748195 -0.201688
0.0248102 0.743297 -0.201688
0.025726 0.733503 -0.201688
-0.0564134 0.874029 -0.206586
0.0266419 0.723708 -0.201688
0.0270998 0.71881 -0.201688
0.0275577 0.713913 -0.201688
0.0280157 0.709016 -0.201688
0.0284736 0.704118 -0.201688
0.0293894 0.694323 -0.201688
0.0298474 0.689426 -0.201688
0.0303053 0.684528 -0.201688
0.0316791 0.669836 -0.201688
0.032137 0.664939 -0.201688
0.0330529 0.655144 -0.201688
0.0339687 0.645349 -0.201688
0.0344266 0.640452 -0.201688
0.0362584 0.620862 -0.201688
0.0380901 0.601272 -0.201688
0.0394638 0.58658 -0.201688
0.0124461 0.875528 -0.19679
0.013362 0.865733 -0.19679
0.0138199 0.860835 -0.19679
0.0142778 0.855938 -0.19679
0.0151937 0.846143 -0.19679
0.0156516 0.841246 -0.19679
0.0165675 0.831451 -0.19679
0.0170254 0.826554 -0.19679
0.0174833 0.821656 -0.19679
0.0188571 0.806964 -0.19679
0.019315 0.802066 -0.19679
-0.012441 0.878141 -0.172302
0.0202309 0.792272 -0.19679
0.0206888 0.787374 -0.19679
0.0216047 0.777579 -0.19679
0.0229784 0.762887 -0.19679
-0.0759567 0.872202 -0.182097
0.0234364 0.75799 -0.19679
0.0243522 0.748195 -0.19679
0.025726 0.733503 -0.19679
-0.0564134 0.874029 -0.211483
0.0266419 0.723708 -0.19679
0.0270998 0.71881 -0.19679
0.0284736 0.704118 -0.19679
0.0293894 0.694323 -0.19679
0.0312211 0.674734 -0.19679
0.032137 0.664939 -0.19679
0.0325949 0.660041 -0.19679
0.0330529 0.655144 -0.19679
0.0339687 0.645349 -0.19679
0.0344266 0.640452 -0.19679
0.0353425 0.630657 -0.19679
0.0358004 0.625759 -0.19679
0.0362584 0.620862 -0.19679
0.038548 0.596375 -0.19679
0.0394638 0.58658 -0.19679
0.012904 0.87063 -0.191893
0.0138199 0.860835 -0.191893
0.0142778 0.855938 -0.191893
0.0161095 0.836348 -0.191893
0.0165675 0.831451 -0.191893
0.0174833 0.821656 -0.191893
0.0188571 0.806964 -0.191893
0.019315 0.802066 -0.191893
0.0202309 0.792272 -0.191893
0.0206888 0.787374 -0.191893
0.0216047 0.777579 -0.191893
0.0225205 0.767785 -0.191893
0.0229784 0.762887 -0.191893
0.0243522 0.748195 -0.191893
0.025726 0.733503 -0.191893
0.0261839 0.728605 -0.191893
0.0275577 0.713913 -0.191893
0.032137 0.664939 -0.191893
0.0325949 0.660041 -0.191893
0.0330529 0.655144 -0.191893
0.0339687 0.645349 -0.191893
0.0344266 0.640452 -0.191893
0.0353425 0.630657 -0.191893
0.0358004 0.625759 -0.191893
0.0367163 0.615965 -0.191893
0.0371742 0.611067 -0.191893
0.0394638 0.58658 -0.191893
0.0124461 0.875528 -0.186995
0.012904 0.87063 -0.186995
0.0138199 0.860835 -0.186995
0.0142778 0.855938 -0.186995
0.0165675 0.831451 -0.186995
0.0179412 0.816759 -0.186995
0.0188571 0.806964 -0.186995
0.019315 0.802066 -0.186995
0.019773 0.797169 -0.186995
0.0202309 0.792272 -0.186995
0.0206888 0.787374 -0.186995
0.0229784 0.762887 -0.186995
0.0243522 0.748195 -0.186995
0.025726 0.733503 -0.186995
0.0261839 0.728605 -0.186995
0.0275577 0.713913 -0.186995
0.0280157 0.709016 -0.186995
0.0298474 0.689426 -0.186995
0.0303053 0.684528 -0.186995
0.0307632 0.679631 -0.186995
0.032137 0.664939 -0.186995
0.0325949 0.660041 -0.186995
0.0330529 0.655144 -0.186995
0.0335108 0.650247 -0.186995
0.0348846 0.635554 -0.186995
0.0367163 0.615965 -0.186995
0.038548 0.596375 -0.186995
0.0390059 0.591478 -0.186995
0.0394638 0.58658 -0.186995
0.0124461 0.875528 -0.182097
0.0138199 0.860835 -0.182097
0.0147357 0.851041 -0.182097
0.0156516 0.841246 -0.182097
0.0161095 0.836348 -0.182097
0.0165675 0.831451 -0.182097
0.0170254 0.826554 -0.182097
0.0174833 0.821656 -0.182097
0.0188571 0.806964 -0.182097
0.012904 0.87063 -0.201688
0.0216047 0.777579 -0.182097
0.0229784 0.762887 -0.182097
0.0280157 0.709016 -0.182097
0.0293894 0.694323 -0.182097
0.0298474 0.689426 -0.182097
0.0307632 0.679631 -0.226176
0.0303053 0.684528 -0.182097
0.032137 0.664939 -0.182097
0.0330529 0.655144 -0.182097
0.0353425 0.630657 -0.182097
0.0362584 0.620862 -0.182097
0.0380901 0.601272 -0.182097
0.012904 0.87063 -0.1772
0.013362 0.865733 -0.1772
0.0151937 0.846143 -0.1772
0.0270998 0.71881 -0.186995
0.0156516 0.841246 -0.1772
0.0161095 0.836348 -0.1772
0.0174833 0.821656 -0.1772
0.0188571 0.806964 -0.1772
0.0202309 0.792272 -0.1772
0.0206888 0.787374 -0.1772
0.0238943 0.753092 -0.1772
0.0243522 0.748195 -0.1772
0.025726 0.733503 -0.1772
0.0261839 0.728605 -0.1772
0.0280157 0.709016 -0.1772
0.0293894 0.694323 -0.1772
0.0298474 0.689426 -0.1772
0.0303053 0.684528 -0.1772
0.032137 0.664939 -0.1772
0.0335108 0.650247 -0.1772
0.0339687 0.645349 -0.1772
0.0348846 0.635554 -0.1772
0.0353425 0.630657 -0.1772
0.0362584 0.620862 -0.1772
0.0394638 0.58658 -0.1772
0.012904 0.87063 -0.172302
0.013362 0.865733 -0.172302
0.0147357 0.851041 -0.172302
-0.15413 0.864892 -0.186995
0.0165675 0.831451 -0.172302
0.0170254 0.826554 -0.172302
0.0174833 0.821656 -0.172302
0.0188571 0.806964 -0.172302
-0.0710709 0.872659 -0.142916
0.019773 0.797169 -0.172302
0.0206888 0.787374 -0.172302
0.0216047 0.777579 -0.172302
0.0229784 0.762887 -0.172302
-0.0759567 0.872202 -0.157609
0.0234364 0.75799 -0.172302
0.025726 0.733503 -0.172302
0.0261839 0.728605 -0.172302
0.0280157 0.709016 -0.172302
0.0293894 0.694323 -0.172302
0.0298474 0.689426 -0.172302
0.0307632 0.679631 -0.206586
0.0303053 0.684528 -0.172302
0.0307632 0.679631 -0.172302
0.032137 0.664939 -0.172302
0.0325949 0.660041 -0.172302
0.0335108 0.650247 -0.172302
0.0344266 0.640452 -0.172302
0.0348846 0.635554 -0.172302
0.0367163 0.615965 -0.172302
0.0376321 0.60617 -0.172302
0.0380901 0.601272 -0.172302
0.038548 0.596375 -0.172302
0.0307632 0.679631 -0.216381
0.0390059 0.591478 -0.172302
0.013362 0.865733 -0.167405
0.0147357 0.851041 -0.167405
0.0161095 0.836348 -0.167405
0.0165675 0.831451 -0.167405
0.0170254 0.826554 -0.167405
0.0174833 0.821656 -0.167405
-0.188331 0.861695 -0.138019
0.0179412 0.816759 -0.167405
0.0188571 0.806964 -0.167405
0.019315 0.802066 -0.167405
0.019773 0.797169 -0.167405
-0.144358 0.865806 -0.1772
0.00221652 0.879511 -0.162507
0.0202309 0.792272 -0.167405
0.0225205 0.767785 -0.167405
0.0243522 0.748195 -0.167405
0.0280157 0.709016 -0.167405
0.0293894 0.694323 -0.167405
0.0298474 0.689426 -0.167405
0.0335108 0.650247 -0.167405
0.0344266 0.640452 -0.167405
0.0348846 0.635554 -0.167405
0.0362584 0.620862 -0.167405
0.0367163 0.615965 -0.167405
0.0394638 0.58658 -0.167405
0.012904 0.87063 -0.162507
0.0147357 0.851041 -0.162507
0.0270998 0.71881 -0.1772
0.0156516 0.841246 -0.162507
0.0161095 0.836348 -0.162507
0.0174833 0.821656 -0.162507
0.0179412 0.816759 -0.162507
0.0188571 0.806964 -0.162507
0.019773 0.797169 -0.162507
0.0211467 0.782477 -0.162507
0.0216047 0.777579 -0.162507
0.0229784 0.762887 -0.162507
0.0234364 0.75799 -0.162507
0.0243522 0.748195 -0.162507
0.0252681 0.7384 -0.162507
0.025726 0.733503 -0.162507
0.0261839 0.728605 -0.162507
0.0275577 0.713913 -0.162507
0.0307632 0.679631 -0.221278
0.0303053 0.684528 -0.162507
0.0303053 0.684528 -0.191893
0.0307632 0.679631 -0.162507
0.0312211 0.674734 -0.162507
0.0348846 0.635554 -0.162507
0.0358004 0.625759 -0.162507
0.0362584 0.620862 -0.162507
0.0376321 0.60617 -0.162507
0.0380901 0.601272 -0.162507
0.0390059 0.591478 -0.162507
0.012904 0.87063 -0.157609
0.013362 0.865733 -0.157609
0.0151937 0.846143 -0.157609
0.0161095 0.836348 -0.157609
0.0174833 0.821656 -0.157609
0.0183992 0.811861 -0.157609
0.0188571 0.806964 -0.157609
0.019315 0.802066 -0.157609
0.0216047 0.777579 -0.157609
0.0225205 0.767785 -0.157609
0.0243522 0.748195 -0.157609
0.025726 0.733503 -0.157609
0.0261839 0.728605 -0.157609
0.0275577 0.713913 -0.157609
0.0284736 0.704118 -0.157609
0.0293894 0.694323 -0.157609
0.0307632 0.679631 -0.201688
0.0303053 0.684528 -0.157609
0.0312211 0.674734 -0.157609
0.0344266 0.640452 -0.157609
0.0348846 0.635554 -0.157609
0.0367163 0.615965 -0.157609
0.0376321 0.60617 -0.157609
0.0380901 0.601272 -0.157609
0.038548 0.596375 -0.157609
0.0390059 0.591478 -0.157609
0.0394638 0.58658 -0.157609
0.0119882 0.880425 -0.152712
0.012904 0.87063 -0.152712
0.0142778 0.855938 -0.152712
0.0174833 0.821656 -0.152712
-0.0222126 0.877227 -0.216381
-0.188331 0.861695 -0.133121
0.0179412 0.816759 -0.152712
0.019315 0.802066 -0.152712
0.0216047 0.777579 -0.152712
0.0234364 0.75799 -0.152712
0.0238943 0.753092 -0.152712
0.0243522 0.748195 -0.152712
0.0183992 0.811861 -0.167405
0.0248102 0.743297 -0.152712
0.025726 0.733503 -0.152712
0.0270998 0.71881 -0.152712
0.0275577 0.713913 -0.152712
0.0284736 0.704118 -0.152712
0.0289315 0.699221 -0.152712
0.0303053 0.684528 -0.152712
0.0307632 0.679631 -0.152712
0.0316791 0.669836 -0.152712
0.032137 0.664939 -0.152712
0.0335108 0.650247 -0.152712
0.0339687 0.645349 -0.152712
0.0344266 0.640452 -0.152712
0.0348846 0.635554 -0.152712
0.0353425 0.630657 -0.152712
-0.0515276 0.874486 -0.186995
0.0358004 0.625759 -0.152712
0.0362584 0.620862 -0.152712
0.0280157 0.709016 -0.231074
0.0371742 0.611067 -0.152712
0.0380901 0.601272 -0.152712
0.038548 0.596375 -0.152712
0.0390059 0.591478 -0.152712
0.012904 0.87063 -0.147814
0.013362 0.865733 -0.147814
0.0147357 0.851041 -0.147814
-0.15413 0.864892 -0.211483
0.0165675 0.831451 -0.147814
0.0174833 0.821656 -0.147814
-0.188331 0.861695 -0.201688
0.0179412 0.816759 -0.147814
0.0298474 0.689426 -0.152712
0.019773 0.797169 -0.147814
0.00221652 0.879511 -0.157609
0.0202309 0.792272 -0.147814
0.0206888 0.787374 -0.147814
0.0225205 0.767785 -0.147814
0.0243522 0.748195 -0.147814
0.0261839 0.728605 -0.147814
-0.0564134 0.874029 -0.162507
0.0266419 0.723708 -0.147814
-0.100386 0.869918 -0.1772
0.0270998 0.71881 -0.147814
0.0275577 0.713913 -0.147814
0.0280157 0.709016 -0.147814
0.0298474 0.689426 -0.147814
0.0307632 0.679631 -0.182097
0.0303053 0.684528 -0.147814
0.0390059 0.591478 -0.19679
0.0312211 0.674734 -0.147814
0.00221652 0.879511 -0.211483
0.0316791 0.669836 -0.147814
0.032137 0.664939 -0.147814
0.0344266 0.640452 -0.147814
0.0348846 0.635554 -0.147814
0.0353425 0.630657 -0.147814
-0.0515276 0.874486 -0.172302
0.0358004 0.625759 -0.147814
0.0376321 0.60617 -0.147814
0.0380901 0.601272 -0.147814
0.0394638 0.58658 -0.147814
-0.124815 0.867634 -0.191893
0.0119882 0.880425 -0.142916
0.0124461 0.875528 -0.142916
0.012904 0.87063 -0.142916
0.013362 0.865733 -0.142916
0.0161095 0.836348 -0.142916
0.0165675 0.831451 -0.142916
0.0170254 0.826554 -0.142916
0.0179412 0.816759 -0.142916
0.0183992 0.811861 -0.142916
0.019315 0.802066 -0.142916
-0.0710709 0.872659 -0.138019
0.019773 0.797169 -0.142916
0.0216047 0.777579 -0.142916
-0.115043 0.868547 -0.231074
0.0238943 0.753092 -0.142916
0.0390059 0.591478 -0.201688
0.019315 0.802066 -0.1772
0.0312211 0.674734 -0.142916
0.0348846 0.635554 -0.142916
0.0353425 0.630657 -0.142916
0.0358004 0.625759 -0.142916
0.0362584 0.620862 -0.142916
0.0367163 0.615965 -0.142916
0.0376321 0.60617 -0.142916
0.0390059 0.591478 -0.142916
0.0124461 0.875528 -0.138019
0.0142778 0.855938 -0.138019
0.0151937 0.846143 -0.138019
-0.100386 0.869918 -0.19679
0.0161095 0.836348 -0.138019
0.0165675 0.831451 -0.138019
0.0170254 0.826554 -0.138019
0.0293894 0.694323 -0.147814
0.0188571 0.806964 -0.138019
0.019315 0.802066 -0.138019
0.019773 0.797169 -0.138019
-0.144358 0.865806 -0.19679
-0.105272 0.869461 -0.182097
0.0211467 0.782477 -0.138019
0.0216047 0.777579 -0.138019
0.0229784 0.762887 -0.138019
0.0243522 0.748195 -0.138019
0.025726 0.733503 -0.138019
-0.100386 0.869918 -0.211483
0.0270998 0.71881 -0.138019
0.0165675 0.831451 -0.211483
0.0275577 0.713913 -0.138019
0.0284736 0.704118 -0.138019
0.0188571 0.806964 -0.147814
0.0293894 0.694323 -0.138019
0.0303053 0.684528 -0.138019
0.0312211 0.674734 -0.138019
0.0344266 0.640452 -0.138019
0.0348846 0.635554 -0.138019
0.0358004 0.625759 -0.138019
0.0376321 0.60617 -0.138019
0.0380901 0.601272 -0.138019
0.0390059 0.591478 -0.138019
0.013362 0.865733 -0.133121
0.0138199 0.860835 -0.133121
0.0142778 0.855938 -0.133121
0.0147357 0.851041 -0.133121
0.0151937 0.846143 -0.133121
0.0161095 0.836348 -0.133121
0.0170254 0.826554 -0.133121
0.0174833 0.821656 -0.133121
0.0179412 0.816759 -0.133121
0.0188571 0.806964 -0.133121
0.019315 0.802066 -0.133121
0.0298474 0.689426 -0.138019
0.019773 0.797169 -0.133121
0.0234364 0.75799 -0.133121
0.0238943 0.753092 -0.133121
0.0243522 0.748195 -0.133121
-0.100386 0.869918 -0.221278
0.0270998 0.71881 -0.133121
0.0275577 0.713913 -0.133121
0.0280157 0.709016 -0.133121
0.0284736 0.704118 -0.133121
0.0293894 0.694323 -0.133121
0.0298474 0.689426 -0.133121
0.0303053 0.684528 -0.133121
0.0312211 0.674734 -0.133121
0.0316791 0.669836 -0.133121
0.032137 0.664939 -0.133121
0.0289315 0.699221 -0.216381
0.0367163 0.615965 -0.133121
0.0371742 0.611067 -0.133121
0.0390059 0.591478 -0.133121
0.0399218 0.581683 -0.231074
0.0301501 0.580769 -0.231074
0.0154926 0.579398 -0.231074
0.00572097 0.578485 -0.231074
0.000835145 0.578028 -0.231074
-0.00405068 0.577571 -0.231074
0.0330529 0.655144 -0.231074
-0.00893651 0.577114 -0.231074
-0.023594 0.575744 -0.231074
-0.0333657 0.57483 -0.231074
-0.0480231 0.57346 -0.231074
-0.052909 0.573003 -0.231074
-0.0577948 0.572546 -0.231074
-0.0626806 0.572089 -0.231074
-0.0675665 0.571632 -0.231074
-0.0773381 0.570718 -0.231074
-0.0871098 0.569805 -0.231074
-0.0968814 0.568891 -0.231074
-0.105272 0.869461 -0.162507
-0.101767 0.568434 -0.231074
-0.106653 0.567977 -0.231074
-0.111539 0.56752 -0.231074
-0.121311 0.566607 -0.231074
-0.135968 0.565236 -0.231074
-0.140854 0.564779 -0.231074
-0.14574 0.564323 -0.231074
0.0238943 0.753092 -0.167405
-0.160397 0.562952 -0.231074
-0.170169 0.562038 -0.231074
-0.0661851 0.873116 -0.138019
0.0203785 0.579855 -0.226176
0.0154926 0.579398 -0.226176
0.0106068 0.578942 -0.226176
0.00572097 0.578485 -0.226176
0.0339687 0.645349 -0.147814
0.000835145 0.578028 -0.226176
-0.00405068 0.577571 -0.226176
-0.00893651 0.577114 -0.226176
-0.0138223 0.576657 -0.226176
-0.0284798 0.575287 -0.226176
-0.00755514 0.878598 -0.211483
-0.0431373 0.573916 -0.226176
-0.0480231 0.57346 -0.226176
-0.052909 0.573003 -0.226176
-0.0577948 0.572546 -0.226176
-0.0626806 0.572089 -0.226176
-0.0675665 0.571632 -0.226176
-0.0724523 0.571175 -0.226176
-0.0919956 0.569348 -0.226176
-0.0968814 0.568891 -0.226176
-0.101767 0.568434 -0.226176
-0.106653 0.567977 -0.226176
-0.111539 0.56752 -0.226176
0.00710235 0.879968 -0.152712
-0.131082 0.565693 -0.226176
-0.140854 0.564779 -0.226176
-0.14574 0.564323 -0.226176
-0.150626 0.563866 -0.226176
-0.155511 0.563409 -0.226176
0.0399218 0.581683 -0.221278
0.0350359 0.581226 -0.221278
0.0154926 0.579398 -0.221278
0.0106068 0.578942 -0.221278
0.0339687 0.645349 -0.142916
0.000835145 0.578028 -0.221278
-0.00893651 0.577114 -0.221278
-0.0138223 0.576657 -0.221278
-0.0187082 0.576201 -0.221278
-0.023594 0.575744 -0.221278
-0.0382515 0.574373 -0.221278
-0.0431373 0.573916 -0.221278
-0.052909 0.573003 -0.221278
-0.0577948 0.572546 -0.221278
-0.0626806 0.572089 -0.221278
-0.0675665 0.571632 -0.221278
-0.0724523 0.571175 -0.221278
-0.0773381 0.570718 -0.221278
-0.0822239 0.570262 -0.221278
-0.0871098 0.569805 -0.221278
-0.012441 0.878141 -0.138019
-0.101767 0.568434 -0.221278
-0.0270984 0.87677 -0.157609
-0.106653 0.567977 -0.221278
-0.111539 0.56752 -0.221278
-0.121311 0.566607 -0.221278
0.0206888 0.787374 -0.152712
-0.126196 0.56615 -0.221278
-0.135968 0.565236 -0.221278
-0.140854 0.564779 -0.221278
-0.14574 0.564323 -0.221278
-0.150626 0.563866 -0.221278
0.0238943 0.753092 -0.186995
-0.160397 0.562952 -0.221278
-0.175055 0.561582 -0.221278
0.0350359 0.581226 -0.216381
0.0220626 0.772682 -0.216381
0.0252643 0.580312 -0.216381
0.0154926 0.579398 -0.216381
0.000835145 0.578028 -0.216381
-0.00405068 0.577571 -0.216381
-0.0284798 0.575287 -0.216381
-0.0382515 0.574373 -0.216381
-0.0480231 0.57346 -0.216381
-0.052909 0.573003 -0.216381
-0.0577948 0.572546 -0.216381
-0.0626806 0.572089 -0.216381
-0.0675665 0.571632 -0.216381
-0.0822239 0.570262 -0.216381
-0.0270984 0.87677 -0.152712
-0.106653 0.567977 -0.216381
-0.111539 0.56752 -0.216381
-0.121311 0.566607 -0.216381
-0.126196 0.56615 -0.216381
0.00710235 0.879968 -0.162507
-0.131082 0.565693 -0.216381
-0.14574 0.564323 -0.216381
-0.155511 0.563409 -0.216381
-0.170169 0.562038 -0.216381
0.0301501 0.580769 -0.211483
0.0220626 0.772682 -0.211483
0.0252643 0.580312 -0.211483
0.0154926 0.579398 -0.211483
0.0238943 0.753092 -0.226176
0.0106068 0.578942 -0.211483
0.00572097 0.578485 -0.211483
0.000835145 0.578028 -0.211483
-0.00893651 0.577114 -0.211483
-0.0138223 0.576657 -0.211483
-0.0187082 0.576201 -0.211483
-0.0284798 0.575287 -0.211483
-0.134587 0.86672 -0.191893
-0.0333657 0.57483 -0.211483
-0.0382515 0.574373 -0.211483
-0.0431373 0.573916 -0.211483
-0.0480231 0.57346 -0.211483
-0.0675665 0.571632 -0.211483
-0.0612992 0.873572 -0.201688
-0.0724523 0.571175 -0.211483
-0.0773381 0.570718 -0.211483
-0.0822239 0.570262 -0.211483
-0.0871098 0.569805 -0.211483
-0.0968814 0.568891 -0.211483
-0.105272 0.869461 -0.133121
-0.101767 0.568434 -0.211483
-0.106653 0.567977 -0.211483
-0.121311 0.566607 -0.211483
-0.140854 0.564779 -0.211483
-0.155511 0.563409 -0.211483
-0.175055 0.561582 -0.211483
0.0399218 0.581683 -0.206586
0.0350359 0.581226 -0.206586
0.0301501 0.580769 -0.206586
0.0220626 0.772682 -0.206586
0.0252643 0.580312 -0.206586
0.0203785 0.579855 -0.206586
0.0339687 0.645349 -0.162507
0.000835145 0.578028 -0.206586
-0.00405068 0.577571 -0.206586
-0.00893651 0.577114 -0.206586
-0.0138223 0.576657 -0.206586
-0.023594 0.575744 -0.206586
-0.0431373 0.573916 -0.206586
-0.0480231 0.57346 -0.206586
-0.0675665 0.571632 -0.206586
-0.0724523 0.571175 -0.206586
-0.0773381 0.570718 -0.206586
0.0330529 0.655144 -0.216381
-0.0919956 0.569348 -0.206586
-0.0968814 0.568891 -0.206586
-0.106653 0.567977 -0.206586
-0.111539 0.56752 -0.206586
-0.135968 0.565236 -0.206586
-0.14574 0.564323 -0.206586
-0.150626 0.563866 -0.206586
-0.155511 0.563409 -0.206586
0.0399218 0.581683 -0.201688
0.0350359 0.581226 -0.201688
0.0220626 0.772682 -0.201688
0.0252643 0.580312 -0.201688
0.0203785 0.579855 -0.201688
0.00572097 0.578485 -0.201688
0.0339687 0.645349 -0.172302
0.000835145 0.578028 -0.201688
-0.00893651 0.577114 -0.201688
-0.0187082 0.576201 -0.201688
-0.023594 0.575744 -0.201688
-0.134587 0.86672 -0.1772
-0.0333657 0.57483 -0.201688
-0.0382515 0.574373 -0.201688
-0.0480231 0.57346 -0.201688
-0.0577948 0.572546 -0.201688
-0.0626806 0.572089 -0.201688
-0.0612992 0.873572 -0.182097
-0.0724523 0.571175 -0.201688
-0.0773381 0.570718 -0.201688
0.0261839 0.728605 -0.142916
-0.0822239 0.570262 -0.201688
-0.0871098 0.569805 -0.201688
-0.0919956 0.569348 -0.201688
-0.101767 0.568434 -0.201688
-0.0270984 0.87677 -0.186995
-0.106653 0.567977 -0.201688
-0.111539 0.56752 -0.201688
-0.116425 0.567064 -0.201688
-0.140854 0.564779 -0.201688
-0.14574 0.564323 -0.201688
-0.175055 0.561582 -0.201688
0.0350359 0.581226 -0.19679
0.0220626 0.772682 -0.19679
0.0252643 0.580312 -0.19679
0.0203785 0.579855 -0.19679
0.0154926 0.579398 -0.19679
-0.115043 0.868547 -0.201688
0.0106068 0.578942 -0.19679
0.00572097 0.578485 -0.19679
0.0339687 0.645349 -0.167405
0.000835145 0.578028 -0.19679
-0.00405068 0.577571 -0.19679
-0.00893651 0.577114 -0.19679
-0.0138223 0.576657 -0.19679
-0.0284798 0.575287 -0.19679
-0.052909 0.573003 -0.19679
-0.0577948 0.572546 -0.19679
-0.0626806 0.572089 -0.19679
-0.0675665 0.571632 -0.19679
-0.0612992 0.873572 -0.186995
-0.0724523 0.571175 -0.19679
-0.0773381 0.570718 -0.19679
-0.0919956 0.569348 -0.19679
-0.106653 0.567977 -0.19679
-0.121311 0.566607 -0.19679
-0.140854 0.564779 -0.19679
-0.150626 0.563866 -0.19679
-0.155511 0.563409 -0.19679
0.0350359 0.581226 -0.191893
0.0154926 0.579398 -0.191893
0.000835145 0.578028 -0.191893
-0.0138223 0.576657 -0.191893
-0.0187082 0.576201 -0.191893
-0.023594 0.575744 -0.191893
-0.0284798 0.575287 -0.191893
-0.0480231 0.57346 -0.191893
-0.052909 0.573003 -0.191893
-0.0577948 0.572546 -0.191893
-0.0626806 0.572089 -0.191893
-0.0675665 0.571632 -0.191893
-0.0822239 0.570262 -0.191893
-0.0871098 0.569805 -0.191893
-0.106653 0.567977 -0.191893
-0.111539 0.56752 -0.191893
-0.121311 0.566607 -0.191893
-0.116425 0.567064 -0.231074
-0.126196 0.56615 -0.191893
-0.012441 0.878141 -0.226176
0.00710235 0.879968 -0.186995
-0.131082 0.565693 -0.191893
-0.135968 0.565236 -0.191893
-0.150626 0.563866 -0.191893
-0.110158 0.869004 -0.182097
-0.155511 0.563409 -0.191893
0.0325949 0.660041 -0.226176
-0.165283 0.562495 -0.191893
0.0350359 0.581226 -0.186995
0.0220626 0.772682 -0.186995
0.0252643 0.580312 -0.186995
0.0238943 0.753092 -0.201688
0.0106068 0.578942 -0.186995
0.000835145 0.578028 -0.186995
-0.00405068 0.577571 -0.186995
-0.0138223 0.576657 -0.186995
-0.023594 0.575744 -0.186995
-0.0284798 0.575287 -0.186995
-0.0431373 0.573916 -0.186995
-0.0626806 0.572089 -0.186995
-0.0675665 0.571632 -0.186995
-0.0773381 0.570718 -0.186995
-0.0822239 0.570262 -0.186995
-0.0919956 0.569348 -0.186995
-0.0968814 0.568891 -0.186995
-0.101767 0.568434 -0.186995
-0.111539 0.56752 -0.186995
-0.00266931 0.879055 -0.138019
-0.121311 0.566607 -0.186995
-0.126196 0.56615 -0.186995
-0.012441 0.878141 -0.206586
0.0211467 0.782477 -0.19679
-0.131082 0.565693 -0.186995
-0.135968 0.565236 -0.186995
0.0225205 0.767785 -0.1772
-0.14574 0.564323 -0.186995
-0.155511 0.563409 -0.186995
0.0106068 0.578942 -0.206586
-0.160397 0.562952 -0.186995
-0.175055 0.561582 -0.186995
0.0350359 0.581226 -0.182097
0.0301501 0.580769 -0.182097
0.0220626 0.772682 -0.182097
0.0252643 0.580312 -0.182097
-0.0661851 0.873116 -0.186995
0.0203785 0.579855 -0.182097
-0.115043 0.868547 -0.211483
0.0238943 0.753092 -0.221278
-0.160397 0.562952 -0.211483
0.0106068 0.578942 -0.182097
0.00572097 0.578485 -0.182097
-0.00405068 0.577571 -0.182097
-0.00893651 0.577114 -0.182097
-0.0138223 0.576657 -0.182097
-0.0187082 0.576201 -0.182097
-0.0284798 0.575287 -0.182097
-0.0382515 0.574373 -0.182097
-0.052909 0.573003 -0.182097
-0.0577948 0.572546 -0.182097
-0.0675665 0.571632 -0.182097
-0.0724523 0.571175 -0.182097
-0.0773381 0.570718 -0.182097
-0.0564134 0.874029 -0.147814
0.025726 0.733503 -0.216381
-0.0822239 0.570262 -0.182097
-0.0871098 0.569805 -0.182097
-0.0919956 0.569348 -0.182097
-0.111539 0.56752 -0.182097
-0.121311 0.566607 -0.182097
-0.126196 0.56615 -0.182097
-0.135968 0.565236 -0.182097
0.0225205 0.767785 -0.182097
-0.14574 0.564323 -0.182097
0.0151937 0.846143 -0.142916
-0.150626 0.563866 -0.182097
-0.115043 0.868547 -0.206586
0.0238943 0.753092 -0.216381
-0.160397 0.562952 -0.182097
-0.165283 0.562495 -0.216381
-0.175055 0.561582 -0.182097
0.0399218 0.581683 -0.1772
0.0350359 0.581226 -0.1772
0.0203785 0.579855 -0.1772
-0.0466418 0.874943 -0.142916
0.0154926 0.579398 -0.1772
-0.115043 0.868547 -0.182097
0.0238943 0.753092 -0.191893
-0.160397 0.562952 -0.206586
0.0106068 0.578942 -0.1772
-0.00405068 0.577571 -0.1772
-0.0138223 0.576657 -0.1772
-0.0187082 0.576201 -0.1772
-0.023594 0.575744 -0.1772
0.0289315 0.699221 -0.167405
-0.0284798 0.575287 -0.1772
-0.0382515 0.574373 -0.1772
-0.0808426 0.871745 -0.186995
-0.00266931 0.879055 -0.182097
-0.0480231 0.57346 -0.1772
0.0138199 0.860835 -0.1772
-0.052909 0.573003 -0.1772
-0.0626806 0.572089 -0.1772
-0.0773381 0.570718 -0.1772
-0.0871098 0.569805 -0.1772
-0.0919956 0.569348 -0.1772
0.0119882 0.880425 -0.191893
-0.0968814 0.568891 -0.1772
-0.101767 0.568434 -0.1772
-0.106653 0.567977 -0.1772
-0.111539 0.56752 -0.1772
-0.116425 0.567064 -0.1772
-0.121311 0.566607 -0.1772
-0.135968 0.565236 -0.1772
-0.140854 0.564779 -0.1772
0.0225205 0.767785 -0.162507
-0.14574 0.564323 -0.1772
0.0151937 0.846143 -0.147814
-0.150626 0.563866 -0.1772
-0.00755514 0.878598 -0.182097
-0.155511 0.563409 -0.1772
-0.160397 0.562952 -0.1772
-0.163902 0.863979 -0.19679
0.0399218 0.581683 -0.172302
-0.202988 0.860324 -0.147814
0.0301501 0.580769 -0.172302
-0.0661851 0.873116 -0.191893
0.0203785 0.579855 -0.172302
-0.160397 0.562952 -0.201688
0.0106068 0.578942 -0.172302
-0.00405068 0.577571 -0.172302
-0.0138223 0.576657 -0.172302
-0.023594 0.575744 -0.172302
0.0289315 0.699221 -0.157609
-0.0284798 0.575287 -0.172302
-0.0382515 0.574373 -0.172302
-0.0808426 0.871745 -0.19679
-0.0480231 0.57346 -0.172302
0.0138199 0.860835 -0.167405
-0.052909 0.573003 -0.172302
-0.0577948 0.572546 -0.172302
-0.0626806 0.572089 -0.172302
-0.0675665 0.571632 -0.172302
-0.0724523 0.571175 -0.172302
-0.0773381 0.570718 -0.172302
-0.0871098 0.569805 -0.172302
-0.0919956 0.569348 -0.172302
0.0119882 0.880425 -0.186995
-0.0968814 0.568891 -0.172302
-0.106653 0.567977 -0.172302
-0.126196 0.56615 -0.172302
-0.131082 0.565693 -0.172302
-0.135968 0.565236 -0.172302
-0.140854 0.564779 -0.172302
0.0151937 0.846143 -0.182097
-0.150626 0.563866 -0.172302
-0.155511 0.563409 -0.172302
0.0252681 0.7384 -0.142916
-0.170169 0.562038 -0.172302
-0.175055 0.561582 -0.172302
-0.163902 0.863979 -0.201688
0.0399218 0.581683 -0.167405
0.0203785 0.579855 -0.167405
0.0154926 0.579398 -0.167405
0.0348846 0.635554 -0.206586
0.000835145 0.578028 -0.167405
-0.00405068 0.577571 -0.167405
0.0330529 0.655144 -0.167405
-0.00893651 0.577114 -0.167405
-0.0138223 0.576657 -0.167405
-0.0187082 0.576201 -0.167405
-0.023594 0.575744 -0.167405
0.0289315 0.699221 -0.162507
-0.0284798 0.575287 -0.167405
-0.0382515 0.574373 -0.167405
-0.0431373 0.573916 -0.167405
0.0138199 0.860835 -0.147814
-0.052909 0.573003 -0.167405
-0.0577948 0.572546 -0.167405
-0.0724523 0.571175 -0.167405
-0.0871098 0.569805 -0.167405
0.0119882 0.880425 -0.182097
-0.0968814 0.568891 -0.167405
-0.101767 0.568434 -0.167405
-0.106653 0.567977 -0.167405
-0.111539 0.56752 -0.167405
-0.116425 0.567064 -0.167405
-0.121311 0.566607 -0.167405
-0.116425 0.567064 -0.206586
-0.126196 0.56615 -0.167405
-0.012441 0.878141 -0.201688
-0.131082 0.565693 -0.167405
-0.135968 0.565236 -0.167405
-0.140854 0.564779 -0.167405
0.0225205 0.767785 -0.201688
-0.14574 0.564323 -0.167405
-0.110158 0.869004 -0.206586
-0.155511 0.563409 -0.167405
-0.165283 0.562495 -0.206586
-0.175055 0.561582 -0.167405
0.0350359 0.581226 -0.162507
0.0220626 0.772682 -0.162507
0.0252643 0.580312 -0.162507
0.0154926 0.579398 -0.162507
0.0106068 0.578942 -0.162507
0.0348846 0.635554 -0.19679
0.000835145 0.578028 -0.162507
0.0330529 0.655144 -0.162507
-0.00893651 0.577114 -0.162507
-0.0138223 0.576657 -0.162507
-0.0187082 0.576201 -0.162507
-0.0284798 0.575287 -0.162507
-0.0382515 0.574373 -0.162507
0.0138199 0.860835 -0.162507
-0.052909 0.573003 -0.162507
-0.0626806 0.572089 -0.162507
-0.0724523 0.571175 -0.162507
-0.0773381 0.570718 -0.162507
-0.0871098 0.569805 -0.162507
-0.101767 0.568434 -0.162507
-0.106653 0.567977 -0.162507
-0.116425 0.567064 -0.162507
-0.140854 0.564779 -0.162507
-0.14574 0.564323 -0.162507
-0.110158 0.869004 -0.191893
-0.155511 0.563409 -0.162507
-0.115043 0.868547 -0.162507
0.0106068 0.578942 -0.231074
-0.160397 0.562952 -0.162507
-0.175055 0.561582 -0.162507
0.0399218 0.581683 -0.157609
0.0350359 0.581226 -0.157609
-0.0466418 0.874943 -0.138019
0.0154926 0.579398 -0.157609
-0.0759567 0.872202 -0.167405
0.0106068 0.578942 -0.157609
0.00572097 0.578485 -0.157609
0.0348846 0.635554 -0.201688
0.000835145 0.578028 -0.157609
-0.00405068 0.577571 -0.157609
0.0330529 0.655144 -0.157609
-0.00893651 0.577114 -0.157609
-0.0187082 0.576201 -0.157609
-0.0284798 0.575287 -0.157609
-0.00266931 0.879055 -0.211483
-0.0480231 0.57346 -0.157609
-0.052909 0.573003 -0.157609
-0.0626806 0.572089 -0.157609
-0.0724523 0.571175 -0.157609
-0.0822239 0.570262 -0.157609
-0.0919956 0.569348 -0.157609
0.0119882 0.880425 -0.19679
-0.0968814 0.568891 -0.157609
-0.101767 0.568434 -0.157609
-0.111539 0.56752 -0.157609
-0.126196 0.56615 -0.157609
0.0211467 0.782477 -0.216381
-0.131082 0.565693 -0.157609
-0.135968 0.565236 -0.157609
0.0225205 0.767785 -0.206586
-0.14574 0.564323 -0.157609
-0.110158 0.869004 -0.19679
-0.155511 0.563409 -0.157609
0.0252681 0.7384 -0.152712
-0.170169 0.562038 -0.157609
0.0301501 0.580769 -0.152712
0.0154926 0.579398 -0.152712
-0.0759567 0.872202 -0.147814
0.0234364 0.75799 -0.182097
0.0106068 0.578942 -0.152712
0.000835145 0.578028 -0.152712
-0.0138223 0.576657 -0.152712
0.0289315 0.699221 -0.191893
-0.0284798 0.575287 -0.152712
-0.0333657 0.57483 -0.152712
-0.0382515 0.574373 -0.152712
-0.0431373 0.573916 -0.152712
-0.052909 0.573003 -0.152712
-0.0577948 0.572546 -0.152712
-0.0626806 0.572089 -0.152712
-0.0724523 0.571175 -0.152712
-0.0773381 0.570718 -0.152712
-0.023594 0.575744 -0.182097
-0.101767 0.568434 -0.152712
-0.106653 0.567977 -0.152712
-0.111539 0.56752 -0.152712
-0.121311 0.566607 -0.152712
-0.140854 0.564779 -0.152712
-0.0808426 0.871745 -0.182097
-0.00266931 0.879055 -0.152712
0.0151937 0.846143 -0.172302
-0.150626 0.563866 -0.152712
-0.115043 0.868547 -0.152712
-0.160397 0.562952 -0.152712
0.0399218 0.581683 -0.147814
0.0301501 0.580769 -0.147814
0.0220626 0.772682 -0.147814
0.0252643 0.580312 -0.147814
-0.0661851 0.873116 -0.167405
0.0203785 0.579855 -0.147814
0.0154926 0.579398 -0.147814
0.0330529 0.655144 -0.172302
-0.00893651 0.577114 -0.147814
-0.0138223 0.576657 -0.147814
-0.0187082 0.576201 -0.147814
0.0289315 0.699221 -0.182097
-0.0284798 0.575287 -0.147814
-0.0382515 0.574373 -0.147814
-0.0808426 0.871745 -0.221278
-0.0480231 0.57346 -0.147814
-0.052909 0.573003 -0.147814
-0.0577948 0.572546 -0.147814
-0.0724523 0.571175 -0.147814
-0.0773381 0.570718 -0.147814
-0.0564134 0.874029 -0.133121
-0.0822239 0.570262 -0.147814
-0.0871098 0.569805 -0.147814
-0.0919956 0.569348 -0.147814
-0.0968814 0.568891 -0.147814
-0.023594 0.575744 -0.19679
-0.101767 0.568434 -0.147814
-0.106653 0.567977 -0.147814
-0.111539 0.56752 -0.147814
-0.126196 0.56615 -0.147814
-0.131082 0.565693 -0.147814
-0.140854 0.564779 -0.147814
0.0225205 0.767785 -0.19679
-0.14574 0.564323 -0.147814
-0.155511 0.563409 -0.147814
-0.115043 0.868547 -0.147814
0.0106068 0.578942 -0.216381
-0.160397 0.562952 -0.147814
0.0350359 0.581226 -0.142916
-0.0661851 0.873116 -0.221278
0.0203785 0.579855 -0.142916
-0.0759567 0.872202 -0.152712
0.0234364 0.75799 -0.167405
0.0106068 0.578942 -0.142916
0.0348846 0.635554 -0.231074
0.000835145 0.578028 -0.142916
0.0330529 0.655144 -0.142916
-0.0919956 0.569348 -0.231074
-0.00893651 0.577114 -0.142916
-0.0138223 0.576657 -0.142916
-0.023594 0.575744 -0.142916
-0.0431373 0.573916 -0.142916
-0.0626806 0.572089 -0.142916
-0.0675665 0.571632 -0.142916
-0.0724523 0.571175 -0.142916
-0.0871098 0.569805 -0.142916
-0.0919956 0.569348 -0.142916
-0.106653 0.567977 -0.142916
-0.111539 0.56752 -0.142916
-0.116425 0.567064 -0.142916
-0.135968 0.565236 -0.142916
-0.140854 0.564779 -0.142916
-0.0808426 0.871745 -0.201688
-0.00266931 0.879055 -0.167405
-0.150626 0.563866 -0.142916
-0.160397 0.562952 -0.142916
-0.165283 0.562495 -0.182097
-0.175055 0.561582 -0.142916
-0.0661851 0.873116 -0.226176
0.0203785 0.579855 -0.138019
0.0154926 0.579398 -0.138019
0.0330529 0.655144 -0.138019
-0.0919956 0.569348 -0.211483
-0.00893651 0.577114 -0.138019
-0.0138223 0.576657 -0.138019
-0.0187082 0.576201 -0.138019
-0.023594 0.575744 -0.138019
-0.0515276 0.874486 -0.138019
-0.0333657 0.57483 -0.138019
-0.00266931 0.879055 -0.19679
-0.0480231 0.57346 -0.138019
-0.0577948 0.572546 -0.138019
-0.0626806 0.572089 -0.138019
-0.0724523 0.571175 -0.138019
-0.0773381 0.570718 -0.138019
-0.0871098 0.569805 -0.138019
-0.101767 0.568434 -0.138019
-0.111539 0.56752 -0.138019
-0.14574 0.564323 -0.138019
-0.00266931 0.879055 -0.172302
-0.150626 0.563866 -0.138019
-0.160397 0.562952 -0.138019
-0.165283 0.562495 -0.138019
0.0325949 0.660041 -0.152712
-0.165283 0.562495 -0.186995
-0.175055 0.561582 -0.138019
0.0399218 0.581683 -0.133121
0.0350359 0.581226 -0.133121
-0.0759567 0.872202 -0.142916
0.0234364 0.75799 -0.1772
0.0106068 0.578942 -0.133121
0.0353425 0.630657 -0.216381
0.00572097 0.578485 -0.133121
0.0348846 0.635554 -0.226176
0.000835145 0.578028 -0.133121
-0.00405068 0.577571 -0.133121
0.0330529 0.655144 -0.133121
-0.0919956 0.569348 -0.216381
-0.00893651 0.577114 -0.133121
-0.023594 0.575744 -0.133121
-0.0284798 0.575287 -0.133121
-0.0382515 0.574373 -0.133121
-0.150626 0.563866 -0.162507
-0.0480231 0.57346 -0.133121
-0.0577948 0.572546 -0.133121
-0.0626806 0.572089 -0.133121
-0.0822239 0.570262 -0.133121
-0.0773381 0.570718 -0.191893
-0.0919956 0.569348 -0.133121
-0.0968814 0.568891 -0.133121
-0.101767 0.568434 -0.133121
-0.0270984 0.87677 -0.201688
-0.106653 0.567977 -0.133121
-0.111539 0.56752 -0.133121
-0.121311 0.566607 -0.133121
-0.135968 0.565236 -0.133121
-0.140854 0.564779 -0.133121
0.0225205 0.767785 -0.231074
-0.14574 0.564323 -0.133121
-0.0480231 0.57346 -0.162507
-0.150626 0.563866 -0.133121
-0.110158 0.869004 -0.221278
-0.155511 0.563409 -0.133121
-0.165283 0.562495 -0.133121
-0.179941 0.561125 -0.231074
-0.188331 0.861695 -0.182097
-0.180398 0.566022 -0.231074
-0.181314 0.575817 -0.231074
-0.181772 0.580714 -0.231074
-0.193217 0.861238 -0.231074
-0.182688 0.590509 -0.231074
-0.183604 0.600304 -0.231074
-0.184062 0.605201 -0.231074
-0.184978 0.614996 -0.231074
-0.186352 0.629689 -0.231074
-0.188183 0.649278 -0.231074
-0.18452 0.610099 -0.231074
-0.188641 0.654176 -0.231074
-0.189099 0.659073 -0.231074
-0.0333657 0.57483 -0.167405
-0.183146 0.595407 -0.231074
-0.189557 0.66397 -0.231074
-0.190015 0.668868 -0.231074
-0.190473 0.673765 -0.231074
-0.168787 0.863522 -0.182097
-0.190931 0.678663 -0.231074
-0.191847 0.688458 -0.231074
0.0252681 0.7384 -0.191893
-0.192305 0.693355 -0.231074
-0.19322 0.70315 -0.231074
-0.194594 0.717842 -0.231074
0.0335108 0.650247 -0.142916
-0.195052 0.722739 -0.231074
0.0316791 0.669836 -0.142916
-0.19551 0.727637 -0.231074
-0.144358 0.865806 -0.191893
-0.196426 0.737432 -0.231074
0.0371742 0.611067 -0.206586
-0.196884 0.742329 -0.231074
0.0371742 0.611067 -0.147814
-0.198716 0.761919 -0.231074
-0.199173 0.766816 -0.231074
-0.200089 0.776611 -0.231074
-0.200547 0.781508 -0.231074
-0.201463 0.791303 -0.231074
-0.201921 0.796201 -0.231074
-0.202379 0.801098 -0.231074
-0.202837 0.805996 -0.231074
-0.204211 0.820688 -0.231074
-0.204669 0.825585 -0.231074
-0.205127 0.830483 -0.231074
-0.205584 0.83538 -0.231074
-0.173673 0.863065 -0.162507
-0.206042 0.840277 -0.231074
-0.206958 0.850072 -0.231074
-0.207874 0.859867 -0.231074
0.0183992 0.811861 -0.211483
-0.180856 0.57092 -0.226176
-0.181314 0.575817 -0.226176
-0.0968814 0.568891 -0.201688
-0.181772 0.580714 -0.226176
-0.18223 0.585612 -0.226176
-0.183604 0.600304 -0.226176
-0.184062 0.605201 -0.226176
-0.184978 0.614996 -0.226176
-0.185436 0.619894 -0.226176
-0.119929 0.86809 -0.1772
-0.186352 0.629689 -0.226176
-0.186809 0.634586 -0.226176
-0.188183 0.649278 -0.226176
-0.18452 0.610099 -0.226176
-0.188641 0.654176 -0.226176
0.00572097 0.578485 -0.221278
-0.189099 0.659073 -0.226176
-0.190015 0.668868 -0.226176
-0.190473 0.673765 -0.226176
-0.190931 0.678663 -0.226176
-0.191389 0.68356 -0.226176
-0.0222126 0.877227 -0.201688
-0.193678 0.708047 -0.226176
-0.194136 0.712945 -0.226176
-0.0857284 0.871288 -0.186995
-0.194594 0.717842 -0.226176
-0.195052 0.722739 -0.226176
-0.165283 0.562495 -0.1772
-0.195968 0.732534 -0.226176
-0.144358 0.865806 -0.211483
-0.105272 0.869461 -0.191893
-0.196426 0.737432 -0.226176
0.0371742 0.611067 -0.216381
-0.196884 0.742329 -0.226176
-0.197342 0.747227 -0.226176
-0.1978 0.752124 -0.226176
-0.198258 0.757021 -0.226176
-0.199173 0.766816 -0.226176
0.038548 0.596375 -0.201688
-0.199631 0.771714 -0.226176
-0.200089 0.776611 -0.226176
-0.200547 0.781508 -0.226176
-0.201005 0.786406 -0.226176
0.0220626 0.772682 -0.226176
0.0252643 0.580312 -0.226176
-0.202379 0.801098 -0.226176
-0.110158 0.869004 -0.152712
-0.202837 0.805996 -0.226176
-0.203295 0.810893 -0.226176
-0.204211 0.820688 -0.226176
-0.204669 0.825585 -0.226176
-0.205127 0.830483 -0.226176
-0.205584 0.83538 -0.226176
-0.173673 0.863065 -0.167405
-0.206042 0.840277 -0.226176
-0.2065 0.845175 -0.226176
-0.179941 0.561125 -0.221278
0.0183992 0.811861 -0.182097
-0.180856 0.57092 -0.221278
-0.181772 0.580714 -0.221278
-0.18223 0.585612 -0.221278
-0.193217 0.861238 -0.221278
-0.182688 0.590509 -0.221278
-0.183604 0.600304 -0.221278
-0.184062 0.605201 -0.221278
-0.198258 0.757021 -0.231074
-0.185894 0.624791 -0.221278
-0.187725 0.644381 -0.221278
-0.18452 0.610099 -0.221278
-0.188641 0.654176 -0.221278
0.00572097 0.578485 -0.216381
-0.189099 0.659073 -0.221278
-0.190015 0.668868 -0.221278
-0.190473 0.673765 -0.221278
-0.190931 0.678663 -0.221278
-0.191847 0.688458 -0.221278
-0.19322 0.70315 -0.221278
-0.194136 0.712945 -0.221278
-0.194594 0.717842 -0.221278
-0.195052 0.722739 -0.221278
-0.178559 0.862608 -0.226176
0.0316791 0.669836 -0.1772
0.0202309 0.792272 -0.133121
-0.19551 0.727637 -0.221278
0.0371742 0.611067 -0.186995
-0.198716 0.761919 -0.221278
-0.199173 0.766816 -0.221278
-0.200089 0.776611 -0.221278
-0.201005 0.786406 -0.221278
-0.201463 0.791303 -0.221278
-0.201921 0.796201 -0.221278
-0.202379 0.801098 -0.221278
-0.110158 0.869004 -0.133121
-0.202837 0.805996 -0.221278
-0.203295 0.810893 -0.221278
-0.204669 0.825585 -0.221278
-0.205127 0.830483 -0.221278
-0.205584 0.83538 -0.221278
0.0252681 0.7384 -0.226176
-0.179941 0.561125 -0.216381
-0.181314 0.575817 -0.216381
-0.193217 0.861238 -0.216381
-0.182688 0.590509 -0.216381
-0.183604 0.600304 -0.216381
-0.184062 0.605201 -0.216381
-0.184978 0.614996 -0.216381
-0.0319843 0.876314 -0.138019
-0.1978 0.752124 -0.231074
-0.185436 0.619894 -0.216381
-0.202988 0.860324 -0.142916
-0.187267 0.639483 -0.216381
-0.18452 0.610099 -0.216381
-0.188641 0.654176 -0.216381
-0.189099 0.659073 -0.216381
-0.190015 0.668868 -0.216381
-0.190473 0.673765 -0.216381
-0.191389 0.68356 -0.216381
-0.191847 0.688458 -0.216381
-0.0222126 0.877227 -0.167405
-0.193678 0.708047 -0.216381
-0.194136 0.712945 -0.216381
-0.194594 0.717842 -0.216381
0.0335108 0.650247 -0.206586
-0.195052 0.722739 -0.216381
0.0316791 0.669836 -0.182097
-0.19551 0.727637 -0.216381
0.0325949 0.660041 -0.1772
-0.165283 0.562495 -0.162507
-0.195968 0.732534 -0.216381
0.0211467 0.782477 -0.133121
-0.196426 0.737432 -0.216381
-0.197342 0.747227 -0.216381
0.0371742 0.611067 -0.182097
-0.198716 0.761919 -0.216381
-0.199173 0.766816 -0.216381
0.038548 0.596375 -0.216381
-0.199631 0.771714 -0.216381
-0.200547 0.781508 -0.216381
-0.201005 0.786406 -0.216381
-0.201921 0.796201 -0.216381
-0.110158 0.869004 -0.162507
-0.202837 0.805996 -0.216381
-0.203295 0.810893 -0.216381
-0.203753 0.81579 -0.216381
-0.204211 0.820688 -0.216381
-0.204669 0.825585 -0.216381
-0.205127 0.830483 -0.216381
-0.205584 0.83538 -0.216381
-0.206042 0.840277 -0.216381
0.0266419 0.723708 -0.1772
-0.206958 0.850072 -0.216381
-0.202988 0.860324 -0.201688
-0.207416 0.85497 -0.216381
-0.179941 0.561125 -0.211483
-0.181772 0.580714 -0.211483
0.0119882 0.880425 -0.231074
-0.18223 0.585612 -0.211483
-0.184062 0.605201 -0.211483
-0.184978 0.614996 -0.211483
-0.198258 0.757021 -0.216381
-0.185894 0.624791 -0.211483
-0.198102 0.860781 -0.201688
-0.159016 0.864436 -0.152712
-0.186352 0.629689 -0.211483
-0.186809 0.634586 -0.211483
-0.189099 0.659073 -0.211483
-0.134587 0.86672 -0.133121
-0.0333657 0.57483 -0.172302
-0.183146 0.595407 -0.211483
-0.189557 0.66397 -0.211483
-0.190015 0.668868 -0.211483
-0.190473 0.673765 -0.211483
-0.191389 0.68356 -0.211483
-0.191847 0.688458 -0.211483
-0.170169 0.562038 -0.167405
-0.192305 0.693355 -0.211483
-0.192762 0.698252 -0.211483
-0.19322 0.70315 -0.211483
-0.193678 0.708047 -0.211483
-0.0857284 0.871288 -0.226176
-0.194594 0.717842 -0.211483
-0.195052 0.722739 -0.211483
0.0325949 0.660041 -0.167405
-0.165283 0.562495 -0.226176
-0.195968 0.732534 -0.211483
0.0211467 0.782477 -0.147814
-0.196426 0.737432 -0.211483
0.0371742 0.611067 -0.1772
-0.196884 0.742329 -0.211483
-0.197342 0.747227 -0.211483
-0.185436 0.619894 -0.221278
-0.1978 0.752124 -0.211483
-0.199173 0.766816 -0.211483
-0.199631 0.771714 -0.211483
-0.200089 0.776611 -0.211483
-0.200547 0.781508 -0.211483
-0.202379 0.801098 -0.211483
-0.202837 0.805996 -0.211483
-0.203295 0.810893 -0.211483
-0.203753 0.81579 -0.211483
-0.204211 0.820688 -0.211483
-0.204669 0.825585 -0.211483
-0.206042 0.840277 -0.211483
0.0266419 0.723708 -0.167405
-0.206958 0.850072 -0.211483
-0.0222126 0.877227 -0.138019
0.0252681 0.7384 -0.211483
-0.179941 0.561125 -0.206586
0.0183992 0.811861 -0.191893
-0.180856 0.57092 -0.206586
-0.181314 0.575817 -0.206586
-0.193217 0.861238 -0.206586
-0.182688 0.590509 -0.206586
-0.183604 0.600304 -0.206586
-0.184978 0.614996 -0.206586
-0.186809 0.634586 -0.206586
-0.187725 0.644381 -0.206586
-0.188183 0.649278 -0.206586
-0.18452 0.610099 -0.206586
-0.188641 0.654176 -0.206586
-0.134587 0.86672 -0.211483
-0.0333657 0.57483 -0.191893
-0.183146 0.595407 -0.206586
-0.189557 0.66397 -0.206586
-0.190473 0.673765 -0.206586
0.0156516 0.841246 -0.191893
-0.191389 0.68356 -0.206586
-0.170169 0.562038 -0.19679
-0.192305 0.693355 -0.206586
-0.19322 0.70315 -0.206586
-0.193678 0.708047 -0.206586
0.0335108 0.650247 -0.216381
-0.195052 0.722739 -0.206586
-0.178559 0.862608 -0.231074
-0.144358 0.865806 -0.182097
0.0316791 0.669836 -0.167405
0.0202309 0.792272 -0.138019
-0.19551 0.727637 -0.206586
-0.195968 0.732534 -0.206586
0.0371742 0.611067 -0.231074
-0.196884 0.742329 -0.206586
-0.197342 0.747227 -0.206586
-0.1978 0.752124 -0.206586
-0.198258 0.757021 -0.206586
-0.198716 0.761919 -0.206586
-0.199173 0.766816 -0.206586
-0.200089 0.776611 -0.206586
-0.200547 0.781508 -0.206586
-0.201005 0.786406 -0.206586
-0.201463 0.791303 -0.206586
-0.201921 0.796201 -0.206586
0.0220626 0.772682 -0.152712
0.0252643 0.580312 -0.152712
-0.202379 0.801098 -0.206586
-0.110158 0.869004 -0.142916
-0.202837 0.805996 -0.206586
-0.203295 0.810893 -0.206586
-0.203753 0.81579 -0.206586
-0.204211 0.820688 -0.206586
-0.205127 0.830483 -0.206586
0.0142778 0.855938 -0.172302
-0.205584 0.83538 -0.206586
-0.2065 0.845175 -0.206586
0.0170254 0.826554 -0.162507
-0.207874 0.859867 -0.206586
-0.180398 0.566022 -0.201688
0.0183992 0.811861 -0.186995
-0.180856 0.57092 -0.201688
-0.181314 0.575817 -0.201688
-0.193217 0.861238 -0.201688
-0.182688 0.590509 -0.201688
-0.183604 0.600304 -0.201688
-0.184062 0.605201 -0.201688
-0.0319843 0.876314 -0.147814
-0.185436 0.619894 -0.201688
-0.159016 0.864436 -0.147814
-0.186352 0.629689 -0.201688
-0.186809 0.634586 -0.201688
-0.18452 0.610099 -0.201688
-0.188641 0.654176 -0.201688
0.00572097 0.578485 -0.147814
-0.189099 0.659073 -0.201688
-0.134587 0.86672 -0.216381
-0.0333657 0.57483 -0.186995
-0.183146 0.595407 -0.201688
-0.189557 0.66397 -0.201688
0.0358004 0.625759 -0.221278
-0.190015 0.668868 -0.201688
-0.190931 0.678663 -0.201688
-0.192762 0.698252 -0.201688
-0.19322 0.70315 -0.201688
-0.0857284 0.871288 -0.211483
-0.194594 0.717842 -0.201688
-0.195052 0.722739 -0.201688
0.00221652 0.879511 -0.167405
0.0202309 0.792272 -0.152712
-0.19551 0.727637 -0.201688
0.0325949 0.660041 -0.162507
-0.175055 0.561582 -0.19679
-0.195968 0.732534 -0.201688
-0.1978 0.752124 -0.201688
-0.198258 0.757021 -0.201688
-0.199631 0.771714 -0.201688
-0.200089 0.776611 -0.201688
-0.200547 0.781508 -0.201688
-0.203295 0.810893 -0.201688
-0.203753 0.81579 -0.201688
-0.204211 0.820688 -0.201688
-0.204669 0.825585 -0.201688
-0.205127 0.830483 -0.201688
-0.2065 0.845175 -0.201688
0.0266419 0.723708 -0.162507
-0.206958 0.850072 -0.201688
0.0301501 0.580769 -0.201688
-0.207416 0.85497 -0.201688
-0.207874 0.859867 -0.201688
0.0252681 0.7384 -0.138019
-0.179941 0.561125 -0.19679
-0.181314 0.575817 -0.19679
-0.193217 0.861238 -0.19679
-0.182688 0.590509 -0.19679
-0.183604 0.600304 -0.19679
-0.184062 0.605201 -0.19679
-0.184978 0.614996 -0.19679
-0.185436 0.619894 -0.19679
-0.185894 0.624791 -0.19679
-0.198102 0.860781 -0.186995
-0.159016 0.864436 -0.142916
-0.186352 0.629689 -0.19679
-0.186809 0.634586 -0.19679
-0.187725 0.644381 -0.19679
-0.18452 0.610099 -0.19679
-0.188641 0.654176 -0.19679
0.00572097 0.578485 -0.142916
-0.189099 0.659073 -0.19679
0.0358004 0.625759 -0.216381
-0.190015 0.668868 -0.19679
-0.190473 0.673765 -0.19679
-0.190931 0.678663 -0.19679
-0.192305 0.693355 -0.19679
-0.192762 0.698252 -0.19679
-0.170169 0.562038 -0.142916
-0.19322 0.70315 -0.19679
-0.188331 0.861695 -0.1772
-0.193678 0.708047 -0.19679
-0.194594 0.717842 -0.19679
-0.195052 0.722739 -0.19679
0.0202309 0.792272 -0.157609
-0.19551 0.727637 -0.19679
-0.195968 0.732534 -0.19679
0.0211467 0.782477 -0.152712
-0.196426 0.737432 -0.19679
-0.198258 0.757021 -0.19679
0.038548 0.596375 -0.138019
-0.199631 0.771714 -0.19679
-0.200547 0.781508 -0.19679
-0.201463 0.791303 -0.19679
-0.201921 0.796201 -0.19679
-0.202379 0.801098 -0.19679
-0.203753 0.81579 -0.19679
-0.204211 0.820688 -0.19679
-0.204669 0.825585 -0.19679
-0.206042 0.840277 -0.19679
-0.2065 0.845175 -0.19679
-0.207416 0.85497 -0.19679
-0.207874 0.859867 -0.19679
-0.179941 0.561125 -0.191893
0.0248102 0.743297 -0.142916
-0.180398 0.566022 -0.191893
-0.0968814 0.568891 -0.142916
-0.181772 0.580714 -0.191893
-0.193217 0.861238 -0.191893
-0.182688 0.590509 -0.191893
-0.183604 0.600304 -0.191893
-0.184062 0.605201 -0.191893
-0.184978 0.614996 -0.191893
-0.185436 0.619894 -0.191893
-0.198102 0.860781 -0.182097
-0.186352 0.629689 -0.191893
-0.186809 0.634586 -0.191893
-0.207416 0.85497 -0.226176
-0.187267 0.639483 -0.191893
-0.187725 0.644381 -0.191893
-0.188183 0.649278 -0.191893
-0.18452 0.610099 -0.191893
-0.188641 0.654176 -0.191893
0.0353425 0.630657 -0.211483
0.00572097 0.578485 -0.138019
-0.189099 0.659073 -0.191893
-0.134587 0.86672 -0.226176
-0.183146 0.595407 -0.191893
-0.189557 0.66397 -0.191893
-0.190473 0.673765 -0.191893
-0.190931 0.678663 -0.191893
-0.191847 0.688458 -0.191893
-0.192762 0.698252 -0.191893
-0.19322 0.70315 -0.191893
0.0248102 0.743297 -0.162507
-0.193678 0.708047 -0.191893
-0.194594 0.717842 -0.191893
0.0335108 0.650247 -0.182097
-0.195052 0.722739 -0.191893
0.0211467 0.782477 -0.157609
-0.196426 0.737432 -0.191893
0.0371742 0.611067 -0.201688
-0.196884 0.742329 -0.191893
-0.185436 0.619894 -0.231074
-0.1978 0.752124 -0.191893
0.0371742 0.611067 -0.157609
-0.198716 0.761919 -0.191893
-0.199173 0.766816 -0.191893
0.038548 0.596375 -0.142916
-0.199631 0.771714 -0.191893
-0.200547 0.781508 -0.191893
-0.201463 0.791303 -0.191893
0.0220626 0.772682 -0.191893
0.0252643 0.580312 -0.191893
-0.202379 0.801098 -0.191893
-0.202837 0.805996 -0.191893
-0.0431373 0.573916 -0.147814
-0.203295 0.810893 -0.191893
-0.203753 0.81579 -0.191893
-0.204211 0.820688 -0.191893
-0.204669 0.825585 -0.191893
-0.205127 0.830483 -0.191893
-0.206958 0.850072 -0.191893
0.0183992 0.811861 -0.172302
-0.180398 0.566022 -0.186995
-0.181314 0.575817 -0.186995
-0.181772 0.580714 -0.186995
-0.0906142 0.870831 -0.167405
-0.124815 0.867634 -0.157609
-0.18223 0.585612 -0.186995
-0.183604 0.600304 -0.186995
-0.184062 0.605201 -0.186995
-0.184978 0.614996 -0.186995
-0.185436 0.619894 -0.186995
-0.185894 0.624791 -0.186995
-0.207416 0.85497 -0.231074
-0.187267 0.639483 -0.186995
-0.18452 0.610099 -0.186995
-0.188641 0.654176 -0.186995
-0.190015 0.668868 -0.186995
-0.190473 0.673765 -0.186995
0.0270998 0.71881 -0.167405
-0.191389 0.68356 -0.186995
-0.191847 0.688458 -0.186995
-0.0222126 0.877227 -0.182097
-0.192305 0.693355 -0.186995
-0.19322 0.70315 -0.186995
0.0248102 0.743297 -0.167405
-0.193678 0.708047 -0.186995
-0.144358 0.865806 -0.162507
0.00221652 0.879511 -0.152712
-0.19551 0.727637 -0.186995
-0.165283 0.562495 -0.201688
-0.195968 0.732534 -0.186995
-0.196884 0.742329 -0.186995
-0.197342 0.747227 -0.186995
-0.199173 0.766816 -0.186995
0.038548 0.596375 -0.162507
-0.199631 0.771714 -0.186995
-0.200547 0.781508 -0.186995
-0.201005 0.786406 -0.186995
-0.201463 0.791303 -0.186995
-0.201921 0.796201 -0.186995
-0.202379 0.801098 -0.186995
-0.202837 0.805996 -0.186995
-0.203295 0.810893 -0.186995
-0.203753 0.81579 -0.186995
-0.204669 0.825585 -0.186995
-0.206042 0.840277 -0.186995
-0.2065 0.845175 -0.186995
-0.207874 0.859867 -0.186995
-0.192305 0.693355 -0.216381
-0.179941 0.561125 -0.182097
-0.180398 0.566022 -0.182097
-0.181314 0.575817 -0.182097
-0.0968814 0.568891 -0.152712
-0.181772 0.580714 -0.182097
-0.193217 0.861238 -0.182097
-0.182688 0.590509 -0.182097
-0.183604 0.600304 -0.182097
-0.185436 0.619894 -0.182097
-0.186809 0.634586 -0.182097
-0.187725 0.644381 -0.182097
-0.188183 0.649278 -0.182097
-0.189099 0.659073 -0.182097
-0.134587 0.86672 -0.186995
-0.0333657 0.57483 -0.216381
-0.183146 0.595407 -0.182097
-0.189557 0.66397 -0.182097
0.0270998 0.71881 -0.172302
-0.191389 0.68356 -0.182097
-0.191847 0.688458 -0.182097
-0.192305 0.693355 -0.182097
-0.192762 0.698252 -0.182097
-0.19322 0.70315 -0.182097
0.0248102 0.743297 -0.172302
-0.193678 0.708047 -0.182097
-0.194136 0.712945 -0.182097
-0.194594 0.717842 -0.182097
0.0335108 0.650247 -0.191893
-0.195052 0.722739 -0.182097
-0.196426 0.737432 -0.182097
-0.197342 0.747227 -0.182097
-0.198258 0.757021 -0.182097
-0.198716 0.761919 -0.182097
-0.199173 0.766816 -0.182097
-0.199631 0.771714 -0.182097
-0.200089 0.776611 -0.182097
-0.200547 0.781508 -0.182097
-0.201005 0.786406 -0.182097
-0.201463 0.791303 -0.182097
-0.201921 0.796201 -0.182097
0.0220626 0.772682 -0.1772
0.0252643 0.580312 -0.1772
-0.202379 0.801098 -0.182097
-0.203295 0.810893 -0.182097
-0.204211 0.820688 -0.182097
-0.204669 0.825585 -0.182097
0.0142778 0.855938 -0.147814
-0.205584 0.83538 -0.182097
-0.173673 0.863065 -0.211483
-0.206042 0.840277 -0.182097
-0.2065 0.845175 -0.182097
0.0252681 0.7384 -0.133121
-0.170169 0.562038 -0.1772
-0.179941 0.561125 -0.1772
0.0248102 0.743297 -0.133121
-0.192762 0.698252 -0.221278
-0.180398 0.566022 -0.1772
-0.181314 0.575817 -0.1772
-0.181772 0.580714 -0.1772
-0.0906142 0.870831 -0.201688
-0.18223 0.585612 -0.1772
-0.193217 0.861238 -0.1772
-0.182688 0.590509 -0.1772
-0.184062 0.605201 -0.1772
-0.184978 0.614996 -0.1772
-0.186809 0.634586 -0.1772
-0.188183 0.649278 -0.1772
-0.18452 0.610099 -0.1772
-0.188641 0.654176 -0.1772
0.00572097 0.578485 -0.162507
-0.189099 0.659073 -0.1772
-0.183146 0.595407 -0.1772
-0.189557 0.66397 -0.1772
-0.190015 0.668868 -0.1772
-0.190473 0.673765 -0.1772
-0.191847 0.688458 -0.1772
-0.192762 0.698252 -0.1772
-0.193678 0.708047 -0.1772
-0.194136 0.712945 -0.1772
-0.194594 0.717842 -0.1772
-0.195052 0.722739 -0.1772
-0.144358 0.865806 -0.152712
0.0325949 0.660041 -0.133121
-0.19551 0.727637 -0.1772
-0.175055 0.561582 -0.157609
-0.195968 0.732534 -0.1772
-0.105272 0.869461 -0.231074
-0.139472 0.866263 -0.133121
-0.196426 0.737432 -0.1772
-0.185894 0.624791 -0.182097
-0.1978 0.752124 -0.1772
-0.198716 0.761919 -0.1772
-0.200089 0.776611 -0.1772
-0.200547 0.781508 -0.1772
-0.201005 0.786406 -0.1772
-0.201463 0.791303 -0.1772
-0.202379 0.801098 -0.1772
-0.202837 0.805996 -0.1772
-0.203753 0.81579 -0.1772
-0.205127 0.830483 -0.1772
0.0142778 0.855938 -0.142916
-0.205584 0.83538 -0.1772
-0.2065 0.845175 -0.1772
-0.0564134 0.874029 -0.231074
-0.206958 0.850072 -0.1772
-0.207874 0.859867 -0.1772
-0.180856 0.57092 -0.172302
-0.181314 0.575817 -0.172302
-0.181772 0.580714 -0.172302
-0.0906142 0.870831 -0.206586
-0.18223 0.585612 -0.172302
-0.183604 0.600304 -0.172302
-0.184062 0.605201 -0.172302
-0.184978 0.614996 -0.172302
-0.185894 0.624791 -0.172302
-0.186809 0.634586 -0.172302
-0.187725 0.644381 -0.172302
-0.188183 0.649278 -0.172302
0.00572097 0.578485 -0.167405
-0.189099 0.659073 -0.172302
-0.134587 0.86672 -0.172302
-0.0333657 0.57483 -0.206586
-0.183146 0.595407 -0.172302
-0.189557 0.66397 -0.172302
-0.190015 0.668868 -0.172302
0.0270998 0.71881 -0.231074
-0.191389 0.68356 -0.172302
-0.191847 0.688458 -0.172302
-0.192305 0.693355 -0.172302
-0.194594 0.717842 -0.172302
-0.19551 0.727637 -0.172302
-0.139472 0.866263 -0.138019
-0.196426 0.737432 -0.172302
0.0371742 0.611067 -0.221278
0.0280157 0.709016 -0.138019
-0.196884 0.742329 -0.172302
-0.197342 0.747227 -0.172302
-0.1978 0.752124 -0.172302
-0.198258 0.757021 -0.172302
-0.199173 0.766816 -0.172302
-0.200547 0.781508 -0.172302
-0.201005 0.786406 -0.172302
0.0399218 0.581683 -0.152712
-0.201463 0.791303 -0.172302
-0.201921 0.796201 -0.172302
-0.202379 0.801098 -0.172302
-0.202837 0.805996 -0.172302
-0.203753 0.81579 -0.172302
-0.204669 0.825585 -0.172302
-0.205127 0.830483 -0.172302
-0.206042 0.840277 -0.172302
-0.0564134 0.874029 -0.226176
0.0266419 0.723708 -0.133121
-0.206958 0.850072 -0.172302
0.0301501 0.580769 -0.138019
-0.187267 0.639483 -0.221278
-0.207416 0.85497 -0.172302
-0.207874 0.859867 -0.172302
-0.179941 0.561125 -0.167405
-0.180398 0.566022 -0.167405
-0.180856 0.57092 -0.167405
-0.0906142 0.870831 -0.186995
-0.124815 0.867634 -0.138019
-0.18223 0.585612 -0.167405
-0.193217 0.861238 -0.167405
-0.182688 0.590509 -0.167405
-0.183604 0.600304 -0.167405
-0.184062 0.605201 -0.167405
-0.185436 0.619894 -0.167405
-0.185894 0.624791 -0.167405
-0.198102 0.860781 -0.157609
-0.186352 0.629689 -0.167405
-0.187725 0.644381 -0.167405
-0.188183 0.649278 -0.167405
-0.18452 0.610099 -0.167405
-0.188641 0.654176 -0.167405
-0.190015 0.668868 -0.167405
-0.191847 0.688458 -0.167405
-0.194136 0.712945 -0.167405
-0.194594 0.717842 -0.167405
-0.195052 0.722739 -0.167405
-0.197342 0.747227 -0.167405
-0.1978 0.752124 -0.167405
-0.198258 0.757021 -0.167405
0.0367163 0.615965 -0.226176
-0.198716 0.761919 -0.167405
-0.199173 0.766816 -0.167405
-0.199631 0.771714 -0.167405
-0.200547 0.781508 -0.167405
-0.201005 0.786406 -0.167405
-0.201921 0.796201 -0.167405
-0.202379 0.801098 -0.167405
-0.202837 0.805996 -0.167405
-0.204669 0.825585 -0.167405
-0.205127 0.830483 -0.167405
0.0142778 0.855938 -0.182097
-0.205584 0.83538 -0.167405
-0.206042 0.840277 -0.167405
-0.2065 0.845175 -0.167405
-0.179941 0.561125 -0.162507
0.0183992 0.811861 -0.147814
-0.180398 0.566022 -0.162507
-0.181314 0.575817 -0.162507
-0.193217 0.861238 -0.162507
-0.182688 0.590509 -0.162507
-0.183604 0.600304 -0.162507
-0.184062 0.605201 -0.162507
-0.207416 0.85497 -0.206586
-0.187267 0.639483 -0.162507
-0.187725 0.644381 -0.162507
-0.188183 0.649278 -0.162507
0.00572097 0.578485 -0.152712
-0.189099 0.659073 -0.162507
-0.134587 0.86672 -0.182097
-0.0333657 0.57483 -0.221278
-0.183146 0.595407 -0.162507
-0.189557 0.66397 -0.162507
-0.190473 0.673765 -0.162507
-0.19322 0.70315 -0.162507
-0.194136 0.712945 -0.162507
-0.194594 0.717842 -0.162507
-0.195052 0.722739 -0.162507
-0.19551 0.727637 -0.162507
-0.178559 0.862608 -0.172302
-0.196426 0.737432 -0.162507
-0.1978 0.752124 -0.162507
-0.199173 0.766816 -0.162507
-0.199631 0.771714 -0.162507
0.0312211 0.674734 -0.167405
-0.200089 0.776611 -0.162507
-0.200547 0.781508 -0.162507
-0.201921 0.796201 -0.162507
-0.202379 0.801098 -0.162507
-0.202837 0.805996 -0.162507
-0.203295 0.810893 -0.162507
-0.204211 0.820688 -0.162507
-0.204669 0.825585 -0.162507
-0.205584 0.83538 -0.162507
-0.206042 0.840277 -0.162507
-0.2065 0.845175 -0.162507
-0.202988 0.860324 -0.152712
0.0301501 0.580769 -0.162507
-0.187267 0.639483 -0.206586
-0.207416 0.85497 -0.162507
-0.179941 0.561125 -0.157609
-0.180398 0.566022 -0.157609
-0.180856 0.57092 -0.157609
-0.193217 0.861238 -0.157609
-0.182688 0.590509 -0.157609
-0.183604 0.600304 -0.157609
-0.184062 0.605201 -0.157609
-0.0368701 0.875857 -0.138019
-0.184978 0.614996 -0.157609
-0.185894 0.624791 -0.157609
-0.207416 0.85497 -0.211483
-0.187267 0.639483 -0.157609
-0.188183 0.649278 -0.157609
-0.18452 0.610099 -0.157609
-0.188641 0.654176 -0.157609
-0.189099 0.659073 -0.157609
-0.183146 0.595407 -0.157609
-0.189557 0.66397 -0.157609
-0.190015 0.668868 -0.157609
-0.190473 0.673765 -0.157609
-0.191847 0.688458 -0.157609
-0.192762 0.698252 -0.157609
0.0252681 0.7384 -0.1772
-0.170169 0.562038 -0.133121
-0.19322 0.70315 -0.157609
-0.193678 0.708047 -0.157609
-0.194136 0.712945 -0.157609
-0.178559 0.862608 -0.167405
-0.139472 0.866263 -0.162507
-0.196426 0.737432 -0.157609
-0.197342 0.747227 -0.157609
-0.1978 0.752124 -0.157609
-0.199173 0.766816 -0.157609
-0.199631 0.771714 -0.157609
-0.200089 0.776611 -0.157609
-0.200547 0.781508 -0.157609
-0.201005 0.786406 -0.157609
0.0399218 0.581683 -0.138019
-0.201463 0.791303 -0.157609
-0.201921 0.796201 -0.157609
-0.202379 0.801098 -0.157609
-0.202837 0.805996 -0.157609
-0.203753 0.81579 -0.157609
-0.204211 0.820688 -0.157609
-0.204669 0.825585 -0.157609
-0.205584 0.83538 -0.157609
-0.206042 0.840277 -0.157609
-0.206958 0.850072 -0.157609
-0.187267 0.639483 -0.211483
-0.207416 0.85497 -0.157609
-0.207874 0.859867 -0.157609
-0.179941 0.561125 -0.152712
0.0183992 0.811861 -0.138019
-0.180398 0.566022 -0.152712
-0.192762 0.698252 -0.172302
-0.180856 0.57092 -0.152712
-0.181314 0.575817 -0.152712
0.0119882 0.880425 -0.172302
-0.0968814 0.568891 -0.182097
-0.181772 0.580714 -0.152712
-0.0368701 0.875857 -0.206586
-0.193217 0.861238 -0.152712
-0.182688 0.590509 -0.152712
-0.183604 0.600304 -0.152712
-0.116425 0.567064 -0.191893
-0.184062 0.605201 -0.152712
-0.184978 0.614996 -0.152712
-0.0319843 0.876314 -0.157609
-0.185436 0.619894 -0.152712
-0.185894 0.624791 -0.152712
-0.159016 0.864436 -0.186995
-0.186352 0.629689 -0.152712
-0.18452 0.610099 -0.152712
-0.188641 0.654176 -0.152712
-0.189099 0.659073 -0.152712
-0.183146 0.595407 -0.152712
-0.189557 0.66397 -0.152712
-0.190473 0.673765 -0.152712
0.0344266 0.640452 -0.182097
-0.190931 0.678663 -0.152712
0.0156516 0.841246 -0.138019
-0.191389 0.68356 -0.152712
0.0252681 0.7384 -0.157609
-0.170169 0.562038 -0.152712
-0.19322 0.70315 -0.152712
-0.193678 0.708047 -0.152712
-0.194136 0.712945 -0.152712
-0.195052 0.722739 -0.152712
-0.196884 0.742329 -0.152712
-0.185894 0.624791 -0.206586
-0.1978 0.752124 -0.152712
-0.198258 0.757021 -0.152712
-0.198716 0.761919 -0.152712
-0.199173 0.766816 -0.152712
-0.199631 0.771714 -0.152712
0.0312211 0.674734 -0.226176
-0.200089 0.776611 -0.152712
-0.200547 0.781508 -0.152712
-0.201005 0.786406 -0.152712
-0.201463 0.791303 -0.152712
-0.201921 0.796201 -0.152712
0.0220626 0.772682 -0.133121
0.0252643 0.580312 -0.133121
-0.202379 0.801098 -0.152712
-0.202837 0.805996 -0.152712
-0.0431373 0.573916 -0.157609
-0.203295 0.810893 -0.152712
-0.204211 0.820688 -0.152712
-0.204669 0.825585 -0.152712
-0.206042 0.840277 -0.152712
-0.207874 0.859867 -0.152712
-0.179941 0.561125 -0.147814
-0.124815 0.867634 -0.226176
-0.0906142 0.870831 -0.133121
0.0124461 0.875528 -0.1772
-0.18223 0.585612 -0.147814
-0.193217 0.861238 -0.147814
-0.182688 0.590509 -0.147814
-0.183604 0.600304 -0.147814
-0.185436 0.619894 -0.147814
-0.185894 0.624791 -0.147814
-0.18452 0.610099 -0.147814
-0.188641 0.654176 -0.147814
-0.189099 0.659073 -0.147814
-0.0187082 0.576201 -0.142916
-0.183146 0.595407 -0.147814
-0.189557 0.66397 -0.147814
-0.190015 0.668868 -0.147814
-0.190931 0.678663 -0.147814
0.0156516 0.841246 -0.133121
-0.191389 0.68356 -0.147814
-0.191847 0.688458 -0.147814
-0.192305 0.693355 -0.147814
-0.192762 0.698252 -0.147814
-0.0222126 0.877227 -0.133121
-0.19322 0.70315 -0.147814
0.0179412 0.816759 -0.231074
0.0248102 0.743297 -0.157609
-0.193678 0.708047 -0.147814
-0.194136 0.712945 -0.147814
-0.194594 0.717842 -0.147814
-0.195052 0.722739 -0.147814
-0.195968 0.732534 -0.147814
-0.196884 0.742329 -0.147814
-0.197342 0.747227 -0.147814
-0.185894 0.624791 -0.201688
-0.1978 0.752124 -0.147814
-0.198716 0.761919 -0.147814
-0.199631 0.771714 -0.147814
-0.200089 0.776611 -0.147814
-0.201005 0.786406 -0.147814
-0.202837 0.805996 -0.147814
-0.203753 0.81579 -0.147814
-0.204211 0.820688 -0.147814
-0.205127 0.830483 -0.147814
-0.206042 0.840277 -0.147814
-0.2065 0.845175 -0.147814
0.0266419 0.723708 -0.157609
-0.206958 0.850072 -0.147814
-0.207416 0.85497 -0.147814
-0.207874 0.859867 -0.147814
0.0248102 0.743297 -0.191893
-0.192762 0.698252 -0.231074
-0.180398 0.566022 -0.142916
0.0124461 0.875528 -0.157609
-0.18223 0.585612 -0.142916
-0.183604 0.600304 -0.142916
-0.116425 0.567064 -0.157609
-0.184062 0.605201 -0.142916
-0.0368701 0.875857 -0.133121
-0.184978 0.614996 -0.142916
-0.198102 0.860781 -0.231074
-0.186352 0.629689 -0.142916
-0.202988 0.860324 -0.167405
-0.187267 0.639483 -0.142916
-0.187725 0.644381 -0.142916
-0.188183 0.649278 -0.142916
-0.18452 0.610099 -0.142916
-0.188641 0.654176 -0.142916
-0.183146 0.595407 -0.142916
-0.189557 0.66397 -0.142916
-0.190015 0.668868 -0.142916
0.0358004 0.625759 -0.201688
-0.190473 0.673765 -0.142916
0.0156516 0.841246 -0.152712
-0.191389 0.68356 -0.142916
-0.191847 0.688458 -0.142916
-0.192305 0.693355 -0.142916
0.0183992 0.811861 -0.216381
-0.180856 0.57092 -0.231074
-0.192762 0.698252 -0.142916
0.0248102 0.743297 -0.211483
0.0179412 0.816759 -0.1772
-0.180398 0.566022 -0.206586
-0.193678 0.708047 -0.142916
-0.194594 0.717842 -0.142916
-0.195968 0.732534 -0.142916
-0.178559 0.862608 -0.162507
-0.196426 0.737432 -0.142916
-0.196884 0.742329 -0.142916
-0.197342 0.747227 -0.142916
-0.1978 0.752124 -0.142916
-0.198258 0.757021 -0.142916
0.0367163 0.615965 -0.201688
-0.198716 0.761919 -0.142916
-0.199173 0.766816 -0.142916
-0.199631 0.771714 -0.142916
-0.200089 0.776611 -0.142916
-0.200547 0.781508 -0.142916
-0.201463 0.791303 -0.142916
0.0220626 0.772682 -0.142916
0.0252643 0.580312 -0.142916
-0.202379 0.801098 -0.142916
-0.202837 0.805996 -0.142916
-0.203295 0.810893 -0.142916
-0.203753 0.81579 -0.142916
-0.204211 0.820688 -0.142916
-0.204669 0.825585 -0.142916
-0.205584 0.83538 -0.142916
-0.206042 0.840277 -0.142916
0.0266419 0.723708 -0.152712
-0.206958 0.850072 -0.142916
-0.207874 0.859867 -0.142916
-0.180856 0.57092 -0.138019
-0.181314 0.575817 -0.138019
0.0119882 0.880425 -0.162507
-0.0968814 0.568891 -0.19679
-0.181772 0.580714 -0.138019
-0.0368701 0.875857 -0.201688
-0.193217 0.861238 -0.138019
-0.182688 0.590509 -0.138019
-0.183604 0.600304 -0.138019
-0.116425 0.567064 -0.211483
-0.184062 0.605201 -0.138019
-0.184978 0.614996 -0.138019
-0.0319843 0.876314 -0.167405
-0.185436 0.619894 -0.138019
-0.159016 0.864436 -0.226176
-0.186352 0.629689 -0.138019
-0.202988 0.860324 -0.172302
-0.187267 0.639483 -0.138019
-0.187725 0.644381 -0.138019
-0.18452 0.610099 -0.138019
-0.188641 0.654176 -0.138019
-0.189099 0.659073 -0.138019
-0.183146 0.595407 -0.138019
-0.189557 0.66397 -0.138019
-0.190931 0.678663 -0.138019
-0.191847 0.688458 -0.138019
-0.192305 0.693355 -0.138019
-0.170169 0.562038 -0.201688
-0.19322 0.70315 -0.138019
-0.180398 0.566022 -0.211483
-0.193678 0.708047 -0.138019
-0.194136 0.712945 -0.138019
0.0206888 0.787374 -0.201688
-0.194594 0.717842 -0.138019
-0.139472 0.866263 -0.186995
-0.178559 0.862608 -0.142916
-0.19551 0.727637 -0.138019
-0.175055 0.561582 -0.216381
-0.195968 0.732534 -0.138019
0.0284736 0.704118 -0.191893
-0.196884 0.742329 -0.138019
-0.198258 0.757021 -0.138019
0.0367163 0.615965 -0.19679
-0.198716 0.761919 -0.138019
0.038548 0.596375 -0.211483
-0.199173 0.766816 -0.138019
-0.200547 0.781508 -0.138019
-0.201005 0.786406 -0.138019
0.0399218 0.581683 -0.211483
-0.201463 0.791303 -0.138019
-0.201921 0.796201 -0.138019
-0.202837 0.805996 -0.138019
-0.203295 0.810893 -0.138019
-0.203753 0.81579 -0.138019
-0.204669 0.825585 -0.138019
-0.205127 0.830483 -0.138019
-0.205584 0.83538 -0.138019
-0.206042 0.840277 -0.138019
-0.0564134 0.874029 -0.167405
-0.206958 0.850072 -0.138019
0.0301501 0.580769 -0.19679
-0.207416 0.85497 -0.138019
0.0252681 0.7384 -0.186995
-0.179941 0.561125 -0.133121
0.0248102 0.743297 -0.186995
-0.192762 0.698252 -0.226176
-0.180398 0.566022 -0.133121
-0.194136 0.712945 -0.19679
-0.180856 0.57092 -0.133121
0.0119882 0.880425 -0.167405
-0.181772 0.580714 -0.133121
-0.124815 0.867634 -0.211483
0.0124461 0.875528 -0.167405
-0.18223 0.585612 -0.133121
-0.193217 0.861238 -0.133121
-0.182688 0.590509 -0.133121
-0.183604 0.600304 -0.133121
-0.126196 0.56615 -0.162507
-0.184062 0.605201 -0.133121
-0.198102 0.860781 -0.221278
-0.186352 0.629689 -0.133121
-0.202988 0.860324 -0.1772
-0.187267 0.639483 -0.133121
-0.18452 0.610099 -0.133121
-0.188641 0.654176 -0.133121
-0.189099 0.659073 -0.133121
-0.183146 0.595407 -0.133121
-0.189557 0.66397 -0.133121
0.0358004 0.625759 -0.206586
-0.190473 0.673765 -0.133121
-0.190931 0.678663 -0.133121
-0.191847 0.688458 -0.133121
-0.192762 0.698252 -0.133121
-0.170169 0.562038 -0.206586
-0.19322 0.70315 -0.133121
-0.195052 0.722739 -0.133121
-0.139472 0.866263 -0.172302
-0.178559 0.862608 -0.157609
-0.19551 0.727637 -0.133121
-0.012441 0.878141 -0.1772
-0.196426 0.737432 -0.133121
-0.197342 0.747227 -0.133121
0.0289315 0.699221 -0.147814
-0.198716 0.761919 -0.133121
0.038548 0.596375 -0.191893
0.0307632 0.679631 -0.142916
-0.199173 0.766816 -0.133121
-0.200089 0.776611 -0.133121
-0.200547 0.781508 -0.133121
-0.201005 0.786406 -0.133121
-0.201463 0.791303 -0.133121
-0.201921 0.796201 -0.133121
-0.202837 0.805996 -0.133121
-0.203753 0.81579 -0.133121
-0.204211 0.820688 -0.133121
-0.204669 0.825585 -0.133121
-0.205127 0.830483 -0.133121
-0.206042 0.840277 -0.133121
-0.2065 0.845175 -0.133121
-0.207416 0.85497 -0.133121
0.0399218 0.581683 -0.235971
0.0390059 0.591478 -0.235971
0.0380901 0.601272 -0.235971
-0.200089 0.776611 -0.167405
0.0376321 0.60617 -0.235971
0.0362584 0.620862 -0.235971
-0.189099 0.659073 -0.167405
0.0353425 0.630657 -0.235971
0.000835145 0.578028 -0.138019
0.0348846 0.635554 -0.235971
0.0344266 0.640452 -0.235971
0.0339687 0.645349 -0.235971
-0.195052 0.722739 -0.138019
0.0335108 0.650247 -0.235971
0.0325949 0.660041 -0.235971
0.0316791 0.669836 -0.235971
-0.200089 0.776611 -0.138019
0.0312211 0.674734 -0.235971
0.0303053 0.684528 -0.167405
0.0307632 0.679631 -0.235971
0.0303053 0.684528 -0.235971
0.0298474 0.689426 -0.235971
0.0293894 0.694323 -0.235971
-0.198716 0.761919 -0.201688
0.0280157 0.709016 -0.235971
0.0275577 0.713913 -0.235971
-0.206958 0.850072 -0.226176
0.0266419 0.723708 -0.235971
0.025726 0.733503 -0.235971
0.0252681 0.7384 -0.235971
-0.188331 0.861695 -0.231074
-0.193678 0.708047 -0.167405
0.0248102 0.743297 -0.235971
0.0243522 0.748195 -0.235971
-0.115043 0.868547 -0.221278
0.0106068 0.578942 -0.191893
-0.160397 0.562952 -0.172302
0.0238943 0.753092 -0.235971
0.0248102 0.743297 -0.1772
0.0179412 0.816759 -0.235971
-0.207874 0.859867 -0.182097
0.0170254 0.826554 -0.235971
0.0147357 0.851041 -0.235971
0.0138199 0.860835 -0.235971
0.012904 0.87063 -0.235971
0.0350359 0.581226 -0.235971
0.034578 0.586123 -0.235971
-0.0577948 0.572546 -0.206586
0.0336622 0.595918 -0.235971
0.0332042 0.600816 -0.235971
0.0327463 0.605713 -0.235971
0.0322884 0.61061 -0.235971
-0.131082 0.565693 -0.152712
0.0309146 0.625303 -0.235971
0.0202309 0.792272 -0.172302
0.0304567 0.6302 -0.235971
0.0206888 0.787374 -0.206586
-0.194594 0.717842 -0.133121
0.0299987 0.635097 -0.235971
-0.023594 0.575744 -0.226176
-0.101767 0.568434 -0.191893
0.0290829 0.644892 -0.235971
0.028625 0.64979 -0.235971
0.028167 0.654687 -0.235971
0.0277091 0.659585 -0.235971
-0.110158 0.869004 -0.226176
-0.00755514 0.878598 -0.157609
0.0272512 0.664482 -0.235971
0.0267932 0.669379 -0.235971
0.0254195 0.684072 -0.235971
0.0245036 0.693866 -0.235971
-0.203753 0.81579 -0.221278
0.0231298 0.708559 -0.235971
0.0226719 0.713456 -0.235971
0.022214 0.718354 -0.235971
-0.188183 0.649278 -0.147814
0.021756 0.723251 -0.235971
0.0212981 0.728148 -0.235971
-0.196884 0.742329 -0.216381
-0.198716 0.761919 -0.211483
0.0208402 0.733046 -0.235971
-0.202988 0.860324 -0.138019
-0.187267 0.639483 -0.19679
0.0203823 0.737943 -0.235971
-0.187725 0.644381 -0.211483
0.0199243 0.742841 -0.235971
0.0194664 0.747738 -0.235971
0.0190085 0.752635 -0.235971
0.0176347 0.767328 -0.235971
0.0167188 0.777123 -0.235971
-0.197342 0.747227 -0.231074
0.0153451 0.791815 -0.235971
-0.15413 0.864892 -0.231074
0.0116816 0.830994 -0.235971
0.0107658 0.840789 -0.235971
0.00939199 0.855481 -0.235971
0.0211467 0.782477 -0.226176
0.00756028 0.875071 -0.235971
0.0301501 0.580769 -0.235971
0.0292343 0.590564 -0.235971
0.0287763 0.595461 -0.235971
0.0278605 0.605256 -0.235971
0.0274026 0.610153 -0.235971
0.0269446 0.615051 -0.235971
0.0264867 0.619948 -0.235971
0.0260288 0.624846 -0.235971
0.0255708 0.629743 -0.235971
0.0251129 0.634641 -0.235971
0.0307632 0.679631 -0.191893
0.0241971 0.644435 -0.235971
0.0237391 0.649333 -0.235971
-0.150626 0.563866 -0.186995
0.0232812 0.65423 -0.235971
-0.121311 0.566607 -0.201688
0.0228233 0.659128 -0.235971
-0.0382515 0.574373 -0.186995
0.0196178 0.69341 -0.235971
0.0191598 0.698307 -0.235971
0.0187019 0.703204 -0.235971
0.018244 0.708102 -0.235971
0.0177861 0.712999 -0.235971
-0.0417559 0.8754 -0.172302
0.0168702 0.722794 -0.235971
0.0154964 0.737486 -0.235971
0.0150385 0.742384 -0.235971
0.0145806 0.747281 -0.235971
0.0141226 0.752179 -0.235971
-0.0319843 0.876314 -0.226176
0.0127489 0.766871 -0.235971
0.0122909 0.771768 -0.235971
0.011833 0.776666 -0.235971
0.0109172 0.786461 -0.235971
0.00954337 0.801153 -0.235971
0.00908544 0.80605 -0.235971
0.00359031 0.864819 -0.235971
0.00313238 0.869717 -0.235971
0.00267445 0.874614 -0.235971
-0.178559 0.862608 -0.186995
0.0316791 0.669836 -0.221278
0.00221652 0.879511 -0.235971
0.0220626 0.772682 -0.235971
0.0252643 0.580312 -0.235971
0.0248064 0.58521 -0.235971
0.019315 0.802066 -0.235971
0.0229746 0.604799 -0.235971
0.019773 0.797169 -0.235971
0.0225167 0.609697 -0.235971
-0.183445 0.862151 -0.211483
0.0220588 0.614594 -0.235971
-0.188183 0.649278 -0.221278
0.0202271 0.634184 -0.235971
0.0197692 0.639081 -0.235971
0.0161095 0.836348 -0.235971
0.0188533 0.648876 -0.235971
0.0142778 0.855938 -0.235971
0.0174795 0.663568 -0.235971
0.0170216 0.668466 -0.235971
0.0151937 0.846143 -0.235971
0.0165637 0.673363 -0.235971
0.0124461 0.875528 -0.235971
0.0151899 0.688055 -0.235971
0.0261839 0.728605 -0.211483
0.014274 0.69785 -0.235971
0.0138161 0.702748 -0.235971
0.0129002 0.712542 -0.235971
0.0115265 0.727235 -0.235971
0.0110685 0.732132 -0.235971
0.0106106 0.737029 -0.235971
0.0101527 0.741927 -0.235971
0.00923682 0.751722 -0.235971
-0.0173268 0.877684 -0.157609
0.00877889 0.756619 -0.235971
0.00740511 0.771311 -0.235971
-0.189099 0.659073 -0.206586
0.00648925 0.781106 -0.235971
0.00419961 0.805593 -0.235971
0.00374168 0.810491 -0.235971
0.0119844 0.722337 -0.235971
0.00328375 0.815388 -0.235971
0.0312211 0.674734 -0.211483
0.0023679 0.825183 -0.235971
-0.200089 0.776611 -0.191893
0.00190997 0.83008 -0.235971
0.00145204 0.834978 -0.235971
0.000994116 0.839875 -0.235971
0.000536188 0.844773 -0.235971
-0.00129552 0.864362 -0.235971
-0.0822239 0.570262 -0.172302
0.0199205 0.584753 -0.235971
0.0185467 0.599445 -0.235971
0.0180888 0.604342 -0.235971
0.0176309 0.60924 -0.235971
0.016715 0.619035 -0.235971
0.0376321 0.60617 -0.167405
0.0157992 0.628829 -0.235971
0.0125975 0.821199 -0.235971
0.0153413 0.633727 -0.235971
0.0156516 0.841246 -0.147814
0.0148833 0.638624 -0.235971
0.0125937 0.663111 -0.235971
0.00893406 0.860379 -0.235971
0.0116778 0.672906 -0.235971
0.00801821 0.870173 -0.235971
0.010304 0.687598 -0.235971
0.00984612 0.692496 -0.235971
0.00938819 0.697393 -0.235971
0.0248102 0.743297 -0.216381
0.0179412 0.816759 -0.19679
-0.180398 0.566022 -0.216381
0.00847234 0.707188 -0.235971
0.00801441 0.712086 -0.235971
0.00755648 0.716983 -0.235971
0.00664063 0.726778 -0.235971
0.0061827 0.731675 -0.235971
0.00572477 0.736573 -0.235971
0.00480892 0.746368 -0.235971
0.00389306 0.756162 -0.235971
0.00343513 0.76106 -0.235971
0.0029772 0.765957 -0.235971
0.012904 0.87063 -0.226176
0.0216047 0.777579 -0.206586
0.00160342 0.780649 -0.235971
-0.052909 0.573003 -0.138019
0.000687565 0.790444 -0.235971
-0.0626806 0.572089 -0.182097
-0.00114415 0.810034 -0.235971
-0.00206 0.819829 -0.235971
0.0301501 0.580769 -0.216381
-0.00297586 0.829624 -0.235971
-0.00343379 0.834521 -0.235971
-0.00480757 0.849213 -0.235971
-0.0052655 0.854111 -0.235971
-0.00709721 0.8737 -0.235971
0.0154926 0.579398 -0.235971
0.0100013 0.796255 -0.235971
0.0136609 0.598988 -0.235971
0.0118292 0.618578 -0.235971
-0.00893651 0.577114 -0.216381
0.00862751 0.810948 -0.235971
0.0109134 0.628373 -0.235971
-0.159016 0.864436 -0.1772
-0.186352 0.629689 -0.186995
0.0104554 0.63327 -0.235971
0.00953957 0.643065 -0.235971
0.00496409 0.850127 -0.235971
0.00862371 0.65286 -0.235971
0.00542202 0.84523 -0.235971
0.00816579 0.657757 -0.235971
0.00770786 0.662655 -0.235971
0.00404823 0.859922 -0.235971
0.00724993 0.667552 -0.235971
-0.0612992 0.873572 -0.221278
0.006792 0.672449 -0.235971
0.00633408 0.677347 -0.235971
0.00587615 0.682244 -0.235971
0.00541822 0.687142 -0.235971
0.00496029 0.692039 -0.235971
-0.00755514 0.878598 -0.1772
0.00450236 0.696936 -0.235971
0.00404444 0.701834 -0.235971
0.00358651 0.706731 -0.235971
0.0235878 0.703661 -0.235971
0.00312858 0.711629 -0.235971
0.0017548 0.726321 -0.235971
0.00129687 0.731218 -0.235971
0.000838942 0.736116 -0.235971
-0.183604 0.600304 -0.211483
-0.000534841 0.750808 -0.235971
-0.204211 0.820688 -0.167405
-0.000992769 0.755705 -0.235971
0.0348846 0.635554 -0.133121
7.82601e-05 0.84967 -0.235971
-0.00236655 0.770398 -0.235971
-0.00282448 0.775295 -0.235971
-0.181772 0.580714 -0.157609
-0.00374034 0.78509 -0.235971
-0.0382515 0.574373 -0.142916
-0.00465619 0.794885 -0.235971
-0.00511412 0.799782 -0.235971
0.0170254 0.826554 -0.231074
-0.00602997 0.809577 -0.235971
-0.0064879 0.814475 -0.235971
-0.00694583 0.819372 -0.235971
-0.00831961 0.834064 -0.235971
-0.00877754 0.838962 -0.235971
0.0362584 0.620862 -0.172302
-0.00923547 0.843859 -0.235971
-0.149244 0.865349 -0.186995
-0.0096934 0.848756 -0.235971
-0.0115251 0.868346 -0.235971
-0.011983 0.873244 -0.235971
-0.131082 0.565693 -0.231074
-0.012441 0.878141 -0.235971
0.0283184 0.600359 -0.235971
0.00832096 0.761517 -0.235971
0.0106068 0.578942 -0.235971
-0.124815 0.867634 -0.167405
0.0101489 0.583839 -0.235971
0.00923302 0.593634 -0.235971
-0.190931 0.678663 -0.1772
0.00603132 0.786004 -0.235971
0.00877509 0.598531 -0.235971
0.00785924 0.608326 -0.235971
-0.0871098 0.569805 -0.186995
0.00740131 0.613224 -0.235971
0.00511167 0.637711 -0.235971
0.00465374 0.642608 -0.235971
0.00373789 0.652403 -0.235971
0.0339687 0.645349 -0.133121
-0.000837596 0.859465 -0.235971
0.00282203 0.662198 -0.235971
-0.000379668 0.854568 -0.235971
-0.00190862 0.7655 -0.235971
0.0023641 0.667095 -0.235971
0.00190617 0.671993 -0.235971
0.00144825 0.67689 -0.235971
0.0353425 0.630657 -0.186995
0.000990319 0.681787 -0.235971
0.000532391 0.686685 -0.235971
7.44635e-05 0.691582 -0.235971
0.0362584 0.620862 -0.211483
-0.000383464 0.69648 -0.235971
-0.00221518 0.716069 -0.235971
-0.0026731 0.720967 -0.235971
-0.00313103 0.725864 -0.235971
-0.00358896 0.730762 -0.235971
-0.00404689 0.735659 -0.235971
-0.188331 0.861695 -0.191893
-0.180398 0.566022 -0.226176
-0.00771031 0.774838 -0.235971
-0.205584 0.83538 -0.172302
-0.00862616 0.784633 -0.235971
-0.129701 0.867177 -0.142916
-0.00999995 0.799325 -0.235971
-0.0118317 0.818915 -0.235971
-0.0141213 0.843402 -0.235971
-0.0154951 0.858094 -0.235971
-0.0168689 0.872787 -0.235971
-0.0759567 0.872202 -0.1772
0.0234364 0.75799 -0.191893
-0.0173268 0.877684 -0.235971
0.00572097 0.578485 -0.235971
0.00480512 0.58828 -0.235971
-0.0515276 0.874486 -0.221278
0.00434719 0.593177 -0.235971
0.00388926 0.598074 -0.235971
0.00710235 0.879968 -0.133121
0.00343133 0.602972 -0.235971
-0.000686218 0.805137 -0.235971
0.00297341 0.607869 -0.235971
-0.000228291 0.800239 -0.235971
0.00251548 0.612767 -0.235971
0.000683768 0.632356 -0.235971
0.00022584 0.637254 -0.235971
-0.00434964 0.844316 -0.235971
-0.000690015 0.647049 -0.235971
-0.00389171 0.839418 -0.235971
-0.00114794 0.651946 -0.235971
-0.0020638 0.661741 -0.235971
-0.00252173 0.666638 -0.235971
-0.00297965 0.671536 -0.235971
-0.00389551 0.681331 -0.235971
-0.0270984 0.87677 -0.172302
-0.00435344 0.686228 -0.235971
-0.00755514 0.878598 -0.235971
-0.00481137 0.691125 -0.235971
-0.00572722 0.70092 -0.235971
-0.007101 0.715612 -0.235971
0.0275577 0.713913 -0.19679
-0.00755893 0.72051 -0.235971
-0.00893272 0.735202 -0.235971
-0.173673 0.863065 -0.201688
-0.206042 0.840277 -0.191893
-0.00939064 0.7401 -0.235971
0.0188571 0.806964 -0.201688
0.0139713 0.806507 -0.235971
0.017173 0.614137 -0.235971
-0.0107644 0.754792 -0.235971
-0.131082 0.565693 -0.142916
-0.0116803 0.764587 -0.235971
-0.0148858 0.798869 -0.235971
0.00282583 0.820286 -0.235971
-0.0176333 0.828253 -0.235971
0.0293894 0.694323 -0.191893
-0.0190071 0.842945 -0.235971
-0.019923 0.85274 -0.235971
-0.0208388 0.862535 -0.235971
0.000835145 0.578028 -0.235971
-0.115043 0.868547 -0.191893
0.0238943 0.753092 -0.206586
-0.160397 0.562952 -0.216381
0.000377217 0.582925 -0.235971
-0.187725 0.644381 -0.216381
-0.000996566 0.597618 -0.235971
-0.00419826 0.789987 -0.235971
-0.00191242 0.607412 -0.235971
-0.00282828 0.617207 -0.235971
-0.0032862 0.622105 -0.235971
-0.00374413 0.627002 -0.235971
-0.186352 0.629689 -0.221278
-0.00786169 0.829167 -0.235971
-0.00420206 0.6319 -0.235971
-0.00740376 0.824269 -0.235971
-0.00465999 0.636797 -0.235971
0.0301501 0.580769 -0.167405
-0.187267 0.639483 -0.226176
-0.207416 0.85497 -0.167405
-0.00511792 0.641694 -0.235971
-0.00557584 0.646592 -0.235971
-0.0064917 0.656387 -0.235971
-0.00694963 0.661284 -0.235971
-0.00755514 0.878598 -0.186995
-0.155511 0.563409 -0.182097
-0.0106093 0.858551 -0.235971
-0.00786548 0.671079 -0.235971
-0.0101513 0.853654 -0.235971
-0.00832341 0.675976 -0.235971
-0.00878134 0.680874 -0.235971
-0.00923927 0.685771 -0.235971
-0.0101551 0.695566 -0.235971
-0.144358 0.865806 -0.172302
0.0202309 0.792272 -0.162507
-0.19551 0.727637 -0.191893
-0.010613 0.700463 -0.235971
0.0206888 0.787374 -0.162507
-0.011071 0.705361 -0.235971
-0.0119868 0.715156 -0.235971
-0.0124448 0.720053 -0.235971
-0.0133606 0.729848 -0.235971
-0.0675665 0.571632 -0.152712
-0.0138185 0.734745 -0.235971
-0.0142765 0.739643 -0.235971
-0.0147344 0.74454 -0.235971
-0.0161082 0.759232 -0.235971
-0.0165661 0.76413 -0.235971
-0.017024 0.769027 -0.235971
-0.0193137 0.793514 -0.235971
-0.0225192 0.827796 -0.235971
-0.129701 0.867177 -0.221278
-0.023435 0.837591 -0.235971
-0.00725238 0.769941 -0.235971
-0.00450861 0.582469 -0.235971
0.0266419 0.723708 -0.142916
-0.00496654 0.587366 -0.235971
-0.00954202 0.794428 -0.235971
-0.00542447 0.592263 -0.235971
-0.00908409 0.789531 -0.235971
-0.00588239 0.597161 -0.235971
-0.00634032 0.602058 -0.235971
-0.00725618 0.611853 -0.235971
-0.00771411 0.61675 -0.235971
-0.203753 0.81579 -0.182097
-0.0113737 0.814018 -0.235971
-0.00817203 0.621648 -0.235971
-0.0122896 0.823812 -0.235971
-0.00908789 0.631443 -0.235971
-0.0136634 0.838505 -0.235971
-0.0100037 0.641237 -0.235971
0.0380901 0.601272 -0.186995
-0.0109196 0.651032 -0.235971
0.00205755 0.617664 -0.235971
-0.0113775 0.65593 -0.235971
-0.0118355 0.660827 -0.235971
-0.0122934 0.665725 -0.235971
-0.188331 0.861695 -0.226176
-0.193678 0.708047 -0.162507
-0.0132092 0.675519 -0.235971
-0.014583 0.690212 -0.235971
-0.0164147 0.709801 -0.235971
-0.0168727 0.714699 -0.235971
-0.0173306 0.719596 -0.235971
-0.0919956 0.569348 -0.138019
-0.0191623 0.739186 -0.235971
0.0335108 0.650247 -0.162507
-0.0196202 0.744083 -0.235971
-0.0200782 0.748981 -0.235971
-0.0205361 0.753878 -0.235971
-0.020994 0.758776 -0.235971
-0.203753 0.81579 -0.226176
-0.0214519 0.763673 -0.235971
-0.0219099 0.76857 -0.235971
0.00267065 0.716526 -0.235971
-0.0223678 0.773468 -0.235971
0.00221273 0.721424 -0.235971
-0.0228257 0.778365 -0.235971
0.0362584 0.620862 -0.191893
-0.0246574 0.797955 -0.235971
-0.183445 0.862151 -0.138019
-0.0264891 0.817545 -0.235971
-0.0269471 0.822442 -0.235971
-0.0278629 0.832237 -0.235971
-0.0287788 0.842032 -0.235971
-0.0296946 0.851826 -0.235971
0.013362 0.865733 -0.152712
-0.0306105 0.861621 -0.235971
0.0229784 0.762887 -0.133121
0.000377217 0.582925 -0.128224
0.0335108 0.650247 -0.201688
-0.0032862 0.622105 -0.128224
-0.00374413 0.627002 -0.128224
-0.118862 0.803967 -0.235971
-0.00465999 0.636797 -0.128224
-0.00740376 0.824269 -0.128224
-0.0064917 0.656387 -0.128224
-0.0533669 0.5779 -0.128224
0.038548 0.596375 -0.147814
-0.0422177 0.722209 -0.235971
-0.00832341 0.675976 -0.128224
-0.0101513 0.853654 -0.128224
-0.0101551 0.695566 -0.128224
0.0261839 0.728605 -0.167405
-0.202072 0.850529 -0.128224
-0.010613 0.700463 -0.128224
-0.0585555 0.6861 -0.235971
-0.191847 0.688458 -0.162507
-0.0765736 0.615252 -0.128224
-0.173215 0.858168 -0.235971
-0.0119868 0.715156 -0.128224
0.0243522 0.748195 -0.221278
-0.165737 0.725481 -0.128224
-0.0129027 0.72495 -0.128224
-0.0138185 0.734745 -0.128224
-0.0187044 0.734288 -0.235971
-0.0142765 0.739643 -0.128224
-0.193217 0.861238 -0.172302
-0.182688 0.590509 -0.172302
-0.160242 0.666712 -0.128224
0.00251548 0.612767 -0.128224
-0.000228291 0.800239 -0.128224
-0.0161082 0.759232 -0.128224
0.00572097 0.578485 -0.186995
-0.0165661 0.76413 -0.128224
-0.185894 0.624791 -0.142916
-0.0188557 0.788617 -0.128224
-0.0193137 0.793514 -0.128224
0.000381014 0.741013 -0.235971
-0.140241 0.663641 -0.235971
-0.111993 0.730506 -0.235971
-0.0350422 0.698179 -0.128224
-0.138712 0.752709 -0.128224
-0.153672 0.859995 -0.235971
-0.0225192 0.827796 -0.128224
-0.116425 0.567064 -0.186995
-0.126196 0.56615 -0.138019
-0.17398 0.813634 -0.128224
-0.023435 0.837591 -0.128224
0.0135095 0.653317 -0.128224
0.00984992 0.850584 -0.128224
-0.179479 0.714315 -0.128224
-0.121311 0.566607 -0.138019
-0.00542447 0.592263 -0.128224
-0.00954202 0.794428 -0.128224
-0.00679825 0.606956 -0.128224
-0.180856 0.57092 -0.147814
-0.177341 0.744157 -0.235971
0.0203785 0.579855 -0.235971
-0.106804 0.622306 -0.235971
-0.109548 0.809778 -0.235971
-0.00725618 0.611853 -0.128224
-0.0173268 0.877684 -0.226176
0.0225205 0.767785 -0.142916
-0.0690916 0.640653 -0.128224
-0.00817203 0.621648 -0.128224
-0.0113737 0.814018 -0.128224
0.0289315 0.699221 -0.133121
-0.128486 0.590637 -0.235971
-0.00908789 0.631443 -0.128224
-0.0122896 0.823812 -0.128224
-0.0113775 0.65593 -0.128224
-0.0118355 0.660827 -0.128224
-0.0122934 0.665725 -0.128224
-0.0154989 0.700007 -0.128224
-0.0164147 0.709801 -0.128224
-0.0168727 0.714699 -0.128224
-0.0173306 0.719596 -0.128224
-0.140854 0.564779 -0.138019
-0.12329 0.798613 -0.128224
-0.0187044 0.734288 -0.128224
-0.190931 0.678663 -0.157609
-0.122529 0.685059 -0.235971
-0.0191623 0.739186 -0.128224
-0.0205361 0.753878 -0.128224
-0.142985 0.851114 -0.128224
-0.0214519 0.763673 -0.128224
0.0156516 0.841246 -0.221278
-0.113371 0.58711 -0.128224
-0.136729 0.678791 -0.235971
0.0330529 0.655144 -0.152712
-0.00893651 0.577114 -0.128224
-0.0112262 0.601601 -0.128224
0.032137 0.664939 -0.167405
-0.187419 0.693812 -0.128224
-0.188486 0.757935 -0.128224
-0.0480193 0.731547 -0.235971
-0.0440532 0.583711 -0.128224
-0.184062 0.605201 -0.182097
-0.012142 0.611396 -0.128224
-0.0162596 0.813561 -0.128224
-0.137342 0.579929 -0.235971
-0.140086 0.767401 -0.235971
-0.0452718 0.702163 -0.128224
-0.0125999 0.616294 -0.128224
-0.0158016 0.808663 -0.128224
-0.136884 0.575031 -0.235971
-0.13123 0.778109 -0.235971
-0.0141251 0.685314 -0.128224
0.00816958 0.815845 -0.235971
-0.0936683 0.850785 -0.128224
-0.0480231 0.57346 -0.19679
-0.014583 0.690212 -0.128224
-0.205127 0.830483 -0.128224
-0.110926 0.666383 -0.128224
-0.0144316 0.635883 -0.128224
-0.0148896 0.640781 -0.128224
-0.0185492 0.838048 -0.128224
0.0188571 0.806964 -0.152712
-0.0158054 0.650576 -0.128224
-0.123294 0.640525 -0.128224
-0.126495 0.832895 -0.128224
-0.0138223 0.576657 -0.157609
-0.0261826 0.866976 -0.128224
-0.190473 0.673765 -0.147814
-0.0631386 0.576986 -0.128224
-0.192305 0.693355 -0.1772
-0.018553 0.67996 -0.128224
-0.199173 0.766816 -0.147814
-0.141921 0.628903 -0.235971
-0.15184 0.840405 -0.235971
-0.0190109 0.684857 -0.128224
0.0106068 0.578942 -0.147814
-0.0194689 0.689755 -0.128224
0.0220626 0.772682 -0.167405
0.0252643 0.580312 -0.167405
-0.202379 0.801098 -0.216381
0.0055696 0.632813 -0.128224
0.0255708 0.629743 -0.128224
-0.0984066 0.637912 -0.235971
-0.102066 0.835179 -0.235971
-0.0368701 0.875857 -0.1772
-0.0232837 0.783263 -0.128224
-0.197951 0.806452 -0.128224
-0.0861901 0.718098 -0.235971
-0.0493931 0.74624 -0.128224
0.013362 0.865733 -0.206586
-0.0154989 0.700007 -0.235971
-0.0226743 0.724037 -0.128224
0.0154926 0.579398 -0.133121
-0.0258798 0.758319 -0.128224
-0.0263378 0.763216 -0.128224
-0.142069 0.841319 -0.128224
-0.0267957 0.768114 -0.128224
0.0142778 0.855938 -0.167405
-0.0295433 0.797498 -0.128224
-0.0287788 0.842032 -0.128224
-0.0710709 0.872659 -0.152712
0.019773 0.797169 -0.1772
0.00984612 0.692496 -0.128224
0.0350359 0.581226 -0.152712
-0.0318329 0.821985 -0.128224
-0.168787 0.863522 -0.211483
0.0353425 0.630657 -0.133121
-0.190931 0.678663 -0.211483
-0.0354963 0.861164 -0.128224
-0.0364122 0.870959 -0.128224
-0.0138223 0.576657 -0.128224
-0.0142803 0.581555 -0.128224
0.0170254 0.826554 -0.191893
-0.163603 0.597234 -0.235971
-0.167262 0.794501 -0.235971
-0.178869 0.655089 -0.235971
0.0298474 0.689426 -0.162507
-0.0664954 0.665597 -0.235971
-0.0165699 0.606042 -0.128224
-0.0174858 0.615837 -0.128224
-0.0179437 0.620734 -0.128224
-0.0197754 0.640324 -0.128224
-0.0217547 0.87233 -0.128224
-0.00175345 0.86926 -0.235971
-0.188179 0.807366 -0.235971
-0.18925 0.713401 -0.128224
-0.186654 0.738345 -0.128224
-0.032446 0.723123 -0.128224
-0.107259 0.785291 -0.128224
-0.113825 0.750095 -0.128224
-0.0184016 0.625632 -0.128224
-0.0906142 0.870831 -0.162507
-0.18223 0.585612 -0.191893
-0.1123 0.681075 -0.128224
-0.0519893 0.721296 -0.235971
-0.0839005 0.693611 -0.128224
-0.022065 0.664811 -0.128224
-0.170623 0.725024 -0.235971
-0.146807 0.628446 -0.235971
-0.150009 0.820816 -0.235971
-0.0570265 0.775167 -0.128224
-0.0542828 0.587695 -0.128224
-0.0238968 0.684401 -0.128224
0.0203785 0.579855 -0.231074
-0.0351936 0.752508 -0.128224
0.0165675 0.831451 -0.152712
-0.0243547 0.689298 -0.128224
-0.0319843 0.876314 -0.152712
-0.185436 0.619894 -0.133121
-0.15444 0.657374 -0.235971
-0.157184 0.844846 -0.235971
-0.148945 0.598605 -0.128224
-0.152147 0.790974 -0.128224
-0.028934 0.738272 -0.128224
-0.0293919 0.74317 -0.128224
-0.175055 0.561582 -0.226176
-0.19551 0.727637 -0.152712
-0.0121382 0.769484 -0.235971
-0.141615 0.678334 -0.128224
-0.144358 0.865806 -0.128224
-0.0298498 0.748067 -0.128224
-0.0307657 0.757862 -0.128224
-0.0312236 0.762759 -0.128224
-0.0261864 0.708888 -0.128224
-0.139472 0.866263 -0.157609
-0.196426 0.737432 -0.152712
-0.150164 0.717056 -0.128224
-0.0362608 0.816631 -0.128224
-0.0261826 0.866976 -0.235971
-0.0376346 0.831323 -0.128224
-0.04741 0.672321 -0.128224
-0.114438 0.651233 -0.235971
-0.0669496 0.828582 -0.235971
-0.019624 0.585995 -0.128224
-0.020082 0.590893 -0.128224
-0.0950459 0.707389 -0.128224
-0.0237416 0.78816 -0.128224
-0.0209978 0.600688 -0.128224
-0.121311 0.566607 -0.157609
-0.0228295 0.620277 -0.128224
-0.133217 0.69394 -0.235971
-0.0342815 0.584625 -0.235971
-0.0237454 0.630072 -0.128224
0.0104592 0.791358 -0.235971
0.013203 0.603886 -0.235971
-0.026035 0.654559 -0.128224
-0.0264929 0.659457 -0.128224
-0.0315263 0.871416 -0.128224
-0.0278667 0.674149 -0.128224
-0.0310684 0.866519 -0.128224
-0.0283247 0.679046 -0.128224
-0.0296984 0.693739 -0.128224
0.0371742 0.611067 -0.226176
-0.196884 0.742329 -0.167405
-0.093517 0.796456 -0.235971
-0.0319881 0.718226 -0.128224
-0.0342777 0.742713 -0.128224
-0.0219099 0.76857 -0.128224
-0.116879 0.730049 -0.235971
0.0301501 0.580769 -0.226176
-0.00511792 0.641694 -0.128224
-0.17566 0.778895 -0.128224
-0.172458 0.586525 -0.128224
0.0312211 0.674734 -0.182097
-0.0306143 0.703533 -0.128224
-0.188183 0.649278 -0.133121
-0.00145449 0.602515 -0.128224
0.0225205 0.767785 -0.226176
-0.14574 0.564323 -0.142916
-0.00557205 0.80468 -0.128224
-0.186352 0.629689 -0.216381
-0.111535 0.725608 -0.128224
-0.0397728 0.801482 -0.128224
0.0156516 0.841246 -0.206586
-0.115808 0.824014 -0.128224
-0.135968 0.565236 -0.162507
-0.1836 0.758392 -0.235971
-0.136577 0.624462 -0.235971
-0.000996566 0.597618 -0.128224
-0.207874 0.859867 -0.211483
-0.00602997 0.809577 -0.128224
-0.0402308 0.806379 -0.128224
-0.00663928 0.868803 -0.235971
-0.00343758 0.676433 -0.235971
-0.0434363 0.840661 -0.128224
-0.112606 0.631644 -0.128224
-0.045268 0.860251 -0.128224
-0.0058786 0.755249 -0.235971
-0.0461838 0.870046 -0.128224
-0.0277116 0.777908 -0.128224
-0.0240519 0.580641 -0.128224
-0.0257247 0.862078 -0.128224
-0.144514 0.762047 -0.235971
-0.0907732 0.608984 -0.235971
-0.0202295 0.803309 -0.128224
-0.140547 0.61421 -0.128224
-0.144207 0.811478 -0.128224
-0.149244 0.865349 -0.152712
-0.0286274 0.787703 -0.128224
-0.0254257 0.595333 -0.128224
-0.0929115 0.579143 -0.235971
-0.0267995 0.610026 -0.128224
-0.183445 0.862151 -0.1772
-0.031375 0.817088 -0.128224
-0.0277153 0.61982 -0.128224
-0.0913825 0.66821 -0.128224
-0.092147 0.623676 -0.128224
-0.030917 0.81219 -0.128224
-0.0281733 0.624718 -0.128224
-0.105272 0.869461 -0.221278
-0.0350384 0.856267 -0.128224
-0.0295471 0.63941 -0.128224
0.00221652 0.879511 -0.201688
0.0316791 0.669836 -0.157609
-0.0341225 0.846472 -0.128224
-0.0304629 0.649205 -0.128224
-0.162687 0.587439 -0.235971
-0.0832874 0.792473 -0.235971
-0.0336646 0.841575 -0.128224
-0.0309208 0.654102 -0.128224
0.0339687 0.645349 -0.138019
-0.0327526 0.673692 -0.128224
-0.0820688 0.674021 -0.128224
-0.0187082 0.576201 -0.235971
0.0339687 0.645349 -0.211483
-0.0332105 0.678589 -0.128224
0.0344266 0.640452 -0.186995
-0.047868 0.677219 -0.235971
-0.0368701 0.875857 -0.128224
-0.0341263 0.688384 -0.128224
-0.201463 0.791303 -0.167405
-0.0605386 0.760018 -0.128224
-0.187725 0.644381 -0.128224
-0.0382477 0.732461 -0.128224
-0.186045 0.67912 -0.128224
-0.18986 0.772627 -0.128224
-0.0391635 0.742256 -0.128224
-0.0405373 0.756948 -0.128224
-0.134439 0.654303 -0.128224
0.0312211 0.674734 -0.221278
-0.042827 0.781435 -0.128224
-0.0808426 0.871745 -0.128224
-0.0790147 0.694068 -0.128224
0.0209916 0.678717 -0.128224
-0.0710709 0.872659 -0.206586
-0.148945 0.598605 -0.235971
-0.152147 0.790974 -0.235971
-0.134746 0.604872 -0.235971
-0.138405 0.80214 -0.235971
-0.0212968 0.867432 -0.235971
-0.0202333 0.645221 -0.235971
-0.0478642 0.835307 -0.128224
-0.049238 0.849999 -0.128224
0.0238943 0.753092 -0.172302
-0.0199268 0.694652 -0.128224
-0.00405068 0.577571 -0.128224
-0.00679445 0.765043 -0.128224
-0.0738223 0.743955 -0.235971
-0.191389 0.68356 -0.157609
-0.0353449 0.806836 -0.128224
-0.0298536 0.589979 -0.128224
-0.15413 0.864892 -0.157609
-0.0303115 0.594877 -0.128224
-0.0339712 0.792144 -0.128224
-0.0312274 0.604671 -0.128224
-0.185436 0.619894 -0.172302
-0.150315 0.771385 -0.128224
-0.0900087 0.653518 -0.235971
0.013362 0.865733 -0.201688
-0.0840557 0.589851 -0.128224
-0.173673 0.863065 -0.182097
-0.206042 0.840277 -0.1772
-0.0377898 0.727564 -0.235971
-0.0442007 0.796127 -0.128224
-0.0405411 0.59886 -0.128224
0.0339687 0.645349 -0.226176
-0.00129552 0.864362 -0.128224
-0.0348908 0.643851 -0.128224
-0.181768 0.738802 -0.235971
-0.0509221 0.657172 -0.235971
-0.0399242 0.85581 -0.128224
-0.0358067 0.653646 -0.128224
-0.129705 0.709089 -0.128224
-0.116425 0.567064 -0.182097
-0.126196 0.56615 -0.142916
-0.0336684 0.683487 -0.128224
0.0330529 0.655144 -0.1772
-0.00893651 0.577114 -0.152712
-0.00878134 0.680874 -0.128224
-0.170926 0.833681 -0.128224
-0.168182 0.646208 -0.128224
-0.199631 0.771714 -0.172302
-0.0301564 0.698636 -0.235971
0.0261839 0.728605 -0.152712
0.014274 0.69785 -0.128224
0.0362584 0.620862 -0.133121
-0.0385542 0.68303 -0.128224
-0.115043 0.868547 -0.172302
-0.163599 0.755322 -0.128224
-0.160855 0.567849 -0.128224
-0.198102 0.860781 -0.172302
-0.186352 0.629689 -0.182097
-0.0955039 0.712287 -0.128224
-0.0481707 0.785876 -0.128224
0.0289315 0.699221 -0.128224
-0.00221138 0.874157 -0.235971
-0.067714 0.784048 -0.128224
-0.0640544 0.586781 -0.128224
-0.108174 0.795086 -0.128224
-0.101608 0.830282 -0.128224
-0.0988645 0.642809 -0.128224
-0.0564134 0.874029 -0.128224
-0.0877191 0.629031 -0.235971
-0.0913787 0.826298 -0.235971
-0.0379411 0.781892 -0.128224
-0.0347394 0.589522 -0.128224
0.0335108 0.650247 -0.147814
-0.0365712 0.609112 -0.128224
-0.037487 0.618907 -0.128224
-0.0420625 0.825969 -0.128224
-0.0384029 0.628702 -0.128224
-0.0416046 0.821071 -0.128224
-0.0388608 0.633599 -0.128224
-0.199173 0.766816 -0.1772
-0.149857 0.766487 -0.128224
-0.036416 0.712871 -0.128224
-0.0393187 0.638496 -0.128224
-0.00954582 0.63634 -0.128224
-0.110926 0.666383 -0.235971
-0.0443521 0.850456 -0.128224
-0.0406925 0.653189 -0.128224
0.0289315 0.699221 -0.201688
-0.093517 0.796456 -0.128224
-0.196426 0.737432 -0.206586
-0.0451166 0.805922 -0.128224
-0.0420663 0.667881 -0.128224
-0.017024 0.769027 -0.128224
0.0241971 0.644435 -0.128224
-0.0425242 0.672778 -0.128224
-0.022523 0.669708 -0.128224
-0.141312 0.569677 -0.235971
-0.0429821 0.677676 -0.128224
0.0298474 0.689426 -0.157609
-0.154289 0.603045 -0.235971
-0.043898 0.687471 -0.128224
-0.0443559 0.692368 -0.128224
-0.0675665 0.571632 -0.133121
-0.186809 0.634586 -0.162507
-0.14253 0.688129 -0.235971
-0.016112 0.601144 -0.128224
-0.206958 0.850072 -0.167405
0.0266419 0.723708 -0.128224
-0.0284798 0.575287 -0.201688
-0.0635927 0.739972 -0.235971
-0.0466456 0.716855 -0.128224
-0.0872611 0.624133 -0.128224
-0.0480193 0.731547 -0.128224
-0.168178 0.804296 -0.128224
0.0127451 0.608783 -0.128224
-0.110158 0.869004 -0.147814
-0.0944328 0.806251 -0.235971
-0.0319843 0.876314 -0.191893
-0.0469483 0.825512 -0.128224
-0.0112262 0.601601 -0.235971
-0.0525986 0.780522 -0.128224
0.0147357 0.851041 -0.138019
-0.154743 0.76603 -0.235971
-0.0535145 0.790316 -0.128224
0.0142778 0.855938 -0.157609
-0.0553462 0.809906 -0.128224
-0.18223 0.585612 -0.216381
-0.0906142 0.870831 -0.235971
-0.0580938 0.839291 -0.128224
-0.0599255 0.85888 -0.128224
0.00664063 0.726778 -0.128224
-0.0612992 0.873572 -0.128224
-0.139174 0.599518 -0.128224
-0.141766 0.732662 -0.128224
-0.203295 0.810893 -0.172302
-0.0351936 0.752508 -0.235971
-0.183445 0.862151 -0.226176
-0.0414532 0.766743 -0.128224
-0.0387094 0.579271 -0.128224
-0.0510697 0.869589 -0.128224
-0.0733643 0.739058 -0.235971
-0.0423728 0.61845 -0.128224
0.0284736 0.704118 -0.226176
-0.101612 0.672194 -0.128224
-0.176425 0.734362 -0.128224
0.0145806 0.747281 -0.128224
-0.0432887 0.628245 -0.128224
-0.0684823 0.581427 -0.128224
0.0376321 0.60617 -0.221278
-0.0107682 0.596704 -0.235971
-0.0451204 0.647834 -0.128224
-0.164666 0.819445 -0.128224
-0.0661851 0.873116 -0.231074
0.0203785 0.579855 -0.162507
-0.0278629 0.832237 -0.128224
-0.0460363 0.657629 -0.128224
0.0335108 0.650247 -0.19679
-0.0602358 0.651361 -0.128224
-0.158713 0.755779 -0.128224
-0.156427 0.573204 -0.128224
0.00419961 0.805593 -0.128224
-0.0187082 0.576201 -0.206586
-0.0365674 0.7672 -0.128224
-0.0338236 0.579727 -0.128224
-0.0487838 0.687014 -0.128224
0.0312211 0.674734 -0.191893
-0.0492418 0.691911 -0.128224
-0.035958 0.707974 -0.128224
-0.116425 0.567064 -0.226176
-0.0506155 0.706603 -0.128224
-0.192762 0.698252 -0.216381
0.0248102 0.743297 -0.128224
-0.0529052 0.731091 -0.128224
-0.163902 0.863979 -0.211483
-0.0533631 0.735988 -0.128224
-0.0848163 0.703406 -0.128224
0.0394638 0.58658 -0.162507
0.0144292 0.80161 -0.128224
-0.17398 0.813634 -0.235971
-0.054279 0.745783 -0.128224
-0.0551948 0.755578 -0.128224
-0.155663 0.617737 -0.235971
-0.0556527 0.760475 -0.128224
-0.0525986 0.780522 -0.235971
-0.203295 0.810893 -0.19679
-0.0579424 0.784962 -0.128224
-0.065731 0.71013 -0.235971
-0.121311 0.566607 -0.162507
-0.0593162 0.799654 -0.128224
-0.174593 0.714772 -0.235971
-0.00603377 0.651489 -0.128224
-0.191847 0.688458 -0.19679
-0.0434401 0.682573 -0.128224
-0.165124 0.824343 -0.235971
-0.0616058 0.824141 -0.128224
0.0101489 0.583839 -0.128224
-0.0710709 0.872659 -0.211483
0.0147319 0.692953 -0.235971
-0.0643534 0.853526 -0.128224
-0.0648113 0.858423 -0.128224
-0.13291 0.743371 -0.235971
-0.0461876 0.711958 -0.128224
-0.0431373 0.573916 -0.128224
-0.201921 0.796201 -0.1772
-0.0458849 0.603301 -0.128224
-0.00755514 0.878598 -0.167405
-0.0784016 0.79293 -0.128224
-0.0747419 0.595662 -0.128224
0.0154926 0.579398 -0.128224
-0.0500024 0.805465 -0.128224
-0.0463428 0.608198 -0.128224
-0.167111 0.740173 -0.128224
0.0122871 0.61368 -0.235971
-0.190776 0.782422 -0.128224
-0.199325 0.821145 -0.128224
0.0139675 0.648419 -0.235971
0.0258774 0.679174 -0.128224
0.0325949 0.660041 -0.157609
-0.030005 0.644308 -0.128224
-0.159478 0.711245 -0.235971
0.0211467 0.782477 -0.221278
-0.131082 0.565693 -0.162507
-0.0283247 0.679046 -0.235971
-0.0310684 0.866519 -0.235971
-0.198102 0.860781 -0.19679
-0.186352 0.629689 -0.206586
-0.0509183 0.81526 -0.128224
-0.0481745 0.627788 -0.128224
-0.0518341 0.825055 -0.128224
-0.0495483 0.64248 -0.128224
-0.0536659 0.844645 -0.128224
-0.0504642 0.652275 -0.128224
-0.0509221 0.657172 -0.128224
-0.0550396 0.859337 -0.128224
-0.05138 0.66207 -0.128224
-0.0522959 0.671865 -0.128224
-0.168787 0.863522 -0.226176
-0.190931 0.678663 -0.172302
-0.0527538 0.676762 -0.128224
-0.0541276 0.691454 -0.128224
-0.100386 0.869918 -0.152712
0.0270998 0.71881 -0.221278
-0.150928 0.672523 -0.128224
-0.170623 0.725024 -0.128224
-0.0490866 0.795671 -0.128224
-0.0550434 0.701249 -0.128224
-0.113976 0.804424 -0.128224
-0.202988 0.860324 -0.211483
-0.0568751 0.720839 -0.128224
-0.057791 0.730634 -0.128224
-0.121311 0.566607 -0.147814
-0.159326 0.656917 -0.235971
-0.115043 0.868547 -0.1772
-0.0582489 0.735531 -0.128224
0.0301501 0.580769 -0.186995
-0.0587069 0.740429 -0.128224
-0.012441 0.878141 -0.186995
0.0211467 0.782477 -0.191893
-0.131082 0.565693 -0.182097
-0.0825267 0.678918 -0.128224
-0.0591648 0.745326 -0.128224
-0.204211 0.820688 -0.172302
-0.0596227 0.750223 -0.128224
-0.0609965 0.764916 -0.128224
-0.107111 0.572875 -0.235971
-0.0619124 0.77471 -0.128224
-0.172148 0.794044 -0.128224
-0.169862 0.611469 -0.128224
-0.0628282 0.784505 -0.128224
-0.119169 0.754536 -0.128224
0.0147357 0.851041 -0.152712
-0.00175725 0.711172 -0.128224
-0.179941 0.561125 -0.172302
-0.0632861 0.789403 -0.128224
-0.155511 0.563409 -0.142916
-0.0655758 0.81389 -0.128224
-0.186352 0.629689 -0.157609
-0.0660337 0.818787 -0.128224
-0.0687813 0.848172 -0.128224
-0.0690878 0.798741 -0.128224
-0.0696971 0.857967 -0.128224
0.019773 0.797169 -0.152712
0.0298474 0.689426 -0.142916
-0.0710709 0.872659 -0.128224
-0.131082 0.565693 -0.128224
-0.0484811 0.578357 -0.128224
-0.168791 0.705434 -0.128224
-0.188183 0.649278 -0.216381
0.00771166 0.820742 -0.235971
0.0099975 0.638168 -0.235971
-0.0503128 0.597947 -0.128224
-0.0999279 0.86502 -0.128224
-0.0229809 0.674606 -0.235971
-0.207416 0.85497 -0.221278
-0.187267 0.639483 -0.172302
-0.0874087 0.83655 -0.128224
-0.084665 0.649077 -0.128224
-0.05672 0.824598 -0.128224
-0.0535183 0.632228 -0.128224
-0.0544341 0.642023 -0.128224
-0.0571817 0.671408 -0.128224
-0.0608413 0.868675 -0.128224
-0.0580976 0.681203 -0.128224
-0.0623703 0.779608 -0.128224
-0.181314 0.575817 -0.211483
-0.0562658 0.661613 -0.128224
0.0252681 0.7384 -0.201688
-0.179941 0.561125 -0.142916
-0.050309 0.756034 -0.128224
-0.106191 0.721168 -0.235971
-0.0599293 0.700792 -0.128224
-0.0608451 0.710587 -0.128224
-0.0664954 0.665597 -0.128224
-0.191998 0.742786 -0.128224
-0.174135 0.709875 -0.128224
-0.0640506 0.744869 -0.128224
-0.0269471 0.822442 -0.128224
0.0293894 0.694323 -0.211483
-0.156423 0.731292 -0.235971
-0.0654244 0.759561 -0.128224
-0.195813 0.836294 -0.235971
-0.190931 0.678663 -0.142916
-0.0663403 0.769356 -0.128224
-0.068172 0.788946 -0.128224
-0.165283 0.562495 -0.157609
0.0238905 0.595004 -0.128224
-0.0686299 0.793843 -0.128224
-0.0822239 0.570262 -0.162507
-0.0229771 0.832694 -0.128224
-0.187267 0.639483 -0.1772
0.0067958 0.830537 -0.128224
-0.207874 0.859867 -0.162507
-0.0727512 0.83792 -0.128224
-0.115043 0.868547 -0.138019
0.0106068 0.578942 -0.201688
-0.118559 0.69531 -0.128224
-0.0718354 0.828125 -0.128224
-0.0915339 0.722538 -0.128224
-0.074125 0.852612 -0.128224
-0.123903 0.699751 -0.128224
-0.150626 0.563866 -0.201688
-0.048939 0.583254 -0.235971
-0.0512248 0.765829 -0.235971
-0.0396215 0.747153 -0.128224
-0.060232 0.809449 -0.128224
-0.0574882 0.621977 -0.128224
-0.0629796 0.838834 -0.128224
-0.0606937 0.656259 -0.128224
-0.0620675 0.670951 -0.128224
-0.183146 0.595407 -0.216381
-0.189557 0.66397 -0.216381
-0.0515276 0.874486 -0.128224
-0.0370253 0.772097 -0.128224
-0.0333657 0.57483 -0.128224
-0.170774 0.779352 -0.235971
-0.0547369 0.75068 -0.128224
0.0280157 0.709016 -0.162507
-0.0643572 0.695438 -0.128224
-0.129095 0.649863 -0.128224
-0.0319843 0.876314 -0.162507
0.0295408 0.639995 -0.235971
-0.065273 0.705233 -0.128224
0.0303053 0.684528 -0.128224
-0.023594 0.575744 -0.147814
-0.0684785 0.739515 -0.128224
0.0367163 0.615965 -0.162507
-0.0689364 0.744412 -0.128224
-0.0722971 0.674935 -0.128224
-0.124819 0.709546 -0.128224
0.0261839 0.728605 -0.235971
-0.0698523 0.754207 -0.128224
-0.0295433 0.797498 -0.235971
-0.0707682 0.764002 -0.128224
-0.00266931 0.879055 -0.226176
-0.0725999 0.783592 -0.128224
-0.0762633 0.822771 -0.128224
-0.172761 0.695182 -0.128224
-0.0767212 0.827668 -0.128224
0.0350359 0.581226 -0.138019
-0.0109158 0.80912 -0.235971
-0.0771791 0.832566 -0.128224
-0.0803846 0.866848 -0.128224
-0.133826 0.753166 -0.128224
-0.0591686 0.587238 -0.128224
-0.0864929 0.826755 -0.235971
-0.144358 0.865806 -0.216381
-0.0614582 0.611725 -0.128224
0.0151937 0.846143 -0.206586
-0.0223716 0.61538 -0.128224
-0.133675 0.698837 -0.235971
-0.0646599 0.804095 -0.128224
-0.0623741 0.62152 -0.128224
-0.197187 0.850986 -0.235971
-0.0664916 0.823685 -0.128224
-0.0632899 0.631315 -0.128224
-0.0678654 0.838377 -0.128224
-0.0642058 0.64111 -0.128224
-0.0194689 0.689755 -0.235971
-0.00893651 0.577114 -0.186995
-0.0660375 0.660699 -0.128224
-0.121765 0.729592 -0.235971
-0.105272 0.869461 -0.211483
-0.144358 0.865806 -0.201688
-0.0692392 0.853069 -0.128224
-0.0683271 0.685186 -0.128224
-0.078254 0.580513 -0.128224
-0.069243 0.694981 -0.128224
0.0371742 0.611067 -0.167405
-0.0697009 0.699879 -0.128224
-0.065273 0.705233 -0.235971
-0.0724485 0.729263 -0.128224
-0.0729064 0.734161 -0.128224
-0.136116 0.777653 -0.128224
-0.132914 0.585283 -0.128224
-0.163902 0.863979 -0.206586
0.0399218 0.581683 -0.162507
-0.0738223 0.743955 -0.128224
-0.0255771 0.649662 -0.128224
-0.0591686 0.587238 -0.235971
-0.102679 0.736317 -0.235971
-0.0802333 0.812519 -0.128224
-0.0806912 0.817417 -0.128224
-0.0242033 0.63497 -0.128224
-0.200089 0.776611 -0.19679
-0.102225 0.573332 -0.235971
-0.105427 0.765701 -0.235971
-0.0551986 0.59749 -0.235971
-0.081607 0.827211 -0.128224
-0.0808426 0.871745 -0.162507
-0.00266931 0.879055 -0.157609
-0.0255733 0.80775 -0.128224
-0.132759 0.689042 -0.235971
0.0248064 0.58521 -0.128224
-0.0829808 0.841904 -0.128224
-0.133065 0.639611 -0.128224
-0.135351 0.822186 -0.128224
-0.128482 0.748725 -0.128224
-0.0251154 0.802852 -0.128224
-0.0219137 0.610482 -0.128224
-0.0383991 0.786789 -0.128224
-0.0361132 0.604215 -0.128224
0.0183992 0.811861 -0.133121
-0.0132092 0.675519 -0.128224
0.00480892 0.746368 -0.128224
-0.0241995 0.793057 -0.128224
-0.0205399 0.59579 -0.128224
-0.0536697 0.686557 -0.235971
-0.0515276 0.874486 -0.226176
-0.0672561 0.779151 -0.128224
-0.0645123 0.591679 -0.128224
-0.126196 0.56615 -0.19679
0.0206888 0.787374 -0.128224
-0.0654282 0.601473 -0.128224
-0.181772 0.580714 -0.235971
-0.00679825 0.606956 -0.235971
-0.0498549 0.593049 -0.128224
-0.134587 0.86672 -0.142916
-0.0333657 0.57483 -0.162507
-0.183146 0.595407 -0.226176
-0.189557 0.66397 -0.226176
0.0358004 0.625759 -0.128224
-0.023594 0.575744 -0.128224
-0.0686337 0.635755 -0.128224
-0.0214557 0.605585 -0.128224
-0.0270984 0.87677 -0.206586
-0.0657272 0.868218 -0.128224
-0.0271022 0.718683 -0.128224
-0.0695495 0.64555 -0.128224
0.025726 0.733503 -0.211483
-0.0822239 0.570262 -0.138019
-0.162838 0.641768 -0.128224
-0.0700075 0.650448 -0.128224
-0.185436 0.619894 -0.142916
-0.0156541 0.596247 -0.128224
-0.104814 0.864563 -0.235971
-0.0745829 0.85751 -0.128224
-0.0718392 0.670037 -0.128224
-0.0745867 0.699422 -0.128224
-0.0759567 0.872202 -0.206586
0.0234364 0.75799 -0.221278
-0.0759605 0.714114 -0.128224
-0.122987 0.689956 -0.235971
-0.185894 0.624791 -0.133121
-0.1978 0.752124 -0.128224
-0.0976421 0.682445 -0.235971
-0.0675665 0.571632 -0.1772
-0.0782502 0.738601 -0.128224
-0.04878 0.845102 -0.128224
-0.0466418 0.874943 -0.206586
-0.0394701 0.692825 -0.128224
-0.202988 0.860324 -0.162507
-0.0787081 0.743499 -0.128224
-0.079166 0.748396 -0.128224
-0.137493 0.634257 -0.128224
0.0358004 0.625759 -0.235971
-0.126344 0.778566 -0.128224
-0.0354963 0.861164 -0.235971
-0.1978 0.752124 -0.182097
-0.185894 0.624791 -0.1772
-0.0828294 0.787575 -0.128224
-0.188331 0.861695 -0.211483
-0.0987093 0.746569 -0.128224
-0.0851191 0.812062 -0.128224
-0.0869508 0.831652 -0.128224
-0.0777922 0.733704 -0.235971
-0.0721419 0.778694 -0.128224
-0.0689402 0.586324 -0.128224
0.0200757 0.688512 -0.128224
-0.0391673 0.584168 -0.235971
-0.0385504 0.841118 -0.128224
-0.0277153 0.61982 -0.235971
-0.031375 0.817088 -0.235971
-0.0735157 0.793386 -0.128224
-0.0698561 0.596119 -0.128224
-0.0590134 0.690997 -0.235971
-0.0712299 0.610811 -0.128224
-0.0730616 0.630401 -0.128224
-0.0758054 0.817874 -0.128224
-0.0735195 0.635299 -0.128224
-0.180395 0.72411 -0.128224
-0.0739774 0.640196 -0.128224
-0.0831398 0.580056 -0.235971
-0.0858836 0.767529 -0.235971
-0.100386 0.869918 -0.167405
-0.0620637 0.829039 -0.235971
0.0284736 0.704118 -0.235971
-0.0107682 0.596704 -0.128224
-0.078095 0.842361 -0.128224
-0.0753512 0.654888 -0.128224
-0.0530565 0.785419 -0.235971
-0.0721457 0.620606 -0.128224
0.0225205 0.767785 -0.186995
-0.14574 0.564323 -0.152712
-0.0674075 0.833479 -0.128224
-0.0646637 0.646007 -0.128224
0.0318305 0.615508 -0.128224
-0.0298536 0.589979 -0.235971
-0.0353449 0.806836 -0.235971
0.0261839 0.728605 -0.133121
0.00694718 0.776209 -0.235971
0.00969095 0.588736 -0.235971
-0.0758092 0.659786 -0.128224
-0.058862 0.636669 -0.128224
-0.0435952 0.578814 -0.235971
-0.0794726 0.698965 -0.128224
-0.0342815 0.584625 -0.128224
-0.0808464 0.713657 -0.128224
-0.0822201 0.728349 -0.128224
-0.0466418 0.874943 -0.221278
-0.165124 0.824343 -0.128224
-0.0645085 0.749767 -0.235971
0.00526684 0.74147 -0.235971
-0.0611479 0.819244 -0.235971
0.0325949 0.660041 -0.182097
-0.195968 0.732534 -0.221278
0.00847613 0.865276 -0.235971
0.0121358 0.668009 -0.235971
-0.0296946 0.851826 -0.128224
-0.0222126 0.877227 -0.186995
-0.192305 0.693355 -0.157609
-0.0687851 0.690084 -0.128224
-0.0826781 0.733247 -0.128224
-0.083136 0.738144 -0.128224
0.0147357 0.851041 -0.201688
-0.0941301 0.697594 -0.128224
-0.0260312 0.812647 -0.235971
-0.0232874 0.625175 -0.235971
-0.00191242 0.607412 -0.128224
-0.00419826 0.789987 -0.128224
-0.0437466 0.633142 -0.128224
-0.0906142 0.870831 -0.226176
-0.201157 0.840734 -0.128224
0.0266419 0.723708 -0.191893
-0.206958 0.850072 -0.186995
-0.0849677 0.757734 -0.128224
0.012904 0.87063 -0.167405
-0.179785 0.664884 -0.128224
-0.0387056 0.737359 -0.128224
-0.164363 0.710788 -0.235971
-0.0854256 0.762631 -0.128224
0.0147357 0.851041 -0.186995
-0.115812 0.665926 -0.128224
-0.0872573 0.782221 -0.128224
-0.0890891 0.801811 -0.128224
-0.0900049 0.811606 -0.128224
0.000835145 0.578028 -0.128224
-0.0922946 0.836093 -0.128224
-0.0932104 0.845887 -0.128224
-0.144975 0.608856 -0.235971
-0.149093 0.811021 -0.235971
-0.0756578 0.605457 -0.128224
-0.127112 0.575945 -0.235971
-0.130772 0.773212 -0.235971
-0.149555 0.65783 -0.235971
-0.152756 0.8502 -0.235971
-0.190015 0.668868 -0.206586
-0.0206875 0.808207 -0.128224
-0.0793174 0.802724 -0.128224
-0.0761157 0.610355 -0.128224
0.034578 0.586123 -0.128224
-0.0770316 0.620149 -0.128224
-0.028476 0.733375 -0.128224
0.0362584 0.620862 -0.128224
-0.0779474 0.629944 -0.128224
-0.175354 0.828326 -0.128224
-0.0671047 0.724823 -0.235971
-0.174896 0.823429 -0.128224
-0.171236 0.626162 -0.128224
-0.082065 0.832109 -0.128224
-0.0788633 0.639739 -0.128224
-0.15413 0.864892 -0.19679
0.0165675 0.831451 -0.162507
-0.0793212 0.644637 -0.128224
0.0275577 0.713913 -0.1772
-0.0611479 0.819244 -0.128224
-0.0811491 0.822314 -0.128224
-0.0797791 0.649534 -0.128224
-0.0100037 0.641237 -0.128224
-0.0136634 0.838505 -0.128224
-0.173832 0.601218 -0.235971
-0.0843546 0.856596 -0.128224
-0.080695 0.659329 -0.128224
0.0161095 0.836348 -0.221278
-0.105431 0.607614 -0.235971
-0.108632 0.799983 -0.235971
-0.0138223 0.576657 -0.231074
-0.0228257 0.778365 -0.128224
-0.167573 0.586982 -0.235971
-0.0829846 0.683816 -0.128224
0.0284736 0.704118 -0.162507
-0.0857322 0.7132 -0.128224
-0.0875639 0.73279 -0.128224
0.00419581 0.647505 -0.235971
-0.0880218 0.737687 -0.128224
-0.0545855 0.696352 -0.128224
-0.167724 0.641311 -0.235971
-0.171384 0.838578 -0.235971
-0.0884798 0.742585 -0.128224
-0.205127 0.830483 -0.182097
0.00114549 0.785547 -0.235971
-0.0303077 0.752964 -0.128224
0.0138199 0.860835 -0.172302
-0.052909 0.573003 -0.142916
-0.0802371 0.654431 -0.128224
-0.0245099 0.585539 -0.235971
-0.0272536 0.773011 -0.235971
-0.0626806 0.572089 -0.147814
-0.0889377 0.747482 -0.128224
-0.0903115 0.762175 -0.128224
-0.187725 0.644381 -0.1772
-0.116728 0.675721 -0.128224
-0.114286 0.596905 -0.235971
0.0289315 0.699221 -0.186995
-0.0284798 0.575287 -0.142916
-0.093059 0.791559 -0.128224
-0.135662 0.614667 -0.235971
-0.0335132 0.787246 -0.128224
-0.0939749 0.801354 -0.128224
-0.0188557 0.788617 -0.235971
-0.147114 0.579015 -0.235971
-0.0724523 0.571175 -0.191893
-0.0944328 0.806251 -0.128224
-0.203295 0.810893 -0.133121
-0.0948907 0.811149 -0.128224
-0.00755514 0.878598 -0.152712
-0.0953487 0.816046 -0.128224
0.0150385 0.742384 -0.128224
-0.0852705 0.866391 -0.128224
-0.0976383 0.840533 -0.128224
-0.0417559 0.8754 -0.206586
-0.113673 0.695767 -0.128224
-0.172001 0.581628 -0.235971
-0.0295471 0.63941 -0.235971
-0.0350384 0.856267 -0.235971
-0.207874 0.859867 -0.133121
-0.162683 0.745527 -0.128224
-0.0800819 0.758191 -0.128224
-0.0773381 0.570718 -0.128224
-0.159016 0.864436 -0.167405
-0.198102 0.860781 -0.162507
-0.186352 0.629689 -0.172302
-0.0064879 0.814475 -0.128224
-0.0319843 0.876314 -0.182097
-0.185436 0.619894 -0.1772
-0.0787119 0.585411 -0.128224
-0.113829 0.592008 -0.128224
-0.0857284 0.871288 -0.152712
-0.0796278 0.595205 -0.128224
-0.15978 0.819902 -0.128224
-0.145585 0.668082 -0.128224
-0.0980962 0.845431 -0.128224
-0.0319881 0.718226 -0.235971
-0.0814595 0.614795 -0.128224
-0.0828332 0.629487 -0.128224
-0.115043 0.868547 -0.128224
-0.111384 0.67128 -0.128224
0.0307632 0.679631 -0.167405
-0.0860349 0.821857 -0.128224
-0.0832912 0.634385 -0.128224
-0.0162596 0.813561 -0.235971
-0.012142 0.611396 -0.235971
-0.0515276 0.874486 -0.19679
-0.0892404 0.856139 -0.128224
-0.0851229 0.653975 -0.128224
-0.0576358 0.834393 -0.235971
-0.0883246 0.846344 -0.128224
-0.0860387 0.663769 -0.128224
-0.0927563 0.682902 -0.235971
0.0119882 0.880425 -0.1772
-0.181772 0.580714 -0.147814
-0.0878705 0.683359 -0.128224
-0.0887863 0.693154 -0.128224
-0.173673 0.863065 -0.216381
0.00206135 0.775752 -0.235971
-0.123138 0.744284 -0.128224
0.0170254 0.826554 -0.147814
-0.0897022 0.702949 -0.128224
-0.171081 0.729921 -0.128224
-0.0355001 0.703077 -0.128224
0.0270998 0.71881 -0.182097
0.0156516 0.841246 -0.157609
-0.134893 0.817289 -0.128224
0.0154926 0.579398 -0.182097
-0.104818 0.706476 -0.128224
-0.0217585 0.714242 -0.128224
-0.201005 0.786406 -0.19679
-0.108326 0.849414 -0.128224
0.0277091 0.659585 -0.128224
-0.0173268 0.877684 -0.191893
-0.038857 0.791687 -0.128224
-0.186809 0.634586 -0.147814
0.0296922 0.585666 -0.235971
-0.0919918 0.727436 -0.128224
-0.168946 0.601675 -0.235971
-0.173064 0.803839 -0.235971
-0.153373 0.59325 -0.235971
-0.157033 0.790518 -0.235971
-0.0924497 0.732333 -0.128224
-0.0567238 0.66651 -0.128224
-0.00893651 0.577114 -0.1772
-0.0929077 0.737231 -0.128224
0.0119882 0.880425 -0.147814
-0.181772 0.580714 -0.128224
0.0284736 0.704118 -0.172302
-0.0846612 0.807165 -0.128224
0.0113713 0.623475 -0.235971
-0.0933656 0.742128 -0.128224
-0.108788 0.696224 -0.128224
0.00710235 0.879968 -0.201688
-0.0938235 0.747025 -0.128224
-0.197342 0.747227 -0.19679
-0.0942814 0.751923 -0.128224
-0.188183 0.649278 -0.138019
-0.162532 0.691199 -0.128224
0.0225205 0.767785 -0.211483
-0.14574 0.564323 -0.128224
-0.0947394 0.75682 -0.128224
-0.142072 0.683231 -0.128224
-0.0732092 0.842817 -0.128224
-0.0704654 0.655345 -0.128224
-0.0176371 0.670165 -0.128224
0.0301501 0.580769 -0.133121
-0.106649 0.726065 -0.235971
0.038548 0.596375 -0.133121
-0.0956552 0.766615 -0.128224
-0.185583 0.83231 -0.235971
-0.0961132 0.771513 -0.128224
0.0179412 0.816759 -0.211483
-0.0596265 0.592135 -0.235971
-0.0498511 0.751137 -0.235971
0.0371742 0.611067 -0.172302
-0.196884 0.742329 -0.221278
-0.0974869 0.786205 -0.128224
-0.0979449 0.791102 -0.128224
-0.205584 0.83538 -0.147814
-0.0104579 0.804223 -0.235971
-0.102524 0.840076 -0.128224
-0.0777922 0.733704 -0.128224
-0.10344 0.849871 -0.128224
-0.192762 0.698252 -0.162507
0.0183992 0.811861 -0.235971
0.0211429 0.624389 -0.235971
-0.0869546 0.673564 -0.235971
-0.0901563 0.865934 -0.235971
-0.115043 0.868547 -0.142916
-0.160397 0.562952 -0.167405
-0.073213 0.68473 -0.235971
-0.0754988 0.867305 -0.235971
-0.0822239 0.570262 -0.128224
0.0275577 0.713913 -0.172302
-0.040386 0.70262 -0.128224
-0.0704616 0.813433 -0.128224
-0.0677178 0.625961 -0.128224
-0.0863415 0.772426 -0.128224
-0.0826819 0.575159 -0.128224
0.0252681 0.7384 -0.172302
-0.19322 0.70315 -0.172302
-0.179941 0.561125 -0.138019
-0.0858836 0.767529 -0.128224
-0.0831398 0.580056 -0.128224
-0.015041 0.695109 -0.235971
-0.0845136 0.594749 -0.128224
-0.0344291 0.797041 -0.128224
-0.0307695 0.599774 -0.128224
-0.139018 0.703278 -0.128224
-0.0014507 0.760603 -0.235971
-0.0886349 0.638825 -0.128224
-0.175513 0.566479 -0.235971
-0.178714 0.758849 -0.235971
-0.0896984 0.861037 -0.235971
0.0261839 0.728605 -0.201688
-0.0489352 0.741342 -0.128224
-0.0904666 0.658415 -0.128224
-0.0466418 0.874943 -0.157609
-0.058862 0.636669 -0.235971
-0.110158 0.869004 -0.1772
-0.202837 0.805996 -0.201688
-0.0584003 0.78986 -0.128224
-0.0512248 0.765829 -0.128224
-0.048939 0.583254 -0.128224
-0.0927563 0.682902 -0.128224
-0.205584 0.83538 -0.191893
-0.094588 0.702492 -0.128224
-0.0892442 0.698051 -0.235971
-0.0382515 0.574373 -0.128224
-0.192305 0.693355 -0.226176
-0.0580938 0.839291 -0.235971
-0.115043 0.868547 -0.226176
-0.00405068 0.577571 -0.147814
-0.0754988 0.867305 -0.128224
-0.073213 0.68473 -0.128224
-0.0356553 0.599317 -0.128224
-0.0396253 0.589065 -0.128224
-0.101767 0.568434 -0.172302
-0.144669 0.658287 -0.128224
-0.202379 0.801098 -0.201688
0.0055696 0.632813 -0.235971
-0.0700037 0.808536 -0.128224
0.0229746 0.604799 -0.128224
0.019315 0.802066 -0.128224
-0.0332067 0.836677 -0.235971
-0.148328 0.855554 -0.128224
-0.0597741 0.804552 -0.235971
-0.165283 0.562495 -0.152712
-0.0973356 0.731876 -0.128224
-0.103292 0.637455 -0.128224
-0.0548883 0.805009 -0.128224
-0.0512286 0.607741 -0.128224
-0.201921 0.796201 -0.142916
-0.0500062 0.647378 -0.128224
0.0206888 0.787374 -0.133121
-0.126196 0.56615 -0.201688
-0.0674113 0.675392 -0.128224
-0.0695457 0.803638 -0.128224
-0.124815 0.867634 -0.182097
-0.0906142 0.870831 -0.142916
0.0119882 0.880425 -0.133121
-0.100083 0.761261 -0.128224
0.00710235 0.879968 -0.235971
0.0112199 0.677804 -0.235971
-0.0127475 0.82871 -0.235971
-0.12024 0.660571 -0.128224
-0.122525 0.843146 -0.128224
-0.177643 0.852813 -0.128224
-0.1749 0.665341 -0.128224
-0.0445111 0.588609 -0.128224
-0.100999 0.771056 -0.128224
-0.175971 0.571376 -0.128224
-0.172152 0.635956 -0.128224
-0.102373 0.785748 -0.128224
-0.153524 0.647579 -0.128224
-0.00496274 0.745454 -0.235971
-0.0753512 0.654888 -0.235971
-0.078095 0.842361 -0.235971
-0.0774857 0.783135 -0.128224
-0.0125961 0.774381 -0.235971
-0.141157 0.673436 -0.128224
-0.1439 0.860909 -0.128224
-0.105578 0.82003 -0.128224
-0.0442045 0.63804 -0.235971
-0.106036 0.824927 -0.128224
-0.107868 0.844517 -0.128224
-0.191389 0.68356 -0.162507
-0.122378 0.63073 -0.235971
-0.157491 0.795415 -0.235971
0.0312211 0.674734 -0.231074
-0.0861901 0.718098 -0.128224
-0.0431373 0.573916 -0.1772
-0.108784 0.854312 -0.128224
-0.0860387 0.663769 -0.235971
-0.0883246 0.846344 -0.235971
0.000381014 0.741013 -0.128224
-0.1097 0.864107 -0.128224
-0.110158 0.869004 -0.128224
-0.0153475 0.645678 -0.128224
-0.0180913 0.833151 -0.128224
-0.0626806 0.572089 -0.206586
-0.0871098 0.569805 -0.128224
-0.0907694 0.767072 -0.128224
-0.0880256 0.5796 -0.128224
-0.0884836 0.584497 -0.128224
-0.0716878 0.615709 -0.128224
-0.0921432 0.781764 -0.128224
-0.0889415 0.589394 -0.128224
-0.144358 0.865806 -0.133121
-0.19551 0.727637 -0.157609
-0.0893994 0.594292 -0.128224
-0.0513762 0.820158 -0.128224
-0.0477166 0.622891 -0.128224
-0.0437428 0.79123 -0.128224
-0.0409991 0.603758 -0.128224
-0.0907732 0.608984 -0.128224
0.000838942 0.736116 -0.128224
0.032137 0.664939 -0.157609
-0.0104617 0.646135 -0.128224
-0.0132054 0.833607 -0.128224
-0.0197716 0.798412 -0.235971
-0.173374 0.59632 -0.235971
-0.101767 0.568434 -0.142916
-0.0926011 0.786662 -0.235971
-0.0930628 0.633471 -0.128224
0.0325949 0.660041 -0.138019
-0.165283 0.562495 -0.172302
-0.195968 0.732534 -0.231074
-0.179172 0.763746 -0.128224
-0.175055 0.561582 -0.128224
-0.0935208 0.638369 -0.128224
-0.0906142 0.870831 -0.216381
-0.0150372 0.853197 -0.235971
-0.0127513 0.670622 -0.235971
-0.18223 0.585612 -0.235971
0.032137 0.664939 -0.142916
-0.0953525 0.657958 -0.128224
-0.0293957 0.585082 -0.128224
-0.146194 0.727308 -0.128224
-0.0958104 0.662856 -0.128224
-0.143753 0.648492 -0.128224
-0.0981 0.687343 -0.128224
-0.0877153 0.787118 -0.128224
-0.0854294 0.604544 -0.128224
-0.0797791 0.649534 -0.235971
-0.0811491 0.822314 -0.235971
-0.10039 0.71183 -0.128224
-0.165741 0.567393 -0.235971
-0.0658823 0.764459 -0.128224
0.0205336 0.683615 -0.235971
-0.0834388 0.846801 -0.128224
-0.168943 0.759762 -0.235971
-0.131385 0.67435 -0.235971
-0.101306 0.721625 -0.128224
-0.0417597 0.717312 -0.128224
-0.101763 0.726522 -0.128224
-0.187725 0.644381 -0.235971
-0.0605386 0.760018 -0.235971
-0.0597779 0.646464 -0.128224
-0.201921 0.796201 -0.226176
-0.128331 0.694396 -0.128224
0.0376321 0.60617 -0.216381
-0.104969 0.760804 -0.128224
-0.106343 0.775496 -0.128224
-0.169707 0.715229 -0.128224
-0.196884 0.742329 -0.162507
-0.106801 0.780394 -0.128224
-0.111997 0.572418 -0.128224
0.012904 0.87063 -0.182097
-0.119169 0.754536 -0.235971
-0.10909 0.804881 -0.128224
-0.134587 0.86672 -0.19679
-0.0333657 0.57483 -0.182097
-0.183146 0.595407 -0.19679
-0.189557 0.66397 -0.19679
-0.0532117 0.68166 -0.128224
-0.00266931 0.879055 -0.186995
-0.0480231 0.57346 -0.182097
-0.13383 0.595078 -0.128224
-0.110464 0.819573 -0.128224
-0.110922 0.82447 -0.128224
-0.0779436 0.788032 -0.128224
-0.0751999 0.60056 -0.128224
-0.00664308 0.710715 -0.235971
0.0122909 0.771768 -0.128224
-0.0808426 0.871745 -0.1772
0.0151937 0.846143 -0.167405
-0.150626 0.563866 -0.157609
-0.11138 0.829368 -0.128224
-0.205127 0.830483 -0.186995
-0.111838 0.834265 -0.128224
0.0161095 0.836348 -0.186995
-0.100386 0.869918 -0.128224
-0.0962683 0.667753 -0.128224
-0.00969719 0.690669 -0.235971
-0.0965711 0.77641 -0.128224
-0.0938273 0.588938 -0.128224
-0.108481 0.745655 -0.128224
0.0367163 0.615965 -0.216381
-0.0942852 0.593835 -0.128224
-0.0864967 0.668667 -0.128224
-0.0952011 0.60363 -0.128224
-0.192305 0.693355 -0.133121
-0.0254219 0.753421 -0.235971
-0.0997766 0.810692 -0.128224
-0.095659 0.608527 -0.128224
-0.181155 0.837664 -0.235971
-0.0993186 0.805794 -0.128224
-0.096117 0.613425 -0.128224
-0.189708 0.718299 -0.128224
-0.194594 0.717842 -0.186995
-0.103141 0.583126 -0.235971
-0.104511 0.755907 -0.235971
-0.17658 0.630602 -0.235971
-0.100692 0.820487 -0.128224
-0.0970328 0.623219 -0.128224
0.0399218 0.581683 -0.182097
-0.201463 0.791303 -0.201688
-0.0344329 0.638953 -0.235971
-0.0516828 0.770727 -0.128224
-0.0871098 0.569805 -0.152712
-0.124667 0.655217 -0.128224
-0.127411 0.84269 -0.128224
-0.0347356 0.74761 -0.128224
-0.0979487 0.633014 -0.128224
-0.0864929 0.826755 -0.128224
-0.0243509 0.847386 -0.128224
-0.0206913 0.650119 -0.128224
-0.102066 0.835179 -0.128224
-0.0984066 0.637912 -0.128224
-0.127108 0.734033 -0.235971
0.0229784 0.762887 -0.206586
-0.057791 0.730634 -0.235971
-0.121311 0.566607 -0.206586
-0.0993224 0.647707 -0.128224
-0.0990159 0.697138 -0.128224
-0.0564134 0.874029 -0.142916
-0.191998 0.742786 -0.235971
-0.100238 0.657501 -0.128224
-0.193217 0.861238 -0.186995
-0.182688 0.590509 -0.186995
0.00557339 0.790901 -0.235971
0.00831716 0.603429 -0.235971
-0.0623703 0.779608 -0.235971
-0.0765698 0.77334 -0.128224
-0.0738261 0.585868 -0.128224
-0.100696 0.662399 -0.128224
-0.160549 0.61728 -0.235971
-0.164208 0.814548 -0.235971
-0.2065 0.845175 -0.157609
-0.186957 0.847002 -0.128224
-0.0496997 0.696809 -0.128224
-0.121311 0.566607 -0.172302
-0.00266931 0.879055 -0.128224
-0.10207 0.677091 -0.128224
-0.103599 0.588024 -0.235971
-0.102986 0.686886 -0.128224
-0.088177 0.633928 -0.235971
-0.0909208 0.8214 -0.235971
0.0183992 0.811861 -0.1772
-0.180856 0.57092 -0.216381
0.00709855 0.72188 -0.235971
-0.103444 0.691783 -0.128224
-0.0773381 0.570718 -0.157609
-0.0616096 0.666054 -0.128224
-0.197187 0.850986 -0.128224
-0.170169 0.562038 -0.186995
-0.192305 0.693355 -0.221278
-0.0794688 0.857053 -0.128224
0.0289315 0.699221 -0.19679
-0.175664 0.620807 -0.235971
-0.10436 0.701578 -0.128224
-0.197342 0.747227 -0.138019
-0.105733 0.71627 -0.128224
-0.170165 0.720126 -0.235971
-0.0773381 0.570718 -0.216381
-0.106191 0.721168 -0.128224
-0.0638992 0.690541 -0.128224
-0.106649 0.726065 -0.128224
-0.107107 0.730963 -0.128224
-0.0867994 0.777324 -0.128224
-0.108023 0.740758 -0.128224
-0.0661851 0.873116 -0.182097
0.0203785 0.579855 -0.211483
-0.108939 0.750552 -0.128224
-0.109855 0.760347 -0.128224
-0.0773381 0.570718 -0.235971
-0.0800819 0.758191 -0.235971
-0.180856 0.57092 -0.162507
-0.11535 0.819116 -0.128224
-0.181314 0.575817 -0.142916
-0.10039 0.71183 -0.235971
-0.0358029 0.811733 -0.128224
-0.0326012 0.619364 -0.128224
-0.109552 0.65169 -0.128224
-8.07107e-05 0.587823 -0.128224
-0.116266 0.828911 -0.128224
-0.0203847 0.69955 -0.128224
0.0309146 0.625303 -0.128224
-0.171694 0.631059 -0.235971
-0.174438 0.818531 -0.235971
-0.107717 0.790188 -0.235971
-0.103902 0.696681 -0.128224
-0.119929 0.86809 -0.128224
-0.0275602 0.72358 -0.235971
-0.0977973 0.578686 -0.128224
0.0280157 0.709016 -0.142916
-0.0183978 0.783719 -0.128224
-0.178559 0.862608 -0.182097
0.0316791 0.669836 -0.216381
-0.112909 0.740301 -0.128224
-0.0658861 0.606371 -0.128224
-0.185894 0.624791 -0.226176
-0.112451 0.735403 -0.128224
-0.0303115 0.594877 -0.235971
-0.162376 0.794958 -0.128224
-0.0431373 0.573916 -0.138019
-0.151235 0.623092 -0.128224
-0.0270984 0.87677 -0.167405
0.00908164 0.647962 -0.235971
-0.0594713 0.695895 -0.128224
-0.14177 0.574574 -0.128224
-0.144971 0.766944 -0.128224
0.028625 0.64979 -0.128224
0.0280157 0.709016 -0.152712
-0.196884 0.742329 -0.157609
-0.0942852 0.593835 -0.235971
-0.150012 0.662728 -0.128224
-0.0368701 0.875857 -0.221278
-0.193217 0.861238 -0.142916
-0.182688 0.590509 -0.142916
-0.0667982 0.774254 -0.128224
-0.0222126 0.877227 -0.157609
-0.192305 0.693355 -0.162507
-0.183142 0.753495 -0.128224
0.0174833 0.821656 -0.138019
-0.0248126 0.694195 -0.128224
-0.0466418 0.874943 -0.182097
-0.061303 0.715485 -0.128224
-0.00266931 0.879055 -0.231074
-0.160397 0.562952 -0.133121
-0.0790147 0.694068 -0.235971
-0.0808426 0.871745 -0.235971
-0.151844 0.682317 -0.128224
-0.119475 0.705105 -0.128224
-0.150626 0.563866 -0.211483
-0.0845136 0.594749 -0.235971
-0.15276 0.692112 -0.128224
0.0358004 0.625759 -0.133121
-0.0333657 0.57483 -0.157609
-0.183146 0.595407 -0.221278
-0.189557 0.66397 -0.221278
-0.0463428 0.608198 -0.235971
-0.0500024 0.805465 -0.235971
0.0394638 0.58658 -0.231074
-0.0903153 0.604087 -0.128224
0.0165675 0.831451 -0.1772
-0.145429 0.771842 -0.128224
0.0243522 0.748195 -0.182097
-0.157797 0.745984 -0.128224
-0.190473 0.673765 -0.201688
-0.176118 0.783793 -0.128224
-0.192456 0.747683 -0.128224
-0.145433 0.613754 -0.235971
0.00984992 0.850584 -0.235971
0.0135095 0.653317 -0.235971
-0.193523 0.811807 -0.128224
-0.186809 0.634586 -0.152712
-0.062832 0.626417 -0.128224
-0.106036 0.824927 -0.235971
-0.0843584 0.698508 -0.235971
-0.133368 0.748268 -0.128224
0.0339687 0.645349 -0.182097
0.000835145 0.578028 -0.1772
-0.0559593 0.711044 -0.128224
-0.127112 0.575945 -0.128224
-0.130772 0.773212 -0.128224
-0.197342 0.747227 -0.152712
-0.0431335 0.732004 -0.128224
-0.145891 0.618651 -0.128224
-0.148177 0.801226 -0.128224
-0.207874 0.859867 -0.216381
-0.124974 0.605786 -0.128224
-0.0610003 0.606828 -0.235971
-0.0637441 0.7943 -0.235971
-0.0900087 0.653518 -0.128224
0.0394638 0.58658 -0.226176
-0.178408 0.80828 -0.128224
-0.175206 0.61591 -0.128224
-0.09947 0.860123 -0.128224
-0.0971842 0.677548 -0.128224
-0.173673 0.863065 -0.142916
-0.206042 0.840277 -0.201688
-0.108178 0.636998 -0.128224
-0.191691 0.792217 -0.128224
-0.183294 0.807823 -0.128224
0.0229784 0.762887 -0.211483
0.0112237 0.835892 -0.235971
0.0144254 0.643522 -0.235971
-0.146198 0.56922 -0.128224
-0.148483 0.751795 -0.128224
-0.104356 0.859666 -0.128224
-0.194136 0.712945 -0.172302
-0.146807 0.628446 -0.128224
-0.150009 0.820816 -0.128224
-0.171997 0.739716 -0.235971
-0.147571 0.583912 -0.128224
-0.151231 0.781179 -0.128224
-0.154894 0.820359 -0.235971
-0.0316815 0.767657 -0.128224
-0.0832874 0.792473 -0.128224
-0.205127 0.830483 -0.142916
-0.153067 0.642681 -0.128224
-0.125735 0.71934 -0.128224
-0.129701 0.867177 -0.1772
-0.11398 0.646336 -0.128224
-0.15673 0.681861 -0.128224
-0.159016 0.864436 -0.128224
-0.125583 0.665012 -0.235971
-0.180398 0.566022 -0.172302
-0.00633653 0.760146 -0.235971
-0.112148 0.626746 -0.128224
-0.187725 0.644381 -0.226176
-0.157646 0.691655 -0.128224
-0.119626 0.759434 -0.235971
0.0124461 0.875528 -0.201688
-0.000538638 0.59272 -0.128224
-0.0515276 0.874486 -0.157609
0.0358004 0.625759 -0.182097
-0.0640544 0.586781 -0.235971
-0.067714 0.784048 -0.235971
-0.0648151 0.700336 -0.128224
-0.0689364 0.744412 -0.235971
-0.158104 0.696553 -0.128224
-0.0977935 0.736774 -0.128224
0.0185467 0.599445 -0.128224
-0.201005 0.786406 -0.142916
-0.0327488 0.83178 -0.128224
-0.0321433 0.614466 -0.128224
0.0023679 0.825183 -0.128224
-0.138409 0.644052 -0.128224
-0.15902 0.706348 -0.128224
-0.0110672 0.863449 -0.235971
-0.00740755 0.666181 -0.235971
0.011833 0.776666 -0.128224
-0.203295 0.810893 -0.231074
-0.161309 0.730835 -0.128224
-0.0330591 0.624261 -0.128224
-0.162225 0.74063 -0.128224
-0.0585517 0.844188 -0.235971
-0.112754 0.84406 -0.128224
-0.05535 0.651818 -0.128224
-0.00114415 0.810034 -0.128224
-0.180856 0.57092 -0.182097
-0.0649665 0.754664 -0.128224
-0.00664308 0.710715 -0.128224
-0.0935208 0.638369 -0.235971
0.0124461 0.875528 -0.172302
-0.18223 0.585612 -0.152712
-0.164515 0.765117 -0.128224
-0.197342 0.747227 -0.201688
-0.104662 0.810235 -0.128224
-0.101919 0.622763 -0.128224
-0.0838967 0.851699 -0.128224
-0.0811529 0.664226 -0.128224
-0.0501538 0.859794 -0.128224
-0.2065 0.845175 -0.221278
-0.00496654 0.587366 -0.128224
-0.0869508 0.831652 -0.235971
-0.169094 0.814091 -0.128224
-0.0835939 0.743042 -0.235971
-0.00755514 0.878598 -0.226176
-0.159171 0.760676 -0.128224
-0.155969 0.568306 -0.128224
-0.0808426 0.871745 -0.206586
-0.00266931 0.879055 -0.1772
-0.150626 0.563866 -0.128224
-0.153369 0.751338 -0.128224
-0.184516 0.768187 -0.128224
0.0142778 0.855938 -0.231074
0.00251928 0.770855 -0.235971
-0.151083 0.568763 -0.128224
-0.0483259 0.682116 -0.128224
-0.0507707 0.602844 -0.128224
-0.0988607 0.800897 -0.128224
-0.0965749 0.618322 -0.128224
0.0156516 0.841246 -0.142916
-0.151541 0.573661 -0.128224
0.0280157 0.709016 -0.216381
0.0371742 0.611067 -0.142916
-0.042369 0.776538 -0.128224
-0.0570303 0.617079 -0.235971
-0.0606899 0.814347 -0.235971
-0.151999 0.578558 -0.128224
-0.171387 0.68049 -0.235971
-0.052909 0.573003 -0.186995
-0.0248088 0.852283 -0.235971
-0.0167213 0.66037 -0.128224
-0.149244 0.865349 -0.211483
-0.0254257 0.595333 -0.235971
-0.0286274 0.787703 -0.235971
0.00374168 0.810491 -0.128224
0.0147357 0.851041 -0.191893
-0.152915 0.588353 -0.128224
-0.113518 0.799527 -0.128224
0.0109134 0.628373 -0.128224
0.00862751 0.810948 -0.128224
-0.181155 0.837664 -0.128224
-0.156427 0.573204 -0.235971
-0.158713 0.755779 -0.235971
-0.188183 0.649278 -0.201688
-0.113215 0.69087 -0.235971
-0.0515276 0.874486 -0.182097
0.0358004 0.625759 -0.157609
0.00923302 0.593634 -0.128224
-0.0953525 0.657958 -0.235971
-0.119929 0.86809 -0.157609
-0.135204 0.60977 -0.128224
-0.137947 0.797242 -0.128224
-0.155205 0.61284 -0.128224
-0.110158 0.869004 -0.138019
-0.202837 0.805996 -0.235971
-0.155663 0.617737 -0.128224
-0.0684823 0.581427 -0.235971
-0.135968 0.565236 -0.147814
-0.156121 0.622635 -0.128224
-0.160238 0.824799 -0.128224
-0.121613 0.675264 -0.128224
-0.0132054 0.833607 -0.235971
-0.0104617 0.646135 -0.235971
-0.131536 0.728678 -0.128224
0.0183992 0.811861 -0.152712
0.0248102 0.743297 -0.138019
-0.157494 0.637327 -0.128224
0.0243522 0.748195 -0.172302
-0.00450861 0.582469 -0.128224
-0.00725238 0.769941 -0.128224
-0.151083 0.568763 -0.235971
-0.190473 0.673765 -0.138019
-0.0483259 0.682116 -0.235971
0.0147357 0.851041 -0.221278
-0.0274088 0.669252 -0.128224
-0.0577948 0.572546 -0.211483
-0.0735195 0.635299 -0.235971
-0.0758054 0.817874 -0.235971
-0.164519 0.607029 -0.128224
0.0284736 0.704118 -0.182097
-0.17795 0.803382 -0.235971
-0.135968 0.565236 -0.211483
-0.2065 0.845175 -0.138019
-0.0561145 0.607285 -0.235971
-0.0136672 0.680417 -0.128224
-0.015953 0.862992 -0.128224
-0.155966 0.726394 -0.128224
-0.194746 0.77217 -0.128224
-0.114896 0.656131 -0.235971
-0.167573 0.586982 -0.128224
-0.15841 0.647122 -0.128224
-0.16207 0.844389 -0.128224
0.00710235 0.879968 -0.211483
-0.077796 0.575616 -0.235971
0.0190047 0.594548 -0.128224
0.0162609 0.78202 -0.128224
-0.017482 0.773925 -0.128224
-0.0147382 0.586452 -0.128224
-0.0309208 0.654102 -0.235971
-0.0336646 0.841575 -0.235971
-0.109242 0.859209 -0.128224
0.010762 0.682701 -0.235971
-0.122983 0.848044 -0.128224
-0.0229809 0.674606 -0.128224
-0.0990121 0.855226 -0.128224
0.0156516 0.841246 -0.235971
0.0193112 0.643979 -0.235971
-0.0680206 0.734617 -0.128224
-0.143144 0.589267 -0.235971
-0.145887 0.776739 -0.235971
-0.155356 0.667168 -0.128224
-0.165283 0.562495 -0.167405
-0.175055 0.561582 -0.133121
-0.00939444 0.582012 -0.128224
-0.044969 0.593506 -0.128224
0.0101527 0.741927 -0.128224
-0.159016 0.864436 -0.138019
-0.186809 0.634586 -0.235971
-0.0871098 0.569805 -0.133121
-0.0202333 0.645221 -0.128224
-0.0212968 0.867432 -0.128224
-0.160087 0.770471 -0.128224
-0.157343 0.582999 -0.128224
-0.161616 0.681404 -0.128224
-0.196271 0.841191 -0.235971
-0.144059 0.599061 -0.128224
-0.147719 0.796329 -0.128224
-0.11703 0.784377 -0.128224
0.0170216 0.668466 -0.128224
-0.0223678 0.773468 -0.128224
-0.0222126 0.877227 -0.142916
0.0252681 0.7384 -0.206586
-0.16299 0.696096 -0.128224
-0.0382515 0.574373 -0.191893
-0.200241 0.830939 -0.128224
-0.168031 0.59188 -0.128224
0.0248102 0.743297 -0.206586
0.0179412 0.816759 -0.182097
-0.163448 0.700993 -0.128224
-0.181314 0.575817 -0.221278
-0.163905 0.705891 -0.128224
0.0243522 0.748195 -0.206586
-0.0883284 0.688256 -0.235971
-0.140237 0.821729 -0.128224
0.0371742 0.611067 -0.162507
-0.198716 0.761919 -0.19679
-0.106801 0.780394 -0.235971
0.0170254 0.826554 -0.186995
-0.0380963 0.678133 -0.128224
-0.201463 0.791303 -0.226176
-0.165279 0.720583 -0.128224
-0.168943 0.759762 -0.128224
-0.149244 0.865349 -0.157609
-0.141001 0.777196 -0.235971
-0.182071 0.847459 -0.128224
-0.0612992 0.873572 -0.167405
-0.00572342 0.859008 -0.235971
-0.079624 0.753293 -0.128224
-0.137951 0.639154 -0.128224
-0.196884 0.742329 -0.128224
-0.168636 0.809193 -0.128224
-0.170774 0.779352 -0.128224
-0.00557205 0.80468 -0.235971
-0.172606 0.798942 -0.128224
-0.0232837 0.783263 -0.235971
-0.173522 0.808737 -0.128224
-0.175357 0.670238 -0.235971
-0.177185 0.847916 -0.235971
0.0263353 0.674277 -0.235971
-0.108632 0.799983 -0.128224
-0.105431 0.607614 -0.128224
0.0252681 0.7384 -0.147814
0.0216009 0.619492 -0.128224
-0.0675665 0.571632 -0.201688
-0.195052 0.722739 -0.128224
-0.0985542 0.850328 -0.128224
-0.145278 0.717513 -0.128224
-0.126654 0.571047 -0.235971
-0.126041 0.669909 -0.128224
-0.0770278 0.778237 -0.128224
-0.0733681 0.58097 -0.128224
-0.110158 0.869004 -0.201688
-0.074284 0.590765 -0.128224
-0.159629 0.765574 -0.128224
-0.155511 0.563409 -0.128224
-0.173828 0.759306 -0.128224
-0.118404 0.79907 -0.235971
-0.109401 0.597362 -0.235971
-0.111686 0.779937 -0.235971
-0.119929 0.86809 -0.138019
-0.162229 0.582542 -0.128224
-0.173215 0.858168 -0.128224
-0.157801 0.587896 -0.128224
-0.142228 0.579472 -0.128224
0.0229784 0.762887 -0.216381
-0.0361132 0.604215 -0.235971
-0.0383991 0.786789 -0.235971
-0.149244 0.865349 -0.182097
-0.0251154 0.802852 -0.235971
-0.0219137 0.610482 -0.235971
-0.124058 0.595991 -0.128224
-0.127718 0.793259 -0.128224
0.00572097 0.578485 -0.191893
-0.0353487 0.648748 -0.128224
-0.0191661 0.581098 -0.235971
0.0362584 0.620862 -0.157609
-0.161461 0.785163 -0.128224
-0.158717 0.597691 -0.128224
-0.160091 0.612383 -0.128224
-0.164208 0.814548 -0.128224
-0.160549 0.61728 -0.128224
-0.19322 0.70315 -0.226176
-0.1836 0.758392 -0.128224
-0.115808 0.824014 -0.235971
-0.0332105 0.678589 -0.235971
-0.0571779 0.829496 -0.128224
-0.0419111 0.77164 -0.235971
0.0390059 0.591478 -0.191893
0.019315 0.802066 -0.162507
-0.190624 0.728094 -0.128224
-0.193217 0.861238 -0.226176
-0.182688 0.590509 -0.226176
-0.141001 0.777196 -0.128224
-0.168787 0.863522 -0.128224
-0.0936721 0.692697 -0.128224
0.0353425 0.630657 -0.167405
-0.0506117 0.864691 -0.235971
-0.00862996 0.626545 -0.128224
-0.195204 0.777068 -0.235971
-0.0918404 0.673107 -0.128224
-0.0109196 0.651032 -0.128224
-0.0466418 0.874943 -0.235971
-0.152609 0.637784 -0.128224
-0.122681 0.739387 -0.235971
-0.0521445 0.617536 -0.128224
-0.0226743 0.724037 -0.235971
-0.0733643 0.739058 -0.128224
-0.121307 0.724695 -0.128224
-0.0817622 0.723452 -0.128224
-0.05932 0.641566 -0.235971
-0.163754 0.651562 -0.128224
-0.0553462 0.809906 -0.235971
-0.00755514 0.878598 -0.221278
-0.154437 0.815461 -0.128224
0.0147357 0.851041 -0.216381
0.0219074 0.668922 -0.128224
-0.0512286 0.607741 -0.235971
-0.0548883 0.805009 -0.235971
-0.167414 0.84883 -0.128224
-0.16467 0.661357 -0.128224
-0.165586 0.671152 -0.128224
-0.126802 0.783464 -0.128224
-0.100235 0.815589 -0.128224
-0.0974907 0.628117 -0.128224
-0.152151 0.632886 -0.128224
-0.155352 0.825256 -0.128224
-0.117488 0.789275 -0.128224
-0.196426 0.737432 -0.235971
0.0132068 0.761973 -0.128224
-0.11001 0.656588 -0.235971
-0.112296 0.839163 -0.235971
-0.0577948 0.572546 -0.157609
-0.0371767 0.826426 -0.128224
-0.033517 0.629158 -0.128224
-0.16696 0.685844 -0.128224
-0.11535 0.819116 -0.235971
-0.0280181 0.728477 -0.128224
-0.0515314 0.716398 -0.128224
-0.131078 0.723781 -0.128224
0.0196178 0.69341 -0.128224
-0.169249 0.710331 -0.128224
-0.2065 0.845175 -0.142916
-0.157952 0.642224 -0.128224
-0.160696 0.829697 -0.128224
-0.179176 0.605658 -0.128224
0.0293894 0.694323 -0.152712
0.0188571 0.806964 -0.128224
-0.0264891 0.817545 -0.128224
0.0154926 0.579398 -0.142916
-0.0263378 0.763216 -0.235971
-0.103747 0.80044 -0.128224
-0.101003 0.612968 -0.128224
-0.027405 0.827339 -0.235971
-0.171997 0.739716 -0.128224
-0.012441 0.878141 -0.211483
-0.131082 0.565693 -0.206586
-0.0819136 0.77778 -0.128224
-0.148786 0.860452 -0.128224
-0.0417559 0.8754 -0.186995
-0.114744 0.601802 -0.128224
-0.0315301 0.713328 -0.235971
-0.0442045 0.63804 -0.128224
-0.194136 0.712945 -0.235971
-0.191847 0.688458 -0.152712
0.0121396 0.826097 -0.235971
-0.0765736 0.615252 -0.235971
-0.161003 0.780266 -0.128224
-0.194288 0.767273 -0.128224
-0.177034 0.793588 -0.128224
-0.0742802 0.748853 -0.128224
-0.0542828 0.587695 -0.235971
-0.0570265 0.775167 -0.235971
-0.177492 0.798485 -0.128224
0.0206888 0.787374 -0.235971
-0.128028 0.58574 -0.128224
-0.105272 0.869461 -0.142916
-0.101767 0.568434 -0.216381
-0.136271 0.673893 -0.235971
-0.0661851 0.873116 -0.147814
-0.0580976 0.681203 -0.235971
-0.0608413 0.868675 -0.235971
-0.0851191 0.812062 -0.235971
-0.113212 0.848958 -0.128224
-0.109094 0.646793 -0.128224
-0.155201 0.770928 -0.128224
-0.163902 0.863979 -0.231074
-0.166044 0.67605 -0.128224
0.0214495 0.67382 -0.235971
-0.0785529 0.847258 -0.128224
-0.0748933 0.649991 -0.128224
-0.182529 0.852357 -0.128224
-0.139472 0.866263 -0.226176
-0.178559 0.862608 -0.211483
0.0316791 0.669836 -0.19679
-0.168027 0.749968 -0.128224
0.0216047 0.777579 -0.201688
-0.124054 0.754079 -0.128224
-0.0793212 0.644637 -0.235971
-0.183297 0.649735 -0.128224
-0.132301 0.684145 -0.128224
-0.0394663 0.850913 -0.128224
-0.0362646 0.658543 -0.128224
-0.161313 0.572747 -0.128224
-0.17826 0.595863 -0.128224
0.0147357 0.851041 -0.157609
-0.0868032 0.619236 -0.128224
-0.150319 0.613297 -0.128224
-0.0507669 0.760932 -0.128224
-0.0322946 0.668795 -0.235971
-0.0906142 0.870831 -0.211483
-0.137489 0.792345 -0.128224
-0.160397 0.562952 -0.226176
-0.125428 0.768771 -0.128224
-0.0313788 0.659 -0.235971
-0.0325974 0.777452 -0.128224
-0.0187082 0.576201 -0.186995
-0.16833 0.858625 -0.128224
-0.166804 0.789604 -0.128224
-0.164061 0.602131 -0.128224
-0.195968 0.732534 -0.133121
-0.0426756 0.727107 -0.128224
0.00648545 0.623018 -0.235971
-0.0338198 0.737815 -0.128224
-0.146803 0.786534 -0.128224
-0.160545 0.775368 -0.128224
-0.156885 0.578101 -0.128224
0.0394638 0.58658 -0.182097
-0.154289 0.603045 -0.128224
-0.177954 0.645294 -0.235971
-0.180697 0.832767 -0.235971
-0.0344329 0.638953 -0.128224
-0.143291 0.801683 -0.235971
-0.00175345 0.86926 -0.128224
-0.0448138 0.697265 -0.128224
-0.199631 0.771714 -0.1772
-0.147114 0.579015 -0.128224
-0.160851 0.725937 -0.128224
0.0280157 0.709016 -0.157609
-0.0837453 0.79737 -0.128224
-0.0810015 0.609898 -0.128224
0.0229784 0.762887 -0.147814
-0.136884 0.575031 -0.128224
-0.0747419 0.595662 -0.235971
-0.0784016 0.79293 -0.235971
-0.170169 0.562038 -0.138019
-0.19322 0.70315 -0.167405
-0.0254219 0.753421 -0.128224
-0.17001 0.823886 -0.128224
-0.167266 0.636413 -0.128224
-0.085577 0.81696 -0.128224
-0.05275 0.83485 -0.128224
-0.0486324 0.632685 -0.128224
-0.172757 0.85327 -0.128224
-0.16864 0.651106 -0.128224
-0.042369 0.776538 -0.235971
-0.0819174 0.619693 -0.128224
-0.074284 0.590765 -0.235971
-0.169098 0.656003 -0.128224
-0.0565724 0.612182 -0.128224
-0.202837 0.805996 -0.128224
0.00648545 0.623018 -0.128224
-0.140544 0.772298 -0.128224
0.0216047 0.777579 -0.147814
-0.170472 0.670695 -0.128224
-0.171387 0.68049 -0.128224
-0.158868 0.652019 -0.128224
-0.161612 0.839492 -0.128224
-0.0982514 0.741671 -0.128224
0.032137 0.664939 -0.162507
-0.178559 0.862608 -0.128224
0.0174833 0.821656 -0.186995
-0.149403 0.603502 -0.128224
-0.153521 0.805667 -0.128224
-0.180398 0.566022 -0.138019
-0.00633653 0.760146 -0.128224
-0.00450481 0.740556 -0.235971
-0.184213 0.65953 -0.235971
-0.0996252 0.756363 -0.128224
-0.0176371 0.670165 -0.235971
-0.116114 0.774583 -0.128224
-0.175051 0.719669 -0.128224
-0.162687 0.587439 -0.128224
-0.161922 0.631973 -0.128224
-0.0926011 0.786662 -0.128224
-0.116425 0.567064 -0.172302
-0.126196 0.56615 -0.128224
-0.115047 0.710459 -0.128224
-0.0898535 0.757277 -0.235971
-0.0927525 0.84099 -0.235971
0.0376321 0.60617 -0.206586
-0.141463 0.624005 -0.128224
0.0367163 0.615965 -0.235971
-0.10436 0.701578 -0.235971
-0.0661851 0.873116 -0.172302
0.0203785 0.579855 -0.191893
-0.10741 0.83962 -0.128224
-0.104666 0.652147 -0.128224
0.0339687 0.645349 -0.157609
-0.064202 0.799198 -0.128224
-0.0605424 0.60193 -0.128224
-0.2065 0.845175 -0.216381
-0.119778 0.813762 -0.128224
-0.187267 0.639483 -0.201688
-0.0522921 0.829953 -0.128224
-0.0490904 0.637583 -0.128224
-0.119013 0.858296 -0.128224
-0.114131 0.700664 -0.128224
-0.0435952 0.578814 -0.128224
-0.178256 0.753951 -0.128224
0.0159544 0.732589 -0.128224
-0.0260312 0.812647 -0.128224
-0.0232874 0.625175 -0.128224
-0.0932142 0.6878 -0.128224
-0.168787 0.863522 -0.231074
-0.190931 0.678663 -0.182097
-0.123142 0.586196 -0.128224
-0.174442 0.660444 -0.235971
-0.178101 0.857711 -0.235971
-0.105885 0.770599 -0.128224
-0.101767 0.568434 -0.128224
-0.0603834 0.863778 -0.128224
-0.0576396 0.676305 -0.128224
-0.181617 0.684474 -0.128224
-0.138103 0.693483 -0.128224
-0.141153 0.831524 -0.128224
-0.0587107 0.582341 -0.128224
-0.0835977 0.584954 -0.128224
0.00969095 0.588736 -0.128224
0.00694718 0.776209 -0.128224
-0.0987131 0.588481 -0.235971
-0.101457 0.775953 -0.235971
0.025726 0.733503 -0.167405
-0.201614 0.845632 -0.128224
-0.0382515 0.574373 -0.226176
-0.147265 0.633343 -0.128224
0.0312211 0.674734 -0.128224
-0.136426 0.570134 -0.128224
-0.00923927 0.685771 -0.128224
0.0358004 0.625759 -0.186995
-0.190473 0.673765 -0.128224
-0.185432 0.777982 -0.128224
-0.119626 0.759434 -0.128224
-0.174438 0.818531 -0.128224
-0.171694 0.631059 -0.128224
-0.0544303 0.800111 -0.128224
-0.0516866 0.612639 -0.128224
-0.0976421 0.682445 -0.128224
-0.00526929 0.696023 -0.128224
-0.0431373 0.573916 -0.182097
-0.167875 0.695639 -0.128224
-0.0385504 0.841118 -0.235971
-0.0208426 0.704447 -0.128224
-0.117182 0.838706 -0.128224
-0.135968 0.565236 -0.216381
-0.152298 0.845303 -0.128224
0.0280157 0.709016 -0.19679
0.0371742 0.611067 -0.138019
-0.102528 0.681988 -0.128224
-0.181159 0.679576 -0.128224
-0.141312 0.569677 -0.128224
-0.0713775 0.823228 -0.128224
-0.118101 0.690413 -0.128224
-0.0196202 0.744083 -0.128224
-0.0661851 0.873116 -0.162507
0.0203785 0.579855 -0.157609
0.00587615 0.682244 -0.128224
-0.151386 0.67742 -0.128224
-0.101767 0.568434 -0.19679
-0.170316 0.774455 -0.128224
-0.178866 0.813177 -0.128224
-0.146803 0.786534 -0.235971
-0.0675665 0.571632 -0.157609
-0.099629 0.598276 -0.235971
-0.102831 0.790645 -0.235971
-0.153676 0.701907 -0.128224
-0.171845 0.685387 -0.235971
-0.00266931 0.879055 -0.235971
-0.164057 0.760219 -0.128224
-0.160397 0.562952 -0.128224
-0.0322908 0.826883 -0.128224
-0.0290891 0.634513 -0.128224
-0.144358 0.865806 -0.186995
0.00221652 0.879511 -0.1772
-0.19551 0.727637 -0.211483
-0.186961 0.688914 -0.128224
-0.188944 0.762832 -0.128224
0.00893026 0.702291 -0.128224
0.025726 0.733503 -0.142916
-0.147874 0.692569 -0.128224
0.0167188 0.777123 -0.128224
-0.0519893 0.721296 -0.128224
-0.194136 0.712945 -0.133121
-0.0784054 0.634842 -0.128224
-0.193981 0.816704 -0.128224
-0.132452 0.738473 -0.128224
-0.13123 0.778109 -0.128224
-0.118862 0.803967 -0.128224
-0.194897 0.826499 -0.128224
-0.133372 0.59018 -0.235971
-0.135658 0.772755 -0.235971
-0.0522959 0.671865 -0.235971
-0.184671 0.664427 -0.128224
-0.187415 0.8519 -0.128224
0.0202309 0.792272 -0.235971
0.0243484 0.590107 -0.235971
-0.196426 0.737432 -0.128224
-0.181772 0.580714 -0.201688
-0.17169 0.789147 -0.128224
-0.123748 0.80351 -0.128224
-0.166502 0.680947 -0.128224
0.0313725 0.620405 -0.235971
-0.183907 0.708961 -0.128224
-0.070772 0.605914 -0.128224
-0.166956 0.843932 -0.128224
-0.00862616 0.784633 -0.128224
0.000835145 0.578028 -0.172302
-0.137645 0.688585 -0.235971
-0.141611 0.836422 -0.235971
-0.0466418 0.874943 -0.172302
-0.178105 0.699623 -0.128224
-0.076725 0.66958 -0.128224
-0.0822239 0.570262 -0.235971
-0.0368739 0.717769 -0.128224
-0.129092 0.807951 -0.235971
-0.182378 0.798028 -0.128224
-0.180092 0.615453 -0.128224
-0.161464 0.627075 -0.128224
-0.121152 0.828454 -0.235971
-0.128486 0.590637 -0.128224
-0.178101 0.857711 -0.128224
-0.174442 0.660444 -0.128224
-0.0906142 0.870831 -0.221278
-0.18223 0.585612 -0.231074
-0.0712261 0.768899 -0.128224
-0.0680244 0.57653 -0.128224
-0.126196 0.56615 -0.211483
0.0304567 0.6302 -0.128224
-0.179327 0.659987 -0.128224
-0.115505 0.715357 -0.128224
0.0252681 0.7384 -0.167405
-0.170169 0.562038 -0.147814
-0.185129 0.669325 -0.128224
-0.187873 0.856797 -0.128224
0.0161095 0.836348 -0.172302
-0.134893 0.817289 -0.235971
0.0216047 0.777579 -0.235971
-0.159175 0.602588 -0.128224
-0.163754 0.651562 -0.235971
0.0138199 0.860835 -0.152712
-0.0248088 0.852283 -0.128224
-0.185894 0.624791 -0.138019
-0.066802 0.616166 -0.128224
-0.106952 0.834722 -0.128224
-0.104208 0.64725 -0.128224
0.0371742 0.611067 -0.211483
-0.0810015 0.609898 -0.235971
-0.0837453 0.79737 -0.235971
-0.188335 0.703607 -0.128224
0.0298474 0.689426 -0.19679
-0.181924 0.635043 -0.128224
-0.176731 0.684931 -0.235971
-0.0493969 0.588152 -0.128224
-0.133977 0.807494 -0.128224
-0.195052 0.722739 -0.172302
-0.13291 0.743371 -0.128224
-0.110006 0.814676 -0.128224
-0.107262 0.627203 -0.128224
-0.0431373 0.573916 -0.19679
0.0185505 0.757533 -0.235971
-0.152453 0.741543 -0.235971
-0.153827 0.756236 -0.128224
-0.194136 0.712945 -0.206586
-0.185583 0.83231 -0.128224
-0.15047 0.667625 -0.128224
-0.126957 0.679704 -0.128224
-0.129243 0.862279 -0.128224
0.0248102 0.743297 -0.182097
-0.193678 0.708047 -0.172302
-0.180398 0.566022 -0.128224
-0.0739736 0.798284 -0.128224
-0.00588239 0.597161 -0.128224
-0.00908409 0.789531 -0.128224
-0.0213006 0.709345 -0.235971
-0.0368701 0.875857 -0.231074
-0.182688 0.590509 -0.128224
-0.193217 0.861238 -0.128224
-0.207416 0.85497 -0.182097
-0.187267 0.639483 -0.235971
-0.188637 0.812263 -0.235971
-0.116425 0.567064 -0.133121
-0.0663441 0.611268 -0.128224
-0.175202 0.773998 -0.128224
-0.0359543 0.866062 -0.128224
0.0367163 0.615965 -0.152712
-0.131688 0.783007 -0.128224
-0.153373 0.59325 -0.128224
-0.157033 0.790518 -0.128224
-0.0573331 0.725736 -0.128224
-0.173064 0.803839 -0.128224
-0.168946 0.601675 -0.128224
-0.0919918 0.727436 -0.235971
-0.0600806 0.755121 -0.128224
-0.12161 0.833352 -0.128224
-0.207874 0.859867 -0.138019
-0.041298 0.870502 -0.128224
-0.164821 0.715686 -0.128224
-0.0471035 0.721753 -0.128224
-0.0270984 0.87677 -0.128224
-0.0608451 0.710587 -0.235971
-0.139631 0.604416 -0.235971
-0.141308 0.727765 -0.235971
-0.135813 0.668996 -0.235971
-0.186809 0.634586 -0.216381
-0.0370291 0.614009 -0.128224
-0.165283 0.562495 -0.231074
-0.175055 0.561582 -0.191893
-0.0848125 0.861493 -0.128224
-0.139779 0.816832 -0.235971
-0.104973 0.602716 -0.128224
0.00221652 0.879511 -0.191893
-0.19551 0.727637 -0.226176
0.0243484 0.590107 -0.128224
0.0202309 0.792272 -0.128224
-0.19383 0.762376 -0.128224
-0.197493 0.801555 -0.128224
-0.00237035 0.61231 -0.235971
-0.147568 0.742 -0.235971
-0.155814 0.672066 -0.128224
-0.0835939 0.743042 -0.128224
0.0151937 0.846143 -0.152712
-0.194439 0.821602 -0.235971
-0.0773343 0.728806 -0.128224
-0.189557 0.66397 -0.128224
-0.183146 0.595407 -0.128224
-0.186348 0.787776 -0.128224
-0.0764185 0.719011 -0.128224
-0.123445 0.694853 -0.235971
-0.105272 0.869461 -0.128224
0.038548 0.596375 -0.221278
0.0307632 0.679631 -0.138019
-0.129705 0.709089 -0.235971
-0.0176333 0.828253 -0.128224
-0.0675665 0.571632 -0.162507
-0.186809 0.634586 -0.133121
-0.105276 0.711373 -0.128224
-0.164363 0.710788 -0.128224
-0.146656 0.574117 -0.128224
-0.191847 0.688458 -0.128224
-0.176727 0.843019 -0.128224
-0.176122 0.625705 -0.128224
-0.178714 0.758849 -0.128224
-0.175513 0.566479 -0.128224
-0.156881 0.736189 -0.128224
-0.134129 0.861822 -0.128224
-0.171232 0.78425 -0.128224
-0.0577948 0.572546 -0.128224
-0.162528 0.849286 -0.128224
-0.020994 0.758776 -0.128224
-0.181768 0.738802 -0.128224
-0.202988 0.860324 -0.191893
-0.187267 0.639483 -0.167405
-0.0750447 0.704319 -0.128224
-0.173219 0.70008 -0.128224
-0.134288 0.599975 -0.128224
-0.0124448 0.720053 -0.128224
-0.090618 0.712744 -0.128224
-0.0173268 0.877684 -0.221278
-0.200699 0.835837 -0.128224
-0.0466418 0.874943 -0.226176
-0.177344 0.586069 -0.235971
-0.180088 0.773541 -0.235971
0.00206135 0.775752 -0.128224
-0.120546 0.61114 -0.128224
-0.122832 0.793715 -0.128224
-0.0868032 0.619236 -0.235971
-0.00237035 0.61231 -0.128224
0.0284736 0.704118 -0.167405
-0.0974869 0.786205 -0.235971
-0.166195 0.730378 -0.128224
-0.131843 0.679247 -0.128224
-0.185125 0.827413 -0.128224
-0.00786548 0.671079 -0.128224
-0.0106093 0.858551 -0.128224
0.0138199 0.860835 -0.142916
-0.0498549 0.593049 -0.235971
-0.175812 0.833224 -0.128224
-0.0626806 0.572089 -0.128224
-0.133981 0.649406 -0.128224
-0.136725 0.836878 -0.128224
-0.182382 0.63994 -0.128224
-0.0173268 0.877684 -0.133121
0.0225205 0.767785 -0.235971
0.00786303 0.766414 -0.235971
-0.0901601 0.707846 -0.128224
0.0303053 0.684528 -0.206586
-0.130318 0.610227 -0.128224
-0.133062 0.797699 -0.128224
-0.168787 0.863522 -0.206586
-0.190931 0.678663 -0.206586
0.0353425 0.630657 -0.128224
-0.131381 0.832438 -0.128224
-0.0249678 0.590436 -0.235971
-0.0290853 0.792601 -0.235971
-0.114286 0.596905 -0.128224
0.038548 0.596375 -0.182097
-0.0951973 0.761718 -0.235971
-0.17261 0.640854 -0.128224
-0.0611517 0.661156 -0.235971
-0.0408401 0.865605 -0.128224
-0.0371805 0.668338 -0.128224
-0.194136 0.712945 -0.201688
-0.180856 0.57092 -0.128224
-0.0968814 0.568891 -0.216381
-0.181772 0.580714 -0.216381
-0.17169 0.789147 -0.235971
-0.111686 0.779937 -0.128224
-0.109401 0.597362 -0.128224
-0.113829 0.592008 -0.235971
-0.118404 0.79907 -0.128224
-0.123748 0.80351 -0.235971
-0.0173268 0.877684 -0.167405
-0.0642058 0.64111 -0.235971
-0.0678654 0.838377 -0.235971
-0.00542067 0.750351 -0.235971
-0.191389 0.68356 -0.128224
0.0303053 0.684528 -0.142916
-0.070613 0.867761 -0.128224
-0.0669534 0.670494 -0.128224
-0.0840519 0.747939 -0.128224
-0.0290853 0.792601 -0.128224
-0.0249678 0.590436 -0.128224
-0.0539724 0.795214 -0.128224
0.0266419 0.723708 -0.206586
-0.206958 0.850072 -0.19679
-0.0698523 0.754207 -0.235971
-0.0240481 0.738729 -0.235971
0.0307632 0.679631 -0.1772
-0.0170278 0.610939 -0.128224
0.0394638 0.58658 -0.152712
-0.173068 0.645751 -0.235971
0.0280157 0.709016 -0.191893
-0.165434 0.616824 -0.128224
-0.144211 0.65339 -0.128224
-0.146497 0.835965 -0.128224
-0.181314 0.575817 -0.167405
-0.0645085 0.749767 -0.128224
-0.0984028 0.796 -0.128224
-0.0338198 0.737815 -0.235971
-0.104814 0.864563 -0.128224
-0.167115 0.582085 -0.128224
-0.166653 0.735275 -0.128224
-0.154592 0.711702 -0.128224
-0.181772 0.580714 -0.206586
-0.130927 0.669453 -0.235971
-0.133671 0.856925 -0.235971
0.019773 0.797169 -0.19679
-0.123596 0.749182 -0.128224
-0.00405068 0.577571 -0.201688
-0.0771829 0.674478 -0.128224
-0.0933694 0.58404 -0.235971
-0.097029 0.781307 -0.235971
0.0394638 0.58658 -0.138019
-0.12986 0.605329 -0.128224
-0.133519 0.802597 -0.128224
-0.0474062 0.830409 -0.128224
-0.0446625 0.642937 -0.128224
-0.0382515 0.574373 -0.231074
-0.184974 0.773084 -0.128224
0.0203785 0.579855 -0.152712
-0.194897 0.826499 -0.235971
-0.0319843 0.876314 -0.231074
-0.199631 0.771714 -0.128224
-0.188641 0.654176 -0.128224
-0.18452 0.610099 -0.128224
-0.191385 0.841648 -0.128224
-0.187264 0.797571 -0.128224
-0.176428 0.576274 -0.128224
-0.194136 0.712945 -0.142916
-0.165889 0.779809 -0.128224
-0.00175725 0.711172 -0.235971
-0.205584 0.83538 -0.128224
-0.081607 0.827211 -0.235971
-0.116572 0.77948 -0.128224
-0.186499 0.842105 -0.128224
-0.125277 0.714443 -0.128224
-0.201005 0.786406 -0.211483
-0.00694963 0.661284 -0.128224
-0.0813043 0.718555 -0.128224
-0.153831 0.598148 -0.128224
-0.156575 0.78562 -0.128224
0.0151937 0.846143 -0.191893
-0.0849715 0.599646 -0.128224
-0.0968814 0.568891 -0.138019
-0.181772 0.580714 -0.19679
-0.0400794 0.752051 -0.235971
-0.156121 0.622635 -0.235971
-0.160238 0.824799 -0.235971
-0.0368701 0.875857 -0.191893
-0.184978 0.614996 -0.128224
-0.140854 0.564779 -0.128224
-0.143598 0.752252 -0.128224
-0.178869 0.655089 -0.128224
0.0211429 0.624389 -0.128224
0.0183992 0.811861 -0.128224
-0.0565686 0.77027 -0.128224
-0.0547407 0.592592 -0.128224
-0.159935 0.716143 -0.128224
0.0312211 0.674734 -0.206586
-0.0396253 0.589065 -0.235971
-0.0967225 0.830738 -0.128224
-0.0939787 0.643266 -0.128224
-0.0919956 0.569348 -0.128224
-0.15108 0.726851 -0.128224
-0.0284798 0.575287 -0.206586
-0.169094 0.814091 -0.235971
-0.148487 0.593707 -0.128224
0.0154926 0.579398 -0.172302
-0.104973 0.602716 -0.235971
-0.164212 0.65646 -0.235971
-0.0590134 0.690997 -0.128224
-0.0967263 0.672651 -0.128224
-0.154437 0.815461 -0.235971
-0.180853 0.729007 -0.128224
-0.120088 0.606243 -0.235971
-0.182839 0.644838 -0.128224
-0.165283 0.562495 -0.142916
-0.197342 0.747227 -0.128224
-0.0304591 0.807293 -0.128224
-0.0242033 0.63497 -0.235971
-0.0217547 0.87233 -0.235971
-0.0826819 0.575159 -0.235971
-0.0863415 0.772426 -0.235971
-0.0197754 0.640324 -0.235971
-0.102221 0.73142 -0.128224
0.013362 0.865733 -0.191893
-0.162986 0.854184 -0.235971
-0.171845 0.685387 -0.128224
-0.0521407 0.775624 -0.128224
-0.0480231 0.57346 -0.128224
0.0376321 0.60617 -0.201688
-0.0942814 0.751923 -0.235971
-0.200089 0.776611 -0.128224
-0.123596 0.749182 -0.235971
-0.10115 0.825384 -0.128224
0.0339687 0.645349 -0.206586
-0.149555 0.65783 -0.128224
-0.152756 0.8502 -0.128224
-0.201921 0.796201 -0.201688
-0.131078 0.723781 -0.235971
-0.0238968 0.684401 -0.235971
-0.201005 0.786406 -0.128224
-0.205127 0.830483 -0.162507
0.0161057 0.678261 -0.235971
-0.112754 0.84406 -0.235971
-0.0406887 0.811277 -0.235971
0.00710235 0.879968 -0.226176
-0.0948945 0.653061 -0.128224
-0.195968 0.732534 -0.157609
-0.0304629 0.649205 -0.235971
-0.0341225 0.846472 -0.235971
-0.137796 0.742914 -0.128224
-0.0151923 0.749438 -0.128224
-0.0286312 0.629615 -0.128224
-0.136577 0.624462 -0.128224
-0.155511 0.563409 -0.221278
-0.0438942 0.845559 -0.128224
-0.0411504 0.658086 -0.128224
-0.183604 0.600304 -0.128224
-0.192301 0.851443 -0.128224
-0.0770316 0.620149 -0.235971
-0.0887825 0.851242 -0.128224
-0.129398 0.75852 -0.128224
-0.190931 0.678663 -0.186995
-0.0472587 0.617993 -0.128224
-0.168787 0.863522 -0.235971
-0.0564134 0.874029 -0.182097
-0.206958 0.850072 -0.128224
0.0380901 0.601272 -0.167405
-0.0929115 0.579143 -0.128224
-0.0632861 0.789403 -0.235971
-0.0222164 0.719139 -0.235971
-0.190015 0.668868 -0.128224
-0.18589 0.782879 -0.128224
0.0353425 0.630657 -0.201688
0.00526305 0.583382 -0.235971
-0.170627 0.566936 -0.128224
-0.17032 0.616367 -0.128224
-0.089547 0.806708 -0.235971
-0.0425204 0.830866 -0.128224
-0.0373318 0.722666 -0.128224
-0.160393 0.72104 -0.128224
-0.0561107 0.765372 -0.128224
-0.097029 0.781307 -0.128224
-0.0933694 0.58404 -0.128224
-0.192762 0.698252 -0.128224
-0.139015 0.861366 -0.235971
-0.00160207 0.814931 -0.235971
0.00159962 0.622562 -0.235971
-0.178412 0.650192 -0.128224
-0.202379 0.801098 -0.128224
-0.0449652 0.751594 -0.128224
-0.0829846 0.683816 -0.235971
0.00221652 0.879511 -0.142916
-0.0809977 0.767986 -0.128224
0.0344266 0.640452 -0.211483
-0.0359543 0.866062 -0.235971
-0.139472 0.866263 -0.201688
0.0238905 0.595004 -0.235971
-0.19551 0.727637 -0.128224
-0.0956552 0.766615 -0.235971
-0.188028 0.753038 -0.128224
-0.087106 0.727893 -0.128224
-0.1378 0.584826 -0.235971
-0.14314 0.747354 -0.235971
-0.0555014 0.706147 -0.235971
-0.124361 0.704648 -0.128224
-0.177798 0.749054 -0.128224
-0.171842 0.843475 -0.128224
-0.169556 0.6609 -0.128224
-0.198867 0.816247 -0.128224
0.038548 0.596375 -0.235971
-0.156423 0.731292 -0.128224
0.0260288 0.624846 -0.128224
-0.107717 0.790188 -0.128224
-0.113371 0.58711 -0.235971
0.0229784 0.762887 -0.1772
-0.119017 0.700208 -0.128224
0.0339687 0.645349 -0.186995
0.000835145 0.578028 -0.182097
-0.0661889 0.715028 -0.128224
0.0234364 0.75799 -0.142916
-0.0393149 0.796584 -0.128224
-0.0759567 0.872202 -0.128224
-0.197645 0.855883 -0.128224
-0.0431373 0.573916 -0.172302
-0.203295 0.810893 -0.167405
-0.00709721 0.8737 -0.128224
-0.125735 0.71934 -0.235971
-0.0784054 0.634842 -0.235971
-0.117341 0.576859 -0.128224
-0.120084 0.764331 -0.128224
-0.1723 0.848373 -0.128224
-0.0270984 0.87677 -0.221278
-0.109397 0.75545 -0.128224
-0.106653 0.567977 -0.128224
0.0264867 0.619948 -0.128224
-0.0626768 0.730177 -0.128224
-0.128634 0.803053 -0.128224
-0.156272 0.676963 -0.128224
-0.198102 0.860781 -0.128224
-0.198258 0.757021 -0.128224
-0.203753 0.81579 -0.128224
-0.152605 0.795872 -0.235971
-0.071684 0.773797 -0.235971
-0.154134 0.706805 -0.128224
-0.198409 0.81135 -0.128224
-0.00420206 0.6319 -0.128224
-0.00786169 0.829167 -0.128224
-0.0684785 0.739515 -0.235971
-0.198716 0.761919 -0.128224
-0.172303 0.690285 -0.128224
-0.198258 0.757021 -0.1772
-0.102683 0.578229 -0.128224
-0.0626806 0.572089 -0.167405
-0.151693 0.627989 -0.128224
-0.117185 0.680618 -0.128224
0.0353425 0.630657 -0.226176
-0.139628 0.762504 -0.128224
-0.0916891 0.618779 -0.128224
-0.16604 0.834137 -0.128224
-0.124819 0.709546 -0.235971
-0.207874 0.859867 -0.128224
-0.187725 0.644381 -0.152712
-0.000690015 0.647049 -0.128224
-0.00434964 0.844316 -0.128224
-0.0524472 0.726193 -0.128224
-0.171384 0.838578 -0.128224
-0.167724 0.641311 -0.128224
-0.180856 0.57092 -0.191893
-0.0901563 0.865934 -0.128224
-0.0869546 0.673564 -0.128224
-0.192607 0.802012 -0.235971
0.0220626 0.772682 -0.172302
0.0252643 0.580312 -0.172302
-0.0490866 0.795671 -0.235971
0.0367163 0.615965 -0.231074
-0.198716 0.761919 -0.162507
-0.0310722 0.708431 -0.235971
-0.0906142 0.870831 -0.172302
-0.124815 0.867634 -0.162507
-0.18223 0.585612 -0.182097
-0.0541276 0.691454 -0.235971
-0.170165 0.720126 -0.128224
-0.190473 0.673765 -0.167405
-0.0554976 0.864235 -0.128224
-0.159016 0.864436 -0.172302
-0.0587069 0.740429 -0.235971
-0.194594 0.717842 -0.128224
-0.0191661 0.581098 -0.128224
-0.015041 0.695109 -0.128224
-0.159326 0.656917 -0.128224
0.0229784 0.762887 -0.201688
-0.20253 0.855427 -0.128224
0.0170254 0.826554 -0.152712
-0.162074 0.686301 -0.128224
0.00221652 0.879511 -0.19679
-0.0678692 0.680289 -0.128224
-0.0545855 0.696352 -0.235971
-0.163145 0.592337 -0.128224
-0.110158 0.869004 -0.167405
-0.202837 0.805996 -0.182097
-0.18192 0.793131 -0.128224
-0.119475 0.705105 -0.235971
-0.0693982 0.591222 -0.128224
-0.199173 0.766816 -0.201688
-0.137338 0.738016 -0.235971
0.0312211 0.674734 -0.201688
-0.164976 0.611926 -0.128224
-0.0284798 0.575287 -0.138019
-0.177492 0.798485 -0.235971
-0.0948907 0.811149 -0.235971
-0.0133606 0.729848 -0.128224
-0.183907 0.708961 -0.235971
-0.188179 0.807366 -0.128224
-0.0458811 0.761389 -0.128224
-0.196271 0.841191 -0.128224
-0.180243 0.669782 -0.128224
-0.206042 0.840277 -0.128224
-0.196884 0.742329 -0.201688
-0.0310722 0.708431 -0.128224
-0.168787 0.863522 -0.1772
-0.0843584 0.698508 -0.128224
-0.0376346 0.831323 -0.235971
-0.178563 0.70452 -0.128224
-0.2065 0.845175 -0.172302
-0.0849677 0.757734 -0.235971
-0.198102 0.860781 -0.216381
-0.159016 0.864436 -0.211483
-0.186352 0.629689 -0.128224
-0.189553 0.822058 -0.128224
0.00221652 0.879511 -0.172302
-0.144358 0.865806 -0.167405
0.0316791 0.669836 -0.162507
-0.0816108 0.669124 -0.128224
-0.173984 0.655546 -0.128224
-0.012441 0.878141 -0.231074
0.00710235 0.879968 -0.172302
0.0211467 0.782477 -0.172302
-0.131082 0.565693 -0.211483
-0.185587 0.674222 -0.128224
-0.190318 0.777525 -0.128224
-0.0773381 0.570718 -0.133121
-0.0837491 0.639282 -0.128224
-0.101461 0.617865 -0.235971
-0.10512 0.815132 -0.235971
-0.0660375 0.660699 -0.235971
0.0348846 0.635554 -0.191893
-0.0338236 0.579727 -0.235971
-0.0365674 0.7672 -0.235971
-0.114896 0.656131 -0.128224
0.0289315 0.699221 -0.211483
-0.00969719 0.690669 -0.128224
-0.137183 0.841776 -0.235971
0.0011417 0.627459 -0.235971
-0.0893956 0.75238 -0.128224
-0.204669 0.825585 -0.128224
-0.0162634 0.655473 -0.128224
-0.0194651 0.847843 -0.128224
-0.0906142 0.870831 -0.1772
-0.124815 0.867634 -0.172302
-0.18223 0.585612 -0.201688
-0.0477128 0.780978 -0.128224
-0.155201 0.770928 -0.235971
-0.111997 0.572418 -0.235971
-0.169859 0.769557 -0.128224
-0.166199 0.57229 -0.128224
-0.191847 0.688458 -0.235971
-0.201005 0.786406 -0.162507
-0.0402346 0.648291 -0.128224
0.0353425 0.630657 -0.162507
-0.122529 0.685059 -0.128224
-0.138867 0.648949 -0.128224
-0.0208388 0.862535 -0.128224
-0.0326012 0.619364 -0.235971
-0.0358029 0.811733 -0.235971
0.0206888 0.787374 -0.157609
-0.126196 0.56615 -0.226176
-0.173832 0.601218 -0.128224
-0.186503 0.684017 -0.128224
-0.189402 0.76773 -0.128224
-0.103289 0.795543 -0.235971
-0.182991 0.699166 -0.128224
-0.179937 0.719213 -0.128224
0.0138199 0.860835 -0.138019
-0.156268 0.835051 -0.128224
0.0179412 0.816759 -0.172302
-0.166346 0.784706 -0.235971
-0.198258 0.757021 -0.157609
-0.070155 0.862864 -0.128224
-0.176273 0.680033 -0.128224
-0.0599255 0.85888 -0.235971
-0.199173 0.766816 -0.128224
0.0138199 0.860835 -0.206586
-0.112296 0.839163 -0.128224
-0.11001 0.656588 -0.128224
-0.181314 0.575817 -0.128224
-0.171232 0.78425 -0.235971
0.0161095 0.836348 -0.147814
-0.0999317 0.706932 -0.128224
-0.0448101 0.855353 -0.128224
-0.17093 0.675593 -0.235971
-0.184667 0.822515 -0.128224
-0.124664 0.813305 -0.128224
-0.170014 0.665798 -0.128224
-0.111539 0.56752 -0.211483
-0.166498 0.839035 -0.128224
-0.163296 0.646665 -0.128224
-0.195813 0.836294 -0.128224
-0.195355 0.831396 -0.128224
-0.118408 0.640982 -0.128224
-0.0408439 0.707517 -0.128224
0.0130516 0.658214 -0.128224
0.0103078 0.845686 -0.128224
-0.00266931 0.879055 -0.216381
-0.194439 0.821602 -0.128224
-0.193065 0.806909 -0.128224
-0.0875677 0.574702 -0.235971
-0.0912273 0.771969 -0.235971
-0.101306 0.721625 -0.235971
-0.0693944 0.74931 -0.128224
-0.192149 0.797114 -0.128224
-0.0706168 0.709673 -0.235971
-0.104053 0.751009 -0.128224
-0.0721457 0.620606 -0.235971
-0.0661851 0.873116 -0.128224
-0.0984028 0.796 -0.235971
-0.197342 0.747227 -0.162507
-0.0805398 0.763088 -0.128224
-0.151538 0.731748 -0.128224
-0.129553 0.65476 -0.128224
-0.0576396 0.676305 -0.235971
-0.0603834 0.863778 -0.235971
-0.116425 0.567064 -0.147814
-0.0991711 0.593378 -0.235971
-0.152457 0.583455 -0.128224
-0.155659 0.775825 -0.128224
-0.0515276 0.874486 -0.206586
-0.192759 0.85634 -0.128224
-0.142988 0.693026 -0.128224
0.0216047 0.777579 -0.167405
-0.0909246 0.663312 -0.235971
-0.182987 0.857254 -0.128224
-0.180701 0.674679 -0.128224
-0.103137 0.741214 -0.128224
-0.16635 0.626619 -0.128224
-0.0620637 0.829039 -0.128224
-0.117643 0.685515 -0.128224
-0.0467969 0.771184 -0.128224
-0.149706 0.712159 -0.235971
-0.177802 0.590966 -0.235971
0.0399218 0.581683 -0.191893
-0.201463 0.791303 -0.211483
-0.1607 0.671609 -0.128224
-0.204669 0.825585 -0.147814
-0.18757 0.74814 -0.128224
-0.158255 0.750881 -0.235971
-0.182836 0.802926 -0.128224
-0.179634 0.610556 -0.128224
-0.0138223 0.576657 -0.201688
-0.130923 0.82754 -0.128224
-0.192456 0.747683 -0.235971
-0.184058 0.763289 -0.128224
0.00435099 0.751265 -0.235971
-0.0211454 0.813104 -0.128224
-0.0834426 0.688713 -0.128224
-0.0599293 0.700792 -0.235971
-0.179021 0.709418 -0.128224
-0.157339 0.741086 -0.128224
0.0119882 0.880425 -0.138019
-0.182533 0.694269 -0.128224
0.013362 0.865733 -0.138019
-0.122226 0.576402 -0.235971
-0.124512 0.758977 -0.235971
0.0216047 0.777579 -0.186995
-0.155508 0.721497 -0.128224
-0.0890891 0.801811 -0.235971
-0.161158 0.676506 -0.128224
-0.163902 0.863979 -0.128224
-0.0559555 0.869132 -0.128224
-0.203753 0.81579 -0.235971
-0.0871098 0.569805 -0.157609
-0.17963 0.768644 -0.128224
-0.200547 0.781508 -0.128224
-0.197342 0.747227 -0.221278
-0.0125961 0.774381 -0.128224
-0.17658 0.630602 -0.128224
-0.168485 0.754865 -0.128224
-0.165283 0.562495 -0.128224
0.0289315 0.699221 -0.138019
-0.175664 0.620807 -0.128224
0.00190997 0.83008 -0.128224
-0.148029 0.58881 -0.128224
-0.150773 0.776282 -0.128224
-0.0382515 0.574373 -0.206586
-0.117492 0.631187 -0.128224
-0.120236 0.818659 -0.128224
-0.034887 0.801939 -0.128224
7.44635e-05 0.691582 -0.128224
0.00725373 0.82564 -0.128224
-0.105124 0.657045 -0.235971
-0.104057 0.592921 -0.128224
-0.17429 0.606115 -0.128224
-0.0206875 0.808207 -0.235971
-0.172916 0.591423 -0.128224
-0.183449 0.704063 -0.128224
-0.1465 0.677877 -0.128224
0.0307632 0.679631 -0.133121
-0.199631 0.771714 -0.206586
-0.190166 0.723196 -0.128224
-0.185738 0.728551 -0.128224
-0.101767 0.568434 -0.182097
-0.120697 0.665469 -0.235971
-0.190927 0.836751 -0.128224
-0.089547 0.806708 -0.128224
0.0307632 0.679631 -0.157609
0.0148871 0.796712 -0.235971
0.0162571 0.623932 -0.235971
-0.133977 0.807494 -0.235971
-0.0611517 0.661156 -0.128224
-0.0173268 0.877684 -0.231074
-0.0182464 0.729391 -0.128224
-0.145127 0.663185 -0.128224
-0.14787 0.850657 -0.128224
0.0330529 0.655144 -0.235971
-0.00893651 0.577114 -0.235971
-0.103292 0.637455 -0.235971
0.012904 0.87063 -0.19679
0.0216047 0.777579 -0.1772
-0.0052655 0.854111 -0.128224
-0.0823753 0.62459 -0.128224
-0.0968814 0.568891 -0.128224
0.0174833 0.821656 -0.226176
-0.168333 0.700537 -0.128224
-0.116425 0.567064 -0.235971
-0.182226 0.7437 -0.128224
-0.121311 0.566607 -0.235971
0.0225205 0.767785 -0.216381
-0.038857 0.791687 -0.235971
-0.203753 0.81579 -0.167405
-0.0913787 0.826298 -0.128224
-0.0877191 0.629031 -0.128224
-0.142375 0.791888 -0.128224
-0.181311 0.733905 -0.128224
-0.0156503 0.754335 -0.128224
-0.140854 0.564779 -0.186995
-0.0231323 0.728934 -0.128224
-0.166657 0.577187 -0.235971
-0.169401 0.76466 -0.235971
-0.159478 0.711245 -0.128224
-0.191389 0.68356 -0.221278
-0.186041 0.837207 -0.128224
-0.188331 0.861695 -0.152712
0.0179412 0.816759 -0.157609
-0.193678 0.708047 -0.221278
-0.161154 0.834594 -0.128224
-0.0333619 0.732918 -0.128224
-0.180853 0.729007 -0.235971
-0.122071 0.680161 -0.235971
0.0206888 0.787374 -0.167405
-0.0814557 0.772883 -0.128224
-0.0800857 0.600103 -0.128224
-0.149244 0.865349 -0.128224
-0.0451204 0.647834 -0.235971
-0.0188595 0.630529 -0.128224
-0.0319843 0.876314 -0.1772
-0.185436 0.619894 -0.157609
-0.0284798 0.575287 -0.128224
-0.011983 0.873244 -0.128224
-0.149399 0.76159 -0.128224
-0.0318329 0.821985 -0.235971
-0.17093 0.675593 -0.128224
-0.0701588 0.704776 -0.128224
-0.175509 0.724567 -0.128224
0.0252681 0.7384 -0.231074
-0.19322 0.70315 -0.1772
-0.0794688 0.857053 -0.235971
-0.0435914 0.736902 -0.235971
-0.0144316 0.635883 -0.235971
-0.0475614 0.72665 -0.128224
-0.19322 0.70315 -0.128224
-0.0547407 0.592592 -0.235971
-0.0565686 0.77027 -0.235971
-0.0182464 0.729391 -0.235971
-0.18528 0.723653 -0.128224
-0.171543 0.576731 -0.235971
-0.174286 0.764203 -0.235971
-0.0785567 0.68917 -0.128224
-0.00603377 0.651489 -0.235971
-0.12421 0.65032 -0.128224
-0.127869 0.847587 -0.128224
-0.162834 0.799855 -0.128224
-0.159633 0.607486 -0.128224
-0.201005 0.786406 -0.191893
-0.0947432 0.598732 -0.128224
0.0124461 0.875528 -0.147814
-0.00816824 0.779736 -0.235971
-0.0127513 0.670622 -0.128224
-0.0150372 0.853197 -0.128224
-0.18223 0.585612 -0.128224
-0.154898 0.662271 -0.128224
-0.119929 0.86809 -0.152712
-0.0799305 0.703862 -0.235971
-0.0351974 0.59442 -0.128224
-0.184823 0.718756 -0.128224
-0.170627 0.566936 -0.235971
-0.0631348 0.735074 -0.128224
-0.179324 0.818075 -0.128224
-0.0683233 0.843274 -0.128224
-0.143442 0.856011 -0.128224
0.0367163 0.615965 -0.1772
-0.198716 0.761919 -0.157609
0.0136647 0.757076 -0.128224
-0.0574845 0.780065 -0.128224
-0.0538248 0.582797 -0.128224
-0.0167175 0.818458 -0.235971
-0.0139737 0.630986 -0.235971
-0.196729 0.846089 -0.128224
-0.16238 0.63687 -0.128224
-0.152605 0.795872 -0.128224
-0.1236 0.591094 -0.235971
-0.169404 0.606572 -0.128224
-0.185436 0.619894 -0.211483
-0.175815 0.675136 -0.128224
-0.0515276 0.874486 -0.1772
-0.167872 0.853727 -0.128224
-0.165128 0.666255 -0.128224
-0.0651178 0.808992 -0.128224
-0.0619162 0.616623 -0.128224
-0.00985237 0.586909 -0.128224
-0.013512 0.784176 -0.128224
-0.135204 0.60977 -0.235971
-0.137947 0.797242 -0.235971
-0.0703102 0.759104 -0.128224
-0.0561145 0.607285 -0.128224
-0.154894 0.820359 -0.128224
0.0252681 0.7384 -0.182097
-0.172913 0.749511 -0.128224
-0.170169 0.562038 -0.128224
-0.179941 0.561125 -0.128224
-0.0498511 0.751137 -0.128224
-0.0961132 0.771513 -0.235971
-0.0764185 0.719011 -0.235971
-0.192305 0.693355 -0.191893
-0.188331 0.861695 -0.128224
0.0223653 0.664025 -0.235971
-0.179937 0.719213 -0.235971
-0.121765 0.729592 -0.128224
-0.14711 0.737103 -0.128224
-0.0600844 0.597033 -0.128224
-0.148181 0.643138 -0.128224
-0.150925 0.830611 -0.128224
-0.124815 0.867634 -0.216381
0.0124461 0.875528 -0.162507
-0.18223 0.585612 -0.138019
-0.147723 0.638241 -0.128224
-0.151382 0.835508 -0.128224
-0.144514 0.762047 -0.128224
-0.109548 0.809778 -0.128224
-0.106804 0.622306 -0.128224
-0.0892442 0.698051 -0.128224
-0.0382515 0.574373 -0.235971
-0.162986 0.854184 -0.128224
-0.135968 0.565236 -0.152712
-0.162838 0.641768 -0.235971
-0.0187082 0.576201 -0.133121
-0.0353487 0.648748 -0.235971
0.0301501 0.580769 -0.1772
-0.207416 0.85497 -0.128224
-0.163902 0.863979 -0.142916
-0.180239 0.827869 -0.128224
-0.177496 0.640397 -0.128224
-0.203753 0.81579 -0.231074
-0.144975 0.608856 -0.128224
-0.149093 0.811021 -0.128224
0.0330529 0.655144 -0.147814
-0.111077 0.720711 -0.128224
-0.198102 0.860781 -0.152712
-0.161771 0.577644 -0.235971
-0.10833 0.691326 -0.235971
-0.144517 0.603959 -0.128224
-0.147261 0.791431 -0.128224
-0.0710709 0.872659 -0.235971
-0.121004 0.616038 -0.128224
-0.0312236 0.762759 -0.235971
0.0350359 0.581226 -0.167405
-0.171539 0.734819 -0.128224
-0.143144 0.589267 -0.128224
-0.145887 0.776739 -0.128224
-0.186352 0.629689 -0.162507
0.0122871 0.61368 -0.128224
-0.0173268 0.877684 -0.172302
0.0225205 0.767785 -0.138019
-0.184365 0.713858 -0.128224
-0.171085 0.571833 -0.235971
-0.174744 0.7691 -0.235971
-0.023893 0.842488 -0.128224
-0.0211492 0.655016 -0.128224
-0.152609 0.637784 -0.235971
-0.109094 0.646793 -0.235971
-0.113212 0.848958 -0.235971
-0.202988 0.860324 -0.157609
-0.187267 0.639483 -0.128224
-0.188637 0.812263 -0.128224
-0.0411466 0.816174 -0.235971
-0.201921 0.796201 -0.128224
-0.130163 0.713986 -0.128224
-0.190015 0.668868 -0.191893
-0.163444 0.859081 -0.128224
-0.201005 0.786406 -0.231074
-0.158407 0.80521 -0.128224
0.0119882 0.880425 -0.157609
-0.0968814 0.568891 -0.191893
-0.181772 0.580714 -0.142916
-0.201157 0.840734 -0.235971
-0.0455745 0.81082 -0.128224
-0.0710709 0.872659 -0.133121
0.019773 0.797169 -0.157609
-0.157491 0.795415 -0.128224
-0.150626 0.563866 -0.216381
-0.0289378 0.580184 -0.128224
-0.0217585 0.714242 -0.235971
-0.140854 0.564779 -0.182097
-0.154285 0.761133 -0.128224
-0.156117 0.780723 -0.128224
0.0147357 0.851041 -0.19679
-0.154743 0.76603 -0.128224
-0.202379 0.801098 -0.138019
-0.0145792 0.8483 -0.235971
-0.0454232 0.756491 -0.128224
-0.0313788 0.659 -0.128224
-0.122983 0.848044 -0.235971
-0.205584 0.83538 -0.211483
-0.152911 0.746441 -0.128224
-0.186809 0.634586 -0.142916
-0.182684 0.748597 -0.128224
-0.0510735 0.711501 -0.235971
-0.0857284 0.871288 -0.138019
0.0206888 0.787374 -0.182097
-0.117799 0.581756 -0.128224
-0.151996 0.736646 -0.128224
-0.150622 0.721954 -0.128224
-0.181314 0.575817 -0.157609
-0.0457259 0.865148 -0.128224
-0.0419149 0.613553 -0.128224
-0.149248 0.707261 -0.128224
0.0350359 0.581226 -0.172302
-0.0890929 0.643723 -0.128224
-0.141459 0.782093 -0.128224
-0.0964197 0.722082 -0.128224
-0.0898573 0.599189 -0.235971
-0.14879 0.702364 -0.128224
-0.197342 0.747227 -0.235971
-0.188331 0.861695 -0.216381
0.0179412 0.816759 -0.138019
-0.148332 0.697467 -0.128224
0.0367163 0.615965 -0.147814
0.0289315 0.699221 -0.235971
-0.196884 0.742329 -0.235971
-0.135048 0.713529 -0.128224
-0.0719906 0.724366 -0.128224
0.00694338 0.618121 -0.128224
-0.15978 0.819902 -0.235971
-0.202988 0.860324 -0.221278
-0.119929 0.86809 -0.221278
-0.147416 0.687672 -0.128224
0.0307632 0.679631 -0.147814
-0.199631 0.771714 -0.221278
-0.0823753 0.62459 -0.235971
-0.181613 0.842562 -0.128224
-0.0431373 0.573916 -0.201688
-0.0634413 0.685643 -0.235971
-0.146958 0.682774 -0.128224
-0.146042 0.672979 -0.128224
-0.071684 0.773797 -0.128224
-0.140854 0.564779 -0.206586
-0.136574 0.78255 -0.128224
-0.0177885 0.724494 -0.235971
-0.0973394 0.573788 -0.128224
-0.0379449 0.623804 -0.128224
-0.0541238 0.849542 -0.128224
-0.13459 0.708632 -0.128224
-0.158562 0.70145 -0.128224
-0.0252705 0.699093 -0.128224
0.0206888 0.787374 -0.211483
-0.143295 0.643595 -0.128224
-0.146039 0.831067 -0.128224
-0.0466418 0.874943 -0.128224
-0.0916853 0.776867 -0.128224
0.0211467 0.782477 -0.211483
-0.142837 0.638698 -0.128224
-0.161309 0.730835 -0.235971
-0.16772 0.799399 -0.128224
-0.142379 0.6338 -0.128224
-0.0530565 0.785419 -0.128224
0.0380901 0.601272 -0.206586
-0.141921 0.628903 -0.128224
-0.0977973 0.578686 -0.235971
-0.139934 0.713072 -0.128224
-0.204669 0.825585 -0.235971
-0.104053 0.751009 -0.235971
-0.101915 0.780851 -0.235971
-0.041457 0.608655 -0.128224
-0.0730578 0.788489 -0.128224
-0.070314 0.601017 -0.128224
-0.116879 0.730049 -0.128224
0.0220626 0.772682 -0.221278
0.0252643 0.580312 -0.221278
-0.140089 0.609313 -0.128224
-0.14085 0.722867 -0.128224
-0.190931 0.678663 -0.128224
-0.138716 0.594621 -0.128224
-0.142224 0.73756 -0.128224
-0.139472 0.866263 -0.221278
-0.178559 0.862608 -0.206586
0.0316791 0.669836 -0.191893
-0.0425242 0.672778 -0.235971
-0.132755 0.84713 -0.235971
-0.138258 0.589723 -0.128224
-0.142682 0.742457 -0.128224
0.0289315 0.699221 -0.1772
-0.146955 0.840862 -0.128224
-0.1378 0.584826 -0.128224
-0.14314 0.747354 -0.128224
-0.198258 0.757021 -0.186995
-0.117341 0.576859 -0.235971
-0.120084 0.764331 -0.235971
-0.132607 0.634714 -0.128224
-0.158562 0.70145 -0.235971
-0.190015 0.668868 -0.152712
-0.0449652 0.751594 -0.235971
-0.0744316 0.803181 -0.128224
-0.0855808 0.658872 -0.128224
-0.15413 0.864892 -0.206586
-0.158864 0.810107 -0.128224
-0.041457 0.608655 -0.235971
-0.158558 0.859538 -0.128224
-0.0927525 0.84099 -0.128224
-0.0898535 0.757277 -0.128224
0.0289315 0.699221 -0.172302
-0.0842032 0.802268 -0.128224
-0.0805436 0.605 -0.128224
0.0156478 0.683158 -0.235971
-0.119933 0.710002 -0.128224
-0.144517 0.603959 -0.235971
-0.147261 0.791431 -0.235971
-0.207874 0.859867 -0.167405
-0.0177885 0.724494 -0.128224
-0.138863 0.807037 -0.128224
-0.201921 0.796201 -0.191893
-0.0139737 0.630986 -0.128224
-0.0167175 0.818458 -0.128224
-0.0452718 0.702163 -0.235971
-0.195968 0.732534 -0.162507
-0.00939444 0.582012 -0.235971
-0.0675665 0.571632 -0.167405
-0.186809 0.634586 -0.138019
-0.126193 0.724238 -0.128224
-0.190015 0.668868 -0.235971
-0.18589 0.782879 -0.235971
-0.15581 0.830154 -0.128224
-0.0594675 0.853983 -0.128224
-0.123445 0.694853 -0.128224
0.0307632 0.679631 -0.19679
-0.151689 0.786077 -0.128224
-0.163296 0.646665 -0.235971
-0.166498 0.839035 -0.235971
-0.190015 0.668868 -0.162507
-0.140695 0.826627 -0.128224
-0.0918366 0.831195 -0.235971
-0.00405068 0.577571 -0.221278
-0.0991673 0.751466 -0.128224
-0.184209 0.817618 -0.128224
-0.18055 0.620351 -0.128224
-0.0222164 0.719139 -0.128224
-0.121311 0.566607 -0.128224
-0.144358 0.865806 -0.157609
-0.19551 0.727637 -0.182097
-0.135813 0.668996 -0.128224
0.0280157 0.709016 -0.226176
-0.198716 0.761919 -0.186995
-0.0139699 0.789074 -0.128224
-0.165434 0.616824 -0.235971
0.0243522 0.748195 -0.226176
-0.148941 0.756692 -0.128224
0.00572097 0.578485 -0.172302
-0.0445073 0.746696 -0.128224
-0.148026 0.746898 -0.128224
-0.176731 0.684931 -0.128224
-0.178718 0.600761 -0.128224
-0.125125 0.660115 -0.235971
-0.142527 0.846216 -0.128224
-0.0755026 0.709217 -0.128224
-0.0637479 0.636212 -0.128224
0.0156516 0.841246 -0.231074
0.0270998 0.71881 -0.206586
-0.0999317 0.706932 -0.235971
-0.145736 0.722411 -0.128224
-0.144362 0.707718 -0.128224
-0.174744 0.7691 -0.128224
-0.171085 0.571833 -0.128224
-0.143446 0.697923 -0.128224
-0.172455 0.744613 -0.128224
-0.0576358 0.834393 -0.128224
-0.106494 0.829825 -0.128224
-0.128637 0.644965 -0.128224
-0.0567238 0.66651 -0.235971
-0.140699 0.668539 -0.128224
-0.0747381 0.75375 -0.128224
-0.123752 0.645422 -0.128224
-0.0284798 0.575287 -0.221278
-0.110771 0.770142 -0.128224
-0.108027 0.58267 -0.128224
-0.119778 0.813762 -0.235971
-0.0845098 0.752837 -0.235971
-0.177798 0.749054 -0.235971
-0.131994 0.733576 -0.128224
-0.125583 0.665012 -0.128224
-0.0532079 0.839747 -0.235971
-0.140241 0.663641 -0.128224
-0.0756578 0.605457 -0.235971
-0.122987 0.689956 -0.128224
-0.115043 0.868547 -0.19679
0.0238943 0.753092 -0.211483
-0.160397 0.562952 -0.19679
0.0106068 0.578942 -0.167405
-0.0771829 0.674478 -0.235971
-0.105272 0.869461 -0.226176
-0.196426 0.737432 -0.167405
-0.130469 0.664555 -0.128224
-0.133213 0.852028 -0.128224
0.0362584 0.620862 -0.138019
-0.0539762 0.637126 -0.128224
-0.136119 0.619565 -0.128224
-0.139321 0.811935 -0.128224
-0.192305 0.693355 -0.128224
-0.183142 0.753495 -0.235971
0.0350359 0.581226 -0.211483
-0.0803884 0.70876 -0.235971
-0.0808426 0.871745 -0.133121
-0.0484811 0.578357 -0.235971
-0.153979 0.810564 -0.128224
-0.135809 0.827084 -0.128224
-0.135662 0.614667 -0.128224
-0.134746 0.604872 -0.128224
-0.138405 0.80214 -0.128224
-0.119929 0.86809 -0.235971
-0.204211 0.820688 -0.128224
-0.0874125 0.678462 -0.128224
0.012904 0.87063 -0.138019
-0.153218 0.69701 -0.235971
-0.146345 0.781636 -0.128224
-0.132456 0.580385 -0.128224
-0.134742 0.76296 -0.128224
-0.0588582 0.794757 -0.128224
-0.129701 0.867177 -0.147814
-0.131998 0.575488 -0.128224
-0.13154 0.570591 -0.128224
-0.187725 0.644381 -0.157609
-0.0669496 0.828582 -0.128224
-0.0577948 0.572546 -0.1772
-0.0909208 0.8214 -0.128224
-0.088177 0.633928 -0.128224
-0.159784 0.661814 -0.128224
-0.0593162 0.799654 -0.235971
-0.137183 0.841776 -0.128224
-0.153672 0.859995 -0.128224
-0.0625255 0.675848 -0.235971
0.0380901 0.601272 -0.142916
-0.0706168 0.709673 -0.128224
-0.155511 0.563409 -0.231074
-0.0912273 0.771969 -0.128224
-0.0875677 0.574702 -0.128224
-0.0780988 0.684273 -0.128224
0.0029772 0.765957 -0.128224
-0.0736671 0.847715 -0.128224
-0.0709233 0.660242 -0.128224
-0.127108 0.734033 -0.128224
-0.0808426 0.871745 -0.216381
-0.00266931 0.879055 -0.201688
-0.0480231 0.57346 -0.142916
-0.100238 0.657501 -0.235971
-0.153214 0.855098 -0.128224
-0.0629834 0.680746 -0.128224
-0.0545817 0.85444 -0.128224
-0.0518379 0.666967 -0.128224
-8.07107e-05 0.587823 -0.235971
-0.149551 0.815918 -0.128224
-0.194288 0.767273 -0.235971
-0.0671047 0.724823 -0.128224
-0.133675 0.698837 -0.128224
0.0358004 0.625759 -0.167405
-0.139325 0.653847 -0.128224
-0.144056 0.757149 -0.128224
-0.0634375 0.843731 -0.128224
-0.0748895 0.808079 -0.128224
-0.0726037 0.625504 -0.128224
-0.0440532 0.583711 -0.235971
-0.139476 0.708175 -0.128224
-0.190931 0.678663 -0.162507
-0.13856 0.69838 -0.128224
-0.100386 0.869918 -0.182097
0.0270998 0.71881 -0.142916
-0.0788595 0.797827 -0.235971
-0.192762 0.698252 -0.186995
-0.192607 0.802012 -0.128224
-0.137645 0.688585 -0.128224
-0.141611 0.836422 -0.128224
0.0142778 0.855938 -0.201688
-0.136729 0.678791 -0.128224
-0.0883284 0.688256 -0.128224
-0.182991 0.699166 -0.235971
-0.201005 0.786406 -0.201688
-0.115963 0.720254 -0.128224
-0.133372 0.59018 -0.128224
-0.135658 0.772755 -0.128224
-0.135355 0.664098 -0.128224
-0.138099 0.851571 -0.128224
-0.0808426 0.871745 -0.172302
-0.150626 0.563866 -0.147814
-0.134897 0.659201 -0.128224
-0.138557 0.856468 -0.128224
-0.2065 0.845175 -0.231074
-0.0409953 0.761846 -0.128224
-0.132149 0.629816 -0.128224
-0.136267 0.831981 -0.128224
-0.0753474 0.812976 -0.128224
-0.0584041 0.631772 -0.128224
-0.131692 0.624919 -0.128224
-0.134435 0.812391 -0.128224
-0.0794726 0.698965 -0.235971
0.025726 0.733503 -0.231074
-0.0822239 0.570262 -0.142916
-0.156579 0.627532 -0.128224
-0.129402 0.600432 -0.128224
-0.023594 0.575744 -0.157609
-0.128944 0.595535 -0.128224
-0.132146 0.787904 -0.128224
-0.0246612 0.639867 -0.128224
-0.0406887 0.811277 -0.128224
-0.196577 0.79176 -0.128224
0.0284736 0.704118 -0.186995
-0.196884 0.742329 -0.133121
-0.042827 0.781435 -0.235971
-0.147412 0.84576 -0.128224
-0.124206 0.808408 -0.128224
-0.111539 0.56752 -0.19679
-0.0257285 0.70399 -0.128224
-0.012441 0.878141 -0.182097
-0.145581 0.82617 -0.128224
-0.145123 0.821273 -0.128224
0.0376321 0.60617 -0.182097
-0.188793 0.708504 -0.128224
-0.187112 0.743243 -0.128224
0.0284736 0.704118 -0.1772
-0.147571 0.583912 -0.235971
-0.151231 0.781179 -0.235971
-0.144665 0.816375 -0.128224
-0.103599 0.588024 -0.128224
-0.126806 0.625376 -0.128224
-0.130465 0.822643 -0.128224
-0.142833 0.796785 -0.128224
-0.14482 0.712616 -0.128224
-0.133217 0.69394 -0.128224
-0.0228295 0.620277 -0.235971
-0.13917 0.757606 -0.128224
-0.00893651 0.577114 -0.172302
-0.102834 0.632557 -0.128224
-0.177185 0.847916 -0.128224
-0.175357 0.670238 -0.128224
-0.123441 0.852941 -0.128224
-0.199631 0.771714 -0.231074
-0.137338 0.738016 -0.128224
-0.188331 0.861695 -0.235971
-0.1978 0.752124 -0.133121
-0.185894 0.624791 -0.128224
-0.190011 0.826956 -0.128224
-0.0248126 0.694195 -0.235971
0.019773 0.797169 -0.191893
-0.13688 0.733119 -0.128224
-0.205584 0.83538 -0.186995
-0.0409991 0.603758 -0.235971
-0.0437428 0.79123 -0.235971
-0.206958 0.850072 -0.206586
-0.0245061 0.743626 -0.128224
-0.173371 0.754408 -0.128224
-0.117034 0.626289 -0.128224
-0.120694 0.823557 -0.128224
-0.00984857 0.744997 -0.235971
-0.136422 0.728222 -0.128224
-0.135964 0.723324 -0.128224
-0.170169 0.562038 -0.226176
-0.110774 0.612054 -0.128224
-0.204669 0.825585 -0.206586
-0.0532079 0.839747 -0.128224
-0.0773343 0.728806 -0.235971
0.0147357 0.851041 -0.142916
-0.135506 0.718427 -0.128224
-0.107565 0.73586 -0.128224
0.00816958 0.815845 -0.128224
-0.0590096 0.849085 -0.128224
-0.0558079 0.656716 -0.128224
-0.134133 0.703735 -0.128224
-0.12558 0.8231 -0.235971
-0.0666468 0.719925 -0.128224
-0.137187 0.683688 -0.128224
0.0119882 0.880425 -0.201688
-0.0968814 0.568891 -0.162507
-0.0536697 0.686557 -0.128224
-0.113064 0.636541 -0.128224
-0.00374034 0.78509 -0.128224
-0.126499 0.674807 -0.128224
-0.129701 0.867177 -0.128224
-0.187725 0.644381 -0.231074
-0.0745867 0.699422 -0.235971
-0.0173268 0.877684 -0.19679
-0.0564172 0.715941 -0.128224
-0.157188 0.686758 -0.128224
-0.0187082 0.576201 -0.172302
-0.12894 0.753622 -0.128224
-0.00618135 0.863906 -0.235971
-0.132759 0.689042 -0.128224
0.00572097 0.578485 -0.206586
-7.69135e-05 0.745911 -0.235971
0.00526305 0.583382 -0.128224
-0.141459 0.782093 -0.235971
-0.0822201 0.728349 -0.235971
0.0188571 0.806964 -0.211483
-0.137035 0.62936 -0.128224
0.0144254 0.643522 -0.128224
0.0112237 0.835892 -0.128224
-0.0759567 0.872202 -0.235971
-0.0187082 0.576201 -0.216381
-0.131385 0.67435 -0.128224
0.00496029 0.692039 -0.128224
-0.187725 0.644381 -0.201688
-0.162074 0.686301 -0.235971
-0.0333657 0.57483 -0.226176
-0.128179 0.640068 -0.128224
0.0293894 0.694323 -0.162507
-0.0909246 0.663312 -0.128224
-0.1097 0.864107 -0.235971
-0.203295 0.810893 -0.128224
-0.127722 0.635171 -0.128224
-0.127264 0.630273 -0.128224
-0.126348 0.620478 -0.128224
-0.0455783 0.652732 -0.128224
-0.0872611 0.624133 -0.235971
-0.120088 0.606243 -0.128224
-0.110161 0.710916 -0.128224
-0.0368701 0.875857 -0.152712
-0.184978 0.614996 -0.147814
-0.125432 0.610684 -0.128224
-0.135968 0.565236 -0.201688
-0.2065 0.845175 -0.128224
-0.200547 0.781508 -0.221278
-0.119172 0.596448 -0.128224
0.0107658 0.840789 -0.128224
-0.115199 0.764788 -0.128224
-0.0713775 0.823228 -0.235971
-0.0977935 0.736774 -0.235971
0.00725373 0.82564 -0.235971
-0.119471 0.863193 -0.128224
-0.124516 0.600889 -0.128224
-0.12726 0.788361 -0.128224
-0.128482 0.748725 -0.235971
0.013362 0.865733 -0.221278
-0.122226 0.576402 -0.128224
-0.124512 0.758977 -0.128224
-0.140854 0.564779 -0.191893
-0.121769 0.571504 -0.128224
-0.12497 0.763874 -0.128224
-0.139779 0.816832 -0.128224
-0.137031 0.787447 -0.128224
-0.205127 0.830483 -0.157609
-0.0321395 0.772554 -0.128224
-0.1352 0.767858 -0.128224
0.0362584 0.620862 -0.147814
-0.107872 0.686429 -0.128224
-0.122223 0.73449 -0.235971
-0.0472549 0.776081 -0.128224
-0.130621 0.718884 -0.128224
0.0399218 0.581683 -0.19679
-0.046339 0.766286 -0.128224
-0.0345843 0.693282 -0.128224
-0.0510735 0.711501 -0.128224
-0.182684 0.748597 -0.235971
-0.13917 0.757606 -0.235971
-0.186809 0.634586 -0.221278
-0.111993 0.730506 -0.128224
-0.103898 0.854769 -0.128224
-0.101154 0.667296 -0.128224
0.0228233 0.659128 -0.128224
0.0394638 0.58658 -0.235971
-0.128789 0.699294 -0.128224
-0.0292367 0.846929 -0.128224
-0.150777 0.618194 -0.128224
0.0180926 0.76243 -0.235971
-0.00526929 0.696023 -0.235971
-0.179021 0.709418 -0.235971
-0.10604 0.666839 -0.128224
0.0154926 0.579398 -0.201688
-0.148639 0.648036 -0.128224
-0.114741 0.75989 -0.128224
0.0390059 0.591478 -0.206586
0.019315 0.802066 -0.172302
-0.00954582 0.63634 -0.235971
-0.104515 0.597819 -0.128224
-0.180856 0.57092 -0.1772
-0.165889 0.779809 -0.235971
-0.0168689 0.872787 -0.128224
-0.116425 0.567064 -0.152712
-0.184062 0.605201 -0.147814
-0.0330553 0.782349 -0.128224
0.0275577 0.713913 -0.167405
-0.0776371 0.837463 -0.128224
-0.122836 0.635628 -0.128224
0.0316791 0.669836 -0.138019
-0.19551 0.727637 -0.235971
-0.12192 0.625833 -0.128224
0.0156516 0.841246 -0.186995
-0.191389 0.68356 -0.201688
-0.167569 0.74507 -0.128224
-0.0187082 0.576201 -0.231074
-0.0614544 0.769813 -0.128224
-0.0582527 0.577443 -0.128224
-0.0515276 0.874486 -0.235971
-0.118714 0.591551 -0.128224
0.0248102 0.743297 -0.19679
-0.180398 0.566022 -0.147814
-0.169401 0.76466 -0.128224
-0.166657 0.577187 -0.128224
-0.192762 0.698252 -0.235971
-0.205584 0.83538 -0.133121
-0.0432849 0.786333 -0.128224
-0.0661851 0.873116 -0.157609
0.0203785 0.579855 -0.186995
-0.0939749 0.801354 -0.235971
-0.0322946 0.668795 -0.128224
-0.111539 0.56752 -0.162507
0.0164123 0.727692 -0.235971
-0.0261864 0.708888 -0.235971
-0.194136 0.712945 -0.128224
-0.0318367 0.663897 -0.128224
0.0248102 0.743297 -0.226176
-0.166346 0.784706 -0.128224
-0.0762671 0.664683 -0.235971
-0.193678 0.708047 -0.128224
-0.184978 0.614996 -0.162507
-0.0216033 0.818001 -0.235971
-0.116425 0.567064 -0.128224
0.0211467 0.782477 -0.167405
-0.139472 0.866263 -0.128224
-0.204211 0.820688 -0.186995
-0.146652 0.732205 -0.128224
0.0133582 0.707645 -0.128224
-0.1749 0.665341 -0.235971
-0.177643 0.852813 -0.235971
-0.165283 0.562495 -0.221278
-0.175055 0.561582 -0.1772
-0.195968 0.732534 -0.182097
-0.139015 0.861366 -0.128224
-0.137641 0.846673 -0.128224
-0.131839 0.837335 -0.128224
-0.077796 0.575616 -0.128224
-0.132604 0.792802 -0.128224
0.00938819 0.697393 -0.128224
-0.0799305 0.703862 -0.128224
-0.191234 0.78732 -0.128224
0.0147319 0.692953 -0.128224
-0.109245 0.701121 -0.128224
-0.198716 0.761919 -0.226176
-0.0857322 0.7132 -0.235971
-0.0466418 0.874943 -0.211483
-0.192914 0.752581 -0.128224
-0.0564134 0.874029 -0.221278
0.0266419 0.723708 -0.186995
-0.116576 0.621392 -0.235971
-0.173068 0.645751 -0.128224
-0.114585 0.86365 -0.128224
-0.111842 0.676177 -0.128224
0.038548 0.596375 -0.1772
-0.0710747 0.714571 -0.128224
-0.105427 0.765701 -0.128224
-0.102225 0.573332 -0.128224
-0.126651 0.729135 -0.128224
-0.0159568 0.704904 -0.128224
-0.126953 0.837792 -0.128224
-0.0190071 0.842945 -0.128224
-0.165582 0.82924 -0.128224
-0.181004 0.783336 -0.235971
-0.134284 0.758063 -0.235971
-0.107569 0.577772 -0.235971
-0.111229 0.775039 -0.235971
-0.170778 0.621264 -0.128224
-0.121155 0.670366 -0.128224
-0.123899 0.857839 -0.128224
-0.023594 0.575744 -0.211483
-0.120697 0.665469 -0.128224
-0.135968 0.565236 -0.128224
-0.0180951 0.675063 -0.128224
-0.0912311 0.613881 -0.128224
-0.112455 0.577315 -0.235971
-0.115656 0.769685 -0.235971
-0.00801686 0.725407 -0.235971
-0.0606899 0.814347 -0.128224
-0.0570303 0.617079 -0.128224
-0.183445 0.862151 -0.216381
-0.175354 0.828326 -0.235971
0.0261839 0.728605 -0.182097
-0.116576 0.621392 -0.128224
-0.053821 0.740885 -0.128224
-0.118097 0.848501 -0.128224
-0.116118 0.616495 -0.128224
-0.0417559 0.8754 -0.221278
0.0362584 0.620862 -0.231074
-0.0547369 0.75068 -0.235971
-0.169862 0.611469 -0.235971
-0.172148 0.794044 -0.235971
-0.112913 0.582213 -0.128224
-0.012441 0.878141 -0.19679
0.00710235 0.879968 -0.182097
0.0211467 0.782477 -0.1772
-0.131082 0.565693 -0.19679
-0.0197716 0.798412 -0.128224
0.0197692 0.639081 -0.128224
-0.15184 0.840405 -0.128224
-0.111539 0.56752 -0.128224
-0.114283 0.754993 -0.128224
-0.119929 0.86809 -0.19679
-0.102377 0.62766 -0.128224
-0.084665 0.649077 -0.235971
-0.0874087 0.83655 -0.235971
0.0341201 0.591021 -0.235971
-0.0526024 0.622434 -0.235971
-0.0558041 0.814803 -0.235971
-0.0515276 0.874486 -0.201688
-0.134587 0.86672 -0.128224
-0.190015 0.668868 -0.182097
-0.165128 0.666255 -0.235971
-0.167872 0.853727 -0.235971
-0.178412 0.650192 -0.235971
-0.139631 0.604416 -0.128224
-0.141308 0.727765 -0.128224
-0.129092 0.807951 -0.128224
-0.0675665 0.571632 -0.138019
-0.186809 0.634586 -0.167405
-0.164973 0.770014 -0.128224
-0.134587 0.86672 -0.147814
-0.0515276 0.874486 -0.133121
-0.0333657 0.57483 -0.133121
-0.122223 0.73449 -0.128224
-0.107872 0.686429 -0.235971
0.0161095 0.836348 -0.231074
-0.0788595 0.797827 -0.128224
-0.13856 0.69838 -0.235971
-0.159016 0.864436 -0.191893
-0.186352 0.629689 -0.147814
-0.198102 0.860781 -0.235971
-0.10833 0.691326 -0.128224
-0.111077 0.720711 -0.235971
-0.132297 0.842233 -0.128224
-0.130007 0.817746 -0.128224
-0.145433 0.613754 -0.128224
-0.188183 0.649278 -0.152712
-0.0129027 0.72495 -0.235971
-0.128176 0.798156 -0.128224
-0.00557584 0.646592 -0.128224
-0.103137 0.741214 -0.235971
-0.0466418 0.874943 -0.19679
-0.0916891 0.618779 -0.235971
-0.114892 0.814219 -0.128224
-0.111232 0.616952 -0.128224
-0.0577948 0.572546 -0.162507
-0.120849 0.719797 -0.128224
-0.125886 0.773669 -0.128224
-0.173984 0.655546 -0.235971
-0.175055 0.561582 -0.206586
-0.195968 0.732534 -0.128224
-0.203295 0.810893 -0.147814
-0.0597741 0.804552 -0.128224
-0.106956 0.676634 -0.128224
-0.122681 0.739387 -0.128224
-0.134284 0.758063 -0.128224
-0.111229 0.775039 -0.128224
-0.107569 0.577772 -0.128224
-0.11627 0.670823 -0.128224
-0.121613 0.675264 -0.235971
-0.114438 0.651233 -0.128224
-0.149244 0.865349 -0.138019
-0.172455 0.744613 -0.235971
0.0394638 0.58658 -0.211483
-0.117337 0.734946 -0.128224
0.0284736 0.704118 -0.216381
-0.102683 0.578229 -0.235971
-0.11306 0.794629 -0.128224
-0.110317 0.607157 -0.128224
-0.0391673 0.584168 -0.128224
-0.112144 0.784834 -0.128224
-0.108943 0.592464 -0.128224
-0.0417559 0.8754 -0.128224
-0.0390122 0.687927 -0.128224
-0.0612992 0.873572 -0.216381
-0.0724523 0.571175 -0.128224
-0.128327 0.852484 -0.128224
-0.139476 0.708175 -0.235971
-0.0858874 0.609441 -0.128224
-0.1978 0.752124 -0.216381
-0.185436 0.619894 -0.206586
-0.0319843 0.876314 -0.128224
0.0295408 0.639995 -0.128224
-0.0886311 0.796913 -0.128224
-0.0863453 0.614338 -0.128224
-0.12558 0.8231 -0.128224
-0.196884 0.742329 -0.1772
-0.17795 0.803382 -0.128224
0.0390059 0.591478 -0.1772
-0.125122 0.818202 -0.128224
-0.201921 0.796201 -0.211483
-0.122374 0.788818 -0.128224
-0.0145792 0.8483 -0.128224
0.0220626 0.772682 -0.157609
0.0252643 0.580312 -0.157609
-0.121916 0.783921 -0.128224
0.0174833 0.821656 -0.211483
0.0139675 0.648419 -0.128224
-0.196119 0.786863 -0.128224
-0.118711 0.749639 -0.128224
-0.118253 0.744741 -0.128224
-0.045268 0.860251 -0.235971
-0.0382515 0.574373 -0.19679
-0.0790109 0.852155 -0.128224
0.0362584 0.620862 -0.186995
-0.109703 0.706019 -0.128224
-0.0813043 0.718555 -0.235971
-0.117795 0.739844 -0.128224
0.0171768 0.772225 -0.235971
-0.106347 0.617408 -0.235971
-0.116421 0.725152 -0.128224
-0.131082 0.565693 -0.138019
0.0211467 0.782477 -0.235971
0.0234326 0.599902 -0.235971
-0.129856 0.763417 -0.128224
-0.114589 0.705562 -0.128224
-0.179782 0.822972 -0.128224
-0.113215 0.69087 -0.128224
-0.184978 0.614996 -0.235971
-0.0971804 0.835636 -0.128224
-0.0944366 0.648163 -0.128224
-0.0411466 0.816174 -0.128224
-0.11367 0.853855 -0.128224
-0.110468 0.661485 -0.128224
-0.116421 0.725152 -0.235971
0.0245036 0.693866 -0.128224
-0.108636 0.641895 -0.128224
-0.10772 0.632101 -0.128224
-0.124815 0.867634 -0.128224
-0.0341263 0.688384 -0.235971
-0.0368701 0.875857 -0.235971
-0.201463 0.791303 -0.147814
-0.177038 0.6355 -0.128224
-0.0466418 0.874943 -0.133121
-0.0797753 0.807622 -0.235971
-0.0213006 0.709345 -0.128224
-0.0530603 0.627331 -0.128224
-0.105889 0.612511 -0.128224
-0.0626806 0.572089 -0.211483
-0.096117 0.613425 -0.235971
-0.0993186 0.805794 -0.235971
-0.194136 0.712945 -0.186995
-0.122067 0.838249 -0.128224
-0.0741288 0.694524 -0.128224
-0.0240481 0.738729 -0.128224
-0.121152 0.828454 -0.128224
-0.11932 0.808864 -0.128224
-0.171539 0.734819 -0.235971
-0.205584 0.83538 -0.152712
-0.117946 0.794172 -0.128224
-0.0857284 0.871288 -0.201688
-0.194594 0.717842 -0.235971
-0.0287826 0.683944 -0.128224
-0.0625217 0.833936 -0.128224
-0.180088 0.773541 -0.128224
-0.177344 0.586069 -0.128224
-0.107414 0.681532 -0.128224
0.00694338 0.618121 -0.235971
-0.0719906 0.724366 -0.235971
-0.106498 0.671737 -0.128224
-0.105582 0.661942 -0.128224
-0.0871098 0.569805 -0.19679
-0.105124 0.657045 -0.128224
-0.0564134 0.874029 -0.186995
-0.0245061 0.743626 -0.235971
0.00221652 0.879511 -0.147814
-0.144358 0.865806 -0.142916
-0.10375 0.642352 -0.128224
-0.0761119 0.768443 -0.128224
-0.125125 0.660115 -0.128224
-0.178718 0.600761 -0.235971
-0.116425 0.567064 -0.216381
-0.126196 0.56615 -0.133121
-0.184062 0.605201 -0.128224
-0.191843 0.846545 -0.128224
-0.187721 0.802469 -0.128224
-0.016112 0.601144 -0.235971
-0.0486287 0.790773 -0.128224
-0.045427 0.598403 -0.128224
-0.184062 0.605201 -0.235971
-0.191843 0.846545 -0.235971
-0.187721 0.802469 -0.235971
-0.100087 0.603173 -0.128224
-0.0148858 0.798869 -0.128224
-0.0919956 0.569348 -0.152712
-0.110619 0.715814 -0.128224
-0.0121382 0.769484 -0.128224
-0.0890929 0.643723 -0.235971
0.025726 0.733503 -0.133121
-0.069243 0.694981 -0.235971
-0.0222126 0.877227 -0.211483
-0.188331 0.861695 -0.147814
-0.0396215 0.747153 -0.235971
-0.183445 0.862151 -0.206586
-0.0107644 0.754792 -0.128224
-0.0103065 0.749894 -0.128224
0.0170254 0.826554 -0.1772
-0.0115289 0.710258 -0.235971
-0.147568 0.742 -0.128224
0.0322884 0.61061 -0.128224
-0.0316853 0.609569 -0.235971
0.0298474 0.689426 -0.191893
-0.104204 0.805338 -0.128224
-0.100545 0.60807 -0.128224
-0.00984857 0.744997 -0.128224
-0.199173 0.766816 -0.19679
-0.00893272 0.735202 -0.128224
-0.00847479 0.730305 -0.128224
0.0154926 0.579398 -0.186995
-0.149399 0.76159 -0.235971
-0.0461838 0.870046 -0.235971
-0.007101 0.715612 -0.128224
-0.108326 0.849414 -0.235971
-0.00618135 0.863906 -0.128224
-0.00618515 0.705818 -0.128224
0.00450236 0.696936 -0.128224
-0.00572722 0.70092 -0.128224
-0.00481137 0.691125 -0.128224
-0.00755514 0.878598 -0.128224
-0.140699 0.668539 -0.235971
-0.00389551 0.681331 -0.128224
-0.0871098 0.569805 -0.206586
-0.00343758 0.676433 -0.128224
-0.00663928 0.868803 -0.128224
-0.167417 0.690742 -0.128224
-0.00297965 0.671536 -0.128224
-0.00252173 0.666638 -0.128224
0.0399218 0.581683 -0.186995
-0.0884798 0.742585 -0.235971
-0.130163 0.713986 -0.235971
-0.0020638 0.661741 -0.128224
-0.00160587 0.656843 -0.128224
-0.173673 0.863065 -0.152712
-0.00114794 0.651946 -0.128224
-0.00389171 0.839418 -0.128224
0.0348846 0.635554 -0.128224
-0.023893 0.842488 -0.235971
-0.0211492 0.655016 -0.235971
-0.000232087 0.642151 -0.128224
-0.00251793 0.824726 -0.128224
-0.0675665 0.571632 -0.128224
0.00022584 0.637254 -0.128224
0.000683768 0.632356 -0.128224
-0.0602358 0.651361 -0.235971
-0.0871098 0.569805 -0.226176
-0.0402346 0.648291 -0.235971
0.0011417 0.627459 -0.128224
0.00159962 0.622562 -0.128224
-0.00160207 0.814931 -0.128224
-0.141005 0.619108 -0.128224
-0.143749 0.80658 -0.128224
0.00205755 0.617664 -0.128224
-0.194594 0.717842 -0.157609
0.00297341 0.607869 -0.128224
-0.000686218 0.805137 -0.128224
0.00343133 0.602972 -0.128224
0.00388926 0.598074 -0.128224
-0.0187082 0.576201 -0.19679
0.00480512 0.58828 -0.128224
-0.0235902 0.733832 -0.235971
-0.140854 0.564779 -0.157609
-0.0521445 0.617536 -0.235971
-0.0274088 0.669252 -0.235971
-0.0173268 0.877684 -0.128224
-0.0464942 0.662527 -0.128224
-0.0880218 0.737687 -0.235971
-0.0822239 0.570262 -0.206586
-0.150467 0.825713 -0.128224
-0.0164109 0.867889 -0.128224
-0.0154951 0.858094 -0.128224
-0.0141213 0.843402 -0.128224
-0.0307657 0.757862 -0.235971
-0.0127475 0.82871 -0.128224
-0.191847 0.688458 -0.206586
-0.0594713 0.695895 -0.235971
0.0157992 0.628829 -0.128224
-0.104969 0.760804 -0.235971
-0.0118317 0.818915 -0.128224
-0.0109158 0.80912 -0.128224
-0.00999995 0.799325 -0.128224
-0.00816824 0.779736 -0.128224
-0.136119 0.619565 -0.235971
-0.139321 0.811935 -0.235971
-0.192305 0.693355 -0.152712
0.0216009 0.619492 -0.235971
-0.00771031 0.774838 -0.128224
-0.192762 0.698252 -0.167405
-0.0058786 0.755249 -0.128224
-0.0164109 0.867889 -0.235971
-0.186957 0.847002 -0.235971
-0.0686337 0.635755 -0.235971
0.025726 0.733503 -0.147814
-0.00496274 0.745454 -0.128224
-0.0413018 0.712415 -0.128224
-0.0744354 0.645093 -0.128224
-0.118866 0.645879 -0.128224
-0.126037 0.827997 -0.128224
-0.00404689 0.735659 -0.128224
-0.181772 0.580714 -0.162507
-0.0707682 0.764002 -0.235971
-0.0026731 0.720967 -0.128224
-0.00221518 0.716069 -0.128224
-0.00129932 0.706274 -0.128224
-0.0417559 0.8754 -0.138019
-0.000841392 0.701377 -0.128224
-0.127415 0.684602 -0.128224
-0.128785 0.857382 -0.128224
0.000532391 0.686685 -0.128224
-0.0141251 0.685314 -0.235971
0.0099975 0.638168 -0.128224
0.00771166 0.820742 -0.128224
-0.18452 0.610099 -0.211483
-0.188641 0.654176 -0.211483
0.000990319 0.681787 -0.128224
-0.0541238 0.849542 -0.235971
-0.0368701 0.875857 -0.142916
-0.18452 0.610099 -0.182097
-0.188641 0.654176 -0.182097
0.00144825 0.67689 -0.128224
-0.149248 0.707261 -0.235971
0.000835145 0.578028 -0.147814
-0.0211454 0.813104 -0.235971
0.0023641 0.667095 -0.128224
-0.000379668 0.854568 -0.128224
0.00465754 0.800696 -0.235971
-0.0458811 0.761389 -0.235971
0.00327996 0.6573 -0.128224
-0.106653 0.567977 -0.186995
-0.00435344 0.686228 -0.128224
0.00373789 0.652403 -0.128224
-0.0144278 0.793971 -0.235971
-0.0216033 0.818001 -0.128224
-0.0116841 0.606499 -0.235971
0.0399218 0.581683 -0.216381
0.00419581 0.647505 -0.128224
0.00465374 0.642608 -0.128224
0.00511167 0.637711 -0.128224
-0.0368701 0.875857 -0.211483
-0.0635965 0.581884 -0.235971
0.00740131 0.613224 -0.128224
0.0353425 0.630657 -0.157609
0.00877509 0.598531 -0.128224
0.00603132 0.786004 -0.128224
0.0234364 0.75799 -0.157609
0.0106068 0.578942 -0.128224
0.00832096 0.761517 -0.128224
-0.205127 0.830483 -0.19679
-0.0425204 0.830866 -0.235971
-0.105272 0.869461 -0.152712
-0.012441 0.878141 -0.128224
-0.126953 0.837792 -0.235971
-0.0651216 0.650904 -0.235971
-0.0501576 0.701706 -0.128224
-0.0306143 0.703533 -0.235971
-0.126806 0.625376 -0.235971
-0.130465 0.822643 -0.235971
-0.00923547 0.843859 -0.128224
-0.00877754 0.838962 -0.128224
-0.186809 0.634586 -0.128224
-0.00831961 0.834064 -0.128224
-0.0638954 0.848629 -0.128224
-0.0878667 0.841447 -0.128224
-0.084207 0.64418 -0.128224
-0.165431 0.774912 -0.128224
-0.00694583 0.819372 -0.128224
-0.00511412 0.799782 -0.128224
-0.00465619 0.794885 -0.128224
-0.0645123 0.591679 -0.235971
-0.0672561 0.779151 -0.235971
0.0238943 0.753092 -0.138019
-0.00405068 0.577571 -0.162507
-0.00282448 0.775295 -0.128224
-0.00236655 0.770398 -0.128224
-0.0220612 0.822899 -0.235971
-0.172001 0.581628 -0.128224
-0.00190862 0.7655 -0.128224
-0.0886349 0.638825 -0.235971
-0.0014507 0.760603 -0.128224
0.0353425 0.630657 -0.221278
-0.189099 0.659073 -0.186995
0.00572097 0.578485 -0.128224
-0.000992769 0.755705 -0.128224
-7.69135e-05 0.745911 -0.128224
0.00129687 0.731218 -0.128224
-0.0840557 0.589851 -0.235971
0.0017548 0.726321 -0.128224
0.00221273 0.721424 -0.128224
0.00267065 0.716526 -0.128224
-0.172303 0.690285 -0.235971
-0.0558041 0.814803 -0.128224
-0.0526024 0.622434 -0.128224
0.00312858 0.711629 -0.128224
-0.0955001 0.870375 -0.19679
-0.056262 0.819701 -0.128224
0.00358651 0.706731 -0.128224
0.00404444 0.701834 -0.128224
0.00541822 0.687142 -0.128224
-0.0700037 0.808536 -0.235971
-0.106347 0.617408 -0.128224
0.00633408 0.677347 -0.128224
-0.0724523 0.571175 -0.133121
-0.00740755 0.666181 -0.128224
-0.0110672 0.863449 -0.128224
-0.0251192 0.644764 -0.128224
0.006792 0.672449 -0.128224
0.0243522 0.748195 -0.142916
-0.0736709 0.689627 -0.128224
-0.11795 0.636084 -0.235971
0.00724993 0.667552 -0.128224
0.00404823 0.859922 -0.128224
0.00770786 0.662655 -0.128224
0.00816579 0.657757 -0.128224
0.00542202 0.84523 -0.128224
-0.0747381 0.75375 -0.235971
0.00862371 0.65286 -0.128224
0.00496409 0.850127 -0.128224
0.00908164 0.647962 -0.128224
-0.15505 0.716599 -0.128224
0.00282583 0.820286 -0.128224
0.00953957 0.643065 -0.128224
0.0104554 0.63327 -0.128224
0.0124461 0.875528 -0.133121
-0.0477128 0.780978 -0.235971
-0.0768764 0.723909 -0.128224
0.0113713 0.623475 -0.128224
-0.0724523 0.571175 -0.231074
-0.0651216 0.650904 -0.128224
-0.026035 0.654559 -0.235971
0.013203 0.603886 -0.128224
0.0104592 0.791358 -0.128224
-0.0661851 0.873116 -0.133121
0.0136609 0.598988 -0.128224
0.0100013 0.796255 -0.128224
0.0179412 0.816759 -0.226176
0.0141188 0.594091 -0.128224
0.0225205 0.767785 -0.172302
-0.14574 0.564323 -0.172302
0.0278605 0.605256 -0.128224
-0.110158 0.869004 -0.186995
0.015803 0.786917 -0.235971
0.0194626 0.58965 -0.235971
0.0145768 0.589193 -0.128224
-0.00572342 0.859008 -0.128224
0.0188571 0.806964 -0.216381
-0.118711 0.749639 -0.235971
-0.00480757 0.849213 -0.128224
-0.198102 0.860781 -0.167405
-0.159016 0.864436 -0.162507
-0.186352 0.629689 -0.1772
-0.00343379 0.834521 -0.128224
-0.188183 0.649278 -0.19679
-0.162532 0.691199 -0.235971
-0.00297586 0.829624 -0.128224
-0.192305 0.693355 -0.167405
-0.0987093 0.746569 -0.235971
-0.0434363 0.840661 -0.235971
-0.00206 0.819829 -0.128224
-0.0420663 0.667881 -0.235971
-0.0451166 0.805922 -0.235971
0.000229637 0.795342 -0.128224
-0.129701 0.867177 -0.231074
0.000687565 0.790444 -0.128224
0.00114549 0.785547 -0.128224
-0.131381 0.832438 -0.235971
-0.0776409 0.679375 -0.128224
0.00251928 0.770855 -0.128224
-0.143601 0.594164 -0.235971
0.00343513 0.76106 -0.128224
0.00389306 0.756162 -0.128224
0.00435099 0.751265 -0.128224
0.0116816 0.830994 -0.128224
-0.0622189 0.725279 -0.128224
-0.0666468 0.719925 -0.235971
0.00526684 0.74147 -0.128224
-0.155511 0.563409 -0.201688
-0.0655758 0.81389 -0.235971
0.0156516 0.841246 -0.167405
-0.191389 0.68356 -0.133121
-0.0428308 0.623347 -0.128224
0.00572477 0.736573 -0.128224
-0.1978 0.752124 -0.186995
-0.176576 0.78869 -0.235971
0.0061827 0.731675 -0.128224
-0.0675627 0.72972 -0.128224
0.0165675 0.831451 -0.128224
0.0209916 0.678717 -0.235971
0.0261839 0.728605 -0.128224
0.00709855 0.72188 -0.128224
-0.194136 0.712945 -0.231074
-0.180856 0.57092 -0.19679
0.00755648 0.716983 -0.128224
-0.144358 0.865806 -0.226176
-0.101767 0.568434 -0.206586
-0.150622 0.721954 -0.235971
-0.0222126 0.877227 -0.226176
-0.193678 0.708047 -0.201688
0.00801441 0.712086 -0.128224
0.010762 0.682701 -0.128224
-0.0971842 0.677548 -0.235971
-0.09947 0.860123 -0.235971
-0.0116803 0.764587 -0.128224
0.0112199 0.677804 -0.128224
0.00710235 0.879968 -0.128224
0.0266419 0.723708 -0.172302
-0.147265 0.633343 -0.235971
-0.116883 0.571961 -0.235971
-0.120542 0.769228 -0.235971
-0.0663441 0.611268 -0.235971
0.0116778 0.672906 -0.128224
0.00893406 0.860379 -0.128224
-0.135048 0.713529 -0.235971
0.0121358 0.668009 -0.128224
0.00847613 0.865276 -0.128224
-0.0825267 0.678918 -0.235971
0.0125937 0.663111 -0.128224
-0.15413 0.864892 -0.221278
-0.0675627 0.72972 -0.235971
0.0148833 0.638624 -0.128224
0.0153413 0.633727 -0.128224
0.0125975 0.821199 -0.128224
0.019315 0.802066 -0.226176
0.0162571 0.623932 -0.128224
0.0148871 0.796712 -0.128224
0.0188571 0.806964 -0.235971
0.016715 0.619035 -0.128224
0.017173 0.614137 -0.128224
0.0139713 0.806507 -0.128224
0.025726 0.733503 -0.128224
-0.204669 0.825585 -0.1772
-0.139628 0.762504 -0.235971
0.0301501 0.580769 -0.221278
-0.0950421 0.865477 -0.235971
-0.162229 0.582542 -0.235971
0.019773 0.797169 -0.211483
-0.181466 0.630145 -0.128224
0.0180888 0.604342 -0.128224
0.0194626 0.58965 -0.128224
0.015803 0.786917 -0.128224
0.0261839 0.728605 -0.138019
0.0199205 0.584753 -0.128224
-0.0394701 0.692825 -0.235971
-0.019624 0.585995 -0.235971
-0.00221138 0.874157 -0.128224
7.82601e-05 0.84967 -0.128224
0.000536188 0.844773 -0.128224
0.000994116 0.839875 -0.128224
0.00145204 0.834978 -0.128224
0.00328375 0.815388 -0.128224
0.00465754 0.800696 -0.128224
0.0274026 0.610153 -0.128224
-0.149861 0.608399 -0.235971
-0.153063 0.800769 -0.235971
0.00511547 0.795799 -0.128224
0.00648925 0.781106 -0.128224
0.0261839 0.728605 -0.19679
0.00740511 0.771311 -0.128224
0.0229784 0.762887 -0.157609
0.00786303 0.766414 -0.128224
0.038548 0.596375 -0.167405
-0.150315 0.771385 -0.235971
-0.170169 0.562038 -0.221278
-0.179941 0.561125 -0.226176
0.0127451 0.608783 -0.235971
-0.0493931 0.74624 -0.235971
-0.181772 0.580714 -0.167405
0.00923682 0.751722 -0.128224
-0.197035 0.796658 -0.128224
-0.181617 0.684474 -0.235971
0.00969474 0.746824 -0.128224
-0.0677178 0.625961 -0.235971
-0.0704616 0.813433 -0.235971
0.0106106 0.737029 -0.128224
-0.187267 0.639483 -0.147814
-0.0950421 0.865477 -0.128224
-0.147416 0.687672 -0.235971
-0.0139699 0.789074 -0.235971
0.0110685 0.732132 -0.128224
0.0330529 0.655144 -0.206586
-0.0919956 0.569348 -0.191893
-0.0469483 0.825512 -0.235971
0.0119844 0.722337 -0.128224
0.0376321 0.60617 -0.1772
0.0124423 0.71744 -0.128224
-0.0315301 0.713328 -0.128224
0.0129002 0.712542 -0.128224
-0.0200782 0.748981 -0.128224
0.0138161 0.702748 -0.128224
0.0399218 0.581683 -0.128224
0.0151899 0.688055 -0.128224
0.0124461 0.875528 -0.128224
-0.185436 0.619894 -0.128224
-0.190469 0.831853 -0.128224
-0.112451 0.735403 -0.235971
0.0156478 0.683158 -0.128224
-0.0516866 0.612639 -0.235971
-0.0544303 0.800111 -0.235971
0.00160342 0.780649 -0.128224
0.0161057 0.678261 -0.128224
0.0165637 0.673363 -0.128224
0.0151937 0.846143 -0.128224
-0.0631348 0.735074 -0.235971
-0.161919 0.790061 -0.128224
0.0174795 0.663568 -0.128224
0.0142778 0.855938 -0.128224
0.0188571 0.806964 -0.142916
0.0293894 0.694323 -0.142916
-0.0913825 0.66821 -0.235971
-0.205127 0.830483 -0.152712
0.0179374 0.658671 -0.128224
-0.132297 0.842233 -0.235971
-0.121311 0.566607 -0.226176
0.0183954 0.653773 -0.128224
-0.0748933 0.649991 -0.235971
-0.0785529 0.847258 -0.235971
-0.19154 0.737889 -0.235971
-0.158259 0.592793 -0.128224
-0.00358896 0.730762 -0.128224
0.0188533 0.648876 -0.128224
0.0161095 0.836348 -0.128224
0.0376321 0.60617 -0.186995
-0.0292405 0.688841 -0.235971
0.0193112 0.643979 -0.128224
0.0156516 0.841246 -0.128224
0.0348846 0.635554 -0.211483
-0.166195 0.730378 -0.235971
-0.0173268 0.877684 -0.211483
0.0202271 0.634184 -0.128224
-0.0895508 0.64862 -0.128224
0.020685 0.629286 -0.128224
-0.168787 0.863522 -0.186995
-0.190931 0.678663 -0.235971
0.0220588 0.614594 -0.128224
0.0298474 0.689426 -0.216381
-0.0266443 0.713785 -0.128224
0.0225167 0.609697 -0.128224
0.019773 0.797169 -0.128224
-0.105272 0.869461 -0.19679
-0.196426 0.737432 -0.221278
0.0234326 0.599902 -0.128224
0.0211467 0.782477 -0.128224
-0.202379 0.801098 -0.133121
0.0252643 0.580312 -0.128224
0.0220626 0.772682 -0.128224
0.00221652 0.879511 -0.128224
0.0289315 0.699221 -0.142916
0.00267445 0.874614 -0.128224
0.013362 0.865733 -0.182097
-0.107414 0.681532 -0.235971
-0.0284798 0.575287 -0.235971
-0.102986 0.686886 -0.235971
0.00359031 0.864819 -0.128224
-0.0202295 0.803309 -0.235971
-0.194746 0.77217 -0.235971
0.00450616 0.855024 -0.128224
0.00587994 0.840332 -0.128224
0.00633787 0.835435 -0.128224
0.00908544 0.80605 -0.128224
-0.103595 0.746112 -0.128224
-0.0380925 0.836221 -0.235971
-0.186809 0.634586 -0.157609
0.00954337 0.801153 -0.128224
0.0183992 0.811861 -0.226176
0.0109172 0.786461 -0.128224
0.0162609 0.78202 -0.235971
0.0190047 0.594548 -0.235971
-0.0283209 0.837134 -0.235971
0.0113751 0.781563 -0.128224
-0.0319843 0.876314 -0.142916
0.0127489 0.766871 -0.128224
-0.204211 0.820688 -0.138019
-0.0483221 0.840204 -0.235971
-0.0857284 0.871288 -0.167405
0.000229637 0.795342 -0.235971
0.0141226 0.752179 -0.128224
-0.100541 0.766158 -0.128224
-0.0982552 0.583583 -0.128224
-0.0637479 0.636212 -0.235971
-0.023594 0.575744 -0.152712
0.0154964 0.737486 -0.128224
-0.0316853 0.609569 -0.128224
0.0164123 0.727692 -0.128224
0.0119882 0.880425 -0.216381
-0.157037 0.63243 -0.128224
-0.159322 0.815005 -0.128224
-0.161464 0.627075 -0.235971
-0.113064 0.636541 -0.235971
0.0168702 0.722794 -0.128224
0.0173281 0.717897 -0.128224
0.0177861 0.712999 -0.128224
-0.0281695 0.782806 -0.128224
-0.0258836 0.600231 -0.128224
0.018244 0.708102 -0.128224
-0.173673 0.863065 -0.128224
-0.162225 0.74063 -0.235971
0.0205336 0.683615 -0.128224
0.0214495 0.67382 -0.128224
0.0223653 0.664025 -0.128224
0.024655 0.639538 -0.128224
0.0269446 0.615051 -0.128224
0.0283184 0.600359 -0.128224
0.0287763 0.595461 -0.128224
-0.0773381 0.570718 -0.142916
0.0187019 0.703204 -0.128224
0.0292343 0.590564 -0.128224
0.0296922 0.585666 -0.128224
-0.129701 0.867177 -0.167405
-0.0403822 0.860708 -0.128224
-0.0376384 0.673235 -0.128224
-0.0550434 0.701249 -0.235971
-0.207416 0.85497 -0.1772
0.0301501 0.580769 -0.128224
0.00756028 0.875071 -0.128224
-0.2065 0.845175 -0.211483
-0.148181 0.643138 -0.235971
-0.150925 0.830611 -0.235971
-0.0490904 0.637583 -0.235971
-0.0522921 0.829953 -0.235971
0.00939199 0.855481 -0.128224
-0.061761 0.720382 -0.128224
0.0121396 0.826097 -0.128224
0.0130554 0.816302 -0.128224
-0.168182 0.646208 -0.235971
-0.170926 0.833681 -0.235971
0.0135133 0.811404 -0.128224
-0.165283 0.562495 -0.147814
0.0153451 0.791815 -0.128224
0.0171768 0.772225 -0.128224
-0.106653 0.567977 -0.157609
-0.0266405 0.871873 -0.128224
-0.0234388 0.679503 -0.128224
0.0176347 0.767328 -0.128224
0.0180926 0.76243 -0.128224
0.0194664 0.747738 -0.128224
-0.161919 0.790061 -0.235971
-0.123903 0.699751 -0.235971
0.0203823 0.737943 -0.128224
-0.124361 0.704648 -0.235971
0.0312211 0.674734 -0.152712
-0.200089 0.776611 -0.172302
-0.174748 0.611013 -0.128224
0.0208402 0.733046 -0.128224
-0.203295 0.810893 -0.235971
-0.149244 0.865349 -0.235971
0.0212981 0.728148 -0.128224
-0.18528 0.723653 -0.235971
0.021756 0.723251 -0.128224
0.022214 0.718354 -0.128224
-0.0362646 0.658543 -0.235971
-0.0394663 0.850913 -0.235971
-0.143753 0.648492 -0.235971
-0.203753 0.81579 -0.162507
-0.022523 0.669708 -0.235971
0.0235878 0.703661 -0.128224
-0.0252667 0.857181 -0.235971
0.0240457 0.698764 -0.128224
-0.00755514 0.878598 -0.191893
-0.0431373 0.573916 -0.235971
-0.0461876 0.711958 -0.235971
0.0254195 0.684072 -0.128224
-0.0104579 0.804223 -0.128224
-0.135506 0.718427 -0.235971
0.0174833 0.821656 -0.142916
0.0263353 0.674277 -0.128224
-0.0634413 0.685643 -0.128224
0.0267932 0.669379 -0.128224
0.0272512 0.664482 -0.128224
0.028167 0.654687 -0.128224
-0.023594 0.575744 -0.216381
0.0290829 0.644892 -0.128224
-0.0857284 0.871288 -0.172302
0.0299987 0.635097 -0.128224
0.0313725 0.620405 -0.128224
0.0270998 0.71881 -0.191893
0.0156516 0.841246 -0.172302
-0.142686 0.584369 -0.128224
-0.05932 0.641566 -0.128224
-0.034887 0.801939 -0.235971
0.0327463 0.605713 -0.128224
-0.0429783 0.835764 -0.128224
-0.0397766 0.643394 -0.128224
-0.141005 0.619108 -0.235971
-0.143749 0.80658 -0.235971
-0.00801686 0.725407 -0.128224
-0.0335132 0.787246 -0.235971
0.0103078 0.845686 -0.235971
0.0130516 0.658214 -0.235971
0.0332042 0.600816 -0.128224
-0.0603872 0.70569 -0.128224
-0.0312274 0.604671 -0.235971
-0.0339712 0.792144 -0.235971
0.0350359 0.581226 -0.128224
-0.124815 0.867634 -0.1772
0.0200757 0.688512 -0.235971
0.0119882 0.880425 -0.128224
-0.173673 0.863065 -0.235971
0.012904 0.87063 -0.128224
0.013362 0.865733 -0.128224
0.0138199 0.860835 -0.128224
-0.188183 0.649278 -0.211483
0.0170254 0.826554 -0.128224
-0.167262 0.794501 -0.128224
-0.163603 0.597234 -0.128224
0.0174833 0.821656 -0.128224
-0.0480231 0.57346 -0.235971
-0.0521407 0.775624 -0.235971
-0.188331 0.861695 -0.206586
-0.0596265 0.592135 -0.128224
0.0179412 0.816759 -0.128224
-0.175971 0.571376 -0.235971
0.0124461 0.875528 -0.226176
-0.100999 0.771056 -0.235971
-0.201463 0.791303 -0.216381
-0.0496959 0.854896 -0.128224
-0.0469521 0.667424 -0.128224
-0.0681758 0.630858 -0.128224
-0.0533631 0.735988 -0.235971
-0.180697 0.832767 -0.128224
-0.177954 0.645294 -0.128224
-0.0330591 0.624261 -0.235971
0.0318305 0.615508 -0.235971
0.0225205 0.767785 -0.128224
-0.187267 0.639483 -0.182097
-0.202988 0.860324 -0.128224
-0.207416 0.85497 -0.235971
0.0229784 0.762887 -0.128224
0.0234364 0.75799 -0.128224
0.0147357 0.851041 -0.128224
-0.0817622 0.723452 -0.235971
0.0238943 0.753092 -0.128224
-0.00847479 0.730305 -0.235971
-0.146955 0.840862 -0.235971
0.0243522 0.748195 -0.128224
-0.181462 0.788233 -0.235971
-0.170169 0.562038 -0.182097
-0.192305 0.693355 -0.201688
0.0252681 0.7384 -0.128224
-0.0555014 0.706147 -0.128224
-0.126654 0.571047 -0.128224
-0.166653 0.735275 -0.235971
-0.100386 0.869918 -0.201688
0.0161095 0.836348 -0.216381
0.0270998 0.71881 -0.128224
0.0165675 0.831451 -0.216381
-0.158864 0.810107 -0.235971
0.0275577 0.713913 -0.128224
-0.191691 0.792217 -0.235971
-0.0216071 0.659913 -0.128224
-0.156268 0.835051 -0.235971
-0.0988645 0.642809 -0.235971
-0.101608 0.830282 -0.235971
-0.0179399 0.778822 -0.128224
-0.0151961 0.59135 -0.128224
0.0284736 0.704118 -0.128224
-0.16299 0.696096 -0.235971
0.0293894 0.694323 -0.128224
0.00221652 0.879511 -0.138019
0.0316791 0.669836 -0.128224
-0.143446 0.697923 -0.235971
-0.0898573 0.599189 -0.128224
0.032137 0.664939 -0.128224
-0.111539 0.56752 -0.172302
-0.149097 0.652933 -0.235971
0.0188571 0.806964 -0.206586
-0.143904 0.702821 -0.235971
-0.135968 0.565236 -0.226176
-0.2065 0.845175 -0.152712
-0.044969 0.593506 -0.235971
0.0325949 0.660041 -0.128224
-0.131998 0.575488 -0.235971
-0.0445111 0.588609 -0.235971
-0.098558 0.69224 -0.128224
0.0330529 0.655144 -0.128224
-0.0571779 0.829496 -0.235971
0.0335108 0.650247 -0.128224
0.0339687 0.645349 -0.128224
-0.047868 0.677219 -0.128224
0.0344266 0.640452 -0.128224
0.0289315 0.699221 -0.221278
-0.109859 0.602259 -0.128224
-0.153982 0.652476 -0.128224
-0.156726 0.839949 -0.128224
0.0367163 0.615965 -0.128224
0.0280157 0.709016 -0.206586
0.0371742 0.611067 -0.128224
0.0376321 0.60617 -0.128224
-0.0820688 0.674021 -0.235971
0.0307632 0.679631 -0.231074
0.0303053 0.684528 -0.19679
0.0390059 0.591478 -0.128224
0.0394638 0.58658 -0.128224
0.0067958 0.830537 -0.235971
-0.207874 0.859867 -0.235971
-0.206958 0.850072 -0.235971
-0.2065 0.845175 -0.235971
-0.119172 0.596448 -0.235971
-0.206042 0.840277 -0.235971
-0.205584 0.83538 -0.235971
-0.126499 0.674807 -0.235971
-0.129701 0.867177 -0.235971
-0.205127 0.830483 -0.235971
-0.146652 0.732205 -0.235971
-0.0600806 0.755121 -0.235971
-0.204211 0.820688 -0.235971
-0.202379 0.801098 -0.235971
0.00602752 0.627916 -0.235971
-0.086648 0.722995 -0.128224
-0.201921 0.796201 -0.235971
-0.201463 0.791303 -0.235971
-0.201005 0.786406 -0.235971
-0.200089 0.776611 -0.235971
-0.199631 0.771714 -0.235971
-0.0183978 0.783719 -0.235971
-0.198716 0.761919 -0.235971
-0.198258 0.757021 -0.235971
-0.0319843 0.876314 -0.201688
-0.1978 0.752124 -0.235971
0.0325949 0.660041 -0.142916
-0.195968 0.732534 -0.235971
0.0335108 0.650247 -0.138019
-0.195052 0.722739 -0.235971
-0.0799267 0.86195 -0.128224
-0.193678 0.708047 -0.235971
-0.19322 0.70315 -0.235971
0.0252681 0.7384 -0.19679
-0.170169 0.562038 -0.191893
0.00847234 0.707188 -0.128224
-0.192305 0.693355 -0.235971
-0.00542067 0.750351 -0.128224
-0.191389 0.68356 -0.235971
-0.190473 0.673765 -0.235971
-0.185432 0.777982 -0.235971
-0.195052 0.722739 -0.157609
-0.0930628 0.633471 -0.235971
-0.129095 0.649863 -0.235971
-0.134587 0.86672 -0.157609
-0.0515276 0.874486 -0.147814
-0.0333657 0.57483 -0.147814
-0.189557 0.66397 -0.235971
-0.183146 0.595407 -0.235971
-0.186348 0.787776 -0.235971
-0.00160587 0.656843 -0.235971
-0.00939064 0.7401 -0.128224
-0.198409 0.81135 -0.235971
0.00572097 0.578485 -0.1772
-0.189099 0.659073 -0.235971
-0.186806 0.792674 -0.235971
-0.103289 0.795543 -0.128224
-0.188641 0.654176 -0.235971
-0.18452 0.610099 -0.235971
-0.191385 0.841648 -0.235971
-0.187264 0.797571 -0.235971
-0.188183 0.649278 -0.235971
-0.119929 0.86809 -0.172302
-0.186352 0.629689 -0.235971
-0.189553 0.822058 -0.235971
-0.0638992 0.690541 -0.235971
-0.0255771 0.649662 -0.235971
-0.198258 0.757021 -0.191893
-0.185894 0.624791 -0.235971
-0.190011 0.826956 -0.235971
-0.1978 0.752124 -0.221278
-0.185436 0.619894 -0.235971
-0.190469 0.831853 -0.235971
-0.183604 0.600304 -0.235971
-0.192301 0.851443 -0.235971
-0.0361094 0.762302 -0.128224
0.00434719 0.593177 -0.128224
-0.182688 0.590509 -0.235971
-0.193217 0.861238 -0.235971
-0.0147344 0.74454 -0.128224
-0.137951 0.639154 -0.235971
-0.0431373 0.573916 -0.162507
-0.203295 0.810893 -0.157609
-0.151693 0.627989 -0.235971
-0.079624 0.753293 -0.235971
-0.181314 0.575817 -0.235971
0.0183992 0.811861 -0.221278
-0.192762 0.698252 -0.138019
-0.180856 0.57092 -0.235971
-0.188331 0.861695 -0.186995
-0.180398 0.566022 -0.235971
-0.170169 0.562038 -0.211483
-0.179941 0.561125 -0.235971
-0.14253 0.688129 -0.128224
-0.202988 0.860324 -0.235971
-0.0736709 0.689627 -0.235971
-0.20253 0.855427 -0.235971
-0.202072 0.850529 -0.235971
-0.201614 0.845632 -0.235971
-0.200699 0.835837 -0.235971
-0.00618515 0.705818 -0.235971
-0.169249 0.710331 -0.235971
-0.00328241 0.780193 -0.128224
-0.200241 0.830939 -0.235971
0.0335108 0.650247 -0.133121
-0.0990159 0.697138 -0.235971
-0.128024 0.743828 -0.128224
-0.199783 0.826042 -0.235971
-0.199325 0.821145 -0.235971
-0.139472 0.866263 -0.216381
-0.0687813 0.848172 -0.235971
-0.198867 0.816247 -0.235971
0.0394638 0.58658 -0.133121
-0.197951 0.806452 -0.235971
-0.197493 0.801555 -0.235971
-0.197035 0.796658 -0.235971
0.0188571 0.806964 -0.231074
-0.0112224 0.759689 -0.128224
-0.196577 0.79176 -0.235971
-0.196119 0.786863 -0.235971
-0.0941263 0.855682 -0.235971
-0.195661 0.781965 -0.235971
-0.19383 0.762376 -0.235971
0.0249615 0.688969 -0.235971
-0.193372 0.757478 -0.235971
-0.192914 0.752581 -0.235971
-0.190624 0.728094 -0.235971
-0.190166 0.723196 -0.235971
-0.185738 0.728551 -0.235971
0.038548 0.596375 -0.128224
-0.189708 0.718299 -0.235971
0.0124423 0.71744 -0.235971
-0.0852743 0.708303 -0.128224
-0.18925 0.713401 -0.235971
-0.186654 0.738345 -0.235971
0.0284736 0.704118 -0.147814
-0.188793 0.708504 -0.235971
-0.187112 0.743243 -0.235971
-0.0635927 0.739972 -0.128224
-0.188335 0.703607 -0.235971
-0.197342 0.747227 -0.1772
-0.187877 0.698709 -0.235971
-0.144358 0.865806 -0.147814
-0.19551 0.727637 -0.167405
-0.130011 0.659658 -0.128224
-0.187419 0.693812 -0.235971
-0.188486 0.757935 -0.235971
-0.195968 0.732534 -0.172302
-0.186961 0.688914 -0.235971
-0.188944 0.762832 -0.235971
-0.196426 0.737432 -0.186995
-0.186503 0.684017 -0.235971
-0.189402 0.76773 -0.235971
-0.0857284 0.871288 -0.142916
-0.104511 0.755907 -0.128224
-0.103141 0.583126 -0.128224
-0.128028 0.58574 -0.235971
0.00710235 0.879968 -0.191893
-0.186045 0.67912 -0.235971
-0.18986 0.772627 -0.235971
-0.185587 0.674222 -0.235971
-0.190318 0.777525 -0.235971
-0.0222126 0.877227 -0.1772
-0.185129 0.669325 -0.235971
-0.187873 0.856797 -0.235971
-0.138254 0.747811 -0.128224
-0.184671 0.664427 -0.235971
-0.187415 0.8519 -0.235971
-0.11932 0.808864 -0.235971
0.0336622 0.595918 -0.128224
-0.04741 0.672321 -0.235971
-0.0822239 0.570262 -0.167405
-0.183755 0.654632 -0.235971
-0.15413 0.864892 -0.226176
0.0165675 0.831451 -0.157609
-0.182839 0.644838 -0.235971
-0.182382 0.63994 -0.235971
-0.173677 0.704977 -0.128224
-0.181924 0.635043 -0.235971
-0.181466 0.630145 -0.235971
-0.181008 0.625248 -0.235971
-0.183752 0.81272 -0.235971
0.0252681 0.7384 -0.221278
-0.0585517 0.844188 -0.128224
-0.110774 0.612054 -0.235971
0.0238943 0.753092 -0.182097
-0.18055 0.620351 -0.235971
-0.184209 0.817618 -0.235971
0.0234364 0.75799 -0.186995
-0.0504604 0.810363 -0.128224
-0.180092 0.615453 -0.235971
-0.182378 0.798028 -0.235971
-0.172606 0.798942 -0.235971
-0.179634 0.610556 -0.235971
-0.182836 0.802926 -0.235971
0.0270998 0.71881 -0.226176
-0.191389 0.68356 -0.1772
-0.122378 0.63073 -0.128224
-0.179176 0.605658 -0.235971
-0.17826 0.595863 -0.235971
-0.0797753 0.807622 -0.128224
-0.176886 0.581171 -0.235971
-0.180546 0.778438 -0.235971
-0.0900049 0.811606 -0.235971
-0.19551 0.727637 -0.142916
-0.175055 0.561582 -0.235971
-0.179172 0.763746 -0.235971
-0.0759567 0.872202 -0.186995
0.0234364 0.75799 -0.226176
-0.00282828 0.617207 -0.128224
-0.197645 0.855883 -0.235971
-0.196729 0.846089 -0.235971
0.0390059 0.591478 -0.211483
-0.0828332 0.629487 -0.235971
-0.193523 0.811807 -0.235971
-0.181314 0.575817 -0.191893
-0.0896984 0.861037 -0.128224
-0.193065 0.806909 -0.235971
-0.192149 0.797114 -0.235971
-0.191234 0.78732 -0.235971
-0.0919956 0.569348 -0.167405
-0.190776 0.782422 -0.235971
-0.204211 0.820688 -0.221278
-0.0483221 0.840204 -0.128224
-0.188028 0.753038 -0.235971
0.0312211 0.674734 -0.172302
-0.18757 0.74814 -0.235971
-0.186196 0.733448 -0.235971
-0.115047 0.710459 -0.235971
-0.0687851 0.690084 -0.235971
-0.0391635 0.742256 -0.235971
-0.184823 0.718756 -0.235971
-0.117946 0.794172 -0.235971
-0.0507707 0.602844 -0.235971
-0.0759567 0.872202 -0.201688
0.0234364 0.75799 -0.211483
-0.184365 0.713858 -0.235971
-0.183449 0.704063 -0.235971
-0.124815 0.867634 -0.221278
-0.0906142 0.870831 -0.128224
-0.182533 0.694269 -0.235971
0.0248102 0.743297 -0.221278
0.0179412 0.816759 -0.191893
-0.180398 0.566022 -0.221278
-0.193678 0.708047 -0.133121
-0.163905 0.705891 -0.235971
-0.15413 0.864892 -0.235971
-0.0698561 0.596119 -0.235971
-0.0735157 0.793386 -0.235971
-0.182075 0.689371 -0.235971
0.013362 0.865733 -0.235971
-0.0306105 0.861621 -0.128224
-0.181159 0.679576 -0.235971
0.012904 0.87063 -0.133121
-0.0171792 0.665268 -0.128224
-0.180243 0.669782 -0.235971
0.0216047 0.777579 -0.133121
-0.179785 0.664884 -0.235971
-0.0751961 0.758648 -0.128224
-0.0729102 0.576073 -0.128224
-0.179327 0.659987 -0.235971
-0.140392 0.71797 -0.128224
-0.177496 0.640397 -0.235971
-0.180239 0.827869 -0.235971
-0.202988 0.860324 -0.133121
0.0301501 0.580769 -0.157609
-0.161771 0.577644 -0.128224
-0.176122 0.625705 -0.235971
-0.176727 0.843019 -0.235971
-0.175206 0.61591 -0.235971
-0.178408 0.80828 -0.235971
0.0376321 0.60617 -0.133121
-0.174748 0.611013 -0.235971
-0.168787 0.863522 -0.221278
0.0353425 0.630657 -0.138019
-0.190931 0.678663 -0.216381
-0.0356515 0.757405 -0.128224
-0.172916 0.591423 -0.235971
-0.170169 0.562038 -0.235971
-0.172913 0.749511 -0.235971
-0.0187082 0.576201 -0.226176
-0.192759 0.85634 -0.235971
-0.189095 0.817161 -0.235971
-0.184974 0.773084 -0.235971
-0.176118 0.783793 -0.235971
-0.0380925 0.836221 -0.128224
-0.0446625 0.642937 -0.235971
-0.0474062 0.830409 -0.235971
-0.177341 0.744157 -0.128224
-0.184516 0.768187 -0.235971
-0.176883 0.739259 -0.128224
-0.184058 0.763289 -0.235971
-0.182226 0.7437 -0.235971
-0.181311 0.733905 -0.235971
0.0147357 0.851041 -0.1772
-0.180395 0.72411 -0.235971
0.0142778 0.855938 -0.1772
0.0219074 0.668922 -0.235971
-0.179479 0.714315 -0.235971
-0.0863453 0.614338 -0.235971
-0.0886311 0.796913 -0.235971
-0.110158 0.869004 -0.157609
-0.202837 0.805996 -0.19679
-0.178105 0.699623 -0.235971
-0.180546 0.778438 -0.128224
-0.176886 0.581171 -0.128224
-0.177647 0.694726 -0.235971
-0.0895508 0.64862 -0.235971
-0.176273 0.680033 -0.235971
-0.126196 0.56615 -0.231074
-0.136271 0.673893 -0.128224
-0.175815 0.675136 -0.235971
-0.173526 0.650649 -0.235971
-0.116724 0.833808 -0.128224
-0.172152 0.635956 -0.235971
-0.175509 0.724567 -0.235971
-0.199631 0.771714 -0.133121
-0.124357 0.862736 -0.128224
-0.144669 0.658287 -0.235971
-0.116425 0.567064 -0.221278
-0.126196 0.56615 -0.1772
-0.170778 0.621264 -0.235971
-0.108788 0.696224 -0.235971
-0.18452 0.610099 -0.162507
-0.188641 0.654176 -0.162507
-0.020082 0.590893 -0.235971
0.0234364 0.75799 -0.216381
-0.17032 0.616367 -0.235971
-0.187725 0.644381 -0.186995
-0.169404 0.606572 -0.235971
-0.120391 0.7149 -0.128224
-0.16696 0.685844 -0.235971
-0.0773381 0.570718 -0.226176
-0.0962645 0.825841 -0.235971
-0.015953 0.862992 -0.235971
-0.0136672 0.680417 -0.235971
-0.168489 0.596777 -0.235971
-0.168031 0.59188 -0.235971
-0.199631 0.771714 -0.138019
-0.167115 0.582085 -0.235971
-0.0246612 0.639867 -0.235971
-0.131994 0.733576 -0.235971
-0.166199 0.57229 -0.235971
-0.169859 0.769557 -0.235971
-0.195968 0.732534 -0.191893
-0.173526 0.650649 -0.128224
-0.165283 0.562495 -0.235971
-0.168485 0.754865 -0.235971
0.0275577 0.713913 -0.182097
-0.186499 0.842105 -0.235971
-0.191389 0.68356 -0.138019
-0.186041 0.837207 -0.235971
-0.185125 0.827413 -0.235971
-0.184667 0.822515 -0.235971
-0.207874 0.859867 -0.226176
-0.183294 0.807823 -0.235971
-0.0652692 0.863321 -0.128224
-0.0674113 0.675392 -0.235971
-0.18192 0.793131 -0.235971
-0.149706 0.712159 -0.128224
-0.17963 0.768644 -0.235971
-0.102834 0.632557 -0.235971
-0.178256 0.753951 -0.235971
-0.181314 0.575817 -0.147814
-0.176883 0.739259 -0.235971
-0.175967 0.729464 -0.235971
-0.175051 0.719669 -0.235971
-0.185894 0.624791 -0.162507
-0.174135 0.709875 -0.235971
-0.0103065 0.749894 -0.235971
-0.173677 0.704977 -0.235971
-0.173219 0.70008 -0.235971
0.0301501 0.580769 -0.142916
-0.207416 0.85497 -0.191893
-0.0750447 0.704319 -0.235971
-0.172761 0.695182 -0.235971
-0.170472 0.670695 -0.235971
-0.0753474 0.812976 -0.235971
-0.170014 0.665798 -0.235971
-0.169556 0.6609 -0.235971
-0.171842 0.843475 -0.235971
-0.169098 0.656003 -0.235971
-0.0724523 0.571175 -0.1772
-0.16864 0.651106 -0.235971
-0.172757 0.85327 -0.235971
-0.167266 0.636413 -0.235971
-0.17001 0.823886 -0.235971
-0.16635 0.626619 -0.235971
0.0289315 0.699221 -0.231074
-0.165892 0.621721 -0.235971
0.0376321 0.60617 -0.191893
-0.164976 0.611926 -0.235971
0.0380901 0.601272 -0.191893
-0.164519 0.607029 -0.235971
-0.170169 0.562038 -0.162507
-0.179941 0.561125 -0.186995
-0.164061 0.602131 -0.235971
-0.166804 0.789604 -0.235971
0.0118292 0.618578 -0.128224
-0.163145 0.592337 -0.235971
-0.0787119 0.585411 -0.235971
-0.160855 0.567849 -0.235971
-0.163599 0.755322 -0.235971
-0.115043 0.868547 -0.186995
0.0238943 0.753092 -0.19679
-0.160397 0.562952 -0.235971
-0.164057 0.760219 -0.235971
-0.125428 0.768771 -0.235971
0.0138199 0.860835 -0.226176
-0.183445 0.862151 -0.235971
-0.00679445 0.765043 -0.235971
-0.00405068 0.577571 -0.235971
-0.114128 0.858752 -0.128224
-0.072755 0.679832 -0.235971
-0.182529 0.852357 -0.235971
-0.121462 0.620935 -0.128224
-0.0669534 0.670494 -0.235971
-0.070613 0.867761 -0.235971
-0.140695 0.826627 -0.235971
-0.0203809 0.857638 -0.235971
-0.179782 0.822972 -0.235971
-0.023594 0.575744 -0.162507
-0.190927 0.836751 -0.235971
-0.179324 0.818075 -0.235971
-0.200089 0.776611 -0.186995
-0.178866 0.813177 -0.235971
-0.124357 0.862736 -0.235971
-0.177034 0.793588 -0.235971
-0.175202 0.773998 -0.235971
-0.173828 0.759306 -0.235971
-0.173371 0.754408 -0.235971
-0.171081 0.729921 -0.235971
-0.121311 0.566607 -0.142916
0.0183954 0.653773 -0.235971
-0.11703 0.784377 -0.235971
-0.0774895 0.625047 -0.128224
-0.169707 0.715229 -0.235971
-0.168791 0.705434 -0.235971
-0.0455745 0.81082 -0.235971
-0.106343 0.775496 -0.235971
-0.168333 0.700537 -0.235971
-0.124815 0.867634 -0.201688
-0.0906142 0.870831 -0.157609
0.0124461 0.875528 -0.152712
-0.0741288 0.694524 -0.235971
-0.167875 0.695639 -0.235971
-0.166502 0.680947 -0.235971
-0.0364122 0.870959 -0.235971
-0.166044 0.67605 -0.235971
-0.190473 0.673765 -0.182097
-0.122684 0.581299 -0.128224
-0.165586 0.671152 -0.235971
-0.134587 0.86672 -0.206586
-0.0333657 0.57483 -0.19679
-0.183146 0.595407 -0.186995
-0.189557 0.66397 -0.186995
-0.16467 0.661357 -0.235971
-0.167414 0.84883 -0.235971
0.0261839 0.728605 -0.226176
-0.16238 0.63687 -0.235971
-0.127566 0.73893 -0.128224
-0.161922 0.631973 -0.235971
-0.0116841 0.606499 -0.128224
-0.0144278 0.793971 -0.128224
-0.142069 0.841319 -0.235971
-0.0661889 0.715028 -0.235971
0.0341201 0.591021 -0.128224
-0.0739774 0.640196 -0.235971
-0.161007 0.622178 -0.235971
-0.16375 0.80965 -0.235971
-0.160091 0.612383 -0.235971
-0.180701 0.674679 -0.235971
-0.182987 0.857254 -0.235971
-0.159633 0.607486 -0.235971
-0.162834 0.799855 -0.235971
-0.0649665 0.754664 -0.235971
-0.114589 0.705562 -0.235971
-0.0263416 0.605128 -0.235971
0.0350359 0.581226 -0.231074
-0.158717 0.597691 -0.235971
-0.161461 0.785163 -0.235971
0.0156516 0.841246 -0.216381
-0.158259 0.592793 -0.235971
-0.149097 0.652933 -0.128224
-0.157801 0.587896 -0.235971
-0.157343 0.582999 -0.235971
-0.160087 0.770471 -0.235971
-0.150626 0.563866 -0.231074
-0.0255733 0.80775 -0.235971
-0.135355 0.664098 -0.235971
-0.138099 0.851571 -0.235971
-0.00755514 0.878598 -0.142916
-0.110158 0.869004 -0.235971
-0.155969 0.568306 -0.235971
-0.159171 0.760676 -0.235971
-0.0758092 0.659786 -0.235971
-0.155511 0.563409 -0.235971
-0.159629 0.765574 -0.235971
0.00221652 0.879511 -0.186995
0.0316791 0.669836 -0.172302
0.0202309 0.792272 -0.142916
-0.0964197 0.722082 -0.235971
-0.178559 0.862608 -0.235971
-0.17627 0.838121 -0.235971
0.0390059 0.591478 -0.167405
-0.149857 0.766487 -0.235971
-0.12192 0.625833 -0.235971
-0.175812 0.833224 -0.235971
-0.0715326 0.719468 -0.128224
-0.173522 0.808737 -0.235971
-0.170316 0.774455 -0.235971
-0.196426 0.737432 -0.201688
-0.168027 0.749968 -0.235971
-0.15413 0.864892 -0.162507
-0.167569 0.74507 -0.235971
-0.0480231 0.57346 -0.186995
-0.0561107 0.765372 -0.235971
-0.184978 0.614996 -0.133121
-0.167111 0.740173 -0.235971
-0.165737 0.725481 -0.235971
-0.163902 0.863979 -0.1772
-0.165279 0.720583 -0.235971
0.0183992 0.811861 -0.19679
-0.180856 0.57092 -0.211483
-0.163448 0.700993 -0.235971
-0.0997804 0.652604 -0.235971
-0.102982 0.844974 -0.235971
-0.0955001 0.870375 -0.128224
-0.0208426 0.704447 -0.235971
-0.119929 0.86809 -0.142916
-0.1236 0.591094 -0.128224
-0.161616 0.681404 -0.235971
0.0266419 0.723708 -0.182097
-0.206958 0.850072 -0.221278
-0.100848 0.716727 -0.235971
-0.0469521 0.667424 -0.235971
-0.0496959 0.854896 -0.235971
-0.161158 0.676506 -0.235971
-0.163902 0.863979 -0.235971
0.0399218 0.581683 -0.226176
0.00633787 0.835435 -0.235971
-0.0464942 0.662527 -0.235971
-0.1607 0.671609 -0.235971
-0.0515276 0.874486 -0.162507
0.0358004 0.625759 -0.1772
-0.160242 0.666712 -0.235971
-0.159784 0.661814 -0.235971
-0.187725 0.644381 -0.133121
-0.0712299 0.610811 -0.235971
-0.205584 0.83538 -0.201688
-0.158868 0.652019 -0.235971
-0.161612 0.839492 -0.235971
-0.15841 0.647122 -0.235971
-0.16207 0.844389 -0.235971
-0.191389 0.68356 -0.231074
-0.152302 0.687215 -0.128224
-0.137796 0.742914 -0.235971
-0.183755 0.654632 -0.128224
-0.157952 0.642224 -0.235971
-0.160696 0.829697 -0.235971
-0.206958 0.850072 -0.162507
-0.157494 0.637327 -0.235971
-0.0906142 0.870831 -0.182097
-0.18223 0.585612 -0.19679
-0.130927 0.669453 -0.128224
-0.133671 0.856925 -0.128224
-0.157037 0.63243 -0.235971
-0.159322 0.815005 -0.235971
-0.155205 0.61284 -0.235971
-0.062832 0.626417 -0.235971
-0.154747 0.607943 -0.235971
-0.0417559 0.8754 -0.191893
-0.153831 0.598148 -0.235971
-0.156575 0.78562 -0.235971
-0.152915 0.588353 -0.235971
-0.189095 0.817161 -0.128224
-0.037487 0.618907 -0.235971
-0.141917 0.786991 -0.128224
-0.152457 0.583455 -0.235971
-0.155659 0.775825 -0.235971
-0.151999 0.578558 -0.235971
-0.15413 0.864892 -0.142916
-0.151541 0.573661 -0.235971
-0.150626 0.563866 -0.235971
-0.153369 0.751338 -0.235971
-0.0661851 0.873116 -0.1772
-0.1723 0.848373 -0.235971
-0.170468 0.828783 -0.235971
0.0284736 0.704118 -0.231074
-0.168636 0.809193 -0.235971
-0.129247 0.704191 -0.128224
-0.168178 0.804296 -0.235971
0.0307632 0.679631 -0.128224
-0.16772 0.799399 -0.235971
0.0335108 0.650247 -0.231074
-0.195052 0.722739 -0.142916
-0.0962645 0.825841 -0.128224
-0.165431 0.774912 -0.235971
-0.164973 0.770014 -0.235971
-0.0906142 0.870831 -0.191893
-0.124815 0.867634 -0.133121
-0.18223 0.585612 -0.162507
-0.11795 0.636084 -0.128224
-0.164515 0.765117 -0.235971
0.0229784 0.762887 -0.167405
-0.163141 0.750424 -0.235971
-0.0955001 0.870375 -0.201688
-0.145585 0.668082 -0.235971
-0.0173268 0.877684 -0.216381
-0.14574 0.564323 -0.191893
-0.158255 0.750881 -0.128224
-0.162683 0.745527 -0.235971
-0.0437466 0.633142 -0.235971
-0.160851 0.725937 -0.235971
-0.160393 0.72104 -0.235971
-0.159935 0.716143 -0.235971
-0.15902 0.706348 -0.235971
-0.0229771 0.832694 -0.235971
-0.158104 0.696553 -0.235971
-0.157646 0.691655 -0.235971
-0.0759567 0.872202 -0.226176
0.0234364 0.75799 -0.235971
-0.157188 0.686758 -0.235971
0.0367163 0.615965 -0.211483
-0.0805436 0.605 -0.235971
-0.0842032 0.802268 -0.235971
-0.15673 0.681861 -0.235971
-0.159016 0.864436 -0.235971
-0.0832912 0.634385 -0.235971
-0.0860349 0.821857 -0.235971
-0.156272 0.676963 -0.235971
-0.111535 0.725608 -0.235971
-0.155814 0.672066 -0.235971
-0.155356 0.667168 -0.235971
-0.154898 0.662271 -0.235971
-0.0464904 0.820615 -0.128224
-0.121 0.774126 -0.128224
-0.153982 0.652476 -0.235971
-0.156726 0.839949 -0.235971
-0.196884 0.742329 -0.182097
0.0280157 0.709016 -0.128224
-0.153524 0.647579 -0.235971
0.0138199 0.860835 -0.157609
-0.000383464 0.69648 -0.128224
-0.153067 0.642681 -0.235971
-0.152151 0.632886 -0.235971
-0.155352 0.825256 -0.235971
-0.0661851 0.873116 -0.206586
-0.151235 0.623092 -0.235971
0.024655 0.639538 -0.235971
-0.0292367 0.846929 -0.235971
-0.10115 0.825384 -0.235971
-0.150777 0.618194 -0.235971
-0.150319 0.613297 -0.235971
-0.149403 0.603502 -0.235971
-0.153521 0.805667 -0.235971
-0.148487 0.593707 -0.235971
-0.200089 0.776611 -0.216381
-0.0484773 0.736445 -0.128224
-0.148029 0.58881 -0.235971
-0.150773 0.776282 -0.235971
-0.0951973 0.761718 -0.128224
0.0380901 0.601272 -0.128224
-0.17261 0.640854 -0.235971
-0.112602 0.789732 -0.128224
-0.108485 0.587567 -0.128224
-0.146656 0.574117 -0.235971
-0.0384029 0.628702 -0.235971
-0.0420625 0.825969 -0.235971
-0.146198 0.56922 -0.235971
-0.148483 0.751795 -0.235971
-0.0875639 0.73279 -0.235971
-0.012441 0.878141 -0.142916
-0.0696971 0.857967 -0.235971
-0.0495445 0.800568 -0.128224
-0.0468007 0.613096 -0.128224
-0.16833 0.858625 -0.235971
0.025726 0.733503 -0.221278
-0.0822239 0.570262 -0.152712
-0.166956 0.843932 -0.235971
-0.16604 0.834137 -0.235971
-0.183752 0.81272 -0.128224
-0.181008 0.625248 -0.128224
-0.164666 0.819445 -0.235971
-0.163292 0.804753 -0.235971
-0.143904 0.702821 -0.128224
-0.157949 0.800312 -0.128224
-0.162376 0.794958 -0.235971
-0.0374832 0.776995 -0.235971
0.0161095 0.836348 -0.19679
-0.161003 0.780266 -0.235971
-0.157797 0.745984 -0.235971
-0.157339 0.741086 -0.235971
-0.156881 0.736189 -0.235971
-0.155966 0.726394 -0.235971
-0.161767 0.735732 -0.128224
-0.155508 0.721497 -0.235971
-0.154747 0.607943 -0.128224
0.0216047 0.777579 -0.128224
-0.159175 0.602588 -0.235971
-0.15505 0.716599 -0.235971
-0.154592 0.711702 -0.235971
-0.0955001 0.870375 -0.167405
-0.15276 0.692112 -0.235971
-0.151844 0.682317 -0.235971
-0.151386 0.67742 -0.235971
0.0284736 0.704118 -0.142916
-0.101612 0.672194 -0.235971
-0.100386 0.869918 -0.186995
0.0161095 0.836348 -0.152712
-0.150928 0.672523 -0.235971
-0.15047 0.667625 -0.235971
-0.172458 0.586525 -0.235971
-0.17566 0.778895 -0.235971
-0.150012 0.662728 -0.235971
0.00450616 0.855024 -0.235971
-0.148639 0.648036 -0.235971
-0.0703102 0.759104 -0.235971
-0.122071 0.680161 -0.128224
-0.147723 0.638241 -0.235971
-0.151382 0.835508 -0.235971
-0.0577948 0.572546 -0.142916
-0.0257247 0.862078 -0.235971
-0.145891 0.618651 -0.235971
-0.148177 0.801226 -0.235971
-0.0529052 0.731091 -0.235971
-0.144059 0.599061 -0.235971
-0.147719 0.796329 -0.235971
0.0165675 0.831451 -0.235971
-0.142686 0.584369 -0.235971
-0.106653 0.567977 -0.182097
-0.14177 0.574574 -0.235971
-0.144971 0.766944 -0.235971
-0.140854 0.564779 -0.235971
-0.143598 0.752252 -0.235971
-0.163444 0.859081 -0.235971
-0.12161 0.833352 -0.235971
-0.158407 0.80521 -0.235971
-0.157949 0.800312 -0.235971
-0.156117 0.780723 -0.235971
-0.154285 0.761133 -0.235971
-0.0661851 0.873116 -0.19679
0.0203785 0.579855 -0.216381
-0.153827 0.756236 -0.235971
-0.113522 0.641439 -0.235971
-0.0924535 0.574245 -0.128224
-0.151996 0.736646 -0.235971
-0.151538 0.731748 -0.235971
0.0335108 0.650247 -0.211483
-0.15108 0.726851 -0.235971
-0.0103103 0.591806 -0.128224
-0.0130541 0.779279 -0.128224
-0.150164 0.717056 -0.235971
-0.19322 0.70315 -0.142916
-0.0222126 0.877227 -0.128224
-0.0193175 0.635426 -0.128224
-0.14879 0.702364 -0.235971
0.0179412 0.816759 -0.221278
-0.148332 0.697467 -0.235971
-0.147874 0.692569 -0.235971
-0.159016 0.864436 -0.206586
-0.142072 0.683231 -0.235971
-0.1465 0.677877 -0.235971
-0.146042 0.672979 -0.235971
-0.0695457 0.803638 -0.235971
-0.139018 0.703278 -0.235971
0.0367163 0.615965 -0.182097
-0.144211 0.65339 -0.235971
-0.146497 0.835965 -0.235971
-0.198258 0.757021 -0.147814
-0.143295 0.643595 -0.235971
-0.146039 0.831067 -0.235971
-0.0857284 0.871288 -0.182097
-0.142837 0.638698 -0.235971
0.0206888 0.787374 -0.138019
-0.126196 0.56615 -0.206586
-0.142379 0.6338 -0.235971
-0.141463 0.624005 -0.235971
0.0371742 0.611067 -0.19679
-0.196884 0.742329 -0.19679
-0.102528 0.681988 -0.235971
-0.140547 0.61421 -0.235971
-0.144207 0.811478 -0.235971
0.0220626 0.772682 -0.138019
0.0252643 0.580312 -0.138019
-0.202379 0.801098 -0.147814
-0.140089 0.609313 -0.235971
-0.14085 0.722867 -0.235971
0.0150347 0.584296 -0.128224
-0.135809 0.827084 -0.235971
-0.139174 0.599518 -0.235971
-0.141766 0.732662 -0.235971
-0.178559 0.862608 -0.191893
0.0316791 0.669836 -0.186995
-0.011071 0.705361 -0.128224
-0.0968776 0.726979 -0.128224
-0.139472 0.866263 -0.235971
-0.0612992 0.873572 -0.235971
-0.138716 0.594621 -0.235971
-0.142224 0.73756 -0.235971
-0.204211 0.820688 -0.1772
-0.136426 0.570134 -0.235971
-0.0180951 0.675063 -0.235971
-0.199783 0.826042 -0.128224
-0.168489 0.596777 -0.128224
-0.135968 0.565236 -0.235971
-0.0235902 0.733832 -0.128224
-0.158558 0.859538 -0.235971
-0.149551 0.815918 -0.235971
-0.1581 0.854641 -0.235971
0.019773 0.797169 -0.182097
-0.15581 0.830154 -0.235971
-0.153979 0.810564 -0.235971
-0.109552 0.65169 -0.235971
-0.0158054 0.650576 -0.235971
-0.199173 0.766816 -0.235971
-0.151689 0.786077 -0.235971
-0.148941 0.756692 -0.235971
-0.0187082 0.576201 -0.128224
-0.148026 0.746898 -0.235971
-0.0649703 0.596576 -0.128224
-0.14711 0.737103 -0.235971
-0.146194 0.727308 -0.235971
-0.0922946 0.836093 -0.235971
-0.145736 0.722411 -0.235971
-0.145278 0.717513 -0.235971
-0.12986 0.605329 -0.235971
-0.133519 0.802597 -0.235971
-0.14482 0.712616 -0.235971
-0.144362 0.707718 -0.235971
-0.195052 0.722739 -0.186995
-0.0365712 0.609112 -0.235971
-0.142988 0.693026 -0.235971
0.0150347 0.584296 -0.235971
-0.0884836 0.584497 -0.235971
-0.105272 0.869461 -0.216381
-0.141615 0.678334 -0.235971
-0.144358 0.865806 -0.235971
-0.139783 0.658744 -0.235971
-0.134587 0.86672 -0.162507
-0.0515276 0.874486 -0.142916
-0.0333657 0.57483 -0.142916
-0.139325 0.653847 -0.235971
-0.138867 0.648949 -0.235971
-0.138409 0.644052 -0.235971
-0.0367187 0.821528 -0.128224
-0.033975 0.634056 -0.128224
-0.0918366 0.831195 -0.128224
-0.137493 0.634257 -0.235971
-0.137035 0.62936 -0.235971
-0.0535145 0.790316 -0.235971
-0.0849715 0.599646 -0.235971
-0.134288 0.599975 -0.235971
-0.0922984 0.678005 -0.128224
-0.13383 0.595078 -0.235971
-0.0532117 0.68166 -0.235971
-0.168787 0.863522 -0.216381
-0.0506117 0.864691 -0.128224
-0.0527538 0.676762 -0.235971
-0.205127 0.830483 -0.211483
-0.132456 0.580385 -0.235971
-0.134742 0.76296 -0.235971
-0.00634032 0.602058 -0.128224
-0.13154 0.570591 -0.235971
-0.000841392 0.701377 -0.235971
-0.0241995 0.793057 -0.235971
-0.115202 0.6067 -0.128224
-0.0205399 0.59579 -0.235971
0.00710235 0.879968 -0.147814
-0.131082 0.565693 -0.235971
-0.0220612 0.822899 -0.128224
-0.101457 0.775953 -0.128224
-0.0987131 0.588481 -0.128224
-0.153214 0.855098 -0.235971
-0.152298 0.845303 -0.235971
-0.0750409 0.862407 -0.128224
-0.0713813 0.66514 -0.128224
-0.150467 0.825713 -0.235971
-0.143291 0.801683 -0.128224
-0.148635 0.806123 -0.235971
-0.146345 0.781636 -0.235971
-0.145429 0.771842 -0.235971
-0.0551986 0.59749 -0.128224
-0.144056 0.757149 -0.235971
-0.201921 0.796201 -0.147814
-0.140392 0.71797 -0.235971
-0.133065 0.639611 -0.235971
-0.135351 0.822186 -0.235971
-0.139934 0.713072 -0.235971
0.0344266 0.640452 -0.162507
-0.169552 0.818988 -0.128224
-0.166808 0.631516 -0.128224
-0.138103 0.693483 -0.235971
-0.141153 0.831524 -0.235971
-0.137187 0.683688 -0.235971
-0.0223716 0.61538 -0.235971
-0.152911 0.746441 -0.235971
-0.134897 0.659201 -0.235971
-0.138557 0.856468 -0.235971
-0.113522 0.641439 -0.128224
-0.134439 0.654303 -0.235971
-0.0405373 0.756948 -0.235971
-0.133981 0.649406 -0.235971
-0.136725 0.836878 -0.235971
-0.133523 0.644509 -0.235971
0.0270998 0.71881 -0.157609
-0.191389 0.68356 -0.19679
-0.132607 0.634714 -0.235971
-0.132149 0.629816 -0.235971
-0.136267 0.831981 -0.235971
-0.131692 0.624919 -0.235971
-0.134435 0.812391 -0.235971
0.019315 0.802066 -0.182097
-0.131234 0.620022 -0.235971
-0.130776 0.615124 -0.235971
0.0144292 0.80161 -0.235971
-0.130318 0.610227 -0.235971
-0.133062 0.797699 -0.235971
-0.129402 0.600432 -0.235971
-0.128944 0.595535 -0.235971
-0.132146 0.787904 -0.235971
-0.198258 0.757021 -0.162507
-0.12757 0.580842 -0.235971
-0.130314 0.768315 -0.235971
-0.148786 0.860452 -0.235971
-0.148328 0.855554 -0.235971
-0.147412 0.84576 -0.235971
0.00710235 0.879968 -0.138019
-0.145581 0.82617 -0.235971
-0.0744316 0.803181 -0.235971
0.0380901 0.601272 -0.19679
-0.145123 0.821273 -0.235971
0.0376321 0.60617 -0.19679
-0.144665 0.816375 -0.235971
-0.191389 0.68356 -0.167405
0.0270998 0.71881 -0.235971
-0.0432887 0.628245 -0.235971
-0.0138223 0.576657 -0.216381
-0.0609965 0.764916 -0.235971
-0.142833 0.796785 -0.235971
-0.142375 0.791888 -0.235971
-0.116266 0.828911 -0.235971
0.0240457 0.698764 -0.235971
-0.0826781 0.733247 -0.235971
-0.141917 0.786991 -0.235971
-0.140544 0.772298 -0.235971
0.0133582 0.707645 -0.235971
-0.131839 0.837335 -0.235971
-0.138712 0.752709 -0.235971
-0.15413 0.864892 -0.128224
-0.138254 0.747811 -0.235971
-0.0298498 0.748067 -0.235971
-0.13688 0.733119 -0.235971
-0.136422 0.728222 -0.235971
-0.135964 0.723324 -0.235971
-0.13459 0.708632 -0.235971
-0.00266931 0.879055 -0.142916
0.0151937 0.846143 -0.162507
-0.150626 0.563866 -0.167405
-0.161313 0.572747 -0.235971
-0.108178 0.636998 -0.235971
-0.0579462 0.626874 -0.128224
-0.00755893 0.72051 -0.128224
-0.183297 0.649735 -0.235971
-0.134133 0.703735 -0.235971
0.0358004 0.625759 -0.211483
-0.132301 0.684145 -0.235971
-0.00862996 0.626545 -0.235971
-0.0267957 0.768114 -0.235971
-0.131843 0.679247 -0.235971
-0.192762 0.698252 -0.206586
-0.0762671 0.664683 -0.128224
-0.0548921 0.646921 -0.235971
0.0350359 0.581226 -0.226176
-0.0539724 0.795214 -0.235971
-0.130469 0.664555 -0.235971
-0.133213 0.852028 -0.235971
-0.012441 0.878141 -0.133121
-0.0446587 0.801025 -0.235971
-0.130011 0.659658 -0.235971
0.0325949 0.660041 -0.201688
-0.129553 0.65476 -0.235971
-0.0264929 0.659457 -0.235971
-0.165741 0.567393 -0.128224
-0.128637 0.644965 -0.235971
-0.128179 0.640068 -0.235971
-0.163902 0.863979 -0.216381
-0.201463 0.791303 -0.128224
-0.127264 0.630273 -0.235971
-0.126348 0.620478 -0.235971
-0.12589 0.615581 -0.235971
-0.125432 0.610684 -0.235971
-0.00405068 0.577571 -0.191893
-0.124974 0.605786 -0.235971
-0.124516 0.600889 -0.235971
-0.12726 0.788361 -0.235971
-0.0941263 0.855682 -0.128224
-0.124058 0.595991 -0.235971
-0.127718 0.793259 -0.235971
0.00831716 0.603429 -0.128224
0.00557339 0.790901 -0.128224
-0.123142 0.586196 -0.235971
-0.122684 0.581299 -0.235971
0.025726 0.733503 -0.182097
-0.024964 0.748524 -0.128224
-0.143442 0.856011 -0.235971
-0.183445 0.862151 -0.128224
-0.142985 0.851114 -0.235971
-0.142527 0.846216 -0.235971
-0.102982 0.844974 -0.128224
-0.0997804 0.652604 -0.128224
-0.140237 0.821729 -0.235971
-0.138863 0.807037 -0.235971
-0.137489 0.792345 -0.235971
-0.052909 0.573003 -0.133121
-0.137031 0.787447 -0.235971
-0.136116 0.777653 -0.235971
-0.0825229 0.837006 -0.128224
-0.11169 0.621849 -0.235971
-0.114434 0.809321 -0.235971
0.0138199 0.860835 -0.216381
-0.1352 0.767858 -0.235971
-0.110922 0.82447 -0.235971
-0.185894 0.624791 -0.191893
-0.1978 0.752124 -0.138019
-0.145127 0.663185 -0.235971
-0.14787 0.850657 -0.235971
-0.191082 0.732991 -0.128224
-0.133826 0.753166 -0.235971
-0.133368 0.748268 -0.235971
-0.132452 0.738473 -0.235971
-0.131536 0.728678 -0.235971
0.0380901 0.601272 -0.1772
-0.0848163 0.703406 -0.235971
-0.129247 0.704191 -0.235971
-0.185894 0.624791 -0.231074
-0.198258 0.757021 -0.221278
-0.128789 0.699294 -0.235971
0.0220626 0.772682 -0.231074
0.0252643 0.580312 -0.231074
-0.127873 0.689499 -0.235971
-0.052909 0.573003 -0.206586
-0.127415 0.684602 -0.235971
-0.128785 0.857382 -0.235971
-0.0808426 0.871745 -0.211483
-0.00266931 0.879055 -0.206586
-0.0480231 0.57346 -0.152712
-0.126957 0.679704 -0.235971
-0.129243 0.862279 -0.235971
-0.126041 0.669909 -0.235971
-0.0733681 0.58097 -0.235971
-0.0770278 0.778237 -0.235971
-0.124667 0.655217 -0.235971
-0.127411 0.84269 -0.235971
-0.12421 0.65032 -0.235971
-0.127869 0.847587 -0.235971
-0.196426 0.737432 -0.147814
-0.112909 0.740301 -0.235971
-0.152453 0.741543 -0.128224
0.0185505 0.757533 -0.128224
-0.123752 0.645422 -0.235971
-0.0661851 0.873116 -0.211483
-0.123294 0.640525 -0.235971
-0.126495 0.832895 -0.235971
0.0275577 0.713913 -0.226176
-0.122836 0.635628 -0.235971
0.0394638 0.58658 -0.172302
-0.0275602 0.72358 -0.128224
-0.121462 0.620935 -0.235971
-0.0773381 0.570718 -0.167405
-0.121004 0.616038 -0.235971
-0.120546 0.61114 -0.235971
-0.122832 0.793715 -0.235971
-0.116572 0.77948 -0.235971
-0.189099 0.659073 -0.128224
-0.186806 0.792674 -0.128224
-0.0327526 0.673692 -0.235971
-0.127722 0.635171 -0.235971
-0.118714 0.591551 -0.235971
-0.0345805 0.85137 -0.128224
-0.118256 0.586653 -0.235971
-0.0857284 0.871288 -0.19679
-0.117799 0.581756 -0.235971
-0.0565724 0.612182 -0.235971
-0.0179399 0.778822 -0.235971
-0.0151961 0.59135 -0.235971
-0.137641 0.846673 -0.235971
-0.185436 0.619894 -0.162507
-0.132604 0.792802 -0.235971
-0.0252705 0.699093 -0.235971
0.0136647 0.757076 -0.235971
-0.131688 0.783007 -0.235971
-0.012441 0.878141 -0.221278
0.00710235 0.879968 -0.157609
-0.131082 0.565693 -0.221278
-0.173374 0.59632 -0.128224
-0.129856 0.763417 -0.235971
-0.129398 0.75852 -0.235971
-0.134587 0.86672 -0.201688
-0.0333657 0.57483 -0.1772
-0.183146 0.595407 -0.167405
-0.189557 0.66397 -0.167405
-0.12894 0.753622 -0.235971
-0.128024 0.743828 -0.235971
-0.206958 0.850072 -0.182097
-0.127566 0.73893 -0.235971
-0.126651 0.729135 -0.235971
-0.126193 0.724238 -0.235971
-0.0796278 0.595205 -0.235971
-0.191082 0.732991 -0.235971
-0.0278667 0.674149 -0.235971
-0.0315263 0.871416 -0.235971
-0.0955001 0.870375 -0.231074
-0.125277 0.714443 -0.235971
-0.121155 0.670366 -0.235971
-0.123899 0.857839 -0.235971
-0.12024 0.660571 -0.235971
-0.122525 0.843146 -0.235971
0.0330529 0.655144 -0.211483
-0.075654 0.763545 -0.128224
-0.119782 0.655674 -0.235971
-0.193678 0.708047 -0.231074
-0.119324 0.650777 -0.235971
-0.180856 0.57092 -0.186995
-0.118866 0.645879 -0.235971
-0.193981 0.816704 -0.235971
-0.118408 0.640982 -0.235971
-0.0906142 0.870831 -0.19679
-0.18223 0.585612 -0.157609
-0.000538638 0.59272 -0.235971
-0.117492 0.631187 -0.235971
-0.120236 0.818659 -0.235971
-0.0440494 0.741799 -0.128224
-0.116118 0.616495 -0.235971
-0.118097 0.848501 -0.235971
-0.0435914 0.736902 -0.128224
-0.11566 0.611597 -0.235971
-0.118555 0.853398 -0.235971
-0.0374832 0.776995 -0.128224
-0.115202 0.6067 -0.235971
-0.0246574 0.797955 -0.128224
-0.114744 0.601802 -0.235971
-0.112913 0.582213 -0.235971
-0.107111 0.572875 -0.128224
-0.111539 0.56752 -0.235971
-0.114283 0.754993 -0.235971
-0.134587 0.86672 -0.235971
-0.18223 0.585612 -0.206586
0.0119882 0.880425 -0.235971
-0.134129 0.861822 -0.235971
-0.130923 0.82754 -0.235971
-0.200547 0.781508 -0.235971
-0.130007 0.817746 -0.235971
-0.177038 0.6355 -0.235971
-0.129549 0.812848 -0.235971
-0.128634 0.803053 -0.235971
-0.128176 0.798156 -0.235971
-0.0729102 0.576073 -0.235971
-0.0751961 0.758648 -0.235971
-0.126802 0.783464 -0.235971
0.0344266 0.640452 -0.142916
-0.126344 0.778566 -0.235971
-0.0472587 0.617993 -0.235971
-0.125886 0.773669 -0.235971
-0.124054 0.754079 -0.235971
-0.0564134 0.874029 -0.157609
-0.206958 0.850072 -0.152712
-0.184213 0.65953 -0.128224
-0.00450481 0.740556 -0.128224
-0.0481707 0.785876 -0.235971
-0.1581 0.854641 -0.128224
-0.123138 0.744284 -0.235971
-0.0556565 0.602387 -0.128224
-0.0887863 0.693154 -0.235971
-0.0231323 0.728934 -0.235971
-0.0724485 0.729263 -0.235971
-0.121307 0.724695 -0.235971
-0.12589 0.615581 -0.128224
-0.120849 0.719797 -0.235971
-0.0730616 0.630401 -0.235971
-0.174286 0.764203 -0.128224
-0.171543 0.576731 -0.128224
-0.120391 0.7149 -0.235971
-0.0767212 0.827668 -0.235971
-0.119933 0.710002 -0.235971
-0.121769 0.571504 -0.235971
-0.12497 0.763874 -0.235971
-0.102524 0.840076 -0.235971
-0.119017 0.700208 -0.235971
0.0229784 0.762887 -0.235971
-0.118559 0.69531 -0.235971
-0.118101 0.690413 -0.235971
-0.112758 0.685972 -0.128224
-0.130621 0.718884 -0.235971
-0.117643 0.685515 -0.235971
-0.117185 0.680618 -0.235971
0.0301501 0.580769 -0.191893
-0.207416 0.85497 -0.142916
-0.116728 0.675721 -0.235971
-0.11627 0.670823 -0.235971
-0.136574 0.78255 -0.235971
-0.115812 0.665926 -0.235971
-0.00129932 0.706274 -0.235971
-0.115354 0.661028 -0.235971
-0.0272536 0.773011 -0.128224
-0.0245099 0.585539 -0.128224
-0.11398 0.646336 -0.235971
-0.112606 0.631644 -0.235971
-0.192762 0.698252 -0.152712
-0.119324 0.650777 -0.128224
-0.112148 0.626746 -0.235971
-0.111232 0.616952 -0.235971
-0.114892 0.814219 -0.235971
-0.110317 0.607157 -0.235971
-0.11306 0.794629 -0.235971
-0.135968 0.565236 -0.19679
-0.0704654 0.655345 -0.235971
-0.0732092 0.842817 -0.235971
-0.0409953 0.761846 -0.235971
0.0135133 0.811404 -0.235971
-0.108943 0.592464 -0.235971
-0.112144 0.784834 -0.235971
0.0237391 0.649333 -0.128224
-0.108485 0.587567 -0.235971
-0.112602 0.789732 -0.235971
-0.0564134 0.874029 -0.1772
0.0266419 0.723708 -0.138019
-0.206958 0.850072 -0.133121
-0.19154 0.737889 -0.128224
-0.074125 0.852612 -0.235971
-0.187877 0.698709 -0.128224
-0.108027 0.58267 -0.235971
-0.110771 0.770142 -0.235971
-0.177802 0.590966 -0.128224
-0.112455 0.577315 -0.128224
-0.115656 0.769685 -0.128224
-0.106653 0.567977 -0.235971
-0.109397 0.75545 -0.235971
-0.0724523 0.571175 -0.186995
-0.128327 0.852484 -0.235971
-0.126037 0.827997 -0.235971
-0.195661 0.781965 -0.128224
-0.125122 0.818202 -0.235971
-0.0710709 0.872659 -0.191893
-0.124664 0.813305 -0.235971
0.0298474 0.689426 -0.231074
-0.124206 0.808408 -0.235971
-0.105889 0.612511 -0.235971
-0.0835977 0.584954 -0.235971
-0.12329 0.798613 -0.235971
0.00602752 0.627916 -0.128224
-0.122374 0.788818 -0.235971
-0.127873 0.689499 -0.128224
-0.121916 0.783921 -0.235971
-0.121458 0.779023 -0.235971
-0.121 0.774126 -0.235971
0.0293894 0.694323 -0.186995
-0.163292 0.804753 -0.128224
-0.118253 0.744741 -0.235971
-0.0180913 0.833151 -0.235971
-0.0153475 0.645678 -0.235971
-0.0272574 0.614923 -0.128224
-0.117795 0.739844 -0.235971
-0.117337 0.734946 -0.235971
-0.115963 0.720254 -0.235971
-0.133523 0.644509 -0.128224
-0.115505 0.715357 -0.235971
-0.0904628 0.816503 -0.128224
-0.114131 0.700664 -0.235971
-0.119013 0.858296 -0.235971
-0.0637441 0.7943 -0.128224
-0.0610003 0.606828 -0.128224
-0.0654282 0.601473 -0.235971
-0.11963 0.601346 -0.235971
-0.113673 0.695767 -0.235971
-0.112758 0.685972 -0.235971
-0.00328241 0.780193 -0.235971
-0.0845098 0.752837 -0.128224
-0.117034 0.626289 -0.235971
-0.120694 0.823557 -0.235971
-0.1123 0.681075 -0.235971
0.0229784 0.762887 -0.152712
-0.111842 0.676177 -0.235971
-0.114585 0.86365 -0.235971
0.0238943 0.753092 -0.147814
-0.00405068 0.577571 -0.152712
-0.111384 0.67128 -0.235971
-0.115043 0.868547 -0.235971
-0.14574 0.564323 -0.211483
0.00877889 0.756619 -0.128224
-0.110468 0.661485 -0.235971
-0.11367 0.853855 -0.235971
-0.0808426 0.871745 -0.147814
-0.108636 0.641895 -0.235971
-0.0681758 0.630858 -0.235971
-0.107262 0.627203 -0.235971
-0.110006 0.814676 -0.235971
-0.104515 0.597819 -0.235971
0.0380901 0.601272 -0.133121
0.00969474 0.746824 -0.235971
-0.195204 0.777068 -0.128224
-0.17429 0.606115 -0.235971
-0.104057 0.592921 -0.235971
-0.105272 0.869461 -0.157609
-0.101767 0.568434 -0.235971
-0.105885 0.770599 -0.235971
0.0124461 0.875528 -0.191893
-0.124815 0.867634 -0.235971
-0.0332067 0.836677 -0.128224
-0.123441 0.852941 -0.235971
0.00587994 0.840332 -0.235971
-0.128331 0.694396 -0.235971
-0.0460363 0.657629 -0.235971
0.0183992 0.811861 -0.162507
0.0248102 0.743297 -0.147814
-0.180398 0.566022 -0.19679
0.0141188 0.594091 -0.235971
-0.122067 0.838249 -0.235971
-0.0301526 0.856724 -0.128224
-0.0269509 0.664354 -0.128224
-0.117488 0.789275 -0.235971
-0.106653 0.567977 -0.138019
-0.116114 0.774583 -0.235971
-0.039928 0.697722 -0.128224
-0.115199 0.764788 -0.235971
-0.110313 0.765245 -0.128224
-0.114741 0.75989 -0.235971
-0.115043 0.868547 -0.216381
0.0238943 0.753092 -0.231074
-0.160397 0.562952 -0.191893
-0.0356553 0.599317 -0.235971
0.0251129 0.634641 -0.128224
-0.10909 0.804881 -0.235971
-0.113825 0.750095 -0.235971
-0.196426 0.737432 -0.138019
-0.113367 0.745198 -0.235971
-0.0994738 0.702035 -0.128224
-0.110619 0.715814 -0.235971
-0.110161 0.710916 -0.235971
-0.0417559 0.8754 -0.201688
-0.154134 0.706805 -0.235971
-0.109703 0.706019 -0.235971
-0.070155 0.862864 -0.235971
-0.11963 0.601346 -0.128224
-0.109245 0.701121 -0.235971
-0.106956 0.676634 -0.235971
-0.0466418 0.874943 -0.231074
-0.106498 0.671737 -0.235971
0.020685 0.629286 -0.235971
-0.10604 0.666839 -0.235971
-0.191847 0.688458 -0.226176
-0.176425 0.734362 -0.235971
-0.105582 0.661942 -0.235971
-0.0871098 0.569805 -0.216381
-0.104666 0.652147 -0.235971
-0.10741 0.83962 -0.235971
-0.198258 0.757021 -0.133121
-0.104208 0.64725 -0.235971
-0.106952 0.834722 -0.235971
-0.195968 0.732534 -0.152712
-0.10375 0.642352 -0.235971
-0.0548921 0.646921 -0.128224
-0.0799267 0.86195 -0.235971
0.032137 0.664939 -0.235971
-0.101919 0.622763 -0.235971
-0.104662 0.810235 -0.235971
-0.186196 0.733448 -0.128224
-0.130776 0.615124 -0.128224
-0.101003 0.612968 -0.235971
-0.103747 0.80044 -0.235971
-0.188331 0.861695 -0.172302
-0.0222126 0.877227 -0.235971
-0.0193175 0.635426 -0.235971
0.0394638 0.58658 -0.142916
-0.175967 0.729464 -0.128224
-0.100545 0.60807 -0.235971
-0.104204 0.805338 -0.235971
-0.100087 0.603173 -0.235971
-0.187725 0.644381 -0.147814
-0.0982552 0.583583 -0.235971
-0.100541 0.766158 -0.235971
-0.0973394 0.573788 -0.235971
-0.0968814 0.568891 -0.235971
-0.119471 0.863193 -0.235971
-0.153218 0.69701 -0.128224
-0.11764 0.843603 -0.235971
-0.117182 0.838706 -0.235971
-0.0710709 0.872659 -0.147814
-0.153676 0.701907 -0.235971
-0.116724 0.833808 -0.235971
-0.135968 0.565236 -0.138019
-0.113976 0.804424 -0.235971
-0.113518 0.799527 -0.235971
-0.152302 0.687215 -0.235971
-0.110313 0.765245 -0.235971
-0.181004 0.783336 -0.128224
-0.177189 0.689828 -0.235971
-0.165582 0.82924 -0.235971
-0.109855 0.760347 -0.235971
0.0203785 0.579855 -0.128224
-0.0457297 0.70706 -0.128224
-0.108939 0.750552 -0.235971
-0.108481 0.745655 -0.235971
-0.177189 0.689828 -0.128224
-0.0751999 0.60056 -0.235971
-0.0779436 0.788032 -0.235971
-0.108023 0.740758 -0.235971
0.010304 0.687598 -0.128224
0.00801821 0.870173 -0.128224
-0.107107 0.730963 -0.235971
0.0325949 0.660041 -0.211483
-0.175055 0.561582 -0.147814
-0.141157 0.673436 -0.235971
-0.1439 0.860909 -0.235971
-0.105733 0.71627 -0.235971
0.032137 0.664939 -0.211483
-0.105276 0.711373 -0.235971
-0.193372 0.757478 -0.128224
-0.104818 0.706476 -0.235971
-0.103902 0.696681 -0.235971
0.0211467 0.782477 -0.186995
-0.0416084 0.662984 -0.128224
-0.121458 0.779023 -0.128224
-0.10207 0.677091 -0.235971
-0.182075 0.689371 -0.128224
-0.101154 0.667296 -0.235971
-0.103898 0.854769 -0.235971
-0.100696 0.662399 -0.235971
-0.0993224 0.647707 -0.235971
-0.0979487 0.633014 -0.235971
-0.0974907 0.628117 -0.235971
-0.100235 0.815589 -0.235971
-0.0970328 0.623219 -0.235971
-0.100692 0.820487 -0.235971
-0.0965749 0.618322 -0.235971
-0.0988607 0.800897 -0.235971
-0.095659 0.608527 -0.235971
-0.0997766 0.810692 -0.235971
-0.0952011 0.60363 -0.235971
-0.0947432 0.598732 -0.235971
-0.0938273 0.588938 -0.235971
-0.0965711 0.77641 -0.235971
-0.131082 0.565693 -0.1772
0.0190085 0.752635 -0.128224
-0.0924535 0.574245 -0.235971
-0.0919956 0.569348 -0.235971
-0.0939787 0.643266 -0.235971
-0.0967225 0.830738 -0.235971
-0.072755 0.679832 -0.128224
-0.114128 0.858752 -0.235971
-0.111838 0.834265 -0.235971
-0.11138 0.829368 -0.235971
-0.11764 0.843603 -0.128224
-0.110464 0.819573 -0.235971
0.0249615 0.688969 -0.128224
-0.108174 0.795086 -0.235971
-0.0571817 0.671408 -0.235971
-0.102221 0.73142 -0.235971
0.0350359 0.581226 -0.147814
-0.101763 0.726522 -0.235971
-0.0994738 0.702035 -0.235971
-0.0981 0.687343 -0.235971
0.0270998 0.71881 -0.162507
-0.191389 0.68356 -0.191893
-0.0967263 0.672651 -0.235971
-0.0962683 0.667753 -0.235971
-0.100386 0.869918 -0.235971
-0.00755514 0.878598 -0.19679
-0.0431373 0.573916 -0.231074
-0.0958104 0.662856 -0.235971
-0.102377 0.62766 -0.235971
-0.0948945 0.653061 -0.235971
0.00710235 0.879968 -0.221278
-0.0944366 0.648163 -0.235971
-0.0971804 0.835636 -0.235971
-0.12757 0.580842 -0.128224
-0.130314 0.768315 -0.128224
-0.0857284 0.871288 -0.235971
-0.0926049 0.628574 -0.235971
-0.0958066 0.820944 -0.235971
-0.092147 0.623676 -0.235971
-0.0912311 0.613881 -0.235971
-0.0903153 0.604087 -0.235971
-0.105272 0.869461 -0.147814
-0.0852705 0.866391 -0.235971
-0.0959618 0.717184 -0.128224
-0.113367 0.745198 -0.128224
-0.0893994 0.594292 -0.235971
0.0145768 0.589193 -0.235971
-0.0889415 0.589394 -0.235971
-0.0921432 0.781764 -0.235971
0.00511547 0.795799 -0.235971
-0.149861 0.608399 -0.128224
-0.153063 0.800769 -0.128224
-0.107259 0.785291 -0.235971
-0.0880256 0.5796 -0.235971
-0.0907694 0.767072 -0.235971
-0.0585555 0.6861 -0.128224
-0.0871098 0.569805 -0.235971
0.0174833 0.821656 -0.235971
0.0258774 0.679174 -0.235971
-0.109242 0.859209 -0.235971
-0.190015 0.668868 -0.138019
-0.0635965 0.581884 -0.128224
-0.0487838 0.687014 -0.235971
-0.108784 0.854312 -0.235971
-0.107868 0.844517 -0.235971
-0.0460325 0.815717 -0.128224
-0.157642 0.849743 -0.235971
-0.106494 0.829825 -0.235971
-0.202988 0.860324 -0.182097
-0.187267 0.639483 -0.152712
-0.105578 0.82003 -0.235971
-0.102373 0.785748 -0.235971
-0.100083 0.761261 -0.235971
-0.0524472 0.726193 -0.235971
-0.0382515 0.574373 -0.157609
-0.0996252 0.756363 -0.235971
0.0238943 0.753092 -0.157609
-0.00405068 0.577571 -0.138019
-0.0991673 0.751466 -0.235971
-0.0284798 0.575287 -0.231074
-0.0982514 0.741671 -0.235971
-0.165283 0.562495 -0.211483
-0.195968 0.732534 -0.167405
-0.132755 0.84713 -0.128224
-0.0973356 0.731876 -0.235971
-0.105272 0.869461 -0.186995
0.0211467 0.782477 -0.142916
-0.0968776 0.726979 -0.235971
0.0206888 0.787374 -0.142916
-0.126196 0.56615 -0.235971
-0.0959618 0.717184 -0.235971
-0.165283 0.562495 -0.19679
-0.175055 0.561582 -0.152712
-0.0950459 0.707389 -0.235971
-0.094588 0.702492 -0.235971
-0.0941301 0.697594 -0.235971
-0.0936721 0.692697 -0.235971
-0.0400832 0.593963 -0.128224
-0.132914 0.585283 -0.235971
-0.0932142 0.6878 -0.235971
-0.0922984 0.678005 -0.235971
-0.0243509 0.847386 -0.235971
-0.0206913 0.650119 -0.235971
-0.0266443 0.713785 -0.235971
-0.146349 0.623548 -0.128224
-0.0918404 0.673107 -0.235971
-0.0904666 0.658415 -0.235971
0.0199243 0.742841 -0.128224
-0.0858874 0.609441 -0.235971
-0.052909 0.573003 -0.128224
-0.0167213 0.66037 -0.235971
-0.0854294 0.604544 -0.235971
-0.0877153 0.787118 -0.235971
-0.139472 0.866263 -0.152712
-0.0345805 0.85137 -0.235971
-0.105272 0.869461 -0.235971
-0.0263416 0.605128 -0.128224
-0.104356 0.859666 -0.235971
-0.052909 0.573003 -0.201688
-0.0419111 0.77164 -0.128224
-0.10344 0.849871 -0.235971
-0.165892 0.621721 -0.128224
-0.0979449 0.791102 -0.235971
-0.0938235 0.747025 -0.235971
-0.0933656 0.742128 -0.235971
-0.098558 0.69224 -0.235971
-0.0929077 0.737231 -0.235971
-0.0924497 0.732333 -0.235971
0.0238943 0.753092 -0.162507
-0.00405068 0.577571 -0.142916
-0.0915339 0.722538 -0.235971
-0.0759567 0.872202 -0.133121
0.0234364 0.75799 -0.147814
0.0106068 0.578942 -0.138019
-0.0722933 0.833023 -0.128224
-0.0910759 0.717641 -0.235971
0.0229784 0.762887 -0.142916
-0.090618 0.712744 -0.235971
0.0225205 0.767785 -0.152712
-0.0901601 0.707846 -0.235971
-0.207874 0.859867 -0.191893
-0.0897022 0.702949 -0.235971
-0.0968814 0.568891 -0.221278
-0.0400794 0.752051 -0.128224
-0.0878705 0.683359 -0.235971
-0.0874125 0.678462 -0.235971
-0.0417559 0.8754 -0.1772
-0.0237416 0.78816 -0.235971
-0.0209978 0.600688 -0.235971
-0.194136 0.712945 -0.191893
-0.0864967 0.668667 -0.235971
-0.000534841 0.750808 -0.128224
-0.0855808 0.658872 -0.235971
-0.0851229 0.653975 -0.235971
-0.0892404 0.856139 -0.235971
-0.084207 0.64418 -0.235971
-0.0878667 0.841447 -0.235971
-0.0819174 0.619693 -0.235971
-0.0814595 0.614795 -0.235971
0.0206888 0.787374 -0.226176
-0.0800857 0.600103 -0.235971
-0.0814557 0.772883 -0.235971
-0.0422177 0.722209 -0.128224
-0.0791698 0.590308 -0.235971
-0.0823715 0.782678 -0.235971
-0.078254 0.580513 -0.235971
-0.0999279 0.86502 -0.235971
-0.0270984 0.87677 -0.235971
-0.0990121 0.855226 -0.235971
-0.155511 0.563409 -0.152712
-0.0985542 0.850328 -0.235971
-0.0980962 0.845431 -0.235971
-0.0976383 0.840533 -0.235971
-0.110158 0.869004 -0.172302
0.0113751 0.781563 -0.235971
-0.0283209 0.837134 -0.128224
-0.195355 0.831396 -0.235971
-0.0953487 0.816046 -0.235971
-0.198716 0.761919 -0.172302
-0.093059 0.791559 -0.235971
-0.181462 0.788233 -0.128224
-0.0916853 0.776867 -0.235971
-0.0903115 0.762175 -0.235971
-0.0893956 0.75238 -0.235971
-0.0889377 0.747482 -0.235971
-0.087106 0.727893 -0.235971
-0.086648 0.722995 -0.235971
-0.185894 0.624791 -0.216381
-0.198258 0.757021 -0.211483
-0.0852743 0.708303 -0.235971
0.00282203 0.662198 -0.128224
-0.000837596 0.859465 -0.128224
-0.0839005 0.693611 -0.235971
0.0173281 0.717897 -0.235971
0.0231298 0.708559 -0.128224
-0.022065 0.664811 -0.235971
-0.0834426 0.688713 -0.235971
-0.0816108 0.669124 -0.235971
0.0130554 0.816302 -0.235971
0.0298474 0.689426 -0.128224
-0.0811529 0.664226 -0.235971
-0.0838967 0.851699 -0.235971
-0.080695 0.659329 -0.235971
-0.0843546 0.856596 -0.235971
0.0179374 0.658671 -0.235971
-0.0802371 0.654431 -0.235971
-0.0788633 0.639739 -0.235971
-0.082065 0.832109 -0.235971
-0.103444 0.691783 -0.235971
-0.0779474 0.629944 -0.235971
0.0154926 0.579398 -0.206586
-0.0774895 0.625047 -0.235971
0.0275577 0.713913 -0.142916
0.0165675 0.831451 -0.133121
-0.0761157 0.610355 -0.235971
-0.0793174 0.802724 -0.235971
-0.0738261 0.585868 -0.235971
-0.0765698 0.77334 -0.235971
-0.0612992 0.873572 -0.226176
-0.0724523 0.571175 -0.235971
-0.0252667 0.857181 -0.128224
-0.0955001 0.870375 -0.235971
-0.119929 0.86809 -0.211483
-0.00251793 0.824726 -0.235971
-0.000232087 0.642151 -0.235971
-0.0945842 0.86058 -0.235971
-0.0936683 0.850785 -0.235971
-0.0932104 0.845887 -0.235971
-0.0904628 0.816503 -0.235971
-0.0881732 0.792016 -0.235971
-0.0872573 0.782221 -0.235971
0.013362 0.865733 -0.162507
-0.0867994 0.777324 -0.235971
-0.19322 0.70315 -0.216381
-0.0854256 0.762631 -0.235971
-0.17627 0.838121 -0.128224
-0.0840519 0.747939 -0.235971
-0.083136 0.738144 -0.235971
-0.0808464 0.713657 -0.235971
-0.0480231 0.57346 -0.221278
-0.0390084 0.846015 -0.128224
-0.0367225 0.66344 -0.128224
-0.0785567 0.68917 -0.235971
-0.0780988 0.684273 -0.235971
-0.0776409 0.679375 -0.235971
-0.0822239 0.570262 -0.1772
-0.076725 0.66958 -0.235971
-0.114434 0.809321 -0.128224
-0.11169 0.621849 -0.128224
-0.0744354 0.645093 -0.235971
0.0142778 0.855938 -0.162507
-0.205584 0.83538 -0.19679
-0.0726037 0.625504 -0.235971
-0.0748895 0.808079 -0.235971
-0.0716878 0.615709 -0.235971
-0.070772 0.605914 -0.235971
-0.052909 0.573003 -0.211483
-0.070314 0.601017 -0.235971
-0.0730578 0.788489 -0.235971
-0.0411504 0.658086 -0.235971
-0.0438942 0.845559 -0.235971
-0.00266931 0.879055 -0.162507
-0.0693982 0.591222 -0.235971
0.013362 0.865733 -0.186995
-0.0689402 0.586324 -0.235971
-0.0721419 0.778694 -0.235971
-0.0680244 0.57653 -0.235971
-0.0712261 0.768899 -0.235971
-0.0675665 0.571632 -0.235971
0.0358004 0.625759 -0.231074
-0.0887825 0.851242 -0.235971
-0.085577 0.81696 -0.235971
-0.0846612 0.807165 -0.235971
0.0202309 0.792272 -0.211483
0.0132068 0.761973 -0.235971
-0.0809977 0.767986 -0.235971
-0.175055 0.561582 -0.231074
-0.19551 0.727637 -0.147814
-0.0805398 0.763088 -0.235971
-0.176428 0.576274 -0.235971
-0.079166 0.748396 -0.235971
-0.187267 0.639483 -0.231074
-0.207416 0.85497 -0.186995
-0.0787081 0.743499 -0.235971
-0.186809 0.634586 -0.231074
-0.0782502 0.738601 -0.235971
-0.0768764 0.723909 -0.235971
0.0234364 0.75799 -0.138019
-0.0759605 0.714114 -0.235971
-0.0755026 0.709217 -0.235971
-0.0722971 0.674935 -0.235971
-0.0718392 0.670037 -0.235971
-0.0745829 0.85751 -0.235971
-0.0822239 0.570262 -0.231074
-0.0713813 0.66514 -0.235971
-0.0750409 0.862407 -0.235971
-0.0709233 0.660242 -0.235971
-0.0736671 0.847715 -0.235971
-0.0822239 0.570262 -0.19679
-0.0700075 0.650448 -0.235971
-0.0695495 0.64555 -0.235971
-0.0690916 0.640653 -0.235971
-0.0672599 0.621063 -0.235971
-0.0709195 0.81833 -0.235971
-0.066802 0.616166 -0.235971
-0.116425 0.567064 -0.19679
-0.126196 0.56615 -0.152712
-0.0658861 0.606371 -0.235971
-0.0187082 0.576201 -0.152712
-0.0649703 0.596576 -0.235971
0.0344266 0.640452 -0.1772
-0.0631386 0.576986 -0.235971
-0.0626806 0.572089 -0.235971
0.0325949 0.660041 -0.231074
-0.0848125 0.861493 -0.235971
-0.0675665 0.571632 -0.147814
0.0191598 0.698307 -0.128224
-0.0370291 0.614009 -0.235971
-0.0834388 0.846801 -0.235971
-0.0829808 0.841904 -0.235971
-0.171236 0.626162 -0.235971
-0.174896 0.823429 -0.235971
-0.0516828 0.770727 -0.235971
-0.161154 0.834594 -0.235971
-0.0825229 0.837006 -0.235971
0.0390059 0.591478 -0.147814
-0.0417597 0.717312 -0.235971
-0.0293919 0.74317 -0.235971
-0.0806912 0.817417 -0.235971
-0.178563 0.70452 -0.235971
-0.0802333 0.812519 -0.235971
-0.107565 0.73586 -0.235971
-0.0774857 0.783135 -0.235971
-0.182071 0.847459 -0.235971
-0.0761119 0.768443 -0.235971
-0.200547 0.781508 -0.147814
-0.0362608 0.816631 -0.235971
-0.0919956 0.569348 -0.221278
-0.075654 0.763545 -0.235971
-0.0159568 0.704904 -0.235971
-0.0742802 0.748853 -0.235971
-0.0729064 0.734161 -0.235971
-0.0715326 0.719468 -0.235971
-0.0710747 0.714571 -0.235971
-0.0701588 0.704776 -0.235971
-0.0454232 0.756491 -0.235971
0.0376321 0.60617 -0.231074
0.0312211 0.674734 -0.186995
-0.0697009 0.699879 -0.235971
-0.0683271 0.685186 -0.235971
-0.0692392 0.853069 -0.235971
-0.131082 0.565693 -0.133121
-0.0678692 0.680289 -0.235971
-0.119782 0.655674 -0.128224
-0.0655796 0.655802 -0.235971
-0.14574 0.564323 -0.235971
-0.0646637 0.646007 -0.235971
-0.0674075 0.833479 -0.235971
-0.0632899 0.631315 -0.235971
-0.0664916 0.823685 -0.235971
-0.116425 0.567064 -0.138019
-0.184978 0.614996 -0.201688
-0.0623741 0.62152 -0.235971
-0.0646599 0.804095 -0.235971
-0.012441 0.878141 -0.191893
0.0211467 0.782477 -0.182097
-0.0958066 0.820944 -0.128224
-0.0926049 0.628574 -0.128224
-0.0619162 0.616623 -0.235971
-0.0651178 0.808992 -0.235971
0.0202309 0.792272 -0.182097
-0.118256 0.586653 -0.128224
-0.0614582 0.611725 -0.235971
-0.116883 0.571961 -0.128224
-0.120542 0.769228 -0.128224
-0.0605424 0.60193 -0.235971
-0.064202 0.799198 -0.235971
-0.100848 0.716727 -0.128224
-0.0600844 0.597033 -0.235971
-0.190473 0.673765 -0.172302
-0.0587107 0.582341 -0.235971
-0.183604 0.600304 -0.1772
-0.0582527 0.577443 -0.235971
-0.0614544 0.769813 -0.235971
-0.0577948 0.572546 -0.235971
-0.0803846 0.866848 -0.235971
-0.0382515 0.574373 -0.138019
-0.0790109 0.852155 -0.235971
-0.0776371 0.837463 -0.235971
0.0159544 0.732589 -0.235971
-0.0257285 0.70399 -0.235971
-0.0771791 0.832566 -0.235971
-0.0762633 0.822771 -0.235971
-0.024964 0.748524 -0.235971
-0.0115289 0.710258 -0.128224
-0.188183 0.649278 -0.128224
-0.146958 0.682774 -0.235971
-0.0739736 0.798284 -0.235971
0.0151937 0.846143 -0.186995
-0.0112224 0.759689 -0.235971
-0.0725999 0.783592 -0.235971
-0.2065 0.845175 -0.191893
-0.0693944 0.74931 -0.235971
-0.0428308 0.623347 -0.235971
-0.100386 0.869918 -0.216381
0.0161095 0.836348 -0.226176
-0.0680206 0.734617 -0.235971
-0.174593 0.714772 -0.128224
-0.0648151 0.700336 -0.235971
-0.0643572 0.695438 -0.235971
-0.0431373 0.573916 -0.133121
-0.203295 0.810893 -0.1772
-0.0629834 0.680746 -0.235971
-0.197342 0.747227 -0.191893
-0.0115251 0.868346 -0.128224
-0.0620675 0.670951 -0.235971
-0.0655796 0.655802 -0.128224
-0.10512 0.815132 -0.128224
-0.101461 0.617865 -0.128224
-0.0837491 0.639282 -0.235971
-0.0616096 0.666054 -0.235971
0.032137 0.664939 -0.138019
-0.0606937 0.656259 -0.235971
-0.0629796 0.838834 -0.235971
0.0202309 0.792272 -0.201688
-0.030005 0.644308 -0.235971
-0.0597779 0.646464 -0.235971
-0.0408439 0.707517 -0.235971
-0.191847 0.688458 -0.201688
-0.043898 0.687471 -0.235971
-0.0579462 0.626874 -0.235971
-0.040386 0.70262 -0.235971
-0.0574882 0.621977 -0.235971
-0.060232 0.809449 -0.235971
-0.0556565 0.602387 -0.235971
-0.181613 0.842562 -0.235971
-0.0538248 0.582797 -0.235971
-0.0574845 0.780065 -0.235971
-0.052909 0.573003 -0.235971
0.0170254 0.826554 -0.157609
-0.0727512 0.83792 -0.235971
-0.0910759 0.717641 -0.128224
-0.0722933 0.833023 -0.235971
-0.115043 0.868547 -0.133121
-0.160397 0.562952 -0.157609
-0.0718354 0.828125 -0.235971
-0.0690878 0.798741 -0.235971
-0.0686299 0.793843 -0.235971
-0.04878 0.845102 -0.235971
-0.068172 0.788946 -0.235971
-0.0667982 0.774254 -0.235971
-0.0503128 0.597947 -0.235971
0.0353425 0.630657 -0.172302
-0.0663403 0.769356 -0.235971
-0.170468 0.828783 -0.128224
0.00785924 0.608326 -0.128224
-0.0658823 0.764459 -0.235971
-0.0654244 0.759561 -0.235971
0.0252681 0.7384 -0.216381
-0.179941 0.561125 -0.201688
-0.0640506 0.744869 -0.235971
0.0376321 0.60617 -0.152712
-0.0292405 0.688841 -0.128224
-0.0626768 0.730177 -0.235971
-0.15413 0.864892 -0.133121
0.0275577 0.713913 -0.211483
-0.0622189 0.725279 -0.235971
-0.061761 0.720382 -0.235971
-0.177647 0.694726 -0.128224
-0.061303 0.715485 -0.235971
-0.0603872 0.70569 -0.235971
-0.0562658 0.661613 -0.235971
-0.188331 0.861695 -0.221278
-0.050309 0.756034 -0.235971
-0.194136 0.712945 -0.211483
-0.180856 0.57092 -0.142916
-0.0558079 0.656716 -0.235971
-0.0590096 0.849085 -0.235971
-0.188331 0.861695 -0.157609
-0.05535 0.651818 -0.235971
-0.0544341 0.642023 -0.235971
-0.0539762 0.637126 -0.235971
-0.0417559 0.8754 -0.226176
-0.0535183 0.632228 -0.235971
-0.05672 0.824598 -0.235971
-0.0530603 0.627331 -0.235971
-0.0493969 0.588152 -0.235971
-0.0724523 0.571175 -0.216381
-0.0683233 0.843274 -0.235971
-0.0955039 0.712287 -0.235971
-0.0660337 0.818787 -0.235971
-0.0628282 0.784505 -0.235971
-0.190931 0.678663 -0.167405
-0.0619124 0.77471 -0.235971
-0.0596227 0.750223 -0.235971
-0.0591648 0.745326 -0.235971
-0.0582489 0.735531 -0.235971
-0.00145449 0.602515 -0.235971
-0.0573331 0.725736 -0.235971
-0.186809 0.634586 -0.186995
-0.0568751 0.720839 -0.235971
-0.14574 0.564323 -0.19679
-0.0564172 0.715941 -0.235971
-0.138258 0.589723 -0.235971
-0.142682 0.742457 -0.235971
-0.166808 0.631516 -0.235971
-0.169552 0.818988 -0.235971
-0.103595 0.746112 -0.235971
-0.0559593 0.711044 -0.235971
-0.0577948 0.572546 -0.186995
-0.0329039 0.72802 -0.128224
0.0226719 0.713456 -0.128224
-0.0518379 0.666967 -0.235971
-0.0545817 0.85444 -0.235971
-0.05138 0.66207 -0.235971
-0.0550396 0.859337 -0.235971
-0.0504642 0.652275 -0.235971
-0.0536659 0.844645 -0.235971
-0.0500062 0.647378 -0.235971
-0.0495483 0.64248 -0.235971
-0.0518341 0.825055 -0.235971
-0.207416 0.85497 -0.152712
-0.0486324 0.632685 -0.235971
-0.05275 0.83485 -0.235971
-0.0481745 0.627788 -0.235971
-0.0509183 0.81526 -0.235971
-0.193217 0.861238 -0.211483
-0.182688 0.590509 -0.211483
-0.0468007 0.613096 -0.235971
-0.0495445 0.800568 -0.235971
-0.143601 0.594164 -0.128224
-0.0458849 0.603301 -0.235971
-0.045427 0.598403 -0.235971
-0.0486287 0.790773 -0.235971
0.0203785 0.579855 -0.133121
-0.0661851 0.873116 -0.235971
-0.0657272 0.868218 -0.235971
-0.0431373 0.573916 -0.216381
-0.0330553 0.782349 -0.235971
-0.0823715 0.782678 -0.128224
-0.0791698 0.590308 -0.128224
-0.0652692 0.863321 -0.235971
0.0390059 0.591478 -0.182097
0.019315 0.802066 -0.147814
0.0115265 0.727235 -0.128224
-0.0648113 0.858423 -0.235971
-0.00893651 0.577114 -0.191893
-0.0643534 0.853526 -0.235971
0.0335108 0.650247 -0.157609
-0.102831 0.790645 -0.128224
-0.099629 0.598276 -0.128224
-0.0638954 0.848629 -0.235971
-0.0634375 0.843731 -0.235971
-0.18452 0.610099 -0.172302
-0.188641 0.654176 -0.172302
-0.0625217 0.833936 -0.235971
-0.0429821 0.677676 -0.235971
-0.0616058 0.824141 -0.235971
-0.0588582 0.794757 -0.235971
-0.155511 0.563409 -0.138019
-0.167417 0.690742 -0.235971
-0.0584003 0.78986 -0.235971
-0.0431373 0.573916 -0.191893
-0.0579424 0.784962 -0.235971
-0.0556527 0.760475 -0.235971
-0.0551948 0.755578 -0.235971
-0.0194651 0.847843 -0.235971
-0.131234 0.620022 -0.128224
-0.0162634 0.655473 -0.235971
-0.054279 0.745783 -0.235971
-0.053821 0.740885 -0.235971
-0.0203809 0.857638 -0.128224
-0.0515314 0.716398 -0.235971
-0.0135158 0.626088 -0.128224
-0.0171754 0.823356 -0.128224
-0.0506155 0.706603 -0.235971
-0.184062 0.605201 -0.206586
-0.0351974 0.59442 -0.235971
-0.189099 0.659073 -0.142916
-0.139783 0.658744 -0.128224
-0.0142803 0.581555 -0.235971
-0.0445073 0.746696 -0.235971
-0.109859 0.602259 -0.235971
0.00313238 0.869717 -0.128224
-0.0501576 0.701706 -0.235971
0.0312211 0.674734 -0.1772
-0.0496997 0.696809 -0.235971
-0.0301564 0.698636 -0.128224
-0.0492418 0.691911 -0.235971
-0.0455783 0.652732 -0.235971
-0.15413 0.864892 -0.147814
-0.0423728 0.61845 -0.235971
-0.142228 0.579472 -0.235971
-0.0419149 0.613553 -0.235971
-0.0457259 0.865148 -0.235971
-0.140854 0.564779 -0.216381
-0.0400832 0.593963 -0.235971
-0.0387094 0.579271 -0.235971
-0.0414532 0.766743 -0.235971
-0.0594675 0.853983 -0.235971
-0.027405 0.827339 -0.128224
-0.056262 0.819701 -0.235971
-0.10772 0.632101 -0.235971
-0.0507669 0.760932 -0.235971
-0.0822239 0.570262 -0.226176
-0.0489352 0.741342 -0.235971
-0.0947394 0.75682 -0.235971
-0.0484773 0.736445 -0.235971
-0.0475614 0.72665 -0.235971
-0.0471035 0.721753 -0.235971
-0.0466456 0.716855 -0.235971
-0.0457297 0.70706 -0.235971
-0.0448138 0.697265 -0.235971
0.0367163 0.615965 -0.138019
-0.0443559 0.692368 -0.235971
-0.156885 0.578101 -0.235971
-0.160545 0.775368 -0.235971
-0.0584041 0.631772 -0.235971
-0.0434401 0.682573 -0.235971
-0.15444 0.657374 -0.128224
-0.157184 0.844846 -0.128224
-0.0416084 0.662984 -0.235971
-0.0406925 0.653189 -0.235971
-0.0443521 0.850456 -0.235971
-0.0397766 0.643394 -0.235971
-0.0429783 0.835764 -0.235971
-0.161767 0.735732 -0.235971
-0.0393187 0.638496 -0.235971
-0.206042 0.840277 -0.206586
-0.0388608 0.633599 -0.235971
-0.0416046 0.821071 -0.235971
-0.0379449 0.623804 -0.235971
-0.0803884 0.70876 -0.128224
-0.115354 0.661028 -0.128224
-0.0347394 0.589522 -0.235971
-0.0379411 0.781892 -0.235971
-0.190015 0.668868 -0.133121
-0.102679 0.736317 -0.128224
-0.0333657 0.57483 -0.235971
-0.0370253 0.772097 -0.235971
-0.0564134 0.874029 -0.235971
0.0147357 0.851041 -0.206586
-0.0432849 0.786333 -0.235971
0.0344266 0.640452 -0.133121
0.00327996 0.6573 -0.235971
-0.0554976 0.864235 -0.235971
-0.0173268 0.877684 -0.147814
-0.163141 0.750424 -0.128224
-0.0504604 0.810363 -0.235971
-0.184978 0.614996 -0.167405
-0.0472549 0.776081 -0.235971
-0.0467969 0.771184 -0.235971
-0.046339 0.766286 -0.235971
-0.0431335 0.732004 -0.235971
0.0325949 0.660041 -0.147814
-0.0426756 0.727107 -0.235971
-0.181314 0.575817 -0.133121
-0.0413018 0.712415 -0.235971
-0.164212 0.65646 -0.128224
-0.039928 0.697722 -0.235971
-0.0390122 0.687927 -0.235971
-0.0417559 0.8754 -0.235971
-0.00771411 0.61675 -0.128224
-0.0385542 0.68303 -0.235971
-0.188183 0.649278 -0.186995
-0.0380963 0.678133 -0.235971
-0.0376384 0.673235 -0.235971
-0.0403822 0.860708 -0.235971
-0.0371805 0.668338 -0.235971
-0.0408401 0.865605 -0.235971
-0.00266931 0.879055 -0.147814
-0.162528 0.849286 -0.235971
-0.0367225 0.66344 -0.235971
-0.0390084 0.846015 -0.235971
-0.0358067 0.653646 -0.235971
-0.0399242 0.85581 -0.235971
-0.0348908 0.643851 -0.235971
-0.148635 0.806123 -0.128224
-0.033975 0.634056 -0.235971
-0.0367187 0.821528 -0.235971
-0.033517 0.629158 -0.235971
-0.0371767 0.826426 -0.235971
0.00893026 0.702291 -0.235971
-0.0321433 0.614466 -0.235971
-0.0327488 0.83178 -0.235971
-0.0446587 0.801025 -0.128224
-0.0307695 0.599774 -0.235971
-0.0344291 0.797041 -0.235971
-0.0293957 0.585082 -0.235971
-0.0808426 0.871745 -0.191893
-0.0480231 0.57346 -0.167405
-0.0881732 0.792016 -0.128224
-0.146349 0.623548 -0.235971
-0.0289378 0.580184 -0.235971
0.0348846 0.635554 -0.182097
-0.065731 0.71013 -0.128224
-0.0510697 0.869589 -0.235971
-0.0501538 0.859794 -0.235971
-0.129549 0.812848 -0.128224
-0.049238 0.849999 -0.235971
-0.0478642 0.835307 -0.235971
-0.1978 0.752124 -0.19679
-0.0464904 0.820615 -0.235971
-0.194594 0.717842 -0.206586
-0.157642 0.849743 -0.128224
-0.0460325 0.815717 -0.235971
-0.00313103 0.725864 -0.128224
-0.0387056 0.737359 -0.235971
-0.0440494 0.741799 -0.235971
-0.0382477 0.732461 -0.235971
-0.0151923 0.749438 -0.235971
-0.0096934 0.848756 -0.128224
-0.0373318 0.722666 -0.235971
-0.0368739 0.717769 -0.235971
-0.0156503 0.754335 -0.235971
-0.0203847 0.69955 -0.235971
-0.036416 0.712871 -0.235971
0.0142778 0.855938 -0.206586
-0.0300012 0.802395 -0.128224
-0.0405411 0.59886 -0.235971
-0.0442007 0.796127 -0.235971
-0.035958 0.707974 -0.235971
-0.0355001 0.703077 -0.235971
-0.0350422 0.698179 -0.235971
-0.0345843 0.693282 -0.235971
-0.101915 0.780851 -0.128224
-0.0336684 0.683487 -0.235971
-0.0857284 0.871288 -0.128224
-0.0709195 0.81833 -0.128224
-0.0672599 0.621063 -0.128224
-0.0318367 0.663897 -0.235971
-0.0290891 0.634513 -0.235971
-0.0322908 0.826883 -0.235971
-0.0286312 0.629615 -0.235971
-0.0533669 0.5779 -0.235971
-0.0281733 0.624718 -0.235971
-0.030917 0.81219 -0.235971
-0.0272574 0.614923 -0.235971
-0.0267995 0.610026 -0.235971
-0.0258836 0.600231 -0.235971
-0.0281695 0.782806 -0.235971
-0.0240519 0.580641 -0.235971
-0.0277116 0.777908 -0.235971
-0.023594 0.575744 -0.235971
-0.0448101 0.855353 -0.235971
-0.0402308 0.806379 -0.235971
-0.159016 0.864436 -0.19679
-0.0945842 0.86058 -0.128224
-0.0397728 0.801482 -0.235971
-0.0759567 0.872202 -0.211483
-0.0393149 0.796584 -0.235971
0.0358004 0.625759 -0.172302
-0.0361094 0.762302 -0.235971
-0.137342 0.579929 -0.128224
-0.140086 0.767401 -0.128224
-0.0356515 0.757405 -0.235971
-0.0347356 0.74761 -0.235971
-0.0342777 0.742713 -0.235971
-0.0333619 0.732918 -0.235971
-0.0138223 0.576657 -0.133121
-0.0329039 0.72802 -0.235971
-0.0991711 0.593378 -0.128224
-0.032446 0.723123 -0.235971
0.0176309 0.60924 -0.128224
-0.0296984 0.693739 -0.235971
-0.194594 0.717842 -0.152712
-0.0819136 0.77778 -0.235971
-0.0287826 0.683944 -0.235971
-0.0301526 0.856724 -0.235971
-0.0269509 0.664354 -0.235971
-0.0661851 0.873116 -0.142916
0.0203785 0.579855 -0.221278
-0.0251192 0.644764 -0.235971
-0.203753 0.81579 -0.152712
-0.16375 0.80965 -0.128224
-0.161007 0.622178 -0.128224
-0.0559555 0.869132 -0.235971
-0.0237454 0.630072 -0.235971
-0.0214557 0.605585 -0.235971
-0.207874 0.859867 -0.221278
-0.041298 0.870502 -0.235971
-0.184978 0.614996 -0.182097
0.00190617 0.671993 -0.128224
-0.0325974 0.777452 -0.235971
-0.0321395 0.772554 -0.235971
-0.176576 0.78869 -0.128224
-0.0316815 0.767657 -0.235971
-0.0377898 0.727564 -0.128224
-0.0303077 0.752964 -0.235971
-0.173673 0.863065 -0.138019
-0.206042 0.840277 -0.221278
-0.028934 0.738272 -0.235971
-0.028476 0.733375 -0.235971
-0.0280181 0.728477 -0.235971
-0.0919956 0.569348 -0.162507
-0.0271022 0.718683 -0.235971
-0.0243547 0.689298 -0.235971
-0.0266405 0.871873 -0.235971
-0.0625255 0.675848 -0.128224
-0.0234388 0.679503 -0.235971
-0.019923 0.85274 -0.128224
0.0232812 0.65423 -0.128224
-0.0216071 0.659913 -0.235971
-0.0188595 0.630529 -0.235971
-0.0184016 0.625632 -0.235971
-0.0179437 0.620734 -0.235971
-0.0130579 0.621191 -0.128224
-0.0153437 0.803766 -0.128224
-0.0174858 0.615837 -0.235971
0.0303053 0.684528 -0.216381
-0.0170278 0.610939 -0.235971
-0.0165699 0.606042 -0.235971
-0.0319843 0.876314 -0.221278
-0.0828294 0.787575 -0.235971
-0.0156541 0.596247 -0.235971
-0.017482 0.773925 -0.235971
-0.0147382 0.586452 -0.235971
-0.0138223 0.576657 -0.235971
-0.0304591 0.807293 -0.235971
-0.0300012 0.802395 -0.235971
-0.0258798 0.758319 -0.235971
-0.00405068 0.577571 -0.211483
-0.0477166 0.622891 -0.235971
-0.0513762 0.820158 -0.235971
-0.0199268 0.694652 -0.235971
-0.0173268 0.877684 -0.1772
0.0225205 0.767785 -0.133121
-0.0190109 0.684857 -0.235971
-0.156579 0.627532 -0.235971
-0.018553 0.67996 -0.235971
0.0216047 0.777579 -0.221278
-0.118555 0.853398 -0.128224
-0.11566 0.611597 -0.128224
-0.0171792 0.665268 -0.235971
-0.0185492 0.838048 -0.235971
-0.0148896 0.640781 -0.235971
-0.184978 0.614996 -0.221278
-0.0171754 0.823356 -0.235971
-0.0135158 0.626088 -0.235971
0.0399218 0.581683 -0.142916
-0.201463 0.791303 -0.162507
-0.0153437 0.803766 -0.235971
-0.164821 0.715686 -0.235971
-0.0130579 0.621191 -0.235971
-0.0158016 0.808663 -0.235971
-0.0125999 0.616294 -0.235971
0.0371742 0.611067 -0.235971
-0.0130541 0.779279 -0.235971
-0.0103103 0.591806 -0.235971
-0.012441 0.878141 -0.216381
0.00710235 0.879968 -0.1772
-0.131082 0.565693 -0.201688
-0.013512 0.784176 -0.235971
-0.00985237 0.586909 -0.235971
-0.0319843 0.876314 -0.235971
