ply
format ascii 1.0
comment Created by Open3D
element vertex 7276
property double x
property double y
property double z
end_header
0.620409 0.0551848 0.0726565
0.625371 0.0551852 0.0726565
0.635294 0.055186 0.0726565
0.65018 0.0551872 0.0726565
0.655142 0.0551876 0.0726565
0.670027 0.0551888 0.0726565
0.679951 0.0551896 0.0726565
0.684913 0.05519 0.0726565
0.694836 0.0551908 0.0726565
0.699798 0.0551912 0.0726565
0.70476 0.0551915 0.0726565
0.709722 0.0551919 0.0726565
0.714683 0.0551923 0.0726565
0.719645 0.0551927 0.0726565
0.729569 0.0551935 0.0726565
0.734531 0.0551939 0.0726565
0.744454 0.0551947 0.0726565
0.749416 0.0551951 0.0726565
0.754378 0.0551955 0.0726565
0.75934 0.0551959 0.0726565
0.615447 0.0551844 0.0774867
0.620409 0.0551848 0.0774867
0.625371 0.0551852 0.0774867
0.630333 0.0551856 0.0774867
0.635294 0.055186 0.0774867
0.655142 0.0551876 0.0774867
0.670027 0.0551888 0.0774867
0.679951 0.0551896 0.0774867
0.689874 0.0551904 0.0774867
0.694836 0.0551908 0.0774867
0.699798 0.0551912 0.0774867
0.714683 0.0551923 0.0774867
0.724607 0.0551931 0.0774867
0.729569 0.0551935 0.0774867
0.734531 0.0551939 0.0774867
0.739492 0.0551943 0.0774867
0.744454 0.0551947 0.0774867
0.754378 0.0551955 0.0774867
0.75934 0.0551959 0.0774867
0.620409 0.0551848 0.082317
0.625371 0.0551852 0.082317
0.635294 0.055186 0.082317
0.640256 0.0551864 0.082317
0.65018 0.0551872 0.082317
0.655142 0.0551876 0.082317
0.670027 0.0551888 0.082317
0.674989 0.0551892 0.082317
0.679951 0.0551896 0.082317
0.699798 0.0551912 0.082317
0.709722 0.0551919 0.082317
0.714683 0.0551923 0.082317
0.719645 0.0551927 0.082317
0.729569 0.0551935 0.082317
0.734531 0.0551939 0.082317
0.739492 0.0551943 0.082317
0.744454 0.0551947 0.082317
0.749416 0.0551951 0.082317
0.75934 0.0551959 0.082317
0.615447 0.0551844 0.0871472
0.620409 0.0551848 0.0871472
0.630333 0.0551856 0.0871472
0.655142 0.0551876 0.0871472
0.660103 0.055188 0.0871472
0.674989 0.0551892 0.0871472
0.679951 0.0551896 0.0871472
0.694836 0.0551908 0.0871472
0.699798 0.0551912 0.0871472
0.709722 0.0551919 0.0871472
0.749416 0.0551951 0.0871472
0.75934 0.0551959 0.0871472
0.620409 0.0551848 0.0919775
0.625371 0.0551852 0.0919775
0.645218 0.0551868 0.0919775
0.65018 0.0551872 0.0919775
0.655142 0.0551876 0.0919775
0.660103 0.055188 0.0919775
0.699798 0.0551912 0.0919775
0.714683 0.0551923 0.0919775
0.719645 0.0551927 0.0919775
0.724607 0.0551931 0.0919775
0.729569 0.0551935 0.0919775
0.744454 0.0551947 0.0919775
0.75934 0.0551959 0.0919775
0.620409 0.0551848 0.0968077
0.625371 0.0551852 0.0968077
0.635294 0.055186 0.0968077
0.640256 0.0551864 0.0968077
0.645218 0.0551868 0.0968077
0.670027 0.0551888 0.0968077
0.674989 0.0551892 0.0968077
0.684913 0.05519 0.0968077
0.694836 0.0551908 0.0968077
0.699798 0.0551912 0.0968077
0.70476 0.0551915 0.0968077
0.719645 0.0551927 0.0968077
0.724607 0.0551931 0.0968077
0.729569 0.0551935 0.0968077
0.739492 0.0551943 0.0968077
0.744454 0.0551947 0.0968077
0.749416 0.0551951 0.0968077
0.754378 0.0551955 0.0968077
0.620409 0.0551848 0.101638
0.70476 0.0551915 0.0774867
0.625371 0.0551852 0.101638
0.635294 0.055186 0.101638
0.640256 0.0551864 0.101638
0.670027 0.0551888 0.101638
0.674989 0.0551892 0.101638
0.684913 0.05519 0.101638
0.699798 0.0551912 0.101638
0.709722 0.0551919 0.101638
0.729569 0.0551935 0.101638
0.734531 0.0551939 0.101638
0.744454 0.0551947 0.101638
0.754378 0.0551955 0.101638
0.75934 0.0551959 0.101638
0.620409 0.0551848 0.106468
0.625371 0.0551852 0.106468
0.635294 0.055186 0.106468
0.640256 0.0551864 0.106468
0.645218 0.0551868 0.106468
0.655142 0.0551876 0.106468
0.660103 0.055188 0.106468
0.665065 0.0551884 0.106468
0.674989 0.0551892 0.106468
0.684913 0.05519 0.106468
0.694836 0.0551908 0.106468
0.719645 0.0551927 0.106468
0.724607 0.0551931 0.106468
0.744454 0.0551947 0.106468
0.749416 0.0551951 0.106468
0.754378 0.0551955 0.106468
0.75934 0.0551959 0.106468
0.764301 0.0551963 0.106468
0.615447 0.0551844 0.111299
0.630333 0.0551856 0.111299
0.635294 0.055186 0.111299
0.640256 0.0551864 0.111299
0.645218 0.0551868 0.111299
0.655142 0.0551876 0.111299
0.660103 0.055188 0.111299
0.665065 0.0551884 0.111299
0.674989 0.0551892 0.111299
0.679951 0.0551896 0.111299
0.684913 0.05519 0.111299
0.694836 0.0551908 0.111299
0.699798 0.0551912 0.111299
0.714683 0.0551923 0.111299
0.724607 0.0551931 0.111299
0.734531 0.0551939 0.111299
0.749416 0.0551951 0.111299
0.754378 0.0551955 0.111299
0.75934 0.0551959 0.111299
0.764301 0.0551963 0.111299
0.620409 0.0551848 0.116129
0.625371 0.0551852 0.116129
0.630333 0.0551856 0.116129
0.635294 0.055186 0.116129
0.640256 0.0551864 0.116129
0.645218 0.0551868 0.116129
0.65018 0.0551872 0.116129
0.655142 0.0551876 0.116129
0.665065 0.0551884 0.116129
0.674989 0.0551892 0.116129
0.689874 0.0551904 0.116129
0.70476 0.0551915 0.116129
0.719645 0.0551927 0.116129
0.729569 0.0551935 0.116129
0.744454 0.0551947 0.116129
0.749416 0.0551951 0.116129
0.689874 0.0551904 0.101638
0.754378 0.0551955 0.116129
0.75934 0.0551959 0.116129
0.764301 0.0551963 0.116129
0.620409 0.0551848 0.120959
0.625371 0.0551852 0.120959
0.635294 0.055186 0.120959
0.640256 0.0551864 0.120959
0.655142 0.0551876 0.120959
0.670027 0.0551888 0.120959
0.674989 0.0551892 0.120959
0.679951 0.0551896 0.120959
0.719645 0.0551927 0.120959
0.739492 0.0551943 0.120959
0.744454 0.0551947 0.120959
0.754378 0.0551955 0.120959
0.75934 0.0551959 0.120959
0.764301 0.0551963 0.120959
0.615447 0.0551844 0.125789
0.620409 0.0551848 0.125789
0.625371 0.0551852 0.125789
0.635294 0.055186 0.125789
0.655142 0.0551876 0.125789
0.670027 0.0551888 0.125789
0.674989 0.0551892 0.125789
0.684913 0.05519 0.125789
0.689874 0.0551904 0.125789
0.699798 0.0551912 0.125789
0.709722 0.0551919 0.125789
0.714683 0.0551923 0.125789
0.719645 0.0551927 0.125789
0.744454 0.0551947 0.125789
0.75934 0.0551959 0.125789
0.764301 0.0551963 0.125789
0.615447 0.0551844 0.13062
0.620409 0.0551848 0.13062
0.635294 0.055186 0.13062
0.655142 0.0551876 0.13062
0.665065 0.0551884 0.13062
0.670027 0.0551888 0.13062
0.674989 0.0551892 0.13062
0.679951 0.0551896 0.13062
0.699798 0.0551912 0.13062
0.70476 0.0551915 0.13062
0.714683 0.0551923 0.13062
0.719645 0.0551927 0.13062
0.729569 0.0551935 0.13062
0.744454 0.0551947 0.13062
0.754378 0.0551955 0.13062
0.75934 0.0551959 0.13062
0.764301 0.0551963 0.13062
0.615447 0.0551844 0.13545
0.620409 0.0551848 0.13545
0.625371 0.0551852 0.13545
0.635294 0.055186 0.13545
0.655142 0.0551876 0.13545
0.660103 0.055188 0.13545
0.665065 0.0551884 0.13545
0.670027 0.0551888 0.13545
0.674989 0.0551892 0.13545
0.684913 0.05519 0.13545
0.724607 0.0551931 0.13545
0.729569 0.0551935 0.13545
0.739492 0.0551943 0.13545
0.744454 0.0551947 0.13545
0.689874 0.0551904 0.0871472
0.754378 0.0551955 0.13545
0.764301 0.0551963 0.13545
0.615447 0.0551844 0.14028
0.70476 0.0551915 0.0871472
0.625371 0.0551852 0.14028
0.635294 0.055186 0.14028
0.640256 0.0551864 0.14028
0.655142 0.0551876 0.14028
0.665065 0.0551884 0.14028
0.679951 0.0551896 0.14028
0.689874 0.0551904 0.14028
0.699798 0.0551912 0.14028
0.719645 0.0551927 0.14028
0.729569 0.0551935 0.14028
0.754378 0.0551955 0.14028
0.75934 0.0551959 0.14028
0.764301 0.0551963 0.14028
0.615447 0.0551844 0.14511
0.620409 0.0551848 0.14511
0.625371 0.0551852 0.14511
0.635294 0.055186 0.14511
0.655142 0.0551876 0.14511
0.665065 0.0551884 0.14511
0.670027 0.0551888 0.14511
0.694836 0.0551908 0.14511
0.699798 0.0551912 0.14511
0.70476 0.0551915 0.14511
0.729569 0.0551935 0.14511
0.739492 0.0551943 0.14511
0.689874 0.0551904 0.082317
0.754378 0.0551955 0.14511
0.764301 0.0551963 0.14511
0.615447 0.0551844 0.149941
0.70476 0.0551915 0.125789
0.625371 0.0551852 0.149941
0.635294 0.055186 0.149941
0.645218 0.0551868 0.149941
0.694836 0.0551908 0.149941
0.709722 0.0551919 0.149941
0.714683 0.0551923 0.149941
0.719645 0.0551927 0.149941
0.729569 0.0551935 0.149941
0.739492 0.0551943 0.149941
0.744454 0.0551947 0.149941
0.75934 0.0551959 0.149941
0.620409 0.0551848 0.154771
0.625371 0.0551852 0.154771
0.630333 0.0551856 0.154771
0.640256 0.0551864 0.154771
0.645218 0.0551868 0.154771
0.655142 0.0551876 0.154771
0.660103 0.055188 0.154771
0.689874 0.0551904 0.154771
0.70476 0.0551915 0.154771
0.719645 0.0551927 0.154771
0.739492 0.0551943 0.154771
0.744454 0.0551947 0.154771
0.754378 0.0551955 0.154771
0.615447 0.0551844 0.159601
0.620409 0.0551848 0.159601
0.625371 0.0551852 0.159601
0.635294 0.055186 0.159601
0.655142 0.0551876 0.159601
0.660103 0.055188 0.159601
0.665065 0.0551884 0.159601
0.674989 0.0551892 0.159601
0.684913 0.05519 0.159601
0.694836 0.0551908 0.159601
0.709722 0.0551919 0.159601
0.729569 0.0551935 0.159601
0.744454 0.0551947 0.159601
0.615447 0.0551844 0.164431
0.625371 0.0551852 0.164431
0.640256 0.0551864 0.164431
0.65018 0.0551872 0.164431
0.655142 0.0551876 0.164431
0.660103 0.055188 0.164431
0.670027 0.0551888 0.164431
0.674989 0.0551892 0.164431
0.764301 0.0551963 0.0726565
0.694836 0.0551908 0.164431
0.709722 0.0551919 0.164431
0.719645 0.0551927 0.164431
0.724607 0.0551931 0.164431
0.739492 0.0551943 0.164431
0.744454 0.0551947 0.164431
0.75934 0.0551959 0.164431
0.764301 0.0551963 0.164431
0.615447 0.0551844 0.169262
0.620409 0.0551848 0.169262
0.625371 0.0551852 0.169262
0.635294 0.055186 0.169262
0.640256 0.0551864 0.169262
0.645218 0.0551868 0.169262
0.660103 0.055188 0.169262
0.665065 0.0551884 0.169262
0.670027 0.0551888 0.169262
0.674989 0.0551892 0.169262
0.679951 0.0551896 0.169262
0.684913 0.05519 0.169262
0.689874 0.0551904 0.169262
0.709722 0.0551919 0.169262
0.729569 0.0551935 0.169262
0.734531 0.0551939 0.169262
0.744454 0.0551947 0.169262
0.689874 0.0551904 0.106468
0.754378 0.0551955 0.169262
0.764301 0.0551963 0.169262
0.620409 0.0551848 0.174092
0.70476 0.0551915 0.101638
0.625371 0.0551852 0.174092
0.655142 0.0551876 0.174092
0.674989 0.0551892 0.174092
0.754378 0.0551955 0.0919775
0.689874 0.0551904 0.174092
0.764301 0.0551963 0.0774867
0.694836 0.0551908 0.174092
0.699798 0.0551912 0.174092
0.719645 0.0551927 0.174092
0.729569 0.0551935 0.174092
0.689874 0.0551904 0.120959
0.754378 0.0551955 0.174092
0.75934 0.0551959 0.174092
0.764301 0.0551963 0.174092
0.620409 0.0551848 0.178922
0.625371 0.0551852 0.178922
0.635294 0.055186 0.178922
0.660103 0.055188 0.178922
0.674989 0.0551892 0.178922
0.70476 0.0551915 0.178922
0.709722 0.0551919 0.178922
0.714683 0.0551923 0.178922
0.719645 0.0551927 0.178922
0.729569 0.0551935 0.178922
0.739492 0.0551943 0.178922
0.744454 0.0551947 0.178922
0.764301 0.0551963 0.178922
0.620409 0.0551848 0.183752
0.70476 0.0551915 0.13545
0.625371 0.0551852 0.183752
0.635294 0.055186 0.183752
0.640256 0.0551864 0.183752
0.655142 0.0551876 0.183752
0.665065 0.0551884 0.183752
0.670027 0.0551888 0.183752
0.679951 0.0551896 0.183752
0.689874 0.0551904 0.183752
0.694836 0.0551908 0.183752
0.70476 0.0551915 0.183752
0.709722 0.0551919 0.183752
0.719645 0.0551927 0.183752
0.729569 0.0551935 0.183752
0.679951 0.0551896 0.154771
0.734531 0.0551939 0.183752
0.739492 0.0551943 0.183752
0.729569 0.0551935 0.111299
0.744454 0.0551947 0.183752
0.749416 0.0551951 0.183752
0.764301 0.0551963 0.183752
0.625371 0.0551852 0.188583
0.640256 0.0551864 0.188583
0.655142 0.0551876 0.188583
0.660103 0.055188 0.188583
0.679951 0.0551896 0.188583
0.689874 0.0551904 0.188583
0.764301 0.0551963 0.0968077
0.694836 0.0551908 0.188583
0.70476 0.0551915 0.188583
0.709722 0.0551919 0.188583
0.719645 0.0551927 0.188583
0.724607 0.0551931 0.188583
0.729569 0.0551935 0.188583
0.734531 0.0551939 0.188583
0.739492 0.0551943 0.188583
0.754378 0.0551955 0.188583
0.764301 0.0551963 0.188583
0.620409 0.0551848 0.193413
0.655142 0.0551876 0.193413
0.665065 0.0551884 0.193413
0.674989 0.0551892 0.193413
0.679951 0.0551896 0.193413
0.684913 0.05519 0.193413
0.689874 0.0551904 0.193413
0.699798 0.0551912 0.193413
0.70476 0.0551915 0.193413
0.709722 0.0551919 0.193413
0.714683 0.0551923 0.193413
0.734531 0.0551939 0.193413
0.739492 0.0551943 0.193413
0.744454 0.0551947 0.193413
0.75934 0.0551959 0.193413
0.764301 0.0551963 0.193413
0.754378 0.0551955 0.082317
0.769263 0.0551967 0.0726565
0.769264 0.0503031 0.0726565
0.645218 0.0551868 0.159601
0.769264 0.0405158 0.0726565
0.769265 0.0356222 0.0726565
0.769265 0.0307286 0.0726565
0.769265 0.0258349 0.0726565
0.769266 0.0160477 0.0726565
0.769267 0.00626046 0.0726565
0.769267 0.00136684 0.0726565
0.769269 -0.0182076 0.0726565
0.76927 -0.0279949 0.0726565
0.76927 -0.0328885 0.0726565
0.769272 -0.052463 0.0726565
0.769272 -0.0573566 0.0726565
0.769273 -0.0622502 0.0726565
0.769273 -0.0671439 0.0726565
0.769273 -0.0720375 0.0726565
0.769274 -0.0769311 0.0726565
0.769274 -0.0818247 0.0726565
0.769275 -0.091612 0.0726565
0.769276 -0.101399 0.0726565
0.714683 0.0551923 0.0968077
0.769276 -0.106293 0.0726565
0.769276 -0.111186 0.0726565
0.769277 -0.11608 0.0726565
0.769277 -0.120974 0.0726565
0.769278 -0.125867 0.0726565
0.769278 -0.130761 0.0726565
0.769279 -0.145442 0.0726565
0.729569 0.0551935 0.120959
0.76928 -0.155229 0.0726565
0.76928 -0.160123 0.0726565
0.769281 -0.165016 0.0726565
0.769281 -0.16991 0.0726565
0.754378 0.0551955 0.0871472
0.769263 0.0551967 0.0774867
0.769264 0.0503031 0.0774867
0.734531 0.0551939 0.13545
0.769264 0.0454094 0.0774867
0.769265 0.0356222 0.0774867
0.769265 0.0307286 0.0774867
0.769266 0.0209413 0.0774867
0.769266 0.0160477 0.0774867
0.769267 0.00626046 0.0774867
0.769267 0.00136684 0.0774867
0.769268 -0.00352678 0.0774867
0.769268 -0.0084204 0.0774867
0.769269 -0.0231013 0.0774867
0.76927 -0.0328885 0.0774867
0.724607 0.0551931 0.082317
0.769271 -0.0377821 0.0774867
0.769272 -0.052463 0.0774867
0.769272 -0.0573566 0.0774867
0.769273 -0.0720375 0.0774867
0.769274 -0.0769311 0.0774867
0.769274 -0.0818247 0.0774867
0.769275 -0.091612 0.0774867
0.769275 -0.0965056 0.0774867
0.769276 -0.106293 0.0774867
0.769276 -0.111186 0.0774867
0.769277 -0.11608 0.0774867
0.769277 -0.120974 0.0774867
0.769278 -0.130761 0.0774867
0.769279 -0.145442 0.0774867
0.769279 -0.150335 0.0774867
0.76928 -0.160123 0.0774867
0.719645 0.0551927 0.159601
0.769281 -0.16991 0.0774867
0.689874 0.0551904 0.159601
0.769263 0.0551967 0.082317
0.734531 0.0551939 0.13062
0.769264 0.0454094 0.082317
0.645218 0.0551868 0.0871472
0.769264 0.0405158 0.082317
0.769265 0.0356222 0.082317
0.769265 0.0258349 0.082317
0.769266 0.0209413 0.082317
0.769266 0.0160477 0.082317
0.769267 0.00626046 0.082317
0.769267 0.00136684 0.082317
0.769268 -0.00352678 0.082317
0.769269 -0.013314 0.082317
0.660103 0.055188 0.174092
0.769269 -0.0182076 0.082317
0.769269 -0.0231013 0.082317
0.76927 -0.0328885 0.082317
0.769271 -0.0377821 0.082317
0.769271 -0.0426757 0.082317
0.769272 -0.052463 0.082317
0.769272 -0.0573566 0.082317
0.769273 -0.0622502 0.082317
0.769273 -0.0671439 0.082317
0.769273 -0.0720375 0.082317
0.769275 -0.0965056 0.082317
0.769276 -0.101399 0.082317
0.769276 -0.106293 0.082317
0.769276 -0.111186 0.082317
0.769277 -0.120974 0.082317
0.769278 -0.130761 0.082317
0.769279 -0.145442 0.082317
0.76928 -0.160123 0.082317
0.769281 -0.165016 0.082317
0.769281 -0.16991 0.082317
0.689874 0.0551904 0.164431
0.769263 0.0551967 0.0871472
0.769264 0.0503031 0.0871472
0.769264 0.0454094 0.0871472
0.645218 0.0551868 0.0774867
0.769264 0.0405158 0.0871472
0.769265 0.0258349 0.0871472
0.769266 0.0209413 0.0871472
0.769266 0.0160477 0.0871472
0.769267 0.00626046 0.0871472
0.769267 0.00136684 0.0871472
0.769268 -0.00352678 0.0871472
0.769268 -0.0084204 0.0871472
0.660103 0.055188 0.116129
0.769269 -0.0182076 0.0871472
0.769271 -0.0475694 0.0871472
0.769273 -0.0622502 0.0871472
0.769273 -0.0671439 0.0871472
0.769273 -0.0720375 0.0871472
0.769274 -0.0818247 0.0871472
0.769274 -0.0867183 0.0871472
0.769275 -0.091612 0.0871472
0.769275 -0.0965056 0.0871472
0.769276 -0.106293 0.0871472
0.769277 -0.11608 0.0871472
0.769277 -0.120974 0.0871472
0.769278 -0.125867 0.0871472
0.769278 -0.130761 0.0871472
0.769278 -0.135655 0.0871472
0.769279 -0.140548 0.0871472
0.769279 -0.145442 0.0871472
0.769279 -0.150335 0.0871472
0.76928 -0.155229 0.0871472
0.76928 -0.160123 0.0871472
0.769281 -0.165016 0.0871472
0.719645 0.0551927 0.169262
0.769281 -0.16991 0.0871472
0.769263 0.0551967 0.0919775
0.769264 0.0503031 0.0919775
0.734531 0.0551939 0.120959
0.769264 0.0454094 0.0919775
0.769264 0.0405158 0.0919775
0.769265 0.0356222 0.0919775
0.769265 0.0258349 0.0919775
0.769266 0.0209413 0.0919775
0.769266 0.0160477 0.0919775
0.769267 0.00626046 0.0919775
0.769267 0.00136684 0.0919775
0.769268 -0.00352678 0.0919775
0.769269 -0.013314 0.0919775
0.769269 -0.0231013 0.0919775
0.724607 0.0551931 0.14511
0.76927 -0.0279949 0.0919775
0.76927 -0.0328885 0.0919775
0.769271 -0.0377821 0.0919775
0.769271 -0.0426757 0.0919775
0.769272 -0.052463 0.0919775
0.769273 -0.0671439 0.0919775
0.769273 -0.0720375 0.0919775
0.769275 -0.091612 0.0919775
0.769276 -0.101399 0.0919775
0.714683 0.0551923 0.14028
0.769276 -0.106293 0.0919775
0.769276 -0.111186 0.0919775
0.769277 -0.11608 0.0919775
0.769277 -0.120974 0.0919775
0.769278 -0.125867 0.0919775
0.769278 -0.130761 0.0919775
0.76928 -0.155229 0.0919775
0.769281 -0.165016 0.0919775
0.769281 -0.16991 0.0919775
0.769263 0.0551967 0.0968077
0.769264 0.0503031 0.0968077
0.734531 0.0551939 0.116129
0.769264 0.0454094 0.0968077
0.769264 0.0405158 0.0968077
0.769265 0.0356222 0.0968077
0.769265 0.0307286 0.0968077
0.769265 0.0258349 0.0968077
0.769266 0.0209413 0.0968077
0.769266 0.0160477 0.0968077
0.769267 0.00626046 0.0968077
0.769267 0.00136684 0.0968077
0.769268 -0.00352678 0.0968077
0.769269 -0.0231013 0.0968077
0.76927 -0.0279949 0.0968077
0.76927 -0.0328885 0.0968077
0.769271 -0.0377821 0.0968077
0.769272 -0.052463 0.0968077
0.769273 -0.0622502 0.0968077
0.769273 -0.0720375 0.0968077
0.769274 -0.0769311 0.0968077
0.769274 -0.0867183 0.0968077
0.769275 -0.091612 0.0968077
0.769276 -0.101399 0.0968077
0.769276 -0.111186 0.0968077
0.769278 -0.125867 0.0968077
0.769278 -0.130761 0.0968077
0.769279 -0.150335 0.0968077
0.76928 -0.160123 0.0968077
0.769281 -0.165016 0.0968077
0.769263 0.0551967 0.101638
0.769265 0.0356222 0.101638
0.769266 0.0160477 0.101638
0.769267 0.00136684 0.101638
0.769268 -0.00352678 0.101638
0.769268 -0.0084204 0.101638
0.769269 -0.013314 0.101638
0.769269 -0.0182076 0.101638
0.769269 -0.0231013 0.101638
0.724607 0.0551931 0.149941
0.76927 -0.0279949 0.101638
0.769271 -0.0377821 0.101638
0.769271 -0.0426757 0.101638
0.769273 -0.0622502 0.101638
0.769273 -0.0671439 0.101638
0.769273 -0.0720375 0.101638
0.769274 -0.0769311 0.101638
0.769275 -0.091612 0.101638
0.769275 -0.0965056 0.101638
0.769276 -0.106293 0.101638
0.769276 -0.111186 0.101638
0.769277 -0.11608 0.101638
0.769278 -0.125867 0.101638
0.769278 -0.135655 0.101638
0.769279 -0.145442 0.101638
0.769279 -0.150335 0.101638
0.76928 -0.155229 0.101638
0.76928 -0.160123 0.101638
0.719645 0.0551927 0.13545
0.769281 -0.16991 0.101638
0.769263 0.0551967 0.106468
0.769264 0.0503031 0.106468
0.734531 0.0551939 0.106468
0.769264 0.0454094 0.106468
0.769265 0.0356222 0.106468
0.769265 0.0307286 0.106468
0.769265 0.0258349 0.106468
0.769266 0.0209413 0.106468
0.769266 0.0160477 0.106468
0.749416 0.0551951 0.188583
0.769267 0.0111541 0.106468
0.769267 0.00626046 0.106468
0.769267 0.00136684 0.106468
0.769268 -0.0084204 0.106468
0.769269 -0.013314 0.106468
0.660103 0.055188 0.101638
0.769269 -0.0182076 0.106468
0.769269 -0.0231013 0.106468
0.724607 0.0551931 0.13062
0.76927 -0.0279949 0.106468
0.769271 -0.0377821 0.106468
0.769273 -0.0622502 0.106468
0.769273 -0.0720375 0.106468
0.769275 -0.091612 0.106468
0.769275 -0.0965056 0.106468
0.769276 -0.101399 0.106468
0.769276 -0.106293 0.106468
0.769276 -0.111186 0.106468
0.769277 -0.11608 0.106468
0.769277 -0.120974 0.106468
0.769278 -0.130761 0.106468
0.769279 -0.145442 0.106468
0.76928 -0.160123 0.106468
0.769281 -0.165016 0.106468
0.769281 -0.16991 0.106468
0.769263 0.0551967 0.111299
0.769264 0.0503031 0.111299
0.769264 0.0454094 0.111299
0.769264 0.0405158 0.111299
0.769265 0.0356222 0.111299
0.769265 0.0307286 0.111299
0.769265 0.0258349 0.111299
0.769266 0.0209413 0.111299
0.769267 0.00136684 0.111299
0.769268 -0.00352678 0.111299
0.769268 -0.0084204 0.111299
0.640256 0.0551864 0.13545
0.769269 -0.0231013 0.111299
0.724607 0.0551931 0.116129
0.76927 -0.0279949 0.111299
0.76927 -0.0328885 0.111299
0.769271 -0.0377821 0.111299
0.769271 -0.0426757 0.111299
0.769271 -0.0475694 0.111299
0.769272 -0.052463 0.111299
0.769273 -0.0671439 0.111299
0.769273 -0.0720375 0.111299
0.769274 -0.0867183 0.111299
0.769275 -0.091612 0.111299
0.769275 -0.0965056 0.111299
0.769276 -0.101399 0.111299
0.769276 -0.106293 0.111299
0.769277 -0.11608 0.111299
0.769277 -0.120974 0.111299
0.769278 -0.125867 0.111299
0.769278 -0.130761 0.111299
0.769279 -0.145442 0.111299
0.76928 -0.155229 0.111299
0.76928 -0.160123 0.111299
0.769281 -0.165016 0.111299
0.719645 0.0551927 0.14511
0.769281 -0.16991 0.111299
0.769263 0.0551967 0.116129
0.734531 0.0551939 0.0968077
0.769264 0.0454094 0.116129
0.769264 0.0405158 0.116129
0.769265 0.0307286 0.116129
0.769266 0.0209413 0.116129
0.769266 0.0160477 0.116129
0.749416 0.0551951 0.174092
0.769267 0.0111541 0.116129
0.769267 0.00626046 0.116129
0.769268 -0.00352678 0.116129
0.769268 -0.0084204 0.116129
0.769269 -0.013314 0.116129
0.660103 0.055188 0.14511
0.769269 -0.0182076 0.116129
0.769269 -0.0231013 0.116129
0.724607 0.0551931 0.120959
0.76927 -0.0279949 0.116129
0.769271 -0.0377821 0.116129
0.769271 -0.0426757 0.116129
0.769271 -0.0475694 0.116129
0.769272 -0.0573566 0.116129
0.769273 -0.0622502 0.116129
0.769273 -0.0671439 0.116129
0.769273 -0.0720375 0.116129
0.769275 -0.0965056 0.116129
0.769276 -0.106293 0.116129
0.769276 -0.111186 0.116129
0.769277 -0.11608 0.116129
0.630333 0.0551856 0.183752
0.769278 -0.135655 0.116129
0.769279 -0.145442 0.116129
0.76928 -0.155229 0.116129
0.769281 -0.165016 0.116129
0.769263 0.0551967 0.120959
0.769264 0.0503031 0.120959
0.734531 0.0551939 0.0919775
0.769264 0.0454094 0.120959
0.679951 0.0551896 0.101638
0.769264 0.0405158 0.120959
0.734531 0.0551939 0.164431
0.769265 0.0356222 0.120959
0.769265 0.0307286 0.120959
0.769266 0.0160477 0.120959
0.769267 0.00626046 0.120959
0.769268 -0.00352678 0.120959
0.769268 -0.0084204 0.120959
0.769269 -0.013314 0.120959
0.769269 -0.0182076 0.120959
0.640256 0.0551864 0.125789
0.769269 -0.0231013 0.120959
0.76927 -0.0279949 0.120959
0.76927 -0.0328885 0.120959
0.769271 -0.0377821 0.120959
0.769271 -0.0426757 0.120959
0.769273 -0.0622502 0.120959
0.769273 -0.0671439 0.120959
0.769274 -0.0818247 0.120959
0.769275 -0.0965056 0.120959
0.769276 -0.101399 0.120959
0.714683 0.0551923 0.14511
0.769276 -0.106293 0.120959
0.769276 -0.111186 0.120959
0.769277 -0.120974 0.120959
0.769279 -0.145442 0.120959
0.769279 -0.150335 0.120959
0.76928 -0.160123 0.120959
0.769281 -0.165016 0.120959
0.719645 0.0551927 0.111299
0.769281 -0.16991 0.120959
0.769263 0.0551967 0.125789
0.769264 0.0503031 0.125789
0.769265 0.0307286 0.125789
0.769265 0.0258349 0.125789
0.769266 0.0209413 0.125789
0.769266 0.0160477 0.125789
0.769267 0.0111541 0.125789
0.769267 0.00626046 0.125789
0.769268 -0.00352678 0.125789
0.769268 -0.0084204 0.125789
0.769269 -0.013314 0.125789
0.769269 -0.0182076 0.125789
0.769269 -0.0231013 0.125789
0.724607 0.0551931 0.125789
0.76927 -0.0279949 0.125789
0.769271 -0.0426757 0.125789
0.769272 -0.052463 0.125789
0.769273 -0.0622502 0.125789
0.769273 -0.0671439 0.125789
0.769276 -0.101399 0.125789
0.714683 0.0551923 0.13545
0.769276 -0.106293 0.125789
0.769276 -0.111186 0.125789
0.769277 -0.120974 0.125789
0.769278 -0.125867 0.125789
0.769278 -0.130761 0.125789
0.769279 -0.145442 0.125789
0.769279 -0.150335 0.125789
0.76928 -0.155229 0.125789
0.76928 -0.160123 0.125789
0.769281 -0.165016 0.125789
0.769281 -0.16991 0.125789
0.769263 0.0551967 0.13062
0.769264 0.0503031 0.13062
0.769264 0.0454094 0.13062
0.734531 0.0551939 0.174092
0.769265 0.0356222 0.13062
0.769265 0.0307286 0.13062
0.769266 0.0209413 0.13062
0.769266 0.0160477 0.13062
0.769267 0.0111541 0.13062
0.769267 0.00626046 0.13062
0.769267 0.00136684 0.13062
0.769268 -0.0084204 0.13062
0.769269 -0.013314 0.13062
0.660103 0.055188 0.125789
0.769269 -0.0182076 0.13062
0.769271 -0.0377821 0.13062
0.769271 -0.0426757 0.13062
0.769273 -0.0622502 0.13062
0.769273 -0.0671439 0.13062
0.769273 -0.0720375 0.13062
0.769274 -0.0769311 0.13062
0.769276 -0.101399 0.13062
0.769276 -0.106293 0.13062
0.769276 -0.111186 0.13062
0.769278 -0.130761 0.13062
0.769279 -0.140548 0.13062
0.769279 -0.145442 0.13062
0.76928 -0.155229 0.13062
0.76928 -0.160123 0.13062
0.769281 -0.165016 0.13062
0.769281 -0.16991 0.13062
0.769264 0.0454094 0.13545
0.769265 0.0258349 0.13545
0.769266 0.0209413 0.13545
0.769267 0.00626046 0.13545
0.769267 0.00136684 0.13545
0.769268 -0.0084204 0.13545
0.769269 -0.013314 0.13545
0.660103 0.055188 0.082317
0.769269 -0.0182076 0.13545
0.769269 -0.0231013 0.13545
0.724607 0.0551931 0.183752
0.76927 -0.0279949 0.13545
0.76927 -0.0328885 0.13545
0.769271 -0.0377821 0.13545
0.769271 -0.0426757 0.13545
0.769272 -0.052463 0.13545
0.769272 -0.0573566 0.13545
0.769273 -0.0622502 0.13545
0.769273 -0.0671439 0.13545
0.769273 -0.0720375 0.13545
0.769274 -0.0769311 0.13545
0.769275 -0.0965056 0.13545
0.769276 -0.101399 0.13545
0.769276 -0.111186 0.13545
0.714683 0.0551923 0.188583
0.769277 -0.11608 0.13545
0.769277 -0.120974 0.13545
0.769278 -0.125867 0.13545
0.769278 -0.130761 0.13545
0.769279 -0.145442 0.13545
0.769279 -0.150335 0.13545
0.76928 -0.155229 0.13545
0.76928 -0.160123 0.13545
0.769281 -0.165016 0.13545
0.769281 -0.16991 0.13545
0.769263 0.0551967 0.14028
0.769264 0.0503031 0.14028
0.769264 0.0454094 0.14028
0.769264 0.0405158 0.14028
0.769266 0.0209413 0.14028
0.769266 0.0160477 0.14028
0.769267 0.00136684 0.14028
0.769268 -0.00352678 0.14028
0.769268 -0.0084204 0.14028
0.769269 -0.0231013 0.14028
0.724607 0.0551931 0.193413
0.76927 -0.0279949 0.14028
0.76927 -0.0328885 0.14028
0.769271 -0.0426757 0.14028
0.769273 -0.0622502 0.14028
0.769273 -0.0671439 0.14028
0.769273 -0.0720375 0.14028
0.769275 -0.0965056 0.14028
0.769276 -0.101399 0.14028
0.714683 0.0551923 0.174092
0.769277 -0.11608 0.14028
0.769278 -0.125867 0.14028
0.769278 -0.130761 0.14028
0.769279 -0.140548 0.14028
0.769279 -0.150335 0.14028
0.76928 -0.155229 0.14028
0.76928 -0.160123 0.14028
0.769281 -0.165016 0.14028
0.769281 -0.16991 0.14028
0.769264 0.0503031 0.14511
0.769265 0.0356222 0.14511
0.769265 0.0307286 0.14511
0.769265 0.0258349 0.14511
0.769266 0.0209413 0.14511
0.769266 0.0160477 0.14511
0.769267 0.00626046 0.14511
0.769268 -0.00352678 0.14511
0.769268 -0.0084204 0.14511
0.769269 -0.0182076 0.14511
0.76927 -0.0279949 0.14511
0.76927 -0.0328885 0.14511
0.769271 -0.0426757 0.14511
0.769272 -0.052463 0.14511
0.769273 -0.0622502 0.14511
0.769273 -0.0671439 0.14511
0.769273 -0.0720375 0.14511
0.769274 -0.0818247 0.14511
0.769274 -0.0867183 0.14511
0.769275 -0.0965056 0.14511
0.769276 -0.106293 0.14511
0.769276 -0.111186 0.14511
0.769277 -0.120974 0.14511
0.769278 -0.125867 0.14511
0.769278 -0.130761 0.14511
0.769279 -0.140548 0.14511
0.769279 -0.145442 0.14511
0.769279 -0.150335 0.14511
0.76928 -0.155229 0.14511
0.76928 -0.160123 0.14511
0.769281 -0.165016 0.14511
0.719645 0.0551927 0.0871472
0.769281 -0.16991 0.14511
0.769263 0.0551967 0.149941
0.769264 0.0405158 0.149941
0.769265 0.0356222 0.149941
0.769266 0.0209413 0.149941
0.769266 0.0160477 0.149941
0.769267 0.0111541 0.149941
0.769267 0.00626046 0.149941
0.769267 0.00136684 0.149941
0.769268 -0.0084204 0.149941
0.769269 -0.013314 0.149941
0.769269 -0.0182076 0.149941
0.769269 -0.0231013 0.149941
0.76927 -0.0328885 0.149941
0.769271 -0.0377821 0.149941
0.769271 -0.0426757 0.149941
0.769271 -0.0475694 0.149941
0.769272 -0.052463 0.149941
0.769273 -0.0671439 0.149941
0.769273 -0.0720375 0.149941
0.769274 -0.0867183 0.149941
0.630333 0.0551856 0.082317
0.769275 -0.091612 0.149941
0.769276 -0.101399 0.149941
0.769277 -0.11608 0.149941
0.769278 -0.125867 0.149941
0.769279 -0.140548 0.149941
0.769279 -0.145442 0.149941
0.769279 -0.150335 0.149941
0.76928 -0.160123 0.149941
0.769281 -0.165016 0.149941
0.769281 -0.16991 0.149941
0.769264 0.0503031 0.154771
0.734531 0.0551939 0.154771
0.769264 0.0454094 0.154771
0.769264 0.0405158 0.154771
0.769265 0.0356222 0.154771
0.769265 0.0258349 0.154771
0.769266 0.0209413 0.154771
0.769266 0.0160477 0.154771
0.769267 0.00626046 0.154771
0.769267 0.00136684 0.154771
0.769268 -0.0084204 0.154771
0.769269 -0.013314 0.154771
0.769269 -0.0182076 0.154771
0.640256 0.0551864 0.0871472
0.769269 -0.0231013 0.154771
0.724607 0.0551931 0.178922
0.76927 -0.0279949 0.154771
0.769271 -0.0426757 0.154771
0.769272 -0.052463 0.154771
0.769273 -0.0622502 0.154771
0.769273 -0.0720375 0.154771
0.769274 -0.0769311 0.154771
0.769274 -0.0867183 0.154771
0.769276 -0.101399 0.154771
0.769276 -0.106293 0.154771
0.769276 -0.111186 0.154771
0.714683 0.0551923 0.169262
0.769277 -0.11608 0.154771
0.769278 -0.125867 0.154771
0.769278 -0.130761 0.154771
0.769279 -0.140548 0.154771
0.769279 -0.145442 0.154771
0.769279 -0.150335 0.154771
0.76928 -0.160123 0.154771
0.769281 -0.165016 0.154771
0.769281 -0.16991 0.154771
0.689874 0.0551904 0.13062
0.754378 0.0551955 0.193413
0.769263 0.0551967 0.159601
0.769264 0.0503031 0.159601
0.769265 0.0307286 0.159601
0.769266 0.0209413 0.159601
0.769266 0.0160477 0.159601
0.769267 0.00136684 0.159601
0.769268 -0.0084204 0.159601
0.769269 -0.013314 0.159601
0.769269 -0.0182076 0.159601
0.724607 0.0551931 0.159601
0.76927 -0.0279949 0.159601
0.76927 -0.0328885 0.159601
0.769271 -0.0377821 0.159601
0.769272 -0.052463 0.159601
0.769272 -0.0573566 0.159601
0.769273 -0.0622502 0.159601
0.769273 -0.0671439 0.159601
0.769274 -0.0769311 0.159601
0.769274 -0.0818247 0.159601
0.769274 -0.0867183 0.159601
0.769275 -0.0965056 0.159601
0.769276 -0.101399 0.159601
0.769276 -0.106293 0.159601
0.769276 -0.111186 0.159601
0.769277 -0.11608 0.159601
0.769277 -0.120974 0.159601
0.769278 -0.125867 0.159601
0.769279 -0.140548 0.159601
0.769279 -0.145442 0.159601
0.76928 -0.160123 0.159601
0.754378 0.0551955 0.183752
0.769263 0.0551967 0.164431
0.769264 0.0503031 0.164431
0.734531 0.0551939 0.14511
0.769264 0.0454094 0.164431
0.769265 0.0307286 0.164431
0.769265 0.0258349 0.164431
0.769266 0.0209413 0.164431
0.769266 0.0160477 0.164431
0.769267 0.00136684 0.164431
0.769268 -0.0084204 0.164431
0.769269 -0.013314 0.164431
0.769269 -0.0231013 0.164431
0.724607 0.0551931 0.169262
0.76927 -0.0279949 0.164431
0.76927 -0.0328885 0.164431
0.769271 -0.0377821 0.164431
0.769271 -0.0426757 0.164431
0.769271 -0.0475694 0.164431
0.769272 -0.052463 0.164431
0.769272 -0.0573566 0.164431
0.769273 -0.0622502 0.164431
0.769273 -0.0720375 0.164431
0.769274 -0.0818247 0.164431
0.769274 -0.0867183 0.164431
0.769275 -0.0965056 0.164431
0.769276 -0.106293 0.164431
0.769276 -0.111186 0.164431
0.769277 -0.11608 0.164431
0.769277 -0.120974 0.164431
0.769278 -0.130761 0.164431
0.769279 -0.140548 0.164431
0.769279 -0.145442 0.164431
0.769281 -0.165016 0.164431
0.769281 -0.16991 0.164431
0.754378 0.0551955 0.178922
0.769263 0.0551967 0.169262
0.769264 0.0503031 0.169262
0.734531 0.0551939 0.14028
0.769264 0.0454094 0.169262
0.769264 0.0405158 0.169262
0.769265 0.0356222 0.169262
0.769265 0.0307286 0.169262
0.769266 0.0160477 0.169262
0.769267 0.0111541 0.169262
0.769267 0.00626046 0.169262
0.769267 0.00136684 0.169262
0.769268 -0.00352678 0.169262
0.769269 -0.013314 0.169262
0.769269 -0.0182076 0.169262
0.640256 0.0551864 0.0774867
0.769269 -0.0231013 0.169262
0.76927 -0.0279949 0.169262
0.76927 -0.0328885 0.169262
0.769271 -0.0377821 0.169262
0.769271 -0.0426757 0.169262
0.769272 -0.052463 0.169262
0.769273 -0.0671439 0.169262
0.769274 -0.0818247 0.169262
0.769275 -0.0965056 0.169262
0.769276 -0.106293 0.169262
0.769276 -0.111186 0.169262
0.769277 -0.11608 0.169262
0.769277 -0.120974 0.169262
0.769278 -0.125867 0.169262
0.769278 -0.130761 0.169262
0.769278 -0.135655 0.169262
0.769279 -0.140548 0.169262
0.769279 -0.145442 0.169262
0.769279 -0.150335 0.169262
0.76928 -0.155229 0.169262
0.76928 -0.160123 0.169262
0.769281 -0.165016 0.169262
0.769263 0.0551967 0.174092
0.645218 0.0551868 0.174092
0.769264 0.0503031 0.174092
0.769264 0.0454094 0.174092
0.769265 0.0356222 0.174092
0.769265 0.0307286 0.174092
0.769267 0.0111541 0.174092
0.769267 0.00136684 0.174092
0.769268 -0.00352678 0.174092
0.769269 -0.0182076 0.174092
0.769269 -0.0231013 0.174092
0.76927 -0.0328885 0.174092
0.769271 -0.0377821 0.174092
0.769271 -0.0426757 0.174092
0.769273 -0.0622502 0.174092
0.769273 -0.0671439 0.174092
0.769273 -0.0720375 0.174092
0.769274 -0.0818247 0.174092
0.769274 -0.0867183 0.174092
0.769275 -0.0965056 0.174092
0.769276 -0.101399 0.174092
0.769276 -0.111186 0.174092
0.769277 -0.120974 0.174092
0.769278 -0.125867 0.174092
0.769278 -0.130761 0.174092
0.769279 -0.145442 0.174092
0.769279 -0.150335 0.174092
0.76928 -0.160123 0.174092
0.769281 -0.165016 0.174092
0.769281 -0.16991 0.174092
0.769263 0.0551967 0.178922
0.769264 0.0503031 0.178922
0.769264 0.0454094 0.178922
0.679951 0.0551896 0.14511
0.769264 0.0405158 0.178922
0.769265 0.0356222 0.178922
0.769265 0.0258349 0.178922
0.769267 0.0111541 0.178922
0.769267 0.00136684 0.178922
0.769268 -0.00352678 0.178922
0.769268 -0.0084204 0.178922
0.769269 -0.013314 0.178922
0.76927 -0.0279949 0.178922
0.76927 -0.0328885 0.178922
0.769271 -0.0377821 0.178922
0.769273 -0.0671439 0.178922
0.769273 -0.0720375 0.178922
0.769274 -0.0867183 0.178922
0.769275 -0.0965056 0.178922
0.769276 -0.101399 0.178922
0.769276 -0.106293 0.178922
0.769276 -0.111186 0.178922
0.769277 -0.11608 0.178922
0.769277 -0.120974 0.178922
0.769278 -0.125867 0.178922
0.769278 -0.130761 0.178922
0.769278 -0.135655 0.178922
0.76928 -0.155229 0.178922
0.76928 -0.160123 0.178922
0.769281 -0.165016 0.178922
0.769281 -0.16991 0.178922
0.769263 0.0551967 0.183752
0.645218 0.0551868 0.183752
0.769264 0.0503031 0.183752
0.769265 0.0307286 0.183752
0.769266 0.0209413 0.183752
0.769266 0.0160477 0.183752
0.769267 0.0111541 0.183752
0.769267 0.00136684 0.183752
0.769268 -0.00352678 0.183752
0.769268 -0.0084204 0.183752
0.769269 -0.013314 0.183752
0.769269 -0.0182076 0.183752
0.76927 -0.0279949 0.183752
0.76927 -0.0328885 0.183752
0.769271 -0.0377821 0.183752
0.769271 -0.0426757 0.183752
0.769272 -0.052463 0.183752
0.769272 -0.0573566 0.183752
0.769273 -0.0622502 0.183752
0.769273 -0.0671439 0.183752
0.769273 -0.0720375 0.183752
0.769274 -0.0769311 0.183752
0.769274 -0.0818247 0.183752
0.769275 -0.0965056 0.183752
0.769276 -0.101399 0.183752
0.769276 -0.106293 0.183752
0.769276 -0.111186 0.183752
0.769277 -0.11608 0.183752
0.769277 -0.120974 0.183752
0.769278 -0.125867 0.183752
0.769278 -0.130761 0.183752
0.769278 -0.135655 0.183752
0.769279 -0.140548 0.183752
0.76928 -0.155229 0.183752
0.769281 -0.165016 0.183752
0.719645 0.0551927 0.0774867
0.769281 -0.16991 0.183752
0.769263 0.0551967 0.188583
0.645218 0.0551868 0.193413
0.769264 0.0503031 0.188583
0.769264 0.0454094 0.188583
0.769264 0.0405158 0.188583
0.769265 0.0356222 0.188583
0.769265 0.0307286 0.188583
0.769267 0.0111541 0.188583
0.769267 0.00626046 0.188583
0.769267 0.00136684 0.188583
0.769268 -0.00352678 0.188583
0.769268 -0.0084204 0.188583
0.769269 -0.013314 0.188583
0.769269 -0.0182076 0.188583
0.76927 -0.0328885 0.188583
0.769271 -0.0475694 0.188583
0.769272 -0.0573566 0.188583
0.769273 -0.0622502 0.188583
0.769273 -0.0720375 0.188583
0.769274 -0.0867183 0.188583
0.769275 -0.0965056 0.188583
0.769276 -0.101399 0.188583
0.769276 -0.111186 0.188583
0.769277 -0.11608 0.188583
0.769277 -0.120974 0.188583
0.769278 -0.125867 0.188583
0.769278 -0.130761 0.188583
0.769278 -0.135655 0.188583
0.769279 -0.140548 0.188583
0.769279 -0.145442 0.188583
0.769279 -0.150335 0.188583
0.76928 -0.155229 0.188583
0.76928 -0.160123 0.188583
0.769281 -0.165016 0.188583
0.769281 -0.16991 0.188583
0.769263 0.0551967 0.193413
0.679951 0.0551896 0.125789
0.769264 0.0405158 0.193413
0.769265 0.0356222 0.193413
0.769265 0.0307286 0.193413
0.769265 0.0258349 0.193413
0.769267 0.0111541 0.193413
0.769269 -0.013314 0.193413
0.769269 -0.0231013 0.193413
0.76927 -0.0279949 0.193413
0.769271 -0.0377821 0.193413
0.769272 -0.0573566 0.193413
0.769273 -0.0622502 0.193413
0.769273 -0.0671439 0.193413
0.769275 -0.0965056 0.193413
0.769276 -0.101399 0.193413
0.769276 -0.106293 0.193413
0.769276 -0.111186 0.193413
0.769277 -0.11608 0.193413
0.769277 -0.120974 0.193413
0.769278 -0.125867 0.193413
0.769278 -0.130761 0.193413
0.769279 -0.140548 0.193413
0.769279 -0.145442 0.193413
0.769279 -0.150335 0.193413
0.769281 -0.165016 0.193413
0.769281 -0.16991 0.193413
0.769281 -0.174804 0.0726565
0.76432 -0.174804 0.0726565
0.749434 -0.174805 0.0726565
0.744472 -0.174805 0.0726565
0.739511 -0.174806 0.0726565
0.734549 -0.174806 0.0726565
0.729587 -0.174807 0.0726565
0.684913 0.05519 0.0871472
0.724625 -0.174807 0.0726565
0.719663 -0.174807 0.0726565
0.714702 -0.174808 0.0726565
0.704778 -0.174809 0.0726565
0.769266 0.0160477 0.193413
0.694854 -0.174809 0.0726565
0.679969 -0.174811 0.0726565
0.670045 -0.174811 0.0726565
0.749416 0.0551951 0.14028
0.650198 -0.174813 0.0726565
0.640275 -0.174814 0.0726565
0.635313 -0.174814 0.0726565
0.630351 -0.174815 0.0726565
0.769281 -0.174804 0.0774867
0.739511 -0.174806 0.0774867
0.729587 -0.174807 0.0774867
0.684913 0.05519 0.082317
0.724625 -0.174807 0.0774867
0.719663 -0.174807 0.0774867
0.714702 -0.174808 0.0774867
0.704778 -0.174809 0.0774867
0.699816 -0.174809 0.0774867
0.689893 -0.17481 0.0774867
0.679969 -0.174811 0.0774867
0.670045 -0.174811 0.0774867
0.665084 -0.174812 0.0774867
0.650198 -0.174813 0.0774867
0.640275 -0.174814 0.0774867
0.630351 -0.174815 0.0774867
0.625389 -0.174815 0.0774867
0.615466 -0.174816 0.0774867
0.769281 -0.174804 0.082317
0.769274 -0.0769311 0.125789
0.754396 -0.174805 0.082317
0.769279 -0.150335 0.111299
0.734549 -0.174806 0.082317
0.714702 -0.174808 0.082317
0.70974 -0.174808 0.082317
0.704778 -0.174809 0.082317
0.759358 -0.174804 0.0774867
0.699816 -0.174809 0.082317
0.769266 0.0160477 0.174092
0.694854 -0.174809 0.082317
0.684931 -0.17481 0.082317
0.769271 -0.0475694 0.082317
0.679969 -0.174811 0.082317
0.675007 -0.174811 0.082317
0.670045 -0.174811 0.082317
0.665084 -0.174812 0.082317
0.65516 -0.174813 0.082317
0.640275 -0.174814 0.082317
0.769281 -0.174804 0.0871472
0.76432 -0.174804 0.0871472
0.769274 -0.0769311 0.120959
0.754396 -0.174805 0.0871472
0.739511 -0.174806 0.0871472
0.724625 -0.174807 0.0871472
0.714702 -0.174808 0.0871472
0.70974 -0.174808 0.0871472
0.704778 -0.174809 0.0871472
0.694854 -0.174809 0.0871472
0.689893 -0.17481 0.0871472
0.769271 -0.0475694 0.0919775
0.679969 -0.174811 0.0871472
0.665084 -0.174812 0.0871472
0.660122 -0.174812 0.0871472
0.65516 -0.174813 0.0871472
0.769281 -0.174804 0.0919775
0.759358 -0.174804 0.0919775
0.754396 -0.174805 0.0919775
0.739511 -0.174806 0.0919775
0.734549 -0.174806 0.0919775
0.729587 -0.174807 0.0919775
0.65018 0.0551872 0.0968077
0.714702 -0.174808 0.0919775
0.70974 -0.174808 0.0919775
0.689893 -0.17481 0.0919775
0.684931 -0.17481 0.0919775
0.769271 -0.0475694 0.0726565
0.679969 -0.174811 0.0919775
0.670045 -0.174811 0.0919775
0.665084 -0.174812 0.0919775
0.660122 -0.174812 0.0919775
0.65516 -0.174813 0.0919775
0.630333 0.0551856 0.13545
0.645236 -0.174813 0.0919775
0.640275 -0.174814 0.0919775
0.635313 -0.174814 0.0919775
0.630351 -0.174815 0.0919775
0.625389 -0.174815 0.0919775
0.769281 -0.174804 0.0968077
0.769279 -0.140548 0.13545
0.68493 -0.165023 0.0678262
0.610487 0.0356096 0.13062
0.684926 -0.111193 0.0678262
0.635294 0.055186 0.164431
0.645222 0.0111442 0.0678262
0.615447 0.0551844 0.0968077
0.610493 -0.0377947 0.164431
0.610499 -0.120986 0.169262
0.769271 -0.0426757 0.0871472
0.684914 0.0405091 0.198243
0.689891 -0.155235 0.198243
0.684918 -0.0133207 0.0678262
0.635294 0.055186 0.174092
0.744465 -0.0769331 0.198243
0.729587 -0.174807 0.159601
0.679969 -0.174811 0.0968077
0.684916 0.0111474 0.0678262
0.65516 -0.174813 0.101638
0.689881 -0.0231076 0.198243
0.65018 0.0551872 0.14028
0.684915 0.0209346 0.0678262
0.689892 -0.169916 0.0678262
0.640256 0.0551864 0.174092
0.769269 -0.0231013 0.0726565
0.709739 -0.169915 0.0678262
0.684914 0.0405091 0.0678262
0.689891 -0.155235 0.0678262
0.764305 0.0111537 0.0678262
0.610498 -0.106305 0.0678262
0.744455 0.0405138 0.0678262
0.67996 -0.067151 0.0678262
0.67996 -0.0622573 0.0678262
0.679959 -0.0524701 0.0678262
0.70973 -0.0524677 0.0678262
0.769279 -0.140548 0.0919775
0.734549 -0.174806 0.169262
0.679959 -0.0475765 0.0678262
0.670027 0.0551888 0.106468
0.610498 -0.106305 0.198243
0.679957 -0.0231084 0.0678262
0.76432 -0.174804 0.14028
0.699799 0.0405103 0.198243
0.704776 -0.145447 0.198243
0.769276 -0.106293 0.13545
0.635298 0.0111434 0.0678262
0.610502 -0.150348 0.0678262
0.675007 -0.169917 0.0678262
0.645223 -0.00353664 0.0678262
0.675006 -0.165024 0.0678262
0.675006 -0.155237 0.0678262
0.70476 0.0551915 0.082317
0.675004 -0.140556 0.0678262
0.665065 0.0551884 0.120959
0.675004 -0.130768 0.0678262
0.640273 -0.150346 0.198243
0.675003 -0.125875 0.0678262
0.675003 -0.120981 0.0678262
0.70974 -0.174808 0.188583
0.610487 0.0405032 0.0726565
0.699816 -0.174809 0.120959
0.674999 -0.072045 0.0678262
0.674999 -0.0671513 0.0678262
0.739501 -0.0524654 0.198243
0.610499 -0.120986 0.14511
0.610501 -0.140561 0.13545
0.674996 -0.0377896 0.0678262
0.610498 -0.101412 0.159601
0.769271 -0.0377821 0.14028
0.674996 -0.0280024 0.0678262
0.769274 -0.0867183 0.169262
0.679965 -0.120981 0.0678262
0.674995 -0.0182151 0.0678262
0.684925 -0.0965123 0.0678262
0.679965 -0.130768 0.0678262
0.674994 -0.00842789 0.0678262
0.630348 -0.140559 0.0678262
0.759348 -0.0475702 0.0678262
0.679968 -0.165023 0.0678262
0.674991 0.0258275 0.0678262
0.759354 -0.125868 0.0678262
0.699807 -0.0573621 0.0678262
0.670045 -0.165024 0.0678262
0.610494 -0.0573692 0.149941
0.754383 -0.00842158 0.198243
0.769264 0.0405158 0.13062
0.67004 -0.111194 0.0678262
0.679951 0.0551896 0.164431
0.769265 0.0356222 0.14028
0.67004 -0.106301 0.0678262
0.655144 0.0209323 0.0678262
0.610489 0.00624784 0.0919775
0.739511 -0.174806 0.101638
0.670038 -0.076939 0.0678262
0.769272 -0.0573566 0.0968077
0.610497 -0.086731 0.125789
0.670037 -0.0671517 0.0678262
0.74447 -0.14055 0.198243
0.670035 -0.0426836 0.0678262
0.610491 -0.0133266 0.14511
0.694854 -0.174809 0.0919775
0.635298 0.0160371 0.198243
0.610492 -0.0231139 0.13062
0.625389 -0.174815 0.101638
0.61049 -0.0035394 0.13062
0.699816 -0.174809 0.14511
0.670027 0.0502952 0.0678262
0.729585 -0.150339 0.198243
0.714683 0.0551923 0.0678262
0.665084 -0.174812 0.0678262
0.665082 -0.150344 0.0678262
0.655142 0.0551876 0.149941
0.66508 -0.130769 0.0678262
0.665079 -0.120982 0.0678262
0.754391 -0.111188 0.0678262
0.744454 0.0551947 0.111299
0.665079 -0.111195 0.0678262
0.610491 -0.00843302 0.0774867
0.625389 -0.174815 0.13062
0.769267 0.0111541 0.164431
0.650197 -0.165026 0.198243
0.610496 -0.0769437 0.116129
0.754396 -0.174805 0.174092
0.769269 -0.0231013 0.188583
0.665075 -0.0720458 0.0678262
0.764301 0.0551963 0.082317
0.665074 -0.0573649 0.0678262
0.665074 -0.0524713 0.0678262
0.754394 -0.150337 0.198243
0.665073 -0.0475776 0.0678262
0.759343 0.00625967 0.0678262
0.660103 0.055188 0.183752
0.665073 -0.0377904 0.0678262
0.665072 -0.0280032 0.0678262
0.709732 -0.0720422 0.198243
0.66507 -0.00842868 0.0678262
0.62042 -0.0867302 0.198243
0.665068 0.020933 0.0678262
0.610497 -0.0916246 0.082317
0.665066 0.0405075 0.0678262
0.704762 0.0209362 0.0678262
0.665066 0.0454011 0.0678262
0.610495 -0.0671565 0.13062
0.660122 -0.174812 0.0678262
0.75934 0.0551959 0.198243
0.650197 -0.165026 0.0678262
0.610493 -0.0426884 0.193413
0.684913 0.05519 0.174092
0.615466 -0.174816 0.169262
0.744455 0.0405138 0.198243
0.660117 -0.116089 0.0678262
0.679964 -0.111194 0.0678262
0.660115 -0.0916206 0.0678262
0.759344 0.00136605 0.198243
0.679955 -0.00353388 0.198243
0.660114 -0.0720461 0.0678262
0.670041 -0.116088 0.0678262
0.610489 0.0111415 0.0726565
0.769276 -0.101399 0.0871472
0.660112 -0.0573653 0.0678262
0.660112 -0.047578 0.0678262
0.610487 0.0307159 0.13545
0.734539 -0.0475721 0.0678262
0.660119 -0.135663 0.0678262
0.610494 -0.0524756 0.159601
0.674989 0.0502956 0.0678262
0.660109 -0.0182163 0.0678262
0.769267 0.0111541 0.111299
0.694854 -0.174809 0.174092
0.744454 0.0551947 0.14511
0.660109 -0.00842908 0.0678262
0.70476 0.0551915 0.0678262
0.769279 -0.150335 0.106468
0.734549 -0.174806 0.0871472
0.660107 0.00625179 0.0678262
0.610493 -0.0426884 0.0678262
0.660107 0.016039 0.0678262
0.764301 0.0551963 0.154771
0.660105 0.0307199 0.0678262
0.660103 0.055188 0.0678262
0.655157 -0.135664 0.0678262
0.645222 0.0062506 0.0678262
0.655156 -0.125876 0.0678262
0.754379 0.035621 0.0678262
0.769267 0.00626046 0.101638
0.655153 -0.091621 0.0678262
0.610491 -0.0182203 0.106468
0.655152 -0.0769402 0.0678262
0.65515 -0.0524721 0.0678262
0.650193 -0.111196 0.0678262
0.635294 0.055186 0.198243
0.610487 0.0356096 0.0774867
0.684927 -0.130768 0.0678262
0.610487 0.0307159 0.13062
0.65515 -0.0475784 0.0678262
0.610487 0.0307159 0.082317
0.749416 0.0551951 0.178922
0.769267 0.0111541 0.120959
0.655149 -0.0377912 0.0678262
0.635302 -0.0377928 0.0678262
0.610494 -0.047582 0.0968077
0.769265 0.0307286 0.154771
0.655148 -0.028004 0.0678262
0.655148 -0.0231103 0.0678262
0.655146 0.00135777 0.0678262
0.670045 -0.174811 0.154771
0.650195 -0.13077 0.0678262
0.650192 -0.101409 0.0678262
0.729586 -0.165019 0.0678262
0.610503 -0.165029 0.13062
0.650191 -0.0867278 0.0678262
0.6105 -0.130774 0.154771
0.650189 -0.0573661 0.0678262
0.630333 0.0551856 0.174092
0.610499 -0.116093 0.13062
0.650185 -0.0133235 0.0678262
0.675003 -0.116088 0.0678262
0.769265 0.0258349 0.14028
0.650185 -0.00842987 0.0678262
0.729579 -0.0720406 0.198243
0.650185 -0.00353624 0.0678262
0.610498 -0.0965182 0.0774867
0.670045 -0.174811 0.106468
0.610488 0.0258223 0.174092
0.610504 -0.174816 0.120959
0.650181 0.0356127 0.0678262
0.650181 0.0405063 0.0678262
0.76432 -0.174804 0.125789
0.65018 0.0502936 0.0678262
0.65018 0.0551872 0.0678262
0.610502 -0.155242 0.0774867
0.704777 -0.165021 0.198243
0.769268 -0.00352678 0.0726565
0.684918 -0.0182143 0.0678262
0.665075 -0.0622585 0.0678262
0.744458 0.00625849 0.198243
0.704775 -0.140553 0.198243
0.645234 -0.140558 0.0678262
0.670044 -0.160131 0.0678262
0.64523 -0.0965154 0.0678262
0.610498 -0.106305 0.125789
0.610501 -0.145454 0.0968077
0.645227 -0.0573665 0.0678262
0.744454 0.0551947 0.0871472
0.645226 -0.0475792 0.0678262
0.739511 -0.174806 0.193413
0.620415 -0.0231131 0.0678262
0.73454 -0.0671466 0.0678262
0.645224 -0.0133239 0.0678262
0.645221 0.0160378 0.0678262
0.615447 0.0551844 0.198243
0.620425 -0.14056 0.198243
0.679951 0.0454023 0.0678262
0.610492 -0.0231139 0.116129
0.645219 0.0453996 0.0678262
0.645218 0.0502932 0.0678262
0.640275 -0.174814 0.0678262
0.610501 -0.145454 0.101638
0.640274 -0.16992 0.0678262
0.734549 -0.174806 0.198243
0.729571 0.0209382 0.198243
0.769269 -0.013314 0.0726565
0.724609 0.030725 0.0678262
0.640273 -0.155239 0.0678262
0.640273 -0.150346 0.0678262
0.650187 -0.032898 0.0678262
0.709728 -0.0279996 0.0678262
0.640271 -0.135665 0.0678262
0.769281 -0.165016 0.198243
0.640269 -0.101409 0.0678262
0.660122 -0.174812 0.198243
0.749434 -0.174805 0.169262
0.625389 -0.174815 0.0871472
0.689882 -0.0475757 0.198243
0.610499 -0.120986 0.193413
0.640264 -0.0475796 0.0678262
0.640264 -0.042686 0.0678262
0.63034 -0.0328995 0.0678262
0.64027 -0.11609 0.0678262
0.65018 0.0551872 0.106468
0.714702 -0.174808 0.178922
0.640263 -0.0280051 0.0678262
0.70476 0.0551915 0.149941
0.640262 -0.0182179 0.0678262
0.640262 -0.0133243 0.0678262
0.620417 -0.0475812 0.0678262
0.640261 0.00135659 0.0678262
0.64026 0.0111438 0.0678262
0.709737 -0.145447 0.198243
0.640259 0.0209311 0.0678262
0.734538 -0.0328913 0.0678262
0.684917 0.00136014 0.0678262
0.665073 -0.042684 0.0678262
0.640259 0.0258247 0.0678262
0.719648 0.0160438 0.0678262
0.699798 0.0551912 0.183752
0.610502 -0.155242 0.14028
0.640258 0.0307183 0.0678262
0.640257 0.0405056 0.0678262
0.625389 -0.174815 0.082317
0.724607 0.0502995 0.0678262
0.674997 -0.0426832 0.0678262
0.729585 -0.150339 0.0678262
0.610501 -0.145454 0.14511
0.640257 0.0453992 0.0678262
0.769278 -0.135655 0.193413
0.679969 -0.169917 0.0678262
0.635313 -0.174814 0.0678262
0.754378 0.0551955 0.0678262
0.610487 0.0356096 0.159601
0.61049 -0.0035394 0.159601
0.675006 -0.16013 0.0678262
0.640263 -0.0328988 0.0678262
0.655153 -0.0867274 0.0678262
0.694842 -0.0182136 0.198243
0.769273 -0.0622502 0.149941
0.635311 -0.150346 0.0678262
0.724608 0.0405123 0.0678262
0.63531 -0.140559 0.0678262
0.660121 -0.160131 0.0678262
0.610488 0.0209287 0.0774867
0.635309 -0.130772 0.0678262
0.684931 -0.17481 0.0726565
0.749434 -0.174805 0.174092
0.635308 -0.116091 0.0678262
0.635308 -0.111197 0.0678262
0.684916 0.00625376 0.0678262
0.769277 -0.120974 0.0968077
0.665083 -0.165025 0.0678262
0.635306 -0.086729 0.0678262
0.610494 -0.0573692 0.183752
0.660111 -0.0426844 0.0678262
0.769264 0.0503031 0.149941
0.635305 -0.0720481 0.0678262
0.645231 -0.101409 0.0678262
0.635304 -0.0671545 0.0678262
0.694836 0.0551908 0.125789
0.764314 -0.1014 0.198243
0.645225 -0.0280047 0.198243
0.650198 -0.174813 0.14028
0.635303 -0.0573673 0.0678262
0.769277 -0.120974 0.101638
0.635303 -0.0524736 0.0678262
0.734531 0.0551939 0.0871472
0.635302 -0.0426864 0.0678262
0.635301 -0.0328992 0.0678262
0.694841 -0.00353269 0.0678262
0.6353 -0.0133247 0.0678262
0.719651 -0.013318 0.0678262
0.769266 0.0209413 0.0726565
0.635298 0.0160371 0.0678262
0.769267 0.0111541 0.101638
0.650198 -0.174813 0.0919775
0.635297 0.0209307 0.0678262
0.679962 -0.0818318 0.0678262
0.6105 -0.130774 0.120959
0.635296 0.0307179 0.0678262
0.729584 -0.135658 0.0678262
0.610492 -0.0280075 0.164431
0.630351 -0.174815 0.0678262
0.6105 -0.130774 0.0774867
0.630351 -0.169921 0.0678262
0.63035 -0.160134 0.0678262
0.724607 0.0502995 0.198243
0.76432 -0.174804 0.159601
0.630349 -0.15524 0.0678262
0.65018 0.0551872 0.0871472
0.630349 -0.150346 0.0678262
0.610498 -0.101412 0.169262
0.630349 -0.145453 0.0678262
0.769279 -0.150335 0.164431
0.734549 -0.174806 0.13545
0.630348 -0.135666 0.0678262
0.610501 -0.140561 0.169262
0.76927 -0.0328885 0.0871472
0.630347 -0.130772 0.0678262
0.744472 -0.174805 0.082317
0.675004 -0.135662 0.0678262
0.724624 -0.16502 0.198243
0.724607 0.0551931 0.154771
0.76927 -0.0279949 0.082317
0.684913 0.0454027 0.198243
0.68989 -0.145448 0.198243
0.630346 -0.106304 0.0678262
0.630345 -0.10141 0.0678262
0.769275 -0.0965056 0.154771
0.630344 -0.091623 0.0678262
0.610501 -0.135667 0.193413
0.6105 -0.130774 0.193413
0.769278 -0.130761 0.101638
0.660113 -0.0622589 0.0678262
0.699805 -0.0377876 0.0678262
0.6105 -0.12588 0.193413
0.769277 -0.11608 0.120959
0.630342 -0.0622613 0.0678262
0.769274 -0.0769311 0.164431
0.714688 -0.00353112 0.198243
0.630341 -0.052474 0.0678262
0.640275 -0.174814 0.178922
0.630341 -0.0475804 0.0678262
0.63034 -0.0426868 0.0678262
0.769279 -0.140548 0.0968077
0.734549 -0.174806 0.164431
0.630339 -0.0231123 0.0678262
0.610499 -0.120986 0.149941
0.635312 -0.169921 0.0678262
0.630335 0.0209303 0.0678262
0.769274 -0.0818247 0.193413
0.689878 0.00625415 0.0678262
0.630335 0.0307175 0.0678262
0.610487 0.0405032 0.164431
0.744454 0.0551947 0.14028
0.625384 -0.106304 0.0678262
0.674989 0.0551892 0.188583
0.679963 -0.0965127 0.0678262
0.769271 -0.0475694 0.154771
0.630333 0.050292 0.0678262
0.645236 -0.174813 0.0774867
0.630333 0.0551856 0.0678262
0.769271 -0.0426757 0.188583
0.734536 -0.0182104 0.198243
0.769269 -0.0231013 0.0871472
0.625389 -0.174815 0.0678262
0.610491 -0.00843302 0.164431
0.625388 -0.165028 0.0678262
0.769269 -0.013314 0.111299
0.625388 -0.15524 0.0678262
0.769275 -0.091612 0.13062
0.645236 -0.174813 0.116129
0.625385 -0.125879 0.0678262
0.625385 -0.120985 0.0678262
0.625385 -0.116091 0.0678262
0.610486 0.0502904 0.14028
0.625384 -0.111198 0.0678262
0.74942 0.00625889 0.198243
0.610503 -0.160135 0.183752
0.625382 -0.0867298 0.0678262
0.739511 -0.174806 0.188583
0.625381 -0.0769425 0.0678262
0.655158 -0.150344 0.0678262
0.625381 -0.0720489 0.0678262
0.764307 -0.0133144 0.198243
0.625381 -0.0671553 0.0678262
0.610485 0.0551841 0.188583
0.70476 0.0551915 0.164431
0.62538 -0.0622617 0.0678262
0.610502 -0.150348 0.14028
0.625379 -0.0524744 0.0678262
0.625379 -0.0475808 0.0678262
0.739502 -0.0720398 0.198243
0.610501 -0.135667 0.111299
0.694854 -0.174809 0.0774867
0.625377 -0.0280063 0.0678262
0.6105 -0.12588 0.0726565
0.674998 -0.0622577 0.0678262
0.625377 -0.0231127 0.0678262
0.610503 -0.169923 0.082317
0.754396 -0.174805 0.0774867
0.679952 0.0356151 0.0678262
0.689879 0.00136053 0.198243
0.709722 0.0551919 0.174092
0.625373 0.0258235 0.0678262
0.625373 0.0307171 0.0678262
0.660118 -0.120982 0.0678262
0.625372 0.045398 0.0678262
0.620425 -0.145454 0.0678262
0.610496 -0.0720501 0.159601
0.650198 -0.174813 0.13062
0.759358 -0.174804 0.14511
0.769278 -0.125867 0.0774867
0.62042 -0.0867302 0.0678262
0.615447 0.0551844 0.154771
0.68988 -0.018214 0.198243
0.62042 -0.0769429 0.0678262
0.620419 -0.0671557 0.0678262
0.749434 -0.174805 0.125789
0.620418 -0.0573684 0.0678262
0.620418 -0.0524748 0.0678262
0.610495 -0.0622629 0.0726565
0.620416 -0.037794 0.0678262
0.769275 -0.0965056 0.13062
0.620416 -0.0329003 0.0678262
0.769272 -0.052463 0.13062
0.679958 -0.0377892 0.0678262
0.610501 -0.140561 0.174092
0.769271 -0.0377821 0.154771
0.620413 0.00624863 0.0678262
0.650187 -0.0280043 0.0678262
0.625389 -0.174815 0.198243
0.694854 -0.174809 0.125789
0.769268 -0.00352678 0.164431
0.670043 -0.14545 0.0678262
0.620411 0.0307167 0.0678262
0.620411 0.0356104 0.0678262
0.744472 -0.174805 0.164431
0.635313 -0.174814 0.0968077
0.615466 -0.174816 0.0678262
0.615464 -0.160135 0.0678262
0.610503 -0.160135 0.0871472
0.6105 -0.12588 0.0678262
0.615463 -0.14056 0.0678262
0.764301 0.0551963 0.149941
0.615462 -0.135667 0.0678262
0.615462 -0.130773 0.0678262
0.679967 -0.155236 0.0678262
0.610498 -0.101412 0.178922
0.689875 0.0502967 0.0678262
0.630351 -0.169921 0.198243
0.615461 -0.111199 0.0678262
0.769281 -0.174804 0.149941
0.640268 -0.0867286 0.198243
0.615458 -0.0769433 0.0678262
0.665065 0.0551884 0.125789
0.729587 -0.169913 0.198243
0.615456 -0.0524752 0.0678262
0.615452 -0.00843263 0.0678262
0.615452 0.00135462 0.0678262
0.615451 0.00624824 0.0678262
0.714699 -0.145446 0.198243
0.684913 0.05519 0.0774867
0.724625 -0.174807 0.13062
0.660103 0.055188 0.0726565
0.769269 -0.0182076 0.14028
0.64523 -0.0916218 0.0678262
0.61545 0.0160355 0.0678262
0.670045 -0.174811 0.183752
0.650183 0.0209319 0.0678262
0.620424 -0.130773 0.0678262
0.615448 0.0453972 0.0678262
0.699801 0.0160422 0.0678262
0.620425 -0.14056 0.0678262
0.615447 0.0551844 0.0678262
0.754393 -0.130762 0.198243
0.665082 -0.155237 0.0678262
0.660105 0.0405071 0.0678262
0.610487 0.0405032 0.193413
0.610503 -0.169923 0.0678262
0.630351 -0.174815 0.198243
0.689874 0.0551904 0.0678262
0.670027 0.0551888 0.0871472
0.610501 -0.145454 0.0678262
0.684924 -0.086725 0.0678262
0.684919 -0.0280016 0.0678262
0.749426 -0.0769327 0.198243
0.769274 -0.0769311 0.106468
0.610498 -0.101412 0.0678262
0.640256 0.0551864 0.149941
0.689889 -0.135661 0.0678262
0.769281 -0.174804 0.111299
0.769278 -0.130761 0.120959
0.630344 -0.0867294 0.0678262
0.610498 -0.0965182 0.0678262
0.764303 0.0307282 0.198243
0.655159 -0.160132 0.0678262
0.640267 -0.081835 0.0678262
0.679959 -0.0475765 0.198243
0.610496 -0.0769437 0.0678262
0.610495 -0.0622629 0.0678262
0.650193 -0.106302 0.0678262
0.759342 0.0258342 0.198243
0.769267 0.00136684 0.193413
0.630337 -0.00353782 0.0678262
0.610494 -0.0573692 0.0678262
0.769267 0.00626046 0.178922
0.749419 0.0111525 0.0678262
0.610494 -0.0524756 0.0678262
0.769274 -0.0867183 0.106468
0.610492 -0.0329011 0.0678262
0.610491 -0.0182203 0.0678262
0.610489 0.00624784 0.0678262
0.610489 0.0111415 0.0678262
0.610489 0.0160351 0.0678262
0.75439 -0.1014 0.198243
0.655144 0.0258259 0.0678262
0.70476 0.0551915 0.0919775
0.610488 0.0209287 0.0678262
0.630337 0.00624942 0.0678262
0.610487 0.0356096 0.0678262
0.610504 -0.174816 0.154771
0.744472 -0.174805 0.183752
0.610486 0.0453968 0.0678262
0.610485 0.0551841 0.0678262
0.769281 -0.16991 0.198243
0.769264 0.0503031 0.101638
0.625376 -0.0133255 0.198243
0.630343 -0.0720485 0.0678262
0.719653 -0.0426797 0.198243
0.640275 -0.174814 0.13062
0.689888 -0.111193 0.0678262
0.769279 -0.145442 0.198243
0.769279 -0.140548 0.198243
0.769278 -0.135655 0.198243
0.769274 -0.0818247 0.14028
0.759358 -0.174804 0.183752
0.769278 -0.130761 0.198243
0.610494 -0.047582 0.125789
0.655145 0.0160386 0.0678262
0.769278 -0.125867 0.198243
0.724616 -0.0573602 0.0678262
0.615447 0.0551844 0.116129
0.610493 -0.0377947 0.193413
0.655148 -0.0182167 0.0678262
0.769277 -0.11608 0.198243
0.769275 -0.091612 0.13545
0.645236 -0.174813 0.120959
0.640256 0.0551864 0.0678262
0.739502 -0.0671462 0.198243
0.6105 -0.130774 0.0968077
0.64522 0.0356123 0.0678262
0.769276 -0.111186 0.198243
0.769274 -0.0867183 0.198243
0.769274 -0.0818247 0.198243
0.769273 -0.0720375 0.198243
0.769273 -0.0671439 0.198243
0.694848 -0.0916179 0.198243
0.684914 0.0356155 0.0678262
0.689891 -0.160129 0.0678262
0.769273 -0.0622502 0.198243
0.655144 0.0307195 0.198243
0.694836 0.0551908 0.101638
0.684927 -0.12098 0.0678262
0.674991 0.0307211 0.0678262
0.769271 -0.0475694 0.198243
0.769275 -0.0965056 0.0678262
0.61049 -0.0035394 0.082317
0.6105 -0.130774 0.13062
0.76927 -0.0328885 0.198243
0.610485 0.0551841 0.193413
0.769269 -0.0182076 0.198243
0.630343 -0.0769421 0.0678262
0.719652 -0.0328924 0.198243
0.670027 0.0551888 0.174092
0.610498 -0.106305 0.178922
0.769269 -0.013314 0.198243
0.769268 -0.00352678 0.198243
0.684922 -0.0622569 0.0678262
0.610487 0.0356096 0.188583
0.769265 0.0258349 0.198243
0.724615 -0.0475729 0.198243
0.769272 -0.0573566 0.13062
0.610497 -0.086731 0.0968077
0.610494 -0.0573692 0.116129
0.70476 0.0551915 0.159601
0.625371 0.0502916 0.0678262
0.769264 0.0405158 0.198243
0.645218 0.0551868 0.101638
0.769264 0.0503031 0.198243
0.66508 -0.125876 0.0678262
0.769263 0.0551967 0.198243
0.744456 0.0356202 0.0678262
0.749433 -0.155231 0.0678262
0.764314 -0.106293 0.198243
0.660112 -0.0524717 0.0678262
0.635299 -0.00353743 0.0678262
0.694845 -0.0573625 0.0678262
0.769273 -0.0622502 0.178922
0.615453 -0.0182199 0.0678262
0.769266 0.0160477 0.13545
0.764313 -0.0916123 0.198243
0.699812 -0.120979 0.0678262
0.769267 0.00626046 0.198243
0.660103 0.055188 0.14028
0.769269 -0.0182076 0.111299
0.625388 -0.160134 0.0678262
0.610489 0.0111415 0.13545
0.764313 -0.0867187 0.198243
0.769264 0.0405158 0.125789
0.764311 -0.0671442 0.198243
0.610493 -0.0426884 0.0968077
0.769267 0.00626046 0.164431
0.76431 -0.0524634 0.198243
0.764309 -0.0426761 0.198243
0.764308 -0.0279953 0.198243
0.739508 -0.145444 0.198243
0.610487 0.0405032 0.188583
0.769263 0.0551967 0.13545
0.764308 -0.0231017 0.198243
0.610496 -0.0720501 0.0726565
0.739495 0.0258326 0.198243
0.764306 0.00136645 0.198243
0.620427 -0.174815 0.0774867
0.65516 -0.174813 0.169262
0.764305 0.00626007 0.198243
0.610499 -0.120986 0.13545
0.660104 0.0502944 0.0678262
0.610503 -0.169923 0.125789
0.764305 0.0111537 0.198243
0.769274 -0.0867183 0.0726565
0.610492 -0.0329011 0.13062
0.769265 0.0356222 0.159601
0.650196 -0.150345 0.0678262
0.764302 0.045409 0.198243
0.764302 0.0503027 0.198243
0.764301 0.0551963 0.198243
0.610495 -0.0671565 0.14028
0.645235 -0.160133 0.0678262
0.759358 -0.174804 0.198243
0.769273 -0.0671439 0.188583
0.714687 0.00625612 0.198243
0.759356 -0.15523 0.198243
0.6998 0.0258294 0.0678262
0.704774 -0.130766 0.0678262
0.610497 -0.086731 0.154771
0.759356 -0.150336 0.198243
0.61049 0.00135422 0.106468
0.76928 -0.160123 0.198243
0.615447 0.0551844 0.178922
0.635308 -0.111197 0.198243
0.65018 0.0551872 0.193413
0.714702 -0.174808 0.188583
0.759352 -0.0965064 0.198243
0.610495 -0.0671565 0.0678262
0.704768 -0.0524681 0.0678262
0.759349 -0.062251 0.198243
0.739492 0.0551943 0.14028
0.759347 -0.0426765 0.198243
0.719652 -0.0328924 0.0678262
0.610501 -0.145454 0.193413
0.689893 -0.17481 0.154771
0.759347 -0.0377829 0.198243
0.759345 -0.0133148 0.198243
0.769278 -0.130761 0.149941
0.759345 -0.00842119 0.198243
0.645222 0.00135698 0.0678262
0.704778 -0.174809 0.193413
0.724612 -0.00353033 0.198243
0.610501 -0.135667 0.149941
0.759342 0.0209405 0.198243
0.764317 -0.140549 0.198243
0.759341 0.0307278 0.198243
0.769274 -0.0769311 0.178922
0.610499 -0.111199 0.183752
0.684918 -0.0084271 0.0678262
0.650182 0.0258255 0.0678262
0.689893 -0.17481 0.169262
0.610487 0.0307159 0.0678262
0.610497 -0.0916246 0.0678262
0.754395 -0.160124 0.198243
0.754394 -0.15523 0.198243
0.610494 -0.047582 0.13545
0.754391 -0.111188 0.198243
0.75439 -0.0965068 0.198243
0.764312 -0.0818251 0.0678262
0.635305 -0.0818354 0.0678262
0.754389 -0.0916131 0.198243
0.764303 0.0356218 0.198243
0.754389 -0.0867195 0.198243
0.754389 -0.0818259 0.198243
0.610502 -0.155242 0.0678262
0.754388 -0.0769323 0.198243
0.615459 -0.0916242 0.0678262
0.754388 -0.0720387 0.198243
0.679964 -0.1063 0.0678262
0.610486 0.0502904 0.169262
0.655142 0.050294 0.0678262
0.754387 -0.067145 0.198243
0.6105 -0.130774 0.116129
0.754386 -0.0426769 0.198243
0.655151 -0.0622593 0.0678262
0.699812 -0.125873 0.198243
0.610503 -0.160135 0.082317
0.754384 -0.0279961 0.198243
0.694836 0.0551908 0.13545
0.610503 -0.165029 0.0774867
0.769264 0.0405158 0.183752
0.754384 -0.0231024 0.198243
0.645235 -0.155239 0.0678262
0.714686 0.020937 0.198243
0.719663 -0.174807 0.198243
0.769271 -0.0475694 0.106468
0.679969 -0.174811 0.154771
0.615464 -0.155241 0.0678262
0.6105 -0.130774 0.183752
0.769265 0.0307286 0.101638
0.754381 0.0160465 0.198243
0.764312 -0.0769315 0.0678262
0.769266 0.0209413 0.0678262
0.75438 0.0209401 0.198243
0.610494 -0.0573692 0.101638
0.640269 -0.106303 0.0678262
0.75438 0.0258338 0.198243
0.684928 -0.145448 0.198243
0.754396 -0.174805 0.0726565
0.759355 -0.145443 0.198243
0.615447 0.0551844 0.193413
0.610493 -0.0377947 0.0678262
0.62042 -0.0818365 0.0678262
0.754378 0.0454082 0.198243
0.650197 -0.160132 0.0678262
0.729569 0.0551935 0.154771
0.749431 -0.14055 0.198243
0.769268 -0.0084204 0.0726565
0.724608 0.0356186 0.0678262
0.749431 -0.135656 0.198243
0.749431 -0.130763 0.198243
0.734543 -0.0965083 0.198243
0.734531 0.0551939 0.159601
0.769264 0.0454094 0.149941
0.650195 -0.135664 0.0678262
0.709724 0.0258302 0.198243
0.610491 -0.00843302 0.120959
0.74943 -0.116082 0.198243
0.749429 -0.111188 0.198243
0.749416 0.0551951 0.101638
0.620421 -0.0965174 0.0678262
0.749429 -0.106294 0.198243
0.675004 -0.140556 0.198243
0.620414 -0.00353861 0.198243
0.704778 -0.174809 0.188583
0.749427 -0.0818263 0.198243
0.76432 -0.174804 0.198243
0.759343 0.0160469 0.198243
0.674995 -0.0231088 0.0678262
0.769276 -0.106293 0.14028
0.749425 -0.0622518 0.198243
0.714683 0.0551923 0.183752
0.749425 -0.0573582 0.198243
0.704769 -0.067149 0.198243
0.749425 -0.0524646 0.198243
0.684913 0.05519 0.188583
0.724625 -0.174807 0.164431
0.610486 0.0502904 0.0678262
0.76927 -0.0328885 0.154771
0.749423 -0.0377837 0.198243
0.764312 -0.0818251 0.198243
0.610492 -0.0280075 0.111299
0.630333 0.0551856 0.14028
0.645236 -0.174813 0.101638
0.769271 -0.0426757 0.159601
0.749423 -0.0328901 0.198243
0.640266 -0.0720477 0.0678262
0.650192 -0.101409 0.198243
0.645218 0.0551868 0.164431
0.679954 0.0160406 0.0678262
0.625376 -0.0133255 0.0678262
0.749423 -0.0279965 0.198243
0.610486 0.0453968 0.082317
0.749422 -0.0231028 0.198243
0.630351 -0.174815 0.178922
0.769268 -0.00352678 0.149941
0.749422 -0.0182092 0.198243
0.719655 -0.0671478 0.198243
0.6105 -0.130774 0.106468
0.670045 -0.165024 0.198243
0.660111 -0.0377908 0.0678262
0.769265 0.0258349 0.169262
0.625378 -0.0377936 0.0678262
0.679952 0.0405087 0.198243
0.610488 0.0209287 0.082317
0.749419 0.0111525 0.198243
0.769264 0.0405158 0.0774867
0.655154 -0.101408 0.0678262
0.749419 0.0209397 0.198243
0.645227 -0.0622601 0.0678262
0.665079 -0.116088 0.198243
0.645218 0.0551868 0.0726565
0.625376 -0.00353822 0.0678262
0.749418 0.0258334 0.198243
0.769265 0.0356222 0.164431
0.749418 0.030727 0.198243
0.66508 -0.125876 0.198243
0.749417 0.0405142 0.198243
0.749417 0.0454079 0.198243
0.76927 -0.0279949 0.0774867
0.709738 -0.15034 0.0678262
0.66507 0.00135856 0.0678262
0.744472 -0.174805 0.198243
0.610488 0.0258223 0.188583
0.744472 -0.169912 0.198243
0.68492 -0.0426825 0.0678262
0.61049 -0.0035394 0.198243
0.744472 -0.165018 0.198243
0.679951 0.0551896 0.0678262
0.759355 -0.135655 0.198243
0.610487 0.0356096 0.169262
0.744471 -0.155231 0.198243
0.74447 -0.150337 0.198243
0.74447 -0.145444 0.198243
0.719647 0.025831 0.0678262
0.744469 -0.135657 0.198243
0.744469 -0.130763 0.198243
0.620418 -0.0524748 0.198243
0.744468 -0.120976 0.198243
0.764319 -0.16991 0.198243
0.759343 0.0111533 0.198243
0.684925 -0.0965123 0.198243
0.640256 0.0551864 0.178922
0.630339 -0.0231123 0.198243
0.610503 -0.160135 0.14028
0.744468 -0.116082 0.198243
0.744467 -0.111188 0.198243
0.610498 -0.101412 0.13545
0.744467 -0.106295 0.198243
0.625386 -0.14056 0.0678262
0.610489 0.0160351 0.116129
0.744467 -0.101401 0.198243
0.769271 -0.0475694 0.0968077
0.679969 -0.174811 0.0678262
0.67499 0.0356147 0.0678262
0.744466 -0.0916139 0.198243
0.739511 -0.174806 0.178922
0.744464 -0.0720394 0.198243
0.744468 -0.120976 0.0678262
0.769277 -0.120974 0.149941
0.744464 -0.0622522 0.198243
0.744463 -0.0573586 0.198243
0.679951 0.0551896 0.106468
0.744462 -0.0426777 0.198243
0.675 -0.0818322 0.0678262
0.68989 -0.140554 0.198243
0.744461 -0.0328905 0.198243
0.640268 -0.0965158 0.0678262
0.74446 -0.0231032 0.198243
0.610492 -0.0231139 0.120959
0.665067 0.0307203 0.0678262
0.610494 -0.047582 0.0726565
0.610485 0.0551841 0.174092
0.769273 -0.0671439 0.164431
0.764308 -0.0279953 0.0678262
0.744458 0.00136487 0.198243
0.670032 -0.00353467 0.0678262
0.719663 -0.174807 0.116129
0.610501 -0.135667 0.13545
0.769279 -0.145442 0.0919775
0.749434 -0.169911 0.198243
0.744456 0.025833 0.198243
0.650184 0.00135738 0.0678262
0.749433 -0.155231 0.198243
0.744456 0.0356202 0.198243
0.699798 0.0551912 0.149941
0.749432 -0.150337 0.198243
0.744455 0.0454075 0.198243
0.76928 -0.155229 0.164431
0.749432 -0.145443 0.198243
0.744455 0.0503011 0.198243
0.70974 -0.174808 0.198243
0.73951 -0.169912 0.198243
0.610489 0.0160351 0.188583
0.73951 -0.165019 0.198243
0.699798 0.0551912 0.198243
0.704777 -0.160128 0.198243
0.665068 0.0160394 0.0678262
0.640256 0.0551864 0.14511
0.739509 -0.155231 0.198243
0.694848 -0.0965115 0.198243
0.709722 0.0551919 0.0774867
0.650186 -0.0182171 0.198243
0.739507 -0.130763 0.198243
0.640275 -0.174814 0.164431
0.739507 -0.12587 0.198243
0.769278 -0.130761 0.116129
0.679957 -0.0231084 0.198243
0.640263 -0.0231115 0.0678262
0.610501 -0.135667 0.0774867
0.739505 -0.106295 0.198243
0.635295 0.0502924 0.0678262
0.764312 -0.0769315 0.198243
0.739505 -0.101402 0.198243
0.744454 0.0551947 0.198243
0.769279 -0.140548 0.106468
0.739503 -0.0818271 0.198243
0.610501 -0.145454 0.0919775
0.739499 -0.0279972 0.198243
0.764304 0.0160473 0.198243
0.675007 -0.174811 0.14028
0.709733 -0.0916167 0.198243
0.615456 -0.0573688 0.0678262
0.714683 0.0551923 0.154771
0.739497 0.00136448 0.198243
0.739495 0.020939 0.198243
0.630336 0.011143 0.0678262
0.620415 -0.0182195 0.0678262
0.714702 -0.174808 0.183752
0.76927 -0.0328885 0.106468
0.734537 -0.023104 0.0678262
0.739494 0.0356198 0.198243
0.739493 0.0405134 0.198243
0.739493 0.0454071 0.198243
0.769265 0.0307286 0.198243
0.769271 -0.0426757 0.0726565
0.709737 -0.135659 0.0678262
0.739493 0.0503007 0.198243
0.769273 -0.0622502 0.111299
0.635312 -0.160133 0.198243
0.630334 0.0356111 0.198243
0.769268 -0.0084204 0.082317
0.734535 0.00136408 0.0678262
0.734546 -0.145445 0.198243
0.734545 -0.130764 0.198243
0.610496 -0.0720501 0.082317
0.734543 -0.101402 0.198243
0.68493 -0.169917 0.0678262
0.759351 -0.0916127 0.198243
0.635306 -0.0916226 0.0678262
0.734542 -0.0916147 0.198243
0.734549 -0.174806 0.193413
0.655147 -0.00842947 0.0678262
0.734542 -0.0867211 0.198243
0.650194 -0.120983 0.0678262
0.749425 -0.0573582 0.0678262
0.74943 -0.125869 0.198243
0.734543 -0.106296 0.198243
0.610494 -0.047582 0.13062
0.769278 -0.135655 0.174092
0.734541 -0.0769339 0.198243
0.689874 0.0551904 0.149941
0.754378 0.0551955 0.164431
0.620425 -0.150347 0.198243
0.65516 -0.174813 0.0678262
0.610485 0.0551841 0.101638
0.620414 -0.00353861 0.0678262
0.630333 0.0551856 0.120959
0.769275 -0.091612 0.188583
0.645236 -0.174813 0.082317
0.610499 -0.116093 0.164431
0.73454 -0.0671466 0.198243
0.739497 -0.00842277 0.198243
0.734543 -0.106296 0.0678262
0.734539 -0.0524657 0.198243
0.734538 -0.0426785 0.198243
0.645234 -0.150345 0.0678262
0.75934 0.0551959 0.154771
0.709732 -0.0769358 0.0678262
0.655153 -0.0818338 0.0678262
0.61049 -0.0035394 0.183752
0.734538 -0.0377849 0.198243
0.61545 0.0258227 0.198243
0.620426 -0.160134 0.198243
0.76927 -0.0328885 0.193413
0.734537 -0.023104 0.198243
0.769271 -0.0377821 0.188583
0.665077 -0.0867266 0.0678262
0.734536 -0.0133168 0.198243
0.709729 -0.0328932 0.0678262
0.719645 0.0551927 0.101638
0.769281 -0.16991 0.159601
0.734535 -0.00352954 0.198243
0.635299 0.00135619 0.0678262
0.769268 -0.0084204 0.0968077
0.620409 0.0502912 0.0678262
0.660103 0.055188 0.149941
0.734535 0.00136408 0.198243
0.65516 -0.174813 0.106468
0.635298 0.00624981 0.0678262
0.734534 0.0062577 0.198243
0.689887 -0.106299 0.0678262
0.769275 -0.0965056 0.0968077
0.699808 -0.0671494 0.0678262
0.769272 -0.0573566 0.14028
0.679958 -0.0426828 0.0678262
0.759341 0.040515 0.0678262
0.764318 -0.150336 0.0678262
0.769264 0.0454094 0.125789
0.734534 0.0160449 0.198243
0.734533 0.0258322 0.198243
0.610499 -0.120986 0.0919775
0.769278 -0.125867 0.116129
0.734532 0.040513 0.198243
0.61545 0.0209291 0.198243
0.620426 -0.155241 0.198243
0.610495 -0.0671565 0.193413
0.70476 0.0551915 0.14028
0.75935 -0.0769319 0.198243
0.610496 -0.0818373 0.149941
0.734531 0.0503003 0.198243
0.769266 0.0160477 0.0678262
0.76431 -0.0475698 0.198243
0.734531 0.0551939 0.198243
0.630339 -0.0280059 0.0678262
0.729587 -0.174807 0.198243
0.6105 -0.130774 0.178922
0.655158 -0.155238 0.0678262
0.769274 -0.0818247 0.125789
0.635313 -0.174814 0.198243
0.665084 -0.174812 0.169262
0.769276 -0.101399 0.14511
0.630345 -0.0965166 0.0678262
0.729586 -0.160126 0.198243
0.674989 0.0551892 0.14511
0.615454 -0.0280071 0.0678262
0.734534 0.0111513 0.198243
0.714697 -0.120978 0.0678262
0.729584 -0.130764 0.198243
0.660108 0.00135817 0.0678262
0.744457 0.0160457 0.198243
0.764309 -0.0377825 0.198243
0.729583 -0.12587 0.198243
0.615463 -0.14056 0.198243
0.6105 -0.130774 0.0678262
0.729583 -0.120977 0.198243
0.729582 -0.116083 0.198243
0.674989 0.0551892 0.154771
0.729582 -0.106296 0.198243
0.610494 -0.0573692 0.106468
0.679953 0.0307215 0.0678262
0.729581 -0.0965087 0.198243
0.610495 -0.0671565 0.111299
0.754393 -0.140549 0.198243
0.610493 -0.0377947 0.13062
0.72958 -0.0867215 0.198243
0.769272 -0.0573566 0.174092
0.610497 -0.086731 0.14028
0.769265 0.0258349 0.116129
0.729578 -0.0622534 0.198243
0.729578 -0.0573598 0.198243
0.729577 -0.0524661 0.198243
0.729577 -0.0475725 0.198243
0.729577 -0.0426789 0.198243
0.610489 0.00624784 0.159601
0.630333 0.0551856 0.0726565
0.769275 -0.091612 0.14028
0.645236 -0.174813 0.13062
0.610492 -0.0231139 0.154771
0.650194 -0.11609 0.0678262
0.610491 -0.0133266 0.14028
0.729574 -0.0133172 0.198243
0.769273 -0.0671439 0.106468
0.670029 0.0356143 0.0678262
0.769265 0.0258349 0.159601
0.610486 0.0453968 0.178922
0.610503 -0.169923 0.13062
0.679969 -0.174811 0.193413
0.729573 0.00625731 0.198243
0.729569 0.0551935 0.0871472
0.739501 -0.0475717 0.198243
0.665069 0.0111458 0.0678262
0.729571 0.0307254 0.198243
0.660122 -0.174812 0.193413
0.734547 -0.150338 0.198243
0.729569 0.0454063 0.198243
0.769278 -0.135655 0.120959
0.610499 -0.116093 0.101638
0.625371 0.0551852 0.0678262
0.694851 -0.13566 0.198243
0.610487 0.0356096 0.193413
0.610504 -0.174816 0.101638
0.729569 0.0551935 0.198243
0.769278 -0.125867 0.082317
0.650193 -0.111196 0.198243
0.734541 -0.0818275 0.198243
0.759355 -0.140549 0.0678262
0.724625 -0.174807 0.198243
0.724624 -0.160126 0.198243
0.724624 -0.155233 0.198243
0.620426 -0.155241 0.0678262
0.61545 0.0209291 0.0678262
0.734532 0.040513 0.0678262
0.670042 -0.130769 0.0678262
0.610501 -0.135667 0.198243
0.769272 -0.052463 0.0871472
0.670032 -0.00842829 0.0678262
0.699807 -0.0622558 0.198243
0.724623 -0.150339 0.198243
0.734539 -0.0475721 0.198243
0.610498 -0.0965182 0.178922
0.724622 -0.130764 0.198243
0.68492 -0.0328952 0.0678262
0.739499 -0.0328909 0.0678262
0.615466 -0.174816 0.14028
0.724621 -0.116084 0.198243
0.72462 -0.106296 0.198243
0.684921 -0.0573633 0.0678262
0.71469 -0.0328928 0.198243
0.764313 -0.0867187 0.0678262
0.610495 -0.0671565 0.164431
0.655159 -0.165025 0.0678262
0.724619 -0.0916155 0.198243
0.635312 -0.160133 0.0678262
0.630334 0.0356111 0.0678262
0.724618 -0.0867219 0.198243
0.724618 -0.0818283 0.198243
0.694836 0.0551908 0.178922
0.724617 -0.0769346 0.198243
0.610495 -0.0622629 0.0871472
0.724617 -0.072041 0.198243
0.610496 -0.0769437 0.0968077
0.724616 -0.0524665 0.198243
0.754396 -0.174805 0.198243
0.724614 -0.0377857 0.198243
0.724614 -0.0328921 0.198243
0.660115 -0.086727 0.0678262
0.610487 0.0307159 0.116129
0.724611 0.00136329 0.198243
0.674996 -0.032896 0.0678262
0.724611 0.00625691 0.198243
0.660116 -0.106301 0.198243
0.729572 0.0111509 0.0678262
0.610487 0.0405032 0.149941
0.630351 -0.174815 0.082317
0.72461 0.0111505 0.198243
0.66507 -0.00353506 0.198243
0.689892 -0.165023 0.198243
0.66507 0.00135856 0.198243
0.665068 0.0160394 0.198243
0.675007 -0.174811 0.169262
0.689885 -0.0769374 0.198243
0.719663 -0.174807 0.14511
0.625383 -0.101411 0.0678262
0.610492 -0.0280075 0.0919775
0.620418 -0.0622621 0.0678262
0.610497 -0.0916246 0.101638
0.724615 -0.0426793 0.198243
0.665068 0.0258267 0.198243
0.709734 -0.0965103 0.198243
0.665065 0.0551884 0.178922
0.610491 -0.0133266 0.198243
0.625376 -0.00353822 0.198243
0.769274 -0.0769311 0.169262
0.610499 -0.111199 0.164431
0.645233 -0.130771 0.0678262
0.699805 -0.0377876 0.198243
0.719648 0.0209374 0.198243
0.645228 -0.0720473 0.0678262
0.665066 0.0454011 0.198243
0.689887 -0.101406 0.198243
0.610485 0.0551841 0.198243
0.679966 -0.135662 0.0678262
0.674994 -0.00353427 0.0678262
0.66012 -0.150344 0.198243
0.660118 -0.120982 0.198243
0.670039 -0.0916198 0.198243
0.660117 -0.116089 0.198243
0.660115 -0.0916206 0.198243
0.759356 -0.15523 0.0678262
0.665067 0.0356139 0.0678262
0.704762 0.0258298 0.0678262
0.610501 -0.145454 0.154771
0.689879 -0.00842671 0.0678262
0.610489 0.0111415 0.183752
0.769271 -0.0377821 0.14511
0.630347 -0.130772 0.198243
0.650189 -0.0622597 0.198243
0.670043 -0.14545 0.198243
0.769271 -0.0475694 0.169262
0.679969 -0.174811 0.188583
0.610499 -0.120986 0.198243
0.660114 -0.0769398 0.198243
0.610489 0.0111415 0.14028
0.620411 0.0258231 0.0678262
0.709737 -0.135659 0.198243
0.67004 -0.111194 0.198243
0.610489 0.00624784 0.0774867
0.739511 -0.174806 0.111299
0.660113 -0.0622589 0.198243
0.734538 -0.0328913 0.198243
0.610488 0.0209287 0.0871472
0.709734 -0.106298 0.0678262
0.615447 0.0551844 0.188583
0.610493 -0.0377947 0.0726565
0.64027 -0.111197 0.198243
0.640261 -0.00353703 0.198243
0.73951 -0.169912 0.0678262
0.684927 -0.125874 0.198243
0.610488 0.0258223 0.120959
0.610489 0.0111415 0.154771
0.64026 0.00625021 0.0678262
0.66011 -0.0231099 0.198243
0.769279 -0.150335 0.198243
0.660106 0.0209326 0.198243
0.665083 -0.169918 0.198243
0.660105 0.0405071 0.198243
0.665082 -0.155237 0.198243
0.610487 0.0405032 0.159601
0.645227 -0.0524728 0.198243
0.610498 -0.0965182 0.14511
0.689879 -0.00842671 0.198243
0.65516 -0.169919 0.198243
0.655149 -0.0328976 0.0678262
0.655159 -0.165025 0.198243
0.655158 -0.155238 0.198243
0.709729 -0.0328932 0.198243
0.769275 -0.0965056 0.149941
0.655158 -0.150344 0.198243
0.744472 -0.174805 0.178922
0.670036 -0.0573645 0.198243
0.610502 -0.155242 0.111299
0.759357 -0.169911 0.198243
0.610488 0.0209287 0.0919775
0.714683 0.0551923 0.164431
0.655156 -0.120983 0.198243
0.769264 0.0454094 0.193413
0.749426 -0.0671454 0.198243
0.645218 0.0551868 0.125789
0.754384 -0.0231024 0.0678262
0.699808 -0.0671494 0.198243
0.610503 -0.160135 0.154771
0.739497 0.00136448 0.0678262
0.655155 -0.116089 0.198243
0.769265 0.0356222 0.0871472
0.655155 -0.111196 0.198243
0.719656 -0.0867223 0.0678262
0.610501 -0.140561 0.198243
0.674998 -0.0573641 0.198243
0.689888 -0.116086 0.198243
0.655154 -0.101408 0.198243
0.769266 0.0209413 0.120959
0.655153 -0.091621 0.198243
0.749434 -0.174805 0.0774867
0.684931 -0.17481 0.169262
0.68493 -0.160129 0.198243
0.655153 -0.0867274 0.198243
0.694842 -0.0182136 0.0678262
0.75934 0.0551959 0.14511
0.704778 -0.169915 0.198243
0.679955 -0.00353388 0.0678262
0.684931 -0.17481 0.198243
0.655152 -0.0720465 0.198243
0.694854 -0.174809 0.101638
0.655156 -0.13077 0.0678262
0.610493 -0.0377947 0.14511
0.699806 -0.0524685 0.198243
0.610499 -0.120986 0.14028
0.684913 0.05519 0.154771
0.625389 -0.169921 0.0678262
0.635294 0.055186 0.193413
0.655149 -0.0426848 0.198243
0.734548 -0.165019 0.198243
0.72957 0.035619 0.198243
0.769277 -0.11608 0.082317
0.655148 -0.0231103 0.198243
0.620425 -0.145454 0.198243
0.769277 -0.120974 0.0678262
0.655144 0.0209323 0.198243
0.699798 0.0502975 0.198243
0.704776 -0.155234 0.198243
0.655144 0.0258259 0.198243
0.610493 -0.0426884 0.0871472
0.665069 0.00625218 0.198243
0.630338 -0.0133251 0.198243
0.709722 0.0551919 0.198243
0.754393 -0.130762 0.0678262
0.650189 -0.0622597 0.0678262
0.655143 0.0405067 0.198243
0.684931 -0.17481 0.120959
0.610501 -0.140561 0.120959
0.670033 -0.0133219 0.0678262
0.714683 0.0551923 0.159601
0.6353 -0.00843105 0.0678262
0.724618 -0.0867219 0.0678262
0.61049 -0.0035394 0.178922
0.655142 0.050294 0.198243
0.759358 -0.174804 0.159601
0.70476 0.0551915 0.169262
0.665066 0.0502948 0.198243
0.769281 -0.16991 0.169262
0.709736 -0.120978 0.198243
0.744456 0.0307266 0.198243
0.655142 0.0551876 0.198243
0.749416 0.0551951 0.125789
0.650198 -0.174813 0.082317
0.769267 0.0111541 0.0678262
0.660119 -0.14545 0.0678262
0.655156 -0.125876 0.198243
0.610489 0.0160351 0.0968077
0.660118 -0.13077 0.198243
0.769271 -0.0475694 0.159601
0.610499 -0.120986 0.188583
0.769266 0.0160477 0.178922
0.650197 -0.160132 0.198243
0.769265 0.0356222 0.0678262
0.769274 -0.0867183 0.120959
0.610492 -0.0329011 0.082317
0.769275 -0.0965056 0.0726565
0.650195 -0.13077 0.198243
0.650192 -0.096515 0.198243
0.65516 -0.174813 0.0968077
0.734549 -0.174806 0.116129
0.694854 -0.174809 0.0968077
0.66011 -0.0328972 0.0678262
0.719646 0.0405119 0.198243
0.640267 -0.0769413 0.0678262
0.729587 -0.174807 0.154771
0.615447 0.0551844 0.0726565
0.650191 -0.0867278 0.198243
0.620409 0.0551848 0.14028
0.769281 -0.174804 0.174092
0.650189 -0.0573661 0.198243
0.610489 0.00624784 0.0968077
0.670041 -0.120982 0.0678262
0.620417 -0.0426876 0.198243
0.754381 0.0111529 0.0678262
0.625371 0.0551852 0.198243
0.689874 0.0551904 0.0968077
0.754378 0.0551955 0.149941
0.764306 -0.00352717 0.0678262
0.729585 -0.145445 0.0678262
0.660111 -0.0377908 0.198243
0.620422 -0.106305 0.0678262
0.674989 0.0551892 0.0919775
0.729582 -0.106296 0.0678262
0.670042 -0.135662 0.198243
0.734548 -0.160125 0.0678262
0.769271 -0.0377821 0.198243
0.694842 -0.0231072 0.198243
0.724623 -0.145445 0.0678262
0.610486 0.0453968 0.13545
0.650184 0.006251 0.198243
0.769264 0.0503031 0.082317
0.635295 0.0502924 0.198243
0.655155 -0.106302 0.0678262
0.679959 -0.0524701 0.198243
0.635294 0.055186 0.0871472
0.625375 0.0013554 0.0678262
0.689893 -0.17481 0.0678262
0.650183 0.0111446 0.198243
0.650182 0.0258255 0.198243
0.610487 0.0307159 0.154771
0.769271 -0.0475694 0.101638
0.679969 -0.174811 0.174092
0.769273 -0.0671439 0.0968077
0.620427 -0.169922 0.0678262
0.615449 0.03561 0.0678262
0.610498 -0.0965182 0.198243
0.645231 -0.111196 0.198243
0.650182 0.0307191 0.198243
0.709722 0.0551919 0.111299
0.610488 0.0258223 0.0871472
0.769264 0.0503031 0.116129
0.729576 -0.0377853 0.198243
0.670037 -0.0720454 0.198243
0.615451 0.00624824 0.198243
0.72958 -0.0916151 0.198243
0.769278 -0.125867 0.106468
0.679957 -0.0182147 0.198243
0.610485 0.0551841 0.082317
0.769279 -0.150335 0.0726565
0.69484 0.00625455 0.198243
0.635297 0.0258243 0.198243
0.769274 -0.0818247 0.0968077
0.645236 -0.16992 0.198243
0.719651 -0.0231052 0.0678262
0.655155 -0.111196 0.0678262
0.719654 -0.0573606 0.198243
0.709722 0.0551919 0.0919775
0.610488 0.0258223 0.14028
0.764308 -0.0328889 0.198243
0.655146 -0.00353585 0.198243
0.749434 -0.174805 0.198243
0.744457 0.0209394 0.198243
0.655145 0.011145 0.0678262
0.615452 -0.00843263 0.198243
0.645234 -0.145452 0.198243
0.61049 -0.0035394 0.13545
0.714691 -0.0426801 0.198243
0.635304 -0.0622609 0.0678262
0.699812 -0.120979 0.198243
0.610489 0.00624784 0.193413
0.670036 -0.0622581 0.0678262
0.640272 -0.145452 0.0678262
0.74447 -0.14055 0.0678262
0.724615 -0.0426793 0.0678262
0.610503 -0.160135 0.178922
0.69485 -0.116086 0.198243
0.665065 0.0551884 0.198243
0.739492 0.0551943 0.106468
0.704764 0.00136172 0.198243
0.684913 0.05519 0.183752
0.689882 -0.0377884 0.0678262
0.625371 0.0551852 0.193413
0.650187 -0.0377916 0.198243
0.769269 -0.013314 0.0968077
0.645229 -0.0867282 0.198243
0.610498 -0.106305 0.082317
0.645229 -0.0818346 0.198243
0.724625 -0.169913 0.198243
0.645229 -0.076941 0.198243
0.645228 -0.0720473 0.198243
0.630333 0.0551856 0.193413
0.769278 -0.135655 0.082317
0.610496 -0.0818373 0.116129
0.645226 -0.0475792 0.198243
0.769271 -0.0377821 0.125789
0.724622 -0.140552 0.198243
0.694849 -0.106299 0.0678262
0.734546 -0.140551 0.0678262
0.769281 -0.174804 0.13062
0.670034 -0.03779 0.198243
0.650183 0.0209319 0.198243
0.645221 0.0209315 0.198243
0.670027 0.0551888 0.0678262
0.64522 0.0258251 0.198243
0.675007 -0.174811 0.164431
0.660116 -0.106301 0.0678262
0.75934 0.0551959 0.0968077
0.719653 -0.0377861 0.0678262
0.670033 -0.0133219 0.198243
0.610492 -0.0231139 0.0678262
0.620423 -0.120986 0.198243
0.615459 -0.0867306 0.0678262
0.719656 -0.076935 0.198243
0.689874 0.0551904 0.178922
0.645232 -0.120984 0.198243
0.610488 0.0209287 0.101638
0.655151 -0.0573657 0.0678262
0.610487 0.0307159 0.106468
0.769274 -0.0818247 0.13062
0.635313 -0.174814 0.178922
0.645219 0.0453996 0.198243
0.610489 0.0160351 0.14028
0.734545 -0.12587 0.198243
0.610496 -0.0769437 0.082317
0.769265 0.0307286 0.149941
0.694849 -0.101405 0.198243
0.684931 -0.17481 0.159601
0.660107 0.00625179 0.198243
0.670039 -0.0965135 0.0678262
0.754384 -0.0182088 0.0678262
0.610493 -0.0426884 0.178922
0.615466 -0.174816 0.178922
0.749424 -0.0475709 0.198243
0.699809 -0.0818302 0.198243
0.670037 -0.0720454 0.0678262
0.610495 -0.0671565 0.116129
0.734531 0.0551939 0.125789
0.645218 0.0502932 0.198243
0.660112 -0.0524717 0.198243
0.635313 -0.174814 0.106468
0.625387 -0.150347 0.198243
0.640275 -0.174814 0.198243
0.769268 -0.00352678 0.13545
0.724609 0.030725 0.198243
0.769273 -0.0622502 0.169262
0.645234 -0.145452 0.0678262
0.714685 0.0356179 0.198243
0.719662 -0.155233 0.198243
0.610494 -0.047582 0.198243
0.759347 -0.0328893 0.198243
0.689884 -0.0671502 0.0678262
0.719651 -0.013318 0.198243
0.69981 -0.101405 0.198243
0.610497 -0.086731 0.0678262
0.724621 -0.125871 0.198243
0.610503 -0.169923 0.111299
0.64027 -0.120984 0.198243
0.68492 -0.0377888 0.0678262
0.759354 -0.125868 0.198243
0.615455 -0.0475816 0.0678262
0.630336 0.0160367 0.198243
0.640266 -0.0720477 0.198243
0.744471 -0.160125 0.0678262
0.769267 0.00626046 0.183752
0.645222 0.0111442 0.198243
0.769276 -0.111186 0.0678262
0.739495 0.0160453 0.198243
0.620409 0.0502912 0.198243
0.70973 -0.0573613 0.198243
0.729582 -0.116083 0.0678262
0.610503 -0.160135 0.0678262
0.665066 0.0405075 0.198243
0.719645 0.0551927 0.0678262
0.610496 -0.0720501 0.0871472
0.640264 -0.042686 0.198243
0.640263 -0.0328988 0.198243
0.610492 -0.0280075 0.0678262
0.769276 -0.111186 0.149941
0.734531 0.0454067 0.198243
0.665065 0.0551884 0.174092
0.709725 0.0111494 0.0678262
0.769265 0.0258349 0.183752
0.729578 -0.0622534 0.0678262
0.610494 -0.0573692 0.174092
0.729569 0.0551935 0.193413
0.684928 -0.140555 0.198243
0.679963 -0.101406 0.0678262
0.71469 -0.0231056 0.198243
0.610503 -0.160135 0.0919775
0.630333 0.0551856 0.178922
0.769278 -0.135655 0.111299
0.734541 -0.0769339 0.0678262
0.65516 -0.174813 0.198243
0.610502 -0.150348 0.0919775
0.6105 -0.130774 0.159601
0.72461 0.0160442 0.198243
0.610488 0.0258223 0.0726565
0.679954 0.011147 0.0678262
0.719654 -0.0622542 0.198243
0.635296 0.0356115 0.0678262
0.76927 -0.0279949 0.13062
0.630347 -0.125878 0.198243
0.769263 0.0551967 0.14511
0.699813 -0.130766 0.198243
0.679953 0.0307215 0.198243
0.76432 -0.174804 0.120959
0.640257 0.0453992 0.198243
0.684917 -0.00353348 0.198243
0.769277 -0.120974 0.198243
0.665083 -0.165025 0.198243
0.749416 0.0503015 0.198243
0.630346 -0.116091 0.0678262
0.675 -0.0867258 0.0678262
0.76928 -0.155229 0.0678262
0.640257 0.0502928 0.198243
0.610496 -0.0720501 0.0678262
0.739508 -0.140551 0.198243
0.769277 -0.120974 0.14028
0.670029 0.0258271 0.0678262
0.635303 -0.0524736 0.198243
0.769279 -0.145442 0.178922
0.660108 0.00135817 0.198243
0.709732 -0.0818294 0.0678262
0.610492 -0.0231139 0.14511
0.625381 -0.0769425 0.198243
0.6105 -0.12588 0.13062
0.620427 -0.174815 0.082317
0.65516 -0.174813 0.164431
0.660121 -0.165025 0.0678262
0.660118 -0.125876 0.198243
0.635308 -0.116091 0.198243
0.630338 -0.00843144 0.198243
0.729569 0.0551935 0.164431
0.645227 -0.0573665 0.198243
0.67003 0.0160398 0.198243
0.660109 -0.00842908 0.198243
0.734532 0.0356194 0.198243
0.610493 -0.0426884 0.174092
0.615466 -0.174816 0.159601
0.640268 -0.0916222 0.198243
0.610503 -0.169923 0.106468
0.630351 -0.174815 0.14511
0.610501 -0.145454 0.164431
0.615447 0.0551844 0.0919775
0.610493 -0.0377947 0.169262
0.645236 -0.165026 0.0678262
0.759345 -0.0182084 0.198243
0.620421 -0.0916238 0.198243
0.759343 0.0111533 0.0678262
0.764319 -0.16991 0.0678262
0.704765 -0.00842553 0.0678262
0.76928 -0.155229 0.120959
0.645226 -0.0426856 0.198243
0.769267 0.00626046 0.159601
0.635304 -0.0622609 0.198243
0.665077 -0.0965139 0.198243
0.650184 0.006251 0.0678262
0.714698 -0.135659 0.198243
0.635303 -0.04758 0.198243
0.769265 0.0258349 0.101638
0.635307 -0.0965162 0.0678262
0.625378 -0.0377936 0.198243
0.729571 0.0258318 0.198243
0.6105 -0.12588 0.174092
0.630351 -0.174815 0.159601
0.764311 -0.0622506 0.198243
0.620427 -0.174815 0.0678262
0.615448 0.0405036 0.0678262
0.610498 -0.0965182 0.0968077
0.709729 -0.0377869 0.198243
0.650186 -0.0231107 0.0678262
0.739511 -0.174806 0.198243
0.714695 -0.0965099 0.198243
0.635302 -0.0426864 0.198243
0.645218 0.0551868 0.13062
0.67004 -0.101407 0.198243
0.769275 -0.091612 0.082317
0.670031 0.0111462 0.0678262
0.655154 -0.0965146 0.0678262
0.635302 -0.0377928 0.198243
0.769275 -0.0965056 0.0919775
0.635301 -0.0280055 0.198243
0.769268 -0.00352678 0.193413
0.630338 -0.00843144 0.0678262
0.759353 -0.111187 0.198243
0.655156 -0.13077 0.198243
0.62041 0.040504 0.0678262
0.630341 -0.0475804 0.198243
0.739511 -0.174806 0.13545
0.615457 -0.0671561 0.0678262
0.630351 -0.174815 0.125789
0.655145 0.011145 0.198243
0.660115 -0.086727 0.198243
0.610487 0.0405032 0.120959
0.699816 -0.174809 0.169262
0.660119 -0.140557 0.198243
0.670032 -0.00842829 0.198243
0.769277 -0.120974 0.116129
0.719649 0.00625652 0.0678262
0.734537 -0.0279976 0.198243
0.769277 -0.120974 0.13062
0.620418 -0.0622621 0.198243
0.630333 0.0551856 0.169262
0.769278 -0.135655 0.106468
0.610499 -0.116093 0.116129
0.615466 -0.174816 0.0726565
0.714695 -0.0867227 0.198243
0.764302 0.0405154 0.198243
0.704778 -0.174809 0.14028
0.769279 -0.140548 0.111299
0.655147 -0.0133231 0.198243
0.650186 -0.0231107 0.198243
0.610487 0.0307159 0.198243
0.709735 -0.116085 0.198243
0.650196 -0.145451 0.198243
0.645218 0.0551868 0.198243
0.610491 -0.0182203 0.169262
0.689887 -0.106299 0.198243
0.759349 -0.0573574 0.198243
0.610501 -0.135667 0.188583
0.749434 -0.174805 0.159601
0.769273 -0.0720375 0.120959
0.610501 -0.145454 0.198243
0.769269 -0.013314 0.14028
0.724608 0.0356186 0.198243
0.769278 -0.125867 0.13062
0.660112 -0.047578 0.198243
0.66012 -0.155238 0.198243
0.699801 0.0209358 0.0678262
0.670033 -0.0182155 0.0678262
0.655151 -0.0573657 0.198243
0.699807 -0.0573621 0.198243
0.610503 -0.165029 0.0968077
0.769273 -0.0720375 0.125789
0.645224 -0.0133239 0.198243
0.610494 -0.0524756 0.188583
0.769276 -0.106293 0.198243
0.739511 -0.174806 0.120959
0.610503 -0.169923 0.198243
0.610486 0.0453968 0.149941
0.675006 -0.165024 0.198243
0.610491 -0.00843302 0.198243
0.769279 -0.140548 0.178922
0.699803 -0.0133195 0.0678262
0.769264 0.0405158 0.159601
0.650196 -0.145451 0.0678262
0.645218 0.0551868 0.0678262
0.655155 -0.106302 0.198243
0.719661 -0.140552 0.198243
0.625375 0.00624903 0.0678262
0.759355 -0.135655 0.0678262
0.769264 0.0454094 0.14511
0.635296 0.0405052 0.0678262
0.655151 -0.0671529 0.198243
0.689886 -0.0916183 0.198243
0.630351 -0.174815 0.13062
0.610488 0.0258223 0.0678262
0.625373 0.0258235 0.198243
0.620415 -0.0133259 0.198243
0.610495 -0.0671565 0.188583
0.645224 -0.0231111 0.198243
0.660104 0.0454008 0.198243
0.665081 -0.14545 0.198243
0.630342 -0.0573677 0.198243
0.769281 -0.174804 0.120959
0.640258 0.0356119 0.0678262
0.665084 -0.174812 0.174092
0.620416 -0.0280067 0.198243
0.694844 -0.037788 0.0678262
0.610494 -0.0573692 0.188583
0.679952 0.0405087 0.0678262
0.610502 -0.150348 0.159601
0.684931 -0.17481 0.193413
0.610489 0.00624784 0.198243
0.670042 -0.125875 0.0678262
0.615466 -0.174816 0.082317
0.620412 0.0160359 0.198243
0.615457 -0.0720497 0.198243
0.645229 -0.0818346 0.0678262
0.739507 -0.130763 0.0678262
0.640262 -0.0133243 0.198243
0.674996 -0.0280024 0.198243
0.769272 -0.0573566 0.14511
0.610497 -0.086731 0.174092
0.615465 -0.165028 0.198243
0.689885 -0.0769374 0.0678262
0.610496 -0.0720501 0.193413
0.66012 -0.155238 0.0678262
0.650185 -0.00353624 0.198243
0.76431 -0.057357 0.0678262
0.635311 -0.150346 0.198243
0.610485 0.0551841 0.13545
0.724619 -0.0965091 0.198243
0.615452 -0.00353901 0.0678262
0.694853 -0.155235 0.0678262
0.610487 0.0307159 0.193413
0.76927 -0.0279949 0.198243
0.615461 -0.111199 0.198243
0.610499 -0.111199 0.13062
0.620415 -0.0133259 0.0678262
0.610493 -0.0426884 0.149941
0.749428 -0.0965072 0.198243
0.759346 -0.0231021 0.198243
0.620413 0.00624863 0.198243
0.640256 0.0551864 0.13062
0.684913 0.0502963 0.198243
0.620421 -0.0965174 0.198243
0.679951 0.0551896 0.174092
0.769265 0.0356222 0.125789
0.635295 0.0453988 0.0678262
0.610502 -0.150348 0.198243
0.620409 0.0551848 0.164431
0.660108 -0.00353546 0.198243
0.769281 -0.174804 0.198243
0.670039 -0.0965135 0.198243
0.679951 0.0551896 0.198243
0.665084 -0.174812 0.106468
0.64026 0.00625021 0.198243
0.699802 0.00136132 0.0678262
0.610498 -0.101412 0.198243
0.660119 -0.135663 0.198243
0.67996 -0.0573637 0.0678262
0.665068 0.020933 0.198243
0.610497 -0.0916246 0.14511
0.625376 -0.00843184 0.0678262
0.660116 -0.101408 0.198243
0.75934 0.0551959 0.169262
0.615464 -0.150348 0.198243
0.769274 -0.0818247 0.082317
0.61546 -0.101411 0.198243
0.650186 -0.0182171 0.0678262
0.6105 -0.130774 0.14028
0.674995 -0.0182151 0.198243
0.679965 -0.120981 0.198243
0.70974 -0.174808 0.0968077
0.62041 0.0453976 0.0678262
0.615458 -0.0769433 0.198243
0.729587 -0.174807 0.14511
0.615461 -0.116092 0.198243
0.689874 0.0551904 0.0726565
0.754378 0.0551955 0.125789
0.719662 -0.160127 0.198243
0.754383 -0.0133152 0.198243
0.640261 0.00135659 0.198243
0.630348 -0.140559 0.198243
0.769272 -0.052463 0.193413
0.719663 -0.174807 0.178922
0.660109 -0.0133227 0.198243
0.739506 -0.111189 0.198243
0.769272 -0.0573566 0.0919775
0.615448 0.0405036 0.198243
0.620427 -0.174815 0.198243
0.764311 -0.0720379 0.0678262
0.610494 -0.0573692 0.169262
0.684913 0.05519 0.178922
0.724625 -0.174807 0.174092
0.76432 -0.174804 0.082317
0.610494 -0.047582 0.0678262
0.714689 -0.0133184 0.198243
0.610487 0.0405032 0.154771
0.645225 -0.037792 0.198243
0.660107 0.0111454 0.0678262
0.655152 -0.0720465 0.0678262
0.61049 -0.0035394 0.149941
0.724607 0.0551931 0.174092
0.76927 -0.0279949 0.174092
0.665077 -0.0867266 0.198243
0.754378 0.0503019 0.198243
0.615457 -0.0720497 0.0678262
0.660103 0.055188 0.0774867
0.769269 -0.0182076 0.178922
0.724608 0.0405123 0.198243
0.620418 -0.0573684 0.198243
0.655145 0.0160386 0.198243
0.769267 0.0111541 0.0774867
0.650198 -0.174813 0.0678262
0.610486 0.0453968 0.0774867
0.625377 -0.0231127 0.198243
0.729587 -0.174807 0.116129
0.630349 -0.145453 0.198243
0.734549 -0.174806 0.0968077
0.714699 -0.140553 0.198243
0.640258 0.0356119 0.198243
0.754385 -0.0328897 0.0678262
0.759346 -0.0279957 0.198243
0.714683 0.0551923 0.116129
0.769276 -0.106293 0.0678262
0.674997 -0.0426832 0.198243
0.769272 -0.052463 0.101638
0.719663 -0.174807 0.169262
0.769271 -0.0475694 0.174092
0.67499 0.0356147 0.198243
0.679969 -0.174811 0.198243
0.679961 -0.0720446 0.0678262
0.764301 0.0551963 0.0871472
0.615462 -0.135667 0.198243
0.769269 -0.0231013 0.13062
0.630347 -0.120985 0.198243
0.625374 0.0160363 0.0678262
0.699816 -0.174809 0.164431
0.610492 -0.0329011 0.198243
0.724617 -0.072041 0.0678262
0.764304 0.0209409 0.198243
0.704773 -0.106298 0.198243
0.620415 -0.0231131 0.198243
0.729569 0.0551935 0.106468
0.615459 -0.0867306 0.198243
0.76928 -0.155229 0.193413
0.734546 -0.140551 0.198243
0.615464 -0.160135 0.198243
0.640262 -0.0182179 0.198243
0.625372 0.0356108 0.198243
0.699814 -0.145447 0.198243
0.6105 -0.12588 0.178922
0.769265 0.0258349 0.0774867
0.655149 -0.0377912 0.198243
0.655147 -0.00842947 0.198243
0.615453 -0.0133262 0.198243
0.645228 -0.0671537 0.0678262
0.764302 0.045409 0.0678262
0.635294 0.055186 0.0919775
0.635305 -0.0769417 0.0678262
0.769274 -0.0769311 0.149941
0.754396 -0.174805 0.106468
0.69981 -0.0965111 0.198243
0.640266 -0.0622605 0.0678262
0.610491 -0.0182203 0.0968077
0.769279 -0.145442 0.0968077
0.645228 -0.0671537 0.198243
0.660109 -0.0133227 0.0678262
0.610496 -0.0720501 0.125789
0.764313 -0.096506 0.198243
0.615447 0.0551844 0.174092
0.610493 -0.0377947 0.159601
0.670045 -0.174811 0.13545
0.625372 0.0356108 0.0678262
0.769275 -0.0965056 0.125789
0.660111 -0.0426844 0.198243
0.675007 -0.174811 0.159601
0.610502 -0.150348 0.188583
0.764301 0.0551963 0.0919775
0.694836 0.0551908 0.193413
0.610503 -0.165029 0.116129
0.694836 0.0551908 0.0919775
0.744469 -0.125869 0.198243
0.739509 -0.150338 0.198243
0.675005 -0.150343 0.198243
0.610496 -0.0769437 0.120959
0.684928 -0.145448 0.0678262
0.610489 0.00624784 0.14511
0.620413 0.00135501 0.0678262
0.65018 0.0502936 0.198243
0.709739 -0.160127 0.198243
0.655157 -0.135664 0.198243
0.734532 0.0356194 0.0678262
0.699798 0.0551912 0.188583
0.704769 -0.0622554 0.0678262
0.749428 -0.101401 0.198243
0.625371 0.0551852 0.13062
0.675005 -0.145449 0.198243
0.769274 -0.0867183 0.116129
0.610492 -0.0329011 0.0774867
0.660121 -0.165025 0.198243
0.630333 0.0551856 0.13062
0.645236 -0.174813 0.0871472
0.610499 -0.116093 0.159601
0.769275 -0.091612 0.198243
0.719658 -0.106297 0.198243
0.689874 0.0551904 0.111299
0.754378 0.0551955 0.159601
0.635309 -0.125878 0.198243
0.675 -0.0818322 0.198243
0.754392 -0.125868 0.198243
0.640259 0.0258247 0.198243
0.769264 0.0405158 0.106468
0.650195 -0.135664 0.198243
0.655146 0.00625139 0.198243
0.655142 0.0454004 0.0678262
0.684931 -0.17481 0.183752
0.749416 0.0551951 0.149941
0.769267 0.0111541 0.0919775
0.625378 -0.0328999 0.198243
0.625373 0.0307171 0.198243
0.714686 0.020937 0.0678262
0.719663 -0.174807 0.0678262
0.610499 -0.120986 0.13062
0.635298 0.0111434 0.198243
0.625386 -0.135666 0.198243
0.719654 -0.0622542 0.0678262
0.665067 0.0307203 0.198243
0.670034 -0.0280028 0.0678262
0.670045 -0.174811 0.198243
0.610495 -0.0671565 0.154771
0.749421 -0.00842198 0.198243
0.64522 0.0356123 0.198243
0.74446 -0.0231032 0.0678262
0.610492 -0.0231139 0.159601
0.650192 -0.0916214 0.0678262
0.610493 -0.0426884 0.198243
0.684913 0.05519 0.164431
0.615466 -0.174816 0.183752
0.70476 0.0551915 0.111299
0.640271 -0.125878 0.198243
0.640272 -0.140558 0.0678262
0.704762 0.0209362 0.198243
0.694844 -0.037788 0.198243
0.610498 -0.0965182 0.183752
0.635301 -0.0231119 0.198243
0.714683 0.0551923 0.120959
0.769276 -0.106293 0.0968077
0.630342 -0.0671549 0.198243
0.630333 0.0551856 0.198243
0.734545 -0.130764 0.0678262
0.694851 -0.13566 0.0678262
0.739502 -0.0622526 0.0678262
0.769274 -0.0769311 0.111299
0.610498 -0.101412 0.0774867
0.769281 -0.174804 0.106468
0.76927 -0.0328885 0.0678262
0.63034 -0.0328995 0.198243
0.62538 -0.057368 0.198243
0.670043 -0.140556 0.0678262
0.769268 -0.0084204 0.169262
0.625388 -0.15524 0.198243
0.61049 0.00135422 0.111299
0.670036 -0.0524709 0.0678262
0.610487 0.0307159 0.174092
0.689874 0.0551904 0.14511
0.754378 0.0551955 0.198243
0.694836 0.0551908 0.154771
0.615454 -0.0329007 0.198243
0.734546 -0.135657 0.0678262
0.684928 -0.135661 0.0678262
0.769267 0.00136684 0.120959
0.625386 -0.14056 0.198243
0.674998 -0.0622577 0.198243
0.615453 -0.0231135 0.198243
0.65018 0.0551872 0.111299
0.630342 -0.0573677 0.0678262
0.670042 -0.125875 0.198243
0.610486 0.0453968 0.116129
0.704771 -0.0818298 0.198243
0.635296 0.0307179 0.198243
0.704768 -0.0475745 0.198243
0.769267 0.00136684 0.14511
0.625387 -0.150347 0.0678262
0.724609 0.0258314 0.198243
0.769274 -0.0818247 0.188583
0.61546 -0.101411 0.0678262
0.689886 -0.0867246 0.198243
0.769276 -0.101399 0.101638
0.759343 0.00625967 0.198243
0.620419 -0.0671557 0.198243
0.640274 -0.165027 0.198243
0.650183 0.0160382 0.198243
0.704772 -0.0965107 0.198243
0.694854 -0.174809 0.14028
0.615452 0.00135462 0.198243
0.660122 -0.174812 0.0774867
0.610495 -0.0622629 0.149941
0.769265 0.0258349 0.188583
0.679956 -0.0084275 0.198243
0.635307 -0.0965162 0.198243
0.615464 -0.155241 0.198243
0.674996 -0.032896 0.198243
0.640275 -0.174814 0.174092
0.65018 0.0551872 0.198243
0.610486 0.0502904 0.0871472
0.615457 -0.0622625 0.0678262
0.754391 -0.106294 0.198243
0.769277 -0.11608 0.174092
0.71966 -0.135658 0.198243
0.610498 -0.101412 0.14028
0.650193 -0.106302 0.198243
0.724607 0.0551931 0.14028
0.76927 -0.0279949 0.0871472
0.754382 0.00625928 0.0678262
0.729587 -0.174807 0.169262
0.610494 -0.0524756 0.106468
0.615462 -0.12588 0.198243
0.625379 -0.0475808 0.198243
0.615449 0.03561 0.198243
0.620427 -0.169922 0.198243
0.650188 -0.0524725 0.198243
0.689886 -0.0965119 0.198243
0.684931 -0.17481 0.106468
0.68493 -0.160129 0.0678262
0.645218 0.0551868 0.178922
0.744465 -0.0818267 0.198243
0.769264 0.0405158 0.0678262
0.645221 0.0209315 0.0678262
0.70476 0.0551915 0.198243
0.674995 -0.0231088 0.198243
0.610494 -0.0573692 0.154771
0.689893 -0.17481 0.198243
0.610489 0.0160351 0.198243
0.665079 -0.116088 0.0678262
0.729587 -0.174807 0.0871472
0.744471 -0.160125 0.198243
0.635307 -0.106303 0.198243
0.610495 -0.0671565 0.198243
0.67003 0.0209334 0.198243
0.650195 -0.140558 0.0678262
0.739504 -0.0867207 0.198243
0.699799 0.0405103 0.0678262
0.704776 -0.145447 0.0678262
0.610488 0.0209287 0.198243
0.67004 -0.101407 0.0678262
0.679954 0.011147 0.198243
0.709722 0.0551919 0.14511
0.610488 0.0258223 0.0968077
0.655146 0.00135777 0.198243
0.754396 -0.169911 0.198243
0.719659 -0.120978 0.198243
0.744462 -0.0377841 0.198243
0.674994 -0.00842789 0.198243
0.679965 -0.130768 0.198243
0.610496 -0.0769437 0.14511
0.63034 -0.0426868 0.198243
0.769265 0.0258349 0.13062
0.610486 0.0453968 0.198243
0.615465 -0.165028 0.0678262
0.610503 -0.169923 0.149941
0.615457 -0.0671561 0.198243
0.769278 -0.135655 0.164431
0.610496 -0.0818373 0.198243
0.714689 -0.018212 0.198243
0.65019 -0.0720469 0.198243
0.769266 0.0209413 0.101638
0.625379 -0.0426872 0.198243
0.655144 0.0307195 0.0678262
0.6105 -0.12588 0.082317
0.61049 0.00135422 0.149941
0.769267 0.0111541 0.198243
0.625378 -0.0328999 0.0678262
0.759357 -0.169911 0.0678262
0.744458 0.00625849 0.0678262
0.650194 -0.125877 0.0678262
0.719646 0.0502991 0.0678262
0.660107 0.016039 0.198243
0.76928 -0.160123 0.0919775
0.625385 -0.120985 0.198243
0.670045 -0.174811 0.0678262
0.610489 0.0111415 0.174092
0.635311 -0.15524 0.198243
0.630334 0.0405048 0.198243
0.684923 -0.0818314 0.0678262
0.744469 -0.135657 0.0678262
0.65516 -0.174813 0.0726565
0.679967 -0.155236 0.198243
0.610487 0.0356096 0.198243
0.610504 -0.174816 0.0919775
0.665074 -0.0573649 0.198243
0.640272 -0.140558 0.198243
0.70974 -0.174808 0.169262
0.655142 0.0454004 0.198243
0.674997 -0.0475769 0.198243
0.769276 -0.101399 0.164431
0.694852 -0.145448 0.198243
0.620422 -0.101411 0.0678262
0.674993 0.00625297 0.198243
0.679967 -0.145449 0.198243
0.610492 -0.0231139 0.198243
0.694836 0.0502971 0.198243
0.640272 -0.145452 0.198243
0.660119 -0.14545 0.198243
0.610495 -0.0622629 0.198243
0.764315 -0.120974 0.198243
0.635309 -0.130772 0.198243
0.769276 -0.106293 0.174092
0.704768 -0.0524681 0.198243
0.739504 -0.0916143 0.198243
0.610486 0.0502904 0.198243
0.610502 -0.150348 0.120959
0.769271 -0.0426757 0.106468
0.630337 0.00624942 0.198243
0.769281 -0.165016 0.101638
0.625385 -0.125879 0.198243
0.660121 -0.169919 0.198243
0.65018 0.0551872 0.154771
0.714702 -0.174808 0.13062
0.665065 0.0551884 0.0678262
0.610491 -0.0133266 0.0678262
0.665072 -0.0231095 0.198243
0.719656 -0.0818287 0.198243
0.655146 0.00625139 0.0678262
0.734544 -0.111189 0.198243
0.610495 -0.0671565 0.0726565
0.694836 0.0551908 0.13062
0.615455 -0.0377944 0.0678262
0.660105 0.0356135 0.198243
0.665082 -0.160131 0.198243
0.665084 -0.174812 0.0726565
0.650194 -0.11609 0.198243
0.679955 0.00625336 0.0678262
0.610489 0.0111415 0.198243
0.724619 -0.101403 0.0678262
0.670043 -0.140556 0.198243
0.764315 -0.120974 0.0678262
0.630343 -0.0720485 0.198243
0.714697 -0.120978 0.198243
0.769268 -0.00352678 0.106468
0.689888 -0.12098 0.198243
0.689892 -0.165023 0.0678262
0.729584 -0.130764 0.0678262
0.640265 -0.0573669 0.198243
0.610494 -0.0573692 0.198243
0.610488 0.0258223 0.198243
0.724618 -0.0818283 0.0678262
0.620416 -0.037794 0.198243
0.719663 -0.174807 0.106468
0.610497 -0.0916246 0.188583
0.769275 -0.091612 0.178922
0.645236 -0.174813 0.0678262
0.610492 -0.0280075 0.13545
0.650196 -0.150345 0.198243
0.769267 0.00136684 0.116129
0.630337 0.0013558 0.198243
0.630337 0.0013558 0.0678262
0.670042 -0.130769 0.198243
0.764303 0.0356218 0.0678262
0.61049 0.00135422 0.198243
0.759344 0.00136605 0.0678262
0.769274 -0.0867183 0.0774867
0.645232 -0.125877 0.198243
0.650197 -0.155238 0.0678262
0.645219 0.0405059 0.0678262
0.679952 0.0356151 0.198243
0.699815 -0.165022 0.0678262
0.610502 -0.150348 0.183752
0.640269 -0.101409 0.198243
0.620416 -0.0329003 0.198243
0.734535 -0.00352954 0.0678262
0.665084 -0.174812 0.154771
0.63034 -0.0377932 0.0678262
0.630349 -0.150346 0.198243
0.684915 0.0209346 0.198243
0.689892 -0.169916 0.198243
0.769265 0.0356222 0.198243
0.679958 -0.0328956 0.198243
0.674998 -0.0573641 0.0678262
0.620419 -0.0720493 0.198243
0.625374 0.0209299 0.0678262
0.61049 -0.0035394 0.106468
0.76928 -0.155229 0.0968077
0.704776 -0.150341 0.198243
0.674997 -0.0524705 0.0678262
0.670036 -0.0573645 0.0678262
0.610486 0.0502904 0.178922
0.665077 -0.0916202 0.0678262
0.694849 -0.106299 0.198243
0.684916 0.00625376 0.198243
0.610491 -0.00843302 0.178922
0.76432 -0.174804 0.193413
0.729575 -0.027998 0.198243
0.764307 -0.018208 0.198243
0.610493 -0.0426884 0.183752
0.719658 -0.11119 0.198243
0.684919 -0.023108 0.0678262
0.675002 -0.1063 0.0678262
0.670039 -0.0916198 0.0678262
0.610495 -0.0622629 0.120959
0.769268 -0.0084204 0.174092
0.645231 -0.106303 0.0678262
0.645234 -0.140558 0.198243
0.610495 -0.0622629 0.0774867
0.615449 0.0307163 0.198243
0.620427 -0.165028 0.198243
0.655158 -0.145451 0.198243
0.655149 -0.0426848 0.0678262
0.610488 0.0258223 0.111299
0.744472 -0.174805 0.106468
0.699816 -0.174809 0.193413
0.73454 -0.062253 0.198243
0.625371 0.0551852 0.0871472
0.660121 -0.160131 0.198243
0.70476 0.0551915 0.174092
0.650187 -0.032898 0.198243
0.694844 -0.0475753 0.198243
0.610495 -0.0622629 0.159601
0.699799 0.0356167 0.198243
0.6105 -0.12588 0.198243
0.620414 -0.00843223 0.198243
0.76927 -0.0328885 0.101638
0.714698 -0.130765 0.0678262
0.769281 -0.16991 0.0968077
0.64523 -0.0916218 0.198243
0.645232 -0.125877 0.0678262
0.655149 -0.0328976 0.198243
0.610491 -0.0182203 0.0726565
0.709725 0.00625573 0.198243
0.769267 0.0111541 0.14511
0.650198 -0.174813 0.159601
0.640256 0.0551864 0.193413
0.749421 -0.00352836 0.198243
0.625389 -0.169921 0.198243
0.655152 -0.0769402 0.198243
0.694843 -0.0328944 0.0678262
0.769281 -0.174804 0.14028
0.620409 0.0551848 0.198243
0.610488 0.0209287 0.149941
0.769275 -0.091612 0.183752
0.645236 -0.174813 0.0726565
0.610499 -0.116093 0.174092
0.70974 -0.174808 0.159601
0.645235 -0.160133 0.198243
0.69981 -0.0916175 0.0678262
0.640266 -0.0671541 0.198243
0.610501 -0.145454 0.106468
0.615466 -0.174816 0.0919775
0.665076 -0.081833 0.0678262
0.684914 0.0356155 0.198243
0.689891 -0.160129 0.198243
0.684929 -0.150342 0.0678262
0.724615 -0.0475729 0.0678262
0.610487 0.0405032 0.14511
0.709725 0.00625573 0.0678262
0.610496 -0.0769437 0.101638
0.610496 -0.0769437 0.198243
0.734541 -0.0720402 0.0678262
0.749416 0.0551951 0.164431
0.769267 0.0111541 0.082317
0.650198 -0.174813 0.0968077
0.615451 0.0111419 0.198243
0.769272 -0.0573566 0.154771
0.610497 -0.086731 0.169262
0.625375 0.0013554 0.198243
0.734532 0.0307258 0.198243
0.764311 -0.0720379 0.198243
0.610495 -0.0622629 0.14028
0.749416 0.0551951 0.193413
0.769267 0.0111541 0.159601
0.635304 -0.0671545 0.198243
0.650198 -0.169919 0.0678262
0.64522 0.0307187 0.0678262
0.704762 0.0307234 0.198243
0.640275 -0.174814 0.149941
0.625383 -0.096517 0.198243
0.709725 0.016043 0.198243
0.769267 0.00626046 0.174092
0.620422 -0.101411 0.198243
0.670028 0.0454015 0.198243
0.724625 -0.174807 0.183752
0.630339 -0.0280059 0.198243
0.640273 -0.155239 0.198243
0.699803 -0.0035323 0.0678262
0.724622 -0.135658 0.198243
0.610491 -0.0182203 0.193413
0.679962 -0.0916191 0.0678262
0.610494 -0.0573692 0.0726565
0.699816 -0.174809 0.13062
0.759358 -0.174804 0.125789
0.615455 -0.042688 0.0678262
0.640263 -0.0231115 0.198243
0.61049 0.00135422 0.0678262
0.620422 -0.111198 0.198243
0.610493 -0.0377947 0.198243
0.729573 0.00136369 0.198243
0.739492 0.0551943 0.0871472
0.640265 -0.0573669 0.0678262
0.610489 0.0111415 0.149941
0.769269 -0.0231013 0.178922
0.714701 -0.169914 0.198243
0.764301 0.0551963 0.159601
0.645224 -0.0182175 0.0678262
0.70973 -0.0524677 0.198243
0.635306 -0.0916226 0.198243
0.660107 0.0111454 0.198243
0.65019 -0.0769406 0.198243
0.684931 -0.17481 0.116129
0.729572 0.0160445 0.198243
0.610501 -0.140561 0.101638
0.645223 -0.00843026 0.198243
0.744454 0.0551947 0.174092
0.625384 -0.106304 0.198243
0.610486 0.0502904 0.111299
0.660106 0.0258263 0.198243
0.6353 -0.00843105 0.198243
0.625374 0.0209299 0.198243
0.689889 -0.135661 0.198243
0.610499 -0.111199 0.169262
0.625372 0.045398 0.198243
0.610488 0.0209287 0.188583
0.640275 -0.174814 0.0871472
0.610492 -0.0280075 0.198243
0.719655 -0.0720414 0.0678262
0.625372 0.0405044 0.198243
0.679957 -0.028002 0.0678262
0.724614 -0.0279984 0.198243
0.709722 0.0551919 0.13545
0.660114 -0.0818334 0.0678262
0.625374 0.0111426 0.0678262
0.610488 0.0258223 0.106468
0.625374 0.0160363 0.198243
0.625375 0.00624903 0.198243
0.655158 -0.145451 0.0678262
0.640256 0.0551864 0.0726565
0.739509 -0.150338 0.0678262
0.674996 -0.0377896 0.198243
0.689893 -0.17481 0.14028
0.6353 -0.0182183 0.0678262
0.689874 0.0551904 0.0919775
0.729574 -0.0133172 0.0678262
0.754394 -0.145443 0.198243
0.74446 -0.013316 0.198243
0.610494 -0.0524756 0.14511
0.655156 -0.120983 0.0678262
0.769264 0.0454094 0.101638
0.625377 -0.0182191 0.198243
0.67499 0.0454019 0.0678262
0.769271 -0.0475694 0.193413
0.679969 -0.174811 0.164431
0.689877 0.0160414 0.198243
0.620423 -0.125879 0.198243
0.610491 -0.00843302 0.169262
0.610496 -0.0818373 0.154771
0.655157 -0.140557 0.198243
0.625381 -0.0671553 0.198243
0.719657 -0.0965095 0.0678262
0.739492 0.0551943 0.0919775
0.709723 0.0356175 0.0678262
0.625379 -0.0524744 0.198243
0.655157 -0.140557 0.0678262
0.699808 -0.072043 0.0678262
0.769268 -0.00352678 0.154771
0.645229 -0.0867282 0.0678262
0.709736 -0.130766 0.198243
0.645218 0.0551868 0.14511
0.635305 -0.0720481 0.198243
0.665078 -0.101407 0.0678262
0.769265 0.0307286 0.0678262
0.610502 -0.155242 0.198243
0.679956 -0.0084275 0.0678262
0.610489 0.00624784 0.188583
0.615457 -0.0622625 0.198243
0.6105 -0.12588 0.125789
0.620427 -0.165028 0.0678262
0.615449 0.0307163 0.0678262
0.660122 -0.174812 0.14028
0.640264 -0.0377924 0.0678262
0.650188 -0.0426852 0.198243
0.620424 -0.135666 0.0678262
0.615448 0.0502908 0.0678262
0.610494 -0.0524756 0.13062
0.69485 -0.12098 0.198243
0.610498 -0.101412 0.174092
0.689888 -0.116086 0.0678262
0.769268 -0.0084204 0.198243
0.709739 -0.169915 0.198243
0.650181 0.0356127 0.198243
0.63035 -0.165027 0.198243
0.769265 0.0356222 0.183752
0.744462 -0.0475713 0.198243
0.744466 -0.0965075 0.0678262
0.684921 -0.0524697 0.198243
0.625374 0.0111426 0.198243
0.754392 -0.120975 0.198243
0.625389 -0.174815 0.169262
0.739499 -0.0328909 0.198243
0.704778 -0.174809 0.183752
0.769281 -0.16991 0.116129
0.625384 -0.111198 0.198243
0.66508 -0.130769 0.198243
0.724617 -0.0769346 0.0678262
0.610492 -0.0280075 0.14028
0.650188 -0.0426852 0.0678262
0.655147 -0.0133231 0.0678262
0.699803 -0.0035323 0.198243
0.704771 -0.0916171 0.0678262
0.660108 -0.00353546 0.0678262
0.749416 0.0551951 0.0774867
0.670035 -0.0426836 0.198243
0.719652 -0.0279988 0.198243
0.640258 0.0307183 0.198243
0.75934 0.0551959 0.159601
0.615454 -0.0329007 0.0678262
0.709731 -0.0671486 0.198243
0.660105 0.0307199 0.198243
0.625387 -0.145453 0.198243
0.645225 -0.0328984 0.198243
0.734544 -0.116083 0.0678262
0.610492 -0.0329011 0.164431
0.769265 0.0307286 0.178922
0.650185 -0.0133235 0.198243
0.645227 -0.0622601 0.198243
0.610487 0.0405032 0.198243
0.615462 -0.130773 0.198243
0.714686 0.0258306 0.0678262
0.719663 -0.169914 0.0678262
0.610499 -0.111199 0.154771
0.674992 0.0111466 0.198243
0.679967 -0.150343 0.198243
0.640275 -0.174814 0.106468
0.640266 -0.0622605 0.198243
0.615461 -0.120986 0.198243
0.610498 -0.101412 0.0968077
0.630333 0.050292 0.198243
0.769266 0.0209413 0.169262
0.650198 -0.174813 0.198243
0.764314 -0.1014 0.0678262
0.610496 -0.0720501 0.106468
0.665081 -0.140556 0.198243
0.610489 0.00624784 0.13062
0.630335 0.0258239 0.198243
0.699816 -0.169915 0.198243
0.675007 -0.174811 0.111299
0.610502 -0.155242 0.116129
0.67003 0.0209334 0.0678262
0.635303 -0.0573673 0.198243
0.764315 -0.11608 0.198243
0.610493 -0.0426884 0.154771
0.615466 -0.174816 0.154771
0.675007 -0.174811 0.198243
0.749416 0.0551951 0.14511
0.694854 -0.174809 0.169262
0.769275 -0.0965056 0.198243
0.610503 -0.160135 0.198243
0.620427 -0.174815 0.0871472
0.65516 -0.174813 0.13545
0.610493 -0.0426884 0.0726565
0.650192 -0.0916214 0.198243
0.610486 0.0502904 0.0968077
0.670031 0.00625258 0.0678262
0.610487 0.0307159 0.0774867
0.660118 -0.13077 0.0678262
0.739502 -0.0622526 0.198243
0.674989 0.0551892 0.149941
0.630335 0.0307175 0.198243
0.694853 -0.160129 0.0678262
0.655148 -0.0182167 0.198243
0.665067 0.0356139 0.198243
0.769276 -0.111186 0.111299
0.744463 -0.052465 0.198243
0.754392 -0.125868 0.0678262
0.684916 0.016041 0.0678262
0.759357 -0.165017 0.0678262
0.610501 -0.145454 0.0871472
0.640275 -0.174814 0.101638
0.635295 0.0453988 0.198243
0.645229 -0.076941 0.0678262
0.615458 -0.0818369 0.198243
0.675007 -0.169917 0.198243
0.699803 -0.00842592 0.0678262
0.69484 0.0111482 0.198243
0.66011 -0.0280036 0.198243
0.620427 -0.174815 0.149941
0.65516 -0.174813 0.14511
0.610491 -0.0182203 0.198243
0.684928 -0.140555 0.0678262
0.610492 -0.0280075 0.174092
0.739511 -0.174806 0.125789
0.670034 -0.03779 0.0678262
0.704778 -0.174809 0.198243
0.615458 -0.0818369 0.0678262
0.679951 0.050296 0.0678262
0.615455 -0.0475816 0.198243
0.675001 -0.101407 0.198243
0.610495 -0.0622629 0.13545
0.679962 -0.0867254 0.0678262
0.610487 0.0307159 0.0871472
0.769268 -0.00352678 0.13062
0.630337 -0.00353782 0.198243
0.769271 -0.0426757 0.198243
0.670043 -0.150343 0.198243
0.610501 -0.140561 0.0678262
0.769272 -0.052463 0.106468
0.719663 -0.174807 0.164431
0.699815 -0.155235 0.198243
0.769273 -0.0671439 0.154771
0.679966 -0.140555 0.0678262
0.674993 0.00135935 0.0678262
0.739492 0.0551943 0.13062
0.665069 0.00625218 0.0678262
0.650191 -0.0818342 0.198243
0.674992 0.0160402 0.0678262
0.630343 -0.0769421 0.198243
0.714689 -0.0133184 0.0678262
0.684925 -0.101406 0.0678262
0.759351 -0.0867191 0.0678262
0.610487 0.0405032 0.0678262
0.635313 -0.174814 0.159601
0.684925 -0.101406 0.198243
0.630345 -0.10141 0.198243
0.675005 -0.145449 0.0678262
0.620411 0.0307167 0.198243
0.665075 -0.0671521 0.198243
0.769265 0.0258349 0.174092
0.650198 -0.169919 0.198243
0.64522 0.0307187 0.198243
0.714693 -0.0671482 0.0678262
0.610496 -0.0769437 0.111299
0.655143 0.0356131 0.198243
0.675002 -0.111194 0.0678262
0.610495 -0.0671565 0.13545
0.72461 0.0209378 0.198243
0.625387 -0.145453 0.0678262
0.759357 -0.160123 0.0678262
0.610497 -0.0916246 0.0968077
0.645233 -0.135664 0.198243
0.610487 0.0405032 0.0919775
0.66011 -0.0328972 0.198243
0.625379 -0.0426872 0.0678262
0.62041 0.0453976 0.198243
0.610489 0.0160351 0.178922
0.610495 -0.0671565 0.0774867
0.674992 0.0160402 0.198243
0.769268 -0.0084204 0.0919775
0.665072 -0.0328968 0.198243
0.754383 -0.0133152 0.0678262
0.769272 -0.052463 0.198243
0.665069 0.0111458 0.198243
0.694849 -0.111192 0.198243
0.684916 0.016041 0.198243
0.610498 -0.106305 0.159601
0.625377 -0.0182191 0.0678262
0.660116 -0.101408 0.0678262
0.759358 -0.174804 0.149941
0.699816 -0.174809 0.154771
0.660104 0.0502944 0.198243
0.75438 0.0258338 0.0678262
0.769273 -0.0622502 0.0678262
0.650191 -0.0818342 0.0678262
0.674989 0.0551892 0.0774867
0.769273 -0.0720375 0.193413
0.610501 -0.145454 0.174092
0.734549 -0.174806 0.13062
0.630346 -0.106304 0.198243
0.759354 -0.130762 0.0678262
0.61049 0.00135422 0.13062
0.769278 -0.135655 0.0726565
0.610496 -0.0818373 0.106468
0.645236 -0.174813 0.193413
0.714698 -0.125872 0.198243
0.754396 -0.174805 0.154771
0.769274 -0.0769311 0.198243
0.635301 -0.0328992 0.198243
0.610492 -0.0280075 0.116129
0.610501 -0.135667 0.106468
0.679963 -0.0965127 0.198243
0.769265 0.0307286 0.0919775
0.635307 -0.10141 0.0678262
0.610495 -0.0671565 0.159601
0.694847 -0.0818306 0.198243
0.610499 -0.111199 0.14511
0.670035 -0.0475773 0.198243
0.635298 0.00624981 0.198243
0.635299 0.00135619 0.198243
0.645227 -0.0524728 0.0678262
0.719656 -0.0867223 0.198243
0.64027 -0.120984 0.0678262
0.724622 -0.130764 0.0678262
0.764314 -0.106293 0.0678262
0.665073 -0.0475776 0.198243
0.610492 -0.0231139 0.174092
0.709738 -0.15034 0.198243
0.610485 0.0551841 0.0871472
0.62538 -0.0622617 0.198243
0.65516 -0.174813 0.0774867
0.689875 0.0454031 0.198243
0.75934 0.0551959 0.188583
0.610503 -0.165029 0.149941
0.76432 -0.174804 0.14511
0.769281 -0.165016 0.0774867
0.665071 -0.0182159 0.198243
0.679955 0.00625336 0.198243
0.645223 -0.00843026 0.0678262
0.769269 -0.0182076 0.0968077
0.689889 -0.130767 0.198243
0.739492 0.0551943 0.159601
0.640271 -0.135665 0.198243
0.71966 -0.135658 0.0678262
0.734536 -0.00842316 0.198243
0.769281 -0.174804 0.159601
0.615453 -0.0133262 0.0678262
0.635312 -0.165027 0.198243
0.665073 -0.0377904 0.198243
0.610492 -0.0329011 0.159601
0.610501 -0.135667 0.159601
0.610498 -0.0965182 0.193413
0.655146 -0.00353585 0.0678262
0.759352 -0.106294 0.198243
0.660117 -0.111195 0.198243
0.71965 -0.00842434 0.198243
0.675006 -0.155237 0.198243
0.610493 -0.0426884 0.0774867
0.694836 0.0551908 0.116129
0.610503 -0.165029 0.111299
0.645224 -0.0182175 0.198243
0.684927 -0.12098 0.198243
0.61049 -0.0035394 0.0919775
0.615456 -0.0573688 0.198243
0.665074 -0.0524713 0.198243
0.729573 -0.00352993 0.198243
0.610491 -0.0182203 0.174092
0.724616 -0.0622538 0.198243
0.665075 -0.0622585 0.198243
0.724611 0.00625691 0.0678262
0.75934 0.0551959 0.0678262
0.665076 -0.0769394 0.198243
0.724625 -0.174807 0.0919775
0.615466 -0.174816 0.13545
0.689893 -0.17481 0.183752
0.665076 -0.081833 0.198243
0.714684 0.0454051 0.198243
0.719661 -0.150339 0.198243
0.70974 -0.174808 0.111299
0.689893 -0.17481 0.082317
0.630339 -0.0182187 0.198243
0.655142 0.0551876 0.178922
0.665078 -0.106301 0.198243
0.769266 0.0209413 0.174092
0.650198 -0.174813 0.193413
0.769272 -0.0573566 0.198243
0.689884 -0.0622565 0.198243
0.70974 -0.174808 0.0774867
0.739507 -0.135657 0.198243
0.709722 0.0454047 0.198243
0.69981 -0.0965111 0.0678262
0.665079 -0.111195 0.198243
0.635307 -0.106303 0.0678262
0.665072 -0.0280032 0.198243
0.610489 0.00624784 0.101638
0.734548 -0.160125 0.198243
0.72461 0.0160442 0.0678262
0.610501 -0.135667 0.174092
0.769269 -0.0182076 0.193413
0.66508 -0.135663 0.198243
0.610496 -0.0720501 0.198243
0.754385 -0.0377833 0.198243
0.769272 -0.052463 0.14028
0.674994 -0.00353427 0.198243
0.679966 -0.135662 0.198243
0.665084 -0.174812 0.198243
0.719657 -0.0916159 0.198243
0.670028 0.0405079 0.198243
0.610501 -0.145454 0.0774867
0.630351 -0.174815 0.0871472
0.670042 -0.135662 0.0678262
0.610502 -0.150348 0.0871472
0.620427 -0.174815 0.193413
0.670029 0.0356143 0.198243
0.70974 -0.174808 0.125789
0.640256 0.0551864 0.198243
0.610488 0.0209287 0.116129
0.610493 -0.0426884 0.169262
0.615466 -0.174816 0.14511
0.670031 0.00135895 0.198243
0.679951 0.0454023 0.198243
0.704774 -0.125872 0.198243
0.66011 -0.0231099 0.0678262
0.670034 -0.0280028 0.198243
0.749417 0.0356206 0.198243
0.670034 -0.0328964 0.198243
0.769277 -0.120974 0.154771
0.719649 0.00625652 0.198243
0.749419 0.0160461 0.198243
0.719649 0.0013629 0.198243
0.714683 0.0551923 0.106468
0.670037 -0.0671517 0.198243
0.62538 -0.057368 0.0678262
0.610485 0.0551841 0.120959
0.684918 -0.0133207 0.198243
0.665072 -0.0231095 0.0678262
0.670038 -0.076939 0.198243
0.610487 0.0307159 0.0726565
0.729584 -0.135658 0.198243
0.670038 -0.0818326 0.198243
0.699815 -0.165022 0.198243
0.689874 0.0551904 0.13545
0.769263 0.0551967 0.154771
0.679964 -0.116087 0.0678262
0.645231 -0.111196 0.0678262
0.610488 0.0209287 0.154771
0.754393 -0.135656 0.198243
0.650192 -0.096515 0.0678262
0.71469 -0.0231056 0.0678262
0.620427 -0.174815 0.0919775
0.73454 -0.0573594 0.198243
0.65516 -0.174813 0.154771
0.729587 -0.174807 0.164431
0.684921 -0.0475761 0.198243
0.70476 0.0502979 0.198243
0.660113 -0.0671525 0.0678262
0.610495 -0.0671565 0.106468
0.724625 -0.174807 0.14511
0.670044 -0.155237 0.198243
0.674989 0.0551892 0.183752
0.645223 -0.00353664 0.198243
0.610494 -0.047582 0.193413
0.670044 -0.160131 0.198243
0.674989 0.0551892 0.14028
0.744467 -0.101401 0.0678262
0.714683 0.0551923 0.101638
0.655155 -0.116089 0.0678262
0.670032 -0.00353467 0.198243
0.76927 -0.0279949 0.188583
0.684913 0.0454027 0.0678262
0.68989 -0.145448 0.0678262
0.674989 0.0502956 0.198243
0.694852 -0.145448 0.0678262
0.655159 -0.160132 0.198243
0.689876 0.0356159 0.0678262
0.650183 0.0160382 0.0678262
0.769281 -0.165016 0.159601
0.709733 -0.0867231 0.198243
0.67499 0.0405083 0.0678262
0.610501 -0.135667 0.169262
0.635301 -0.0231119 0.0678262
0.615466 -0.174816 0.101638
0.719651 -0.0182116 0.198243
0.665084 -0.174812 0.188583
0.739497 -0.00352914 0.198243
0.724617 -0.0671474 0.198243
0.719655 -0.0671478 0.0678262
0.709722 0.0551919 0.120959
0.610488 0.0258223 0.169262
0.759352 -0.1014 0.198243
0.684926 -0.111193 0.198243
0.714692 -0.0475737 0.198243
0.769265 0.0307286 0.13545
0.69981 -0.0916175 0.198243
0.665065 0.0551884 0.0774867
0.684925 -0.1063 0.0678262
0.610491 -0.0133266 0.106468
0.674992 0.0209338 0.198243
0.679968 -0.16013 0.198243
0.620409 0.0551848 0.149941
0.769281 -0.174804 0.188583
0.630345 -0.0965166 0.198243
0.650194 -0.125877 0.198243
0.610489 0.0111415 0.120959
0.620427 -0.174815 0.188583
0.674993 0.00135935 0.198243
0.679966 -0.140555 0.198243
0.674997 -0.0524705 0.198243
0.739503 -0.0769335 0.198243
0.749434 -0.174805 0.14028
0.65019 -0.0720469 0.0678262
0.610501 -0.135667 0.154771
0.675002 -0.111194 0.198243
0.67499 0.0454019 0.198243
0.694842 -0.0133199 0.198243
0.610492 -0.0280075 0.101638
0.620419 -0.0720493 0.0678262
0.610487 0.0405032 0.14028
0.769267 0.00626046 0.111299
0.72958 -0.0818279 0.198243
0.675001 -0.0916194 0.198243
0.65515 -0.0475784 0.198243
0.670031 0.00625258 0.198243
0.610487 0.0356096 0.174092
0.76927 -0.0279949 0.149941
0.714691 -0.0377865 0.198243
0.724607 0.0551931 0.198243
0.704772 -0.101404 0.0678262
0.699802 0.00625494 0.198243
0.610495 -0.0622629 0.116129
0.769269 -0.0231013 0.14511
0.625388 -0.165028 0.198243
0.630339 -0.0182187 0.0678262
0.65018 0.0551872 0.14511
0.675001 -0.0965131 0.198243
0.769271 -0.0426757 0.0774867
0.675003 -0.116088 0.198243
0.769271 -0.0377821 0.0871472
0.630347 -0.125878 0.0678262
0.7147 -0.15034 0.0678262
0.610498 -0.0965182 0.13062
0.714694 -0.0769354 0.198243
0.679962 -0.0818318 0.198243
0.749422 -0.0231028 0.0678262
0.610501 -0.135667 0.13062
0.694844 -0.0426817 0.198243
0.6998 0.030723 0.198243
0.704775 -0.13566 0.198243
0.610491 -0.0182203 0.0871472
0.675003 -0.125875 0.198243
0.679956 -0.0133211 0.198243
0.729573 0.00136369 0.0678262
0.675001 -0.0965131 0.0678262
0.714702 -0.174808 0.14028
0.679953 0.0209342 0.198243
0.749421 -0.0133156 0.198243
0.635305 -0.0818354 0.198243
0.679954 0.0160406 0.198243
0.670038 -0.0818326 0.0678262
0.670045 -0.169918 0.198243
0.610496 -0.0720501 0.154771
0.650198 -0.174813 0.149941
0.679955 0.00135974 0.198243
0.675007 -0.174811 0.183752
0.70477 -0.0720426 0.198243
0.610504 -0.174816 0.0678262
0.709724 0.0258302 0.0678262
0.610487 0.0307159 0.120959
0.699813 -0.140554 0.198243
0.610503 -0.169923 0.0774867
0.674989 0.0551892 0.0678262
0.769274 -0.0867183 0.13062
0.610492 -0.0329011 0.0919775
0.679957 -0.028002 0.198243
0.635294 0.055186 0.0678262
0.734533 0.0209386 0.198243
0.709727 -0.0133188 0.0678262
0.769278 -0.135655 0.0919775
0.610496 -0.0818373 0.125789
0.679958 -0.0426828 0.198243
0.684931 -0.17481 0.0774867
0.749434 -0.174805 0.188583
0.714695 -0.0965099 0.0678262
0.689889 -0.125874 0.198243
0.7395 -0.0426781 0.198243
0.610498 -0.106305 0.111299
0.694847 -0.0818306 0.0678262
0.635297 0.0258243 0.0678262
0.67996 -0.067151 0.198243
0.610494 -0.0524756 0.082317
0.759348 -0.0524638 0.0678262
0.679962 -0.0916191 0.198243
0.679964 -0.111194 0.198243
0.679964 -0.116087 0.198243
0.769265 0.0258349 0.149941
0.76431 -0.057357 0.198243
0.684914 0.0307219 0.198243
0.689874 0.0551904 0.198243
0.67003 0.0160398 0.0678262
0.719646 0.0454055 0.198243
0.739498 -0.01821 0.0678262
0.610492 -0.0329011 0.169262
0.640269 -0.106303 0.198243
0.610502 -0.150348 0.0726565
0.615465 -0.169922 0.198243
0.679968 -0.16013 0.0678262
0.674992 0.0209338 0.0678262
0.630351 -0.174815 0.120959
0.684916 0.0111474 0.198243
0.610503 -0.160135 0.193413
0.610493 -0.0426884 0.116129
0.684917 0.00136014 0.198243
0.684918 -0.0084271 0.198243
0.704769 -0.0573617 0.198243
0.620423 -0.120986 0.0678262
0.75935 -0.0818255 0.198243
0.684918 -0.0182143 0.198243
0.769267 0.00136684 0.198243
0.62042 -0.0769429 0.198243
0.610499 -0.111199 0.111299
0.684919 -0.023108 0.198243
0.769279 -0.150335 0.0678262
0.769281 -0.16991 0.0678262
0.684915 0.0258282 0.198243
0.640275 -0.174814 0.0968077
0.754396 -0.174805 0.14028
0.769269 -0.013314 0.0871472
0.709722 0.0502983 0.198243
0.660106 0.0258263 0.0678262
0.670036 -0.0622581 0.198243
0.749421 -0.00842198 0.0678262
0.610496 -0.0720501 0.178922
0.769266 0.0209413 0.193413
0.650198 -0.174813 0.125789
0.68492 -0.0377888 0.198243
0.714692 -0.0573609 0.198243
0.610497 -0.0916246 0.164431
0.684922 -0.0671506 0.198243
0.739499 -0.0231036 0.198243
0.684923 -0.0818314 0.198243
0.610491 -0.0182203 0.13062
0.684924 -0.0916187 0.198243
0.70974 -0.174808 0.154771
0.694851 -0.125873 0.198243
0.689881 -0.0280012 0.198243
0.714696 -0.106297 0.198243
0.684925 -0.1063 0.198243
0.610487 0.0356096 0.14511
0.640263 -0.0280051 0.198243
0.625383 -0.0916234 0.0678262
0.739509 -0.160125 0.198243
0.684926 -0.116087 0.198243
0.674999 -0.072045 0.198243
0.650198 -0.174813 0.13545
0.610503 -0.169923 0.0968077
0.684927 -0.130768 0.198243
0.610487 0.0356096 0.101638
0.76928 -0.155229 0.082317
0.704769 -0.0622554 0.198243
0.625385 -0.116091 0.198243
0.665075 -0.0671521 0.0678262
0.620411 0.0258231 0.198243
0.769274 -0.0769311 0.14028
0.635312 -0.169921 0.198243
0.630335 0.0209303 0.198243
0.769279 -0.140548 0.120959
0.610504 -0.174816 0.178922
0.684929 -0.150342 0.198243
0.625371 0.0502916 0.198243
0.610491 -0.00843302 0.0678262
0.719658 -0.101403 0.0678262
0.625389 -0.174815 0.164431
0.67004 -0.106301 0.198243
0.610489 0.0111415 0.0968077
0.689875 0.0405095 0.198243
0.689893 -0.17481 0.14511
0.689876 0.0307223 0.198243
0.615455 -0.042688 0.198243
0.610498 -0.101412 0.154771
0.689877 0.020935 0.198243
0.68988 -0.0133203 0.198243
0.679964 -0.1063 0.198243
0.610501 -0.145454 0.116129
0.62041 0.040504 0.198243
0.689881 -0.0328948 0.198243
0.76928 -0.155229 0.198243
0.645235 -0.155239 0.198243
0.635313 -0.174814 0.14511
0.615466 -0.174816 0.0871472
0.675 -0.0867258 0.198243
0.699815 -0.160128 0.198243
0.734549 -0.174806 0.14511
0.675002 -0.1063 0.198243
0.724607 0.0551931 0.101638
0.63034 -0.0377932 0.198243
0.689882 -0.0426821 0.198243
0.610501 -0.135667 0.0678262
0.689883 -0.0524693 0.198243
0.699804 -0.0182132 0.198243
0.734548 -0.169913 0.198243
0.640259 0.0209311 0.198243
0.769264 0.0454094 0.0726565
0.719647 0.0356182 0.198243
0.749426 -0.0769327 0.0678262
0.665071 -0.0133223 0.198243
0.670045 -0.174811 0.125789
0.75934 0.0551959 0.178922
0.610503 -0.165029 0.164431
0.76432 -0.174804 0.154771
0.689883 -0.0573629 0.198243
0.759349 -0.0573574 0.0678262
0.684914 0.0307219 0.0678262
0.769264 0.0454094 0.183752
0.754384 -0.0182088 0.198243
0.689884 -0.0671502 0.198243
0.689885 -0.081831 0.198243
0.724612 -0.00842395 0.198243
0.610488 0.0209287 0.0968077
0.689891 -0.150342 0.198243
0.665082 -0.150344 0.198243
0.679962 -0.0867254 0.198243
0.749428 -0.0916135 0.198243
0.665084 -0.174812 0.14511
0.625386 -0.130772 0.0678262
0.739492 0.0551943 0.169262
0.694837 0.0454035 0.198243
0.63035 -0.165027 0.0678262
0.655153 -0.0818338 0.198243
0.670029 0.0258271 0.198243
0.744463 -0.052465 0.0678262
0.694837 0.0405099 0.198243
0.769268 -0.00352678 0.159601
0.689886 -0.0965119 0.0678262
0.699805 -0.0280004 0.198243
0.694838 0.0356163 0.198243
0.665075 -0.0720458 0.198243
0.764308 -0.0328889 0.0678262
0.699805 -0.032894 0.198243
0.759353 -0.116081 0.198243
0.769275 -0.091612 0.120959
0.63531 -0.140559 0.198243
0.76928 -0.155229 0.149941
0.694838 0.0307227 0.198243
0.655142 0.0551876 0.169262
0.694839 0.0160418 0.198243
0.694841 -0.00353269 0.198243
0.744465 -0.0867203 0.198243
0.694841 -0.00842632 0.198243
0.630344 -0.0867294 0.198243
0.670036 -0.0524709 0.198243
0.694843 -0.0280008 0.198243
0.620412 0.0160359 0.0678262
0.769276 -0.111186 0.0871472
0.759344 -0.00352757 0.198243
0.769272 -0.0573566 0.149941
0.635311 -0.15524 0.0678262
0.630334 0.0405048 0.0678262
0.610497 -0.086731 0.164431
0.630336 0.0160367 0.0678262
0.610487 0.0307159 0.159601
0.744461 -0.0279969 0.198243
0.714697 -0.111191 0.198243
0.694836 0.0551908 0.082317
0.645225 -0.0280047 0.0678262
0.6998 0.0258294 0.198243
0.704774 -0.130766 0.198243
0.739492 0.0551943 0.111299
0.61049 0.00135422 0.178922
0.650183 0.0111446 0.0678262
0.675001 -0.101407 0.0678262
0.630341 -0.052474 0.198243
0.674991 0.0258275 0.198243
0.679968 -0.165023 0.198243
0.769273 -0.0622502 0.0919775
0.694845 -0.0524689 0.198243
0.694845 -0.0573625 0.198243
0.709732 -0.0720422 0.0678262
0.645226 -0.0426856 0.0678262
0.769272 -0.0573566 0.0871472
0.694845 -0.0622561 0.198243
0.610493 -0.0377947 0.082317
0.704771 -0.0867235 0.198243
0.610491 -0.00843302 0.0726565
0.625389 -0.174815 0.120959
0.694846 -0.0720434 0.198243
0.679967 -0.150343 0.0678262
0.674992 0.0111466 0.0678262
0.739492 0.0551943 0.174092
0.759347 -0.0426765 0.0678262
0.670027 0.0551888 0.178922
0.615454 -0.0280071 0.198243
0.610498 -0.106305 0.174092
0.694847 -0.076937 0.198243
0.66012 -0.150344 0.0678262
0.739504 -0.0916143 0.0678262
0.734547 -0.155232 0.0678262
0.694851 -0.130767 0.198243
0.670045 -0.169918 0.0678262
0.610488 0.0258223 0.13062
0.610499 -0.120986 0.0678262
0.754381 0.0111529 0.198243
0.744464 -0.0720394 0.0678262
0.694852 -0.140554 0.198243
0.610497 -0.086731 0.188583
0.694845 -0.0622561 0.0678262
0.610494 -0.0524756 0.198243
0.704766 -0.0182128 0.198243
0.670033 -0.0182155 0.198243
0.694852 -0.150341 0.198243
0.699798 0.0551912 0.169262
0.610502 -0.155242 0.13062
0.610497 -0.086731 0.198243
0.694853 -0.155235 0.198243
0.610486 0.0502904 0.188583
0.689882 -0.0377884 0.198243
0.70476 0.0454043 0.198243
0.630342 -0.0671549 0.0678262
0.620414 -0.00843223 0.0678262
0.764316 -0.130761 0.198243
0.749419 0.0160461 0.0678262
0.769278 -0.125867 0.164431
0.694854 -0.169916 0.198243
0.694854 -0.174809 0.198243
0.610491 -0.0182203 0.178922
0.64026 0.0111438 0.198243
0.689893 -0.17481 0.101638
0.714695 -0.0916163 0.198243
0.699801 0.0209358 0.198243
0.610496 -0.0769437 0.193413
0.684927 -0.125874 0.0678262
0.665081 -0.140556 0.0678262
0.61049 -0.0035394 0.154771
0.699803 -0.00842592 0.198243
0.719645 0.0551927 0.193413
0.66508 -0.135663 0.0678262
0.769279 -0.150335 0.13062
0.699803 -0.0133195 0.198243
0.769277 -0.11608 0.125789
0.734542 -0.0916147 0.0678262
0.719659 -0.116084 0.198243
0.610492 -0.0231139 0.106468
0.699806 -0.0426813 0.198243
0.610504 -0.174816 0.0871472
0.704773 -0.111192 0.198243
0.610492 -0.0280075 0.082317
0.610487 0.0356096 0.149941
0.699809 -0.0867239 0.198243
0.739509 -0.160125 0.0678262
0.645218 0.0551868 0.14028
0.769264 0.0405158 0.13545
0.699811 -0.106298 0.198243
0.699811 -0.111192 0.198243
0.699812 -0.116086 0.198243
0.699816 -0.174809 0.198243
0.610503 -0.160135 0.106468
0.719653 -0.0377861 0.198243
0.739508 -0.140551 0.0678262
0.630346 -0.111197 0.198243
0.689876 0.0356159 0.198243
0.670045 -0.174811 0.169262
0.704761 0.0356171 0.198243
0.704763 0.0160426 0.198243
0.719663 -0.174807 0.149941
0.615453 -0.0182199 0.198243
0.610497 -0.0916246 0.193413
0.684929 -0.155236 0.0678262
0.670035 -0.0475773 0.0678262
0.610502 -0.155242 0.159601
0.744472 -0.174805 0.13062
0.704763 0.011149 0.198243
0.635301 -0.0280055 0.0678262
0.699806 -0.0475749 0.198243
0.610492 -0.0280075 0.159601
0.704764 0.00625534 0.198243
0.72958 -0.0867215 0.0678262
0.704764 -0.00353191 0.198243
0.665066 0.0502948 0.0678262
0.610493 -0.0377947 0.0871472
0.610494 -0.047582 0.164431
0.704765 -0.00842553 0.198243
0.704765 -0.0133191 0.198243
0.694838 0.025829 0.0678262
0.684913 0.05519 0.116129
0.650181 0.0454 0.0678262
0.660118 -0.125876 0.0678262
0.704766 -0.028 0.198243
0.665071 -0.0182159 0.0678262
0.699801 0.0160422 0.198243
0.655142 0.0551876 0.0678262
0.75438 0.0209401 0.0678262
0.769276 -0.101399 0.198243
0.704767 -0.0377873 0.198243
0.610489 0.0111415 0.178922
0.684923 -0.0720442 0.198243
0.635303 -0.04758 0.0678262
0.665065 0.0551884 0.0968077
0.610491 -0.0133266 0.0871472
0.674989 0.0551892 0.0726565
0.610501 -0.145454 0.169262
0.630335 0.0258239 0.0678262
0.61049 0.00135422 0.082317
0.684923 -0.0769378 0.0678262
0.714683 0.0551923 0.198243
0.769269 -0.013314 0.14511
0.704772 -0.101404 0.198243
0.769267 0.00626046 0.0678262
0.689875 0.0454031 0.0678262
0.610495 -0.0671565 0.174092
0.704773 -0.116085 0.198243
0.645231 -0.101409 0.198243
0.704774 -0.120979 0.198243
0.640271 -0.130771 0.0678262
0.655151 -0.0622593 0.198243
0.665084 -0.174812 0.193413
0.769274 -0.0818247 0.101638
0.635313 -0.174814 0.174092
0.62042 -0.0818365 0.198243
0.754387 -0.0622514 0.198243
0.719645 0.0551927 0.198243
0.749424 -0.0426773 0.198243
0.699808 -0.0769366 0.198243
0.650198 -0.174813 0.183752
0.61049 0.00135422 0.0726565
0.709723 0.0356175 0.198243
0.72957 0.0405127 0.198243
0.670041 -0.116088 0.198243
0.679951 0.0551896 0.0968077
0.660114 -0.0720461 0.198243
0.76432 -0.174804 0.0774867
0.709727 -0.00842513 0.198243
0.714688 0.0013625 0.198243
0.615453 -0.0231135 0.0678262
0.714694 -0.081829 0.198243
0.709728 -0.0279996 0.198243
0.610489 0.0160351 0.193413
0.714683 0.0551923 0.0871472
0.709729 -0.0426805 0.198243
0.734549 -0.174806 0.188583
0.70973 -0.0475741 0.198243
0.769279 -0.140548 0.174092
0.610504 -0.174816 0.116129
0.744472 -0.174805 0.193413
0.709731 -0.062255 0.198243
0.769268 -0.0084204 0.193413
0.660103 0.055188 0.198243
0.76928 -0.155229 0.174092
0.764316 -0.125868 0.198243
0.709732 -0.0769358 0.198243
0.769264 0.0454094 0.0678262
0.625386 -0.130772 0.198243
0.764304 0.0258346 0.198243
0.68492 -0.0426825 0.198243
0.670038 -0.0867262 0.0678262
0.76928 -0.160123 0.193413
0.709734 -0.106298 0.198243
0.610491 -0.0133266 0.111299
0.709735 -0.111191 0.198243
0.610492 -0.0329011 0.188583
0.719649 0.0111501 0.198243
0.635299 -0.00353743 0.198243
0.610504 -0.174816 0.149941
0.670044 -0.155237 0.0678262
0.709736 -0.125872 0.198243
0.610498 -0.0965182 0.159601
0.769276 -0.101399 0.169262
0.74943 -0.120975 0.198243
0.650185 -0.00842987 0.198243
0.610495 -0.0671565 0.169262
0.709737 -0.140553 0.198243
0.734531 0.0551939 0.149941
0.769264 0.0454094 0.159601
0.719647 0.0356182 0.0678262
0.689882 -0.0475757 0.0678262
0.610492 -0.0280075 0.183752
0.739511 -0.174806 0.159601
0.709738 -0.155234 0.198243
0.76927 -0.0328885 0.13062
0.670043 -0.150343 0.0678262
0.714702 -0.174808 0.0968077
0.739495 0.0160453 0.0678262
0.759354 -0.120974 0.198243
0.65018 0.0551872 0.120959
0.714702 -0.174808 0.164431
0.699814 -0.150341 0.198243
0.610501 -0.140561 0.149941
0.719663 -0.174807 0.13545
0.709727 -0.0133188 0.198243
0.610504 -0.174816 0.13545
0.769279 -0.140548 0.0678262
0.630344 -0.0818358 0.198243
0.714689 -0.018212 0.0678262
0.764315 -0.111187 0.198243
0.71469 -0.0279992 0.198243
0.699812 -0.116086 0.0678262
0.645221 0.0160378 0.198243
0.684929 -0.155236 0.198243
0.665068 0.0258267 0.0678262
0.739501 -0.057359 0.198243
0.665081 -0.14545 0.0678262
0.660104 0.0454008 0.0678262
0.75935 -0.0720383 0.198243
0.689881 -0.0280012 0.0678262
0.625389 -0.174815 0.174092
0.714692 -0.0524673 0.198243
0.714693 -0.0671482 0.198243
0.655154 -0.0965146 0.198243
0.71965 -0.00353072 0.198243
0.714696 -0.101404 0.198243
0.714697 -0.116084 0.198243
0.769276 -0.106293 0.188583
0.620417 -0.0475812 0.198243
0.674997 -0.0475769 0.0678262
0.714698 -0.130765 0.198243
0.769276 -0.101399 0.116129
0.739496 0.0062581 0.198243
0.620416 -0.0280067 0.0678262
0.7147 -0.155233 0.198243
0.724608 0.0454059 0.0678262
0.724625 -0.174807 0.120959
0.684921 -0.0524697 0.0678262
0.640256 0.0551864 0.159601
0.620411 0.0356104 0.198243
0.714701 -0.165021 0.198243
0.739498 -0.01821 0.198243
0.694853 -0.160129 0.198243
0.65018 0.0551872 0.101638
0.714702 -0.174808 0.198243
0.665084 -0.174812 0.125789
0.754389 -0.0916131 0.0678262
0.719646 0.0502991 0.198243
0.610486 0.0453968 0.0919775
0.679957 -0.0182147 0.0678262
0.6353 -0.0133247 0.198243
0.719647 0.0307246 0.198243
0.630351 -0.174815 0.111299
0.650187 -0.0280043 0.198243
0.724621 -0.120977 0.198243
0.610487 0.0307159 0.125789
0.719648 0.0160438 0.198243
0.769265 0.0307286 0.082317
0.729578 -0.067147 0.198243
0.719651 -0.0231052 0.198243
0.70476 0.0551915 0.106468
0.650187 -0.0377916 0.0678262
0.719647 0.025831 0.198243
0.744462 -0.0426777 0.0678262
0.719653 -0.0475733 0.198243
0.684921 -0.0573633 0.198243
0.719655 -0.0720414 0.198243
0.769275 -0.091612 0.14511
0.689878 0.0111478 0.198243
0.645236 -0.174813 0.13545
0.620415 -0.0182195 0.198243
0.714702 -0.174808 0.14511
0.640257 0.0405056 0.198243
0.734545 -0.120976 0.198243
0.610492 -0.0329011 0.120959
0.71966 -0.125871 0.198243
0.769274 -0.0867183 0.0919775
0.610492 -0.0329011 0.149941
0.719663 -0.174807 0.174092
0.63531 -0.145452 0.198243
0.630333 0.0453984 0.198243
0.729584 -0.140551 0.198243
0.625383 -0.0916234 0.198243
0.709733 -0.0916167 0.0678262
0.689876 0.0307223 0.0678262
0.610498 -0.101412 0.188583
0.640275 -0.174814 0.120959
0.615461 -0.116092 0.0678262
0.689877 0.0160414 0.0678262
0.70974 -0.174808 0.183752
0.724613 -0.0231048 0.0678262
0.674989 0.0551892 0.198243
0.689878 0.0111478 0.0678262
0.610489 0.0111415 0.13062
0.635313 -0.174814 0.0774867
0.61546 -0.106305 0.0678262
0.689879 0.00136053 0.0678262
0.61049 -0.0035394 0.164431
0.610498 -0.101412 0.14511
0.64522 0.0258251 0.0678262
0.689879 -0.00353309 0.0678262
0.699813 -0.13566 0.198243
0.610492 -0.0329011 0.174092
0.68988 -0.0133203 0.0678262
0.68988 -0.018214 0.0678262
0.620412 0.0209295 0.198243
0.689893 -0.17481 0.111299
0.689881 -0.0328948 0.0678262
0.76927 -0.0328885 0.125789
0.724623 -0.145445 0.198243
0.689882 -0.0426821 0.0678262
0.689883 -0.0573629 0.0678262
0.699816 -0.174809 0.0726565
0.759358 -0.174804 0.111299
0.610499 -0.111199 0.0968077
0.689884 -0.0622565 0.0678262
0.689884 -0.0720438 0.0678262
0.610486 0.0453968 0.125789
0.689885 -0.081831 0.0678262
0.610501 -0.135667 0.120959
0.630348 -0.135666 0.198243
0.689886 -0.0867246 0.0678262
0.689886 -0.0916183 0.0678262
0.630351 -0.174815 0.183752
0.689887 -0.101406 0.0678262
0.689888 -0.12098 0.0678262
0.70974 -0.174808 0.0726565
0.714693 -0.0720418 0.0678262
0.689889 -0.125874 0.0678262
0.749417 0.0454079 0.0678262
0.689889 -0.130767 0.0678262
0.68989 -0.140554 0.0678262
0.689891 -0.150342 0.0678262
0.665082 -0.160131 0.0678262
0.660105 0.0356135 0.0678262
0.694836 0.0551908 0.0678262
0.769279 -0.150335 0.178922
0.665077 -0.0965139 0.0678262
0.709733 -0.0867231 0.0678262
0.620423 -0.116092 0.0678262
0.694837 0.0454035 0.0678262
0.694837 0.0405099 0.0678262
0.754391 -0.116081 0.198243
0.694838 0.0356163 0.0678262
0.640271 -0.125878 0.0678262
0.75935 -0.0769319 0.0678262
0.694838 0.0307227 0.0678262
0.620409 0.0551848 0.111299
0.694839 0.0209354 0.0678262
0.694839 0.0160418 0.0678262
0.769264 0.0503031 0.0678262
0.69484 0.0111482 0.0678262
0.610504 -0.174816 0.198243
0.69484 0.00625455 0.0678262
0.610496 -0.0720501 0.111299
0.69484 0.00136093 0.0678262
0.6105 -0.130774 0.164431
0.694841 -0.00842632 0.0678262
0.694842 -0.0133199 0.0678262
0.769277 -0.11608 0.0678262
0.610501 -0.140561 0.164431
0.694842 -0.0231072 0.0678262
0.61049 0.00135422 0.0871472
0.694843 -0.0280008 0.0678262
0.694845 -0.0524689 0.0678262
0.694846 -0.0671498 0.0678262
0.694847 -0.076937 0.0678262
0.694847 -0.0867243 0.0678262
0.729585 -0.155232 0.198243
0.61049 0.00135422 0.116129
0.694848 -0.0916179 0.0678262
0.694848 -0.0965115 0.0678262
0.610499 -0.120986 0.0774867
0.769265 0.0307286 0.14028
0.694849 -0.101405 0.0678262
0.694849 -0.111192 0.0678262
0.69485 -0.116086 0.0678262
0.694851 -0.130767 0.0678262
0.665084 -0.174812 0.0968077
0.694852 -0.140554 0.0678262
0.610497 -0.0916246 0.13545
0.694852 -0.150341 0.0678262
0.694854 -0.165022 0.0678262
0.694854 -0.169916 0.0678262
0.759358 -0.174804 0.0968077
0.699816 -0.174809 0.111299
0.699798 0.0551912 0.0678262
0.704777 -0.160128 0.0678262
0.709726 -0.00353151 0.198243
0.610489 0.0160351 0.0726565
0.699798 0.0502975 0.0678262
0.704776 -0.155234 0.0678262
0.739504 -0.0965079 0.198243
0.675006 -0.16013 0.198243
0.699799 0.0454039 0.0678262
0.610491 -0.0182203 0.125789
0.675007 -0.174811 0.14511
0.759358 -0.174804 0.116129
0.744469 -0.130763 0.0678262
0.699799 0.0356167 0.0678262
0.6998 0.030723 0.0678262
0.704775 -0.13566 0.0678262
0.610487 0.0405032 0.111299
0.699801 0.0111486 0.0678262
0.769276 -0.111186 0.14028
0.749429 -0.106294 0.0678262
0.76928 -0.160123 0.183752
0.699802 0.00625494 0.0678262
0.769279 -0.145442 0.0678262
0.699804 -0.0231068 0.0678262
0.650194 -0.120983 0.198243
0.630344 -0.091623 0.198243
0.699805 -0.0280004 0.0678262
0.694844 -0.0426817 0.0678262
0.640261 -0.00843065 0.198243
0.660119 -0.140557 0.0678262
0.610486 0.0502904 0.0919775
0.699805 -0.032894 0.0678262
0.694844 -0.0475753 0.0678262
0.610488 0.0209287 0.14511
0.650197 -0.155238 0.198243
0.645219 0.0405059 0.198243
0.699806 -0.0426813 0.0678262
0.655151 -0.0671529 0.0678262
0.699806 -0.0475749 0.0678262
0.744472 -0.174805 0.154771
0.699806 -0.0524685 0.0678262
0.769276 -0.101399 0.0774867
0.699807 -0.0622558 0.0678262
0.699808 -0.0769366 0.0678262
0.625383 -0.101411 0.198243
0.61049 0.00135422 0.0919775
0.769266 0.0209413 0.198243
0.650198 -0.174813 0.120959
0.699809 -0.0818302 0.0678262
0.699809 -0.0867239 0.0678262
0.69981 -0.101405 0.0678262
0.679951 0.0551896 0.178922
0.769264 0.0454094 0.198243
0.699811 -0.106298 0.0678262
0.670028 0.0454015 0.0678262
0.699813 -0.130766 0.0678262
0.769274 -0.0867183 0.101638
0.699813 -0.13566 0.0678262
0.610503 -0.169923 0.193413
0.699813 -0.140554 0.0678262
0.6105 -0.12588 0.149941
0.65018 0.0551872 0.0774867
0.699814 -0.150341 0.0678262
0.699815 -0.155235 0.0678262
0.769269 -0.013314 0.0678262
0.769272 -0.052463 0.120959
0.719663 -0.174807 0.154771
0.640257 0.0502928 0.0678262
0.615466 -0.174816 0.198243
0.699815 -0.160128 0.0678262
0.689893 -0.17481 0.120959
0.610495 -0.0671565 0.125789
0.699816 -0.169915 0.0678262
0.610503 -0.160135 0.174092
0.610499 -0.111199 0.116129
0.699816 -0.174809 0.0678262
0.70476 0.0502979 0.0678262
0.610491 -0.00843302 0.106468
0.769269 -0.0231013 0.183752
0.684913 0.0502963 0.0678262
0.625389 -0.174815 0.159601
0.70476 0.0454043 0.0678262
0.704761 0.0405107 0.0678262
0.704761 0.0356171 0.0678262
0.61049 -0.0035394 0.0678262
0.704762 0.0307234 0.0678262
0.704763 0.0160426 0.0678262
0.704763 0.011149 0.0678262
0.754382 -0.00352796 0.198243
0.709737 -0.145447 0.0678262
0.704764 0.00625534 0.0678262
0.670045 -0.174811 0.14028
0.704764 0.00136172 0.0678262
0.610494 -0.0573692 0.082317
0.704764 -0.00353191 0.0678262
0.704767 -0.0328936 0.0678262
0.6105 -0.130774 0.198243
0.704767 -0.0377873 0.0678262
0.704768 -0.0426809 0.0678262
0.704768 -0.0475745 0.0678262
0.76928 -0.155229 0.106468
0.704769 -0.0573617 0.0678262
0.704769 -0.067149 0.0678262
0.610503 -0.165029 0.198243
0.70477 -0.0720426 0.0678262
0.75934 0.0551959 0.13545
0.70477 -0.0769362 0.0678262
0.744454 0.0551947 0.188583
0.704772 -0.0965107 0.0678262
0.665072 -0.0328968 0.0678262
0.699802 0.00136132 0.198243
0.704773 -0.106298 0.0678262
0.704773 -0.111192 0.0678262
0.620409 0.0551848 0.0678262
0.704773 -0.116085 0.0678262
0.704774 -0.120979 0.0678262
0.754396 -0.174805 0.116129
0.764301 0.0551963 0.101638
0.70973 -0.0475741 0.0678262
0.694836 0.0551908 0.198243
0.704774 -0.125872 0.0678262
0.754386 -0.0475705 0.198243
0.61049 0.00135422 0.0774867
0.630333 0.0551856 0.159601
0.769278 -0.135655 0.14028
0.610496 -0.0818373 0.0774867
0.645236 -0.174813 0.164431
0.704775 -0.140553 0.0678262
0.76928 -0.155229 0.159601
0.704776 -0.150341 0.0678262
0.704777 -0.165021 0.0678262
0.704778 -0.169915 0.0678262
0.709737 -0.140553 0.0678262
0.704778 -0.174809 0.0678262
0.769274 -0.0769311 0.174092
0.754396 -0.174805 0.13062
0.709722 0.0551919 0.0678262
0.769269 -0.013314 0.174092
0.709722 0.0502983 0.0678262
0.620425 -0.150347 0.0678262
0.610496 -0.0720501 0.14511
0.709722 0.0454047 0.0678262
0.749416 0.0551951 0.154771
0.769267 0.0111541 0.0968077
0.694854 -0.174809 0.183752
0.709723 0.0405111 0.0678262
0.709724 0.0209366 0.0678262
0.709726 -0.00353151 0.0678262
0.729579 -0.0769342 0.0678262
0.764306 -0.00842079 0.198243
0.620427 -0.174815 0.14028
0.709727 -0.00842513 0.0678262
0.709728 -0.023106 0.0678262
0.714692 -0.0475737 0.0678262
0.610498 -0.0965182 0.106468
0.709729 -0.0426805 0.0678262
0.70973 -0.0573613 0.0678262
0.709731 -0.062255 0.0678262
0.72461 0.0111505 0.0678262
0.660113 -0.0671525 0.198243
0.61049 -0.0035394 0.14511
0.704778 -0.174809 0.0919775
0.719658 -0.101403 0.198243
0.709734 -0.0965103 0.0678262
0.610491 -0.0182203 0.154771
0.709735 -0.111191 0.0678262
0.709735 -0.116085 0.0678262
0.660103 0.055188 0.0968077
0.769269 -0.0182076 0.164431
0.709736 -0.120978 0.0678262
0.610493 -0.0426884 0.13062
0.704778 -0.174809 0.174092
0.709736 -0.125872 0.0678262
0.670045 -0.174811 0.14511
0.709736 -0.130766 0.0678262
0.679951 0.0551896 0.13545
0.749426 -0.072039 0.0678262
0.724607 0.0551931 0.0871472
0.709738 -0.155234 0.0678262
0.689893 -0.17481 0.0726565
0.709739 -0.160127 0.0678262
0.709739 -0.165021 0.0678262
0.72462 -0.11119 0.198243
0.70974 -0.174808 0.0678262
0.610495 -0.0622629 0.082317
0.714684 0.0405115 0.0678262
0.714685 0.0356179 0.0678262
0.719662 -0.155233 0.0678262
0.714686 0.0160434 0.0678262
0.679967 -0.145449 0.0678262
0.674993 0.00625297 0.0678262
0.714687 0.0111497 0.0678262
0.620423 -0.116092 0.198243
0.640275 -0.174814 0.116129
0.714688 -0.00353112 0.0678262
0.714688 -0.00842474 0.0678262
0.6105 -0.12588 0.14028
0.71469 -0.0279992 0.0678262
0.754382 0.00625928 0.198243
0.7147 -0.15034 0.198243
0.71469 -0.0328928 0.0678262
0.714691 -0.0377865 0.0678262
0.625389 -0.174815 0.0726565
0.714692 -0.0524673 0.0678262
0.645234 -0.150345 0.198243
0.610494 -0.0573692 0.120959
0.65018 0.0551872 0.183752
0.630342 -0.0622613 0.198243
0.714692 -0.0573609 0.0678262
0.769271 -0.0426757 0.193413
0.714693 -0.0622546 0.0678262
0.689884 -0.0720438 0.198243
0.714694 -0.0769354 0.0678262
0.714694 -0.081829 0.0678262
0.714695 -0.0916163 0.0678262
0.640259 0.0160375 0.0678262
0.670041 -0.120982 0.198243
0.714696 -0.101404 0.0678262
0.714696 -0.106297 0.0678262
0.674999 -0.0671513 0.198243
0.714697 -0.111191 0.0678262
0.620413 0.0111423 0.198243
0.714697 -0.116084 0.0678262
0.769267 0.00136684 0.125789
0.714699 -0.140553 0.0678262
0.630347 -0.120985 0.0678262
0.714699 -0.145446 0.0678262
0.709739 -0.165021 0.198243
0.7147 -0.160127 0.0678262
0.640256 0.0551864 0.0919775
0.769269 -0.0231013 0.159601
0.714701 -0.165021 0.0678262
0.630349 -0.15524 0.198243
0.714702 -0.174808 0.0678262
0.719646 0.0454055 0.0678262
0.769271 -0.0426757 0.178922
0.7147 -0.160127 0.198243
0.749423 -0.0377837 0.0678262
0.769278 -0.130761 0.159601
0.699808 -0.072043 0.198243
0.719646 0.0405119 0.0678262
0.749423 -0.0279965 0.0678262
0.734544 -0.116083 0.198243
0.719647 0.0307246 0.0678262
0.645218 0.0551868 0.082317
0.769264 0.0405158 0.164431
0.635296 0.0405052 0.198243
0.719648 0.0209374 0.0678262
0.769266 0.0160477 0.188583
0.694854 -0.174809 0.0678262
0.719649 0.0111501 0.0678262
0.71965 -0.00353072 0.0678262
0.71965 -0.00842434 0.0678262
0.610487 0.0307159 0.101638
0.769264 0.0503031 0.13545
0.635305 -0.0769417 0.198243
0.719651 -0.0182116 0.0678262
0.665084 -0.174812 0.149941
0.719652 -0.0279988 0.0678262
0.724611 0.00136329 0.0678262
0.719653 -0.0426797 0.0678262
0.610503 -0.169923 0.183752
0.719653 -0.0475733 0.0678262
0.719654 -0.0573606 0.0678262
0.719656 -0.076935 0.0678262
0.769279 -0.150335 0.116129
0.719658 -0.106297 0.0678262
0.719658 -0.11119 0.0678262
0.769271 -0.0475694 0.14028
0.754394 -0.145443 0.0678262
0.709725 0.0111494 0.198243
0.610492 -0.0231139 0.0726565
0.684931 -0.17481 0.125789
0.76928 -0.160123 0.116129
0.719659 -0.120978 0.0678262
0.610496 -0.0769437 0.174092
0.660103 0.055188 0.13062
0.71966 -0.125871 0.0678262
0.71966 -0.130765 0.0678262
0.719662 -0.160127 0.0678262
0.719663 -0.16502 0.0678262
0.769271 -0.0377821 0.0726565
0.724607 0.0551931 0.0678262
0.724609 0.0258314 0.0678262
0.72461 0.0209378 0.0678262
0.689875 0.0502967 0.198243
0.660122 -0.174812 0.188583
0.684931 -0.17481 0.0871472
0.739503 -0.0818271 0.0678262
0.749434 -0.174805 0.183752
0.724612 -0.00353033 0.0678262
0.61049 0.00135422 0.188583
0.650181 0.0405063 0.198243
0.724612 -0.00842395 0.0678262
0.724613 -0.0182112 0.0678262
0.739511 -0.174806 0.149941
0.724614 -0.0279984 0.0678262
0.684921 -0.0475761 0.0678262
0.704762 0.0258298 0.198243
0.610487 0.0356096 0.14028
0.744472 -0.174805 0.159601
0.724614 -0.0328921 0.0678262
0.724616 -0.0524665 0.0678262
0.655143 0.0356131 0.0678262
0.724616 -0.0622538 0.0678262
0.655143 0.0405067 0.0678262
0.724617 -0.0671474 0.0678262
0.610496 -0.0720501 0.0968077
0.724619 -0.0916155 0.0678262
0.724619 -0.0965091 0.0678262
0.72462 -0.106296 0.0678262
0.610502 -0.150348 0.14511
0.72462 -0.11119 0.0678262
0.640271 -0.130771 0.198243
0.610488 0.0209287 0.178922
0.724621 -0.116084 0.0678262
0.739511 -0.174806 0.082317
0.724621 -0.120977 0.0678262
0.724621 -0.125871 0.0678262
0.724622 -0.135658 0.0678262
0.724622 -0.140552 0.0678262
0.754395 -0.160124 0.0678262
0.620427 -0.174815 0.183752
0.610497 -0.086731 0.082317
0.724623 -0.150339 0.0678262
0.610498 -0.0965182 0.116129
0.724624 -0.155233 0.0678262
0.724624 -0.160126 0.0678262
0.724624 -0.16502 0.0678262
0.684913 0.05519 0.0919775
0.724625 -0.174807 0.0678262
0.729569 0.0551935 0.0678262
0.729569 0.0502999 0.0678262
0.699798 0.0551912 0.159601
0.610502 -0.155242 0.164431
0.729569 0.0454063 0.0678262
0.734547 -0.150338 0.0678262
0.72957 0.0405127 0.0678262
0.70974 -0.174808 0.13062
0.665078 -0.106301 0.0678262
0.72957 0.035619 0.0678262
0.734548 -0.165019 0.0678262
0.729571 0.0307254 0.0678262
0.660122 -0.174812 0.125789
0.749434 -0.174805 0.0968077
0.655142 0.0551876 0.101638
0.729571 0.0258318 0.0678262
0.630351 -0.174815 0.116129
0.769279 -0.150335 0.183752
0.729571 0.0209382 0.0678262
0.734549 -0.174806 0.0678262
0.679963 -0.101406 0.198243
0.610501 -0.140561 0.111299
0.689881 -0.0231076 0.0678262
0.729573 0.00625731 0.0678262
0.660122 -0.174812 0.082317
0.610495 -0.0622629 0.154771
0.729575 -0.0182108 0.0678262
0.729575 -0.0231044 0.0678262
0.684931 -0.17481 0.13545
0.769274 -0.0867183 0.183752
0.729576 -0.0328917 0.0678262
0.645218 0.0551868 0.13545
0.769264 0.0405158 0.14511
0.729576 -0.0377853 0.0678262
0.729577 -0.0426789 0.0678262
0.729577 -0.0475725 0.0678262
0.729577 -0.0524661 0.0678262
0.704778 -0.174809 0.149941
0.729578 -0.0573598 0.0678262
0.615448 0.0453972 0.198243
0.620424 -0.130773 0.198243
0.610496 -0.0720501 0.13545
0.769267 0.0111541 0.14028
0.674999 -0.0769386 0.0678262
0.749416 0.0551951 0.198243
0.650198 -0.174813 0.154771
0.729578 -0.067147 0.0678262
0.645233 -0.135664 0.0678262
0.610497 -0.086731 0.13062
0.769267 0.00626046 0.14028
0.729579 -0.0720406 0.0678262
0.72958 -0.0818279 0.0678262
0.610498 -0.0965182 0.125789
0.72958 -0.0916151 0.0678262
0.729581 -0.0965087 0.0678262
0.670027 0.0551888 0.149941
0.610498 -0.106305 0.154771
0.729581 -0.101402 0.0678262
0.729582 -0.11119 0.0678262
0.729583 -0.12587 0.0678262
0.724625 -0.174807 0.13545
0.610489 0.00624784 0.178922
0.729584 -0.140551 0.0678262
0.729587 -0.169913 0.0678262
0.724607 0.0551931 0.0726565
0.769271 -0.0377821 0.0678262
0.729587 -0.174807 0.0678262
0.769265 0.0258349 0.120959
0.610486 0.0453968 0.188583
0.769271 -0.0475694 0.178922
0.759357 -0.160123 0.198243
0.679969 -0.174811 0.178922
0.734531 0.0551939 0.0678262
0.679953 0.0209342 0.0678262
0.734531 0.0454067 0.0678262
0.679951 0.0551896 0.116129
0.769264 0.0405158 0.174092
0.734532 0.0307258 0.0678262
0.759352 -0.0965064 0.0678262
0.610497 -0.0916246 0.178922
0.734533 0.0258322 0.0678262
0.734533 0.0209386 0.0678262
0.645218 0.0551868 0.188583
0.769264 0.0503031 0.193413
0.749426 -0.072039 0.198243
0.699811 -0.111192 0.0678262
0.734534 0.0160449 0.0678262
0.769269 -0.013314 0.0774867
0.734534 0.0111513 0.0678262
0.610502 -0.150348 0.169262
0.610486 0.0502904 0.149941
0.769269 -0.0182076 0.0774867
0.645231 -0.106303 0.198243
0.734534 0.0062577 0.0678262
0.76928 -0.160123 0.164431
0.734536 -0.00842316 0.0678262
0.734536 -0.0133168 0.0678262
0.68493 -0.169917 0.198243
0.610504 -0.174816 0.14511
0.744472 -0.174805 0.188583
0.734536 -0.0182104 0.0678262
0.665084 -0.174812 0.183752
0.769274 -0.0818247 0.111299
0.635313 -0.174814 0.164431
0.734537 -0.0279976 0.0678262
0.769273 -0.0622502 0.0774867
0.734538 -0.0377849 0.0678262
0.769273 -0.0671439 0.0774867
0.734538 -0.0426785 0.0678262
0.734539 -0.0524657 0.0678262
0.749431 -0.130763 0.0678262
0.73454 -0.0573594 0.0678262
0.610491 -0.0182203 0.183752
0.660112 -0.0573653 0.198243
0.734542 -0.0867211 0.0678262
0.739498 -0.0133164 0.198243
0.734543 -0.0965083 0.0678262
0.734543 -0.101402 0.0678262
0.734544 -0.111189 0.0678262
0.7395 -0.0377845 0.198243
0.734545 -0.120976 0.0678262
0.734545 -0.12587 0.0678262
0.734546 -0.145445 0.0678262
0.769279 -0.145442 0.183752
0.734548 -0.169913 0.0678262
0.739504 -0.0867207 0.0678262
0.610486 0.0502904 0.159601
0.670045 -0.174811 0.116129
0.709726 0.00136211 0.0678262
0.739493 0.0503007 0.0678262
0.610485 0.0551841 0.169262
0.739493 0.0454071 0.0678262
0.670045 -0.174811 0.0871472
0.650188 -0.0475788 0.198243
0.739494 0.0356198 0.0678262
0.610485 0.0551841 0.0919775
0.739494 0.0307262 0.0678262
0.739509 -0.155231 0.0678262
0.610488 0.0258223 0.101638
0.739495 0.0258326 0.0678262
0.610487 0.0307159 0.111299
0.665065 0.0551884 0.101638
0.640273 -0.160133 0.0678262
0.739496 0.0111517 0.0678262
0.759353 -0.116081 0.0678262
0.610487 0.0356096 0.082317
0.699816 -0.174809 0.178922
0.635313 -0.174814 0.111299
0.769276 -0.106293 0.149941
0.739496 0.0062581 0.0678262
0.769277 -0.11608 0.14511
0.739497 -0.00352914 0.0678262
0.739497 -0.00842277 0.0678262
0.610494 -0.0524756 0.125789
0.739498 -0.0133164 0.0678262
0.670029 0.0307207 0.198243
0.610493 -0.0377947 0.111299
0.739499 -0.0231036 0.0678262
0.739499 -0.0279972 0.0678262
0.7395 -0.0377845 0.0678262
0.729569 0.0551935 0.125789
0.76928 -0.155229 0.0774867
0.7395 -0.0426781 0.0678262
0.704771 -0.0867235 0.0678262
0.615459 -0.0965178 0.198243
0.739501 -0.0475717 0.0678262
0.734546 -0.135657 0.198243
0.749431 -0.14055 0.0678262
0.734549 -0.174806 0.178922
0.76928 -0.155229 0.154771
0.739501 -0.0524654 0.0678262
0.739501 -0.057359 0.0678262
0.704778 -0.174809 0.164431
0.739502 -0.0671462 0.0678262
0.635307 -0.10141 0.198243
0.739502 -0.0720398 0.0678262
0.739503 -0.0769335 0.0678262
0.625371 0.0551852 0.111299
0.739504 -0.0965079 0.0678262
0.660116 -0.0965143 0.0678262
0.739505 -0.101402 0.0678262
0.714691 -0.0426801 0.0678262
0.610486 0.0453968 0.164431
0.635296 0.0356115 0.198243
0.739505 -0.106295 0.0678262
0.630344 -0.0818358 0.0678262
0.630351 -0.174815 0.188583
0.739506 -0.116082 0.0678262
0.610501 -0.135667 0.0919775
0.610499 -0.120986 0.111299
0.719663 -0.174807 0.101638
0.739506 -0.120976 0.0678262
0.739507 -0.12587 0.0678262
0.724612 -0.0133176 0.198243
0.739507 -0.135657 0.0678262
0.739508 -0.145444 0.0678262
0.73951 -0.165019 0.0678262
0.759345 -0.00842119 0.0678262
0.724613 -0.0231048 0.198243
0.739511 -0.174806 0.0678262
0.610504 -0.174816 0.0774867
0.744454 0.0551947 0.0678262
0.744455 0.0503011 0.0678262
0.749432 -0.145443 0.0678262
0.744455 0.0454075 0.0678262
0.749432 -0.150337 0.0678262
0.744456 0.025833 0.0678262
0.749434 -0.169911 0.0678262
0.769279 -0.145442 0.14028
0.744457 0.0209394 0.0678262
0.749434 -0.174805 0.0678262
0.699804 -0.0231068 0.198243
0.744457 0.0160457 0.0678262
0.6105 -0.12588 0.101638
0.660122 -0.174812 0.164431
0.744458 0.00136487 0.0678262
0.744459 -0.00352875 0.0678262
0.65019 -0.0671533 0.0678262
0.744459 -0.00842237 0.0678262
0.74446 -0.0182096 0.0678262
0.610494 -0.047582 0.183752
0.744461 -0.0279969 0.0678262
0.74943 -0.116082 0.0678262
0.744462 -0.0377841 0.0678262
0.610489 0.0160351 0.149941
0.754379 0.035621 0.198243
0.734531 0.0503003 0.0678262
0.744462 -0.0475713 0.0678262
0.744463 -0.0573586 0.0678262
0.67996 -0.0622573 0.198243
0.610498 -0.0965182 0.120959
0.744464 -0.0622522 0.0678262
0.744465 -0.0769331 0.0678262
0.679951 0.0551896 0.0919775
0.769264 0.0405158 0.101638
0.744465 -0.0818267 0.0678262
0.610498 -0.106305 0.101638
0.744467 -0.106295 0.0678262
0.709731 -0.0671486 0.0678262
0.744467 -0.111188 0.0678262
0.744469 -0.125869 0.0678262
0.684923 -0.0720442 0.0678262
0.74447 -0.145444 0.0678262
0.610488 0.0209287 0.120959
0.610486 0.0502904 0.174092
0.744471 -0.155231 0.0678262
0.610494 -0.047582 0.149941
0.759348 -0.0524638 0.198243
0.759343 0.0160469 0.0678262
0.76432 -0.174804 0.0678262
0.744472 -0.165018 0.0678262
0.744472 -0.169912 0.0678262
0.744472 -0.174805 0.0678262
0.610504 -0.174816 0.169262
0.749416 0.0551951 0.0678262
0.719649 0.0013629 0.0678262
0.650198 -0.174813 0.188583
0.749416 0.0503015 0.0678262
0.610486 0.0453968 0.154771
0.749417 0.0405142 0.0678262
0.769277 -0.11608 0.13062
0.63035 -0.160134 0.198243
0.749417 0.0356206 0.0678262
0.679951 0.050296 0.198243
0.749418 0.030727 0.0678262
0.679951 0.0551896 0.159601
0.734531 0.0551939 0.178922
0.769265 0.0356222 0.13545
0.749418 0.0258334 0.0678262
0.645218 0.0551868 0.120959
0.749419 0.0209397 0.0678262
0.74942 0.00625889 0.0678262
0.679955 0.00135974 0.0678262
0.650184 0.00135738 0.198243
0.699799 0.0454039 0.198243
0.610485 0.0551841 0.149941
0.74942 0.00136526 0.0678262
0.749421 -0.00352836 0.0678262
0.699798 0.0551912 0.13545
0.610502 -0.155242 0.188583
0.749421 -0.0133156 0.0678262
0.754378 0.0454082 0.0678262
0.689888 -0.111193 0.198243
0.749422 -0.0182092 0.0678262
0.749423 -0.0328901 0.0678262
0.764313 -0.0916123 0.0678262
0.749424 -0.0426773 0.0678262
0.749425 -0.0524646 0.0678262
0.724625 -0.174807 0.149941
0.769277 -0.11608 0.0968077
0.749425 -0.0622518 0.0678262
0.75438 0.0307274 0.198243
0.749426 -0.0671454 0.0678262
0.635294 0.055186 0.154771
0.749427 -0.0818263 0.0678262
0.749427 -0.0867199 0.0678262
0.749428 -0.0916135 0.0678262
0.749428 -0.0965072 0.0678262
0.749428 -0.101401 0.0678262
0.610496 -0.0769437 0.149941
0.714698 -0.125872 0.0678262
0.749429 -0.111188 0.0678262
0.610489 0.0160351 0.13545
0.74943 -0.120975 0.0678262
0.610492 -0.0231139 0.188583
0.65515 -0.0524721 0.198243
0.74943 -0.125869 0.0678262
0.610494 -0.0524756 0.174092
0.769279 -0.140548 0.125789
0.749431 -0.135656 0.0678262
0.754382 -0.00352796 0.0678262
0.749433 -0.160124 0.0678262
0.749433 -0.165018 0.0678262
0.610486 0.0453968 0.174092
0.704768 -0.0426809 0.198243
0.610503 -0.169923 0.174092
0.769266 0.0160477 0.111299
0.625377 -0.0280063 0.198243
0.754378 0.0503019 0.0678262
0.754379 0.0405146 0.0678262
0.769265 0.0356222 0.116129
0.625376 -0.00843184 0.198243
0.650195 -0.140558 0.198243
0.75438 0.0307274 0.0678262
0.769265 0.0307286 0.0871472
0.754381 0.0160465 0.0678262
0.754382 0.00136566 0.0678262
0.769271 -0.0426757 0.0968077
0.754383 -0.00842158 0.0678262
0.660122 -0.174812 0.14511
0.684913 0.05519 0.120959
0.754384 -0.0279961 0.0678262
0.76927 -0.0328885 0.116129
0.754385 -0.0377833 0.0678262
0.610489 0.0111415 0.14511
0.754386 -0.0475705 0.0678262
0.61049 0.00135422 0.154771
0.754386 -0.0524642 0.0678262
0.665079 -0.120982 0.198243
0.645222 0.00135698 0.198243
0.610503 -0.169923 0.0871472
0.754387 -0.0622514 0.0678262
0.610501 -0.140561 0.0774867
0.769272 -0.052463 0.116129
0.719663 -0.174807 0.159601
0.754387 -0.067145 0.0678262
0.610491 -0.0133266 0.193413
0.754388 -0.0720387 0.0678262
0.764306 0.00136645 0.0678262
0.675007 -0.174811 0.0774867
0.610502 -0.155242 0.082317
0.754388 -0.0769323 0.0678262
0.754389 -0.0818259 0.0678262
0.610488 0.0209287 0.13062
0.739495 0.020939 0.0678262
0.754389 -0.0867195 0.0678262
0.75439 -0.0965068 0.0678262
0.75439 -0.1014 0.0678262
0.754391 -0.106294 0.0678262
0.724616 -0.0573602 0.198243
0.610501 -0.135667 0.101638
0.719663 -0.174807 0.0968077
0.754392 -0.120975 0.0678262
0.610494 -0.047582 0.106468
0.749427 -0.0867199 0.198243
0.754393 -0.135656 0.0678262
0.704766 -0.0182128 0.0678262
0.610492 -0.0231139 0.14028
0.610491 -0.00843302 0.082317
0.625389 -0.174815 0.13545
0.759358 -0.174804 0.164431
0.734547 -0.155232 0.198243
0.675007 -0.174811 0.0968077
0.754394 -0.15523 0.0678262
0.610492 -0.0231139 0.082317
0.744458 0.0111521 0.0678262
0.684931 -0.17481 0.111299
0.754396 -0.169911 0.0678262
0.729575 -0.027998 0.0678262
0.610496 -0.0769437 0.154771
0.754396 -0.174805 0.0678262
0.640275 -0.174814 0.13545
0.640268 -0.0867286 0.0678262
0.610494 -0.0524756 0.111299
0.75934 0.0454086 0.0678262
0.764318 -0.155229 0.0678262
0.610486 0.0453968 0.14028
0.759341 0.0307278 0.0678262
0.764317 -0.140549 0.0678262
0.769281 -0.174804 0.193413
0.759342 0.0209405 0.0678262
0.694854 -0.165022 0.198243
0.759344 -0.00352757 0.0678262
0.610494 -0.0524756 0.0774867
0.759345 -0.0133148 0.0678262
0.759345 -0.0182084 0.0678262
0.759347 -0.0328893 0.0678262
0.625389 -0.174815 0.125789
0.759347 -0.0377829 0.0678262
0.759349 -0.062251 0.0678262
0.665065 0.0551884 0.0726565
0.709728 -0.023106 0.198243
0.739494 0.0307262 0.198243
0.759349 -0.0671446 0.0678262
0.6105 -0.130774 0.13545
0.640267 -0.081835 0.198243
0.610491 -0.0182203 0.0774867
0.75935 -0.0720383 0.0678262
0.75935 -0.0818255 0.0678262
0.759351 -0.0916127 0.0678262
0.759352 -0.1014 0.0678262
0.724625 -0.174807 0.169262
0.759352 -0.106294 0.0678262
0.63531 -0.135665 0.0678262
0.610496 -0.0818373 0.178922
0.759354 -0.120974 0.0678262
0.689877 0.020935 0.0678262
0.610497 -0.0916246 0.198243
0.759355 -0.145443 0.0678262
0.759356 -0.150336 0.0678262
0.610489 0.00624784 0.13545
0.769275 -0.091612 0.116129
0.645236 -0.174813 0.106468
0.694836 0.0551908 0.169262
0.764301 0.0551963 0.0678262
0.764302 0.0503027 0.0678262
0.734549 -0.174806 0.0774867
0.764302 0.0405154 0.0678262
0.655142 0.0551876 0.0968077
0.764304 0.0258346 0.0678262
0.660103 0.055188 0.120959
0.769269 -0.0182076 0.0919775
0.764304 0.0209409 0.0678262
0.764305 0.00626007 0.0678262
0.764307 -0.0133144 0.0678262
0.640268 -0.0965158 0.198243
0.764307 -0.018208 0.0678262
0.719654 -0.0524669 0.198243
0.744468 -0.116082 0.0678262
0.610502 -0.150348 0.116129
0.764308 -0.0231017 0.0678262
0.610488 0.0258223 0.178922
0.764309 -0.0377825 0.0678262
0.764309 -0.0426761 0.0678262
0.610487 0.0356096 0.183752
0.769267 0.00626046 0.193413
0.76431 -0.0475698 0.0678262
0.749416 0.0551951 0.0919775
0.76431 -0.0524634 0.0678262
0.679951 0.0551896 0.149941
0.764311 -0.0622506 0.0678262
0.660117 -0.111195 0.0678262
0.764311 -0.0671442 0.0678262
0.610503 -0.165029 0.0678262
0.764313 -0.096506 0.0678262
0.635294 0.055186 0.188583
0.754379 0.0405146 0.198243
0.764316 -0.130761 0.0678262
0.729587 -0.174807 0.082317
0.764319 -0.165017 0.0678262
0.660122 -0.174812 0.174092
0.714685 0.0307242 0.0678262
0.769263 0.0551967 0.0678262
0.610486 0.0502904 0.082317
0.769267 0.00136684 0.0678262
0.749434 -0.174805 0.149941
0.769268 -0.00352678 0.0678262
0.64523 -0.0965154 0.198243
0.769268 -0.0084204 0.0678262
0.660103 0.055188 0.193413
0.769269 -0.0182076 0.0678262
0.769269 -0.0231013 0.0678262
0.754382 0.00136566 0.198243
0.76927 -0.0279949 0.0678262
0.769271 -0.0426757 0.0678262
0.610503 -0.169923 0.14511
0.769272 -0.052463 0.0678262
0.769273 -0.0671439 0.0678262
0.739492 0.0551943 0.0678262
0.61049 0.00135422 0.13545
0.670027 0.0551888 0.159601
0.769273 -0.0720375 0.0678262
0.610498 -0.101412 0.13062
0.769274 -0.0769311 0.0678262
0.61545 0.0160355 0.198243
0.769274 -0.0818247 0.0678262
0.749416 0.0551951 0.159601
0.670034 -0.0328964 0.0678262
0.694854 -0.174809 0.178922
0.610492 -0.0329011 0.125789
0.769274 -0.0867183 0.0678262
0.610487 0.0356096 0.0726565
0.635313 -0.174814 0.149941
0.769275 -0.091612 0.0678262
0.749434 -0.174805 0.082317
0.699804 -0.0182132 0.0678262
0.69484 0.00136093 0.198243
0.684931 -0.17481 0.164431
0.769276 -0.101399 0.0678262
0.694851 -0.125873 0.0678262
0.769278 -0.125867 0.0678262
0.769278 -0.130761 0.0678262
0.76928 -0.160123 0.0678262
0.769281 -0.165016 0.0678262
0.709734 -0.101404 0.0678262
0.769281 -0.174804 0.0678262
0.610498 -0.101412 0.120959
0.684919 -0.0280016 0.198243
0.610486 0.0502904 0.193413
0.610502 -0.150348 0.125789
0.610486 0.0453968 0.193413
0.610503 -0.169923 0.14028
0.769271 -0.0475694 0.183752
0.679969 -0.174811 0.183752
0.610488 0.0258223 0.193413
0.68493 -0.165023 0.198243
0.610504 -0.174816 0.125789
0.610488 0.0209287 0.193413
0.610489 0.0111415 0.193413
0.739492 0.0551943 0.125789
0.61049 0.00135422 0.193413
0.61049 -0.0035394 0.193413
0.684931 -0.17481 0.188583
0.610492 -0.0231139 0.193413
0.754387 -0.0573578 0.0678262
0.610492 -0.0280075 0.193413
0.610492 -0.0329011 0.193413
0.610494 -0.0524756 0.193413
0.610494 -0.0573692 0.193413
0.610495 -0.0622629 0.193413
0.769278 -0.135655 0.159601
0.610496 -0.0818373 0.193413
0.610497 -0.086731 0.193413
0.759357 -0.165017 0.198243
0.610498 -0.101412 0.193413
0.689879 -0.00353309 0.198243
0.610498 -0.106305 0.193413
0.769274 -0.0769311 0.188583
0.610499 -0.111199 0.193413
0.769275 -0.091612 0.169262
0.610499 -0.116093 0.193413
0.70974 -0.174808 0.164431
0.714688 -0.00842474 0.198243
0.610501 -0.140561 0.193413
0.610502 -0.150348 0.193413
0.699798 0.0551912 0.178922
0.610502 -0.155242 0.193413
0.724614 -0.0377857 0.0678262
0.610503 -0.165029 0.193413
0.610487 0.0307159 0.188583
0.610489 0.0111415 0.188583
0.61049 -0.0035394 0.188583
0.665065 0.0551884 0.188583
0.610491 -0.0133266 0.188583
0.610491 -0.0182203 0.188583
0.610492 -0.0280075 0.188583
0.615447 0.0551844 0.120959
0.610493 -0.0377947 0.188583
0.610493 -0.0426884 0.188583
0.610494 -0.047582 0.188583
0.610496 -0.0720501 0.188583
0.650198 -0.174813 0.111299
0.610496 -0.0769437 0.188583
0.769278 -0.135655 0.154771
0.610496 -0.0818373 0.188583
0.610498 -0.0965182 0.188583
0.670027 0.0551888 0.14028
0.610498 -0.106305 0.188583
0.694847 -0.0867243 0.198243
0.640275 -0.174814 0.183752
0.769274 -0.0769311 0.14511
0.754396 -0.174805 0.111299
0.610499 -0.111199 0.188583
0.769275 -0.091612 0.164431
0.679969 -0.169917 0.198243
0.610499 -0.116093 0.188583
0.70974 -0.174808 0.14511
0.6105 -0.12588 0.188583
0.630351 -0.174815 0.0968077
0.6105 -0.130774 0.188583
0.610501 -0.140561 0.188583
0.769273 -0.0720375 0.159601
0.729581 -0.101402 0.198243
0.610501 -0.145454 0.188583
0.689893 -0.17481 0.159601
0.610503 -0.160135 0.188583
0.610503 -0.165029 0.188583
0.610503 -0.169923 0.188583
0.660109 -0.0182163 0.198243
0.610486 0.0453968 0.14511
0.769279 -0.140548 0.101638
0.744458 0.0111521 0.198243
0.764303 0.0307282 0.0678262
0.610504 -0.174816 0.188583
0.610485 0.0551841 0.183752
0.610486 0.0502904 0.183752
0.610486 0.0453968 0.183752
0.645225 -0.037792 0.0678262
0.610503 -0.169923 0.13545
0.610487 0.0405032 0.183752
0.610487 0.0307159 0.183752
0.694846 -0.0671498 0.198243
0.739506 -0.116082 0.198243
0.610488 0.0258223 0.183752
0.610488 0.0209287 0.183752
0.610489 0.0160351 0.183752
0.610489 0.00624784 0.183752
0.739492 0.0551943 0.116129
0.61049 0.00135422 0.183752
0.610491 -0.0133266 0.183752
0.610492 -0.0231139 0.183752
0.764306 -0.00352717 0.198243
0.610492 -0.0329011 0.183752
0.615447 0.0551844 0.101638
0.610493 -0.0377947 0.183752
0.610494 -0.0524756 0.183752
0.610495 -0.0622629 0.183752
0.635309 -0.120984 0.0678262
0.610495 -0.0671565 0.183752
0.610496 -0.0720501 0.183752
0.635297 0.0209307 0.198243
0.650198 -0.174813 0.106468
0.610496 -0.0769437 0.183752
0.610496 -0.0818373 0.183752
0.610497 -0.086731 0.183752
0.719663 -0.174807 0.120959
0.67499 0.0405083 0.198243
0.610497 -0.0916246 0.183752
0.610498 -0.101412 0.183752
0.610498 -0.106305 0.183752
0.640266 -0.0671541 0.0678262
0.640275 -0.174814 0.188583
0.769275 -0.091612 0.174092
0.610499 -0.116093 0.183752
0.70974 -0.174808 0.149941
0.610499 -0.120986 0.183752
0.6105 -0.12588 0.183752
0.630351 -0.174815 0.101638
0.610501 -0.135667 0.183752
0.704771 -0.0916171 0.198243
0.749434 -0.174805 0.14511
0.610501 -0.140561 0.183752
0.610501 -0.145454 0.183752
0.699798 0.0551912 0.116129
0.610502 -0.155242 0.183752
0.70477 -0.0769362 0.198243
0.610503 -0.165029 0.183752
0.769279 -0.140548 0.116129
0.610504 -0.174816 0.183752
0.68492 -0.0328952 0.198243
0.610485 0.0551841 0.178922
0.610487 0.0405032 0.178922
0.64027 -0.11609 0.198243
0.610487 0.0356096 0.178922
0.610504 -0.174816 0.111299
0.610487 0.0307159 0.178922
0.665065 0.0551884 0.149941
0.749433 -0.160124 0.198243
0.610491 -0.0133266 0.178922
0.610492 -0.0231139 0.178922
0.610492 -0.0280075 0.178922
0.610492 -0.0329011 0.178922
0.615447 0.0551844 0.106468
0.610493 -0.0377947 0.178922
0.610494 -0.047582 0.178922
0.610494 -0.0524756 0.178922
0.610494 -0.0573692 0.178922
0.610495 -0.0671565 0.178922
0.610496 -0.0769437 0.178922
0.615466 -0.174816 0.111299
0.610497 -0.086731 0.178922
0.610499 -0.111199 0.178922
0.630333 0.0551856 0.125789
0.610499 -0.116093 0.178922
0.610499 -0.120986 0.178922
0.610501 -0.135667 0.178922
0.749434 -0.174805 0.164431
0.610501 -0.140561 0.178922
0.610501 -0.145454 0.178922
0.689893 -0.17481 0.164431
0.615459 -0.0916242 0.198243
0.675007 -0.174811 0.193413
0.610502 -0.150348 0.178922
0.699798 0.0551912 0.120959
0.610502 -0.155242 0.178922
0.610503 -0.165029 0.178922
0.610503 -0.169923 0.178922
0.610486 0.0453968 0.13062
0.610487 0.0405032 0.174092
0.684926 -0.116087 0.0678262
0.610488 0.0209287 0.174092
0.744472 -0.174805 0.14028
0.610489 0.0160351 0.174092
0.610489 0.00624784 0.174092
0.61049 0.00135422 0.174092
0.61049 -0.0035394 0.174092
0.729572 0.0111509 0.198243
0.610491 -0.00843302 0.174092
0.665065 0.0551884 0.154771
0.610491 -0.0133266 0.174092
0.610493 -0.0377947 0.174092
0.610494 -0.047582 0.174092
0.610496 -0.0720501 0.174092
0.610496 -0.0818373 0.174092
0.610497 -0.0916246 0.174092
0.610498 -0.0965182 0.174092
0.610499 -0.120986 0.174092
0.615456 -0.0524752 0.198243
0.6105 -0.130774 0.174092
0.729587 -0.174807 0.106468
0.675005 -0.150343 0.0678262
0.610486 0.0502904 0.14511
0.764316 -0.125868 0.0678262
0.610502 -0.155242 0.174092
0.610503 -0.165029 0.174092
0.719659 -0.116084 0.0678262
0.610504 -0.174816 0.174092
0.610486 0.0453968 0.169262
0.650188 -0.0524725 0.0678262
0.759354 -0.130762 0.198243
0.610487 0.0405032 0.169262
0.739506 -0.120976 0.198243
0.610487 0.0307159 0.169262
0.610488 0.0209287 0.169262
0.704761 0.0405107 0.198243
0.610489 0.0111415 0.169262
0.610489 0.00624784 0.169262
0.739492 0.0551943 0.101638
0.684923 -0.0769378 0.198243
0.650188 -0.0475788 0.0678262
0.75934 0.0503023 0.0678262
0.764318 -0.160123 0.0678262
0.61049 0.00135422 0.169262
0.61049 -0.0035394 0.169262
0.764319 -0.165017 0.198243
0.610491 -0.0133266 0.169262
0.610492 -0.0231139 0.169262
0.610492 -0.0280075 0.169262
0.764318 -0.155229 0.198243
0.75934 0.0454086 0.198243
0.610494 -0.047582 0.169262
0.689883 -0.0524693 0.0678262
0.625389 -0.174815 0.188583
0.610494 -0.0524756 0.169262
0.610495 -0.0622629 0.169262
0.610496 -0.0720501 0.169262
0.650198 -0.174813 0.116129
0.610496 -0.0769437 0.169262
0.610496 -0.0818373 0.169262
0.610498 -0.0965182 0.169262
0.670027 0.0551888 0.111299
0.610498 -0.106305 0.169262
0.769275 -0.091612 0.193413
0.610499 -0.116093 0.169262
0.6105 -0.12588 0.169262
0.630351 -0.174815 0.164431
0.6105 -0.130774 0.169262
0.729587 -0.174807 0.111299
0.699798 0.0551912 0.106468
0.610502 -0.155242 0.169262
0.719654 -0.0524669 0.0678262
0.610503 -0.160135 0.169262
0.75934 0.0551959 0.183752
0.610503 -0.165029 0.169262
0.76432 -0.174804 0.149941
0.610503 -0.169923 0.169262
0.759353 -0.111187 0.0678262
0.610485 0.0551841 0.164431
0.610486 0.0502904 0.164431
0.610487 0.0356096 0.164431
0.610487 0.0307159 0.164431
0.709722 0.0551919 0.116129
0.610488 0.0258223 0.164431
0.610488 0.0209287 0.164431
0.759341 0.0356214 0.0678262
0.764317 -0.145442 0.0678262
0.610489 0.0160351 0.164431
0.610489 0.0111415 0.164431
0.610489 0.00624784 0.164431
0.709723 0.0307238 0.0678262
0.61049 0.00135422 0.164431
0.665065 0.0551884 0.164431
0.704766 -0.0231064 0.198243
0.610491 -0.0133266 0.164431
0.610491 -0.0182203 0.164431
0.675007 -0.174811 0.178922
0.610492 -0.0231139 0.164431
0.610493 -0.0426884 0.164431
0.610494 -0.0524756 0.164431
0.610494 -0.0573692 0.164431
0.660122 -0.174812 0.0726565
0.610495 -0.0622629 0.164431
0.610496 -0.0720501 0.164431
0.679965 -0.125874 0.0678262
0.674994 -0.0133215 0.0678262
0.610496 -0.0769437 0.164431
0.610496 -0.0818373 0.164431
0.610498 -0.0965182 0.164431
0.610498 -0.101412 0.164431
0.640275 -0.174814 0.14511
0.670027 0.0551888 0.116129
0.610498 -0.106305 0.164431
0.610499 -0.120986 0.164431
0.764315 -0.111187 0.0678262
0.665073 -0.042684 0.198243
0.6105 -0.12588 0.164431
0.640259 0.0160375 0.198243
0.630351 -0.174815 0.169262
0.610501 -0.135667 0.164431
0.610502 -0.150348 0.164431
0.615465 -0.169922 0.0678262
0.610503 -0.160135 0.164431
0.610485 0.0551841 0.0774867
0.620427 -0.174815 0.106468
0.65516 -0.174813 0.188583
0.610503 -0.169923 0.164431
0.679969 -0.174811 0.159601
0.610504 -0.174816 0.164431
0.610485 0.0551841 0.159601
0.610486 0.0453968 0.159601
0.610488 0.0258223 0.159601
0.610488 0.0209287 0.159601
0.610489 0.0160351 0.159601
0.739492 0.0551943 0.0726565
0.610489 0.0111415 0.159601
0.61049 0.00135422 0.159601
0.610491 -0.00843302 0.159601
0.610491 -0.0133266 0.159601
0.610491 -0.0182203 0.159601
0.744461 -0.0328905 0.0678262
0.610493 -0.0426884 0.159601
0.615466 -0.174816 0.174092
0.729586 -0.160126 0.0678262
0.610494 -0.047582 0.159601
0.610494 -0.0573692 0.159601
0.610496 -0.0769437 0.159601
0.674991 0.0307211 0.198243
0.679961 -0.0769382 0.0678262
0.610496 -0.0818373 0.159601
0.610497 -0.086731 0.159601
0.759355 -0.140549 0.198243
0.714686 0.0160434 0.198243
0.610497 -0.0916246 0.159601
0.610499 -0.120986 0.159601
0.6105 -0.12588 0.159601
0.630351 -0.174815 0.174092
0.764315 -0.11608 0.0678262
0.610501 -0.140561 0.159601
0.610501 -0.145454 0.159601
0.610503 -0.160135 0.159601
0.67996 -0.0573637 0.198243
0.620427 -0.174815 0.0968077
0.65516 -0.174813 0.174092
0.729582 -0.11119 0.198243
0.610503 -0.165029 0.159601
0.610503 -0.169923 0.159601
0.610504 -0.174816 0.159601
0.610485 0.0551841 0.154771
0.714684 0.0454051 0.0678262
0.719661 -0.150339 0.0678262
0.65516 -0.174813 0.111299
0.610486 0.0502904 0.154771
0.610487 0.0356096 0.154771
0.610488 0.0258223 0.154771
0.625383 -0.096517 0.0678262
0.610489 0.0160351 0.154771
0.610489 0.00624784 0.154771
0.645236 -0.174813 0.125789
0.610491 -0.00843302 0.154771
0.610491 -0.0133266 0.154771
0.610492 -0.0280075 0.154771
0.769275 -0.091612 0.159601
0.610499 -0.116093 0.198243
0.645236 -0.174813 0.14511
0.769274 -0.0867183 0.193413
0.610492 -0.0329011 0.154771
0.615447 0.0551844 0.082317
0.610493 -0.0377947 0.154771
0.729574 -0.00842355 0.198243
0.610494 -0.047582 0.154771
0.729573 -0.00352993 0.0678262
0.610494 -0.0524756 0.154771
0.610497 -0.0916246 0.154771
0.764306 -0.00842079 0.0678262
0.610498 -0.0965182 0.154771
0.630333 0.0551856 0.101638
0.610499 -0.116093 0.154771
0.734541 -0.0720402 0.198243
0.714688 0.0013625 0.0678262
0.610499 -0.120986 0.154771
0.6105 -0.12588 0.154771
0.610501 -0.140561 0.154771
0.675007 -0.174811 0.0726565
0.610502 -0.150348 0.154771
0.610502 -0.155242 0.154771
0.610503 -0.165029 0.154771
0.610491 -0.00843302 0.183752
0.76432 -0.174804 0.188583
0.610503 -0.169923 0.154771
0.679969 -0.174811 0.169262
0.610487 0.0307159 0.149941
0.709722 0.0551919 0.13062
0.739506 -0.111189 0.0678262
0.610488 0.0258223 0.149941
0.610489 0.00624784 0.149941
0.610491 -0.00843302 0.149941
0.625389 -0.174815 0.106468
0.759351 -0.0867191 0.198243
0.610491 -0.0133266 0.149941
0.610491 -0.0182203 0.149941
0.759349 -0.0671446 0.198243
0.610492 -0.0231139 0.149941
0.610492 -0.0280075 0.149941
0.610493 -0.0377947 0.149941
0.759348 -0.0475702 0.198243
0.610494 -0.0524756 0.149941
0.610495 -0.0671565 0.149941
0.610496 -0.0720501 0.149941
0.769272 -0.0573566 0.169262
0.610497 -0.086731 0.149941
0.719663 -0.16502 0.198243
0.610498 -0.0965182 0.149941
0.610498 -0.101412 0.149941
0.70974 -0.174808 0.193413
0.670027 0.0551888 0.154771
0.610498 -0.106305 0.149941
0.6105 -0.130774 0.149941
0.769273 -0.0720375 0.169262
0.610501 -0.145454 0.149941
0.724612 -0.0133176 0.0678262
0.689893 -0.17481 0.193413
0.769279 -0.140548 0.0774867
0.734549 -0.174806 0.154771
0.675007 -0.174811 0.0678262
0.610502 -0.150348 0.149941
0.645224 -0.0231111 0.0678262
0.610502 -0.155242 0.149941
0.610486 0.0502904 0.0774867
0.610503 -0.160135 0.149941
0.610485 0.0551841 0.0726565
0.65516 -0.174813 0.183752
0.610485 0.0551841 0.14511
0.625382 -0.0818361 0.0678262
0.610487 0.0307159 0.14511
0.709722 0.0551919 0.0968077
0.610488 0.0258223 0.14511
0.754386 -0.0426769 0.0678262
0.610489 0.0160351 0.14511
0.61049 0.00135422 0.14511
0.610491 -0.00843302 0.14511
0.625389 -0.174815 0.0968077
0.65019 -0.0671533 0.198243
0.610491 -0.0182203 0.14511
0.615459 -0.0965178 0.0678262
0.675007 -0.174811 0.13545
0.610492 -0.0280075 0.14511
0.610492 -0.0329011 0.14511
0.670027 0.0502952 0.198243
0.610493 -0.0426884 0.14511
0.610499 -0.111199 0.149941
0.754396 -0.174805 0.149941
0.625386 -0.135666 0.0678262
0.704778 -0.174809 0.111299
0.744459 -0.00352875 0.198243
0.640268 -0.0916222 0.0678262
0.610494 -0.047582 0.14511
0.610494 -0.0573692 0.14511
0.769272 -0.0573566 0.0678262
0.620427 -0.174815 0.174092
0.610495 -0.0622629 0.14511
0.610495 -0.0671565 0.14511
0.615451 0.0111419 0.0678262
0.610496 -0.0818373 0.14511
0.769272 -0.0573566 0.178922
0.610497 -0.086731 0.14511
0.610498 -0.106305 0.14511
0.610499 -0.116093 0.14511
0.6105 -0.12588 0.14511
0.6105 -0.130774 0.14511
0.610501 -0.135667 0.14511
0.610501 -0.140561 0.14511
0.610502 -0.155242 0.14511
0.610486 0.0502904 0.0726565
0.764317 -0.135655 0.198243
0.610503 -0.160135 0.14511
0.610503 -0.165029 0.14511
0.714698 -0.135659 0.0678262
0.76432 -0.174804 0.174092
0.640261 -0.00353703 0.0678262
0.610485 0.0551841 0.14028
0.610487 0.0307159 0.14028
0.684928 -0.135661 0.198243
0.610504 -0.174816 0.0726565
0.625372 0.0405044 0.0678262
0.610488 0.0209287 0.14028
0.709725 0.016043 0.0678262
0.610489 0.00624784 0.14028
0.61049 0.00135422 0.14028
0.61049 -0.0035394 0.14028
0.610491 -0.00843302 0.14028
0.704766 -0.0231064 0.0678262
0.610491 -0.0182203 0.14028
0.675007 -0.174811 0.154771
0.769274 -0.0867183 0.082317
0.610492 -0.0329011 0.14028
0.610493 -0.0377947 0.14028
0.610493 -0.0426884 0.14028
0.610494 -0.047582 0.14028
0.610494 -0.0524756 0.14028
0.610494 -0.0573692 0.14028
0.670028 0.0405079 0.0678262
0.674994 -0.0133215 0.198243
0.679965 -0.125874 0.198243
0.610496 -0.0720501 0.14028
0.610496 -0.0769437 0.14028
0.610496 -0.0818373 0.14028
0.610497 -0.0916246 0.14028
0.610498 -0.0965182 0.14028
0.670027 0.0551888 0.188583
0.610498 -0.106305 0.14028
0.769274 -0.0769311 0.193413
0.615461 -0.120986 0.0678262
0.744464 -0.0671458 0.198243
0.610499 -0.111199 0.14028
0.630333 0.0551856 0.0968077
0.610499 -0.116093 0.14028
0.610501 -0.135667 0.14028
0.610501 -0.140561 0.14028
0.719663 -0.174807 0.14028
0.610501 -0.145454 0.14028
0.769279 -0.150335 0.159601
0.734549 -0.174806 0.14028
0.615464 -0.150348 0.0678262
0.694836 0.0502971 0.0678262
0.610503 -0.165029 0.14028
0.729574 -0.00842355 0.0678262
0.610491 -0.00843302 0.193413
0.76432 -0.174804 0.178922
0.665077 -0.0916202 0.198243
0.610504 -0.174816 0.14028
0.744472 -0.174805 0.169262
0.610486 0.0502904 0.13545
0.610487 0.0405032 0.13545
0.610487 0.0356096 0.13545
0.739493 0.0405134 0.0678262
0.610488 0.0258223 0.13545
0.610488 0.0209287 0.13545
0.610491 -0.00843302 0.13545
0.704766 -0.028 0.0678262
0.610491 -0.0133266 0.13545
0.610491 -0.0182203 0.13545
0.610492 -0.0231139 0.13545
0.610492 -0.0329011 0.13545
0.610493 -0.0377947 0.13545
0.699814 -0.145447 0.0678262
0.610493 -0.0426884 0.13545
0.704778 -0.174809 0.178922
0.704765 -0.0133191 0.0678262
0.610494 -0.0524756 0.13545
0.610494 -0.0573692 0.13545
0.610496 -0.0769437 0.13545
0.610496 -0.0818373 0.13545
0.769272 -0.0573566 0.111299
0.610497 -0.086731 0.13545
0.610498 -0.0965182 0.13545
0.635312 -0.165027 0.0678262
0.610498 -0.106305 0.13545
0.630333 0.0551856 0.106468
0.679953 0.0258278 0.198243
0.610499 -0.116093 0.13545
0.6105 -0.12588 0.13545
0.610501 -0.145454 0.13545
0.719657 -0.0916159 0.0678262
0.610502 -0.150348 0.13545
0.699798 0.0551912 0.164431
0.610502 -0.155242 0.13545
0.610503 -0.160135 0.13545
0.620427 -0.174815 0.0726565
0.65516 -0.174813 0.149941
0.610503 -0.165029 0.13545
0.635306 -0.086729 0.198243
0.610485 0.0551841 0.13062
0.640261 -0.00843065 0.0678262
0.610486 0.0502904 0.13062
0.640265 -0.0524732 0.0678262
0.610487 0.0405032 0.13062
0.744472 -0.174805 0.0871472
0.610489 0.0160351 0.13062
0.610491 -0.00843302 0.13062
0.610491 -0.0133266 0.13062
0.620422 -0.111198 0.0678262
0.610492 -0.0280075 0.13062
0.610494 -0.0573692 0.13062
0.699812 -0.125873 0.0678262
0.610495 -0.0622629 0.13062
0.679958 -0.0328956 0.0678262
0.610496 -0.0720501 0.13062
0.650198 -0.174813 0.174092
0.620426 -0.160134 0.0678262
0.61545 0.0258227 0.0678262
0.610496 -0.0769437 0.13062
0.769278 -0.135655 0.0968077
0.610496 -0.0818373 0.13062
0.610497 -0.0916246 0.13062
0.610498 -0.106305 0.13062
0.744466 -0.0965075 0.198243
0.610501 -0.140561 0.13062
0.719663 -0.174807 0.13062
0.610501 -0.145454 0.13062
0.734549 -0.174806 0.125789
0.610502 -0.150348 0.13062
0.610503 -0.160135 0.13062
0.769279 -0.140548 0.0726565
0.610504 -0.174816 0.13062
0.610485 0.0551841 0.125789
0.610486 0.0502904 0.125789
0.729585 -0.155232 0.0678262
0.610487 0.0405032 0.125789
0.610487 0.0356096 0.125789
0.764318 -0.150336 0.198243
0.759341 0.040515 0.198243
0.744472 -0.174805 0.14511
0.709722 0.0551919 0.106468
0.694843 -0.0328944 0.198243
0.610488 0.0258223 0.125789
0.610488 0.0209287 0.125789
0.744472 -0.174805 0.0919775
0.610489 0.0160351 0.125789
0.610489 0.0111415 0.125789
0.610489 0.00624784 0.125789
0.61049 0.00135422 0.125789
0.61049 -0.0035394 0.125789
0.610491 -0.00843302 0.125789
0.610491 -0.0133266 0.125789
0.744456 0.0307266 0.0678262
0.610492 -0.0231139 0.125789
0.610492 -0.0280075 0.125789
0.610493 -0.0377947 0.125789
0.610493 -0.0426884 0.125789
0.754396 -0.174805 0.164431
0.610494 -0.0573692 0.125789
0.610495 -0.0622629 0.125789
0.610496 -0.0769437 0.125789
0.610497 -0.0916246 0.125789
0.759358 -0.174804 0.082317
0.73454 -0.062253 0.0678262
0.610499 -0.111199 0.125789
0.610499 -0.116093 0.125789
0.719663 -0.174807 0.0871472
0.734541 -0.0818275 0.0678262
0.610499 -0.120986 0.125789
0.6105 -0.130774 0.125789
0.610501 -0.135667 0.125789
0.610501 -0.140561 0.125789
0.610501 -0.145454 0.125789
0.719656 -0.0818287 0.0678262
0.610502 -0.155242 0.125789
0.610503 -0.160135 0.125789
0.689875 0.0405095 0.0678262
0.620427 -0.174815 0.111299
0.65516 -0.174813 0.159601
0.645225 -0.0328984 0.0678262
0.610503 -0.165029 0.125789
0.76432 -0.174804 0.169262
0.610486 0.0502904 0.120959
0.610486 0.0453968 0.120959
0.660114 -0.0818334 0.198243
0.610487 0.0356096 0.120959
0.759358 -0.174804 0.0678262
0.635313 -0.174814 0.101638
0.610489 0.0160351 0.120959
0.764318 -0.160123 0.198243
0.75934 0.0503023 0.198243
0.610489 0.00624784 0.120959
0.769275 -0.091612 0.125789
0.645236 -0.174813 0.111299
0.61049 0.00135422 0.120959
0.61049 -0.0035394 0.120959
0.610491 -0.0133266 0.120959
0.610491 -0.0182203 0.120959
0.610492 -0.0280075 0.120959
0.610493 -0.0377947 0.120959
0.610493 -0.0426884 0.120959
0.610499 -0.111199 0.174092
0.754396 -0.174805 0.125789
0.620423 -0.125879 0.0678262
0.74446 -0.013316 0.0678262
0.610494 -0.047582 0.120959
0.610494 -0.0524756 0.120959
0.645232 -0.11609 0.0678262
0.610495 -0.0671565 0.120959
0.679958 -0.0377892 0.198243
0.610496 -0.0720501 0.120959
0.769266 0.0209413 0.178922
0.650198 -0.174813 0.164431
0.610496 -0.0818373 0.120959
0.769272 -0.0573566 0.106468
0.610497 -0.086731 0.120959
0.610497 -0.0916246 0.120959
0.610498 -0.106305 0.120959
0.759358 -0.174804 0.0871472
0.610499 -0.111199 0.120959
0.610499 -0.116093 0.120959
0.610499 -0.120986 0.120959
0.6105 -0.12588 0.120959
0.660122 -0.174812 0.13062
0.610501 -0.145454 0.120959
0.699798 0.0551912 0.154771
0.610502 -0.155242 0.120959
0.610503 -0.160135 0.120959
0.610503 -0.165029 0.120959
0.610494 -0.047582 0.0871472
0.76432 -0.174804 0.101638
0.610503 -0.169923 0.120959
0.630351 -0.174815 0.106468
0.610485 0.0551841 0.116129
0.610502 -0.150348 0.111299
0.610486 0.0502904 0.116129
0.610487 0.0405032 0.116129
0.625382 -0.0818361 0.198243
0.610487 0.0356096 0.116129
0.610488 0.0258223 0.116129
0.610489 0.0111415 0.116129
0.610489 0.00624784 0.116129
0.640264 -0.0377924 0.198243
0.61049 -0.0035394 0.116129
0.684924 -0.086725 0.198243
0.610491 -0.00843302 0.116129
0.625389 -0.174815 0.116129
0.610491 -0.0133266 0.116129
0.744459 -0.00842237 0.198243
0.610491 -0.0182203 0.116129
0.709729 -0.0377869 0.0678262
0.675007 -0.174811 0.13062
0.610492 -0.0329011 0.116129
0.754395 -0.165017 0.198243
0.610493 -0.0377947 0.116129
0.66507 -0.00353506 0.0678262
0.610494 -0.047582 0.116129
0.610494 -0.0524756 0.116129
0.610496 -0.0720501 0.116129
0.769272 -0.0573566 0.101638
0.610497 -0.086731 0.116129
0.610497 -0.0916246 0.116129
0.610498 -0.106305 0.116129
0.719663 -0.174807 0.082317
0.684922 -0.0671506 0.0678262
0.610499 -0.120986 0.116129
0.744466 -0.0916139 0.0678262
0.6105 -0.12588 0.116129
0.635309 -0.120984 0.198243
0.660122 -0.174812 0.13545
0.744465 -0.0867203 0.0678262
0.610501 -0.135667 0.116129
0.610501 -0.140561 0.116129
0.610503 -0.160135 0.116129
0.610503 -0.169923 0.116129
0.630351 -0.174815 0.149941
0.610485 0.0551841 0.111299
0.610486 0.0453968 0.111299
0.610487 0.0356096 0.111299
0.610488 0.0209287 0.111299
0.744472 -0.174805 0.0774867
0.610489 0.0160351 0.111299
0.640265 -0.0524732 0.198243
0.610489 0.0111415 0.111299
0.610489 0.00624784 0.111299
0.625381 -0.0720489 0.198243
0.694846 -0.0720434 0.0678262
0.61049 -0.0035394 0.111299
0.610491 -0.00843302 0.111299
0.625389 -0.174815 0.111299
0.610491 -0.0182203 0.111299
0.610502 -0.155242 0.106468
0.675007 -0.174811 0.101638
0.759342 0.0258342 0.0678262
0.640273 -0.160133 0.198243
0.610492 -0.0231139 0.111299
0.610492 -0.0329011 0.111299
0.610493 -0.0426884 0.111299
0.610499 -0.111199 0.13545
0.754396 -0.174805 0.159601
0.704778 -0.174809 0.0968077
0.610494 -0.047582 0.111299
0.610494 -0.0573692 0.111299
0.635309 -0.125878 0.0678262
0.610495 -0.0622629 0.111299
0.769278 -0.135655 0.0774867
0.645236 -0.174813 0.198243
0.610496 -0.0818373 0.111299
0.610497 -0.086731 0.111299
0.610497 -0.0916246 0.111299
0.610498 -0.0965182 0.111299
0.764317 -0.145442 0.198243
0.759341 0.0356214 0.198243
0.670045 -0.174811 0.0968077
0.630333 0.0551856 0.188583
0.769278 -0.135655 0.125789
0.610499 -0.116093 0.111299
0.6105 -0.12588 0.111299
0.6105 -0.130774 0.111299
0.610501 -0.145454 0.111299
0.610503 -0.160135 0.111299
0.610485 0.0551841 0.106468
0.610502 -0.150348 0.106468
0.610486 0.0502904 0.106468
0.670033 -0.0231092 0.0678262
0.655148 -0.028004 0.198243
0.610486 0.0453968 0.106468
0.610487 0.0405032 0.106468
0.64027 -0.111197 0.0678262
0.610487 0.0356096 0.106468
0.610488 0.0209287 0.106468
0.729585 -0.145445 0.198243
0.610489 0.0111415 0.106468
0.610489 0.00624784 0.106468
0.739511 -0.174806 0.116129
0.610492 -0.0280075 0.106468
0.610499 -0.116093 0.149941
0.645236 -0.174813 0.0968077
0.729576 -0.0328917 0.198243
0.714684 0.0502987 0.0678262
0.719661 -0.145446 0.0678262
0.610492 -0.0329011 0.106468
0.610493 -0.0377947 0.106468
0.610493 -0.0426884 0.106468
0.754396 -0.174805 0.14511
0.704778 -0.174809 0.101638
0.645232 -0.120984 0.0678262
0.63531 -0.135665 0.198243
0.71966 -0.130765 0.198243
0.610495 -0.0622629 0.106468
0.670029 0.0307207 0.0678262
0.714684 0.0502987 0.198243
0.719661 -0.145446 0.198243
0.610496 -0.0769437 0.106468
0.610497 -0.086731 0.106468
0.610497 -0.0916246 0.106468
0.769274 -0.0769311 0.0919775
0.610498 -0.101412 0.106468
0.610498 -0.106305 0.106468
0.610499 -0.111199 0.106468
0.630333 0.0551856 0.149941
0.670031 0.00135895 0.0678262
0.610499 -0.116093 0.106468
0.719663 -0.174807 0.0919775
0.610499 -0.120986 0.106468
0.6105 -0.12588 0.106468
0.610501 -0.140561 0.106468
0.610503 -0.165029 0.106468
0.610504 -0.174816 0.106468
0.610486 0.0502904 0.101638
0.610486 0.0453968 0.101638
0.670045 -0.174811 0.164431
0.610487 0.0405032 0.101638
0.754387 -0.0573578 0.198243
0.610489 0.0111415 0.101638
0.61049 0.00135422 0.101638
0.610496 -0.0818373 0.101638
0.769278 -0.135655 0.0678262
0.645236 -0.174813 0.188583
0.61049 -0.0035394 0.101638
0.610491 -0.00843302 0.101638
0.625389 -0.174815 0.154771
0.665065 0.0551884 0.082317
0.610491 -0.0133266 0.101638
0.615448 0.0502908 0.198243
0.620424 -0.135666 0.198243
0.610491 -0.0182203 0.101638
0.645236 -0.165026 0.198243
0.759358 -0.174804 0.14028
0.675007 -0.174811 0.120959
0.610492 -0.0231139 0.101638
0.769274 -0.0867183 0.14028
0.714685 0.0307242 0.198243
0.610492 -0.0329011 0.101638
0.610493 -0.0377947 0.101638
0.610493 -0.0426884 0.101638
0.684924 -0.0916187 0.0678262
0.610494 -0.0524756 0.101638
0.610495 -0.0622629 0.101638
0.714684 0.0405115 0.198243
0.610495 -0.0671565 0.101638
0.610496 -0.0720501 0.101638
0.769272 -0.0573566 0.120959
0.610497 -0.086731 0.101638
0.610498 -0.0965182 0.101638
0.769274 -0.0769311 0.0871472
0.754396 -0.174805 0.193413
0.610498 -0.101412 0.101638
0.670027 0.0551888 0.198243
0.759358 -0.174804 0.106468
0.610499 -0.111199 0.101638
0.610499 -0.120986 0.101638
0.729583 -0.120977 0.0678262
0.6105 -0.130774 0.101638
0.610502 -0.150348 0.101638
0.610502 -0.155242 0.101638
0.610503 -0.160135 0.101638
0.610503 -0.165029 0.101638
0.610503 -0.169923 0.101638
0.630351 -0.174815 0.14028
0.610485 0.0551841 0.0968077
0.670033 -0.0231092 0.198243
0.610486 0.0453968 0.0968077
0.694838 0.025829 0.198243
0.709724 0.0209366 0.198243
0.754391 -0.116081 0.0678262
0.610487 0.0405032 0.0968077
0.610499 -0.111199 0.0726565
0.699816 -0.174809 0.0968077
0.610487 0.0356096 0.0968077
0.635313 -0.174814 0.125789
0.610487 0.0307159 0.0968077
0.61049 0.00135422 0.0968077
0.61049 -0.0035394 0.0968077
0.610491 -0.00843302 0.0968077
0.625389 -0.174815 0.14511
0.665065 0.0551884 0.0871472
0.640267 -0.0769413 0.198243
0.610491 -0.0133266 0.0968077
0.610492 -0.0231139 0.0968077
0.709732 -0.0818294 0.198243
0.684931 -0.17481 0.101638
0.610492 -0.0280075 0.0968077
0.769274 -0.0867183 0.13545
0.610492 -0.0329011 0.0968077
0.610493 -0.0377947 0.0968077
0.610494 -0.0524756 0.0968077
0.610494 -0.0573692 0.0968077
0.610495 -0.0622629 0.0968077
0.719661 -0.140552 0.0678262
0.610495 -0.0671565 0.0968077
0.610499 -0.116093 0.0726565
0.754393 -0.140549 0.0678262
0.645236 -0.174813 0.183752
0.610496 -0.0818373 0.0968077
0.610498 -0.106305 0.0968077
0.610499 -0.120986 0.0968077
0.615463 -0.145454 0.198243
0.6105 -0.12588 0.0968077
0.74446 -0.0182096 0.198243
0.660122 -0.174812 0.154771
0.610501 -0.135667 0.0968077
0.610501 -0.140561 0.0968077
0.610502 -0.150348 0.0968077
0.675007 -0.174811 0.116129
0.610502 -0.155242 0.0968077
0.610503 -0.160135 0.0968077
0.610504 -0.174816 0.0968077
0.610487 0.0356096 0.0919775
0.610487 0.0307159 0.0919775
0.709722 0.0551919 0.14028
0.610488 0.0258223 0.0919775
0.729587 -0.174807 0.188583
0.610489 0.0160351 0.0919775
0.610489 0.0111415 0.0919775
0.610491 -0.00843302 0.0919775
0.665065 0.0551884 0.0919775
0.610491 -0.0133266 0.0919775
0.610491 -0.0182203 0.0919775
0.675007 -0.174811 0.106468
0.610492 -0.0231139 0.0919775
0.610493 -0.0377947 0.0919775
0.610493 -0.0426884 0.0919775
0.76432 -0.174804 0.106468
0.675003 -0.120981 0.198243
0.754395 -0.165017 0.0678262
0.610494 -0.047582 0.0919775
0.610494 -0.0524756 0.0919775
0.610494 -0.0573692 0.0919775
0.729575 -0.0182108 0.198243
0.610495 -0.0622629 0.0919775
0.610495 -0.0671565 0.0919775
0.610496 -0.0720501 0.0919775
0.610496 -0.0769437 0.0919775
0.610499 -0.116093 0.0678262
0.645236 -0.174813 0.178922
0.679961 -0.0769382 0.198243
0.610496 -0.0818373 0.0919775
0.769272 -0.0573566 0.125789
0.610497 -0.086731 0.0919775
0.610497 -0.0916246 0.0919775
0.610498 -0.0965182 0.0919775
0.769274 -0.0769311 0.082317
0.610498 -0.101412 0.0919775
0.610498 -0.106305 0.0919775
0.699816 -0.174809 0.0919775
0.610499 -0.111199 0.0919775
0.630333 0.0551856 0.14511
0.769278 -0.135655 0.13062
0.610496 -0.0818373 0.0678262
0.645236 -0.174813 0.154771
0.610499 -0.116093 0.0919775
0.6105 -0.12588 0.0919775
0.660122 -0.174812 0.159601
0.6105 -0.130774 0.0919775
0.610501 -0.140561 0.0919775
0.675007 -0.174811 0.0871472
0.610502 -0.155242 0.0919775
0.694836 0.0551908 0.120959
0.610503 -0.165029 0.0919775
0.610503 -0.169923 0.0919775
0.66011 -0.0280036 0.0678262
0.769265 0.0258349 0.0678262
0.610486 0.0453968 0.0871472
0.610487 0.0405032 0.0871472
0.610487 0.0356096 0.0871472
0.645236 -0.16992 0.0678262
0.635313 -0.174814 0.13545
0.709726 0.00136211 0.198243
0.739492 0.0551943 0.198243
0.610489 0.0111415 0.0871472
0.610489 0.00624784 0.0871472
0.660114 -0.0769398 0.0678262
0.709723 0.0405111 0.198243
0.61049 -0.0035394 0.0871472
0.610491 -0.00843302 0.0871472
0.610492 -0.0231139 0.0871472
0.769274 -0.0867183 0.125789
0.610492 -0.0329011 0.0871472
0.69485 -0.12098 0.0678262
0.610494 -0.0524756 0.0871472
0.65516 -0.169919 0.0678262
0.610494 -0.0573692 0.0871472
0.610495 -0.0671565 0.0871472
0.610496 -0.0769437 0.0871472
0.65018 0.0551872 0.149941
0.714702 -0.174808 0.149941
0.620427 -0.174815 0.169262
0.610497 -0.086731 0.0871472
0.610497 -0.0916246 0.0871472
0.610498 -0.0965182 0.0871472
0.640264 -0.0475796 0.198243
0.670045 -0.174811 0.120959
0.610498 -0.101412 0.0871472
0.610498 -0.106305 0.0871472
0.759358 -0.174804 0.0726565
0.699816 -0.174809 0.0871472
0.610499 -0.111199 0.0871472
0.630333 0.0551856 0.164431
0.769278 -0.135655 0.149941
0.645236 -0.174813 0.174092
0.610496 -0.0818373 0.0871472
0.610499 -0.116093 0.0871472
0.610499 -0.120986 0.0871472
0.615455 -0.0377944 0.198243
0.6105 -0.12588 0.0871472
0.615463 -0.145454 0.0678262
0.6105 -0.130774 0.0871472
0.610501 -0.135667 0.0871472
0.610501 -0.140561 0.0871472
0.610502 -0.155242 0.0871472
0.694836 0.0551908 0.14028
0.610503 -0.165029 0.0871472
0.610487 0.0405032 0.082317
0.759358 -0.174804 0.154771
0.699816 -0.174809 0.159601
0.610488 0.0258223 0.082317
0.610489 0.0160351 0.106468
0.729587 -0.174807 0.178922
0.744472 -0.174805 0.111299
0.610489 0.0160351 0.082317
0.660121 -0.169919 0.0678262
0.610489 0.0111415 0.082317
0.610489 0.00624784 0.082317
0.610491 -0.0133266 0.082317
0.610491 -0.0182203 0.082317
0.610493 -0.0426884 0.082317
0.76432 -0.174804 0.0968077
0.610494 -0.047582 0.082317
0.660116 -0.0965143 0.198243
0.694854 -0.174809 0.13545
0.610495 -0.0671565 0.082317
0.610498 -0.0965182 0.082317
0.769274 -0.0769311 0.116129
0.610498 -0.101412 0.082317
0.679961 -0.0720446 0.198243
0.759358 -0.174804 0.13545
0.610499 -0.111199 0.082317
0.610499 -0.116093 0.082317
0.610499 -0.120986 0.082317
0.6105 -0.130774 0.082317
0.615462 -0.12588 0.0678262
0.610501 -0.135667 0.082317
0.610501 -0.140561 0.082317
0.610501 -0.145454 0.082317
0.610502 -0.150348 0.082317
0.610503 -0.165029 0.082317
0.729569 0.0502999 0.198243
0.610504 -0.174816 0.082317
0.74447 -0.150337 0.0678262
0.610487 0.0405032 0.0774867
0.709722 0.0551919 0.154771
0.670038 -0.0867262 0.198243
0.610488 0.0258223 0.0774867
0.640274 -0.165027 0.0678262
0.729587 -0.174807 0.183752
0.610489 0.0160351 0.101638
0.744472 -0.174805 0.116129
0.610489 0.0160351 0.0774867
0.610489 0.0111415 0.0774867
0.61049 -0.0035394 0.0774867
0.610491 -0.0133266 0.0774867
0.675004 -0.130768 0.198243
0.610492 -0.0231139 0.0774867
0.615447 0.0551844 0.183752
0.610493 -0.0377947 0.0774867
0.76432 -0.174804 0.0919775
0.610494 -0.047582 0.0774867
0.610494 -0.0573692 0.0774867
0.645233 -0.130771 0.198243
0.610496 -0.0720501 0.0774867
0.610496 -0.0769437 0.0774867
0.620427 -0.174815 0.178922
0.610497 -0.086731 0.0774867
0.610497 -0.0916246 0.0774867
0.610498 -0.106305 0.0774867
0.699816 -0.174809 0.13545
0.759358 -0.174804 0.13062
0.610499 -0.111199 0.0774867
0.769278 -0.135655 0.14511
0.645236 -0.174813 0.169262
0.610496 -0.0818373 0.082317
0.610499 -0.116093 0.0774867
0.6105 -0.12588 0.0774867
0.610502 -0.150348 0.0774867
0.610503 -0.160135 0.0774867
0.729579 -0.0769342 0.198243
0.610486 0.0453968 0.0726565
0.70476 0.0551915 0.120959
0.610488 0.0209287 0.0726565
0.709723 0.0307238 0.198243
0.610489 0.00624784 0.0726565
0.739511 -0.174806 0.106468
0.61049 -0.0035394 0.0726565
0.610491 -0.0133266 0.0726565
0.759346 -0.0279957 0.0678262
0.610492 -0.0280075 0.0726565
0.610492 -0.0329011 0.0726565
0.610494 -0.0524756 0.0726565
0.610496 -0.0769437 0.0726565
0.769278 -0.135655 0.13545
0.645236 -0.174813 0.159601
0.610499 -0.116093 0.0968077
0.610496 -0.0818373 0.0726565
0.65018 0.0551872 0.159601
0.714702 -0.174808 0.13545
0.610497 -0.086731 0.0726565
0.754394 -0.150337 0.0678262
0.610497 -0.0916246 0.0726565
0.610498 -0.0965182 0.0726565
0.670045 -0.174811 0.111299
0.610498 -0.101412 0.0726565
0.764304 0.0160473 0.0678262
0.769281 -0.174804 0.116129
0.610498 -0.106305 0.0726565
0.610499 -0.120986 0.0726565
0.6105 -0.130774 0.0726565
0.610501 -0.135667 0.0726565
0.610495 -0.0622629 0.188583
0.660122 -0.174812 0.0968077
0.645222 0.0062506 0.198243
0.610501 -0.140561 0.0726565
0.670027 0.0551888 0.0919775
0.610501 -0.145454 0.0726565
0.675007 -0.174811 0.0919775
0.610502 -0.155242 0.0726565
0.610503 -0.160135 0.0726565
0.704767 -0.0328936 0.198243
0.610503 -0.165029 0.0726565
0.610503 -0.169923 0.0726565
0.620417 -0.0426876 0.0678262
0.630351 -0.174815 0.154771
0.684913 0.05519 0.198243
0.724625 -0.174807 0.154771
0.615466 -0.174816 0.193413
0.74942 0.00136526 0.198243
0.625389 -0.174815 0.193413
0.650182 0.0307191 0.0678262
0.684917 -0.00353348 0.0678262
0.630351 -0.174815 0.193413
0.769274 -0.0818247 0.116129
0.635313 -0.174814 0.193413
0.640275 -0.174814 0.193413
0.620427 -0.174815 0.101638
0.65516 -0.174813 0.193413
0.670045 -0.174811 0.193413
0.749416 0.0551951 0.169262
0.769267 0.0111541 0.13545
0.694854 -0.174809 0.193413
0.764317 -0.135655 0.0678262
0.675007 -0.174811 0.174092
0.714702 -0.174808 0.193413
0.769272 -0.052463 0.174092
0.719663 -0.174807 0.193413
0.754385 -0.0328897 0.198243
0.724625 -0.174807 0.193413
0.65018 0.0551872 0.13062
0.714702 -0.174808 0.154771
0.754386 -0.0524642 0.198243
0.625382 -0.0867298 0.198243
0.709727 -0.0182124 0.0678262
0.744472 -0.174805 0.101638
0.610489 0.0160351 0.0871472
0.729587 -0.174807 0.193413
0.769279 -0.150335 0.0919775
0.749434 -0.174805 0.193413
0.769274 -0.0818247 0.178922
0.759358 -0.174804 0.193413
0.749434 -0.174805 0.0919775
0.684931 -0.17481 0.174092
0.635313 -0.174814 0.188583
0.759346 -0.0231021 0.0678262
0.665084 -0.174812 0.159601
0.670045 -0.174811 0.188583
0.610502 -0.150348 0.174092
0.675007 -0.174811 0.188583
0.7147 -0.155233 0.0678262
0.689893 -0.17481 0.188583
0.769279 -0.140548 0.082317
0.665083 -0.169918 0.0678262
0.660106 0.0209326 0.0678262
0.734549 -0.174806 0.149941
0.694854 -0.174809 0.188583
0.679953 0.0258278 0.0678262
0.689878 0.00625415 0.198243
0.714687 0.0111497 0.198243
0.699816 -0.174809 0.188583
0.769272 -0.052463 0.178922
0.719663 -0.174807 0.188583
0.724625 -0.174807 0.188583
0.65018 0.0551872 0.13545
0.714702 -0.174808 0.159601
0.635313 -0.174814 0.082317
0.754396 -0.174805 0.188583
0.769274 -0.0818247 0.149941
0.759358 -0.174804 0.188583
0.665076 -0.0769394 0.0678262
0.684931 -0.17481 0.13062
0.620413 0.0111423 0.0678262
0.625389 -0.174815 0.183752
0.769274 -0.0818247 0.13545
0.635313 -0.174814 0.183752
0.729575 -0.0231044 0.198243
0.660122 -0.174812 0.183752
0.769272 -0.052463 0.188583
0.719663 -0.174807 0.183752
0.734549 -0.174806 0.183752
0.739511 -0.174806 0.183752
0.744464 -0.0671458 0.0678262
0.610498 -0.101412 0.116129
0.754396 -0.174805 0.183752
0.610491 -0.00843302 0.188583
0.76432 -0.174804 0.183752
0.769281 -0.174804 0.183752
0.625389 -0.174815 0.178922
0.769266 0.0209413 0.188583
0.650198 -0.174813 0.178922
0.660122 -0.174812 0.178922
0.665084 -0.174812 0.178922
0.670045 -0.174811 0.178922
0.749434 -0.174805 0.0871472
0.684931 -0.17481 0.178922
0.689893 -0.17481 0.178922
0.70974 -0.174808 0.178922
0.724625 -0.174807 0.178922
0.769279 -0.150335 0.082317
0.684931 -0.17481 0.0678262
0.749434 -0.174805 0.178922
0.635313 -0.174814 0.0871472
0.610498 -0.101412 0.111299
0.754396 -0.174805 0.178922
0.759358 -0.174804 0.178922
0.709734 -0.101404 0.198243
0.769281 -0.174804 0.178922
0.670045 -0.174811 0.174092
0.689893 -0.17481 0.174092
0.699816 -0.174809 0.174092
0.70974 -0.174808 0.174092
0.65018 0.0551872 0.125789
0.689877 0.0258286 0.0678262
0.714702 -0.174808 0.174092
0.729587 -0.174807 0.174092
0.734549 -0.174806 0.174092
0.739511 -0.174806 0.174092
0.640274 -0.16992 0.198243
0.744472 -0.174805 0.174092
0.759358 -0.174804 0.174092
0.769274 -0.0818247 0.0919775
0.635313 -0.174814 0.169262
0.640275 -0.174814 0.169262
0.769267 0.0111541 0.154771
0.650198 -0.174813 0.169262
0.645232 -0.11609 0.198243
0.660122 -0.174812 0.169262
0.704778 -0.174809 0.169262
0.714702 -0.174808 0.169262
0.739511 -0.174806 0.169262
0.610498 -0.101412 0.125789
0.754396 -0.174805 0.169262
0.769274 -0.0818247 0.154771
0.759358 -0.174804 0.169262
0.769281 -0.174804 0.169262
0.650181 0.0454 0.198243
0.615466 -0.174816 0.164431
0.65516 -0.174813 0.13062
0.620427 -0.174815 0.164431
0.769278 -0.125867 0.120959
0.665084 -0.174812 0.164431
0.650198 -0.174813 0.0871472
0.694854 -0.174809 0.164431
0.739511 -0.174806 0.164431
0.76432 -0.174804 0.164431
0.769281 -0.174804 0.164431
0.620427 -0.174815 0.159601
0.640275 -0.174814 0.159601
0.670045 -0.174811 0.159601
0.749416 0.0551951 0.13062
0.769267 0.0111541 0.0726565
0.694854 -0.174809 0.159601
0.704778 -0.174809 0.159601
0.630346 -0.111197 0.0678262
0.675001 -0.0916194 0.0678262
0.615466 -0.174816 0.188583
0.724625 -0.174807 0.159601
0.610504 -0.174816 0.193413
0.734549 -0.174806 0.159601
0.769274 -0.0818247 0.106468
0.635313 -0.174814 0.154771
0.640275 -0.174814 0.154771
0.749416 0.0551951 0.13545
0.694854 -0.174809 0.154771
0.704778 -0.174809 0.154771
0.739511 -0.174806 0.154771
0.749434 -0.174805 0.154771
0.699801 0.0111486 0.198243
0.769281 -0.174804 0.154771
0.620412 0.0209295 0.0678262
0.615466 -0.174816 0.149941
0.769269 -0.0231013 0.198243
0.625389 -0.174815 0.149941
0.630333 0.0551856 0.0919775
0.670031 0.0111462 0.198243
0.645236 -0.174813 0.149941
0.660122 -0.174812 0.149941
0.670045 -0.174811 0.149941
0.675007 -0.174811 0.149941
0.769271 -0.0475694 0.125789
0.679969 -0.174811 0.149941
0.689893 -0.17481 0.149941
0.699816 -0.174809 0.149941
0.675004 -0.135662 0.198243
0.729587 -0.174807 0.149941
0.769271 -0.0475694 0.0678262
0.679969 -0.174811 0.111299
0.744472 -0.174805 0.149941
0.650198 -0.174813 0.14511
0.679969 -0.174811 0.14511
0.749416 0.0551951 0.120959
0.694854 -0.174809 0.14511
0.704771 -0.0818298 0.0678262
0.749433 -0.165018 0.198243
0.704778 -0.174809 0.14511
0.739511 -0.174806 0.14511
0.769281 -0.174804 0.14511
0.625389 -0.174815 0.14028
0.635313 -0.174814 0.14028
0.640275 -0.174814 0.14028
0.769275 -0.091612 0.154771
0.645236 -0.174813 0.14028
0.620427 -0.174815 0.154771
0.714687 0.00625612 0.0678262
0.65516 -0.174813 0.14028
0.665084 -0.174812 0.14028
0.769271 -0.0475694 0.120959
0.684922 -0.0622569 0.198243
0.679969 -0.174811 0.14028
0.630336 0.011143 0.198243
0.699816 -0.174809 0.14028
0.70974 -0.174808 0.14028
0.684913 0.05519 0.0678262
0.724625 -0.174807 0.14028
0.729587 -0.174807 0.14028
0.679969 -0.174811 0.106468
0.739511 -0.174806 0.14028
0.620427 -0.174815 0.13545
0.630351 -0.174815 0.13545
0.665084 -0.174812 0.13545
0.769271 -0.0475694 0.13545
0.679969 -0.174811 0.13545
0.714695 -0.0867227 0.0678262
0.724625 -0.169913 0.0678262
0.689893 -0.17481 0.13545
0.704778 -0.174809 0.13545
0.70974 -0.174808 0.13545
0.709727 -0.0182124 0.198243
0.729587 -0.174807 0.13545
0.679969 -0.174811 0.120959
0.65019 -0.0769406 0.0678262
0.610489 0.0160351 0.169262
0.744472 -0.174805 0.13545
0.749434 -0.174805 0.13545
0.610499 -0.111199 0.159601
0.754396 -0.174805 0.13545
0.665078 -0.101407 0.198243
0.704778 -0.174809 0.120959
0.729586 -0.165019 0.198243
0.76432 -0.174804 0.13545
0.769281 -0.174804 0.13545
0.65516 -0.174813 0.116129
0.620427 -0.174815 0.13062
0.635313 -0.174814 0.13062
0.665084 -0.174812 0.13062
0.670045 -0.174811 0.13062
0.769271 -0.0475694 0.13062
0.679969 -0.174811 0.13062
0.689893 -0.17481 0.13062
0.694854 -0.174809 0.13062
0.694839 0.0209354 0.198243
0.704778 -0.174809 0.13062
0.729587 -0.174807 0.13062
0.769271 -0.0475694 0.14511
0.615452 -0.00353901 0.198243
0.679969 -0.174811 0.116129
0.739511 -0.174806 0.13062
0.749434 -0.174805 0.13062
0.76432 -0.174804 0.13062
0.615466 -0.174816 0.125789
0.684915 0.0258282 0.0678262
0.739496 0.0111517 0.198243
0.610492 -0.0280075 0.0871472
0.640275 -0.174814 0.125789
0.620427 -0.174815 0.14511
0.65516 -0.174813 0.125789
0.675007 -0.174811 0.125789
0.679969 -0.174811 0.125789
0.689893 -0.17481 0.125789
0.699816 -0.174809 0.125789
0.704778 -0.174809 0.125789
0.754396 -0.174805 0.120959
0.65018 0.0551872 0.174092
0.714693 -0.0622546 0.198243
0.714702 -0.174808 0.125789
0.610497 -0.0916246 0.169262
0.719663 -0.174807 0.125789
0.684913 0.05519 0.13062
0.724625 -0.174807 0.125789
0.729587 -0.174807 0.125789
0.744472 -0.174805 0.125789
0.620409 0.0551848 0.188583
0.769281 -0.174804 0.125789
0.724625 -0.174807 0.082317
0.714693 -0.0720418 0.198243
0.615466 -0.174816 0.120959
0.620427 -0.174815 0.120959
0.635313 -0.174814 0.120959
0.620427 -0.174815 0.125789
0.65516 -0.174813 0.120959
0.660122 -0.174812 0.120959
0.665084 -0.174812 0.120959
0.694854 -0.174809 0.120959
0.724613 -0.0182112 0.198243
0.70974 -0.174808 0.120959
0.620413 0.00135501 0.198243
0.714702 -0.174808 0.120959
0.729587 -0.174807 0.120959
0.734549 -0.174806 0.120959
0.744472 -0.174805 0.120959
0.749434 -0.174805 0.120959
0.759358 -0.174804 0.120959
0.630338 -0.0133251 0.0678262
0.630346 -0.116091 0.198243
0.615466 -0.174816 0.116129
0.714686 0.0258306 0.198243
0.719663 -0.169914 0.198243
0.65516 -0.174813 0.178922
0.620427 -0.174815 0.116129
0.699816 -0.174809 0.183752
0.635313 -0.174814 0.116129
0.660122 -0.174812 0.116129
0.679956 -0.0133211 0.0678262
0.6353 -0.0182183 0.198243
0.665084 -0.174812 0.116129
0.689893 -0.17481 0.116129
0.694854 -0.174809 0.116129
0.670027 0.0551888 0.193413
0.610499 -0.111199 0.0678262
0.699816 -0.174809 0.116129
0.704778 -0.174809 0.116129
0.70974 -0.174808 0.116129
0.65018 0.0551872 0.169262
0.689877 0.0258286 0.198243
0.714702 -0.174808 0.116129
0.684913 0.05519 0.14028
0.724625 -0.174807 0.116129
0.729572 0.0160445 0.0678262
0.684931 -0.17481 0.149941
0.749434 -0.174805 0.116129
0.620422 -0.106305 0.198243
0.610494 -0.047582 0.101638
0.76432 -0.174804 0.116129
0.610492 -0.0280075 0.0774867
0.640275 -0.174814 0.111299
0.660122 -0.174812 0.111299
0.620421 -0.0916238 0.0678262
0.665084 -0.174812 0.111299
0.674999 -0.0769386 0.198243
0.749424 -0.0475709 0.0678262
0.694854 -0.174809 0.111299
0.65018 0.0551872 0.188583
0.714702 -0.174808 0.111299
0.63531 -0.145452 0.0678262
0.630333 0.0453984 0.0678262
0.610497 -0.0916246 0.149941
0.719663 -0.174807 0.111299
0.684913 0.05519 0.14511
0.724625 -0.174807 0.111299
0.734549 -0.174806 0.111299
0.684931 -0.17481 0.154771
0.749434 -0.174805 0.111299
0.76432 -0.174804 0.111299
0.615466 -0.174816 0.106468
0.610495 -0.0622629 0.178922
0.660122 -0.174812 0.106468
0.724619 -0.101403 0.198243
0.689893 -0.17481 0.106468
0.769266 0.0160477 0.198243
0.694854 -0.174809 0.106468
0.759358 -0.174804 0.101638
0.699816 -0.174809 0.106468
0.704778 -0.174809 0.106468
0.714701 -0.169914 0.0678262
0.70974 -0.174808 0.106468
0.65018 0.0551872 0.178922
0.714702 -0.174808 0.106468
0.684913 0.05519 0.149941
0.724625 -0.174807 0.106468
0.734549 -0.174806 0.106468
0.719657 -0.0965095 0.198243
0.684931 -0.17481 0.14028
0.749434 -0.174805 0.106468
0.769267 0.0111541 0.0871472
0.694854 -0.174809 0.149941
0.650198 -0.174813 0.101638
0.610495 -0.0622629 0.174092
0.660122 -0.174812 0.101638
0.665084 -0.174812 0.101638
0.670045 -0.174811 0.101638
0.769271 -0.0475694 0.0774867
0.679969 -0.174811 0.101638
0.61546 -0.106305 0.198243
0.699816 -0.174809 0.101638
0.70974 -0.174808 0.101638
0.714702 -0.174808 0.101638
0.724608 0.0454059 0.198243
0.724625 -0.174807 0.101638
0.665071 -0.0133223 0.0678262
0.729587 -0.174807 0.101638
0.734549 -0.174806 0.101638
0.684931 -0.17481 0.14511
0.749434 -0.174805 0.101638
0.610499 -0.111199 0.198243
0.754396 -0.174805 0.101638
0.769281 -0.174804 0.101638
0.615466 -0.174816 0.0968077
0.684931 -0.17481 0.0968077
0.689893 -0.17481 0.0968077
0.615466 -0.174816 0.13062
0.625388 -0.160134 0.198243
0.724625 -0.174807 0.0968077
0.729587 -0.174807 0.0968077
0.739511 -0.174806 0.0968077
0.66507 -0.00842868 0.198243
0.744472 -0.174805 0.0968077
0.754396 -0.174805 0.0968077
