{
  "R": [
    [
      2.9661895008206764e-05,
      -0.9847645202763393,
      0.17389318193961398
    ],
    [
      -0.999999997488627,
      -1.8017259073408692e-05,
      6.854286817172054e-05
    ],
    [
      -6.436550618338335e-05,
      -0.17389318353601466,
      -0.9847645183376542
    ]
  ],
  "t": [
    0.404114087675207,
    -8.944318690576951e-05,
    0.5796524763889346
  ],
  "note": "44.crate_scan_setup_variable_box_count.py\uc758 '\ud06c\ub808\uc774\ud2b8 \uc2a4\uce94' \uc2a4\uce94 \uc790\uc138 \uc804\uc6a9. \ud314\uc774 \uc774 \uc790\uc138\ub97c \ubc97\uc5b4\ub098\uba74 \ubb34\ud6a8.",
  "measured_base_pos": [
    0.9000070095062256,
    -0.5504028797149658,
    0.4199989438056946
  ],
  "measured_base_quat": [
    0.7071331180318334,
    0.0005608791252492579,
    -0.000550507451397248,
    0.7070800066037294
  ],
  "measured_camera_pos": [
    0.9001352787017822,
    -0.14720036089420319,
    1.0002858638763428
  ],
  "measured_camera_quat": [
    0.99611496925354,
    0.08806250989437103,
    3.7373032682808116e-05,
    -2.6060573873110116e-05
  ],
  "ik_convergence_error_m": 0.002705597910843217,
  "camera_alignment": 0.9999878250772184
}