{
  "R": [
    [
      -0.008527193613021686,
      -0.8809316035631262,
      0.4731667748403149
    ],
    [
      -0.9999632822300767,
      0.007913992798905858,
      -0.003286778001448212
    ],
    [
      -0.0008492118333959809,
      -0.4731774282039223,
      -0.8809667418680366
    ]
  ],
  "t": [
    0.11072429907901302,
    -0.0015174519552987938,
    0.7683331795689011
  ],
  "note": "35.crate_scan_setup.py\uc758 '\ud14c\uc774\ube14 \uc2a4\uce94 8(az=0deg,tilt=28deg)' \uc2a4\uce94 \uc790\uc138 \uc804\uc6a9. \ud314\uc774 \uc774 \uc790\uc138\ub97c \ubc97\uc5b4\ub098\uba74 \ubb34\ud6a8.",
  "measured_base_pos": [
    3.2465904951095585e-06,
    -0.550336480140686,
    0.41999951004981995
  ],
  "measured_base_quat": [
    0.7071318116571836,
    0.0005542394938275026,
    -0.0005510263145295675,
    0.7070813179055245
  ],
  "measured_camera_pos": [
    0.0015320541569963098,
    -0.4408133924007416,
    1.1885048151016235
  ],
  "measured_camera_quat": [
    0.9695848226547241,
    0.2447172999382019,
    -0.0006315782084129751,
    -0.004274067468941212
  ],
  "ik_convergence_error_m": 0.011192334997844324,
  "camera_alignment": 0.9998707373664524
}