{
  "R": [
    [
      0.9992224524108053,
      0.03552017485277115,
      -0.017113983469974565
    ],
    [
      0.039307130498717216,
      -0.8634558325747872,
      0.5028906994658026
    ],
    [
      0.0030855888900311614,
      -0.5031723466490783,
      -0.8641805788427179
    ]
  ],
  "t": [
    -0.009678820929317536,
    0.21907065206960047,
    0.8267792084242138
  ],
  "note": "88.cart_scan_holonomic.py\uac00 \ub9cc\ub4e0 \uace0\uc815 \uce74\ud2b8 \uc2a4\uce94 \uc790\uc138(SCAN_POSE, eye/look_at \uae30\ud558\ud559\uc801 30.0deg \ud2f8\ud2b8) \uc804\uc6a9. \ud314\uc774 \uc774 \uc790\uc138\ub97c \ubc97\uc5b4\ub098\uba74 \ubb34\ud6a8 - \uc7ac\uce21\uc815 \ud544\uc694.",
  "measured_base_pos": [
    0.6585796475410461,
    -0.00018037545669358224,
    0.5479051527678966
  ],
  "measured_base_quat": [
    0.7202801704406738,
    -0.0011144323507323861,
    0.0010879880283027887,
    0.693681538105011
  ],
  "measured_camera_pos": [
    0.4393174946308136,
    0.0009620919008739293,
    1.3746894598007202
  ],
  "measured_camera_quat": [
    0.6820958256721497,
    0.18410809338092804,
    0.18444111943244934,
    0.6832503080368042
  ],
  "scan_tilt_from_vertical_deg": 30.0
}