{
  "R": [
    [
      -0.000814444939866218,
      -0.9840003273588169,
      0.17816479011628952
    ],
    [
      -0.9999996051932774,
      0.0007380986127745264,
      -0.0004947966523976029
    ],
    [
      0.00035537688350518993,
      -0.17816512276026242,
      -0.9840005400095527
    ]
  ],
  "t": [
    0.3565888596139514,
    -0.008907636840032944,
    0.6831039755073245
  ],
  "note": "32.box_table_scan_setup.py\uac00 \ub9cc\ub4e0 \uace0\uc815 \uc2a4\uce94 \uc790\uc138 \uc804\uc6a9. \ud314\uc774 \uc774 \uc790\uc138\ub97c \ubc97\uc5b4\ub098\uba74 \ubb34\ud6a8 - \uc7ac\uce21\uc815 \ud544\uc694.",
  "measured_base_pos": [
    3.2465904951095585e-06,
    -0.550336480140686,
    0.41999951004981995
  ],
  "measured_base_quat": [
    0.7071318116571836,
    0.0005542394938275026,
    -0.0005510263145295675,
    0.7070813179055245
  ],
  "measured_camera_pos": [
    0.008939414285123348,
    -0.1948164403438568,
    1.103659987449646
  ],
  "measured_camera_quat": [
    0.995921790599823,
    0.09021932631731033,
    -0.00021402453421615064,
    -0.00042562902672216296
  ],
  "ik_convergence_error_m": 0.15395809910036415,
  "camera_alignment": 0.9959244828100022
}