{
  "R": [
    [
      0.9963811559176367,
      0.07135511047978027,
      -0.04618373509256349
    ],
    [
      0.0848868584361898,
      -0.863031073453482,
      0.49796735143143805
    ],
    [
      -0.004325469315271584,
      -0.5000857154257126,
      -0.8659651032143558
    ]
  ],
  "t": [
    -0.024110613780520016,
    0.4110899942062577,
    0.5491511853737352
  ],
  "note": "88.cart_scan_holonomic.py\uac00 \ub9cc\ub4e0 \uc2a4\uce94 \uae30\uc900(\uc911\uc559) \uc790\uc138 \uc804\uc6a9(\ub808\uac70\uc2dc \ub2e8\uc77c \ud504\ub808\uc784 \uacbd\ub85c\uc6a9). \ud314/\ubca0\uc774\uc2a4\uac00 \uc774 \uc790\uc138\ub97c \ubc97\uc5b4\ub098\uba74 \ubb34\ud6a8 - \uc7ac\uce21\uc815 \ud544\uc694. \ub2e4\uc911 \uc2dc\uc810 \ud30c\uc774\ud504\ub77c\uc778\uc740 scan_cache/merged_cart_scan.npy\ub97c \uc9c1\uc811 \uc4f4\ub2e4.",
  "measured_base_pos": [
    0.7257197499275208,
    0.015657128766179085,
    0.6783672724962235
  ],
  "measured_base_quat": [
    0.7396620512008667,
    1.464025081077125e-05,
    0.00012129490642109886,
    0.6729784607887268
  ],
  "measured_camera_pos": [
    0.3142958879470825,
    0.03045615926384926,
    1.2275983095169067
  ],
  "measured_camera_quat": [
    0.686575710773468,
    0.18245045840740204,
    0.18379069864749908,
    0.6793721914291382
  ],
  "scan_tilt_from_vertical_deg": 30.0
}